trial_id,trial_mode,algorithm,comm_model,comm_level,grid_size,grid_cells,robot_count,target_count,condition_id,scenario_file,robot_id,steps_total,targets_found,task_cell_revisits,unique_cells_contributed,system_revisits_by_robot,task_cell_replans,path_replans,collision_prevention_events,blocked_task_quarantines,blocked_task_quarantine_time_s,maximum_quarantine_level,stall_recoveries,messages_sent,core_messages_sent,allocation_messages_sent,messages_delivered_to_robot,messages_dropped_to_robot,allocator_calls,allocator_time_ms_total,allocator_time_ms_mean,allocator_time_ms_median,allocator_time_ms_p95,allocator_time_ms_max,allocator_solve_time_ms_total,allocator_solve_time_ms_mean,allocator_solve_time_ms_median,allocator_solve_time_ms_p95,allocator_solve_time_ms_max,candidate_filter_calls,candidate_filter_time_ms_total,candidate_filter_time_ms_mean,candidate_filter_time_ms_median,candidate_filter_time_ms_p95,candidate_filter_time_ms_max,trial_status,failure_type,failure_message,targets_completed
0,known_visit,ACBBA,ideal,1.0,34,1156,14,10,acbba_g34_d85_ideal,reruns\grid_density\scenarios\cv\known_visit_grid34_targets10_trials50.csv,00,11,0,0,12,0,0,0,0,0,0.0,0,0,89,26,63,1291,0,96,67.4883,0.703003125,0.67855,0.8618,1.3431,13.3386,0.13894375,0.1226,0.237,0.3232,96,54.1497,0.564059375,0.55175,0.6594,1.1061,completed,,,
0,known_visit,ACBBA,ideal,1.0,34,1156,14,10,acbba_g34_d85_ideal,reruns\grid_density\scenarios\cv\known_visit_grid34_targets10_trials50.csv,01,5,0,0,6,0,2,0,0,0,0.0,0,0,86,15,71,1294,0,117,83.0273,0.7096350427350427,0.6687,0.9233,1.1094,17.6021,0.15044529914529914,0.1346,0.2721,0.4943,117,65.4252,0.5591897435897436,0.5513,0.6539,0.819,completed,,,
0,known_visit,ACBBA,ideal,1.0,34,1156,14,10,acbba_g34_d85_ideal,reruns\grid_density\scenarios\cv\known_visit_grid34_targets10_trials50.csv,02,20,2,0,21,0,1,0,0,0,0.0,0,0,103,42,61,1277,0,66,45.3287,0.6867984848484848,0.6577500000000001,0.8693,1.1585,9.0586,0.13725151515151515,0.11674999999999999,0.2867,0.5024,66,36.2701,0.5495469696969697,0.5388,0.6395,0.6877,completed,,,
0,known_visit,ACBBA,ideal,1.0,34,1156,14,10,acbba_g34_d85_ideal,reruns\grid_density\scenarios\cv\known_visit_grid34_targets10_trials50.csv,03,35,2,0,36,0,2,0,0,0,0.0,0,0,135,72,63,1245,0,20,14.4132,0.72066,0.6187499999999999,1.0655,1.0989,3.4611,0.17305500000000001,0.10250000000000001,0.4651,0.4756,20,10.9521,0.547605,0.5318499999999999,0.6305,0.6709,completed,,,
0,known_visit,ACBBA,ideal,1.0,34,1156,14,10,acbba_g34_d85_ideal,reruns\grid_density\scenarios\cv\known_visit_grid34_targets10_trials50.csv,04,5,0,0,6,0,2,0,0,0,0.0,0,0,80,12,68,1300,0,117,83.6114,0.7146273504273505,0.6805,0.8855,1.2778,17.1999,0.1470076923076923,0.132,0.214,0.5483,117,66.4115,0.5676196581196582,0.5589,0.6829,0.8902,completed,,,
0,known_visit,ACBBA,ideal,1.0,34,1156,14,10,acbba_g34_d85_ideal,reruns\grid_density\scenarios\cv\known_visit_grid34_targets10_trials50.csv,05,11,0,0,12,0,2,0,0,0,0.0,0,0,90,25,65,1290,0,97,69.6805,0.7183556701030928,0.6759,0.9202,1.1412,14.5781,0.15028969072164947,0.1279,0.2695,0.4875,97,55.1024,0.5680659793814433,0.5509,0.6767,0.7598,completed,,,
0,known_visit,ACBBA,ideal,1.0,34,1156,14,10,acbba_g34_d85_ideal,reruns\grid_density\scenarios\cv\known_visit_grid34_targets10_trials50.csv,06,37,2,0,38,0,0,0,0,0,0.0,0,0,130,76,54,1251,0,13,9.8778,0.7598307692307693,0.7208,1.0681,1.0681,2.7149,0.20883846153846156,0.185,0.4379,0.4379,13,7.1629,0.5509923076923077,0.5644,0.6667,0.6667,completed,,,
0,known_visit,ACBBA,ideal,1.0,34,1156,14,10,acbba_g34_d85_ideal,reruns\grid_density\scenarios\cv\known_visit_grid34_targets10_trials50.csv,07,6,0,0,7,0,4,0,0,0,0.0,0,0,75,14,61,1305,0,115,82.2438,0.7151634782608695,0.6842,0.8916,1.1542,17.0199,0.1479991304347826,0.1333,0.2587,0.4797,115,65.2239,0.5671643478260869,0.5615,0.6713,0.7247,completed,,,
0,known_visit,ACBBA,ideal,1.0,34,1156,14,10,acbba_g34_d85_ideal,reruns\grid_density\scenarios\cv\known_visit_grid34_targets10_trials50.csv,08,5,0,0,6,0,1,0,0,0,0.0,0,0,80,13,67,1300,0,115,84.6607,0.7361800000000001,0.728,0.968,1.1379,17.9722,0.15628,0.147,0.2406,0.4766,115,66.6885,0.5799000000000001,0.5852,0.6721,0.816,completed,,,
0,known_visit,ACBBA,ideal,1.0,34,1156,14,10,acbba_g34_d85_ideal,reruns\grid_density\scenarios\cv\known_visit_grid34_targets10_trials50.csv,09,27,2,0,28,0,4,0,0,0,0.0,0,0,128,57,71,1252,0,46,32.6866,0.7105782608695652,0.653,1.0003,1.1791,7.4511,0.1619804347826087,0.1045,0.3959,0.5328,46,25.235500000000002,0.5485978260869565,0.5318,0.6463,0.6683,completed,,,
0,known_visit,ACBBA,ideal,1.0,34,1156,14,10,acbba_g34_d85_ideal,reruns\grid_density\scenarios\cv\known_visit_grid34_targets10_trials50.csv,10,11,1,0,12,0,2,0,0,0,0.0,0,0,98,26,72,1282,0,97,68.8393,0.7096835051546391,0.6791,0.8741,1.1584,14.2601,0.14701134020618556,0.1279,0.253,0.4964,97,54.5792,0.5626721649484536,0.5494,0.6458,0.7039,completed,,,
0,known_visit,ACBBA,ideal,1.0,34,1156,14,10,acbba_g34_d85_ideal,reruns\grid_density\scenarios\cv\known_visit_grid34_targets10_trials50.csv,11,6,0,0,7,0,1,0,0,0,0.0,0,0,86,17,69,1294,0,114,81.4993,0.7149061403508772,0.6838500000000001,0.8973,1.0989,16.7365,0.14681140350877192,0.1378,0.2264,0.459,114,64.7628,0.5680947368421052,0.56685,0.6635,0.8815,completed,,,
0,known_visit,ACBBA,ideal,1.0,34,1156,14,10,acbba_g34_d85_ideal,reruns\grid_density\scenarios\cv\known_visit_grid34_targets10_trials50.csv,12,23,1,0,24,0,3,0,0,0,0.0,0,0,112,48,64,1268,0,59,40.3713,0.6842593220338983,0.6504,1.103,1.1567,8.0396,0.136264406779661,0.1069,0.4543,0.5135,59,32.3317,0.5479949152542373,0.5391,0.6487,0.6908,completed,,,
0,known_visit,ACBBA,ideal,1.0,34,1156,14,10,acbba_g34_d85_ideal,reruns\grid_density\scenarios\cv\known_visit_grid34_targets10_trials50.csv,13,6,0,0,7,0,3,0,0,0,0.0,0,0,89,17,72,1291,0,114,81.9601,0.718948245614035,0.70335,0.9015,1.1794,17.1403,0.15035350877192982,0.1346,0.249,0.5329,114,64.8198,0.5685947368421053,0.5717,0.6602,0.9294,completed,,,
1,known_visit,ACBBA,ideal,1.0,34,1156,14,10,acbba_g34_d85_ideal,reruns\grid_density\scenarios\cv\known_visit_grid34_targets10_trials50.csv,00,15,0,0,16,0,0,0,0,0,0.0,0,0,80,32,48,993,0,64,42.6656,0.66665,0.6527000000000001,0.8708,1.067,8.4616,0.1322125,0.10925,0.2102,0.4779,64,34.204,0.5344375,0.54035,0.6457,0.6721,completed,,,
1,known_visit,ACBBA,ideal,1.0,34,1156,14,10,acbba_g34_d85_ideal,reruns\grid_density\scenarios\cv\known_visit_grid34_targets10_trials50.csv,01,8,0,0,9,0,2,0,0,0,0.0,0,0,77,20,57,996,0,88,60.5338,0.6878840909090909,0.6639999999999999,0.9332,1.2676,13.0083,0.14782159090909092,0.124,0.2667,0.5268,88,47.5255,0.5400625,0.55065,0.6623,0.7408,completed,,,
1,known_visit,ACBBA,ideal,1.0,34,1156,14,10,acbba_g34_d85_ideal,reruns\grid_density\scenarios\cv\known_visit_grid34_targets10_trials50.csv,02,15,1,0,16,0,1,0,0,0,0.0,0,0,78,32,46,995,0,63,41.4754,0.6583396825396826,0.6418,0.832,1.0797,8.1029,0.12861746031746032,0.1022,0.2101,0.468,63,33.3725,0.5297222222222222,0.5376,0.6385,0.6426,completed,,,
1,known_visit,ACBBA,ideal,1.0,34,1156,14,10,acbba_g34_d85_ideal,reruns\grid_density\scenarios\cv\known_visit_grid34_targets10_trials50.csv,03,17,0,0,18,0,2,0,0,0,0.0,0,0,88,38,50,985,0,60,39.7468,0.6624466666666666,0.64675,0.923,1.0672,8.1064,0.13510666666666668,0.104,0.3247,0.4714,60,31.6404,0.52734,0.53745,0.6373,0.6969,completed,,,
1,known_visit,ACBBA,ideal,1.0,34,1156,14,10,acbba_g34_d85_ideal,reruns\grid_density\scenarios\cv\known_visit_grid34_targets10_trials50.csv,04,3,0,0,4,0,2,0,0,0,0.0,0,0,61,9,52,1012,0,104,73.4407,0.706160576923077,0.66615,0.9062,1.1082,15.9076,0.15295769230769232,0.1351,0.2393,0.5124,104,57.5331,0.5532028846153846,0.5484,0.6861,0.7874,completed,,,
1,known_visit,ACBBA,ideal,1.0,34,1156,14,10,acbba_g34_d85_ideal,reruns\grid_density\scenarios\cv\known_visit_grid34_targets10_trials50.csv,05,5,0,0,6,0,1,0,0,0,0.0,0,0,63,12,51,1010,0,96,67.4274,0.7023687500000001,0.66385,0.9273,1.1557,14.5187,0.15123645833333335,0.13425,0.2539,0.5338,96,52.9087,0.5511322916666667,0.54795,0.6729,0.7329,completed,,,
1,known_visit,ACBBA,ideal,1.0,34,1156,14,10,acbba_g34_d85_ideal,reruns\grid_density\scenarios\cv\known_visit_grid34_targets10_trials50.csv,06,21,3,0,22,0,3,0,0,0,0.0,0,0,99,44,55,974,0,48,32.2305,0.67146875,0.64415,1.0728,1.2171,7.0346,0.14655416666666668,0.10339999999999999,0.4733,0.563,48,25.1959,0.5249145833333334,0.5361,0.6178,0.6541,completed,,,
1,known_visit,ACBBA,ideal,1.0,34,1156,14,10,acbba_g34_d85_ideal,reruns\grid_density\scenarios\cv\known_visit_grid34_targets10_trials50.csv,07,33,2,0,34,0,3,0,0,0,0.0,0,0,122,67,55,952,0,11,8.8479,0.8043545454545454,0.7335,1.1541,1.1541,2.794,0.254,0.1827,0.536,0.536,11,6.0539000000000005,0.5503545454545455,0.5864,0.6366,0.6366,completed,,,
1,known_visit,ACBBA,ideal,1.0,34,1156,14,10,acbba_g34_d85_ideal,reruns\grid_density\scenarios\cv\known_visit_grid34_targets10_trials50.csv,08,4,0,0,5,0,1,0,0,0,0.0,0,0,58,11,47,1015,0,99,70.7997,0.7151484848484848,0.688,0.9418,1.0846,15.2947,0.1544919191919192,0.1442,0.2637,0.4774,99,55.505,0.5606565656565656,0.5577,0.6965,0.8698,completed,,,
1,known_visit,ACBBA,ideal,1.0,34,1156,14,10,acbba_g34_d85_ideal,reruns\grid_density\scenarios\cv\known_visit_grid34_targets10_trials50.csv,09,5,0,0,6,0,2,0,0,0,0.0,0,0,60,12,48,1013,0,97,67.5539,0.6964319587628865,0.658,0.9623,1.1123,14.5894,0.1504061855670103,0.1367,0.2412,0.5049,97,52.9645,0.5460257731958763,0.5481,0.661,0.7918,completed,,,
1,known_visit,ACBBA,ideal,1.0,34,1156,14,10,acbba_g34_d85_ideal,reruns\grid_density\scenarios\cv\known_visit_grid34_targets10_trials50.csv,10,4,0,0,5,0,2,0,0,0,0.0,0,0,61,10,51,1012,0,101,71.7711,0.7106049504950496,0.6658,1.0215,1.1739,15.759,0.15602970297029703,0.1365,0.2695,0.5264,101,56.012100000000004,0.5545752475247525,0.552,0.6943,0.778,completed,,,
1,known_visit,ACBBA,ideal,1.0,34,1156,14,10,acbba_g34_d85_ideal,reruns\grid_density\scenarios\cv\known_visit_grid34_targets10_trials50.csv,11,4,0,0,5,0,0,0,0,0,0.0,0,0,53,10,43,1020,0,98,68.3941,0.6978989795918367,0.6667000000000001,0.8913,1.0554,14.2651,0.1455622448979592,0.13369999999999999,0.2303,0.4622,98,54.129,0.5523367346938776,0.5571,0.6804,0.7453,completed,,,
1,known_visit,ACBBA,ideal,1.0,34,1156,14,10,acbba_g34_d85_ideal,reruns\grid_density\scenarios\cv\known_visit_grid34_targets10_trials50.csv,12,27,3,0,28,0,3,0,0,0,0.0,0,0,113,56,57,960,0,29,20.6714,0.7128068965517241,0.6411,1.1062,1.1255,4.9411,0.17038275862068963,0.0987,0.4939,0.5095,29,15.7303,0.5424241379310345,0.5396,0.616,0.6191,completed,,,
1,known_visit,ACBBA,ideal,1.0,34,1156,14,10,acbba_g34_d85_ideal,reruns\grid_density\scenarios\cv\known_visit_grid34_targets10_trials50.csv,13,5,1,0,6,0,2,0,0,0,0.0,0,0,61,12,49,1012,0,97,67.6855,0.6977886597938144,0.6561,0.9202,1.1854,14.8083,0.15266288659793814,0.1301,0.2441,0.5849,97,52.8772,0.5451257731958763,0.5465,0.6686,0.7467,completed,,,
2,known_visit,ACBBA,ideal,1.0,34,1156,14,10,acbba_g34_d85_ideal,reruns\grid_density\scenarios\cv\known_visit_grid34_targets10_trials50.csv,00,26,1,0,27,0,2,0,0,0,0.0,0,0,127,54,73,1414,0,31,23.9024,0.7710451612903226,0.7401,1.1297,1.1615,5.2825,0.1704032258064516,0.1121,0.4827,0.5022,31,18.6199,0.600641935483871,0.6258,0.6884,0.7362,completed,,,
2,known_visit,ACBBA,ideal,1.0,34,1156,14,10,acbba_g34_d85_ideal,reruns\grid_density\scenarios\cv\known_visit_grid34_targets10_trials50.csv,01,15,0,0,16,0,0,0,0,0,0.0,0,0,102,33,69,1439,0,63,48.3015,0.7666904761904761,0.7607,0.9856,1.2688,9.6826,0.1536920634920635,0.1502,0.2446,0.5072,63,38.618900000000004,0.6129984126984127,0.6247,0.7364,0.8316,completed,,,
2,known_visit,ACBBA,ideal,1.0,34,1156,14,10,acbba_g34_d85_ideal,reruns\grid_density\scenarios\cv\known_visit_grid34_targets10_trials50.csv,02,16,1,0,17,0,1,0,0,0,0.0,0,0,106,34,72,1435,0,61,48.0747,0.7881098360655737,0.7642,1.1127,1.2646,10.3433,0.1695622950819672,0.1512,0.4701,0.6224,61,37.7314,0.6185475409836065,0.6266,0.722,0.7431,completed,,,
2,known_visit,ACBBA,ideal,1.0,34,1156,14,10,acbba_g34_d85_ideal,reruns\grid_density\scenarios\cv\known_visit_grid34_targets10_trials50.csv,03,14,1,0,14,1,1,1,1,0,0.0,0,0,107,31,76,1434,0,66,50.244,0.7612727272727273,0.745,1.1053,1.2676,10.6173,0.16086818181818183,0.1442,0.3309,0.6323,66,39.6267,0.6004045454545455,0.6194,0.7371,0.8791,completed,,,
2,known_visit,ACBBA,ideal,1.0,34,1156,14,10,acbba_g34_d85_ideal,reruns\grid_density\scenarios\cv\known_visit_grid34_targets10_trials50.csv,04,24,2,0,25,0,2,0,0,0,0.0,0,0,119,51,68,1422,0,37,29.7428,0.8038594594594595,0.749,1.1774,1.2148,6.9902,0.18892432432432432,0.1142,0.5462,0.5474,37,22.7526,0.6149351351351352,0.6293,0.7782,0.858,completed,,,
2,known_visit,ACBBA,ideal,1.0,34,1156,14,10,acbba_g34_d85_ideal,reruns\grid_density\scenarios\cv\known_visit_grid34_targets10_trials50.csv,05,31,1,0,32,0,3,0,0,0,0.0,0,0,143,64,79,1398,0,17,16.1767,0.9515705882352942,0.8848,1.2069,1.2069,5.1273,0.30160588235294117,0.217,0.5676,0.5676,17,11.0494,0.649964705882353,0.654,0.6959,0.6959,completed,,,
2,known_visit,ACBBA,ideal,1.0,34,1156,14,10,acbba_g34_d85_ideal,reruns\grid_density\scenarios\cv\known_visit_grid34_targets10_trials50.csv,06,32,2,0,33,0,4,0,0,0,0.0,0,0,144,66,78,1398,0,16,15.4309,0.96443125,0.89405,1.2268,1.2268,4.8665,0.30415625,0.22949999999999998,0.5753,0.5753,16,10.5644,0.660275,0.65465,0.7889,0.7889,completed,,,
2,known_visit,ACBBA,ideal,1.0,34,1156,14,10,acbba_g34_d85_ideal,reruns\grid_density\scenarios\cv\known_visit_grid34_targets10_trials50.csv,07,6,0,0,7,0,5,0,0,0,0.0,0,0,94,17,77,1447,0,96,76.2197,0.7939552083333333,0.7847,1.1349,1.2081,17.063,0.1777395833333333,0.1604,0.4645,0.5678,96,59.1567,0.616215625,0.63395,0.7603,0.7844,completed,,,
2,known_visit,ACBBA,ideal,1.0,34,1156,14,10,acbba_g34_d85_ideal,reruns\grid_density\scenarios\cv\known_visit_grid34_targets10_trials50.csv,08,6,0,0,7,0,1,0,0,0,0.0,0,0,88,15,73,1453,0,94,74.6297,0.7939329787234043,0.7838,1.1273,1.1945,16.2126,0.17247446808510636,0.1598,0.4021,0.5365,94,58.4171,0.6214585106382978,0.63445,0.7438,0.9785,completed,,,
2,known_visit,ACBBA,ideal,1.0,34,1156,14,10,acbba_g34_d85_ideal,reruns\grid_density\scenarios\cv\known_visit_grid34_targets10_trials50.csv,09,6,0,0,7,0,4,0,0,0,0.0,0,0,96,16,80,1445,0,97,77.5997,0.7999969072164949,0.8057,1.1297,1.1348,17.336,0.17872164948453606,0.1625,0.464,0.5121,97,60.2637,0.6212752577319588,0.6368,0.7185,0.8462,completed,,,
2,known_visit,ACBBA,ideal,1.0,34,1156,14,10,acbba_g34_d85_ideal,reruns\grid_density\scenarios\cv\known_visit_grid34_targets10_trials50.csv,10,6,0,0,7,0,5,0,0,0,0.0,0,0,94,17,77,1447,0,96,77.4789,0.807071875,0.8264,1.1246,1.1681,17.416,0.18141666666666667,0.16655,0.4756,0.5368,96,60.0629,0.6256552083333333,0.6416999999999999,0.7238,0.7833,completed,,,
2,known_visit,ACBBA,ideal,1.0,34,1156,14,10,acbba_g34_d85_ideal,reruns\grid_density\scenarios\cv\known_visit_grid34_targets10_trials50.csv,11,6,0,0,7,0,3,0,0,0,0.0,0,0,86,14,72,1455,0,94,74.0816,0.7881021276595744,0.7856,1.0204,1.1581,16.0056,0.17027234042553194,0.16035,0.3108,0.5145,94,58.076,0.6178297872340426,0.63015,0.7337,0.8992,completed,,,
2,known_visit,ACBBA,ideal,1.0,34,1156,14,10,acbba_g34_d85_ideal,reruns\grid_density\scenarios\cv\known_visit_grid34_targets10_trials50.csv,12,24,1,0,25,0,3,0,0,0,0.0,0,0,127,52,75,1414,0,38,30.8259,0.8112078947368421,0.73995,1.1788,1.4024,7.6201,0.20052894736842106,0.1128,0.5153,0.7092,38,23.2058,0.6106789473684211,0.6285000000000001,0.7001,0.7936,completed,,,
2,known_visit,ACBBA,ideal,1.0,34,1156,14,10,acbba_g34_d85_ideal,reruns\grid_density\scenarios\cv\known_visit_grid34_targets10_trials50.csv,13,13,1,0,14,0,1,0,0,0,0.0,0,0,109,30,79,1432,0,71,54.4304,0.766625352112676,0.7496,1.1297,1.1661,11.6785,0.16448591549295774,0.1497,0.4766,0.5237,71,42.7519,0.6021394366197182,0.6251,0.7366,0.8007,completed,,,
3,known_visit,ACBBA,ideal,1.0,34,1156,14,10,acbba_g34_d85_ideal,reruns\grid_density\scenarios\cv\known_visit_grid34_targets10_trials50.csv,00,8,0,0,9,0,0,0,0,0,0.0,0,0,94,21,73,1475,0,94,70.9947,0.7552627659574468,0.73705,1.1503,1.2149,13.6586,0.14530425531914892,0.13155,0.3142,0.4751,94,57.3361,0.6099585106382979,0.6048,0.8594,0.9015,completed,,,
3,known_visit,ACBBA,ideal,1.0,34,1156,14,10,acbba_g34_d85_ideal,reruns\grid_density\scenarios\cv\known_visit_grid34_targets10_trials50.csv,01,11,2,0,12,0,3,0,0,0,0.0,0,0,101,24,77,1468,0,83,59.4769,0.716589156626506,0.7265,1.066,1.4506,11.6426,0.1402722891566265,0.1198,0.3605,0.6145,83,47.8343,0.5763168674698795,0.5899,0.755,0.8512,completed,,,
3,known_visit,ACBBA,ideal,1.0,34,1156,14,10,acbba_g34_d85_ideal,reruns\grid_density\scenarios\cv\known_visit_grid34_targets10_trials50.csv,02,21,1,0,22,0,3,0,0,0,0.0,0,0,132,45,87,1437,0,53,36.0825,0.6808018867924529,0.6212,1.0772,1.159,7.5047,0.14159811320754717,0.0943,0.4716,0.5388,53,28.5778,0.5392037735849057,0.5284,0.7491,0.7613,completed,,,
3,known_visit,ACBBA,ideal,1.0,34,1156,14,10,acbba_g34_d85_ideal,reruns\grid_density\scenarios\cv\known_visit_grid34_targets10_trials50.csv,03,9,0,0,10,0,6,0,0,0,0.0,0,0,111,22,89,1458,0,94,70.651,0.7516063829787234,0.7311000000000001,1.1343,1.4407,14.5204,0.15447234042553193,0.13045,0.4207,0.537,94,56.1306,0.5971340425531915,0.5958,0.8123,0.9037,completed,,,
3,known_visit,ACBBA,ideal,1.0,34,1156,14,10,acbba_g34_d85_ideal,reruns\grid_density\scenarios\cv\known_visit_grid34_targets10_trials50.csv,04,27,2,0,27,1,2,0,0,0,0.0,0,0,135,57,78,1434,0,33,26.903200000000002,0.8152484848484849,0.7373,1.2378,1.3612,5.95,0.1803030303030303,0.1074,0.5719,0.6308,33,20.9532,0.6349454545454545,0.6351,0.784,0.7893,completed,,,
3,known_visit,ACBBA,ideal,1.0,34,1156,14,10,acbba_g34_d85_ideal,reruns\grid_density\scenarios\cv\known_visit_grid34_targets10_trials50.csv,05,14,1,0,13,2,0,0,0,0,0.0,0,0,110,30,80,1459,0,74,51.3071,0.6933391891891891,0.722,1.0725,1.2388,9.7722,0.13205675675675677,0.10385,0.323,0.5262,74,41.5349,0.5612824324324325,0.58765,0.7424,0.9219,completed,,,
3,known_visit,ACBBA,ideal,1.0,34,1156,14,10,acbba_g34_d85_ideal,reruns\grid_density\scenarios\cv\known_visit_grid34_targets10_trials50.csv,06,7,0,0,6,2,6,0,0,0,0.0,0,0,99,19,80,1470,0,96,70.3455,0.732765625,0.73105,1.1547,1.4133,14.327,0.14923958333333334,0.13240000000000002,0.4312,0.5102,96,56.0185,0.5835260416666667,0.5925,0.7753,0.9031,completed,,,
3,known_visit,ACBBA,ideal,1.0,34,1156,14,10,acbba_g34_d85_ideal,reruns\grid_density\scenarios\cv\known_visit_grid34_targets10_trials50.csv,07,6,0,0,5,2,3,0,0,0,0.0,0,0,108,17,91,1461,0,101,76.4,0.7564356435643564,0.7338,1.0751,1.2615,15.5552,0.15401188118811882,0.1329,0.4013,0.5422,101,60.8448,0.6024237623762376,0.5982,0.796,0.8825,completed,,,
3,known_visit,ACBBA,ideal,1.0,34,1156,14,10,acbba_g34_d85_ideal,reruns\grid_density\scenarios\cv\known_visit_grid34_targets10_trials50.csv,08,7,0,0,8,0,2,0,0,0,0.0,0,0,102,19,83,1467,0,97,72.8791,0.7513309278350515,0.7337,1.0792,1.3774,14.5034,0.14951958762886597,0.1327,0.3971,0.493,97,58.3757,0.6018113402061855,0.5993,0.8444,0.8962,completed,,,
3,known_visit,ACBBA,ideal,1.0,34,1156,14,10,acbba_g34_d85_ideal,reruns\grid_density\scenarios\cv\known_visit_grid34_targets10_trials50.csv,09,34,2,0,35,0,3,0,0,0,0.0,0,0,149,69,80,1421,0,13,12.5501,0.9653923076923078,1.0259,1.2622,1.2622,4.1588,0.31990769230769234,0.4234,0.5476,0.5476,13,8.3913,0.6454846153846153,0.6089,0.8056,0.8056,completed,,,
3,known_visit,ACBBA,ideal,1.0,34,1156,14,10,acbba_g34_d85_ideal,reruns\grid_density\scenarios\cv\known_visit_grid34_targets10_trials50.csv,10,9,0,0,8,2,3,0,0,0,0.0,0,0,99,24,75,1470,0,92,67.3044,0.7315695652173914,0.7273000000000001,1.0884,1.2335,13.2351,0.14385978260869564,0.11715,0.3716,0.4641,92,54.0693,0.5877097826086957,0.59285,0.7922,0.9097,completed,,,
3,known_visit,ACBBA,ideal,1.0,34,1156,14,10,acbba_g34_d85_ideal,reruns\grid_density\scenarios\cv\known_visit_grid34_targets10_trials50.csv,11,11,0,0,12,0,5,0,0,0,0.0,0,0,110,25,85,1459,0,86,62.6545,0.7285406976744185,0.727,1.1234,1.4032,12.6731,0.14736162790697674,0.11995,0.4465,0.5254,86,49.9814,0.5811790697674418,0.59265,0.7997,0.9054,completed,,,
3,known_visit,ACBBA,ideal,1.0,34,1156,14,10,acbba_g34_d85_ideal,reruns\grid_density\scenarios\cv\known_visit_grid34_targets10_trials50.csv,12,20,1,0,21,0,2,0,0,0,0.0,0,0,119,43,76,1450,0,60,44.2271,0.7371183333333333,0.6747,1.1877,1.3763,9.3889,0.15648166666666666,0.10015,0.463,0.5018,60,34.8382,0.5806366666666667,0.5533,0.7898,0.9133,completed,,,
3,known_visit,ACBBA,ideal,1.0,34,1156,14,10,acbba_g34_d85_ideal,reruns\grid_density\scenarios\cv\known_visit_grid34_targets10_trials50.csv,13,9,1,0,9,1,1,0,0,0,0.0,0,0,101,22,79,1468,0,89,64.1158,0.7204022471910112,0.7291,0.9948,1.2206,12.4486,0.13987191011235955,0.1282,0.3122,0.4849,89,51.6672,0.5805303370786516,0.5956,0.764,0.7833,completed,,,
4,known_visit,ACBBA,ideal,1.0,34,1156,14,10,acbba_g34_d85_ideal,reruns\grid_density\scenarios\cv\known_visit_grid34_targets10_trials50.csv,00,6,1,0,7,0,0,0,0,0,0.0,0,0,67,14,53,1195,0,125,100.0081,0.8000648,0.7912,1.0374,1.3639,19.9868,0.1598944,0.1507,0.2396,0.5799,125,80.0213,0.6401703999999999,0.633,0.784,0.8714,completed,,,
4,known_visit,ACBBA,ideal,1.0,34,1156,14,10,acbba_g34_d85_ideal,reruns\grid_density\scenarios\cv\known_visit_grid34_targets10_trials50.csv,01,13,0,0,14,0,1,0,0,0,0.0,0,0,83,28,55,1179,0,101,78.7464,0.7796673267326732,0.7659,0.9409,1.2463,14.8153,0.1466861386138614,0.1429,0.2385,0.4945,101,63.9311,0.6329811881188119,0.6236,0.7518,0.7902,completed,,,
4,known_visit,ACBBA,ideal,1.0,34,1156,14,10,acbba_g34_d85_ideal,reruns\grid_density\scenarios\cv\known_visit_grid34_targets10_trials50.csv,02,27,2,0,26,2,3,0,0,0,0.0,0,0,114,56,58,1148,0,59,45.9698,0.7791491525423728,0.734,1.2465,1.3636,9.0836,0.1539593220338983,0.1092,0.5011,0.585,59,36.8862,0.6251898305084747,0.6161,0.7563,0.8891,completed,,,
4,known_visit,ACBBA,ideal,1.0,34,1156,14,10,acbba_g34_d85_ideal,reruns\grid_density\scenarios\cv\known_visit_grid34_targets10_trials50.csv,03,42,2,0,43,0,2,0,0,0,0.0,0,0,142,86,56,1121,0,14,12.969,0.9263571428571428,0.84675,1.3732,1.3732,3.8738,0.2767,0.19655,0.5975,0.5975,14,9.0952,0.6496571428571428,0.66675,0.7833,0.7833,completed,,,
4,known_visit,ACBBA,ideal,1.0,34,1156,14,10,acbba_g34_d85_ideal,reruns\grid_density\scenarios\cv\known_visit_grid34_targets10_trials50.csv,04,5,0,0,6,0,3,0,0,0,0.0,0,0,75,12,63,1187,0,130,103.8816,0.7990892307692308,0.8022,1.0671,1.3661,20.9986,0.16152769230769232,0.15105000000000002,0.256,0.5943,130,82.883,0.6375615384615384,0.63545,0.7995,0.8985,completed,,,
4,known_visit,ACBBA,ideal,1.0,34,1156,14,10,acbba_g34_d85_ideal,reruns\grid_density\scenarios\cv\known_visit_grid34_targets10_trials50.csv,05,5,0,0,6,0,1,0,0,0,0.0,0,0,67,12,55,1195,0,128,102.4421,0.80032890625,0.7881,1.0669,1.2815,19.7717,0.15446640625,0.15000000000000002,0.2481,0.511,128,82.6704,0.6458625,0.63345,0.8021,1.009,completed,,,
4,known_visit,ACBBA,ideal,1.0,34,1156,14,10,acbba_g34_d85_ideal,reruns\grid_density\scenarios\cv\known_visit_grid34_targets10_trials50.csv,06,16,0,0,17,0,1,0,0,0,0.0,0,0,96,34,62,1166,0,95,75.9503,0.7994768421052632,0.7726,1.1563,1.4057,14.6719,0.15444105263157895,0.1269,0.3588,0.6098,95,61.2784,0.6450357894736842,0.6272,0.8096,0.9305,completed,,,
4,known_visit,ACBBA,ideal,1.0,34,1156,14,10,acbba_g34_d85_ideal,reruns\grid_density\scenarios\cv\known_visit_grid34_targets10_trials50.csv,07,29,1,0,28,2,2,0,0,0,0.0,0,0,120,60,60,1142,0,54,42.4409,0.7859425925925926,0.7301,1.2099,1.3408,8.2454,0.1526925925925926,0.1123,0.4993,0.5661,54,34.1955,0.6332500000000001,0.611,0.8027,0.8676,completed,,,
4,known_visit,ACBBA,ideal,1.0,34,1156,14,10,acbba_g34_d85_ideal,reruns\grid_density\scenarios\cv\known_visit_grid34_targets10_trials50.csv,08,5,0,0,6,0,0,0,0,0,0.0,0,0,64,12,52,1198,0,127,101.4371,0.7987173228346457,0.8013,1.0314,1.2568,20.0273,0.1576952755905512,0.1523,0.2448,0.5187,127,81.4098,0.6410220472440945,0.6371,0.8055,0.8213,completed,,,
4,known_visit,ACBBA,ideal,1.0,34,1156,14,10,acbba_g34_d85_ideal,reruns\grid_density\scenarios\cv\known_visit_grid34_targets10_trials50.csv,09,35,3,0,36,0,3,0,0,0,0.0,0,0,134,73,61,1128,0,35,27.5925,0.7883571428571429,0.7177,1.2493,1.2825,5.5776,0.15936,0.1061,0.4843,0.5549,35,22.0149,0.6289971428571429,0.6091,0.7892,0.8004,completed,,,
4,known_visit,ACBBA,ideal,1.0,34,1156,14,10,acbba_g34_d85_ideal,reruns\grid_density\scenarios\cv\known_visit_grid34_targets10_trials50.csv,10,4,0,0,5,0,2,0,0,0,0.0,0,0,74,11,63,1188,0,133,108.008,0.8120902255639098,0.7985,1.0981,1.4811,22.2181,0.16705338345864662,0.1541,0.2761,0.5736,133,85.7899,0.6450368421052631,0.6305,0.8227,0.9248,completed,,,
4,known_visit,ACBBA,ideal,1.0,34,1156,14,10,acbba_g34_d85_ideal,reruns\grid_density\scenarios\cv\known_visit_grid34_targets10_trials50.csv,11,6,0,0,7,0,2,0,0,0,0.0,0,0,71,14,57,1191,0,126,100.0345,0.7939246031746031,0.8037000000000001,1.0214,1.2571,19.7729,0.15692777777777778,0.1496,0.2393,0.5159,126,80.2616,0.6369968253968255,0.63365,0.7821,0.8824,completed,,,
4,known_visit,ACBBA,ideal,1.0,34,1156,14,10,acbba_g34_d85_ideal,reruns\grid_density\scenarios\cv\known_visit_grid34_targets10_trials50.csv,12,13,1,0,14,0,0,0,0,0,0.0,0,0,82,28,54,1180,0,102,79.8058,0.7824098039215687,0.774,0.9628,1.3169,15.0439,0.14748921568627452,0.1348,0.2362,0.5087,102,64.7619,0.6349205882352941,0.6293500000000001,0.7512,0.8849,completed,,,
4,known_visit,ACBBA,ideal,1.0,34,1156,14,10,acbba_g34_d85_ideal,reruns\grid_density\scenarios\cv\known_visit_grid34_targets10_trials50.csv,13,5,0,0,6,0,3,0,0,0,0.0,0,0,74,12,62,1188,0,130,104.5824,0.8044800000000001,0.7925,1.1073,1.3497,21.382,0.16447692307692308,0.1537,0.2595,0.5718,130,83.2004,0.6400030769230769,0.6286,0.801,0.9025,completed,,,
5,known_visit,ACBBA,ideal,1.0,34,1156,14,10,acbba_g34_d85_ideal,reruns\grid_density\scenarios\cv\known_visit_grid34_targets10_trials50.csv,00,5,1,0,6,0,0,0,0,0,0.0,0,0,55,13,42,888,0,114,84.4581,0.7408605263157895,0.7458,0.8975,1.1646,16.2349,0.14241140350877193,0.1326,0.1937,0.5386,114,68.2232,0.5984491228070176,0.6044,0.7155,0.8562,completed,,,
5,known_visit,ACBBA,ideal,1.0,34,1156,14,10,acbba_g34_d85_ideal,reruns\grid_density\scenarios\cv\known_visit_grid34_targets10_trials50.csv,01,1,0,0,2,0,0,0,0,0,0.0,0,0,47,4,43,896,0,126,95.5893,0.7586452380952381,0.7611,0.8954,1.0929,18.899,0.1499920634920635,0.14515,0.2425,0.4813,126,76.6903,0.6086531746031746,0.60965,0.7281,0.8259,completed,,,
5,known_visit,ACBBA,ideal,1.0,34,1156,14,10,acbba_g34_d85_ideal,reruns\grid_density\scenarios\cv\known_visit_grid34_targets10_trials50.csv,02,7,1,0,8,0,0,0,0,0,0.0,0,0,60,16,44,883,0,107,81.2594,0.7594336448598131,0.768,0.9122,1.2201,15.5161,0.14501028037383176,0.1308,0.1995,0.5181,107,65.7433,0.6144233644859813,0.6122,0.7355,0.823,completed,,,
5,known_visit,ACBBA,ideal,1.0,34,1156,14,10,acbba_g34_d85_ideal,reruns\grid_density\scenarios\cv\known_visit_grid34_targets10_trials50.csv,03,29,3,0,30,0,0,0,0,0,0.0,0,0,107,60,47,836,0,36,25.8301,0.7175027777777778,0.6918,1.1317,1.1528,4.8301,0.13416944444444445,0.0974,0.5056,0.5119,36,21.0,0.5833333333333334,0.5892,0.7316,0.7452,completed,,,
5,known_visit,ACBBA,ideal,1.0,34,1156,14,10,acbba_g34_d85_ideal,reruns\grid_density\scenarios\cv\known_visit_grid34_targets10_trials50.csv,04,6,0,0,7,0,1,0,0,0,0.0,0,0,61,14,47,882,0,112,83.8833,0.7489580357142858,0.76105,0.8734,1.1869,16.4479,0.14685625,0.1327,0.1841,0.5218,112,67.4354,0.6021017857142857,0.6103000000000001,0.7141,0.8548,completed,,,
5,known_visit,ACBBA,ideal,1.0,34,1156,14,10,acbba_g34_d85_ideal,reruns\grid_density\scenarios\cv\known_visit_grid34_targets10_trials50.csv,05,3,0,0,4,0,1,0,0,0,0.0,0,0,51,9,42,892,0,122,92.0243,0.7542975409836066,0.75795,0.8948,1.1162,18.5012,0.15164918032786887,0.14035,0.2336,0.4984,122,73.5231,0.6026483606557377,0.61025,0.7021,0.7925,completed,,,
5,known_visit,ACBBA,ideal,1.0,34,1156,14,10,acbba_g34_d85_ideal,reruns\grid_density\scenarios\cv\known_visit_grid34_targets10_trials50.csv,06,2,0,0,3,0,1,0,0,0,0.0,0,0,50,6,44,893,0,124,93.7404,0.7559709677419354,0.7636000000000001,0.8955,1.1713,18.4938,0.14914354838709679,0.14075,0.2217,0.5466,124,75.2466,0.6068274193548387,0.61365,0.7138,0.7679,completed,,,
5,known_visit,ACBBA,ideal,1.0,34,1156,14,10,acbba_g34_d85_ideal,reruns\grid_density\scenarios\cv\known_visit_grid34_targets10_trials50.csv,07,10,1,0,11,0,0,0,0,0,0.0,0,0,62,23,39,881,0,97,74.2001,0.7649494845360826,0.7661,0.9007,1.149,14.3506,0.14794432989690723,0.1324,0.2422,0.4905,97,59.8495,0.6170051546391753,0.6195,0.7256,0.762,completed,,,
5,known_visit,ACBBA,ideal,1.0,34,1156,14,10,acbba_g34_d85_ideal,reruns\grid_density\scenarios\cv\known_visit_grid34_targets10_trials50.csv,08,6,0,0,7,0,0,0,0,0,0.0,0,0,57,14,43,886,0,111,82.7957,0.7459072072072072,0.7584,0.8971,1.2042,15.6305,0.1408153153153153,0.1295,0.1934,0.519,111,67.1652,0.6050918918918918,0.6106,0.724,0.8294,completed,,,
5,known_visit,ACBBA,ideal,1.0,34,1156,14,10,acbba_g34_d85_ideal,reruns\grid_density\scenarios\cv\known_visit_grid34_targets10_trials50.csv,09,21,1,0,22,0,0,0,0,0,0.0,0,0,86,44,42,857,0,63,45.7547,0.7262650793650793,0.7321,0.8555,1.0937,7.8342,0.12435238095238095,0.1172,0.1705,0.4707,63,37.9205,0.6019126984126983,0.6172,0.6812,0.7273,completed,,,
5,known_visit,ACBBA,ideal,1.0,34,1156,14,10,acbba_g34_d85_ideal,reruns\grid_density\scenarios\cv\known_visit_grid34_targets10_trials50.csv,10,5,0,0,6,0,0,0,0,0,0.0,0,0,53,12,41,890,0,113,84.1623,0.7447991150442478,0.7568,0.8649,1.1185,15.9049,0.1407513274336283,0.135,0.2015,0.5129,113,68.2574,0.6040477876106195,0.6056,0.7134,0.7955,completed,,,
5,known_visit,ACBBA,ideal,1.0,34,1156,14,10,acbba_g34_d85_ideal,reruns\grid_density\scenarios\cv\known_visit_grid34_targets10_trials50.csv,11,38,3,0,39,0,2,0,0,0,0.0,0,0,123,77,46,821,0,11,9.3052,0.8459272727272726,0.7508,1.1316,1.1316,2.4525,0.22295454545454546,0.1219,0.5156,0.5156,11,6.8527,0.6229727272727272,0.6066,0.7043,0.7043,completed,,,
5,known_visit,ACBBA,ideal,1.0,34,1156,14,10,acbba_g34_d85_ideal,reruns\grid_density\scenarios\cv\known_visit_grid34_targets10_trials50.csv,12,18,0,0,19,0,3,0,0,0,0.0,0,0,81,39,42,862,0,75,55.6877,0.7425026666666666,0.7359,0.9041,1.1945,10.337,0.13782666666666665,0.1227,0.2895,0.5792,75,45.3507,0.604676,0.6113,0.7293,0.7993,completed,,,
5,known_visit,ACBBA,ideal,1.0,34,1156,14,10,acbba_g34_d85_ideal,reruns\grid_density\scenarios\cv\known_visit_grid34_targets10_trials50.csv,13,3,0,0,4,0,2,0,0,0,0.0,0,0,51,9,42,892,0,121,92.2672,0.7625388429752067,0.7597,0.9014,1.1243,18.3528,0.15167603305785124,0.1431,0.2414,0.5131,121,73.9144,0.6108628099173554,0.608,0.7139,0.8727,completed,,,
6,known_visit,ACBBA,ideal,1.0,34,1156,14,10,acbba_g34_d85_ideal,reruns\grid_density\scenarios\cv\known_visit_grid34_targets10_trials50.csv,00,17,1,0,15,3,3,0,0,0,0.0,0,0,100,36,64,1223,0,67,49.0349,0.7318641791044777,0.7204,1.1496,1.3105,9.5554,0.1426179104477612,0.1034,0.4613,0.5517,67,39.4795,0.5892462686567165,0.589,0.7136,0.8068,completed,,,
6,known_visit,ACBBA,ideal,1.0,34,1156,14,10,acbba_g34_d85_ideal,reruns\grid_density\scenarios\cv\known_visit_grid34_targets10_trials50.csv,01,17,1,0,18,0,1,0,0,0,0.0,0,0,100,37,63,1223,0,65,46.9626,0.7225015384615385,0.7183,1.043,1.3255,8.8702,0.1364646153846154,0.1035,0.3034,0.5426,65,38.0924,0.586036923076923,0.5899,0.7396,0.7829,completed,,,
6,known_visit,ACBBA,ideal,1.0,34,1156,14,10,acbba_g34_d85_ideal,reruns\grid_density\scenarios\cv\known_visit_grid34_targets10_trials50.csv,02,4,0,0,5,0,1,0,0,0,0.0,0,0,70,10,60,1253,0,109,87.0018,0.7981816513761468,0.7555,1.0482,1.2822,18.1015,0.16606880733944956,0.1466,0.2738,0.5145,109,68.9003,0.6321128440366972,0.6264,0.8035,0.829,completed,,,
6,known_visit,ACBBA,ideal,1.0,34,1156,14,10,acbba_g34_d85_ideal,reruns\grid_density\scenarios\cv\known_visit_grid34_targets10_trials50.csv,03,24,1,0,25,0,6,0,0,0,0.0,0,0,117,50,67,1206,0,48,37.5045,0.78134375,0.7216,1.3399,1.5045,8.326600000000001,0.17347083333333335,0.10125,0.5607,0.7961,48,29.1779,0.6078729166666667,0.61085,0.7792,0.8573,completed,,,
6,known_visit,ACBBA,ideal,1.0,34,1156,14,10,acbba_g34_d85_ideal,reruns\grid_density\scenarios\cv\known_visit_grid34_targets10_trials50.csv,04,7,0,0,8,0,2,0,0,0,0.0,0,0,81,17,64,1242,0,101,80.9181,0.801169306930693,0.7533,1.0485,1.2668,16.6655,0.1650049504950495,0.1399,0.2577,0.4803,101,64.2526,0.6361643564356436,0.6296,0.7883,0.8314,completed,,,
6,known_visit,ACBBA,ideal,1.0,34,1156,14,10,acbba_g34_d85_ideal,reruns\grid_density\scenarios\cv\known_visit_grid34_targets10_trials50.csv,05,15,1,0,14,2,0,0,0,0,0.0,0,0,94,33,61,1229,0,70,52.0925,0.7441785714285715,0.7308,1.0949,1.1275,9.7673,0.13953285714285715,0.1081,0.2603,0.5167,70,42.3252,0.6046457142857143,0.60565,0.7379,0.8732,completed,,,
6,known_visit,ACBBA,ideal,1.0,34,1156,14,10,acbba_g34_d85_ideal,reruns\grid_density\scenarios\cv\known_visit_grid34_targets10_trials50.csv,06,22,1,0,23,0,0,0,0,0,0.0,0,0,105,46,59,1218,0,50,35.5769,0.711538,0.6971499999999999,1.1458,1.3005,6.6213,0.132426,0.09945,0.4276,0.5104,50,28.9556,0.579112,0.5851999999999999,0.7641,0.8103,completed,,,
6,known_visit,ACBBA,ideal,1.0,34,1156,14,10,acbba_g34_d85_ideal,reruns\grid_density\scenarios\cv\known_visit_grid34_targets10_trials50.csv,07,20,2,0,21,0,3,0,0,0,0.0,0,0,105,43,62,1218,0,59,44.2194,0.7494813559322034,0.727,1.0999,1.2343,8.379,0.14201694915254237,0.1017,0.4077,0.4379,59,35.8404,0.6074644067796611,0.6114,0.757,0.8381,completed,,,
6,known_visit,ACBBA,ideal,1.0,34,1156,14,10,acbba_g34_d85_ideal,reruns\grid_density\scenarios\cv\known_visit_grid34_targets10_trials50.csv,08,7,0,0,8,0,4,0,0,0,0.0,0,0,90,18,72,1233,0,103,83.9679,0.8152223300970873,0.7739,1.0837,1.4367,17.9369,0.17414466019417477,0.1505,0.3367,0.6099,103,66.031,0.6410776699029127,0.6237,0.8264,0.9362,completed,,,
6,known_visit,ACBBA,ideal,1.0,34,1156,14,10,acbba_g34_d85_ideal,reruns\grid_density\scenarios\cv\known_visit_grid34_targets10_trials50.csv,09,36,2,0,37,0,1,0,0,0,0.0,0,0,134,73,61,1190,0,9,8.6108,0.9567555555555555,0.9175,1.5197,1.5197,2.4939,0.2771,0.1489,0.6666,0.6666,9,6.1169,0.6796555555555556,0.6795,0.8531,0.8531,completed,,,
6,known_visit,ACBBA,ideal,1.0,34,1156,14,10,acbba_g34_d85_ideal,reruns\grid_density\scenarios\cv\known_visit_grid34_targets10_trials50.csv,10,16,1,0,17,0,1,0,0,0,0.0,0,0,96,36,60,1227,0,70,51.3662,0.7338028571428571,0.722,1.1266,1.2321,9.7219,0.1388842857142857,0.11,0.3968,0.5371,70,41.6443,0.5949185714285714,0.5994,0.7313,0.7738,completed,,,
6,known_visit,ACBBA,ideal,1.0,34,1156,14,10,acbba_g34_d85_ideal,reruns\grid_density\scenarios\cv\known_visit_grid34_targets10_trials50.csv,11,5,0,0,6,0,1,0,0,0,0.0,0,0,78,14,64,1245,0,107,84.888,0.7933457943925234,0.7479,1.078,1.2401,17.9302,0.16757196261682242,0.1463,0.2877,0.4961,107,66.9578,0.625773831775701,0.62,0.8146,0.9003,completed,,,
6,known_visit,ACBBA,ideal,1.0,34,1156,14,10,acbba_g34_d85_ideal,reruns\grid_density\scenarios\cv\known_visit_grid34_targets10_trials50.csv,12,7,0,0,8,0,4,0,0,0,0.0,0,0,79,18,61,1244,0,103,83.2105,0.8078689320388349,0.7612,1.0806,1.3764,17.5631,0.1705155339805825,0.1472,0.336,0.643,103,65.6474,0.6373533980582524,0.6214,0.7944,0.9073,completed,,,
6,known_visit,ACBBA,ideal,1.0,34,1156,14,10,acbba_g34_d85_ideal,reruns\grid_density\scenarios\cv\known_visit_grid34_targets10_trials50.csv,13,5,0,0,6,0,3,0,0,0,0.0,0,0,75,15,60,1248,0,108,87.59,0.8110185185185186,0.7752,1.0916,1.3006,18.3279,0.16970277777777779,0.14975,0.281,0.5328,108,69.2621,0.6413157407407408,0.62695,0.8047,0.8777,completed,,,
7,known_visit,ACBBA,ideal,1.0,34,1156,14,10,acbba_g34_d85_ideal,reruns\grid_density\scenarios\cv\known_visit_grid34_targets10_trials50.csv,00,7,0,0,8,0,0,0,0,0,0.0,0,0,85,17,68,1282,0,125,95.3567,0.7628536,0.724,0.9926,1.3149,17.5802,0.1406416,0.1241,0.2362,0.5746,125,77.7765,0.622212,0.6078,0.7514,1.086,completed,,,
7,known_visit,ACBBA,ideal,1.0,34,1156,14,10,acbba_g34_d85_ideal,reruns\grid_density\scenarios\cv\known_visit_grid34_targets10_trials50.csv,01,26,2,0,27,0,5,0,0,0,0.0,0,0,126,55,71,1241,0,68,49.3769,0.7261308823529412,0.66795,1.1501,1.2362,9.429,0.13866176470588235,0.09770000000000001,0.4611,0.4972,68,39.9479,0.5874691176470588,0.5733,0.718,0.8517,completed,,,
7,known_visit,ACBBA,ideal,1.0,34,1156,14,10,acbba_g34_d85_ideal,reruns\grid_density\scenarios\cv\known_visit_grid34_targets10_trials50.csv,02,9,0,0,10,0,1,0,0,0,0.0,0,0,83,20,63,1284,0,119,89.9407,0.7558042016806723,0.7332,0.9778,1.2723,16.1438,0.13566218487394957,0.1259,0.2058,0.5186,119,73.7969,0.6201420168067227,0.6132,0.7452,0.9368,completed,,,
7,known_visit,ACBBA,ideal,1.0,34,1156,14,10,acbba_g34_d85_ideal,reruns\grid_density\scenarios\cv\known_visit_grid34_targets10_trials50.csv,03,13,2,0,14,0,1,0,0,0,0.0,0,0,93,28,65,1274,0,109,80.9768,0.7429064220183486,0.7092,1.0989,1.3602,15.0582,0.138148623853211,0.1155,0.3047,0.5949,109,65.9186,0.6047577981651376,0.5879,0.7555,0.7942,completed,,,
7,known_visit,ACBBA,ideal,1.0,34,1156,14,10,acbba_g34_d85_ideal,reruns\grid_density\scenarios\cv\known_visit_grid34_targets10_trials50.csv,04,16,1,0,17,0,1,0,0,0,0.0,0,0,100,34,66,1267,0,100,72.9086,0.7290860000000001,0.6976,1.0088,1.2358,13.1969,0.131969,0.1071,0.2756,0.5246,100,59.7117,0.597117,0.5808,0.7334,0.8228,completed,,,
7,known_visit,ACBBA,ideal,1.0,34,1156,14,10,acbba_g34_d85_ideal,reruns\grid_density\scenarios\cv\known_visit_grid34_targets10_trials50.csv,05,10,1,0,11,0,3,0,0,0,0.0,0,0,93,23,70,1274,0,117,93.4872,0.7990358974358974,0.7242,1.0924,5.1228,19.0477,0.1628008547008547,0.1162,0.2868,2.6937,117,74.4395,0.6362350427350427,0.5974,0.8167,2.4291,completed,,,
7,known_visit,ACBBA,ideal,1.0,34,1156,14,10,acbba_g34_d85_ideal,reruns\grid_density\scenarios\cv\known_visit_grid34_targets10_trials50.csv,06,7,0,0,8,0,2,0,0,0,0.0,0,0,80,16,64,1287,0,126,96.0525,0.7623214285714285,0.7374,0.9923,1.4221,18.0362,0.14314444444444446,0.12945,0.2264,0.5729,126,78.0163,0.6191769841269842,0.61395,0.7746,0.8492,completed,,,
7,known_visit,ACBBA,ideal,1.0,34,1156,14,10,acbba_g34_d85_ideal,reruns\grid_density\scenarios\cv\known_visit_grid34_targets10_trials50.csv,07,6,0,0,7,0,2,0,0,0,0.0,0,0,86,15,71,1281,0,132,102.21340000000001,0.7743439393939394,0.72095,1.0702,1.5788,20.572400000000002,0.15585151515151516,0.12869999999999998,0.3047,0.8513,132,81.641,0.6184924242424242,0.5978,0.7681,0.8664,completed,,,
7,known_visit,ACBBA,ideal,1.0,34,1156,14,10,acbba_g34_d85_ideal,reruns\grid_density\scenarios\cv\known_visit_grid34_targets10_trials50.csv,08,28,1,0,28,1,4,0,0,0,0.0,0,0,121,58,63,1246,0,63,46.7024,0.7413079365079365,0.6643,1.142,1.4877,9.0832,0.14417777777777777,0.0949,0.4689,0.6369,63,37.6192,0.5971301587301587,0.5726,0.8078,0.9098,completed,,,
7,known_visit,ACBBA,ideal,1.0,34,1156,14,10,acbba_g34_d85_ideal,reruns\grid_density\scenarios\cv\known_visit_grid34_targets10_trials50.csv,09,5,0,0,6,0,3,0,0,0,0.0,0,0,86,14,72,1281,0,133,102.9216,0.7738466165413533,0.732,1.0814,1.238,19.9908,0.15030676691729322,0.1279,0.2776,0.5374,133,82.9308,0.6235398496240602,0.6208,0.7713,0.8579,completed,,,
7,known_visit,ACBBA,ideal,1.0,34,1156,14,10,acbba_g34_d85_ideal,reruns\grid_density\scenarios\cv\known_visit_grid34_targets10_trials50.csv,10,6,1,0,7,0,0,0,0,0,0.0,0,0,82,14,68,1285,0,128,98.9132,0.772759375,0.7404,1.0743,1.3375,18.454,0.144171875,0.1301,0.2494,0.5645,128,80.4592,0.6285875,0.6145499999999999,0.7866,1.0376,completed,,,
7,known_visit,ACBBA,ideal,1.0,34,1156,14,10,acbba_g34_d85_ideal,reruns\grid_density\scenarios\cv\known_visit_grid34_targets10_trials50.csv,11,5,0,0,6,0,3,0,0,0,0.0,0,0,86,15,71,1281,0,135,106.0094,0.7852548148148148,0.7422,1.0963,1.4683,21.3214,0.1579362962962963,0.1344,0.2794,0.7132,135,84.688,0.6273185185185185,0.6186,0.7736,0.924,completed,,,
7,known_visit,ACBBA,ideal,1.0,34,1156,14,10,acbba_g34_d85_ideal,reruns\grid_density\scenarios\cv\known_visit_grid34_targets10_trials50.csv,12,43,2,0,44,0,1,0,0,0,0.0,0,0,161,88,73,1207,0,13,11.8923,0.9147923076923077,0.7976,1.3577,1.3577,3.1726,0.24404615384615386,0.1249,0.5645,0.5645,13,8.7197,0.6707461538461538,0.6823,0.7932,0.7932,completed,,,
7,known_visit,ACBBA,ideal,1.0,34,1156,14,10,acbba_g34_d85_ideal,reruns\grid_density\scenarios\cv\known_visit_grid34_targets10_trials50.csv,13,5,0,0,6,0,3,0,0,0,0.0,0,0,86,14,72,1281,0,134,103.5731,0.7729335820895522,0.7351000000000001,1.1225,1.2781,20.4122,0.15232985074626865,0.1286,0.2932,0.5054,134,83.1609,0.6206037313432836,0.60745,0.7798,0.9772,completed,,,
8,known_visit,ACBBA,ideal,1.0,34,1156,14,10,acbba_g34_d85_ideal,reruns\grid_density\scenarios\cv\known_visit_grid34_targets10_trials50.csv,00,6,0,0,7,0,0,0,0,0,0.0,0,0,72,15,57,1130,0,100,83.6993,0.836993,0.8533,1.0254,1.311,16.4865,0.16486499999999998,0.15935,0.2489,0.5519,100,67.2128,0.6721280000000001,0.6796,0.7987,1.0103,completed,,,
8,known_visit,ACBBA,ideal,1.0,34,1156,14,10,acbba_g34_d85_ideal,reruns\grid_density\scenarios\cv\known_visit_grid34_targets10_trials50.csv,01,25,1,0,26,0,0,0,0,0,0.0,0,0,108,53,55,1094,0,41,32.6774,0.797009756097561,0.7323,1.1278,1.3076,6.8293,0.16656829268292683,0.1073,0.4766,0.4939,41,25.8481,0.6304414634146341,0.6272,0.7492,0.8395,completed,,,
8,known_visit,ACBBA,ideal,1.0,34,1156,14,10,acbba_g34_d85_ideal,reruns\grid_density\scenarios\cv\known_visit_grid34_targets10_trials50.csv,02,4,0,0,5,0,1,0,0,0,0.0,0,0,71,12,59,1131,0,107,89.5704,0.8371065420560748,0.834,1.0727,1.2762,18.5294,0.1731719626168224,0.1617,0.298,0.5167,107,71.041,0.6639345794392523,0.6685,0.7739,0.8336,completed,,,
8,known_visit,ACBBA,ideal,1.0,34,1156,14,10,acbba_g34_d85_ideal,reruns\grid_density\scenarios\cv\known_visit_grid34_targets10_trials50.csv,03,5,1,0,6,0,2,0,0,0,0.0,0,0,70,13,57,1132,0,103,86.3573,0.8384203883495145,0.8555,1.0573,1.3227,17.5016,0.16991844660194175,0.1597,0.2701,0.5425,103,68.8557,0.6685019417475728,0.6783,0.7802,0.8362,completed,,,
8,known_visit,ACBBA,ideal,1.0,34,1156,14,10,acbba_g34_d85_ideal,reruns\grid_density\scenarios\cv\known_visit_grid34_targets10_trials50.csv,04,22,1,0,21,2,1,0,0,0,0.0,0,0,101,47,54,1101,0,48,37.494,0.781125,0.74405,1.1441,1.2385,7.304,0.15216666666666667,0.10919999999999999,0.4174,0.5459,48,30.19,0.6289583333333334,0.6329,0.7594,0.8475,completed,,,
8,known_visit,ACBBA,ideal,1.0,34,1156,14,10,acbba_g34_d85_ideal,reruns\grid_density\scenarios\cv\known_visit_grid34_targets10_trials50.csv,05,19,1,0,20,0,1,0,0,0,0.0,0,0,97,41,56,1105,0,59,46.3352,0.7853423728813559,0.7448,1.1874,1.2882,9.0063,0.15264915254237288,0.1222,0.4955,0.5426,59,37.3289,0.632693220338983,0.6299,0.7762,0.8204,completed,,,
8,known_visit,ACBBA,ideal,1.0,34,1156,14,10,acbba_g34_d85_ideal,reruns\grid_density\scenarios\cv\known_visit_grid34_targets10_trials50.csv,06,7,0,0,8,0,3,0,0,0,0.0,0,0,76,17,59,1126,0,99,82.7178,0.8355333333333334,0.8244,1.2346,1.5371,17.1858,0.1735939393939394,0.1483,0.509,0.6469,99,65.532,0.6619393939393939,0.6699,0.7733,1.0743,completed,,,
8,known_visit,ACBBA,ideal,1.0,34,1156,14,10,acbba_g34_d85_ideal,reruns\grid_density\scenarios\cv\known_visit_grid34_targets10_trials50.csv,07,35,2,0,36,0,5,0,0,0,0.0,0,0,129,71,58,1074,0,13,12.6222,0.9709384615384615,0.9245,1.2885,1.2885,3.83,0.2946153846153846,0.1789,0.572,0.572,13,8.7922,0.6763230769230769,0.6652,0.7802,0.7802,completed,,,
8,known_visit,ACBBA,ideal,1.0,34,1156,14,10,acbba_g34_d85_ideal,reruns\grid_density\scenarios\cv\known_visit_grid34_targets10_trials50.csv,08,8,0,0,9,0,1,0,0,0,0.0,0,0,71,18,53,1131,0,93,77.1659,0.8297408602150537,0.8416,1.0631,1.2612,15.0323,0.16163763440860215,0.1566,0.2268,0.5401,93,62.1336,0.6681032258064517,0.6739,0.7721,0.9359,completed,,,
8,known_visit,ACBBA,ideal,1.0,34,1156,14,10,acbba_g34_d85_ideal,reruns\grid_density\scenarios\cv\known_visit_grid34_targets10_trials50.csv,09,6,1,0,7,0,2,0,0,0,0.0,0,0,69,15,54,1133,0,101,85.0606,0.8421841584158415,0.8551,1.0775,1.3715,17.0142,0.16845742574257425,0.1584,0.2483,0.6079,101,68.0464,0.6737267326732674,0.6845,0.7815,0.8923,completed,,,
8,known_visit,ACBBA,ideal,1.0,34,1156,14,10,acbba_g34_d85_ideal,reruns\grid_density\scenarios\cv\known_visit_grid34_targets10_trials50.csv,10,5,0,0,6,0,2,0,0,0,0.0,0,0,74,14,60,1128,0,106,92.1678,0.8695075471698113,0.85025,1.2091,3.0112,19.212,0.18124528301886791,0.16625,0.3682,0.5446,106,72.9558,0.6882622641509434,0.6738999999999999,0.7926,2.7644,completed,,,
8,known_visit,ACBBA,ideal,1.0,34,1156,14,10,acbba_g34_d85_ideal,reruns\grid_density\scenarios\cv\known_visit_grid34_targets10_trials50.csv,11,8,0,0,9,0,2,0,0,0,0.0,0,0,71,18,53,1131,0,94,77.8706,0.8284106382978723,0.8326,1.0705,1.3189,15.4748,0.16462553191489362,0.1572,0.2363,0.6154,94,62.3958,0.6637851063829787,0.6715,0.7616,0.9026,completed,,,
8,known_visit,ACBBA,ideal,1.0,34,1156,14,10,acbba_g34_d85_ideal,reruns\grid_density\scenarios\cv\known_visit_grid34_targets10_trials50.csv,12,25,2,0,26,0,2,0,0,0,0.0,0,0,114,52,62,1088,0,40,30.9623,0.7740575,0.7233,1.1568,1.2919,6.4791,0.1619775,0.10515,0.525,0.5519,40,24.4832,0.61208,0.6166499999999999,0.7042,0.7655,completed,,,
8,known_visit,ACBBA,ideal,1.0,34,1156,14,10,acbba_g34_d85_ideal,reruns\grid_density\scenarios\cv\known_visit_grid34_targets10_trials50.csv,13,12,1,0,13,0,0,0,0,0,0.0,0,0,80,26,54,1122,0,81,65.7909,0.8122333333333333,0.8032,1.0068,1.2987,13.0815,0.1615,0.1383,0.2947,0.5257,81,52.7094,0.6507333333333334,0.6605,0.7634,0.8743,completed,,,
9,known_visit,ACBBA,ideal,1.0,34,1156,14,10,acbba_g34_d85_ideal,reruns\grid_density\scenarios\cv\known_visit_grid34_targets10_trials50.csv,00,16,1,0,17,0,0,0,0,0,0.0,0,0,117,38,79,1661,0,109,86.6704,0.7951412844036697,0.7879,1.0124,1.372,16.779,0.15393577981651377,0.1413,0.2312,0.4781,109,69.8914,0.641205504587156,0.6416,0.7782,0.9315,completed,,,
9,known_visit,ACBBA,ideal,1.0,34,1156,14,10,acbba_g34_d85_ideal,reruns\grid_density\scenarios\cv\known_visit_grid34_targets10_trials50.csv,01,26,1,0,27,0,4,0,0,0,0.0,0,0,138,57,81,1640,0,80,65.3144,0.8164300000000001,0.8145,1.0789,1.2624,13.8779,0.17347375,0.1357,0.3739,0.5005,80,51.4365,0.64295625,0.63065,0.7909,0.9708,completed,,,
9,known_visit,ACBBA,ideal,1.0,34,1156,14,10,acbba_g34_d85_ideal,reruns\grid_density\scenarios\cv\known_visit_grid34_targets10_trials50.csv,02,21,0,0,22,0,3,2,2,0,0.0,0,0,135,47,88,1643,0,94,74.0365,0.7876223404255319,0.76725,1.0476,1.1728,14.6108,0.1554340425531915,0.12965,0.3421,0.5131,94,59.4257,0.6321882978723404,0.63255,0.7452,0.8658,completed,,,
9,known_visit,ACBBA,ideal,1.0,34,1156,14,10,acbba_g34_d85_ideal,reruns\grid_density\scenarios\cv\known_visit_grid34_targets10_trials50.csv,03,24,2,0,25,0,3,0,0,0,0.0,0,0,131,52,79,1647,0,87,68.0311,0.7819666666666666,0.7733,1.0767,1.1469,13.6085,0.15641954022988505,0.1391,0.3324,0.5109,87,54.4226,0.6255471264367817,0.63,0.7158,0.8011,completed,,,
9,known_visit,ACBBA,ideal,1.0,34,1156,14,10,acbba_g34_d85_ideal,reruns\grid_density\scenarios\cv\known_visit_grid34_targets10_trials50.csv,04,8,0,0,9,0,3,0,0,0,0.0,0,0,110,21,89,1668,0,138,111.6619,0.8091442028985507,0.8048500000000001,1.0429,1.1711,22.3526,0.16197536231884058,0.1457,0.2456,0.494,138,89.3093,0.6471688405797101,0.6396,0.7897,1.0062,completed,,,
9,known_visit,ACBBA,ideal,1.0,34,1156,14,10,acbba_g34_d85_ideal,reruns\grid_density\scenarios\cv\known_visit_grid34_targets10_trials50.csv,05,10,0,0,11,0,3,0,0,0,0.0,0,0,119,28,91,1659,0,135,110.8208,0.8208948148148149,0.8077,1.0824,1.4928,23.5337,0.1743237037037037,0.1477,0.3884,0.5534,135,87.2871,0.6465711111111111,0.6426,0.7908,0.9394,completed,,,
9,known_visit,ACBBA,ideal,1.0,34,1156,14,10,acbba_g34_d85_ideal,reruns\grid_density\scenarios\cv\known_visit_grid34_targets10_trials50.csv,06,11,0,0,12,0,6,0,0,0,0.0,0,0,112,28,84,1666,0,132,106.9211,0.8100083333333333,0.8047500000000001,1.0262,1.3097,22.4807,0.1703083333333333,0.1469,0.396,0.5623,132,84.4404,0.6396999999999999,0.6369,0.7556,0.8789,completed,,,
9,known_visit,ACBBA,ideal,1.0,34,1156,14,10,acbba_g34_d85_ideal,reruns\grid_density\scenarios\cv\known_visit_grid34_targets10_trials50.csv,07,25,1,0,26,0,2,0,0,0,0.0,0,0,141,57,84,1637,0,86,73.3214,0.8525744186046511,0.835,1.1553,1.3168,16.0302,0.18639767441860466,0.15794999999999998,0.4551,0.5156,86,57.2912,0.6661767441860466,0.67315,0.7748,0.9308,completed,,,
9,known_visit,ACBBA,ideal,1.0,34,1156,14,10,acbba_g34_d85_ideal,reruns\grid_density\scenarios\cv\known_visit_grid34_targets10_trials50.csv,08,10,0,0,11,0,2,0,0,0,0.0,0,0,114,26,88,1664,0,134,109.5707,0.8176917910447762,0.8059499999999999,1.0788,1.2706,22.7449,0.16973805970149256,0.14529999999999998,0.4169,0.4973,134,86.8258,0.6479537313432836,0.64135,0.7852,0.9604,completed,,,
9,known_visit,ACBBA,ideal,1.0,34,1156,14,10,acbba_g34_d85_ideal,reruns\grid_density\scenarios\cv\known_visit_grid34_targets10_trials50.csv,09,22,2,0,23,0,1,0,0,0,0.0,0,0,120,47,73,1658,0,89,67.6954,0.7606224719101125,0.7477,0.9862,1.1843,12.7504,0.14326292134831461,0.126,0.2622,0.4669,89,54.945,0.6173595505617978,0.61,0.7569,0.8107,completed,,,
9,known_visit,ACBBA,ideal,1.0,34,1156,14,10,acbba_g34_d85_ideal,reruns\grid_density\scenarios\cv\known_visit_grid34_targets10_trials50.csv,10,12,0,0,13,0,3,0,0,0,0.0,0,0,111,29,82,1667,0,126,100.9397,0.8011087301587302,0.7968,1.0543,1.2709,20.4417,0.1622357142857143,0.14300000000000002,0.2915,0.6034,126,80.498,0.6388730158730159,0.63735,0.7671,0.9495,completed,,,
9,known_visit,ACBBA,ideal,1.0,34,1156,14,10,acbba_g34_d85_ideal,reruns\grid_density\scenarios\cv\known_visit_grid34_targets10_trials50.csv,11,27,1,0,28,0,1,0,0,0,0.0,0,0,137,59,78,1641,0,75,58.0373,0.7738306666666667,0.753,1.0783,1.1471,11.4452,0.15260266666666666,0.1251,0.4381,0.499,75,46.5921,0.621228,0.6277,0.7643,0.7893,completed,,,
9,known_visit,ACBBA,ideal,1.0,34,1156,14,10,acbba_g34_d85_ideal,reruns\grid_density\scenarios\cv\known_visit_grid34_targets10_trials50.csv,12,42,2,0,43,0,2,0,0,0,0.0,0,0,169,86,83,1610,0,29,26.7805,0.9234655172413793,0.8928,1.2345,1.2631,7.0481,0.24303793103448276,0.2151,0.4854,0.502,29,19.7324,0.6804275862068965,0.6719,0.7707,0.8345,completed,,,
9,known_visit,ACBBA,ideal,1.0,34,1156,14,10,acbba_g34_d85_ideal,reruns\grid_density\scenarios\cv\known_visit_grid34_targets10_trials50.csv,13,11,0,0,12,0,6,0,0,0,0.0,0,0,125,31,94,1653,0,132,105.4366,0.7987621212121212,0.7867999999999999,1.0738,1.3042,22.4124,0.1697909090909091,0.14565,0.4123,0.5284,132,83.02420000000001,0.6289712121212122,0.63225,0.7758,0.9056,completed,,,
10,known_visit,ACBBA,ideal,1.0,34,1156,14,10,acbba_g34_d85_ideal,reruns\grid_density\scenarios\cv\known_visit_grid34_targets10_trials50.csv,00,34,1,0,29,6,0,0,0,0,0.0,0,0,126,70,56,1300,0,21,17.5923,0.8377285714285715,0.7489,1.3364,1.3704,3.7829,0.18013809523809524,0.1089,0.4665,0.5666,21,13.8094,0.6575904761904762,0.6442,0.8824,0.9087,completed,,,
10,known_visit,ACBBA,ideal,1.0,34,1156,14,10,acbba_g34_d85_ideal,reruns\grid_density\scenarios\cv\known_visit_grid34_targets10_trials50.csv,01,23,2,0,24,0,3,0,0,0,0.0,0,0,107,50,57,1319,0,58,47.7283,0.822901724137931,0.7471,1.2319,1.4765,9.7688,0.16842758620689657,0.1338,0.4544,0.59,58,37.9595,0.6544741379310345,0.6229,0.8261,0.9471,completed,,,
10,known_visit,ACBBA,ideal,1.0,34,1156,14,10,acbba_g34_d85_ideal,reruns\grid_density\scenarios\cv\known_visit_grid34_targets10_trials50.csv,02,5,0,0,6,0,3,0,0,0,0.0,0,0,72,13,59,1354,0,118,108.0781,0.9159161016949153,0.94905,1.1926,1.6568,23.7073,0.2009093220338983,0.21195,0.2918,0.5616,118,84.3708,0.715006779661017,0.72605,0.8578,1.4389,completed,,,
10,known_visit,ACBBA,ideal,1.0,34,1156,14,10,acbba_g34_d85_ideal,reruns\grid_density\scenarios\cv\known_visit_grid34_targets10_trials50.csv,03,27,1,0,23,5,2,0,0,0,0.0,0,0,122,56,66,1304,0,45,35.9958,0.7999066666666668,0.7441,1.157,1.4256,7.5451,0.1676688888888889,0.1316,0.5154,0.6383,45,28.4507,0.6322377777777778,0.6105,0.8227,0.8328,completed,,,
10,known_visit,ACBBA,ideal,1.0,34,1156,14,10,acbba_g34_d85_ideal,reruns\grid_density\scenarios\cv\known_visit_grid34_targets10_trials50.csv,04,33,1,0,34,0,2,0,0,0,0.0,0,0,133,68,65,1293,0,27,23.052,0.8537777777777777,0.7197,1.3335,1.3386,5.7839,0.21421851851851853,0.1053,0.5458,0.5593,27,17.2681,0.6395592592592593,0.6245,0.7966,0.808,completed,,,
10,known_visit,ACBBA,ideal,1.0,34,1156,14,10,acbba_g34_d85_ideal,reruns\grid_density\scenarios\cv\known_visit_grid34_targets10_trials50.csv,05,16,1,0,17,0,0,0,0,0,0.0,0,0,95,35,60,1331,0,80,71.6177,0.89522125,0.86745,1.2471,1.6589,14.7869,0.18483624999999998,0.16344999999999998,0.2746,0.8689,80,56.8308,0.710385,0.70215,0.8864,1.347,completed,,,
10,known_visit,ACBBA,ideal,1.0,34,1156,14,10,acbba_g34_d85_ideal,reruns\grid_density\scenarios\cv\known_visit_grid34_targets10_trials50.csv,06,24,1,0,23,2,1,0,0,0,0.0,0,0,102,50,52,1325,0,59,58.9993,0.9999881355932203,1.0058,1.2477,1.3273,14.6489,0.2482864406779661,0.2428,0.448,0.5859,59,44.3504,0.7517016949152543,0.7597,0.8798,0.9746,completed,,,
10,known_visit,ACBBA,ideal,1.0,34,1156,14,10,acbba_g34_d85_ideal,reruns\grid_density\scenarios\cv\known_visit_grid34_targets10_trials50.csv,07,20,0,0,21,0,2,0,0,0,0.0,0,0,104,42,62,1322,0,69,59.2578,0.858808695652174,0.7814,1.2683,1.5931,11.9392,0.173031884057971,0.1461,0.4629,0.5701,69,47.318599999999996,0.6857768115942029,0.6406,0.8618,1.3802,completed,,,
10,known_visit,ACBBA,ideal,1.0,34,1156,14,10,acbba_g34_d85_ideal,reruns\grid_density\scenarios\cv\known_visit_grid34_targets10_trials50.csv,08,4,0,0,4,1,1,0,0,0,0.0,0,0,69,11,58,1357,0,120,110.2429,0.9186908333333333,0.9692,1.1393,1.3106,23.7556,0.19796333333333335,0.2111,0.2684,0.5543,120,86.4873,0.7207275000000001,0.7431,0.8751,0.9896,completed,,,
10,known_visit,ACBBA,ideal,1.0,34,1156,14,10,acbba_g34_d85_ideal,reruns\grid_density\scenarios\cv\known_visit_grid34_targets10_trials50.csv,09,26,1,0,27,0,3,0,0,0,0.0,0,0,116,54,62,1310,0,52,42.7458,0.8220346153846154,0.7296,1.2963,1.3699,9.0401,0.17384807692307694,0.1288,0.54,0.589,52,33.7057,0.6481865384615385,0.6156999999999999,0.8386,0.8462,completed,,,
10,known_visit,ACBBA,ideal,1.0,34,1156,14,10,acbba_g34_d85_ideal,reruns\grid_density\scenarios\cv\known_visit_grid34_targets10_trials50.csv,10,2,0,0,3,0,0,0,0,0,0.0,0,0,64,6,58,1362,0,125,114.6131,0.9169048000000001,0.9646,1.1052,1.49,24.6531,0.19722479999999998,0.2138,0.2776,0.6249,125,89.96,0.71968,0.7394,0.863,0.9471,completed,,,
10,known_visit,ACBBA,ideal,1.0,34,1156,14,10,acbba_g34_d85_ideal,reruns\grid_density\scenarios\cv\known_visit_grid34_targets10_trials50.csv,11,25,1,0,26,0,2,0,0,0,0.0,0,0,111,53,58,1315,0,51,40.2812,0.7898274509803921,0.7321,1.2571,1.4047,8.0721,0.1582764705882353,0.1293,0.4489,0.6288,51,32.2091,0.6315509803921568,0.6074,0.8082,0.8329,completed,,,
10,known_visit,ACBBA,ideal,1.0,34,1156,14,10,acbba_g34_d85_ideal,reruns\grid_density\scenarios\cv\known_visit_grid34_targets10_trials50.csv,12,16,0,0,17,0,2,0,0,0,0.0,0,0,97,35,62,1329,0,82,71.5638,0.8727292682926829,0.85375,1.1895,1.3747,15.1458,0.18470487804878047,0.15005,0.411,0.5555,82,56.418,0.6880243902439024,0.69505,0.8348,0.8853,completed,,,
10,known_visit,ACBBA,ideal,1.0,34,1156,14,10,acbba_g34_d85_ideal,reruns\grid_density\scenarios\cv\known_visit_grid34_targets10_trials50.csv,13,23,1,0,24,0,1,0,0,0,0.0,0,0,109,49,60,1317,0,63,58.6684,0.9312444444444444,0.9734,1.2153,1.4325,14.2255,0.2258015873015873,0.2333,0.4658,0.5857,63,44.4429,0.7054428571428571,0.7326,0.8279,0.9481,completed,,,
11,known_visit,ACBBA,ideal,1.0,34,1156,14,10,acbba_g34_d85_ideal,reruns\grid_density\scenarios\cv\known_visit_grid34_targets10_trials50.csv,00,30,1,0,29,2,0,0,0,0,0.0,0,0,140,63,77,1535,0,41,38.5224,0.939570731707317,0.9293,1.133,1.2496,8.0889,0.19729024390243904,0.1829,0.3143,0.5055,41,30.4335,0.742280487804878,0.7538,0.86,0.9225,completed,,,
11,known_visit,ACBBA,ideal,1.0,34,1156,14,10,acbba_g34_d85_ideal,reruns\grid_density\scenarios\cv\known_visit_grid34_targets10_trials50.csv,01,33,2,0,34,0,4,0,0,0,0.0,0,0,147,69,78,1528,0,28,24.9867,0.8923821428571428,0.7979499999999999,1.2947,1.2962,5.6531,0.2018964285714286,0.13915,0.5012,0.5094,28,19.3336,0.6904857142857143,0.6675,0.8069,0.8126,completed,,,
11,known_visit,ACBBA,ideal,1.0,34,1156,14,10,acbba_g34_d85_ideal,reruns\grid_density\scenarios\cv\known_visit_grid34_targets10_trials50.csv,02,19,0,0,20,0,1,0,0,0,0.0,0,0,131,44,87,1544,0,78,68.3499,0.8762807692307693,0.86975,1.1836,1.4086,13.9719,0.17912692307692307,0.15560000000000002,0.3935,0.5408,78,54.378,0.6971538461538461,0.71,0.8582,0.9336,completed,,,
11,known_visit,ACBBA,ideal,1.0,34,1156,14,10,acbba_g34_d85_ideal,reruns\grid_density\scenarios\cv\known_visit_grid34_targets10_trials50.csv,03,10,0,0,8,3,2,0,0,0,0.0,0,0,105,27,78,1570,0,105,93.7223,0.8925933333333333,0.8733,1.1726,1.3935,18.6232,0.17736380952380953,0.162,0.33,0.5483,105,75.0991,0.7152295238095239,0.7251,0.8616,0.8775,completed,,,
11,known_visit,ACBBA,ideal,1.0,34,1156,14,10,acbba_g34_d85_ideal,reruns\grid_density\scenarios\cv\known_visit_grid34_targets10_trials50.csv,04,10,0,0,11,0,4,0,0,0,0.0,0,0,112,26,86,1563,0,109,98.8257,0.9066577981651376,0.8898,1.2584,1.468,20.2689,0.1859532110091743,0.1627,0.4363,0.4951,109,78.5568,0.7207045871559633,0.735,0.8802,1.0317,completed,,,
11,known_visit,ACBBA,ideal,1.0,34,1156,14,10,acbba_g34_d85_ideal,reruns\grid_density\scenarios\cv\known_visit_grid34_targets10_trials50.csv,05,13,0,0,14,0,5,0,0,0,0.0,0,0,116,32,84,1559,0,101,90.2713,0.8937752475247525,0.8776,1.2489,1.5285,18.9343,0.18746831683168316,0.1638,0.4182,0.5148,101,71.337,0.7063069306930694,0.7292,0.8448,1.0442,completed,,,
11,known_visit,ACBBA,ideal,1.0,34,1156,14,10,acbba_g34_d85_ideal,reruns\grid_density\scenarios\cv\known_visit_grid34_targets10_trials50.csv,06,11,0,0,12,0,5,0,0,0,0.0,0,0,115,29,86,1560,0,106,94.9207,0.8954783018867924,0.8805499999999999,1.215,1.5189,19.6042,0.18494528301886792,0.1609,0.414,0.631,106,75.3165,0.7105330188679245,0.7269,0.8498,0.9208,completed,,,
11,known_visit,ACBBA,ideal,1.0,34,1156,14,10,acbba_g34_d85_ideal,reruns\grid_density\scenarios\cv\known_visit_grid34_targets10_trials50.csv,07,25,2,0,26,0,7,0,0,0,0.0,0,0,135,55,80,1540,0,60,52.3934,0.8732233333333334,0.83265,1.2695,1.3077,11.4544,0.19090666666666667,0.14275,0.4507,0.5107,60,40.939,0.6823166666666667,0.6925,0.8186,0.8557,completed,,,
11,known_visit,ACBBA,ideal,1.0,34,1156,14,10,acbba_g34_d85_ideal,reruns\grid_density\scenarios\cv\known_visit_grid34_targets10_trials50.csv,08,10,1,0,10,1,3,0,0,0,0.0,0,0,114,27,87,1561,0,109,96.915,0.8891284403669726,0.8714,1.1893,1.507,19.6221,0.18001926605504587,0.1614,0.3876,0.581,109,77.2929,0.7091091743119267,0.7248,0.8606,0.926,completed,,,
11,known_visit,ACBBA,ideal,1.0,34,1156,14,10,acbba_g34_d85_ideal,reruns\grid_density\scenarios\cv\known_visit_grid34_targets10_trials50.csv,09,10,0,1,7,4,2,0,0,0,0.0,0,0,106,26,80,1569,0,108,96.134,0.8901296296296296,0.88175,1.2098,1.4759,19.6283,0.18174351851851853,0.1633,0.3743,0.7076,108,76.5057,0.7083861111111112,0.72435,0.8583,1.0077,completed,,,
11,known_visit,ACBBA,ideal,1.0,34,1156,14,10,acbba_g34_d85_ideal,reruns\grid_density\scenarios\cv\known_visit_grid34_targets10_trials50.csv,10,6,2,0,7,0,2,0,0,0,0.0,0,0,102,17,85,1573,0,118,105.2157,0.8916584745762711,0.9155,1.1089,1.3929,20.7474,0.17582542372881355,0.16699999999999998,0.306,0.5651,118,84.4683,0.7158330508474576,0.7437,0.8723,0.9691,completed,,,
11,known_visit,ACBBA,ideal,1.0,34,1156,14,10,acbba_g34_d85_ideal,reruns\grid_density\scenarios\cv\known_visit_grid34_targets10_trials50.csv,11,6,0,0,7,0,4,0,0,0,0.0,0,0,95,15,80,1580,0,119,105.5609,0.8870663865546219,0.9125,1.1216,1.2859,20.5683,0.17284285714285716,0.1634,0.2322,0.5014,119,84.9926,0.7142235294117647,0.7412,0.8581,0.9782,completed,,,
11,known_visit,ACBBA,ideal,1.0,34,1156,14,10,acbba_g34_d85_ideal,reruns\grid_density\scenarios\cv\known_visit_grid34_targets10_trials50.csv,12,6,0,0,7,0,3,0,0,0,0.0,0,0,99,15,84,1576,0,118,104.1704,0.8828,0.8955500000000001,1.1501,1.2961,20.6479,0.1749822033898305,0.16435,0.384,0.5002,118,83.5225,0.7078177966101694,0.7329,0.8643,0.9488,completed,,,
11,known_visit,ACBBA,ideal,1.0,34,1156,14,10,acbba_g34_d85_ideal,reruns\grid_density\scenarios\cv\known_visit_grid34_targets10_trials50.csv,13,38,2,0,39,0,2,0,0,0,0.0,0,0,159,78,81,1517,0,14,13.538499999999999,0.9670357142857142,0.9702999999999999,1.337,1.337,3.5183999999999997,0.2513142857142857,0.2211,0.5182,0.5182,14,10.0201,0.7157214285714285,0.7551000000000001,0.8479,0.8479,completed,,,
12,known_visit,ACBBA,ideal,1.0,34,1156,14,10,acbba_g34_d85_ideal,reruns\grid_density\scenarios\cv\known_visit_grid34_targets10_trials50.csv,00,21,2,0,22,0,0,0,0,0,0.0,0,0,117,44,73,1398,0,66,50.4889,0.7649833333333333,0.74825,1.1094,1.3243,8.4505,0.12803787878787878,0.11055,0.3351,0.5647,66,42.0384,0.6369454545454546,0.63635,0.7622,0.8846,completed,,,
12,known_visit,ACBBA,ideal,1.0,34,1156,14,10,acbba_g34_d85_ideal,reruns\grid_density\scenarios\cv\known_visit_grid34_targets10_trials50.csv,01,17,1,0,18,0,0,0,0,0,0.0,0,0,106,36,70,1409,0,77,59.9316,0.7783324675324675,0.7487,1.0612,1.283,10.2591,0.13323506493506493,0.1117,0.2793,0.4684,77,49.6725,0.6450974025974026,0.6348,0.8325,0.8936,completed,,,
12,known_visit,ACBBA,ideal,1.0,34,1156,14,10,acbba_g34_d85_ideal,reruns\grid_density\scenarios\cv\known_visit_grid34_targets10_trials50.csv,02,12,0,0,13,0,2,0,0,0,0.0,0,0,101,27,74,1414,0,98,82.466,0.8414897959183673,0.7628999999999999,1.2091,1.4412,15.8576,0.16181224489795917,0.1169,0.521,0.5613,98,66.6084,0.6796775510204082,0.64625,0.85,0.9363,completed,,,
12,known_visit,ACBBA,ideal,1.0,34,1156,14,10,acbba_g34_d85_ideal,reruns\grid_density\scenarios\cv\known_visit_grid34_targets10_trials50.csv,03,12,0,0,13,0,7,0,0,0,0.0,0,0,99,27,72,1416,0,102,88.5847,0.8684774509803921,0.76925,1.3379,1.5037,18.655,0.1828921568627451,0.121,0.562,0.6819,102,69.9297,0.685585294117647,0.6513,0.8326,0.9229,completed,,,
12,known_visit,ACBBA,ideal,1.0,34,1156,14,10,acbba_g34_d85_ideal,reruns\grid_density\scenarios\cv\known_visit_grid34_targets10_trials50.csv,04,11,0,0,12,0,5,0,0,0,0.0,0,0,101,27,74,1414,0,105,91.3257,0.8697685714285714,0.7834,1.2894,1.486,19.1292,0.18218285714285715,0.126,0.513,0.6104,105,72.1965,0.6875857142857142,0.6553,0.8296,0.9085,completed,,,
12,known_visit,ACBBA,ideal,1.0,34,1156,14,10,acbba_g34_d85_ideal,reruns\grid_density\scenarios\cv\known_visit_grid34_targets10_trials50.csv,05,14,1,0,15,0,1,0,0,0,0.0,0,0,102,31,71,1413,0,89,72.98179999999999,0.8200202247191011,0.7609,1.1088,1.4374,13.3553,0.15005955056179776,0.1163,0.3069,0.6469,89,59.6265,0.6699606741573034,0.6466,0.8366,0.9073,completed,,,
12,known_visit,ACBBA,ideal,1.0,34,1156,14,10,acbba_g34_d85_ideal,reruns\grid_density\scenarios\cv\known_visit_grid34_targets10_trials50.csv,06,30,2,0,31,0,1,0,0,0,0.0,0,0,137,62,75,1378,0,40,32.4771,0.8119275,0.73675,1.3068,1.4857,6.3289,0.1582225,0.10275000000000001,0.5262,0.7038,40,26.1482,0.653705,0.6345,0.7962,0.9155,completed,,,
12,known_visit,ACBBA,ideal,1.0,34,1156,14,10,acbba_g34_d85_ideal,reruns\grid_density\scenarios\cv\known_visit_grid34_targets10_trials50.csv,07,7,0,0,8,0,4,0,0,0,0.0,0,0,95,19,76,1420,0,114,99.2954,0.8710122807017544,0.8280000000000001,1.1633,1.4361,20.0788,0.17612982456140353,0.13215,0.5078,0.5873,114,79.2166,0.6948824561403508,0.67615,0.8278,0.8911,completed,,,
12,known_visit,ACBBA,ideal,1.0,34,1156,14,10,acbba_g34_d85_ideal,reruns\grid_density\scenarios\cv\known_visit_grid34_targets10_trials50.csv,08,14,1,0,15,0,1,0,0,0,0.0,0,0,99,31,68,1416,0,87,70.3288,0.8083770114942529,0.7577,1.1033,1.429,12.4373,0.1429574712643678,0.1146,0.2307,0.5283,87,57.8915,0.665419540229885,0.6407,0.8651,0.9281,completed,,,
12,known_visit,ACBBA,ideal,1.0,34,1156,14,10,acbba_g34_d85_ideal,reruns\grid_density\scenarios\cv\known_visit_grid34_targets10_trials50.csv,09,11,0,0,12,0,1,0,0,0,0.0,0,0,93,24,69,1422,0,96,79.8411,0.8316781249999999,0.762,1.1241,1.4382,14.245,0.14838541666666666,0.11645,0.2381,0.5989,96,65.5961,0.6832927083333334,0.64615,0.8494,0.9545,completed,,,
12,known_visit,ACBBA,ideal,1.0,34,1156,14,10,acbba_g34_d85_ideal,reruns\grid_density\scenarios\cv\known_visit_grid34_targets10_trials50.csv,10,9,0,0,10,0,5,0,0,0,0.0,0,0,105,22,83,1410,0,106,91.5283,0.8634745283018868,0.7841,1.2292,1.4648,17.9376,0.16922264150943395,0.12309999999999999,0.4774,0.5975,106,73.5907,0.6942518867924529,0.66415,0.871,0.9688,completed,,,
12,known_visit,ACBBA,ideal,1.0,34,1156,14,10,acbba_g34_d85_ideal,reruns\grid_density\scenarios\cv\known_visit_grid34_targets10_trials50.csv,11,20,2,0,21,0,2,0,0,0,0.0,0,0,122,44,78,1393,0,73,59.4159,0.8139164383561643,0.7502,1.2551,1.5414,11.7651,0.16116575342465753,0.1132,0.5272,0.6909,73,47.6508,0.6527506849315068,0.638,0.818,0.886,completed,,,
12,known_visit,ACBBA,ideal,1.0,34,1156,14,10,acbba_g34_d85_ideal,reruns\grid_density\scenarios\cv\known_visit_grid34_targets10_trials50.csv,12,7,0,0,8,0,2,0,0,0,0.0,0,0,88,16,72,1427,0,111,95.7029,0.8621882882882883,0.7763,1.1678,1.3185,18.2341,0.16427117117117118,0.1216,0.2713,0.5363,111,77.4688,0.6979171171171171,0.6649,0.8921,0.9942,completed,,,
12,known_visit,ACBBA,ideal,1.0,34,1156,14,10,acbba_g34_d85_ideal,reruns\grid_density\scenarios\cv\known_visit_grid34_targets10_trials50.csv,13,34,1,0,35,0,3,0,0,0,0.0,0,0,151,72,79,1365,0,28,29.8132,1.0647571428571427,1.02555,1.4452,1.4902,8.2004,0.29287142857142856,0.24669999999999997,0.5597,0.6614,28,21.6128,0.7718857142857143,0.77615,0.9163,0.935,completed,,,
13,known_visit,ACBBA,ideal,1.0,34,1156,14,10,acbba_g34_d85_ideal,reruns\grid_density\scenarios\cv\known_visit_grid34_targets10_trials50.csv,00,25,0,0,26,0,1,0,0,0,0.0,0,0,140,54,86,1652,0,58,54.3499,0.9370672413793103,0.8956,1.3272,1.4253,14.5061,0.2501051724137931,0.16405,0.4874,0.5937,58,39.8438,0.6869620689655173,0.72145,0.8417,1.0169,completed,,,
13,known_visit,ACBBA,ideal,1.0,34,1156,14,10,acbba_g34_d85_ideal,reruns\grid_density\scenarios\cv\known_visit_grid34_targets10_trials50.csv,01,27,2,0,28,0,1,0,0,0,0.0,0,0,129,56,73,1663,0,50,46.8807,0.937614,0.88595,1.3243,1.423,12.2148,0.244296,0.15875,0.509,0.6085,50,34.6659,0.693318,0.7217,0.8216,0.8917,completed,,,
13,known_visit,ACBBA,ideal,1.0,34,1156,14,10,acbba_g34_d85_ideal,reruns\grid_density\scenarios\cv\known_visit_grid34_targets10_trials50.csv,02,9,0,0,10,0,4,0,0,0,0.0,0,0,114,22,92,1678,0,100,90.8829,0.9088290000000001,0.89995,1.1908,1.3584,20.0044,0.200044,0.17325000000000002,0.4728,0.578,100,70.8785,0.708785,0.7283999999999999,0.8462,0.8843,completed,,,
13,known_visit,ACBBA,ideal,1.0,34,1156,14,10,acbba_g34_d85_ideal,reruns\grid_density\scenarios\cv\known_visit_grid34_targets10_trials50.csv,03,18,0,0,18,1,3,0,0,0,0.0,0,0,118,38,80,1674,0,65,55.3685,0.8518230769230769,0.8838,1.2525,1.2949,11.3024,0.17388307692307692,0.1601,0.4746,0.5336,65,44.0661,0.67794,0.7237,0.7839,0.8271,completed,,,
13,known_visit,ACBBA,ideal,1.0,34,1156,14,10,acbba_g34_d85_ideal,reruns\grid_density\scenarios\cv\known_visit_grid34_targets10_trials50.csv,04,20,1,0,21,0,2,0,0,0,0.0,0,0,122,42,80,1670,0,58,49.5253,0.8538844827586207,0.8747,1.1437,1.2902,9.9343,0.17128103448275864,0.155,0.4885,0.5321,58,39.591,0.6826034482758621,0.7197,0.8443,0.8628,completed,,,
13,known_visit,ACBBA,ideal,1.0,34,1156,14,10,acbba_g34_d85_ideal,reruns\grid_density\scenarios\cv\known_visit_grid34_targets10_trials50.csv,05,32,3,0,33,0,2,0,0,0,0.0,0,0,144,66,78,1648,0,20,16.7601,0.8380050000000001,0.7584,1.2999,1.3451,4.3413,0.217065,0.1303,0.5625,0.5681,20,12.418800000000001,0.62094,0.6465,0.78,0.7826,completed,,,
13,known_visit,ACBBA,ideal,1.0,34,1156,14,10,acbba_g34_d85_ideal,reruns\grid_density\scenarios\cv\known_visit_grid34_targets10_trials50.csv,06,31,1,0,31,1,2,0,0,0,0.0,0,0,149,65,84,1644,0,29,28.4759,0.9819275862068966,1.0093,1.3372,1.3987,7.7940000000000005,0.26875862068965517,0.2353,0.5093,0.5782,29,20.6819,0.7131689655172413,0.7443,0.8426,0.8563,completed,,,
13,known_visit,ACBBA,ideal,1.0,34,1156,14,10,acbba_g34_d85_ideal,reruns\grid_density\scenarios\cv\known_visit_grid34_targets10_trials50.csv,07,8,0,0,9,0,2,0,0,0,0.0,0,0,110,19,91,1682,0,100,90.5474,0.905474,0.8915,1.1181,1.3982,19.2228,0.19222799999999998,0.1751,0.2704,0.5252,100,71.3246,0.713246,0.7258,0.8588,1.0069,completed,,,
13,known_visit,ACBBA,ideal,1.0,34,1156,14,10,acbba_g34_d85_ideal,reruns\grid_density\scenarios\cv\known_visit_grid34_targets10_trials50.csv,08,31,1,0,32,0,3,0,0,0,0.0,0,0,151,65,86,1641,0,26,22.5675,0.8679807692307692,0.83535,1.2492,1.3569,5.914,0.22746153846153844,0.2034,0.4853,0.5355,26,16.6535,0.6405192307692308,0.6281,0.802,0.8214,completed,,,
13,known_visit,ACBBA,ideal,1.0,34,1156,14,10,acbba_g34_d85_ideal,reruns\grid_density\scenarios\cv\known_visit_grid34_targets10_trials50.csv,09,9,0,0,10,0,4,0,0,0,0.0,0,0,113,23,90,1679,0,99,90.0566,0.9096626262626263,0.8915,1.2635,1.3613,19.7341,0.19933434343434345,0.1758,0.4717,0.607,99,70.3225,0.7103282828282829,0.7241,0.8578,0.9347,completed,,,
13,known_visit,ACBBA,ideal,1.0,34,1156,14,10,acbba_g34_d85_ideal,reruns\grid_density\scenarios\cv\known_visit_grid34_targets10_trials50.csv,10,33,1,0,34,0,2,0,0,0,0.0,0,0,155,68,87,1637,0,19,16.7,0.8789473684210526,0.8482,1.2684,1.2684,4.3148,0.22709473684210527,0.1475,0.5876,0.5876,19,12.3852,0.6518526315789474,0.645,0.8008,0.8008,completed,,,
13,known_visit,ACBBA,ideal,1.0,34,1156,14,10,acbba_g34_d85_ideal,reruns\grid_density\scenarios\cv\known_visit_grid34_targets10_trials50.csv,11,6,0,0,7,0,5,0,0,0,0.0,0,0,109,17,92,1683,0,107,97.2296,0.9086878504672897,0.8923,1.1134,1.3996,21.3367,0.19940841121495329,0.18,0.4468,0.6108,107,75.8929,0.7092794392523364,0.722,0.8473,0.8984,completed,,,
13,known_visit,ACBBA,ideal,1.0,34,1156,14,10,acbba_g34_d85_ideal,reruns\grid_density\scenarios\cv\known_visit_grid34_targets10_trials50.csv,12,7,0,0,8,0,3,0,0,0,0.0,0,0,107,19,88,1685,0,103,91.8334,0.8915864077669903,0.8831,1.1037,1.2894,19.953,0.19371844660194174,0.1774,0.3457,0.5239,103,71.8804,0.6978679611650485,0.7197,0.8462,0.947,completed,,,
13,known_visit,ACBBA,ideal,1.0,34,1156,14,10,acbba_g34_d85_ideal,reruns\grid_density\scenarios\cv\known_visit_grid34_targets10_trials50.csv,13,24,1,0,25,0,4,0,0,0,0.0,0,0,132,50,82,1660,0,48,41.8853,0.8726104166666667,0.87495,1.3004,1.3956,9.2433,0.19256874999999998,0.15215,0.5357,0.5804,48,32.642,0.6800416666666668,0.7198,0.8152,0.9192,completed,,,
14,known_visit,ACBBA,ideal,1.0,34,1156,14,10,acbba_g34_d85_ideal,reruns\grid_density\scenarios\cv\known_visit_grid34_targets10_trials50.csv,00,6,0,0,7,0,2,0,0,0,0.0,0,0,70,15,55,1180,0,130,111.1191,0.8547623076923078,0.8352999999999999,1.0505,1.3318,22.6077,0.17390538461538463,0.15739999999999998,0.232,0.5567,130,88.5114,0.680856923076923,0.6712,0.7917,0.9408,completed,,,
14,known_visit,ACBBA,ideal,1.0,34,1156,14,10,acbba_g34_d85_ideal,reruns\grid_density\scenarios\cv\known_visit_grid34_targets10_trials50.csv,01,25,1,0,26,0,1,0,0,0,0.0,0,0,100,52,48,1150,0,67,55.4834,0.828110447761194,0.8172,1.1316,1.1925,10.1556,0.15157611940298507,0.1362,0.2697,0.5256,67,45.3278,0.676534328358209,0.6778,0.7855,1.0545,completed,,,
14,known_visit,ACBBA,ideal,1.0,34,1156,14,10,acbba_g34_d85_ideal,reruns\grid_density\scenarios\cv\known_visit_grid34_targets10_trials50.csv,02,19,0,0,20,0,1,0,0,0,0.0,0,0,100,41,59,1150,0,86,72.5151,0.8431988372093023,0.80875,1.0907,1.2858,13.9276,0.16194883720930234,0.138,0.2662,0.5282,86,58.5875,0.68125,0.67665,0.8133,0.9362,completed,,,
14,known_visit,ACBBA,ideal,1.0,34,1156,14,10,acbba_g34_d85_ideal,reruns\grid_density\scenarios\cv\known_visit_grid34_targets10_trials50.csv,03,41,2,0,42,0,1,0,0,0,0.0,0,0,136,84,52,1114,0,18,15.2793,0.84885,0.78455,1.1242,1.1242,3.1618,0.17565555555555556,0.11795,0.4889,0.4889,18,12.1175,0.6731944444444444,0.6617,0.7851,0.7851,completed,,,
14,known_visit,ACBBA,ideal,1.0,34,1156,14,10,acbba_g34_d85_ideal,reruns\grid_density\scenarios\cv\known_visit_grid34_targets10_trials50.csv,04,4,0,0,5,0,3,0,0,0,0.0,0,0,71,12,59,1179,0,139,120.139,0.8643093525179856,0.8378,1.1411,1.2291,24.8565,0.17882374100719425,0.1708,0.2584,0.5102,139,95.2825,0.6854856115107913,0.6766,0.7988,0.9707,completed,,,
14,known_visit,ACBBA,ideal,1.0,34,1156,14,10,acbba_g34_d85_ideal,reruns\grid_density\scenarios\cv\known_visit_grid34_targets10_trials50.csv,05,23,2,0,24,0,3,0,0,0,0.0,0,0,97,49,48,1153,0,76,63.5291,0.8359092105263158,0.8134,1.1481,1.4086,12.7952,0.1683578947368421,0.1351,0.4788,0.5692,76,50.7339,0.6675513157894737,0.6681,0.7556,0.8394,completed,,,
14,known_visit,ACBBA,ideal,1.0,34,1156,14,10,acbba_g34_d85_ideal,reruns\grid_density\scenarios\cv\known_visit_grid34_targets10_trials50.csv,06,7,0,0,8,0,2,0,0,0,0.0,0,0,65,17,48,1185,0,129,110.8394,0.8592201550387597,0.8355,1.107,1.3573,22.5525,0.17482558139534882,0.1523,0.2601,0.5705,129,88.2869,0.6843945736434108,0.6773,0.797,0.9755,completed,,,
14,known_visit,ACBBA,ideal,1.0,34,1156,14,10,acbba_g34_d85_ideal,reruns\grid_density\scenarios\cv\known_visit_grid34_targets10_trials50.csv,07,6,1,0,7,0,1,0,0,0,0.0,0,0,67,14,53,1183,0,130,110.3018,0.8484753846153846,0.8324499999999999,1.0341,1.292,22.3112,0.17162461538461538,0.1637,0.2318,0.5377,130,87.9906,0.6768507692307693,0.6718,0.7878,0.9652,completed,,,
14,known_visit,ACBBA,ideal,1.0,34,1156,14,10,acbba_g34_d85_ideal,reruns\grid_density\scenarios\cv\known_visit_grid34_targets10_trials50.csv,08,27,2,0,28,0,2,0,0,0,0.0,0,0,111,57,54,1139,0,64,53.1986,0.831228125,0.81515,1.0811,1.2483,9.9933,0.1561453125,0.13324999999999998,0.3375,0.5174,64,43.2053,0.6750828125,0.6792,0.775,0.7848,completed,,,
14,known_visit,ACBBA,ideal,1.0,34,1156,14,10,acbba_g34_d85_ideal,reruns\grid_density\scenarios\cv\known_visit_grid34_targets10_trials50.csv,09,42,2,0,43,0,3,0,0,0,0.0,0,0,142,86,56,1109,0,16,15.6909,0.98068125,1.00605,1.2952,1.2952,4.164,0.26025,0.2272,0.5386,0.5386,16,11.5269,0.72043125,0.7154,0.9695,0.9695,completed,,,
14,known_visit,ACBBA,ideal,1.0,34,1156,14,10,acbba_g34_d85_ideal,reruns\grid_density\scenarios\cv\known_visit_grid34_targets10_trials50.csv,10,5,0,0,6,0,2,0,0,0,0.0,0,0,70,13,57,1180,0,134,114.0791,0.851336567164179,0.8374,1.0892,1.3418,23.2778,0.17371492537313432,0.1542,0.2302,0.5464,134,90.8013,0.6776216417910448,0.6729,0.8004,0.8842,completed,,,
14,known_visit,ACBBA,ideal,1.0,34,1156,14,10,acbba_g34_d85_ideal,reruns\grid_density\scenarios\cv\known_visit_grid34_targets10_trials50.csv,11,7,0,0,8,0,3,0,0,0,0.0,0,0,71,17,54,1179,0,130,112.413,0.8647153846153846,0.8341000000000001,1.0867,1.418,23.7114,0.18239538461538463,0.16570000000000001,0.3269,0.5658,130,88.7016,0.68232,0.67285,0.7934,1.0911,completed,,,
14,known_visit,ACBBA,ideal,1.0,34,1156,14,10,acbba_g34_d85_ideal,reruns\grid_density\scenarios\cv\known_visit_grid34_targets10_trials50.csv,12,8,0,0,9,0,1,0,0,0,0.0,0,0,77,20,57,1173,0,128,109.9876,0.859278125,0.8277,1.1127,1.4666,22.5986,0.1765515625,0.15665,0.3137,0.5713,128,87.389,0.6827265625,0.6773,0.8018,0.919,completed,,,
14,known_visit,ACBBA,ideal,1.0,34,1156,14,10,acbba_g34_d85_ideal,reruns\grid_density\scenarios\cv\known_visit_grid34_targets10_trials50.csv,13,7,0,0,8,0,2,0,0,0,0.0,0,0,74,18,56,1176,0,130,112.0416,0.8618584615384616,0.8353,1.0701,1.2295,23.1965,0.17843461538461539,0.16515000000000002,0.2702,0.5466,130,88.8451,0.6834238461538462,0.67195,0.8006,0.9375,completed,,,
15,known_visit,ACBBA,ideal,1.0,34,1156,14,10,acbba_g34_d85_ideal,reruns\grid_density\scenarios\cv\known_visit_grid34_targets10_trials50.csv,00,8,1,0,9,0,0,0,0,0,0.0,0,0,76,18,58,1214,0,131,112.3374,0.8575374045801527,0.799,1.131,1.3217,21.4912,0.16405496183206106,0.1554,0.2603,0.4999,131,90.8462,0.6934824427480916,0.6559,0.8454,0.9659,completed,,,
15,known_visit,ACBBA,ideal,1.0,34,1156,14,10,acbba_g34_d85_ideal,reruns\grid_density\scenarios\cv\known_visit_grid34_targets10_trials50.csv,01,27,1,0,19,9,1,0,0,0,0.0,0,0,117,57,60,1173,0,70,55.5627,0.7937528571428571,0.732,1.1264,1.6018,10.3766,0.14823714285714285,0.10565,0.3019,0.6989,70,45.1861,0.6455157142857143,0.62875,0.8302,0.9268,completed,,,
15,known_visit,ACBBA,ideal,1.0,34,1156,14,10,acbba_g34_d85_ideal,reruns\grid_density\scenarios\cv\known_visit_grid34_targets10_trials50.csv,02,30,2,0,31,0,1,0,0,0,0.0,0,0,123,62,61,1167,0,60,46.3136,0.7718933333333333,0.7213499999999999,1.1959,1.4379,8.6288,0.14381333333333332,0.0995,0.5043,0.6012,60,37.6848,0.6280800000000001,0.61785,0.8054,0.8598,completed,,,
15,known_visit,ACBBA,ideal,1.0,34,1156,14,10,acbba_g34_d85_ideal,reruns\grid_density\scenarios\cv\known_visit_grid34_targets10_trials50.csv,03,7,1,0,8,0,0,0,0,0,0.0,0,0,73,16,57,1217,0,133,114.3663,0.859896992481203,0.7938,1.1329,1.2726,21.615,0.1625187969924812,0.147,0.2471,0.4954,133,92.7513,0.6973781954887218,0.664,0.8856,0.9994,completed,,,
15,known_visit,ACBBA,ideal,1.0,34,1156,14,10,acbba_g34_d85_ideal,reruns\grid_density\scenarios\cv\known_visit_grid34_targets10_trials50.csv,04,6,0,0,7,0,2,0,0,0,0.0,0,0,81,15,66,1209,0,138,120.0991,0.8702833333333334,0.8255,1.1235,1.3777,23.3587,0.1692659420289855,0.1592,0.253,0.5619,138,96.7404,0.7010173913043478,0.6746,0.8486,0.9107,completed,,,
15,known_visit,ACBBA,ideal,1.0,34,1156,14,10,acbba_g34_d85_ideal,reruns\grid_density\scenarios\cv\known_visit_grid34_targets10_trials50.csv,05,24,0,0,25,0,3,0,0,0,0.0,0,0,111,51,60,1179,0,81,64.4288,0.7954172839506173,0.7594,1.0933,1.4572,11.6471,0.14379135802469137,0.1152,0.2822,0.6148,81,52.7817,0.6516259259259259,0.6267,0.8172,0.8534,completed,,,
15,known_visit,ACBBA,ideal,1.0,34,1156,14,10,acbba_g34_d85_ideal,reruns\grid_density\scenarios\cv\known_visit_grid34_targets10_trials50.csv,06,4,0,0,5,0,1,0,0,0,0.0,0,0,71,11,60,1219,0,143,124.5009,0.8706356643356643,0.8245,1.0962,1.4114,24.1119,0.1686146853146853,0.1673,0.2498,0.603,143,100.389,0.702020979020979,0.6688,0.8495,0.9858,completed,,,
15,known_visit,ACBBA,ideal,1.0,34,1156,14,10,acbba_g34_d85_ideal,reruns\grid_density\scenarios\cv\known_visit_grid34_targets10_trials50.csv,07,6,0,0,7,0,1,0,0,0,0.0,0,0,79,15,64,1211,0,137,119.2991,0.8707963503649635,0.8162,1.1293,1.3756,22.8282,0.16662919708029197,0.1521,0.263,0.5526,137,96.4709,0.7041671532846715,0.6629,0.8751,0.9775,completed,,,
15,known_visit,ACBBA,ideal,1.0,34,1156,14,10,acbba_g34_d85_ideal,reruns\grid_density\scenarios\cv\known_visit_grid34_targets10_trials50.csv,08,3,0,0,4,0,2,0,0,0,0.0,0,0,72,9,63,1218,0,147,129.7753,0.8828251700680271,0.8783,1.1298,1.4035,25.6745,0.174656462585034,0.1651,0.2738,0.6004,147,104.1008,0.7081687074829932,0.6955,0.8767,0.9485,completed,,,
15,known_visit,ACBBA,ideal,1.0,34,1156,14,10,acbba_g34_d85_ideal,reruns\grid_density\scenarios\cv\known_visit_grid34_targets10_trials50.csv,09,4,0,0,5,0,3,0,0,0,0.0,0,0,76,10,66,1214,0,144,126.3288,0.8772833333333333,0.8533999999999999,1.1414,1.3873,24.6492,0.171175,0.16225,0.2566,0.5758,144,101.6796,0.7061083333333333,0.6851499999999999,0.8693,1.0022,completed,,,
15,known_visit,ACBBA,ideal,1.0,34,1156,14,10,acbba_g34_d85_ideal,reruns\grid_density\scenarios\cv\known_visit_grid34_targets10_trials50.csv,10,3,0,0,4,0,2,0,0,0,0.0,0,0,69,10,59,1221,0,147,129.1519,0.8785843537414967,0.8565,1.0934,1.4126,25.5521,0.17382380952380952,0.1717,0.2659,0.5579,147,103.5998,0.7047605442176871,0.6916,0.8404,0.9481,completed,,,
15,known_visit,ACBBA,ideal,1.0,34,1156,14,10,acbba_g34_d85_ideal,reruns\grid_density\scenarios\cv\known_visit_grid34_targets10_trials50.csv,11,7,0,0,8,0,4,0,0,0,0.0,0,0,80,17,63,1210,0,136,118.5959,0.8720286764705882,0.84555,1.1466,1.4618,23.1212,0.17000882352941177,0.15805,0.2578,0.6206,136,95.4747,0.7020198529411764,0.67615,0.8562,0.9756,completed,,,
15,known_visit,ACBBA,ideal,1.0,34,1156,14,10,acbba_g34_d85_ideal,reruns\grid_density\scenarios\cv\known_visit_grid34_targets10_trials50.csv,12,46,3,0,47,0,2,0,0,0,0.0,0,0,158,93,65,1133,0,12,12.5511,1.045925,0.93565,1.474,1.474,3.6488,0.30406666666666665,0.23995,0.6259,0.6259,12,8.9023,0.7418583333333334,0.7434499999999999,0.9167,0.9167,completed,,,
15,known_visit,ACBBA,ideal,1.0,34,1156,14,10,acbba_g34_d85_ideal,reruns\grid_density\scenarios\cv\known_visit_grid34_targets10_trials50.csv,13,22,2,0,23,0,0,0,0,0,0.0,0,0,105,47,58,1185,0,85,67.9423,0.7993211764705883,0.754,1.0796,1.3937,12.4336,0.14627764705882354,0.1146,0.2879,0.5763,85,55.5087,0.6530435294117647,0.6344,0.813,0.8548,completed,,,
16,known_visit,ACBBA,ideal,1.0,34,1156,14,10,acbba_g34_d85_ideal,reruns\grid_density\scenarios\cv\known_visit_grid34_targets10_trials50.csv,00,41,2,0,41,1,0,0,0,0,0.0,0,0,163,84,79,1434,0,19,16.4689,0.8667842105263158,0.8354,1.2589,1.2589,3.8685,0.20360526315789473,0.142,0.5393,0.5393,19,12.6004,0.6631789473684211,0.6539,0.7963,0.7963,completed,,,
16,known_visit,ACBBA,ideal,1.0,34,1156,14,10,acbba_g34_d85_ideal,reruns\grid_density\scenarios\cv\known_visit_grid34_targets10_trials50.csv,01,6,0,0,7,0,2,0,0,0,0.0,0,0,90,14,76,1506,0,132,108.2597,0.8201492424242424,0.75975,1.0829,1.2181,20.6598,0.15651363636363635,0.12835,0.2535,0.4938,132,87.5999,0.6636356060606061,0.64175,0.829,0.9038,completed,,,
16,known_visit,ACBBA,ideal,1.0,34,1156,14,10,acbba_g34_d85_ideal,reruns\grid_density\scenarios\cv\known_visit_grid34_targets10_trials50.csv,02,6,0,0,7,0,1,0,0,0,0.0,0,0,93,16,77,1503,0,133,109.741,0.8251203007518797,0.8165,1.0791,1.2971,21.2582,0.1598360902255639,0.1362,0.2573,0.5626,133,88.4828,0.6652842105263158,0.6581,0.8146,0.9549,completed,,,
16,known_visit,ACBBA,ideal,1.0,34,1156,14,10,acbba_g34_d85_ideal,reruns\grid_density\scenarios\cv\known_visit_grid34_targets10_trials50.csv,03,26,1,0,27,0,5,0,0,0,0.0,0,0,138,54,84,1458,0,72,54.135,0.751875,0.6899500000000001,1.1763,1.338,10.3914,0.144325,0.1042,0.4915,0.5541,72,43.7436,0.60755,0.5880000000000001,0.7112,0.828,completed,,,
16,known_visit,ACBBA,ideal,1.0,34,1156,14,10,acbba_g34_d85_ideal,reruns\grid_density\scenarios\cv\known_visit_grid34_targets10_trials50.csv,04,8,0,0,9,0,3,0,0,0,0.0,0,0,94,19,75,1502,0,128,105.2024,0.82189375,0.76055,1.0757,1.2955,20.403,0.1593984375,0.13285,0.2497,0.524,128,84.7994,0.6624953125,0.63025,0.8253,0.857,completed,,,
16,known_visit,ACBBA,ideal,1.0,34,1156,14,10,acbba_g34_d85_ideal,reruns\grid_density\scenarios\cv\known_visit_grid34_targets10_trials50.csv,05,7,0,0,8,0,5,0,0,0,0.0,0,0,94,17,77,1502,0,133,110.3791,0.8299180451127819,0.7635,1.0983,1.3122,22.1116,0.16625263157894737,0.1314,0.2934,0.5715,133,88.2675,0.6636654135338346,0.6397,0.8285,0.8545,completed,,,
16,known_visit,ACBBA,ideal,1.0,34,1156,14,10,acbba_g34_d85_ideal,reruns\grid_density\scenarios\cv\known_visit_grid34_targets10_trials50.csv,06,24,2,0,25,0,4,0,0,0,0.0,0,0,124,50,74,1472,0,76,55.6547,0.7322986842105262,0.6918,1.1197,1.4004,9.5841,0.1261065789473684,0.1023,0.3268,0.6305,76,46.0706,0.6061921052631579,0.58755,0.7247,0.7929,completed,,,
16,known_visit,ACBBA,ideal,1.0,34,1156,14,10,acbba_g34_d85_ideal,reruns\grid_density\scenarios\cv\known_visit_grid34_targets10_trials50.csv,07,35,2,0,36,0,7,0,0,0,0.0,0,0,155,74,81,1441,0,41,33.1382,0.8082487804878048,0.6758,1.1987,1.271,7.6685,0.18703658536585366,0.0952,0.5098,0.5547,41,25.4697,0.6212121951219512,0.5783,0.7183,0.7836,completed,,,
16,known_visit,ACBBA,ideal,1.0,34,1156,14,10,acbba_g34_d85_ideal,reruns\grid_density\scenarios\cv\known_visit_grid34_targets10_trials50.csv,08,10,0,0,11,0,4,0,0,0,0.0,0,0,111,27,84,1485,0,125,104.3731,0.8349848,0.77,1.1245,1.2676,21.384900000000002,0.17107920000000001,0.1333,0.3191,0.5501,125,82.9882,0.6639056000000001,0.6345,0.8233,0.8983,completed,,,
16,known_visit,ACBBA,ideal,1.0,34,1156,14,10,acbba_g34_d85_ideal,reruns\grid_density\scenarios\cv\known_visit_grid34_targets10_trials50.csv,09,6,0,0,7,0,1,0,0,0,0.0,0,0,96,16,80,1500,0,136,113.4785,0.8344007352941176,0.78445,1.2122,1.4102,22.6615,0.16662867647058824,0.13375,0.2918,0.5643,136,90.817,0.6677720588235294,0.6554,0.8326,1.0017,completed,,,
16,known_visit,ACBBA,ideal,1.0,34,1156,14,10,acbba_g34_d85_ideal,reruns\grid_density\scenarios\cv\known_visit_grid34_targets10_trials50.csv,10,8,1,0,9,0,1,0,0,0,0.0,0,0,97,20,77,1499,0,127,105.5208,0.8308724409448819,0.7933,1.0758,1.3803,20.9184,0.16471181102362203,0.1402,0.2483,0.619,127,84.6024,0.6661606299212599,0.6506,0.8151,0.8431,completed,,,
16,known_visit,ACBBA,ideal,1.0,34,1156,14,10,acbba_g34_d85_ideal,reruns\grid_density\scenarios\cv\known_visit_grid34_targets10_trials50.csv,11,18,1,0,17,2,3,0,0,0,0.0,0,0,117,42,75,1479,0,93,71.3712,0.7674322580645161,0.7173,0.983,1.3878,13.2081,0.1420225806451613,0.1146,0.2933,0.5787,93,58.1631,0.6254096774193548,0.6026,0.7196,0.8091,completed,,,
16,known_visit,ACBBA,ideal,1.0,34,1156,14,10,acbba_g34_d85_ideal,reruns\grid_density\scenarios\cv\known_visit_grid34_targets10_trials50.csv,12,7,0,0,8,0,1,0,0,0,0.0,0,0,90,18,72,1506,0,130,107.0204,0.8232338461538461,0.80075,1.0669,1.3546,20.6289,0.15868384615384618,0.13,0.243,0.5943,130,86.3915,0.66455,0.6580999999999999,0.8189,0.8589,completed,,,
16,known_visit,ACBBA,ideal,1.0,34,1156,14,10,acbba_g34_d85_ideal,reruns\grid_density\scenarios\cv\known_visit_grid34_targets10_trials50.csv,13,26,1,0,27,0,3,0,0,0,0.0,0,0,135,56,79,1461,0,70,52.3255,0.7475071428571428,0.6911,1.0874,1.2738,9.7755,0.13965,0.10300000000000001,0.4477,0.5591,70,42.55,0.6078571428571428,0.5871500000000001,0.7147,0.7676,completed,,,
17,known_visit,ACBBA,ideal,1.0,34,1156,14,10,acbba_g34_d85_ideal,reruns\grid_density\scenarios\cv\known_visit_grid34_targets10_trials50.csv,00,12,0,0,13,0,1,0,0,0,0.0,0,0,82,27,55,1254,0,108,86.8367,0.8040435185185184,0.7411,1.0734,1.3668,16.8328,0.15585925925925925,0.128,0.2722,0.5334,108,70.0039,0.6481842592592593,0.61005,0.8479,0.8574,completed,,,
17,known_visit,ACBBA,ideal,1.0,34,1156,14,10,acbba_g34_d85_ideal,reruns\grid_density\scenarios\cv\known_visit_grid34_targets10_trials50.csv,01,23,2,0,24,0,0,0,0,0,0.0,0,0,100,48,52,1236,0,73,53.0648,0.7269150684931507,0.7049,1.0766,1.1542,9.3709,0.12836849315068494,0.1168,0.162,0.4629,73,43.6939,0.5985465753424657,0.5829,0.7282,0.9621,completed,,,
17,known_visit,ACBBA,ideal,1.0,34,1156,14,10,acbba_g34_d85_ideal,reruns\grid_density\scenarios\cv\known_visit_grid34_targets10_trials50.csv,02,20,1,0,21,0,1,0,0,0,0.0,0,0,100,43,57,1236,0,86,70.8835,0.8242267441860465,0.731,1.1372,1.3457,15.405100000000001,0.17912906976744186,0.12965,0.3406,0.6273,86,55.4784,0.6450976744186047,0.61835,0.7831,0.8261,completed,,,
17,known_visit,ACBBA,ideal,1.0,34,1156,14,10,acbba_g34_d85_ideal,reruns\grid_density\scenarios\cv\known_visit_grid34_targets10_trials50.csv,03,13,0,0,14,0,2,0,0,0,0.0,0,0,88,28,60,1248,0,106,84.2803,0.7950971698113207,0.7354,1.079,1.3812,16.5979,0.15658396226415094,0.12705,0.2781,0.5923,106,67.6824,0.6385132075471698,0.6087,0.8254,0.9081,completed,,,
17,known_visit,ACBBA,ideal,1.0,34,1156,14,10,acbba_g34_d85_ideal,reruns\grid_density\scenarios\cv\known_visit_grid34_targets10_trials50.csv,04,34,1,0,35,0,2,0,0,0,0.0,0,0,127,70,57,1210,0,41,40.6453,0.9913487804878048,1.0133,1.1598,1.3422,10.4439,0.2547292682926829,0.243,0.4732,0.5267,41,30.2014,0.7366195121951219,0.7658,0.8035,0.8309,completed,,,
17,known_visit,ACBBA,ideal,1.0,34,1156,14,10,acbba_g34_d85_ideal,reruns\grid_density\scenarios\cv\known_visit_grid34_targets10_trials50.csv,05,13,0,0,14,0,2,0,0,0,0.0,0,0,86,28,58,1250,0,105,83.4105,0.7943857142857143,0.7403,1.11,1.3184,16.473,0.15688571428571427,0.1328,0.2554,0.5437,105,66.9375,0.6375,0.6066,0.811,0.9261,completed,,,
17,known_visit,ACBBA,ideal,1.0,34,1156,14,10,acbba_g34_d85_ideal,reruns\grid_density\scenarios\cv\known_visit_grid34_targets10_trials50.csv,06,15,1,0,14,2,0,0,0,0,0.0,0,0,86,32,54,1250,0,96,72.9113,0.7594927083333333,0.71,1.1047,1.2795,13.399,0.13957291666666666,0.122,0.223,0.4674,96,59.512299999999996,0.6199197916666667,0.60195,0.8396,0.939,completed,,,
17,known_visit,ACBBA,ideal,1.0,34,1156,14,10,acbba_g34_d85_ideal,reruns\grid_density\scenarios\cv\known_visit_grid34_targets10_trials50.csv,07,14,1,0,15,0,3,0,0,0,0.0,0,0,91,31,60,1245,0,103,81.6061,0.7922922330097087,0.7457,1.0876,1.3944,16.1612,0.15690485436893203,0.1293,0.2343,0.6177,103,65.4449,0.6353873786407768,0.6121,0.8058,0.9043,completed,,,
17,known_visit,ACBBA,ideal,1.0,34,1156,14,10,acbba_g34_d85_ideal,reruns\grid_density\scenarios\cv\known_visit_grid34_targets10_trials50.csv,08,14,0,0,15,0,2,0,0,0,0.0,0,0,93,30,63,1243,0,103,81.6668,0.7928815533980582,0.7337,1.1089,1.3872,16.3734,0.1589650485436893,0.1295,0.246,0.5989,103,65.2934,0.633916504854369,0.6039,0.8244,0.9217,completed,,,
17,known_visit,ACBBA,ideal,1.0,34,1156,14,10,acbba_g34_d85_ideal,reruns\grid_density\scenarios\cv\known_visit_grid34_targets10_trials50.csv,09,4,0,0,5,0,1,0,0,0,0.0,0,0,72,11,61,1264,0,135,113.0044,0.8370696296296296,0.7918,1.0907,1.3042,22.9878,0.17028,0.1496,0.2571,0.5389,135,90.0166,0.6667896296296296,0.6402,0.8412,0.9094,completed,,,
17,known_visit,ACBBA,ideal,1.0,34,1156,14,10,acbba_g34_d85_ideal,reruns\grid_density\scenarios\cv\known_visit_grid34_targets10_trials50.csv,10,14,1,0,15,0,1,0,0,0,0.0,0,0,87,30,57,1249,0,101,77.8832,0.7711207920792079,0.7127,1.0878,1.3912,14.8564,0.1470930693069307,0.1226,0.2376,0.6504,101,63.0268,0.6240277227722772,0.6026,0.8077,1.0003,completed,,,
17,known_visit,ACBBA,ideal,1.0,34,1156,14,10,acbba_g34_d85_ideal,reruns\grid_density\scenarios\cv\known_visit_grid34_targets10_trials50.csv,11,36,2,0,37,0,4,0,0,0,0.0,0,0,143,74,69,1193,0,32,26.5591,0.829971875,0.7444,1.3927,1.4284,6.1207,0.191271875,0.10825,0.5765,0.6065,32,20.4384,0.6387,0.60885,0.8289,0.8519,completed,,,
17,known_visit,ACBBA,ideal,1.0,34,1156,14,10,acbba_g34_d85_ideal,reruns\grid_density\scenarios\cv\known_visit_grid34_targets10_trials50.csv,12,4,0,0,5,0,1,0,0,0,0.0,0,0,66,11,55,1270,0,134,111.5367,0.8323634328358208,0.78915,1.0853,1.2362,22.9244,0.1710776119402985,0.14939999999999998,0.2506,0.5414,134,88.6123,0.6612858208955225,0.6426499999999999,0.8328,0.9847,completed,,,
17,known_visit,ACBBA,ideal,1.0,34,1156,14,10,acbba_g34_d85_ideal,reruns\grid_density\scenarios\cv\known_visit_grid34_targets10_trials50.csv,13,27,1,0,28,0,1,0,0,0,0.0,0,0,116,58,58,1220,0,62,57.0173,0.919633870967742,0.9934499999999999,1.1465,1.3687,13.3537,0.21538225806451614,0.23270000000000002,0.3324,0.5531,62,43.6636,0.7042516129032258,0.75695,0.8141,0.9038,completed,,,
18,known_visit,ACBBA,ideal,1.0,34,1156,14,10,acbba_g34_d85_ideal,reruns\grid_density\scenarios\cv\known_visit_grid34_targets10_trials50.csv,00,29,1,0,30,0,1,0,0,0,0.0,0,0,141,60,81,1749,0,34,28.8549,0.8486735294117648,0.7825500000000001,1.3143,1.3452,6.7217,0.19769705882352942,0.13374999999999998,0.5326,0.5668,34,22.1332,0.6509764705882353,0.6412,0.8604,0.8885,completed,,,
18,known_visit,ACBBA,ideal,1.0,34,1156,14,10,acbba_g34_d85_ideal,reruns\grid_density\scenarios\cv\known_visit_grid34_targets10_trials50.csv,01,15,1,0,16,0,0,0,0,0,0.0,0,0,119,34,85,1771,0,76,66.9853,0.8813855263157894,0.8815500000000001,1.252,1.3154,14.7727,0.19437763157894739,0.18769999999999998,0.4527,0.6107,76,52.2126,0.6870078947368421,0.6876,0.8489,0.9073,completed,,,
18,known_visit,ACBBA,ideal,1.0,34,1156,14,10,acbba_g34_d85_ideal,reruns\grid_density\scenarios\cv\known_visit_grid34_targets10_trials50.csv,02,27,1,0,28,0,4,0,0,0,0.0,0,0,149,59,90,1742,0,45,44.3519,0.9855977777777778,0.979,1.253,1.3562,11.5244,0.25609777777777776,0.2217,0.5065,0.578,45,32.8275,0.7295,0.7116,0.8738,0.9255,completed,,,
18,known_visit,ACBBA,ideal,1.0,34,1156,14,10,acbba_g34_d85_ideal,reruns\grid_density\scenarios\cv\known_visit_grid34_targets10_trials50.csv,03,22,1,0,22,1,3,0,0,0,0.0,0,0,141,48,93,1749,0,53,45.6479,0.8612811320754717,0.8093,1.3375,1.3788,10.3652,0.1955698113207547,0.1534,0.5253,0.6104,53,35.2827,0.665711320754717,0.6728,0.7951,0.8656,completed,,,
18,known_visit,ACBBA,ideal,1.0,34,1156,14,10,acbba_g34_d85_ideal,reruns\grid_density\scenarios\cv\known_visit_grid34_targets10_trials50.csv,04,33,1,1,31,3,4,0,0,0,0.0,0,0,153,69,84,1737,0,21,20.1958,0.9617047619047618,0.9663,1.2828,1.2947,5.4686,0.2604095238095238,0.2043,0.537,0.565,21,14.7272,0.7012952380952381,0.7562,0.8002,0.8084,completed,,,
18,known_visit,ACBBA,ideal,1.0,34,1156,14,10,acbba_g34_d85_ideal,reruns\grid_density\scenarios\cv\known_visit_grid34_targets10_trials50.csv,05,16,0,0,17,0,4,0,0,0,0.0,0,0,128,36,92,1762,0,75,64.5158,0.8602106666666667,0.8309,1.1807,1.3268,15.4705,0.20627333333333334,0.2132,0.4927,0.5268,75,49.0453,0.6539373333333333,0.6447,0.7916,0.8891,completed,,,
18,known_visit,ACBBA,ideal,1.0,34,1156,14,10,acbba_g34_d85_ideal,reruns\grid_density\scenarios\cv\known_visit_grid34_targets10_trials50.csv,06,27,2,0,28,0,5,0,0,0,0.0,0,0,154,58,96,1736,0,39,32.8431,0.8421307692307692,0.7977,1.243,1.257,7.8807,0.20206923076923078,0.137,0.53,0.638,39,24.9624,0.6400615384615385,0.6295,0.8222,0.8327,completed,,,
18,known_visit,ACBBA,ideal,1.0,34,1156,14,10,acbba_g34_d85_ideal,reruns\grid_density\scenarios\cv\known_visit_grid34_targets10_trials50.csv,07,7,0,0,8,0,5,0,0,0,0.0,0,0,121,21,100,1769,0,106,93.7859,0.8847726415094339,0.8826,1.1625,1.3918,22.0732,0.2082377358490566,0.2064,0.376,0.5997,106,71.7127,0.6765349056603773,0.6597999999999999,0.8177,0.9261,completed,,,
18,known_visit,ACBBA,ideal,1.0,34,1156,14,10,acbba_g34_d85_ideal,reruns\grid_density\scenarios\cv\known_visit_grid34_targets10_trials50.csv,08,33,2,0,34,0,6,0,0,0,0.0,0,0,161,69,92,1729,0,21,18.8004,0.8952571428571429,0.8627,1.207,1.379,5.6316999999999995,0.26817619047619046,0.2271,0.5587,0.6013,21,13.1687,0.6270809523809524,0.6227,0.7844,0.8089,completed,,,
18,known_visit,ACBBA,ideal,1.0,34,1156,14,10,acbba_g34_d85_ideal,reruns\grid_density\scenarios\cv\known_visit_grid34_targets10_trials50.csv,09,8,0,0,9,0,5,0,0,0,0.0,0,0,115,21,94,1775,0,103,92.5331,0.8983796116504855,0.9008,1.1515,1.3727,22.1966,0.21550097087378642,0.2081,0.4677,0.5994,103,70.3365,0.682878640776699,0.6684,0.8414,0.8896,completed,,,
18,known_visit,ACBBA,ideal,1.0,34,1156,14,10,acbba_g34_d85_ideal,reruns\grid_density\scenarios\cv\known_visit_grid34_targets10_trials50.csv,10,10,0,0,11,0,3,0,0,0,0.0,0,0,110,26,84,1780,0,95,85.2082,0.8969284210526316,0.8937,1.1852,1.3569,20.3839,0.21456736842105265,0.2067,0.4883,0.5391,95,64.8243,0.6823610526315789,0.6741,0.8194,0.8427,completed,,,
18,known_visit,ACBBA,ideal,1.0,34,1156,14,10,acbba_g34_d85_ideal,reruns\grid_density\scenarios\cv\known_visit_grid34_targets10_trials50.csv,11,28,1,0,29,0,2,0,0,0,0.0,0,0,138,58,80,1752,0,36,29.9824,0.8328444444444444,0.7920499999999999,1.2587,1.2804,6.7903,0.18861944444444445,0.13169999999999998,0.5456,0.5505,36,23.1921,0.644225,0.65405,0.7916,0.8212,completed,,,
18,known_visit,ACBBA,ideal,1.0,34,1156,14,10,acbba_g34_d85_ideal,reruns\grid_density\scenarios\cv\known_visit_grid34_targets10_trials50.csv,12,15,0,0,16,0,5,0,0,0,0.0,0,0,131,36,95,1759,0,79,70.7977,0.896173417721519,0.8791,1.2934,1.7748,16.537,0.20932911392405062,0.1878,0.5487,0.5967,79,54.2607,0.6868443037974683,0.6788,0.8483,1.3159,completed,,,
18,known_visit,ACBBA,ideal,1.0,34,1156,14,10,acbba_g34_d85_ideal,reruns\grid_density\scenarios\cv\known_visit_grid34_targets10_trials50.csv,13,14,0,0,15,0,6,0,0,0,0.0,0,0,130,32,98,1760,0,83,72.0201,0.867712048192771,0.8418,1.2032,1.3394,17.2018,0.20725060240963855,0.1837,0.4476,0.6824,83,54.8183,0.6604614457831325,0.6499,0.7981,0.997,completed,,,
19,known_visit,ACBBA,ideal,1.0,34,1156,14,10,acbba_g34_d85_ideal,reruns\grid_density\scenarios\cv\known_visit_grid34_targets10_trials50.csv,00,27,2,0,28,0,1,0,0,0,0.0,0,0,102,56,46,1094,0,65,46.728,0.7188923076923077,0.6825,1.12,1.3068,8.0691,0.12414000000000001,0.1041,0.2881,0.5413,65,38.6589,0.5947523076923077,0.5807,0.7043,0.9928,completed,,,
19,known_visit,ACBBA,ideal,1.0,34,1156,14,10,acbba_g34_d85_ideal,reruns\grid_density\scenarios\cv\known_visit_grid34_targets10_trials50.csv,01,22,0,0,23,0,2,0,0,0,0.0,0,0,93,46,47,1103,0,82,60.6895,0.7401158536585366,0.6951,0.9347,1.4328,10.9414,0.13343170731707316,0.10685,0.2478,0.5164,82,49.7481,0.6066841463414634,0.58385,0.7355,0.9901,completed,,,
19,known_visit,ACBBA,ideal,1.0,34,1156,14,10,acbba_g34_d85_ideal,reruns\grid_density\scenarios\cv\known_visit_grid34_targets10_trials50.csv,02,23,1,0,24,0,1,3,3,0,0.0,0,0,99,51,48,1097,0,74,53.572,0.723945945945946,0.6885,1.0756,1.2255,9.3892,0.1268810810810811,0.1053,0.2738,0.4784,74,44.1828,0.5970648648648649,0.58025,0.7277,0.9093,completed,,,
19,known_visit,ACBBA,ideal,1.0,34,1156,14,10,acbba_g34_d85_ideal,reruns\grid_density\scenarios\cv\known_visit_grid34_targets10_trials50.csv,03,21,1,0,20,2,0,0,0,0,0.0,0,0,90,44,46,1106,0,84,61.7714,0.7353738095238095,0.6946000000000001,0.9372,1.3001,10.8098,0.12868809523809524,0.10795,0.2294,0.5334,84,50.9616,0.6066857142857143,0.5858,0.7573,0.8159,completed,,,
19,known_visit,ACBBA,ideal,1.0,34,1156,14,10,acbba_g34_d85_ideal,reruns\grid_density\scenarios\cv\known_visit_grid34_targets10_trials50.csv,04,5,0,0,6,0,3,0,0,0,0.0,0,0,68,13,55,1128,0,139,112.6969,0.8107690647482014,0.8168,1.0398,1.3545,22.5325,0.16210431654676258,0.154,0.2362,0.561,139,90.1644,0.6486647482014388,0.6613,0.7935,0.8285,completed,,,
19,known_visit,ACBBA,ideal,1.0,34,1156,14,10,acbba_g34_d85_ideal,reruns\grid_density\scenarios\cv\known_visit_grid34_targets10_trials50.csv,05,5,0,0,6,0,1,0,0,0,0.0,0,0,62,13,49,1134,0,137,111.0258,0.810407299270073,0.8119,1.0422,1.4429,21.9855,0.160478102189781,0.1469,0.2525,0.5831,137,89.0403,0.649929197080292,0.6577,0.8049,0.8966,completed,,,
19,known_visit,ACBBA,ideal,1.0,34,1156,14,10,acbba_g34_d85_ideal,reruns\grid_density\scenarios\cv\known_visit_grid34_targets10_trials50.csv,06,5,0,0,6,0,2,0,0,0,0.0,0,0,68,13,55,1128,0,140,114.3395,0.8167107142857143,0.81165,1.0622,1.4082,23.2522,0.16608714285714285,0.14165,0.3247,0.6112,140,91.0873,0.6506235714285714,0.6605000000000001,0.797,0.9274,completed,,,
19,known_visit,ACBBA,ideal,1.0,34,1156,14,10,acbba_g34_d85_ideal,reruns\grid_density\scenarios\cv\known_visit_grid34_targets10_trials50.csv,07,15,1,0,16,0,2,0,0,0,0.0,0,0,85,35,50,1111,0,104,80.4958,0.773998076923077,0.75055,1.1036,1.3871,15.3104,0.1472153846153846,0.11995,0.2636,0.5965,104,65.1854,0.6267826923076923,0.639,0.7963,0.855,completed,,,
19,known_visit,ACBBA,ideal,1.0,34,1156,14,10,acbba_g34_d85_ideal,reruns\grid_density\scenarios\cv\known_visit_grid34_targets10_trials50.csv,08,34,2,0,35,0,1,0,0,0,0.0,0,0,123,70,53,1073,0,44,32.6263,0.7415068181818182,0.6604000000000001,1.2572,1.313,5.9426,0.1350590909090909,0.09709999999999999,0.4963,0.5896,44,26.6837,0.6064477272727273,0.56365,0.7683,0.9453,completed,,,
19,known_visit,ACBBA,ideal,1.0,34,1156,14,10,acbba_g34_d85_ideal,reruns\grid_density\scenarios\cv\known_visit_grid34_targets10_trials50.csv,09,3,0,0,4,0,1,0,0,0,0.0,0,0,67,9,58,1129,0,144,117.24680000000001,0.8142138888888889,0.8244,1.0658,1.3283,23.4044,0.16253055555555554,0.15675,0.2433,0.5391,144,93.8424,0.6516833333333333,0.6628000000000001,0.8097,0.8829,completed,,,
19,known_visit,ACBBA,ideal,1.0,34,1156,14,10,acbba_g34_d85_ideal,reruns\grid_density\scenarios\cv\known_visit_grid34_targets10_trials50.csv,10,26,1,0,26,1,3,0,0,0,0.0,0,0,107,55,52,1090,0,72,66.489,0.9234583333333334,0.91125,1.0999,1.3576,15.3865,0.2137013888888889,0.20545,0.3055,0.5659,72,51.1025,0.7097569444444445,0.70285,0.816,0.8604,completed,,,
19,known_visit,ACBBA,ideal,1.0,34,1156,14,10,acbba_g34_d85_ideal,reruns\grid_density\scenarios\cv\known_visit_grid34_targets10_trials50.csv,11,2,0,0,3,0,1,0,0,0,0.0,0,0,58,7,51,1138,0,146,118.3795,0.8108184931506849,0.8180499999999999,1.0383,1.4073,23.1473,0.15854315068493152,0.15205000000000002,0.2401,0.6037,146,95.2322,0.6522753424657535,0.659,0.8042,0.9473,completed,,,
19,known_visit,ACBBA,ideal,1.0,34,1156,14,10,acbba_g34_d85_ideal,reruns\grid_density\scenarios\cv\known_visit_grid34_targets10_trials50.csv,12,29,1,0,30,0,1,0,0,0,0.0,0,0,111,60,51,1085,0,62,45.2816,0.7303483870967742,0.68055,1.2396,1.4099,8.323,0.13424193548387098,0.10205,0.4004,0.6157,62,36.9586,0.5961064516129032,0.5742,0.7538,0.8748,completed,,,
19,known_visit,ACBBA,ideal,1.0,34,1156,14,10,acbba_g34_d85_ideal,reruns\grid_density\scenarios\cv\known_visit_grid34_targets10_trials50.csv,13,4,1,0,5,0,0,0,0,0,0.0,0,0,64,11,53,1132,0,139,111.7892,0.8042388489208633,0.814,1.0459,1.2499,21.4408,0.15425035971223022,0.154,0.2361,0.4724,139,90.3484,0.6499884892086331,0.6525,0.8123,0.9355,completed,,,
20,known_visit,ACBBA,ideal,1.0,34,1156,14,10,acbba_g34_d85_ideal,reruns\grid_density\scenarios\cv\known_visit_grid34_targets10_trials50.csv,00,17,0,0,17,1,5,0,0,0,0.0,0,0,117,37,80,1359,0,66,56.1614,0.850930303030303,0.79365,1.2731,1.3399,11.6341,0.17627424242424242,0.13005,0.5098,0.5587,66,44.5273,0.6746560606060605,0.66735,0.7849,0.7948,completed,,,
20,known_visit,ACBBA,ideal,1.0,34,1156,14,10,acbba_g34_d85_ideal,reruns\grid_density\scenarios\cv\known_visit_grid34_targets10_trials50.csv,01,23,1,0,24,0,1,0,0,0,0.0,0,0,125,48,77,1351,0,46,38.7646,0.842708695652174,0.78085,1.3229,1.3762,8.0118,0.1741695652173913,0.11845,0.5745,0.595,46,30.7528,0.6685391304347826,0.6680999999999999,0.7534,0.7812,completed,,,
20,known_visit,ACBBA,ideal,1.0,34,1156,14,10,acbba_g34_d85_ideal,reruns\grid_density\scenarios\cv\known_visit_grid34_targets10_trials50.csv,02,8,1,0,9,0,2,0,0,0,0.0,0,0,84,18,66,1392,0,93,75.9975,0.8171774193548388,0.7959,1.0048,1.3235,14.7993,0.15913225806451614,0.149,0.2106,0.5614,93,61.1982,0.6580451612903225,0.6575,0.7556,0.8224,completed,,,
20,known_visit,ACBBA,ideal,1.0,34,1156,14,10,acbba_g34_d85_ideal,reruns\grid_density\scenarios\cv\known_visit_grid34_targets10_trials50.csv,03,7,0,0,8,0,2,0,0,0,0.0,0,0,97,17,80,1379,0,96,79.8517,0.8317885416666666,0.79775,0.9843,1.4364,15.495,0.16140625,0.15250000000000002,0.2292,0.6019,96,64.3567,0.6703822916666667,0.66475,0.7954,0.8437,completed,,,
20,known_visit,ACBBA,ideal,1.0,34,1156,14,10,acbba_g34_d85_ideal,reruns\grid_density\scenarios\cv\known_visit_grid34_targets10_trials50.csv,04,9,0,0,10,0,1,0,0,0,0.0,0,0,90,20,70,1386,0,89,72.9316,0.819456179775281,0.7895,1.0125,1.3034,13.77,0.1547191011235955,0.1486,0.2313,0.5452,89,59.1616,0.6647370786516854,0.6617,0.7631,0.8401,completed,,,
20,known_visit,ACBBA,ideal,1.0,34,1156,14,10,acbba_g34_d85_ideal,reruns\grid_density\scenarios\cv\known_visit_grid34_targets10_trials50.csv,05,24,1,0,25,0,2,0,0,0,0.0,0,0,122,50,72,1354,0,45,38.1869,0.8485977777777778,0.773,1.3196,1.3786,7.9913,0.17758444444444443,0.1166,0.5597,0.5822,45,30.1956,0.6710133333333334,0.6664,0.7817,0.7964,completed,,,
20,known_visit,ACBBA,ideal,1.0,34,1156,14,10,acbba_g34_d85_ideal,reruns\grid_density\scenarios\cv\known_visit_grid34_targets10_trials50.csv,06,14,2,0,15,0,4,0,0,0,0.0,0,0,114,32,82,1362,0,77,65.7694,0.854148051948052,0.8004,1.3269,1.3598,13.5897,0.1764896103896104,0.1396,0.5643,0.5965,77,52.1797,0.6776584415584416,0.6682,0.7859,0.8057,completed,,,
20,known_visit,ACBBA,ideal,1.0,34,1156,14,10,acbba_g34_d85_ideal,reruns\grid_density\scenarios\cv\known_visit_grid34_targets10_trials50.csv,07,32,2,0,33,0,2,0,0,0,0.0,0,0,147,67,80,1330,0,18,17.639499999999998,0.9799722222222221,0.8948,1.4178,1.4178,5.0687,0.2815944444444444,0.23545,0.618,0.618,18,12.5708,0.6983777777777778,0.67655,0.9262,0.9262,completed,,,
20,known_visit,ACBBA,ideal,1.0,34,1156,14,10,acbba_g34_d85_ideal,reruns\grid_density\scenarios\cv\known_visit_grid34_targets10_trials50.csv,08,13,1,0,14,0,1,0,0,0,0.0,0,0,103,29,74,1373,0,77,63.863,0.8293896103896103,0.7873,1.0574,1.3423,12.221400000000001,0.15871948051948054,0.146,0.298,0.5714,77,51.6416,0.6706701298701299,0.664,0.7648,0.9115,completed,,,
20,known_visit,ACBBA,ideal,1.0,34,1156,14,10,acbba_g34_d85_ideal,reruns\grid_density\scenarios\cv\known_visit_grid34_targets10_trials50.csv,09,9,1,0,10,0,0,0,0,0,0.0,0,0,92,21,71,1384,0,90,73.6298,0.8181088888888889,0.7959,0.9914,1.3488,14.3342,0.15926888888888888,0.14905000000000002,0.2948,0.5831,90,59.2956,0.65884,0.65915,0.7479,0.7718,completed,,,
20,known_visit,ACBBA,ideal,1.0,34,1156,14,10,acbba_g34_d85_ideal,reruns\grid_density\scenarios\cv\known_visit_grid34_targets10_trials50.csv,10,7,0,0,8,0,4,0,0,0,0.0,0,0,94,17,77,1382,0,98,82.0799,0.8375499999999999,0.7974,1.185,1.3559,16.5015,0.1683826530612245,0.1512,0.4861,0.5769,98,65.5784,0.6691673469387756,0.6604000000000001,0.8122,0.9114,completed,,,
20,known_visit,ACBBA,ideal,1.0,34,1156,14,10,acbba_g34_d85_ideal,reruns\grid_density\scenarios\cv\known_visit_grid34_targets10_trials50.csv,11,16,1,0,17,0,2,0,0,0,0.0,0,0,101,36,65,1375,0,67,55.5672,0.8293611940298508,0.7996,1.0487,1.4486,10.8253,0.16157164179104477,0.1273,0.4111,0.5449,67,44.7419,0.667789552238806,0.6687,0.7766,0.913,completed,,,
20,known_visit,ACBBA,ideal,1.0,34,1156,14,10,acbba_g34_d85_ideal,reruns\grid_density\scenarios\cv\known_visit_grid34_targets10_trials50.csv,12,6,0,0,7,0,4,0,0,0,0.0,0,0,99,16,83,1377,0,101,85.37650000000001,0.8453118811881188,0.8094,1.1871,1.399,17.7268,0.17551287128712872,0.153,0.382,0.6399,101,67.6497,0.6697990099009901,0.6617,0.7634,0.9418,completed,,,
20,known_visit,ACBBA,ideal,1.0,34,1156,14,10,acbba_g34_d85_ideal,reruns\grid_density\scenarios\cv\known_visit_grid34_targets10_trials50.csv,13,7,0,0,8,0,1,0,0,0,0.0,0,0,92,17,75,1384,0,98,81.1273,0.8278295918367348,0.79315,1.0847,1.3166,16.0092,0.16335918367346938,0.1503,0.3622,0.5513,98,65.1181,0.6644704081632653,0.6612,0.7824,0.8195,completed,,,
21,known_visit,ACBBA,ideal,1.0,34,1156,14,10,acbba_g34_d85_ideal,reruns\grid_density\scenarios\cv\known_visit_grid34_targets10_trials50.csv,00,5,0,0,6,0,0,1,1,0,0.0,0,0,76,12,64,1124,0,104,80.4356,0.7734192307692307,0.70625,1.0703,1.2385,14.4877,0.13930480769230769,0.10289999999999999,0.3984,0.5418,104,65.9479,0.6341144230769231,0.602,0.7778,0.8021,completed,,,
21,known_visit,ACBBA,ideal,1.0,34,1156,14,10,acbba_g34_d85_ideal,reruns\grid_density\scenarios\cv\known_visit_grid34_targets10_trials50.csv,01,5,1,0,6,0,0,0,0,0,0.0,0,0,78,13,65,1122,0,104,80.4815,0.7738605769230769,0.7059,1.1118,1.1411,14.1249,0.13581634615384616,0.10164999999999999,0.2416,0.5061,104,66.3566,0.6380442307692308,0.6023000000000001,0.778,0.8995,completed,,,
21,known_visit,ACBBA,ideal,1.0,34,1156,14,10,acbba_g34_d85_ideal,reruns\grid_density\scenarios\cv\known_visit_grid34_targets10_trials50.csv,02,5,1,0,6,0,1,0,0,0,0.0,0,0,77,12,65,1123,0,104,79.873,0.7680096153846154,0.69415,0.9924,1.3449,13.8174,0.13285961538461538,0.1026,0.2847,0.5044,104,66.0556,0.63515,0.59735,0.7801,0.8405,completed,,,
21,known_visit,ACBBA,ideal,1.0,34,1156,14,10,acbba_g34_d85_ideal,reruns\grid_density\scenarios\cv\known_visit_grid34_targets10_trials50.csv,03,22,2,0,23,0,1,0,0,0,0.0,0,0,102,46,56,1098,0,51,37.3032,0.731435294117647,0.6781,1.0884,1.2397,6.6293,0.1299862745098039,0.0901,0.4624,0.5942,51,30.6739,0.6014490196078431,0.5863,0.7089,0.7862,completed,,,
21,known_visit,ACBBA,ideal,1.0,34,1156,14,10,acbba_g34_d85_ideal,reruns\grid_density\scenarios\cv\known_visit_grid34_targets10_trials50.csv,04,12,0,0,13,0,3,0,0,0,0.0,0,0,84,26,58,1116,0,83,60.8286,0.7328746987951807,0.6827,1.0872,1.1833,10.4906,0.12639277108433736,0.0984,0.2954,0.5264,83,50.338,0.6064819277108434,0.5876,0.7045,0.8069,completed,,,
21,known_visit,ACBBA,ideal,1.0,34,1156,14,10,acbba_g34_d85_ideal,reruns\grid_density\scenarios\cv\known_visit_grid34_targets10_trials50.csv,05,5,0,0,6,0,4,0,0,0,0.0,0,0,83,13,70,1117,0,104,79.6972,0.7663192307692307,0.6947,0.9816,1.1717,14.0028,0.1346423076923077,0.10189999999999999,0.2322,0.5083,104,65.6944,0.6316769230769231,0.59595,0.7722,0.8023,completed,,,
21,known_visit,ACBBA,ideal,1.0,34,1156,14,10,acbba_g34_d85_ideal,reruns\grid_density\scenarios\cv\known_visit_grid34_targets10_trials50.csv,06,5,0,0,6,0,2,0,0,0,0.0,0,0,79,12,67,1121,0,103,78.5791,0.7629038834951456,0.6942,0.9883,1.1824,13.5461,0.13151553398058252,0.1023,0.2052,0.5222,103,65.033,0.6313883495145631,0.5977,0.7847,0.8728,completed,,,
21,known_visit,ACBBA,ideal,1.0,34,1156,14,10,acbba_g34_d85_ideal,reruns\grid_density\scenarios\cv\known_visit_grid34_targets10_trials50.csv,07,14,2,0,15,0,2,0,0,0,0.0,0,0,92,30,62,1108,0,76,55.0942,0.7249236842105263,0.6792499999999999,1.0916,1.1806,9.3914,0.12357105263157896,0.0942,0.3587,0.5284,76,45.7028,0.6013526315789474,0.5879,0.6851,0.7836,completed,,,
21,known_visit,ACBBA,ideal,1.0,34,1156,14,10,acbba_g34_d85_ideal,reruns\grid_density\scenarios\cv\known_visit_grid34_targets10_trials50.csv,08,7,0,0,8,0,3,0,0,0,0.0,0,0,82,16,66,1118,0,98,74.1879,0.757019387755102,0.69025,1.0451,1.2679,12.88,0.13142857142857145,0.1,0.3628,0.5203,98,61.3079,0.6255908163265306,0.59355,0.7717,0.8461,completed,,,
21,known_visit,ACBBA,ideal,1.0,34,1156,14,10,acbba_g34_d85_ideal,reruns\grid_density\scenarios\cv\known_visit_grid34_targets10_trials50.csv,09,33,3,0,34,0,3,0,0,0,0.0,0,0,125,68,57,1076,0,15,14.1876,0.94584,0.8887,1.3011,1.3011,3.948,0.2632,0.2397,0.4965,0.4965,15,10.2396,0.6826399999999999,0.6648,0.8503,0.8503,completed,,,
21,known_visit,ACBBA,ideal,1.0,34,1156,14,10,acbba_g34_d85_ideal,reruns\grid_density\scenarios\cv\known_visit_grid34_targets10_trials50.csv,10,6,0,0,7,0,1,0,0,0,0.0,0,0,81,15,66,1119,0,100,75.658,0.75658,0.6904,0.9794,1.22,12.7369,0.127369,0.1006,0.1964,0.5272,100,62.9211,0.6292110000000001,0.595,0.7818,0.8427,completed,,,
21,known_visit,ACBBA,ideal,1.0,34,1156,14,10,acbba_g34_d85_ideal,reruns\grid_density\scenarios\cv\known_visit_grid34_targets10_trials50.csv,11,6,1,0,6,1,4,0,0,0,0.0,0,0,86,15,71,1114,0,101,77.6249,0.7685633663366336,0.6942,1.0791,1.1581,13.8455,0.13708415841584157,0.1022,0.364,0.5035,101,63.7794,0.6314792079207922,0.5987,0.7735,0.7978,completed,,,
21,known_visit,ACBBA,ideal,1.0,34,1156,14,10,acbba_g34_d85_ideal,reruns\grid_density\scenarios\cv\known_visit_grid34_targets10_trials50.csv,12,6,0,0,7,0,4,0,0,0,0.0,0,0,80,15,65,1120,0,102,78.9933,0.7744441176470589,0.6929000000000001,1.0188,1.2877,14.2116,0.1393294117647059,0.10135,0.3847,0.5028,102,64.7817,0.635114705882353,0.5949,0.7853,0.8313,completed,,,
21,known_visit,ACBBA,ideal,1.0,34,1156,14,10,acbba_g34_d85_ideal,reruns\grid_density\scenarios\cv\known_visit_grid34_targets10_trials50.csv,13,4,0,0,5,0,2,0,0,0,0.0,0,0,76,13,63,1124,0,107,82.3674,0.769788785046729,0.7004,1.0386,1.2605,14.7285,0.13764953271028038,0.1046,0.2208,0.5159,107,67.6389,0.6321392523364486,0.5987,0.7718,0.846,completed,,,
22,known_visit,ACBBA,ideal,1.0,34,1156,14,10,acbba_g34_d85_ideal,reruns\grid_density\scenarios\cv\known_visit_grid34_targets10_trials50.csv,00,29,2,0,28,2,0,0,0,0,0.0,0,0,125,61,64,1250,0,41,31.2867,0.7630902439024391,0.6997,1.1186,1.3048,5.7373,0.13993414634146342,0.0958,0.3974,0.5126,41,25.5494,0.6231560975609756,0.6009,0.7922,0.8251,completed,,,
22,known_visit,ACBBA,ideal,1.0,34,1156,14,10,acbba_g34_d85_ideal,reruns\grid_density\scenarios\cv\known_visit_grid34_targets10_trials50.csv,01,6,1,0,7,0,2,0,0,0,0.0,0,0,88,14,74,1287,0,119,100.6038,0.8454100840336135,0.8364,1.1406,1.3615,18.544900000000002,0.15583949579831935,0.1456,0.2848,0.542,119,82.0589,0.689570588235294,0.6906,0.8734,0.9274,completed,,,
22,known_visit,ACBBA,ideal,1.0,34,1156,14,10,acbba_g34_d85_ideal,reruns\grid_density\scenarios\cv\known_visit_grid34_targets10_trials50.csv,02,9,0,0,10,0,2,0,0,0,0.0,0,0,85,20,65,1290,0,108,88.7056,0.8213481481481482,0.81,1.1328,1.371,16.4678,0.15247962962962963,0.139,0.3991,0.6227,108,72.23780000000001,0.6688685185185186,0.66875,0.8267,0.9139,completed,,,
22,known_visit,ACBBA,ideal,1.0,34,1156,14,10,acbba_g34_d85_ideal,reruns\grid_density\scenarios\cv\known_visit_grid34_targets10_trials50.csv,03,6,0,0,7,0,2,0,0,0,0.0,0,0,82,14,68,1293,0,118,99.3049,0.8415669491525424,0.8302,1.1691,1.437,18.4761,0.1565771186440678,0.14450000000000002,0.3807,0.574,118,80.8288,0.6849898305084746,0.6812,0.8654,0.9864,completed,,,
22,known_visit,ACBBA,ideal,1.0,34,1156,14,10,acbba_g34_d85_ideal,reruns\grid_density\scenarios\cv\known_visit_grid34_targets10_trials50.csv,04,5,0,0,6,0,2,0,0,0,0.0,0,0,83,15,68,1292,0,119,100.4722,0.8443042016806723,0.8309,1.1286,1.4459,18.5473,0.15585966386554623,0.145,0.2465,0.5862,119,81.9249,0.688444537815126,0.6811,0.8733,0.9658,completed,,,
22,known_visit,ACBBA,ideal,1.0,34,1156,14,10,acbba_g34_d85_ideal,reruns\grid_density\scenarios\cv\known_visit_grid34_targets10_trials50.csv,05,31,3,0,32,0,3,0,0,0,0.0,0,0,135,65,70,1240,0,34,27.6187,0.812314705882353,0.6989000000000001,1.4874,1.5851,5.6852,0.16721176470588237,0.093,0.5948,0.6122,34,21.9335,0.6451029411764706,0.60495,0.9003,0.9903,completed,,,
22,known_visit,ACBBA,ideal,1.0,34,1156,14,10,acbba_g34_d85_ideal,reruns\grid_density\scenarios\cv\known_visit_grid34_targets10_trials50.csv,06,8,0,0,9,0,5,0,0,0,0.0,0,0,88,19,69,1287,0,112,93.7811,0.83733125,0.8226,1.1555,1.5186,17.7851,0.1587955357142857,0.14015,0.4513,0.5835,112,75.996,0.6785357142857142,0.6737,0.8597,0.9351,completed,,,
22,known_visit,ACBBA,ideal,1.0,34,1156,14,10,acbba_g34_d85_ideal,reruns\grid_density\scenarios\cv\known_visit_grid34_targets10_trials50.csv,07,5,0,0,6,0,4,0,0,0,0.0,0,0,78,12,66,1297,0,122,104.0821,0.8531319672131147,0.8388,1.163,1.4639,19.6005,0.16065983606557377,0.14425,0.2821,0.6061,122,84.4816,0.692472131147541,0.6866,0.8641,0.9579,completed,,,
22,known_visit,ACBBA,ideal,1.0,34,1156,14,10,acbba_g34_d85_ideal,reruns\grid_density\scenarios\cv\known_visit_grid34_targets10_trials50.csv,08,6,0,0,7,0,5,0,0,0,0.0,0,0,83,14,69,1292,0,119,100.484,0.8444033613445378,0.8271,1.1351,1.5233,18.8044,0.1580201680672269,0.1459,0.3896,0.6024,119,81.6796,0.6863831932773109,0.6811,0.8951,0.9209,completed,,,
22,known_visit,ACBBA,ideal,1.0,34,1156,14,10,acbba_g34_d85_ideal,reruns\grid_density\scenarios\cv\known_visit_grid34_targets10_trials50.csv,09,23,1,0,24,0,3,0,0,0,0.0,0,0,114,48,66,1261,0,61,47.2529,0.7746377049180327,0.714,1.1785,1.4679,8.4992,0.1393311475409836,0.1042,0.3194,0.6019,61,38.7537,0.6353065573770492,0.6131,0.8207,0.9037,completed,,,
22,known_visit,ACBBA,ideal,1.0,34,1156,14,10,acbba_g34_d85_ideal,reruns\grid_density\scenarios\cv\known_visit_grid34_targets10_trials50.csv,10,6,0,0,7,0,3,0,0,0,0.0,0,0,89,15,74,1286,0,119,99.6918,0.837746218487395,0.8278,1.1411,1.4155,18.564799999999998,0.15600672268907562,0.1442,0.3555,0.5155,119,81.127,0.6817394957983193,0.6794,0.8723,0.9759,completed,,,
22,known_visit,ACBBA,ideal,1.0,34,1156,14,10,acbba_g34_d85_ideal,reruns\grid_density\scenarios\cv\known_visit_grid34_targets10_trials50.csv,11,38,1,0,38,1,5,0,0,0,0.0,0,0,151,79,72,1225,0,15,16.1258,1.0750533333333334,1.1084,1.5126,1.5126,4.6646,0.3109733333333333,0.2656,0.5836,0.5836,15,11.4612,0.76408,0.8059,0.929,0.929,completed,,,
22,known_visit,ACBBA,ideal,1.0,34,1156,14,10,acbba_g34_d85_ideal,reruns\grid_density\scenarios\cv\known_visit_grid34_targets10_trials50.csv,12,9,0,0,10,0,2,0,0,0,0.0,0,0,88,20,68,1287,0,109,89.8253,0.8240853211009174,0.8243,1.1247,1.3317,16.5003,0.1513788990825688,0.1405,0.3804,0.516,109,73.325,0.6727064220183486,0.6833,0.8155,0.8721,completed,,,
22,known_visit,ACBBA,ideal,1.0,34,1156,14,10,acbba_g34_d85_ideal,reruns\grid_density\scenarios\cv\known_visit_grid34_targets10_trials50.csv,13,9,2,0,10,0,0,0,0,0,0.0,0,0,87,20,67,1288,0,108,88.9448,0.8235629629629629,0.8186,1.1651,1.5292,16.493,0.15271296296296294,0.14,0.3772,0.6248,108,72.4518,0.6708500000000001,0.6637,0.8231,0.9451,completed,,,
23,known_visit,ACBBA,ideal,1.0,34,1156,14,10,acbba_g34_d85_ideal,reruns\grid_density\scenarios\cv\known_visit_grid34_targets10_trials50.csv,00,15,0,0,16,0,0,0,0,0,0.0,0,0,73,32,41,918,0,108,78.4782,0.72665,0.73485,0.9387,1.1615,14.7375,0.13645833333333335,0.12655,0.2371,0.4717,108,63.7407,0.5901916666666667,0.59845,0.7104,0.7903,completed,,,
23,known_visit,ACBBA,ideal,1.0,34,1156,14,10,acbba_g34_d85_ideal,reruns\grid_density\scenarios\cv\known_visit_grid34_targets10_trials50.csv,01,34,1,0,32,3,2,0,0,0,0.0,0,0,114,70,44,878,0,48,43.8199,0.9129145833333333,0.8963000000000001,1.2579,1.29,10.6631,0.22214791666666667,0.21215,0.3777,0.5491,48,33.1568,0.6907666666666666,0.67625,0.8224,0.9872,completed,,,
23,known_visit,ACBBA,ideal,1.0,34,1156,14,10,acbba_g34_d85_ideal,reruns\grid_density\scenarios\cv\known_visit_grid34_targets10_trials50.csv,02,32,2,0,33,0,1,0,0,0,0.0,0,0,114,66,48,877,0,53,37.7483,0.7122320754716981,0.665,1.0491,1.3364,6.9309,0.13077169811320755,0.0978,0.3988,0.5779,53,30.8174,0.5814603773584905,0.5587,0.6836,0.7585,completed,,,
23,known_visit,ACBBA,ideal,1.0,34,1156,14,10,acbba_g34_d85_ideal,reruns\grid_density\scenarios\cv\known_visit_grid34_targets10_trials50.csv,03,2,0,0,3,0,0,0,0,0,0.0,0,0,45,6,39,946,0,148,115.2676,0.7788351351351351,0.7605,1.0416,1.3116,22.9754,0.1552391891891892,0.1471,0.2341,0.546,148,92.2922,0.6235959459459459,0.6245499999999999,0.8049,0.893,completed,,,
23,known_visit,ACBBA,ideal,1.0,34,1156,14,10,acbba_g34_d85_ideal,reruns\grid_density\scenarios\cv\known_visit_grid34_targets10_trials50.csv,04,2,1,0,3,0,0,0,0,0,0.0,0,0,44,6,38,947,0,149,115.0409,0.772086577181208,0.7663,1.0493,1.1655,23.092,0.15497986577181208,0.1468,0.244,0.4663,149,91.9489,0.617106711409396,0.6221,0.7896,0.8849,completed,,,
23,known_visit,ACBBA,ideal,1.0,34,1156,14,10,acbba_g34_d85_ideal,reruns\grid_density\scenarios\cv\known_visit_grid34_targets10_trials50.csv,05,33,3,0,34,0,0,0,0,0,0.0,0,0,109,68,41,882,0,49,35.505,0.724591836734694,0.6498,1.2187,1.3764,6.5755,0.1341938775510204,0.1016,0.5042,0.5543,49,28.9295,0.5903979591836734,0.5493,0.7145,0.8221,completed,,,
23,known_visit,ACBBA,ideal,1.0,34,1156,14,10,acbba_g34_d85_ideal,reruns\grid_density\scenarios\cv\known_visit_grid34_targets10_trials50.csv,06,2,0,0,3,0,0,0,0,0,0.0,0,0,55,7,48,936,0,150,117.8659,0.7857726666666667,0.7799,1.0213,1.2242,23.6713,0.15780866666666665,0.15105000000000002,0.2468,0.4906,150,94.1946,0.627964,0.63635,0.7902,0.8942,completed,,,
23,known_visit,ACBBA,ideal,1.0,34,1156,14,10,acbba_g34_d85_ideal,reruns\grid_density\scenarios\cv\known_visit_grid34_targets10_trials50.csv,07,2,0,0,3,0,0,0,0,0,0.0,0,0,48,6,42,943,0,149,117.0487,0.7855617449664429,0.7711,1.0503,1.3579,23.2504,0.1560429530201342,0.1451,0.2375,0.5712,149,93.7983,0.6295187919463087,0.625,0.8137,0.9097,completed,,,
23,known_visit,ACBBA,ideal,1.0,34,1156,14,10,acbba_g34_d85_ideal,reruns\grid_density\scenarios\cv\known_visit_grid34_targets10_trials50.csv,08,2,0,0,3,0,1,0,0,0,0.0,0,0,53,6,47,938,0,150,116.7576,0.778384,0.7711,1.0315,1.3078,22.981,0.15320666666666669,0.149,0.2332,0.5415,150,93.7766,0.6251773333333334,0.63175,0.7993,0.9757,completed,,,
23,known_visit,ACBBA,ideal,1.0,34,1156,14,10,acbba_g34_d85_ideal,reruns\grid_density\scenarios\cv\known_visit_grid34_targets10_trials50.csv,09,3,0,0,4,0,0,0,0,0,0.0,0,0,55,9,46,936,0,147,113.8011,0.7741571428571429,0.7676,1.0203,1.2068,22.7696,0.15489523809523809,0.1506,0.2382,0.5028,147,91.0315,0.6192619047619047,0.6236,0.7887,0.8718,completed,,,
23,known_visit,ACBBA,ideal,1.0,34,1156,14,10,acbba_g34_d85_ideal,reruns\grid_density\scenarios\cv\known_visit_grid34_targets10_trials50.csv,10,32,1,0,33,0,2,0,0,0,0.0,0,0,113,66,47,878,0,54,37.561,0.6955740740740741,0.6524,1.1248,1.2377,6.579,0.12183333333333334,0.09665,0.3855,0.5114,54,30.982,0.5737407407407408,0.55245,0.7263,0.7594,completed,,,
23,known_visit,ACBBA,ideal,1.0,34,1156,14,10,acbba_g34_d85_ideal,reruns\grid_density\scenarios\cv\known_visit_grid34_targets10_trials50.csv,11,2,0,0,3,0,1,0,0,0,0.0,0,0,50,6,44,941,0,150,116.4569,0.7763793333333333,0.75885,1.038,1.2373,23.1647,0.15443133333333334,0.1475,0.2418,0.5199,150,93.2922,0.621948,0.62165,0.8025,0.9017,completed,,,
23,known_visit,ACBBA,ideal,1.0,34,1156,14,10,acbba_g34_d85_ideal,reruns\grid_density\scenarios\cv\known_visit_grid34_targets10_trials50.csv,12,12,2,0,13,0,0,0,0,0,0.0,0,0,72,26,46,919,0,116,85.998,0.7413620689655173,0.7422,1.0004,1.3063,16.7045,0.14400431034482758,0.13440000000000002,0.2194,0.5472,116,69.2935,0.5973577586206896,0.60285,0.7591,0.8678,completed,,,
23,known_visit,ACBBA,ideal,1.0,34,1156,14,10,acbba_g34_d85_ideal,reruns\grid_density\scenarios\cv\known_visit_grid34_targets10_trials50.csv,13,2,0,0,3,0,1,0,0,0,0.0,0,0,47,7,40,944,0,150,117.2441,0.7816273333333333,0.7701,1.0387,1.2867,23.0809,0.15387266666666666,0.14955000000000002,0.2383,0.5267,150,94.1632,0.6277546666666667,0.62045,0.7996,0.8901,completed,,,
24,known_visit,ACBBA,ideal,1.0,34,1156,14,10,acbba_g34_d85_ideal,reruns\grid_density\scenarios\cv\known_visit_grid34_targets10_trials50.csv,00,28,2,0,29,0,1,0,0,0,0.0,0,0,98,58,40,871,0,54,38.9611,0.7215018518518519,0.7050000000000001,1.033,1.1263,6.9122,0.1280037037037037,0.11085,0.3254,0.4842,54,32.048899999999996,0.593498148148148,0.60085,0.7188,0.7893,completed,,,
24,known_visit,ACBBA,ideal,1.0,34,1156,14,10,acbba_g34_d85_ideal,reruns\grid_density\scenarios\cv\known_visit_grid34_targets10_trials50.csv,01,3,0,0,4,0,1,0,0,0,0.0,0,0,52,8,44,917,0,138,116.6959,0.8456224637681159,0.8418,1.0951,1.2312,23.2759,0.1686659420289855,0.18245,0.2485,0.4884,138,93.42,0.6769565217391305,0.657,0.8451,0.9654,completed,,,
24,known_visit,ACBBA,ideal,1.0,34,1156,14,10,acbba_g34_d85_ideal,reruns\grid_density\scenarios\cv\known_visit_grid34_targets10_trials50.csv,02,4,0,0,5,0,1,0,0,0,0.0,0,0,53,10,43,916,0,134,114.4994,0.8544731343283581,0.8327,1.1037,1.2348,23.2686,0.17364626865671642,0.1847,0.2427,0.4989,134,91.2308,0.6808268656716419,0.65045,0.8582,0.9587,completed,,,
24,known_visit,ACBBA,ideal,1.0,34,1156,14,10,acbba_g34_d85_ideal,reruns\grid_density\scenarios\cv\known_visit_grid34_targets10_trials50.csv,03,3,0,0,4,0,0,0,0,0,0.0,0,0,51,8,43,918,0,138,117.4812,0.8513130434782609,0.8435,1.1424,1.331,23.8988,0.17317971014492756,0.1814,0.2543,0.4922,138,93.5824,0.6781333333333334,0.65605,0.8623,1.0466,completed,,,
24,known_visit,ACBBA,ideal,1.0,34,1156,14,10,acbba_g34_d85_ideal,reruns\grid_density\scenarios\cv\known_visit_grid34_targets10_trials50.csv,04,28,1,0,29,0,0,0,0,0,0.0,0,0,97,60,37,872,0,56,41.7511,0.7455553571428571,0.7121500000000001,1.0899,1.1466,7.9858,0.14260357142857144,0.11265,0.468,0.4856,56,33.7653,0.6029517857142858,0.60025,0.719,0.7905,completed,,,
24,known_visit,ACBBA,ideal,1.0,34,1156,14,10,acbba_g34_d85_ideal,reruns\grid_density\scenarios\cv\known_visit_grid34_targets10_trials50.csv,05,3,0,0,4,0,2,0,0,0,0.0,0,0,46,8,38,923,0,138,118.0946,0.8557579710144928,0.8439,1.1229,1.2453,24.1465,0.17497463768115942,0.18375,0.2648,0.5305,138,93.9481,0.6807833333333333,0.65835,0.8606,0.9729,completed,,,
24,known_visit,ACBBA,ideal,1.0,34,1156,14,10,acbba_g34_d85_ideal,reruns\grid_density\scenarios\cv\known_visit_grid34_targets10_trials50.csv,06,3,0,0,4,0,2,0,0,0,0.0,0,0,51,8,43,918,0,138,118.7072,0.8601971014492754,0.84605,1.1182,1.2288,23.9687,0.17368623188405796,0.1832,0.2524,0.5047,138,94.7385,0.6865108695652175,0.65945,0.876,0.9633,completed,,,
24,known_visit,ACBBA,ideal,1.0,34,1156,14,10,acbba_g34_d85_ideal,reruns\grid_density\scenarios\cv\known_visit_grid34_targets10_trials50.csv,07,28,2,0,29,0,1,0,0,0,0.0,0,0,95,58,37,874,0,56,40.6977,0.7267446428571428,0.7111000000000001,1.0444,1.1077,7.2522,0.12950357142857144,0.11035,0.329,0.4971,56,33.4455,0.5972410714285715,0.6045499999999999,0.7355,0.7721,completed,,,
24,known_visit,ACBBA,ideal,1.0,34,1156,14,10,acbba_g34_d85_ideal,reruns\grid_density\scenarios\cv\known_visit_grid34_targets10_trials50.csv,08,3,0,0,4,0,0,0,0,0,0.0,0,0,47,8,39,922,0,137,116.6363,0.8513598540145986,0.8381,1.1388,1.2311,23.8572,0.17414014598540145,0.1832,0.2681,0.5,137,92.7791,0.6772197080291971,0.6523,0.8587,0.981,completed,,,
24,known_visit,ACBBA,ideal,1.0,34,1156,14,10,acbba_g34_d85_ideal,reruns\grid_density\scenarios\cv\known_visit_grid34_targets10_trials50.csv,09,3,0,0,4,0,2,0,0,0,0.0,0,0,51,8,43,918,0,138,118.0574,0.8554884057971015,0.8427,1.1222,1.327,23.7372,0.17200869565217392,0.18275000000000002,0.2392,0.4921,138,94.3202,0.6834797101449276,0.65615,0.873,1.0467,completed,,,
24,known_visit,ACBBA,ideal,1.0,34,1156,14,10,acbba_g34_d85_ideal,reruns\grid_density\scenarios\cv\known_visit_grid34_targets10_trials50.csv,10,3,0,0,4,0,0,0,0,0,0.0,0,0,50,8,42,919,0,138,116.7952,0.8463420289855073,0.83955,1.1005,1.2323,23.7367,0.17200507246376812,0.1801,0.2487,0.4869,138,93.0585,0.6743369565217391,0.6548,0.8692,0.9836,completed,,,
24,known_visit,ACBBA,ideal,1.0,34,1156,14,10,acbba_g34_d85_ideal,reruns\grid_density\scenarios\cv\known_visit_grid34_targets10_trials50.csv,11,43,2,0,44,0,1,0,0,0,0.0,0,0,127,87,40,843,0,10,8.5361,0.85361,0.8355999999999999,1.1448,1.1448,2.1064,0.21064,0.1293,0.5314,0.5314,10,6.4296999999999995,0.6429699999999999,0.6256999999999999,0.8692,0.8692,completed,,,
24,known_visit,ACBBA,ideal,1.0,34,1156,14,10,acbba_g34_d85_ideal,reruns\grid_density\scenarios\cv\known_visit_grid34_targets10_trials50.csv,12,32,3,0,33,0,2,0,0,0,0.0,0,0,107,66,41,862,0,41,30.006,0.7318536585365853,0.7061,1.1286,1.1615,5.8947,0.1437731707317073,0.1068,0.478,0.5278,41,24.1113,0.5880804878048781,0.6021,0.6659,0.7261,completed,,,
24,known_visit,ACBBA,ideal,1.0,34,1156,14,10,acbba_g34_d85_ideal,reruns\grid_density\scenarios\cv\known_visit_grid34_targets10_trials50.csv,13,3,0,0,4,0,1,0,0,0,0.0,0,0,45,8,37,924,0,138,118.6113,0.8595021739130435,0.85755,1.1095,1.2968,24.3677,0.17657753623188405,0.18364999999999998,0.2496,0.5075,138,94.2436,0.6829246376811594,0.65835,0.8628,1.0256,completed,,,
25,known_visit,ACBBA,ideal,1.0,34,1156,14,10,acbba_g34_d85_ideal,reruns\grid_density\scenarios\cv\known_visit_grid34_targets10_trials50.csv,00,26,1,0,26,1,0,0,0,0,0.0,0,0,146,55,91,2034,0,80,63.8746,0.7984325,0.7605500000000001,1.1276,1.372,11.5994,0.1449925,0.11835,0.3536,0.5121,80,52.2752,0.65344,0.6304000000000001,0.7936,1.114,completed,,,
25,known_visit,ACBBA,ideal,1.0,34,1156,14,10,acbba_g34_d85_ideal,reruns\grid_density\scenarios\cv\known_visit_grid34_targets10_trials50.csv,01,11,0,0,12,0,2,0,0,0,0.0,0,0,130,26,104,2050,0,130,107.6204,0.8278492307692308,0.8138,1.0906,1.2802,21.177,0.1629,0.1627,0.2497,0.5804,130,86.4434,0.6649492307692307,0.6568,0.8123,0.8962,completed,,,
25,known_visit,ACBBA,ideal,1.0,34,1156,14,10,acbba_g34_d85_ideal,reruns\grid_density\scenarios\cv\known_visit_grid34_targets10_trials50.csv,02,32,2,0,33,0,5,0,0,0,0.0,0,0,158,66,92,2022,0,63,48.1906,0.7649301587301588,0.7333,1.0644,1.1659,8.7465,0.1388333333333333,0.1111,0.3872,0.4732,63,39.4441,0.6260968253968254,0.6177,0.7319,0.8595,completed,,,
25,known_visit,ACBBA,ideal,1.0,34,1156,14,10,acbba_g34_d85_ideal,reruns\grid_density\scenarios\cv\known_visit_grid34_targets10_trials50.csv,03,24,0,0,25,0,3,0,0,0,0.0,0,0,152,52,100,2028,0,89,72.0319,0.8093471910112359,0.7715,1.1259,1.3357,13.7817,0.1548505617977528,0.1181,0.358,0.5696,89,58.2502,0.6544966292134832,0.6461,0.8185,0.8735,completed,,,
25,known_visit,ACBBA,ideal,1.0,34,1156,14,10,acbba_g34_d85_ideal,reruns\grid_density\scenarios\cv\known_visit_grid34_targets10_trials50.csv,04,13,1,0,14,0,4,0,0,0,0.0,0,0,138,31,107,2042,0,125,105.2671,0.8421368,0.8161,1.1052,1.543,21.5543,0.17243440000000002,0.1547,0.3939,0.7707,125,83.7128,0.6697024,0.6617,0.8273,0.8659,completed,,,
25,known_visit,ACBBA,ideal,1.0,34,1156,14,10,acbba_g34_d85_ideal,reruns\grid_density\scenarios\cv\known_visit_grid34_targets10_trials50.csv,05,28,1,0,29,0,6,0,0,0,0.0,0,0,175,60,115,2005,0,80,65.2121,0.8151512500000001,0.7633,1.2024,1.3238,13.8752,0.17343999999999998,0.11585000000000001,0.4783,0.5618,80,51.3369,0.64171125,0.62975,0.7883,0.8445,completed,,,
25,known_visit,ACBBA,ideal,1.0,34,1156,14,10,acbba_g34_d85_ideal,reruns\grid_density\scenarios\cv\known_visit_grid34_targets10_trials50.csv,06,15,1,0,16,0,4,0,0,0,0.0,0,0,147,37,110,2033,0,120,99.9615,0.8330125,0.8139000000000001,1.0828,1.2664,19.9287,0.16607249999999998,0.1407,0.3863,0.4917,120,80.0328,0.66694,0.6611,0.8118,0.8835,completed,,,
25,known_visit,ACBBA,ideal,1.0,34,1156,14,10,acbba_g34_d85_ideal,reruns\grid_density\scenarios\cv\known_visit_grid34_targets10_trials50.csv,07,35,1,0,35,1,6,0,0,0,0.0,0,0,193,76,117,1988,0,60,56.7049,0.9450816666666667,0.9161,1.2131,1.5354,14.5896,0.24316000000000002,0.1981,0.4814,0.8129,60,42.1153,0.7019216666666667,0.7112499999999999,0.8178,0.8589,completed,,,
25,known_visit,ACBBA,ideal,1.0,34,1156,14,10,acbba_g34_d85_ideal,reruns\grid_density\scenarios\cv\known_visit_grid34_targets10_trials50.csv,08,11,0,0,12,0,7,0,0,0,0.0,0,0,142,27,115,2038,0,134,113.71,0.8485820895522388,0.82565,1.1242,1.8447,23.845299999999998,0.17795,0.16355,0.4427,1.0407,134,89.8647,0.6706320895522389,0.66535,0.8176,0.8937,completed,,,
25,known_visit,ACBBA,ideal,1.0,34,1156,14,10,acbba_g34_d85_ideal,reruns\grid_density\scenarios\cv\known_visit_grid34_targets10_trials50.csv,09,20,1,0,21,0,4,0,0,0,0.0,0,0,154,45,109,2026,0,102,82.7131,0.8109127450980392,0.7878000000000001,1.0948,1.2851,16.4887,0.16165392156862746,0.12285,0.3871,0.4625,102,66.2244,0.6492588235294118,0.6494500000000001,0.767,0.8852,completed,,,
25,known_visit,ACBBA,ideal,1.0,34,1156,14,10,acbba_g34_d85_ideal,reruns\grid_density\scenarios\cv\known_visit_grid34_targets10_trials50.csv,10,8,0,0,9,0,4,0,0,0,0.0,0,0,137,22,115,2043,0,142,120.9075,0.8514612676056338,0.8307,1.14,1.3114,24.6488,0.1735830985915493,0.1693,0.3214,0.5427,142,96.2587,0.6778781690140845,0.6676,0.8498,0.9331,completed,,,
25,known_visit,ACBBA,ideal,1.0,34,1156,14,10,acbba_g34_d85_ideal,reruns\grid_density\scenarios\cv\known_visit_grid34_targets10_trials50.csv,11,26,1,0,27,0,9,0,0,0,0.0,0,0,161,56,105,2019,0,87,70.7798,0.8135609195402298,0.7784,1.1952,1.4957,14.4355,0.16592528735632184,0.1199,0.4241,0.5948,87,56.344300000000004,0.6476356321839081,0.6482,0.7946,0.9009,completed,,,
25,known_visit,ACBBA,ideal,1.0,34,1156,14,10,acbba_g34_d85_ideal,reruns\grid_density\scenarios\cv\known_visit_grid34_targets10_trials50.csv,12,24,0,0,25,0,9,0,0,0,0.0,0,0,166,51,115,2014,0,94,77.0856,0.8200595744680851,0.7787,1.1568,1.267,15.9426,0.16960212765957447,0.12025,0.4356,0.5437,94,61.143,0.6504574468085107,0.6439999999999999,0.8047,0.8483,completed,,,
25,known_visit,ACBBA,ideal,1.0,34,1156,14,10,acbba_g34_d85_ideal,reruns\grid_density\scenarios\cv\known_visit_grid34_targets10_trials50.csv,13,31,1,0,32,0,5,0,0,0,0.0,0,0,182,69,113,1998,0,69,62.8393,0.9107144927536233,0.9069,1.209,1.3581,15.0818,0.2185768115942029,0.196,0.4601,0.585,69,47.7575,0.6921376811594203,0.7121,0.832,0.863,completed,,,
26,known_visit,ACBBA,ideal,1.0,34,1156,14,10,acbba_g34_d85_ideal,reruns\grid_density\scenarios\cv\known_visit_grid34_targets10_trials50.csv,00,6,1,0,6,1,1,0,0,0,0.0,0,0,74,15,59,1192,0,132,109.5822,0.8301681818181819,0.8166,1.0882,1.4122,20.4008,0.15455151515151516,0.1244,0.2497,0.5629,132,89.1814,0.6756166666666666,0.681,0.8344,0.8912,completed,,,
26,known_visit,ACBBA,ideal,1.0,34,1156,14,10,acbba_g34_d85_ideal,reruns\grid_density\scenarios\cv\known_visit_grid34_targets10_trials50.csv,01,6,0,0,7,0,2,1,1,0,0.0,0,0,77,15,62,1189,0,132,109.945,0.8329166666666666,0.8111999999999999,1.0677,1.3586,20.2991,0.1537810606060606,0.1248,0.2399,0.5862,132,89.6459,0.6791356060606061,0.67975,0.8274,0.8962,completed,,,
26,known_visit,ACBBA,ideal,1.0,34,1156,14,10,acbba_g34_d85_ideal,reruns\grid_density\scenarios\cv\known_visit_grid34_targets10_trials50.csv,02,6,1,0,7,0,1,0,0,0,0.0,0,0,74,14,60,1192,0,132,109.3204,0.8281848484848485,0.8059000000000001,1.0746,1.3819,20.0834,0.1521469696969697,0.12774999999999997,0.2566,0.5842,132,89.237,0.6760378787878788,0.67775,0.82,0.9631,completed,,,
26,known_visit,ACBBA,ideal,1.0,34,1156,14,10,acbba_g34_d85_ideal,reruns\grid_density\scenarios\cv\known_visit_grid34_targets10_trials50.csv,03,42,3,0,43,0,4,0,0,0,0.0,0,0,149,88,61,1117,0,16,16.2679,1.01674375,0.9942,1.548,1.548,4.7919,0.29949375,0.2621,0.6308,0.6308,16,11.476,0.71725,0.7031000000000001,0.9172,0.9172,completed,,,
26,known_visit,ACBBA,ideal,1.0,34,1156,14,10,acbba_g34_d85_ideal,reruns\grid_density\scenarios\cv\known_visit_grid34_targets10_trials50.csv,04,14,1,0,15,0,1,0,0,0,0.0,0,0,90,30,60,1176,0,108,86.2998,0.7990722222222223,0.78905,1.0715,1.4043,15.7693,0.14601203703703702,0.12145,0.2818,0.6358,108,70.5305,0.6530601851851853,0.6705,0.7965,0.8891,completed,,,
26,known_visit,ACBBA,ideal,1.0,34,1156,14,10,acbba_g34_d85_ideal,reruns\grid_density\scenarios\cv\known_visit_grid34_targets10_trials50.csv,05,5,0,0,6,0,2,0,0,0,0.0,0,0,75,13,62,1191,0,137,116.4512,0.8500087591240876,0.8219,1.161,1.4178,21.78,0.15897810218978103,0.1311,0.2405,0.6179,137,94.6712,0.6910306569343065,0.6796,0.84,1.0292,completed,,,
26,known_visit,ACBBA,ideal,1.0,34,1156,14,10,acbba_g34_d85_ideal,reruns\grid_density\scenarios\cv\known_visit_grid34_targets10_trials50.csv,06,44,2,0,45,0,1,0,0,0,0.0,0,0,152,89,63,1115,0,12,11.7779,0.9814916666666668,0.8755999999999999,1.4509,1.4509,3.4598,0.28831666666666667,0.18775,0.5954,0.5954,12,8.3181,0.693175,0.70895,0.8572,0.8572,completed,,,
26,known_visit,ACBBA,ideal,1.0,34,1156,14,10,acbba_g34_d85_ideal,reruns\grid_density\scenarios\cv\known_visit_grid34_targets10_trials50.csv,07,6,0,0,7,0,3,0,0,0,0.0,0,0,83,15,68,1183,0,135,112.4263,0.8327874074074074,0.8076,1.1154,1.3748,21.1472,0.15664592592592594,0.1286,0.2401,0.6048,135,91.2791,0.6761414814814815,0.6748,0.8149,0.9426,completed,,,
26,known_visit,ACBBA,ideal,1.0,34,1156,14,10,acbba_g34_d85_ideal,reruns\grid_density\scenarios\cv\known_visit_grid34_targets10_trials50.csv,08,4,0,0,5,0,1,0,0,0,0.0,0,0,74,13,61,1192,0,139,116.5735,0.838658273381295,0.8128,1.1185,1.3352,21.9478,0.15789784172661872,0.1276,0.261,0.5515,139,94.6257,0.6807604316546763,0.6761,0.8206,0.9348,completed,,,
26,known_visit,ACBBA,ideal,1.0,34,1156,14,10,acbba_g34_d85_ideal,reruns\grid_density\scenarios\cv\known_visit_grid34_targets10_trials50.csv,09,13,1,0,14,0,2,0,0,0,0.0,0,0,90,28,62,1176,0,109,86.0665,0.7896009174311927,0.7856,1.0573,1.4518,15.2572,0.1399743119266055,0.1179,0.2509,0.6217,109,70.8093,0.6496266055045871,0.6687,0.8045,0.8871,completed,,,
26,known_visit,ACBBA,ideal,1.0,34,1156,14,10,acbba_g34_d85_ideal,reruns\grid_density\scenarios\cv\known_visit_grid34_targets10_trials50.csv,10,6,0,0,7,0,2,0,0,0,0.0,0,0,73,14,59,1193,0,134,110.8733,0.8274126865671642,0.8138000000000001,1.0698,1.3911,20.7976,0.15520597014925372,0.1259,0.2337,0.5849,134,90.0757,0.6722067164179104,0.67845,0.8266,0.922,completed,,,
26,known_visit,ACBBA,ideal,1.0,34,1156,14,10,acbba_g34_d85_ideal,reruns\grid_density\scenarios\cv\known_visit_grid34_targets10_trials50.csv,11,17,1,0,18,0,1,0,0,0,0.0,0,0,97,36,61,1169,0,97,75.4658,0.7779979381443299,0.7873,0.9433,1.4884,12.6952,0.13087835051546393,0.118,0.1653,0.6228,97,62.7706,0.647119587628866,0.6672,0.8099,0.9247,completed,,,
26,known_visit,ACBBA,ideal,1.0,34,1156,14,10,acbba_g34_d85_ideal,reruns\grid_density\scenarios\cv\known_visit_grid34_targets10_trials50.csv,12,5,0,0,6,0,4,0,0,0,0.0,0,0,82,13,69,1184,0,137,112.4796,0.8210189781021898,0.8011,1.0694,1.4142,21.2808,0.15533430656934305,0.1227,0.2758,0.6176,137,91.1988,0.6656846715328467,0.6695,0.8219,0.8882,completed,,,
26,known_visit,ACBBA,ideal,1.0,34,1156,14,10,acbba_g34_d85_ideal,reruns\grid_density\scenarios\cv\known_visit_grid34_targets10_trials50.csv,13,4,0,0,5,0,2,0,0,0,0.0,0,0,77,13,64,1189,0,140,118.4122,0.8458014285714286,0.8160000000000001,1.0772,1.4331,22.4711,0.16050785714285715,0.13340000000000002,0.2638,0.5904,140,95.9411,0.6852935714285715,0.67645,0.8179,0.9061,completed,,,
27,known_visit,ACBBA,ideal,1.0,34,1156,14,10,acbba_g34_d85_ideal,reruns\grid_density\scenarios\cv\known_visit_grid34_targets10_trials50.csv,00,18,1,0,15,4,0,0,0,0,0.0,0,0,101,39,62,1366,0,119,88.7777,0.7460310924369747,0.7704,0.9982,1.2786,14.2521,0.1197655462184874,0.1086,0.1814,0.5189,119,74.5256,0.6262655462184874,0.6559,0.7664,0.9238,completed,,,
27,known_visit,ACBBA,ideal,1.0,34,1156,14,10,acbba_g34_d85_ideal,reruns\grid_density\scenarios\cv\known_visit_grid34_targets10_trials50.csv,01,10,0,0,11,0,1,0,0,0,0.0,0,0,88,23,65,1379,0,147,115.9476,0.7887591836734693,0.7885,1.0744,1.458,20.4935,0.13941156462585036,0.1248,0.2112,0.5517,147,95.4541,0.6493476190476191,0.6716,0.8135,0.9302,completed,,,
27,known_visit,ACBBA,ideal,1.0,34,1156,14,10,acbba_g34_d85_ideal,reruns\grid_density\scenarios\cv\known_visit_grid34_targets10_trials50.csv,02,27,1,0,26,2,2,0,0,0,0.0,0,0,129,59,70,1338,0,94,70.306,0.7479361702127659,0.7585,1.1263,1.5048,12.5513,0.13352446808510637,0.1063,0.4022,0.653,94,57.7547,0.6144117021276596,0.6476500000000001,0.8186,0.8678,completed,,,
27,known_visit,ACBBA,ideal,1.0,34,1156,14,10,acbba_g34_d85_ideal,reruns\grid_density\scenarios\cv\known_visit_grid34_targets10_trials50.csv,03,6,0,0,6,1,4,0,0,0,0.0,0,0,88,17,71,1379,0,163,131.1224,0.8044319018404907,0.8087,1.0234,1.2763,23.7438,0.1456674846625767,0.1241,0.2524,0.5141,163,107.3786,0.6587644171779141,0.6773,0.8029,0.9244,completed,,,
27,known_visit,ACBBA,ideal,1.0,34,1156,14,10,acbba_g34_d85_ideal,reruns\grid_density\scenarios\cv\known_visit_grid34_targets10_trials50.csv,04,12,0,0,13,0,7,0,0,0,0.0,0,0,98,28,70,1369,0,148,118.6277,0.8015385135135136,0.79905,1.1557,1.3861,21.7364,0.14686756756756755,0.11945,0.3968,0.5654,148,96.8913,0.654670945945946,0.6773499999999999,0.8276,0.9313,completed,,,
27,known_visit,ACBBA,ideal,1.0,34,1156,14,10,acbba_g34_d85_ideal,reruns\grid_density\scenarios\cv\known_visit_grid34_targets10_trials50.csv,05,8,0,0,9,0,4,0,0,0,0.0,0,0,88,20,68,1379,0,158,128.2921,0.8119753164556962,0.8032,1.0628,1.3786,23.1933,0.14679303797468354,0.1241,0.22,0.5618,158,105.0988,0.6651822784810126,0.6854,0.8194,0.8765,completed,,,
27,known_visit,ACBBA,ideal,1.0,34,1156,14,10,acbba_g34_d85_ideal,reruns\grid_density\scenarios\cv\known_visit_grid34_targets10_trials50.csv,06,8,1,0,9,0,3,0,0,0,0.0,0,0,97,21,76,1370,0,158,127.6197,0.8077196202531646,0.80675,1.0718,1.3892,23.2717,0.1472892405063291,0.12625,0.2512,0.5564,158,104.348,0.6604303797468354,0.6827000000000001,0.8161,0.8922,completed,,,
27,known_visit,ACBBA,ideal,1.0,34,1156,14,10,acbba_g34_d85_ideal,reruns\grid_density\scenarios\cv\known_visit_grid34_targets10_trials50.csv,07,8,0,0,9,0,5,0,0,0,0.0,0,0,94,20,74,1373,0,159,129.1252,0.812108176100629,0.8087,1.1062,1.3556,23.2257,0.1460735849056604,0.1254,0.239,0.5452,159,105.8995,0.6660345911949686,0.6822,0.8317,0.9093,completed,,,
27,known_visit,ACBBA,ideal,1.0,34,1156,14,10,acbba_g34_d85_ideal,reruns\grid_density\scenarios\cv\known_visit_grid34_targets10_trials50.csv,08,6,1,0,6,1,3,0,0,0,0.0,0,0,86,16,70,1381,0,162,131.5004,0.8117308641975309,0.80515,1.0453,1.4578,23.483,0.1449567901234568,0.1277,0.2178,0.5368,162,108.0174,0.6667740740740741,0.68185,0.8112,0.9269,completed,,,
27,known_visit,ACBBA,ideal,1.0,34,1156,14,10,acbba_g34_d85_ideal,reruns\grid_density\scenarios\cv\known_visit_grid34_targets10_trials50.csv,09,26,2,0,27,0,2,0,0,0,0.0,0,0,118,54,64,1349,0,97,69.4128,0.7155958762886598,0.7465,0.9594,1.2661,11.4219,0.11775154639175259,0.1078,0.2363,0.5136,97,57.990899999999996,0.5978443298969072,0.6335,0.7321,0.8335,completed,,,
27,known_visit,ACBBA,ideal,1.0,34,1156,14,10,acbba_g34_d85_ideal,reruns\grid_density\scenarios\cv\known_visit_grid34_targets10_trials50.csv,10,7,0,0,8,0,2,0,0,0,0.0,0,0,82,16,66,1385,0,159,127.9085,0.8044559748427673,0.8092,1.0268,1.2455,22.5053,0.14154276729559748,0.1244,0.217,0.5149,159,105.4032,0.6629132075471698,0.6799,0.8098,0.8684,completed,,,
27,known_visit,ACBBA,ideal,1.0,34,1156,14,10,acbba_g34_d85_ideal,reruns\grid_density\scenarios\cv\known_visit_grid34_targets10_trials50.csv,11,7,0,0,8,0,4,0,0,0,0.0,0,0,99,19,80,1368,0,162,132.1507,0.8157450617283951,0.813,1.0776,1.3883,24.0988,0.14875802469135802,0.12669999999999998,0.2526,0.5524,162,108.0519,0.6669870370370371,0.6835500000000001,0.8268,0.8854,completed,,,
27,known_visit,ACBBA,ideal,1.0,34,1156,14,10,acbba_g34_d85_ideal,reruns\grid_density\scenarios\cv\known_visit_grid34_targets10_trials50.csv,12,52,2,0,53,0,0,0,0,0,0.0,0,0,181,105,76,1287,0,14,14.8729,1.06235,1.09255,1.3976,1.3976,4.6889,0.3349214285714286,0.3413,0.5711,0.5711,14,10.184,0.7274285714285714,0.74605,0.8265,0.8265,completed,,,
27,known_visit,ACBBA,ideal,1.0,34,1156,14,10,acbba_g34_d85_ideal,reruns\grid_density\scenarios\cv\known_visit_grid34_targets10_trials50.csv,13,25,2,0,26,0,1,0,0,0,0.0,0,0,119,52,67,1348,0,101,75.3234,0.7457762376237624,0.7612,1.2332,1.4303,13.3606,0.13228316831683168,0.1065,0.4617,0.533,101,61.9628,0.6134930693069307,0.6486,0.7843,0.8973,completed,,,
28,known_visit,ACBBA,ideal,1.0,34,1156,14,10,acbba_g34_d85_ideal,reruns\grid_density\scenarios\cv\known_visit_grid34_targets10_trials50.csv,00,25,1,0,26,0,1,0,0,0,0.0,0,0,143,53,90,1824,0,145,106.8551,0.736931724137931,0.7213,0.961,1.3299,18.6794,0.1288234482758621,0.1055,0.2368,0.5437,145,88.1757,0.6081082758620691,0.6205,0.7408,0.8136,completed,,,
28,known_visit,ACBBA,ideal,1.0,34,1156,14,10,acbba_g34_d85_ideal,reruns\grid_density\scenarios\cv\known_visit_grid34_targets10_trials50.csv,01,30,1,0,31,0,4,0,0,0,0.0,0,0,160,65,95,1807,0,131,99.2364,0.7575297709923664,0.7268,1.1187,1.2668,18.151,0.13855725190839693,0.1073,0.4376,0.5656,131,81.0854,0.6189725190839696,0.622,0.7708,0.8897,completed,,,
28,known_visit,ACBBA,ideal,1.0,34,1156,14,10,acbba_g34_d85_ideal,reruns\grid_density\scenarios\cv\known_visit_grid34_targets10_trials50.csv,02,39,2,0,38,2,2,0,0,0,0.0,0,0,165,82,83,1802,0,95,71.46,0.7522105263157894,0.7578,1.0885,1.1806,13.0364,0.13722526315789474,0.1073,0.3133,0.4967,95,58.4236,0.6149852631578947,0.6248,0.6971,0.8673,completed,,,
28,known_visit,ACBBA,ideal,1.0,34,1156,14,10,acbba_g34_d85_ideal,reruns\grid_density\scenarios\cv\known_visit_grid34_targets10_trials50.csv,03,19,0,0,18,2,4,2,2,0,0.0,0,0,132,44,88,1835,0,164,124.0521,0.756415243902439,0.7487999999999999,1.0441,1.3503,22.7465,0.13869817073170732,0.10944999999999999,0.3338,0.608,164,101.3056,0.6177170731707317,0.62615,0.7611,0.8461,completed,,,
28,known_visit,ACBBA,ideal,1.0,34,1156,14,10,acbba_g34_d85_ideal,reruns\grid_density\scenarios\cv\known_visit_grid34_targets10_trials50.csv,04,26,0,0,27,0,3,0,0,0,0.0,0,0,139,54,85,1828,0,140,104.194,0.7442428571428572,0.7314499999999999,1.0301,1.3049,17.8426,0.12744714285714287,0.10565,0.2352,0.5412,140,86.3514,0.6167957142857142,0.62045,0.7533,0.8454,completed,,,
28,known_visit,ACBBA,ideal,1.0,34,1156,14,10,acbba_g34_d85_ideal,reruns\grid_density\scenarios\cv\known_visit_grid34_targets10_trials50.csv,05,10,1,0,11,0,5,0,0,0,0.0,0,0,118,24,94,1849,0,197,153.5365,0.7793730964467005,0.7747,1.0438,1.336,28.7556,0.14596751269035532,0.1158,0.235,0.5309,197,124.7809,0.6334055837563451,0.635,0.8001,0.8409,completed,,,
28,known_visit,ACBBA,ideal,1.0,34,1156,14,10,acbba_g34_d85_ideal,reruns\grid_density\scenarios\cv\known_visit_grid34_targets10_trials50.csv,06,27,1,0,28,0,7,0,0,0,0.0,0,0,153,58,95,1814,0,141,108.1645,0.7671241134751773,0.744,1.1575,1.3787,20.8754,0.14805248226950354,0.1064,0.4598,0.5839,141,87.2891,0.6190716312056738,0.6328,0.7851,0.8237,completed,,,
28,known_visit,ACBBA,ideal,1.0,34,1156,14,10,acbba_g34_d85_ideal,reruns\grid_density\scenarios\cv\known_visit_grid34_targets10_trials50.csv,07,26,1,0,27,0,2,0,0,0,0.0,0,0,137,54,83,1830,0,139,102.4913,0.7373474820143885,0.7283,1.0141,1.3699,17.4286,0.12538561151079136,0.106,0.2462,0.5753,139,85.0627,0.6119618705035972,0.6228,0.784,0.8421,completed,,,
28,known_visit,ACBBA,ideal,1.0,34,1156,14,10,acbba_g34_d85_ideal,reruns\grid_density\scenarios\cv\known_visit_grid34_targets10_trials50.csv,08,10,0,0,11,0,4,0,0,0,0.0,0,0,118,25,93,1849,0,194,148.00469999999999,0.762910824742268,0.76605,1.0232,1.3367,27.6586,0.1425701030927835,0.11424999999999999,0.2281,0.5377,194,120.34609999999999,0.6203407216494845,0.631,0.7584,0.8452,completed,,,
28,known_visit,ACBBA,ideal,1.0,34,1156,14,10,acbba_g34_d85_ideal,reruns\grid_density\scenarios\cv\known_visit_grid34_targets10_trials50.csv,09,18,0,0,19,0,5,0,0,0,0.0,0,0,135,42,93,1832,0,168,126.5221,0.753107738095238,0.7479,0.979,1.2997,23.0352,0.13711428571428572,0.10905000000000001,0.2265,0.5405,168,103.4869,0.6159934523809524,0.6265499999999999,0.7526,0.8079,completed,,,
28,known_visit,ACBBA,ideal,1.0,34,1156,14,10,acbba_g34_d85_ideal,reruns\grid_density\scenarios\cv\known_visit_grid34_targets10_trials50.csv,10,8,0,0,9,0,5,0,0,0,0.0,0,0,122,23,99,1845,0,202,157.3619,0.779019306930693,0.7739499999999999,1.0452,1.3456,29.7088,0.14707326732673268,0.1192,0.2516,0.5085,202,127.6531,0.6319460396039603,0.6349,0.7999,0.8738,completed,,,
28,known_visit,ACBBA,ideal,1.0,34,1156,14,10,acbba_g34_d85_ideal,reruns\grid_density\scenarios\cv\known_visit_grid34_targets10_trials50.csv,11,47,1,0,44,4,5,0,0,0,0.0,0,0,200,100,100,1768,0,74,66.0537,0.8926175675675676,0.8585,1.097,1.4459,15.6248,0.21114594594594596,0.19490000000000002,0.4583,0.6138,74,50.4289,0.6814716216216216,0.66415,0.8138,0.8423,completed,,,
28,known_visit,ACBBA,ideal,1.0,34,1156,14,10,acbba_g34_d85_ideal,reruns\grid_density\scenarios\cv\known_visit_grid34_targets10_trials50.csv,12,18,1,0,19,0,1,0,0,0,0.0,0,0,131,39,92,1836,0,164,122.1488,0.744809756097561,0.749,0.9478,1.2327,21.5377,0.13132743902439026,0.11005000000000001,0.2073,0.5284,164,100.6111,0.6134823170731707,0.6252500000000001,0.7237,0.8083,completed,,,
28,known_visit,ACBBA,ideal,1.0,34,1156,14,10,acbba_g34_d85_ideal,reruns\grid_density\scenarios\cv\known_visit_grid34_targets10_trials50.csv,13,10,1,0,11,0,1,0,0,0,0.0,0,0,115,24,91,1852,0,193,147.3504,0.7634735751295337,0.7609,1.0221,1.3031,26.8817,0.13928341968911917,0.117,0.2247,0.5527,193,120.4687,0.6241901554404145,0.6339,0.7897,0.8342,completed,,,
29,known_visit,ACBBA,ideal,1.0,34,1156,14,10,acbba_g34_d85_ideal,reruns\grid_density\scenarios\cv\known_visit_grid34_targets10_trials50.csv,00,28,3,0,27,2,0,0,0,0,0.0,0,0,150,58,92,1760,0,16,14.6148,0.913425,0.8497,1.3611,1.3611,3.7854,0.2365875,0.15795,0.5402,0.5402,16,10.8294,0.6768375,0.6694,0.8209,0.8209,completed,,,
29,known_visit,ACBBA,ideal,1.0,34,1156,14,10,acbba_g34_d85_ideal,reruns\grid_density\scenarios\cv\known_visit_grid34_targets10_trials50.csv,01,16,1,0,17,0,3,0,0,0,0.0,0,0,137,36,101,1772,0,60,47.7214,0.7953566666666667,0.7393,1.1523,1.3203,9.7101,0.161835,0.10725000000000001,0.4351,0.5163,60,38.0113,0.6335216666666666,0.6301,0.8079,0.8741,completed,,,
29,known_visit,ACBBA,ideal,1.0,34,1156,14,10,acbba_g34_d85_ideal,reruns\grid_density\scenarios\cv\known_visit_grid34_targets10_trials50.csv,02,13,0,0,10,4,6,0,0,0,0.0,0,0,131,32,99,1778,0,69,53.9009,0.7811724637681159,0.7456,1.1119,1.3325,10.6858,0.15486666666666668,0.1185,0.4041,0.5078,69,43.2151,0.6263057971014493,0.6277,0.7807,0.8573,completed,,,
29,known_visit,ACBBA,ideal,1.0,34,1156,14,10,acbba_g34_d85_ideal,reruns\grid_density\scenarios\cv\known_visit_grid34_targets10_trials50.csv,03,17,0,0,18,0,2,0,0,0,0.0,0,0,126,38,88,1783,0,55,42.4516,0.7718472727272727,0.7482,0.9768,1.3145,7.7747,0.14135818181818183,0.1068,0.2842,0.5177,55,34.6769,0.630489090909091,0.6325,0.7627,0.8092,completed,,,
29,known_visit,ACBBA,ideal,1.0,34,1156,14,10,acbba_g34_d85_ideal,reruns\grid_density\scenarios\cv\known_visit_grid34_targets10_trials50.csv,04,11,0,0,12,0,5,0,0,0,0.0,0,0,132,29,103,1777,0,76,60.8652,0.8008578947368421,0.75305,1.2088,1.3704,12.165799999999999,0.16007631578947368,0.11405,0.5164,0.5323,76,48.6994,0.6407815789473684,0.6314,0.8059,0.8381,completed,,,
29,known_visit,ACBBA,ideal,1.0,34,1156,14,10,acbba_g34_d85_ideal,reruns\grid_density\scenarios\cv\known_visit_grid34_targets10_trials50.csv,05,14,0,0,15,0,7,1,1,0,0.0,0,0,134,35,99,1775,0,70,55.8662,0.7980885714285714,0.74965,1.3353,1.3536,11.6916,0.16702285714285714,0.1074,0.4918,0.534,70,44.1746,0.6310657142857142,0.62985,0.8079,0.8618,completed,,,
29,known_visit,ACBBA,ideal,1.0,34,1156,14,10,acbba_g34_d85_ideal,reruns\grid_density\scenarios\cv\known_visit_grid34_targets10_trials50.csv,06,10,0,0,10,1,5,0,0,0,0.0,0,0,143,30,113,1766,0,79,62.9394,0.7967012658227848,0.7579,1.0808,1.37,12.6975,0.1607278481012658,0.1198,0.4033,0.5508,79,50.2419,0.635973417721519,0.6278,0.8031,0.8468,completed,,,
29,known_visit,ACBBA,ideal,1.0,34,1156,14,10,acbba_g34_d85_ideal,reruns\grid_density\scenarios\cv\known_visit_grid34_targets10_trials50.csv,07,9,0,0,10,0,5,0,0,0,0.0,0,0,139,26,113,1770,0,83,67.1943,0.8095698795180722,0.7659,1.0549,1.3309,13.4913,0.16254578313253013,0.1135,0.4093,0.5376,83,53.703,0.6470240963855423,0.6411,0.7936,0.833,completed,,,
29,known_visit,ACBBA,ideal,1.0,34,1156,14,10,acbba_g34_d85_ideal,reruns\grid_density\scenarios\cv\known_visit_grid34_targets10_trials50.csv,08,19,1,0,20,0,4,0,0,0,0.0,0,0,146,44,102,1763,0,52,42.8603,0.8242365384615385,0.7726500000000001,1.2675,1.4965,9.4643,0.18200576923076922,0.11474999999999999,0.5019,0.6122,52,33.396,0.6422307692307693,0.63805,0.7665,0.9222,completed,,,
29,known_visit,ACBBA,ideal,1.0,34,1156,14,10,acbba_g34_d85_ideal,reruns\grid_density\scenarios\cv\known_visit_grid34_targets10_trials50.csv,09,11,0,0,11,1,7,0,0,0,0.0,0,0,140,33,107,1769,0,75,59.7802,0.7970693333333333,0.7627,1.1655,1.3215,11.8661,0.15821466666666667,0.1111,0.4516,0.5097,75,47.9141,0.6388546666666667,0.6358,0.8118,0.8502,completed,,,
29,known_visit,ACBBA,ideal,1.0,34,1156,14,10,acbba_g34_d85_ideal,reruns\grid_density\scenarios\cv\known_visit_grid34_targets10_trials50.csv,10,11,1,0,10,2,8,0,0,0,0.0,0,0,135,31,104,1774,0,77,61.9199,0.8041545454545455,0.7585,1.1422,1.327,12.313,0.15990909090909092,0.1162,0.4523,0.5317,77,49.6069,0.6442454545454546,0.6313,0.8116,0.8476,completed,,,
29,known_visit,ACBBA,ideal,1.0,34,1156,14,10,acbba_g34_d85_ideal,reruns\grid_density\scenarios\cv\known_visit_grid34_targets10_trials50.csv,11,13,0,0,14,0,6,0,0,0,0.0,0,0,131,34,97,1778,0,72,56.6749,0.7871513888888889,0.7563500000000001,1.1343,1.4257,11.3829,0.15809583333333332,0.1109,0.4061,0.56,72,45.292,0.6290555555555556,0.6286499999999999,0.7711,0.8657,completed,,,
29,known_visit,ACBBA,ideal,1.0,34,1156,14,10,acbba_g34_d85_ideal,reruns\grid_density\scenarios\cv\known_visit_grid34_targets10_trials50.csv,12,15,1,0,16,0,6,0,0,0,0.0,0,0,129,34,95,1780,0,65,51.2978,0.7891969230769231,0.7479,1.2426,1.3534,10.1537,0.15621076923076924,0.1073,0.43,0.5533,65,41.1441,0.6329861538461539,0.6303,0.8001,0.8963,completed,,,
29,known_visit,ACBBA,ideal,1.0,34,1156,14,10,acbba_g34_d85_ideal,reruns\grid_density\scenarios\cv\known_visit_grid34_targets10_trials50.csv,13,15,3,0,16,0,1,0,0,0,0.0,0,0,137,35,102,1772,0,62,48.0315,0.7747016129032258,0.7445999999999999,0.9716,1.4274,9.0729,0.14633709677419357,0.1075,0.3014,0.5524,62,38.9586,0.6283645161290322,0.6263,0.7584,0.875,completed,,,
30,known_visit,ACBBA,ideal,1.0,34,1156,14,10,acbba_g34_d85_ideal,reruns\grid_density\scenarios\cv\known_visit_grid34_targets10_trials50.csv,00,27,1,0,28,0,0,0,0,0,0.0,0,0,125,57,68,1442,0,68,55.3693,0.8142544117647059,0.8045,0.985,1.336,10.9149,0.16051323529411765,0.13275,0.2784,0.5351,68,44.4544,0.6537411764705883,0.6516500000000001,0.7722,0.8009,completed,,,
30,known_visit,ACBBA,ideal,1.0,34,1156,14,10,acbba_g34_d85_ideal,reruns\grid_density\scenarios\cv\known_visit_grid34_targets10_trials50.csv,01,38,2,0,39,0,0,0,0,0,0.0,0,0,144,79,65,1424,0,34,30.6044,0.9001294117647058,0.8895,1.1934,1.4413,6.9464,0.20430588235294117,0.1792,0.4639,0.6295,34,23.658,0.6958235294117647,0.7046,0.8118,0.8231,completed,,,
30,known_visit,ACBBA,ideal,1.0,34,1156,14,10,acbba_g34_d85_ideal,reruns\grid_density\scenarios\cv\known_visit_grid34_targets10_trials50.csv,02,8,1,0,9,0,1,0,0,0,0.0,0,0,87,20,67,1480,0,131,112.259,0.8569389312977099,0.8643,1.0458,1.3121,22.4793,0.1715977099236641,0.1633,0.2381,0.5284,131,89.7797,0.6853412213740459,0.6902,0.7887,0.8434,completed,,,
30,known_visit,ACBBA,ideal,1.0,34,1156,14,10,acbba_g34_d85_ideal,reruns\grid_density\scenarios\cv\known_visit_grid34_targets10_trials50.csv,03,8,0,0,9,0,2,0,0,0,0.0,0,0,93,21,72,1474,0,132,113.2589,0.8580219696969696,0.8640000000000001,1.0878,1.314,23.3658,0.17701363636363637,0.16615,0.2983,0.5517,132,89.8931,0.6810083333333333,0.68825,0.7924,0.8519,completed,,,
30,known_visit,ACBBA,ideal,1.0,34,1156,14,10,acbba_g34_d85_ideal,reruns\grid_density\scenarios\cv\known_visit_grid34_targets10_trials50.csv,04,21,0,0,22,0,3,0,0,0,0.0,0,0,115,47,68,1452,0,90,80.3084,0.8923155555555556,0.88975,1.0968,1.322,18.0351,0.20039,0.1923,0.3586,0.6494,90,62.2733,0.6919255555555556,0.69895,0.8078,0.8715,completed,,,
30,known_visit,ACBBA,ideal,1.0,34,1156,14,10,acbba_g34_d85_ideal,reruns\grid_density\scenarios\cv\known_visit_grid34_targets10_trials50.csv,05,26,2,0,27,0,1,0,0,0,0.0,0,0,119,54,65,1448,0,72,58.3905,0.8109791666666667,0.7914,0.9762,1.3141,10.6811,0.1483486111111111,0.12755,0.351,0.5176,72,47.7094,0.6626305555555556,0.65225,0.7692,0.8007,completed,,,
30,known_visit,ACBBA,ideal,1.0,34,1156,14,10,acbba_g34_d85_ideal,reruns\grid_density\scenarios\cv\known_visit_grid34_targets10_trials50.csv,06,32,1,1,31,2,5,0,0,0,0.0,0,0,139,68,71,1428,0,55,51.8926,0.9435018181818182,0.8954,1.2644,2.0247,12.8447,0.23354,0.1897,0.5404,0.7985,55,39.0479,0.7099618181818181,0.701,0.8165,1.2262,completed,,,
30,known_visit,ACBBA,ideal,1.0,34,1156,14,10,acbba_g34_d85_ideal,reruns\grid_density\scenarios\cv\known_visit_grid34_targets10_trials50.csv,07,27,0,0,28,0,4,0,0,0,0.0,0,0,125,58,67,1442,0,72,59.1252,0.8211833333333334,0.8022499999999999,1.0927,1.2656,11.7102,0.16264166666666668,0.12905,0.3656,0.528,72,47.415,0.6585416666666667,0.6609499999999999,0.7738,0.8256,completed,,,
30,known_visit,ACBBA,ideal,1.0,34,1156,14,10,acbba_g34_d85_ideal,reruns\grid_density\scenarios\cv\known_visit_grid34_targets10_trials50.csv,08,14,0,1,14,1,0,0,0,0,0.0,0,0,93,31,62,1474,0,108,90.2651,0.835787962962963,0.8292999999999999,0.9927,1.4341,17.1142,0.1584648148148148,0.14305,0.2172,0.6167,108,73.15090000000001,0.6773231481481482,0.68885,0.789,0.961,completed,,,
30,known_visit,ACBBA,ideal,1.0,34,1156,14,10,acbba_g34_d85_ideal,reruns\grid_density\scenarios\cv\known_visit_grid34_targets10_trials50.csv,09,19,2,0,20,0,1,0,0,0,0.0,0,0,114,43,71,1453,0,93,77.4831,0.8331516129032257,0.814,1.0379,1.3329,14.9034,0.16025161290322582,0.1394,0.2929,0.5537,93,62.5797,0.6729,0.6758,0.7961,0.9291,completed,,,
30,known_visit,ACBBA,ideal,1.0,34,1156,14,10,acbba_g34_d85_ideal,reruns\grid_density\scenarios\cv\known_visit_grid34_targets10_trials50.csv,10,31,1,0,32,0,1,0,0,0,0.0,0,0,135,64,71,1432,0,58,47.914,0.8261034482758621,0.7901,1.1274,1.3353,9.3552,0.16129655172413793,0.128,0.5178,0.5385,58,38.5588,0.6648068965517241,0.6626000000000001,0.7802,0.8327,completed,,,
30,known_visit,ACBBA,ideal,1.0,34,1156,14,10,acbba_g34_d85_ideal,reruns\grid_density\scenarios\cv\known_visit_grid34_targets10_trials50.csv,11,7,0,0,8,0,5,0,0,0,0.0,0,0,97,20,77,1470,0,137,117.8183,0.8599875912408759,0.8609,1.0785,1.3255,24.6532,0.17995036496350364,0.1679,0.2925,0.5468,137,93.1651,0.6800372262773722,0.6844,0.8096,0.8973,completed,,,
30,known_visit,ACBBA,ideal,1.0,34,1156,14,10,acbba_g34_d85_ideal,reruns\grid_density\scenarios\cv\known_visit_grid34_targets10_trials50.csv,12,6,0,0,7,0,3,0,0,0,0.0,0,0,92,18,74,1475,0,139,119.1035,0.8568597122302158,0.85,1.0827,1.3273,24.6572,0.17738992805755396,0.1703,0.2723,0.5442,139,94.4463,0.6794697841726618,0.6843,0.8163,0.9571,completed,,,
30,known_visit,ACBBA,ideal,1.0,34,1156,14,10,acbba_g34_d85_ideal,reruns\grid_density\scenarios\cv\known_visit_grid34_targets10_trials50.csv,13,5,0,0,6,0,3,0,0,0,0.0,0,0,90,14,76,1477,0,141,120.74,0.8563120567375886,0.8631,1.061,1.3067,25.0818,0.17788510638297872,0.1696,0.264,0.5284,141,95.6582,0.6784269503546099,0.6821,0.7952,0.9272,completed,,,
31,known_visit,ACBBA,ideal,1.0,34,1156,14,10,acbba_g34_d85_ideal,reruns\grid_density\scenarios\cv\known_visit_grid34_targets10_trials50.csv,00,20,1,0,20,1,1,0,0,0,0.0,0,0,122,42,80,1716,0,82,64.4741,0.7862695121951221,0.7926,0.9909,1.2908,11.6723,0.1423451219512195,0.13395,0.2517,0.5398,82,52.8018,0.6439243902439025,0.6697,0.7457,0.814,completed,,,
31,known_visit,ACBBA,ideal,1.0,34,1156,14,10,acbba_g34_d85_ideal,reruns\grid_density\scenarios\cv\known_visit_grid34_targets10_trials50.csv,01,22,2,0,23,0,1,0,0,0,0.0,0,0,132,47,85,1706,0,76,61.2355,0.8057302631578948,0.78695,1.0614,1.4423,11.5287,0.1516934210526316,0.13285,0.3294,0.5984,76,49.7068,0.6540368421052631,0.6519999999999999,0.778,0.8613,completed,,,
31,known_visit,ACBBA,ideal,1.0,34,1156,14,10,acbba_g34_d85_ideal,reruns\grid_density\scenarios\cv\known_visit_grid34_targets10_trials50.csv,02,33,1,0,32,2,3,0,0,0,0.0,0,0,156,72,84,1682,0,43,34.9024,0.8116837209302326,0.7503,1.3563,1.38,7.8276,0.1820372093023256,0.1169,0.5603,0.6425,43,27.0748,0.629646511627907,0.6233,0.7704,0.8007,completed,,,
31,known_visit,ACBBA,ideal,1.0,34,1156,14,10,acbba_g34_d85_ideal,reruns\grid_density\scenarios\cv\known_visit_grid34_targets10_trials50.csv,03,40,2,0,41,0,7,0,0,0,0.0,0,0,181,83,98,1657,0,30,30.1698,1.00566,1.0755,1.3613,1.514,10.2185,0.3406166666666667,0.384,0.5457,0.6369,30,19.9513,0.6650433333333333,0.6513500000000001,0.8306,0.8771,completed,,,
31,known_visit,ACBBA,ideal,1.0,34,1156,14,10,acbba_g34_d85_ideal,reruns\grid_density\scenarios\cv\known_visit_grid34_targets10_trials50.csv,04,29,0,0,30,0,3,0,0,0,0.0,0,0,149,61,88,1689,0,65,54.7977,0.8430415384615384,0.7794,1.2801,1.3905,14.0033,0.2154353846153846,0.123,0.541,0.5807,65,40.7944,0.6276061538461539,0.623,0.7632,0.8098,completed,,,
31,known_visit,ACBBA,ideal,1.0,34,1156,14,10,acbba_g34_d85_ideal,reruns\grid_density\scenarios\cv\known_visit_grid34_targets10_trials50.csv,05,5,0,0,6,0,2,0,0,0,0.0,0,0,100,14,86,1738,0,132,110.4089,0.8364310606060607,0.8352999999999999,1.075,1.3646,23.3495,0.1768901515151515,0.1532,0.2686,0.5798,132,87.0594,0.659540909090909,0.67815,0.7798,0.8712,completed,,,
31,known_visit,ACBBA,ideal,1.0,34,1156,14,10,acbba_g34_d85_ideal,reruns\grid_density\scenarios\cv\known_visit_grid34_targets10_trials50.csv,06,22,1,0,23,0,1,0,0,0,0.0,0,0,127,47,80,1712,0,80,66.4755,0.83094375,0.82185,1.1678,1.3198,13.0358,0.1629475,0.14185,0.4428,0.5446,80,53.4397,0.6679962500000001,0.67965,0.7671,0.8387,completed,,,
31,known_visit,ACBBA,ideal,1.0,34,1156,14,10,acbba_g34_d85_ideal,reruns\grid_density\scenarios\cv\known_visit_grid34_targets10_trials50.csv,07,8,0,0,9,0,5,0,0,0,0.0,0,0,113,21,92,1725,0,125,105.2814,0.8422512000000001,0.8316,1.1187,1.3945,22.3939,0.17915119999999998,0.1524,0.4068,0.5938,125,82.8875,0.6631,0.6734,0.7893,0.8194,completed,,,
31,known_visit,ACBBA,ideal,1.0,34,1156,14,10,acbba_g34_d85_ideal,reruns\grid_density\scenarios\cv\known_visit_grid34_targets10_trials50.csv,08,30,1,0,31,0,3,0,0,0,0.0,0,0,148,63,85,1690,0,51,40.1517,0.7872882352941176,0.7363,1.2198,1.4126,8.2352,0.16147450980392158,0.1139,0.5184,0.6342,51,31.9165,0.6258137254901961,0.627,0.7784,0.7903,completed,,,
31,known_visit,ACBBA,ideal,1.0,34,1156,14,10,acbba_g34_d85_ideal,reruns\grid_density\scenarios\cv\known_visit_grid34_targets10_trials50.csv,09,19,2,0,20,0,0,0,0,0,0.0,0,0,122,42,80,1716,0,84,67.9598,0.8090452380952381,0.8016,0.9327,1.7573,12.7764,0.1521,0.13635,0.2106,0.7826,84,55.1834,0.6569452380952381,0.67075,0.7617,0.9747,completed,,,
31,known_visit,ACBBA,ideal,1.0,34,1156,14,10,acbba_g34_d85_ideal,reruns\grid_density\scenarios\cv\known_visit_grid34_targets10_trials50.csv,10,27,0,0,28,0,3,0,0,0,0.0,0,0,147,59,88,1691,0,63,53.4359,0.8481888888888889,0.8151,1.1745,1.7937,11.7333,0.18624285714285713,0.126,0.4923,0.8079,63,41.7026,0.6619460317460317,0.6447,0.7858,0.9858,completed,,,
31,known_visit,ACBBA,ideal,1.0,34,1156,14,10,acbba_g34_d85_ideal,reruns\grid_density\scenarios\cv\known_visit_grid34_targets10_trials50.csv,11,9,0,0,10,0,3,0,0,0,0.0,0,0,113,24,89,1725,0,122,103.9851,0.8523368852459017,0.8310500000000001,1.1042,1.3751,22.2227,0.1821532786885246,0.15055000000000002,0.2796,0.5924,122,81.7624,0.6701836065573771,0.6777500000000001,0.7931,0.893,completed,,,
31,known_visit,ACBBA,ideal,1.0,34,1156,14,10,acbba_g34_d85_ideal,reruns\grid_density\scenarios\cv\known_visit_grid34_targets10_trials50.csv,12,15,0,0,16,0,3,0,0,0,0.0,0,0,126,35,91,1712,0,101,82.4279,0.8161178217821782,0.8182,1.0701,1.7333,16.5137,0.16350198019801981,0.1413,0.3194,0.7268,101,65.9142,0.6526158415841583,0.6726,0.7776,1.0065,completed,,,
31,known_visit,ACBBA,ideal,1.0,34,1156,14,10,acbba_g34_d85_ideal,reruns\grid_density\scenarios\cv\known_visit_grid34_targets10_trials50.csv,13,5,0,0,6,0,3,0,0,0,0.0,0,0,103,15,88,1735,0,132,110.4673,0.8368734848484848,0.8322,1.0706,1.2908,22.9202,0.17363787878787879,0.15410000000000001,0.264,0.5367,132,87.5471,0.663235606060606,0.6744,0.7865,0.8335,completed,,,
32,known_visit,ACBBA,ideal,1.0,34,1156,14,10,acbba_g34_d85_ideal,reruns\grid_density\scenarios\cv\known_visit_grid34_targets10_trials50.csv,00,24,0,0,24,1,3,0,0,0,0.0,0,0,126,50,76,1629,0,48,39.3128,0.8190166666666667,0.8106,1.1044,1.2131,7.9353,0.16531875,0.12925,0.385,0.5341,48,31.3775,0.6536979166666667,0.6670499999999999,0.7734,0.8031,completed,,,
32,known_visit,ACBBA,ideal,1.0,34,1156,14,10,acbba_g34_d85_ideal,reruns\grid_density\scenarios\cv\known_visit_grid34_targets10_trials50.csv,01,15,0,0,16,0,4,0,0,0,0.0,0,0,114,35,79,1641,0,78,66.7214,0.8554025641025641,0.8492999999999999,1.2203,1.4862,13.6969,0.17560128205128203,0.159,0.4359,0.574,78,53.0245,0.6798012820512821,0.6713,0.9122,0.9502,completed,,,
32,known_visit,ACBBA,ideal,1.0,34,1156,14,10,acbba_g34_d85_ideal,reruns\grid_density\scenarios\cv\known_visit_grid34_targets10_trials50.csv,02,26,1,0,27,0,2,0,0,0,0.0,0,0,130,54,76,1625,0,43,36.0339,0.8379976744186047,0.8111,1.1966,1.3849,7.3919999999999995,0.17190697674418604,0.127,0.4201,0.5226,43,28.6419,0.6660906976744186,0.6689,0.8016,0.8623,completed,,,
32,known_visit,ACBBA,ideal,1.0,34,1156,14,10,acbba_g34_d85_ideal,reruns\grid_density\scenarios\cv\known_visit_grid34_targets10_trials50.csv,03,9,0,0,10,0,3,0,0,0,0.0,0,0,106,24,82,1649,0,99,84.6335,0.8548838383838384,0.859,1.0772,1.2706,17.5142,0.1769111111111111,0.1708,0.3638,0.4907,99,67.1193,0.6779727272727273,0.6789,0.7914,0.8376,completed,,,
32,known_visit,ACBBA,ideal,1.0,34,1156,14,10,acbba_g34_d85_ideal,reruns\grid_density\scenarios\cv\known_visit_grid34_targets10_trials50.csv,04,26,1,0,27,0,1,0,0,0,0.0,0,0,131,56,75,1624,0,43,35.9387,0.8357837209302325,0.8081,1.1649,1.4042,7.4399,0.17302093023255813,0.1275,0.4779,0.552,43,28.4988,0.6627627906976744,0.6647,0.8522,0.8766,completed,,,
32,known_visit,ACBBA,ideal,1.0,34,1156,14,10,acbba_g34_d85_ideal,reruns\grid_density\scenarios\cv\known_visit_grid34_targets10_trials50.csv,05,9,0,0,10,0,5,0,0,0,0.0,0,0,114,23,91,1641,0,101,86.8468,0.8598693069306931,0.859,1.1081,1.4004,18.4573,0.18274554455445544,0.1716,0.4162,0.5548,101,68.3895,0.6771237623762376,0.6763,0.8048,0.8692,completed,,,
32,known_visit,ACBBA,ideal,1.0,34,1156,14,10,acbba_g34_d85_ideal,reruns\grid_density\scenarios\cv\known_visit_grid34_targets10_trials50.csv,06,32,2,0,33,0,2,0,0,0,0.0,0,0,145,67,78,1610,0,23,22.4334,0.9753652173913043,0.9478,1.2618,1.3138,5.6651,0.2463086956521739,0.2434,0.4969,0.5169,23,16.7683,0.7290565217391304,0.7169,0.9376,0.9554,completed,,,
32,known_visit,ACBBA,ideal,1.0,34,1156,14,10,acbba_g34_d85_ideal,reruns\grid_density\scenarios\cv\known_visit_grid34_targets10_trials50.csv,07,16,0,0,17,0,7,0,0,0,0.0,0,0,132,38,94,1623,0,80,71.9577,0.89947125,0.87775,1.1858,1.3959,16.2178,0.2027225,0.17345,0.4499,0.6026,80,55.7399,0.69674875,0.6891499999999999,0.8734,0.9545,completed,,,
32,known_visit,ACBBA,ideal,1.0,34,1156,14,10,acbba_g34_d85_ideal,reruns\grid_density\scenarios\cv\known_visit_grid34_targets10_trials50.csv,08,12,0,0,13,0,7,0,0,0,0.0,0,0,121,29,92,1634,0,94,82.4578,0.8772106382978724,0.8629,1.1757,1.447,18.438299999999998,0.19615212765957446,0.176,0.5024,0.5729,94,64.0195,0.6810585106382978,0.67855,0.8082,0.8741,completed,,,
32,known_visit,ACBBA,ideal,1.0,34,1156,14,10,acbba_g34_d85_ideal,reruns\grid_density\scenarios\cv\known_visit_grid34_targets10_trials50.csv,09,19,1,0,20,0,9,0,0,0,0.0,0,0,130,42,88,1625,0,73,65.6132,0.8988109589041097,0.8696,1.2194,1.4039,15.7444,0.21567671232876715,0.1809,0.5235,0.5587,73,49.8688,0.6831342465753425,0.6775,0.8318,0.8597,completed,,,
32,known_visit,ACBBA,ideal,1.0,34,1156,14,10,acbba_g34_d85_ideal,reruns\grid_density\scenarios\cv\known_visit_grid34_targets10_trials50.csv,10,24,1,0,25,0,2,0,0,0,0.0,0,0,125,50,75,1630,0,48,39.1383,0.8153812500000001,0.80455,1.1547,1.2965,7.7336,0.16111666666666666,0.1311,0.491,0.5373,48,31.4047,0.6542645833333333,0.6628499999999999,0.7752,0.8126,completed,,,
32,known_visit,ACBBA,ideal,1.0,34,1156,14,10,acbba_g34_d85_ideal,reruns\grid_density\scenarios\cv\known_visit_grid34_targets10_trials50.csv,11,16,1,0,17,0,1,0,0,0,0.0,0,0,109,35,74,1646,0,72,58.8018,0.8166916666666667,0.831,1.1015,1.1639,11.5441,0.16033472222222223,0.15495,0.3278,0.4729,72,47.2577,0.6563569444444445,0.65985,0.7818,0.8001,completed,,,
32,known_visit,ACBBA,ideal,1.0,34,1156,14,10,acbba_g34_d85_ideal,reruns\grid_density\scenarios\cv\known_visit_grid34_targets10_trials50.csv,12,22,1,0,23,0,2,0,0,0,0.0,0,0,128,49,79,1627,0,54,46.6529,0.8639425925925927,0.8303,1.2043,1.3591,9.7277,0.1801425925925926,0.13495000000000001,0.4846,0.5136,54,36.9252,0.6838,0.6798,0.9257,0.9398,completed,,,
32,known_visit,ACBBA,ideal,1.0,34,1156,14,10,acbba_g34_d85_ideal,reruns\grid_density\scenarios\cv\known_visit_grid34_targets10_trials50.csv,13,34,2,0,33,2,1,0,0,0,0.0,0,0,145,71,74,1611,0,17,16.0452,0.9438352941176471,0.9089,1.312,1.312,4.2057,0.24739411764705885,0.2055,0.5005,0.5005,17,11.8395,0.6964411764705882,0.6894,0.8115,0.8115,completed,,,
33,known_visit,ACBBA,ideal,1.0,34,1156,14,10,acbba_g34_d85_ideal,reruns\grid_density\scenarios\cv\known_visit_grid34_targets10_trials50.csv,00,23,1,0,24,0,1,0,0,0,0.0,0,0,106,48,58,1100,0,101,79.9015,0.7911039603960396,0.7799,1.025,1.5069,14.0226,0.13883762376237624,0.1191,0.2538,0.6403,101,65.8789,0.6522663366336634,0.66,0.7776,0.8666,completed,,,
33,known_visit,ACBBA,ideal,1.0,34,1156,14,10,acbba_g34_d85_ideal,reruns\grid_density\scenarios\cv\known_visit_grid34_targets10_trials50.csv,01,5,0,0,6,0,1,0,0,0,0.0,0,0,70,13,57,1136,0,160,129.7641,0.8110256250000001,0.832,1.0084,1.4023,23.7674,0.14854625,0.13915,0.2083,0.5438,160,105.9967,0.662479375,0.67725,0.8039,0.8808,completed,,,
33,known_visit,ACBBA,ideal,1.0,34,1156,14,10,acbba_g34_d85_ideal,reruns\grid_density\scenarios\cv\known_visit_grid34_targets10_trials50.csv,02,5,0,0,6,0,1,0,0,0,0.0,0,0,71,12,59,1135,0,160,129.9637,0.8122731249999999,0.8370500000000001,1.0224,1.4697,23.8879,0.14929937499999998,0.138,0.2198,0.5856,160,106.0758,0.66297375,0.67215,0.7855,0.898,completed,,,
33,known_visit,ACBBA,ideal,1.0,34,1156,14,10,acbba_g34_d85_ideal,reruns\grid_density\scenarios\cv\known_visit_grid34_targets10_trials50.csv,03,6,0,0,6,1,1,0,0,0,0.0,0,0,71,17,54,1135,0,155,126.0403,0.8131632258064516,0.8359,1.0364,1.375,22.5835,0.1457,0.1381,0.212,0.5419,155,103.4568,0.6674632258064516,0.675,0.7923,0.8806,completed,,,
33,known_visit,ACBBA,ideal,1.0,34,1156,14,10,acbba_g34_d85_ideal,reruns\grid_density\scenarios\cv\known_visit_grid34_targets10_trials50.csv,04,47,3,0,48,0,1,0,0,0,0.0,0,0,151,97,54,1056,0,23,18.5401,0.806091304347826,0.7776,1.1984,1.3656,3.7705,0.16393478260869565,0.1173,0.4637,0.5369,23,14.7696,0.6421565217391304,0.6606,0.786,0.8287,completed,,,
33,known_visit,ACBBA,ideal,1.0,34,1156,14,10,acbba_g34_d85_ideal,reruns\grid_density\scenarios\cv\known_visit_grid34_targets10_trials50.csv,05,22,1,0,23,0,2,0,0,0,0.0,0,0,100,47,53,1106,0,104,82.4128,0.7924307692307693,0.7838,0.9427,1.3992,13.8678,0.13334423076923077,0.12065000000000001,0.2489,0.6226,104,68.545,0.6590865384615385,0.6597500000000001,0.7772,0.961,completed,,,
33,known_visit,ACBBA,ideal,1.0,34,1156,14,10,acbba_g34_d85_ideal,reruns\grid_density\scenarios\cv\known_visit_grid34_targets10_trials50.csv,06,16,0,0,17,0,1,0,0,0,0.0,0,0,88,35,53,1118,0,122,96.4915,0.7909139344262295,0.8042,0.9921,1.4067,16.4192,0.13458360655737706,0.12535000000000002,0.1786,0.5602,122,80.0723,0.6563303278688525,0.6764,0.8008,0.879,completed,,,
33,known_visit,ACBBA,ideal,1.0,34,1156,14,10,acbba_g34_d85_ideal,reruns\grid_density\scenarios\cv\known_visit_grid34_targets10_trials50.csv,07,5,0,0,6,0,2,0,0,0,0.0,0,0,65,12,53,1141,0,159,128.1818,0.8061748427672957,0.8353,1.031,1.4457,23.1301,0.14547232704402516,0.1357,0.2055,0.6101,159,105.0517,0.6607025157232704,0.6831,0.8044,0.8538,completed,,,
33,known_visit,ACBBA,ideal,1.0,34,1156,14,10,acbba_g34_d85_ideal,reruns\grid_density\scenarios\cv\known_visit_grid34_targets10_trials50.csv,08,4,0,0,5,0,3,0,0,0,0.0,0,0,70,10,60,1136,0,163,132.6175,0.8136042944785277,0.8376,1.0208,1.4573,24.219,0.14858282208588958,0.142,0.2115,0.5858,163,108.3985,0.665021472392638,0.6678,0.7909,0.9408,completed,,,
33,known_visit,ACBBA,ideal,1.0,34,1156,14,10,acbba_g34_d85_ideal,reruns\grid_density\scenarios\cv\known_visit_grid34_targets10_trials50.csv,09,38,3,0,39,0,3,0,0,0,0.0,0,0,136,79,57,1070,0,52,38.3218,0.7369576923076924,0.73795,1.2491,1.3216,6.7539,0.1298826923076923,0.1021,0.4769,0.523,52,31.5679,0.607075,0.63105,0.7969,0.8188,completed,,,
33,known_visit,ACBBA,ideal,1.0,34,1156,14,10,acbba_g34_d85_ideal,reruns\grid_density\scenarios\cv\known_visit_grid34_targets10_trials50.csv,10,3,0,0,4,0,1,0,0,0,0.0,0,0,71,8,63,1135,0,166,135.2901,0.8150006024096386,0.83595,1.0209,1.4098,24.9409,0.15024638554216868,0.14055,0.2085,0.5711,166,110.3492,0.6647542168674698,0.66875,0.8019,0.9082,completed,,,
33,known_visit,ACBBA,ideal,1.0,34,1156,14,10,acbba_g34_d85_ideal,reruns\grid_density\scenarios\cv\known_visit_grid34_targets10_trials50.csv,11,4,0,0,5,0,2,0,0,0,0.0,0,0,79,12,67,1127,0,164,134.39,0.819451219512195,0.83815,1.0016,1.4719,24.9023,0.15184329268292684,0.13940000000000002,0.2215,0.6367,164,109.4877,0.6676079268292683,0.67635,0.791,0.8628,completed,,,
33,known_visit,ACBBA,ideal,1.0,34,1156,14,10,acbba_g34_d85_ideal,reruns\grid_density\scenarios\cv\known_visit_grid34_targets10_trials50.csv,12,4,1,0,5,0,0,0,0,0,0.0,0,0,65,10,55,1141,0,161,130.5213,0.8106913043478261,0.8348,0.9837,1.3575,23.9307,0.14863788819875778,0.1385,0.2151,0.5893,161,106.5906,0.6620534161490683,0.6735,0.7755,0.8852,completed,,,
33,known_visit,ACBBA,ideal,1.0,34,1156,14,10,acbba_g34_d85_ideal,reruns\grid_density\scenarios\cv\known_visit_grid34_targets10_trials50.csv,13,4,1,0,5,0,1,0,0,0,0.0,0,0,64,10,54,1142,0,162,131.3575,0.8108487654320987,0.8423,0.9912,1.2876,23.646,0.14596296296296296,0.13774999999999998,0.2116,0.556,162,107.7115,0.6648858024691358,0.67035,0.7877,0.8833,completed,,,
34,known_visit,ACBBA,ideal,1.0,34,1156,14,10,acbba_g34_d85_ideal,reruns\grid_density\scenarios\cv\known_visit_grid34_targets10_trials50.csv,00,11,0,0,12,0,0,0,0,0,0.0,0,0,90,26,64,1328,0,111,91.7852,0.8268936936936937,0.8352,1.0739,1.2576,17.9621,0.1618207207207207,0.1524,0.2399,0.4893,111,73.8231,0.665072972972973,0.6743,0.8441,0.9273,completed,,,
34,known_visit,ACBBA,ideal,1.0,34,1156,14,10,acbba_g34_d85_ideal,reruns\grid_density\scenarios\cv\known_visit_grid34_targets10_trials50.csv,01,11,1,0,12,0,4,0,0,0,0.0,0,0,88,25,63,1330,0,115,96.9703,0.84322,0.8333,1.1754,1.6026,19.5965,0.17040434782608696,0.1554,0.2881,0.6562,115,77.3738,0.672815652173913,0.676,0.8348,1.0584,completed,,,
34,known_visit,ACBBA,ideal,1.0,34,1156,14,10,acbba_g34_d85_ideal,reruns\grid_density\scenarios\cv\known_visit_grid34_targets10_trials50.csv,02,36,2,0,37,0,2,0,0,0,0.0,0,0,139,74,65,1279,0,35,26.2205,0.7491571428571429,0.634,1.3268,1.388,5.5081,0.15737428571428572,0.1018,0.5371,0.5697,35,20.7124,0.591782857142857,0.5379,0.8183,0.8265,completed,,,
34,known_visit,ACBBA,ideal,1.0,34,1156,14,10,acbba_g34_d85_ideal,reruns\grid_density\scenarios\cv\known_visit_grid34_targets10_trials50.csv,03,42,3,0,43,0,0,0,0,0,0.0,0,0,149,86,63,1270,0,12,11.5367,0.9613916666666666,0.97315,1.3468,1.3468,3.3244,0.2770333333333333,0.28135,0.5507,0.5507,12,8.2123,0.6843583333333334,0.64445,0.8355,0.8355,completed,,,
34,known_visit,ACBBA,ideal,1.0,34,1156,14,10,acbba_g34_d85_ideal,reruns\grid_density\scenarios\cv\known_visit_grid34_targets10_trials50.csv,04,11,1,0,12,0,0,0,0,0,0.0,0,0,90,26,64,1328,0,110,90.657,0.8241545454545455,0.82935,1.0565,1.1284,17.4357,0.15850636363636364,0.15525,0.2305,0.4718,110,73.2213,0.6656481818181819,0.6668000000000001,0.8278,0.8746,completed,,,
34,known_visit,ACBBA,ideal,1.0,34,1156,14,10,acbba_g34_d85_ideal,reruns\grid_density\scenarios\cv\known_visit_grid34_targets10_trials50.csv,05,19,0,0,19,1,1,0,0,0,0.0,0,0,101,41,60,1317,0,84,65.3304,0.7777428571428571,0.751,1.0847,1.4207,12.3419,0.14692738095238095,0.13629999999999998,0.301,0.605,84,52.9885,0.6308154761904762,0.6055,0.8076,0.8547,completed,,,
34,known_visit,ACBBA,ideal,1.0,34,1156,14,10,acbba_g34_d85_ideal,reruns\grid_density\scenarios\cv\known_visit_grid34_targets10_trials50.csv,06,26,0,0,21,6,1,1,1,0,0.0,0,0,122,56,66,1296,0,62,47.8615,0.7719596774193548,0.67945,1.2139,1.4352,9.7616,0.15744516129032257,0.1203,0.4793,0.5672,62,38.0999,0.6145145161290322,0.5643499999999999,0.7937,0.868,completed,,,
34,known_visit,ACBBA,ideal,1.0,34,1156,14,10,acbba_g34_d85_ideal,reruns\grid_density\scenarios\cv\known_visit_grid34_targets10_trials50.csv,07,22,1,0,23,0,3,1,1,0,0.0,0,0,111,47,64,1307,0,78,61.0005,0.7820576923076923,0.74245,1.2715,1.3602,12.4018,0.1589974358974359,0.13429999999999997,0.4885,0.5751,78,48.5987,0.6230602564102564,0.59505,0.8089,0.9085,completed,,,
34,known_visit,ACBBA,ideal,1.0,34,1156,14,10,acbba_g34_d85_ideal,reruns\grid_density\scenarios\cv\known_visit_grid34_targets10_trials50.csv,08,5,0,0,6,0,4,0,0,0,0.0,0,0,79,13,66,1339,0,133,114.4132,0.8602496240601504,0.8716,1.0896,1.4151,23.7419,0.17851052631578948,0.1663,0.2636,0.5991,133,90.6713,0.6817390977443609,0.7127,0.8339,0.9141,completed,,,
34,known_visit,ACBBA,ideal,1.0,34,1156,14,10,acbba_g34_d85_ideal,reruns\grid_density\scenarios\cv\known_visit_grid34_targets10_trials50.csv,09,5,0,0,6,0,3,0,0,0,0.0,0,0,74,13,61,1344,0,133,114.9817,0.864524060150376,0.8768,1.1165,1.4341,23.4624,0.17640902255639096,0.1638,0.2623,0.5959,133,91.5193,0.688115037593985,0.7131,0.856,1.0456,completed,,,
34,known_visit,ACBBA,ideal,1.0,34,1156,14,10,acbba_g34_d85_ideal,reruns\grid_density\scenarios\cv\known_visit_grid34_targets10_trials50.csv,10,3,0,0,4,0,1,0,0,0,0.0,0,0,71,8,63,1347,0,138,118.7529,0.8605282608695652,0.8999999999999999,1.1031,1.4217,24.4794,0.1773869565217391,0.16885,0.2648,0.5899,138,94.2735,0.683141304347826,0.72755,0.8298,0.91,completed,,,
34,known_visit,ACBBA,ideal,1.0,34,1156,14,10,acbba_g34_d85_ideal,reruns\grid_density\scenarios\cv\known_visit_grid34_targets10_trials50.csv,11,23,0,0,24,0,2,0,0,0,0.0,0,0,106,48,58,1312,0,73,56.1036,0.7685424657534247,0.7312,1.1752,1.364,11.1408,0.152613698630137,0.1331,0.5165,0.5565,73,44.9628,0.6159287671232877,0.5909,0.781,0.8075,completed,,,
34,known_visit,ACBBA,ideal,1.0,34,1156,14,10,acbba_g34_d85_ideal,reruns\grid_density\scenarios\cv\known_visit_grid34_targets10_trials50.csv,12,7,0,0,8,0,4,0,0,0,0.0,0,0,85,20,65,1333,0,128,110.7666,0.8653640625,0.90675,1.1299,1.5368,23.2796,0.181871875,0.16795,0.2691,0.6086,128,87.487,0.6834921875,0.70585,0.8399,0.9282,completed,,,
34,known_visit,ACBBA,ideal,1.0,34,1156,14,10,acbba_g34_d85_ideal,reruns\grid_density\scenarios\cv\known_visit_grid34_targets10_trials50.csv,13,25,2,0,26,0,3,0,0,0,0.0,0,0,114,53,61,1304,0,69,59.8311,0.8671173913043478,0.9772,1.1749,1.4397,12.7732,0.18511884057971012,0.1991,0.3684,0.5869,69,47.0579,0.6819985507246377,0.7584,0.876,0.9988,completed,,,
35,known_visit,ACBBA,ideal,1.0,34,1156,14,10,acbba_g34_d85_ideal,reruns\grid_density\scenarios\cv\known_visit_grid34_targets10_trials50.csv,00,28,1,0,27,2,1,0,0,0,0.0,0,0,120,59,61,1311,0,137,116.6594,0.8515284671532847,0.8046,1.0987,1.4399,23.0568,0.1682978102189781,0.1666,0.2591,0.6179,137,93.6026,0.6832306569343065,0.6498,0.8498,0.9198,completed,,,
35,known_visit,ACBBA,ideal,1.0,34,1156,14,10,acbba_g34_d85_ideal,reruns\grid_density\scenarios\cv\known_visit_grid34_targets10_trials50.csv,01,37,1,0,37,1,2,0,0,0,0.0,0,0,134,78,56,1297,0,108,97.6171,0.9038620370370369,0.8542000000000001,1.1662,1.5067,20.993,0.19437962962962962,0.19175,0.2746,0.5531,108,76.6241,0.7094824074074074,0.6576,0.8819,1.2595,completed,,,
35,known_visit,ACBBA,ideal,1.0,34,1156,14,10,acbba_g34_d85_ideal,reruns\grid_density\scenarios\cv\known_visit_grid34_targets10_trials50.csv,02,32,1,0,33,0,4,0,0,0,0.0,0,0,126,68,58,1306,0,131,102.4247,0.7818679389312977,0.7631,0.8951,1.4607,18.6704,0.14252213740458017,0.1283,0.2142,0.5674,131,83.7543,0.6393458015267176,0.63,0.742,0.938,completed,,,
35,known_visit,ACBBA,ideal,1.0,34,1156,14,10,acbba_g34_d85_ideal,reruns\grid_density\scenarios\cv\known_visit_grid34_targets10_trials50.csv,03,18,1,0,19,0,2,0,0,0,0.0,0,0,100,41,59,1331,0,172,135.7416,0.7891953488372093,0.763,0.9953,1.4268,24.5211,0.14256453488372092,0.1249,0.2209,0.5568,172,111.2205,0.6466308139534884,0.6278,0.804,0.9458,completed,,,
35,known_visit,ACBBA,ideal,1.0,34,1156,14,10,acbba_g34_d85_ideal,reruns\grid_density\scenarios\cv\known_visit_grid34_targets10_trials50.csv,04,21,1,0,21,1,1,0,0,0,0.0,0,0,101,47,54,1330,0,162,132.4302,0.8174703703703704,0.7581,1.0851,1.3623,24.6101,0.1519141975308642,0.12525,0.2472,0.5534,162,107.8201,0.6655561728395062,0.635,0.8428,1.0334,completed,,,
35,known_visit,ACBBA,ideal,1.0,34,1156,14,10,acbba_g34_d85_ideal,reruns\grid_density\scenarios\cv\known_visit_grid34_targets10_trials50.csv,05,11,0,0,12,0,1,0,0,0,0.0,0,0,87,27,60,1344,0,193,160.0778,0.8294186528497409,0.7756,1.1047,1.5215,30.0657,0.15578082901554405,0.1306,0.2456,0.5959,193,130.0121,0.6736378238341969,0.6364,0.8642,0.9694,completed,,,
35,known_visit,ACBBA,ideal,1.0,34,1156,14,10,acbba_g34_d85_ideal,reruns\grid_density\scenarios\cv\known_visit_grid34_targets10_trials50.csv,06,10,1,0,11,0,0,0,0,0,0.0,0,0,84,25,59,1347,0,199,163.3434,0.8208211055276382,0.7872,1.0661,1.5375,30.5946,0.15374170854271357,0.1353,0.2389,0.5687,199,132.7488,0.6670793969849246,0.6391,0.8507,0.9688,completed,,,
35,known_visit,ACBBA,ideal,1.0,34,1156,14,10,acbba_g34_d85_ideal,reruns\grid_density\scenarios\cv\known_visit_grid34_targets10_trials50.csv,07,6,0,0,7,0,3,0,0,0,0.0,0,0,82,18,64,1349,0,212,174.7019,0.8240655660377358,0.7879,1.0902,1.5134,33.3357,0.15724386792452832,0.13829999999999998,0.2421,0.6182,212,141.3662,0.6668216981132075,0.63785,0.8447,0.9391,completed,,,
35,known_visit,ACBBA,ideal,1.0,34,1156,14,10,acbba_g34_d85_ideal,reruns\grid_density\scenarios\cv\known_visit_grid34_targets10_trials50.csv,08,24,1,0,25,0,1,0,0,0,0.0,0,0,107,51,56,1324,0,152,117.7509,0.7746769736842105,0.7505,0.9344,1.49,20.6008,0.13553157894736842,0.1226,0.1821,0.582,152,97.1501,0.6391453947368421,0.625,0.7458,1.0147,completed,,,
35,known_visit,ACBBA,ideal,1.0,34,1156,14,10,acbba_g34_d85_ideal,reruns\grid_density\scenarios\cv\known_visit_grid34_targets10_trials50.csv,09,5,0,0,6,0,2,0,0,0,0.0,0,0,76,15,61,1355,0,213,176.5779,0.8290042253521127,0.7865,1.1109,1.5778,33.2133,0.15593098591549295,0.1387,0.2411,0.6142,213,143.3646,0.6730732394366197,0.6395,0.8748,0.9897,completed,,,
35,known_visit,ACBBA,ideal,1.0,34,1156,14,10,acbba_g34_d85_ideal,reruns\grid_density\scenarios\cv\known_visit_grid34_targets10_trials50.csv,10,7,0,0,8,0,4,0,0,0,0.0,0,0,90,21,69,1341,0,209,172.5785,0.8257344497607655,0.7808,1.0846,1.4504,33.1382,0.158555980861244,0.1377,0.2471,0.5627,209,139.4403,0.6671784688995216,0.6359,0.8558,0.919,completed,,,
35,known_visit,ACBBA,ideal,1.0,34,1156,14,10,acbba_g34_d85_ideal,reruns\grid_density\scenarios\cv\known_visit_grid34_targets10_trials50.csv,11,33,2,0,34,0,2,0,0,0,0.0,0,0,125,68,57,1306,0,122,92.6587,0.7594975409836066,0.7425999999999999,0.9074,1.3542,15.6829,0.12854836065573771,0.11635000000000001,0.1537,0.506,122,76.9758,0.630949180327869,0.62725,0.7281,0.9172,completed,,,
35,known_visit,ACBBA,ideal,1.0,34,1156,14,10,acbba_g34_d85_ideal,reruns\grid_density\scenarios\cv\known_visit_grid34_targets10_trials50.csv,12,9,0,0,10,0,0,0,0,0,0.0,0,0,79,21,58,1352,0,199,162.9798,0.8189939698492463,0.7734,1.0803,1.4808,30.6697,0.15411909547738692,0.1314,0.2555,0.5469,199,132.3101,0.6648748743718593,0.6331,0.8455,0.9573,completed,,,
35,known_visit,ACBBA,ideal,1.0,34,1156,14,10,acbba_g34_d85_ideal,reruns\grid_density\scenarios\cv\known_visit_grid34_targets10_trials50.csv,13,30,1,0,31,0,1,0,0,0,0.0,0,0,121,64,57,1310,0,131,111.1719,0.8486404580152671,0.7905,1.1117,1.3756,21.2765,0.16241603053435114,0.1625,0.2397,0.5431,131,89.8954,0.6862244274809159,0.6431,0.8778,0.9551,completed,,,
36,known_visit,ACBBA,ideal,1.0,34,1156,14,10,acbba_g34_d85_ideal,reruns\grid_density\scenarios\cv\known_visit_grid34_targets10_trials50.csv,00,19,2,0,18,2,0,0,0,0,0.0,0,0,118,42,76,1538,0,45,34.4564,0.7656977777777778,0.731,1.0345,1.1024,6.899,0.15331111111111112,0.1326,0.3565,0.4657,45,27.5574,0.6123866666666667,0.5977,0.7094,0.7678,completed,,,
36,known_visit,ACBBA,ideal,1.0,34,1156,14,10,acbba_g34_d85_ideal,reruns\grid_density\scenarios\cv\known_visit_grid34_targets10_trials50.csv,01,27,2,0,28,0,1,2,1,1,5.0,1,0,138,57,81,1518,0,35,30.279,0.8651142857142857,0.8971,1.1033,1.1406,8.4566,0.24161714285714286,0.2318,0.4636,0.4749,35,21.822400000000002,0.6234971428571429,0.6288,0.7435,0.7608,completed,,,
36,known_visit,ACBBA,ideal,1.0,34,1156,14,10,acbba_g34_d85_ideal,reruns\grid_density\scenarios\cv\known_visit_grid34_targets10_trials50.csv,02,28,1,0,29,0,3,1,1,0,0.0,0,0,155,59,96,1501,0,36,32.3026,0.8972944444444444,0.9446,1.1981,1.2126,9.6531,0.26814166666666667,0.25980000000000003,0.4944,0.5078,36,22.6495,0.6291527777777778,0.6363000000000001,0.7456,0.8121,completed,,,
36,known_visit,ACBBA,ideal,1.0,34,1156,14,10,acbba_g34_d85_ideal,reruns\grid_density\scenarios\cv\known_visit_grid34_targets10_trials50.csv,03,15,1,0,16,0,5,0,0,0,0.0,0,0,118,33,85,1538,0,60,47.7831,0.796385,0.783,1.0698,1.4189,10.4033,0.17338833333333334,0.1365,0.4455,0.7111,60,37.3798,0.6229966666666668,0.6214,0.7272,0.8209,completed,,,
36,known_visit,ACBBA,ideal,1.0,34,1156,14,10,acbba_g34_d85_ideal,reruns\grid_density\scenarios\cv\known_visit_grid34_targets10_trials50.csv,04,10,0,0,11,0,4,0,0,0,0.0,0,0,103,23,80,1553,0,80,65.5191,0.8189887499999999,0.82055,1.0132,1.2818,14.1344,0.17668,0.16754999999999998,0.35,0.5253,80,51.3847,0.64230875,0.6443,0.7361,0.7565,completed,,,
36,known_visit,ACBBA,ideal,1.0,34,1156,14,10,acbba_g34_d85_ideal,reruns\grid_density\scenarios\cv\known_visit_grid34_targets10_trials50.csv,05,20,0,0,21,0,1,0,0,0,0.0,0,0,117,42,75,1539,0,44,33.451299999999996,0.7602568181818181,0.7125,1.0647,1.1978,6.6266,0.15060454545454546,0.1274,0.3167,0.5417,44,26.8247,0.6096522727272727,0.5851,0.713,0.7861,completed,,,
36,known_visit,ACBBA,ideal,1.0,34,1156,14,10,acbba_g34_d85_ideal,reruns\grid_density\scenarios\cv\known_visit_grid34_targets10_trials50.csv,06,31,3,0,32,0,4,0,0,0,0.0,0,0,144,63,81,1513,0,12,11.826600000000001,0.98555,0.96165,1.4321,1.4321,3.6351,0.302925,0.2341,0.6039,0.6039,12,8.1915,0.6826249999999999,0.69,0.84,0.84,completed,,,
36,known_visit,ACBBA,ideal,1.0,34,1156,14,10,acbba_g34_d85_ideal,reruns\grid_density\scenarios\cv\known_visit_grid34_targets10_trials50.csv,07,30,1,0,30,1,4,0,0,0,0.0,0,0,144,63,81,1512,0,15,14.208,0.9472,0.9655,1.1449,1.1449,4.3816,0.2921066666666666,0.2097,0.4708,0.4708,15,9.8264,0.6550933333333333,0.639,0.8321,0.8321,completed,,,
36,known_visit,ACBBA,ideal,1.0,34,1156,14,10,acbba_g34_d85_ideal,reruns\grid_density\scenarios\cv\known_visit_grid34_targets10_trials50.csv,08,8,0,0,9,0,4,0,0,0,0.0,0,0,102,21,81,1554,0,85,70.6748,0.8314682352941177,0.8274,1.0464,1.3228,15.1805,0.17859411764705882,0.1687,0.3866,0.5567,85,55.4943,0.6528741176470588,0.6567,0.7969,0.9022,completed,,,
36,known_visit,ACBBA,ideal,1.0,34,1156,14,10,acbba_g34_d85_ideal,reruns\grid_density\scenarios\cv\known_visit_grid34_targets10_trials50.csv,09,5,0,0,6,0,3,0,0,0,0.0,0,0,95,13,82,1561,0,94,77.3416,0.8227829787234042,0.81875,1.0521,1.28,16.3787,0.1742414893617021,0.17045,0.3627,0.5279,94,60.9629,0.6485414893617021,0.6475,0.7521,0.8691,completed,,,
36,known_visit,ACBBA,ideal,1.0,34,1156,14,10,acbba_g34_d85_ideal,reruns\grid_density\scenarios\cv\known_visit_grid34_targets10_trials50.csv,10,7,0,0,8,0,4,0,0,0,0.0,0,0,102,20,82,1554,0,89,73.92229999999999,0.8305876404494381,0.8362,1.105,1.4581,16.111,0.18102247191011236,0.1741,0.4448,0.5799,89,57.8113,0.6495651685393259,0.6557,0.7407,0.897,completed,,,
36,known_visit,ACBBA,ideal,1.0,34,1156,14,10,acbba_g34_d85_ideal,reruns\grid_density\scenarios\cv\known_visit_grid34_targets10_trials50.csv,11,10,0,0,11,0,5,0,0,0,0.0,0,0,120,28,92,1537,0,82,67.4665,0.8227621951219511,0.8284,1.0295,1.1498,14.8297,0.18085,0.17005,0.3755,0.488,82,52.6368,0.6419121951219512,0.6429,0.7409,0.8402,completed,,,
36,known_visit,ACBBA,ideal,1.0,34,1156,14,10,acbba_g34_d85_ideal,reruns\grid_density\scenarios\cv\known_visit_grid34_targets10_trials50.csv,12,6,0,0,7,0,3,0,0,0,0.0,0,0,103,18,85,1553,0,91,75.2289,0.8266912087912087,0.8301,1.0742,1.2181,15.9278,0.1750307692307692,0.1698,0.3508,0.501,91,59.3011,0.6516604395604395,0.6574,0.7759,0.8677,completed,,,
36,known_visit,ACBBA,ideal,1.0,34,1156,14,10,acbba_g34_d85_ideal,reruns\grid_density\scenarios\cv\known_visit_grid34_targets10_trials50.csv,13,6,0,0,7,0,5,0,0,0,0.0,0,0,99,16,83,1557,0,92,76.2557,0.8288663043478262,0.83725,1.0601,1.231,16.4316,0.17860434782608695,0.17245,0.3976,0.542,92,59.8241,0.6502619565217391,0.6568,0.7483,0.877,completed,,,
37,known_visit,ACBBA,ideal,1.0,34,1156,14,10,acbba_g34_d85_ideal,reruns\grid_density\scenarios\cv\known_visit_grid34_targets10_trials50.csv,00,10,1,0,11,0,0,0,0,0,0.0,0,0,83,23,60,1243,0,70,52.7232,0.7531885714285714,0.76075,1.0709,1.1537,10.6309,0.15187,0.1274,0.3501,0.4935,70,42.0923,0.6013185714285715,0.6273,0.7776,0.8036,completed,,,
37,known_visit,ACBBA,ideal,1.0,34,1156,14,10,acbba_g34_d85_ideal,reruns\grid_density\scenarios\cv\known_visit_grid34_targets10_trials50.csv,01,9,0,0,9,1,1,1,1,0,0.0,0,0,78,21,57,1248,0,71,53.5269,0.7539,0.7572,0.9934,1.3347,10.7456,0.15134647887323943,0.13,0.2234,0.5564,71,42.7813,0.6025535211267606,0.6255,0.7684,0.7783,completed,,,
37,known_visit,ACBBA,ideal,1.0,34,1156,14,10,acbba_g34_d85_ideal,reruns\grid_density\scenarios\cv\known_visit_grid34_targets10_trials50.csv,02,18,1,0,18,1,1,0,0,0,0.0,0,0,104,39,65,1222,0,47,34.9031,0.7426191489361702,0.739,1.0906,1.607,7.3526,0.15643829787234043,0.1118,0.4568,0.6844,47,27.5505,0.5861808510638298,0.6131,0.7953,0.9226,completed,,,
37,known_visit,ACBBA,ideal,1.0,34,1156,14,10,acbba_g34_d85_ideal,reruns\grid_density\scenarios\cv\known_visit_grid34_targets10_trials50.csv,03,25,1,0,26,0,3,0,0,0,0.0,0,0,121,54,67,1205,0,27,24.578400000000002,0.9103111111111112,0.9317,1.2816,1.3053,6.1655999999999995,0.22835555555555553,0.2254,0.4995,0.5085,27,18.4128,0.6819555555555555,0.6514,0.8058,0.8165,completed,,,
37,known_visit,ACBBA,ideal,1.0,34,1156,14,10,acbba_g34_d85_ideal,reruns\grid_density\scenarios\cv\known_visit_grid34_targets10_trials50.csv,04,6,0,0,6,1,2,0,0,0,0.0,0,0,85,18,67,1241,0,85,68.9674,0.8113811764705882,0.7894,1.1751,1.3134,14.822000000000001,0.1743764705882353,0.1584,0.4372,0.5211,85,54.1454,0.6370047058823529,0.6366,0.8792,0.919,completed,,,
37,known_visit,ACBBA,ideal,1.0,34,1156,14,10,acbba_g34_d85_ideal,reruns\grid_density\scenarios\cv\known_visit_grid34_targets10_trials50.csv,05,8,1,0,8,1,1,0,0,0,0.0,0,0,79,20,59,1247,0,77,61.2435,0.7953701298701298,0.7757,1.1738,1.2938,12.738,0.16542857142857142,0.1334,0.4257,0.52,77,48.5055,0.6299415584415584,0.6331,0.865,0.911,completed,,,
37,known_visit,ACBBA,ideal,1.0,34,1156,14,10,acbba_g34_d85_ideal,reruns\grid_density\scenarios\cv\known_visit_grid34_targets10_trials50.csv,06,9,0,0,10,0,5,0,0,0,0.0,0,0,85,22,63,1241,0,76,60.3762,0.7944236842105262,0.7711,1.2649,1.4763,13.1552,0.17309473684210527,0.1341,0.4973,0.59,76,47.221000000000004,0.6213289473684211,0.6317,0.8708,0.9162,completed,,,
37,known_visit,ACBBA,ideal,1.0,34,1156,14,10,acbba_g34_d85_ideal,reruns\grid_density\scenarios\cv\known_visit_grid34_targets10_trials50.csv,07,18,1,0,18,1,1,0,0,0,0.0,0,0,95,38,57,1231,0,45,31.7135,0.7047444444444444,0.7142,1.0753,1.2842,6.4072,0.14238222222222222,0.1122,0.4567,0.5303,45,25.3063,0.5623622222222222,0.6031,0.7647,0.7752,completed,,,
37,known_visit,ACBBA,ideal,1.0,34,1156,14,10,acbba_g34_d85_ideal,reruns\grid_density\scenarios\cv\known_visit_grid34_targets10_trials50.csv,08,10,0,0,11,0,4,0,0,0,0.0,0,0,87,24,63,1239,0,73,55.9119,0.7659164383561644,0.7683,1.1419,1.2947,11.9278,0.1633945205479452,0.1318,0.4774,0.5124,73,43.9841,0.6025219178082192,0.6263,0.7822,0.8343,completed,,,
37,known_visit,ACBBA,ideal,1.0,34,1156,14,10,acbba_g34_d85_ideal,reruns\grid_density\scenarios\cv\known_visit_grid34_targets10_trials50.csv,09,30,2,0,31,0,2,0,0,0,0.0,0,0,127,61,66,1200,0,13,12.5752,0.967323076923077,0.9416,1.3074,1.3074,3.6962,0.28432307692307696,0.2916,0.5232,0.5232,13,8.879,0.6829999999999999,0.7239,0.8187,0.8187,completed,,,
37,known_visit,ACBBA,ideal,1.0,34,1156,14,10,acbba_g34_d85_ideal,reruns\grid_density\scenarios\cv\known_visit_grid34_targets10_trials50.csv,10,8,0,0,9,0,3,0,0,0,0.0,0,0,88,20,68,1238,0,81,66.2743,0.8182012345679012,0.7717,1.2608,1.306,14.8633,0.18349753086419754,0.1468,0.5002,0.5122,81,51.411,0.6347037037037038,0.6319,0.8729,0.9395,completed,,,
37,known_visit,ACBBA,ideal,1.0,34,1156,14,10,acbba_g34_d85_ideal,reruns\grid_density\scenarios\cv\known_visit_grid34_targets10_trials50.csv,11,22,2,0,23,0,1,0,0,0,0.0,0,0,108,46,62,1218,0,35,27.0905,0.7740142857142857,0.7433,1.3862,1.409,6.0588,0.17310857142857142,0.1122,0.557,0.6167,35,21.0317,0.6009057142857143,0.6257,0.8017,0.8292,completed,,,
37,known_visit,ACBBA,ideal,1.0,34,1156,14,10,acbba_g34_d85_ideal,reruns\grid_density\scenarios\cv\known_visit_grid34_targets10_trials50.csv,12,16,1,0,17,0,1,0,0,0,0.0,0,0,99,34,65,1227,0,51,37.8727,0.7426019607843137,0.7334,1.3042,1.3681,7.9182999999999995,0.15526078431372548,0.1168,0.5253,0.5617,51,29.9544,0.5873411764705883,0.6182,0.7767,0.8064,completed,,,
37,known_visit,ACBBA,ideal,1.0,34,1156,14,10,acbba_g34_d85_ideal,reruns\grid_density\scenarios\cv\known_visit_grid34_targets10_trials50.csv,13,6,0,0,7,0,5,0,0,0,0.0,0,0,88,17,71,1238,0,85,69.2872,0.8151435294117647,0.7894,1.1674,1.3295,15.3069,0.18008117647058824,0.151,0.4666,0.5374,85,53.9803,0.6350623529411765,0.6346,0.8211,0.908,completed,,,
38,known_visit,ACBBA,ideal,1.0,34,1156,14,10,acbba_g34_d85_ideal,reruns\grid_density\scenarios\cv\known_visit_grid34_targets10_trials50.csv,00,16,0,0,17,0,2,0,0,0,0.0,0,0,121,34,87,1617,0,88,72.4851,0.8236943181818183,0.78575,1.23,1.445,16.429,0.1866931818181818,0.13895000000000002,0.5291,0.6351,88,56.0561,0.6370011363636364,0.66045,0.7844,0.8175,completed,,,
38,known_visit,ACBBA,ideal,1.0,34,1156,14,10,acbba_g34_d85_ideal,reruns\grid_density\scenarios\cv\known_visit_grid34_targets10_trials50.csv,01,16,1,0,17,0,5,0,0,0,0.0,0,0,129,34,95,1609,0,90,74.2716,0.8252400000000001,0.77935,1.1913,1.308,16.8614,0.1873488888888889,0.13905,0.485,0.5305,90,57.4102,0.6378911111111112,0.65665,0.7602,0.9703,completed,,,
38,known_visit,ACBBA,ideal,1.0,34,1156,14,10,acbba_g34_d85_ideal,reruns\grid_density\scenarios\cv\known_visit_grid34_targets10_trials50.csv,02,24,1,0,25,0,2,0,0,0,0.0,0,0,139,50,89,1599,0,54,41.1942,0.7628555555555556,0.70765,1.1358,1.3777,8.5841,0.1589648148148148,0.11775,0.4836,0.5922,54,32.6101,0.6038907407407408,0.581,0.75,0.7855,completed,,,
38,known_visit,ACBBA,ideal,1.0,34,1156,14,10,acbba_g34_d85_ideal,reruns\grid_density\scenarios\cv\known_visit_grid34_targets10_trials50.csv,03,32,3,0,33,0,2,0,0,0,0.0,0,0,150,67,83,1588,0,29,24.6626,0.8504344827586208,0.7906,1.389,1.4429,5.7123,0.1969758620689655,0.134,0.5279,0.574,29,18.9503,0.6534586206896551,0.6553,0.815,1.3048,completed,,,
38,known_visit,ACBBA,ideal,1.0,34,1156,14,10,acbba_g34_d85_ideal,reruns\grid_density\scenarios\cv\known_visit_grid34_targets10_trials50.csv,04,12,0,0,13,0,5,0,0,0,0.0,0,0,115,27,88,1623,0,94,73.9638,0.7868489361702128,0.78565,1.0727,1.3886,14.7742,0.1571723404255319,0.14265,0.324,0.5997,94,59.1896,0.6296765957446808,0.6478999999999999,0.7509,0.7889,completed,,,
38,known_visit,ACBBA,ideal,1.0,34,1156,14,10,acbba_g34_d85_ideal,reruns\grid_density\scenarios\cv\known_visit_grid34_targets10_trials50.csv,05,27,1,0,28,0,1,0,0,0,0.0,0,0,143,56,87,1595,0,45,35.1181,0.7804022222222222,0.7428,1.1204,1.4119,7.0418,0.15648444444444445,0.1151,0.4863,0.5877,45,28.0763,0.6239177777777778,0.6071,0.7509,0.8242,completed,,,
38,known_visit,ACBBA,ideal,1.0,34,1156,14,10,acbba_g34_d85_ideal,reruns\grid_density\scenarios\cv\known_visit_grid34_targets10_trials50.csv,06,38,2,0,39,0,2,0,0,0,0.0,0,0,156,77,79,1583,0,10,9.4407,0.94407,0.8864000000000001,1.3806,1.3806,2.8483,0.28483,0.2324,0.6019,0.6019,10,6.5924,0.6592399999999999,0.66515,0.7787,0.7787,completed,,,
38,known_visit,ACBBA,ideal,1.0,34,1156,14,10,acbba_g34_d85_ideal,reruns\grid_density\scenarios\cv\known_visit_grid34_targets10_trials50.csv,07,11,0,0,12,0,7,0,0,0,0.0,0,0,115,25,90,1623,0,99,79.4785,0.8028131313131313,0.8067,1.2061,1.3691,16.5897,0.1675727272727273,0.1459,0.4567,0.5727,99,62.8888,0.635240404040404,0.6554,0.7855,0.8804,completed,,,
38,known_visit,ACBBA,ideal,1.0,34,1156,14,10,acbba_g34_d85_ideal,reruns\grid_density\scenarios\cv\known_visit_grid34_targets10_trials50.csv,08,10,1,0,8,3,7,0,0,0,0.0,0,0,120,25,95,1618,0,103,84.9183,0.8244495145631068,0.8234,1.1867,1.6312,18.3242,0.17790485436893205,0.1463,0.4916,0.7204,103,66.5941,0.6465446601941748,0.6676,0.7886,0.9108,completed,,,
38,known_visit,ACBBA,ideal,1.0,34,1156,14,10,acbba_g34_d85_ideal,reruns\grid_density\scenarios\cv\known_visit_grid34_targets10_trials50.csv,09,6,0,0,7,0,3,0,0,0,0.0,0,0,104,17,87,1634,0,114,93.4334,0.8195912280701755,0.8286,1.1194,1.3067,19.2573,0.1689236842105263,0.14834999999999998,0.4441,0.5449,114,74.1761,0.6506675438596492,0.6646000000000001,0.7766,0.8626,completed,,,
38,known_visit,ACBBA,ideal,1.0,34,1156,14,10,acbba_g34_d85_ideal,reruns\grid_density\scenarios\cv\known_visit_grid34_targets10_trials50.csv,10,8,0,0,9,0,6,0,0,0,0.0,0,0,111,21,90,1627,0,109,90.20570000000001,0.8275752293577983,0.832,1.1468,1.3801,19.1014,0.1752422018348624,0.1495,0.4581,0.5756,109,71.1043,0.6523330275229358,0.6716,0.7731,0.8298,completed,,,
38,known_visit,ACBBA,ideal,1.0,34,1156,14,10,acbba_g34_d85_ideal,reruns\grid_density\scenarios\cv\known_visit_grid34_targets10_trials50.csv,11,12,1,0,13,0,0,0,0,0,0.0,0,0,113,26,87,1625,0,92,72.5398,0.7884760869565217,0.7968500000000001,0.9778,1.395,13.801,0.1500108695652174,0.1407,0.2611,0.5967,92,58.7388,0.6384652173913044,0.65265,0.7586,0.8052,completed,,,
38,known_visit,ACBBA,ideal,1.0,34,1156,14,10,acbba_g34_d85_ideal,reruns\grid_density\scenarios\cv\known_visit_grid34_targets10_trials50.csv,12,8,0,0,9,0,7,0,0,0,0.0,0,0,111,21,90,1627,0,109,89.5365,0.8214357798165138,0.83,1.1091,1.3331,18.5077,0.1697954128440367,0.1474,0.4506,0.5142,109,71.0288,0.6516403669724771,0.671,0.7782,0.9212,completed,,,
38,known_visit,ACBBA,ideal,1.0,34,1156,14,10,acbba_g34_d85_ideal,reruns\grid_density\scenarios\cv\known_visit_grid34_targets10_trials50.csv,13,7,0,0,8,0,6,0,0,0,0.0,0,0,112,20,92,1626,0,112,91.7512,0.8192071428571428,0.8224,1.1483,1.4333,19.5155,0.17424553571428572,0.14734999999999998,0.4428,0.6043,112,72.2357,0.6449616071428571,0.6611,0.7855,0.829,completed,,,
39,known_visit,ACBBA,ideal,1.0,34,1156,14,10,acbba_g34_d85_ideal,reruns\grid_density\scenarios\cv\known_visit_grid34_targets10_trials50.csv,00,25,0,0,26,0,0,0,0,0,0.0,0,0,127,53,74,1555,0,46,33.3336,0.7246434782608695,0.67155,0.9937,1.1663,6.0655,0.13185869565217392,0.09705,0.3296,0.5199,46,27.2681,0.5927847826086957,0.57475,0.6774,0.7039,completed,,,
39,known_visit,ACBBA,ideal,1.0,34,1156,14,10,acbba_g34_d85_ideal,reruns\grid_density\scenarios\cv\known_visit_grid34_targets10_trials50.csv,01,28,3,0,29,0,2,1,1,0,0.0,0,0,134,59,75,1548,0,38,28.3101,0.7450026315789473,0.67795,1.1379,1.1574,5.6516,0.14872631578947368,0.0944,0.4786,0.5255,38,22.6585,0.5962763157894737,0.57435,0.6815,0.6978,completed,,,
39,known_visit,ACBBA,ideal,1.0,34,1156,14,10,acbba_g34_d85_ideal,reruns\grid_density\scenarios\cv\known_visit_grid34_targets10_trials50.csv,02,18,0,0,19,0,1,0,0,0,0.0,0,0,113,39,74,1569,0,66,50.9369,0.7717712121212121,0.73645,0.9648,1.3686,9.6729,0.14655909090909092,0.12585000000000002,0.2448,0.571,66,41.264,0.6252121212121212,0.63195,0.7149,0.7976,completed,,,
39,known_visit,ACBBA,ideal,1.0,34,1156,14,10,acbba_g34_d85_ideal,reruns\grid_density\scenarios\cv\known_visit_grid34_targets10_trials50.csv,03,11,0,0,12,0,3,0,0,0,0.0,0,0,110,27,83,1572,0,95,78.5228,0.8265557894736842,0.8296,1.1236,1.3001,16.2237,0.17077578947368421,0.1609,0.4151,0.5168,95,62.2991,0.65578,0.6614,0.8042,0.8633,completed,,,
39,known_visit,ACBBA,ideal,1.0,34,1156,14,10,acbba_g34_d85_ideal,reruns\grid_density\scenarios\cv\known_visit_grid34_targets10_trials50.csv,04,8,0,0,9,0,5,0,0,0,0.0,0,0,108,22,86,1574,0,105,87.8734,0.8368895238095239,0.8479,1.0809,1.2997,18.2993,0.1742790476190476,0.1741,0.3871,0.5425,105,69.5741,0.6626104761904762,0.6696,0.7957,0.8653,completed,,,
39,known_visit,ACBBA,ideal,1.0,34,1156,14,10,acbba_g34_d85_ideal,reruns\grid_density\scenarios\cv\known_visit_grid34_targets10_trials50.csv,05,16,0,0,17,0,3,0,0,0,0.0,0,0,117,37,80,1565,0,78,62.9708,0.8073179487179487,0.79915,1.1477,1.4575,13.141399999999999,0.16847948717948716,0.1461,0.4199,0.6123,78,49.8294,0.6388384615384616,0.64225,0.8029,0.9378,completed,,,
39,known_visit,ACBBA,ideal,1.0,34,1156,14,10,acbba_g34_d85_ideal,reruns\grid_density\scenarios\cv\known_visit_grid34_targets10_trials50.csv,06,33,2,0,34,0,4,0,0,0,0.0,0,0,153,68,85,1530,0,27,25.3111,0.9374481481481481,0.9432,1.1237,1.1472,6.5226999999999995,0.24158148148148145,0.2221,0.4659,0.5041,27,18.7884,0.6958666666666666,0.6912,0.7946,0.8136,completed,,,
39,known_visit,ACBBA,ideal,1.0,34,1156,14,10,acbba_g34_d85_ideal,reruns\grid_density\scenarios\cv\known_visit_grid34_targets10_trials50.csv,07,25,2,0,26,0,1,0,0,0,0.0,0,0,123,52,71,1559,0,45,32.4342,0.72076,0.6761,1.1065,1.1449,6.0458,0.13435111111111112,0.0956,0.4467,0.5049,45,26.3884,0.5864088888888889,0.5748,0.6656,0.6916,completed,,,
39,known_visit,ACBBA,ideal,1.0,34,1156,14,10,acbba_g34_d85_ideal,reruns\grid_density\scenarios\cv\known_visit_grid34_targets10_trials50.csv,08,24,2,0,24,1,2,0,0,0,0.0,0,0,131,51,80,1551,0,51,38.7741,0.7602764705882352,0.6839,1.1279,1.4022,7.8296,0.15352156862745098,0.1068,0.4883,0.5638,51,30.9445,0.6067549019607843,0.5866,0.7123,0.8384,completed,,,
39,known_visit,ACBBA,ideal,1.0,34,1156,14,10,acbba_g34_d85_ideal,reruns\grid_density\scenarios\cv\known_visit_grid34_targets10_trials50.csv,09,6,0,0,7,0,2,0,0,0,0.0,0,0,105,18,87,1577,0,111,93.8484,0.8454810810810811,0.8658,1.0826,1.4388,19.921,0.17946846846846845,0.1841,0.3816,0.6023,111,73.9274,0.6660126126126127,0.6757,0.8097,0.8449,completed,,,
39,known_visit,ACBBA,ideal,1.0,34,1156,14,10,acbba_g34_d85_ideal,reruns\grid_density\scenarios\cv\known_visit_grid34_targets10_trials50.csv,10,12,0,0,13,0,4,0,0,0,0.0,0,0,114,27,87,1568,0,97,81.2162,0.837280412371134,0.8405,1.1332,1.3055,18.0837,0.1864298969072165,0.1714,0.4808,0.5291,97,63.1325,0.6508505154639175,0.6632,0.7561,0.7917,completed,,,
39,known_visit,ACBBA,ideal,1.0,34,1156,14,10,acbba_g34_d85_ideal,reruns\grid_density\scenarios\cv\known_visit_grid34_targets10_trials50.csv,11,30,1,0,31,0,5,0,0,0,0.0,0,0,139,62,77,1543,0,43,35.1687,0.8178767441860465,0.6986,1.2732,1.3001,8.7416,0.20329302325581394,0.1037,0.4972,0.5197,43,26.4271,0.6145837209302325,0.6028,0.7683,0.8126,completed,,,
39,known_visit,ACBBA,ideal,1.0,34,1156,14,10,acbba_g34_d85_ideal,reruns\grid_density\scenarios\cv\known_visit_grid34_targets10_trials50.csv,12,6,0,0,7,0,2,0,0,0,0.0,0,0,101,17,84,1581,0,109,91.816,0.8423486238532111,0.8524,1.0949,1.4264,18.9002,0.17339633027522938,0.1807,0.2771,0.4699,109,72.9158,0.6689522935779817,0.6694,0.8013,1.1493,completed,,,
39,known_visit,ACBBA,ideal,1.0,34,1156,14,10,acbba_g34_d85_ideal,reruns\grid_density\scenarios\cv\known_visit_grid34_targets10_trials50.csv,13,6,0,0,7,0,4,0,0,0,0.0,0,0,108,19,89,1574,0,111,93.4096,0.8415279279279279,0.8562,1.1265,1.4093,19.917,0.17943243243243245,0.1811,0.3931,0.5669,111,73.4926,0.6620954954954955,0.6669,0.7888,0.8424,completed,,,
40,known_visit,ACBBA,ideal,1.0,34,1156,14,10,acbba_g34_d85_ideal,reruns\grid_density\scenarios\cv\known_visit_grid34_targets10_trials50.csv,00,3,0,0,4,0,0,0,0,0,0.0,0,0,47,8,39,925,0,113,93.0276,0.8232530973451329,0.8416,0.984,1.11,18.4685,0.16343805309734513,0.1672,0.2171,0.4364,113,74.5591,0.6598150442477876,0.6736,0.7709,0.8537,completed,,,
40,known_visit,ACBBA,ideal,1.0,34,1156,14,10,acbba_g34_d85_ideal,reruns\grid_density\scenarios\cv\known_visit_grid34_targets10_trials50.csv,01,33,1,0,31,3,1,0,0,0,0.0,0,0,105,69,36,867,0,18,15.1167,0.8398166666666667,0.77375,1.2417,1.2417,3.6427,0.20237222222222223,0.1572,0.5488,0.5488,18,11.474,0.6374444444444445,0.6165499999999999,0.8595,0.8595,completed,,,
40,known_visit,ACBBA,ideal,1.0,34,1156,14,10,acbba_g34_d85_ideal,reruns\grid_density\scenarios\cv\known_visit_grid34_targets10_trials50.csv,02,14,0,0,15,0,0,0,0,0,0.0,0,0,68,30,38,904,0,76,60.0115,0.789625,0.76935,0.914,1.261,11.571,0.15225,0.1372,0.2095,0.5029,76,48.4405,0.637375,0.6226,0.7228,0.7581,completed,,,
40,known_visit,ACBBA,ideal,1.0,34,1156,14,10,acbba_g34_d85_ideal,reruns\grid_density\scenarios\cv\known_visit_grid34_targets10_trials50.csv,03,20,2,0,21,0,1,0,0,0,0.0,0,0,79,42,37,893,0,59,45.378099999999996,0.7691203389830508,0.7382,1.0448,1.2323,8.7901,0.14898474576271187,0.1295,0.3076,0.5265,59,36.588,0.620135593220339,0.6089,0.7122,0.7372,completed,,,
40,known_visit,ACBBA,ideal,1.0,34,1156,14,10,acbba_g34_d85_ideal,reruns\grid_density\scenarios\cv\known_visit_grid34_targets10_trials50.csv,04,3,0,0,4,0,2,0,0,0,0.0,0,0,50,8,42,922,0,116,96.761,0.8341465517241379,0.8398,1.0783,1.2202,19.8019,0.17070603448275862,0.16525,0.2318,0.5325,116,76.9591,0.6634405172413793,0.6728000000000001,0.765,0.86,completed,,,
40,known_visit,ACBBA,ideal,1.0,34,1156,14,10,acbba_g34_d85_ideal,reruns\grid_density\scenarios\cv\known_visit_grid34_targets10_trials50.csv,05,3,0,0,4,0,2,0,0,0,0.0,0,0,50,8,42,922,0,115,95.8349,0.8333469565217392,0.8433,1.05,1.1557,19.528,0.1698086956521739,0.1644,0.2393,0.4694,115,76.3069,0.6635382608695652,0.6743,0.7601,0.8778,completed,,,
40,known_visit,ACBBA,ideal,1.0,34,1156,14,10,acbba_g34_d85_ideal,reruns\grid_density\scenarios\cv\known_visit_grid34_targets10_trials50.csv,06,36,2,0,37,0,1,0,0,0,0.0,0,0,113,73,40,860,0,11,9.4146,0.8558727272727272,0.8078,1.1885,1.1885,2.2881,0.20800909090909092,0.1285,0.4342,0.4342,11,7.1265,0.6478636363636364,0.6445,0.8207,0.8207,completed,,,
40,known_visit,ACBBA,ideal,1.0,34,1156,14,10,acbba_g34_d85_ideal,reruns\grid_density\scenarios\cv\known_visit_grid34_targets10_trials50.csv,07,2,0,0,3,0,1,0,0,0,0.0,0,0,45,7,38,927,0,118,98.6102,0.8356796610169492,0.8419,1.0153,1.2297,19.9501,0.1690686440677966,0.16885,0.2285,0.5303,118,78.6601,0.6666110169491526,0.6737,0.7868,0.8265,completed,,,
40,known_visit,ACBBA,ideal,1.0,34,1156,14,10,acbba_g34_d85_ideal,reruns\grid_density\scenarios\cv\known_visit_grid34_targets10_trials50.csv,08,6,0,0,7,0,2,0,0,0,0.0,0,0,57,14,43,915,0,105,86.41629999999999,0.8230123809523808,0.8349,1.0292,1.1312,17.4099,0.16580857142857144,0.1635,0.225,0.4798,105,69.0064,0.6572038095238095,0.667,0.7543,0.8904,completed,,,
40,known_visit,ACBBA,ideal,1.0,34,1156,14,10,acbba_g34_d85_ideal,reruns\grid_density\scenarios\cv\known_visit_grid34_targets10_trials50.csv,09,3,1,0,4,0,2,0,0,0,0.0,0,0,52,8,44,920,0,115,95.8984,0.8338991304347826,0.8467,1.0192,1.2214,19.8021,0.17219217391304348,0.1687,0.2339,0.5344,115,76.0963,0.6617069565217392,0.6744,0.7489,0.8159,completed,,,
40,known_visit,ACBBA,ideal,1.0,34,1156,14,10,acbba_g34_d85_ideal,reruns\grid_density\scenarios\cv\known_visit_grid34_targets10_trials50.csv,10,2,0,0,3,0,1,0,0,0,0.0,0,0,50,7,43,922,0,117,97.8325,0.8361752136752136,0.8473,1.011,1.1884,19.8132,0.16934358974358973,0.1684,0.2289,0.4983,117,78.0193,0.666831623931624,0.6797,0.764,0.8301,completed,,,
40,known_visit,ACBBA,ideal,1.0,34,1156,14,10,acbba_g34_d85_ideal,reruns\grid_density\scenarios\cv\known_visit_grid34_targets10_trials50.csv,11,24,1,0,25,0,1,0,0,0,0.0,0,0,88,50,38,884,0,45,34.2601,0.7613355555555555,0.7227,1.0501,1.1979,6.7845,0.1507666666666667,0.1251,0.3047,0.536,45,27.4756,0.6105688888888889,0.5981,0.6933,0.7454,completed,,,
40,known_visit,ACBBA,ideal,1.0,34,1156,14,10,acbba_g34_d85_ideal,reruns\grid_density\scenarios\cv\known_visit_grid34_targets10_trials50.csv,12,36,3,0,37,0,1,0,0,0,0.0,0,0,118,73,45,854,0,10,9.0761,0.90761,0.8042,1.3747,1.3747,2.5896,0.25895999999999997,0.16755,0.6729,0.6729,10,6.4864999999999995,0.64865,0.65675,0.7463,0.7463,completed,,,
40,known_visit,ACBBA,ideal,1.0,34,1156,14,10,acbba_g34_d85_ideal,reruns\grid_density\scenarios\cv\known_visit_grid34_targets10_trials50.csv,13,2,0,0,3,0,1,0,0,0,0.0,0,0,51,6,45,921,0,118,98.7487,0.8368533898305085,0.84615,1.0235,1.1658,20.0631,0.17002627118644068,0.1674,0.2372,0.4819,118,78.6856,0.6668271186440677,0.67205,0.7889,0.8161,completed,,,
41,known_visit,ACBBA,ideal,1.0,34,1156,14,10,acbba_g34_d85_ideal,reruns\grid_density\scenarios\cv\known_visit_grid34_targets10_trials50.csv,00,8,1,0,9,0,0,0,0,0,0.0,0,0,86,18,68,1265,0,95,78.8383,0.8298768421052632,0.8378,1.0628,1.1793,15.1718,0.15970315789473682,0.1409,0.2507,0.4538,95,63.6665,0.6701736842105263,0.6678,0.8426,0.9777,completed,,,
41,known_visit,ACBBA,ideal,1.0,34,1156,14,10,acbba_g34_d85_ideal,reruns\grid_density\scenarios\cv\known_visit_grid34_targets10_trials50.csv,01,35,2,0,36,0,1,0,0,0,0.0,0,0,126,71,55,1226,0,11,9.4389,0.8580818181818182,0.7843,1.1885,1.1885,2.3258,0.21143636363636364,0.1252,0.5145,0.5145,11,7.113099999999999,0.6466454545454545,0.6294,0.8305,0.8305,completed,,,
41,known_visit,ACBBA,ideal,1.0,34,1156,14,10,acbba_g34_d85_ideal,reruns\grid_density\scenarios\cv\known_visit_grid34_targets10_trials50.csv,02,16,0,0,17,0,1,0,0,0,0.0,0,0,91,35,56,1260,0,68,54.5423,0.8020926470588234,0.79355,1.1074,1.1849,10.0428,0.14768823529411765,0.12815,0.2486,0.4848,68,44.4995,0.6544044117647059,0.6533500000000001,0.8611,0.9674,completed,,,
41,known_visit,ACBBA,ideal,1.0,34,1156,14,10,acbba_g34_d85_ideal,reruns\grid_density\scenarios\cv\known_visit_grid34_targets10_trials50.csv,03,8,0,0,9,0,4,0,0,0,0.0,0,0,86,18,68,1265,0,98,83.1756,0.848730612244898,0.8404,1.1323,1.3494,16.8464,0.1719020408163265,0.14655,0.4291,0.585,98,66.3292,0.6768285714285714,0.6591,0.8427,1.1426,completed,,,
41,known_visit,ACBBA,ideal,1.0,34,1156,14,10,acbba_g34_d85_ideal,reruns\grid_density\scenarios\cv\known_visit_grid34_targets10_trials50.csv,04,6,0,0,7,0,1,0,0,0,0.0,0,0,85,15,70,1266,0,104,88.1775,0.8478605769230769,0.85075,1.0816,1.6714,17.9249,0.1723548076923077,0.1489,0.2558,0.6358,104,70.2526,0.6755057692307692,0.6684,0.8427,1.0356,completed,,,
41,known_visit,ACBBA,ideal,1.0,34,1156,14,10,acbba_g34_d85_ideal,reruns\grid_density\scenarios\cv\known_visit_grid34_targets10_trials50.csv,05,4,0,0,5,0,2,0,0,0,0.0,0,0,74,11,63,1277,0,110,95.2744,0.8661309090909091,0.85335,1.1111,1.2783,19.5316,0.17756,0.1579,0.2727,0.6354,110,75.7428,0.6885709090909091,0.6657500000000001,0.8499,1.0223,completed,,,
41,known_visit,ACBBA,ideal,1.0,34,1156,14,10,acbba_g34_d85_ideal,reruns\grid_density\scenarios\cv\known_visit_grid34_targets10_trials50.csv,06,20,0,0,21,0,3,0,0,0,0.0,0,0,100,43,57,1251,0,59,45.964,0.7790508474576271,0.7756,1.0936,1.1254,9.1237,0.15463898305084744,0.1288,0.4681,0.4914,59,36.8403,0.6244118644067796,0.6384,0.7856,0.8441,completed,,,
41,known_visit,ACBBA,ideal,1.0,34,1156,14,10,acbba_g34_d85_ideal,reruns\grid_density\scenarios\cv\known_visit_grid34_targets10_trials50.csv,07,5,0,0,6,0,4,0,0,0,0.0,0,0,81,13,68,1270,0,107,92.0766,0.8605289719626168,0.8469,1.1161,1.1666,18.8766,0.17641682242990653,0.1546,0.2634,0.5138,107,73.2,0.6841121495327103,0.6698,0.8527,0.9687,completed,,,
41,known_visit,ACBBA,ideal,1.0,34,1156,14,10,acbba_g34_d85_ideal,reruns\grid_density\scenarios\cv\known_visit_grid34_targets10_trials50.csv,08,16,1,0,14,3,5,0,0,0,0.0,0,0,108,36,72,1243,0,72,58.669200000000004,0.8148500000000001,0.7940499999999999,1.1039,1.3543,12.3586,0.1716472222222222,0.13315,0.4577,0.5174,72,46.3106,0.6432027777777778,0.653,0.8369,0.8581,completed,,,
41,known_visit,ACBBA,ideal,1.0,34,1156,14,10,acbba_g34_d85_ideal,reruns\grid_density\scenarios\cv\known_visit_grid34_targets10_trials50.csv,09,33,2,0,34,0,4,0,0,0,0.0,0,0,136,69,67,1215,0,20,18.2072,0.9103600000000001,0.91995,1.2659,1.2782,5.2174,0.26087,0.25134999999999996,0.4914,0.6333,20,12.9898,0.64949,0.6422,0.922,0.9942,completed,,,
41,known_visit,ACBBA,ideal,1.0,34,1156,14,10,acbba_g34_d85_ideal,reruns\grid_density\scenarios\cv\known_visit_grid34_targets10_trials50.csv,10,32,2,0,33,0,1,0,0,0,0.0,0,0,129,66,63,1222,0,18,15.4308,0.8572666666666666,0.83135,1.27,1.27,4.3499,0.2416611111111111,0.1992,0.5582,0.5582,18,11.0809,0.6156055555555555,0.64005,0.8089,0.8089,completed,,,
41,known_visit,ACBBA,ideal,1.0,34,1156,14,10,acbba_g34_d85_ideal,reruns\grid_density\scenarios\cv\known_visit_grid34_targets10_trials50.csv,11,8,1,0,9,0,0,0,0,0,0.0,0,0,78,18,60,1273,0,94,79.4847,0.8455819148936171,0.8471500000000001,1.1093,1.1918,15.6402,0.16638510638297874,0.1394,0.2593,0.4627,94,63.8445,0.6791968085106382,0.67975,0.8472,0.9282,completed,,,
41,known_visit,ACBBA,ideal,1.0,34,1156,14,10,acbba_g34_d85_ideal,reruns\grid_density\scenarios\cv\known_visit_grid34_targets10_trials50.csv,12,6,0,0,7,0,3,0,0,0,0.0,0,0,82,15,67,1269,0,105,88.7175,0.8449285714285715,0.8401,1.1099,1.3055,17.9563,0.17101238095238094,0.142,0.2973,0.494,105,70.7612,0.6739161904761904,0.6643,0.8456,0.9629,completed,,,
41,known_visit,ACBBA,ideal,1.0,34,1156,14,10,acbba_g34_d85_ideal,reruns\grid_density\scenarios\cv\known_visit_grid34_targets10_trials50.csv,13,14,1,0,15,0,0,0,0,0,0.0,0,0,90,31,59,1261,0,77,63.824600000000004,0.8288909090909091,0.8444,1.1791,1.323,12.5122,0.1624961038961039,0.1376,0.4594,0.4933,77,51.312400000000004,0.6663948051948052,0.6723,0.8362,0.8916,completed,,,
42,known_visit,ACBBA,ideal,1.0,34,1156,14,10,acbba_g34_d85_ideal,reruns\grid_density\scenarios\cv\known_visit_grid34_targets10_trials50.csv,00,18,1,0,17,2,0,0,0,0,0.0,0,0,117,39,78,1631,0,82,66.7319,0.8138036585365853,0.79585,0.9933,1.1919,11.73,0.1430487804878049,0.13215,0.2502,0.5485,82,55.0019,0.6707548780487804,0.6716,0.7979,0.8257,completed,,,
42,known_visit,ACBBA,ideal,1.0,34,1156,14,10,acbba_g34_d85_ideal,reruns\grid_density\scenarios\cv\known_visit_grid34_targets10_trials50.csv,01,21,1,0,22,0,1,0,0,0,0.0,0,0,128,46,82,1620,0,74,61.1542,0.8264081081081082,0.79075,1.1245,1.32,11.4317,0.15448243243243243,0.13090000000000002,0.4427,0.5098,74,49.7225,0.6719256756756756,0.66255,0.8324,0.9551,completed,,,
42,known_visit,ACBBA,ideal,1.0,34,1156,14,10,acbba_g34_d85_ideal,reruns\grid_density\scenarios\cv\known_visit_grid34_targets10_trials50.csv,02,14,0,0,14,1,4,0,0,0,0.0,0,0,122,33,89,1626,0,97,81.1724,0.8368288659793814,0.8301,1.1176,1.3445,16.1888,0.16689484536082475,0.1403,0.2697,0.4944,97,64.9836,0.6699340206185567,0.6593,0.8339,0.9175,completed,,,
42,known_visit,ACBBA,ideal,1.0,34,1156,14,10,acbba_g34_d85_ideal,reruns\grid_density\scenarios\cv\known_visit_grid34_targets10_trials50.csv,03,10,0,0,10,1,2,1,1,0,0.0,0,0,117,26,91,1631,0,109,91.0256,0.835097247706422,0.829,1.1222,1.5037,18.0518,0.16561284403669724,0.1443,0.3104,0.63,109,72.9738,0.6694844036697247,0.656,0.8446,0.8831,completed,,,
42,known_visit,ACBBA,ideal,1.0,34,1156,14,10,acbba_g34_d85_ideal,reruns\grid_density\scenarios\cv\known_visit_grid34_targets10_trials50.csv,04,37,2,0,38,0,3,0,0,0,0.0,0,0,164,79,85,1584,0,25,21.6758,0.8670319999999999,0.8025,1.283,1.4489,5.1408000000000005,0.205632,0.1353,0.505,0.6155,25,16.535,0.6614,0.6524,0.8334,0.8937,completed,,,
42,known_visit,ACBBA,ideal,1.0,34,1156,14,10,acbba_g34_d85_ideal,reruns\grid_density\scenarios\cv\known_visit_grid34_targets10_trials50.csv,05,18,1,0,19,0,1,0,0,0,0.0,0,0,122,43,79,1626,0,84,66.6813,0.7938249999999999,0.79695,1.0605,1.1475,12.0158,0.14304523809523811,0.1285,0.2373,0.5162,84,54.6655,0.6507797619047619,0.65795,0.7946,0.9494,completed,,,
42,known_visit,ACBBA,ideal,1.0,34,1156,14,10,acbba_g34_d85_ideal,reruns\grid_density\scenarios\cv\known_visit_grid34_targets10_trials50.csv,06,15,0,0,15,1,5,0,0,0,0.0,0,0,117,34,83,1631,0,96,78.7398,0.82020625,0.8062499999999999,1.0856,1.2298,15.4867,0.16131979166666668,0.13574999999999998,0.3247,0.4978,96,63.253099999999996,0.6588864583333333,0.65455,0.8245,0.9051,completed,,,
42,known_visit,ACBBA,ideal,1.0,34,1156,14,10,acbba_g34_d85_ideal,reruns\grid_density\scenarios\cv\known_visit_grid34_targets10_trials50.csv,07,17,0,0,18,0,7,0,0,0,0.0,0,0,131,42,89,1617,0,91,75.288,0.8273406593406593,0.797,1.1503,1.4104,14.6884,0.16141098901098902,0.1289,0.4536,0.5359,91,60.5996,0.6659296703296703,0.6649,0.8406,0.9246,completed,,,
42,known_visit,ACBBA,ideal,1.0,34,1156,14,10,acbba_g34_d85_ideal,reruns\grid_density\scenarios\cv\known_visit_grid34_targets10_trials50.csv,08,20,0,0,21,0,5,0,0,0,0.0,0,0,138,48,90,1610,0,80,66.2558,0.8281974999999999,0.79435,1.1539,1.429,12.6271,0.15783875,0.1255,0.4217,0.538,80,53.6287,0.67035875,0.6684,0.8447,0.9029,completed,,,
42,known_visit,ACBBA,ideal,1.0,34,1156,14,10,acbba_g34_d85_ideal,reruns\grid_density\scenarios\cv\known_visit_grid34_targets10_trials50.csv,09,15,2,0,16,0,3,0,0,0,0.0,0,0,119,34,85,1629,0,92,74.2859,0.8074554347826087,0.8027500000000001,1.0311,1.1574,13.3404,0.14500434782608695,0.12905,0.3078,0.4657,92,60.9455,0.6624510869565218,0.6655,0.8214,0.8538,completed,,,
42,known_visit,ACBBA,ideal,1.0,34,1156,14,10,acbba_g34_d85_ideal,reruns\grid_density\scenarios\cv\known_visit_grid34_targets10_trials50.csv,10,8,0,0,9,0,3,0,0,0,0.0,0,0,106,21,85,1642,0,117,96.7337,0.8267837606837607,0.8305,1.0809,1.4434,19.0508,0.16282735042735041,0.1388,0.3519,0.5412,117,77.6829,0.6639564102564103,0.655,0.8188,0.9093,completed,,,
42,known_visit,ACBBA,ideal,1.0,34,1156,14,10,acbba_g34_d85_ideal,reruns\grid_density\scenarios\cv\known_visit_grid34_targets10_trials50.csv,11,5,0,0,6,0,2,0,0,0,0.0,0,0,104,17,87,1644,0,126,105.7264,0.8390984126984127,0.8348,1.1376,1.2964,20.8019,0.16509444444444443,0.14229999999999998,0.2563,0.6072,126,84.9245,0.6740039682539682,0.6631,0.848,0.9709,completed,,,
42,known_visit,ACBBA,ideal,1.0,34,1156,14,10,acbba_g34_d85_ideal,reruns\grid_density\scenarios\cv\known_visit_grid34_targets10_trials50.csv,12,6,0,0,7,0,2,0,0,0,0.0,0,0,100,16,84,1648,0,123,100.7339,0.8189747967479675,0.8256,1.097,1.5963,19.7245,0.16036178861788616,0.1443,0.2514,0.579,123,81.0094,0.6586130081300813,0.6576,0.8363,1.0173,completed,,,
42,known_visit,ACBBA,ideal,1.0,34,1156,14,10,acbba_g34_d85_ideal,reruns\grid_density\scenarios\cv\known_visit_grid34_targets10_trials50.csv,13,39,3,1,38,2,2,0,0,0,0.0,0,0,164,80,84,1585,0,21,19.046,0.906952380952381,0.7998,1.2934,1.5619,4.7391000000000005,0.2256714285714286,0.1777,0.546,0.5711,21,14.3069,0.6812809523809524,0.6526,0.7993,0.9908,completed,,,
43,known_visit,ACBBA,ideal,1.0,34,1156,14,10,acbba_g34_d85_ideal,reruns\grid_density\scenarios\cv\known_visit_grid34_targets10_trials50.csv,00,34,2,0,35,0,2,0,0,0,0.0,0,0,121,70,51,1016,0,26,20.3571,0.7829653846153846,0.7293000000000001,1.3263,1.367,3.7543,0.14439615384615384,0.10544999999999999,0.537,0.5484,26,16.6028,0.6385692307692307,0.62275,0.8186,0.8579,completed,,,
43,known_visit,ACBBA,ideal,1.0,34,1156,14,10,acbba_g34_d85_ideal,reruns\grid_density\scenarios\cv\known_visit_grid34_targets10_trials50.csv,01,7,1,0,8,0,3,0,0,0,0.0,0,0,73,18,55,1064,0,116,100.7326,0.8683844827586207,0.7897,1.1905,1.3978,19.5457,0.16849741379310346,0.12875,0.307,0.5803,116,81.1869,0.6998870689655172,0.66225,0.8916,0.9703,completed,,,
43,known_visit,ACBBA,ideal,1.0,34,1156,14,10,acbba_g34_d85_ideal,reruns\grid_density\scenarios\cv\known_visit_grid34_targets10_trials50.csv,02,5,0,0,6,0,3,0,0,0,0.0,0,0,68,14,54,1069,0,123,106.3333,0.8644983739837397,0.7881,1.1811,1.529,20.605999999999998,0.16752845528455282,0.1281,0.2772,0.639,123,85.7273,0.696969918699187,0.6598,0.89,0.9656,completed,,,
43,known_visit,ACBBA,ideal,1.0,34,1156,14,10,acbba_g34_d85_ideal,reruns\grid_density\scenarios\cv\known_visit_grid34_targets10_trials50.csv,03,17,1,0,18,0,3,0,0,0,0.0,0,0,91,36,55,1046,0,86,68.7745,0.799703488372093,0.7795,1.2376,1.4227,12.3629,0.1437546511627907,0.12290000000000001,0.3964,0.6171,86,56.4116,0.6559488372093023,0.6531,0.8078,0.9414,completed,,,
43,known_visit,ACBBA,ideal,1.0,34,1156,14,10,acbba_g34_d85_ideal,reruns\grid_density\scenarios\cv\known_visit_grid34_targets10_trials50.csv,04,5,1,0,5,1,0,0,0,0,0.0,0,0,62,13,49,1075,0,120,102.3399,0.8528325,0.7887500000000001,1.1427,1.5113,19.0488,0.15874,0.12795,0.2587,0.6229,120,83.2911,0.6940925,0.6597999999999999,0.8835,0.98,completed,,,
43,known_visit,ACBBA,ideal,1.0,34,1156,14,10,acbba_g34_d85_ideal,reruns\grid_density\scenarios\cv\known_visit_grid34_targets10_trials50.csv,05,4,0,0,5,0,2,0,0,0,0.0,0,0,64,11,53,1073,0,124,106.3099,0.8573379032258065,0.79125,1.1689,1.3822,20.1511,0.16250887096774194,0.12990000000000002,0.2774,0.5786,124,86.1588,0.6948290322580645,0.66045,0.8672,0.9866,completed,,,
43,known_visit,ACBBA,ideal,1.0,34,1156,14,10,acbba_g34_d85_ideal,reruns\grid_density\scenarios\cv\known_visit_grid34_targets10_trials50.csv,06,30,2,0,30,1,3,0,0,0,0.0,0,0,121,64,57,1016,0,37,29.8732,0.8073837837837838,0.7351,1.4894,1.51,6.0667,0.16396486486486486,0.1039,0.5928,0.6007,37,23.8065,0.6434189189189189,0.6345,0.8966,0.9093,completed,,,
43,known_visit,ACBBA,ideal,1.0,34,1156,14,10,acbba_g34_d85_ideal,reruns\grid_density\scenarios\cv\known_visit_grid34_targets10_trials50.csv,07,6,0,0,6,1,0,0,0,0,0.0,0,0,63,15,48,1074,0,118,99.5363,0.8435279661016949,0.7847500000000001,1.1557,1.4811,18.4246,0.1561406779661017,0.1265,0.274,0.6125,118,81.1117,0.6873872881355932,0.65735,0.8686,0.9641,completed,,,
43,known_visit,ACBBA,ideal,1.0,34,1156,14,10,acbba_g34_d85_ideal,reruns\grid_density\scenarios\cv\known_visit_grid34_targets10_trials50.csv,08,14,0,0,14,1,2,0,0,0,0.0,0,0,80,30,50,1057,0,92,72.637,0.7895326086956522,0.7752,1.0351,1.4896,12.4867,0.135725,0.12240000000000001,0.276,0.6298,92,60.1503,0.6538076086956522,0.65265,0.7693,0.8734,completed,,,
43,known_visit,ACBBA,ideal,1.0,34,1156,14,10,acbba_g34_d85_ideal,reruns\grid_density\scenarios\cv\known_visit_grid34_targets10_trials50.csv,09,3,0,0,4,0,0,0,0,0,0.0,0,0,60,9,51,1077,0,126,108.3225,0.8597023809523809,0.78925,1.1299,1.6033,20.2738,0.1609031746031746,0.12795,0.2629,0.6192,126,88.0487,0.6987992063492063,0.6615,0.8664,0.9841,completed,,,
43,known_visit,ACBBA,ideal,1.0,34,1156,14,10,acbba_g34_d85_ideal,reruns\grid_density\scenarios\cv\known_visit_grid34_targets10_trials50.csv,10,27,1,0,21,7,1,0,0,0,0.0,0,0,110,57,53,1028,0,50,51.1399,1.0227979999999999,1.0385,1.2611,1.3679,11.833,0.23666,0.2273,0.3482,0.5448,50,39.3069,0.786138,0.80495,0.9231,0.9734,completed,,,
43,known_visit,ACBBA,ideal,1.0,34,1156,14,10,acbba_g34_d85_ideal,reruns\grid_density\scenarios\cv\known_visit_grid34_targets10_trials50.csv,11,13,1,0,14,0,0,0,0,0,0.0,0,0,78,28,50,1059,0,94,74.2979,0.7904031914893617,0.7804,1.0378,1.5256,12.7998,0.13616808510638298,0.1247,0.2917,0.6177,94,61.4981,0.6542351063829788,0.6564,0.787,0.9115,completed,,,
43,known_visit,ACBBA,ideal,1.0,34,1156,14,10,acbba_g34_d85_ideal,reruns\grid_density\scenarios\cv\known_visit_grid34_targets10_trials50.csv,12,15,1,0,16,0,0,0,0,0,0.0,0,0,83,34,49,1054,0,89,70.2814,0.7896786516853933,0.7802,0.9521,1.5379,12.0691,0.13560786516853934,0.1237,0.2046,0.6543,89,58.2123,0.6540707865168539,0.6569,0.7786,0.8836,completed,,,
43,known_visit,ACBBA,ideal,1.0,34,1156,14,10,acbba_g34_d85_ideal,reruns\grid_density\scenarios\cv\known_visit_grid34_targets10_trials50.csv,13,3,0,0,4,0,2,0,0,0,0.0,0,0,64,9,55,1073,0,127,109.8601,0.8650401574803149,0.7967,1.1352,1.4363,20.9442,0.16491496062992125,0.1286,0.2795,0.6164,127,88.9159,0.7001251968503936,0.6686,0.8548,0.9778,completed,,,
44,,ACBBA,ideal,1.0,34,1156,14,,acbba_g34_d85_ideal,reruns\grid_density\scenarios\cv\known_visit_grid34_targets10_trials50.csv,00,,,,,,,,,,,,,,,,,,,,,,,,,,,,,,,,,,,failed,RuntimeError,"Stagnation detected in trial 44 after 2000 events without movement or target completion; diagnostics={""clock_s"": 142.83562543146144, ""completed_targets"": 9, ""event_reasons"": {""intent_sync"": 242, ""moved"": 225, ""no_goal"": 3196, ""target_visited"": 9, ""turn"": 12}, ""events_processed"": 3684, ""robots"": {""00"": {""active_tasks"": 1, ""decision"": {""acbba_bundle"": [], ""acbba_bundle_size"": 2, ""acbba_candidate_count_after_filter"": 1, ""acbba_candidate_count_before_filter"": 1, ""acbba_claims_known"": 1, ""acbba_max_candidate_cells"": null, ""acbba_path"": [], ""acbba_pending_snapshot"": false, ""acbba_trigger"": null, ""alg"": ""ACBBA"", ""mode"": ""known_visit""}, ""goal"": null, ""last_event"": ""no_goal"", ""no_goal_since"": 34.63226095756551, ""pos"": [19, 1], ""stall_recovery_count"": 0, ""temporary_invalid_until"": {}}, ""01"": {""active_tasks"": 1, ""decision"": {""acbba_bundle"": [], ""acbba_bundle_size"": 2, ""acbba_candidate_count_after_filter"": 1, ""acbba_candidate_count_before_filter"": 1, ""acbba_claims_known"": 1, ""acbba_max_candidate_cells"": null, ""acbba_path"": [], ""acbba_pending_snapshot"": false, ""acbba_trigger"": null, ""alg"": ""ACBBA"", ""mode"": ""known_visit""}, ""goal"": null, ""last_event"": ""no_goal"", ""no_goal_since"": 38.38584063440959, ""pos"": [3, 15], ""stall_recovery_count"": 0, ""temporary_invalid_until"": {}}, ""02"": {""active_tasks"": 1, ""decision"": {""acbba_bundle"": [], ""acbba_bundle_size"": 2, ""acbba_candidate_count_after_filter"": 1, ""acbba_candidate_count_before_filter"": 1, ""acbba_claims_known"": 1, ""acbba_max_candidate_cells"": null, ""acbba_path"": [], ""acbba_pending_snapshot"": false, ""acbba_trigger"": null, ""alg"": ""ACBBA"", ""mode"": ""known_visit""}, ""goal"": null, ""last_event"": ""no_goal"", ""no_goal_since"": 72.83562543146144, ""pos"": [16, 16], ""stall_recovery_count"": 0, ""temporary_invalid_until"": {}}, ""03"": {""active_tasks"": 1, ""decision"": {""acbba_bundle"": [], ""acbba_bundle_size"": 2, ""acbba_candidate_count_after_filter"": 1, ""acbba_candidate_count_before_filter"": 1, ""acbba_claims_known"": 1, ""acbba_max_candidate_cells"": null, ""acbba_path"": [], ""acbba_pending_snapshot"": false, ""acbba_trigger"": null, ""alg"": ""ACBBA"", ""mode"": ""known_visit""}, ""goal"": null, ""last_event"": ""no_goal"", ""no_goal_since"": 33.36070161926117, ""pos"": [9, 8], ""stall_recovery_count"": 0, ""temporary_invalid_until"": {}}, ""04"": {""active_tasks"": 1, ""decision"": {""acbba_bundle"": [], ""acbba_bundle_size"": 2, ""acbba_candidate_count_after_filter"": 1, ""acbba_candidate_count_before_filter"": 1, ""acbba_claims_known"": 1, ""acbba_max_candidate_cells"": null, ""acbba_path"": [], ""acbba_pending_snapshot"": false, ""acbba_trigger"": null, ""alg"": ""ACBBA"", ""mode"": ""known_visit""}, ""goal"": null, ""last_event"": ""no_goal"", ""no_goal_since"": 32.748694973373816, ""pos"": [14, 15], ""stall_recovery_count"": 0, ""temporary_invalid_until"": {}}, ""05"": {""active_tasks"": 1, ""decision"": {""acbba_bundle"": [], ""acbba_bundle_size"": 2, ""acbba_candidate_count_after_filter"": 1, ""acbba_candidate_count_before_filter"": 1, ""acbba_claims_known"": 1, ""acbba_max_candidate_cells"": null, ""acbba_path"": [], ""acbba_pending_snapshot"": false, ""acbba_trigger"": null, ""alg"": ""ACBBA"", ""mode"": ""known_visit""}, ""goal"": null, ""last_event"": ""no_goal"", ""no_goal_since"": 33.20233268230591, ""pos"": [16, 15], ""stall_recovery_count"": 0, ""temporary_invalid_until"": {}}, ""06"": {""active_tasks"": 1, ""decision"": {""acbba_bundle"": [], ""acbba_bundle_size"": 2, ""acbba_candidate_count_after_filter"": 1, ""acbba_candidate_count_before_filter"": 1, ""acbba_claims_known"": 1, ""acbba_max_candidate_cells"": null, ""acbba_path"": [], ""acbba_pending_snapshot"": false, ""acbba_trigger"": null, ""alg"": ""ACBBA"", ""mode"": ""known_visit""}, ""goal"": null, ""last_event"": ""no_goal"", ""no_goal_since"": 36.94682724256283, ""pos"": [12, 15], ""stall_recovery_count"": 0, ""temporary_invalid_until"": {}}, ""07"": {""active_tasks"": 1, ""decision"": {""acbba_bundle"": [], ""acbba_bundle_size"": 2, ""acbba_candidate_count_after_filter"": 1, ""acbba_candidate_count_before_filter"": 1, ""acbba_claims_known"": 1, ""acbba_max_candidate_cells"": null, ""acbba_path"": [], ""acbba_pending_snapshot"": false, ""acbba_trigger"": null, ""alg"": ""ACBBA"", ""mode"": ""known_visit""}, ""goal"": null, ""last_event"": ""no_goal"", ""no_goal_since"": 52.767005418215284, ""pos"": [20, 24], ""stall_recovery_count"": 0, ""temporary_invalid_until"": {}}, ""08"": {""active_tasks"": 1, ""decision"": {""acbba_bundle"": [], ""acbba_bundle_size"": 2, ""acbba_candidate_count_after_filter"": 1, ""acbba_candidate_count_before_filter"": 1, ""acbba_claims_known"": 1, ""acbba_max_candidate_cells"": null, ""acbba_path"": [], ""acbba_pending_snapshot"": false, ""acbba_trigger"": null, ""alg"": ""ACBBA"", ""mode"": ""known_visit""}, ""goal"": null, ""last_event"": ""no_goal"", ""no_goal_since"": 54.000140864633714, ""pos"": [10, 3], ""stall_recovery_count"": 0, ""temporary_invalid_until"": {}}, ""09"": {""active_tasks"": 1, ""decision"": {""acbba_bundle"": [], ""acbba_bundle_size"": 2, ""acbba_candidate_count_after_filter"": 1, ""acbba_candidate_count_before_filter"": 1, ""acbba_claims_known"": 1, ""acbba_max_candidate_cells"": null, ""acbba_path"": [], ""acbba_pending_snapshot"": false, ""acbba_trigger"": null, ""alg"": ""ACBBA"", ""mode"": ""known_visit""}, ""goal"": null, ""last_event"": ""no_goal"", ""no_goal_since"": 37.10036941510764, ""pos"": [10, 23], ""stall_recovery_count"": 0, ""temporary_invalid_until"": {}}, ""10"": {""active_tasks"": 1, ""decision"": {""acbba_bundle"": [], ""acbba_bundle_size"": 2, ""acbba_candidate_count_after_filter"": 1, ""acbba_candidate_count_before_filter"": 1, ""acbba_claims_known"": 1, ""acbba_max_candidate_cells"": null, ""acbba_path"": [], ""acbba_pending_snapshot"": false, ""acbba_trigger"": null, ""alg"": ""ACBBA"", ""mode"": ""known_visit""}, ""goal"": null, ""last_event"": ""no_goal"", ""no_goal_since"": 33.53744794434619, ""pos"": [8, 25], ""stall_recovery_count"": 0, ""temporary_invalid_until"": {}}, ""11"": {""active_tasks"": 1, ""decision"": {""acbba_bundle"": [], ""acbba_bundle_size"": 2, ""acbba_candidate_count_after_filter"": 1, ""acbba_candidate_count_before_filter"": 1, ""acbba_claims_known"": 1, ""acbba_max_candidate_cells"": null, ""acbba_path"": [], ""acbba_pending_snapshot"": false, ""acbba_trigger"": null, ""alg"": ""ACBBA"", ""mode"": ""known_visit""}, ""goal"": null, ""last_event"": ""no_goal"", ""no_goal_since"": 36.914188025778174, ""pos"": [12, 28], ""stall_recovery_count"": 0, ""temporary_invalid_until"": {}}, ""12"": {""active_tasks"": 1, ""decision"": {""acbba_bundle"": [], ""acbba_bundle_size"": 2, ""acbba_candidate_count_after_filter"": 1, ""acbba_candidate_count_before_filter"": 1, ""acbba_claims_known"": 1, ""acbba_max_candidate_cells"": null, ""acbba_path"": [], ""acbba_pending_snapshot"": false, ""acbba_trigger"": null, ""alg"": ""ACBBA"", ""mode"": ""known_visit""}, ""goal"": null, ""last_event"": ""no_goal"", ""no_goal_since"": 34.91357333510563, ""pos"": [8, 30], ""stall_recovery_count"": 0, ""temporary_invalid_until"": {}}, ""13"": {""active_tasks"": 1, ""decision"": {""acbba_bundle"": [], ""acbba_bundle_size"": 2, ""acbba_candidate_count_after_filter"": 1, ""acbba_candidate_count_before_filter"": 1, ""acbba_claims_known"": 1, ""acbba_max_candidate_cells"": null, ""acbba_path"": [], ""acbba_pending_snapshot"": false, ""acbba_trigger"": null, ""alg"": ""ACBBA"", ""mode"": ""known_visit""}, ""goal"": null, ""last_event"": ""no_goal"", ""no_goal_since"": 36.9789747200482, ""pos"": [14, 28], ""stall_recovery_count"": 0, ""temporary_invalid_until"": {}}}, ""total_targets"": 10}",
44,,ACBBA,ideal,1.0,34,1156,14,,acbba_g34_d85_ideal,reruns\grid_density\scenarios\cv\known_visit_grid34_targets10_trials50.csv,01,,,,,,,,,,,,,,,,,,,,,,,,,,,,,,,,,,,failed,RuntimeError,"Stagnation detected in trial 44 after 2000 events without movement or target completion; diagnostics={""clock_s"": 142.83562543146144, ""completed_targets"": 9, ""event_reasons"": {""intent_sync"": 242, ""moved"": 225, ""no_goal"": 3196, ""target_visited"": 9, ""turn"": 12}, ""events_processed"": 3684, ""robots"": {""00"": {""active_tasks"": 1, ""decision"": {""acbba_bundle"": [], ""acbba_bundle_size"": 2, ""acbba_candidate_count_after_filter"": 1, ""acbba_candidate_count_before_filter"": 1, ""acbba_claims_known"": 1, ""acbba_max_candidate_cells"": null, ""acbba_path"": [], ""acbba_pending_snapshot"": false, ""acbba_trigger"": null, ""alg"": ""ACBBA"", ""mode"": ""known_visit""}, ""goal"": null, ""last_event"": ""no_goal"", ""no_goal_since"": 34.63226095756551, ""pos"": [19, 1], ""stall_recovery_count"": 0, ""temporary_invalid_until"": {}}, ""01"": {""active_tasks"": 1, ""decision"": {""acbba_bundle"": [], ""acbba_bundle_size"": 2, ""acbba_candidate_count_after_filter"": 1, ""acbba_candidate_count_before_filter"": 1, ""acbba_claims_known"": 1, ""acbba_max_candidate_cells"": null, ""acbba_path"": [], ""acbba_pending_snapshot"": false, ""acbba_trigger"": null, ""alg"": ""ACBBA"", ""mode"": ""known_visit""}, ""goal"": null, ""last_event"": ""no_goal"", ""no_goal_since"": 38.38584063440959, ""pos"": [3, 15], ""stall_recovery_count"": 0, ""temporary_invalid_until"": {}}, ""02"": {""active_tasks"": 1, ""decision"": {""acbba_bundle"": [], ""acbba_bundle_size"": 2, ""acbba_candidate_count_after_filter"": 1, ""acbba_candidate_count_before_filter"": 1, ""acbba_claims_known"": 1, ""acbba_max_candidate_cells"": null, ""acbba_path"": [], ""acbba_pending_snapshot"": false, ""acbba_trigger"": null, ""alg"": ""ACBBA"", ""mode"": ""known_visit""}, ""goal"": null, ""last_event"": ""no_goal"", ""no_goal_since"": 72.83562543146144, ""pos"": [16, 16], ""stall_recovery_count"": 0, ""temporary_invalid_until"": {}}, ""03"": {""active_tasks"": 1, ""decision"": {""acbba_bundle"": [], ""acbba_bundle_size"": 2, ""acbba_candidate_count_after_filter"": 1, ""acbba_candidate_count_before_filter"": 1, ""acbba_claims_known"": 1, ""acbba_max_candidate_cells"": null, ""acbba_path"": [], ""acbba_pending_snapshot"": false, ""acbba_trigger"": null, ""alg"": ""ACBBA"", ""mode"": ""known_visit""}, ""goal"": null, ""last_event"": ""no_goal"", ""no_goal_since"": 33.36070161926117, ""pos"": [9, 8], ""stall_recovery_count"": 0, ""temporary_invalid_until"": {}}, ""04"": {""active_tasks"": 1, ""decision"": {""acbba_bundle"": [], ""acbba_bundle_size"": 2, ""acbba_candidate_count_after_filter"": 1, ""acbba_candidate_count_before_filter"": 1, ""acbba_claims_known"": 1, ""acbba_max_candidate_cells"": null, ""acbba_path"": [], ""acbba_pending_snapshot"": false, ""acbba_trigger"": null, ""alg"": ""ACBBA"", ""mode"": ""known_visit""}, ""goal"": null, ""last_event"": ""no_goal"", ""no_goal_since"": 32.748694973373816, ""pos"": [14, 15], ""stall_recovery_count"": 0, ""temporary_invalid_until"": {}}, ""05"": {""active_tasks"": 1, ""decision"": {""acbba_bundle"": [], ""acbba_bundle_size"": 2, ""acbba_candidate_count_after_filter"": 1, ""acbba_candidate_count_before_filter"": 1, ""acbba_claims_known"": 1, ""acbba_max_candidate_cells"": null, ""acbba_path"": [], ""acbba_pending_snapshot"": false, ""acbba_trigger"": null, ""alg"": ""ACBBA"", ""mode"": ""known_visit""}, ""goal"": null, ""last_event"": ""no_goal"", ""no_goal_since"": 33.20233268230591, ""pos"": [16, 15], ""stall_recovery_count"": 0, ""temporary_invalid_until"": {}}, ""06"": {""active_tasks"": 1, ""decision"": {""acbba_bundle"": [], ""acbba_bundle_size"": 2, ""acbba_candidate_count_after_filter"": 1, ""acbba_candidate_count_before_filter"": 1, ""acbba_claims_known"": 1, ""acbba_max_candidate_cells"": null, ""acbba_path"": [], ""acbba_pending_snapshot"": false, ""acbba_trigger"": null, ""alg"": ""ACBBA"", ""mode"": ""known_visit""}, ""goal"": null, ""last_event"": ""no_goal"", ""no_goal_since"": 36.94682724256283, ""pos"": [12, 15], ""stall_recovery_count"": 0, ""temporary_invalid_until"": {}}, ""07"": {""active_tasks"": 1, ""decision"": {""acbba_bundle"": [], ""acbba_bundle_size"": 2, ""acbba_candidate_count_after_filter"": 1, ""acbba_candidate_count_before_filter"": 1, ""acbba_claims_known"": 1, ""acbba_max_candidate_cells"": null, ""acbba_path"": [], ""acbba_pending_snapshot"": false, ""acbba_trigger"": null, ""alg"": ""ACBBA"", ""mode"": ""known_visit""}, ""goal"": null, ""last_event"": ""no_goal"", ""no_goal_since"": 52.767005418215284, ""pos"": [20, 24], ""stall_recovery_count"": 0, ""temporary_invalid_until"": {}}, ""08"": {""active_tasks"": 1, ""decision"": {""acbba_bundle"": [], ""acbba_bundle_size"": 2, ""acbba_candidate_count_after_filter"": 1, ""acbba_candidate_count_before_filter"": 1, ""acbba_claims_known"": 1, ""acbba_max_candidate_cells"": null, ""acbba_path"": [], ""acbba_pending_snapshot"": false, ""acbba_trigger"": null, ""alg"": ""ACBBA"", ""mode"": ""known_visit""}, ""goal"": null, ""last_event"": ""no_goal"", ""no_goal_since"": 54.000140864633714, ""pos"": [10, 3], ""stall_recovery_count"": 0, ""temporary_invalid_until"": {}}, ""09"": {""active_tasks"": 1, ""decision"": {""acbba_bundle"": [], ""acbba_bundle_size"": 2, ""acbba_candidate_count_after_filter"": 1, ""acbba_candidate_count_before_filter"": 1, ""acbba_claims_known"": 1, ""acbba_max_candidate_cells"": null, ""acbba_path"": [], ""acbba_pending_snapshot"": false, ""acbba_trigger"": null, ""alg"": ""ACBBA"", ""mode"": ""known_visit""}, ""goal"": null, ""last_event"": ""no_goal"", ""no_goal_since"": 37.10036941510764, ""pos"": [10, 23], ""stall_recovery_count"": 0, ""temporary_invalid_until"": {}}, ""10"": {""active_tasks"": 1, ""decision"": {""acbba_bundle"": [], ""acbba_bundle_size"": 2, ""acbba_candidate_count_after_filter"": 1, ""acbba_candidate_count_before_filter"": 1, ""acbba_claims_known"": 1, ""acbba_max_candidate_cells"": null, ""acbba_path"": [], ""acbba_pending_snapshot"": false, ""acbba_trigger"": null, ""alg"": ""ACBBA"", ""mode"": ""known_visit""}, ""goal"": null, ""last_event"": ""no_goal"", ""no_goal_since"": 33.53744794434619, ""pos"": [8, 25], ""stall_recovery_count"": 0, ""temporary_invalid_until"": {}}, ""11"": {""active_tasks"": 1, ""decision"": {""acbba_bundle"": [], ""acbba_bundle_size"": 2, ""acbba_candidate_count_after_filter"": 1, ""acbba_candidate_count_before_filter"": 1, ""acbba_claims_known"": 1, ""acbba_max_candidate_cells"": null, ""acbba_path"": [], ""acbba_pending_snapshot"": false, ""acbba_trigger"": null, ""alg"": ""ACBBA"", ""mode"": ""known_visit""}, ""goal"": null, ""last_event"": ""no_goal"", ""no_goal_since"": 36.914188025778174, ""pos"": [12, 28], ""stall_recovery_count"": 0, ""temporary_invalid_until"": {}}, ""12"": {""active_tasks"": 1, ""decision"": {""acbba_bundle"": [], ""acbba_bundle_size"": 2, ""acbba_candidate_count_after_filter"": 1, ""acbba_candidate_count_before_filter"": 1, ""acbba_claims_known"": 1, ""acbba_max_candidate_cells"": null, ""acbba_path"": [], ""acbba_pending_snapshot"": false, ""acbba_trigger"": null, ""alg"": ""ACBBA"", ""mode"": ""known_visit""}, ""goal"": null, ""last_event"": ""no_goal"", ""no_goal_since"": 34.91357333510563, ""pos"": [8, 30], ""stall_recovery_count"": 0, ""temporary_invalid_until"": {}}, ""13"": {""active_tasks"": 1, ""decision"": {""acbba_bundle"": [], ""acbba_bundle_size"": 2, ""acbba_candidate_count_after_filter"": 1, ""acbba_candidate_count_before_filter"": 1, ""acbba_claims_known"": 1, ""acbba_max_candidate_cells"": null, ""acbba_path"": [], ""acbba_pending_snapshot"": false, ""acbba_trigger"": null, ""alg"": ""ACBBA"", ""mode"": ""known_visit""}, ""goal"": null, ""last_event"": ""no_goal"", ""no_goal_since"": 36.9789747200482, ""pos"": [14, 28], ""stall_recovery_count"": 0, ""temporary_invalid_until"": {}}}, ""total_targets"": 10}",
44,,ACBBA,ideal,1.0,34,1156,14,,acbba_g34_d85_ideal,reruns\grid_density\scenarios\cv\known_visit_grid34_targets10_trials50.csv,02,,,,,,,,,,,,,,,,,,,,,,,,,,,,,,,,,,,failed,RuntimeError,"Stagnation detected in trial 44 after 2000 events without movement or target completion; diagnostics={""clock_s"": 142.83562543146144, ""completed_targets"": 9, ""event_reasons"": {""intent_sync"": 242, ""moved"": 225, ""no_goal"": 3196, ""target_visited"": 9, ""turn"": 12}, ""events_processed"": 3684, ""robots"": {""00"": {""active_tasks"": 1, ""decision"": {""acbba_bundle"": [], ""acbba_bundle_size"": 2, ""acbba_candidate_count_after_filter"": 1, ""acbba_candidate_count_before_filter"": 1, ""acbba_claims_known"": 1, ""acbba_max_candidate_cells"": null, ""acbba_path"": [], ""acbba_pending_snapshot"": false, ""acbba_trigger"": null, ""alg"": ""ACBBA"", ""mode"": ""known_visit""}, ""goal"": null, ""last_event"": ""no_goal"", ""no_goal_since"": 34.63226095756551, ""pos"": [19, 1], ""stall_recovery_count"": 0, ""temporary_invalid_until"": {}}, ""01"": {""active_tasks"": 1, ""decision"": {""acbba_bundle"": [], ""acbba_bundle_size"": 2, ""acbba_candidate_count_after_filter"": 1, ""acbba_candidate_count_before_filter"": 1, ""acbba_claims_known"": 1, ""acbba_max_candidate_cells"": null, ""acbba_path"": [], ""acbba_pending_snapshot"": false, ""acbba_trigger"": null, ""alg"": ""ACBBA"", ""mode"": ""known_visit""}, ""goal"": null, ""last_event"": ""no_goal"", ""no_goal_since"": 38.38584063440959, ""pos"": [3, 15], ""stall_recovery_count"": 0, ""temporary_invalid_until"": {}}, ""02"": {""active_tasks"": 1, ""decision"": {""acbba_bundle"": [], ""acbba_bundle_size"": 2, ""acbba_candidate_count_after_filter"": 1, ""acbba_candidate_count_before_filter"": 1, ""acbba_claims_known"": 1, ""acbba_max_candidate_cells"": null, ""acbba_path"": [], ""acbba_pending_snapshot"": false, ""acbba_trigger"": null, ""alg"": ""ACBBA"", ""mode"": ""known_visit""}, ""goal"": null, ""last_event"": ""no_goal"", ""no_goal_since"": 72.83562543146144, ""pos"": [16, 16], ""stall_recovery_count"": 0, ""temporary_invalid_until"": {}}, ""03"": {""active_tasks"": 1, ""decision"": {""acbba_bundle"": [], ""acbba_bundle_size"": 2, ""acbba_candidate_count_after_filter"": 1, ""acbba_candidate_count_before_filter"": 1, ""acbba_claims_known"": 1, ""acbba_max_candidate_cells"": null, ""acbba_path"": [], ""acbba_pending_snapshot"": false, ""acbba_trigger"": null, ""alg"": ""ACBBA"", ""mode"": ""known_visit""}, ""goal"": null, ""last_event"": ""no_goal"", ""no_goal_since"": 33.36070161926117, ""pos"": [9, 8], ""stall_recovery_count"": 0, ""temporary_invalid_until"": {}}, ""04"": {""active_tasks"": 1, ""decision"": {""acbba_bundle"": [], ""acbba_bundle_size"": 2, ""acbba_candidate_count_after_filter"": 1, ""acbba_candidate_count_before_filter"": 1, ""acbba_claims_known"": 1, ""acbba_max_candidate_cells"": null, ""acbba_path"": [], ""acbba_pending_snapshot"": false, ""acbba_trigger"": null, ""alg"": ""ACBBA"", ""mode"": ""known_visit""}, ""goal"": null, ""last_event"": ""no_goal"", ""no_goal_since"": 32.748694973373816, ""pos"": [14, 15], ""stall_recovery_count"": 0, ""temporary_invalid_until"": {}}, ""05"": {""active_tasks"": 1, ""decision"": {""acbba_bundle"": [], ""acbba_bundle_size"": 2, ""acbba_candidate_count_after_filter"": 1, ""acbba_candidate_count_before_filter"": 1, ""acbba_claims_known"": 1, ""acbba_max_candidate_cells"": null, ""acbba_path"": [], ""acbba_pending_snapshot"": false, ""acbba_trigger"": null, ""alg"": ""ACBBA"", ""mode"": ""known_visit""}, ""goal"": null, ""last_event"": ""no_goal"", ""no_goal_since"": 33.20233268230591, ""pos"": [16, 15], ""stall_recovery_count"": 0, ""temporary_invalid_until"": {}}, ""06"": {""active_tasks"": 1, ""decision"": {""acbba_bundle"": [], ""acbba_bundle_size"": 2, ""acbba_candidate_count_after_filter"": 1, ""acbba_candidate_count_before_filter"": 1, ""acbba_claims_known"": 1, ""acbba_max_candidate_cells"": null, ""acbba_path"": [], ""acbba_pending_snapshot"": false, ""acbba_trigger"": null, ""alg"": ""ACBBA"", ""mode"": ""known_visit""}, ""goal"": null, ""last_event"": ""no_goal"", ""no_goal_since"": 36.94682724256283, ""pos"": [12, 15], ""stall_recovery_count"": 0, ""temporary_invalid_until"": {}}, ""07"": {""active_tasks"": 1, ""decision"": {""acbba_bundle"": [], ""acbba_bundle_size"": 2, ""acbba_candidate_count_after_filter"": 1, ""acbba_candidate_count_before_filter"": 1, ""acbba_claims_known"": 1, ""acbba_max_candidate_cells"": null, ""acbba_path"": [], ""acbba_pending_snapshot"": false, ""acbba_trigger"": null, ""alg"": ""ACBBA"", ""mode"": ""known_visit""}, ""goal"": null, ""last_event"": ""no_goal"", ""no_goal_since"": 52.767005418215284, ""pos"": [20, 24], ""stall_recovery_count"": 0, ""temporary_invalid_until"": {}}, ""08"": {""active_tasks"": 1, ""decision"": {""acbba_bundle"": [], ""acbba_bundle_size"": 2, ""acbba_candidate_count_after_filter"": 1, ""acbba_candidate_count_before_filter"": 1, ""acbba_claims_known"": 1, ""acbba_max_candidate_cells"": null, ""acbba_path"": [], ""acbba_pending_snapshot"": false, ""acbba_trigger"": null, ""alg"": ""ACBBA"", ""mode"": ""known_visit""}, ""goal"": null, ""last_event"": ""no_goal"", ""no_goal_since"": 54.000140864633714, ""pos"": [10, 3], ""stall_recovery_count"": 0, ""temporary_invalid_until"": {}}, ""09"": {""active_tasks"": 1, ""decision"": {""acbba_bundle"": [], ""acbba_bundle_size"": 2, ""acbba_candidate_count_after_filter"": 1, ""acbba_candidate_count_before_filter"": 1, ""acbba_claims_known"": 1, ""acbba_max_candidate_cells"": null, ""acbba_path"": [], ""acbba_pending_snapshot"": false, ""acbba_trigger"": null, ""alg"": ""ACBBA"", ""mode"": ""known_visit""}, ""goal"": null, ""last_event"": ""no_goal"", ""no_goal_since"": 37.10036941510764, ""pos"": [10, 23], ""stall_recovery_count"": 0, ""temporary_invalid_until"": {}}, ""10"": {""active_tasks"": 1, ""decision"": {""acbba_bundle"": [], ""acbba_bundle_size"": 2, ""acbba_candidate_count_after_filter"": 1, ""acbba_candidate_count_before_filter"": 1, ""acbba_claims_known"": 1, ""acbba_max_candidate_cells"": null, ""acbba_path"": [], ""acbba_pending_snapshot"": false, ""acbba_trigger"": null, ""alg"": ""ACBBA"", ""mode"": ""known_visit""}, ""goal"": null, ""last_event"": ""no_goal"", ""no_goal_since"": 33.53744794434619, ""pos"": [8, 25], ""stall_recovery_count"": 0, ""temporary_invalid_until"": {}}, ""11"": {""active_tasks"": 1, ""decision"": {""acbba_bundle"": [], ""acbba_bundle_size"": 2, ""acbba_candidate_count_after_filter"": 1, ""acbba_candidate_count_before_filter"": 1, ""acbba_claims_known"": 1, ""acbba_max_candidate_cells"": null, ""acbba_path"": [], ""acbba_pending_snapshot"": false, ""acbba_trigger"": null, ""alg"": ""ACBBA"", ""mode"": ""known_visit""}, ""goal"": null, ""last_event"": ""no_goal"", ""no_goal_since"": 36.914188025778174, ""pos"": [12, 28], ""stall_recovery_count"": 0, ""temporary_invalid_until"": {}}, ""12"": {""active_tasks"": 1, ""decision"": {""acbba_bundle"": [], ""acbba_bundle_size"": 2, ""acbba_candidate_count_after_filter"": 1, ""acbba_candidate_count_before_filter"": 1, ""acbba_claims_known"": 1, ""acbba_max_candidate_cells"": null, ""acbba_path"": [], ""acbba_pending_snapshot"": false, ""acbba_trigger"": null, ""alg"": ""ACBBA"", ""mode"": ""known_visit""}, ""goal"": null, ""last_event"": ""no_goal"", ""no_goal_since"": 34.91357333510563, ""pos"": [8, 30], ""stall_recovery_count"": 0, ""temporary_invalid_until"": {}}, ""13"": {""active_tasks"": 1, ""decision"": {""acbba_bundle"": [], ""acbba_bundle_size"": 2, ""acbba_candidate_count_after_filter"": 1, ""acbba_candidate_count_before_filter"": 1, ""acbba_claims_known"": 1, ""acbba_max_candidate_cells"": null, ""acbba_path"": [], ""acbba_pending_snapshot"": false, ""acbba_trigger"": null, ""alg"": ""ACBBA"", ""mode"": ""known_visit""}, ""goal"": null, ""last_event"": ""no_goal"", ""no_goal_since"": 36.9789747200482, ""pos"": [14, 28], ""stall_recovery_count"": 0, ""temporary_invalid_until"": {}}}, ""total_targets"": 10}",
44,,ACBBA,ideal,1.0,34,1156,14,,acbba_g34_d85_ideal,reruns\grid_density\scenarios\cv\known_visit_grid34_targets10_trials50.csv,03,,,,,,,,,,,,,,,,,,,,,,,,,,,,,,,,,,,failed,RuntimeError,"Stagnation detected in trial 44 after 2000 events without movement or target completion; diagnostics={""clock_s"": 142.83562543146144, ""completed_targets"": 9, ""event_reasons"": {""intent_sync"": 242, ""moved"": 225, ""no_goal"": 3196, ""target_visited"": 9, ""turn"": 12}, ""events_processed"": 3684, ""robots"": {""00"": {""active_tasks"": 1, ""decision"": {""acbba_bundle"": [], ""acbba_bundle_size"": 2, ""acbba_candidate_count_after_filter"": 1, ""acbba_candidate_count_before_filter"": 1, ""acbba_claims_known"": 1, ""acbba_max_candidate_cells"": null, ""acbba_path"": [], ""acbba_pending_snapshot"": false, ""acbba_trigger"": null, ""alg"": ""ACBBA"", ""mode"": ""known_visit""}, ""goal"": null, ""last_event"": ""no_goal"", ""no_goal_since"": 34.63226095756551, ""pos"": [19, 1], ""stall_recovery_count"": 0, ""temporary_invalid_until"": {}}, ""01"": {""active_tasks"": 1, ""decision"": {""acbba_bundle"": [], ""acbba_bundle_size"": 2, ""acbba_candidate_count_after_filter"": 1, ""acbba_candidate_count_before_filter"": 1, ""acbba_claims_known"": 1, ""acbba_max_candidate_cells"": null, ""acbba_path"": [], ""acbba_pending_snapshot"": false, ""acbba_trigger"": null, ""alg"": ""ACBBA"", ""mode"": ""known_visit""}, ""goal"": null, ""last_event"": ""no_goal"", ""no_goal_since"": 38.38584063440959, ""pos"": [3, 15], ""stall_recovery_count"": 0, ""temporary_invalid_until"": {}}, ""02"": {""active_tasks"": 1, ""decision"": {""acbba_bundle"": [], ""acbba_bundle_size"": 2, ""acbba_candidate_count_after_filter"": 1, ""acbba_candidate_count_before_filter"": 1, ""acbba_claims_known"": 1, ""acbba_max_candidate_cells"": null, ""acbba_path"": [], ""acbba_pending_snapshot"": false, ""acbba_trigger"": null, ""alg"": ""ACBBA"", ""mode"": ""known_visit""}, ""goal"": null, ""last_event"": ""no_goal"", ""no_goal_since"": 72.83562543146144, ""pos"": [16, 16], ""stall_recovery_count"": 0, ""temporary_invalid_until"": {}}, ""03"": {""active_tasks"": 1, ""decision"": {""acbba_bundle"": [], ""acbba_bundle_size"": 2, ""acbba_candidate_count_after_filter"": 1, ""acbba_candidate_count_before_filter"": 1, ""acbba_claims_known"": 1, ""acbba_max_candidate_cells"": null, ""acbba_path"": [], ""acbba_pending_snapshot"": false, ""acbba_trigger"": null, ""alg"": ""ACBBA"", ""mode"": ""known_visit""}, ""goal"": null, ""last_event"": ""no_goal"", ""no_goal_since"": 33.36070161926117, ""pos"": [9, 8], ""stall_recovery_count"": 0, ""temporary_invalid_until"": {}}, ""04"": {""active_tasks"": 1, ""decision"": {""acbba_bundle"": [], ""acbba_bundle_size"": 2, ""acbba_candidate_count_after_filter"": 1, ""acbba_candidate_count_before_filter"": 1, ""acbba_claims_known"": 1, ""acbba_max_candidate_cells"": null, ""acbba_path"": [], ""acbba_pending_snapshot"": false, ""acbba_trigger"": null, ""alg"": ""ACBBA"", ""mode"": ""known_visit""}, ""goal"": null, ""last_event"": ""no_goal"", ""no_goal_since"": 32.748694973373816, ""pos"": [14, 15], ""stall_recovery_count"": 0, ""temporary_invalid_until"": {}}, ""05"": {""active_tasks"": 1, ""decision"": {""acbba_bundle"": [], ""acbba_bundle_size"": 2, ""acbba_candidate_count_after_filter"": 1, ""acbba_candidate_count_before_filter"": 1, ""acbba_claims_known"": 1, ""acbba_max_candidate_cells"": null, ""acbba_path"": [], ""acbba_pending_snapshot"": false, ""acbba_trigger"": null, ""alg"": ""ACBBA"", ""mode"": ""known_visit""}, ""goal"": null, ""last_event"": ""no_goal"", ""no_goal_since"": 33.20233268230591, ""pos"": [16, 15], ""stall_recovery_count"": 0, ""temporary_invalid_until"": {}}, ""06"": {""active_tasks"": 1, ""decision"": {""acbba_bundle"": [], ""acbba_bundle_size"": 2, ""acbba_candidate_count_after_filter"": 1, ""acbba_candidate_count_before_filter"": 1, ""acbba_claims_known"": 1, ""acbba_max_candidate_cells"": null, ""acbba_path"": [], ""acbba_pending_snapshot"": false, ""acbba_trigger"": null, ""alg"": ""ACBBA"", ""mode"": ""known_visit""}, ""goal"": null, ""last_event"": ""no_goal"", ""no_goal_since"": 36.94682724256283, ""pos"": [12, 15], ""stall_recovery_count"": 0, ""temporary_invalid_until"": {}}, ""07"": {""active_tasks"": 1, ""decision"": {""acbba_bundle"": [], ""acbba_bundle_size"": 2, ""acbba_candidate_count_after_filter"": 1, ""acbba_candidate_count_before_filter"": 1, ""acbba_claims_known"": 1, ""acbba_max_candidate_cells"": null, ""acbba_path"": [], ""acbba_pending_snapshot"": false, ""acbba_trigger"": null, ""alg"": ""ACBBA"", ""mode"": ""known_visit""}, ""goal"": null, ""last_event"": ""no_goal"", ""no_goal_since"": 52.767005418215284, ""pos"": [20, 24], ""stall_recovery_count"": 0, ""temporary_invalid_until"": {}}, ""08"": {""active_tasks"": 1, ""decision"": {""acbba_bundle"": [], ""acbba_bundle_size"": 2, ""acbba_candidate_count_after_filter"": 1, ""acbba_candidate_count_before_filter"": 1, ""acbba_claims_known"": 1, ""acbba_max_candidate_cells"": null, ""acbba_path"": [], ""acbba_pending_snapshot"": false, ""acbba_trigger"": null, ""alg"": ""ACBBA"", ""mode"": ""known_visit""}, ""goal"": null, ""last_event"": ""no_goal"", ""no_goal_since"": 54.000140864633714, ""pos"": [10, 3], ""stall_recovery_count"": 0, ""temporary_invalid_until"": {}}, ""09"": {""active_tasks"": 1, ""decision"": {""acbba_bundle"": [], ""acbba_bundle_size"": 2, ""acbba_candidate_count_after_filter"": 1, ""acbba_candidate_count_before_filter"": 1, ""acbba_claims_known"": 1, ""acbba_max_candidate_cells"": null, ""acbba_path"": [], ""acbba_pending_snapshot"": false, ""acbba_trigger"": null, ""alg"": ""ACBBA"", ""mode"": ""known_visit""}, ""goal"": null, ""last_event"": ""no_goal"", ""no_goal_since"": 37.10036941510764, ""pos"": [10, 23], ""stall_recovery_count"": 0, ""temporary_invalid_until"": {}}, ""10"": {""active_tasks"": 1, ""decision"": {""acbba_bundle"": [], ""acbba_bundle_size"": 2, ""acbba_candidate_count_after_filter"": 1, ""acbba_candidate_count_before_filter"": 1, ""acbba_claims_known"": 1, ""acbba_max_candidate_cells"": null, ""acbba_path"": [], ""acbba_pending_snapshot"": false, ""acbba_trigger"": null, ""alg"": ""ACBBA"", ""mode"": ""known_visit""}, ""goal"": null, ""last_event"": ""no_goal"", ""no_goal_since"": 33.53744794434619, ""pos"": [8, 25], ""stall_recovery_count"": 0, ""temporary_invalid_until"": {}}, ""11"": {""active_tasks"": 1, ""decision"": {""acbba_bundle"": [], ""acbba_bundle_size"": 2, ""acbba_candidate_count_after_filter"": 1, ""acbba_candidate_count_before_filter"": 1, ""acbba_claims_known"": 1, ""acbba_max_candidate_cells"": null, ""acbba_path"": [], ""acbba_pending_snapshot"": false, ""acbba_trigger"": null, ""alg"": ""ACBBA"", ""mode"": ""known_visit""}, ""goal"": null, ""last_event"": ""no_goal"", ""no_goal_since"": 36.914188025778174, ""pos"": [12, 28], ""stall_recovery_count"": 0, ""temporary_invalid_until"": {}}, ""12"": {""active_tasks"": 1, ""decision"": {""acbba_bundle"": [], ""acbba_bundle_size"": 2, ""acbba_candidate_count_after_filter"": 1, ""acbba_candidate_count_before_filter"": 1, ""acbba_claims_known"": 1, ""acbba_max_candidate_cells"": null, ""acbba_path"": [], ""acbba_pending_snapshot"": false, ""acbba_trigger"": null, ""alg"": ""ACBBA"", ""mode"": ""known_visit""}, ""goal"": null, ""last_event"": ""no_goal"", ""no_goal_since"": 34.91357333510563, ""pos"": [8, 30], ""stall_recovery_count"": 0, ""temporary_invalid_until"": {}}, ""13"": {""active_tasks"": 1, ""decision"": {""acbba_bundle"": [], ""acbba_bundle_size"": 2, ""acbba_candidate_count_after_filter"": 1, ""acbba_candidate_count_before_filter"": 1, ""acbba_claims_known"": 1, ""acbba_max_candidate_cells"": null, ""acbba_path"": [], ""acbba_pending_snapshot"": false, ""acbba_trigger"": null, ""alg"": ""ACBBA"", ""mode"": ""known_visit""}, ""goal"": null, ""last_event"": ""no_goal"", ""no_goal_since"": 36.9789747200482, ""pos"": [14, 28], ""stall_recovery_count"": 0, ""temporary_invalid_until"": {}}}, ""total_targets"": 10}",
44,,ACBBA,ideal,1.0,34,1156,14,,acbba_g34_d85_ideal,reruns\grid_density\scenarios\cv\known_visit_grid34_targets10_trials50.csv,04,,,,,,,,,,,,,,,,,,,,,,,,,,,,,,,,,,,failed,RuntimeError,"Stagnation detected in trial 44 after 2000 events without movement or target completion; diagnostics={""clock_s"": 142.83562543146144, ""completed_targets"": 9, ""event_reasons"": {""intent_sync"": 242, ""moved"": 225, ""no_goal"": 3196, ""target_visited"": 9, ""turn"": 12}, ""events_processed"": 3684, ""robots"": {""00"": {""active_tasks"": 1, ""decision"": {""acbba_bundle"": [], ""acbba_bundle_size"": 2, ""acbba_candidate_count_after_filter"": 1, ""acbba_candidate_count_before_filter"": 1, ""acbba_claims_known"": 1, ""acbba_max_candidate_cells"": null, ""acbba_path"": [], ""acbba_pending_snapshot"": false, ""acbba_trigger"": null, ""alg"": ""ACBBA"", ""mode"": ""known_visit""}, ""goal"": null, ""last_event"": ""no_goal"", ""no_goal_since"": 34.63226095756551, ""pos"": [19, 1], ""stall_recovery_count"": 0, ""temporary_invalid_until"": {}}, ""01"": {""active_tasks"": 1, ""decision"": {""acbba_bundle"": [], ""acbba_bundle_size"": 2, ""acbba_candidate_count_after_filter"": 1, ""acbba_candidate_count_before_filter"": 1, ""acbba_claims_known"": 1, ""acbba_max_candidate_cells"": null, ""acbba_path"": [], ""acbba_pending_snapshot"": false, ""acbba_trigger"": null, ""alg"": ""ACBBA"", ""mode"": ""known_visit""}, ""goal"": null, ""last_event"": ""no_goal"", ""no_goal_since"": 38.38584063440959, ""pos"": [3, 15], ""stall_recovery_count"": 0, ""temporary_invalid_until"": {}}, ""02"": {""active_tasks"": 1, ""decision"": {""acbba_bundle"": [], ""acbba_bundle_size"": 2, ""acbba_candidate_count_after_filter"": 1, ""acbba_candidate_count_before_filter"": 1, ""acbba_claims_known"": 1, ""acbba_max_candidate_cells"": null, ""acbba_path"": [], ""acbba_pending_snapshot"": false, ""acbba_trigger"": null, ""alg"": ""ACBBA"", ""mode"": ""known_visit""}, ""goal"": null, ""last_event"": ""no_goal"", ""no_goal_since"": 72.83562543146144, ""pos"": [16, 16], ""stall_recovery_count"": 0, ""temporary_invalid_until"": {}}, ""03"": {""active_tasks"": 1, ""decision"": {""acbba_bundle"": [], ""acbba_bundle_size"": 2, ""acbba_candidate_count_after_filter"": 1, ""acbba_candidate_count_before_filter"": 1, ""acbba_claims_known"": 1, ""acbba_max_candidate_cells"": null, ""acbba_path"": [], ""acbba_pending_snapshot"": false, ""acbba_trigger"": null, ""alg"": ""ACBBA"", ""mode"": ""known_visit""}, ""goal"": null, ""last_event"": ""no_goal"", ""no_goal_since"": 33.36070161926117, ""pos"": [9, 8], ""stall_recovery_count"": 0, ""temporary_invalid_until"": {}}, ""04"": {""active_tasks"": 1, ""decision"": {""acbba_bundle"": [], ""acbba_bundle_size"": 2, ""acbba_candidate_count_after_filter"": 1, ""acbba_candidate_count_before_filter"": 1, ""acbba_claims_known"": 1, ""acbba_max_candidate_cells"": null, ""acbba_path"": [], ""acbba_pending_snapshot"": false, ""acbba_trigger"": null, ""alg"": ""ACBBA"", ""mode"": ""known_visit""}, ""goal"": null, ""last_event"": ""no_goal"", ""no_goal_since"": 32.748694973373816, ""pos"": [14, 15], ""stall_recovery_count"": 0, ""temporary_invalid_until"": {}}, ""05"": {""active_tasks"": 1, ""decision"": {""acbba_bundle"": [], ""acbba_bundle_size"": 2, ""acbba_candidate_count_after_filter"": 1, ""acbba_candidate_count_before_filter"": 1, ""acbba_claims_known"": 1, ""acbba_max_candidate_cells"": null, ""acbba_path"": [], ""acbba_pending_snapshot"": false, ""acbba_trigger"": null, ""alg"": ""ACBBA"", ""mode"": ""known_visit""}, ""goal"": null, ""last_event"": ""no_goal"", ""no_goal_since"": 33.20233268230591, ""pos"": [16, 15], ""stall_recovery_count"": 0, ""temporary_invalid_until"": {}}, ""06"": {""active_tasks"": 1, ""decision"": {""acbba_bundle"": [], ""acbba_bundle_size"": 2, ""acbba_candidate_count_after_filter"": 1, ""acbba_candidate_count_before_filter"": 1, ""acbba_claims_known"": 1, ""acbba_max_candidate_cells"": null, ""acbba_path"": [], ""acbba_pending_snapshot"": false, ""acbba_trigger"": null, ""alg"": ""ACBBA"", ""mode"": ""known_visit""}, ""goal"": null, ""last_event"": ""no_goal"", ""no_goal_since"": 36.94682724256283, ""pos"": [12, 15], ""stall_recovery_count"": 0, ""temporary_invalid_until"": {}}, ""07"": {""active_tasks"": 1, ""decision"": {""acbba_bundle"": [], ""acbba_bundle_size"": 2, ""acbba_candidate_count_after_filter"": 1, ""acbba_candidate_count_before_filter"": 1, ""acbba_claims_known"": 1, ""acbba_max_candidate_cells"": null, ""acbba_path"": [], ""acbba_pending_snapshot"": false, ""acbba_trigger"": null, ""alg"": ""ACBBA"", ""mode"": ""known_visit""}, ""goal"": null, ""last_event"": ""no_goal"", ""no_goal_since"": 52.767005418215284, ""pos"": [20, 24], ""stall_recovery_count"": 0, ""temporary_invalid_until"": {}}, ""08"": {""active_tasks"": 1, ""decision"": {""acbba_bundle"": [], ""acbba_bundle_size"": 2, ""acbba_candidate_count_after_filter"": 1, ""acbba_candidate_count_before_filter"": 1, ""acbba_claims_known"": 1, ""acbba_max_candidate_cells"": null, ""acbba_path"": [], ""acbba_pending_snapshot"": false, ""acbba_trigger"": null, ""alg"": ""ACBBA"", ""mode"": ""known_visit""}, ""goal"": null, ""last_event"": ""no_goal"", ""no_goal_since"": 54.000140864633714, ""pos"": [10, 3], ""stall_recovery_count"": 0, ""temporary_invalid_until"": {}}, ""09"": {""active_tasks"": 1, ""decision"": {""acbba_bundle"": [], ""acbba_bundle_size"": 2, ""acbba_candidate_count_after_filter"": 1, ""acbba_candidate_count_before_filter"": 1, ""acbba_claims_known"": 1, ""acbba_max_candidate_cells"": null, ""acbba_path"": [], ""acbba_pending_snapshot"": false, ""acbba_trigger"": null, ""alg"": ""ACBBA"", ""mode"": ""known_visit""}, ""goal"": null, ""last_event"": ""no_goal"", ""no_goal_since"": 37.10036941510764, ""pos"": [10, 23], ""stall_recovery_count"": 0, ""temporary_invalid_until"": {}}, ""10"": {""active_tasks"": 1, ""decision"": {""acbba_bundle"": [], ""acbba_bundle_size"": 2, ""acbba_candidate_count_after_filter"": 1, ""acbba_candidate_count_before_filter"": 1, ""acbba_claims_known"": 1, ""acbba_max_candidate_cells"": null, ""acbba_path"": [], ""acbba_pending_snapshot"": false, ""acbba_trigger"": null, ""alg"": ""ACBBA"", ""mode"": ""known_visit""}, ""goal"": null, ""last_event"": ""no_goal"", ""no_goal_since"": 33.53744794434619, ""pos"": [8, 25], ""stall_recovery_count"": 0, ""temporary_invalid_until"": {}}, ""11"": {""active_tasks"": 1, ""decision"": {""acbba_bundle"": [], ""acbba_bundle_size"": 2, ""acbba_candidate_count_after_filter"": 1, ""acbba_candidate_count_before_filter"": 1, ""acbba_claims_known"": 1, ""acbba_max_candidate_cells"": null, ""acbba_path"": [], ""acbba_pending_snapshot"": false, ""acbba_trigger"": null, ""alg"": ""ACBBA"", ""mode"": ""known_visit""}, ""goal"": null, ""last_event"": ""no_goal"", ""no_goal_since"": 36.914188025778174, ""pos"": [12, 28], ""stall_recovery_count"": 0, ""temporary_invalid_until"": {}}, ""12"": {""active_tasks"": 1, ""decision"": {""acbba_bundle"": [], ""acbba_bundle_size"": 2, ""acbba_candidate_count_after_filter"": 1, ""acbba_candidate_count_before_filter"": 1, ""acbba_claims_known"": 1, ""acbba_max_candidate_cells"": null, ""acbba_path"": [], ""acbba_pending_snapshot"": false, ""acbba_trigger"": null, ""alg"": ""ACBBA"", ""mode"": ""known_visit""}, ""goal"": null, ""last_event"": ""no_goal"", ""no_goal_since"": 34.91357333510563, ""pos"": [8, 30], ""stall_recovery_count"": 0, ""temporary_invalid_until"": {}}, ""13"": {""active_tasks"": 1, ""decision"": {""acbba_bundle"": [], ""acbba_bundle_size"": 2, ""acbba_candidate_count_after_filter"": 1, ""acbba_candidate_count_before_filter"": 1, ""acbba_claims_known"": 1, ""acbba_max_candidate_cells"": null, ""acbba_path"": [], ""acbba_pending_snapshot"": false, ""acbba_trigger"": null, ""alg"": ""ACBBA"", ""mode"": ""known_visit""}, ""goal"": null, ""last_event"": ""no_goal"", ""no_goal_since"": 36.9789747200482, ""pos"": [14, 28], ""stall_recovery_count"": 0, ""temporary_invalid_until"": {}}}, ""total_targets"": 10}",
44,,ACBBA,ideal,1.0,34,1156,14,,acbba_g34_d85_ideal,reruns\grid_density\scenarios\cv\known_visit_grid34_targets10_trials50.csv,05,,,,,,,,,,,,,,,,,,,,,,,,,,,,,,,,,,,failed,RuntimeError,"Stagnation detected in trial 44 after 2000 events without movement or target completion; diagnostics={""clock_s"": 142.83562543146144, ""completed_targets"": 9, ""event_reasons"": {""intent_sync"": 242, ""moved"": 225, ""no_goal"": 3196, ""target_visited"": 9, ""turn"": 12}, ""events_processed"": 3684, ""robots"": {""00"": {""active_tasks"": 1, ""decision"": {""acbba_bundle"": [], ""acbba_bundle_size"": 2, ""acbba_candidate_count_after_filter"": 1, ""acbba_candidate_count_before_filter"": 1, ""acbba_claims_known"": 1, ""acbba_max_candidate_cells"": null, ""acbba_path"": [], ""acbba_pending_snapshot"": false, ""acbba_trigger"": null, ""alg"": ""ACBBA"", ""mode"": ""known_visit""}, ""goal"": null, ""last_event"": ""no_goal"", ""no_goal_since"": 34.63226095756551, ""pos"": [19, 1], ""stall_recovery_count"": 0, ""temporary_invalid_until"": {}}, ""01"": {""active_tasks"": 1, ""decision"": {""acbba_bundle"": [], ""acbba_bundle_size"": 2, ""acbba_candidate_count_after_filter"": 1, ""acbba_candidate_count_before_filter"": 1, ""acbba_claims_known"": 1, ""acbba_max_candidate_cells"": null, ""acbba_path"": [], ""acbba_pending_snapshot"": false, ""acbba_trigger"": null, ""alg"": ""ACBBA"", ""mode"": ""known_visit""}, ""goal"": null, ""last_event"": ""no_goal"", ""no_goal_since"": 38.38584063440959, ""pos"": [3, 15], ""stall_recovery_count"": 0, ""temporary_invalid_until"": {}}, ""02"": {""active_tasks"": 1, ""decision"": {""acbba_bundle"": [], ""acbba_bundle_size"": 2, ""acbba_candidate_count_after_filter"": 1, ""acbba_candidate_count_before_filter"": 1, ""acbba_claims_known"": 1, ""acbba_max_candidate_cells"": null, ""acbba_path"": [], ""acbba_pending_snapshot"": false, ""acbba_trigger"": null, ""alg"": ""ACBBA"", ""mode"": ""known_visit""}, ""goal"": null, ""last_event"": ""no_goal"", ""no_goal_since"": 72.83562543146144, ""pos"": [16, 16], ""stall_recovery_count"": 0, ""temporary_invalid_until"": {}}, ""03"": {""active_tasks"": 1, ""decision"": {""acbba_bundle"": [], ""acbba_bundle_size"": 2, ""acbba_candidate_count_after_filter"": 1, ""acbba_candidate_count_before_filter"": 1, ""acbba_claims_known"": 1, ""acbba_max_candidate_cells"": null, ""acbba_path"": [], ""acbba_pending_snapshot"": false, ""acbba_trigger"": null, ""alg"": ""ACBBA"", ""mode"": ""known_visit""}, ""goal"": null, ""last_event"": ""no_goal"", ""no_goal_since"": 33.36070161926117, ""pos"": [9, 8], ""stall_recovery_count"": 0, ""temporary_invalid_until"": {}}, ""04"": {""active_tasks"": 1, ""decision"": {""acbba_bundle"": [], ""acbba_bundle_size"": 2, ""acbba_candidate_count_after_filter"": 1, ""acbba_candidate_count_before_filter"": 1, ""acbba_claims_known"": 1, ""acbba_max_candidate_cells"": null, ""acbba_path"": [], ""acbba_pending_snapshot"": false, ""acbba_trigger"": null, ""alg"": ""ACBBA"", ""mode"": ""known_visit""}, ""goal"": null, ""last_event"": ""no_goal"", ""no_goal_since"": 32.748694973373816, ""pos"": [14, 15], ""stall_recovery_count"": 0, ""temporary_invalid_until"": {}}, ""05"": {""active_tasks"": 1, ""decision"": {""acbba_bundle"": [], ""acbba_bundle_size"": 2, ""acbba_candidate_count_after_filter"": 1, ""acbba_candidate_count_before_filter"": 1, ""acbba_claims_known"": 1, ""acbba_max_candidate_cells"": null, ""acbba_path"": [], ""acbba_pending_snapshot"": false, ""acbba_trigger"": null, ""alg"": ""ACBBA"", ""mode"": ""known_visit""}, ""goal"": null, ""last_event"": ""no_goal"", ""no_goal_since"": 33.20233268230591, ""pos"": [16, 15], ""stall_recovery_count"": 0, ""temporary_invalid_until"": {}}, ""06"": {""active_tasks"": 1, ""decision"": {""acbba_bundle"": [], ""acbba_bundle_size"": 2, ""acbba_candidate_count_after_filter"": 1, ""acbba_candidate_count_before_filter"": 1, ""acbba_claims_known"": 1, ""acbba_max_candidate_cells"": null, ""acbba_path"": [], ""acbba_pending_snapshot"": false, ""acbba_trigger"": null, ""alg"": ""ACBBA"", ""mode"": ""known_visit""}, ""goal"": null, ""last_event"": ""no_goal"", ""no_goal_since"": 36.94682724256283, ""pos"": [12, 15], ""stall_recovery_count"": 0, ""temporary_invalid_until"": {}}, ""07"": {""active_tasks"": 1, ""decision"": {""acbba_bundle"": [], ""acbba_bundle_size"": 2, ""acbba_candidate_count_after_filter"": 1, ""acbba_candidate_count_before_filter"": 1, ""acbba_claims_known"": 1, ""acbba_max_candidate_cells"": null, ""acbba_path"": [], ""acbba_pending_snapshot"": false, ""acbba_trigger"": null, ""alg"": ""ACBBA"", ""mode"": ""known_visit""}, ""goal"": null, ""last_event"": ""no_goal"", ""no_goal_since"": 52.767005418215284, ""pos"": [20, 24], ""stall_recovery_count"": 0, ""temporary_invalid_until"": {}}, ""08"": {""active_tasks"": 1, ""decision"": {""acbba_bundle"": [], ""acbba_bundle_size"": 2, ""acbba_candidate_count_after_filter"": 1, ""acbba_candidate_count_before_filter"": 1, ""acbba_claims_known"": 1, ""acbba_max_candidate_cells"": null, ""acbba_path"": [], ""acbba_pending_snapshot"": false, ""acbba_trigger"": null, ""alg"": ""ACBBA"", ""mode"": ""known_visit""}, ""goal"": null, ""last_event"": ""no_goal"", ""no_goal_since"": 54.000140864633714, ""pos"": [10, 3], ""stall_recovery_count"": 0, ""temporary_invalid_until"": {}}, ""09"": {""active_tasks"": 1, ""decision"": {""acbba_bundle"": [], ""acbba_bundle_size"": 2, ""acbba_candidate_count_after_filter"": 1, ""acbba_candidate_count_before_filter"": 1, ""acbba_claims_known"": 1, ""acbba_max_candidate_cells"": null, ""acbba_path"": [], ""acbba_pending_snapshot"": false, ""acbba_trigger"": null, ""alg"": ""ACBBA"", ""mode"": ""known_visit""}, ""goal"": null, ""last_event"": ""no_goal"", ""no_goal_since"": 37.10036941510764, ""pos"": [10, 23], ""stall_recovery_count"": 0, ""temporary_invalid_until"": {}}, ""10"": {""active_tasks"": 1, ""decision"": {""acbba_bundle"": [], ""acbba_bundle_size"": 2, ""acbba_candidate_count_after_filter"": 1, ""acbba_candidate_count_before_filter"": 1, ""acbba_claims_known"": 1, ""acbba_max_candidate_cells"": null, ""acbba_path"": [], ""acbba_pending_snapshot"": false, ""acbba_trigger"": null, ""alg"": ""ACBBA"", ""mode"": ""known_visit""}, ""goal"": null, ""last_event"": ""no_goal"", ""no_goal_since"": 33.53744794434619, ""pos"": [8, 25], ""stall_recovery_count"": 0, ""temporary_invalid_until"": {}}, ""11"": {""active_tasks"": 1, ""decision"": {""acbba_bundle"": [], ""acbba_bundle_size"": 2, ""acbba_candidate_count_after_filter"": 1, ""acbba_candidate_count_before_filter"": 1, ""acbba_claims_known"": 1, ""acbba_max_candidate_cells"": null, ""acbba_path"": [], ""acbba_pending_snapshot"": false, ""acbba_trigger"": null, ""alg"": ""ACBBA"", ""mode"": ""known_visit""}, ""goal"": null, ""last_event"": ""no_goal"", ""no_goal_since"": 36.914188025778174, ""pos"": [12, 28], ""stall_recovery_count"": 0, ""temporary_invalid_until"": {}}, ""12"": {""active_tasks"": 1, ""decision"": {""acbba_bundle"": [], ""acbba_bundle_size"": 2, ""acbba_candidate_count_after_filter"": 1, ""acbba_candidate_count_before_filter"": 1, ""acbba_claims_known"": 1, ""acbba_max_candidate_cells"": null, ""acbba_path"": [], ""acbba_pending_snapshot"": false, ""acbba_trigger"": null, ""alg"": ""ACBBA"", ""mode"": ""known_visit""}, ""goal"": null, ""last_event"": ""no_goal"", ""no_goal_since"": 34.91357333510563, ""pos"": [8, 30], ""stall_recovery_count"": 0, ""temporary_invalid_until"": {}}, ""13"": {""active_tasks"": 1, ""decision"": {""acbba_bundle"": [], ""acbba_bundle_size"": 2, ""acbba_candidate_count_after_filter"": 1, ""acbba_candidate_count_before_filter"": 1, ""acbba_claims_known"": 1, ""acbba_max_candidate_cells"": null, ""acbba_path"": [], ""acbba_pending_snapshot"": false, ""acbba_trigger"": null, ""alg"": ""ACBBA"", ""mode"": ""known_visit""}, ""goal"": null, ""last_event"": ""no_goal"", ""no_goal_since"": 36.9789747200482, ""pos"": [14, 28], ""stall_recovery_count"": 0, ""temporary_invalid_until"": {}}}, ""total_targets"": 10}",
44,,ACBBA,ideal,1.0,34,1156,14,,acbba_g34_d85_ideal,reruns\grid_density\scenarios\cv\known_visit_grid34_targets10_trials50.csv,06,,,,,,,,,,,,,,,,,,,,,,,,,,,,,,,,,,,failed,RuntimeError,"Stagnation detected in trial 44 after 2000 events without movement or target completion; diagnostics={""clock_s"": 142.83562543146144, ""completed_targets"": 9, ""event_reasons"": {""intent_sync"": 242, ""moved"": 225, ""no_goal"": 3196, ""target_visited"": 9, ""turn"": 12}, ""events_processed"": 3684, ""robots"": {""00"": {""active_tasks"": 1, ""decision"": {""acbba_bundle"": [], ""acbba_bundle_size"": 2, ""acbba_candidate_count_after_filter"": 1, ""acbba_candidate_count_before_filter"": 1, ""acbba_claims_known"": 1, ""acbba_max_candidate_cells"": null, ""acbba_path"": [], ""acbba_pending_snapshot"": false, ""acbba_trigger"": null, ""alg"": ""ACBBA"", ""mode"": ""known_visit""}, ""goal"": null, ""last_event"": ""no_goal"", ""no_goal_since"": 34.63226095756551, ""pos"": [19, 1], ""stall_recovery_count"": 0, ""temporary_invalid_until"": {}}, ""01"": {""active_tasks"": 1, ""decision"": {""acbba_bundle"": [], ""acbba_bundle_size"": 2, ""acbba_candidate_count_after_filter"": 1, ""acbba_candidate_count_before_filter"": 1, ""acbba_claims_known"": 1, ""acbba_max_candidate_cells"": null, ""acbba_path"": [], ""acbba_pending_snapshot"": false, ""acbba_trigger"": null, ""alg"": ""ACBBA"", ""mode"": ""known_visit""}, ""goal"": null, ""last_event"": ""no_goal"", ""no_goal_since"": 38.38584063440959, ""pos"": [3, 15], ""stall_recovery_count"": 0, ""temporary_invalid_until"": {}}, ""02"": {""active_tasks"": 1, ""decision"": {""acbba_bundle"": [], ""acbba_bundle_size"": 2, ""acbba_candidate_count_after_filter"": 1, ""acbba_candidate_count_before_filter"": 1, ""acbba_claims_known"": 1, ""acbba_max_candidate_cells"": null, ""acbba_path"": [], ""acbba_pending_snapshot"": false, ""acbba_trigger"": null, ""alg"": ""ACBBA"", ""mode"": ""known_visit""}, ""goal"": null, ""last_event"": ""no_goal"", ""no_goal_since"": 72.83562543146144, ""pos"": [16, 16], ""stall_recovery_count"": 0, ""temporary_invalid_until"": {}}, ""03"": {""active_tasks"": 1, ""decision"": {""acbba_bundle"": [], ""acbba_bundle_size"": 2, ""acbba_candidate_count_after_filter"": 1, ""acbba_candidate_count_before_filter"": 1, ""acbba_claims_known"": 1, ""acbba_max_candidate_cells"": null, ""acbba_path"": [], ""acbba_pending_snapshot"": false, ""acbba_trigger"": null, ""alg"": ""ACBBA"", ""mode"": ""known_visit""}, ""goal"": null, ""last_event"": ""no_goal"", ""no_goal_since"": 33.36070161926117, ""pos"": [9, 8], ""stall_recovery_count"": 0, ""temporary_invalid_until"": {}}, ""04"": {""active_tasks"": 1, ""decision"": {""acbba_bundle"": [], ""acbba_bundle_size"": 2, ""acbba_candidate_count_after_filter"": 1, ""acbba_candidate_count_before_filter"": 1, ""acbba_claims_known"": 1, ""acbba_max_candidate_cells"": null, ""acbba_path"": [], ""acbba_pending_snapshot"": false, ""acbba_trigger"": null, ""alg"": ""ACBBA"", ""mode"": ""known_visit""}, ""goal"": null, ""last_event"": ""no_goal"", ""no_goal_since"": 32.748694973373816, ""pos"": [14, 15], ""stall_recovery_count"": 0, ""temporary_invalid_until"": {}}, ""05"": {""active_tasks"": 1, ""decision"": {""acbba_bundle"": [], ""acbba_bundle_size"": 2, ""acbba_candidate_count_after_filter"": 1, ""acbba_candidate_count_before_filter"": 1, ""acbba_claims_known"": 1, ""acbba_max_candidate_cells"": null, ""acbba_path"": [], ""acbba_pending_snapshot"": false, ""acbba_trigger"": null, ""alg"": ""ACBBA"", ""mode"": ""known_visit""}, ""goal"": null, ""last_event"": ""no_goal"", ""no_goal_since"": 33.20233268230591, ""pos"": [16, 15], ""stall_recovery_count"": 0, ""temporary_invalid_until"": {}}, ""06"": {""active_tasks"": 1, ""decision"": {""acbba_bundle"": [], ""acbba_bundle_size"": 2, ""acbba_candidate_count_after_filter"": 1, ""acbba_candidate_count_before_filter"": 1, ""acbba_claims_known"": 1, ""acbba_max_candidate_cells"": null, ""acbba_path"": [], ""acbba_pending_snapshot"": false, ""acbba_trigger"": null, ""alg"": ""ACBBA"", ""mode"": ""known_visit""}, ""goal"": null, ""last_event"": ""no_goal"", ""no_goal_since"": 36.94682724256283, ""pos"": [12, 15], ""stall_recovery_count"": 0, ""temporary_invalid_until"": {}}, ""07"": {""active_tasks"": 1, ""decision"": {""acbba_bundle"": [], ""acbba_bundle_size"": 2, ""acbba_candidate_count_after_filter"": 1, ""acbba_candidate_count_before_filter"": 1, ""acbba_claims_known"": 1, ""acbba_max_candidate_cells"": null, ""acbba_path"": [], ""acbba_pending_snapshot"": false, ""acbba_trigger"": null, ""alg"": ""ACBBA"", ""mode"": ""known_visit""}, ""goal"": null, ""last_event"": ""no_goal"", ""no_goal_since"": 52.767005418215284, ""pos"": [20, 24], ""stall_recovery_count"": 0, ""temporary_invalid_until"": {}}, ""08"": {""active_tasks"": 1, ""decision"": {""acbba_bundle"": [], ""acbba_bundle_size"": 2, ""acbba_candidate_count_after_filter"": 1, ""acbba_candidate_count_before_filter"": 1, ""acbba_claims_known"": 1, ""acbba_max_candidate_cells"": null, ""acbba_path"": [], ""acbba_pending_snapshot"": false, ""acbba_trigger"": null, ""alg"": ""ACBBA"", ""mode"": ""known_visit""}, ""goal"": null, ""last_event"": ""no_goal"", ""no_goal_since"": 54.000140864633714, ""pos"": [10, 3], ""stall_recovery_count"": 0, ""temporary_invalid_until"": {}}, ""09"": {""active_tasks"": 1, ""decision"": {""acbba_bundle"": [], ""acbba_bundle_size"": 2, ""acbba_candidate_count_after_filter"": 1, ""acbba_candidate_count_before_filter"": 1, ""acbba_claims_known"": 1, ""acbba_max_candidate_cells"": null, ""acbba_path"": [], ""acbba_pending_snapshot"": false, ""acbba_trigger"": null, ""alg"": ""ACBBA"", ""mode"": ""known_visit""}, ""goal"": null, ""last_event"": ""no_goal"", ""no_goal_since"": 37.10036941510764, ""pos"": [10, 23], ""stall_recovery_count"": 0, ""temporary_invalid_until"": {}}, ""10"": {""active_tasks"": 1, ""decision"": {""acbba_bundle"": [], ""acbba_bundle_size"": 2, ""acbba_candidate_count_after_filter"": 1, ""acbba_candidate_count_before_filter"": 1, ""acbba_claims_known"": 1, ""acbba_max_candidate_cells"": null, ""acbba_path"": [], ""acbba_pending_snapshot"": false, ""acbba_trigger"": null, ""alg"": ""ACBBA"", ""mode"": ""known_visit""}, ""goal"": null, ""last_event"": ""no_goal"", ""no_goal_since"": 33.53744794434619, ""pos"": [8, 25], ""stall_recovery_count"": 0, ""temporary_invalid_until"": {}}, ""11"": {""active_tasks"": 1, ""decision"": {""acbba_bundle"": [], ""acbba_bundle_size"": 2, ""acbba_candidate_count_after_filter"": 1, ""acbba_candidate_count_before_filter"": 1, ""acbba_claims_known"": 1, ""acbba_max_candidate_cells"": null, ""acbba_path"": [], ""acbba_pending_snapshot"": false, ""acbba_trigger"": null, ""alg"": ""ACBBA"", ""mode"": ""known_visit""}, ""goal"": null, ""last_event"": ""no_goal"", ""no_goal_since"": 36.914188025778174, ""pos"": [12, 28], ""stall_recovery_count"": 0, ""temporary_invalid_until"": {}}, ""12"": {""active_tasks"": 1, ""decision"": {""acbba_bundle"": [], ""acbba_bundle_size"": 2, ""acbba_candidate_count_after_filter"": 1, ""acbba_candidate_count_before_filter"": 1, ""acbba_claims_known"": 1, ""acbba_max_candidate_cells"": null, ""acbba_path"": [], ""acbba_pending_snapshot"": false, ""acbba_trigger"": null, ""alg"": ""ACBBA"", ""mode"": ""known_visit""}, ""goal"": null, ""last_event"": ""no_goal"", ""no_goal_since"": 34.91357333510563, ""pos"": [8, 30], ""stall_recovery_count"": 0, ""temporary_invalid_until"": {}}, ""13"": {""active_tasks"": 1, ""decision"": {""acbba_bundle"": [], ""acbba_bundle_size"": 2, ""acbba_candidate_count_after_filter"": 1, ""acbba_candidate_count_before_filter"": 1, ""acbba_claims_known"": 1, ""acbba_max_candidate_cells"": null, ""acbba_path"": [], ""acbba_pending_snapshot"": false, ""acbba_trigger"": null, ""alg"": ""ACBBA"", ""mode"": ""known_visit""}, ""goal"": null, ""last_event"": ""no_goal"", ""no_goal_since"": 36.9789747200482, ""pos"": [14, 28], ""stall_recovery_count"": 0, ""temporary_invalid_until"": {}}}, ""total_targets"": 10}",
44,,ACBBA,ideal,1.0,34,1156,14,,acbba_g34_d85_ideal,reruns\grid_density\scenarios\cv\known_visit_grid34_targets10_trials50.csv,07,,,,,,,,,,,,,,,,,,,,,,,,,,,,,,,,,,,failed,RuntimeError,"Stagnation detected in trial 44 after 2000 events without movement or target completion; diagnostics={""clock_s"": 142.83562543146144, ""completed_targets"": 9, ""event_reasons"": {""intent_sync"": 242, ""moved"": 225, ""no_goal"": 3196, ""target_visited"": 9, ""turn"": 12}, ""events_processed"": 3684, ""robots"": {""00"": {""active_tasks"": 1, ""decision"": {""acbba_bundle"": [], ""acbba_bundle_size"": 2, ""acbba_candidate_count_after_filter"": 1, ""acbba_candidate_count_before_filter"": 1, ""acbba_claims_known"": 1, ""acbba_max_candidate_cells"": null, ""acbba_path"": [], ""acbba_pending_snapshot"": false, ""acbba_trigger"": null, ""alg"": ""ACBBA"", ""mode"": ""known_visit""}, ""goal"": null, ""last_event"": ""no_goal"", ""no_goal_since"": 34.63226095756551, ""pos"": [19, 1], ""stall_recovery_count"": 0, ""temporary_invalid_until"": {}}, ""01"": {""active_tasks"": 1, ""decision"": {""acbba_bundle"": [], ""acbba_bundle_size"": 2, ""acbba_candidate_count_after_filter"": 1, ""acbba_candidate_count_before_filter"": 1, ""acbba_claims_known"": 1, ""acbba_max_candidate_cells"": null, ""acbba_path"": [], ""acbba_pending_snapshot"": false, ""acbba_trigger"": null, ""alg"": ""ACBBA"", ""mode"": ""known_visit""}, ""goal"": null, ""last_event"": ""no_goal"", ""no_goal_since"": 38.38584063440959, ""pos"": [3, 15], ""stall_recovery_count"": 0, ""temporary_invalid_until"": {}}, ""02"": {""active_tasks"": 1, ""decision"": {""acbba_bundle"": [], ""acbba_bundle_size"": 2, ""acbba_candidate_count_after_filter"": 1, ""acbba_candidate_count_before_filter"": 1, ""acbba_claims_known"": 1, ""acbba_max_candidate_cells"": null, ""acbba_path"": [], ""acbba_pending_snapshot"": false, ""acbba_trigger"": null, ""alg"": ""ACBBA"", ""mode"": ""known_visit""}, ""goal"": null, ""last_event"": ""no_goal"", ""no_goal_since"": 72.83562543146144, ""pos"": [16, 16], ""stall_recovery_count"": 0, ""temporary_invalid_until"": {}}, ""03"": {""active_tasks"": 1, ""decision"": {""acbba_bundle"": [], ""acbba_bundle_size"": 2, ""acbba_candidate_count_after_filter"": 1, ""acbba_candidate_count_before_filter"": 1, ""acbba_claims_known"": 1, ""acbba_max_candidate_cells"": null, ""acbba_path"": [], ""acbba_pending_snapshot"": false, ""acbba_trigger"": null, ""alg"": ""ACBBA"", ""mode"": ""known_visit""}, ""goal"": null, ""last_event"": ""no_goal"", ""no_goal_since"": 33.36070161926117, ""pos"": [9, 8], ""stall_recovery_count"": 0, ""temporary_invalid_until"": {}}, ""04"": {""active_tasks"": 1, ""decision"": {""acbba_bundle"": [], ""acbba_bundle_size"": 2, ""acbba_candidate_count_after_filter"": 1, ""acbba_candidate_count_before_filter"": 1, ""acbba_claims_known"": 1, ""acbba_max_candidate_cells"": null, ""acbba_path"": [], ""acbba_pending_snapshot"": false, ""acbba_trigger"": null, ""alg"": ""ACBBA"", ""mode"": ""known_visit""}, ""goal"": null, ""last_event"": ""no_goal"", ""no_goal_since"": 32.748694973373816, ""pos"": [14, 15], ""stall_recovery_count"": 0, ""temporary_invalid_until"": {}}, ""05"": {""active_tasks"": 1, ""decision"": {""acbba_bundle"": [], ""acbba_bundle_size"": 2, ""acbba_candidate_count_after_filter"": 1, ""acbba_candidate_count_before_filter"": 1, ""acbba_claims_known"": 1, ""acbba_max_candidate_cells"": null, ""acbba_path"": [], ""acbba_pending_snapshot"": false, ""acbba_trigger"": null, ""alg"": ""ACBBA"", ""mode"": ""known_visit""}, ""goal"": null, ""last_event"": ""no_goal"", ""no_goal_since"": 33.20233268230591, ""pos"": [16, 15], ""stall_recovery_count"": 0, ""temporary_invalid_until"": {}}, ""06"": {""active_tasks"": 1, ""decision"": {""acbba_bundle"": [], ""acbba_bundle_size"": 2, ""acbba_candidate_count_after_filter"": 1, ""acbba_candidate_count_before_filter"": 1, ""acbba_claims_known"": 1, ""acbba_max_candidate_cells"": null, ""acbba_path"": [], ""acbba_pending_snapshot"": false, ""acbba_trigger"": null, ""alg"": ""ACBBA"", ""mode"": ""known_visit""}, ""goal"": null, ""last_event"": ""no_goal"", ""no_goal_since"": 36.94682724256283, ""pos"": [12, 15], ""stall_recovery_count"": 0, ""temporary_invalid_until"": {}}, ""07"": {""active_tasks"": 1, ""decision"": {""acbba_bundle"": [], ""acbba_bundle_size"": 2, ""acbba_candidate_count_after_filter"": 1, ""acbba_candidate_count_before_filter"": 1, ""acbba_claims_known"": 1, ""acbba_max_candidate_cells"": null, ""acbba_path"": [], ""acbba_pending_snapshot"": false, ""acbba_trigger"": null, ""alg"": ""ACBBA"", ""mode"": ""known_visit""}, ""goal"": null, ""last_event"": ""no_goal"", ""no_goal_since"": 52.767005418215284, ""pos"": [20, 24], ""stall_recovery_count"": 0, ""temporary_invalid_until"": {}}, ""08"": {""active_tasks"": 1, ""decision"": {""acbba_bundle"": [], ""acbba_bundle_size"": 2, ""acbba_candidate_count_after_filter"": 1, ""acbba_candidate_count_before_filter"": 1, ""acbba_claims_known"": 1, ""acbba_max_candidate_cells"": null, ""acbba_path"": [], ""acbba_pending_snapshot"": false, ""acbba_trigger"": null, ""alg"": ""ACBBA"", ""mode"": ""known_visit""}, ""goal"": null, ""last_event"": ""no_goal"", ""no_goal_since"": 54.000140864633714, ""pos"": [10, 3], ""stall_recovery_count"": 0, ""temporary_invalid_until"": {}}, ""09"": {""active_tasks"": 1, ""decision"": {""acbba_bundle"": [], ""acbba_bundle_size"": 2, ""acbba_candidate_count_after_filter"": 1, ""acbba_candidate_count_before_filter"": 1, ""acbba_claims_known"": 1, ""acbba_max_candidate_cells"": null, ""acbba_path"": [], ""acbba_pending_snapshot"": false, ""acbba_trigger"": null, ""alg"": ""ACBBA"", ""mode"": ""known_visit""}, ""goal"": null, ""last_event"": ""no_goal"", ""no_goal_since"": 37.10036941510764, ""pos"": [10, 23], ""stall_recovery_count"": 0, ""temporary_invalid_until"": {}}, ""10"": {""active_tasks"": 1, ""decision"": {""acbba_bundle"": [], ""acbba_bundle_size"": 2, ""acbba_candidate_count_after_filter"": 1, ""acbba_candidate_count_before_filter"": 1, ""acbba_claims_known"": 1, ""acbba_max_candidate_cells"": null, ""acbba_path"": [], ""acbba_pending_snapshot"": false, ""acbba_trigger"": null, ""alg"": ""ACBBA"", ""mode"": ""known_visit""}, ""goal"": null, ""last_event"": ""no_goal"", ""no_goal_since"": 33.53744794434619, ""pos"": [8, 25], ""stall_recovery_count"": 0, ""temporary_invalid_until"": {}}, ""11"": {""active_tasks"": 1, ""decision"": {""acbba_bundle"": [], ""acbba_bundle_size"": 2, ""acbba_candidate_count_after_filter"": 1, ""acbba_candidate_count_before_filter"": 1, ""acbba_claims_known"": 1, ""acbba_max_candidate_cells"": null, ""acbba_path"": [], ""acbba_pending_snapshot"": false, ""acbba_trigger"": null, ""alg"": ""ACBBA"", ""mode"": ""known_visit""}, ""goal"": null, ""last_event"": ""no_goal"", ""no_goal_since"": 36.914188025778174, ""pos"": [12, 28], ""stall_recovery_count"": 0, ""temporary_invalid_until"": {}}, ""12"": {""active_tasks"": 1, ""decision"": {""acbba_bundle"": [], ""acbba_bundle_size"": 2, ""acbba_candidate_count_after_filter"": 1, ""acbba_candidate_count_before_filter"": 1, ""acbba_claims_known"": 1, ""acbba_max_candidate_cells"": null, ""acbba_path"": [], ""acbba_pending_snapshot"": false, ""acbba_trigger"": null, ""alg"": ""ACBBA"", ""mode"": ""known_visit""}, ""goal"": null, ""last_event"": ""no_goal"", ""no_goal_since"": 34.91357333510563, ""pos"": [8, 30], ""stall_recovery_count"": 0, ""temporary_invalid_until"": {}}, ""13"": {""active_tasks"": 1, ""decision"": {""acbba_bundle"": [], ""acbba_bundle_size"": 2, ""acbba_candidate_count_after_filter"": 1, ""acbba_candidate_count_before_filter"": 1, ""acbba_claims_known"": 1, ""acbba_max_candidate_cells"": null, ""acbba_path"": [], ""acbba_pending_snapshot"": false, ""acbba_trigger"": null, ""alg"": ""ACBBA"", ""mode"": ""known_visit""}, ""goal"": null, ""last_event"": ""no_goal"", ""no_goal_since"": 36.9789747200482, ""pos"": [14, 28], ""stall_recovery_count"": 0, ""temporary_invalid_until"": {}}}, ""total_targets"": 10}",
44,,ACBBA,ideal,1.0,34,1156,14,,acbba_g34_d85_ideal,reruns\grid_density\scenarios\cv\known_visit_grid34_targets10_trials50.csv,08,,,,,,,,,,,,,,,,,,,,,,,,,,,,,,,,,,,failed,RuntimeError,"Stagnation detected in trial 44 after 2000 events without movement or target completion; diagnostics={""clock_s"": 142.83562543146144, ""completed_targets"": 9, ""event_reasons"": {""intent_sync"": 242, ""moved"": 225, ""no_goal"": 3196, ""target_visited"": 9, ""turn"": 12}, ""events_processed"": 3684, ""robots"": {""00"": {""active_tasks"": 1, ""decision"": {""acbba_bundle"": [], ""acbba_bundle_size"": 2, ""acbba_candidate_count_after_filter"": 1, ""acbba_candidate_count_before_filter"": 1, ""acbba_claims_known"": 1, ""acbba_max_candidate_cells"": null, ""acbba_path"": [], ""acbba_pending_snapshot"": false, ""acbba_trigger"": null, ""alg"": ""ACBBA"", ""mode"": ""known_visit""}, ""goal"": null, ""last_event"": ""no_goal"", ""no_goal_since"": 34.63226095756551, ""pos"": [19, 1], ""stall_recovery_count"": 0, ""temporary_invalid_until"": {}}, ""01"": {""active_tasks"": 1, ""decision"": {""acbba_bundle"": [], ""acbba_bundle_size"": 2, ""acbba_candidate_count_after_filter"": 1, ""acbba_candidate_count_before_filter"": 1, ""acbba_claims_known"": 1, ""acbba_max_candidate_cells"": null, ""acbba_path"": [], ""acbba_pending_snapshot"": false, ""acbba_trigger"": null, ""alg"": ""ACBBA"", ""mode"": ""known_visit""}, ""goal"": null, ""last_event"": ""no_goal"", ""no_goal_since"": 38.38584063440959, ""pos"": [3, 15], ""stall_recovery_count"": 0, ""temporary_invalid_until"": {}}, ""02"": {""active_tasks"": 1, ""decision"": {""acbba_bundle"": [], ""acbba_bundle_size"": 2, ""acbba_candidate_count_after_filter"": 1, ""acbba_candidate_count_before_filter"": 1, ""acbba_claims_known"": 1, ""acbba_max_candidate_cells"": null, ""acbba_path"": [], ""acbba_pending_snapshot"": false, ""acbba_trigger"": null, ""alg"": ""ACBBA"", ""mode"": ""known_visit""}, ""goal"": null, ""last_event"": ""no_goal"", ""no_goal_since"": 72.83562543146144, ""pos"": [16, 16], ""stall_recovery_count"": 0, ""temporary_invalid_until"": {}}, ""03"": {""active_tasks"": 1, ""decision"": {""acbba_bundle"": [], ""acbba_bundle_size"": 2, ""acbba_candidate_count_after_filter"": 1, ""acbba_candidate_count_before_filter"": 1, ""acbba_claims_known"": 1, ""acbba_max_candidate_cells"": null, ""acbba_path"": [], ""acbba_pending_snapshot"": false, ""acbba_trigger"": null, ""alg"": ""ACBBA"", ""mode"": ""known_visit""}, ""goal"": null, ""last_event"": ""no_goal"", ""no_goal_since"": 33.36070161926117, ""pos"": [9, 8], ""stall_recovery_count"": 0, ""temporary_invalid_until"": {}}, ""04"": {""active_tasks"": 1, ""decision"": {""acbba_bundle"": [], ""acbba_bundle_size"": 2, ""acbba_candidate_count_after_filter"": 1, ""acbba_candidate_count_before_filter"": 1, ""acbba_claims_known"": 1, ""acbba_max_candidate_cells"": null, ""acbba_path"": [], ""acbba_pending_snapshot"": false, ""acbba_trigger"": null, ""alg"": ""ACBBA"", ""mode"": ""known_visit""}, ""goal"": null, ""last_event"": ""no_goal"", ""no_goal_since"": 32.748694973373816, ""pos"": [14, 15], ""stall_recovery_count"": 0, ""temporary_invalid_until"": {}}, ""05"": {""active_tasks"": 1, ""decision"": {""acbba_bundle"": [], ""acbba_bundle_size"": 2, ""acbba_candidate_count_after_filter"": 1, ""acbba_candidate_count_before_filter"": 1, ""acbba_claims_known"": 1, ""acbba_max_candidate_cells"": null, ""acbba_path"": [], ""acbba_pending_snapshot"": false, ""acbba_trigger"": null, ""alg"": ""ACBBA"", ""mode"": ""known_visit""}, ""goal"": null, ""last_event"": ""no_goal"", ""no_goal_since"": 33.20233268230591, ""pos"": [16, 15], ""stall_recovery_count"": 0, ""temporary_invalid_until"": {}}, ""06"": {""active_tasks"": 1, ""decision"": {""acbba_bundle"": [], ""acbba_bundle_size"": 2, ""acbba_candidate_count_after_filter"": 1, ""acbba_candidate_count_before_filter"": 1, ""acbba_claims_known"": 1, ""acbba_max_candidate_cells"": null, ""acbba_path"": [], ""acbba_pending_snapshot"": false, ""acbba_trigger"": null, ""alg"": ""ACBBA"", ""mode"": ""known_visit""}, ""goal"": null, ""last_event"": ""no_goal"", ""no_goal_since"": 36.94682724256283, ""pos"": [12, 15], ""stall_recovery_count"": 0, ""temporary_invalid_until"": {}}, ""07"": {""active_tasks"": 1, ""decision"": {""acbba_bundle"": [], ""acbba_bundle_size"": 2, ""acbba_candidate_count_after_filter"": 1, ""acbba_candidate_count_before_filter"": 1, ""acbba_claims_known"": 1, ""acbba_max_candidate_cells"": null, ""acbba_path"": [], ""acbba_pending_snapshot"": false, ""acbba_trigger"": null, ""alg"": ""ACBBA"", ""mode"": ""known_visit""}, ""goal"": null, ""last_event"": ""no_goal"", ""no_goal_since"": 52.767005418215284, ""pos"": [20, 24], ""stall_recovery_count"": 0, ""temporary_invalid_until"": {}}, ""08"": {""active_tasks"": 1, ""decision"": {""acbba_bundle"": [], ""acbba_bundle_size"": 2, ""acbba_candidate_count_after_filter"": 1, ""acbba_candidate_count_before_filter"": 1, ""acbba_claims_known"": 1, ""acbba_max_candidate_cells"": null, ""acbba_path"": [], ""acbba_pending_snapshot"": false, ""acbba_trigger"": null, ""alg"": ""ACBBA"", ""mode"": ""known_visit""}, ""goal"": null, ""last_event"": ""no_goal"", ""no_goal_since"": 54.000140864633714, ""pos"": [10, 3], ""stall_recovery_count"": 0, ""temporary_invalid_until"": {}}, ""09"": {""active_tasks"": 1, ""decision"": {""acbba_bundle"": [], ""acbba_bundle_size"": 2, ""acbba_candidate_count_after_filter"": 1, ""acbba_candidate_count_before_filter"": 1, ""acbba_claims_known"": 1, ""acbba_max_candidate_cells"": null, ""acbba_path"": [], ""acbba_pending_snapshot"": false, ""acbba_trigger"": null, ""alg"": ""ACBBA"", ""mode"": ""known_visit""}, ""goal"": null, ""last_event"": ""no_goal"", ""no_goal_since"": 37.10036941510764, ""pos"": [10, 23], ""stall_recovery_count"": 0, ""temporary_invalid_until"": {}}, ""10"": {""active_tasks"": 1, ""decision"": {""acbba_bundle"": [], ""acbba_bundle_size"": 2, ""acbba_candidate_count_after_filter"": 1, ""acbba_candidate_count_before_filter"": 1, ""acbba_claims_known"": 1, ""acbba_max_candidate_cells"": null, ""acbba_path"": [], ""acbba_pending_snapshot"": false, ""acbba_trigger"": null, ""alg"": ""ACBBA"", ""mode"": ""known_visit""}, ""goal"": null, ""last_event"": ""no_goal"", ""no_goal_since"": 33.53744794434619, ""pos"": [8, 25], ""stall_recovery_count"": 0, ""temporary_invalid_until"": {}}, ""11"": {""active_tasks"": 1, ""decision"": {""acbba_bundle"": [], ""acbba_bundle_size"": 2, ""acbba_candidate_count_after_filter"": 1, ""acbba_candidate_count_before_filter"": 1, ""acbba_claims_known"": 1, ""acbba_max_candidate_cells"": null, ""acbba_path"": [], ""acbba_pending_snapshot"": false, ""acbba_trigger"": null, ""alg"": ""ACBBA"", ""mode"": ""known_visit""}, ""goal"": null, ""last_event"": ""no_goal"", ""no_goal_since"": 36.914188025778174, ""pos"": [12, 28], ""stall_recovery_count"": 0, ""temporary_invalid_until"": {}}, ""12"": {""active_tasks"": 1, ""decision"": {""acbba_bundle"": [], ""acbba_bundle_size"": 2, ""acbba_candidate_count_after_filter"": 1, ""acbba_candidate_count_before_filter"": 1, ""acbba_claims_known"": 1, ""acbba_max_candidate_cells"": null, ""acbba_path"": [], ""acbba_pending_snapshot"": false, ""acbba_trigger"": null, ""alg"": ""ACBBA"", ""mode"": ""known_visit""}, ""goal"": null, ""last_event"": ""no_goal"", ""no_goal_since"": 34.91357333510563, ""pos"": [8, 30], ""stall_recovery_count"": 0, ""temporary_invalid_until"": {}}, ""13"": {""active_tasks"": 1, ""decision"": {""acbba_bundle"": [], ""acbba_bundle_size"": 2, ""acbba_candidate_count_after_filter"": 1, ""acbba_candidate_count_before_filter"": 1, ""acbba_claims_known"": 1, ""acbba_max_candidate_cells"": null, ""acbba_path"": [], ""acbba_pending_snapshot"": false, ""acbba_trigger"": null, ""alg"": ""ACBBA"", ""mode"": ""known_visit""}, ""goal"": null, ""last_event"": ""no_goal"", ""no_goal_since"": 36.9789747200482, ""pos"": [14, 28], ""stall_recovery_count"": 0, ""temporary_invalid_until"": {}}}, ""total_targets"": 10}",
44,,ACBBA,ideal,1.0,34,1156,14,,acbba_g34_d85_ideal,reruns\grid_density\scenarios\cv\known_visit_grid34_targets10_trials50.csv,09,,,,,,,,,,,,,,,,,,,,,,,,,,,,,,,,,,,failed,RuntimeError,"Stagnation detected in trial 44 after 2000 events without movement or target completion; diagnostics={""clock_s"": 142.83562543146144, ""completed_targets"": 9, ""event_reasons"": {""intent_sync"": 242, ""moved"": 225, ""no_goal"": 3196, ""target_visited"": 9, ""turn"": 12}, ""events_processed"": 3684, ""robots"": {""00"": {""active_tasks"": 1, ""decision"": {""acbba_bundle"": [], ""acbba_bundle_size"": 2, ""acbba_candidate_count_after_filter"": 1, ""acbba_candidate_count_before_filter"": 1, ""acbba_claims_known"": 1, ""acbba_max_candidate_cells"": null, ""acbba_path"": [], ""acbba_pending_snapshot"": false, ""acbba_trigger"": null, ""alg"": ""ACBBA"", ""mode"": ""known_visit""}, ""goal"": null, ""last_event"": ""no_goal"", ""no_goal_since"": 34.63226095756551, ""pos"": [19, 1], ""stall_recovery_count"": 0, ""temporary_invalid_until"": {}}, ""01"": {""active_tasks"": 1, ""decision"": {""acbba_bundle"": [], ""acbba_bundle_size"": 2, ""acbba_candidate_count_after_filter"": 1, ""acbba_candidate_count_before_filter"": 1, ""acbba_claims_known"": 1, ""acbba_max_candidate_cells"": null, ""acbba_path"": [], ""acbba_pending_snapshot"": false, ""acbba_trigger"": null, ""alg"": ""ACBBA"", ""mode"": ""known_visit""}, ""goal"": null, ""last_event"": ""no_goal"", ""no_goal_since"": 38.38584063440959, ""pos"": [3, 15], ""stall_recovery_count"": 0, ""temporary_invalid_until"": {}}, ""02"": {""active_tasks"": 1, ""decision"": {""acbba_bundle"": [], ""acbba_bundle_size"": 2, ""acbba_candidate_count_after_filter"": 1, ""acbba_candidate_count_before_filter"": 1, ""acbba_claims_known"": 1, ""acbba_max_candidate_cells"": null, ""acbba_path"": [], ""acbba_pending_snapshot"": false, ""acbba_trigger"": null, ""alg"": ""ACBBA"", ""mode"": ""known_visit""}, ""goal"": null, ""last_event"": ""no_goal"", ""no_goal_since"": 72.83562543146144, ""pos"": [16, 16], ""stall_recovery_count"": 0, ""temporary_invalid_until"": {}}, ""03"": {""active_tasks"": 1, ""decision"": {""acbba_bundle"": [], ""acbba_bundle_size"": 2, ""acbba_candidate_count_after_filter"": 1, ""acbba_candidate_count_before_filter"": 1, ""acbba_claims_known"": 1, ""acbba_max_candidate_cells"": null, ""acbba_path"": [], ""acbba_pending_snapshot"": false, ""acbba_trigger"": null, ""alg"": ""ACBBA"", ""mode"": ""known_visit""}, ""goal"": null, ""last_event"": ""no_goal"", ""no_goal_since"": 33.36070161926117, ""pos"": [9, 8], ""stall_recovery_count"": 0, ""temporary_invalid_until"": {}}, ""04"": {""active_tasks"": 1, ""decision"": {""acbba_bundle"": [], ""acbba_bundle_size"": 2, ""acbba_candidate_count_after_filter"": 1, ""acbba_candidate_count_before_filter"": 1, ""acbba_claims_known"": 1, ""acbba_max_candidate_cells"": null, ""acbba_path"": [], ""acbba_pending_snapshot"": false, ""acbba_trigger"": null, ""alg"": ""ACBBA"", ""mode"": ""known_visit""}, ""goal"": null, ""last_event"": ""no_goal"", ""no_goal_since"": 32.748694973373816, ""pos"": [14, 15], ""stall_recovery_count"": 0, ""temporary_invalid_until"": {}}, ""05"": {""active_tasks"": 1, ""decision"": {""acbba_bundle"": [], ""acbba_bundle_size"": 2, ""acbba_candidate_count_after_filter"": 1, ""acbba_candidate_count_before_filter"": 1, ""acbba_claims_known"": 1, ""acbba_max_candidate_cells"": null, ""acbba_path"": [], ""acbba_pending_snapshot"": false, ""acbba_trigger"": null, ""alg"": ""ACBBA"", ""mode"": ""known_visit""}, ""goal"": null, ""last_event"": ""no_goal"", ""no_goal_since"": 33.20233268230591, ""pos"": [16, 15], ""stall_recovery_count"": 0, ""temporary_invalid_until"": {}}, ""06"": {""active_tasks"": 1, ""decision"": {""acbba_bundle"": [], ""acbba_bundle_size"": 2, ""acbba_candidate_count_after_filter"": 1, ""acbba_candidate_count_before_filter"": 1, ""acbba_claims_known"": 1, ""acbba_max_candidate_cells"": null, ""acbba_path"": [], ""acbba_pending_snapshot"": false, ""acbba_trigger"": null, ""alg"": ""ACBBA"", ""mode"": ""known_visit""}, ""goal"": null, ""last_event"": ""no_goal"", ""no_goal_since"": 36.94682724256283, ""pos"": [12, 15], ""stall_recovery_count"": 0, ""temporary_invalid_until"": {}}, ""07"": {""active_tasks"": 1, ""decision"": {""acbba_bundle"": [], ""acbba_bundle_size"": 2, ""acbba_candidate_count_after_filter"": 1, ""acbba_candidate_count_before_filter"": 1, ""acbba_claims_known"": 1, ""acbba_max_candidate_cells"": null, ""acbba_path"": [], ""acbba_pending_snapshot"": false, ""acbba_trigger"": null, ""alg"": ""ACBBA"", ""mode"": ""known_visit""}, ""goal"": null, ""last_event"": ""no_goal"", ""no_goal_since"": 52.767005418215284, ""pos"": [20, 24], ""stall_recovery_count"": 0, ""temporary_invalid_until"": {}}, ""08"": {""active_tasks"": 1, ""decision"": {""acbba_bundle"": [], ""acbba_bundle_size"": 2, ""acbba_candidate_count_after_filter"": 1, ""acbba_candidate_count_before_filter"": 1, ""acbba_claims_known"": 1, ""acbba_max_candidate_cells"": null, ""acbba_path"": [], ""acbba_pending_snapshot"": false, ""acbba_trigger"": null, ""alg"": ""ACBBA"", ""mode"": ""known_visit""}, ""goal"": null, ""last_event"": ""no_goal"", ""no_goal_since"": 54.000140864633714, ""pos"": [10, 3], ""stall_recovery_count"": 0, ""temporary_invalid_until"": {}}, ""09"": {""active_tasks"": 1, ""decision"": {""acbba_bundle"": [], ""acbba_bundle_size"": 2, ""acbba_candidate_count_after_filter"": 1, ""acbba_candidate_count_before_filter"": 1, ""acbba_claims_known"": 1, ""acbba_max_candidate_cells"": null, ""acbba_path"": [], ""acbba_pending_snapshot"": false, ""acbba_trigger"": null, ""alg"": ""ACBBA"", ""mode"": ""known_visit""}, ""goal"": null, ""last_event"": ""no_goal"", ""no_goal_since"": 37.10036941510764, ""pos"": [10, 23], ""stall_recovery_count"": 0, ""temporary_invalid_until"": {}}, ""10"": {""active_tasks"": 1, ""decision"": {""acbba_bundle"": [], ""acbba_bundle_size"": 2, ""acbba_candidate_count_after_filter"": 1, ""acbba_candidate_count_before_filter"": 1, ""acbba_claims_known"": 1, ""acbba_max_candidate_cells"": null, ""acbba_path"": [], ""acbba_pending_snapshot"": false, ""acbba_trigger"": null, ""alg"": ""ACBBA"", ""mode"": ""known_visit""}, ""goal"": null, ""last_event"": ""no_goal"", ""no_goal_since"": 33.53744794434619, ""pos"": [8, 25], ""stall_recovery_count"": 0, ""temporary_invalid_until"": {}}, ""11"": {""active_tasks"": 1, ""decision"": {""acbba_bundle"": [], ""acbba_bundle_size"": 2, ""acbba_candidate_count_after_filter"": 1, ""acbba_candidate_count_before_filter"": 1, ""acbba_claims_known"": 1, ""acbba_max_candidate_cells"": null, ""acbba_path"": [], ""acbba_pending_snapshot"": false, ""acbba_trigger"": null, ""alg"": ""ACBBA"", ""mode"": ""known_visit""}, ""goal"": null, ""last_event"": ""no_goal"", ""no_goal_since"": 36.914188025778174, ""pos"": [12, 28], ""stall_recovery_count"": 0, ""temporary_invalid_until"": {}}, ""12"": {""active_tasks"": 1, ""decision"": {""acbba_bundle"": [], ""acbba_bundle_size"": 2, ""acbba_candidate_count_after_filter"": 1, ""acbba_candidate_count_before_filter"": 1, ""acbba_claims_known"": 1, ""acbba_max_candidate_cells"": null, ""acbba_path"": [], ""acbba_pending_snapshot"": false, ""acbba_trigger"": null, ""alg"": ""ACBBA"", ""mode"": ""known_visit""}, ""goal"": null, ""last_event"": ""no_goal"", ""no_goal_since"": 34.91357333510563, ""pos"": [8, 30], ""stall_recovery_count"": 0, ""temporary_invalid_until"": {}}, ""13"": {""active_tasks"": 1, ""decision"": {""acbba_bundle"": [], ""acbba_bundle_size"": 2, ""acbba_candidate_count_after_filter"": 1, ""acbba_candidate_count_before_filter"": 1, ""acbba_claims_known"": 1, ""acbba_max_candidate_cells"": null, ""acbba_path"": [], ""acbba_pending_snapshot"": false, ""acbba_trigger"": null, ""alg"": ""ACBBA"", ""mode"": ""known_visit""}, ""goal"": null, ""last_event"": ""no_goal"", ""no_goal_since"": 36.9789747200482, ""pos"": [14, 28], ""stall_recovery_count"": 0, ""temporary_invalid_until"": {}}}, ""total_targets"": 10}",
44,,ACBBA,ideal,1.0,34,1156,14,,acbba_g34_d85_ideal,reruns\grid_density\scenarios\cv\known_visit_grid34_targets10_trials50.csv,10,,,,,,,,,,,,,,,,,,,,,,,,,,,,,,,,,,,failed,RuntimeError,"Stagnation detected in trial 44 after 2000 events without movement or target completion; diagnostics={""clock_s"": 142.83562543146144, ""completed_targets"": 9, ""event_reasons"": {""intent_sync"": 242, ""moved"": 225, ""no_goal"": 3196, ""target_visited"": 9, ""turn"": 12}, ""events_processed"": 3684, ""robots"": {""00"": {""active_tasks"": 1, ""decision"": {""acbba_bundle"": [], ""acbba_bundle_size"": 2, ""acbba_candidate_count_after_filter"": 1, ""acbba_candidate_count_before_filter"": 1, ""acbba_claims_known"": 1, ""acbba_max_candidate_cells"": null, ""acbba_path"": [], ""acbba_pending_snapshot"": false, ""acbba_trigger"": null, ""alg"": ""ACBBA"", ""mode"": ""known_visit""}, ""goal"": null, ""last_event"": ""no_goal"", ""no_goal_since"": 34.63226095756551, ""pos"": [19, 1], ""stall_recovery_count"": 0, ""temporary_invalid_until"": {}}, ""01"": {""active_tasks"": 1, ""decision"": {""acbba_bundle"": [], ""acbba_bundle_size"": 2, ""acbba_candidate_count_after_filter"": 1, ""acbba_candidate_count_before_filter"": 1, ""acbba_claims_known"": 1, ""acbba_max_candidate_cells"": null, ""acbba_path"": [], ""acbba_pending_snapshot"": false, ""acbba_trigger"": null, ""alg"": ""ACBBA"", ""mode"": ""known_visit""}, ""goal"": null, ""last_event"": ""no_goal"", ""no_goal_since"": 38.38584063440959, ""pos"": [3, 15], ""stall_recovery_count"": 0, ""temporary_invalid_until"": {}}, ""02"": {""active_tasks"": 1, ""decision"": {""acbba_bundle"": [], ""acbba_bundle_size"": 2, ""acbba_candidate_count_after_filter"": 1, ""acbba_candidate_count_before_filter"": 1, ""acbba_claims_known"": 1, ""acbba_max_candidate_cells"": null, ""acbba_path"": [], ""acbba_pending_snapshot"": false, ""acbba_trigger"": null, ""alg"": ""ACBBA"", ""mode"": ""known_visit""}, ""goal"": null, ""last_event"": ""no_goal"", ""no_goal_since"": 72.83562543146144, ""pos"": [16, 16], ""stall_recovery_count"": 0, ""temporary_invalid_until"": {}}, ""03"": {""active_tasks"": 1, ""decision"": {""acbba_bundle"": [], ""acbba_bundle_size"": 2, ""acbba_candidate_count_after_filter"": 1, ""acbba_candidate_count_before_filter"": 1, ""acbba_claims_known"": 1, ""acbba_max_candidate_cells"": null, ""acbba_path"": [], ""acbba_pending_snapshot"": false, ""acbba_trigger"": null, ""alg"": ""ACBBA"", ""mode"": ""known_visit""}, ""goal"": null, ""last_event"": ""no_goal"", ""no_goal_since"": 33.36070161926117, ""pos"": [9, 8], ""stall_recovery_count"": 0, ""temporary_invalid_until"": {}}, ""04"": {""active_tasks"": 1, ""decision"": {""acbba_bundle"": [], ""acbba_bundle_size"": 2, ""acbba_candidate_count_after_filter"": 1, ""acbba_candidate_count_before_filter"": 1, ""acbba_claims_known"": 1, ""acbba_max_candidate_cells"": null, ""acbba_path"": [], ""acbba_pending_snapshot"": false, ""acbba_trigger"": null, ""alg"": ""ACBBA"", ""mode"": ""known_visit""}, ""goal"": null, ""last_event"": ""no_goal"", ""no_goal_since"": 32.748694973373816, ""pos"": [14, 15], ""stall_recovery_count"": 0, ""temporary_invalid_until"": {}}, ""05"": {""active_tasks"": 1, ""decision"": {""acbba_bundle"": [], ""acbba_bundle_size"": 2, ""acbba_candidate_count_after_filter"": 1, ""acbba_candidate_count_before_filter"": 1, ""acbba_claims_known"": 1, ""acbba_max_candidate_cells"": null, ""acbba_path"": [], ""acbba_pending_snapshot"": false, ""acbba_trigger"": null, ""alg"": ""ACBBA"", ""mode"": ""known_visit""}, ""goal"": null, ""last_event"": ""no_goal"", ""no_goal_since"": 33.20233268230591, ""pos"": [16, 15], ""stall_recovery_count"": 0, ""temporary_invalid_until"": {}}, ""06"": {""active_tasks"": 1, ""decision"": {""acbba_bundle"": [], ""acbba_bundle_size"": 2, ""acbba_candidate_count_after_filter"": 1, ""acbba_candidate_count_before_filter"": 1, ""acbba_claims_known"": 1, ""acbba_max_candidate_cells"": null, ""acbba_path"": [], ""acbba_pending_snapshot"": false, ""acbba_trigger"": null, ""alg"": ""ACBBA"", ""mode"": ""known_visit""}, ""goal"": null, ""last_event"": ""no_goal"", ""no_goal_since"": 36.94682724256283, ""pos"": [12, 15], ""stall_recovery_count"": 0, ""temporary_invalid_until"": {}}, ""07"": {""active_tasks"": 1, ""decision"": {""acbba_bundle"": [], ""acbba_bundle_size"": 2, ""acbba_candidate_count_after_filter"": 1, ""acbba_candidate_count_before_filter"": 1, ""acbba_claims_known"": 1, ""acbba_max_candidate_cells"": null, ""acbba_path"": [], ""acbba_pending_snapshot"": false, ""acbba_trigger"": null, ""alg"": ""ACBBA"", ""mode"": ""known_visit""}, ""goal"": null, ""last_event"": ""no_goal"", ""no_goal_since"": 52.767005418215284, ""pos"": [20, 24], ""stall_recovery_count"": 0, ""temporary_invalid_until"": {}}, ""08"": {""active_tasks"": 1, ""decision"": {""acbba_bundle"": [], ""acbba_bundle_size"": 2, ""acbba_candidate_count_after_filter"": 1, ""acbba_candidate_count_before_filter"": 1, ""acbba_claims_known"": 1, ""acbba_max_candidate_cells"": null, ""acbba_path"": [], ""acbba_pending_snapshot"": false, ""acbba_trigger"": null, ""alg"": ""ACBBA"", ""mode"": ""known_visit""}, ""goal"": null, ""last_event"": ""no_goal"", ""no_goal_since"": 54.000140864633714, ""pos"": [10, 3], ""stall_recovery_count"": 0, ""temporary_invalid_until"": {}}, ""09"": {""active_tasks"": 1, ""decision"": {""acbba_bundle"": [], ""acbba_bundle_size"": 2, ""acbba_candidate_count_after_filter"": 1, ""acbba_candidate_count_before_filter"": 1, ""acbba_claims_known"": 1, ""acbba_max_candidate_cells"": null, ""acbba_path"": [], ""acbba_pending_snapshot"": false, ""acbba_trigger"": null, ""alg"": ""ACBBA"", ""mode"": ""known_visit""}, ""goal"": null, ""last_event"": ""no_goal"", ""no_goal_since"": 37.10036941510764, ""pos"": [10, 23], ""stall_recovery_count"": 0, ""temporary_invalid_until"": {}}, ""10"": {""active_tasks"": 1, ""decision"": {""acbba_bundle"": [], ""acbba_bundle_size"": 2, ""acbba_candidate_count_after_filter"": 1, ""acbba_candidate_count_before_filter"": 1, ""acbba_claims_known"": 1, ""acbba_max_candidate_cells"": null, ""acbba_path"": [], ""acbba_pending_snapshot"": false, ""acbba_trigger"": null, ""alg"": ""ACBBA"", ""mode"": ""known_visit""}, ""goal"": null, ""last_event"": ""no_goal"", ""no_goal_since"": 33.53744794434619, ""pos"": [8, 25], ""stall_recovery_count"": 0, ""temporary_invalid_until"": {}}, ""11"": {""active_tasks"": 1, ""decision"": {""acbba_bundle"": [], ""acbba_bundle_size"": 2, ""acbba_candidate_count_after_filter"": 1, ""acbba_candidate_count_before_filter"": 1, ""acbba_claims_known"": 1, ""acbba_max_candidate_cells"": null, ""acbba_path"": [], ""acbba_pending_snapshot"": false, ""acbba_trigger"": null, ""alg"": ""ACBBA"", ""mode"": ""known_visit""}, ""goal"": null, ""last_event"": ""no_goal"", ""no_goal_since"": 36.914188025778174, ""pos"": [12, 28], ""stall_recovery_count"": 0, ""temporary_invalid_until"": {}}, ""12"": {""active_tasks"": 1, ""decision"": {""acbba_bundle"": [], ""acbba_bundle_size"": 2, ""acbba_candidate_count_after_filter"": 1, ""acbba_candidate_count_before_filter"": 1, ""acbba_claims_known"": 1, ""acbba_max_candidate_cells"": null, ""acbba_path"": [], ""acbba_pending_snapshot"": false, ""acbba_trigger"": null, ""alg"": ""ACBBA"", ""mode"": ""known_visit""}, ""goal"": null, ""last_event"": ""no_goal"", ""no_goal_since"": 34.91357333510563, ""pos"": [8, 30], ""stall_recovery_count"": 0, ""temporary_invalid_until"": {}}, ""13"": {""active_tasks"": 1, ""decision"": {""acbba_bundle"": [], ""acbba_bundle_size"": 2, ""acbba_candidate_count_after_filter"": 1, ""acbba_candidate_count_before_filter"": 1, ""acbba_claims_known"": 1, ""acbba_max_candidate_cells"": null, ""acbba_path"": [], ""acbba_pending_snapshot"": false, ""acbba_trigger"": null, ""alg"": ""ACBBA"", ""mode"": ""known_visit""}, ""goal"": null, ""last_event"": ""no_goal"", ""no_goal_since"": 36.9789747200482, ""pos"": [14, 28], ""stall_recovery_count"": 0, ""temporary_invalid_until"": {}}}, ""total_targets"": 10}",
44,,ACBBA,ideal,1.0,34,1156,14,,acbba_g34_d85_ideal,reruns\grid_density\scenarios\cv\known_visit_grid34_targets10_trials50.csv,11,,,,,,,,,,,,,,,,,,,,,,,,,,,,,,,,,,,failed,RuntimeError,"Stagnation detected in trial 44 after 2000 events without movement or target completion; diagnostics={""clock_s"": 142.83562543146144, ""completed_targets"": 9, ""event_reasons"": {""intent_sync"": 242, ""moved"": 225, ""no_goal"": 3196, ""target_visited"": 9, ""turn"": 12}, ""events_processed"": 3684, ""robots"": {""00"": {""active_tasks"": 1, ""decision"": {""acbba_bundle"": [], ""acbba_bundle_size"": 2, ""acbba_candidate_count_after_filter"": 1, ""acbba_candidate_count_before_filter"": 1, ""acbba_claims_known"": 1, ""acbba_max_candidate_cells"": null, ""acbba_path"": [], ""acbba_pending_snapshot"": false, ""acbba_trigger"": null, ""alg"": ""ACBBA"", ""mode"": ""known_visit""}, ""goal"": null, ""last_event"": ""no_goal"", ""no_goal_since"": 34.63226095756551, ""pos"": [19, 1], ""stall_recovery_count"": 0, ""temporary_invalid_until"": {}}, ""01"": {""active_tasks"": 1, ""decision"": {""acbba_bundle"": [], ""acbba_bundle_size"": 2, ""acbba_candidate_count_after_filter"": 1, ""acbba_candidate_count_before_filter"": 1, ""acbba_claims_known"": 1, ""acbba_max_candidate_cells"": null, ""acbba_path"": [], ""acbba_pending_snapshot"": false, ""acbba_trigger"": null, ""alg"": ""ACBBA"", ""mode"": ""known_visit""}, ""goal"": null, ""last_event"": ""no_goal"", ""no_goal_since"": 38.38584063440959, ""pos"": [3, 15], ""stall_recovery_count"": 0, ""temporary_invalid_until"": {}}, ""02"": {""active_tasks"": 1, ""decision"": {""acbba_bundle"": [], ""acbba_bundle_size"": 2, ""acbba_candidate_count_after_filter"": 1, ""acbba_candidate_count_before_filter"": 1, ""acbba_claims_known"": 1, ""acbba_max_candidate_cells"": null, ""acbba_path"": [], ""acbba_pending_snapshot"": false, ""acbba_trigger"": null, ""alg"": ""ACBBA"", ""mode"": ""known_visit""}, ""goal"": null, ""last_event"": ""no_goal"", ""no_goal_since"": 72.83562543146144, ""pos"": [16, 16], ""stall_recovery_count"": 0, ""temporary_invalid_until"": {}}, ""03"": {""active_tasks"": 1, ""decision"": {""acbba_bundle"": [], ""acbba_bundle_size"": 2, ""acbba_candidate_count_after_filter"": 1, ""acbba_candidate_count_before_filter"": 1, ""acbba_claims_known"": 1, ""acbba_max_candidate_cells"": null, ""acbba_path"": [], ""acbba_pending_snapshot"": false, ""acbba_trigger"": null, ""alg"": ""ACBBA"", ""mode"": ""known_visit""}, ""goal"": null, ""last_event"": ""no_goal"", ""no_goal_since"": 33.36070161926117, ""pos"": [9, 8], ""stall_recovery_count"": 0, ""temporary_invalid_until"": {}}, ""04"": {""active_tasks"": 1, ""decision"": {""acbba_bundle"": [], ""acbba_bundle_size"": 2, ""acbba_candidate_count_after_filter"": 1, ""acbba_candidate_count_before_filter"": 1, ""acbba_claims_known"": 1, ""acbba_max_candidate_cells"": null, ""acbba_path"": [], ""acbba_pending_snapshot"": false, ""acbba_trigger"": null, ""alg"": ""ACBBA"", ""mode"": ""known_visit""}, ""goal"": null, ""last_event"": ""no_goal"", ""no_goal_since"": 32.748694973373816, ""pos"": [14, 15], ""stall_recovery_count"": 0, ""temporary_invalid_until"": {}}, ""05"": {""active_tasks"": 1, ""decision"": {""acbba_bundle"": [], ""acbba_bundle_size"": 2, ""acbba_candidate_count_after_filter"": 1, ""acbba_candidate_count_before_filter"": 1, ""acbba_claims_known"": 1, ""acbba_max_candidate_cells"": null, ""acbba_path"": [], ""acbba_pending_snapshot"": false, ""acbba_trigger"": null, ""alg"": ""ACBBA"", ""mode"": ""known_visit""}, ""goal"": null, ""last_event"": ""no_goal"", ""no_goal_since"": 33.20233268230591, ""pos"": [16, 15], ""stall_recovery_count"": 0, ""temporary_invalid_until"": {}}, ""06"": {""active_tasks"": 1, ""decision"": {""acbba_bundle"": [], ""acbba_bundle_size"": 2, ""acbba_candidate_count_after_filter"": 1, ""acbba_candidate_count_before_filter"": 1, ""acbba_claims_known"": 1, ""acbba_max_candidate_cells"": null, ""acbba_path"": [], ""acbba_pending_snapshot"": false, ""acbba_trigger"": null, ""alg"": ""ACBBA"", ""mode"": ""known_visit""}, ""goal"": null, ""last_event"": ""no_goal"", ""no_goal_since"": 36.94682724256283, ""pos"": [12, 15], ""stall_recovery_count"": 0, ""temporary_invalid_until"": {}}, ""07"": {""active_tasks"": 1, ""decision"": {""acbba_bundle"": [], ""acbba_bundle_size"": 2, ""acbba_candidate_count_after_filter"": 1, ""acbba_candidate_count_before_filter"": 1, ""acbba_claims_known"": 1, ""acbba_max_candidate_cells"": null, ""acbba_path"": [], ""acbba_pending_snapshot"": false, ""acbba_trigger"": null, ""alg"": ""ACBBA"", ""mode"": ""known_visit""}, ""goal"": null, ""last_event"": ""no_goal"", ""no_goal_since"": 52.767005418215284, ""pos"": [20, 24], ""stall_recovery_count"": 0, ""temporary_invalid_until"": {}}, ""08"": {""active_tasks"": 1, ""decision"": {""acbba_bundle"": [], ""acbba_bundle_size"": 2, ""acbba_candidate_count_after_filter"": 1, ""acbba_candidate_count_before_filter"": 1, ""acbba_claims_known"": 1, ""acbba_max_candidate_cells"": null, ""acbba_path"": [], ""acbba_pending_snapshot"": false, ""acbba_trigger"": null, ""alg"": ""ACBBA"", ""mode"": ""known_visit""}, ""goal"": null, ""last_event"": ""no_goal"", ""no_goal_since"": 54.000140864633714, ""pos"": [10, 3], ""stall_recovery_count"": 0, ""temporary_invalid_until"": {}}, ""09"": {""active_tasks"": 1, ""decision"": {""acbba_bundle"": [], ""acbba_bundle_size"": 2, ""acbba_candidate_count_after_filter"": 1, ""acbba_candidate_count_before_filter"": 1, ""acbba_claims_known"": 1, ""acbba_max_candidate_cells"": null, ""acbba_path"": [], ""acbba_pending_snapshot"": false, ""acbba_trigger"": null, ""alg"": ""ACBBA"", ""mode"": ""known_visit""}, ""goal"": null, ""last_event"": ""no_goal"", ""no_goal_since"": 37.10036941510764, ""pos"": [10, 23], ""stall_recovery_count"": 0, ""temporary_invalid_until"": {}}, ""10"": {""active_tasks"": 1, ""decision"": {""acbba_bundle"": [], ""acbba_bundle_size"": 2, ""acbba_candidate_count_after_filter"": 1, ""acbba_candidate_count_before_filter"": 1, ""acbba_claims_known"": 1, ""acbba_max_candidate_cells"": null, ""acbba_path"": [], ""acbba_pending_snapshot"": false, ""acbba_trigger"": null, ""alg"": ""ACBBA"", ""mode"": ""known_visit""}, ""goal"": null, ""last_event"": ""no_goal"", ""no_goal_since"": 33.53744794434619, ""pos"": [8, 25], ""stall_recovery_count"": 0, ""temporary_invalid_until"": {}}, ""11"": {""active_tasks"": 1, ""decision"": {""acbba_bundle"": [], ""acbba_bundle_size"": 2, ""acbba_candidate_count_after_filter"": 1, ""acbba_candidate_count_before_filter"": 1, ""acbba_claims_known"": 1, ""acbba_max_candidate_cells"": null, ""acbba_path"": [], ""acbba_pending_snapshot"": false, ""acbba_trigger"": null, ""alg"": ""ACBBA"", ""mode"": ""known_visit""}, ""goal"": null, ""last_event"": ""no_goal"", ""no_goal_since"": 36.914188025778174, ""pos"": [12, 28], ""stall_recovery_count"": 0, ""temporary_invalid_until"": {}}, ""12"": {""active_tasks"": 1, ""decision"": {""acbba_bundle"": [], ""acbba_bundle_size"": 2, ""acbba_candidate_count_after_filter"": 1, ""acbba_candidate_count_before_filter"": 1, ""acbba_claims_known"": 1, ""acbba_max_candidate_cells"": null, ""acbba_path"": [], ""acbba_pending_snapshot"": false, ""acbba_trigger"": null, ""alg"": ""ACBBA"", ""mode"": ""known_visit""}, ""goal"": null, ""last_event"": ""no_goal"", ""no_goal_since"": 34.91357333510563, ""pos"": [8, 30], ""stall_recovery_count"": 0, ""temporary_invalid_until"": {}}, ""13"": {""active_tasks"": 1, ""decision"": {""acbba_bundle"": [], ""acbba_bundle_size"": 2, ""acbba_candidate_count_after_filter"": 1, ""acbba_candidate_count_before_filter"": 1, ""acbba_claims_known"": 1, ""acbba_max_candidate_cells"": null, ""acbba_path"": [], ""acbba_pending_snapshot"": false, ""acbba_trigger"": null, ""alg"": ""ACBBA"", ""mode"": ""known_visit""}, ""goal"": null, ""last_event"": ""no_goal"", ""no_goal_since"": 36.9789747200482, ""pos"": [14, 28], ""stall_recovery_count"": 0, ""temporary_invalid_until"": {}}}, ""total_targets"": 10}",
44,,ACBBA,ideal,1.0,34,1156,14,,acbba_g34_d85_ideal,reruns\grid_density\scenarios\cv\known_visit_grid34_targets10_trials50.csv,12,,,,,,,,,,,,,,,,,,,,,,,,,,,,,,,,,,,failed,RuntimeError,"Stagnation detected in trial 44 after 2000 events without movement or target completion; diagnostics={""clock_s"": 142.83562543146144, ""completed_targets"": 9, ""event_reasons"": {""intent_sync"": 242, ""moved"": 225, ""no_goal"": 3196, ""target_visited"": 9, ""turn"": 12}, ""events_processed"": 3684, ""robots"": {""00"": {""active_tasks"": 1, ""decision"": {""acbba_bundle"": [], ""acbba_bundle_size"": 2, ""acbba_candidate_count_after_filter"": 1, ""acbba_candidate_count_before_filter"": 1, ""acbba_claims_known"": 1, ""acbba_max_candidate_cells"": null, ""acbba_path"": [], ""acbba_pending_snapshot"": false, ""acbba_trigger"": null, ""alg"": ""ACBBA"", ""mode"": ""known_visit""}, ""goal"": null, ""last_event"": ""no_goal"", ""no_goal_since"": 34.63226095756551, ""pos"": [19, 1], ""stall_recovery_count"": 0, ""temporary_invalid_until"": {}}, ""01"": {""active_tasks"": 1, ""decision"": {""acbba_bundle"": [], ""acbba_bundle_size"": 2, ""acbba_candidate_count_after_filter"": 1, ""acbba_candidate_count_before_filter"": 1, ""acbba_claims_known"": 1, ""acbba_max_candidate_cells"": null, ""acbba_path"": [], ""acbba_pending_snapshot"": false, ""acbba_trigger"": null, ""alg"": ""ACBBA"", ""mode"": ""known_visit""}, ""goal"": null, ""last_event"": ""no_goal"", ""no_goal_since"": 38.38584063440959, ""pos"": [3, 15], ""stall_recovery_count"": 0, ""temporary_invalid_until"": {}}, ""02"": {""active_tasks"": 1, ""decision"": {""acbba_bundle"": [], ""acbba_bundle_size"": 2, ""acbba_candidate_count_after_filter"": 1, ""acbba_candidate_count_before_filter"": 1, ""acbba_claims_known"": 1, ""acbba_max_candidate_cells"": null, ""acbba_path"": [], ""acbba_pending_snapshot"": false, ""acbba_trigger"": null, ""alg"": ""ACBBA"", ""mode"": ""known_visit""}, ""goal"": null, ""last_event"": ""no_goal"", ""no_goal_since"": 72.83562543146144, ""pos"": [16, 16], ""stall_recovery_count"": 0, ""temporary_invalid_until"": {}}, ""03"": {""active_tasks"": 1, ""decision"": {""acbba_bundle"": [], ""acbba_bundle_size"": 2, ""acbba_candidate_count_after_filter"": 1, ""acbba_candidate_count_before_filter"": 1, ""acbba_claims_known"": 1, ""acbba_max_candidate_cells"": null, ""acbba_path"": [], ""acbba_pending_snapshot"": false, ""acbba_trigger"": null, ""alg"": ""ACBBA"", ""mode"": ""known_visit""}, ""goal"": null, ""last_event"": ""no_goal"", ""no_goal_since"": 33.36070161926117, ""pos"": [9, 8], ""stall_recovery_count"": 0, ""temporary_invalid_until"": {}}, ""04"": {""active_tasks"": 1, ""decision"": {""acbba_bundle"": [], ""acbba_bundle_size"": 2, ""acbba_candidate_count_after_filter"": 1, ""acbba_candidate_count_before_filter"": 1, ""acbba_claims_known"": 1, ""acbba_max_candidate_cells"": null, ""acbba_path"": [], ""acbba_pending_snapshot"": false, ""acbba_trigger"": null, ""alg"": ""ACBBA"", ""mode"": ""known_visit""}, ""goal"": null, ""last_event"": ""no_goal"", ""no_goal_since"": 32.748694973373816, ""pos"": [14, 15], ""stall_recovery_count"": 0, ""temporary_invalid_until"": {}}, ""05"": {""active_tasks"": 1, ""decision"": {""acbba_bundle"": [], ""acbba_bundle_size"": 2, ""acbba_candidate_count_after_filter"": 1, ""acbba_candidate_count_before_filter"": 1, ""acbba_claims_known"": 1, ""acbba_max_candidate_cells"": null, ""acbba_path"": [], ""acbba_pending_snapshot"": false, ""acbba_trigger"": null, ""alg"": ""ACBBA"", ""mode"": ""known_visit""}, ""goal"": null, ""last_event"": ""no_goal"", ""no_goal_since"": 33.20233268230591, ""pos"": [16, 15], ""stall_recovery_count"": 0, ""temporary_invalid_until"": {}}, ""06"": {""active_tasks"": 1, ""decision"": {""acbba_bundle"": [], ""acbba_bundle_size"": 2, ""acbba_candidate_count_after_filter"": 1, ""acbba_candidate_count_before_filter"": 1, ""acbba_claims_known"": 1, ""acbba_max_candidate_cells"": null, ""acbba_path"": [], ""acbba_pending_snapshot"": false, ""acbba_trigger"": null, ""alg"": ""ACBBA"", ""mode"": ""known_visit""}, ""goal"": null, ""last_event"": ""no_goal"", ""no_goal_since"": 36.94682724256283, ""pos"": [12, 15], ""stall_recovery_count"": 0, ""temporary_invalid_until"": {}}, ""07"": {""active_tasks"": 1, ""decision"": {""acbba_bundle"": [], ""acbba_bundle_size"": 2, ""acbba_candidate_count_after_filter"": 1, ""acbba_candidate_count_before_filter"": 1, ""acbba_claims_known"": 1, ""acbba_max_candidate_cells"": null, ""acbba_path"": [], ""acbba_pending_snapshot"": false, ""acbba_trigger"": null, ""alg"": ""ACBBA"", ""mode"": ""known_visit""}, ""goal"": null, ""last_event"": ""no_goal"", ""no_goal_since"": 52.767005418215284, ""pos"": [20, 24], ""stall_recovery_count"": 0, ""temporary_invalid_until"": {}}, ""08"": {""active_tasks"": 1, ""decision"": {""acbba_bundle"": [], ""acbba_bundle_size"": 2, ""acbba_candidate_count_after_filter"": 1, ""acbba_candidate_count_before_filter"": 1, ""acbba_claims_known"": 1, ""acbba_max_candidate_cells"": null, ""acbba_path"": [], ""acbba_pending_snapshot"": false, ""acbba_trigger"": null, ""alg"": ""ACBBA"", ""mode"": ""known_visit""}, ""goal"": null, ""last_event"": ""no_goal"", ""no_goal_since"": 54.000140864633714, ""pos"": [10, 3], ""stall_recovery_count"": 0, ""temporary_invalid_until"": {}}, ""09"": {""active_tasks"": 1, ""decision"": {""acbba_bundle"": [], ""acbba_bundle_size"": 2, ""acbba_candidate_count_after_filter"": 1, ""acbba_candidate_count_before_filter"": 1, ""acbba_claims_known"": 1, ""acbba_max_candidate_cells"": null, ""acbba_path"": [], ""acbba_pending_snapshot"": false, ""acbba_trigger"": null, ""alg"": ""ACBBA"", ""mode"": ""known_visit""}, ""goal"": null, ""last_event"": ""no_goal"", ""no_goal_since"": 37.10036941510764, ""pos"": [10, 23], ""stall_recovery_count"": 0, ""temporary_invalid_until"": {}}, ""10"": {""active_tasks"": 1, ""decision"": {""acbba_bundle"": [], ""acbba_bundle_size"": 2, ""acbba_candidate_count_after_filter"": 1, ""acbba_candidate_count_before_filter"": 1, ""acbba_claims_known"": 1, ""acbba_max_candidate_cells"": null, ""acbba_path"": [], ""acbba_pending_snapshot"": false, ""acbba_trigger"": null, ""alg"": ""ACBBA"", ""mode"": ""known_visit""}, ""goal"": null, ""last_event"": ""no_goal"", ""no_goal_since"": 33.53744794434619, ""pos"": [8, 25], ""stall_recovery_count"": 0, ""temporary_invalid_until"": {}}, ""11"": {""active_tasks"": 1, ""decision"": {""acbba_bundle"": [], ""acbba_bundle_size"": 2, ""acbba_candidate_count_after_filter"": 1, ""acbba_candidate_count_before_filter"": 1, ""acbba_claims_known"": 1, ""acbba_max_candidate_cells"": null, ""acbba_path"": [], ""acbba_pending_snapshot"": false, ""acbba_trigger"": null, ""alg"": ""ACBBA"", ""mode"": ""known_visit""}, ""goal"": null, ""last_event"": ""no_goal"", ""no_goal_since"": 36.914188025778174, ""pos"": [12, 28], ""stall_recovery_count"": 0, ""temporary_invalid_until"": {}}, ""12"": {""active_tasks"": 1, ""decision"": {""acbba_bundle"": [], ""acbba_bundle_size"": 2, ""acbba_candidate_count_after_filter"": 1, ""acbba_candidate_count_before_filter"": 1, ""acbba_claims_known"": 1, ""acbba_max_candidate_cells"": null, ""acbba_path"": [], ""acbba_pending_snapshot"": false, ""acbba_trigger"": null, ""alg"": ""ACBBA"", ""mode"": ""known_visit""}, ""goal"": null, ""last_event"": ""no_goal"", ""no_goal_since"": 34.91357333510563, ""pos"": [8, 30], ""stall_recovery_count"": 0, ""temporary_invalid_until"": {}}, ""13"": {""active_tasks"": 1, ""decision"": {""acbba_bundle"": [], ""acbba_bundle_size"": 2, ""acbba_candidate_count_after_filter"": 1, ""acbba_candidate_count_before_filter"": 1, ""acbba_claims_known"": 1, ""acbba_max_candidate_cells"": null, ""acbba_path"": [], ""acbba_pending_snapshot"": false, ""acbba_trigger"": null, ""alg"": ""ACBBA"", ""mode"": ""known_visit""}, ""goal"": null, ""last_event"": ""no_goal"", ""no_goal_since"": 36.9789747200482, ""pos"": [14, 28], ""stall_recovery_count"": 0, ""temporary_invalid_until"": {}}}, ""total_targets"": 10}",
44,,ACBBA,ideal,1.0,34,1156,14,,acbba_g34_d85_ideal,reruns\grid_density\scenarios\cv\known_visit_grid34_targets10_trials50.csv,13,,,,,,,,,,,,,,,,,,,,,,,,,,,,,,,,,,,failed,RuntimeError,"Stagnation detected in trial 44 after 2000 events without movement or target completion; diagnostics={""clock_s"": 142.83562543146144, ""completed_targets"": 9, ""event_reasons"": {""intent_sync"": 242, ""moved"": 225, ""no_goal"": 3196, ""target_visited"": 9, ""turn"": 12}, ""events_processed"": 3684, ""robots"": {""00"": {""active_tasks"": 1, ""decision"": {""acbba_bundle"": [], ""acbba_bundle_size"": 2, ""acbba_candidate_count_after_filter"": 1, ""acbba_candidate_count_before_filter"": 1, ""acbba_claims_known"": 1, ""acbba_max_candidate_cells"": null, ""acbba_path"": [], ""acbba_pending_snapshot"": false, ""acbba_trigger"": null, ""alg"": ""ACBBA"", ""mode"": ""known_visit""}, ""goal"": null, ""last_event"": ""no_goal"", ""no_goal_since"": 34.63226095756551, ""pos"": [19, 1], ""stall_recovery_count"": 0, ""temporary_invalid_until"": {}}, ""01"": {""active_tasks"": 1, ""decision"": {""acbba_bundle"": [], ""acbba_bundle_size"": 2, ""acbba_candidate_count_after_filter"": 1, ""acbba_candidate_count_before_filter"": 1, ""acbba_claims_known"": 1, ""acbba_max_candidate_cells"": null, ""acbba_path"": [], ""acbba_pending_snapshot"": false, ""acbba_trigger"": null, ""alg"": ""ACBBA"", ""mode"": ""known_visit""}, ""goal"": null, ""last_event"": ""no_goal"", ""no_goal_since"": 38.38584063440959, ""pos"": [3, 15], ""stall_recovery_count"": 0, ""temporary_invalid_until"": {}}, ""02"": {""active_tasks"": 1, ""decision"": {""acbba_bundle"": [], ""acbba_bundle_size"": 2, ""acbba_candidate_count_after_filter"": 1, ""acbba_candidate_count_before_filter"": 1, ""acbba_claims_known"": 1, ""acbba_max_candidate_cells"": null, ""acbba_path"": [], ""acbba_pending_snapshot"": false, ""acbba_trigger"": null, ""alg"": ""ACBBA"", ""mode"": ""known_visit""}, ""goal"": null, ""last_event"": ""no_goal"", ""no_goal_since"": 72.83562543146144, ""pos"": [16, 16], ""stall_recovery_count"": 0, ""temporary_invalid_until"": {}}, ""03"": {""active_tasks"": 1, ""decision"": {""acbba_bundle"": [], ""acbba_bundle_size"": 2, ""acbba_candidate_count_after_filter"": 1, ""acbba_candidate_count_before_filter"": 1, ""acbba_claims_known"": 1, ""acbba_max_candidate_cells"": null, ""acbba_path"": [], ""acbba_pending_snapshot"": false, ""acbba_trigger"": null, ""alg"": ""ACBBA"", ""mode"": ""known_visit""}, ""goal"": null, ""last_event"": ""no_goal"", ""no_goal_since"": 33.36070161926117, ""pos"": [9, 8], ""stall_recovery_count"": 0, ""temporary_invalid_until"": {}}, ""04"": {""active_tasks"": 1, ""decision"": {""acbba_bundle"": [], ""acbba_bundle_size"": 2, ""acbba_candidate_count_after_filter"": 1, ""acbba_candidate_count_before_filter"": 1, ""acbba_claims_known"": 1, ""acbba_max_candidate_cells"": null, ""acbba_path"": [], ""acbba_pending_snapshot"": false, ""acbba_trigger"": null, ""alg"": ""ACBBA"", ""mode"": ""known_visit""}, ""goal"": null, ""last_event"": ""no_goal"", ""no_goal_since"": 32.748694973373816, ""pos"": [14, 15], ""stall_recovery_count"": 0, ""temporary_invalid_until"": {}}, ""05"": {""active_tasks"": 1, ""decision"": {""acbba_bundle"": [], ""acbba_bundle_size"": 2, ""acbba_candidate_count_after_filter"": 1, ""acbba_candidate_count_before_filter"": 1, ""acbba_claims_known"": 1, ""acbba_max_candidate_cells"": null, ""acbba_path"": [], ""acbba_pending_snapshot"": false, ""acbba_trigger"": null, ""alg"": ""ACBBA"", ""mode"": ""known_visit""}, ""goal"": null, ""last_event"": ""no_goal"", ""no_goal_since"": 33.20233268230591, ""pos"": [16, 15], ""stall_recovery_count"": 0, ""temporary_invalid_until"": {}}, ""06"": {""active_tasks"": 1, ""decision"": {""acbba_bundle"": [], ""acbba_bundle_size"": 2, ""acbba_candidate_count_after_filter"": 1, ""acbba_candidate_count_before_filter"": 1, ""acbba_claims_known"": 1, ""acbba_max_candidate_cells"": null, ""acbba_path"": [], ""acbba_pending_snapshot"": false, ""acbba_trigger"": null, ""alg"": ""ACBBA"", ""mode"": ""known_visit""}, ""goal"": null, ""last_event"": ""no_goal"", ""no_goal_since"": 36.94682724256283, ""pos"": [12, 15], ""stall_recovery_count"": 0, ""temporary_invalid_until"": {}}, ""07"": {""active_tasks"": 1, ""decision"": {""acbba_bundle"": [], ""acbba_bundle_size"": 2, ""acbba_candidate_count_after_filter"": 1, ""acbba_candidate_count_before_filter"": 1, ""acbba_claims_known"": 1, ""acbba_max_candidate_cells"": null, ""acbba_path"": [], ""acbba_pending_snapshot"": false, ""acbba_trigger"": null, ""alg"": ""ACBBA"", ""mode"": ""known_visit""}, ""goal"": null, ""last_event"": ""no_goal"", ""no_goal_since"": 52.767005418215284, ""pos"": [20, 24], ""stall_recovery_count"": 0, ""temporary_invalid_until"": {}}, ""08"": {""active_tasks"": 1, ""decision"": {""acbba_bundle"": [], ""acbba_bundle_size"": 2, ""acbba_candidate_count_after_filter"": 1, ""acbba_candidate_count_before_filter"": 1, ""acbba_claims_known"": 1, ""acbba_max_candidate_cells"": null, ""acbba_path"": [], ""acbba_pending_snapshot"": false, ""acbba_trigger"": null, ""alg"": ""ACBBA"", ""mode"": ""known_visit""}, ""goal"": null, ""last_event"": ""no_goal"", ""no_goal_since"": 54.000140864633714, ""pos"": [10, 3], ""stall_recovery_count"": 0, ""temporary_invalid_until"": {}}, ""09"": {""active_tasks"": 1, ""decision"": {""acbba_bundle"": [], ""acbba_bundle_size"": 2, ""acbba_candidate_count_after_filter"": 1, ""acbba_candidate_count_before_filter"": 1, ""acbba_claims_known"": 1, ""acbba_max_candidate_cells"": null, ""acbba_path"": [], ""acbba_pending_snapshot"": false, ""acbba_trigger"": null, ""alg"": ""ACBBA"", ""mode"": ""known_visit""}, ""goal"": null, ""last_event"": ""no_goal"", ""no_goal_since"": 37.10036941510764, ""pos"": [10, 23], ""stall_recovery_count"": 0, ""temporary_invalid_until"": {}}, ""10"": {""active_tasks"": 1, ""decision"": {""acbba_bundle"": [], ""acbba_bundle_size"": 2, ""acbba_candidate_count_after_filter"": 1, ""acbba_candidate_count_before_filter"": 1, ""acbba_claims_known"": 1, ""acbba_max_candidate_cells"": null, ""acbba_path"": [], ""acbba_pending_snapshot"": false, ""acbba_trigger"": null, ""alg"": ""ACBBA"", ""mode"": ""known_visit""}, ""goal"": null, ""last_event"": ""no_goal"", ""no_goal_since"": 33.53744794434619, ""pos"": [8, 25], ""stall_recovery_count"": 0, ""temporary_invalid_until"": {}}, ""11"": {""active_tasks"": 1, ""decision"": {""acbba_bundle"": [], ""acbba_bundle_size"": 2, ""acbba_candidate_count_after_filter"": 1, ""acbba_candidate_count_before_filter"": 1, ""acbba_claims_known"": 1, ""acbba_max_candidate_cells"": null, ""acbba_path"": [], ""acbba_pending_snapshot"": false, ""acbba_trigger"": null, ""alg"": ""ACBBA"", ""mode"": ""known_visit""}, ""goal"": null, ""last_event"": ""no_goal"", ""no_goal_since"": 36.914188025778174, ""pos"": [12, 28], ""stall_recovery_count"": 0, ""temporary_invalid_until"": {}}, ""12"": {""active_tasks"": 1, ""decision"": {""acbba_bundle"": [], ""acbba_bundle_size"": 2, ""acbba_candidate_count_after_filter"": 1, ""acbba_candidate_count_before_filter"": 1, ""acbba_claims_known"": 1, ""acbba_max_candidate_cells"": null, ""acbba_path"": [], ""acbba_pending_snapshot"": false, ""acbba_trigger"": null, ""alg"": ""ACBBA"", ""mode"": ""known_visit""}, ""goal"": null, ""last_event"": ""no_goal"", ""no_goal_since"": 34.91357333510563, ""pos"": [8, 30], ""stall_recovery_count"": 0, ""temporary_invalid_until"": {}}, ""13"": {""active_tasks"": 1, ""decision"": {""acbba_bundle"": [], ""acbba_bundle_size"": 2, ""acbba_candidate_count_after_filter"": 1, ""acbba_candidate_count_before_filter"": 1, ""acbba_claims_known"": 1, ""acbba_max_candidate_cells"": null, ""acbba_path"": [], ""acbba_pending_snapshot"": false, ""acbba_trigger"": null, ""alg"": ""ACBBA"", ""mode"": ""known_visit""}, ""goal"": null, ""last_event"": ""no_goal"", ""no_goal_since"": 36.9789747200482, ""pos"": [14, 28], ""stall_recovery_count"": 0, ""temporary_invalid_until"": {}}}, ""total_targets"": 10}",
45,known_visit,ACBBA,ideal,1.0,34,1156,14,10,acbba_g34_d85_ideal,reruns\grid_density\scenarios\cv\known_visit_grid34_targets10_trials50.csv,00,6,0,0,7,0,0,0,0,0,0.0,0,0,67,14,53,1131,0,80,63.1882,0.7898525000000001,0.78835,0.9625,1.2013,11.454,0.143175,0.131,0.1965,0.4813,80,51.7342,0.6466775,0.6453,0.7538,0.8162,completed,,,
45,known_visit,ACBBA,ideal,1.0,34,1156,14,10,acbba_g34_d85_ideal,reruns\grid_density\scenarios\cv\known_visit_grid34_targets10_trials50.csv,01,11,1,0,12,0,1,0,0,0,0.0,0,0,84,24,60,1114,0,66,51.7741,0.7844560606060605,0.75835,1.1307,1.2444,9.4346,0.14294848484848485,0.11565,0.3153,0.5235,66,42.3395,0.6415075757575758,0.63655,0.806,0.9058,completed,,,
45,known_visit,ACBBA,ideal,1.0,34,1156,14,10,acbba_g34_d85_ideal,reruns\grid_density\scenarios\cv\known_visit_grid34_targets10_trials50.csv,02,27,3,0,28,0,3,0,0,0,0.0,0,0,120,57,63,1078,0,14,11.9955,0.8568214285714285,0.8592,1.4104,1.4104,3.2175,0.22982142857142857,0.17535,0.6053,0.6053,14,8.778,0.627,0.6305499999999999,0.8051,0.8051,completed,,,
45,known_visit,ACBBA,ideal,1.0,34,1156,14,10,acbba_g34_d85_ideal,reruns\grid_density\scenarios\cv\known_visit_grid34_targets10_trials50.csv,03,6,0,0,7,0,4,0,0,0,0.0,0,0,80,15,65,1118,0,84,67.5636,0.8043285714285714,0.7766,1.1297,1.3698,13.0497,0.15535357142857142,0.12514999999999998,0.3994,0.5364,84,54.5139,0.648975,0.63515,0.7803,0.9435,completed,,,
45,known_visit,ACBBA,ideal,1.0,34,1156,14,10,acbba_g34_d85_ideal,reruns\grid_density\scenarios\cv\known_visit_grid34_targets10_trials50.csv,04,18,1,0,19,0,2,0,0,0,0.0,0,0,92,38,54,1106,0,44,34.9313,0.7938931818181818,0.76815,1.14,1.278,6.5658,0.14922272727272728,0.11575,0.4978,0.5203,44,28.3655,0.6446704545454546,0.64255,0.7419,0.8154,completed,,,
45,known_visit,ACBBA,ideal,1.0,34,1156,14,10,acbba_g34_d85_ideal,reruns\grid_density\scenarios\cv\known_visit_grid34_targets10_trials50.csv,05,6,0,0,4,3,2,0,0,0,0.0,0,0,74,14,60,1124,0,81,63.8527,0.788304938271605,0.7666,1.0386,1.2572,11.8372,0.14613827160493825,0.1237,0.2232,0.5025,81,52.0155,0.6421666666666667,0.6375,0.7559,0.8969,completed,,,
45,known_visit,ACBBA,ideal,1.0,34,1156,14,10,acbba_g34_d85_ideal,reruns\grid_density\scenarios\cv\known_visit_grid34_targets10_trials50.csv,06,6,0,0,7,0,3,0,0,0,0.0,0,0,86,15,71,1112,0,84,67.234,0.8004047619047618,0.77115,1.1338,1.4688,12.9686,0.15438809523809524,0.12335,0.4563,0.607,84,54.2654,0.6460166666666667,0.6361,0.7761,0.92,completed,,,
45,known_visit,ACBBA,ideal,1.0,34,1156,14,10,acbba_g34_d85_ideal,reruns\grid_density\scenarios\cv\known_visit_grid34_targets10_trials50.csv,07,5,1,0,6,0,0,0,0,0,0.0,0,0,72,12,60,1126,0,85,67.9231,0.7990952941176471,0.7782,1.1103,1.319,12.8437,0.15110235294117647,0.123,0.2559,0.5422,85,55.0794,0.6479929411764705,0.6431,0.7629,0.9223,completed,,,
45,known_visit,ACBBA,ideal,1.0,34,1156,14,10,acbba_g34_d85_ideal,reruns\grid_density\scenarios\cv\known_visit_grid34_targets10_trials50.csv,08,6,1,0,7,0,3,0,0,0,0.0,0,0,80,14,66,1118,0,83,68.2444,0.8222216867469879,0.7819,1.1568,1.6497,13.7775,0.16599397590361445,0.129,0.4919,0.8873,83,54.4669,0.6562277108433735,0.6468,0.7813,0.91,completed,,,
45,known_visit,ACBBA,ideal,1.0,34,1156,14,10,acbba_g34_d85_ideal,reruns\grid_density\scenarios\cv\known_visit_grid34_targets10_trials50.csv,09,7,0,0,8,0,3,0,0,0,0.0,0,0,86,17,69,1112,0,81,63.9422,0.7894098765432098,0.7705,1.0644,1.5208,12.2064,0.1506962962962963,0.1268,0.3555,0.6635,81,51.7358,0.6387135802469136,0.628,0.7896,0.876,completed,,,
45,known_visit,ACBBA,ideal,1.0,34,1156,14,10,acbba_g34_d85_ideal,reruns\grid_density\scenarios\cv\known_visit_grid34_targets10_trials50.csv,10,5,0,0,6,0,1,0,0,0,0.0,0,0,71,12,59,1127,0,84,67.2208,0.800247619047619,0.7782,1.0443,1.2561,12.529,0.1491547619047619,0.12835,0.2094,0.553,84,54.6918,0.6510928571428571,0.6413,0.7655,0.8992,completed,,,
45,known_visit,ACBBA,ideal,1.0,34,1156,14,10,acbba_g34_d85_ideal,reruns\grid_density\scenarios\cv\known_visit_grid34_targets10_trials50.csv,11,15,2,0,16,0,1,0,0,0,0.0,0,0,86,32,54,1112,0,55,43.0071,0.7819472727272727,0.7619,1.1009,1.2312,7.9301,0.14418363636363637,0.1125,0.4617,0.5,55,35.077,0.6377636363636363,0.6413,0.7401,0.7695,completed,,,
45,known_visit,ACBBA,ideal,1.0,34,1156,14,10,acbba_g34_d85_ideal,reruns\grid_density\scenarios\cv\known_visit_grid34_targets10_trials50.csv,12,29,1,0,30,0,3,0,0,0,0.0,0,0,119,59,60,1080,0,11,11.2532,1.0230181818181818,0.9871,1.4284,1.4284,3.6171,0.32882727272727275,0.2333,0.6452,0.6452,11,7.6361,0.6941909090909091,0.665,0.8023,0.8023,completed,,,
45,known_visit,ACBBA,ideal,1.0,34,1156,14,10,acbba_g34_d85_ideal,reruns\grid_density\scenarios\cv\known_visit_grid34_targets10_trials50.csv,13,6,0,0,7,0,5,0,0,0,0.0,0,0,82,15,67,1116,0,84,68.5465,0.8160297619047618,0.777,1.1315,1.4519,13.5524,0.16133809523809525,0.1296,0.3931,0.5757,84,54.9941,0.6546916666666667,0.6355500000000001,0.7856,0.939,completed,,,
46,known_visit,ACBBA,ideal,1.0,34,1156,14,10,acbba_g34_d85_ideal,reruns\grid_density\scenarios\cv\known_visit_grid34_targets10_trials50.csv,00,11,0,0,12,0,3,0,0,0,0.0,0,0,76,24,52,1190,0,126,98.9513,0.7853277777777778,0.8037,0.9418,1.2099,18.9889,0.15070555555555556,0.1424,0.2013,0.5179,126,79.9624,0.6346222222222222,0.66135,0.7178,0.8015,completed,,,
46,known_visit,ACBBA,ideal,1.0,34,1156,14,10,acbba_g34_d85_ideal,reruns\grid_density\scenarios\cv\known_visit_grid34_targets10_trials50.csv,01,22,1,0,23,0,0,0,0,0,0.0,0,0,99,46,53,1167,0,88,65.9808,0.7497818181818182,0.72695,0.9984,1.2491,11.8887,0.13509886363636364,0.1192,0.2212,0.5116,88,54.0921,0.6146829545454545,0.60865,0.7379,0.8223,completed,,,
46,known_visit,ACBBA,ideal,1.0,34,1156,14,10,acbba_g34_d85_ideal,reruns\grid_density\scenarios\cv\known_visit_grid34_targets10_trials50.csv,02,5,0,0,6,0,3,0,0,0,0.0,0,0,68,14,54,1198,0,146,117.8355,0.8070924657534246,0.819,0.9555,1.1986,23.9639,0.164136301369863,0.14750000000000002,0.233,0.5193,146,93.8716,0.6429561643835616,0.6697500000000001,0.715,0.8691,completed,,,
46,known_visit,ACBBA,ideal,1.0,34,1156,14,10,acbba_g34_d85_ideal,reruns\grid_density\scenarios\cv\known_visit_grid34_targets10_trials50.csv,03,30,1,0,31,0,0,0,0,0,0.0,0,0,116,62,54,1150,0,62,44.7229,0.7213370967741936,0.6874,1.0086,1.2155,8.0708,0.1301741935483871,0.10464999999999999,0.2972,0.5193,62,36.6521,0.5911629032258064,0.5838000000000001,0.7101,0.8227,completed,,,
46,known_visit,ACBBA,ideal,1.0,34,1156,14,10,acbba_g34_d85_ideal,reruns\grid_density\scenarios\cv\known_visit_grid34_targets10_trials50.csv,04,39,2,0,39,1,2,0,0,0,0.0,0,0,134,81,53,1133,0,37,33.0291,0.8926783783783784,0.9106,1.1443,1.1679,8.1238,0.21956216216216215,0.2206,0.4413,0.4619,37,24.9053,0.6731162162162162,0.685,0.7313,0.7508,completed,,,
46,known_visit,ACBBA,ideal,1.0,34,1156,14,10,acbba_g34_d85_ideal,reruns\grid_density\scenarios\cv\known_visit_grid34_targets10_trials50.csv,05,5,0,0,6,0,3,0,0,0,0.0,0,0,70,14,56,1196,0,147,118.4192,0.8055727891156463,0.8163,0.967,1.2074,23.988,0.16318367346938775,0.1476,0.2277,0.5085,147,94.4312,0.6423891156462586,0.6665,0.7152,0.8297,completed,,,
46,known_visit,ACBBA,ideal,1.0,34,1156,14,10,acbba_g34_d85_ideal,reruns\grid_density\scenarios\cv\known_visit_grid34_targets10_trials50.csv,06,26,1,0,27,0,3,0,0,0,0.0,0,0,116,56,60,1150,0,80,63.6636,0.795795,0.7277,1.0326,1.2994,13.2795,0.16599375,0.1196,0.2734,0.5592,80,50.3841,0.62980125,0.6084499999999999,0.7278,0.8,completed,,,
46,known_visit,ACBBA,ideal,1.0,34,1156,14,10,acbba_g34_d85_ideal,reruns\grid_density\scenarios\cv\known_visit_grid34_targets10_trials50.csv,07,20,1,0,21,0,0,0,0,0,0.0,0,0,91,42,49,1175,0,93,69.5182,0.7475075268817204,0.7333,0.9555,1.1537,12.2758,0.1319978494623656,0.1185,0.1854,0.542,93,57.242399999999996,0.6155096774193548,0.6117,0.7101,0.8044,completed,,,
46,known_visit,ACBBA,ideal,1.0,34,1156,14,10,acbba_g34_d85_ideal,reruns\grid_density\scenarios\cv\known_visit_grid34_targets10_trials50.csv,08,11,0,0,12,0,2,0,0,0,0.0,0,0,79,25,54,1187,0,124,97.7375,0.7882056451612903,0.8049999999999999,0.9661,1.369,18.587600000000002,0.1499,0.14235,0.2033,0.5643,124,79.1499,0.6383056451612903,0.6605000000000001,0.7196,0.8543,completed,,,
46,known_visit,ACBBA,ideal,1.0,34,1156,14,10,acbba_g34_d85_ideal,reruns\grid_density\scenarios\cv\known_visit_grid34_targets10_trials50.csv,09,16,1,1,16,1,0,0,0,0,0.0,0,0,86,36,50,1180,0,110,86.5812,0.7871018181818181,0.7556,0.9347,1.1859,17.2325,0.15665909090909091,0.1346,0.2477,0.4768,110,69.3487,0.6304427272727272,0.6254500000000001,0.7107,0.7701,completed,,,
46,known_visit,ACBBA,ideal,1.0,34,1156,14,10,acbba_g34_d85_ideal,reruns\grid_density\scenarios\cv\known_visit_grid34_targets10_trials50.csv,10,10,1,0,11,0,0,0,0,0,0.0,0,0,73,22,51,1193,0,125,97.9403,0.7835224,0.8011,0.9239,1.2356,18.4268,0.1474144,0.1421,0.2037,0.5051,125,79.5135,0.6361079999999999,0.6578,0.7399,0.8379,completed,,,
46,known_visit,ACBBA,ideal,1.0,34,1156,14,10,acbba_g34_d85_ideal,reruns\grid_density\scenarios\cv\known_visit_grid34_targets10_trials50.csv,11,28,1,0,27,2,1,0,0,0,0.0,0,0,116,60,56,1150,0,70,56.6505,0.8092928571428571,0.7751,1.1186,1.1822,12.0014,0.17144857142857142,0.16475,0.2644,0.4885,70,44.6491,0.6378442857142856,0.62205,0.7151,0.8704,completed,,,
46,known_visit,ACBBA,ideal,1.0,34,1156,14,10,acbba_g34_d85_ideal,reruns\grid_density\scenarios\cv\known_visit_grid34_targets10_trials50.csv,12,10,0,0,11,0,3,0,0,0,0.0,0,0,75,23,52,1191,0,127,100.5411,0.7916622047244094,0.8127,0.9648,1.2259,19.2623,0.15167165354330708,0.1445,0.2177,0.5262,127,81.2788,0.6399905511811024,0.6645,0.7267,0.8737,completed,,,
46,known_visit,ACBBA,ideal,1.0,34,1156,14,10,acbba_g34_d85_ideal,reruns\grid_density\scenarios\cv\known_visit_grid34_targets10_trials50.csv,13,11,1,0,12,0,0,0,0,0,0.0,0,0,68,24,44,1198,0,124,97.2857,0.7845620967741936,0.8069500000000001,0.9254,1.1855,18.2668,0.14731290322580645,0.14405,0.2114,0.4757,124,79.0189,0.6372491935483872,0.6620999999999999,0.7232,0.7852,completed,,,
47,known_visit,ACBBA,ideal,1.0,34,1156,14,10,acbba_g34_d85_ideal,reruns\grid_density\scenarios\cv\known_visit_grid34_targets10_trials50.csv,00,8,0,0,9,0,0,1,1,0,0.0,0,0,90,20,70,1300,0,111,86.815,0.7821171171171171,0.7497,1.0202,1.2222,16.0546,0.14463603603603603,0.1256,0.2005,0.519,111,70.7604,0.6374810810810811,0.6344,0.7751,0.8539,completed,,,
47,known_visit,ACBBA,ideal,1.0,34,1156,14,10,acbba_g34_d85_ideal,reruns\grid_density\scenarios\cv\known_visit_grid34_targets10_trials50.csv,01,3,1,0,4,0,1,0,0,0,0.0,0,0,84,10,74,1306,0,127,100.7026,0.7929338582677166,0.7958,1.0397,1.1801,18.7661,0.14776456692913387,0.1314,0.2131,0.4866,127,81.9365,0.6451692913385826,0.6494,0.7816,0.8707,completed,,,
47,known_visit,ACBBA,ideal,1.0,34,1156,14,10,acbba_g34_d85_ideal,reruns\grid_density\scenarios\cv\known_visit_grid34_targets10_trials50.csv,02,15,1,0,16,0,2,0,0,0,0.0,0,0,105,36,69,1285,0,91,69.23,0.7607692307692309,0.7226,1.0532,1.1898,13.054499999999999,0.14345604395604394,0.1171,0.3383,0.4924,91,56.1755,0.6173131868131868,0.608,0.7215,0.8191,completed,,,
47,known_visit,ACBBA,ideal,1.0,34,1156,14,10,acbba_g34_d85_ideal,reruns\grid_density\scenarios\cv\known_visit_grid34_targets10_trials50.csv,03,10,0,0,11,0,3,0,0,0,0.0,0,0,93,23,70,1297,0,106,80.9258,0.7634509433962263,0.73295,1.0097,1.1852,14.7012,0.13869056603773586,0.11915,0.2687,0.495,106,66.2246,0.6247603773584905,0.6184499999999999,0.7914,0.8701,completed,,,
47,known_visit,ACBBA,ideal,1.0,34,1156,14,10,acbba_g34_d85_ideal,reruns\grid_density\scenarios\cv\known_visit_grid34_targets10_trials50.csv,04,30,3,0,31,0,3,0,0,0,0.0,0,0,130,63,67,1260,0,41,31.6181,0.7711731707317073,0.7185,1.1732,1.2448,6.3711,0.15539268292682928,0.0992,0.4715,0.5369,41,25.247,0.615780487804878,0.6198,0.7125,0.772,completed,,,
47,known_visit,ACBBA,ideal,1.0,34,1156,14,10,acbba_g34_d85_ideal,reruns\grid_density\scenarios\cv\known_visit_grid34_targets10_trials50.csv,05,7,0,0,7,1,3,0,0,0,0.0,0,0,89,19,70,1301,0,116,90.2918,0.7783775862068965,0.74795,1.0302,1.3924,16.8088,0.14490344827586207,0.12705,0.2686,0.5773,116,73.483,0.6334741379310345,0.6287,0.7725,0.8478,completed,,,
47,known_visit,ACBBA,ideal,1.0,34,1156,14,10,acbba_g34_d85_ideal,reruns\grid_density\scenarios\cv\known_visit_grid34_targets10_trials50.csv,06,40,3,0,41,0,7,0,0,0,0.0,0,0,153,81,72,1238,0,14,14.1286,1.0091857142857144,1.0277,1.2245,1.2245,4.4742,0.31958571428571425,0.34075,0.5174,0.5174,14,9.6544,0.6896000000000001,0.7025,0.7664,0.7664,completed,,,
47,known_visit,ACBBA,ideal,1.0,34,1156,14,10,acbba_g34_d85_ideal,reruns\grid_density\scenarios\cv\known_visit_grid34_targets10_trials50.csv,07,8,0,0,9,0,6,0,0,0,0.0,0,0,97,20,77,1293,0,115,90.774,0.7893391304347827,0.7434,1.0383,1.1898,17.4102,0.15139304347826088,0.1282,0.3496,0.4941,115,73.3638,0.6379460869565218,0.6264,0.7944,0.8568,completed,,,
47,known_visit,ACBBA,ideal,1.0,34,1156,14,10,acbba_g34_d85_ideal,reruns\grid_density\scenarios\cv\known_visit_grid34_targets10_trials50.csv,08,6,0,0,7,0,2,0,0,0,0.0,0,0,86,17,69,1304,0,118,92.3428,0.7825661016949153,0.74675,1.0629,1.193,17.0812,0.1447559322033898,0.1264,0.2471,0.4875,118,75.2616,0.6378101694915255,0.6314,0.7902,0.9459,completed,,,
47,known_visit,ACBBA,ideal,1.0,34,1156,14,10,acbba_g34_d85_ideal,reruns\grid_density\scenarios\cv\known_visit_grid34_targets10_trials50.csv,09,14,1,0,15,0,3,0,0,0,0.0,0,0,95,30,65,1295,0,97,74.9494,0.7726742268041237,0.7222,1.1093,1.321,13.5478,0.1396680412371134,0.1171,0.3429,0.5074,97,61.4016,0.6330061855670104,0.6125,0.801,0.8632,completed,,,
47,known_visit,ACBBA,ideal,1.0,34,1156,14,10,acbba_g34_d85_ideal,reruns\grid_density\scenarios\cv\known_visit_grid34_targets10_trials50.csv,10,9,1,0,9,1,2,0,0,0,0.0,0,0,94,21,73,1296,0,109,84.7382,0.7774146788990827,0.7368,1.0394,1.2077,15.6594,0.14366422018348624,0.1247,0.2752,0.5011,109,69.0788,0.6337504587155963,0.6194,0.7982,0.8685,completed,,,
47,known_visit,ACBBA,ideal,1.0,34,1156,14,10,acbba_g34_d85_ideal,reruns\grid_density\scenarios\cv\known_visit_grid34_targets10_trials50.csv,11,9,0,0,10,0,3,0,0,0,0.0,0,0,94,21,73,1296,0,113,89.0564,0.7881097345132743,0.7347,1.0332,1.204,16.9607,0.15009469026548672,0.1258,0.3058,0.4934,113,72.0957,0.6380150442477875,0.6339,0.7788,0.8453,completed,,,
47,known_visit,ACBBA,ideal,1.0,34,1156,14,10,acbba_g34_d85_ideal,reruns\grid_density\scenarios\cv\known_visit_grid34_targets10_trials50.csv,12,5,0,0,6,0,2,0,0,0,0.0,0,0,87,14,73,1303,0,123,97.4481,0.7922609756097561,0.7849,1.0569,1.3457,18.3962,0.14956260162601626,0.1309,0.2253,0.5431,123,79.0519,0.6426983739837399,0.6428,0.7841,0.8935,completed,,,
47,known_visit,ACBBA,ideal,1.0,34,1156,14,10,acbba_g34_d85_ideal,reruns\grid_density\scenarios\cv\known_visit_grid34_targets10_trials50.csv,13,10,0,0,11,0,2,0,0,0,0.0,0,0,94,23,71,1296,0,106,82.0251,0.7738216981132074,0.73985,1.048,1.1751,14.739,0.13904716981132076,0.11905,0.2225,0.4625,106,67.2861,0.6347745283018869,0.62825,0.8115,0.9203,completed,,,
48,known_visit,ACBBA,ideal,1.0,34,1156,14,10,acbba_g34_d85_ideal,reruns\grid_density\scenarios\cv\known_visit_grid34_targets10_trials50.csv,00,28,1,0,24,5,1,0,0,0,0.0,0,0,125,58,67,1343,0,51,36.4792,0.715278431372549,0.7177,1.1465,1.2318,6.4691,0.12684509803921568,0.0985,0.3357,0.5216,51,30.0101,0.5884333333333334,0.6114,0.7047,0.8108,completed,,,
48,known_visit,ACBBA,ideal,1.0,34,1156,14,10,acbba_g34_d85_ideal,reruns\grid_density\scenarios\cv\known_visit_grid34_targets10_trials50.csv,01,14,0,0,15,0,2,0,0,0,0.0,0,0,93,31,62,1375,0,96,73.6188,0.7668624999999999,0.75305,1.0296,1.2602,13.605,0.14171875,0.12645,0.2753,0.5736,96,60.0138,0.62514375,0.6355500000000001,0.7301,0.7825,completed,,,
48,known_visit,ACBBA,ideal,1.0,34,1156,14,10,acbba_g34_d85_ideal,reruns\grid_density\scenarios\cv\known_visit_grid34_targets10_trials50.csv,02,16,1,0,17,0,1,0,0,0,0.0,0,0,104,34,70,1364,0,89,67.0676,0.7535685393258427,0.744,0.9387,1.199,11.758,0.13211235955056178,0.1219,0.1788,0.5123,89,55.3096,0.6214561797752809,0.6298,0.7181,0.807,completed,,,
48,known_visit,ACBBA,ideal,1.0,34,1156,14,10,acbba_g34_d85_ideal,reruns\grid_density\scenarios\cv\known_visit_grid34_targets10_trials50.csv,03,29,3,0,30,0,3,0,0,0,0.0,0,0,127,60,67,1341,0,50,36.7101,0.7342019999999999,0.7181,1.171,1.2999,6.8252999999999995,0.136506,0.09875,0.4432,0.5285,50,29.8848,0.597696,0.62035,0.7541,0.7714,completed,,,
48,known_visit,ACBBA,ideal,1.0,34,1156,14,10,acbba_g34_d85_ideal,reruns\grid_density\scenarios\cv\known_visit_grid34_targets10_trials50.csv,04,14,0,0,15,0,3,0,0,0,0.0,0,0,101,32,69,1367,0,99,77.5857,0.7836939393939394,0.7494,1.0895,1.3163,14.618,0.14765656565656565,0.1279,0.4488,0.5796,99,62.9677,0.6360373737373738,0.636,0.7947,0.8481,completed,,,
48,known_visit,ACBBA,ideal,1.0,34,1156,14,10,acbba_g34_d85_ideal,reruns\grid_density\scenarios\cv\known_visit_grid34_targets10_trials50.csv,05,8,0,0,9,0,3,0,0,0,0.0,0,0,92,20,72,1376,0,119,95.0864,0.7990453781512605,0.788,1.0629,1.3055,18.6196,0.1564672268907563,0.1413,0.294,0.548,119,76.4668,0.6425781512605042,0.6431,0.7622,0.8835,completed,,,
48,known_visit,ACBBA,ideal,1.0,34,1156,14,10,acbba_g34_d85_ideal,reruns\grid_density\scenarios\cv\known_visit_grid34_targets10_trials50.csv,06,9,0,0,10,0,6,0,0,0,0.0,0,0,102,22,80,1366,0,119,97.2254,0.8170201680672269,0.8002,1.1815,1.2872,20.0794,0.1687344537815126,0.1419,0.4748,0.5134,119,77.146,0.6482857142857142,0.6407,0.7944,0.8535,completed,,,
48,known_visit,ACBBA,ideal,1.0,34,1156,14,10,acbba_g34_d85_ideal,reruns\grid_density\scenarios\cv\known_visit_grid34_targets10_trials50.csv,07,17,1,0,18,0,6,0,0,0,0.0,0,0,117,40,77,1351,0,90,70.3531,0.7817011111111111,0.7444999999999999,1.1989,1.3973,13.8947,0.15438555555555555,0.11624999999999999,0.4504,0.5719,90,56.4584,0.6273155555555555,0.62935,0.7924,0.8346,completed,,,
48,known_visit,ACBBA,ideal,1.0,34,1156,14,10,acbba_g34_d85_ideal,reruns\grid_density\scenarios\cv\known_visit_grid34_targets10_trials50.csv,08,9,0,0,10,0,3,0,0,0,0.0,0,0,96,21,75,1372,0,115,92.0118,0.8001026086956521,0.7812,1.0325,1.2728,17.5583,0.1526808695652174,0.1343,0.2388,0.5291,115,74.4535,0.6474217391304349,0.6463,0.7755,0.8081,completed,,,
48,known_visit,ACBBA,ideal,1.0,34,1156,14,10,acbba_g34_d85_ideal,reruns\grid_density\scenarios\cv\known_visit_grid34_targets10_trials50.csv,09,40,3,0,41,0,3,0,0,0,0.0,0,0,154,82,72,1315,0,17,16.8866,0.993329411764706,0.97,1.2976,1.2976,4.8782,0.2869529411764706,0.2203,0.5384,0.5384,17,12.0084,0.7063764705882353,0.7036,0.7763,0.7763,completed,,,
48,known_visit,ACBBA,ideal,1.0,34,1156,14,10,acbba_g34_d85_ideal,reruns\grid_density\scenarios\cv\known_visit_grid34_targets10_trials50.csv,10,5,0,0,6,0,4,0,0,0,0.0,0,0,92,14,78,1376,0,129,105.023,0.8141317829457364,0.8018,1.0506,1.2423,20.6646,0.1601906976744186,0.1403,0.249,0.4861,129,84.3584,0.6539410852713179,0.6624,0.7738,0.83,completed,,,
48,known_visit,ACBBA,ideal,1.0,34,1156,14,10,acbba_g34_d85_ideal,reruns\grid_density\scenarios\cv\known_visit_grid34_targets10_trials50.csv,11,6,0,0,7,0,4,0,0,0,0.0,0,0,95,15,80,1373,0,125,101.88,0.81504,0.8104,1.0856,1.271,20.0715,0.160572,0.1421,0.3046,0.5156,125,81.8085,0.6544679999999999,0.6457,0.788,0.8814,completed,,,
48,known_visit,ACBBA,ideal,1.0,34,1156,14,10,acbba_g34_d85_ideal,reruns\grid_density\scenarios\cv\known_visit_grid34_targets10_trials50.csv,12,4,0,0,5,0,3,0,0,0,0.0,0,0,81,12,69,1387,0,130,105.5442,0.8118784615384615,0.8068,1.0415,1.2818,20.8155,0.16011923076923076,0.14734999999999998,0.2421,0.5162,130,84.7287,0.6517592307692308,0.65055,0.7945,0.8514,completed,,,
48,known_visit,ACBBA,ideal,1.0,34,1156,14,10,acbba_g34_d85_ideal,reruns\grid_density\scenarios\cv\known_visit_grid34_targets10_trials50.csv,13,7,1,0,8,0,0,0,0,0,0.0,0,0,90,17,73,1378,0,120,97.483,0.8123583333333334,0.794,1.014,1.301,18.3695,0.15307916666666666,0.1383,0.2336,0.5066,120,79.1135,0.6592791666666666,0.65705,0.7852,0.8543,completed,,,
49,known_visit,ACBBA,ideal,1.0,34,1156,14,10,acbba_g34_d85_ideal,reruns\grid_density\scenarios\cv\known_visit_grid34_targets10_trials50.csv,00,8,0,0,7,2,0,1,1,0,0.0,0,0,85,20,65,1202,0,110,91.329,0.8302636363636363,0.8141,0.9638,1.3069,17.1358,0.15578,0.13885,0.2064,0.5401,110,74.1932,0.6744836363636364,0.6700999999999999,0.755,0.7871,completed,,,
49,known_visit,ACBBA,ideal,1.0,34,1156,14,10,acbba_g34_d85_ideal,reruns\grid_density\scenarios\cv\known_visit_grid34_targets10_trials50.csv,01,14,2,0,15,0,1,0,0,0,0.0,0,0,92,31,61,1195,0,90,75.2346,0.83594,0.7912,1.0141,1.3126,14.0885,0.1565388888888889,0.13095,0.2864,0.5508,90,61.1461,0.6794011111111111,0.6653,0.779,0.8426,completed,,,
49,known_visit,ACBBA,ideal,1.0,34,1156,14,10,acbba_g34_d85_ideal,reruns\grid_density\scenarios\cv\known_visit_grid34_targets10_trials50.csv,02,8,1,0,9,0,0,0,0,0,0.0,0,0,77,18,59,1210,0,110,90.9795,0.8270863636363637,0.8161,0.9296,1.256,16.7173,0.15197545454545455,0.1406,0.1965,0.4998,110,74.2622,0.6751109090909092,0.6726000000000001,0.755,0.8108,completed,,,
49,known_visit,ACBBA,ideal,1.0,34,1156,14,10,acbba_g34_d85_ideal,reruns\grid_density\scenarios\cv\known_visit_grid34_targets10_trials50.csv,03,14,1,0,15,0,5,0,0,0,0.0,0,0,98,31,67,1189,0,93,77.7734,0.8362731182795698,0.8163,1.0439,1.309,14.702,0.15808602150537635,0.1333,0.3224,0.5255,93,63.0714,0.6781870967741935,0.6802,0.7656,0.8249,completed,,,
49,known_visit,ACBBA,ideal,1.0,34,1156,14,10,acbba_g34_d85_ideal,reruns\grid_density\scenarios\cv\known_visit_grid34_targets10_trials50.csv,04,6,0,0,7,0,3,0,0,0,0.0,0,0,76,15,61,1211,0,120,101.0622,0.8421850000000001,0.81825,1.0307,1.2835,19.2976,0.16081333333333334,0.14345,0.2424,0.5338,120,81.7646,0.6813716666666667,0.6769499999999999,0.7788,0.8219,completed,,,
49,known_visit,ACBBA,ideal,1.0,34,1156,14,10,acbba_g34_d85_ideal,reruns\grid_density\scenarios\cv\known_visit_grid34_targets10_trials50.csv,05,6,0,0,7,0,2,0,0,0,0.0,0,0,78,15,63,1209,0,119,99.1251,0.8329840336134454,0.8143,1.0588,1.2794,18.527,0.1556890756302521,0.1406,0.2233,0.5112,119,80.5981,0.6772949579831933,0.6676,0.7695,0.8544,completed,,,
49,known_visit,ACBBA,ideal,1.0,34,1156,14,10,acbba_g34_d85_ideal,reruns\grid_density\scenarios\cv\known_visit_grid34_targets10_trials50.csv,06,15,0,0,16,0,4,0,0,0,0.0,0,0,99,34,65,1188,0,92,77.1593,0.8386880434782609,0.8003,1.1722,1.3172,14.6842,0.1596108695652174,0.13255,0.2919,0.539,92,62.4751,0.6790771739130435,0.6686,0.784,0.8803,completed,,,
49,known_visit,ACBBA,ideal,1.0,34,1156,14,10,acbba_g34_d85_ideal,reruns\grid_density\scenarios\cv\known_visit_grid34_targets10_trials50.csv,07,4,0,0,5,0,1,0,0,0,0.0,0,0,71,11,60,1216,0,123,102.691,0.8348861788617886,0.8171,0.978,1.3241,19.3056,0.1569560975609756,0.1438,0.2297,0.5308,123,83.3854,0.677930081300813,0.6761,0.7477,0.834,completed,,,
49,known_visit,ACBBA,ideal,1.0,34,1156,14,10,acbba_g34_d85_ideal,reruns\grid_density\scenarios\cv\known_visit_grid34_targets10_trials50.csv,08,24,2,0,24,1,2,0,0,0,0.0,0,0,113,52,61,1174,0,57,51.2025,0.8982894736842105,0.8821,1.1558,1.2849,11.2843,0.1979701754385965,0.1791,0.4363,0.5143,57,39.9182,0.700319298245614,0.6961,0.7889,0.8299,completed,,,
49,known_visit,ACBBA,ideal,1.0,34,1156,14,10,acbba_g34_d85_ideal,reruns\grid_density\scenarios\cv\known_visit_grid34_targets10_trials50.csv,09,8,0,0,9,0,2,0,0,0,0.0,0,0,83,18,65,1204,0,111,91.459,0.823954954954955,0.8087,0.9303,1.2734,16.7532,0.15092972972972973,0.1388,0.186,0.4963,111,74.7058,0.6730252252252252,0.6693,0.7543,0.825,completed,,,
49,known_visit,ACBBA,ideal,1.0,34,1156,14,10,acbba_g34_d85_ideal,reruns\grid_density\scenarios\cv\known_visit_grid34_targets10_trials50.csv,10,8,0,0,9,0,3,0,0,0,0.0,0,0,83,20,63,1204,0,114,94.7477,0.8311201754385964,0.8204,0.9452,1.2813,17.8425,0.15651315789473685,0.14035,0.2328,0.5346,114,76.9052,0.6746070175438595,0.67345,0.7483,0.8152,completed,,,
49,known_visit,ACBBA,ideal,1.0,34,1156,14,10,acbba_g34_d85_ideal,reruns\grid_density\scenarios\cv\known_visit_grid34_targets10_trials50.csv,11,22,2,0,23,0,2,0,0,0,0.0,0,0,111,48,63,1176,0,66,55.4294,0.839839393939394,0.81445,1.1479,1.3094,10.4213,0.15789848484848484,0.1249,0.3604,0.5493,66,45.0081,0.6819409090909091,0.6711,0.7604,0.7875,completed,,,
49,known_visit,ACBBA,ideal,1.0,34,1156,14,10,acbba_g34_d85_ideal,reruns\grid_density\scenarios\cv\known_visit_grid34_targets10_trials50.csv,12,5,0,0,6,0,2,0,0,0,0.0,0,0,77,13,64,1210,0,122,102.3444,0.8388885245901638,0.8211999999999999,0.977,1.2525,19.2364,0.15767540983606557,0.1459,0.2217,0.5139,122,83.108,0.6812131147540984,0.67515,0.772,0.8912,completed,,,
49,known_visit,ACBBA,ideal,1.0,34,1156,14,10,acbba_g34_d85_ideal,reruns\grid_density\scenarios\cv\known_visit_grid34_targets10_trials50.csv,13,38,2,0,39,0,2,0,0,0,0.0,0,0,145,78,67,1143,0,17,16.5988,0.9764,0.9558,1.2427,1.2427,4.1283,0.24284117647058825,0.2194,0.4967,0.4967,17,12.4705,0.7335588235294117,0.7243,0.9944,0.9944,completed,,,
