trial_id,trial_mode,algorithm,comm_model,comm_level,grid_size,grid_cells,robot_count,target_count,condition_id,scenario_file,target_index,target_x,target_y,first_completion_time_s,first_completion_sim_time_s,first_found_by_robot,first_finder_robot_id,total_visits,duplicate_visits,completed,trial_status
0,known_visit,ACBBA,bernoulli,drop_0.25,19,361,4,20,targets_20_acbba_h3_bernoulli_025,objective_tuning_target_load_pilot_25\scenarios\known_visit_g19_t20_n25.csv,1,11,7,29.853058970607048,29.853058970607048,00,00,1,0,True,completed
0,known_visit,ACBBA,bernoulli,drop_0.25,19,361,4,20,targets_20_acbba_h3_bernoulli_025,objective_tuning_target_load_pilot_25\scenarios\known_visit_g19_t20_n25.csv,2,17,15,43.76251517338144,43.76251517338144,01,01,1,0,True,completed
0,known_visit,ACBBA,bernoulli,drop_0.25,19,361,4,20,targets_20_acbba_h3_bernoulli_025,objective_tuning_target_load_pilot_25\scenarios\known_visit_g19_t20_n25.csv,3,14,5,41.408504318611364,41.408504318611364,02,02,1,0,True,completed
0,known_visit,ACBBA,bernoulli,drop_0.25,19,361,4,20,targets_20_acbba_h3_bernoulli_025,objective_tuning_target_load_pilot_25\scenarios\known_visit_g19_t20_n25.csv,4,8,0,12.427711631872413,12.427711631872413,00,00,1,0,True,completed
0,known_visit,ACBBA,bernoulli,drop_0.25,19,361,4,20,targets_20_acbba_h3_bernoulli_025,objective_tuning_target_load_pilot_25\scenarios\known_visit_g19_t20_n25.csv,5,14,15,38.64236819854967,38.64236819854967,01,01,1,0,True,completed
0,known_visit,ACBBA,bernoulli,drop_0.25,19,361,4,20,targets_20_acbba_h3_bernoulli_025,objective_tuning_target_load_pilot_25\scenarios\known_visit_g19_t20_n25.csv,6,7,5,29.65234415083923,29.65234415083923,02,02,1,0,True,completed
0,known_visit,ACBBA,bernoulli,drop_0.25,19,361,4,20,targets_20_acbba_h3_bernoulli_025,objective_tuning_target_load_pilot_25\scenarios\known_visit_g19_t20_n25.csv,7,2,6,1.8299347411957947,1.8299347411957947,01,01,2,1,True,completed
0,known_visit,ACBBA,bernoulli,drop_0.25,19,361,4,20,targets_20_acbba_h3_bernoulli_025,objective_tuning_target_load_pilot_25\scenarios\known_visit_g19_t20_n25.csv,8,3,8,7.110062708152634,7.110062708152634,01,01,1,0,True,completed
0,known_visit,ACBBA,bernoulli,drop_0.25,19,361,4,20,targets_20_acbba_h3_bernoulli_025,objective_tuning_target_load_pilot_25\scenarios\known_visit_g19_t20_n25.csv,9,12,12,48.24428660024156,48.24428660024156,03,03,1,0,True,completed
0,known_visit,ACBBA,bernoulli,drop_0.25,19,361,4,20,targets_20_acbba_h3_bernoulli_025,objective_tuning_target_load_pilot_25\scenarios\known_visit_g19_t20_n25.csv,10,16,5,44.658006726920505,44.658006726920505,02,02,1,0,True,completed
0,known_visit,ACBBA,bernoulli,drop_0.25,19,361,4,20,targets_20_acbba_h3_bernoulli_025,objective_tuning_target_load_pilot_25\scenarios\known_visit_g19_t20_n25.csv,11,10,14,29.99639732499344,29.99639732499344,01,01,2,1,True,completed
0,known_visit,ACBBA,bernoulli,drop_0.25,19,361,4,20,targets_20_acbba_h3_bernoulli_025,objective_tuning_target_load_pilot_25\scenarios\known_visit_g19_t20_n25.csv,12,3,18,3.722043941813502,3.722043941813502,03,03,1,0,True,completed
0,known_visit,ACBBA,bernoulli,drop_0.25,19,361,4,20,targets_20_acbba_h3_bernoulli_025,objective_tuning_target_load_pilot_25\scenarios\known_visit_g19_t20_n25.csv,13,10,12,26.60509441548029,26.60509441548029,01,01,2,1,True,completed
0,known_visit,ACBBA,bernoulli,drop_0.25,19,361,4,20,targets_20_acbba_h3_bernoulli_025,objective_tuning_target_load_pilot_25\scenarios\known_visit_g19_t20_n25.csv,14,5,18,7.284293558783748,7.284293558783748,03,03,1,0,True,completed
0,known_visit,ACBBA,bernoulli,drop_0.25,19,361,4,20,targets_20_acbba_h3_bernoulli_025,objective_tuning_target_load_pilot_25\scenarios\known_visit_g19_t20_n25.csv,15,13,14,27.943080973651952,27.943080973651952,03,03,1,0,True,completed
0,known_visit,ACBBA,bernoulli,drop_0.25,19,361,4,20,targets_20_acbba_h3_bernoulli_025,objective_tuning_target_load_pilot_25\scenarios\known_visit_g19_t20_n25.csv,16,4,11,14.189369769715453,14.189369769715453,01,01,1,0,True,completed
0,known_visit,ACBBA,bernoulli,drop_0.25,19,361,4,20,targets_20_acbba_h3_bernoulli_025,objective_tuning_target_load_pilot_25\scenarios\known_visit_g19_t20_n25.csv,17,12,18,19.007053579753407,19.007053579753407,03,03,1,0,True,completed
0,known_visit,ACBBA,bernoulli,drop_0.25,19,361,4,20,targets_20_acbba_h3_bernoulli_025,objective_tuning_target_load_pilot_25\scenarios\known_visit_g19_t20_n25.csv,18,1,14,3.8854398113222004,3.8854398113222004,02,02,1,0,True,completed
0,known_visit,ACBBA,bernoulli,drop_0.25,19,361,4,20,targets_20_acbba_h3_bernoulli_025,objective_tuning_target_load_pilot_25\scenarios\known_visit_g19_t20_n25.csv,19,15,10,39.07154324572125,39.07154324572125,03,03,1,0,True,completed
0,known_visit,ACBBA,bernoulli,drop_0.25,19,361,4,20,targets_20_acbba_h3_bernoulli_025,objective_tuning_target_load_pilot_25\scenarios\known_visit_g19_t20_n25.csv,20,11,10,35.00546928890103,35.00546928890103,00,00,1,0,True,completed
1,known_visit,ACBBA,bernoulli,drop_0.25,19,361,4,20,targets_20_acbba_h3_bernoulli_025,objective_tuning_target_load_pilot_25\scenarios\known_visit_g19_t20_n25.csv,1,10,3,38.78401748911554,38.78401748911554,02,02,3,2,True,completed
1,known_visit,ACBBA,bernoulli,drop_0.25,19,361,4,20,targets_20_acbba_h3_bernoulli_025,objective_tuning_target_load_pilot_25\scenarios\known_visit_g19_t20_n25.csv,2,7,11,12.443304412527821,12.443304412527821,02,02,3,2,True,completed
1,known_visit,ACBBA,bernoulli,drop_0.25,19,361,4,20,targets_20_acbba_h3_bernoulli_025,objective_tuning_target_load_pilot_25\scenarios\known_visit_g19_t20_n25.csv,3,0,1,0.4214987836657712,0.4214987836657712,00,00,2,1,True,completed
1,known_visit,ACBBA,bernoulli,drop_0.25,19,361,4,20,targets_20_acbba_h3_bernoulli_025,objective_tuning_target_load_pilot_25\scenarios\known_visit_g19_t20_n25.csv,4,9,4,40.97305100207672,40.97305100207672,00,00,1,0,True,completed
1,known_visit,ACBBA,bernoulli,drop_0.25,19,361,4,20,targets_20_acbba_h3_bernoulli_025,objective_tuning_target_load_pilot_25\scenarios\known_visit_g19_t20_n25.csv,5,0,3,3.900619671854098,3.900619671854098,00,00,2,1,True,completed
1,known_visit,ACBBA,bernoulli,drop_0.25,19,361,4,20,targets_20_acbba_h3_bernoulli_025,objective_tuning_target_load_pilot_25\scenarios\known_visit_g19_t20_n25.csv,6,3,5,9.69901698184031,9.69901698184031,01,01,1,0,True,completed
1,known_visit,ACBBA,bernoulli,drop_0.25,19,361,4,20,targets_20_acbba_h3_bernoulli_025,objective_tuning_target_load_pilot_25\scenarios\known_visit_g19_t20_n25.csv,7,1,17,2.1939262299024453,2.1939262299024453,03,03,1,0,True,completed
1,known_visit,ACBBA,bernoulli,drop_0.25,19,361,4,20,targets_20_acbba_h3_bernoulli_025,objective_tuning_target_load_pilot_25\scenarios\known_visit_g19_t20_n25.csv,8,3,17,5.994012630453845,5.994012630453845,03,03,1,0,True,completed
1,known_visit,ACBBA,bernoulli,drop_0.25,19,361,4,20,targets_20_acbba_h3_bernoulli_025,objective_tuning_target_load_pilot_25\scenarios\known_visit_g19_t20_n25.csv,9,12,8,26.662849729816426,26.662849729816426,02,02,2,1,True,completed
1,known_visit,ACBBA,bernoulli,drop_0.25,19,361,4,20,targets_20_acbba_h3_bernoulli_025,objective_tuning_target_load_pilot_25\scenarios\known_visit_g19_t20_n25.csv,10,15,13,44.93138331115621,44.93138331115621,03,03,1,0,True,completed
1,known_visit,ACBBA,bernoulli,drop_0.25,19,361,4,20,targets_20_acbba_h3_bernoulli_025,objective_tuning_target_load_pilot_25\scenarios\known_visit_g19_t20_n25.csv,11,5,5,13.271234603939897,13.271234603939897,01,01,2,1,True,completed
1,known_visit,ACBBA,bernoulli,drop_0.25,19,361,4,20,targets_20_acbba_h3_bernoulli_025,objective_tuning_target_load_pilot_25\scenarios\known_visit_g19_t20_n25.csv,12,18,7,69.42580584274359,69.42580584274359,00,00,1,0,True,completed
1,known_visit,ACBBA,bernoulli,drop_0.25,19,361,4,20,targets_20_acbba_h3_bernoulli_025,objective_tuning_target_load_pilot_25\scenarios\known_visit_g19_t20_n25.csv,13,2,12,2.021409999969848,2.021409999969848,02,02,1,0,True,completed
1,known_visit,ACBBA,bernoulli,drop_0.25,19,361,4,20,targets_20_acbba_h3_bernoulli_025,objective_tuning_target_load_pilot_25\scenarios\known_visit_g19_t20_n25.csv,14,1,3,5.810290009282702,5.810290009282702,00,00,1,0,True,completed
1,known_visit,ACBBA,bernoulli,drop_0.25,19,361,4,20,targets_20_acbba_h3_bernoulli_025,objective_tuning_target_load_pilot_25\scenarios\known_visit_g19_t20_n25.csv,15,8,10,16.00506720904344,16.00506720904344,02,02,1,0,True,completed
1,known_visit,ACBBA,bernoulli,drop_0.25,19,361,4,20,targets_20_acbba_h3_bernoulli_025,objective_tuning_target_load_pilot_25\scenarios\known_visit_g19_t20_n25.csv,16,4,1,14.661135084566679,14.661135084566679,00,00,3,2,True,completed
1,known_visit,ACBBA,bernoulli,drop_0.25,19,361,4,20,targets_20_acbba_h3_bernoulli_025,objective_tuning_target_load_pilot_25\scenarios\known_visit_g19_t20_n25.csv,17,4,10,20.354580342990996,20.354580342990996,03,03,2,1,True,completed
1,known_visit,ACBBA,bernoulli,drop_0.25,19,361,4,20,targets_20_acbba_h3_bernoulli_025,objective_tuning_target_load_pilot_25\scenarios\known_visit_g19_t20_n25.csv,18,16,15,50.33714834366354,50.33714834366354,03,03,1,0,True,completed
1,known_visit,ACBBA,bernoulli,drop_0.25,19,361,4,20,targets_20_acbba_h3_bernoulli_025,objective_tuning_target_load_pilot_25\scenarios\known_visit_g19_t20_n25.csv,19,2,7,3.9305153160108666,3.9305153160108666,01,01,1,0,True,completed
1,known_visit,ACBBA,bernoulli,drop_0.25,19,361,4,20,targets_20_acbba_h3_bernoulli_025,objective_tuning_target_load_pilot_25\scenarios\known_visit_g19_t20_n25.csv,20,10,2,40.812128122301594,40.812128122301594,02,02,2,1,True,completed
2,known_visit,ACBBA,bernoulli,drop_0.25,19,361,4,20,targets_20_acbba_h3_bernoulli_025,objective_tuning_target_load_pilot_25\scenarios\known_visit_g19_t20_n25.csv,1,8,17,14.389651451471302,14.389651451471302,03,03,1,0,True,completed
2,known_visit,ACBBA,bernoulli,drop_0.25,19,361,4,20,targets_20_acbba_h3_bernoulli_025,objective_tuning_target_load_pilot_25\scenarios\known_visit_g19_t20_n25.csv,2,9,7,26.71183268767573,26.71183268767573,02,02,1,0,True,completed
2,known_visit,ACBBA,bernoulli,drop_0.25,19,361,4,20,targets_20_acbba_h3_bernoulli_025,objective_tuning_target_load_pilot_25\scenarios\known_visit_g19_t20_n25.csv,3,13,2,28.2589695642598,28.2589695642598,01,01,1,0,True,completed
2,known_visit,ACBBA,bernoulli,drop_0.25,19,361,4,20,targets_20_acbba_h3_bernoulli_025,objective_tuning_target_load_pilot_25\scenarios\known_visit_g19_t20_n25.csv,4,17,3,45.40825744154584,45.40825744154584,00,00,1,0,True,completed
2,known_visit,ACBBA,bernoulli,drop_0.25,19,361,4,20,targets_20_acbba_h3_bernoulli_025,objective_tuning_target_load_pilot_25\scenarios\known_visit_g19_t20_n25.csv,5,16,16,37.887024989164146,37.887024989164146,03,03,1,0,True,completed
2,known_visit,ACBBA,bernoulli,drop_0.25,19,361,4,20,targets_20_acbba_h3_bernoulli_025,objective_tuning_target_load_pilot_25\scenarios\known_visit_g19_t20_n25.csv,6,10,9,21.017873302703407,21.017873302703407,02,02,1,0,True,completed
2,known_visit,ACBBA,bernoulli,drop_0.25,19,361,4,20,targets_20_acbba_h3_bernoulli_025,objective_tuning_target_load_pilot_25\scenarios\known_visit_g19_t20_n25.csv,7,9,6,28.61673143698233,28.61673143698233,02,02,1,0,True,completed
2,known_visit,ACBBA,bernoulli,drop_0.25,19,361,4,20,targets_20_acbba_h3_bernoulli_025,objective_tuning_target_load_pilot_25\scenarios\known_visit_g19_t20_n25.csv,8,17,15,33.9401728666047,33.9401728666047,03,03,1,0,True,completed
2,known_visit,ACBBA,bernoulli,drop_0.25,19,361,4,20,targets_20_acbba_h3_bernoulli_025,objective_tuning_target_load_pilot_25\scenarios\known_visit_g19_t20_n25.csv,9,6,12,8.494456503635407,8.494456503635407,02,02,1,0,True,completed
2,known_visit,ACBBA,bernoulli,drop_0.25,19,361,4,20,targets_20_acbba_h3_bernoulli_025,objective_tuning_target_load_pilot_25\scenarios\known_visit_g19_t20_n25.csv,10,17,0,36.113178618902744,36.113178618902744,00,00,1,0,True,completed
2,known_visit,ACBBA,bernoulli,drop_0.25,19,361,4,20,targets_20_acbba_h3_bernoulli_025,objective_tuning_target_load_pilot_25\scenarios\known_visit_g19_t20_n25.csv,11,1,17,2.173181125709147,2.173181125709147,03,03,1,0,True,completed
2,known_visit,ACBBA,bernoulli,drop_0.25,19,361,4,20,targets_20_acbba_h3_bernoulli_025,objective_tuning_target_load_pilot_25\scenarios\known_visit_g19_t20_n25.csv,12,7,10,14.082605121081835,14.082605121081835,02,02,1,0,True,completed
2,known_visit,ACBBA,bernoulli,drop_0.25,19,361,4,20,targets_20_acbba_h3_bernoulli_025,objective_tuning_target_load_pilot_25\scenarios\known_visit_g19_t20_n25.csv,13,13,18,47.06280845961548,47.06280845961548,03,03,1,0,True,completed
2,known_visit,ACBBA,bernoulli,drop_0.25,19,361,4,20,targets_20_acbba_h3_bernoulli_025,objective_tuning_target_load_pilot_25\scenarios\known_visit_g19_t20_n25.csv,14,11,15,23.29801362584889,23.29801362584889,03,03,1,0,True,completed
2,known_visit,ACBBA,bernoulli,drop_0.25,19,361,4,20,targets_20_acbba_h3_bernoulli_025,objective_tuning_target_load_pilot_25\scenarios\known_visit_g19_t20_n25.csv,15,0,1,0.45405461622514587,0.45405461622514587,00,00,1,0,True,completed
2,known_visit,ACBBA,bernoulli,drop_0.25,19,361,4,20,targets_20_acbba_h3_bernoulli_025,objective_tuning_target_load_pilot_25\scenarios\known_visit_g19_t20_n25.csv,16,3,17,5.9677530345373375,5.9677530345373375,03,03,1,0,True,completed
2,known_visit,ACBBA,bernoulli,drop_0.25,19,361,4,20,targets_20_acbba_h3_bernoulli_025,objective_tuning_target_load_pilot_25\scenarios\known_visit_g19_t20_n25.csv,17,3,0,8.05552360304195,8.05552360304195,00,00,1,0,True,completed
2,known_visit,ACBBA,bernoulli,drop_0.25,19,361,4,20,targets_20_acbba_h3_bernoulli_025,objective_tuning_target_load_pilot_25\scenarios\known_visit_g19_t20_n25.csv,18,13,13,47.25869929488726,47.25869929488726,01,01,1,0,True,completed
2,known_visit,ACBBA,bernoulli,drop_0.25,19,361,4,20,targets_20_acbba_h3_bernoulli_025,objective_tuning_target_load_pilot_25\scenarios\known_visit_g19_t20_n25.csv,19,15,18,43.30100394204963,43.30100394204963,03,03,1,0,True,completed
2,known_visit,ACBBA,bernoulli,drop_0.25,19,361,4,20,targets_20_acbba_h3_bernoulli_025,objective_tuning_target_load_pilot_25\scenarios\known_visit_g19_t20_n25.csv,20,0,2,5.777125080522256,5.777125080522256,01,01,1,0,True,completed
3,known_visit,ACBBA,bernoulli,drop_0.25,19,361,4,20,targets_20_acbba_h3_bernoulli_025,objective_tuning_target_load_pilot_25\scenarios\known_visit_g19_t20_n25.csv,1,12,12,33.75108092463724,33.75108092463724,01,01,1,0,True,completed
3,known_visit,ACBBA,bernoulli,drop_0.25,19,361,4,20,targets_20_acbba_h3_bernoulli_025,objective_tuning_target_load_pilot_25\scenarios\known_visit_g19_t20_n25.csv,2,17,11,51.12571601783993,51.12571601783993,03,03,1,0,True,completed
3,known_visit,ACBBA,bernoulli,drop_0.25,19,361,4,20,targets_20_acbba_h3_bernoulli_025,objective_tuning_target_load_pilot_25\scenarios\known_visit_g19_t20_n25.csv,3,2,6,1.8320389721379087,1.8320389721379087,01,01,2,1,True,completed
3,known_visit,ACBBA,bernoulli,drop_0.25,19,361,4,20,targets_20_acbba_h3_bernoulli_025,objective_tuning_target_load_pilot_25\scenarios\known_visit_g19_t20_n25.csv,4,9,13,30.87777606523292,30.87777606523292,03,03,1,0,True,completed
3,known_visit,ACBBA,bernoulli,drop_0.25,19,361,4,20,targets_20_acbba_h3_bernoulli_025,objective_tuning_target_load_pilot_25\scenarios\known_visit_g19_t20_n25.csv,5,2,17,3.8817933466257104,3.8817933466257104,03,03,1,0,True,completed
3,known_visit,ACBBA,bernoulli,drop_0.25,19,361,4,20,targets_20_acbba_h3_bernoulli_025,objective_tuning_target_load_pilot_25\scenarios\known_visit_g19_t20_n25.csv,6,6,11,10.775763000600685,10.775763000600685,02,02,1,0,True,completed
3,known_visit,ACBBA,bernoulli,drop_0.25,19,361,4,20,targets_20_acbba_h3_bernoulli_025,objective_tuning_target_load_pilot_25\scenarios\known_visit_g19_t20_n25.csv,7,17,3,32.7788918093263,32.7788918093263,00,00,1,0,True,completed
3,known_visit,ACBBA,bernoulli,drop_0.25,19,361,4,20,targets_20_acbba_h3_bernoulli_025,objective_tuning_target_load_pilot_25\scenarios\known_visit_g19_t20_n25.csv,8,5,8,14.331005532673084,14.331005532673084,01,01,2,1,True,completed
3,known_visit,ACBBA,bernoulli,drop_0.25,19,361,4,20,targets_20_acbba_h3_bernoulli_025,objective_tuning_target_load_pilot_25\scenarios\known_visit_g19_t20_n25.csv,9,14,10,42.39885910264318,42.39885910264318,01,01,1,0,True,completed
3,known_visit,ACBBA,bernoulli,drop_0.25,19,361,4,20,targets_20_acbba_h3_bernoulli_025,objective_tuning_target_load_pilot_25\scenarios\known_visit_g19_t20_n25.csv,10,16,4,36.532422713223774,36.532422713223774,00,00,1,0,True,completed
3,known_visit,ACBBA,bernoulli,drop_0.25,19,361,4,20,targets_20_acbba_h3_bernoulli_025,objective_tuning_target_load_pilot_25\scenarios\known_visit_g19_t20_n25.csv,11,8,15,25.075702378285612,25.075702378285612,03,03,1,0,True,completed
3,known_visit,ACBBA,bernoulli,drop_0.25,19,361,4,20,targets_20_acbba_h3_bernoulli_025,objective_tuning_target_load_pilot_25\scenarios\known_visit_g19_t20_n25.csv,12,18,8,47.50018788769975,47.50018788769975,00,00,1,0,True,completed
3,known_visit,ACBBA,bernoulli,drop_0.25,19,361,4,20,targets_20_acbba_h3_bernoulli_025,objective_tuning_target_load_pilot_25\scenarios\known_visit_g19_t20_n25.csv,13,9,8,21.59582664043633,21.59582664043633,02,02,1,0,True,completed
3,known_visit,ACBBA,bernoulli,drop_0.25,19,361,4,20,targets_20_acbba_h3_bernoulli_025,objective_tuning_target_load_pilot_25\scenarios\known_visit_g19_t20_n25.csv,14,6,10,19.928925250804152,19.928925250804152,01,01,1,0,True,completed
3,known_visit,ACBBA,bernoulli,drop_0.25,19,361,4,20,targets_20_acbba_h3_bernoulli_025,objective_tuning_target_load_pilot_25\scenarios\known_visit_g19_t20_n25.csv,15,10,16,19.49983242326015,19.49983242326015,03,03,1,0,True,completed
3,known_visit,ACBBA,bernoulli,drop_0.25,19,361,4,20,targets_20_acbba_h3_bernoulli_025,objective_tuning_target_load_pilot_25\scenarios\known_visit_g19_t20_n25.csv,16,10,8,23.653996047334324,23.653996047334324,02,02,1,0,True,completed
3,known_visit,ACBBA,bernoulli,drop_0.25,19,361,4,20,targets_20_acbba_h3_bernoulli_025,objective_tuning_target_load_pilot_25\scenarios\known_visit_g19_t20_n25.csv,17,12,0,18.677120351345838,18.677120351345838,00,00,1,0,True,completed
3,known_visit,ACBBA,bernoulli,drop_0.25,19,361,4,20,targets_20_acbba_h3_bernoulli_025,objective_tuning_target_load_pilot_25\scenarios\known_visit_g19_t20_n25.csv,18,6,6,8.618553186269867,8.618553186269867,01,01,1,0,True,completed
3,known_visit,ACBBA,bernoulli,drop_0.25,19,361,4,20,targets_20_acbba_h3_bernoulli_025,objective_tuning_target_load_pilot_25\scenarios\known_visit_g19_t20_n25.csv,19,1,18,0.20323283381718227,0.20323283381718227,03,03,1,0,True,completed
3,known_visit,ACBBA,bernoulli,drop_0.25,19,361,4,20,targets_20_acbba_h3_bernoulli_025,objective_tuning_target_load_pilot_25\scenarios\known_visit_g19_t20_n25.csv,20,3,12,3.5982011115847814,3.5982011115847814,02,02,1,0,True,completed
4,known_visit,ACBBA,bernoulli,drop_0.25,19,361,4,20,targets_20_acbba_h3_bernoulli_025,objective_tuning_target_load_pilot_25\scenarios\known_visit_g19_t20_n25.csv,1,10,14,40.98553396490099,40.98553396490099,02,02,1,0,True,completed
4,known_visit,ACBBA,bernoulli,drop_0.25,19,361,4,20,targets_20_acbba_h3_bernoulli_025,objective_tuning_target_load_pilot_25\scenarios\known_visit_g19_t20_n25.csv,2,3,1,5.589565546263453,5.589565546263453,00,00,1,0,True,completed
4,known_visit,ACBBA,bernoulli,drop_0.25,19,361,4,20,targets_20_acbba_h3_bernoulli_025,objective_tuning_target_load_pilot_25\scenarios\known_visit_g19_t20_n25.csv,3,12,5,39.94360141227633,39.94360141227633,00,00,1,0,True,completed
4,known_visit,ACBBA,bernoulli,drop_0.25,19,361,4,20,targets_20_acbba_h3_bernoulli_025,objective_tuning_target_load_pilot_25\scenarios\known_visit_g19_t20_n25.csv,4,12,17,32.25649592940699,32.25649592940699,02,02,1,0,True,completed
4,known_visit,ACBBA,bernoulli,drop_0.25,19,361,4,20,targets_20_acbba_h3_bernoulli_025,objective_tuning_target_load_pilot_25\scenarios\known_visit_g19_t20_n25.csv,5,17,8,65.17980944738785,65.17980944738785,01,01,1,0,True,completed
4,known_visit,ACBBA,bernoulli,drop_0.25,19,361,4,20,targets_20_acbba_h3_bernoulli_025,objective_tuning_target_load_pilot_25\scenarios\known_visit_g19_t20_n25.csv,6,8,7,25.69646660072693,25.69646660072693,01,01,1,0,True,completed
4,known_visit,ACBBA,bernoulli,drop_0.25,19,361,4,20,targets_20_acbba_h3_bernoulli_025,objective_tuning_target_load_pilot_25\scenarios\known_visit_g19_t20_n25.csv,7,17,13,52.49447560202903,52.49447560202903,01,01,1,0,True,completed
4,known_visit,ACBBA,bernoulli,drop_0.25,19,361,4,20,targets_20_acbba_h3_bernoulli_025,objective_tuning_target_load_pilot_25\scenarios\known_visit_g19_t20_n25.csv,8,4,6,5.390559228820779,5.390559228820779,01,01,2,1,True,completed
4,known_visit,ACBBA,bernoulli,drop_0.25,19,361,4,20,targets_20_acbba_h3_bernoulli_025,objective_tuning_target_load_pilot_25\scenarios\known_visit_g19_t20_n25.csv,9,5,18,6.871254788422858,6.871254788422858,03,03,2,1,True,completed
4,known_visit,ACBBA,bernoulli,drop_0.25,19,361,4,20,targets_20_acbba_h3_bernoulli_025,objective_tuning_target_load_pilot_25\scenarios\known_visit_g19_t20_n25.csv,10,10,10,34.72370113114069,34.72370113114069,01,01,2,1,True,completed
4,known_visit,ACBBA,bernoulli,drop_0.25,19,361,4,20,targets_20_acbba_h3_bernoulli_025,objective_tuning_target_load_pilot_25\scenarios\known_visit_g19_t20_n25.csv,11,2,2,9.299521901366575,9.299521901366575,00,00,1,0,True,completed
4,known_visit,ACBBA,bernoulli,drop_0.25,19,361,4,20,targets_20_acbba_h3_bernoulli_025,objective_tuning_target_load_pilot_25\scenarios\known_visit_g19_t20_n25.csv,12,8,1,25.362287895461282,25.362287895461282,00,00,1,0,True,completed
4,known_visit,ACBBA,bernoulli,drop_0.25,19,361,4,20,targets_20_acbba_h3_bernoulli_025,objective_tuning_target_load_pilot_25\scenarios\known_visit_g19_t20_n25.csv,13,2,13,3.728506938917981,3.728506938917981,02,02,1,0,True,completed
4,known_visit,ACBBA,bernoulli,drop_0.25,19,361,4,20,targets_20_acbba_h3_bernoulli_025,objective_tuning_target_load_pilot_25\scenarios\known_visit_g19_t20_n25.csv,14,7,8,21.697303796318234,21.697303796318234,01,01,2,1,True,completed
4,known_visit,ACBBA,bernoulli,drop_0.25,19,361,4,20,targets_20_acbba_h3_bernoulli_025,objective_tuning_target_load_pilot_25\scenarios\known_visit_g19_t20_n25.csv,15,4,17,10.78990951689193,10.78990951689193,03,03,2,1,True,completed
4,known_visit,ACBBA,bernoulli,drop_0.25,19,361,4,20,targets_20_acbba_h3_bernoulli_025,objective_tuning_target_load_pilot_25\scenarios\known_visit_g19_t20_n25.csv,16,2,12,1.7753906910419142,1.7753906910419142,02,02,1,0,True,completed
4,known_visit,ACBBA,bernoulli,drop_0.25,19,361,4,20,targets_20_acbba_h3_bernoulli_025,objective_tuning_target_load_pilot_25\scenarios\known_visit_g19_t20_n25.csv,17,5,4,10.998919382242816,10.998919382242816,01,01,2,1,True,completed
4,known_visit,ACBBA,bernoulli,drop_0.25,19,361,4,20,targets_20_acbba_h3_bernoulli_025,objective_tuning_target_load_pilot_25\scenarios\known_visit_g19_t20_n25.csv,18,11,12,40.161846289662726,40.161846289662726,01,01,2,1,True,completed
4,known_visit,ACBBA,bernoulli,drop_0.25,19,361,4,20,targets_20_acbba_h3_bernoulli_025,objective_tuning_target_load_pilot_25\scenarios\known_visit_g19_t20_n25.csv,19,11,2,32.68333739108401,32.68333739108401,00,00,1,0,True,completed
4,known_visit,ACBBA,bernoulli,drop_0.25,19,361,4,20,targets_20_acbba_h3_bernoulli_025,objective_tuning_target_load_pilot_25\scenarios\known_visit_g19_t20_n25.csv,20,13,9,56.03948445609765,56.03948445609765,02,02,1,0,True,completed
5,known_visit,ACBBA,bernoulli,drop_0.25,19,361,4,20,targets_20_acbba_h3_bernoulli_025,objective_tuning_target_load_pilot_25\scenarios\known_visit_g19_t20_n25.csv,1,11,10,24.62350848728713,24.62350848728713,02,02,3,2,True,completed
5,known_visit,ACBBA,bernoulli,drop_0.25,19,361,4,20,targets_20_acbba_h3_bernoulli_025,objective_tuning_target_load_pilot_25\scenarios\known_visit_g19_t20_n25.csv,2,3,13,12.424596022291313,12.424596022291313,03,03,1,0,True,completed
5,known_visit,ACBBA,bernoulli,drop_0.25,19,361,4,20,targets_20_acbba_h3_bernoulli_025,objective_tuning_target_load_pilot_25\scenarios\known_visit_g19_t20_n25.csv,3,17,2,35.46565323089961,35.46565323089961,01,01,1,0,True,completed
5,known_visit,ACBBA,bernoulli,drop_0.25,19,361,4,20,targets_20_acbba_h3_bernoulli_025,objective_tuning_target_load_pilot_25\scenarios\known_visit_g19_t20_n25.csv,4,10,12,26.268317872733828,26.268317872733828,03,03,2,1,True,completed
5,known_visit,ACBBA,bernoulli,drop_0.25,19,361,4,20,targets_20_acbba_h3_bernoulli_025,objective_tuning_target_load_pilot_25\scenarios\known_visit_g19_t20_n25.csv,5,7,0,14.741395111221106,14.741395111221106,00,00,2,1,True,completed
5,known_visit,ACBBA,bernoulli,drop_0.25,19,361,4,20,targets_20_acbba_h3_bernoulli_025,objective_tuning_target_load_pilot_25\scenarios\known_visit_g19_t20_n25.csv,6,1,9,5.5250353056362576,5.5250353056362576,02,02,1,0,True,completed
5,known_visit,ACBBA,bernoulli,drop_0.25,19,361,4,20,targets_20_acbba_h3_bernoulli_025,objective_tuning_target_load_pilot_25\scenarios\known_visit_g19_t20_n25.csv,7,9,9,19.124340395187605,19.124340395187605,02,02,1,0,True,completed
5,known_visit,ACBBA,bernoulli,drop_0.25,19,361,4,20,targets_20_acbba_h3_bernoulli_025,objective_tuning_target_load_pilot_25\scenarios\known_visit_g19_t20_n25.csv,8,5,1,9.15687159279035,9.15687159279035,00,00,1,0,True,completed
5,known_visit,ACBBA,bernoulli,drop_0.25,19,361,4,20,targets_20_acbba_h3_bernoulli_025,objective_tuning_target_load_pilot_25\scenarios\known_visit_g19_t20_n25.csv,9,12,13,31.829738203926176,31.829738203926176,03,03,2,1,True,completed
5,known_visit,ACBBA,bernoulli,drop_0.25,19,361,4,20,targets_20_acbba_h3_bernoulli_025,objective_tuning_target_load_pilot_25\scenarios\known_visit_g19_t20_n25.csv,10,16,10,47.941481469750244,47.941481469750244,03,03,1,0,True,completed
5,known_visit,ACBBA,bernoulli,drop_0.25,19,361,4,20,targets_20_acbba_h3_bernoulli_025,objective_tuning_target_load_pilot_25\scenarios\known_visit_g19_t20_n25.csv,11,17,5,40.86392960826709,40.86392960826709,01,01,1,0,True,completed
5,known_visit,ACBBA,bernoulli,drop_0.25,19,361,4,20,targets_20_acbba_h3_bernoulli_025,objective_tuning_target_load_pilot_25\scenarios\known_visit_g19_t20_n25.csv,12,18,6,44.423928152980565,44.423928152980565,01,01,1,0,True,completed
5,known_visit,ACBBA,bernoulli,drop_0.25,19,361,4,20,targets_20_acbba_h3_bernoulli_025,objective_tuning_target_load_pilot_25\scenarios\known_visit_g19_t20_n25.csv,13,11,11,26.416344309334598,26.416344309334598,02,02,3,2,True,completed
5,known_visit,ACBBA,bernoulli,drop_0.25,19,361,4,20,targets_20_acbba_h3_bernoulli_025,objective_tuning_target_load_pilot_25\scenarios\known_visit_g19_t20_n25.csv,14,8,9,17.502790470281507,17.502790470281507,02,02,1,0,True,completed
5,known_visit,ACBBA,bernoulli,drop_0.25,19,361,4,20,targets_20_acbba_h3_bernoulli_025,objective_tuning_target_load_pilot_25\scenarios\known_visit_g19_t20_n25.csv,15,12,2,26.644102274613914,26.644102274613914,01,01,2,1,True,completed
5,known_visit,ACBBA,bernoulli,drop_0.25,19,361,4,20,targets_20_acbba_h3_bernoulli_025,objective_tuning_target_load_pilot_25\scenarios\known_visit_g19_t20_n25.csv,16,8,3,17.48893012436942,17.48893012436942,01,01,1,0,True,completed
5,known_visit,ACBBA,bernoulli,drop_0.25,19,361,4,20,targets_20_acbba_h3_bernoulli_025,objective_tuning_target_load_pilot_25\scenarios\known_visit_g19_t20_n25.csv,17,13,16,61.731130612149975,61.731130612149975,00,00,1,0,True,completed
5,known_visit,ACBBA,bernoulli,drop_0.25,19,361,4,20,targets_20_acbba_h3_bernoulli_025,objective_tuning_target_load_pilot_25\scenarios\known_visit_g19_t20_n25.csv,18,1,12,0.1481866822820218,0.1481866822820218,02,02,1,0,True,completed
5,known_visit,ACBBA,bernoulli,drop_0.25,19,361,4,20,targets_20_acbba_h3_bernoulli_025,objective_tuning_target_load_pilot_25\scenarios\known_visit_g19_t20_n25.csv,19,8,12,22.962025356196307,22.962025356196307,03,03,1,0,True,completed
5,known_visit,ACBBA,bernoulli,drop_0.25,19,361,4,20,targets_20_acbba_h3_bernoulli_025,objective_tuning_target_load_pilot_25\scenarios\known_visit_g19_t20_n25.csv,20,4,5,7.2512721928826025,7.2512721928826025,01,01,1,0,True,completed
6,known_visit,ACBBA,bernoulli,drop_0.25,19,361,4,20,targets_20_acbba_h3_bernoulli_025,objective_tuning_target_load_pilot_25\scenarios\known_visit_g19_t20_n25.csv,1,2,9,7.288237488107116,7.288237488107116,01,01,1,0,True,completed
6,known_visit,ACBBA,bernoulli,drop_0.25,19,361,4,20,targets_20_acbba_h3_bernoulli_025,objective_tuning_target_load_pilot_25\scenarios\known_visit_g19_t20_n25.csv,2,9,11,16.295007435151177,16.295007435151177,02,02,2,1,True,completed
6,known_visit,ACBBA,bernoulli,drop_0.25,19,361,4,20,targets_20_acbba_h3_bernoulli_025,objective_tuning_target_load_pilot_25\scenarios\known_visit_g19_t20_n25.csv,3,17,12,46.28810207412958,46.28810207412958,03,03,1,0,True,completed
6,known_visit,ACBBA,bernoulli,drop_0.25,19,361,4,20,targets_20_acbba_h3_bernoulli_025,objective_tuning_target_load_pilot_25\scenarios\known_visit_g19_t20_n25.csv,4,16,3,61.65075633529617,61.65075633529617,00,00,1,0,True,completed
6,known_visit,ACBBA,bernoulli,drop_0.25,19,361,4,20,targets_20_acbba_h3_bernoulli_025,objective_tuning_target_load_pilot_25\scenarios\known_visit_g19_t20_n25.csv,5,18,4,61.69081799448132,61.69081799448132,03,03,1,0,True,completed
6,known_visit,ACBBA,bernoulli,drop_0.25,19,361,4,20,targets_20_acbba_h3_bernoulli_025,objective_tuning_target_load_pilot_25\scenarios\known_visit_g19_t20_n25.csv,6,12,18,26.907260726717013,26.907260726717013,03,03,1,0,True,completed
6,known_visit,ACBBA,bernoulli,drop_0.25,19,361,4,20,targets_20_acbba_h3_bernoulli_025,objective_tuning_target_load_pilot_25\scenarios\known_visit_g19_t20_n25.csv,7,11,8,32.428611895310375,32.428611895310375,02,02,2,1,True,completed
6,known_visit,ACBBA,bernoulli,drop_0.25,19,361,4,20,targets_20_acbba_h3_bernoulli_025,objective_tuning_target_load_pilot_25\scenarios\known_visit_g19_t20_n25.csv,8,14,6,41.78806099604856,41.78806099604856,02,02,1,0,True,completed
6,known_visit,ACBBA,bernoulli,drop_0.25,19,361,4,20,targets_20_acbba_h3_bernoulli_025,objective_tuning_target_load_pilot_25\scenarios\known_visit_g19_t20_n25.csv,9,13,10,25.294013679064783,25.294013679064783,02,02,1,0,True,completed
6,known_visit,ACBBA,bernoulli,drop_0.25,19,361,4,20,targets_20_acbba_h3_bernoulli_025,objective_tuning_target_load_pilot_25\scenarios\known_visit_g19_t20_n25.csv,10,4,8,13.044816507074286,13.044816507074286,01,01,1,0,True,completed
6,known_visit,ACBBA,bernoulli,drop_0.25,19,361,4,20,targets_20_acbba_h3_bernoulli_025,objective_tuning_target_load_pilot_25\scenarios\known_visit_g19_t20_n25.csv,11,10,16,19.29195544235138,19.29195544235138,03,03,2,1,True,completed
6,known_visit,ACBBA,bernoulli,drop_0.25,19,361,4,20,targets_20_acbba_h3_bernoulli_025,objective_tuning_target_load_pilot_25\scenarios\known_visit_g19_t20_n25.csv,12,10,18,15.714042248301759,15.714042248301759,03,03,1,0,True,completed
6,known_visit,ACBBA,bernoulli,drop_0.25,19,361,4,20,targets_20_acbba_h3_bernoulli_025,objective_tuning_target_load_pilot_25\scenarios\known_visit_g19_t20_n25.csv,13,12,3,50.75590336544577,50.75590336544577,02,02,1,0,True,completed
6,known_visit,ACBBA,bernoulli,drop_0.25,19,361,4,20,targets_20_acbba_h3_bernoulli_025,objective_tuning_target_load_pilot_25\scenarios\known_visit_g19_t20_n25.csv,14,6,11,10.652142681263767,10.652142681263767,02,02,2,1,True,completed
6,known_visit,ACBBA,bernoulli,drop_0.25,19,361,4,20,targets_20_acbba_h3_bernoulli_025,objective_tuning_target_load_pilot_25\scenarios\known_visit_g19_t20_n25.csv,15,5,0,7.116506924132991,7.116506924132991,00,00,1,0,True,completed
6,known_visit,ACBBA,bernoulli,drop_0.25,19,361,4,20,targets_20_acbba_h3_bernoulli_025,objective_tuning_target_load_pilot_25\scenarios\known_visit_g19_t20_n25.csv,16,2,6,1.7739165928218397,1.7739165928218397,01,01,2,1,True,completed
6,known_visit,ACBBA,bernoulli,drop_0.25,19,361,4,20,targets_20_acbba_h3_bernoulli_025,objective_tuning_target_load_pilot_25\scenarios\known_visit_g19_t20_n25.csv,17,15,1,59.91437009529327,59.91437009529327,02,02,1,0,True,completed
6,known_visit,ACBBA,bernoulli,drop_0.25,19,361,4,20,targets_20_acbba_h3_bernoulli_025,objective_tuning_target_load_pilot_25\scenarios\known_visit_g19_t20_n25.csv,18,13,3,49.00639649125166,49.00639649125166,02,02,1,0,True,completed
6,known_visit,ACBBA,bernoulli,drop_0.25,19,361,4,20,targets_20_acbba_h3_bernoulli_025,objective_tuning_target_load_pilot_25\scenarios\known_visit_g19_t20_n25.csv,19,13,7,38.18915274041591,38.18915274041591,02,02,2,1,True,completed
6,known_visit,ACBBA,bernoulli,drop_0.25,19,361,4,20,targets_20_acbba_h3_bernoulli_025,objective_tuning_target_load_pilot_25\scenarios\known_visit_g19_t20_n25.csv,20,11,6,42.79957347707867,42.79957347707867,00,00,1,0,True,completed
7,known_visit,ACBBA,bernoulli,drop_0.25,19,361,4,20,targets_20_acbba_h3_bernoulli_025,objective_tuning_target_load_pilot_25\scenarios\known_visit_g19_t20_n25.csv,1,4,7,21.105208123653107,21.105208123653107,00,00,2,1,True,completed
7,known_visit,ACBBA,bernoulli,drop_0.25,19,361,4,20,targets_20_acbba_h3_bernoulli_025,objective_tuning_target_load_pilot_25\scenarios\known_visit_g19_t20_n25.csv,2,11,12,28.50333940489543,28.50333940489543,03,03,2,1,True,completed
7,known_visit,ACBBA,bernoulli,drop_0.25,19,361,4,20,targets_20_acbba_h3_bernoulli_025,objective_tuning_target_load_pilot_25\scenarios\known_visit_g19_t20_n25.csv,3,14,18,76.94894827959608,76.94894827959608,03,03,1,0,True,completed
7,known_visit,ACBBA,bernoulli,drop_0.25,19,361,4,20,targets_20_acbba_h3_bernoulli_025,objective_tuning_target_load_pilot_25\scenarios\known_visit_g19_t20_n25.csv,4,4,5,6.99506608788865,6.99506608788865,01,01,2,1,True,completed
7,known_visit,ACBBA,bernoulli,drop_0.25,19,361,4,20,targets_20_acbba_h3_bernoulli_025,objective_tuning_target_load_pilot_25\scenarios\known_visit_g19_t20_n25.csv,5,9,6,32.06339429846056,32.06339429846056,00,00,2,1,True,completed
7,known_visit,ACBBA,bernoulli,drop_0.25,19,361,4,20,targets_20_acbba_h3_bernoulli_025,objective_tuning_target_load_pilot_25\scenarios\known_visit_g19_t20_n25.csv,6,16,18,80.24442358418764,80.24442358418764,03,03,1,0,True,completed
7,known_visit,ACBBA,bernoulli,drop_0.25,19,361,4,20,targets_20_acbba_h3_bernoulli_025,objective_tuning_target_load_pilot_25\scenarios\known_visit_g19_t20_n25.csv,7,4,17,14.086101136397154,14.086101136397154,02,02,2,1,True,completed
7,known_visit,ACBBA,bernoulli,drop_0.25,19,361,4,20,targets_20_acbba_h3_bernoulli_025,objective_tuning_target_load_pilot_25\scenarios\known_visit_g19_t20_n25.csv,8,5,1,8.884404567176082,8.884404567176082,00,00,2,1,True,completed
7,known_visit,ACBBA,bernoulli,drop_0.25,19,361,4,20,targets_20_acbba_h3_bernoulli_025,objective_tuning_target_load_pilot_25\scenarios\known_visit_g19_t20_n25.csv,9,17,17,78.90461554161642,78.90461554161642,00,00,1,0,True,completed
7,known_visit,ACBBA,bernoulli,drop_0.25,19,361,4,20,targets_20_acbba_h3_bernoulli_025,objective_tuning_target_load_pilot_25\scenarios\known_visit_g19_t20_n25.csv,10,17,3,50.802367189544626,50.802367189544626,00,00,1,0,True,completed
7,known_visit,ACBBA,bernoulli,drop_0.25,19,361,4,20,targets_20_acbba_h3_bernoulli_025,objective_tuning_target_load_pilot_25\scenarios\known_visit_g19_t20_n25.csv,11,11,9,41.264206665425576,41.264206665425576,03,03,2,1,True,completed
7,known_visit,ACBBA,bernoulli,drop_0.25,19,361,4,20,targets_20_acbba_h3_bernoulli_025,objective_tuning_target_load_pilot_25\scenarios\known_visit_g19_t20_n25.csv,12,6,2,16.942593872753193,16.942593872753193,01,01,1,0,True,completed
7,known_visit,ACBBA,bernoulli,drop_0.25,19,361,4,20,targets_20_acbba_h3_bernoulli_025,objective_tuning_target_load_pilot_25\scenarios\known_visit_g19_t20_n25.csv,13,3,12,3.5976177967647014,3.5976177967647014,02,02,1,0,True,completed
7,known_visit,ACBBA,bernoulli,drop_0.25,19,361,4,20,targets_20_acbba_h3_bernoulli_025,objective_tuning_target_load_pilot_25\scenarios\known_visit_g19_t20_n25.csv,14,13,18,75.0254414444194,75.0254414444194,03,03,1,0,True,completed
7,known_visit,ACBBA,bernoulli,drop_0.25,19,361,4,20,targets_20_acbba_h3_bernoulli_025,objective_tuning_target_load_pilot_25\scenarios\known_visit_g19_t20_n25.csv,15,9,16,24.763002656345552,24.763002656345552,02,02,2,1,True,completed
7,known_visit,ACBBA,bernoulli,drop_0.25,19,361,4,20,targets_20_acbba_h3_bernoulli_025,objective_tuning_target_load_pilot_25\scenarios\known_visit_g19_t20_n25.csv,16,14,3,45.90729065328596,45.90729065328596,00,00,1,0,True,completed
7,known_visit,ACBBA,bernoulli,drop_0.25,19,361,4,20,targets_20_acbba_h3_bernoulli_025,objective_tuning_target_load_pilot_25\scenarios\known_visit_g19_t20_n25.csv,17,0,15,3.8903835430141,3.8903835430141,03,03,1,0,True,completed
7,known_visit,ACBBA,bernoulli,drop_0.25,19,361,4,20,targets_20_acbba_h3_bernoulli_025,objective_tuning_target_load_pilot_25\scenarios\known_visit_g19_t20_n25.csv,18,8,14,19.447793400385414,19.447793400385414,03,03,2,1,True,completed
7,known_visit,ACBBA,bernoulli,drop_0.25,19,361,4,20,targets_20_acbba_h3_bernoulli_025,objective_tuning_target_load_pilot_25\scenarios\known_visit_g19_t20_n25.csv,19,18,5,56.297164870070276,56.297164870070276,00,00,1,0,True,completed
7,known_visit,ACBBA,bernoulli,drop_0.25,19,361,4,20,targets_20_acbba_h3_bernoulli_025,objective_tuning_target_load_pilot_25\scenarios\known_visit_g19_t20_n25.csv,20,13,11,34.03960536903107,34.03960536903107,03,03,2,1,True,completed
8,known_visit,ACBBA,bernoulli,drop_0.25,19,361,4,20,targets_20_acbba_h3_bernoulli_025,objective_tuning_target_load_pilot_25\scenarios\known_visit_g19_t20_n25.csv,1,16,2,66.98175592160726,66.98175592160726,01,01,1,0,True,completed
8,known_visit,ACBBA,bernoulli,drop_0.25,19,361,4,20,targets_20_acbba_h3_bernoulli_025,objective_tuning_target_load_pilot_25\scenarios\known_visit_g19_t20_n25.csv,2,8,3,18.389397555599317,18.389397555599317,00,00,2,1,True,completed
8,known_visit,ACBBA,bernoulli,drop_0.25,19,361,4,20,targets_20_acbba_h3_bernoulli_025,objective_tuning_target_load_pilot_25\scenarios\known_visit_g19_t20_n25.csv,3,18,12,44.30347243992361,44.30347243992361,03,03,1,0,True,completed
8,known_visit,ACBBA,bernoulli,drop_0.25,19,361,4,20,targets_20_acbba_h3_bernoulli_025,objective_tuning_target_load_pilot_25\scenarios\known_visit_g19_t20_n25.csv,4,6,1,11.110586123661902,11.110586123661902,00,00,2,1,True,completed
8,known_visit,ACBBA,bernoulli,drop_0.25,19,361,4,20,targets_20_acbba_h3_bernoulli_025,objective_tuning_target_load_pilot_25\scenarios\known_visit_g19_t20_n25.csv,5,17,14,38.491181574503706,38.491181574503706,03,03,1,0,True,completed
8,known_visit,ACBBA,bernoulli,drop_0.25,19,361,4,20,targets_20_acbba_h3_bernoulli_025,objective_tuning_target_load_pilot_25\scenarios\known_visit_g19_t20_n25.csv,6,4,18,5.077972540352273,5.077972540352273,03,03,2,1,True,completed
8,known_visit,ACBBA,bernoulli,drop_0.25,19,361,4,20,targets_20_acbba_h3_bernoulli_025,objective_tuning_target_load_pilot_25\scenarios\known_visit_g19_t20_n25.csv,7,10,17,17.512579418851022,17.512579418851022,03,03,1,0,True,completed
8,known_visit,ACBBA,bernoulli,drop_0.25,19,361,4,20,targets_20_acbba_h3_bernoulli_025,objective_tuning_target_load_pilot_25\scenarios\known_visit_g19_t20_n25.csv,8,4,6,12.910536565510558,12.910536565510558,01,01,2,1,True,completed
8,known_visit,ACBBA,bernoulli,drop_0.25,19,361,4,20,targets_20_acbba_h3_bernoulli_025,objective_tuning_target_load_pilot_25\scenarios\known_visit_g19_t20_n25.csv,9,7,18,10.237516135898547,10.237516135898547,03,03,2,1,True,completed
8,known_visit,ACBBA,bernoulli,drop_0.25,19,361,4,20,targets_20_acbba_h3_bernoulli_025,objective_tuning_target_load_pilot_25\scenarios\known_visit_g19_t20_n25.csv,10,15,9,54.694944618933214,54.694944618933214,03,03,1,0,True,completed
8,known_visit,ACBBA,bernoulli,drop_0.25,19,361,4,20,targets_20_acbba_h3_bernoulli_025,objective_tuning_target_load_pilot_25\scenarios\known_visit_g19_t20_n25.csv,11,4,1,7.256366676880889,7.256366676880889,00,00,2,1,True,completed
8,known_visit,ACBBA,bernoulli,drop_0.25,19,361,4,20,targets_20_acbba_h3_bernoulli_025,objective_tuning_target_load_pilot_25\scenarios\known_visit_g19_t20_n25.csv,12,5,18,6.835099544092577,6.835099544092577,03,03,2,1,True,completed
8,known_visit,ACBBA,bernoulli,drop_0.25,19,361,4,20,targets_20_acbba_h3_bernoulli_025,objective_tuning_target_load_pilot_25\scenarios\known_visit_g19_t20_n25.csv,13,12,13,28.099729550257475,28.099729550257475,03,03,2,1,True,completed
8,known_visit,ACBBA,bernoulli,drop_0.25,19,361,4,20,targets_20_acbba_h3_bernoulli_025,objective_tuning_target_load_pilot_25\scenarios\known_visit_g19_t20_n25.csv,14,0,9,3.8402202579470703,3.8402202579470703,02,02,2,1,True,completed
8,known_visit,ACBBA,bernoulli,drop_0.25,19,361,4,20,targets_20_acbba_h3_bernoulli_025,objective_tuning_target_load_pilot_25\scenarios\known_visit_g19_t20_n25.csv,15,2,7,11.31253883393139,11.31253883393139,02,02,1,0,True,completed
8,known_visit,ACBBA,bernoulli,drop_0.25,19,361,4,20,targets_20_acbba_h3_bernoulli_025,objective_tuning_target_load_pilot_25\scenarios\known_visit_g19_t20_n25.csv,16,0,4,2.191035148203906,2.191035148203906,01,01,1,0,True,completed
8,known_visit,ACBBA,bernoulli,drop_0.25,19,361,4,20,targets_20_acbba_h3_bernoulli_025,objective_tuning_target_load_pilot_25\scenarios\known_visit_g19_t20_n25.csv,17,4,5,11.123876204613905,11.123876204613905,01,01,2,1,True,completed
8,known_visit,ACBBA,bernoulli,drop_0.25,19,361,4,20,targets_20_acbba_h3_bernoulli_025,objective_tuning_target_load_pilot_25\scenarios\known_visit_g19_t20_n25.csv,18,15,3,62.95174053422109,62.95174053422109,01,01,1,0,True,completed
8,known_visit,ACBBA,bernoulli,drop_0.25,19,361,4,20,targets_20_acbba_h3_bernoulli_025,objective_tuning_target_load_pilot_25\scenarios\known_visit_g19_t20_n25.csv,19,6,6,16.7271114013886,16.7271114013886,01,01,2,1,True,completed
8,known_visit,ACBBA,bernoulli,drop_0.25,19,361,4,20,targets_20_acbba_h3_bernoulli_025,objective_tuning_target_load_pilot_25\scenarios\known_visit_g19_t20_n25.csv,20,9,5,23.65103331945895,23.65103331945895,00,00,1,0,True,completed
9,known_visit,ACBBA,bernoulli,drop_0.25,19,361,4,20,targets_20_acbba_h3_bernoulli_025,objective_tuning_target_load_pilot_25\scenarios\known_visit_g19_t20_n25.csv,1,0,3,3.824110576859748,3.824110576859748,01,01,2,1,True,completed
9,known_visit,ACBBA,bernoulli,drop_0.25,19,361,4,20,targets_20_acbba_h3_bernoulli_025,objective_tuning_target_load_pilot_25\scenarios\known_visit_g19_t20_n25.csv,2,12,1,21.213077027152945,21.213077027152945,00,00,1,0,True,completed
9,known_visit,ACBBA,bernoulli,drop_0.25,19,361,4,20,targets_20_acbba_h3_bernoulli_025,objective_tuning_target_load_pilot_25\scenarios\known_visit_g19_t20_n25.csv,3,6,13,18.21336810736729,18.21336810736729,03,03,2,1,True,completed
9,known_visit,ACBBA,bernoulli,drop_0.25,19,361,4,20,targets_20_acbba_h3_bernoulli_025,objective_tuning_target_load_pilot_25\scenarios\known_visit_g19_t20_n25.csv,4,4,16,9.388184944051417,9.388184944051417,03,03,2,1,True,completed
9,known_visit,ACBBA,bernoulli,drop_0.25,19,361,4,20,targets_20_acbba_h3_bernoulli_025,objective_tuning_target_load_pilot_25\scenarios\known_visit_g19_t20_n25.csv,5,5,4,14.608186482697127,14.608186482697127,01,01,1,0,True,completed
9,known_visit,ACBBA,bernoulli,drop_0.25,19,361,4,20,targets_20_acbba_h3_bernoulli_025,objective_tuning_target_load_pilot_25\scenarios\known_visit_g19_t20_n25.csv,6,10,1,17.419827777435394,17.419827777435394,00,00,1,0,True,completed
9,known_visit,ACBBA,bernoulli,drop_0.25,19,361,4,20,targets_20_acbba_h3_bernoulli_025,objective_tuning_target_load_pilot_25\scenarios\known_visit_g19_t20_n25.csv,7,2,0,1.7233884277639713,1.7233884277639713,00,00,1,0,True,completed
9,known_visit,ACBBA,bernoulli,drop_0.25,19,361,4,20,targets_20_acbba_h3_bernoulli_025,objective_tuning_target_load_pilot_25\scenarios\known_visit_g19_t20_n25.csv,8,14,17,70.85332077994457,70.85332077994457,00,00,1,0,True,completed
9,known_visit,ACBBA,bernoulli,drop_0.25,19,361,4,20,targets_20_acbba_h3_bernoulli_025,objective_tuning_target_load_pilot_25\scenarios\known_visit_g19_t20_n25.csv,9,12,14,52.31557427445619,52.31557427445619,01,01,1,0,True,completed
9,known_visit,ACBBA,bernoulli,drop_0.25,19,361,4,20,targets_20_acbba_h3_bernoulli_025,objective_tuning_target_load_pilot_25\scenarios\known_visit_g19_t20_n25.csv,10,17,2,31.734371935766536,31.734371935766536,00,00,1,0,True,completed
9,known_visit,ACBBA,bernoulli,drop_0.25,19,361,4,20,targets_20_acbba_h3_bernoulli_025,objective_tuning_target_load_pilot_25\scenarios\known_visit_g19_t20_n25.csv,11,9,15,37.83946679055467,37.83946679055467,02,02,1,0,True,completed
9,known_visit,ACBBA,bernoulli,drop_0.25,19,361,4,20,targets_20_acbba_h3_bernoulli_025,objective_tuning_target_load_pilot_25\scenarios\known_visit_g19_t20_n25.csv,12,8,10,20.033208243104266,20.033208243104266,02,02,2,1,True,completed
9,known_visit,ACBBA,bernoulli,drop_0.25,19,361,4,20,targets_20_acbba_h3_bernoulli_025,objective_tuning_target_load_pilot_25\scenarios\known_visit_g19_t20_n25.csv,13,2,16,5.78082457829283,5.78082457829283,03,03,1,0,True,completed
9,known_visit,ACBBA,bernoulli,drop_0.25,19,361,4,20,targets_20_acbba_h3_bernoulli_025,objective_tuning_target_load_pilot_25\scenarios\known_visit_g19_t20_n25.csv,14,12,12,56.05349629612904,56.05349629612904,01,01,1,0,True,completed
9,known_visit,ACBBA,bernoulli,drop_0.25,19,361,4,20,targets_20_acbba_h3_bernoulli_025,objective_tuning_target_load_pilot_25\scenarios\known_visit_g19_t20_n25.csv,15,7,10,18.06017099401497,18.06017099401497,02,02,2,1,True,completed
9,known_visit,ACBBA,bernoulli,drop_0.25,19,361,4,20,targets_20_acbba_h3_bernoulli_025,objective_tuning_target_load_pilot_25\scenarios\known_visit_g19_t20_n25.csv,16,16,12,58.5355183730923,58.5355183730923,00,00,2,1,True,completed
9,known_visit,ACBBA,bernoulli,drop_0.25,19,361,4,20,targets_20_acbba_h3_bernoulli_025,objective_tuning_target_load_pilot_25\scenarios\known_visit_g19_t20_n25.csv,17,14,2,26.513648482108643,26.513648482108643,00,00,1,0,True,completed
9,known_visit,ACBBA,bernoulli,drop_0.25,19,361,4,20,targets_20_acbba_h3_bernoulli_025,objective_tuning_target_load_pilot_25\scenarios\known_visit_g19_t20_n25.csv,18,4,9,10.722189563438103,10.722189563438103,02,02,2,1,True,completed
9,known_visit,ACBBA,bernoulli,drop_0.25,19,361,4,20,targets_20_acbba_h3_bernoulli_025,objective_tuning_target_load_pilot_25\scenarios\known_visit_g19_t20_n25.csv,19,9,12,25.271466008254706,25.271466008254706,02,02,2,1,True,completed
9,known_visit,ACBBA,bernoulli,drop_0.25,19,361,4,20,targets_20_acbba_h3_bernoulli_025,objective_tuning_target_load_pilot_25\scenarios\known_visit_g19_t20_n25.csv,20,14,7,46.106110416154976,46.106110416154976,00,00,1,0,True,completed
10,known_visit,ACBBA,bernoulli,drop_0.25,19,361,4,20,targets_20_acbba_h3_bernoulli_025,objective_tuning_target_load_pilot_25\scenarios\known_visit_g19_t20_n25.csv,1,4,8,23.376392185334712,23.376392185334712,02,02,1,0,True,completed
10,known_visit,ACBBA,bernoulli,drop_0.25,19,361,4,20,targets_20_acbba_h3_bernoulli_025,objective_tuning_target_load_pilot_25\scenarios\known_visit_g19_t20_n25.csv,2,2,6,1.8002544651684695,1.8002544651684695,01,01,2,1,True,completed
10,known_visit,ACBBA,bernoulli,drop_0.25,19,361,4,20,targets_20_acbba_h3_bernoulli_025,objective_tuning_target_load_pilot_25\scenarios\known_visit_g19_t20_n25.csv,3,12,8,37.29219812707227,37.29219812707227,02,02,1,0,True,completed
10,known_visit,ACBBA,bernoulli,drop_0.25,19,361,4,20,targets_20_acbba_h3_bernoulli_025,objective_tuning_target_load_pilot_25\scenarios\known_visit_g19_t20_n25.csv,4,14,13,35.517123816659534,35.517123816659534,03,03,1,0,True,completed
10,known_visit,ACBBA,bernoulli,drop_0.25,19,361,4,20,targets_20_acbba_h3_bernoulli_025,objective_tuning_target_load_pilot_25\scenarios\known_visit_g19_t20_n25.csv,5,16,9,48.924080232445355,48.924080232445355,00,00,1,0,True,completed
10,known_visit,ACBBA,bernoulli,drop_0.25,19,361,4,20,targets_20_acbba_h3_bernoulli_025,objective_tuning_target_load_pilot_25\scenarios\known_visit_g19_t20_n25.csv,6,18,9,45.25792152154224,45.25792152154224,00,00,1,0,True,completed
10,known_visit,ACBBA,bernoulli,drop_0.25,19,361,4,20,targets_20_acbba_h3_bernoulli_025,objective_tuning_target_load_pilot_25\scenarios\known_visit_g19_t20_n25.csv,7,10,0,16.03072700857939,16.03072700857939,00,00,1,0,True,completed
10,known_visit,ACBBA,bernoulli,drop_0.25,19,361,4,20,targets_20_acbba_h3_bernoulli_025,objective_tuning_target_load_pilot_25\scenarios\known_visit_g19_t20_n25.csv,8,8,13,21.19290688980724,21.19290688980724,03,03,2,1,True,completed
10,known_visit,ACBBA,bernoulli,drop_0.25,19,361,4,20,targets_20_acbba_h3_bernoulli_025,objective_tuning_target_load_pilot_25\scenarios\known_visit_g19_t20_n25.csv,9,2,7,3.8013317886934543,3.8013317886934543,01,01,1,0,True,completed
10,known_visit,ACBBA,bernoulli,drop_0.25,19,361,4,20,targets_20_acbba_h3_bernoulli_025,objective_tuning_target_load_pilot_25\scenarios\known_visit_g19_t20_n25.csv,10,18,4,36.71186952889167,36.71186952889167,00,00,1,0,True,completed
10,known_visit,ACBBA,bernoulli,drop_0.25,19,361,4,20,targets_20_acbba_h3_bernoulli_025,objective_tuning_target_load_pilot_25\scenarios\known_visit_g19_t20_n25.csv,11,1,9,5.56245144708765,5.56245144708765,02,02,2,1,True,completed
10,known_visit,ACBBA,bernoulli,drop_0.25,19,361,4,20,targets_20_acbba_h3_bernoulli_025,objective_tuning_target_load_pilot_25\scenarios\known_visit_g19_t20_n25.csv,12,10,13,24.52514895327105,24.52514895327105,03,03,2,1,True,completed
10,known_visit,ACBBA,bernoulli,drop_0.25,19,361,4,20,targets_20_acbba_h3_bernoulli_025,objective_tuning_target_load_pilot_25\scenarios\known_visit_g19_t20_n25.csv,13,1,6,0.14588379894144315,0.14588379894144315,01,01,2,1,True,completed
10,known_visit,ACBBA,bernoulli,drop_0.25,19,361,4,20,targets_20_acbba_h3_bernoulli_025,objective_tuning_target_load_pilot_25\scenarios\known_visit_g19_t20_n25.csv,14,12,12,40.87466187224071,40.87466187224071,03,03,1,0,True,completed
10,known_visit,ACBBA,bernoulli,drop_0.25,19,361,4,20,targets_20_acbba_h3_bernoulli_025,objective_tuning_target_load_pilot_25\scenarios\known_visit_g19_t20_n25.csv,15,6,17,10.56426289032668,10.56426289032668,03,03,1,0,True,completed
10,known_visit,ACBBA,bernoulli,drop_0.25,19,361,4,20,targets_20_acbba_h3_bernoulli_025,objective_tuning_target_load_pilot_25\scenarios\known_visit_g19_t20_n25.csv,16,5,6,17.58522281601339,17.58522281601339,02,02,1,0,True,completed
10,known_visit,ACBBA,bernoulli,drop_0.25,19,361,4,20,targets_20_acbba_h3_bernoulli_025,objective_tuning_target_load_pilot_25\scenarios\known_visit_g19_t20_n25.csv,17,13,11,44.90909528855043,44.90909528855043,03,03,1,0,True,completed
10,known_visit,ACBBA,bernoulli,drop_0.25,19,361,4,20,targets_20_acbba_h3_bernoulli_025,objective_tuning_target_load_pilot_25\scenarios\known_visit_g19_t20_n25.csv,18,18,5,38.463985578964994,38.463985578964994,00,00,1,0,True,completed
10,known_visit,ACBBA,bernoulli,drop_0.25,19,361,4,20,targets_20_acbba_h3_bernoulli_025,objective_tuning_target_load_pilot_25\scenarios\known_visit_g19_t20_n25.csv,19,5,0,7.487238129676557,7.487238129676557,00,00,1,0,True,completed
10,known_visit,ACBBA,bernoulli,drop_0.25,19,361,4,20,targets_20_acbba_h3_bernoulli_025,objective_tuning_target_load_pilot_25\scenarios\known_visit_g19_t20_n25.csv,20,10,14,26.521968506226358,26.521968506226358,03,03,1,0,True,completed
11,known_visit,ACBBA,bernoulli,drop_0.25,19,361,4,20,targets_20_acbba_h3_bernoulli_025,objective_tuning_target_load_pilot_25\scenarios\known_visit_g19_t20_n25.csv,1,16,16,32.696372122322686,32.696372122322686,02,02,2,1,True,completed
11,known_visit,ACBBA,bernoulli,drop_0.25,19,361,4,20,targets_20_acbba_h3_bernoulli_025,objective_tuning_target_load_pilot_25\scenarios\known_visit_g19_t20_n25.csv,2,4,17,7.150240657517982,7.150240657517982,03,03,2,1,True,completed
11,known_visit,ACBBA,bernoulli,drop_0.25,19,361,4,20,targets_20_acbba_h3_bernoulli_025,objective_tuning_target_load_pilot_25\scenarios\known_visit_g19_t20_n25.csv,3,8,8,27.089287839307705,27.089287839307705,01,01,1,0,True,completed
11,known_visit,ACBBA,bernoulli,drop_0.25,19,361,4,20,targets_20_acbba_h3_bernoulli_025,objective_tuning_target_load_pilot_25\scenarios\known_visit_g19_t20_n25.csv,4,13,1,66.53806670522205,66.53806670522205,01,01,1,0,True,completed
11,known_visit,ACBBA,bernoulli,drop_0.25,19,361,4,20,targets_20_acbba_h3_bernoulli_025,objective_tuning_target_load_pilot_25\scenarios\known_visit_g19_t20_n25.csv,5,7,6,20.95793444089669,20.95793444089669,00,00,2,1,True,completed
11,known_visit,ACBBA,bernoulli,drop_0.25,19,361,4,20,targets_20_acbba_h3_bernoulli_025,objective_tuning_target_load_pilot_25\scenarios\known_visit_g19_t20_n25.csv,6,13,5,45.01017878345833,45.01017878345833,01,01,1,0,True,completed
11,known_visit,ACBBA,bernoulli,drop_0.25,19,361,4,20,targets_20_acbba_h3_bernoulli_025,objective_tuning_target_load_pilot_25\scenarios\known_visit_g19_t20_n25.csv,7,12,18,26.38128710750942,26.38128710750942,03,03,1,0,True,completed
11,known_visit,ACBBA,bernoulli,drop_0.25,19,361,4,20,targets_20_acbba_h3_bernoulli_025,objective_tuning_target_load_pilot_25\scenarios\known_visit_g19_t20_n25.csv,8,10,6,52.4302955378702,52.4302955378702,01,01,1,0,True,completed
11,known_visit,ACBBA,bernoulli,drop_0.25,19,361,4,20,targets_20_acbba_h3_bernoulli_025,objective_tuning_target_load_pilot_25\scenarios\known_visit_g19_t20_n25.csv,9,15,7,64.96115336283628,64.96115336283628,02,02,1,0,True,completed
11,known_visit,ACBBA,bernoulli,drop_0.25,19,361,4,20,targets_20_acbba_h3_bernoulli_025,objective_tuning_target_load_pilot_25\scenarios\known_visit_g19_t20_n25.csv,10,11,12,16.981979549858316,16.981979549858316,02,02,2,1,True,completed
11,known_visit,ACBBA,bernoulli,drop_0.25,19,361,4,20,targets_20_acbba_h3_bernoulli_025,objective_tuning_target_load_pilot_25\scenarios\known_visit_g19_t20_n25.csv,11,6,7,25.03587360494734,25.03587360494734,00,00,1,0,True,completed
11,known_visit,ACBBA,bernoulli,drop_0.25,19,361,4,20,targets_20_acbba_h3_bernoulli_025,objective_tuning_target_load_pilot_25\scenarios\known_visit_g19_t20_n25.csv,12,18,18,39.867316287793074,39.867316287793074,02,02,1,0,True,completed
11,known_visit,ACBBA,bernoulli,drop_0.25,19,361,4,20,targets_20_acbba_h3_bernoulli_025,objective_tuning_target_load_pilot_25\scenarios\known_visit_g19_t20_n25.csv,13,6,11,17.986567308461026,17.986567308461026,01,01,1,0,True,completed
11,known_visit,ACBBA,bernoulli,drop_0.25,19,361,4,20,targets_20_acbba_h3_bernoulli_025,objective_tuning_target_load_pilot_25\scenarios\known_visit_g19_t20_n25.csv,14,15,8,63.04295801554063,63.04295801554063,02,02,1,0,True,completed
11,known_visit,ACBBA,bernoulli,drop_0.25,19,361,4,20,targets_20_acbba_h3_bernoulli_025,objective_tuning_target_load_pilot_25\scenarios\known_visit_g19_t20_n25.csv,15,15,14,27.356644367476587,27.356644367476587,02,02,1,0,True,completed
11,known_visit,ACBBA,bernoulli,drop_0.25,19,361,4,20,targets_20_acbba_h3_bernoulli_025,objective_tuning_target_load_pilot_25\scenarios\known_visit_g19_t20_n25.csv,16,3,10,10.725827321302056,10.725827321302056,01,01,2,1,True,completed
11,known_visit,ACBBA,bernoulli,drop_0.25,19,361,4,20,targets_20_acbba_h3_bernoulli_025,objective_tuning_target_load_pilot_25\scenarios\known_visit_g19_t20_n25.csv,17,1,12,0.19849437986085347,0.19849437986085347,02,02,2,1,True,completed
11,known_visit,ACBBA,bernoulli,drop_0.25,19,361,4,20,targets_20_acbba_h3_bernoulli_025,objective_tuning_target_load_pilot_25\scenarios\known_visit_g19_t20_n25.csv,18,3,12,3.6943992512240276,3.6943992512240276,02,02,3,2,True,completed
11,known_visit,ACBBA,bernoulli,drop_0.25,19,361,4,20,targets_20_acbba_h3_bernoulli_025,objective_tuning_target_load_pilot_25\scenarios\known_visit_g19_t20_n25.csv,19,3,8,7.343809310317624,7.343809310317624,01,01,1,0,True,completed
11,known_visit,ACBBA,bernoulli,drop_0.25,19,361,4,20,targets_20_acbba_h3_bernoulli_025,objective_tuning_target_load_pilot_25\scenarios\known_visit_g19_t20_n25.csv,20,7,16,14.162384058107248,14.162384058107248,03,03,2,1,True,completed
12,known_visit,ACBBA,bernoulli,drop_0.25,19,361,4,20,targets_20_acbba_h3_bernoulli_025,objective_tuning_target_load_pilot_25\scenarios\known_visit_g19_t20_n25.csv,1,16,8,58.98701805386019,58.98701805386019,01,01,1,0,True,completed
12,known_visit,ACBBA,bernoulli,drop_0.25,19,361,4,20,targets_20_acbba_h3_bernoulli_025,objective_tuning_target_load_pilot_25\scenarios\known_visit_g19_t20_n25.csv,2,15,17,66.37731940276555,66.37731940276555,02,02,1,0,True,completed
12,known_visit,ACBBA,bernoulli,drop_0.25,19,361,4,20,targets_20_acbba_h3_bernoulli_025,objective_tuning_target_load_pilot_25\scenarios\known_visit_g19_t20_n25.csv,3,10,10,20.051912144501447,20.051912144501447,02,02,1,0,True,completed
12,known_visit,ACBBA,bernoulli,drop_0.25,19,361,4,20,targets_20_acbba_h3_bernoulli_025,objective_tuning_target_load_pilot_25\scenarios\known_visit_g19_t20_n25.csv,4,18,13,53.918844754481164,53.918844754481164,02,02,1,0,True,completed
12,known_visit,ACBBA,bernoulli,drop_0.25,19,361,4,20,targets_20_acbba_h3_bernoulli_025,objective_tuning_target_load_pilot_25\scenarios\known_visit_g19_t20_n25.csv,5,4,16,12.971276854275338,12.971276854275338,03,03,1,0,True,completed
12,known_visit,ACBBA,bernoulli,drop_0.25,19,361,4,20,targets_20_acbba_h3_bernoulli_025,objective_tuning_target_load_pilot_25\scenarios\known_visit_g19_t20_n25.csv,6,5,7,16.677283009896783,16.677283009896783,01,01,2,1,True,completed
12,known_visit,ACBBA,bernoulli,drop_0.25,19,361,4,20,targets_20_acbba_h3_bernoulli_025,objective_tuning_target_load_pilot_25\scenarios\known_visit_g19_t20_n25.csv,7,13,3,37.17960296394153,37.17960296394153,01,01,1,0,True,completed
12,known_visit,ACBBA,bernoulli,drop_0.25,19,361,4,20,targets_20_acbba_h3_bernoulli_025,objective_tuning_target_load_pilot_25\scenarios\known_visit_g19_t20_n25.csv,8,9,3,30.612081111073838,30.612081111073838,01,01,2,1,True,completed
12,known_visit,ACBBA,bernoulli,drop_0.25,19,361,4,20,targets_20_acbba_h3_bernoulli_025,objective_tuning_target_load_pilot_25\scenarios\known_visit_g19_t20_n25.csv,9,3,6,14.246962612265527,14.246962612265527,00,00,1,0,True,completed
12,known_visit,ACBBA,bernoulli,drop_0.25,19,361,4,20,targets_20_acbba_h3_bernoulli_025,objective_tuning_target_load_pilot_25\scenarios\known_visit_g19_t20_n25.csv,10,4,9,11.108753446735676,11.108753446735676,01,01,2,1,True,completed
12,known_visit,ACBBA,bernoulli,drop_0.25,19,361,4,20,targets_20_acbba_h3_bernoulli_025,objective_tuning_target_load_pilot_25\scenarios\known_visit_g19_t20_n25.csv,11,16,15,46.88707660320595,46.88707660320595,02,02,1,0,True,completed
12,known_visit,ACBBA,bernoulli,drop_0.25,19,361,4,20,targets_20_acbba_h3_bernoulli_025,objective_tuning_target_load_pilot_25\scenarios\known_visit_g19_t20_n25.csv,12,1,8,4.079962154867445,4.079962154867445,01,01,2,1,True,completed
12,known_visit,ACBBA,bernoulli,drop_0.25,19,361,4,20,targets_20_acbba_h3_bernoulli_025,objective_tuning_target_load_pilot_25\scenarios\known_visit_g19_t20_n25.csv,13,9,13,31.01001197277829,31.01001197277829,02,02,1,0,True,completed
12,known_visit,ACBBA,bernoulli,drop_0.25,19,361,4,20,targets_20_acbba_h3_bernoulli_025,objective_tuning_target_load_pilot_25\scenarios\known_visit_g19_t20_n25.csv,14,11,3,33.857288953305165,33.857288953305165,01,01,1,0,True,completed
12,known_visit,ACBBA,bernoulli,drop_0.25,19,361,4,20,targets_20_acbba_h3_bernoulli_025,objective_tuning_target_load_pilot_25\scenarios\known_visit_g19_t20_n25.csv,15,1,12,0.14402887969106848,0.14402887969106848,02,02,1,0,True,completed
12,known_visit,ACBBA,bernoulli,drop_0.25,19,361,4,20,targets_20_acbba_h3_bernoulli_025,objective_tuning_target_load_pilot_25\scenarios\known_visit_g19_t20_n25.csv,16,5,18,7.234822179402088,7.234822179402088,03,03,1,0,True,completed
12,known_visit,ACBBA,bernoulli,drop_0.25,19,361,4,20,targets_20_acbba_h3_bernoulli_025,objective_tuning_target_load_pilot_25\scenarios\known_visit_g19_t20_n25.csv,17,15,2,42.65988822195302,42.65988822195302,01,01,2,1,True,completed
12,known_visit,ACBBA,bernoulli,drop_0.25,19,361,4,20,targets_20_acbba_h3_bernoulli_025,objective_tuning_target_load_pilot_25\scenarios\known_visit_g19_t20_n25.csv,18,17,4,50.10401781877741,50.10401781877741,01,01,2,1,True,completed
12,known_visit,ACBBA,bernoulli,drop_0.25,19,361,4,20,targets_20_acbba_h3_bernoulli_025,objective_tuning_target_load_pilot_25\scenarios\known_visit_g19_t20_n25.csv,19,14,18,70.19005534849225,70.19005534849225,02,02,1,0,True,completed
12,known_visit,ACBBA,bernoulli,drop_0.25,19,361,4,20,targets_20_acbba_h3_bernoulli_025,objective_tuning_target_load_pilot_25\scenarios\known_visit_g19_t20_n25.csv,20,8,1,53.464249890281586,53.464249890281586,00,00,1,0,True,completed
13,known_visit,ACBBA,bernoulli,drop_0.25,19,361,4,20,targets_20_acbba_h3_bernoulli_025,objective_tuning_target_load_pilot_25\scenarios\known_visit_g19_t20_n25.csv,1,3,18,3.510452148234774,3.510452148234774,03,03,1,0,True,completed
13,known_visit,ACBBA,bernoulli,drop_0.25,19,361,4,20,targets_20_acbba_h3_bernoulli_025,objective_tuning_target_load_pilot_25\scenarios\known_visit_g19_t20_n25.csv,2,3,5,5.636523285636453,5.636523285636453,01,01,1,0,True,completed
13,known_visit,ACBBA,bernoulli,drop_0.25,19,361,4,20,targets_20_acbba_h3_bernoulli_025,objective_tuning_target_load_pilot_25\scenarios\known_visit_g19_t20_n25.csv,3,9,11,23.837731305145983,23.837731305145983,02,02,2,1,True,completed
13,known_visit,ACBBA,bernoulli,drop_0.25,19,361,4,20,targets_20_acbba_h3_bernoulli_025,objective_tuning_target_load_pilot_25\scenarios\known_visit_g19_t20_n25.csv,4,1,0,0.227098044828382,0.227098044828382,00,00,1,0,True,completed
13,known_visit,ACBBA,bernoulli,drop_0.25,19,361,4,20,targets_20_acbba_h3_bernoulli_025,objective_tuning_target_load_pilot_25\scenarios\known_visit_g19_t20_n25.csv,5,12,14,44.51637871757018,44.51637871757018,03,03,1,0,True,completed
13,known_visit,ACBBA,bernoulli,drop_0.25,19,361,4,20,targets_20_acbba_h3_bernoulli_025,objective_tuning_target_load_pilot_25\scenarios\known_visit_g19_t20_n25.csv,6,9,18,13.735478170853598,13.735478170853598,03,03,1,0,True,completed
13,known_visit,ACBBA,bernoulli,drop_0.25,19,361,4,20,targets_20_acbba_h3_bernoulli_025,objective_tuning_target_load_pilot_25\scenarios\known_visit_g19_t20_n25.csv,7,16,9,35.418727759821934,35.418727759821934,01,01,1,0,True,completed
13,known_visit,ACBBA,bernoulli,drop_0.25,19,361,4,20,targets_20_acbba_h3_bernoulli_025,objective_tuning_target_load_pilot_25\scenarios\known_visit_g19_t20_n25.csv,8,0,13,0.5091919700065118,0.5091919700065118,02,02,1,0,True,completed
13,known_visit,ACBBA,bernoulli,drop_0.25,19,361,4,20,targets_20_acbba_h3_bernoulli_025,objective_tuning_target_load_pilot_25\scenarios\known_visit_g19_t20_n25.csv,9,11,14,24.35696862697951,24.35696862697951,03,03,1,0,True,completed
13,known_visit,ACBBA,bernoulli,drop_0.25,19,361,4,20,targets_20_acbba_h3_bernoulli_025,objective_tuning_target_load_pilot_25\scenarios\known_visit_g19_t20_n25.csv,10,13,0,28.589850950942957,28.589850950942957,00,00,2,1,True,completed
13,known_visit,ACBBA,bernoulli,drop_0.25,19,361,4,20,targets_20_acbba_h3_bernoulli_025,objective_tuning_target_load_pilot_25\scenarios\known_visit_g19_t20_n25.csv,11,15,0,32.02655540304566,32.02655540304566,00,00,2,1,True,completed
13,known_visit,ACBBA,bernoulli,drop_0.25,19,361,4,20,targets_20_acbba_h3_bernoulli_025,objective_tuning_target_load_pilot_25\scenarios\known_visit_g19_t20_n25.csv,12,12,6,23.447361495760454,23.447361495760454,01,01,2,1,True,completed
13,known_visit,ACBBA,bernoulli,drop_0.25,19,361,4,20,targets_20_acbba_h3_bernoulli_025,objective_tuning_target_load_pilot_25\scenarios\known_visit_g19_t20_n25.csv,13,10,1,21.27747210681616,21.27747210681616,00,00,1,0,True,completed
13,known_visit,ACBBA,bernoulli,drop_0.25,19,361,4,20,targets_20_acbba_h3_bernoulli_025,objective_tuning_target_load_pilot_25\scenarios\known_visit_g19_t20_n25.csv,14,17,1,37.30672402171558,37.30672402171558,00,00,1,0,True,completed
13,known_visit,ACBBA,bernoulli,drop_0.25,19,361,4,20,targets_20_acbba_h3_bernoulli_025,objective_tuning_target_load_pilot_25\scenarios\known_visit_g19_t20_n25.csv,15,14,17,59.48637882126514,59.48637882126514,01,01,1,0,True,completed
13,known_visit,ACBBA,bernoulli,drop_0.25,19,361,4,20,targets_20_acbba_h3_bernoulli_025,objective_tuning_target_load_pilot_25\scenarios\known_visit_g19_t20_n25.csv,16,11,16,20.979535090188385,20.979535090188385,03,03,1,0,True,completed
13,known_visit,ACBBA,bernoulli,drop_0.25,19,361,4,20,targets_20_acbba_h3_bernoulli_025,objective_tuning_target_load_pilot_25\scenarios\known_visit_g19_t20_n25.csv,17,18,14,47.47914081933481,47.47914081933481,01,01,1,0,True,completed
13,known_visit,ACBBA,bernoulli,drop_0.25,19,361,4,20,targets_20_acbba_h3_bernoulli_025,objective_tuning_target_load_pilot_25\scenarios\known_visit_g19_t20_n25.csv,18,10,11,25.86855305166621,25.86855305166621,02,02,2,1,True,completed
13,known_visit,ACBBA,bernoulli,drop_0.25,19,361,4,20,targets_20_acbba_h3_bernoulli_025,objective_tuning_target_load_pilot_25\scenarios\known_visit_g19_t20_n25.csv,19,6,2,12.37042636241453,12.37042636241453,00,00,1,0,True,completed
13,known_visit,ACBBA,bernoulli,drop_0.25,19,361,4,20,targets_20_acbba_h3_bernoulli_025,objective_tuning_target_load_pilot_25\scenarios\known_visit_g19_t20_n25.csv,20,7,10,18.07907569181864,18.07907569181864,02,02,1,0,True,completed
14,known_visit,ACBBA,bernoulli,drop_0.25,19,361,4,20,targets_20_acbba_h3_bernoulli_025,objective_tuning_target_load_pilot_25\scenarios\known_visit_g19_t20_n25.csv,1,11,12,32.39221065497016,32.39221065497016,01,01,1,0,True,completed
14,known_visit,ACBBA,bernoulli,drop_0.25,19,361,4,20,targets_20_acbba_h3_bernoulli_025,objective_tuning_target_load_pilot_25\scenarios\known_visit_g19_t20_n25.csv,2,18,14,41.98082902960527,41.98082902960527,03,03,1,0,True,completed
14,known_visit,ACBBA,bernoulli,drop_0.25,19,361,4,20,targets_20_acbba_h3_bernoulli_025,objective_tuning_target_load_pilot_25\scenarios\known_visit_g19_t20_n25.csv,3,14,10,52.86837746232562,52.86837746232562,02,02,1,0,True,completed
14,known_visit,ACBBA,bernoulli,drop_0.25,19,361,4,20,targets_20_acbba_h3_bernoulli_025,objective_tuning_target_load_pilot_25\scenarios\known_visit_g19_t20_n25.csv,4,11,4,29.317485136673287,29.317485136673287,00,00,1,0,True,completed
14,known_visit,ACBBA,bernoulli,drop_0.25,19,361,4,20,targets_20_acbba_h3_bernoulli_025,objective_tuning_target_load_pilot_25\scenarios\known_visit_g19_t20_n25.csv,5,5,3,16.692360144651392,16.692360144651392,00,00,1,0,True,completed
14,known_visit,ACBBA,bernoulli,drop_0.25,19,361,4,20,targets_20_acbba_h3_bernoulli_025,objective_tuning_target_load_pilot_25\scenarios\known_visit_g19_t20_n25.csv,6,11,5,30.954290443382092,30.954290443382092,00,00,3,2,True,completed
14,known_visit,ACBBA,bernoulli,drop_0.25,19,361,4,20,targets_20_acbba_h3_bernoulli_025,objective_tuning_target_load_pilot_25\scenarios\known_visit_g19_t20_n25.csv,7,5,9,16.3685658301478,16.3685658301478,01,01,1,0,True,completed
14,known_visit,ACBBA,bernoulli,drop_0.25,19,361,4,20,targets_20_acbba_h3_bernoulli_025,objective_tuning_target_load_pilot_25\scenarios\known_visit_g19_t20_n25.csv,8,11,18,21.759505486042496,21.759505486042496,03,03,1,0,True,completed
14,known_visit,ACBBA,bernoulli,drop_0.25,19,361,4,20,targets_20_acbba_h3_bernoulli_025,objective_tuning_target_load_pilot_25\scenarios\known_visit_g19_t20_n25.csv,9,12,10,38.123340222513654,38.123340222513654,01,01,1,0,True,completed
14,known_visit,ACBBA,bernoulli,drop_0.25,19,361,4,20,targets_20_acbba_h3_bernoulli_025,objective_tuning_target_load_pilot_25\scenarios\known_visit_g19_t20_n25.csv,10,2,9,11.460372756548232,11.460372756548232,02,02,1,0,True,completed
14,known_visit,ACBBA,bernoulli,drop_0.25,19,361,4,20,targets_20_acbba_h3_bernoulli_025,objective_tuning_target_load_pilot_25\scenarios\known_visit_g19_t20_n25.csv,11,18,6,44.75078107374683,44.75078107374683,00,00,1,0,True,completed
14,known_visit,ACBBA,bernoulli,drop_0.25,19,361,4,20,targets_20_acbba_h3_bernoulli_025,objective_tuning_target_load_pilot_25\scenarios\known_visit_g19_t20_n25.csv,12,18,0,55.29042176259938,55.29042176259938,00,00,1,0,True,completed
14,known_visit,ACBBA,bernoulli,drop_0.25,19,361,4,20,targets_20_acbba_h3_bernoulli_025,objective_tuning_target_load_pilot_25\scenarios\known_visit_g19_t20_n25.csv,13,13,6,36.368313605240935,36.368313605240935,00,00,1,0,True,completed
14,known_visit,ACBBA,bernoulli,drop_0.25,19,361,4,20,targets_20_acbba_h3_bernoulli_025,objective_tuning_target_load_pilot_25\scenarios\known_visit_g19_t20_n25.csv,14,7,8,22.75649869222334,22.75649869222334,02,02,1,0,True,completed
14,known_visit,ACBBA,bernoulli,drop_0.25,19,361,4,20,targets_20_acbba_h3_bernoulli_025,objective_tuning_target_load_pilot_25\scenarios\known_visit_g19_t20_n25.csv,15,12,6,34.63623830662175,34.63623830662175,00,00,2,1,True,completed
14,known_visit,ACBBA,bernoulli,drop_0.25,19,361,4,20,targets_20_acbba_h3_bernoulli_025,objective_tuning_target_load_pilot_25\scenarios\known_visit_g19_t20_n25.csv,16,0,13,0.513412194399468,0.513412194399468,02,02,1,0,True,completed
14,known_visit,ACBBA,bernoulli,drop_0.25,19,361,4,20,targets_20_acbba_h3_bernoulli_025,objective_tuning_target_load_pilot_25\scenarios\known_visit_g19_t20_n25.csv,17,10,9,25.21703775094797,25.21703775094797,01,01,1,0,True,completed
14,known_visit,ACBBA,bernoulli,drop_0.25,19,361,4,20,targets_20_acbba_h3_bernoulli_025,objective_tuning_target_load_pilot_25\scenarios\known_visit_g19_t20_n25.csv,18,14,17,29.47820875146834,29.47820875146834,03,03,1,0,True,completed
14,known_visit,ACBBA,bernoulli,drop_0.25,19,361,4,20,targets_20_acbba_h3_bernoulli_025,objective_tuning_target_load_pilot_25\scenarios\known_visit_g19_t20_n25.csv,19,16,15,36.57506699113069,36.57506699113069,03,03,1,0,True,completed
14,known_visit,ACBBA,bernoulli,drop_0.25,19,361,4,20,targets_20_acbba_h3_bernoulli_025,objective_tuning_target_load_pilot_25\scenarios\known_visit_g19_t20_n25.csv,20,3,4,10.96656062406697,10.96656062406697,00,00,1,0,True,completed
15,known_visit,ACBBA,bernoulli,drop_0.25,19,361,4,20,targets_20_acbba_h3_bernoulli_025,objective_tuning_target_load_pilot_25\scenarios\known_visit_g19_t20_n25.csv,1,16,11,53.81632873321214,53.81632873321214,02,02,1,0,True,completed
15,known_visit,ACBBA,bernoulli,drop_0.25,19,361,4,20,targets_20_acbba_h3_bernoulli_025,objective_tuning_target_load_pilot_25\scenarios\known_visit_g19_t20_n25.csv,2,7,16,14.128946835900948,14.128946835900948,03,03,3,2,True,completed
15,known_visit,ACBBA,bernoulli,drop_0.25,19,361,4,20,targets_20_acbba_h3_bernoulli_025,objective_tuning_target_load_pilot_25\scenarios\known_visit_g19_t20_n25.csv,3,7,0,10.597947795107002,10.597947795107002,00,00,1,0,True,completed
15,known_visit,ACBBA,bernoulli,drop_0.25,19,361,4,20,targets_20_acbba_h3_bernoulli_025,objective_tuning_target_load_pilot_25\scenarios\known_visit_g19_t20_n25.csv,4,17,18,43.30396203211249,43.30396203211249,03,03,1,0,True,completed
15,known_visit,ACBBA,bernoulli,drop_0.25,19,361,4,20,targets_20_acbba_h3_bernoulli_025,objective_tuning_target_load_pilot_25\scenarios\known_visit_g19_t20_n25.csv,5,14,14,30.402432027679644,30.402432027679644,03,03,2,1,True,completed
15,known_visit,ACBBA,bernoulli,drop_0.25,19,361,4,20,targets_20_acbba_h3_bernoulli_025,objective_tuning_target_load_pilot_25\scenarios\known_visit_g19_t20_n25.csv,6,16,15,35.86441367273384,35.86441367273384,03,03,2,1,True,completed
15,known_visit,ACBBA,bernoulli,drop_0.25,19,361,4,20,targets_20_acbba_h3_bernoulli_025,objective_tuning_target_load_pilot_25\scenarios\known_visit_g19_t20_n25.csv,7,6,7,10.581784283782433,10.581784283782433,01,01,1,0,True,completed
15,known_visit,ACBBA,bernoulli,drop_0.25,19,361,4,20,targets_20_acbba_h3_bernoulli_025,objective_tuning_target_load_pilot_25\scenarios\known_visit_g19_t20_n25.csv,8,10,3,29.220192275522724,29.220192275522724,00,00,1,0,True,completed
15,known_visit,ACBBA,bernoulli,drop_0.25,19,361,4,20,targets_20_acbba_h3_bernoulli_025,objective_tuning_target_load_pilot_25\scenarios\known_visit_g19_t20_n25.csv,9,6,3,18.188324413205574,18.188324413205574,00,00,1,0,True,completed
15,known_visit,ACBBA,bernoulli,drop_0.25,19,361,4,20,targets_20_acbba_h3_bernoulli_025,objective_tuning_target_load_pilot_25\scenarios\known_visit_g19_t20_n25.csv,10,6,11,31.71808461806263,31.71808461806263,01,01,1,0,True,completed
15,known_visit,ACBBA,bernoulli,drop_0.25,19,361,4,20,targets_20_acbba_h3_bernoulli_025,objective_tuning_target_load_pilot_25\scenarios\known_visit_g19_t20_n25.csv,11,15,1,44.98901189177472,44.98901189177472,00,00,1,0,True,completed
15,known_visit,ACBBA,bernoulli,drop_0.25,19,361,4,20,targets_20_acbba_h3_bernoulli_025,objective_tuning_target_load_pilot_25\scenarios\known_visit_g19_t20_n25.csv,12,17,1,48.529815203231855,48.529815203231855,00,00,1,0,True,completed
15,known_visit,ACBBA,bernoulli,drop_0.25,19,361,4,20,targets_20_acbba_h3_bernoulli_025,objective_tuning_target_load_pilot_25\scenarios\known_visit_g19_t20_n25.csv,13,11,0,36.35170183869998,36.35170183869998,00,00,1,0,True,completed
15,known_visit,ACBBA,bernoulli,drop_0.25,19,361,4,20,targets_20_acbba_h3_bernoulli_025,objective_tuning_target_load_pilot_25\scenarios\known_visit_g19_t20_n25.csv,14,1,14,3.8030576845910486,3.8030576845910486,02,02,1,0,True,completed
15,known_visit,ACBBA,bernoulli,drop_0.25,19,361,4,20,targets_20_acbba_h3_bernoulli_025,objective_tuning_target_load_pilot_25\scenarios\known_visit_g19_t20_n25.csv,15,17,16,39.49081765206578,39.49081765206578,03,03,2,1,True,completed
15,known_visit,ACBBA,bernoulli,drop_0.25,19,361,4,20,targets_20_acbba_h3_bernoulli_025,objective_tuning_target_load_pilot_25\scenarios\known_visit_g19_t20_n25.csv,16,10,16,19.54268169561961,19.54268169561961,03,03,2,1,True,completed
15,known_visit,ACBBA,bernoulli,drop_0.25,19,361,4,20,targets_20_acbba_h3_bernoulli_025,objective_tuning_target_load_pilot_25\scenarios\known_visit_g19_t20_n25.csv,17,18,2,52.323688910471134,52.323688910471134,00,00,1,0,True,completed
15,known_visit,ACBBA,bernoulli,drop_0.25,19,361,4,20,targets_20_acbba_h3_bernoulli_025,objective_tuning_target_load_pilot_25\scenarios\known_visit_g19_t20_n25.csv,18,10,8,19.707314728751633,19.707314728751633,01,01,1,0,True,completed
15,known_visit,ACBBA,bernoulli,drop_0.25,19,361,4,20,targets_20_acbba_h3_bernoulli_025,objective_tuning_target_load_pilot_25\scenarios\known_visit_g19_t20_n25.csv,19,11,14,25.031505680315455,25.031505680315455,03,03,2,1,True,completed
15,known_visit,ACBBA,bernoulli,drop_0.25,19,361,4,20,targets_20_acbba_h3_bernoulli_025,objective_tuning_target_load_pilot_25\scenarios\known_visit_g19_t20_n25.csv,20,18,11,61.61187638788955,61.61187638788955,02,02,1,0,True,completed
16,known_visit,ACBBA,bernoulli,drop_0.25,19,361,4,20,targets_20_acbba_h3_bernoulli_025,objective_tuning_target_load_pilot_25\scenarios\known_visit_g19_t20_n25.csv,1,1,10,4.12453660003333,4.12453660003333,02,02,1,0,True,completed
16,known_visit,ACBBA,bernoulli,drop_0.25,19,361,4,20,targets_20_acbba_h3_bernoulli_025,objective_tuning_target_load_pilot_25\scenarios\known_visit_g19_t20_n25.csv,2,4,18,5.411763346365731,5.411763346365731,03,03,1,0,True,completed
16,known_visit,ACBBA,bernoulli,drop_0.25,19,361,4,20,targets_20_acbba_h3_bernoulli_025,objective_tuning_target_load_pilot_25\scenarios\known_visit_g19_t20_n25.csv,3,13,14,28.03752393339709,28.03752393339709,03,03,1,0,True,completed
16,known_visit,ACBBA,bernoulli,drop_0.25,19,361,4,20,targets_20_acbba_h3_bernoulli_025,objective_tuning_target_load_pilot_25\scenarios\known_visit_g19_t20_n25.csv,4,8,2,16.002467448305346,16.002467448305346,00,00,1,0,True,completed
16,known_visit,ACBBA,bernoulli,drop_0.25,19,361,4,20,targets_20_acbba_h3_bernoulli_025,objective_tuning_target_load_pilot_25\scenarios\known_visit_g19_t20_n25.csv,5,3,4,7.5756707959801455,7.5756707959801455,01,01,1,0,True,completed
16,known_visit,ACBBA,bernoulli,drop_0.25,19,361,4,20,targets_20_acbba_h3_bernoulli_025,objective_tuning_target_load_pilot_25\scenarios\known_visit_g19_t20_n25.csv,6,15,3,34.45631328581604,34.45631328581604,00,00,1,0,True,completed
16,known_visit,ACBBA,bernoulli,drop_0.25,19,361,4,20,targets_20_acbba_h3_bernoulli_025,objective_tuning_target_load_pilot_25\scenarios\known_visit_g19_t20_n25.csv,7,14,8,37.692291169047294,37.692291169047294,02,02,1,0,True,completed
16,known_visit,ACBBA,bernoulli,drop_0.25,19,361,4,20,targets_20_acbba_h3_bernoulli_025,objective_tuning_target_load_pilot_25\scenarios\known_visit_g19_t20_n25.csv,8,6,0,8.774518130854945,8.774518130854945,00,00,1,0,True,completed
16,known_visit,ACBBA,bernoulli,drop_0.25,19,361,4,20,targets_20_acbba_h3_bernoulli_025,objective_tuning_target_load_pilot_25\scenarios\known_visit_g19_t20_n25.csv,9,7,7,19.838260604409413,19.838260604409413,02,02,1,0,True,completed
16,known_visit,ACBBA,bernoulli,drop_0.25,19,361,4,20,targets_20_acbba_h3_bernoulli_025,objective_tuning_target_load_pilot_25\scenarios\known_visit_g19_t20_n25.csv,10,14,3,32.45996366159052,32.45996366159052,00,00,2,1,True,completed
16,known_visit,ACBBA,bernoulli,drop_0.25,19,361,4,20,targets_20_acbba_h3_bernoulli_025,objective_tuning_target_load_pilot_25\scenarios\known_visit_g19_t20_n25.csv,11,14,14,29.723693870372195,29.723693870372195,03,03,1,0,True,completed
16,known_visit,ACBBA,bernoulli,drop_0.25,19,361,4,20,targets_20_acbba_h3_bernoulli_025,objective_tuning_target_load_pilot_25\scenarios\known_visit_g19_t20_n25.csv,12,14,13,33.18509779013931,33.18509779013931,03,03,1,0,True,completed
16,known_visit,ACBBA,bernoulli,drop_0.25,19,361,4,20,targets_20_acbba_h3_bernoulli_025,objective_tuning_target_load_pilot_25\scenarios\known_visit_g19_t20_n25.csv,13,3,9,9.491203658473074,9.491203658473074,02,02,1,0,True,completed
16,known_visit,ACBBA,bernoulli,drop_0.25,19,361,4,20,targets_20_acbba_h3_bernoulli_025,objective_tuning_target_load_pilot_25\scenarios\known_visit_g19_t20_n25.csv,14,5,15,12.487389451671827,12.487389451671827,03,03,1,0,True,completed
16,known_visit,ACBBA,bernoulli,drop_0.25,19,361,4,20,targets_20_acbba_h3_bernoulli_025,objective_tuning_target_load_pilot_25\scenarios\known_visit_g19_t20_n25.csv,15,17,1,41.73516167623548,41.73516167623548,00,00,1,0,True,completed
16,known_visit,ACBBA,bernoulli,drop_0.25,19,361,4,20,targets_20_acbba_h3_bernoulli_025,objective_tuning_target_load_pilot_25\scenarios\known_visit_g19_t20_n25.csv,16,9,11,45.45124593865548,45.45124593865548,03,03,1,0,True,completed
16,known_visit,ACBBA,bernoulli,drop_0.25,19,361,4,20,targets_20_acbba_h3_bernoulli_025,objective_tuning_target_load_pilot_25\scenarios\known_visit_g19_t20_n25.csv,17,12,1,25.0001137653536,25.0001137653536,00,00,2,1,True,completed
16,known_visit,ACBBA,bernoulli,drop_0.25,19,361,4,20,targets_20_acbba_h3_bernoulli_025,objective_tuning_target_load_pilot_25\scenarios\known_visit_g19_t20_n25.csv,18,14,2,30.667246898557984,30.667246898557984,00,00,2,1,True,completed
16,known_visit,ACBBA,bernoulli,drop_0.25,19,361,4,20,targets_20_acbba_h3_bernoulli_025,objective_tuning_target_load_pilot_25\scenarios\known_visit_g19_t20_n25.csv,19,2,5,3.9256303249964684,3.9256303249964684,01,01,1,0,True,completed
16,known_visit,ACBBA,bernoulli,drop_0.25,19,361,4,20,targets_20_acbba_h3_bernoulli_025,objective_tuning_target_load_pilot_25\scenarios\known_visit_g19_t20_n25.csv,20,2,4,5.574301177926059,5.574301177926059,01,01,1,0,True,completed
17,known_visit,ACBBA,bernoulli,drop_0.25,19,361,4,20,targets_20_acbba_h3_bernoulli_025,objective_tuning_target_load_pilot_25\scenarios\known_visit_g19_t20_n25.csv,1,17,8,50.16033258527944,50.16033258527944,01,01,1,0,True,completed
17,known_visit,ACBBA,bernoulli,drop_0.25,19,361,4,20,targets_20_acbba_h3_bernoulli_025,objective_tuning_target_load_pilot_25\scenarios\known_visit_g19_t20_n25.csv,2,3,17,5.502788427354837,5.502788427354837,03,03,1,0,True,completed
17,known_visit,ACBBA,bernoulli,drop_0.25,19,361,4,20,targets_20_acbba_h3_bernoulli_025,objective_tuning_target_load_pilot_25\scenarios\known_visit_g19_t20_n25.csv,3,13,4,35.790594958841396,35.790594958841396,01,01,2,1,True,completed
17,known_visit,ACBBA,bernoulli,drop_0.25,19,361,4,20,targets_20_acbba_h3_bernoulli_025,objective_tuning_target_load_pilot_25\scenarios\known_visit_g19_t20_n25.csv,4,15,14,31.927350938858094,31.927350938858094,03,03,2,1,True,completed
17,known_visit,ACBBA,bernoulli,drop_0.25,19,361,4,20,targets_20_acbba_h3_bernoulli_025,objective_tuning_target_load_pilot_25\scenarios\known_visit_g19_t20_n25.csv,5,2,14,5.729144726481363,5.729144726481363,02,02,2,1,True,completed
17,known_visit,ACBBA,bernoulli,drop_0.25,19,361,4,20,targets_20_acbba_h3_bernoulli_025,objective_tuning_target_load_pilot_25\scenarios\known_visit_g19_t20_n25.csv,6,13,3,34.05590583036708,34.05590583036708,01,01,2,1,True,completed
17,known_visit,ACBBA,bernoulli,drop_0.25,19,361,4,20,targets_20_acbba_h3_bernoulli_025,objective_tuning_target_load_pilot_25\scenarios\known_visit_g19_t20_n25.csv,7,17,6,46.404355532600704,46.404355532600704,01,01,2,1,True,completed
17,known_visit,ACBBA,bernoulli,drop_0.25,19,361,4,20,targets_20_acbba_h3_bernoulli_025,objective_tuning_target_load_pilot_25\scenarios\known_visit_g19_t20_n25.csv,8,13,14,28.568285079183546,28.568285079183546,03,03,1,0,True,completed
17,known_visit,ACBBA,bernoulli,drop_0.25,19,361,4,20,targets_20_acbba_h3_bernoulli_025,objective_tuning_target_load_pilot_25\scenarios\known_visit_g19_t20_n25.csv,9,7,10,21.789888651052365,21.789888651052365,02,02,1,0,True,completed
17,known_visit,ACBBA,bernoulli,drop_0.25,19,361,4,20,targets_20_acbba_h3_bernoulli_025,objective_tuning_target_load_pilot_25\scenarios\known_visit_g19_t20_n25.csv,10,18,0,84.2819866169097,84.2819866169097,00,00,1,0,True,completed
17,known_visit,ACBBA,bernoulli,drop_0.25,19,361,4,20,targets_20_acbba_h3_bernoulli_025,objective_tuning_target_load_pilot_25\scenarios\known_visit_g19_t20_n25.csv,11,14,6,41.20465019265708,41.20465019265708,01,01,1,0,True,completed
17,known_visit,ACBBA,bernoulli,drop_0.25,19,361,4,20,targets_20_acbba_h3_bernoulli_025,objective_tuning_target_load_pilot_25\scenarios\known_visit_g19_t20_n25.csv,12,6,1,15.325452431294014,15.325452431294014,00,00,2,1,True,completed
17,known_visit,ACBBA,bernoulli,drop_0.25,19,361,4,20,targets_20_acbba_h3_bernoulli_025,objective_tuning_target_load_pilot_25\scenarios\known_visit_g19_t20_n25.csv,13,5,0,11.374043942627045,11.374043942627045,00,00,1,0,True,completed
17,known_visit,ACBBA,bernoulli,drop_0.25,19,361,4,20,targets_20_acbba_h3_bernoulli_025,objective_tuning_target_load_pilot_25\scenarios\known_visit_g19_t20_n25.csv,14,9,16,17.9160097990987,17.9160097990987,03,03,2,1,True,completed
17,known_visit,ACBBA,bernoulli,drop_0.25,19,361,4,20,targets_20_acbba_h3_bernoulli_025,objective_tuning_target_load_pilot_25\scenarios\known_visit_g19_t20_n25.csv,15,6,17,10.872098996251934,10.872098996251934,03,03,2,1,True,completed
17,known_visit,ACBBA,bernoulli,drop_0.25,19,361,4,20,targets_20_acbba_h3_bernoulli_025,objective_tuning_target_load_pilot_25\scenarios\known_visit_g19_t20_n25.csv,16,1,5,2.2287290142013685,2.2287290142013685,01,01,3,2,True,completed
17,known_visit,ACBBA,bernoulli,drop_0.25,19,361,4,20,targets_20_acbba_h3_bernoulli_025,objective_tuning_target_load_pilot_25\scenarios\known_visit_g19_t20_n25.csv,17,16,13,35.60122797667176,35.60122797667176,03,03,1,0,True,completed
17,known_visit,ACBBA,bernoulli,drop_0.25,19,361,4,20,targets_20_acbba_h3_bernoulli_025,objective_tuning_target_load_pilot_25\scenarios\known_visit_g19_t20_n25.csv,18,13,18,46.70821336864507,46.70821336864507,02,02,1,0,True,completed
17,known_visit,ACBBA,bernoulli,drop_0.25,19,361,4,20,targets_20_acbba_h3_bernoulli_025,objective_tuning_target_load_pilot_25\scenarios\known_visit_g19_t20_n25.csv,19,2,1,3.961129200931477,3.961129200931477,00,00,2,1,True,completed
17,known_visit,ACBBA,bernoulli,drop_0.25,19,361,4,20,targets_20_acbba_h3_bernoulli_025,objective_tuning_target_load_pilot_25\scenarios\known_visit_g19_t20_n25.csv,20,12,1,28.752686502836667,28.752686502836667,01,01,1,0,True,completed
18,known_visit,ACBBA,bernoulli,drop_0.25,19,361,4,20,targets_20_acbba_h3_bernoulli_025,objective_tuning_target_load_pilot_25\scenarios\known_visit_g19_t20_n25.csv,1,12,13,32.11558200773421,32.11558200773421,03,03,1,0,True,completed
18,known_visit,ACBBA,bernoulli,drop_0.25,19,361,4,20,targets_20_acbba_h3_bernoulli_025,objective_tuning_target_load_pilot_25\scenarios\known_visit_g19_t20_n25.csv,2,4,12,5.311083936708686,5.311083936708686,02,02,3,2,True,completed
18,known_visit,ACBBA,bernoulli,drop_0.25,19,361,4,20,targets_20_acbba_h3_bernoulli_025,objective_tuning_target_load_pilot_25\scenarios\known_visit_g19_t20_n25.csv,3,3,14,10.565811084172276,10.565811084172276,03,03,2,1,True,completed
18,known_visit,ACBBA,bernoulli,drop_0.25,19,361,4,20,targets_20_acbba_h3_bernoulli_025,objective_tuning_target_load_pilot_25\scenarios\known_visit_g19_t20_n25.csv,4,18,2,83.55551535639071,83.55551535639071,01,01,1,0,True,completed
18,known_visit,ACBBA,bernoulli,drop_0.25,19,361,4,20,targets_20_acbba_h3_bernoulli_025,objective_tuning_target_load_pilot_25\scenarios\known_visit_g19_t20_n25.csv,5,3,12,3.6984110705261073,3.6984110705261073,02,02,2,1,True,completed
18,known_visit,ACBBA,bernoulli,drop_0.25,19,361,4,20,targets_20_acbba_h3_bernoulli_025,objective_tuning_target_load_pilot_25\scenarios\known_visit_g19_t20_n25.csv,6,3,0,3.702901060503911,3.702901060503911,00,00,1,0,True,completed
18,known_visit,ACBBA,bernoulli,drop_0.25,19,361,4,20,targets_20_acbba_h3_bernoulli_025,objective_tuning_target_load_pilot_25\scenarios\known_visit_g19_t20_n25.csv,7,9,15,45.113663556691996,45.113663556691996,01,01,1,0,True,completed
18,known_visit,ACBBA,bernoulli,drop_0.25,19,361,4,20,targets_20_acbba_h3_bernoulli_025,objective_tuning_target_load_pilot_25\scenarios\known_visit_g19_t20_n25.csv,8,10,18,49.02195149903874,49.02195149903874,03,03,1,0,True,completed
18,known_visit,ACBBA,bernoulli,drop_0.25,19,361,4,20,targets_20_acbba_h3_bernoulli_025,objective_tuning_target_load_pilot_25\scenarios\known_visit_g19_t20_n25.csv,9,4,7,11.486156720188038,11.486156720188038,01,01,2,1,True,completed
18,known_visit,ACBBA,bernoulli,drop_0.25,19,361,4,20,targets_20_acbba_h3_bernoulli_025,objective_tuning_target_load_pilot_25\scenarios\known_visit_g19_t20_n25.csv,10,12,5,27.794091544388422,27.794091544388422,00,00,1,0,True,completed
18,known_visit,ACBBA,bernoulli,drop_0.25,19,361,4,20,targets_20_acbba_h3_bernoulli_025,objective_tuning_target_load_pilot_25\scenarios\known_visit_g19_t20_n25.csv,11,16,16,44.112377539132815,44.112377539132815,02,02,1,0,True,completed
18,known_visit,ACBBA,bernoulli,drop_0.25,19,361,4,20,targets_20_acbba_h3_bernoulli_025,objective_tuning_target_load_pilot_25\scenarios\known_visit_g19_t20_n25.csv,12,0,5,0.400227712207776,0.400227712207776,01,01,1,0,True,completed
18,known_visit,ACBBA,bernoulli,drop_0.25,19,361,4,20,targets_20_acbba_h3_bernoulli_025,objective_tuning_target_load_pilot_25\scenarios\known_visit_g19_t20_n25.csv,13,13,10,28.162997400286667,28.162997400286667,02,02,1,0,True,completed
18,known_visit,ACBBA,bernoulli,drop_0.25,19,361,4,20,targets_20_acbba_h3_bernoulli_025,objective_tuning_target_load_pilot_25\scenarios\known_visit_g19_t20_n25.csv,14,7,5,18.93232077718439,18.93232077718439,00,00,1,0,True,completed
18,known_visit,ACBBA,bernoulli,drop_0.25,19,361,4,20,targets_20_acbba_h3_bernoulli_025,objective_tuning_target_load_pilot_25\scenarios\known_visit_g19_t20_n25.csv,15,15,13,36.86794196035015,36.86794196035015,02,02,2,1,True,completed
18,known_visit,ACBBA,bernoulli,drop_0.25,19,361,4,20,targets_20_acbba_h3_bernoulli_025,objective_tuning_target_load_pilot_25\scenarios\known_visit_g19_t20_n25.csv,16,16,6,73.05090134198326,73.05090134198326,01,01,1,0,True,completed
18,known_visit,ACBBA,bernoulli,drop_0.25,19,361,4,20,targets_20_acbba_h3_bernoulli_025,objective_tuning_target_load_pilot_25\scenarios\known_visit_g19_t20_n25.csv,17,9,9,19.408197055799384,19.408197055799384,02,02,2,1,True,completed
18,known_visit,ACBBA,bernoulli,drop_0.25,19,361,4,20,targets_20_acbba_h3_bernoulli_025,objective_tuning_target_load_pilot_25\scenarios\known_visit_g19_t20_n25.csv,18,11,13,30.01773884189198,30.01773884189198,03,03,1,0,True,completed
18,known_visit,ACBBA,bernoulli,drop_0.25,19,361,4,20,targets_20_acbba_h3_bernoulli_025,objective_tuning_target_load_pilot_25\scenarios\known_visit_g19_t20_n25.csv,19,5,9,12.442202460601308,12.442202460601308,02,02,2,1,True,completed
18,known_visit,ACBBA,bernoulli,drop_0.25,19,361,4,20,targets_20_acbba_h3_bernoulli_025,objective_tuning_target_load_pilot_25\scenarios\known_visit_g19_t20_n25.csv,20,2,7,7.636953008463108,7.636953008463108,01,01,2,1,True,completed
19,known_visit,ACBBA,bernoulli,drop_0.25,19,361,4,20,targets_20_acbba_h3_bernoulli_025,objective_tuning_target_load_pilot_25\scenarios\known_visit_g19_t20_n25.csv,1,6,15,14.56773352160247,14.56773352160247,03,03,2,1,True,completed
19,known_visit,ACBBA,bernoulli,drop_0.25,19,361,4,20,targets_20_acbba_h3_bernoulli_025,objective_tuning_target_load_pilot_25\scenarios\known_visit_g19_t20_n25.csv,2,9,9,23.234714477023573,23.234714477023573,02,02,2,1,True,completed
19,known_visit,ACBBA,bernoulli,drop_0.25,19,361,4,20,targets_20_acbba_h3_bernoulli_025,objective_tuning_target_load_pilot_25\scenarios\known_visit_g19_t20_n25.csv,3,16,2,58.93163821584227,58.93163821584227,02,02,1,0,True,completed
19,known_visit,ACBBA,bernoulli,drop_0.25,19,361,4,20,targets_20_acbba_h3_bernoulli_025,objective_tuning_target_load_pilot_25\scenarios\known_visit_g19_t20_n25.csv,4,9,4,25.237087464264683,25.237087464264683,00,00,2,1,True,completed
19,known_visit,ACBBA,bernoulli,drop_0.25,19,361,4,20,targets_20_acbba_h3_bernoulli_025,objective_tuning_target_load_pilot_25\scenarios\known_visit_g19_t20_n25.csv,5,4,13,7.46617011870243,7.46617011870243,02,02,2,1,True,completed
19,known_visit,ACBBA,bernoulli,drop_0.25,19,361,4,20,targets_20_acbba_h3_bernoulli_025,objective_tuning_target_load_pilot_25\scenarios\known_visit_g19_t20_n25.csv,6,8,13,14.346989346611334,14.346989346611334,02,02,2,1,True,completed
19,known_visit,ACBBA,bernoulli,drop_0.25,19,361,4,20,targets_20_acbba_h3_bernoulli_025,objective_tuning_target_load_pilot_25\scenarios\known_visit_g19_t20_n25.csv,7,4,17,6.997085565951118,6.997085565951118,03,03,1,0,True,completed
19,known_visit,ACBBA,bernoulli,drop_0.25,19,361,4,20,targets_20_acbba_h3_bernoulli_025,objective_tuning_target_load_pilot_25\scenarios\known_visit_g19_t20_n25.csv,8,10,1,17.672960901156344,17.672960901156344,00,00,1,0,True,completed
19,known_visit,ACBBA,bernoulli,drop_0.25,19,361,4,20,targets_20_acbba_h3_bernoulli_025,objective_tuning_target_load_pilot_25\scenarios\known_visit_g19_t20_n25.csv,9,4,16,8.701801415966898,8.701801415966898,03,03,2,1,True,completed
19,known_visit,ACBBA,bernoulli,drop_0.25,19,361,4,20,targets_20_acbba_h3_bernoulli_025,objective_tuning_target_load_pilot_25\scenarios\known_visit_g19_t20_n25.csv,10,5,7,37.54028410149604,37.54028410149604,00,00,1,0,True,completed
19,known_visit,ACBBA,bernoulli,drop_0.25,19,361,4,20,targets_20_acbba_h3_bernoulli_025,objective_tuning_target_load_pilot_25\scenarios\known_visit_g19_t20_n25.csv,11,0,9,3.8491638912497677,3.8491638912497677,01,01,1,0,True,completed
19,known_visit,ACBBA,bernoulli,drop_0.25,19,361,4,20,targets_20_acbba_h3_bernoulli_025,objective_tuning_target_load_pilot_25\scenarios\known_visit_g19_t20_n25.csv,12,1,11,9.31817406772139,9.31817406772139,01,01,1,0,True,completed
19,known_visit,ACBBA,bernoulli,drop_0.25,19,361,4,20,targets_20_acbba_h3_bernoulli_025,objective_tuning_target_load_pilot_25\scenarios\known_visit_g19_t20_n25.csv,13,0,13,0.5553265775117513,0.5553265775117513,02,02,1,0,True,completed
19,known_visit,ACBBA,bernoulli,drop_0.25,19,361,4,20,targets_20_acbba_h3_bernoulli_025,objective_tuning_target_load_pilot_25\scenarios\known_visit_g19_t20_n25.csv,14,17,13,79.82050017613116,79.82050017613116,02,02,1,0,True,completed
19,known_visit,ACBBA,bernoulli,drop_0.25,19,361,4,20,targets_20_acbba_h3_bernoulli_025,objective_tuning_target_load_pilot_25\scenarios\known_visit_g19_t20_n25.csv,15,5,16,10.790376798267838,10.790376798267838,03,03,2,1,True,completed
19,known_visit,ACBBA,bernoulli,drop_0.25,19,361,4,20,targets_20_acbba_h3_bernoulli_025,objective_tuning_target_load_pilot_25\scenarios\known_visit_g19_t20_n25.csv,16,12,13,53.69998719833032,53.69998719833032,03,03,2,1,True,completed
19,known_visit,ACBBA,bernoulli,drop_0.25,19,361,4,20,targets_20_acbba_h3_bernoulli_025,objective_tuning_target_load_pilot_25\scenarios\known_visit_g19_t20_n25.csv,17,12,8,30.170992725960474,30.170992725960474,02,02,2,1,True,completed
19,known_visit,ACBBA,bernoulli,drop_0.25,19,361,4,20,targets_20_acbba_h3_bernoulli_025,objective_tuning_target_load_pilot_25\scenarios\known_visit_g19_t20_n25.csv,18,9,1,16.045684605736273,16.045684605736273,00,00,1,0,True,completed
19,known_visit,ACBBA,bernoulli,drop_0.25,19,361,4,20,targets_20_acbba_h3_bernoulli_025,objective_tuning_target_load_pilot_25\scenarios\known_visit_g19_t20_n25.csv,19,10,2,19.613048377886194,19.613048377886194,00,00,1,0,True,completed
19,known_visit,ACBBA,bernoulli,drop_0.25,19,361,4,20,targets_20_acbba_h3_bernoulli_025,objective_tuning_target_load_pilot_25\scenarios\known_visit_g19_t20_n25.csv,20,16,3,56.946838549609524,56.946838549609524,02,02,1,0,True,completed
20,known_visit,ACBBA,bernoulli,drop_0.25,19,361,4,20,targets_20_acbba_h3_bernoulli_025,objective_tuning_target_load_pilot_25\scenarios\known_visit_g19_t20_n25.csv,1,1,18,0.13041957191322587,0.13041957191322587,03,03,1,0,True,completed
20,known_visit,ACBBA,bernoulli,drop_0.25,19,361,4,20,targets_20_acbba_h3_bernoulli_025,objective_tuning_target_load_pilot_25\scenarios\known_visit_g19_t20_n25.csv,2,13,1,41.21304973015019,41.21304973015019,00,00,1,0,True,completed
20,known_visit,ACBBA,bernoulli,drop_0.25,19,361,4,20,targets_20_acbba_h3_bernoulli_025,objective_tuning_target_load_pilot_25\scenarios\known_visit_g19_t20_n25.csv,3,6,8,20.909692613781658,20.909692613781658,01,01,2,1,True,completed
20,known_visit,ACBBA,bernoulli,drop_0.25,19,361,4,20,targets_20_acbba_h3_bernoulli_025,objective_tuning_target_load_pilot_25\scenarios\known_visit_g19_t20_n25.csv,4,14,3,35.797752348474965,35.797752348474965,00,00,2,1,True,completed
20,known_visit,ACBBA,bernoulli,drop_0.25,19,361,4,20,targets_20_acbba_h3_bernoulli_025,objective_tuning_target_load_pilot_25\scenarios\known_visit_g19_t20_n25.csv,5,3,15,13.125602742921142,13.125602742921142,02,02,2,1,True,completed
20,known_visit,ACBBA,bernoulli,drop_0.25,19,361,4,20,targets_20_acbba_h3_bernoulli_025,objective_tuning_target_load_pilot_25\scenarios\known_visit_g19_t20_n25.csv,6,1,7,10.149664127913516,10.149664127913516,01,01,2,1,True,completed
20,known_visit,ACBBA,bernoulli,drop_0.25,19,361,4,20,targets_20_acbba_h3_bernoulli_025,objective_tuning_target_load_pilot_25\scenarios\known_visit_g19_t20_n25.csv,7,1,4,7.309535823301879,7.309535823301879,00,00,2,1,True,completed
20,known_visit,ACBBA,bernoulli,drop_0.25,19,361,4,20,targets_20_acbba_h3_bernoulli_025,objective_tuning_target_load_pilot_25\scenarios\known_visit_g19_t20_n25.csv,8,15,13,38.056594851775756,38.056594851775756,03,03,2,1,True,completed
20,known_visit,ACBBA,bernoulli,drop_0.25,19,361,4,20,targets_20_acbba_h3_bernoulli_025,objective_tuning_target_load_pilot_25\scenarios\known_visit_g19_t20_n25.csv,9,7,5,20.03949893460752,20.03949893460752,00,00,1,0,True,completed
20,known_visit,ACBBA,bernoulli,drop_0.25,19,361,4,20,targets_20_acbba_h3_bernoulli_025,objective_tuning_target_load_pilot_25\scenarios\known_visit_g19_t20_n25.csv,10,17,2,80.5151921916784,80.5151921916784,01,01,1,0,True,completed
20,known_visit,ACBBA,bernoulli,drop_0.25,19,361,4,20,targets_20_acbba_h3_bernoulli_025,objective_tuning_target_load_pilot_25\scenarios\known_visit_g19_t20_n25.csv,11,13,9,34.77183127918052,34.77183127918052,01,01,1,0,True,completed
20,known_visit,ACBBA,bernoulli,drop_0.25,19,361,4,20,targets_20_acbba_h3_bernoulli_025,objective_tuning_target_load_pilot_25\scenarios\known_visit_g19_t20_n25.csv,12,12,8,31.12204576530838,31.12204576530838,01,01,3,2,True,completed
20,known_visit,ACBBA,bernoulli,drop_0.25,19,361,4,20,targets_20_acbba_h3_bernoulli_025,objective_tuning_target_load_pilot_25\scenarios\known_visit_g19_t20_n25.csv,13,4,17,7.45335516926501,7.45335516926501,03,03,1,0,True,completed
20,known_visit,ACBBA,bernoulli,drop_0.25,19,361,4,20,targets_20_acbba_h3_bernoulli_025,objective_tuning_target_load_pilot_25\scenarios\known_visit_g19_t20_n25.csv,14,11,16,25.693233759406855,25.693233759406855,03,03,1,0,True,completed
20,known_visit,ACBBA,bernoulli,drop_0.25,19,361,4,20,targets_20_acbba_h3_bernoulli_025,objective_tuning_target_load_pilot_25\scenarios\known_visit_g19_t20_n25.csv,15,4,15,11.034964678718405,11.034964678718405,03,03,2,1,True,completed
20,known_visit,ACBBA,bernoulli,drop_0.25,19,361,4,20,targets_20_acbba_h3_bernoulli_025,objective_tuning_target_load_pilot_25\scenarios\known_visit_g19_t20_n25.csv,16,1,5,2.195907613156292,2.195907613156292,01,01,2,1,True,completed
20,known_visit,ACBBA,bernoulli,drop_0.25,19,361,4,20,targets_20_acbba_h3_bernoulli_025,objective_tuning_target_load_pilot_25\scenarios\known_visit_g19_t20_n25.csv,17,13,12,40.064345977501304,40.064345977501304,01,01,1,0,True,completed
20,known_visit,ACBBA,bernoulli,drop_0.25,19,361,4,20,targets_20_acbba_h3_bernoulli_025,objective_tuning_target_load_pilot_25\scenarios\known_visit_g19_t20_n25.csv,18,9,16,21.938597755679883,21.938597755679883,03,03,1,0,True,completed
20,known_visit,ACBBA,bernoulli,drop_0.25,19,361,4,20,targets_20_acbba_h3_bernoulli_025,objective_tuning_target_load_pilot_25\scenarios\known_visit_g19_t20_n25.csv,19,3,4,11.05546094044576,11.05546094044576,00,00,2,1,True,completed
20,known_visit,ACBBA,bernoulli,drop_0.25,19,361,4,20,targets_20_acbba_h3_bernoulli_025,objective_tuning_target_load_pilot_25\scenarios\known_visit_g19_t20_n25.csv,20,14,14,34.37272950521245,34.37272950521245,03,03,1,0,True,completed
21,known_visit,ACBBA,bernoulli,drop_0.25,19,361,4,20,targets_20_acbba_h3_bernoulli_025,objective_tuning_target_load_pilot_25\scenarios\known_visit_g19_t20_n25.csv,1,0,1,4.200566055562979,4.200566055562979,00,00,1,0,True,completed
21,known_visit,ACBBA,bernoulli,drop_0.25,19,361,4,20,targets_20_acbba_h3_bernoulli_025,objective_tuning_target_load_pilot_25\scenarios\known_visit_g19_t20_n25.csv,2,0,11,0.6256015677857256,0.6256015677857256,02,02,3,2,True,completed
21,known_visit,ACBBA,bernoulli,drop_0.25,19,361,4,20,targets_20_acbba_h3_bernoulli_025,objective_tuning_target_load_pilot_25\scenarios\known_visit_g19_t20_n25.csv,3,2,4,38.98303811555414,38.98303811555414,02,02,2,1,True,completed
21,known_visit,ACBBA,bernoulli,drop_0.25,19,361,4,20,targets_20_acbba_h3_bernoulli_025,objective_tuning_target_load_pilot_25\scenarios\known_visit_g19_t20_n25.csv,4,18,8,41.716202401808964,41.716202401808964,01,01,1,0,True,completed
21,known_visit,ACBBA,bernoulli,drop_0.25,19,361,4,20,targets_20_acbba_h3_bernoulli_025,objective_tuning_target_load_pilot_25\scenarios\known_visit_g19_t20_n25.csv,5,11,3,43.82460611336393,43.82460611336393,03,03,1,0,True,completed
21,known_visit,ACBBA,bernoulli,drop_0.25,19,361,4,20,targets_20_acbba_h3_bernoulli_025,objective_tuning_target_load_pilot_25\scenarios\known_visit_g19_t20_n25.csv,6,5,9,16.955738509884476,16.955738509884476,02,02,2,1,True,completed
21,known_visit,ACBBA,bernoulli,drop_0.25,19,361,4,20,targets_20_acbba_h3_bernoulli_025,objective_tuning_target_load_pilot_25\scenarios\known_visit_g19_t20_n25.csv,7,0,10,12.558184310151665,12.558184310151665,03,03,1,0,True,completed
21,known_visit,ACBBA,bernoulli,drop_0.25,19,361,4,20,targets_20_acbba_h3_bernoulli_025,objective_tuning_target_load_pilot_25\scenarios\known_visit_g19_t20_n25.csv,8,10,8,24.16261356946517,24.16261356946517,01,01,1,0,True,completed
21,known_visit,ACBBA,bernoulli,drop_0.25,19,361,4,20,targets_20_acbba_h3_bernoulli_025,objective_tuning_target_load_pilot_25\scenarios\known_visit_g19_t20_n25.csv,9,0,17,0.44962860451207876,0.44962860451207876,03,03,1,0,True,completed
21,known_visit,ACBBA,bernoulli,drop_0.25,19,361,4,20,targets_20_acbba_h3_bernoulli_025,objective_tuning_target_load_pilot_25\scenarios\known_visit_g19_t20_n25.csv,10,14,4,59.323783706182326,59.323783706182326,02,02,1,0,True,completed
21,known_visit,ACBBA,bernoulli,drop_0.25,19,361,4,20,targets_20_acbba_h3_bernoulli_025,objective_tuning_target_load_pilot_25\scenarios\known_visit_g19_t20_n25.csv,11,5,8,15.36051683407155,15.36051683407155,01,01,2,1,True,completed
21,known_visit,ACBBA,bernoulli,drop_0.25,19,361,4,20,targets_20_acbba_h3_bernoulli_025,objective_tuning_target_load_pilot_25\scenarios\known_visit_g19_t20_n25.csv,12,0,7,4.4155365961052055,4.4155365961052055,01,01,2,1,True,completed
21,known_visit,ACBBA,bernoulli,drop_0.25,19,361,4,20,targets_20_acbba_h3_bernoulli_025,objective_tuning_target_load_pilot_25\scenarios\known_visit_g19_t20_n25.csv,13,0,3,7.73924960053856,7.73924960053856,00,00,1,0,True,completed
21,known_visit,ACBBA,bernoulli,drop_0.25,19,361,4,20,targets_20_acbba_h3_bernoulli_025,objective_tuning_target_load_pilot_25\scenarios\known_visit_g19_t20_n25.csv,14,17,7,37.799595125745164,37.799595125745164,01,01,1,0,True,completed
21,known_visit,ACBBA,bernoulli,drop_0.25,19,361,4,20,targets_20_acbba_h3_bernoulli_025,objective_tuning_target_load_pilot_25\scenarios\known_visit_g19_t20_n25.csv,15,1,0,0.1978148684324722,0.1978148684324722,00,00,1,0,True,completed
21,known_visit,ACBBA,bernoulli,drop_0.25,19,361,4,20,targets_20_acbba_h3_bernoulli_025,objective_tuning_target_load_pilot_25\scenarios\known_visit_g19_t20_n25.csv,16,12,0,50.88005454241493,50.88005454241493,03,03,1,0,True,completed
21,known_visit,ACBBA,bernoulli,drop_0.25,19,361,4,20,targets_20_acbba_h3_bernoulli_025,objective_tuning_target_load_pilot_25\scenarios\known_visit_g19_t20_n25.csv,17,12,18,69.3118606836654,69.3118606836654,01,01,1,0,True,completed
21,known_visit,ACBBA,bernoulli,drop_0.25,19,361,4,20,targets_20_acbba_h3_bernoulli_025,objective_tuning_target_load_pilot_25\scenarios\known_visit_g19_t20_n25.csv,18,6,11,11.167908290206835,11.167908290206835,02,02,2,1,True,completed
21,known_visit,ACBBA,bernoulli,drop_0.25,19,361,4,20,targets_20_acbba_h3_bernoulli_025,objective_tuning_target_load_pilot_25\scenarios\known_visit_g19_t20_n25.csv,19,18,7,39.73241295603095,39.73241295603095,01,01,1,0,True,completed
21,known_visit,ACBBA,bernoulli,drop_0.25,19,361,4,20,targets_20_acbba_h3_bernoulli_025,objective_tuning_target_load_pilot_25\scenarios\known_visit_g19_t20_n25.csv,20,1,6,0.23396231451275418,0.23396231451275418,01,01,2,1,True,completed
22,known_visit,ACBBA,bernoulli,drop_0.25,19,361,4,20,targets_20_acbba_h3_bernoulli_025,objective_tuning_target_load_pilot_25\scenarios\known_visit_g19_t20_n25.csv,1,13,4,44.33882518021433,44.33882518021433,00,00,1,0,True,completed
22,known_visit,ACBBA,bernoulli,drop_0.25,19,361,4,20,targets_20_acbba_h3_bernoulli_025,objective_tuning_target_load_pilot_25\scenarios\known_visit_g19_t20_n25.csv,2,7,6,21.40774515077955,21.40774515077955,01,01,2,1,True,completed
22,known_visit,ACBBA,bernoulli,drop_0.25,19,361,4,20,targets_20_acbba_h3_bernoulli_025,objective_tuning_target_load_pilot_25\scenarios\known_visit_g19_t20_n25.csv,3,5,18,11.438340034541001,11.438340034541001,03,03,1,0,True,completed
22,known_visit,ACBBA,bernoulli,drop_0.25,19,361,4,20,targets_20_acbba_h3_bernoulli_025,objective_tuning_target_load_pilot_25\scenarios\known_visit_g19_t20_n25.csv,4,15,7,37.597146971195286,37.597146971195286,01,01,3,2,True,completed
22,known_visit,ACBBA,bernoulli,drop_0.25,19,361,4,20,targets_20_acbba_h3_bernoulli_025,objective_tuning_target_load_pilot_25\scenarios\known_visit_g19_t20_n25.csv,5,11,4,40.62520017136161,40.62520017136161,00,00,1,0,True,completed
22,known_visit,ACBBA,bernoulli,drop_0.25,19,361,4,20,targets_20_acbba_h3_bernoulli_025,objective_tuning_target_load_pilot_25\scenarios\known_visit_g19_t20_n25.csv,6,5,9,12.715179456328162,12.715179456328162,01,01,2,1,True,completed
22,known_visit,ACBBA,bernoulli,drop_0.25,19,361,4,20,targets_20_acbba_h3_bernoulli_025,objective_tuning_target_load_pilot_25\scenarios\known_visit_g19_t20_n25.csv,7,12,7,32.09829431942522,32.09829431942522,01,01,1,0,True,completed
22,known_visit,ACBBA,bernoulli,drop_0.25,19,361,4,20,targets_20_acbba_h3_bernoulli_025,objective_tuning_target_load_pilot_25\scenarios\known_visit_g19_t20_n25.csv,8,2,12,1.9403366941041464,1.9403366941041464,02,02,2,1,True,completed
22,known_visit,ACBBA,bernoulli,drop_0.25,19,361,4,20,targets_20_acbba_h3_bernoulli_025,objective_tuning_target_load_pilot_25\scenarios\known_visit_g19_t20_n25.csv,9,14,13,53.83348930087343,53.83348930087343,01,01,1,0,True,completed
22,known_visit,ACBBA,bernoulli,drop_0.25,19,361,4,20,targets_20_acbba_h3_bernoulli_025,objective_tuning_target_load_pilot_25\scenarios\known_visit_g19_t20_n25.csv,10,2,2,5.59453443540739,5.59453443540739,00,00,1,0,True,completed
22,known_visit,ACBBA,bernoulli,drop_0.25,19,361,4,20,targets_20_acbba_h3_bernoulli_025,objective_tuning_target_load_pilot_25\scenarios\known_visit_g19_t20_n25.csv,11,2,16,24.28546010553783,24.28546010553783,03,03,1,0,True,completed
22,known_visit,ACBBA,bernoulli,drop_0.25,19,361,4,20,targets_20_acbba_h3_bernoulli_025,objective_tuning_target_load_pilot_25\scenarios\known_visit_g19_t20_n25.csv,12,8,10,15.8408423909826,15.8408423909826,02,02,1,0,True,completed
22,known_visit,ACBBA,bernoulli,drop_0.25,19,361,4,20,targets_20_acbba_h3_bernoulli_025,objective_tuning_target_load_pilot_25\scenarios\known_visit_g19_t20_n25.csv,13,16,12,48.07950774063125,48.07950774063125,01,01,1,0,True,completed
22,known_visit,ACBBA,bernoulli,drop_0.25,19,361,4,20,targets_20_acbba_h3_bernoulli_025,objective_tuning_target_load_pilot_25\scenarios\known_visit_g19_t20_n25.csv,14,4,12,5.369054387953286,5.369054387953286,02,02,2,1,True,completed
22,known_visit,ACBBA,bernoulli,drop_0.25,19,361,4,20,targets_20_acbba_h3_bernoulli_025,objective_tuning_target_load_pilot_25\scenarios\known_visit_g19_t20_n25.csv,15,5,1,13.087130402506267,13.087130402506267,00,00,1,0,True,completed
22,known_visit,ACBBA,bernoulli,drop_0.25,19,361,4,20,targets_20_acbba_h3_bernoulli_025,objective_tuning_target_load_pilot_25\scenarios\known_visit_g19_t20_n25.csv,16,8,6,23.403160578951386,23.403160578951386,01,01,2,1,True,completed
22,known_visit,ACBBA,bernoulli,drop_0.25,19,361,4,20,targets_20_acbba_h3_bernoulli_025,objective_tuning_target_load_pilot_25\scenarios\known_visit_g19_t20_n25.csv,17,9,2,22.12245838008752,22.12245838008752,00,00,1,0,True,completed
22,known_visit,ACBBA,bernoulli,drop_0.25,19,361,4,20,targets_20_acbba_h3_bernoulli_025,objective_tuning_target_load_pilot_25\scenarios\known_visit_g19_t20_n25.csv,18,9,0,29.806845237826675,29.806845237826675,00,00,1,0,True,completed
22,known_visit,ACBBA,bernoulli,drop_0.25,19,361,4,20,targets_20_acbba_h3_bernoulli_025,objective_tuning_target_load_pilot_25\scenarios\known_visit_g19_t20_n25.csv,19,0,9,3.910763612988848,3.910763612988848,01,01,1,0,True,completed
22,known_visit,ACBBA,bernoulli,drop_0.25,19,361,4,20,targets_20_acbba_h3_bernoulli_025,objective_tuning_target_load_pilot_25\scenarios\known_visit_g19_t20_n25.csv,20,14,12,51.77333144379294,51.77333144379294,01,01,1,0,True,completed
23,known_visit,ACBBA,bernoulli,drop_0.25,19,361,4,20,targets_20_acbba_h3_bernoulli_025,objective_tuning_target_load_pilot_25\scenarios\known_visit_g19_t20_n25.csv,1,14,4,33.474175667525735,33.474175667525735,00,00,1,0,True,completed
23,known_visit,ACBBA,bernoulli,drop_0.25,19,361,4,20,targets_20_acbba_h3_bernoulli_025,objective_tuning_target_load_pilot_25\scenarios\known_visit_g19_t20_n25.csv,2,4,17,7.400110581197333,7.400110581197333,03,03,2,1,True,completed
23,known_visit,ACBBA,bernoulli,drop_0.25,19,361,4,20,targets_20_acbba_h3_bernoulli_025,objective_tuning_target_load_pilot_25\scenarios\known_visit_g19_t20_n25.csv,3,17,5,55.005692077338686,55.005692077338686,00,00,2,1,True,completed
23,known_visit,ACBBA,bernoulli,drop_0.25,19,361,4,20,targets_20_acbba_h3_bernoulli_025,objective_tuning_target_load_pilot_25\scenarios\known_visit_g19_t20_n25.csv,4,8,9,26.16021380049336,26.16021380049336,01,01,2,1,True,completed
23,known_visit,ACBBA,bernoulli,drop_0.25,19,361,4,20,targets_20_acbba_h3_bernoulli_025,objective_tuning_target_load_pilot_25\scenarios\known_visit_g19_t20_n25.csv,5,7,11,33.974189748978596,33.974189748978596,03,03,2,1,True,completed
23,known_visit,ACBBA,bernoulli,drop_0.25,19,361,4,20,targets_20_acbba_h3_bernoulli_025,objective_tuning_target_load_pilot_25\scenarios\known_visit_g19_t20_n25.csv,6,14,12,45.34992558632702,45.34992558632702,02,02,2,1,True,completed
23,known_visit,ACBBA,bernoulli,drop_0.25,19,361,4,20,targets_20_acbba_h3_bernoulli_025,objective_tuning_target_load_pilot_25\scenarios\known_visit_g19_t20_n25.csv,7,1,1,2.2124102369979126,2.2124102369979126,00,00,1,0,True,completed
23,known_visit,ACBBA,bernoulli,drop_0.25,19,361,4,20,targets_20_acbba_h3_bernoulli_025,objective_tuning_target_load_pilot_25\scenarios\known_visit_g19_t20_n25.csv,8,5,12,28.662661972163747,28.662661972163747,03,03,2,1,True,completed
23,known_visit,ACBBA,bernoulli,drop_0.25,19,361,4,20,targets_20_acbba_h3_bernoulli_025,objective_tuning_target_load_pilot_25\scenarios\known_visit_g19_t20_n25.csv,9,14,2,37.255097282296695,37.255097282296695,00,00,2,1,True,completed
23,known_visit,ACBBA,bernoulli,drop_0.25,19,361,4,20,targets_20_acbba_h3_bernoulli_025,objective_tuning_target_load_pilot_25\scenarios\known_visit_g19_t20_n25.csv,10,14,16,56.377539973780216,56.377539973780216,02,02,2,1,True,completed
23,known_visit,ACBBA,bernoulli,drop_0.25,19,361,4,20,targets_20_acbba_h3_bernoulli_025,objective_tuning_target_load_pilot_25\scenarios\known_visit_g19_t20_n25.csv,11,9,4,24.76803906081349,24.76803906081349,00,00,1,0,True,completed
23,known_visit,ACBBA,bernoulli,drop_0.25,19,361,4,20,targets_20_acbba_h3_bernoulli_025,objective_tuning_target_load_pilot_25\scenarios\known_visit_g19_t20_n25.csv,12,10,9,29.759454311059383,29.759454311059383,01,01,1,0,True,completed
23,known_visit,ACBBA,bernoulli,drop_0.25,19,361,4,20,targets_20_acbba_h3_bernoulli_025,objective_tuning_target_load_pilot_25\scenarios\known_visit_g19_t20_n25.csv,13,0,5,0.5405221156953889,0.5405221156953889,01,01,1,0,True,completed
23,known_visit,ACBBA,bernoulli,drop_0.25,19,361,4,20,targets_20_acbba_h3_bernoulli_025,objective_tuning_target_load_pilot_25\scenarios\known_visit_g19_t20_n25.csv,14,18,16,86.3283569564173,86.3283569564173,00,00,1,0,True,completed
23,known_visit,ACBBA,bernoulli,drop_0.25,19,361,4,20,targets_20_acbba_h3_bernoulli_025,objective_tuning_target_load_pilot_25\scenarios\known_visit_g19_t20_n25.csv,15,6,5,17.69253141912158,17.69253141912158,00,00,1,0,True,completed
23,known_visit,ACBBA,bernoulli,drop_0.25,19,361,4,20,targets_20_acbba_h3_bernoulli_025,objective_tuning_target_load_pilot_25\scenarios\known_visit_g19_t20_n25.csv,16,2,7,7.990985667442582,7.990985667442582,01,01,1,0,True,completed
23,known_visit,ACBBA,bernoulli,drop_0.25,19,361,4,20,targets_20_acbba_h3_bernoulli_025,objective_tuning_target_load_pilot_25\scenarios\known_visit_g19_t20_n25.csv,17,16,0,44.48220023140308,44.48220023140308,00,00,1,0,True,completed
23,known_visit,ACBBA,bernoulli,drop_0.25,19,361,4,20,targets_20_acbba_h3_bernoulli_025,objective_tuning_target_load_pilot_25\scenarios\known_visit_g19_t20_n25.csv,18,1,14,3.7574615463813856,3.7574615463813856,02,02,2,1,True,completed
23,known_visit,ACBBA,bernoulli,drop_0.25,19,361,4,20,targets_20_acbba_h3_bernoulli_025,objective_tuning_target_load_pilot_25\scenarios\known_visit_g19_t20_n25.csv,19,17,6,56.66074733329798,56.66074733329798,00,00,2,1,True,completed
23,known_visit,ACBBA,bernoulli,drop_0.25,19,361,4,20,targets_20_acbba_h3_bernoulli_025,objective_tuning_target_load_pilot_25\scenarios\known_visit_g19_t20_n25.csv,20,13,8,50.359392475958764,50.359392475958764,03,03,2,1,True,completed
24,known_visit,ACBBA,bernoulli,drop_0.25,19,361,4,20,targets_20_acbba_h3_bernoulli_025,objective_tuning_target_load_pilot_25\scenarios\known_visit_g19_t20_n25.csv,1,18,2,65.05750821656265,65.05750821656265,03,03,1,0,True,completed
24,known_visit,ACBBA,bernoulli,drop_0.25,19,361,4,20,targets_20_acbba_h3_bernoulli_025,objective_tuning_target_load_pilot_25\scenarios\known_visit_g19_t20_n25.csv,2,8,7,25.551352604900988,25.551352604900988,00,00,2,1,True,completed
24,known_visit,ACBBA,bernoulli,drop_0.25,19,361,4,20,targets_20_acbba_h3_bernoulli_025,objective_tuning_target_load_pilot_25\scenarios\known_visit_g19_t20_n25.csv,3,4,9,11.13497297930577,11.13497297930577,01,01,1,0,True,completed
24,known_visit,ACBBA,bernoulli,drop_0.25,19,361,4,20,targets_20_acbba_h3_bernoulli_025,objective_tuning_target_load_pilot_25\scenarios\known_visit_g19_t20_n25.csv,4,5,16,10.913539110905527,10.913539110905527,03,03,2,1,True,completed
24,known_visit,ACBBA,bernoulli,drop_0.25,19,361,4,20,targets_20_acbba_h3_bernoulli_025,objective_tuning_target_load_pilot_25\scenarios\known_visit_g19_t20_n25.csv,5,4,12,5.257549057509751,5.257549057509751,02,02,1,0,True,completed
24,known_visit,ACBBA,bernoulli,drop_0.25,19,361,4,20,targets_20_acbba_h3_bernoulli_025,objective_tuning_target_load_pilot_25\scenarios\known_visit_g19_t20_n25.csv,6,7,7,23.476092623365947,23.476092623365947,00,00,2,1,True,completed
24,known_visit,ACBBA,bernoulli,drop_0.25,19,361,4,20,targets_20_acbba_h3_bernoulli_025,objective_tuning_target_load_pilot_25\scenarios\known_visit_g19_t20_n25.csv,7,7,18,18.021468453685177,18.021468453685177,03,03,1,0,True,completed
24,known_visit,ACBBA,bernoulli,drop_0.25,19,361,4,20,targets_20_acbba_h3_bernoulli_025,objective_tuning_target_load_pilot_25\scenarios\known_visit_g19_t20_n25.csv,8,16,17,35.786712404619045,35.786712404619045,03,03,1,0,True,completed
24,known_visit,ACBBA,bernoulli,drop_0.25,19,361,4,20,targets_20_acbba_h3_bernoulli_025,objective_tuning_target_load_pilot_25\scenarios\known_visit_g19_t20_n25.csv,9,1,17,2.1388337586622117,2.1388337586622117,03,03,1,0,True,completed
24,known_visit,ACBBA,bernoulli,drop_0.25,19,361,4,20,targets_20_acbba_h3_bernoulli_025,objective_tuning_target_load_pilot_25\scenarios\known_visit_g19_t20_n25.csv,10,3,8,7.341969916170429,7.341969916170429,01,01,2,1,True,completed
24,known_visit,ACBBA,bernoulli,drop_0.25,19,361,4,20,targets_20_acbba_h3_bernoulli_025,objective_tuning_target_load_pilot_25\scenarios\known_visit_g19_t20_n25.csv,11,10,14,23.976016447724664,23.976016447724664,02,02,1,0,True,completed
24,known_visit,ACBBA,bernoulli,drop_0.25,19,361,4,20,targets_20_acbba_h3_bernoulli_025,objective_tuning_target_load_pilot_25\scenarios\known_visit_g19_t20_n25.csv,12,14,10,41.66433230782804,41.66433230782804,00,00,1,0,True,completed
24,known_visit,ACBBA,bernoulli,drop_0.25,19,361,4,20,targets_20_acbba_h3_bernoulli_025,objective_tuning_target_load_pilot_25\scenarios\known_visit_g19_t20_n25.csv,13,13,9,37.90590257701431,37.90590257701431,00,00,2,1,True,completed
24,known_visit,ACBBA,bernoulli,drop_0.25,19,361,4,20,targets_20_acbba_h3_bernoulli_025,objective_tuning_target_load_pilot_25\scenarios\known_visit_g19_t20_n25.csv,14,5,4,14.59177591819471,14.59177591819471,00,00,1,0,True,completed
24,known_visit,ACBBA,bernoulli,drop_0.25,19,361,4,20,targets_20_acbba_h3_bernoulli_025,objective_tuning_target_load_pilot_25\scenarios\known_visit_g19_t20_n25.csv,15,18,7,56.26555568131725,56.26555568131725,03,03,1,0,True,completed
24,known_visit,ACBBA,bernoulli,drop_0.25,19,361,4,20,targets_20_acbba_h3_bernoulli_025,objective_tuning_target_load_pilot_25\scenarios\known_visit_g19_t20_n25.csv,16,13,0,77.75038972712741,77.75038972712741,03,03,1,0,True,completed
24,known_visit,ACBBA,bernoulli,drop_0.25,19,361,4,20,targets_20_acbba_h3_bernoulli_025,objective_tuning_target_load_pilot_25\scenarios\known_visit_g19_t20_n25.csv,17,14,1,73.909673596738,73.909673596738,03,03,1,0,True,completed
24,known_visit,ACBBA,bernoulli,drop_0.25,19,361,4,20,targets_20_acbba_h3_bernoulli_025,objective_tuning_target_load_pilot_25\scenarios\known_visit_g19_t20_n25.csv,18,2,1,3.9646687059265324,3.9646687059265324,00,00,1,0,True,completed
24,known_visit,ACBBA,bernoulli,drop_0.25,19,361,4,20,targets_20_acbba_h3_bernoulli_025,objective_tuning_target_load_pilot_25\scenarios\known_visit_g19_t20_n25.csv,19,12,3,76.43113171226543,76.43113171226543,00,00,1,0,True,completed
24,known_visit,ACBBA,bernoulli,drop_0.25,19,361,4,20,targets_20_acbba_h3_bernoulli_025,objective_tuning_target_load_pilot_25\scenarios\known_visit_g19_t20_n25.csv,20,8,15,18.489280020484387,18.489280020484387,02,02,1,0,True,completed
