trial_id,trial_mode,algorithm,comm_model,comm_level,grid_size,grid_cells,robot_count,target_count,condition_id,scenario_file,target_index,target_x,target_y,first_completion_time_s,first_completion_sim_time_s,first_found_by_robot,first_finder_robot_id,total_visits,duplicate_visits,completed,trial_status
0,known_visit,HIPC,bernoulli,drop_0.25,25,625,5,10,hipc_g25_d140_bernoulli_drop_0_25,reruns\grid_density\scenarios\cv\known_visit_grid25_targets10_trials50.csv,1,18,2,37.65123411347706,37.65123411347706,00,00,1,0,True,completed
0,known_visit,HIPC,bernoulli,drop_0.25,25,625,5,10,hipc_g25_d140_bernoulli_drop_0_25,reruns\grid_density\scenarios\cv\known_visit_grid25_targets10_trials50.csv,2,11,22,20.74019648649609,20.74019648649609,04,04,1,0,True,completed
0,known_visit,HIPC,bernoulli,drop_0.25,25,625,5,10,hipc_g25_d140_bernoulli_drop_0_25,reruns\grid_density\scenarios\cv\known_visit_grid25_targets10_trials50.csv,3,9,9,19.20947150905866,19.20947150905866,01,01,2,1,True,completed
0,known_visit,HIPC,bernoulli,drop_0.25,25,625,5,10,hipc_g25_d140_bernoulli_drop_0_25,reruns\grid_density\scenarios\cv\known_visit_grid25_targets10_trials50.csv,4,21,1,44.50064822417539,44.50064822417539,00,00,1,0,True,completed
0,known_visit,HIPC,bernoulli,drop_0.25,25,625,5,10,hipc_g25_d140_bernoulli_drop_0_25,reruns\grid_density\scenarios\cv\known_visit_grid25_targets10_trials50.csv,5,14,2,30.527023932478755,30.527023932478755,00,00,2,1,True,completed
0,known_visit,HIPC,bernoulli,drop_0.25,25,625,5,10,hipc_g25_d140_bernoulli_drop_0_25,reruns\grid_density\scenarios\cv\known_visit_grid25_targets10_trials50.csv,6,7,9,15.509234499359323,15.509234499359323,01,01,1,0,True,completed
0,known_visit,HIPC,bernoulli,drop_0.25,25,625,5,10,hipc_g25_d140_bernoulli_drop_0_25,reruns\grid_density\scenarios\cv\known_visit_grid25_targets10_trials50.csv,7,21,24,48.402917412696155,48.402917412696155,03,03,1,0,True,completed
0,known_visit,HIPC,bernoulli,drop_0.25,25,625,5,10,hipc_g25_d140_bernoulli_drop_0_25,reruns\grid_density\scenarios\cv\known_visit_grid25_targets10_trials50.csv,8,11,3,23.051494888524093,23.051494888524093,00,00,2,1,True,completed
0,known_visit,HIPC,bernoulli,drop_0.25,25,625,5,10,hipc_g25_d140_bernoulli_drop_0_25,reruns\grid_density\scenarios\cv\known_visit_grid25_targets10_trials50.csv,9,3,18,3.4273850798953513,3.4273850798953513,03,03,1,0,True,completed
0,known_visit,HIPC,bernoulli,drop_0.25,25,625,5,10,hipc_g25_d140_bernoulli_drop_0_25,reruns\grid_density\scenarios\cv\known_visit_grid25_targets10_trials50.csv,10,22,18,36.100721607170286,36.100721607170286,03,03,1,0,True,completed
1,known_visit,HIPC,bernoulli,drop_0.25,25,625,5,10,hipc_g25_d140_bernoulli_drop_0_25,reruns\grid_density\scenarios\cv\known_visit_grid25_targets10_trials50.csv,1,2,0,1.9866224661146143,1.9866224661146143,00,00,1,0,True,completed
1,known_visit,HIPC,bernoulli,drop_0.25,25,625,5,10,hipc_g25_d140_bernoulli_drop_0_25,reruns\grid_density\scenarios\cv\known_visit_grid25_targets10_trials50.csv,2,22,23,38.08976073395247,38.08976073395247,04,04,1,0,True,completed
1,known_visit,HIPC,bernoulli,drop_0.25,25,625,5,10,hipc_g25_d140_bernoulli_drop_0_25,reruns\grid_density\scenarios\cv\known_visit_grid25_targets10_trials50.csv,3,6,15,14.441187899022731,14.441187899022731,02,02,1,0,True,completed
1,known_visit,HIPC,bernoulli,drop_0.25,25,625,5,10,hipc_g25_d140_bernoulli_drop_0_25,reruns\grid_density\scenarios\cv\known_visit_grid25_targets10_trials50.csv,4,23,23,40.1115800493986,40.1115800493986,04,04,1,0,True,completed
1,known_visit,HIPC,bernoulli,drop_0.25,25,625,5,10,hipc_g25_d140_bernoulli_drop_0_25,reruns\grid_density\scenarios\cv\known_visit_grid25_targets10_trials50.csv,5,7,4,14.05860640988329,14.05860640988329,01,01,1,0,True,completed
1,known_visit,HIPC,bernoulli,drop_0.25,25,625,5,10,hipc_g25_d140_bernoulli_drop_0_25,reruns\grid_density\scenarios\cv\known_visit_grid25_targets10_trials50.csv,6,12,6,26.584769904114328,26.584769904114328,01,01,1,0,True,completed
1,known_visit,HIPC,bernoulli,drop_0.25,25,625,5,10,hipc_g25_d140_bernoulli_drop_0_25,reruns\grid_density\scenarios\cv\known_visit_grid25_targets10_trials50.csv,7,14,19,31.54962823860045,31.54962823860045,03,03,1,0,True,completed
1,known_visit,HIPC,bernoulli,drop_0.25,25,625,5,10,hipc_g25_d140_bernoulli_drop_0_25,reruns\grid_density\scenarios\cv\known_visit_grid25_targets10_trials50.csv,8,20,4,44.02502792410981,44.02502792410981,01,01,1,0,True,completed
1,known_visit,HIPC,bernoulli,drop_0.25,25,625,5,10,hipc_g25_d140_bernoulli_drop_0_25,reruns\grid_density\scenarios\cv\known_visit_grid25_targets10_trials50.csv,9,3,15,8.899323916881706,8.899323916881706,02,02,1,0,True,completed
1,known_visit,HIPC,bernoulli,drop_0.25,25,625,5,10,hipc_g25_d140_bernoulli_drop_0_25,reruns\grid_density\scenarios\cv\known_visit_grid25_targets10_trials50.csv,10,10,16,19.29236733920825,19.29236733920825,03,03,1,0,True,completed
2,known_visit,HIPC,bernoulli,drop_0.25,25,625,5,10,hipc_g25_d140_bernoulli_drop_0_25,reruns\grid_density\scenarios\cv\known_visit_grid25_targets10_trials50.csv,1,17,10,34.966607284338075,34.966607284338075,01,01,1,0,True,completed
2,known_visit,HIPC,bernoulli,drop_0.25,25,625,5,10,hipc_g25_d140_bernoulli_drop_0_25,reruns\grid_density\scenarios\cv\known_visit_grid25_targets10_trials50.csv,2,15,0,24.252262845820585,24.252262845820585,00,00,1,0,True,completed
2,known_visit,HIPC,bernoulli,drop_0.25,25,625,5,10,hipc_g25_d140_bernoulli_drop_0_25,reruns\grid_density\scenarios\cv\known_visit_grid25_targets10_trials50.csv,3,16,1,27.85400950288608,27.85400950288608,00,00,1,0,True,completed
2,known_visit,HIPC,bernoulli,drop_0.25,25,625,5,10,hipc_g25_d140_bernoulli_drop_0_25,reruns\grid_density\scenarios\cv\known_visit_grid25_targets10_trials50.csv,4,21,23,40.103782865233185,40.103782865233185,04,04,1,0,True,completed
2,known_visit,HIPC,bernoulli,drop_0.25,25,625,5,10,hipc_g25_d140_bernoulli_drop_0_25,reruns\grid_density\scenarios\cv\known_visit_grid25_targets10_trials50.csv,5,11,7,19.366092753021313,19.366092753021313,01,01,1,0,True,completed
2,known_visit,HIPC,bernoulli,drop_0.25,25,625,5,10,hipc_g25_d140_bernoulli_drop_0_25,reruns\grid_density\scenarios\cv\known_visit_grid25_targets10_trials50.csv,6,1,11,2.272660241902128,2.272660241902128,02,02,1,0,True,completed
2,known_visit,HIPC,bernoulli,drop_0.25,25,625,5,10,hipc_g25_d140_bernoulli_drop_0_25,reruns\grid_density\scenarios\cv\known_visit_grid25_targets10_trials50.csv,7,6,14,15.871322389162659,15.871322389162659,03,03,1,0,True,completed
2,known_visit,HIPC,bernoulli,drop_0.25,25,625,5,10,hipc_g25_d140_bernoulli_drop_0_25,reruns\grid_density\scenarios\cv\known_visit_grid25_targets10_trials50.csv,8,8,0,12.303305800011609,12.303305800011609,00,00,1,0,True,completed
2,known_visit,HIPC,bernoulli,drop_0.25,25,625,5,10,hipc_g25_d140_bernoulli_drop_0_25,reruns\grid_density\scenarios\cv\known_visit_grid25_targets10_trials50.csv,9,15,22,27.52331984578401,27.52331984578401,04,04,1,0,True,completed
2,known_visit,HIPC,bernoulli,drop_0.25,25,625,5,10,hipc_g25_d140_bernoulli_drop_0_25,reruns\grid_density\scenarios\cv\known_visit_grid25_targets10_trials50.csv,10,24,6,54.13331660313215,54.13331660313215,01,01,1,0,True,completed
3,known_visit,HIPC,bernoulli,drop_0.25,25,625,5,10,hipc_g25_d140_bernoulli_drop_0_25,reruns\grid_density\scenarios\cv\known_visit_grid25_targets10_trials50.csv,1,14,2,26.25193649880737,26.25193649880737,00,00,1,0,True,completed
3,known_visit,HIPC,bernoulli,drop_0.25,25,625,5,10,hipc_g25_d140_bernoulli_drop_0_25,reruns\grid_density\scenarios\cv\known_visit_grid25_targets10_trials50.csv,2,4,19,29.029718586247963,29.029718586247963,02,02,1,0,True,completed
3,known_visit,HIPC,bernoulli,drop_0.25,25,625,5,10,hipc_g25_d140_bernoulli_drop_0_25,reruns\grid_density\scenarios\cv\known_visit_grid25_targets10_trials50.csv,3,6,15,18.404151232839833,18.404151232839833,02,02,1,0,True,completed
3,known_visit,HIPC,bernoulli,drop_0.25,25,625,5,10,hipc_g25_d140_bernoulli_drop_0_25,reruns\grid_density\scenarios\cv\known_visit_grid25_targets10_trials50.csv,4,23,19,54.16882156892256,54.16882156892256,03,03,1,0,True,completed
3,known_visit,HIPC,bernoulli,drop_0.25,25,625,5,10,hipc_g25_d140_bernoulli_drop_0_25,reruns\grid_density\scenarios\cv\known_visit_grid25_targets10_trials50.csv,5,22,10,53.848926548872825,53.848926548872825,00,00,1,0,True,completed
3,known_visit,HIPC,bernoulli,drop_0.25,25,625,5,10,hipc_g25_d140_bernoulli_drop_0_25,reruns\grid_density\scenarios\cv\known_visit_grid25_targets10_trials50.csv,6,2,14,9.60310123068099,9.60310123068099,02,02,2,1,True,completed
3,known_visit,HIPC,bernoulli,drop_0.25,25,625,5,10,hipc_g25_d140_bernoulli_drop_0_25,reruns\grid_density\scenarios\cv\known_visit_grid25_targets10_trials50.csv,7,17,16,38.65286400903593,38.65286400903593,03,03,1,0,True,completed
3,known_visit,HIPC,bernoulli,drop_0.25,25,625,5,10,hipc_g25_d140_bernoulli_drop_0_25,reruns\grid_density\scenarios\cv\known_visit_grid25_targets10_trials50.csv,8,1,11,2.09908930562786,2.09908930562786,02,02,2,1,True,completed
3,known_visit,HIPC,bernoulli,drop_0.25,25,625,5,10,hipc_g25_d140_bernoulli_drop_0_25,reruns\grid_density\scenarios\cv\known_visit_grid25_targets10_trials50.csv,9,9,14,20.97695520589182,20.97695520589182,03,03,1,0,True,completed
3,known_visit,HIPC,bernoulli,drop_0.25,25,625,5,10,hipc_g25_d140_bernoulli_drop_0_25,reruns\grid_density\scenarios\cv\known_visit_grid25_targets10_trials50.csv,10,7,8,14.14754654774913,14.14754654774913,01,01,1,0,True,completed
4,known_visit,HIPC,bernoulli,drop_0.25,25,625,5,10,hipc_g25_d140_bernoulli_drop_0_25,reruns\grid_density\scenarios\cv\known_visit_grid25_targets10_trials50.csv,1,2,13,3.797956432683494,3.797956432683494,02,02,1,0,True,completed
4,known_visit,HIPC,bernoulli,drop_0.25,25,625,5,10,hipc_g25_d140_bernoulli_drop_0_25,reruns\grid_density\scenarios\cv\known_visit_grid25_targets10_trials50.csv,2,21,0,38.8013704899269,38.8013704899269,00,00,1,0,True,completed
4,known_visit,HIPC,bernoulli,drop_0.25,25,625,5,10,hipc_g25_d140_bernoulli_drop_0_25,reruns\grid_density\scenarios\cv\known_visit_grid25_targets10_trials50.csv,3,16,9,31.01541147426219,31.01541147426219,01,01,1,0,True,completed
4,known_visit,HIPC,bernoulli,drop_0.25,25,625,5,10,hipc_g25_d140_bernoulli_drop_0_25,reruns\grid_density\scenarios\cv\known_visit_grid25_targets10_trials50.csv,4,18,18,40.022708860209576,40.022708860209576,04,04,1,0,True,completed
4,known_visit,HIPC,bernoulli,drop_0.25,25,625,5,10,hipc_g25_d140_bernoulli_drop_0_25,reruns\grid_density\scenarios\cv\known_visit_grid25_targets10_trials50.csv,5,20,1,34.821336048011666,34.821336048011666,00,00,1,0,True,completed
4,known_visit,HIPC,bernoulli,drop_0.25,25,625,5,10,hipc_g25_d140_bernoulli_drop_0_25,reruns\grid_density\scenarios\cv\known_visit_grid25_targets10_trials50.csv,6,12,21,24.321103370588148,24.321103370588148,04,04,2,1,True,completed
4,known_visit,HIPC,bernoulli,drop_0.25,25,625,5,10,hipc_g25_d140_bernoulli_drop_0_25,reruns\grid_density\scenarios\cv\known_visit_grid25_targets10_trials50.csv,7,8,20,16.00992718406123,16.00992718406123,03,03,1,0,True,completed
4,known_visit,HIPC,bernoulli,drop_0.25,25,625,5,10,hipc_g25_d140_bernoulli_drop_0_25,reruns\grid_density\scenarios\cv\known_visit_grid25_targets10_trials50.csv,8,24,6,54.58717467608258,54.58717467608258,00,00,1,0,True,completed
4,known_visit,HIPC,bernoulli,drop_0.25,25,625,5,10,hipc_g25_d140_bernoulli_drop_0_25,reruns\grid_density\scenarios\cv\known_visit_grid25_targets10_trials50.csv,9,20,12,43.141540275212016,43.141540275212016,01,01,1,0,True,completed
4,known_visit,HIPC,bernoulli,drop_0.25,25,625,5,10,hipc_g25_d140_bernoulli_drop_0_25,reruns\grid_density\scenarios\cv\known_visit_grid25_targets10_trials50.csv,10,2,6,1.9023315682983213,1.9023315682983213,01,01,1,0,True,completed
5,known_visit,HIPC,bernoulli,drop_0.25,25,625,5,10,hipc_g25_d140_bernoulli_drop_0_25,reruns\grid_density\scenarios\cv\known_visit_grid25_targets10_trials50.csv,1,12,1,24.353563125807256,24.353563125807256,00,00,1,0,True,completed
5,known_visit,HIPC,bernoulli,drop_0.25,25,625,5,10,hipc_g25_d140_bernoulli_drop_0_25,reruns\grid_density\scenarios\cv\known_visit_grid25_targets10_trials50.csv,2,2,6,1.9670627351658687,1.9670627351658687,01,01,2,1,True,completed
5,known_visit,HIPC,bernoulli,drop_0.25,25,625,5,10,hipc_g25_d140_bernoulli_drop_0_25,reruns\grid_density\scenarios\cv\known_visit_grid25_targets10_trials50.csv,3,5,21,12.257942278781277,12.257942278781277,04,04,2,1,True,completed
5,known_visit,HIPC,bernoulli,drop_0.25,25,625,5,10,hipc_g25_d140_bernoulli_drop_0_25,reruns\grid_density\scenarios\cv\known_visit_grid25_targets10_trials50.csv,4,7,2,13.872485192592201,13.872485192592201,00,00,1,0,True,completed
5,known_visit,HIPC,bernoulli,drop_0.25,25,625,5,10,hipc_g25_d140_bernoulli_drop_0_25,reruns\grid_density\scenarios\cv\known_visit_grid25_targets10_trials50.csv,5,1,8,7.257891323668078,7.257891323668078,02,02,1,0,True,completed
5,known_visit,HIPC,bernoulli,drop_0.25,25,625,5,10,hipc_g25_d140_bernoulli_drop_0_25,reruns\grid_density\scenarios\cv\known_visit_grid25_targets10_trials50.csv,6,16,3,34.95423076972768,34.95423076972768,00,00,2,1,True,completed
5,known_visit,HIPC,bernoulli,drop_0.25,25,625,5,10,hipc_g25_d140_bernoulli_drop_0_25,reruns\grid_density\scenarios\cv\known_visit_grid25_targets10_trials50.csv,7,21,4,165.4260005881104,165.4260005881104,00,00,1,0,True,completed
5,known_visit,HIPC,bernoulli,drop_0.25,25,625,5,10,hipc_g25_d140_bernoulli_drop_0_25,reruns\grid_density\scenarios\cv\known_visit_grid25_targets10_trials50.csv,8,24,20,54.15405201970835,54.15405201970835,04,04,1,0,True,completed
5,known_visit,HIPC,bernoulli,drop_0.25,25,625,5,10,hipc_g25_d140_bernoulli_drop_0_25,reruns\grid_density\scenarios\cv\known_visit_grid25_targets10_trials50.csv,9,13,23,29.796736843237923,29.796736843237923,04,04,2,1,True,completed
5,known_visit,HIPC,bernoulli,drop_0.25,25,625,5,10,hipc_g25_d140_bernoulli_drop_0_25,reruns\grid_density\scenarios\cv\known_visit_grid25_targets10_trials50.csv,10,5,6,14.749398179198758,14.749398179198758,01,01,2,1,True,completed
6,known_visit,HIPC,bernoulli,drop_0.25,25,625,5,10,hipc_g25_d140_bernoulli_drop_0_25,reruns\grid_density\scenarios\cv\known_visit_grid25_targets10_trials50.csv,1,5,9,12.398748649975515,12.398748649975515,02,02,1,0,True,completed
6,known_visit,HIPC,bernoulli,drop_0.25,25,625,5,10,hipc_g25_d140_bernoulli_drop_0_25,reruns\grid_density\scenarios\cv\known_visit_grid25_targets10_trials50.csv,2,24,15,54.134512518058905,54.134512518058905,04,04,1,0,True,completed
6,known_visit,HIPC,bernoulli,drop_0.25,25,625,5,10,hipc_g25_d140_bernoulli_drop_0_25,reruns\grid_density\scenarios\cv\known_visit_grid25_targets10_trials50.csv,3,3,8,7.024646069430846,7.024646069430846,01,01,1,0,True,completed
6,known_visit,HIPC,bernoulli,drop_0.25,25,625,5,10,hipc_g25_d140_bernoulli_drop_0_25,reruns\grid_density\scenarios\cv\known_visit_grid25_targets10_trials50.csv,4,9,8,21.330230971971787,21.330230971971787,02,02,1,0,True,completed
6,known_visit,HIPC,bernoulli,drop_0.25,25,625,5,10,hipc_g25_d140_bernoulli_drop_0_25,reruns\grid_density\scenarios\cv\known_visit_grid25_targets10_trials50.csv,5,8,0,12.136303205152698,12.136303205152698,00,00,1,0,True,completed
6,known_visit,HIPC,bernoulli,drop_0.25,25,625,5,10,hipc_g25_d140_bernoulli_drop_0_25,reruns\grid_density\scenarios\cv\known_visit_grid25_targets10_trials50.csv,6,24,20,45.75839036957812,45.75839036957812,04,04,1,0,True,completed
6,known_visit,HIPC,bernoulli,drop_0.25,25,625,5,10,hipc_g25_d140_bernoulli_drop_0_25,reruns\grid_density\scenarios\cv\known_visit_grid25_targets10_trials50.csv,7,10,3,21.006107386579583,21.006107386579583,00,00,1,0,True,completed
6,known_visit,HIPC,bernoulli,drop_0.25,25,625,5,10,hipc_g25_d140_bernoulli_drop_0_25,reruns\grid_density\scenarios\cv\known_visit_grid25_targets10_trials50.csv,8,13,9,30.133011660073127,30.133011660073127,02,02,1,0,True,completed
6,known_visit,HIPC,bernoulli,drop_0.25,25,625,5,10,hipc_g25_d140_bernoulli_drop_0_25,reruns\grid_density\scenarios\cv\known_visit_grid25_targets10_trials50.csv,9,12,24,18.490834604913257,18.490834604913257,04,04,2,1,True,completed
6,known_visit,HIPC,bernoulli,drop_0.25,25,625,5,10,hipc_g25_d140_bernoulli_drop_0_25,reruns\grid_density\scenarios\cv\known_visit_grid25_targets10_trials50.csv,10,11,14,24.082754785468566,24.082754785468566,03,03,1,0,True,completed
7,known_visit,HIPC,bernoulli,drop_0.25,25,625,5,10,hipc_g25_d140_bernoulli_drop_0_25,reruns\grid_density\scenarios\cv\known_visit_grid25_targets10_trials50.csv,1,4,17,11.352262390288447,11.352262390288447,03,03,1,0,True,completed
7,known_visit,HIPC,bernoulli,drop_0.25,25,625,5,10,hipc_g25_d140_bernoulli_drop_0_25,reruns\grid_density\scenarios\cv\known_visit_grid25_targets10_trials50.csv,2,9,16,20.75099247969667,20.75099247969667,02,02,1,0,True,completed
7,known_visit,HIPC,bernoulli,drop_0.25,25,625,5,10,hipc_g25_d140_bernoulli_drop_0_25,reruns\grid_density\scenarios\cv\known_visit_grid25_targets10_trials50.csv,3,9,18,22.220885081974647,22.220885081974647,03,03,1,0,True,completed
7,known_visit,HIPC,bernoulli,drop_0.25,25,625,5,10,hipc_g25_d140_bernoulli_drop_0_25,reruns\grid_density\scenarios\cv\known_visit_grid25_targets10_trials50.csv,4,24,1,41.38960234096,41.38960234096,00,00,1,0,True,completed
7,known_visit,HIPC,bernoulli,drop_0.25,25,625,5,10,hipc_g25_d140_bernoulli_drop_0_25,reruns\grid_density\scenarios\cv\known_visit_grid25_targets10_trials50.csv,5,21,18,46.507246832871594,46.507246832871594,03,03,1,0,True,completed
7,known_visit,HIPC,bernoulli,drop_0.25,25,625,5,10,hipc_g25_d140_bernoulli_drop_0_25,reruns\grid_density\scenarios\cv\known_visit_grid25_targets10_trials50.csv,6,9,19,23.87925590448334,23.87925590448334,03,03,1,0,True,completed
7,known_visit,HIPC,bernoulli,drop_0.25,25,625,5,10,hipc_g25_d140_bernoulli_drop_0_25,reruns\grid_density\scenarios\cv\known_visit_grid25_targets10_trials50.csv,7,2,19,3.933197238071504,3.933197238071504,03,03,1,0,True,completed
7,known_visit,HIPC,bernoulli,drop_0.25,25,625,5,10,hipc_g25_d140_bernoulli_drop_0_25,reruns\grid_density\scenarios\cv\known_visit_grid25_targets10_trials50.csv,8,14,19,32.47317072012524,32.47317072012524,03,03,1,0,True,completed
7,known_visit,HIPC,bernoulli,drop_0.25,25,625,5,10,hipc_g25_d140_bernoulli_drop_0_25,reruns\grid_density\scenarios\cv\known_visit_grid25_targets10_trials50.csv,9,14,22,30.540643660362818,30.540643660362818,04,04,1,0,True,completed
7,known_visit,HIPC,bernoulli,drop_0.25,25,625,5,10,hipc_g25_d140_bernoulli_drop_0_25,reruns\grid_density\scenarios\cv\known_visit_grid25_targets10_trials50.csv,10,2,6,1.8464510668065157,1.8464510668065157,01,01,1,0,True,completed
8,known_visit,HIPC,bernoulli,drop_0.25,25,625,5,10,hipc_g25_d140_bernoulli_drop_0_25,reruns\grid_density\scenarios\cv\known_visit_grid25_targets10_trials50.csv,1,8,11,14.004645303684416,14.004645303684416,02,02,1,0,True,completed
8,known_visit,HIPC,bernoulli,drop_0.25,25,625,5,10,hipc_g25_d140_bernoulli_drop_0_25,reruns\grid_density\scenarios\cv\known_visit_grid25_targets10_trials50.csv,2,22,0,36.078818730411285,36.078818730411285,00,00,1,0,True,completed
8,known_visit,HIPC,bernoulli,drop_0.25,25,625,5,10,hipc_g25_d140_bernoulli_drop_0_25,reruns\grid_density\scenarios\cv\known_visit_grid25_targets10_trials50.csv,3,10,0,15.362581522028757,15.362581522028757,00,00,1,0,True,completed
8,known_visit,HIPC,bernoulli,drop_0.25,25,625,5,10,hipc_g25_d140_bernoulli_drop_0_25,reruns\grid_density\scenarios\cv\known_visit_grid25_targets10_trials50.csv,4,12,12,27.177876821173626,27.177876821173626,02,02,1,0,True,completed
8,known_visit,HIPC,bernoulli,drop_0.25,25,625,5,10,hipc_g25_d140_bernoulli_drop_0_25,reruns\grid_density\scenarios\cv\known_visit_grid25_targets10_trials50.csv,5,22,15,41.65415167472912,41.65415167472912,03,03,1,0,True,completed
8,known_visit,HIPC,bernoulli,drop_0.25,25,625,5,10,hipc_g25_d140_bernoulli_drop_0_25,reruns\grid_density\scenarios\cv\known_visit_grid25_targets10_trials50.csv,6,7,8,14.262107513305194,14.262107513305194,01,01,1,0,True,completed
8,known_visit,HIPC,bernoulli,drop_0.25,25,625,5,10,hipc_g25_d140_bernoulli_drop_0_25,reruns\grid_density\scenarios\cv\known_visit_grid25_targets10_trials50.csv,7,12,17,20.66474023631078,20.66474023631078,03,03,1,0,True,completed
8,known_visit,HIPC,bernoulli,drop_0.25,25,625,5,10,hipc_g25_d140_bernoulli_drop_0_25,reruns\grid_density\scenarios\cv\known_visit_grid25_targets10_trials50.csv,8,5,8,10.562077128660452,10.562077128660452,01,01,1,0,True,completed
8,known_visit,HIPC,bernoulli,drop_0.25,25,625,5,10,hipc_g25_d140_bernoulli_drop_0_25,reruns\grid_density\scenarios\cv\known_visit_grid25_targets10_trials50.csv,9,20,13,43.400592830312,43.400592830312,02,02,1,0,True,completed
8,known_visit,HIPC,bernoulli,drop_0.25,25,625,5,10,hipc_g25_d140_bernoulli_drop_0_25,reruns\grid_density\scenarios\cv\known_visit_grid25_targets10_trials50.csv,10,11,13,23.18552777634968,23.18552777634968,02,02,1,0,True,completed
9,known_visit,HIPC,bernoulli,drop_0.25,25,625,5,10,hipc_g25_d140_bernoulli_drop_0_25,reruns\grid_density\scenarios\cv\known_visit_grid25_targets10_trials50.csv,1,12,13,25.33392538859907,25.33392538859907,02,02,1,0,True,completed
9,known_visit,HIPC,bernoulli,drop_0.25,25,625,5,10,hipc_g25_d140_bernoulli_drop_0_25,reruns\grid_density\scenarios\cv\known_visit_grid25_targets10_trials50.csv,2,0,15,3.8483374169070355,3.8483374169070355,03,03,1,0,True,completed
9,known_visit,HIPC,bernoulli,drop_0.25,25,625,5,10,hipc_g25_d140_bernoulli_drop_0_25,reruns\grid_density\scenarios\cv\known_visit_grid25_targets10_trials50.csv,3,8,21,21.45700324589893,21.45700324589893,04,04,1,0,True,completed
9,known_visit,HIPC,bernoulli,drop_0.25,25,625,5,10,hipc_g25_d140_bernoulli_drop_0_25,reruns\grid_density\scenarios\cv\known_visit_grid25_targets10_trials50.csv,4,12,5,27.65504466379962,27.65504466379962,00,00,1,0,True,completed
9,known_visit,HIPC,bernoulli,drop_0.25,25,625,5,10,hipc_g25_d140_bernoulli_drop_0_25,reruns\grid_density\scenarios\cv\known_visit_grid25_targets10_trials50.csv,5,6,20,15.663919491091058,15.663919491091058,04,04,1,0,True,completed
9,known_visit,HIPC,bernoulli,drop_0.25,25,625,5,10,hipc_g25_d140_bernoulli_drop_0_25,reruns\grid_density\scenarios\cv\known_visit_grid25_targets10_trials50.csv,6,1,10,7.5110279304441985,7.5110279304441985,01,01,1,0,True,completed
9,known_visit,HIPC,bernoulli,drop_0.25,25,625,5,10,hipc_g25_d140_bernoulli_drop_0_25,reruns\grid_density\scenarios\cv\known_visit_grid25_targets10_trials50.csv,7,15,19,37.55768994372837,37.55768994372837,04,04,1,0,True,completed
9,known_visit,HIPC,bernoulli,drop_0.25,25,625,5,10,hipc_g25_d140_bernoulli_drop_0_25,reruns\grid_density\scenarios\cv\known_visit_grid25_targets10_trials50.csv,8,2,11,11.320855119248115,11.320855119248115,01,01,1,0,True,completed
9,known_visit,HIPC,bernoulli,drop_0.25,25,625,5,10,hipc_g25_d140_bernoulli_drop_0_25,reruns\grid_density\scenarios\cv\known_visit_grid25_targets10_trials50.csv,9,24,1,55.56521253973941,55.56521253973941,00,00,1,0,True,completed
9,known_visit,HIPC,bernoulli,drop_0.25,25,625,5,10,hipc_g25_d140_bernoulli_drop_0_25,reruns\grid_density\scenarios\cv\known_visit_grid25_targets10_trials50.csv,10,15,2,38.295282155081445,38.295282155081445,00,00,1,0,True,completed
10,known_visit,HIPC,bernoulli,drop_0.25,25,625,5,10,hipc_g25_d140_bernoulli_drop_0_25,reruns\grid_density\scenarios\cv\known_visit_grid25_targets10_trials50.csv,1,7,19,12.512298821442677,12.512298821442677,03,03,2,1,True,completed
10,known_visit,HIPC,bernoulli,drop_0.25,25,625,5,10,hipc_g25_d140_bernoulli_drop_0_25,reruns\grid_density\scenarios\cv\known_visit_grid25_targets10_trials50.csv,2,19,17,36.70443487120644,36.70443487120644,03,03,1,0,True,completed
10,known_visit,HIPC,bernoulli,drop_0.25,25,625,5,10,hipc_g25_d140_bernoulli_drop_0_25,reruns\grid_density\scenarios\cv\known_visit_grid25_targets10_trials50.csv,3,5,6,6.949816944152891,6.949816944152891,01,01,1,0,True,completed
10,known_visit,HIPC,bernoulli,drop_0.25,25,625,5,10,hipc_g25_d140_bernoulli_drop_0_25,reruns\grid_density\scenarios\cv\known_visit_grid25_targets10_trials50.csv,4,15,7,29.770566191131692,29.770566191131692,01,01,1,0,True,completed
10,known_visit,HIPC,bernoulli,drop_0.25,25,625,5,10,hipc_g25_d140_bernoulli_drop_0_25,reruns\grid_density\scenarios\cv\known_visit_grid25_targets10_trials50.csv,5,18,8,37.28403296242538,37.28403296242538,01,01,1,0,True,completed
10,known_visit,HIPC,bernoulli,drop_0.25,25,625,5,10,hipc_g25_d140_bernoulli_drop_0_25,reruns\grid_density\scenarios\cv\known_visit_grid25_targets10_trials50.csv,6,10,8,19.006748573233324,19.006748573233324,01,01,1,0,True,completed
10,known_visit,HIPC,bernoulli,drop_0.25,25,625,5,10,hipc_g25_d140_bernoulli_drop_0_25,reruns\grid_density\scenarios\cv\known_visit_grid25_targets10_trials50.csv,7,22,4,43.239776187418904,43.239776187418904,00,00,1,0,True,completed
10,known_visit,HIPC,bernoulli,drop_0.25,25,625,5,10,hipc_g25_d140_bernoulli_drop_0_25,reruns\grid_density\scenarios\cv\known_visit_grid25_targets10_trials50.csv,8,18,0,29.26471106306667,29.26471106306667,00,00,1,0,True,completed
10,known_visit,HIPC,bernoulli,drop_0.25,25,625,5,10,hipc_g25_d140_bernoulli_drop_0_25,reruns\grid_density\scenarios\cv\known_visit_grid25_targets10_trials50.csv,9,16,19,27.781578468275622,27.781578468275622,03,03,1,0,True,completed
10,known_visit,HIPC,bernoulli,drop_0.25,25,625,5,10,hipc_g25_d140_bernoulli_drop_0_25,reruns\grid_density\scenarios\cv\known_visit_grid25_targets10_trials50.csv,10,4,13,7.354077188412462,7.354077188412462,02,02,1,0,True,completed
11,known_visit,HIPC,bernoulli,drop_0.25,25,625,5,10,hipc_g25_d140_bernoulli_drop_0_25,reruns\grid_density\scenarios\cv\known_visit_grid25_targets10_trials50.csv,1,20,11,41.62987559678078,41.62987559678078,01,01,1,0,True,completed
11,known_visit,HIPC,bernoulli,drop_0.25,25,625,5,10,hipc_g25_d140_bernoulli_drop_0_25,reruns\grid_density\scenarios\cv\known_visit_grid25_targets10_trials50.csv,2,6,17,10.518278019178126,10.518278019178126,03,03,1,0,True,completed
11,known_visit,HIPC,bernoulli,drop_0.25,25,625,5,10,hipc_g25_d140_bernoulli_drop_0_25,reruns\grid_density\scenarios\cv\known_visit_grid25_targets10_trials50.csv,3,9,3,19.1137927600784,19.1137927600784,00,00,1,0,True,completed
11,known_visit,HIPC,bernoulli,drop_0.25,25,625,5,10,hipc_g25_d140_bernoulli_drop_0_25,reruns\grid_density\scenarios\cv\known_visit_grid25_targets10_trials50.csv,4,9,13,22.66312196850123,22.66312196850123,03,03,1,0,True,completed
11,known_visit,HIPC,bernoulli,drop_0.25,25,625,5,10,hipc_g25_d140_bernoulli_drop_0_25,reruns\grid_density\scenarios\cv\known_visit_grid25_targets10_trials50.csv,5,12,20,25.75738904298736,25.75738904298736,04,04,1,0,True,completed
11,known_visit,HIPC,bernoulli,drop_0.25,25,625,5,10,hipc_g25_d140_bernoulli_drop_0_25,reruns\grid_density\scenarios\cv\known_visit_grid25_targets10_trials50.csv,6,2,14,5.739383131988407,5.739383131988407,02,02,1,0,True,completed
11,known_visit,HIPC,bernoulli,drop_0.25,25,625,5,10,hipc_g25_d140_bernoulli_drop_0_25,reruns\grid_density\scenarios\cv\known_visit_grid25_targets10_trials50.csv,7,16,16,39.82721481898933,39.82721481898933,04,04,1,0,True,completed
11,known_visit,HIPC,bernoulli,drop_0.25,25,625,5,10,hipc_g25_d140_bernoulli_drop_0_25,reruns\grid_density\scenarios\cv\known_visit_grid25_targets10_trials50.csv,8,20,1,41.950028945030816,41.950028945030816,00,00,1,0,True,completed
11,known_visit,HIPC,bernoulli,drop_0.25,25,625,5,10,hipc_g25_d140_bernoulli_drop_0_25,reruns\grid_density\scenarios\cv\known_visit_grid25_targets10_trials50.csv,9,20,16,46.805981544250095,46.805981544250095,04,04,1,0,True,completed
11,known_visit,HIPC,bernoulli,drop_0.25,25,625,5,10,hipc_g25_d140_bernoulli_drop_0_25,reruns\grid_density\scenarios\cv\known_visit_grid25_targets10_trials50.csv,10,12,19,27.496290336446584,27.496290336446584,04,04,1,0,True,completed
12,known_visit,HIPC,bernoulli,drop_0.25,25,625,5,10,hipc_g25_d140_bernoulli_drop_0_25,reruns\grid_density\scenarios\cv\known_visit_grid25_targets10_trials50.csv,1,1,15,20.27145785058024,20.27145785058024,03,03,1,0,True,completed
12,known_visit,HIPC,bernoulli,drop_0.25,25,625,5,10,hipc_g25_d140_bernoulli_drop_0_25,reruns\grid_density\scenarios\cv\known_visit_grid25_targets10_trials50.csv,2,19,20,38.09380770516131,38.09380770516131,04,04,1,0,True,completed
12,known_visit,HIPC,bernoulli,drop_0.25,25,625,5,10,hipc_g25_d140_bernoulli_drop_0_25,reruns\grid_density\scenarios\cv\known_visit_grid25_targets10_trials50.csv,3,4,24,5.230688899222226,5.230688899222226,04,04,1,0,True,completed
12,known_visit,HIPC,bernoulli,drop_0.25,25,625,5,10,hipc_g25_d140_bernoulli_drop_0_25,reruns\grid_density\scenarios\cv\known_visit_grid25_targets10_trials50.csv,4,14,12,31.03516582424743,31.03516582424743,02,02,1,0,True,completed
12,known_visit,HIPC,bernoulli,drop_0.25,25,625,5,10,hipc_g25_d140_bernoulli_drop_0_25,reruns\grid_density\scenarios\cv\known_visit_grid25_targets10_trials50.csv,5,9,13,20.465367395656866,20.465367395656866,02,02,1,0,True,completed
12,known_visit,HIPC,bernoulli,drop_0.25,25,625,5,10,hipc_g25_d140_bernoulli_drop_0_25,reruns\grid_density\scenarios\cv\known_visit_grid25_targets10_trials50.csv,6,5,13,13.270190279578943,13.270190279578943,02,02,1,0,True,completed
12,known_visit,HIPC,bernoulli,drop_0.25,25,625,5,10,hipc_g25_d140_bernoulli_drop_0_25,reruns\grid_density\scenarios\cv\known_visit_grid25_targets10_trials50.csv,7,14,13,28.97172896848777,28.97172896848777,02,02,1,0,True,completed
12,known_visit,HIPC,bernoulli,drop_0.25,25,625,5,10,hipc_g25_d140_bernoulli_drop_0_25,reruns\grid_density\scenarios\cv\known_visit_grid25_targets10_trials50.csv,8,14,9,36.16353495977208,36.16353495977208,02,02,1,0,True,completed
12,known_visit,HIPC,bernoulli,drop_0.25,25,625,5,10,hipc_g25_d140_bernoulli_drop_0_25,reruns\grid_density\scenarios\cv\known_visit_grid25_targets10_trials50.csv,9,13,3,25.967134986296692,25.967134986296692,01,01,1,0,True,completed
12,known_visit,HIPC,bernoulli,drop_0.25,25,625,5,10,hipc_g25_d140_bernoulli_drop_0_25,reruns\grid_density\scenarios\cv\known_visit_grid25_targets10_trials50.csv,10,13,6,20.62488593063846,20.62488593063846,01,01,1,0,True,completed
13,known_visit,HIPC,bernoulli,drop_0.25,25,625,5,10,hipc_g25_d140_bernoulli_drop_0_25,reruns\grid_density\scenarios\cv\known_visit_grid25_targets10_trials50.csv,1,22,9,41.85878584258714,41.85878584258714,02,02,1,0,True,completed
13,known_visit,HIPC,bernoulli,drop_0.25,25,625,5,10,hipc_g25_d140_bernoulli_drop_0_25,reruns\grid_density\scenarios\cv\known_visit_grid25_targets10_trials50.csv,2,15,5,26.00871951538038,26.00871951538038,01,01,1,0,True,completed
13,known_visit,HIPC,bernoulli,drop_0.25,25,625,5,10,hipc_g25_d140_bernoulli_drop_0_25,reruns\grid_density\scenarios\cv\known_visit_grid25_targets10_trials50.csv,3,2,20,5.5089530449871935,5.5089530449871935,03,03,1,0,True,completed
13,known_visit,HIPC,bernoulli,drop_0.25,25,625,5,10,hipc_g25_d140_bernoulli_drop_0_25,reruns\grid_density\scenarios\cv\known_visit_grid25_targets10_trials50.csv,4,2,18,1.8854258755958053,1.8854258755958053,03,03,1,0,True,completed
13,known_visit,HIPC,bernoulli,drop_0.25,25,625,5,10,hipc_g25_d140_bernoulli_drop_0_25,reruns\grid_density\scenarios\cv\known_visit_grid25_targets10_trials50.csv,5,23,0,48.42308687144228,48.42308687144228,01,01,1,0,True,completed
13,known_visit,HIPC,bernoulli,drop_0.25,25,625,5,10,hipc_g25_d140_bernoulli_drop_0_25,reruns\grid_density\scenarios\cv\known_visit_grid25_targets10_trials50.csv,6,16,9,31.282411749148313,31.282411749148313,02,02,1,0,True,completed
13,known_visit,HIPC,bernoulli,drop_0.25,25,625,5,10,hipc_g25_d140_bernoulli_drop_0_25,reruns\grid_density\scenarios\cv\known_visit_grid25_targets10_trials50.csv,7,13,16,31.697481006583537,31.697481006583537,03,03,1,0,True,completed
13,known_visit,HIPC,bernoulli,drop_0.25,25,625,5,10,hipc_g25_d140_bernoulli_drop_0_25,reruns\grid_density\scenarios\cv\known_visit_grid25_targets10_trials50.csv,8,22,12,47.08964137261148,47.08964137261148,02,02,1,0,True,completed
13,known_visit,HIPC,bernoulli,drop_0.25,25,625,5,10,hipc_g25_d140_bernoulli_drop_0_25,reruns\grid_density\scenarios\cv\known_visit_grid25_targets10_trials50.csv,9,2,3,7.487560691602907,7.487560691602907,00,00,1,0,True,completed
13,known_visit,HIPC,bernoulli,drop_0.25,25,625,5,10,hipc_g25_d140_bernoulli_drop_0_25,reruns\grid_density\scenarios\cv\known_visit_grid25_targets10_trials50.csv,10,12,19,24.798265240512134,24.798265240512134,03,03,1,0,True,completed
14,known_visit,HIPC,bernoulli,drop_0.25,25,625,5,10,hipc_g25_d140_bernoulli_drop_0_25,reruns\grid_density\scenarios\cv\known_visit_grid25_targets10_trials50.csv,1,15,19,25.89450317189504,25.89450317189504,03,03,1,0,True,completed
14,known_visit,HIPC,bernoulli,drop_0.25,25,625,5,10,hipc_g25_d140_bernoulli_drop_0_25,reruns\grid_density\scenarios\cv\known_visit_grid25_targets10_trials50.csv,2,12,23,20.74382419628852,20.74382419628852,04,04,1,0,True,completed
14,known_visit,HIPC,bernoulli,drop_0.25,25,625,5,10,hipc_g25_d140_bernoulli_drop_0_25,reruns\grid_density\scenarios\cv\known_visit_grid25_targets10_trials50.csv,3,23,21,43.099776425770514,43.099776425770514,03,03,1,0,True,completed
14,known_visit,HIPC,bernoulli,drop_0.25,25,625,5,10,hipc_g25_d140_bernoulli_drop_0_25,reruns\grid_density\scenarios\cv\known_visit_grid25_targets10_trials50.csv,4,3,18,3.637344722917225,3.637344722917225,03,03,1,0,True,completed
14,known_visit,HIPC,bernoulli,drop_0.25,25,625,5,10,hipc_g25_d140_bernoulli_drop_0_25,reruns\grid_density\scenarios\cv\known_visit_grid25_targets10_trials50.csv,5,1,5,2.0901412800179124,2.0901412800179124,01,01,1,0,True,completed
14,known_visit,HIPC,bernoulli,drop_0.25,25,625,5,10,hipc_g25_d140_bernoulli_drop_0_25,reruns\grid_density\scenarios\cv\known_visit_grid25_targets10_trials50.csv,6,10,4,19.63841823853257,19.63841823853257,01,01,1,0,True,completed
14,known_visit,HIPC,bernoulli,drop_0.25,25,625,5,10,hipc_g25_d140_bernoulli_drop_0_25,reruns\grid_density\scenarios\cv\known_visit_grid25_targets10_trials50.csv,7,12,2,26.97801083109482,26.97801083109482,01,01,1,0,True,completed
14,known_visit,HIPC,bernoulli,drop_0.25,25,625,5,10,hipc_g25_d140_bernoulli_drop_0_25,reruns\grid_density\scenarios\cv\known_visit_grid25_targets10_trials50.csv,8,22,16,51.25369464098052,51.25369464098052,02,02,1,0,True,completed
14,known_visit,HIPC,bernoulli,drop_0.25,25,625,5,10,hipc_g25_d140_bernoulli_drop_0_25,reruns\grid_density\scenarios\cv\known_visit_grid25_targets10_trials50.csv,9,22,11,38.26077466146208,38.26077466146208,02,02,1,0,True,completed
14,known_visit,HIPC,bernoulli,drop_0.25,25,625,5,10,hipc_g25_d140_bernoulli_drop_0_25,reruns\grid_density\scenarios\cv\known_visit_grid25_targets10_trials50.csv,10,1,6,0.12389651319116425,0.12389651319116425,01,01,1,0,True,completed
15,known_visit,HIPC,bernoulli,drop_0.25,25,625,5,10,hipc_g25_d140_bernoulli_drop_0_25,reruns\grid_density\scenarios\cv\known_visit_grid25_targets10_trials50.csv,1,5,0,6.920373218148647,6.920373218148647,00,00,1,0,True,completed
15,known_visit,HIPC,bernoulli,drop_0.25,25,625,5,10,hipc_g25_d140_bernoulli_drop_0_25,reruns\grid_density\scenarios\cv\known_visit_grid25_targets10_trials50.csv,2,3,20,7.228094773554098,7.228094773554098,03,03,1,0,True,completed
15,known_visit,HIPC,bernoulli,drop_0.25,25,625,5,10,hipc_g25_d140_bernoulli_drop_0_25,reruns\grid_density\scenarios\cv\known_visit_grid25_targets10_trials50.csv,3,11,15,26.47553886835096,26.47553886835096,02,02,1,0,True,completed
15,known_visit,HIPC,bernoulli,drop_0.25,25,625,5,10,hipc_g25_d140_bernoulli_drop_0_25,reruns\grid_density\scenarios\cv\known_visit_grid25_targets10_trials50.csv,4,12,22,23.07372400430844,23.07372400430844,04,04,1,0,True,completed
15,known_visit,HIPC,bernoulli,drop_0.25,25,625,5,10,hipc_g25_d140_bernoulli_drop_0_25,reruns\grid_density\scenarios\cv\known_visit_grid25_targets10_trials50.csv,5,12,12,19.0481955902197,19.0481955902197,02,02,1,0,True,completed
15,known_visit,HIPC,bernoulli,drop_0.25,25,625,5,10,hipc_g25_d140_bernoulli_drop_0_25,reruns\grid_density\scenarios\cv\known_visit_grid25_targets10_trials50.csv,6,7,23,12.664372323232362,12.664372323232362,04,04,1,0,True,completed
15,known_visit,HIPC,bernoulli,drop_0.25,25,625,5,10,hipc_g25_d140_bernoulli_drop_0_25,reruns\grid_density\scenarios\cv\known_visit_grid25_targets10_trials50.csv,7,15,0,23.83466761411512,23.83466761411512,00,00,1,0,True,completed
15,known_visit,HIPC,bernoulli,drop_0.25,25,625,5,10,hipc_g25_d140_bernoulli_drop_0_25,reruns\grid_density\scenarios\cv\known_visit_grid25_targets10_trials50.csv,8,19,18,39.26820215840263,39.26820215840263,03,03,1,0,True,completed
15,known_visit,HIPC,bernoulli,drop_0.25,25,625,5,10,hipc_g25_d140_bernoulli_drop_0_25,reruns\grid_density\scenarios\cv\known_visit_grid25_targets10_trials50.csv,9,23,16,49.772560677116054,49.772560677116054,03,03,1,0,True,completed
15,known_visit,HIPC,bernoulli,drop_0.25,25,625,5,10,hipc_g25_d140_bernoulli_drop_0_25,reruns\grid_density\scenarios\cv\known_visit_grid25_targets10_trials50.csv,10,20,8,46.18846941865295,46.18846941865295,00,00,1,0,True,completed
16,known_visit,HIPC,bernoulli,drop_0.25,25,625,5,10,hipc_g25_d140_bernoulli_drop_0_25,reruns\grid_density\scenarios\cv\known_visit_grid25_targets10_trials50.csv,1,19,8,38.46201170165704,38.46201170165704,02,02,1,0,True,completed
16,known_visit,HIPC,bernoulli,drop_0.25,25,625,5,10,hipc_g25_d140_bernoulli_drop_0_25,reruns\grid_density\scenarios\cv\known_visit_grid25_targets10_trials50.csv,2,6,17,10.74788291229761,10.74788291229761,03,03,1,0,True,completed
16,known_visit,HIPC,bernoulli,drop_0.25,25,625,5,10,hipc_g25_d140_bernoulli_drop_0_25,reruns\grid_density\scenarios\cv\known_visit_grid25_targets10_trials50.csv,3,5,12,7.357100594040106,7.357100594040106,02,02,2,1,True,completed
16,known_visit,HIPC,bernoulli,drop_0.25,25,625,5,10,hipc_g25_d140_bernoulli_drop_0_25,reruns\grid_density\scenarios\cv\known_visit_grid25_targets10_trials50.csv,4,12,11,21.356841030531797,21.356841030531797,02,02,1,0,True,completed
16,known_visit,HIPC,bernoulli,drop_0.25,25,625,5,10,hipc_g25_d140_bernoulli_drop_0_25,reruns\grid_density\scenarios\cv\known_visit_grid25_targets10_trials50.csv,5,18,17,35.61701116156074,35.61701116156074,03,03,1,0,True,completed
16,known_visit,HIPC,bernoulli,drop_0.25,25,625,5,10,hipc_g25_d140_bernoulli_drop_0_25,reruns\grid_density\scenarios\cv\known_visit_grid25_targets10_trials50.csv,6,3,18,3.6827391388830244,3.6827391388830244,03,03,1,0,True,completed
16,known_visit,HIPC,bernoulli,drop_0.25,25,625,5,10,hipc_g25_d140_bernoulli_drop_0_25,reruns\grid_density\scenarios\cv\known_visit_grid25_targets10_trials50.csv,7,16,16,29.98702800522513,29.98702800522513,03,03,1,0,True,completed
16,known_visit,HIPC,bernoulli,drop_0.25,25,625,5,10,hipc_g25_d140_bernoulli_drop_0_25,reruns\grid_density\scenarios\cv\known_visit_grid25_targets10_trials50.csv,8,13,21,26.115179572662644,26.115179572662644,04,04,1,0,True,completed
16,known_visit,HIPC,bernoulli,drop_0.25,25,625,5,10,hipc_g25_d140_bernoulli_drop_0_25,reruns\grid_density\scenarios\cv\known_visit_grid25_targets10_trials50.csv,9,11,3,22.8119940220955,22.8119940220955,00,00,1,0,True,completed
16,known_visit,HIPC,bernoulli,drop_0.25,25,625,5,10,hipc_g25_d140_bernoulli_drop_0_25,reruns\grid_density\scenarios\cv\known_visit_grid25_targets10_trials50.csv,10,14,9,28.29703520046989,28.29703520046989,02,02,1,0,True,completed
17,known_visit,HIPC,bernoulli,drop_0.25,25,625,5,10,hipc_g25_d140_bernoulli_drop_0_25,reruns\grid_density\scenarios\cv\known_visit_grid25_targets10_trials50.csv,1,1,11,2.257344056064323,2.257344056064323,02,02,1,0,True,completed
17,known_visit,HIPC,bernoulli,drop_0.25,25,625,5,10,hipc_g25_d140_bernoulli_drop_0_25,reruns\grid_density\scenarios\cv\known_visit_grid25_targets10_trials50.csv,2,4,12,16.160751395360414,16.160751395360414,01,01,1,0,True,completed
17,known_visit,HIPC,bernoulli,drop_0.25,25,625,5,10,hipc_g25_d140_bernoulli_drop_0_25,reruns\grid_density\scenarios\cv\known_visit_grid25_targets10_trials50.csv,3,1,15,5.541343521047537,5.541343521047537,03,03,1,0,True,completed
17,known_visit,HIPC,bernoulli,drop_0.25,25,625,5,10,hipc_g25_d140_bernoulli_drop_0_25,reruns\grid_density\scenarios\cv\known_visit_grid25_targets10_trials50.csv,4,8,10,27.048074155827663,27.048074155827663,01,01,1,0,True,completed
17,known_visit,HIPC,bernoulli,drop_0.25,25,625,5,10,hipc_g25_d140_bernoulli_drop_0_25,reruns\grid_density\scenarios\cv\known_visit_grid25_targets10_trials50.csv,5,1,13,9.899715696138133,9.899715696138133,02,02,1,0,True,completed
17,known_visit,HIPC,bernoulli,drop_0.25,25,625,5,10,hipc_g25_d140_bernoulli_drop_0_25,reruns\grid_density\scenarios\cv\known_visit_grid25_targets10_trials50.csv,6,22,23,41.44336670416018,41.44336670416018,04,04,1,0,True,completed
17,known_visit,HIPC,bernoulli,drop_0.25,25,625,5,10,hipc_g25_d140_bernoulli_drop_0_25,reruns\grid_density\scenarios\cv\known_visit_grid25_targets10_trials50.csv,7,10,12,34.61001132371091,34.61001132371091,01,01,1,0,True,completed
17,known_visit,HIPC,bernoulli,drop_0.25,25,625,5,10,hipc_g25_d140_bernoulli_drop_0_25,reruns\grid_density\scenarios\cv\known_visit_grid25_targets10_trials50.csv,8,23,16,45.717759452508616,45.717759452508616,03,03,1,0,True,completed
17,known_visit,HIPC,bernoulli,drop_0.25,25,625,5,10,hipc_g25_d140_bernoulli_drop_0_25,reruns\grid_density\scenarios\cv\known_visit_grid25_targets10_trials50.csv,9,17,15,33.549654289245325,33.549654289245325,03,03,1,0,True,completed
17,known_visit,HIPC,bernoulli,drop_0.25,25,625,5,10,hipc_g25_d140_bernoulli_drop_0_25,reruns\grid_density\scenarios\cv\known_visit_grid25_targets10_trials50.csv,10,17,5,36.12401976489889,36.12401976489889,00,00,1,0,True,completed
18,known_visit,HIPC,bernoulli,drop_0.25,25,625,5,10,hipc_g25_d140_bernoulli_drop_0_25,reruns\grid_density\scenarios\cv\known_visit_grid25_targets10_trials50.csv,1,10,17,27.33309539127076,27.33309539127076,04,04,2,1,True,completed
18,known_visit,HIPC,bernoulli,drop_0.25,25,625,5,10,hipc_g25_d140_bernoulli_drop_0_25,reruns\grid_density\scenarios\cv\known_visit_grid25_targets10_trials50.csv,2,24,20,57.13754772116306,57.13754772116306,04,04,1,0,True,completed
18,known_visit,HIPC,bernoulli,drop_0.25,25,625,5,10,hipc_g25_d140_bernoulli_drop_0_25,reruns\grid_density\scenarios\cv\known_visit_grid25_targets10_trials50.csv,3,14,15,35.3462260408349,35.3462260408349,02,02,1,0,True,completed
18,known_visit,HIPC,bernoulli,drop_0.25,25,625,5,10,hipc_g25_d140_bernoulli_drop_0_25,reruns\grid_density\scenarios\cv\known_visit_grid25_targets10_trials50.csv,4,22,23,66.2484648960403,66.2484648960403,04,04,1,0,True,completed
18,known_visit,HIPC,bernoulli,drop_0.25,25,625,5,10,hipc_g25_d140_bernoulli_drop_0_25,reruns\grid_density\scenarios\cv\known_visit_grid25_targets10_trials50.csv,5,3,21,8.681878409875575,8.681878409875575,04,04,2,1,True,completed
18,known_visit,HIPC,bernoulli,drop_0.25,25,625,5,10,hipc_g25_d140_bernoulli_drop_0_25,reruns\grid_density\scenarios\cv\known_visit_grid25_targets10_trials50.csv,6,17,20,44.82600825327557,44.82600825327557,04,04,1,0,True,completed
18,known_visit,HIPC,bernoulli,drop_0.25,25,625,5,10,hipc_g25_d140_bernoulli_drop_0_25,reruns\grid_density\scenarios\cv\known_visit_grid25_targets10_trials50.csv,7,20,6,40.13023975987229,40.13023975987229,01,01,1,0,True,completed
18,known_visit,HIPC,bernoulli,drop_0.25,25,625,5,10,hipc_g25_d140_bernoulli_drop_0_25,reruns\grid_density\scenarios\cv\known_visit_grid25_targets10_trials50.csv,8,12,10,22.702473112310308,22.702473112310308,02,02,1,0,True,completed
18,known_visit,HIPC,bernoulli,drop_0.25,25,625,5,10,hipc_g25_d140_bernoulli_drop_0_25,reruns\grid_density\scenarios\cv\known_visit_grid25_targets10_trials50.csv,9,2,20,5.541504566823226,5.541504566823226,03,03,2,1,True,completed
18,known_visit,HIPC,bernoulli,drop_0.25,25,625,5,10,hipc_g25_d140_bernoulli_drop_0_25,reruns\grid_density\scenarios\cv\known_visit_grid25_targets10_trials50.csv,10,16,8,29.360437611686397,29.360437611686397,01,01,1,0,True,completed
19,known_visit,HIPC,bernoulli,drop_0.25,25,625,5,10,hipc_g25_d140_bernoulli_drop_0_25,reruns\grid_density\scenarios\cv\known_visit_grid25_targets10_trials50.csv,1,18,6,33.608004443894615,33.608004443894615,01,01,1,0,True,completed
19,known_visit,HIPC,bernoulli,drop_0.25,25,625,5,10,hipc_g25_d140_bernoulli_drop_0_25,reruns\grid_density\scenarios\cv\known_visit_grid25_targets10_trials50.csv,2,17,8,38.81753304172339,38.81753304172339,01,01,1,0,True,completed
19,known_visit,HIPC,bernoulli,drop_0.25,25,625,5,10,hipc_g25_d140_bernoulli_drop_0_25,reruns\grid_density\scenarios\cv\known_visit_grid25_targets10_trials50.csv,3,17,17,29.74874395368859,29.74874395368859,03,03,1,0,True,completed
19,known_visit,HIPC,bernoulli,drop_0.25,25,625,5,10,hipc_g25_d140_bernoulli_drop_0_25,reruns\grid_density\scenarios\cv\known_visit_grid25_targets10_trials50.csv,4,20,16,42.80461223256544,42.80461223256544,02,02,1,0,True,completed
19,known_visit,HIPC,bernoulli,drop_0.25,25,625,5,10,hipc_g25_d140_bernoulli_drop_0_25,reruns\grid_density\scenarios\cv\known_visit_grid25_targets10_trials50.csv,5,21,13,35.9076837502268,35.9076837502268,02,02,1,0,True,completed
19,known_visit,HIPC,bernoulli,drop_0.25,25,625,5,10,hipc_g25_d140_bernoulli_drop_0_25,reruns\grid_density\scenarios\cv\known_visit_grid25_targets10_trials50.csv,6,7,17,12.091266666583119,12.091266666583119,03,03,1,0,True,completed
19,known_visit,HIPC,bernoulli,drop_0.25,25,625,5,10,hipc_g25_d140_bernoulli_drop_0_25,reruns\grid_density\scenarios\cv\known_visit_grid25_targets10_trials50.csv,7,2,5,3.7993286414192062,3.7993286414192062,01,01,1,0,True,completed
19,known_visit,HIPC,bernoulli,drop_0.25,25,625,5,10,hipc_g25_d140_bernoulli_drop_0_25,reruns\grid_density\scenarios\cv\known_visit_grid25_targets10_trials50.csv,8,24,5,48.70021102802873,48.70021102802873,00,00,1,0,True,completed
19,known_visit,HIPC,bernoulli,drop_0.25,25,625,5,10,hipc_g25_d140_bernoulli_drop_0_25,reruns\grid_density\scenarios\cv\known_visit_grid25_targets10_trials50.csv,9,20,4,40.031033872633984,40.031033872633984,00,00,1,0,True,completed
19,known_visit,HIPC,bernoulli,drop_0.25,25,625,5,10,hipc_g25_d140_bernoulli_drop_0_25,reruns\grid_density\scenarios\cv\known_visit_grid25_targets10_trials50.csv,10,4,24,5.258331836056531,5.258331836056531,04,04,1,0,True,completed
20,known_visit,HIPC,bernoulli,drop_0.25,25,625,5,10,hipc_g25_d140_bernoulli_drop_0_25,reruns\grid_density\scenarios\cv\known_visit_grid25_targets10_trials50.csv,1,24,7,49.01854455131954,49.01854455131954,01,01,1,0,True,completed
20,known_visit,HIPC,bernoulli,drop_0.25,25,625,5,10,hipc_g25_d140_bernoulli_drop_0_25,reruns\grid_density\scenarios\cv\known_visit_grid25_targets10_trials50.csv,2,10,3,21.182505421291285,21.182505421291285,00,00,1,0,True,completed
20,known_visit,HIPC,bernoulli,drop_0.25,25,625,5,10,hipc_g25_d140_bernoulli_drop_0_25,reruns\grid_density\scenarios\cv\known_visit_grid25_targets10_trials50.csv,3,21,19,36.25767123704763,36.25767123704763,03,03,1,0,True,completed
20,known_visit,HIPC,bernoulli,drop_0.25,25,625,5,10,hipc_g25_d140_bernoulli_drop_0_25,reruns\grid_density\scenarios\cv\known_visit_grid25_targets10_trials50.csv,4,8,3,17.56796481005118,17.56796481005118,00,00,1,0,True,completed
20,known_visit,HIPC,bernoulli,drop_0.25,25,625,5,10,hipc_g25_d140_bernoulli_drop_0_25,reruns\grid_density\scenarios\cv\known_visit_grid25_targets10_trials50.csv,5,12,12,18.81402900773544,18.81402900773544,02,02,1,0,True,completed
20,known_visit,HIPC,bernoulli,drop_0.25,25,625,5,10,hipc_g25_d140_bernoulli_drop_0_25,reruns\grid_density\scenarios\cv\known_visit_grid25_targets10_trials50.csv,6,22,21,41.47073482248724,41.47073482248724,03,03,1,0,True,completed
20,known_visit,HIPC,bernoulli,drop_0.25,25,625,5,10,hipc_g25_d140_bernoulli_drop_0_25,reruns\grid_density\scenarios\cv\known_visit_grid25_targets10_trials50.csv,7,22,4,39.598125018765835,39.598125018765835,01,01,1,0,True,completed
20,known_visit,HIPC,bernoulli,drop_0.25,25,625,5,10,hipc_g25_d140_bernoulli_drop_0_25,reruns\grid_density\scenarios\cv\known_visit_grid25_targets10_trials50.csv,8,16,12,33.42872010023016,33.42872010023016,02,02,1,0,True,completed
20,known_visit,HIPC,bernoulli,drop_0.25,25,625,5,10,hipc_g25_d140_bernoulli_drop_0_25,reruns\grid_density\scenarios\cv\known_visit_grid25_targets10_trials50.csv,9,19,12,54.81798120088795,54.81798120088795,02,02,1,0,True,completed
20,known_visit,HIPC,bernoulli,drop_0.25,25,625,5,10,hipc_g25_d140_bernoulli_drop_0_25,reruns\grid_density\scenarios\cv\known_visit_grid25_targets10_trials50.csv,10,13,14,24.326498277402376,24.326498277402376,02,02,1,0,True,completed
21,known_visit,HIPC,bernoulli,drop_0.25,25,625,5,10,hipc_g25_d140_bernoulli_drop_0_25,reruns\grid_density\scenarios\cv\known_visit_grid25_targets10_trials50.csv,1,1,6,0.2003785693831996,0.2003785693831996,01,01,1,0,True,completed
21,known_visit,HIPC,bernoulli,drop_0.25,25,625,5,10,hipc_g25_d140_bernoulli_drop_0_25,reruns\grid_density\scenarios\cv\known_visit_grid25_targets10_trials50.csv,2,8,14,15.934820293537726,15.934820293537726,02,02,1,0,True,completed
21,known_visit,HIPC,bernoulli,drop_0.25,25,625,5,10,hipc_g25_d140_bernoulli_drop_0_25,reruns\grid_density\scenarios\cv\known_visit_grid25_targets10_trials50.csv,3,14,12,30.061955171039084,30.061955171039084,02,02,1,0,True,completed
21,known_visit,HIPC,bernoulli,drop_0.25,25,625,5,10,hipc_g25_d140_bernoulli_drop_0_25,reruns\grid_density\scenarios\cv\known_visit_grid25_targets10_trials50.csv,4,21,0,38.35924799735315,38.35924799735315,00,00,1,0,True,completed
21,known_visit,HIPC,bernoulli,drop_0.25,25,625,5,10,hipc_g25_d140_bernoulli_drop_0_25,reruns\grid_density\scenarios\cv\known_visit_grid25_targets10_trials50.csv,5,2,0,1.8945482328877337,1.8945482328877337,00,00,2,1,True,completed
21,known_visit,HIPC,bernoulli,drop_0.25,25,625,5,10,hipc_g25_d140_bernoulli_drop_0_25,reruns\grid_density\scenarios\cv\known_visit_grid25_targets10_trials50.csv,6,23,6,52.23133093048035,52.23133093048035,00,00,1,0,True,completed
21,known_visit,HIPC,bernoulli,drop_0.25,25,625,5,10,hipc_g25_d140_bernoulli_drop_0_25,reruns\grid_density\scenarios\cv\known_visit_grid25_targets10_trials50.csv,7,6,20,12.235097022334546,12.235097022334546,03,03,1,0,True,completed
21,known_visit,HIPC,bernoulli,drop_0.25,25,625,5,10,hipc_g25_d140_bernoulli_drop_0_25,reruns\grid_density\scenarios\cv\known_visit_grid25_targets10_trials50.csv,8,1,3,5.617389049250903,5.617389049250903,01,01,1,0,True,completed
21,known_visit,HIPC,bernoulli,drop_0.25,25,625,5,10,hipc_g25_d140_bernoulli_drop_0_25,reruns\grid_density\scenarios\cv\known_visit_grid25_targets10_trials50.csv,9,6,1,10.630710546038204,10.630710546038204,00,00,1,0,True,completed
21,known_visit,HIPC,bernoulli,drop_0.25,25,625,5,10,hipc_g25_d140_bernoulli_drop_0_25,reruns\grid_density\scenarios\cv\known_visit_grid25_targets10_trials50.csv,10,16,19,31.609168834122077,31.609168834122077,03,03,1,0,True,completed
22,known_visit,HIPC,bernoulli,drop_0.25,25,625,5,10,hipc_g25_d140_bernoulli_drop_0_25,reruns\grid_density\scenarios\cv\known_visit_grid25_targets10_trials50.csv,1,5,24,6.9754420199948335,6.9754420199948335,04,04,1,0,True,completed
22,known_visit,HIPC,bernoulli,drop_0.25,25,625,5,10,hipc_g25_d140_bernoulli_drop_0_25,reruns\grid_density\scenarios\cv\known_visit_grid25_targets10_trials50.csv,2,13,19,22.509391727811927,22.509391727811927,03,03,1,0,True,completed
22,known_visit,HIPC,bernoulli,drop_0.25,25,625,5,10,hipc_g25_d140_bernoulli_drop_0_25,reruns\grid_density\scenarios\cv\known_visit_grid25_targets10_trials50.csv,3,22,5,46.16450479441812,46.16450479441812,01,01,1,0,True,completed
22,known_visit,HIPC,bernoulli,drop_0.25,25,625,5,10,hipc_g25_d140_bernoulli_drop_0_25,reruns\grid_density\scenarios\cv\known_visit_grid25_targets10_trials50.csv,4,17,23,29.812196313907528,29.812196313907528,04,04,1,0,True,completed
22,known_visit,HIPC,bernoulli,drop_0.25,25,625,5,10,hipc_g25_d140_bernoulli_drop_0_25,reruns\grid_density\scenarios\cv\known_visit_grid25_targets10_trials50.csv,5,18,16,36.7568095950768,36.7568095950768,03,03,1,0,True,completed
22,known_visit,HIPC,bernoulli,drop_0.25,25,625,5,10,hipc_g25_d140_bernoulli_drop_0_25,reruns\grid_density\scenarios\cv\known_visit_grid25_targets10_trials50.csv,6,6,6,12.873975199315316,12.873975199315316,01,01,1,0,True,completed
22,known_visit,HIPC,bernoulli,drop_0.25,25,625,5,10,hipc_g25_d140_bernoulli_drop_0_25,reruns\grid_density\scenarios\cv\known_visit_grid25_targets10_trials50.csv,7,23,8,53.67626815484563,53.67626815484563,01,01,1,0,True,completed
22,known_visit,HIPC,bernoulli,drop_0.25,25,625,5,10,hipc_g25_d140_bernoulli_drop_0_25,reruns\grid_density\scenarios\cv\known_visit_grid25_targets10_trials50.csv,8,12,8,26.633866647323938,26.633866647323938,02,02,1,0,True,completed
22,known_visit,HIPC,bernoulli,drop_0.25,25,625,5,10,hipc_g25_d140_bernoulli_drop_0_25,reruns\grid_density\scenarios\cv\known_visit_grid25_targets10_trials50.csv,9,11,11,19.41055029864233,19.41055029864233,02,02,1,0,True,completed
22,known_visit,HIPC,bernoulli,drop_0.25,25,625,5,10,hipc_g25_d140_bernoulli_drop_0_25,reruns\grid_density\scenarios\cv\known_visit_grid25_targets10_trials50.csv,10,1,5,2.148750309561768,2.148750309561768,01,01,1,0,True,completed
23,known_visit,HIPC,bernoulli,drop_0.25,25,625,5,10,hipc_g25_d140_bernoulli_drop_0_25,reruns\grid_density\scenarios\cv\known_visit_grid25_targets10_trials50.csv,1,7,9,15.87443681583476,15.87443681583476,01,01,1,0,True,completed
23,known_visit,HIPC,bernoulli,drop_0.25,25,625,5,10,hipc_g25_d140_bernoulli_drop_0_25,reruns\grid_density\scenarios\cv\known_visit_grid25_targets10_trials50.csv,2,17,17,29.959427611923804,29.959427611923804,03,03,1,0,True,completed
23,known_visit,HIPC,bernoulli,drop_0.25,25,625,5,10,hipc_g25_d140_bernoulli_drop_0_25,reruns\grid_density\scenarios\cv\known_visit_grid25_targets10_trials50.csv,3,21,11,47.134375948005946,47.134375948005946,03,03,1,0,True,completed
23,known_visit,HIPC,bernoulli,drop_0.25,25,625,5,10,hipc_g25_d140_bernoulli_drop_0_25,reruns\grid_density\scenarios\cv\known_visit_grid25_targets10_trials50.csv,4,24,6,61.04775251747415,61.04775251747415,03,03,1,0,True,completed
23,known_visit,HIPC,bernoulli,drop_0.25,25,625,5,10,hipc_g25_d140_bernoulli_drop_0_25,reruns\grid_density\scenarios\cv\known_visit_grid25_targets10_trials50.csv,5,7,15,20.49902548530277,20.49902548530277,02,02,1,0,True,completed
23,known_visit,HIPC,bernoulli,drop_0.25,25,625,5,10,hipc_g25_d140_bernoulli_drop_0_25,reruns\grid_density\scenarios\cv\known_visit_grid25_targets10_trials50.csv,6,15,9,40.45736467444463,40.45736467444463,01,01,1,0,True,completed
23,known_visit,HIPC,bernoulli,drop_0.25,25,625,5,10,hipc_g25_d140_bernoulli_drop_0_25,reruns\grid_density\scenarios\cv\known_visit_grid25_targets10_trials50.csv,7,18,0,28.81879627095115,28.81879627095115,00,00,1,0,True,completed
23,known_visit,HIPC,bernoulli,drop_0.25,25,625,5,10,hipc_g25_d140_bernoulli_drop_0_25,reruns\grid_density\scenarios\cv\known_visit_grid25_targets10_trials50.csv,8,13,12,31.735874252682656,31.735874252682656,01,01,1,0,True,completed
23,known_visit,HIPC,bernoulli,drop_0.25,25,625,5,10,hipc_g25_d140_bernoulli_drop_0_25,reruns\grid_density\scenarios\cv\known_visit_grid25_targets10_trials50.csv,9,12,23,20.641569551643105,20.641569551643105,04,04,1,0,True,completed
23,known_visit,HIPC,bernoulli,drop_0.25,25,625,5,10,hipc_g25_d140_bernoulli_drop_0_25,reruns\grid_density\scenarios\cv\known_visit_grid25_targets10_trials50.csv,10,3,13,5.755311081677466,5.755311081677466,02,02,1,0,True,completed
24,known_visit,HIPC,bernoulli,drop_0.25,25,625,5,10,hipc_g25_d140_bernoulli_drop_0_25,reruns\grid_density\scenarios\cv\known_visit_grid25_targets10_trials50.csv,1,19,14,43.050692189393025,43.050692189393025,03,03,1,0,True,completed
24,known_visit,HIPC,bernoulli,drop_0.25,25,625,5,10,hipc_g25_d140_bernoulli_drop_0_25,reruns\grid_density\scenarios\cv\known_visit_grid25_targets10_trials50.csv,2,14,3,27.812449208225498,27.812449208225498,01,01,1,0,True,completed
24,known_visit,HIPC,bernoulli,drop_0.25,25,625,5,10,hipc_g25_d140_bernoulli_drop_0_25,reruns\grid_density\scenarios\cv\known_visit_grid25_targets10_trials50.csv,3,19,23,32.98418392815558,32.98418392815558,04,04,1,0,True,completed
24,known_visit,HIPC,bernoulli,drop_0.25,25,625,5,10,hipc_g25_d140_bernoulli_drop_0_25,reruns\grid_density\scenarios\cv\known_visit_grid25_targets10_trials50.csv,4,22,23,38.3596713273004,38.3596713273004,04,04,1,0,True,completed
24,known_visit,HIPC,bernoulli,drop_0.25,25,625,5,10,hipc_g25_d140_bernoulli_drop_0_25,reruns\grid_density\scenarios\cv\known_visit_grid25_targets10_trials50.csv,5,6,15,14.226005135682271,14.226005135682271,02,02,1,0,True,completed
24,known_visit,HIPC,bernoulli,drop_0.25,25,625,5,10,hipc_g25_d140_bernoulli_drop_0_25,reruns\grid_density\scenarios\cv\known_visit_grid25_targets10_trials50.csv,6,18,24,29.255444668565733,29.255444668565733,04,04,1,0,True,completed
24,known_visit,HIPC,bernoulli,drop_0.25,25,625,5,10,hipc_g25_d140_bernoulli_drop_0_25,reruns\grid_density\scenarios\cv\known_visit_grid25_targets10_trials50.csv,7,20,16,37.307502813862776,37.307502813862776,03,03,1,0,True,completed
24,known_visit,HIPC,bernoulli,drop_0.25,25,625,5,10,hipc_g25_d140_bernoulli_drop_0_25,reruns\grid_density\scenarios\cv\known_visit_grid25_targets10_trials50.csv,8,2,16,5.551016304906116,5.551016304906116,03,03,1,0,True,completed
24,known_visit,HIPC,bernoulli,drop_0.25,25,625,5,10,hipc_g25_d140_bernoulli_drop_0_25,reruns\grid_density\scenarios\cv\known_visit_grid25_targets10_trials50.csv,9,9,4,17.343409691723306,17.343409691723306,01,01,1,0,True,completed
24,known_visit,HIPC,bernoulli,drop_0.25,25,625,5,10,hipc_g25_d140_bernoulli_drop_0_25,reruns\grid_density\scenarios\cv\known_visit_grid25_targets10_trials50.csv,10,4,16,9.244468959092426,9.244468959092426,03,03,1,0,True,completed
25,known_visit,HIPC,bernoulli,drop_0.25,25,625,5,10,hipc_g25_d140_bernoulli_drop_0_25,reruns\grid_density\scenarios\cv\known_visit_grid25_targets10_trials50.csv,1,12,11,24.67464533092448,24.67464533092448,02,02,1,0,True,completed
25,known_visit,HIPC,bernoulli,drop_0.25,25,625,5,10,hipc_g25_d140_bernoulli_drop_0_25,reruns\grid_density\scenarios\cv\known_visit_grid25_targets10_trials50.csv,2,23,9,50.666432965353515,50.666432965353515,01,01,1,0,True,completed
25,known_visit,HIPC,bernoulli,drop_0.25,25,625,5,10,hipc_g25_d140_bernoulli_drop_0_25,reruns\grid_density\scenarios\cv\known_visit_grid25_targets10_trials50.csv,3,9,19,15.840041433318552,15.840041433318552,03,03,1,0,True,completed
25,known_visit,HIPC,bernoulli,drop_0.25,25,625,5,10,hipc_g25_d140_bernoulli_drop_0_25,reruns\grid_density\scenarios\cv\known_visit_grid25_targets10_trials50.csv,4,17,21,38.22278625628926,38.22278625628926,03,03,1,0,True,completed
25,known_visit,HIPC,bernoulli,drop_0.25,25,625,5,10,hipc_g25_d140_bernoulli_drop_0_25,reruns\grid_density\scenarios\cv\known_visit_grid25_targets10_trials50.csv,5,21,8,45.01088870688429,45.01088870688429,01,01,1,0,True,completed
25,known_visit,HIPC,bernoulli,drop_0.25,25,625,5,10,hipc_g25_d140_bernoulli_drop_0_25,reruns\grid_density\scenarios\cv\known_visit_grid25_targets10_trials50.csv,6,5,4,10.593987763143536,10.593987763143536,01,01,2,1,True,completed
25,known_visit,HIPC,bernoulli,drop_0.25,25,625,5,10,hipc_g25_d140_bernoulli_drop_0_25,reruns\grid_density\scenarios\cv\known_visit_grid25_targets10_trials50.csv,7,21,11,48.12897952094948,48.12897952094948,02,02,1,0,True,completed
25,known_visit,HIPC,bernoulli,drop_0.25,25,625,5,10,hipc_g25_d140_bernoulli_drop_0_25,reruns\grid_density\scenarios\cv\known_visit_grid25_targets10_trials50.csv,8,2,10,5.630439478123181,5.630439478123181,02,02,1,0,True,completed
25,known_visit,HIPC,bernoulli,drop_0.25,25,625,5,10,hipc_g25_d140_bernoulli_drop_0_25,reruns\grid_density\scenarios\cv\known_visit_grid25_targets10_trials50.csv,9,18,22,33.558385243087635,33.558385243087635,04,04,1,0,True,completed
25,known_visit,HIPC,bernoulli,drop_0.25,25,625,5,10,hipc_g25_d140_bernoulli_drop_0_25,reruns\grid_density\scenarios\cv\known_visit_grid25_targets10_trials50.csv,10,17,9,37.26895863125455,37.26895863125455,02,02,1,0,True,completed
26,known_visit,HIPC,bernoulli,drop_0.25,25,625,5,10,hipc_g25_d140_bernoulli_drop_0_25,reruns\grid_density\scenarios\cv\known_visit_grid25_targets10_trials50.csv,1,22,7,49.06566590512747,49.06566590512747,00,00,1,0,True,completed
26,known_visit,HIPC,bernoulli,drop_0.25,25,625,5,10,hipc_g25_d140_bernoulli_drop_0_25,reruns\grid_density\scenarios\cv\known_visit_grid25_targets10_trials50.csv,2,4,6,5.393761273061248,5.393761273061248,01,01,1,0,True,completed
26,known_visit,HIPC,bernoulli,drop_0.25,25,625,5,10,hipc_g25_d140_bernoulli_drop_0_25,reruns\grid_density\scenarios\cv\known_visit_grid25_targets10_trials50.csv,3,1,13,2.1168783406603,2.1168783406603,02,02,1,0,True,completed
26,known_visit,HIPC,bernoulli,drop_0.25,25,625,5,10,hipc_g25_d140_bernoulli_drop_0_25,reruns\grid_density\scenarios\cv\known_visit_grid25_targets10_trials50.csv,4,7,8,14.158339970046033,14.158339970046033,01,01,2,1,True,completed
26,known_visit,HIPC,bernoulli,drop_0.25,25,625,5,10,hipc_g25_d140_bernoulli_drop_0_25,reruns\grid_density\scenarios\cv\known_visit_grid25_targets10_trials50.csv,5,20,21,37.87316204203501,37.87316204203501,04,04,1,0,True,completed
26,known_visit,HIPC,bernoulli,drop_0.25,25,625,5,10,hipc_g25_d140_bernoulli_drop_0_25,reruns\grid_density\scenarios\cv\known_visit_grid25_targets10_trials50.csv,6,13,6,28.621009942017558,28.621009942017558,01,01,1,0,True,completed
26,known_visit,HIPC,bernoulli,drop_0.25,25,625,5,10,hipc_g25_d140_bernoulli_drop_0_25,reruns\grid_density\scenarios\cv\known_visit_grid25_targets10_trials50.csv,7,17,3,33.39258167241636,33.39258167241636,00,00,1,0,True,completed
26,known_visit,HIPC,bernoulli,drop_0.25,25,625,5,10,hipc_g25_d140_bernoulli_drop_0_25,reruns\grid_density\scenarios\cv\known_visit_grid25_targets10_trials50.csv,8,14,1,24.56079516315663,24.56079516315663,00,00,1,0,True,completed
26,known_visit,HIPC,bernoulli,drop_0.25,25,625,5,10,hipc_g25_d140_bernoulli_drop_0_25,reruns\grid_density\scenarios\cv\known_visit_grid25_targets10_trials50.csv,9,14,5,32.776908894974035,32.776908894974035,01,01,1,0,True,completed
26,known_visit,HIPC,bernoulli,drop_0.25,25,625,5,10,hipc_g25_d140_bernoulli_drop_0_25,reruns\grid_density\scenarios\cv\known_visit_grid25_targets10_trials50.csv,10,14,13,24.763069544591403,24.763069544591403,02,02,1,0,True,completed
27,known_visit,HIPC,bernoulli,drop_0.25,25,625,5,10,hipc_g25_d140_bernoulli_drop_0_25,reruns\grid_density\scenarios\cv\known_visit_grid25_targets10_trials50.csv,1,3,4,7.6030455215451855,7.6030455215451855,01,01,2,1,True,completed
27,known_visit,HIPC,bernoulli,drop_0.25,25,625,5,10,hipc_g25_d140_bernoulli_drop_0_25,reruns\grid_density\scenarios\cv\known_visit_grid25_targets10_trials50.csv,2,2,11,3.869720030669547,3.869720030669547,02,02,2,1,True,completed
27,known_visit,HIPC,bernoulli,drop_0.25,25,625,5,10,hipc_g25_d140_bernoulli_drop_0_25,reruns\grid_density\scenarios\cv\known_visit_grid25_targets10_trials50.csv,3,21,7,163.31402209072877,163.31402209072877,02,02,1,0,True,completed
27,known_visit,HIPC,bernoulli,drop_0.25,25,625,5,10,hipc_g25_d140_bernoulli_drop_0_25,reruns\grid_density\scenarios\cv\known_visit_grid25_targets10_trials50.csv,4,5,3,12.985316226019584,12.985316226019584,01,01,1,0,True,completed
27,known_visit,HIPC,bernoulli,drop_0.25,25,625,5,10,hipc_g25_d140_bernoulli_drop_0_25,reruns\grid_density\scenarios\cv\known_visit_grid25_targets10_trials50.csv,5,3,19,5.554428739576985,5.554428739576985,03,03,2,1,True,completed
27,known_visit,HIPC,bernoulli,drop_0.25,25,625,5,10,hipc_g25_d140_bernoulli_drop_0_25,reruns\grid_density\scenarios\cv\known_visit_grid25_targets10_trials50.csv,6,3,10,7.409054328543998,7.409054328543998,02,02,1,0,True,completed
27,known_visit,HIPC,bernoulli,drop_0.25,25,625,5,10,hipc_g25_d140_bernoulli_drop_0_25,reruns\grid_density\scenarios\cv\known_visit_grid25_targets10_trials50.csv,7,20,8,39.73690303811724,39.73690303811724,02,02,1,0,True,completed
27,known_visit,HIPC,bernoulli,drop_0.25,25,625,5,10,hipc_g25_d140_bernoulli_drop_0_25,reruns\grid_density\scenarios\cv\known_visit_grid25_targets10_trials50.csv,8,7,0,10.19624076362481,10.19624076362481,00,00,2,1,True,completed
27,known_visit,HIPC,bernoulli,drop_0.25,25,625,5,10,hipc_g25_d140_bernoulli_drop_0_25,reruns\grid_density\scenarios\cv\known_visit_grid25_targets10_trials50.csv,9,4,19,7.617317321866851,7.617317321866851,03,03,1,0,True,completed
27,known_visit,HIPC,bernoulli,drop_0.25,25,625,5,10,hipc_g25_d140_bernoulli_drop_0_25,reruns\grid_density\scenarios\cv\known_visit_grid25_targets10_trials50.csv,10,2,15,19.04392727835907,19.04392727835907,03,03,2,1,True,completed
28,known_visit,HIPC,bernoulli,drop_0.25,25,625,5,10,hipc_g25_d140_bernoulli_drop_0_25,reruns\grid_density\scenarios\cv\known_visit_grid25_targets10_trials50.csv,1,5,21,12.312949683511693,12.312949683511693,03,03,1,0,True,completed
28,known_visit,HIPC,bernoulli,drop_0.25,25,625,5,10,hipc_g25_d140_bernoulli_drop_0_25,reruns\grid_density\scenarios\cv\known_visit_grid25_targets10_trials50.csv,2,20,18,42.60172258538127,42.60172258538127,02,02,1,0,True,completed
28,known_visit,HIPC,bernoulli,drop_0.25,25,625,5,10,hipc_g25_d140_bernoulli_drop_0_25,reruns\grid_density\scenarios\cv\known_visit_grid25_targets10_trials50.csv,3,20,23,34.6216960345955,34.6216960345955,04,04,1,0,True,completed
28,known_visit,HIPC,bernoulli,drop_0.25,25,625,5,10,hipc_g25_d140_bernoulli_drop_0_25,reruns\grid_density\scenarios\cv\known_visit_grid25_targets10_trials50.csv,4,23,3,54.13750887682792,54.13750887682792,01,01,1,0,True,completed
28,known_visit,HIPC,bernoulli,drop_0.25,25,625,5,10,hipc_g25_d140_bernoulli_drop_0_25,reruns\grid_density\scenarios\cv\known_visit_grid25_targets10_trials50.csv,5,12,14,22.331328023181634,22.331328023181634,02,02,1,0,True,completed
28,known_visit,HIPC,bernoulli,drop_0.25,25,625,5,10,hipc_g25_d140_bernoulli_drop_0_25,reruns\grid_density\scenarios\cv\known_visit_grid25_targets10_trials50.csv,6,20,19,44.53441513091088,44.53441513091088,02,02,1,0,True,completed
28,known_visit,HIPC,bernoulli,drop_0.25,25,625,5,10,hipc_g25_d140_bernoulli_drop_0_25,reruns\grid_density\scenarios\cv\known_visit_grid25_targets10_trials50.csv,7,0,9,3.760603805701538,3.760603805701538,01,01,1,0,True,completed
28,known_visit,HIPC,bernoulli,drop_0.25,25,625,5,10,hipc_g25_d140_bernoulli_drop_0_25,reruns\grid_density\scenarios\cv\known_visit_grid25_targets10_trials50.csv,8,4,4,12.32975181184759,12.32975181184759,00,00,1,0,True,completed
28,known_visit,HIPC,bernoulli,drop_0.25,25,625,5,10,hipc_g25_d140_bernoulli_drop_0_25,reruns\grid_density\scenarios\cv\known_visit_grid25_targets10_trials50.csv,9,5,3,16.381629186501456,16.381629186501456,00,00,1,0,True,completed
28,known_visit,HIPC,bernoulli,drop_0.25,25,625,5,10,hipc_g25_d140_bernoulli_drop_0_25,reruns\grid_density\scenarios\cv\known_visit_grid25_targets10_trials50.csv,10,13,8,28.075198126609788,28.075198126609788,01,01,1,0,True,completed
29,known_visit,HIPC,bernoulli,drop_0.25,25,625,5,10,hipc_g25_d140_bernoulli_drop_0_25,reruns\grid_density\scenarios\cv\known_visit_grid25_targets10_trials50.csv,1,20,20,40.270682127426944,40.270682127426944,04,04,2,1,True,completed
29,known_visit,HIPC,bernoulli,drop_0.25,25,625,5,10,hipc_g25_d140_bernoulli_drop_0_25,reruns\grid_density\scenarios\cv\known_visit_grid25_targets10_trials50.csv,2,2,17,3.8666762664958005,3.8666762664958005,03,03,1,0,True,completed
29,known_visit,HIPC,bernoulli,drop_0.25,25,625,5,10,hipc_g25_d140_bernoulli_drop_0_25,reruns\grid_density\scenarios\cv\known_visit_grid25_targets10_trials50.csv,3,23,18,57.144820572740976,57.144820572740976,04,04,1,0,True,completed
29,known_visit,HIPC,bernoulli,drop_0.25,25,625,5,10,hipc_g25_d140_bernoulli_drop_0_25,reruns\grid_density\scenarios\cv\known_visit_grid25_targets10_trials50.csv,4,11,20,25.05436508285785,25.05436508285785,04,04,2,1,True,completed
29,known_visit,HIPC,bernoulli,drop_0.25,25,625,5,10,hipc_g25_d140_bernoulli_drop_0_25,reruns\grid_density\scenarios\cv\known_visit_grid25_targets10_trials50.csv,5,1,21,5.528968000528343,5.528968000528343,04,04,1,0,True,completed
29,known_visit,HIPC,bernoulli,drop_0.25,25,625,5,10,hipc_g25_d140_bernoulli_drop_0_25,reruns\grid_density\scenarios\cv\known_visit_grid25_targets10_trials50.csv,6,19,18,45.98544510867581,45.98544510867581,04,04,1,0,True,completed
29,known_visit,HIPC,bernoulli,drop_0.25,25,625,5,10,hipc_g25_d140_bernoulli_drop_0_25,reruns\grid_density\scenarios\cv\known_visit_grid25_targets10_trials50.csv,7,10,19,24.711789405331317,24.711789405331317,03,03,2,1,True,completed
29,known_visit,HIPC,bernoulli,drop_0.25,25,625,5,10,hipc_g25_d140_bernoulli_drop_0_25,reruns\grid_density\scenarios\cv\known_visit_grid25_targets10_trials50.csv,8,16,20,33.4513705312466,33.4513705312466,04,04,2,1,True,completed
29,known_visit,HIPC,bernoulli,drop_0.25,25,625,5,10,hipc_g25_d140_bernoulli_drop_0_25,reruns\grid_density\scenarios\cv\known_visit_grid25_targets10_trials50.csv,9,8,16,15.976729114218939,15.976729114218939,03,03,2,1,True,completed
29,known_visit,HIPC,bernoulli,drop_0.25,25,625,5,10,hipc_g25_d140_bernoulli_drop_0_25,reruns\grid_density\scenarios\cv\known_visit_grid25_targets10_trials50.csv,10,16,0,25.65169938682474,25.65169938682474,00,00,1,0,True,completed
30,known_visit,HIPC,bernoulli,drop_0.25,25,625,5,10,hipc_g25_d140_bernoulli_drop_0_25,reruns\grid_density\scenarios\cv\known_visit_grid25_targets10_trials50.csv,1,7,1,12.212173678017713,12.212173678017713,00,00,1,0,True,completed
30,known_visit,HIPC,bernoulli,drop_0.25,25,625,5,10,hipc_g25_d140_bernoulli_drop_0_25,reruns\grid_density\scenarios\cv\known_visit_grid25_targets10_trials50.csv,2,19,11,33.11726768367197,33.11726768367197,02,02,1,0,True,completed
30,known_visit,HIPC,bernoulli,drop_0.25,25,625,5,10,hipc_g25_d140_bernoulli_drop_0_25,reruns\grid_density\scenarios\cv\known_visit_grid25_targets10_trials50.csv,3,2,0,1.8095889454393843,1.8095889454393843,00,00,1,0,True,completed
30,known_visit,HIPC,bernoulli,drop_0.25,25,625,5,10,hipc_g25_d140_bernoulli_drop_0_25,reruns\grid_density\scenarios\cv\known_visit_grid25_targets10_trials50.csv,4,23,14,44.97605078237598,44.97605078237598,03,03,1,0,True,completed
30,known_visit,HIPC,bernoulli,drop_0.25,25,625,5,10,hipc_g25_d140_bernoulli_drop_0_25,reruns\grid_density\scenarios\cv\known_visit_grid25_targets10_trials50.csv,5,23,17,39.9939505361222,39.9939505361222,03,03,1,0,True,completed
30,known_visit,HIPC,bernoulli,drop_0.25,25,625,5,10,hipc_g25_d140_bernoulli_drop_0_25,reruns\grid_density\scenarios\cv\known_visit_grid25_targets10_trials50.csv,6,19,13,41.03966824125403,41.03966824125403,02,02,1,0,True,completed
30,known_visit,HIPC,bernoulli,drop_0.25,25,625,5,10,hipc_g25_d140_bernoulli_drop_0_25,reruns\grid_density\scenarios\cv\known_visit_grid25_targets10_trials50.csv,7,9,1,15.798201197890446,15.798201197890446,00,00,1,0,True,completed
30,known_visit,HIPC,bernoulli,drop_0.25,25,625,5,10,hipc_g25_d140_bernoulli_drop_0_25,reruns\grid_density\scenarios\cv\known_visit_grid25_targets10_trials50.csv,8,13,4,24.42176479367386,24.42176479367386,01,01,1,0,True,completed
30,known_visit,HIPC,bernoulli,drop_0.25,25,625,5,10,hipc_g25_d140_bernoulli_drop_0_25,reruns\grid_density\scenarios\cv\known_visit_grid25_targets10_trials50.csv,9,8,1,14.185013004531545,14.185013004531545,00,00,1,0,True,completed
30,known_visit,HIPC,bernoulli,drop_0.25,25,625,5,10,hipc_g25_d140_bernoulli_drop_0_25,reruns\grid_density\scenarios\cv\known_visit_grid25_targets10_trials50.csv,10,24,11,52.027028955288806,52.027028955288806,03,03,1,0,True,completed
31,known_visit,HIPC,bernoulli,drop_0.25,25,625,5,10,hipc_g25_d140_bernoulli_drop_0_25,reruns\grid_density\scenarios\cv\known_visit_grid25_targets10_trials50.csv,1,1,1,2.0953441766003236,2.0953441766003236,00,00,1,0,True,completed
31,known_visit,HIPC,bernoulli,drop_0.25,25,625,5,10,hipc_g25_d140_bernoulli_drop_0_25,reruns\grid_density\scenarios\cv\known_visit_grid25_targets10_trials50.csv,2,13,22,24.317639411336412,24.317639411336412,04,04,1,0,True,completed
31,known_visit,HIPC,bernoulli,drop_0.25,25,625,5,10,hipc_g25_d140_bernoulli_drop_0_25,reruns\grid_density\scenarios\cv\known_visit_grid25_targets10_trials50.csv,3,10,8,19.475533798517144,19.475533798517144,01,01,1,0,True,completed
31,known_visit,HIPC,bernoulli,drop_0.25,25,625,5,10,hipc_g25_d140_bernoulli_drop_0_25,reruns\grid_density\scenarios\cv\known_visit_grid25_targets10_trials50.csv,4,2,17,3.99290319556984,3.99290319556984,03,03,1,0,True,completed
31,known_visit,HIPC,bernoulli,drop_0.25,25,625,5,10,hipc_g25_d140_bernoulli_drop_0_25,reruns\grid_density\scenarios\cv\known_visit_grid25_targets10_trials50.csv,5,3,23,5.518615167918333,5.518615167918333,04,04,1,0,True,completed
31,known_visit,HIPC,bernoulli,drop_0.25,25,625,5,10,hipc_g25_d140_bernoulli_drop_0_25,reruns\grid_density\scenarios\cv\known_visit_grid25_targets10_trials50.csv,6,16,15,51.98669605678138,51.98669605678138,04,04,1,0,True,completed
31,known_visit,HIPC,bernoulli,drop_0.25,25,625,5,10,hipc_g25_d140_bernoulli_drop_0_25,reruns\grid_density\scenarios\cv\known_visit_grid25_targets10_trials50.csv,7,19,20,38.16368181411739,38.16368181411739,04,04,1,0,True,completed
31,known_visit,HIPC,bernoulli,drop_0.25,25,625,5,10,hipc_g25_d140_bernoulli_drop_0_25,reruns\grid_density\scenarios\cv\known_visit_grid25_targets10_trials50.csv,8,12,10,22.6857942014565,22.6857942014565,02,02,1,0,True,completed
31,known_visit,HIPC,bernoulli,drop_0.25,25,625,5,10,hipc_g25_d140_bernoulli_drop_0_25,reruns\grid_density\scenarios\cv\known_visit_grid25_targets10_trials50.csv,9,2,3,7.638594949656677,7.638594949656677,00,00,1,0,True,completed
31,known_visit,HIPC,bernoulli,drop_0.25,25,625,5,10,hipc_g25_d140_bernoulli_drop_0_25,reruns\grid_density\scenarios\cv\known_visit_grid25_targets10_trials50.csv,10,11,9,23.17677717458718,23.17677717458718,01,01,1,0,True,completed
32,known_visit,HIPC,bernoulli,drop_0.25,25,625,5,10,hipc_g25_d140_bernoulli_drop_0_25,reruns\grid_density\scenarios\cv\known_visit_grid25_targets10_trials50.csv,1,8,20,15.720744778297034,15.720744778297034,03,03,1,0,True,completed
32,known_visit,HIPC,bernoulli,drop_0.25,25,625,5,10,hipc_g25_d140_bernoulli_drop_0_25,reruns\grid_density\scenarios\cv\known_visit_grid25_targets10_trials50.csv,2,13,4,24.721614830407372,24.721614830407372,01,01,2,1,True,completed
32,known_visit,HIPC,bernoulli,drop_0.25,25,625,5,10,hipc_g25_d140_bernoulli_drop_0_25,reruns\grid_density\scenarios\cv\known_visit_grid25_targets10_trials50.csv,3,19,14,49.170393673581636,49.170393673581636,02,02,1,0,True,completed
32,known_visit,HIPC,bernoulli,drop_0.25,25,625,5,10,hipc_g25_d140_bernoulli_drop_0_25,reruns\grid_density\scenarios\cv\known_visit_grid25_targets10_trials50.csv,4,18,4,33.178264705420645,33.178264705420645,01,01,1,0,True,completed
32,known_visit,HIPC,bernoulli,drop_0.25,25,625,5,10,hipc_g25_d140_bernoulli_drop_0_25,reruns\grid_density\scenarios\cv\known_visit_grid25_targets10_trials50.csv,5,11,24,27.7874650352593,27.7874650352593,03,03,1,0,True,completed
32,known_visit,HIPC,bernoulli,drop_0.25,25,625,5,10,hipc_g25_d140_bernoulli_drop_0_25,reruns\grid_density\scenarios\cv\known_visit_grid25_targets10_trials50.csv,6,15,8,31.81430616818018,31.81430616818018,02,02,2,1,True,completed
32,known_visit,HIPC,bernoulli,drop_0.25,25,625,5,10,hipc_g25_d140_bernoulli_drop_0_25,reruns\grid_density\scenarios\cv\known_visit_grid25_targets10_trials50.csv,7,10,10,19.521648472769005,19.521648472769005,02,02,1,0,True,completed
32,known_visit,HIPC,bernoulli,drop_0.25,25,625,5,10,hipc_g25_d140_bernoulli_drop_0_25,reruns\grid_density\scenarios\cv\known_visit_grid25_targets10_trials50.csv,8,12,5,21.08195869414864,21.08195869414864,01,01,2,1,True,completed
32,known_visit,HIPC,bernoulli,drop_0.25,25,625,5,10,hipc_g25_d140_bernoulli_drop_0_25,reruns\grid_density\scenarios\cv\known_visit_grid25_targets10_trials50.csv,9,2,18,1.7738078978775096,1.7738078978775096,03,03,1,0,True,completed
32,known_visit,HIPC,bernoulli,drop_0.25,25,625,5,10,hipc_g25_d140_bernoulli_drop_0_25,reruns\grid_density\scenarios\cv\known_visit_grid25_targets10_trials50.csv,10,24,19,66.40315770456853,66.40315770456853,02,02,1,0,True,completed
33,known_visit,HIPC,bernoulli,drop_0.25,25,625,5,10,hipc_g25_d140_bernoulli_drop_0_25,reruns\grid_density\scenarios\cv\known_visit_grid25_targets10_trials50.csv,1,4,3,10.540746433290705,10.540746433290705,00,00,2,1,True,completed
33,known_visit,HIPC,bernoulli,drop_0.25,25,625,5,10,hipc_g25_d140_bernoulli_drop_0_25,reruns\grid_density\scenarios\cv\known_visit_grid25_targets10_trials50.csv,2,4,12,5.289139520338982,5.289139520338982,02,02,1,0,True,completed
33,known_visit,HIPC,bernoulli,drop_0.25,25,625,5,10,hipc_g25_d140_bernoulli_drop_0_25,reruns\grid_density\scenarios\cv\known_visit_grid25_targets10_trials50.csv,3,23,0,58.736250428318606,58.736250428318606,00,00,1,0,True,completed
33,known_visit,HIPC,bernoulli,drop_0.25,25,625,5,10,hipc_g25_d140_bernoulli_drop_0_25,reruns\grid_density\scenarios\cv\known_visit_grid25_targets10_trials50.csv,4,12,7,27.909434184157714,27.909434184157714,01,01,1,0,True,completed
33,known_visit,HIPC,bernoulli,drop_0.25,25,625,5,10,hipc_g25_d140_bernoulli_drop_0_25,reruns\grid_density\scenarios\cv\known_visit_grid25_targets10_trials50.csv,5,3,14,11.012301244012681,11.012301244012681,02,02,1,0,True,completed
33,known_visit,HIPC,bernoulli,drop_0.25,25,625,5,10,hipc_g25_d140_bernoulli_drop_0_25,reruns\grid_density\scenarios\cv\known_visit_grid25_targets10_trials50.csv,6,8,4,15.599273977586904,15.599273977586904,01,01,1,0,True,completed
33,known_visit,HIPC,bernoulli,drop_0.25,25,625,5,10,hipc_g25_d140_bernoulli_drop_0_25,reruns\grid_density\scenarios\cv\known_visit_grid25_targets10_trials50.csv,7,20,8,43.55676478144392,43.55676478144392,01,01,1,0,True,completed
33,known_visit,HIPC,bernoulli,drop_0.25,25,625,5,10,hipc_g25_d140_bernoulli_drop_0_25,reruns\grid_density\scenarios\cv\known_visit_grid25_targets10_trials50.csv,8,9,24,13.860081659722786,13.860081659722786,04,04,1,0,True,completed
33,known_visit,HIPC,bernoulli,drop_0.25,25,625,5,10,hipc_g25_d140_bernoulli_drop_0_25,reruns\grid_density\scenarios\cv\known_visit_grid25_targets10_trials50.csv,9,23,6,48.44214773264849,48.44214773264849,00,00,1,0,True,completed
33,known_visit,HIPC,bernoulli,drop_0.25,25,625,5,10,hipc_g25_d140_bernoulli_drop_0_25,reruns\grid_density\scenarios\cv\known_visit_grid25_targets10_trials50.csv,10,5,20,11.352003329781184,11.352003329781184,03,03,1,0,True,completed
34,known_visit,HIPC,bernoulli,drop_0.25,25,625,5,10,hipc_g25_d140_bernoulli_drop_0_25,reruns\grid_density\scenarios\cv\known_visit_grid25_targets10_trials50.csv,1,9,4,21.51230672985916,21.51230672985916,01,01,2,1,True,completed
34,known_visit,HIPC,bernoulli,drop_0.25,25,625,5,10,hipc_g25_d140_bernoulli_drop_0_25,reruns\grid_density\scenarios\cv\known_visit_grid25_targets10_trials50.csv,2,12,5,28.70385483323838,28.70385483323838,01,01,1,0,True,completed
34,known_visit,HIPC,bernoulli,drop_0.25,25,625,5,10,hipc_g25_d140_bernoulli_drop_0_25,reruns\grid_density\scenarios\cv\known_visit_grid25_targets10_trials50.csv,3,19,3,44.79976038507303,44.79976038507303,00,00,1,0,True,completed
34,known_visit,HIPC,bernoulli,drop_0.25,25,625,5,10,hipc_g25_d140_bernoulli_drop_0_25,reruns\grid_density\scenarios\cv\known_visit_grid25_targets10_trials50.csv,4,8,0,12.568227494403407,12.568227494403407,00,00,1,0,True,completed
34,known_visit,HIPC,bernoulli,drop_0.25,25,625,5,10,hipc_g25_d140_bernoulli_drop_0_25,reruns\grid_density\scenarios\cv\known_visit_grid25_targets10_trials50.csv,5,14,6,34.21170463815699,34.21170463815699,01,01,1,0,True,completed
34,known_visit,HIPC,bernoulli,drop_0.25,25,625,5,10,hipc_g25_d140_bernoulli_drop_0_25,reruns\grid_density\scenarios\cv\known_visit_grid25_targets10_trials50.csv,6,17,10,38.19455131171104,38.19455131171104,02,02,1,0,True,completed
34,known_visit,HIPC,bernoulli,drop_0.25,25,625,5,10,hipc_g25_d140_bernoulli_drop_0_25,reruns\grid_density\scenarios\cv\known_visit_grid25_targets10_trials50.csv,7,10,8,22.259301638979924,22.259301638979924,02,02,1,0,True,completed
34,known_visit,HIPC,bernoulli,drop_0.25,25,625,5,10,hipc_g25_d140_bernoulli_drop_0_25,reruns\grid_density\scenarios\cv\known_visit_grid25_targets10_trials50.csv,8,20,10,43.624884208238385,43.624884208238385,02,02,1,0,True,completed
34,known_visit,HIPC,bernoulli,drop_0.25,25,625,5,10,hipc_g25_d140_bernoulli_drop_0_25,reruns\grid_density\scenarios\cv\known_visit_grid25_targets10_trials50.csv,9,11,24,17.008213759736755,17.008213759736755,04,04,1,0,True,completed
34,known_visit,HIPC,bernoulli,drop_0.25,25,625,5,10,hipc_g25_d140_bernoulli_drop_0_25,reruns\grid_density\scenarios\cv\known_visit_grid25_targets10_trials50.csv,10,3,3,8.90923524941999,8.90923524941999,01,01,1,0,True,completed
35,known_visit,HIPC,bernoulli,drop_0.25,25,625,5,10,hipc_g25_d140_bernoulli_drop_0_25,reruns\grid_density\scenarios\cv\known_visit_grid25_targets10_trials50.csv,1,8,20,19.264331133932206,19.264331133932206,03,03,1,0,True,completed
35,known_visit,HIPC,bernoulli,drop_0.25,25,625,5,10,hipc_g25_d140_bernoulli_drop_0_25,reruns\grid_density\scenarios\cv\known_visit_grid25_targets10_trials50.csv,2,7,3,16.323950166391455,16.323950166391455,00,00,1,0,True,completed
35,known_visit,HIPC,bernoulli,drop_0.25,25,625,5,10,hipc_g25_d140_bernoulli_drop_0_25,reruns\grid_density\scenarios\cv\known_visit_grid25_targets10_trials50.csv,3,14,16,43.77223029289372,43.77223029289372,02,02,1,0,True,completed
35,known_visit,HIPC,bernoulli,drop_0.25,25,625,5,10,hipc_g25_d140_bernoulli_drop_0_25,reruns\grid_density\scenarios\cv\known_visit_grid25_targets10_trials50.csv,4,17,5,36.64264731099238,36.64264731099238,01,01,1,0,True,completed
35,known_visit,HIPC,bernoulli,drop_0.25,25,625,5,10,hipc_g25_d140_bernoulli_drop_0_25,reruns\grid_density\scenarios\cv\known_visit_grid25_targets10_trials50.csv,5,9,24,14.118028668068568,14.118028668068568,04,04,1,0,True,completed
35,known_visit,HIPC,bernoulli,drop_0.25,25,625,5,10,hipc_g25_d140_bernoulli_drop_0_25,reruns\grid_density\scenarios\cv\known_visit_grid25_targets10_trials50.csv,6,16,11,27.42994974751806,27.42994974751806,02,02,1,0,True,completed
35,known_visit,HIPC,bernoulli,drop_0.25,25,625,5,10,hipc_g25_d140_bernoulli_drop_0_25,reruns\grid_density\scenarios\cv\known_visit_grid25_targets10_trials50.csv,7,14,8,26.12021820323684,26.12021820323684,01,01,1,0,True,completed
35,known_visit,HIPC,bernoulli,drop_0.25,25,625,5,10,hipc_g25_d140_bernoulli_drop_0_25,reruns\grid_density\scenarios\cv\known_visit_grid25_targets10_trials50.csv,8,22,20,47.12646091115431,47.12646091115431,03,03,1,0,True,completed
35,known_visit,HIPC,bernoulli,drop_0.25,25,625,5,10,hipc_g25_d140_bernoulli_drop_0_25,reruns\grid_density\scenarios\cv\known_visit_grid25_targets10_trials50.csv,9,17,7,33.38200916789181,33.38200916789181,01,01,1,0,True,completed
35,known_visit,HIPC,bernoulli,drop_0.25,25,625,5,10,hipc_g25_d140_bernoulli_drop_0_25,reruns\grid_density\scenarios\cv\known_visit_grid25_targets10_trials50.csv,10,6,3,14.294539822112796,14.294539822112796,00,00,1,0,True,completed
36,known_visit,HIPC,bernoulli,drop_0.25,25,625,5,10,hipc_g25_d140_bernoulli_drop_0_25,reruns\grid_density\scenarios\cv\known_visit_grid25_targets10_trials50.csv,1,6,11,10.763873589290988,10.763873589290988,02,02,1,0,True,completed
36,known_visit,HIPC,bernoulli,drop_0.25,25,625,5,10,hipc_g25_d140_bernoulli_drop_0_25,reruns\grid_density\scenarios\cv\known_visit_grid25_targets10_trials50.csv,2,19,8,35.042057016621634,35.042057016621634,01,01,1,0,True,completed
36,known_visit,HIPC,bernoulli,drop_0.25,25,625,5,10,hipc_g25_d140_bernoulli_drop_0_25,reruns\grid_density\scenarios\cv\known_visit_grid25_targets10_trials50.csv,3,15,15,33.09109434896022,33.09109434896022,02,02,1,0,True,completed
36,known_visit,HIPC,bernoulli,drop_0.25,25,625,5,10,hipc_g25_d140_bernoulli_drop_0_25,reruns\grid_density\scenarios\cv\known_visit_grid25_targets10_trials50.csv,4,17,18,27.36745173270526,27.36745173270526,03,03,1,0,True,completed
36,known_visit,HIPC,bernoulli,drop_0.25,25,625,5,10,hipc_g25_d140_bernoulli_drop_0_25,reruns\grid_density\scenarios\cv\known_visit_grid25_targets10_trials50.csv,5,18,8,33.07691431565595,33.07691431565595,01,01,2,1,True,completed
36,known_visit,HIPC,bernoulli,drop_0.25,25,625,5,10,hipc_g25_d140_bernoulli_drop_0_25,reruns\grid_density\scenarios\cv\known_visit_grid25_targets10_trials50.csv,6,23,12,48.21363314298863,48.21363314298863,03,03,1,0,True,completed
36,known_visit,HIPC,bernoulli,drop_0.25,25,625,5,10,hipc_g25_d140_bernoulli_drop_0_25,reruns\grid_density\scenarios\cv\known_visit_grid25_targets10_trials50.csv,7,18,18,29.009934162005734,29.009934162005734,03,03,1,0,True,completed
36,known_visit,HIPC,bernoulli,drop_0.25,25,625,5,10,hipc_g25_d140_bernoulli_drop_0_25,reruns\grid_density\scenarios\cv\known_visit_grid25_targets10_trials50.csv,8,15,12,28.20117029825808,28.20117029825808,02,02,1,0,True,completed
36,known_visit,HIPC,bernoulli,drop_0.25,25,625,5,10,hipc_g25_d140_bernoulli_drop_0_25,reruns\grid_density\scenarios\cv\known_visit_grid25_targets10_trials50.csv,9,15,13,29.804034205387943,29.804034205387943,02,02,1,0,True,completed
36,known_visit,HIPC,bernoulli,drop_0.25,25,625,5,10,hipc_g25_d140_bernoulli_drop_0_25,reruns\grid_density\scenarios\cv\known_visit_grid25_targets10_trials50.csv,10,24,12,51.730987178513104,51.730987178513104,01,01,1,0,True,completed
37,known_visit,HIPC,bernoulli,drop_0.25,25,625,5,10,hipc_g25_d140_bernoulli_drop_0_25,reruns\grid_density\scenarios\cv\known_visit_grid25_targets10_trials50.csv,1,8,4,15.69672212447141,15.69672212447141,01,01,1,0,True,completed
37,known_visit,HIPC,bernoulli,drop_0.25,25,625,5,10,hipc_g25_d140_bernoulli_drop_0_25,reruns\grid_density\scenarios\cv\known_visit_grid25_targets10_trials50.csv,2,13,14,28.308077134720396,28.308077134720396,03,03,1,0,True,completed
37,known_visit,HIPC,bernoulli,drop_0.25,25,625,5,10,hipc_g25_d140_bernoulli_drop_0_25,reruns\grid_density\scenarios\cv\known_visit_grid25_targets10_trials50.csv,3,23,2,40.880243124293806,40.880243124293806,00,00,1,0,True,completed
37,known_visit,HIPC,bernoulli,drop_0.25,25,625,5,10,hipc_g25_d140_bernoulli_drop_0_25,reruns\grid_density\scenarios\cv\known_visit_grid25_targets10_trials50.csv,4,22,11,52.60888051003892,52.60888051003892,01,01,1,0,True,completed
37,known_visit,HIPC,bernoulli,drop_0.25,25,625,5,10,hipc_g25_d140_bernoulli_drop_0_25,reruns\grid_density\scenarios\cv\known_visit_grid25_targets10_trials50.csv,5,13,5,26.404794466994527,26.404794466994527,01,01,1,0,True,completed
37,known_visit,HIPC,bernoulli,drop_0.25,25,625,5,10,hipc_g25_d140_bernoulli_drop_0_25,reruns\grid_density\scenarios\cv\known_visit_grid25_targets10_trials50.csv,6,6,16,12.462932416264433,12.462932416264433,03,03,2,1,True,completed
37,known_visit,HIPC,bernoulli,drop_0.25,25,625,5,10,hipc_g25_d140_bernoulli_drop_0_25,reruns\grid_density\scenarios\cv\known_visit_grid25_targets10_trials50.csv,7,5,11,9.045938598596823,9.045938598596823,02,02,1,0,True,completed
37,known_visit,HIPC,bernoulli,drop_0.25,25,625,5,10,hipc_g25_d140_bernoulli_drop_0_25,reruns\grid_density\scenarios\cv\known_visit_grid25_targets10_trials50.csv,8,18,23,31.972149425440985,31.972149425440985,04,04,1,0,True,completed
37,known_visit,HIPC,bernoulli,drop_0.25,25,625,5,10,hipc_g25_d140_bernoulli_drop_0_25,reruns\grid_density\scenarios\cv\known_visit_grid25_targets10_trials50.csv,9,19,8,42.12507192128805,42.12507192128805,01,01,1,0,True,completed
37,known_visit,HIPC,bernoulli,drop_0.25,25,625,5,10,hipc_g25_d140_bernoulli_drop_0_25,reruns\grid_density\scenarios\cv\known_visit_grid25_targets10_trials50.csv,10,24,5,48.11216647540416,48.11216647540416,00,00,1,0,True,completed
38,known_visit,HIPC,bernoulli,drop_0.25,25,625,5,10,hipc_g25_d140_bernoulli_drop_0_25,reruns\grid_density\scenarios\cv\known_visit_grid25_targets10_trials50.csv,1,7,18,24.843413453119,24.843413453119,04,04,1,0,True,completed
38,known_visit,HIPC,bernoulli,drop_0.25,25,625,5,10,hipc_g25_d140_bernoulli_drop_0_25,reruns\grid_density\scenarios\cv\known_visit_grid25_targets10_trials50.csv,2,5,2,10.73540775615949,10.73540775615949,00,00,1,0,True,completed
38,known_visit,HIPC,bernoulli,drop_0.25,25,625,5,10,hipc_g25_d140_bernoulli_drop_0_25,reruns\grid_density\scenarios\cv\known_visit_grid25_targets10_trials50.csv,3,14,18,41.192020535552246,41.192020535552246,04,04,1,0,True,completed
38,known_visit,HIPC,bernoulli,drop_0.25,25,625,5,10,hipc_g25_d140_bernoulli_drop_0_25,reruns\grid_density\scenarios\cv\known_visit_grid25_targets10_trials50.csv,4,3,13,5.641752481373733,5.641752481373733,02,02,2,1,True,completed
38,known_visit,HIPC,bernoulli,drop_0.25,25,625,5,10,hipc_g25_d140_bernoulli_drop_0_25,reruns\grid_density\scenarios\cv\known_visit_grid25_targets10_trials50.csv,5,21,11,43.12117102381907,43.12117102381907,01,01,1,0,True,completed
38,known_visit,HIPC,bernoulli,drop_0.25,25,625,5,10,hipc_g25_d140_bernoulli_drop_0_25,reruns\grid_density\scenarios\cv\known_visit_grid25_targets10_trials50.csv,6,1,15,5.637931797838816,5.637931797838816,03,03,1,0,True,completed
38,known_visit,HIPC,bernoulli,drop_0.25,25,625,5,10,hipc_g25_d140_bernoulli_drop_0_25,reruns\grid_density\scenarios\cv\known_visit_grid25_targets10_trials50.csv,7,24,10,50.363800242519396,50.363800242519396,01,01,1,0,True,completed
38,known_visit,HIPC,bernoulli,drop_0.25,25,625,5,10,hipc_g25_d140_bernoulli_drop_0_25,reruns\grid_density\scenarios\cv\known_visit_grid25_targets10_trials50.csv,8,3,12,3.6909352979474517,3.6909352979474517,02,02,2,1,True,completed
38,known_visit,HIPC,bernoulli,drop_0.25,25,625,5,10,hipc_g25_d140_bernoulli_drop_0_25,reruns\grid_density\scenarios\cv\known_visit_grid25_targets10_trials50.csv,9,9,15,19.679285539079636,19.679285539079636,02,02,1,0,True,completed
38,known_visit,HIPC,bernoulli,drop_0.25,25,625,5,10,hipc_g25_d140_bernoulli_drop_0_25,reruns\grid_density\scenarios\cv\known_visit_grid25_targets10_trials50.csv,10,8,20,19.295789172106705,19.295789172106705,04,04,1,0,True,completed
39,known_visit,HIPC,bernoulli,drop_0.25,25,625,5,10,hipc_g25_d140_bernoulli_drop_0_25,reruns\grid_density\scenarios\cv\known_visit_grid25_targets10_trials50.csv,1,23,8,48.26328190883867,48.26328190883867,01,01,1,0,True,completed
39,known_visit,HIPC,bernoulli,drop_0.25,25,625,5,10,hipc_g25_d140_bernoulli_drop_0_25,reruns\grid_density\scenarios\cv\known_visit_grid25_targets10_trials50.csv,2,8,1,14.088548079122338,14.088548079122338,00,00,1,0,True,completed
39,known_visit,HIPC,bernoulli,drop_0.25,25,625,5,10,hipc_g25_d140_bernoulli_drop_0_25,reruns\grid_density\scenarios\cv\known_visit_grid25_targets10_trials50.csv,3,3,22,7.408883613974835,7.408883613974835,04,04,1,0,True,completed
39,known_visit,HIPC,bernoulli,drop_0.25,25,625,5,10,hipc_g25_d140_bernoulli_drop_0_25,reruns\grid_density\scenarios\cv\known_visit_grid25_targets10_trials50.csv,4,17,10,34.174548042222966,34.174548042222966,01,01,1,0,True,completed
39,known_visit,HIPC,bernoulli,drop_0.25,25,625,5,10,hipc_g25_d140_bernoulli_drop_0_25,reruns\grid_density\scenarios\cv\known_visit_grid25_targets10_trials50.csv,5,19,19,44.94477530986981,44.94477530986981,02,02,1,0,True,completed
39,known_visit,HIPC,bernoulli,drop_0.25,25,625,5,10,hipc_g25_d140_bernoulli_drop_0_25,reruns\grid_density\scenarios\cv\known_visit_grid25_targets10_trials50.csv,6,3,16,7.2719765336043505,7.2719765336043505,03,03,2,1,True,completed
39,known_visit,HIPC,bernoulli,drop_0.25,25,625,5,10,hipc_g25_d140_bernoulli_drop_0_25,reruns\grid_density\scenarios\cv\known_visit_grid25_targets10_trials50.csv,7,10,17,21.648073993517414,21.648073993517414,03,03,2,1,True,completed
39,known_visit,HIPC,bernoulli,drop_0.25,25,625,5,10,hipc_g25_d140_bernoulli_drop_0_25,reruns\grid_density\scenarios\cv\known_visit_grid25_targets10_trials50.csv,8,24,11,55.64838679194251,55.64838679194251,01,01,1,0,True,completed
39,known_visit,HIPC,bernoulli,drop_0.25,25,625,5,10,hipc_g25_d140_bernoulli_drop_0_25,reruns\grid_density\scenarios\cv\known_visit_grid25_targets10_trials50.csv,9,13,18,32.74175764154784,32.74175764154784,03,03,1,0,True,completed
39,known_visit,HIPC,bernoulli,drop_0.25,25,625,5,10,hipc_g25_d140_bernoulli_drop_0_25,reruns\grid_density\scenarios\cv\known_visit_grid25_targets10_trials50.csv,10,12,16,27.175628530975636,27.175628530975636,03,03,1,0,True,completed
40,known_visit,HIPC,bernoulli,drop_0.25,25,625,5,10,hipc_g25_d140_bernoulli_drop_0_25,reruns\grid_density\scenarios\cv\known_visit_grid25_targets10_trials50.csv,1,10,10,23.049879379638163,23.049879379638163,02,02,1,0,True,completed
40,known_visit,HIPC,bernoulli,drop_0.25,25,625,5,10,hipc_g25_d140_bernoulli_drop_0_25,reruns\grid_density\scenarios\cv\known_visit_grid25_targets10_trials50.csv,2,17,3,32.43705207669079,32.43705207669079,00,00,1,0,True,completed
40,known_visit,HIPC,bernoulli,drop_0.25,25,625,5,10,hipc_g25_d140_bernoulli_drop_0_25,reruns\grid_density\scenarios\cv\known_visit_grid25_targets10_trials50.csv,3,11,0,17.010833581395953,17.010833581395953,00,00,1,0,True,completed
40,known_visit,HIPC,bernoulli,drop_0.25,25,625,5,10,hipc_g25_d140_bernoulli_drop_0_25,reruns\grid_density\scenarios\cv\known_visit_grid25_targets10_trials50.csv,4,9,10,21.14919163215773,21.14919163215773,02,02,1,0,True,completed
40,known_visit,HIPC,bernoulli,drop_0.25,25,625,5,10,hipc_g25_d140_bernoulli_drop_0_25,reruns\grid_density\scenarios\cv\known_visit_grid25_targets10_trials50.csv,5,13,12,31.755459959355417,31.755459959355417,02,02,1,0,True,completed
40,known_visit,HIPC,bernoulli,drop_0.25,25,625,5,10,hipc_g25_d140_bernoulli_drop_0_25,reruns\grid_density\scenarios\cv\known_visit_grid25_targets10_trials50.csv,6,22,5,44.66843503951757,44.66843503951757,00,00,1,0,True,completed
40,known_visit,HIPC,bernoulli,drop_0.25,25,625,5,10,hipc_g25_d140_bernoulli_drop_0_25,reruns\grid_density\scenarios\cv\known_visit_grid25_targets10_trials50.csv,7,5,4,11.00986081211839,11.00986081211839,01,01,1,0,True,completed
40,known_visit,HIPC,bernoulli,drop_0.25,25,625,5,10,hipc_g25_d140_bernoulli_drop_0_25,reruns\grid_density\scenarios\cv\known_visit_grid25_targets10_trials50.csv,8,3,13,5.3459909113220885,5.3459909113220885,02,02,1,0,True,completed
40,known_visit,HIPC,bernoulli,drop_0.25,25,625,5,10,hipc_g25_d140_bernoulli_drop_0_25,reruns\grid_density\scenarios\cv\known_visit_grid25_targets10_trials50.csv,9,12,21,24.304556523111383,24.304556523111383,03,03,1,0,True,completed
40,known_visit,HIPC,bernoulli,drop_0.25,25,625,5,10,hipc_g25_d140_bernoulli_drop_0_25,reruns\grid_density\scenarios\cv\known_visit_grid25_targets10_trials50.csv,10,22,20,43.53457207051206,43.53457207051206,03,03,1,0,True,completed
41,known_visit,HIPC,bernoulli,drop_0.25,25,625,5,10,hipc_g25_d140_bernoulli_drop_0_25,reruns\grid_density\scenarios\cv\known_visit_grid25_targets10_trials50.csv,1,7,24,14.858286446882241,14.858286446882241,04,04,1,0,True,completed
41,known_visit,HIPC,bernoulli,drop_0.25,25,625,5,10,hipc_g25_d140_bernoulli_drop_0_25,reruns\grid_density\scenarios\cv\known_visit_grid25_targets10_trials50.csv,2,11,6,16.992041315945826,16.992041315945826,01,01,1,0,True,completed
41,known_visit,HIPC,bernoulli,drop_0.25,25,625,5,10,hipc_g25_d140_bernoulli_drop_0_25,reruns\grid_density\scenarios\cv\known_visit_grid25_targets10_trials50.csv,3,8,12,12.096158491265573,12.096158491265573,02,02,1,0,True,completed
41,known_visit,HIPC,bernoulli,drop_0.25,25,625,5,10,hipc_g25_d140_bernoulli_drop_0_25,reruns\grid_density\scenarios\cv\known_visit_grid25_targets10_trials50.csv,4,22,21,46.38242133812575,46.38242133812575,04,04,1,0,True,completed
41,known_visit,HIPC,bernoulli,drop_0.25,25,625,5,10,hipc_g25_d140_bernoulli_drop_0_25,reruns\grid_density\scenarios\cv\known_visit_grid25_targets10_trials50.csv,5,11,22,25.840838043697197,25.840838043697197,04,04,1,0,True,completed
41,known_visit,HIPC,bernoulli,drop_0.25,25,625,5,10,hipc_g25_d140_bernoulli_drop_0_25,reruns\grid_density\scenarios\cv\known_visit_grid25_targets10_trials50.csv,6,11,9,22.43916702782227,22.43916702782227,01,01,1,0,True,completed
41,known_visit,HIPC,bernoulli,drop_0.25,25,625,5,10,hipc_g25_d140_bernoulli_drop_0_25,reruns\grid_density\scenarios\cv\known_visit_grid25_targets10_trials50.csv,7,12,17,21.05452856878329,21.05452856878329,03,03,1,0,True,completed
41,known_visit,HIPC,bernoulli,drop_0.25,25,625,5,10,hipc_g25_d140_bernoulli_drop_0_25,reruns\grid_density\scenarios\cv\known_visit_grid25_targets10_trials50.csv,8,4,23,7.36975472587425,7.36975472587425,04,04,1,0,True,completed
41,known_visit,HIPC,bernoulli,drop_0.25,25,625,5,10,hipc_g25_d140_bernoulli_drop_0_25,reruns\grid_density\scenarios\cv\known_visit_grid25_targets10_trials50.csv,9,12,12,29.398037091520344,29.398037091520344,01,01,1,0,True,completed
41,known_visit,HIPC,bernoulli,drop_0.25,25,625,5,10,hipc_g25_d140_bernoulli_drop_0_25,reruns\grid_density\scenarios\cv\known_visit_grid25_targets10_trials50.csv,10,7,14,17.810577782701763,17.810577782701763,02,02,1,0,True,completed
42,known_visit,HIPC,bernoulli,drop_0.25,25,625,5,10,hipc_g25_d140_bernoulli_drop_0_25,reruns\grid_density\scenarios\cv\known_visit_grid25_targets10_trials50.csv,1,22,22,44.608963041417105,44.608963041417105,04,04,1,0,True,completed
42,known_visit,HIPC,bernoulli,drop_0.25,25,625,5,10,hipc_g25_d140_bernoulli_drop_0_25,reruns\grid_density\scenarios\cv\known_visit_grid25_targets10_trials50.csv,2,1,8,3.9891998233432493,3.9891998233432493,01,01,1,0,True,completed
42,known_visit,HIPC,bernoulli,drop_0.25,25,625,5,10,hipc_g25_d140_bernoulli_drop_0_25,reruns\grid_density\scenarios\cv\known_visit_grid25_targets10_trials50.csv,3,3,12,3.664046982146041,3.664046982146041,02,02,2,1,True,completed
42,known_visit,HIPC,bernoulli,drop_0.25,25,625,5,10,hipc_g25_d140_bernoulli_drop_0_25,reruns\grid_density\scenarios\cv\known_visit_grid25_targets10_trials50.csv,4,18,15,34.65260845026758,34.65260845026758,02,02,1,0,True,completed
42,known_visit,HIPC,bernoulli,drop_0.25,25,625,5,10,hipc_g25_d140_bernoulli_drop_0_25,reruns\grid_density\scenarios\cv\known_visit_grid25_targets10_trials50.csv,5,4,21,10.853918811195397,10.853918811195397,03,03,1,0,True,completed
42,known_visit,HIPC,bernoulli,drop_0.25,25,625,5,10,hipc_g25_d140_bernoulli_drop_0_25,reruns\grid_density\scenarios\cv\known_visit_grid25_targets10_trials50.csv,6,1,20,3.834919659599269,3.834919659599269,03,03,1,0,True,completed
42,known_visit,HIPC,bernoulli,drop_0.25,25,625,5,10,hipc_g25_d140_bernoulli_drop_0_25,reruns\grid_density\scenarios\cv\known_visit_grid25_targets10_trials50.csv,7,18,3,34.47187231919237,34.47187231919237,00,00,1,0,True,completed
42,known_visit,HIPC,bernoulli,drop_0.25,25,625,5,10,hipc_g25_d140_bernoulli_drop_0_25,reruns\grid_density\scenarios\cv\known_visit_grid25_targets10_trials50.csv,8,24,3,45.07331010633751,45.07331010633751,00,00,1,0,True,completed
42,known_visit,HIPC,bernoulli,drop_0.25,25,625,5,10,hipc_g25_d140_bernoulli_drop_0_25,reruns\grid_density\scenarios\cv\known_visit_grid25_targets10_trials50.csv,9,8,20,19.766859574769363,19.766859574769363,03,03,1,0,True,completed
42,known_visit,HIPC,bernoulli,drop_0.25,25,625,5,10,hipc_g25_d140_bernoulli_drop_0_25,reruns\grid_density\scenarios\cv\known_visit_grid25_targets10_trials50.csv,10,16,23,31.904651996430847,31.904651996430847,04,04,1,0,True,completed
43,known_visit,HIPC,bernoulli,drop_0.25,25,625,5,10,hipc_g25_d140_bernoulli_drop_0_25,reruns\grid_density\scenarios\cv\known_visit_grid25_targets10_trials50.csv,1,5,8,10.908219307684574,10.908219307684574,01,01,1,0,True,completed
43,known_visit,HIPC,bernoulli,drop_0.25,25,625,5,10,hipc_g25_d140_bernoulli_drop_0_25,reruns\grid_density\scenarios\cv\known_visit_grid25_targets10_trials50.csv,2,24,15,56.70771991738458,56.70771991738458,03,03,1,0,True,completed
43,known_visit,HIPC,bernoulli,drop_0.25,25,625,5,10,hipc_g25_d140_bernoulli_drop_0_25,reruns\grid_density\scenarios\cv\known_visit_grid25_targets10_trials50.csv,3,12,20,22.784546009847283,22.784546009847283,03,03,1,0,True,completed
43,known_visit,HIPC,bernoulli,drop_0.25,25,625,5,10,hipc_g25_d140_bernoulli_drop_0_25,reruns\grid_density\scenarios\cv\known_visit_grid25_targets10_trials50.csv,4,20,16,47.58769761416719,47.58769761416719,03,03,1,0,True,completed
43,known_visit,HIPC,bernoulli,drop_0.25,25,625,5,10,hipc_g25_d140_bernoulli_drop_0_25,reruns\grid_density\scenarios\cv\known_visit_grid25_targets10_trials50.csv,5,15,8,28.440869645211322,28.440869645211322,01,01,2,1,True,completed
43,known_visit,HIPC,bernoulli,drop_0.25,25,625,5,10,hipc_g25_d140_bernoulli_drop_0_25,reruns\grid_density\scenarios\cv\known_visit_grid25_targets10_trials50.csv,6,14,15,34.923588425919,34.923588425919,03,03,1,0,True,completed
43,known_visit,HIPC,bernoulli,drop_0.25,25,625,5,10,hipc_g25_d140_bernoulli_drop_0_25,reruns\grid_density\scenarios\cv\known_visit_grid25_targets10_trials50.csv,7,8,19,14.088975699002281,14.088975699002281,03,03,2,1,True,completed
43,known_visit,HIPC,bernoulli,drop_0.25,25,625,5,10,hipc_g25_d140_bernoulli_drop_0_25,reruns\grid_density\scenarios\cv\known_visit_grid25_targets10_trials50.csv,8,17,2,42.85499292163401,42.85499292163401,01,01,1,0,True,completed
43,known_visit,HIPC,bernoulli,drop_0.25,25,625,5,10,hipc_g25_d140_bernoulli_drop_0_25,reruns\grid_density\scenarios\cv\known_visit_grid25_targets10_trials50.csv,9,8,20,15.7406692289461,15.7406692289461,03,03,1,0,True,completed
43,known_visit,HIPC,bernoulli,drop_0.25,25,625,5,10,hipc_g25_d140_bernoulli_drop_0_25,reruns\grid_density\scenarios\cv\known_visit_grid25_targets10_trials50.csv,10,4,11,7.216867918581597,7.216867918581597,02,02,1,0,True,completed
44,known_visit,HIPC,bernoulli,drop_0.25,25,625,5,10,hipc_g25_d140_bernoulli_drop_0_25,reruns\grid_density\scenarios\cv\known_visit_grid25_targets10_trials50.csv,1,22,11,49.34048296166139,49.34048296166139,02,02,1,0,True,completed
44,known_visit,HIPC,bernoulli,drop_0.25,25,625,5,10,hipc_g25_d140_bernoulli_drop_0_25,reruns\grid_density\scenarios\cv\known_visit_grid25_targets10_trials50.csv,2,9,7,15.739137331464338,15.739137331464338,01,01,1,0,True,completed
44,known_visit,HIPC,bernoulli,drop_0.25,25,625,5,10,hipc_g25_d140_bernoulli_drop_0_25,reruns\grid_density\scenarios\cv\known_visit_grid25_targets10_trials50.csv,3,22,21,41.401773706896385,41.401773706896385,03,03,1,0,True,completed
44,known_visit,HIPC,bernoulli,drop_0.25,25,625,5,10,hipc_g25_d140_bernoulli_drop_0_25,reruns\grid_density\scenarios\cv\known_visit_grid25_targets10_trials50.csv,4,7,23,12.501467382780453,12.501467382780453,04,04,1,0,True,completed
44,known_visit,HIPC,bernoulli,drop_0.25,25,625,5,10,hipc_g25_d140_bernoulli_drop_0_25,reruns\grid_density\scenarios\cv\known_visit_grid25_targets10_trials50.csv,5,11,21,22.580351967038354,22.580351967038354,03,03,1,0,True,completed
44,known_visit,HIPC,bernoulli,drop_0.25,25,625,5,10,hipc_g25_d140_bernoulli_drop_0_25,reruns\grid_density\scenarios\cv\known_visit_grid25_targets10_trials50.csv,6,24,19,48.555899644260535,48.555899644260535,03,03,1,0,True,completed
44,known_visit,HIPC,bernoulli,drop_0.25,25,625,5,10,hipc_g25_d140_bernoulli_drop_0_25,reruns\grid_density\scenarios\cv\known_visit_grid25_targets10_trials50.csv,7,16,14,33.41639579629921,33.41639579629921,02,02,2,1,True,completed
44,known_visit,HIPC,bernoulli,drop_0.25,25,625,5,10,hipc_g25_d140_bernoulli_drop_0_25,reruns\grid_density\scenarios\cv\known_visit_grid25_targets10_trials50.csv,8,24,0,39.08574245060223,39.08574245060223,00,00,1,0,True,completed
44,known_visit,HIPC,bernoulli,drop_0.25,25,625,5,10,hipc_g25_d140_bernoulli_drop_0_25,reruns\grid_density\scenarios\cv\known_visit_grid25_targets10_trials50.csv,9,21,0,34.030676278977595,34.030676278977595,00,00,1,0,True,completed
44,known_visit,HIPC,bernoulli,drop_0.25,25,625,5,10,hipc_g25_d140_bernoulli_drop_0_25,reruns\grid_density\scenarios\cv\known_visit_grid25_targets10_trials50.csv,10,4,11,7.274019380223745,7.274019380223745,02,02,2,1,True,completed
45,known_visit,HIPC,bernoulli,drop_0.25,25,625,5,10,hipc_g25_d140_bernoulli_drop_0_25,reruns\grid_density\scenarios\cv\known_visit_grid25_targets10_trials50.csv,1,2,5,3.8107506229302994,3.8107506229302994,01,01,1,0,True,completed
45,known_visit,HIPC,bernoulli,drop_0.25,25,625,5,10,hipc_g25_d140_bernoulli_drop_0_25,reruns\grid_density\scenarios\cv\known_visit_grid25_targets10_trials50.csv,2,2,11,4.043657153297949,4.043657153297949,02,02,1,0,True,completed
45,known_visit,HIPC,bernoulli,drop_0.25,25,625,5,10,hipc_g25_d140_bernoulli_drop_0_25,reruns\grid_density\scenarios\cv\known_visit_grid25_targets10_trials50.csv,3,10,7,21.534700856751492,21.534700856751492,01,01,1,0,True,completed
45,known_visit,HIPC,bernoulli,drop_0.25,25,625,5,10,hipc_g25_d140_bernoulli_drop_0_25,reruns\grid_density\scenarios\cv\known_visit_grid25_targets10_trials50.csv,4,23,20,41.48173958332415,41.48173958332415,03,03,1,0,True,completed
45,known_visit,HIPC,bernoulli,drop_0.25,25,625,5,10,hipc_g25_d140_bernoulli_drop_0_25,reruns\grid_density\scenarios\cv\known_visit_grid25_targets10_trials50.csv,5,2,9,7.35404201542302,7.35404201542302,02,02,1,0,True,completed
45,known_visit,HIPC,bernoulli,drop_0.25,25,625,5,10,hipc_g25_d140_bernoulli_drop_0_25,reruns\grid_density\scenarios\cv\known_visit_grid25_targets10_trials50.csv,6,20,8,40.35185646567735,40.35185646567735,01,01,1,0,True,completed
45,known_visit,HIPC,bernoulli,drop_0.25,25,625,5,10,hipc_g25_d140_bernoulli_drop_0_25,reruns\grid_density\scenarios\cv\known_visit_grid25_targets10_trials50.csv,7,19,12,41.798890930938015,41.798890930938015,02,02,1,0,True,completed
45,known_visit,HIPC,bernoulli,drop_0.25,25,625,5,10,hipc_g25_d140_bernoulli_drop_0_25,reruns\grid_density\scenarios\cv\known_visit_grid25_targets10_trials50.csv,8,19,10,38.269664352003666,38.269664352003666,02,02,1,0,True,completed
45,known_visit,HIPC,bernoulli,drop_0.25,25,625,5,10,hipc_g25_d140_bernoulli_drop_0_25,reruns\grid_density\scenarios\cv\known_visit_grid25_targets10_trials50.csv,9,2,22,5.62728916477001,5.62728916477001,04,04,1,0,True,completed
45,known_visit,HIPC,bernoulli,drop_0.25,25,625,5,10,hipc_g25_d140_bernoulli_drop_0_25,reruns\grid_density\scenarios\cv\known_visit_grid25_targets10_trials50.csv,10,3,21,9.493605201611723,9.493605201611723,04,04,1,0,True,completed
46,known_visit,HIPC,bernoulli,drop_0.25,25,625,5,10,hipc_g25_d140_bernoulli_drop_0_25,reruns\grid_density\scenarios\cv\known_visit_grid25_targets10_trials50.csv,1,9,6,13.474402297893198,13.474402297893198,01,01,1,0,True,completed
46,known_visit,HIPC,bernoulli,drop_0.25,25,625,5,10,hipc_g25_d140_bernoulli_drop_0_25,reruns\grid_density\scenarios\cv\known_visit_grid25_targets10_trials50.csv,2,14,5,24.02282840645784,24.02282840645784,01,01,1,0,True,completed
46,known_visit,HIPC,bernoulli,drop_0.25,25,625,5,10,hipc_g25_d140_bernoulli_drop_0_25,reruns\grid_density\scenarios\cv\known_visit_grid25_targets10_trials50.csv,3,17,10,45.49138167629367,45.49138167629367,01,01,1,0,True,completed
46,known_visit,HIPC,bernoulli,drop_0.25,25,625,5,10,hipc_g25_d140_bernoulli_drop_0_25,reruns\grid_density\scenarios\cv\known_visit_grid25_targets10_trials50.csv,4,10,17,17.288986583751946,17.288986583751946,03,03,1,0,True,completed
46,known_visit,HIPC,bernoulli,drop_0.25,25,625,5,10,hipc_g25_d140_bernoulli_drop_0_25,reruns\grid_density\scenarios\cv\known_visit_grid25_targets10_trials50.csv,5,19,6,34.96202600178019,34.96202600178019,01,01,1,0,True,completed
46,known_visit,HIPC,bernoulli,drop_0.25,25,625,5,10,hipc_g25_d140_bernoulli_drop_0_25,reruns\grid_density\scenarios\cv\known_visit_grid25_targets10_trials50.csv,6,11,15,22.657594015691323,22.657594015691323,02,02,1,0,True,completed
46,known_visit,HIPC,bernoulli,drop_0.25,25,625,5,10,hipc_g25_d140_bernoulli_drop_0_25,reruns\grid_density\scenarios\cv\known_visit_grid25_targets10_trials50.csv,7,15,5,26.08067779686073,26.08067779686073,01,01,1,0,True,completed
46,known_visit,HIPC,bernoulli,drop_0.25,25,625,5,10,hipc_g25_d140_bernoulli_drop_0_25,reruns\grid_density\scenarios\cv\known_visit_grid25_targets10_trials50.csv,8,23,14,46.03586184287717,46.03586184287717,02,02,1,0,True,completed
46,known_visit,HIPC,bernoulli,drop_0.25,25,625,5,10,hipc_g25_d140_bernoulli_drop_0_25,reruns\grid_density\scenarios\cv\known_visit_grid25_targets10_trials50.csv,9,14,2,25.83598527307297,25.83598527307297,00,00,1,0,True,completed
46,known_visit,HIPC,bernoulli,drop_0.25,25,625,5,10,hipc_g25_d140_bernoulli_drop_0_25,reruns\grid_density\scenarios\cv\known_visit_grid25_targets10_trials50.csv,10,22,19,60.57171806490301,60.57171806490301,02,02,1,0,True,completed
47,known_visit,HIPC,bernoulli,drop_0.25,25,625,5,10,hipc_g25_d140_bernoulli_drop_0_25,reruns\grid_density\scenarios\cv\known_visit_grid25_targets10_trials50.csv,1,24,21,53.32802871114523,53.32802871114523,04,04,1,0,True,completed
47,known_visit,HIPC,bernoulli,drop_0.25,25,625,5,10,hipc_g25_d140_bernoulli_drop_0_25,reruns\grid_density\scenarios\cv\known_visit_grid25_targets10_trials50.csv,2,19,12,42.02649190407797,42.02649190407797,02,02,1,0,True,completed
47,known_visit,HIPC,bernoulli,drop_0.25,25,625,5,10,hipc_g25_d140_bernoulli_drop_0_25,reruns\grid_density\scenarios\cv\known_visit_grid25_targets10_trials50.csv,3,8,23,14.05880190302902,14.05880190302902,04,04,2,1,True,completed
47,known_visit,HIPC,bernoulli,drop_0.25,25,625,5,10,hipc_g25_d140_bernoulli_drop_0_25,reruns\grid_density\scenarios\cv\known_visit_grid25_targets10_trials50.csv,4,16,24,33.88876387077498,33.88876387077498,04,04,1,0,True,completed
47,known_visit,HIPC,bernoulli,drop_0.25,25,625,5,10,hipc_g25_d140_bernoulli_drop_0_25,reruns\grid_density\scenarios\cv\known_visit_grid25_targets10_trials50.csv,5,15,4,31.74814523431518,31.74814523431518,01,01,1,0,True,completed
47,known_visit,HIPC,bernoulli,drop_0.25,25,625,5,10,hipc_g25_d140_bernoulli_drop_0_25,reruns\grid_density\scenarios\cv\known_visit_grid25_targets10_trials50.csv,6,9,0,13.803900259021898,13.803900259021898,00,00,1,0,True,completed
47,known_visit,HIPC,bernoulli,drop_0.25,25,625,5,10,hipc_g25_d140_bernoulli_drop_0_25,reruns\grid_density\scenarios\cv\known_visit_grid25_targets10_trials50.csv,7,13,4,28.12915889253174,28.12915889253174,01,01,1,0,True,completed
47,known_visit,HIPC,bernoulli,drop_0.25,25,625,5,10,hipc_g25_d140_bernoulli_drop_0_25,reruns\grid_density\scenarios\cv\known_visit_grid25_targets10_trials50.csv,8,12,21,24.492738936340764,24.492738936340764,03,03,1,0,True,completed
47,known_visit,HIPC,bernoulli,drop_0.25,25,625,5,10,hipc_g25_d140_bernoulli_drop_0_25,reruns\grid_density\scenarios\cv\known_visit_grid25_targets10_trials50.csv,9,14,15,27.61618408382037,27.61618408382037,02,02,1,0,True,completed
47,known_visit,HIPC,bernoulli,drop_0.25,25,625,5,10,hipc_g25_d140_bernoulli_drop_0_25,reruns\grid_density\scenarios\cv\known_visit_grid25_targets10_trials50.csv,10,8,7,13.837897858745931,13.837897858745931,01,01,1,0,True,completed
48,known_visit,HIPC,bernoulli,drop_0.25,25,625,5,10,hipc_g25_d140_bernoulli_drop_0_25,reruns\grid_density\scenarios\cv\known_visit_grid25_targets10_trials50.csv,1,15,1,30.051351577194964,30.051351577194964,00,00,1,0,True,completed
48,known_visit,HIPC,bernoulli,drop_0.25,25,625,5,10,hipc_g25_d140_bernoulli_drop_0_25,reruns\grid_density\scenarios\cv\known_visit_grid25_targets10_trials50.csv,2,24,12,57.61558480917922,57.61558480917922,02,02,1,0,True,completed
48,known_visit,HIPC,bernoulli,drop_0.25,25,625,5,10,hipc_g25_d140_bernoulli_drop_0_25,reruns\grid_density\scenarios\cv\known_visit_grid25_targets10_trials50.csv,3,22,14,50.39004168091958,50.39004168091958,02,02,1,0,True,completed
48,known_visit,HIPC,bernoulli,drop_0.25,25,625,5,10,hipc_g25_d140_bernoulli_drop_0_25,reruns\grid_density\scenarios\cv\known_visit_grid25_targets10_trials50.csv,4,1,6,0.1962851130089091,0.1962851130089091,01,01,1,0,True,completed
48,known_visit,HIPC,bernoulli,drop_0.25,25,625,5,10,hipc_g25_d140_bernoulli_drop_0_25,reruns\grid_density\scenarios\cv\known_visit_grid25_targets10_trials50.csv,5,23,6,50.02907612182627,50.02907612182627,01,01,1,0,True,completed
48,known_visit,HIPC,bernoulli,drop_0.25,25,625,5,10,hipc_g25_d140_bernoulli_drop_0_25,reruns\grid_density\scenarios\cv\known_visit_grid25_targets10_trials50.csv,6,3,2,7.309091019287649,7.309091019287649,00,00,1,0,True,completed
48,known_visit,HIPC,bernoulli,drop_0.25,25,625,5,10,hipc_g25_d140_bernoulli_drop_0_25,reruns\grid_density\scenarios\cv\known_visit_grid25_targets10_trials50.csv,7,19,21,47.37819149004669,47.37819149004669,03,03,1,0,True,completed
48,known_visit,HIPC,bernoulli,drop_0.25,25,625,5,10,hipc_g25_d140_bernoulli_drop_0_25,reruns\grid_density\scenarios\cv\known_visit_grid25_targets10_trials50.csv,8,14,12,32.963514385866965,32.963514385866965,02,02,1,0,True,completed
48,known_visit,HIPC,bernoulli,drop_0.25,25,625,5,10,hipc_g25_d140_bernoulli_drop_0_25,reruns\grid_density\scenarios\cv\known_visit_grid25_targets10_trials50.csv,9,9,9,18.7840653039041,18.7840653039041,02,02,1,0,True,completed
48,known_visit,HIPC,bernoulli,drop_0.25,25,625,5,10,hipc_g25_d140_bernoulli_drop_0_25,reruns\grid_density\scenarios\cv\known_visit_grid25_targets10_trials50.csv,10,20,17,34.573080196038546,34.573080196038546,03,03,1,0,True,completed
49,known_visit,HIPC,bernoulli,drop_0.25,25,625,5,10,hipc_g25_d140_bernoulli_drop_0_25,reruns\grid_density\scenarios\cv\known_visit_grid25_targets10_trials50.csv,1,3,12,3.401202370917498,3.401202370917498,02,02,1,0,True,completed
49,known_visit,HIPC,bernoulli,drop_0.25,25,625,5,10,hipc_g25_d140_bernoulli_drop_0_25,reruns\grid_density\scenarios\cv\known_visit_grid25_targets10_trials50.csv,2,23,14,45.04605125060334,45.04605125060334,02,02,1,0,True,completed
49,known_visit,HIPC,bernoulli,drop_0.25,25,625,5,10,hipc_g25_d140_bernoulli_drop_0_25,reruns\grid_density\scenarios\cv\known_visit_grid25_targets10_trials50.csv,3,12,1,21.029943746745385,21.029943746745385,00,00,1,0,True,completed
49,known_visit,HIPC,bernoulli,drop_0.25,25,625,5,10,hipc_g25_d140_bernoulli_drop_0_25,reruns\grid_density\scenarios\cv\known_visit_grid25_targets10_trials50.csv,4,5,11,8.582841052245394,8.582841052245394,02,02,1,0,True,completed
49,known_visit,HIPC,bernoulli,drop_0.25,25,625,5,10,hipc_g25_d140_bernoulli_drop_0_25,reruns\grid_density\scenarios\cv\known_visit_grid25_targets10_trials50.csv,5,20,3,39.49306121091193,39.49306121091193,00,00,1,0,True,completed
49,known_visit,HIPC,bernoulli,drop_0.25,25,625,5,10,hipc_g25_d140_bernoulli_drop_0_25,reruns\grid_density\scenarios\cv\known_visit_grid25_targets10_trials50.csv,6,14,1,24.7585503836049,24.7585503836049,00,00,1,0,True,completed
49,known_visit,HIPC,bernoulli,drop_0.25,25,625,5,10,hipc_g25_d140_bernoulli_drop_0_25,reruns\grid_density\scenarios\cv\known_visit_grid25_targets10_trials50.csv,7,22,13,41.324609524918195,41.324609524918195,02,02,1,0,True,completed
49,known_visit,HIPC,bernoulli,drop_0.25,25,625,5,10,hipc_g25_d140_bernoulli_drop_0_25,reruns\grid_density\scenarios\cv\known_visit_grid25_targets10_trials50.csv,8,15,16,28.02861789271219,28.02861789271219,03,03,1,0,True,completed
49,known_visit,HIPC,bernoulli,drop_0.25,25,625,5,10,hipc_g25_d140_bernoulli_drop_0_25,reruns\grid_density\scenarios\cv\known_visit_grid25_targets10_trials50.csv,9,16,22,40.22468875166875,40.22468875166875,03,03,1,0,True,completed
49,known_visit,HIPC,bernoulli,drop_0.25,25,625,5,10,hipc_g25_d140_bernoulli_drop_0_25,reruns\grid_density\scenarios\cv\known_visit_grid25_targets10_trials50.csv,10,14,3,27.892760331447935,27.892760331447935,01,01,1,0,True,completed
