trial_id,trial_mode,algorithm,comm_model,comm_level,grid_size,grid_cells,robot_count,target_count,condition_id,scenario_file,target_index,target_x,target_y,first_completion_time_s,first_completion_sim_time_s,first_found_by_robot,first_finder_robot_id,total_visits,duplicate_visits,completed,trial_status
0,known_visit,PI,ideal,1.0,14,196,1,10,pi_g14_d220_ideal,reruns\grid_density\scenarios\cv\known_visit_grid14_targets10_trials50.csv,1,1,3,38.326376856720366,38.326376856720366,00,00,1,0,True,completed
0,known_visit,PI,ideal,1.0,14,196,1,10,pi_g14_d220_ideal,reruns\grid_density\scenarios\cv\known_visit_grid14_targets10_trials50.csv,2,11,7,66.69569868685487,66.69569868685487,00,00,1,0,True,completed
0,known_visit,PI,ideal,1.0,14,196,1,10,pi_g14_d220_ideal,reruns\grid_density\scenarios\cv\known_visit_grid14_targets10_trials50.csv,3,6,7,22.49082653159517,22.49082653159517,00,00,1,0,True,completed
0,known_visit,PI,ideal,1.0,14,196,1,10,pi_g14_d220_ideal,reruns\grid_density\scenarios\cv\known_visit_grid14_targets10_trials50.csv,4,5,8,18.6971692082043,18.6971692082043,00,00,1,0,True,completed
0,known_visit,PI,ideal,1.0,14,196,1,10,pi_g14_d220_ideal,reruns\grid_density\scenarios\cv\known_visit_grid14_targets10_trials50.csv,5,6,3,29.45705877783444,29.45705877783444,00,00,1,0,True,completed
0,known_visit,PI,ideal,1.0,14,196,1,10,pi_g14_d220_ideal,reruns\grid_density\scenarios\cv\known_visit_grid14_targets10_trials50.csv,6,13,10,75.29541204674003,75.29541204674003,00,00,1,0,True,completed
0,known_visit,PI,ideal,1.0,14,196,1,10,pi_g14_d220_ideal,reruns\grid_density\scenarios\cv\known_visit_grid14_targets10_trials50.csv,7,0,8,2.1617832438869145,2.1617832438869145,00,00,1,0,True,completed
0,known_visit,PI,ideal,1.0,14,196,1,10,pi_g14_d220_ideal,reruns\grid_density\scenarios\cv\known_visit_grid14_targets10_trials50.csv,8,0,10,5.640546901266692,5.640546901266692,00,00,1,0,True,completed
0,known_visit,PI,ideal,1.0,14,196,1,10,pi_g14_d220_ideal,reruns\grid_density\scenarios\cv\known_visit_grid14_targets10_trials50.csv,9,4,3,33.24844054106499,33.24844054106499,00,00,1,0,True,completed
0,known_visit,PI,ideal,1.0,14,196,1,10,pi_g14_d220_ideal,reruns\grid_density\scenarios\cv\known_visit_grid14_targets10_trials50.csv,10,4,9,14.971714686935933,14.971714686935933,00,00,1,0,True,completed
1,known_visit,PI,ideal,1.0,14,196,1,10,pi_g14_d220_ideal,reruns\grid_density\scenarios\cv\known_visit_grid14_targets10_trials50.csv,1,10,8,30.22161354684883,30.22161354684883,00,00,1,0,True,completed
1,known_visit,PI,ideal,1.0,14,196,1,10,pi_g14_d220_ideal,reruns\grid_density\scenarios\cv\known_visit_grid14_targets10_trials50.csv,2,3,9,16.09350028476079,16.09350028476079,00,00,1,0,True,completed
1,known_visit,PI,ideal,1.0,14,196,1,10,pi_g14_d220_ideal,reruns\grid_density\scenarios\cv\known_visit_grid14_targets10_trials50.csv,3,6,2,70.31373340160916,70.31373340160916,00,00,1,0,True,completed
1,known_visit,PI,ideal,1.0,14,196,1,10,pi_g14_d220_ideal,reruns\grid_density\scenarios\cv\known_visit_grid14_targets10_trials50.csv,4,13,10,39.4535103937051,39.4535103937051,00,00,1,0,True,completed
1,known_visit,PI,ideal,1.0,14,196,1,10,pi_g14_d220_ideal,reruns\grid_density\scenarios\cv\known_visit_grid14_targets10_trials50.csv,5,10,2,59.36929693931346,59.36929693931346,00,00,1,0,True,completed
1,known_visit,PI,ideal,1.0,14,196,1,10,pi_g14_d220_ideal,reruns\grid_density\scenarios\cv\known_visit_grid14_targets10_trials50.csv,6,11,2,57.310030074842835,57.310030074842835,00,00,1,0,True,completed
1,known_visit,PI,ideal,1.0,14,196,1,10,pi_g14_d220_ideal,reruns\grid_density\scenarios\cv\known_visit_grid14_targets10_trials50.csv,7,1,5,2.1129348811854283,2.1129348811854283,00,00,1,0,True,completed
1,known_visit,PI,ideal,1.0,14,196,1,10,pi_g14_d220_ideal,reruns\grid_density\scenarios\cv\known_visit_grid14_targets10_trials50.csv,8,11,3,55.68880585235301,55.68880585235301,00,00,1,0,True,completed
1,known_visit,PI,ideal,1.0,14,196,1,10,pi_g14_d220_ideal,reruns\grid_density\scenarios\cv\known_visit_grid14_targets10_trials50.csv,9,8,3,64.63494506617134,64.63494506617134,00,00,1,0,True,completed
1,known_visit,PI,ideal,1.0,14,196,1,10,pi_g14_d220_ideal,reruns\grid_density\scenarios\cv\known_visit_grid14_targets10_trials50.csv,10,3,4,7.468913301879938,7.468913301879938,00,00,1,0,True,completed
2,known_visit,PI,ideal,1.0,14,196,1,10,pi_g14_d220_ideal,reruns\grid_density\scenarios\cv\known_visit_grid14_targets10_trials50.csv,1,9,5,39.78969430977051,39.78969430977051,00,00,1,0,True,completed
2,known_visit,PI,ideal,1.0,14,196,1,10,pi_g14_d220_ideal,reruns\grid_density\scenarios\cv\known_visit_grid14_targets10_trials50.csv,2,1,6,0.15296335274676665,0.15296335274676665,00,00,1,0,True,completed
2,known_visit,PI,ideal,1.0,14,196,1,10,pi_g14_d220_ideal,reruns\grid_density\scenarios\cv\known_visit_grid14_targets10_trials50.csv,3,3,2,77.43212871015457,77.43212871015457,00,00,1,0,True,completed
2,known_visit,PI,ideal,1.0,14,196,1,10,pi_g14_d220_ideal,reruns\grid_density\scenarios\cv\known_visit_grid14_targets10_trials50.csv,4,12,7,48.74917072256987,48.74917072256987,00,00,1,0,True,completed
2,known_visit,PI,ideal,1.0,14,196,1,10,pi_g14_d220_ideal,reruns\grid_density\scenarios\cv\known_visit_grid14_targets10_trials50.csv,5,9,13,25.94294616561497,25.94294616561497,00,00,1,0,True,completed
2,known_visit,PI,ideal,1.0,14,196,1,10,pi_g14_d220_ideal,reruns\grid_density\scenarios\cv\known_visit_grid14_targets10_trials50.csv,6,9,10,31.498765126255694,31.498765126255694,00,00,1,0,True,completed
2,known_visit,PI,ideal,1.0,14,196,1,10,pi_g14_d220_ideal,reruns\grid_density\scenarios\cv\known_visit_grid14_targets10_trials50.csv,7,4,1,84.75275756006592,84.75275756006592,00,00,1,0,True,completed
2,known_visit,PI,ideal,1.0,14,196,1,10,pi_g14_d220_ideal,reruns\grid_density\scenarios\cv\known_visit_grid14_targets10_trials50.csv,8,2,13,14.058931051322375,14.058931051322375,00,00,1,0,True,completed
2,known_visit,PI,ideal,1.0,14,196,1,10,pi_g14_d220_ideal,reruns\grid_density\scenarios\cv\known_visit_grid14_targets10_trials50.csv,9,2,2,79.09548393426446,79.09548393426446,00,00,1,0,True,completed
2,known_visit,PI,ideal,1.0,14,196,1,10,pi_g14_d220_ideal,reruns\grid_density\scenarios\cv\known_visit_grid14_targets10_trials50.csv,10,1,11,8.83474282216901,8.83474282216901,00,00,1,0,True,completed
3,known_visit,PI,ideal,1.0,14,196,1,10,pi_g14_d220_ideal,reruns\grid_density\scenarios\cv\known_visit_grid14_targets10_trials50.csv,1,0,12,100.78598301651476,100.78598301651476,00,00,1,0,True,completed
3,known_visit,PI,ideal,1.0,14,196,1,10,pi_g14_d220_ideal,reruns\grid_density\scenarios\cv\known_visit_grid14_targets10_trials50.csv,2,7,11,40.94692386479569,40.94692386479569,00,00,1,0,True,completed
3,known_visit,PI,ideal,1.0,14,196,1,10,pi_g14_d220_ideal,reruns\grid_density\scenarios\cv\known_visit_grid14_targets10_trials50.csv,3,9,6,28.631942506234296,28.631942506234296,00,00,2,1,True,completed
3,known_visit,PI,ideal,1.0,14,196,1,10,pi_g14_d220_ideal,reruns\grid_density\scenarios\cv\known_visit_grid14_targets10_trials50.csv,4,12,13,57.110687721852926,57.110687721852926,00,00,1,0,True,completed
3,known_visit,PI,ideal,1.0,14,196,1,10,pi_g14_d220_ideal,reruns\grid_density\scenarios\cv\known_visit_grid14_targets10_trials50.csv,5,1,5,2.2672874024855214,2.2672874024855214,00,00,1,0,True,completed
3,known_visit,PI,ideal,1.0,14,196,1,10,pi_g14_d220_ideal,reruns\grid_density\scenarios\cv\known_visit_grid14_targets10_trials50.csv,6,8,8,33.92616997645659,33.92616997645659,00,00,1,0,True,completed
3,known_visit,PI,ideal,1.0,14,196,1,10,pi_g14_d220_ideal,reruns\grid_density\scenarios\cv\known_visit_grid14_targets10_trials50.csv,7,12,6,69.39217720695589,69.39217720695589,00,00,1,0,True,completed
3,known_visit,PI,ideal,1.0,14,196,1,10,pi_g14_d220_ideal,reruns\grid_density\scenarios\cv\known_visit_grid14_targets10_trials50.csv,8,5,2,14.634794100722191,14.634794100722191,00,00,1,0,True,completed
3,known_visit,PI,ideal,1.0,14,196,1,10,pi_g14_d220_ideal,reruns\grid_density\scenarios\cv\known_visit_grid14_targets10_trials50.csv,9,13,11,51.39889953016223,51.39889953016223,00,00,1,0,True,completed
3,known_visit,PI,ideal,1.0,14,196,1,10,pi_g14_d220_ideal,reruns\grid_density\scenarios\cv\known_visit_grid14_targets10_trials50.csv,10,9,8,31.890762270194912,31.890762270194912,00,00,1,0,True,completed
4,known_visit,PI,ideal,1.0,14,196,1,10,pi_g14_d220_ideal,reruns\grid_density\scenarios\cv\known_visit_grid14_targets10_trials50.csv,1,6,0,55.173588974630995,55.173588974630995,00,00,1,0,True,completed
4,known_visit,PI,ideal,1.0,14,196,1,10,pi_g14_d220_ideal,reruns\grid_density\scenarios\cv\known_visit_grid14_targets10_trials50.csv,2,12,4,37.68600851531823,37.68600851531823,00,00,1,0,True,completed
4,known_visit,PI,ideal,1.0,14,196,1,10,pi_g14_d220_ideal,reruns\grid_density\scenarios\cv\known_visit_grid14_targets10_trials50.csv,3,0,10,5.667565779519543,5.667565779519543,00,00,1,0,True,completed
4,known_visit,PI,ideal,1.0,14,196,1,10,pi_g14_d220_ideal,reruns\grid_density\scenarios\cv\known_visit_grid14_targets10_trials50.csv,4,6,10,16.19257345015589,16.19257345015589,00,00,1,0,True,completed
4,known_visit,PI,ideal,1.0,14,196,1,10,pi_g14_d220_ideal,reruns\grid_density\scenarios\cv\known_visit_grid14_targets10_trials50.csv,5,10,8,27.0302716750384,27.0302716750384,00,00,1,0,True,completed
4,known_visit,PI,ideal,1.0,14,196,1,10,pi_g14_d220_ideal,reruns\grid_density\scenarios\cv\known_visit_grid14_targets10_trials50.csv,6,7,2,49.98596526897654,49.98596526897654,00,00,1,0,True,completed
4,known_visit,PI,ideal,1.0,14,196,1,10,pi_g14_d220_ideal,reruns\grid_density\scenarios\cv\known_visit_grid14_targets10_trials50.csv,7,3,0,60.83315771036809,60.83315771036809,00,00,1,0,True,completed
4,known_visit,PI,ideal,1.0,14,196,1,10,pi_g14_d220_ideal,reruns\grid_density\scenarios\cv\known_visit_grid14_targets10_trials50.csv,8,2,1,64.62071577118759,64.62071577118759,00,00,1,0,True,completed
4,known_visit,PI,ideal,1.0,14,196,1,10,pi_g14_d220_ideal,reruns\grid_density\scenarios\cv\known_visit_grid14_targets10_trials50.csv,9,6,9,18.177798784713005,18.177798784713005,00,00,1,0,True,completed
4,known_visit,PI,ideal,1.0,14,196,1,10,pi_g14_d220_ideal,reruns\grid_density\scenarios\cv\known_visit_grid14_targets10_trials50.csv,10,3,5,73.40628444678579,73.40628444678579,00,00,1,0,True,completed
5,known_visit,PI,ideal,1.0,14,196,1,10,pi_g14_d220_ideal,reruns\grid_density\scenarios\cv\known_visit_grid14_targets10_trials50.csv,1,6,3,60.636911595383346,60.636911595383346,00,00,1,0,True,completed
5,known_visit,PI,ideal,1.0,14,196,1,10,pi_g14_d220_ideal,reruns\grid_density\scenarios\cv\known_visit_grid14_targets10_trials50.csv,2,11,2,49.95386105238306,49.95386105238306,00,00,1,0,True,completed
5,known_visit,PI,ideal,1.0,14,196,1,10,pi_g14_d220_ideal,reruns\grid_density\scenarios\cv\known_visit_grid14_targets10_trials50.csv,3,4,7,7.4875735266936125,7.4875735266936125,00,00,1,0,True,completed
5,known_visit,PI,ideal,1.0,14,196,1,10,pi_g14_d220_ideal,reruns\grid_density\scenarios\cv\known_visit_grid14_targets10_trials50.csv,4,0,7,0.5201034847336841,0.5201034847336841,00,00,1,0,True,completed
5,known_visit,PI,ideal,1.0,14,196,1,10,pi_g14_d220_ideal,reruns\grid_density\scenarios\cv\known_visit_grid14_targets10_trials50.csv,5,8,0,73.24384979493833,73.24384979493833,00,00,1,0,True,completed
5,known_visit,PI,ideal,1.0,14,196,1,10,pi_g14_d220_ideal,reruns\grid_density\scenarios\cv\known_visit_grid14_targets10_trials50.csv,6,1,0,89.37934494251174,89.37934494251174,00,00,1,0,True,completed
5,known_visit,PI,ideal,1.0,14,196,1,10,pi_g14_d220_ideal,reruns\grid_density\scenarios\cv\known_visit_grid14_targets10_trials50.csv,7,5,12,18.1029694771564,18.1029694771564,00,00,1,0,True,completed
5,known_visit,PI,ideal,1.0,14,196,1,10,pi_g14_d220_ideal,reruns\grid_density\scenarios\cv\known_visit_grid14_targets10_trials50.csv,8,10,9,32.33788874964801,32.33788874964801,00,00,1,0,True,completed
5,known_visit,PI,ideal,1.0,14,196,1,10,pi_g14_d220_ideal,reruns\grid_density\scenarios\cv\known_visit_grid14_targets10_trials50.csv,9,7,2,56.817149239633295,56.817149239633295,00,00,1,0,True,completed
5,known_visit,PI,ideal,1.0,14,196,1,10,pi_g14_d220_ideal,reruns\grid_density\scenarios\cv\known_visit_grid14_targets10_trials50.csv,10,12,5,42.71076200406589,42.71076200406589,00,00,1,0,True,completed
6,known_visit,PI,ideal,1.0,14,196,1,10,pi_g14_d220_ideal,reruns\grid_density\scenarios\cv\known_visit_grid14_targets10_trials50.csv,1,8,9,82.92422835979741,82.92422835979741,00,00,1,0,True,completed
6,known_visit,PI,ideal,1.0,14,196,1,10,pi_g14_d220_ideal,reruns\grid_density\scenarios\cv\known_visit_grid14_targets10_trials50.csv,2,2,9,11.564117631556211,11.564117631556211,00,00,1,0,True,completed
6,known_visit,PI,ideal,1.0,14,196,1,10,pi_g14_d220_ideal,reruns\grid_density\scenarios\cv\known_visit_grid14_targets10_trials50.csv,3,1,9,9.655325452954312,9.655325452954312,00,00,1,0,True,completed
6,known_visit,PI,ideal,1.0,14,196,1,10,pi_g14_d220_ideal,reruns\grid_density\scenarios\cv\known_visit_grid14_targets10_trials50.csv,4,5,3,42.43081953349475,42.43081953349475,00,00,1,0,True,completed
6,known_visit,PI,ideal,1.0,14,196,1,10,pi_g14_d220_ideal,reruns\grid_density\scenarios\cv\known_visit_grid14_targets10_trials50.csv,5,2,10,13.485971982690655,13.485971982690655,00,00,1,0,True,completed
6,known_visit,PI,ideal,1.0,14,196,1,10,pi_g14_d220_ideal,reruns\grid_density\scenarios\cv\known_visit_grid14_targets10_trials50.csv,6,1,0,54.982713544833715,54.982713544833715,00,00,1,0,True,completed
6,known_visit,PI,ideal,1.0,14,196,1,10,pi_g14_d220_ideal,reruns\grid_density\scenarios\cv\known_visit_grid14_targets10_trials50.csv,7,2,0,53.27693661579866,53.27693661579866,00,00,1,0,True,completed
6,known_visit,PI,ideal,1.0,14,196,1,10,pi_g14_d220_ideal,reruns\grid_density\scenarios\cv\known_visit_grid14_targets10_trials50.csv,8,1,11,17.227082292914886,17.227082292914886,00,00,1,0,True,completed
6,known_visit,PI,ideal,1.0,14,196,1,10,pi_g14_d220_ideal,reruns\grid_density\scenarios\cv\known_visit_grid14_targets10_trials50.csv,9,0,5,0.47826643104301747,0.47826643104301747,00,00,1,0,True,completed
6,known_visit,PI,ideal,1.0,14,196,1,10,pi_g14_d220_ideal,reruns\grid_density\scenarios\cv\known_visit_grid14_targets10_trials50.csv,10,4,6,35.350753770039375,35.350753770039375,00,00,1,0,True,completed
7,known_visit,PI,ideal,1.0,14,196,1,10,pi_g14_d220_ideal,reruns\grid_density\scenarios\cv\known_visit_grid14_targets10_trials50.csv,1,4,0,15.636204625573283,15.636204625573283,00,00,2,1,True,completed
7,known_visit,PI,ideal,1.0,14,196,1,10,pi_g14_d220_ideal,reruns\grid_density\scenarios\cv\known_visit_grid14_targets10_trials50.csv,2,2,13,60.07884297916479,60.07884297916479,00,00,1,0,True,completed
7,known_visit,PI,ideal,1.0,14,196,1,10,pi_g14_d220_ideal,reruns\grid_density\scenarios\cv\known_visit_grid14_targets10_trials50.csv,3,8,0,26.698309287831517,26.698309287831517,00,00,1,0,True,completed
7,known_visit,PI,ideal,1.0,14,196,1,10,pi_g14_d220_ideal,reruns\grid_density\scenarios\cv\known_visit_grid14_targets10_trials50.csv,4,6,13,53.09687347625896,53.09687347625896,00,00,1,0,True,completed
7,known_visit,PI,ideal,1.0,14,196,1,10,pi_g14_d220_ideal,reruns\grid_density\scenarios\cv\known_visit_grid14_targets10_trials50.csv,5,4,6,5.3164541422560285,5.3164541422560285,00,00,1,0,True,completed
7,known_visit,PI,ideal,1.0,14,196,1,10,pi_g14_d220_ideal,reruns\grid_density\scenarios\cv\known_visit_grid14_targets10_trials50.csv,6,9,12,81.29087114929432,81.29087114929432,00,00,1,0,True,completed
7,known_visit,PI,ideal,1.0,14,196,1,10,pi_g14_d220_ideal,reruns\grid_density\scenarios\cv\known_visit_grid14_targets10_trials50.csv,7,3,0,17.56136422690921,17.56136422690921,00,00,1,0,True,completed
7,known_visit,PI,ideal,1.0,14,196,1,10,pi_g14_d220_ideal,reruns\grid_density\scenarios\cv\known_visit_grid14_targets10_trials50.csv,8,6,12,51.31527774559753,51.31527774559753,00,00,1,0,True,completed
7,known_visit,PI,ideal,1.0,14,196,1,10,pi_g14_d220_ideal,reruns\grid_density\scenarios\cv\known_visit_grid14_targets10_trials50.csv,9,1,11,65.29974183427285,65.29974183427285,00,00,1,0,True,completed
7,known_visit,PI,ideal,1.0,14,196,1,10,pi_g14_d220_ideal,reruns\grid_density\scenarios\cv\known_visit_grid14_targets10_trials50.csv,10,7,9,44.17330818844966,44.17330818844966,00,00,1,0,True,completed
8,known_visit,PI,ideal,1.0,14,196,1,10,pi_g14_d220_ideal,reruns\grid_density\scenarios\cv\known_visit_grid14_targets10_trials50.csv,1,11,5,49.218166232081074,49.218166232081074,00,00,1,0,True,completed
8,known_visit,PI,ideal,1.0,14,196,1,10,pi_g14_d220_ideal,reruns\grid_density\scenarios\cv\known_visit_grid14_targets10_trials50.csv,2,1,6,0.1817667966658495,0.1817667966658495,00,00,1,0,True,completed
8,known_visit,PI,ideal,1.0,14,196,1,10,pi_g14_d220_ideal,reruns\grid_density\scenarios\cv\known_visit_grid14_targets10_trials50.csv,3,5,7,9.162337192222381,9.162337192222381,00,00,1,0,True,completed
8,known_visit,PI,ideal,1.0,14,196,1,10,pi_g14_d220_ideal,reruns\grid_density\scenarios\cv\known_visit_grid14_targets10_trials50.csv,4,13,5,57.01880804972013,57.01880804972013,00,00,1,0,True,completed
8,known_visit,PI,ideal,1.0,14,196,1,10,pi_g14_d220_ideal,reruns\grid_density\scenarios\cv\known_visit_grid14_targets10_trials50.csv,5,4,2,19.927536384486533,19.927536384486533,00,00,1,0,True,completed
8,known_visit,PI,ideal,1.0,14,196,1,10,pi_g14_d220_ideal,reruns\grid_density\scenarios\cv\known_visit_grid14_targets10_trials50.csv,6,11,0,36.334290524350614,36.334290524350614,00,00,1,0,True,completed
8,known_visit,PI,ideal,1.0,14,196,1,10,pi_g14_d220_ideal,reruns\grid_density\scenarios\cv\known_visit_grid14_targets10_trials50.csv,7,1,7,2.18169488110113,2.18169488110113,00,00,1,0,True,completed
8,known_visit,PI,ideal,1.0,14,196,1,10,pi_g14_d220_ideal,reruns\grid_density\scenarios\cv\known_visit_grid14_targets10_trials50.csv,8,8,13,80.02607965805592,80.02607965805592,00,00,1,0,True,completed
8,known_visit,PI,ideal,1.0,14,196,1,10,pi_g14_d220_ideal,reruns\grid_density\scenarios\cv\known_visit_grid14_targets10_trials50.csv,9,7,1,27.36826441608929,27.36826441608929,00,00,1,0,True,completed
8,known_visit,PI,ideal,1.0,14,196,1,10,pi_g14_d220_ideal,reruns\grid_density\scenarios\cv\known_visit_grid14_targets10_trials50.csv,10,12,13,73.3424787625807,73.3424787625807,00,00,1,0,True,completed
9,known_visit,PI,ideal,1.0,14,196,1,10,pi_g14_d220_ideal,reruns\grid_density\scenarios\cv\known_visit_grid14_targets10_trials50.csv,1,10,8,23.207507218427505,23.207507218427505,00,00,1,0,True,completed
9,known_visit,PI,ideal,1.0,14,196,1,10,pi_g14_d220_ideal,reruns\grid_density\scenarios\cv\known_visit_grid14_targets10_trials50.csv,2,8,13,78.49437404235935,78.49437404235935,00,00,1,0,True,completed
9,known_visit,PI,ideal,1.0,14,196,1,10,pi_g14_d220_ideal,reruns\grid_density\scenarios\cv\known_visit_grid14_targets10_trials50.csv,3,2,13,89.07851188227849,89.07851188227849,00,00,1,0,True,completed
9,known_visit,PI,ideal,1.0,14,196,1,10,pi_g14_d220_ideal,reruns\grid_density\scenarios\cv\known_visit_grid14_targets10_trials50.csv,4,10,6,26.672438022055253,26.672438022055253,00,00,1,0,True,completed
9,known_visit,PI,ideal,1.0,14,196,1,10,pi_g14_d220_ideal,reruns\grid_density\scenarios\cv\known_visit_grid14_targets10_trials50.csv,5,13,4,39.720649371694776,39.720649371694776,00,00,1,0,True,completed
9,known_visit,PI,ideal,1.0,14,196,1,10,pi_g14_d220_ideal,reruns\grid_density\scenarios\cv\known_visit_grid14_targets10_trials50.csv,6,13,7,34.01249031689476,34.01249031689476,00,00,1,0,True,completed
9,known_visit,PI,ideal,1.0,14,196,1,10,pi_g14_d220_ideal,reruns\grid_density\scenarios\cv\known_visit_grid14_targets10_trials50.csv,7,6,7,10.711383460756789,10.711383460756789,00,00,1,0,True,completed
9,known_visit,PI,ideal,1.0,14,196,1,10,pi_g14_d220_ideal,reruns\grid_density\scenarios\cv\known_visit_grid14_targets10_trials50.csv,8,9,2,50.34387298993887,50.34387298993887,00,00,1,0,True,completed
9,known_visit,PI,ideal,1.0,14,196,1,10,pi_g14_d220_ideal,reruns\grid_density\scenarios\cv\known_visit_grid14_targets10_trials50.csv,9,6,2,55.39242102938729,55.39242102938729,00,00,1,0,True,completed
9,known_visit,PI,ideal,1.0,14,196,1,10,pi_g14_d220_ideal,reruns\grid_density\scenarios\cv\known_visit_grid14_targets10_trials50.csv,10,7,9,16.1038660114049,16.1038660114049,00,00,1,0,True,completed
10,known_visit,PI,ideal,1.0,14,196,1,10,pi_g14_d220_ideal,reruns\grid_density\scenarios\cv\known_visit_grid14_targets10_trials50.csv,1,2,4,5.639322244288782,5.639322244288782,00,00,1,0,True,completed
10,known_visit,PI,ideal,1.0,14,196,1,10,pi_g14_d220_ideal,reruns\grid_density\scenarios\cv\known_visit_grid14_targets10_trials50.csv,2,12,12,62.65289213467665,62.65289213467665,00,00,1,0,True,completed
10,known_visit,PI,ideal,1.0,14,196,1,10,pi_g14_d220_ideal,reruns\grid_density\scenarios\cv\known_visit_grid14_targets10_trials50.csv,3,11,9,55.310208063842346,55.310208063842346,00,00,1,0,True,completed
10,known_visit,PI,ideal,1.0,14,196,1,10,pi_g14_d220_ideal,reruns\grid_density\scenarios\cv\known_visit_grid14_targets10_trials50.csv,4,7,13,73.13890820541637,73.13890820541637,00,00,1,0,True,completed
10,known_visit,PI,ideal,1.0,14,196,1,10,pi_g14_d220_ideal,reruns\grid_density\scenarios\cv\known_visit_grid14_targets10_trials50.csv,5,9,8,49.74170986609014,49.74170986609014,00,00,1,0,True,completed
10,known_visit,PI,ideal,1.0,14,196,1,10,pi_g14_d220_ideal,reruns\grid_density\scenarios\cv\known_visit_grid14_targets10_trials50.csv,6,4,10,30.784399904400004,30.784399904400004,00,00,1,0,True,completed
10,known_visit,PI,ideal,1.0,14,196,1,10,pi_g14_d220_ideal,reruns\grid_density\scenarios\cv\known_visit_grid14_targets10_trials50.csv,7,2,8,37.75219860474369,37.75219860474369,00,00,1,0,True,completed
10,known_visit,PI,ideal,1.0,14,196,1,10,pi_g14_d220_ideal,reruns\grid_density\scenarios\cv\known_visit_grid14_targets10_trials50.csv,8,3,2,11.307033707591469,11.307033707591469,00,00,1,0,True,completed
10,known_visit,PI,ideal,1.0,14,196,1,10,pi_g14_d220_ideal,reruns\grid_density\scenarios\cv\known_visit_grid14_targets10_trials50.csv,9,12,9,57.26362595991608,57.26362595991608,00,00,1,0,True,completed
10,known_visit,PI,ideal,1.0,14,196,1,10,pi_g14_d220_ideal,reruns\grid_density\scenarios\cv\known_visit_grid14_targets10_trials50.csv,10,5,6,21.80154247305304,21.80154247305304,00,00,1,0,True,completed
11,known_visit,PI,ideal,1.0,14,196,1,10,pi_g14_d220_ideal,reruns\grid_density\scenarios\cv\known_visit_grid14_targets10_trials50.csv,1,5,6,14.81128719491337,14.81128719491337,00,00,1,0,True,completed
11,known_visit,PI,ideal,1.0,14,196,1,10,pi_g14_d220_ideal,reruns\grid_density\scenarios\cv\known_visit_grid14_targets10_trials50.csv,2,11,1,34.5161592926661,34.5161592926661,00,00,1,0,True,completed
11,known_visit,PI,ideal,1.0,14,196,1,10,pi_g14_d220_ideal,reruns\grid_density\scenarios\cv\known_visit_grid14_targets10_trials50.csv,3,7,4,22.180817738135048,22.180817738135048,00,00,1,0,True,completed
11,known_visit,PI,ideal,1.0,14,196,1,10,pi_g14_d220_ideal,reruns\grid_density\scenarios\cv\known_visit_grid14_targets10_trials50.csv,4,7,5,20.42408690071628,20.42408690071628,00,00,1,0,True,completed
11,known_visit,PI,ideal,1.0,14,196,1,10,pi_g14_d220_ideal,reruns\grid_density\scenarios\cv\known_visit_grid14_targets10_trials50.csv,5,2,4,5.3997698959696026,5.3997698959696026,00,00,1,0,True,completed
11,known_visit,PI,ideal,1.0,14,196,1,10,pi_g14_d220_ideal,reruns\grid_density\scenarios\cv\known_visit_grid14_targets10_trials50.csv,6,13,2,39.81250664618267,39.81250664618267,00,00,1,0,True,completed
11,known_visit,PI,ideal,1.0,14,196,1,10,pi_g14_d220_ideal,reruns\grid_density\scenarios\cv\known_visit_grid14_targets10_trials50.csv,7,12,13,68.00349915297015,68.00349915297015,00,00,1,0,True,completed
11,known_visit,PI,ideal,1.0,14,196,1,10,pi_g14_d220_ideal,reruns\grid_density\scenarios\cv\known_visit_grid14_targets10_trials50.csv,8,5,11,84.03108354582284,84.03108354582284,00,00,1,0,True,completed
11,known_visit,PI,ideal,1.0,14,196,1,10,pi_g14_d220_ideal,reruns\grid_density\scenarios\cv\known_visit_grid14_targets10_trials50.csv,9,10,10,58.94179071000789,58.94179071000789,00,00,1,0,True,completed
11,known_visit,PI,ideal,1.0,14,196,1,10,pi_g14_d220_ideal,reruns\grid_density\scenarios\cv\known_visit_grid14_targets10_trials50.csv,10,4,5,11.15206593591452,11.15206593591452,00,00,1,0,True,completed
12,known_visit,PI,ideal,1.0,14,196,1,10,pi_g14_d220_ideal,reruns\grid_density\scenarios\cv\known_visit_grid14_targets10_trials50.csv,1,11,0,47.813358902108064,47.813358902108064,00,00,1,0,True,completed
12,known_visit,PI,ideal,1.0,14,196,1,10,pi_g14_d220_ideal,reruns\grid_density\scenarios\cv\known_visit_grid14_targets10_trials50.csv,2,6,2,60.25135790627717,60.25135790627717,00,00,1,0,True,completed
12,known_visit,PI,ideal,1.0,14,196,1,10,pi_g14_d220_ideal,reruns\grid_density\scenarios\cv\known_visit_grid14_targets10_trials50.csv,3,6,7,15.385099207576637,15.385099207576637,00,00,1,0,True,completed
12,known_visit,PI,ideal,1.0,14,196,1,10,pi_g14_d220_ideal,reruns\grid_density\scenarios\cv\known_visit_grid14_targets10_trials50.csv,4,9,9,24.050221322158936,24.050221322158936,00,00,1,0,True,completed
12,known_visit,PI,ideal,1.0,14,196,1,10,pi_g14_d220_ideal,reruns\grid_density\scenarios\cv\known_visit_grid14_targets10_trials50.csv,5,10,7,29.531336805871433,29.531336805871433,00,00,1,0,True,completed
12,known_visit,PI,ideal,1.0,14,196,1,10,pi_g14_d220_ideal,reruns\grid_density\scenarios\cv\known_visit_grid14_targets10_trials50.csv,6,1,7,2.1284498141350903,2.1284498141350903,00,00,1,0,True,completed
12,known_visit,PI,ideal,1.0,14,196,1,10,pi_g14_d220_ideal,reruns\grid_density\scenarios\cv\known_visit_grid14_targets10_trials50.csv,7,12,4,38.33072147360174,38.33072147360174,00,00,1,0,True,completed
12,known_visit,PI,ideal,1.0,14,196,1,10,pi_g14_d220_ideal,reruns\grid_density\scenarios\cv\known_visit_grid14_targets10_trials50.csv,8,6,9,18.634555862825096,18.634555862825096,00,00,1,0,True,completed
12,known_visit,PI,ideal,1.0,14,196,1,10,pi_g14_d220_ideal,reruns\grid_density\scenarios\cv\known_visit_grid14_targets10_trials50.csv,9,1,12,86.62715461809171,86.62715461809171,00,00,1,0,True,completed
12,known_visit,PI,ideal,1.0,14,196,1,10,pi_g14_d220_ideal,reruns\grid_density\scenarios\cv\known_visit_grid14_targets10_trials50.csv,10,4,6,9.78529550276565,9.78529550276565,00,00,1,0,True,completed
13,known_visit,PI,ideal,1.0,14,196,1,10,pi_g14_d220_ideal,reruns\grid_density\scenarios\cv\known_visit_grid14_targets10_trials50.csv,1,5,13,87.66364344778935,87.66364344778935,00,00,1,0,True,completed
13,known_visit,PI,ideal,1.0,14,196,1,10,pi_g14_d220_ideal,reruns\grid_density\scenarios\cv\known_visit_grid14_targets10_trials50.csv,2,11,13,66.41532857531172,66.41532857531172,00,00,1,0,True,completed
13,known_visit,PI,ideal,1.0,14,196,1,10,pi_g14_d220_ideal,reruns\grid_density\scenarios\cv\known_visit_grid14_targets10_trials50.csv,3,13,13,69.8249910762407,69.8249910762407,00,00,1,0,True,completed
13,known_visit,PI,ideal,1.0,14,196,1,10,pi_g14_d220_ideal,reruns\grid_density\scenarios\cv\known_visit_grid14_targets10_trials50.csv,4,8,10,55.62905202697682,55.62905202697682,00,00,1,0,True,completed
13,known_visit,PI,ideal,1.0,14,196,1,10,pi_g14_d220_ideal,reruns\grid_density\scenarios\cv\known_visit_grid14_targets10_trials50.csv,5,2,7,7.632731605746006,7.632731605746006,00,00,1,0,True,completed
13,known_visit,PI,ideal,1.0,14,196,1,10,pi_g14_d220_ideal,reruns\grid_density\scenarios\cv\known_visit_grid14_targets10_trials50.csv,6,6,3,25.652830812195507,25.652830812195507,00,00,1,0,True,completed
13,known_visit,PI,ideal,1.0,14,196,1,10,pi_g14_d220_ideal,reruns\grid_density\scenarios\cv\known_visit_grid14_targets10_trials50.csv,7,12,3,36.046132533522716,36.046132533522716,00,00,1,0,True,completed
13,known_visit,PI,ideal,1.0,14,196,1,10,pi_g14_d220_ideal,reruns\grid_density\scenarios\cv\known_visit_grid14_targets10_trials50.csv,8,5,3,23.62669155329599,23.62669155329599,00,00,1,0,True,completed
13,known_visit,PI,ideal,1.0,14,196,1,10,pi_g14_d220_ideal,reruns\grid_density\scenarios\cv\known_visit_grid14_targets10_trials50.csv,9,8,11,57.55067978627867,57.55067978627867,00,00,1,0,True,completed
13,known_visit,PI,ideal,1.0,14,196,1,10,pi_g14_d220_ideal,reruns\grid_density\scenarios\cv\known_visit_grid14_targets10_trials50.csv,10,3,6,3.6160516417553104,3.6160516417553104,00,00,1,0,True,completed
14,known_visit,PI,ideal,1.0,14,196,1,10,pi_g14_d220_ideal,reruns\grid_density\scenarios\cv\known_visit_grid14_targets10_trials50.csv,1,9,0,92.47779108760983,92.47779108760983,00,00,1,0,True,completed
14,known_visit,PI,ideal,1.0,14,196,1,10,pi_g14_d220_ideal,reruns\grid_density\scenarios\cv\known_visit_grid14_targets10_trials50.csv,2,8,8,31.048900855644284,31.048900855644284,00,00,1,0,True,completed
14,known_visit,PI,ideal,1.0,14,196,1,10,pi_g14_d220_ideal,reruns\grid_density\scenarios\cv\known_visit_grid14_targets10_trials50.csv,3,0,11,57.93770508724505,57.93770508724505,00,00,1,0,True,completed
14,known_visit,PI,ideal,1.0,14,196,1,10,pi_g14_d220_ideal,reruns\grid_density\scenarios\cv\known_visit_grid14_targets10_trials50.csv,4,1,3,5.92003337586786,5.92003337586786,00,00,1,0,True,completed
14,known_visit,PI,ideal,1.0,14,196,1,10,pi_g14_d220_ideal,reruns\grid_density\scenarios\cv\known_visit_grid14_targets10_trials50.csv,5,2,2,9.605260917758981,9.605260917758981,00,00,1,0,True,completed
14,known_visit,PI,ideal,1.0,14,196,1,10,pi_g14_d220_ideal,reruns\grid_density\scenarios\cv\known_visit_grid14_targets10_trials50.csv,6,7,10,36.74197961873985,36.74197961873985,00,00,1,0,True,completed
14,known_visit,PI,ideal,1.0,14,196,1,10,pi_g14_d220_ideal,reruns\grid_density\scenarios\cv\known_visit_grid14_targets10_trials50.csv,7,7,13,42.06299039117008,42.06299039117008,00,00,1,0,True,completed
14,known_visit,PI,ideal,1.0,14,196,1,10,pi_g14_d220_ideal,reruns\grid_density\scenarios\cv\known_visit_grid14_targets10_trials50.csv,8,3,4,15.24004109721639,15.24004109721639,00,00,1,0,True,completed
14,known_visit,PI,ideal,1.0,14,196,1,10,pi_g14_d220_ideal,reruns\grid_density\scenarios\cv\known_visit_grid14_targets10_trials50.csv,9,0,5,0.5286243710779482,0.5286243710779482,00,00,1,0,True,completed
14,known_visit,PI,ideal,1.0,14,196,1,10,pi_g14_d220_ideal,reruns\grid_density\scenarios\cv\known_visit_grid14_targets10_trials50.csv,10,9,1,90.83255512391212,90.83255512391212,00,00,1,0,True,completed
15,known_visit,PI,ideal,1.0,14,196,1,10,pi_g14_d220_ideal,reruns\grid_density\scenarios\cv\known_visit_grid14_targets10_trials50.csv,1,5,0,60.976713184049956,60.976713184049956,00,00,1,0,True,completed
15,known_visit,PI,ideal,1.0,14,196,1,10,pi_g14_d220_ideal,reruns\grid_density\scenarios\cv\known_visit_grid14_targets10_trials50.csv,2,2,10,8.983391537994999,8.983391537994999,00,00,1,0,True,completed
15,known_visit,PI,ideal,1.0,14,196,1,10,pi_g14_d220_ideal,reruns\grid_density\scenarios\cv\known_visit_grid14_targets10_trials50.csv,3,7,8,21.33384469028712,21.33384469028712,00,00,1,0,True,completed
15,known_visit,PI,ideal,1.0,14,196,1,10,pi_g14_d220_ideal,reruns\grid_density\scenarios\cv\known_visit_grid14_targets10_trials50.csv,4,9,1,41.49512339714325,41.49512339714325,00,00,1,0,True,completed
15,known_visit,PI,ideal,1.0,14,196,1,10,pi_g14_d220_ideal,reruns\grid_density\scenarios\cv\known_visit_grid14_targets10_trials50.csv,5,12,1,46.74564610418772,46.74564610418772,00,00,1,0,True,completed
15,known_visit,PI,ideal,1.0,14,196,1,10,pi_g14_d220_ideal,reruns\grid_density\scenarios\cv\known_visit_grid14_targets10_trials50.csv,6,12,0,48.654007071749426,48.654007071749426,00,00,1,0,True,completed
15,known_visit,PI,ideal,1.0,14,196,1,10,pi_g14_d220_ideal,reruns\grid_density\scenarios\cv\known_visit_grid14_targets10_trials50.csv,7,9,6,32.57550248215146,32.57550248215146,00,00,1,0,True,completed
15,known_visit,PI,ideal,1.0,14,196,1,10,pi_g14_d220_ideal,reruns\grid_density\scenarios\cv\known_visit_grid14_targets10_trials50.csv,8,4,2,66.26346464539297,66.26346464539297,00,00,1,0,True,completed
15,known_visit,PI,ideal,1.0,14,196,1,10,pi_g14_d220_ideal,reruns\grid_density\scenarios\cv\known_visit_grid14_targets10_trials50.csv,9,11,10,92.2455471287176,92.2455471287176,00,00,1,0,True,completed
15,known_visit,PI,ideal,1.0,14,196,1,10,pi_g14_d220_ideal,reruns\grid_density\scenarios\cv\known_visit_grid14_targets10_trials50.csv,10,10,7,28.5158384800386,28.5158384800386,00,00,1,0,True,completed
16,known_visit,PI,ideal,1.0,14,196,1,10,pi_g14_d220_ideal,reruns\grid_density\scenarios\cv\known_visit_grid14_targets10_trials50.csv,1,7,12,25.114944338531743,25.114944338531743,00,00,1,0,True,completed
16,known_visit,PI,ideal,1.0,14,196,1,10,pi_g14_d220_ideal,reruns\grid_density\scenarios\cv\known_visit_grid14_targets10_trials50.csv,2,0,12,9.090724864976881,9.090724864976881,00,00,1,0,True,completed
16,known_visit,PI,ideal,1.0,14,196,1,10,pi_g14_d220_ideal,reruns\grid_density\scenarios\cv\known_visit_grid14_targets10_trials50.csv,3,9,0,78.31161468603513,78.31161468603513,00,00,1,0,True,completed
16,known_visit,PI,ideal,1.0,14,196,1,10,pi_g14_d220_ideal,reruns\grid_density\scenarios\cv\known_visit_grid14_targets10_trials50.csv,4,9,1,76.52532792277829,76.52532792277829,00,00,1,0,True,completed
16,known_visit,PI,ideal,1.0,14,196,1,10,pi_g14_d220_ideal,reruns\grid_density\scenarios\cv\known_visit_grid14_targets10_trials50.csv,5,11,10,56.85813590251421,56.85813590251421,00,00,1,0,True,completed
16,known_visit,PI,ideal,1.0,14,196,1,10,pi_g14_d220_ideal,reruns\grid_density\scenarios\cv\known_visit_grid14_targets10_trials50.csv,6,12,3,89.08702214920453,89.08702214920453,00,00,1,0,True,completed
16,known_visit,PI,ideal,1.0,14,196,1,10,pi_g14_d220_ideal,reruns\grid_density\scenarios\cv\known_visit_grid14_targets10_trials50.csv,7,4,9,43.0168699068849,43.0168699068849,00,00,1,0,True,completed
16,known_visit,PI,ideal,1.0,14,196,1,10,pi_g14_d220_ideal,reruns\grid_density\scenarios\cv\known_visit_grid14_targets10_trials50.csv,8,9,4,71.15261280319666,71.15261280319666,00,00,1,0,True,completed
16,known_visit,PI,ideal,1.0,14,196,1,10,pi_g14_d220_ideal,reruns\grid_density\scenarios\cv\known_visit_grid14_targets10_trials50.csv,9,5,13,19.68041932988933,19.68041932988933,00,00,1,0,True,completed
16,known_visit,PI,ideal,1.0,14,196,1,10,pi_g14_d220_ideal,reruns\grid_density\scenarios\cv\known_visit_grid14_targets10_trials50.csv,10,7,7,33.66120927885899,33.66120927885899,00,00,1,0,True,completed
17,known_visit,PI,ideal,1.0,14,196,1,10,pi_g14_d220_ideal,reruns\grid_density\scenarios\cv\known_visit_grid14_targets10_trials50.csv,1,6,9,43.02454720143134,43.02454720143134,00,00,1,0,True,completed
17,known_visit,PI,ideal,1.0,14,196,1,10,pi_g14_d220_ideal,reruns\grid_density\scenarios\cv\known_visit_grid14_targets10_trials50.csv,2,0,5,0.5377104140346939,0.5377104140346939,00,00,1,0,True,completed
17,known_visit,PI,ideal,1.0,14,196,1,10,pi_g14_d220_ideal,reruns\grid_density\scenarios\cv\known_visit_grid14_targets10_trials50.csv,3,4,4,9.219109959399633,9.219109959399633,00,00,1,0,True,completed
17,known_visit,PI,ideal,1.0,14,196,1,10,pi_g14_d220_ideal,reruns\grid_density\scenarios\cv\known_visit_grid14_targets10_trials50.csv,4,9,9,48.148776077857356,48.148776077857356,00,00,1,0,True,completed
17,known_visit,PI,ideal,1.0,14,196,1,10,pi_g14_d220_ideal,reruns\grid_density\scenarios\cv\known_visit_grid14_targets10_trials50.csv,5,12,11,57.34176723469428,57.34176723469428,00,00,1,0,True,completed
17,known_visit,PI,ideal,1.0,14,196,1,10,pi_g14_d220_ideal,reruns\grid_density\scenarios\cv\known_visit_grid14_targets10_trials50.csv,6,4,0,16.57416509523817,16.57416509523817,00,00,1,0,True,completed
17,known_visit,PI,ideal,1.0,14,196,1,10,pi_g14_d220_ideal,reruns\grid_density\scenarios\cv\known_visit_grid14_targets10_trials50.csv,7,2,1,22.24848766426559,22.24848766426559,00,00,1,0,True,completed
17,known_visit,PI,ideal,1.0,14,196,1,10,pi_g14_d220_ideal,reruns\grid_density\scenarios\cv\known_visit_grid14_targets10_trials50.csv,8,10,11,53.6041447336146,53.6041447336146,00,00,1,0,True,completed
17,known_visit,PI,ideal,1.0,14,196,1,10,pi_g14_d220_ideal,reruns\grid_density\scenarios\cv\known_visit_grid14_targets10_trials50.csv,9,12,8,62.79646552364922,62.79646552364922,00,00,1,0,True,completed
17,known_visit,PI,ideal,1.0,14,196,1,10,pi_g14_d220_ideal,reruns\grid_density\scenarios\cv\known_visit_grid14_targets10_trials50.csv,10,13,8,64.76852710106463,64.76852710106463,00,00,1,0,True,completed
18,known_visit,PI,ideal,1.0,14,196,1,10,pi_g14_d220_ideal,reruns\grid_density\scenarios\cv\known_visit_grid14_targets10_trials50.csv,1,2,4,5.622530551274063,5.622530551274063,00,00,1,0,True,completed
18,known_visit,PI,ideal,1.0,14,196,1,10,pi_g14_d220_ideal,reruns\grid_density\scenarios\cv\known_visit_grid14_targets10_trials50.csv,2,6,13,47.14635666455917,47.14635666455917,00,00,1,0,True,completed
18,known_visit,PI,ideal,1.0,14,196,1,10,pi_g14_d220_ideal,reruns\grid_density\scenarios\cv\known_visit_grid14_targets10_trials50.csv,3,10,11,57.68888311103219,57.68888311103219,00,00,1,0,True,completed
18,known_visit,PI,ideal,1.0,14,196,1,10,pi_g14_d220_ideal,reruns\grid_density\scenarios\cv\known_visit_grid14_targets10_trials50.csv,4,2,3,7.386297559715387,7.386297559715387,00,00,1,0,True,completed
18,known_visit,PI,ideal,1.0,14,196,1,10,pi_g14_d220_ideal,reruns\grid_density\scenarios\cv\known_visit_grid14_targets10_trials50.csv,5,3,10,25.667692702886022,25.667692702886022,00,00,1,0,True,completed
18,known_visit,PI,ideal,1.0,14,196,1,10,pi_g14_d220_ideal,reruns\grid_density\scenarios\cv\known_visit_grid14_targets10_trials50.csv,6,0,12,34.543894194863334,34.543894194863334,00,00,1,0,True,completed
18,known_visit,PI,ideal,1.0,14,196,1,10,pi_g14_d220_ideal,reruns\grid_density\scenarios\cv\known_visit_grid14_targets10_trials50.csv,7,10,5,67.87743825972017,67.87743825972017,00,00,1,0,True,completed
18,known_visit,PI,ideal,1.0,14,196,1,10,pi_g14_d220_ideal,reruns\grid_density\scenarios\cv\known_visit_grid14_targets10_trials50.csv,8,2,9,21.657155754638,21.657155754638,00,00,1,0,True,completed
18,known_visit,PI,ideal,1.0,14,196,1,10,pi_g14_d220_ideal,reruns\grid_density\scenarios\cv\known_visit_grid14_targets10_trials50.csv,9,8,0,80.08795077277543,80.08795077277543,00,00,1,0,True,completed
18,known_visit,PI,ideal,1.0,14,196,1,10,pi_g14_d220_ideal,reruns\grid_density\scenarios\cv\known_visit_grid14_targets10_trials50.csv,10,8,13,50.597180572357495,50.597180572357495,00,00,1,0,True,completed
19,known_visit,PI,ideal,1.0,14,196,1,10,pi_g14_d220_ideal,reruns\grid_density\scenarios\cv\known_visit_grid14_targets10_trials50.csv,1,12,11,95.50220888113364,95.50220888113364,00,00,1,0,True,completed
19,known_visit,PI,ideal,1.0,14,196,1,10,pi_g14_d220_ideal,reruns\grid_density\scenarios\cv\known_visit_grid14_targets10_trials50.csv,2,9,2,35.838806652531126,35.838806652531126,00,00,1,0,True,completed
19,known_visit,PI,ideal,1.0,14,196,1,10,pi_g14_d220_ideal,reruns\grid_density\scenarios\cv\known_visit_grid14_targets10_trials50.csv,3,8,8,23.502456516847275,23.502456516847275,00,00,1,0,True,completed
19,known_visit,PI,ideal,1.0,14,196,1,10,pi_g14_d220_ideal,reruns\grid_density\scenarios\cv\known_visit_grid14_targets10_trials50.csv,4,4,9,14.782699098824923,14.782699098824923,00,00,1,0,True,completed
19,known_visit,PI,ideal,1.0,14,196,1,10,pi_g14_d220_ideal,reruns\grid_density\scenarios\cv\known_visit_grid14_targets10_trials50.csv,5,2,8,5.719169975170566,5.719169975170566,00,00,1,0,True,completed
19,known_visit,PI,ideal,1.0,14,196,1,10,pi_g14_d220_ideal,reruns\grid_density\scenarios\cv\known_visit_grid14_targets10_trials50.csv,6,12,10,93.4536036035992,93.4536036035992,00,00,1,0,True,completed
19,known_visit,PI,ideal,1.0,14,196,1,10,pi_g14_d220_ideal,reruns\grid_density\scenarios\cv\known_visit_grid14_targets10_trials50.csv,7,10,10,89.76076404588055,89.76076404588055,00,00,1,0,True,completed
19,known_visit,PI,ideal,1.0,14,196,1,10,pi_g14_d220_ideal,reruns\grid_density\scenarios\cv\known_visit_grid14_targets10_trials50.csv,8,0,2,51.41212265268151,51.41212265268151,00,00,1,0,True,completed
19,known_visit,PI,ideal,1.0,14,196,1,10,pi_g14_d220_ideal,reruns\grid_density\scenarios\cv\known_visit_grid14_targets10_trials50.csv,9,7,12,80.82955749354427,80.82955749354427,00,00,1,0,True,completed
19,known_visit,PI,ideal,1.0,14,196,1,10,pi_g14_d220_ideal,reruns\grid_density\scenarios\cv\known_visit_grid14_targets10_trials50.csv,10,2,10,9.00796291940072,9.00796291940072,00,00,1,0,True,completed
20,known_visit,PI,ideal,1.0,14,196,1,10,pi_g14_d220_ideal,reruns\grid_density\scenarios\cv\known_visit_grid14_targets10_trials50.csv,1,6,13,43.16756097361613,43.16756097361613,00,00,1,0,True,completed
20,known_visit,PI,ideal,1.0,14,196,1,10,pi_g14_d220_ideal,reruns\grid_density\scenarios\cv\known_visit_grid14_targets10_trials50.csv,2,7,2,21.72811119038439,21.72811119038439,00,00,1,0,True,completed
20,known_visit,PI,ideal,1.0,14,196,1,10,pi_g14_d220_ideal,reruns\grid_density\scenarios\cv\known_visit_grid14_targets10_trials50.csv,3,1,5,2.2424255631849213,2.2424255631849213,00,00,1,0,True,completed
20,known_visit,PI,ideal,1.0,14,196,1,10,pi_g14_d220_ideal,reruns\grid_density\scenarios\cv\known_visit_grid14_targets10_trials50.csv,4,10,1,81.44783567193511,81.44783567193511,00,00,1,0,True,completed
20,known_visit,PI,ideal,1.0,14,196,1,10,pi_g14_d220_ideal,reruns\grid_density\scenarios\cv\known_visit_grid14_targets10_trials50.csv,5,13,1,75.91889691979439,75.91889691979439,00,00,1,0,True,completed
20,known_visit,PI,ideal,1.0,14,196,1,10,pi_g14_d220_ideal,reruns\grid_density\scenarios\cv\known_visit_grid14_targets10_trials50.csv,6,0,3,7.6628753535862675,7.6628753535862675,00,00,1,0,True,completed
20,known_visit,PI,ideal,1.0,14,196,1,10,pi_g14_d220_ideal,reruns\grid_density\scenarios\cv\known_visit_grid14_targets10_trials50.csv,7,13,12,57.35314235681528,57.35314235681528,00,00,1,0,True,completed
20,known_visit,PI,ideal,1.0,14,196,1,10,pi_g14_d220_ideal,reruns\grid_density\scenarios\cv\known_visit_grid14_targets10_trials50.csv,8,6,11,39.46579814550195,39.46579814550195,00,00,1,0,True,completed
20,known_visit,PI,ideal,1.0,14,196,1,10,pi_g14_d220_ideal,reruns\grid_density\scenarios\cv\known_visit_grid14_targets10_trials50.csv,9,11,13,52.059958410985594,52.059958410985594,00,00,1,0,True,completed
20,known_visit,PI,ideal,1.0,14,196,1,10,pi_g14_d220_ideal,reruns\grid_density\scenarios\cv\known_visit_grid14_targets10_trials50.csv,10,7,5,27.21268556357273,27.21268556357273,00,00,1,0,True,completed
21,known_visit,PI,ideal,1.0,14,196,1,10,pi_g14_d220_ideal,reruns\grid_density\scenarios\cv\known_visit_grid14_targets10_trials50.csv,1,11,13,59.84750968747461,59.84750968747461,00,00,1,0,True,completed
21,known_visit,PI,ideal,1.0,14,196,1,10,pi_g14_d220_ideal,reruns\grid_density\scenarios\cv\known_visit_grid14_targets10_trials50.csv,2,11,4,44.18013750048397,44.18013750048397,00,00,1,0,True,completed
21,known_visit,PI,ideal,1.0,14,196,1,10,pi_g14_d220_ideal,reruns\grid_density\scenarios\cv\known_visit_grid14_targets10_trials50.csv,3,10,4,42.15455636652632,42.15455636652632,00,00,1,0,True,completed
21,known_visit,PI,ideal,1.0,14,196,1,10,pi_g14_d220_ideal,reruns\grid_density\scenarios\cv\known_visit_grid14_targets10_trials50.csv,4,3,13,73.60518683659178,73.60518683659178,00,00,1,0,True,completed
21,known_visit,PI,ideal,1.0,14,196,1,10,pi_g14_d220_ideal,reruns\grid_density\scenarios\cv\known_visit_grid14_targets10_trials50.csv,5,3,4,25.785024833497324,25.785024833497324,00,00,1,0,True,completed
21,known_visit,PI,ideal,1.0,14,196,1,10,pi_g14_d220_ideal,reruns\grid_density\scenarios\cv\known_visit_grid14_targets10_trials50.csv,6,1,8,4.088109556593525,4.088109556593525,00,00,1,0,True,completed
21,known_visit,PI,ideal,1.0,14,196,1,10,pi_g14_d220_ideal,reruns\grid_density\scenarios\cv\known_visit_grid14_targets10_trials50.csv,7,6,6,16.887891378871554,16.887891378871554,00,00,1,0,True,completed
21,known_visit,PI,ideal,1.0,14,196,1,10,pi_g14_d220_ideal,reruns\grid_density\scenarios\cv\known_visit_grid14_targets10_trials50.csv,8,4,13,71.8471191457633,71.8471191457633,00,00,1,0,True,completed
21,known_visit,PI,ideal,1.0,14,196,1,10,pi_g14_d220_ideal,reruns\grid_density\scenarios\cv\known_visit_grid14_targets10_trials50.csv,9,4,6,13.233581470368492,13.233581470368492,00,00,1,0,True,completed
21,known_visit,PI,ideal,1.0,14,196,1,10,pi_g14_d220_ideal,reruns\grid_density\scenarios\cv\known_visit_grid14_targets10_trials50.csv,10,4,7,11.517921443928602,11.517921443928602,00,00,1,0,True,completed
22,known_visit,PI,ideal,1.0,14,196,1,10,pi_g14_d220_ideal,reruns\grid_density\scenarios\cv\known_visit_grid14_targets10_trials50.csv,1,9,3,19.130851707952587,19.130851707952587,00,00,1,0,True,completed
22,known_visit,PI,ideal,1.0,14,196,1,10,pi_g14_d220_ideal,reruns\grid_density\scenarios\cv\known_visit_grid14_targets10_trials50.csv,2,6,13,55.90847015475706,55.90847015475706,00,00,1,0,True,completed
22,known_visit,PI,ideal,1.0,14,196,1,10,pi_g14_d220_ideal,reruns\grid_density\scenarios\cv\known_visit_grid14_targets10_trials50.csv,3,6,9,49.04020850066105,49.04020850066105,00,00,1,0,True,completed
22,known_visit,PI,ideal,1.0,14,196,1,10,pi_g14_d220_ideal,reruns\grid_density\scenarios\cv\known_visit_grid14_targets10_trials50.csv,4,7,1,33.31990128594211,33.31990128594211,00,00,1,0,True,completed
22,known_visit,PI,ideal,1.0,14,196,1,10,pi_g14_d220_ideal,reruns\grid_density\scenarios\cv\known_visit_grid14_targets10_trials50.csv,5,9,10,66.75601654903515,66.75601654903515,00,00,1,0,True,completed
22,known_visit,PI,ideal,1.0,14,196,1,10,pi_g14_d220_ideal,reruns\grid_density\scenarios\cv\known_visit_grid14_targets10_trials50.csv,6,7,13,57.877677211149276,57.877677211149276,00,00,1,0,True,completed
22,known_visit,PI,ideal,1.0,14,196,1,10,pi_g14_d220_ideal,reruns\grid_density\scenarios\cv\known_visit_grid14_targets10_trials50.csv,7,11,3,22.36804129191555,22.36804129191555,00,00,1,0,True,completed
22,known_visit,PI,ideal,1.0,14,196,1,10,pi_g14_d220_ideal,reruns\grid_density\scenarios\cv\known_visit_grid14_targets10_trials50.csv,8,13,12,77.6336201206266,77.6336201206266,00,00,1,0,True,completed
22,known_visit,PI,ideal,1.0,14,196,1,10,pi_g14_d220_ideal,reruns\grid_density\scenarios\cv\known_visit_grid14_targets10_trials50.csv,9,8,3,17.450599999616937,17.450599999616937,00,00,1,0,True,completed
22,known_visit,PI,ideal,1.0,14,196,1,10,pi_g14_d220_ideal,reruns\grid_density\scenarios\cv\known_visit_grid14_targets10_trials50.csv,10,1,3,5.61937070153025,5.61937070153025,00,00,1,0,True,completed
23,known_visit,PI,ideal,1.0,14,196,1,10,pi_g14_d220_ideal,reruns\grid_density\scenarios\cv\known_visit_grid14_targets10_trials50.csv,1,1,12,21.80896959772803,21.80896959772803,00,00,1,0,True,completed
23,known_visit,PI,ideal,1.0,14,196,1,10,pi_g14_d220_ideal,reruns\grid_density\scenarios\cv\known_visit_grid14_targets10_trials50.csv,2,12,4,63.74297369965953,63.74297369965953,00,00,1,0,True,completed
23,known_visit,PI,ideal,1.0,14,196,1,10,pi_g14_d220_ideal,reruns\grid_density\scenarios\cv\known_visit_grid14_targets10_trials50.csv,3,13,3,67.32237725340649,67.32237725340649,00,00,1,0,True,completed
23,known_visit,PI,ideal,1.0,14,196,1,10,pi_g14_d220_ideal,reruns\grid_density\scenarios\cv\known_visit_grid14_targets10_trials50.csv,4,7,10,39.91995410319981,39.91995410319981,00,00,1,0,True,completed
23,known_visit,PI,ideal,1.0,14,196,1,10,pi_g14_d220_ideal,reruns\grid_density\scenarios\cv\known_visit_grid14_targets10_trials50.csv,5,11,8,50.63322561757249,50.63322561757249,00,00,1,0,True,completed
23,known_visit,PI,ideal,1.0,14,196,1,10,pi_g14_d220_ideal,reruns\grid_density\scenarios\cv\known_visit_grid14_targets10_trials50.csv,6,10,5,57.888426694271345,57.888426694271345,00,00,1,0,True,completed
23,known_visit,PI,ideal,1.0,14,196,1,10,pi_g14_d220_ideal,reruns\grid_density\scenarios\cv\known_visit_grid14_targets10_trials50.csv,7,5,12,32.77375230348875,32.77375230348875,00,00,1,0,True,completed
23,known_visit,PI,ideal,1.0,14,196,1,10,pi_g14_d220_ideal,reruns\grid_density\scenarios\cv\known_visit_grid14_targets10_trials50.csv,8,8,6,81.38016194584533,81.38016194584533,00,00,1,0,True,completed
23,known_visit,PI,ideal,1.0,14,196,1,10,pi_g14_d220_ideal,reruns\grid_density\scenarios\cv\known_visit_grid14_targets10_trials50.csv,9,1,4,3.8209365561441446,3.8209365561441446,00,00,1,0,True,completed
23,known_visit,PI,ideal,1.0,14,196,1,10,pi_g14_d220_ideal,reruns\grid_density\scenarios\cv\known_visit_grid14_targets10_trials50.csv,10,10,9,47.074956527290794,47.074956527290794,00,00,1,0,True,completed
24,known_visit,PI,ideal,1.0,14,196,1,10,pi_g14_d220_ideal,reruns\grid_density\scenarios\cv\known_visit_grid14_targets10_trials50.csv,1,12,9,50.301818041636245,50.301818041636245,00,00,1,0,True,completed
24,known_visit,PI,ideal,1.0,14,196,1,10,pi_g14_d220_ideal,reruns\grid_density\scenarios\cv\known_visit_grid14_targets10_trials50.csv,2,8,2,23.116052957785445,23.116052957785445,00,00,1,0,True,completed
24,known_visit,PI,ideal,1.0,14,196,1,10,pi_g14_d220_ideal,reruns\grid_density\scenarios\cv\known_visit_grid14_targets10_trials50.csv,3,6,8,66.0996029508025,66.0996029508025,00,00,1,0,True,completed
24,known_visit,PI,ideal,1.0,14,196,1,10,pi_g14_d220_ideal,reruns\grid_density\scenarios\cv\known_visit_grid14_targets10_trials50.csv,4,2,3,7.257942277875014,7.257942277875014,00,00,1,0,True,completed
24,known_visit,PI,ideal,1.0,14,196,1,10,pi_g14_d220_ideal,reruns\grid_density\scenarios\cv\known_visit_grid14_targets10_trials50.csv,5,5,13,76.72407173603217,76.72407173603217,00,00,1,0,True,completed
24,known_visit,PI,ideal,1.0,14,196,1,10,pi_g14_d220_ideal,reruns\grid_density\scenarios\cv\known_visit_grid14_targets10_trials50.csv,6,4,1,14.369788173672204,14.369788173672204,00,00,1,0,True,completed
24,known_visit,PI,ideal,1.0,14,196,1,10,pi_g14_d220_ideal,reruns\grid_density\scenarios\cv\known_visit_grid14_targets10_trials50.csv,7,9,13,83.6148345500932,83.6148345500932,00,00,1,0,True,completed
24,known_visit,PI,ideal,1.0,14,196,1,10,pi_g14_d220_ideal,reruns\grid_density\scenarios\cv\known_visit_grid14_targets10_trials50.csv,8,2,12,97.76203499881174,97.76203499881174,00,00,1,0,True,completed
24,known_visit,PI,ideal,1.0,14,196,1,10,pi_g14_d220_ideal,reruns\grid_density\scenarios\cv\known_visit_grid14_targets10_trials50.csv,9,7,10,60.85652208285335,60.85652208285335,00,00,1,0,True,completed
24,known_visit,PI,ideal,1.0,14,196,1,10,pi_g14_d220_ideal,reruns\grid_density\scenarios\cv\known_visit_grid14_targets10_trials50.csv,10,13,1,34.29457340859229,34.29457340859229,00,00,1,0,True,completed
25,known_visit,PI,ideal,1.0,14,196,1,10,pi_g14_d220_ideal,reruns\grid_density\scenarios\cv\known_visit_grid14_targets10_trials50.csv,1,10,0,31.096704093190834,31.096704093190834,00,00,1,0,True,completed
25,known_visit,PI,ideal,1.0,14,196,1,10,pi_g14_d220_ideal,reruns\grid_density\scenarios\cv\known_visit_grid14_targets10_trials50.csv,2,10,12,55.704146339884,55.704146339884,00,00,1,0,True,completed
25,known_visit,PI,ideal,1.0,14,196,1,10,pi_g14_d220_ideal,reruns\grid_density\scenarios\cv\known_visit_grid14_targets10_trials50.csv,3,7,13,62.95233493936032,62.95233493936032,00,00,1,0,True,completed
25,known_visit,PI,ideal,1.0,14,196,1,10,pi_g14_d220_ideal,reruns\grid_density\scenarios\cv\known_visit_grid14_targets10_trials50.csv,4,6,5,10.936679268402736,10.936679268402736,00,00,1,0,True,completed
25,known_visit,PI,ideal,1.0,14,196,1,10,pi_g14_d220_ideal,reruns\grid_density\scenarios\cv\known_visit_grid14_targets10_trials50.csv,5,11,7,45.02743471083931,45.02743471083931,00,00,1,0,True,completed
25,known_visit,PI,ideal,1.0,14,196,1,10,pi_g14_d220_ideal,reruns\grid_density\scenarios\cv\known_visit_grid14_targets10_trials50.csv,6,2,13,90.06129178111975,90.06129178111975,00,00,1,0,True,completed
25,known_visit,PI,ideal,1.0,14,196,1,10,pi_g14_d220_ideal,reruns\grid_density\scenarios\cv\known_visit_grid14_targets10_trials50.csv,7,5,0,21.92074932512483,21.92074932512483,00,00,1,0,True,completed
25,known_visit,PI,ideal,1.0,14,196,1,10,pi_g14_d220_ideal,reruns\grid_density\scenarios\cv\known_visit_grid14_targets10_trials50.csv,8,7,10,72.22163967988098,72.22163967988098,00,00,1,0,True,completed
25,known_visit,PI,ideal,1.0,14,196,1,10,pi_g14_d220_ideal,reruns\grid_density\scenarios\cv\known_visit_grid14_targets10_trials50.csv,9,4,5,7.259200690960772,7.259200690960772,00,00,1,0,True,completed
25,known_visit,PI,ideal,1.0,14,196,1,10,pi_g14_d220_ideal,reruns\grid_density\scenarios\cv\known_visit_grid14_targets10_trials50.csv,10,11,10,50.17388030263992,50.17388030263992,00,00,1,0,True,completed
26,known_visit,PI,ideal,1.0,14,196,1,10,pi_g14_d220_ideal,reruns\grid_density\scenarios\cv\known_visit_grid14_targets10_trials50.csv,1,12,11,54.29935530344621,54.29935530344621,00,00,1,0,True,completed
26,known_visit,PI,ideal,1.0,14,196,1,10,pi_g14_d220_ideal,reruns\grid_density\scenarios\cv\known_visit_grid14_targets10_trials50.csv,2,13,2,37.04875137199069,37.04875137199069,00,00,1,0,True,completed
26,known_visit,PI,ideal,1.0,14,196,1,10,pi_g14_d220_ideal,reruns\grid_density\scenarios\cv\known_visit_grid14_targets10_trials50.csv,3,11,1,31.442351921802963,31.442351921802963,00,00,1,0,True,completed
26,known_visit,PI,ideal,1.0,14,196,1,10,pi_g14_d220_ideal,reruns\grid_density\scenarios\cv\known_visit_grid14_targets10_trials50.csv,4,4,5,7.301603549911175,7.301603549911175,00,00,1,0,True,completed
26,known_visit,PI,ideal,1.0,14,196,1,10,pi_g14_d220_ideal,reruns\grid_density\scenarios\cv\known_visit_grid14_targets10_trials50.csv,5,5,4,11.09305522436388,11.09305522436388,00,00,1,0,True,completed
26,known_visit,PI,ideal,1.0,14,196,1,10,pi_g14_d220_ideal,reruns\grid_density\scenarios\cv\known_visit_grid14_targets10_trials50.csv,6,5,2,14.975337263313838,14.975337263313838,00,00,1,0,True,completed
26,known_visit,PI,ideal,1.0,14,196,1,10,pi_g14_d220_ideal,reruns\grid_density\scenarios\cv\known_visit_grid14_targets10_trials50.csv,7,13,8,47.160310838657644,47.160310838657644,00,00,1,0,True,completed
26,known_visit,PI,ideal,1.0,14,196,1,10,pi_g14_d220_ideal,reruns\grid_density\scenarios\cv\known_visit_grid14_targets10_trials50.csv,8,11,11,56.049795368626114,56.049795368626114,00,00,1,0,True,completed
26,known_visit,PI,ideal,1.0,14,196,1,10,pi_g14_d220_ideal,reruns\grid_density\scenarios\cv\known_visit_grid14_targets10_trials50.csv,9,9,3,24.185288137456308,24.185288137456308,00,00,1,0,True,completed
26,known_visit,PI,ideal,1.0,14,196,1,10,pi_g14_d220_ideal,reruns\grid_density\scenarios\cv\known_visit_grid14_targets10_trials50.csv,10,6,2,17.044845814801178,17.044845814801178,00,00,1,0,True,completed
27,known_visit,PI,ideal,1.0,14,196,1,10,pi_g14_d220_ideal,reruns\grid_density\scenarios\cv\known_visit_grid14_targets10_trials50.csv,1,3,1,87.21102108204262,87.21102108204262,00,00,1,0,True,completed
27,known_visit,PI,ideal,1.0,14,196,1,10,pi_g14_d220_ideal,reruns\grid_density\scenarios\cv\known_visit_grid14_targets10_trials50.csv,2,2,9,7.728451361533934,7.728451361533934,00,00,1,0,True,completed
27,known_visit,PI,ideal,1.0,14,196,1,10,pi_g14_d220_ideal,reruns\grid_density\scenarios\cv\known_visit_grid14_targets10_trials50.csv,3,5,12,64.8606138234098,64.8606138234098,00,00,1,0,True,completed
27,known_visit,PI,ideal,1.0,14,196,1,10,pi_g14_d220_ideal,reruns\grid_density\scenarios\cv\known_visit_grid14_targets10_trials50.csv,4,0,7,0.5516689501247259,0.5516689501247259,00,00,1,0,True,completed
27,known_visit,PI,ideal,1.0,14,196,1,10,pi_g14_d220_ideal,reruns\grid_density\scenarios\cv\known_visit_grid14_targets10_trials50.csv,5,10,6,45.598247894114564,45.598247894114564,00,00,1,0,True,completed
27,known_visit,PI,ideal,1.0,14,196,1,10,pi_g14_d220_ideal,reruns\grid_density\scenarios\cv\known_visit_grid14_targets10_trials50.csv,6,8,2,35.133941412956766,35.133941412956766,00,00,1,0,True,completed
27,known_visit,PI,ideal,1.0,14,196,1,10,pi_g14_d220_ideal,reruns\grid_density\scenarios\cv\known_visit_grid14_targets10_trials50.csv,7,6,4,28.193293289050395,28.193293289050395,00,00,1,0,True,completed
27,known_visit,PI,ideal,1.0,14,196,1,10,pi_g14_d220_ideal,reruns\grid_density\scenarios\cv\known_visit_grid14_targets10_trials50.csv,8,6,6,24.37059877639932,24.37059877639932,00,00,1,0,True,completed
27,known_visit,PI,ideal,1.0,14,196,1,10,pi_g14_d220_ideal,reruns\grid_density\scenarios\cv\known_visit_grid14_targets10_trials50.csv,9,5,7,16.573505754479264,16.573505754479264,00,00,1,0,True,completed
27,known_visit,PI,ideal,1.0,14,196,1,10,pi_g14_d220_ideal,reruns\grid_density\scenarios\cv\known_visit_grid14_targets10_trials50.csv,10,7,7,20.276796382652726,20.276796382652726,00,00,1,0,True,completed
28,known_visit,PI,ideal,1.0,14,196,1,10,pi_g14_d220_ideal,reruns\grid_density\scenarios\cv\known_visit_grid14_targets10_trials50.csv,1,5,13,93.15429702037467,93.15429702037467,00,00,1,0,True,completed
28,known_visit,PI,ideal,1.0,14,196,1,10,pi_g14_d220_ideal,reruns\grid_density\scenarios\cv\known_visit_grid14_targets10_trials50.csv,2,1,1,65.53935102338185,65.53935102338185,00,00,1,0,True,completed
28,known_visit,PI,ideal,1.0,14,196,1,10,pi_g14_d220_ideal,reruns\grid_density\scenarios\cv\known_visit_grid14_targets10_trials50.csv,3,2,13,87.94110026344615,87.94110026344615,00,00,1,0,True,completed
28,known_visit,PI,ideal,1.0,14,196,1,10,pi_g14_d220_ideal,reruns\grid_density\scenarios\cv\known_visit_grid14_targets10_trials50.csv,4,0,3,3.831281103209051,3.831281103209051,00,00,1,0,True,completed
28,known_visit,PI,ideal,1.0,14,196,1,10,pi_g14_d220_ideal,reruns\grid_density\scenarios\cv\known_visit_grid14_targets10_trials50.csv,5,13,0,42.940018233348724,42.940018233348724,00,00,1,0,True,completed
28,known_visit,PI,ideal,1.0,14,196,1,10,pi_g14_d220_ideal,reruns\grid_density\scenarios\cv\known_visit_grid14_targets10_trials50.csv,6,12,8,113.91850544115965,113.91850544115965,00,00,1,0,True,completed
28,known_visit,PI,ideal,1.0,14,196,1,10,pi_g14_d220_ideal,reruns\grid_density\scenarios\cv\known_visit_grid14_targets10_trials50.csv,7,2,4,9.63900979086941,9.63900979086941,00,00,1,0,True,completed
28,known_visit,PI,ideal,1.0,14,196,1,10,pi_g14_d220_ideal,reruns\grid_density\scenarios\cv\known_visit_grid14_targets10_trials50.csv,8,3,6,15.048166976647611,15.048166976647611,00,00,1,0,True,completed
28,known_visit,PI,ideal,1.0,14,196,1,10,pi_g14_d220_ideal,reruns\grid_density\scenarios\cv\known_visit_grid14_targets10_trials50.csv,9,8,13,98.22097267683067,98.22097267683067,00,00,1,0,True,completed
28,known_visit,PI,ideal,1.0,14,196,1,10,pi_g14_d220_ideal,reruns\grid_density\scenarios\cv\known_visit_grid14_targets10_trials50.csv,10,8,5,25.673191720988566,25.673191720988566,00,00,1,0,True,completed
29,known_visit,PI,ideal,1.0,14,196,1,10,pi_g14_d220_ideal,reruns\grid_density\scenarios\cv\known_visit_grid14_targets10_trials50.csv,1,12,8,48.96311114012079,48.96311114012079,00,00,1,0,True,completed
29,known_visit,PI,ideal,1.0,14,196,1,10,pi_g14_d220_ideal,reruns\grid_density\scenarios\cv\known_visit_grid14_targets10_trials50.csv,2,9,11,37.79666079220367,37.79666079220367,00,00,1,0,True,completed
29,known_visit,PI,ideal,1.0,14,196,1,10,pi_g14_d220_ideal,reruns\grid_density\scenarios\cv\known_visit_grid14_targets10_trials50.csv,3,4,4,12.972401192477479,12.972401192477479,00,00,1,0,True,completed
29,known_visit,PI,ideal,1.0,14,196,1,10,pi_g14_d220_ideal,reruns\grid_density\scenarios\cv\known_visit_grid14_targets10_trials50.csv,4,4,6,16.30982920360717,16.30982920360717,00,00,1,0,True,completed
29,known_visit,PI,ideal,1.0,14,196,1,10,pi_g14_d220_ideal,reruns\grid_density\scenarios\cv\known_visit_grid14_targets10_trials50.csv,5,13,0,64.58668361596406,64.58668361596406,00,00,1,0,True,completed
29,known_visit,PI,ideal,1.0,14,196,1,10,pi_g14_d220_ideal,reruns\grid_density\scenarios\cv\known_visit_grid14_targets10_trials50.csv,6,11,10,43.443488773367385,43.443488773367385,00,00,1,0,True,completed
29,known_visit,PI,ideal,1.0,14,196,1,10,pi_g14_d220_ideal,reruns\grid_density\scenarios\cv\known_visit_grid14_targets10_trials50.csv,7,6,7,25.248238617954744,25.248238617954744,00,00,1,0,True,completed
29,known_visit,PI,ideal,1.0,14,196,1,10,pi_g14_d220_ideal,reruns\grid_density\scenarios\cv\known_visit_grid14_targets10_trials50.csv,8,2,3,7.632085425423658,7.632085425423658,00,00,1,0,True,completed
29,known_visit,PI,ideal,1.0,14,196,1,10,pi_g14_d220_ideal,reruns\grid_density\scenarios\cv\known_visit_grid14_targets10_trials50.csv,9,4,8,19.700865501217788,19.700865501217788,00,00,1,0,True,completed
29,known_visit,PI,ideal,1.0,14,196,1,10,pi_g14_d220_ideal,reruns\grid_density\scenarios\cv\known_visit_grid14_targets10_trials50.csv,10,1,4,4.04379796463352,4.04379796463352,00,00,1,0,True,completed
30,known_visit,PI,ideal,1.0,14,196,1,10,pi_g14_d220_ideal,reruns\grid_density\scenarios\cv\known_visit_grid14_targets10_trials50.csv,1,1,12,21.68707949669232,21.68707949669232,00,00,1,0,True,completed
30,known_visit,PI,ideal,1.0,14,196,1,10,pi_g14_d220_ideal,reruns\grid_density\scenarios\cv\known_visit_grid14_targets10_trials50.csv,2,10,2,69.7582624982039,69.7582624982039,00,00,1,0,True,completed
30,known_visit,PI,ideal,1.0,14,196,1,10,pi_g14_d220_ideal,reruns\grid_density\scenarios\cv\known_visit_grid14_targets10_trials50.csv,3,10,12,41.45062988777088,41.45062988777088,00,00,1,0,True,completed
30,known_visit,PI,ideal,1.0,14,196,1,10,pi_g14_d220_ideal,reruns\grid_density\scenarios\cv\known_visit_grid14_targets10_trials50.csv,4,11,9,48.43822628980428,48.43822628980428,00,00,1,0,True,completed
30,known_visit,PI,ideal,1.0,14,196,1,10,pi_g14_d220_ideal,reruns\grid_density\scenarios\cv\known_visit_grid14_targets10_trials50.csv,5,3,8,11.059436407489725,11.059436407489725,00,00,1,0,True,completed
30,known_visit,PI,ideal,1.0,14,196,1,10,pi_g14_d220_ideal,reruns\grid_density\scenarios\cv\known_visit_grid14_targets10_trials50.csv,6,0,5,0.4378981040210054,0.4378981040210054,00,00,1,0,True,completed
30,known_visit,PI,ideal,1.0,14,196,1,10,pi_g14_d220_ideal,reruns\grid_density\scenarios\cv\known_visit_grid14_targets10_trials50.csv,7,7,13,34.32181466181827,34.32181466181827,00,00,1,0,True,completed
30,known_visit,PI,ideal,1.0,14,196,1,10,pi_g14_d220_ideal,reruns\grid_density\scenarios\cv\known_visit_grid14_targets10_trials50.csv,8,11,1,65.99384032593996,65.99384032593996,00,00,1,0,True,completed
30,known_visit,PI,ideal,1.0,14,196,1,10,pi_g14_d220_ideal,reruns\grid_density\scenarios\cv\known_visit_grid14_targets10_trials50.csv,9,6,0,80.36758302142157,80.36758302142157,00,00,1,0,True,completed
30,known_visit,PI,ideal,1.0,14,196,1,10,pi_g14_d220_ideal,reruns\grid_density\scenarios\cv\known_visit_grid14_targets10_trials50.csv,10,12,8,52.057911973006775,52.057911973006775,00,00,1,0,True,completed
31,known_visit,PI,ideal,1.0,14,196,1,10,pi_g14_d220_ideal,reruns\grid_density\scenarios\cv\known_visit_grid14_targets10_trials50.csv,1,4,6,13.158901682867356,13.158901682867356,00,00,1,0,True,completed
31,known_visit,PI,ideal,1.0,14,196,1,10,pi_g14_d220_ideal,reruns\grid_density\scenarios\cv\known_visit_grid14_targets10_trials50.csv,2,2,5,3.9952890144536672,3.9952890144536672,00,00,1,0,True,completed
31,known_visit,PI,ideal,1.0,14,196,1,10,pi_g14_d220_ideal,reruns\grid_density\scenarios\cv\known_visit_grid14_targets10_trials50.csv,3,13,10,40.45666704291465,40.45666704291465,00,00,1,0,True,completed
31,known_visit,PI,ideal,1.0,14,196,1,10,pi_g14_d220_ideal,reruns\grid_density\scenarios\cv\known_visit_grid14_targets10_trials50.csv,4,8,8,23.81683282672807,23.81683282672807,00,00,1,0,True,completed
31,known_visit,PI,ideal,1.0,14,196,1,10,pi_g14_d220_ideal,reruns\grid_density\scenarios\cv\known_visit_grid14_targets10_trials50.csv,5,11,10,36.837275324713254,36.837275324713254,00,00,1,0,True,completed
31,known_visit,PI,ideal,1.0,14,196,1,10,pi_g14_d220_ideal,reruns\grid_density\scenarios\cv\known_visit_grid14_targets10_trials50.csv,6,5,8,18.569257856382894,18.569257856382894,00,00,1,0,True,completed
31,known_visit,PI,ideal,1.0,14,196,1,10,pi_g14_d220_ideal,reruns\grid_density\scenarios\cv\known_visit_grid14_targets10_trials50.csv,7,4,7,14.865410156954626,14.865410156954626,00,00,1,0,True,completed
31,known_visit,PI,ideal,1.0,14,196,1,10,pi_g14_d220_ideal,reruns\grid_density\scenarios\cv\known_visit_grid14_targets10_trials50.csv,8,12,6,49.592609651454396,49.592609651454396,00,00,1,0,True,completed
31,known_visit,PI,ideal,1.0,14,196,1,10,pi_g14_d220_ideal,reruns\grid_density\scenarios\cv\known_visit_grid14_targets10_trials50.csv,9,3,4,7.706032826823361,7.706032826823361,00,00,1,0,True,completed
31,known_visit,PI,ideal,1.0,14,196,1,10,pi_g14_d220_ideal,reruns\grid_density\scenarios\cv\known_visit_grid14_targets10_trials50.csv,10,9,11,31.055176077074034,31.055176077074034,00,00,1,0,True,completed
32,known_visit,PI,ideal,1.0,14,196,1,10,pi_g14_d220_ideal,reruns\grid_density\scenarios\cv\known_visit_grid14_targets10_trials50.csv,1,4,1,35.88554216389022,35.88554216389022,00,00,1,0,True,completed
32,known_visit,PI,ideal,1.0,14,196,1,10,pi_g14_d220_ideal,reruns\grid_density\scenarios\cv\known_visit_grid14_targets10_trials50.csv,2,1,11,62.418734168700574,62.418734168700574,00,00,1,0,True,completed
32,known_visit,PI,ideal,1.0,14,196,1,10,pi_g14_d220_ideal,reruns\grid_density\scenarios\cv\known_visit_grid14_targets10_trials50.csv,3,4,7,7.125696483127989,7.125696483127989,00,00,1,0,True,completed
32,known_visit,PI,ideal,1.0,14,196,1,10,pi_g14_d220_ideal,reruns\grid_density\scenarios\cv\known_visit_grid14_targets10_trials50.csv,4,3,6,3.534458534963853,3.534458534963853,00,00,1,0,True,completed
32,known_visit,PI,ideal,1.0,14,196,1,10,pi_g14_d220_ideal,reruns\grid_density\scenarios\cv\known_visit_grid14_targets10_trials50.csv,5,13,6,98.71348801166982,98.71348801166982,00,00,1,0,True,completed
32,known_visit,PI,ideal,1.0,14,196,1,10,pi_g14_d220_ideal,reruns\grid_density\scenarios\cv\known_visit_grid14_targets10_trials50.csv,6,6,6,12.828825081132294,12.828825081132294,00,00,1,0,True,completed
32,known_visit,PI,ideal,1.0,14,196,1,10,pi_g14_d220_ideal,reruns\grid_density\scenarios\cv\known_visit_grid14_targets10_trials50.csv,7,2,0,41.418183252001114,41.418183252001114,00,00,1,0,True,completed
32,known_visit,PI,ideal,1.0,14,196,1,10,pi_g14_d220_ideal,reruns\grid_density\scenarios\cv\known_visit_grid14_targets10_trials50.csv,8,7,2,21.562512471392694,21.562512471392694,00,00,1,0,True,completed
32,known_visit,PI,ideal,1.0,14,196,1,10,pi_g14_d220_ideal,reruns\grid_density\scenarios\cv\known_visit_grid14_targets10_trials50.csv,9,9,13,79.87916646949712,79.87916646949712,00,00,1,0,True,completed
32,known_visit,PI,ideal,1.0,14,196,1,10,pi_g14_d220_ideal,reruns\grid_density\scenarios\cv\known_visit_grid14_targets10_trials50.csv,10,9,1,27.026196393703334,27.026196393703334,00,00,1,0,True,completed
33,known_visit,PI,ideal,1.0,14,196,1,10,pi_g14_d220_ideal,reruns\grid_density\scenarios\cv\known_visit_grid14_targets10_trials50.csv,1,6,9,78.5683281010665,78.5683281010665,00,00,1,0,True,completed
33,known_visit,PI,ideal,1.0,14,196,1,10,pi_g14_d220_ideal,reruns\grid_density\scenarios\cv\known_visit_grid14_targets10_trials50.csv,2,12,0,29.510655260179238,29.510655260179238,00,00,1,0,True,completed
33,known_visit,PI,ideal,1.0,14,196,1,10,pi_g14_d220_ideal,reruns\grid_density\scenarios\cv\known_visit_grid14_targets10_trials50.csv,3,11,9,47.25898040743344,47.25898040743344,00,00,1,0,True,completed
33,known_visit,PI,ideal,1.0,14,196,1,10,pi_g14_d220_ideal,reruns\grid_density\scenarios\cv\known_visit_grid14_targets10_trials50.csv,4,11,1,33.48262237199962,33.48262237199962,00,00,1,0,True,completed
33,known_visit,PI,ideal,1.0,14,196,1,10,pi_g14_d220_ideal,reruns\grid_density\scenarios\cv\known_visit_grid14_targets10_trials50.csv,5,10,10,51.13084923068411,51.13084923068411,00,00,1,0,True,completed
33,known_visit,PI,ideal,1.0,14,196,1,10,pi_g14_d220_ideal,reruns\grid_density\scenarios\cv\known_visit_grid14_targets10_trials50.csv,6,8,8,73.00440412259792,73.00440412259792,00,00,1,0,True,completed
33,known_visit,PI,ideal,1.0,14,196,1,10,pi_g14_d220_ideal,reruns\grid_density\scenarios\cv\known_visit_grid14_targets10_trials50.csv,7,4,0,15.77146815800021,15.77146815800021,00,00,1,0,True,completed
33,known_visit,PI,ideal,1.0,14,196,1,10,pi_g14_d220_ideal,reruns\grid_density\scenarios\cv\known_visit_grid14_targets10_trials50.csv,8,11,12,56.95394866431507,56.95394866431507,00,00,1,0,True,completed
33,known_visit,PI,ideal,1.0,14,196,1,10,pi_g14_d220_ideal,reruns\grid_density\scenarios\cv\known_visit_grid14_targets10_trials50.csv,9,4,5,7.485947219624291,7.485947219624291,00,00,1,0,True,completed
33,known_visit,PI,ideal,1.0,14,196,1,10,pi_g14_d220_ideal,reruns\grid_density\scenarios\cv\known_visit_grid14_targets10_trials50.csv,10,4,1,14.150652720266132,14.150652720266132,00,00,1,0,True,completed
34,known_visit,PI,ideal,1.0,14,196,1,10,pi_g14_d220_ideal,reruns\grid_density\scenarios\cv\known_visit_grid14_targets10_trials50.csv,1,12,13,77.76356404772729,77.76356404772729,00,00,1,0,True,completed
34,known_visit,PI,ideal,1.0,14,196,1,10,pi_g14_d220_ideal,reruns\grid_density\scenarios\cv\known_visit_grid14_targets10_trials50.csv,2,12,9,84.97150473045569,84.97150473045569,00,00,1,0,True,completed
34,known_visit,PI,ideal,1.0,14,196,1,10,pi_g14_d220_ideal,reruns\grid_density\scenarios\cv\known_visit_grid14_targets10_trials50.csv,3,5,10,53.29520899858878,53.29520899858878,00,00,1,0,True,completed
34,known_visit,PI,ideal,1.0,14,196,1,10,pi_g14_d220_ideal,reruns\grid_density\scenarios\cv\known_visit_grid14_targets10_trials50.csv,4,3,11,58.599235148511376,58.599235148511376,00,00,1,0,True,completed
34,known_visit,PI,ideal,1.0,14,196,1,10,pi_g14_d220_ideal,reruns\grid_density\scenarios\cv\known_visit_grid14_targets10_trials50.csv,5,7,5,41.13205430395667,41.13205430395667,00,00,1,0,True,completed
34,known_visit,PI,ideal,1.0,14,196,1,10,pi_g14_d220_ideal,reruns\grid_density\scenarios\cv\known_visit_grid14_targets10_trials50.csv,6,8,4,37.37250912508564,37.37250912508564,00,00,1,0,True,completed
34,known_visit,PI,ideal,1.0,14,196,1,10,pi_g14_d220_ideal,reruns\grid_density\scenarios\cv\known_visit_grid14_targets10_trials50.csv,7,6,1,28.50369842024874,28.50369842024874,00,00,1,0,True,completed
34,known_visit,PI,ideal,1.0,14,196,1,10,pi_g14_d220_ideal,reruns\grid_density\scenarios\cv\known_visit_grid14_targets10_trials50.csv,8,3,2,10.582903555050011,10.582903555050011,00,00,1,0,True,completed
34,known_visit,PI,ideal,1.0,14,196,1,10,pi_g14_d220_ideal,reruns\grid_density\scenarios\cv\known_visit_grid14_targets10_trials50.csv,9,3,6,3.555735402713615,3.555735402713615,00,00,1,0,True,completed
34,known_visit,PI,ideal,1.0,14,196,1,10,pi_g14_d220_ideal,reruns\grid_density\scenarios\cv\known_visit_grid14_targets10_trials50.csv,10,0,2,16.035326456484324,16.035326456484324,00,00,1,0,True,completed
35,known_visit,PI,ideal,1.0,14,196,1,10,pi_g14_d220_ideal,reruns\grid_density\scenarios\cv\known_visit_grid14_targets10_trials50.csv,1,4,12,81.21179447313008,81.21179447313008,00,00,1,0,True,completed
35,known_visit,PI,ideal,1.0,14,196,1,10,pi_g14_d220_ideal,reruns\grid_density\scenarios\cv\known_visit_grid14_targets10_trials50.csv,2,13,13,62.96525425294274,62.96525425294274,00,00,1,0,True,completed
35,known_visit,PI,ideal,1.0,14,196,1,10,pi_g14_d220_ideal,reruns\grid_density\scenarios\cv\known_visit_grid14_targets10_trials50.csv,3,2,3,7.547548572587111,7.547548572587111,00,00,1,0,True,completed
35,known_visit,PI,ideal,1.0,14,196,1,10,pi_g14_d220_ideal,reruns\grid_density\scenarios\cv\known_visit_grid14_targets10_trials50.csv,4,5,8,25.362590845858385,25.362590845858385,00,00,1,0,True,completed
35,known_visit,PI,ideal,1.0,14,196,1,10,pi_g14_d220_ideal,reruns\grid_density\scenarios\cv\known_visit_grid14_targets10_trials50.csv,5,8,7,32.7618789122952,32.7618789122952,00,00,1,0,True,completed
35,known_visit,PI,ideal,1.0,14,196,1,10,pi_g14_d220_ideal,reruns\grid_density\scenarios\cv\known_visit_grid14_targets10_trials50.csv,6,10,5,39.88876344141437,39.88876344141437,00,00,1,0,True,completed
35,known_visit,PI,ideal,1.0,14,196,1,10,pi_g14_d220_ideal,reruns\grid_density\scenarios\cv\known_visit_grid14_targets10_trials50.csv,7,9,12,72.17114523973582,72.17114523973582,00,00,1,0,True,completed
35,known_visit,PI,ideal,1.0,14,196,1,10,pi_g14_d220_ideal,reruns\grid_density\scenarios\cv\known_visit_grid14_targets10_trials50.csv,8,2,2,9.457087082612167,9.457087082612167,00,00,1,0,True,completed
35,known_visit,PI,ideal,1.0,14,196,1,10,pi_g14_d220_ideal,reruns\grid_density\scenarios\cv\known_visit_grid14_targets10_trials50.csv,9,12,4,45.272856992793244,45.272856992793244,00,00,1,0,True,completed
35,known_visit,PI,ideal,1.0,14,196,1,10,pi_g14_d220_ideal,reruns\grid_density\scenarios\cv\known_visit_grid14_targets10_trials50.csv,10,0,5,0.4308580674451483,0.4308580674451483,00,00,1,0,True,completed
36,known_visit,PI,ideal,1.0,14,196,1,10,pi_g14_d220_ideal,reruns\grid_density\scenarios\cv\known_visit_grid14_targets10_trials50.csv,1,3,6,7.663826716857826,7.663826716857826,00,00,1,0,True,completed
36,known_visit,PI,ideal,1.0,14,196,1,10,pi_g14_d220_ideal,reruns\grid_density\scenarios\cv\known_visit_grid14_targets10_trials50.csv,2,0,7,0.43544102890131997,0.43544102890131997,00,00,1,0,True,completed
36,known_visit,PI,ideal,1.0,14,196,1,10,pi_g14_d220_ideal,reruns\grid_density\scenarios\cv\known_visit_grid14_targets10_trials50.csv,3,13,2,92.52057339714239,92.52057339714239,00,00,1,0,True,completed
36,known_visit,PI,ideal,1.0,14,196,1,10,pi_g14_d220_ideal,reruns\grid_density\scenarios\cv\known_visit_grid14_targets10_trials50.csv,4,7,4,18.602440753279875,18.602440753279875,00,00,1,0,True,completed
36,known_visit,PI,ideal,1.0,14,196,1,10,pi_g14_d220_ideal,reruns\grid_density\scenarios\cv\known_visit_grid14_targets10_trials50.csv,5,10,9,33.40574170499317,33.40574170499317,00,00,1,0,True,completed
36,known_visit,PI,ideal,1.0,14,196,1,10,pi_g14_d220_ideal,reruns\grid_density\scenarios\cv\known_visit_grid14_targets10_trials50.csv,6,5,12,47.41358115150871,47.41358115150871,00,00,1,0,True,completed
36,known_visit,PI,ideal,1.0,14,196,1,10,pi_g14_d220_ideal,reruns\grid_density\scenarios\cv\known_visit_grid14_targets10_trials50.csv,7,7,6,14.845984008466017,14.845984008466017,00,00,1,0,True,completed
36,known_visit,PI,ideal,1.0,14,196,1,10,pi_g14_d220_ideal,reruns\grid_density\scenarios\cv\known_visit_grid14_targets10_trials50.csv,8,4,6,9.66650725056493,9.66650725056493,00,00,1,0,True,completed
36,known_visit,PI,ideal,1.0,14,196,1,10,pi_g14_d220_ideal,reruns\grid_density\scenarios\cv\known_visit_grid14_targets10_trials50.csv,9,9,9,31.441053190713408,31.441053190713408,00,00,1,0,True,completed
36,known_visit,PI,ideal,1.0,14,196,1,10,pi_g14_d220_ideal,reruns\grid_density\scenarios\cv\known_visit_grid14_targets10_trials50.csv,10,2,1,71.71523723422328,71.71523723422328,00,00,1,0,True,completed
37,known_visit,PI,ideal,1.0,14,196,1,10,pi_g14_d220_ideal,reruns\grid_density\scenarios\cv\known_visit_grid14_targets10_trials50.csv,1,0,7,0.4967780884066548,0.4967780884066548,00,00,1,0,True,completed
37,known_visit,PI,ideal,1.0,14,196,1,10,pi_g14_d220_ideal,reruns\grid_density\scenarios\cv\known_visit_grid14_targets10_trials50.csv,2,9,11,30.70262783236789,30.70262783236789,00,00,1,0,True,completed
37,known_visit,PI,ideal,1.0,14,196,1,10,pi_g14_d220_ideal,reruns\grid_density\scenarios\cv\known_visit_grid14_targets10_trials50.csv,3,1,13,12.935481939469595,12.935481939469595,00,00,1,0,True,completed
37,known_visit,PI,ideal,1.0,14,196,1,10,pi_g14_d220_ideal,reruns\grid_density\scenarios\cv\known_visit_grid14_targets10_trials50.csv,4,7,11,27.069714744273806,27.069714744273806,00,00,1,0,True,completed
37,known_visit,PI,ideal,1.0,14,196,1,10,pi_g14_d220_ideal,reruns\grid_density\scenarios\cv\known_visit_grid14_targets10_trials50.csv,5,1,11,9.26283413584254,9.26283413584254,00,00,1,0,True,completed
37,known_visit,PI,ideal,1.0,14,196,1,10,pi_g14_d220_ideal,reruns\grid_density\scenarios\cv\known_visit_grid14_targets10_trials50.csv,6,9,9,34.45019667626044,34.45019667626044,00,00,1,0,True,completed
37,known_visit,PI,ideal,1.0,14,196,1,10,pi_g14_d220_ideal,reruns\grid_density\scenarios\cv\known_visit_grid14_targets10_trials50.csv,7,7,5,45.405252016935464,45.405252016935464,00,00,1,0,True,completed
37,known_visit,PI,ideal,1.0,14,196,1,10,pi_g14_d220_ideal,reruns\grid_density\scenarios\cv\known_visit_grid14_targets10_trials50.csv,8,6,1,54.27179721408976,54.27179721408976,00,00,1,0,True,completed
37,known_visit,PI,ideal,1.0,14,196,1,10,pi_g14_d220_ideal,reruns\grid_density\scenarios\cv\known_visit_grid14_targets10_trials50.csv,9,8,8,38.12515457415675,38.12515457415675,00,00,1,0,True,completed
37,known_visit,PI,ideal,1.0,14,196,1,10,pi_g14_d220_ideal,reruns\grid_density\scenarios\cv\known_visit_grid14_targets10_trials50.csv,10,11,0,65.05446895838658,65.05446895838658,00,00,1,0,True,completed
38,known_visit,PI,ideal,1.0,14,196,1,10,pi_g14_d220_ideal,reruns\grid_density\scenarios\cv\known_visit_grid14_targets10_trials50.csv,1,7,6,25.38705090154112,25.38705090154112,00,00,1,0,True,completed
38,known_visit,PI,ideal,1.0,14,196,1,10,pi_g14_d220_ideal,reruns\grid_density\scenarios\cv\known_visit_grid14_targets10_trials50.csv,2,0,7,0.47590749140190747,0.47590749140190747,00,00,1,0,True,completed
38,known_visit,PI,ideal,1.0,14,196,1,10,pi_g14_d220_ideal,reruns\grid_density\scenarios\cv\known_visit_grid14_targets10_trials50.csv,3,5,10,14.471787556585427,14.471787556585427,00,00,1,0,True,completed
38,known_visit,PI,ideal,1.0,14,196,1,10,pi_g14_d220_ideal,reruns\grid_density\scenarios\cv\known_visit_grid14_targets10_trials50.csv,4,11,13,73.13603562103464,73.13603562103464,00,00,1,0,True,completed
38,known_visit,PI,ideal,1.0,14,196,1,10,pi_g14_d220_ideal,reruns\grid_density\scenarios\cv\known_visit_grid14_targets10_trials50.csv,5,3,9,9.156223094491343,9.156223094491343,00,00,1,0,True,completed
38,known_visit,PI,ideal,1.0,14,196,1,10,pi_g14_d220_ideal,reruns\grid_density\scenarios\cv\known_visit_grid14_targets10_trials50.csv,6,13,2,50.2078842981131,50.2078842981131,00,00,1,0,True,completed
38,known_visit,PI,ideal,1.0,14,196,1,10,pi_g14_d220_ideal,reruns\grid_density\scenarios\cv\known_visit_grid14_targets10_trials50.csv,7,7,4,28.83339544897872,28.83339544897872,00,00,1,0,True,completed
38,known_visit,PI,ideal,1.0,14,196,1,10,pi_g14_d220_ideal,reruns\grid_density\scenarios\cv\known_visit_grid14_targets10_trials50.csv,8,8,0,37.7397547159793,37.7397547159793,00,00,1,0,True,completed
38,known_visit,PI,ideal,1.0,14,196,1,10,pi_g14_d220_ideal,reruns\grid_density\scenarios\cv\known_visit_grid14_targets10_trials50.csv,9,12,1,46.604796477173785,46.604796477173785,00,00,1,0,True,completed
38,known_visit,PI,ideal,1.0,14,196,1,10,pi_g14_d220_ideal,reruns\grid_density\scenarios\cv\known_visit_grid14_targets10_trials50.csv,10,9,12,78.4501971498605,78.4501971498605,00,00,1,0,True,completed
39,known_visit,PI,ideal,1.0,14,196,1,10,pi_g14_d220_ideal,reruns\grid_density\scenarios\cv\known_visit_grid14_targets10_trials50.csv,1,2,10,9.38801064164974,9.38801064164974,00,00,1,0,True,completed
39,known_visit,PI,ideal,1.0,14,196,1,10,pi_g14_d220_ideal,reruns\grid_density\scenarios\cv\known_visit_grid14_targets10_trials50.csv,2,6,5,45.962848688693676,45.962848688693676,00,00,1,0,True,completed
39,known_visit,PI,ideal,1.0,14,196,1,10,pi_g14_d220_ideal,reruns\grid_density\scenarios\cv\known_visit_grid14_targets10_trials50.csv,3,0,10,5.669089381381106,5.669089381381106,00,00,1,0,True,completed
39,known_visit,PI,ideal,1.0,14,196,1,10,pi_g14_d220_ideal,reruns\grid_density\scenarios\cv\known_visit_grid14_targets10_trials50.csv,4,0,7,0.5047668308286397,0.5047668308286397,00,00,1,0,True,completed
39,known_visit,PI,ideal,1.0,14,196,1,10,pi_g14_d220_ideal,reruns\grid_density\scenarios\cv\known_visit_grid14_targets10_trials50.csv,5,8,2,54.81854999105026,54.81854999105026,00,00,1,0,True,completed
39,known_visit,PI,ideal,1.0,14,196,1,10,pi_g14_d220_ideal,reruns\grid_density\scenarios\cv\known_visit_grid14_targets10_trials50.csv,6,9,8,35.582844619182914,35.582844619182914,00,00,1,0,True,completed
39,known_visit,PI,ideal,1.0,14,196,1,10,pi_g14_d220_ideal,reruns\grid_density\scenarios\cv\known_visit_grid14_targets10_trials50.csv,7,9,12,28.728492465183155,28.728492465183155,00,00,1,0,True,completed
39,known_visit,PI,ideal,1.0,14,196,1,10,pi_g14_d220_ideal,reruns\grid_density\scenarios\cv\known_visit_grid14_targets10_trials50.csv,8,2,11,11.341021425477246,11.341021425477246,00,00,1,0,True,completed
39,known_visit,PI,ideal,1.0,14,196,1,10,pi_g14_d220_ideal,reruns\grid_density\scenarios\cv\known_visit_grid14_targets10_trials50.csv,9,8,13,25.17233914711231,25.17233914711231,00,00,1,0,True,completed
39,known_visit,PI,ideal,1.0,14,196,1,10,pi_g14_d220_ideal,reruns\grid_density\scenarios\cv\known_visit_grid14_targets10_trials50.csv,10,6,13,21.75163700136062,21.75163700136062,00,00,1,0,True,completed
40,known_visit,PI,ideal,1.0,14,196,1,10,pi_g14_d220_ideal,reruns\grid_density\scenarios\cv\known_visit_grid14_targets10_trials50.csv,1,3,7,5.975115003547673,5.975115003547673,00,00,1,0,True,completed
40,known_visit,PI,ideal,1.0,14,196,1,10,pi_g14_d220_ideal,reruns\grid_density\scenarios\cv\known_visit_grid14_targets10_trials50.csv,2,0,7,0.4762908276725979,0.4762908276725979,00,00,1,0,True,completed
40,known_visit,PI,ideal,1.0,14,196,1,10,pi_g14_d220_ideal,reruns\grid_density\scenarios\cv\known_visit_grid14_targets10_trials50.csv,3,3,10,11.299969934848278,11.299969934848278,00,00,1,0,True,completed
40,known_visit,PI,ideal,1.0,14,196,1,10,pi_g14_d220_ideal,reruns\grid_density\scenarios\cv\known_visit_grid14_targets10_trials50.csv,4,8,3,53.23654682506681,53.23654682506681,00,00,1,0,True,completed
40,known_visit,PI,ideal,1.0,14,196,1,10,pi_g14_d220_ideal,reruns\grid_density\scenarios\cv\known_visit_grid14_targets10_trials50.csv,5,3,13,16.414965627799422,16.414965627799422,00,00,1,0,True,completed
40,known_visit,PI,ideal,1.0,14,196,1,10,pi_g14_d220_ideal,reruns\grid_density\scenarios\cv\known_visit_grid14_targets10_trials50.csv,6,13,8,71.08865580350066,71.08865580350066,00,00,1,0,True,completed
40,known_visit,PI,ideal,1.0,14,196,1,10,pi_g14_d220_ideal,reruns\grid_density\scenarios\cv\known_visit_grid14_targets10_trials50.csv,7,12,6,65.73489993704922,65.73489993704922,00,00,1,0,True,completed
40,known_visit,PI,ideal,1.0,14,196,1,10,pi_g14_d220_ideal,reruns\grid_density\scenarios\cv\known_visit_grid14_targets10_trials50.csv,8,7,9,41.16302708207552,41.16302708207552,00,00,1,0,True,completed
40,known_visit,PI,ideal,1.0,14,196,1,10,pi_g14_d220_ideal,reruns\grid_density\scenarios\cv\known_visit_grid14_targets10_trials50.csv,9,3,11,13.031345205996667,13.031345205996667,00,00,1,0,True,completed
40,known_visit,PI,ideal,1.0,14,196,1,10,pi_g14_d220_ideal,reruns\grid_density\scenarios\cv\known_visit_grid14_targets10_trials50.csv,10,0,11,25.46096869732671,25.46096869732671,00,00,1,0,True,completed
41,known_visit,PI,ideal,1.0,14,196,1,10,pi_g14_d220_ideal,reruns\grid_density\scenarios\cv\known_visit_grid14_targets10_trials50.csv,1,8,8,41.51772128879072,41.51772128879072,00,00,1,0,True,completed
41,known_visit,PI,ideal,1.0,14,196,1,10,pi_g14_d220_ideal,reruns\grid_density\scenarios\cv\known_visit_grid14_targets10_trials50.csv,2,4,5,98.9797739641873,98.9797739641873,00,00,1,0,True,completed
41,known_visit,PI,ideal,1.0,14,196,1,10,pi_g14_d220_ideal,reruns\grid_density\scenarios\cv\known_visit_grid14_targets10_trials50.csv,3,1,2,7.4345938694302784,7.4345938694302784,00,00,1,0,True,completed
41,known_visit,PI,ideal,1.0,14,196,1,10,pi_g14_d220_ideal,reruns\grid_density\scenarios\cv\known_visit_grid14_targets10_trials50.csv,4,8,4,34.48120867848134,34.48120867848134,00,00,1,0,True,completed
41,known_visit,PI,ideal,1.0,14,196,1,10,pi_g14_d220_ideal,reruns\grid_density\scenarios\cv\known_visit_grid14_targets10_trials50.csv,5,5,1,24.168068930801855,24.168068930801855,00,00,1,0,True,completed
41,known_visit,PI,ideal,1.0,14,196,1,10,pi_g14_d220_ideal,reruns\grid_density\scenarios\cv\known_visit_grid14_targets10_trials50.csv,6,12,13,56.94478920603928,56.94478920603928,00,00,1,0,True,completed
41,known_visit,PI,ideal,1.0,14,196,1,10,pi_g14_d220_ideal,reruns\grid_density\scenarios\cv\known_visit_grid14_targets10_trials50.csv,7,0,11,80.97991795848267,80.97991795848267,00,00,1,0,True,completed
41,known_visit,PI,ideal,1.0,14,196,1,10,pi_g14_d220_ideal,reruns\grid_density\scenarios\cv\known_visit_grid14_targets10_trials50.csv,8,6,4,31.176930872691738,31.176930872691738,00,00,1,0,True,completed
41,known_visit,PI,ideal,1.0,14,196,1,10,pi_g14_d220_ideal,reruns\grid_density\scenarios\cv\known_visit_grid14_targets10_trials50.csv,9,8,12,48.17687415076396,48.17687415076396,00,00,1,0,True,completed
41,known_visit,PI,ideal,1.0,14,196,1,10,pi_g14_d220_ideal,reruns\grid_density\scenarios\cv\known_visit_grid14_targets10_trials50.csv,10,0,1,11.250746504472374,11.250746504472374,00,00,1,0,True,completed
42,known_visit,PI,ideal,1.0,14,196,1,10,pi_g14_d220_ideal,reruns\grid_density\scenarios\cv\known_visit_grid14_targets10_trials50.csv,1,4,10,30.647474288884876,30.647474288884876,00,00,1,0,True,completed
42,known_visit,PI,ideal,1.0,14,196,1,10,pi_g14_d220_ideal,reruns\grid_density\scenarios\cv\known_visit_grid14_targets10_trials50.csv,2,1,2,7.633772391621866,7.633772391621866,00,00,1,0,True,completed
42,known_visit,PI,ideal,1.0,14,196,1,10,pi_g14_d220_ideal,reruns\grid_density\scenarios\cv\known_visit_grid14_targets10_trials50.csv,3,0,5,0.5241644173213109,0.5241644173213109,00,00,1,0,True,completed
42,known_visit,PI,ideal,1.0,14,196,1,10,pi_g14_d220_ideal,reruns\grid_density\scenarios\cv\known_visit_grid14_targets10_trials50.csv,4,12,9,46.14452603513743,46.14452603513743,00,00,1,0,True,completed
42,known_visit,PI,ideal,1.0,14,196,1,10,pi_g14_d220_ideal,reruns\grid_density\scenarios\cv\known_visit_grid14_targets10_trials50.csv,5,11,12,74.38434983608634,74.38434983608634,00,00,1,0,True,completed
42,known_visit,PI,ideal,1.0,14,196,1,10,pi_g14_d220_ideal,reruns\grid_density\scenarios\cv\known_visit_grid14_targets10_trials50.csv,6,12,5,53.39160639289954,53.39160639289954,00,00,1,0,True,completed
42,known_visit,PI,ideal,1.0,14,196,1,10,pi_g14_d220_ideal,reruns\grid_density\scenarios\cv\known_visit_grid14_targets10_trials50.csv,7,2,11,25.028635112041666,25.028635112041666,00,00,1,0,True,completed
42,known_visit,PI,ideal,1.0,14,196,1,10,pi_g14_d220_ideal,reruns\grid_density\scenarios\cv\known_visit_grid14_targets10_trials50.csv,8,2,9,21.596737401838475,21.596737401838475,00,00,1,0,True,completed
42,known_visit,PI,ideal,1.0,14,196,1,10,pi_g14_d220_ideal,reruns\grid_density\scenarios\cv\known_visit_grid14_targets10_trials50.csv,9,11,3,58.73897147565442,58.73897147565442,00,00,1,0,True,completed
42,known_visit,PI,ideal,1.0,14,196,1,10,pi_g14_d220_ideal,reruns\grid_density\scenarios\cv\known_visit_grid14_targets10_trials50.csv,10,10,9,42.74527252746718,42.74527252746718,00,00,1,0,True,completed
43,known_visit,PI,ideal,1.0,14,196,1,10,pi_g14_d220_ideal,reruns\grid_density\scenarios\cv\known_visit_grid14_targets10_trials50.csv,1,10,3,38.63680649929725,38.63680649929725,00,00,1,0,True,completed
43,known_visit,PI,ideal,1.0,14,196,1,10,pi_g14_d220_ideal,reruns\grid_density\scenarios\cv\known_visit_grid14_targets10_trials50.csv,2,7,8,56.42004547679252,56.42004547679252,00,00,1,0,True,completed
43,known_visit,PI,ideal,1.0,14,196,1,10,pi_g14_d220_ideal,reruns\grid_density\scenarios\cv\known_visit_grid14_targets10_trials50.csv,3,2,10,73.63026630229571,73.63026630229571,00,00,1,0,True,completed
43,known_visit,PI,ideal,1.0,14,196,1,10,pi_g14_d220_ideal,reruns\grid_density\scenarios\cv\known_visit_grid14_targets10_trials50.csv,4,9,0,24.229955391578176,24.229955391578176,00,00,1,0,True,completed
43,known_visit,PI,ideal,1.0,14,196,1,10,pi_g14_d220_ideal,reruns\grid_density\scenarios\cv\known_visit_grid14_targets10_trials50.csv,5,6,10,62.09564698000719,62.09564698000719,00,00,1,0,True,completed
43,known_visit,PI,ideal,1.0,14,196,1,10,pi_g14_d220_ideal,reruns\grid_density\scenarios\cv\known_visit_grid14_targets10_trials50.csv,6,12,0,29.387398456589914,29.387398456589914,00,00,1,0,True,completed
43,known_visit,PI,ideal,1.0,14,196,1,10,pi_g14_d220_ideal,reruns\grid_density\scenarios\cv\known_visit_grid14_targets10_trials50.csv,7,4,9,67.85738665108829,67.85738665108829,00,00,1,0,True,completed
43,known_visit,PI,ideal,1.0,14,196,1,10,pi_g14_d220_ideal,reruns\grid_density\scenarios\cv\known_visit_grid14_targets10_trials50.csv,8,1,1,8.990942021649802,8.990942021649802,00,00,1,0,True,completed
43,known_visit,PI,ideal,1.0,14,196,1,10,pi_g14_d220_ideal,reruns\grid_density\scenarios\cv\known_visit_grid14_targets10_trials50.csv,9,13,13,97.51038796516868,97.51038796516868,00,00,1,0,True,completed
43,known_visit,PI,ideal,1.0,14,196,1,10,pi_g14_d220_ideal,reruns\grid_density\scenarios\cv\known_visit_grid14_targets10_trials50.csv,10,10,9,49.063899597875306,49.063899597875306,00,00,1,0,True,completed
44,known_visit,PI,ideal,1.0,14,196,1,10,pi_g14_d220_ideal,reruns\grid_density\scenarios\cv\known_visit_grid14_targets10_trials50.csv,1,2,10,9.114038240489084,9.114038240489084,00,00,1,0,True,completed
44,known_visit,PI,ideal,1.0,14,196,1,10,pi_g14_d220_ideal,reruns\grid_density\scenarios\cv\known_visit_grid14_targets10_trials50.csv,2,7,12,28.42398450792379,28.42398450792379,00,00,1,0,True,completed
44,known_visit,PI,ideal,1.0,14,196,1,10,pi_g14_d220_ideal,reruns\grid_density\scenarios\cv\known_visit_grid14_targets10_trials50.csv,3,9,9,44.803896162407554,44.803896162407554,00,00,1,0,True,completed
44,known_visit,PI,ideal,1.0,14,196,1,10,pi_g14_d220_ideal,reruns\grid_density\scenarios\cv\known_visit_grid14_targets10_trials50.csv,4,2,1,71.32533510530878,71.32533510530878,00,00,1,0,True,completed
44,known_visit,PI,ideal,1.0,14,196,1,10,pi_g14_d220_ideal,reruns\grid_density\scenarios\cv\known_visit_grid14_targets10_trials50.csv,5,6,5,57.34146749519253,57.34146749519253,00,00,1,0,True,completed
44,known_visit,PI,ideal,1.0,14,196,1,10,pi_g14_d220_ideal,reruns\grid_density\scenarios\cv\known_visit_grid14_targets10_trials50.csv,6,9,13,33.76780712174426,33.76780712174426,00,00,1,0,True,completed
44,known_visit,PI,ideal,1.0,14,196,1,10,pi_g14_d220_ideal,reruns\grid_density\scenarios\cv\known_visit_grid14_targets10_trials50.csv,7,1,13,16.073490580110718,16.073490580110718,00,00,1,0,True,completed
44,known_visit,PI,ideal,1.0,14,196,1,10,pi_g14_d220_ideal,reruns\grid_density\scenarios\cv\known_visit_grid14_targets10_trials50.csv,8,13,10,106.15258671905286,106.15258671905286,00,00,1,0,True,completed
44,known_visit,PI,ideal,1.0,14,196,1,10,pi_g14_d220_ideal,reruns\grid_density\scenarios\cv\known_visit_grid14_targets10_trials50.csv,9,12,1,88.79140899969349,88.79140899969349,00,00,1,0,True,completed
44,known_visit,PI,ideal,1.0,14,196,1,10,pi_g14_d220_ideal,reruns\grid_density\scenarios\cv\known_visit_grid14_targets10_trials50.csv,10,8,6,51.85141190567083,51.85141190567083,00,00,1,0,True,completed
45,known_visit,PI,ideal,1.0,14,196,1,10,pi_g14_d220_ideal,reruns\grid_density\scenarios\cv\known_visit_grid14_targets10_trials50.csv,1,12,12,94.12739757543764,94.12739757543764,00,00,1,0,True,completed
45,known_visit,PI,ideal,1.0,14,196,1,10,pi_g14_d220_ideal,reruns\grid_density\scenarios\cv\known_visit_grid14_targets10_trials50.csv,2,6,8,58.82760002352698,58.82760002352698,00,00,1,0,True,completed
45,known_visit,PI,ideal,1.0,14,196,1,10,pi_g14_d220_ideal,reruns\grid_density\scenarios\cv\known_visit_grid14_targets10_trials50.csv,3,8,8,55.41962667466201,55.41962667466201,00,00,1,0,True,completed
45,known_visit,PI,ideal,1.0,14,196,1,10,pi_g14_d220_ideal,reruns\grid_density\scenarios\cv\known_visit_grid14_targets10_trials50.csv,4,2,10,69.405631575355,69.405631575355,00,00,1,0,True,completed
45,known_visit,PI,ideal,1.0,14,196,1,10,pi_g14_d220_ideal,reruns\grid_density\scenarios\cv\known_visit_grid14_targets10_trials50.csv,5,8,1,29.10940706023684,29.10940706023684,00,00,1,0,True,completed
45,known_visit,PI,ideal,1.0,14,196,1,10,pi_g14_d220_ideal,reruns\grid_density\scenarios\cv\known_visit_grid14_targets10_trials50.csv,6,0,1,7.215999222524738,7.215999222524738,00,00,1,0,True,completed
45,known_visit,PI,ideal,1.0,14,196,1,10,pi_g14_d220_ideal,reruns\grid_density\scenarios\cv\known_visit_grid14_targets10_trials50.csv,7,4,13,78.18877864490969,78.18877864490969,00,00,1,0,True,completed
45,known_visit,PI,ideal,1.0,14,196,1,10,pi_g14_d220_ideal,reruns\grid_density\scenarios\cv\known_visit_grid14_targets10_trials50.csv,8,11,0,36.22845442167232,36.22845442167232,00,00,1,0,True,completed
45,known_visit,PI,ideal,1.0,14,196,1,10,pi_g14_d220_ideal,reruns\grid_density\scenarios\cv\known_visit_grid14_targets10_trials50.csv,9,2,1,11.06412899731813,11.06412899731813,00,00,1,0,True,completed
45,known_visit,PI,ideal,1.0,14,196,1,10,pi_g14_d220_ideal,reruns\grid_density\scenarios\cv\known_visit_grid14_targets10_trials50.csv,10,3,3,16.485154558618728,16.485154558618728,00,00,1,0,True,completed
46,known_visit,PI,ideal,1.0,14,196,1,10,pi_g14_d220_ideal,reruns\grid_density\scenarios\cv\known_visit_grid14_targets10_trials50.csv,1,13,3,33.28616741755917,33.28616741755917,00,00,1,0,True,completed
46,known_visit,PI,ideal,1.0,14,196,1,10,pi_g14_d220_ideal,reruns\grid_density\scenarios\cv\known_visit_grid14_targets10_trials50.csv,2,10,11,52.78394125756378,52.78394125756378,00,00,1,0,True,completed
46,known_visit,PI,ideal,1.0,14,196,1,10,pi_g14_d220_ideal,reruns\grid_density\scenarios\cv\known_visit_grid14_targets10_trials50.csv,3,4,13,88.1412631477173,88.1412631477173,00,00,1,0,True,completed
46,known_visit,PI,ideal,1.0,14,196,1,10,pi_g14_d220_ideal,reruns\grid_density\scenarios\cv\known_visit_grid14_targets10_trials50.csv,4,3,12,92.25118017285048,92.25118017285048,00,00,1,0,True,completed
46,known_visit,PI,ideal,1.0,14,196,1,10,pi_g14_d220_ideal,reruns\grid_density\scenarios\cv\known_visit_grid14_targets10_trials50.csv,5,11,9,47.48405435938953,47.48405435938953,00,00,2,1,True,completed
46,known_visit,PI,ideal,1.0,14,196,1,10,pi_g14_d220_ideal,reruns\grid_density\scenarios\cv\known_visit_grid14_targets10_trials50.csv,6,9,1,22.882016484851203,22.882016484851203,00,00,1,0,True,completed
46,known_visit,PI,ideal,1.0,14,196,1,10,pi_g14_d220_ideal,reruns\grid_density\scenarios\cv\known_visit_grid14_targets10_trials50.csv,7,4,3,10.862300270007218,10.862300270007218,00,00,1,0,True,completed
46,known_visit,PI,ideal,1.0,14,196,1,10,pi_g14_d220_ideal,reruns\grid_density\scenarios\cv\known_visit_grid14_targets10_trials50.csv,8,12,6,40.41856670636256,40.41856670636256,00,00,1,0,True,completed
46,known_visit,PI,ideal,1.0,14,196,1,10,pi_g14_d220_ideal,reruns\grid_density\scenarios\cv\known_visit_grid14_targets10_trials50.csv,9,6,9,77.58363044470238,77.58363044470238,00,00,1,0,True,completed
46,known_visit,PI,ideal,1.0,14,196,1,10,pi_g14_d220_ideal,reruns\grid_density\scenarios\cv\known_visit_grid14_targets10_trials50.csv,10,13,11,62.38007814321613,62.38007814321613,00,00,1,0,True,completed
47,known_visit,PI,ideal,1.0,14,196,1,10,pi_g14_d220_ideal,reruns\grid_density\scenarios\cv\known_visit_grid14_targets10_trials50.csv,1,3,2,11.01212190645177,11.01212190645177,00,00,1,0,True,completed
47,known_visit,PI,ideal,1.0,14,196,1,10,pi_g14_d220_ideal,reruns\grid_density\scenarios\cv\known_visit_grid14_targets10_trials50.csv,2,7,13,62.614358668754726,62.614358668754726,00,00,1,0,True,completed
47,known_visit,PI,ideal,1.0,14,196,1,10,pi_g14_d220_ideal,reruns\grid_density\scenarios\cv\known_visit_grid14_targets10_trials50.csv,3,2,5,3.8617121403205847,3.8617121403205847,00,00,1,0,True,completed
47,known_visit,PI,ideal,1.0,14,196,1,10,pi_g14_d220_ideal,reruns\grid_density\scenarios\cv\known_visit_grid14_targets10_trials50.csv,4,4,2,12.672102002634155,12.672102002634155,00,00,1,0,True,completed
47,known_visit,PI,ideal,1.0,14,196,1,10,pi_g14_d220_ideal,reruns\grid_density\scenarios\cv\known_visit_grid14_targets10_trials50.csv,5,0,10,80.01229934008215,80.01229934008215,00,00,1,0,True,completed
47,known_visit,PI,ideal,1.0,14,196,1,10,pi_g14_d220_ideal,reruns\grid_density\scenarios\cv\known_visit_grid14_targets10_trials50.csv,6,11,0,28.43723650905292,28.43723650905292,00,00,1,0,True,completed
47,known_visit,PI,ideal,1.0,14,196,1,10,pi_g14_d220_ideal,reruns\grid_density\scenarios\cv\known_visit_grid14_targets10_trials50.csv,7,10,1,24.892600845066568,24.892600845066568,00,00,1,0,True,completed
47,known_visit,PI,ideal,1.0,14,196,1,10,pi_g14_d220_ideal,reruns\grid_density\scenarios\cv\known_visit_grid14_targets10_trials50.csv,8,9,5,41.06556106564898,41.06556106564898,00,00,1,0,True,completed
47,known_visit,PI,ideal,1.0,14,196,1,10,pi_g14_d220_ideal,reruns\grid_density\scenarios\cv\known_visit_grid14_targets10_trials50.csv,9,2,2,8.968200972646946,8.968200972646946,00,00,1,0,True,completed
47,known_visit,PI,ideal,1.0,14,196,1,10,pi_g14_d220_ideal,reruns\grid_density\scenarios\cv\known_visit_grid14_targets10_trials50.csv,10,10,10,51.86791791240264,51.86791791240264,00,00,1,0,True,completed
48,known_visit,PI,ideal,1.0,14,196,1,10,pi_g14_d220_ideal,reruns\grid_density\scenarios\cv\known_visit_grid14_targets10_trials50.csv,1,1,2,7.047394507091157,7.047394507091157,00,00,1,0,True,completed
48,known_visit,PI,ideal,1.0,14,196,1,10,pi_g14_d220_ideal,reruns\grid_density\scenarios\cv\known_visit_grid14_targets10_trials50.csv,2,4,0,15.796115282844646,15.796115282844646,00,00,1,0,True,completed
48,known_visit,PI,ideal,1.0,14,196,1,10,pi_g14_d220_ideal,reruns\grid_density\scenarios\cv\known_visit_grid14_targets10_trials50.csv,3,6,0,19.14330165655322,19.14330165655322,00,00,1,0,True,completed
48,known_visit,PI,ideal,1.0,14,196,1,10,pi_g14_d220_ideal,reruns\grid_density\scenarios\cv\known_visit_grid14_targets10_trials50.csv,4,9,13,76.20182622713745,76.20182622713745,00,00,1,0,True,completed
48,known_visit,PI,ideal,1.0,14,196,1,10,pi_g14_d220_ideal,reruns\grid_density\scenarios\cv\known_visit_grid14_targets10_trials50.csv,5,5,13,68.79222252221881,68.79222252221881,00,00,1,0,True,completed
48,known_visit,PI,ideal,1.0,14,196,1,10,pi_g14_d220_ideal,reruns\grid_density\scenarios\cv\known_visit_grid14_targets10_trials50.csv,6,6,7,56.18170745752599,56.18170745752599,00,00,1,0,True,completed
48,known_visit,PI,ideal,1.0,14,196,1,10,pi_g14_d220_ideal,reruns\grid_density\scenarios\cv\known_visit_grid14_targets10_trials50.csv,7,13,1,33.27517325135948,33.27517325135948,00,00,1,0,True,completed
48,known_visit,PI,ideal,1.0,14,196,1,10,pi_g14_d220_ideal,reruns\grid_density\scenarios\cv\known_visit_grid14_targets10_trials50.csv,8,2,11,92.14177086891993,92.14177086891993,00,00,1,0,True,completed
48,known_visit,PI,ideal,1.0,14,196,1,10,pi_g14_d220_ideal,reruns\grid_density\scenarios\cv\known_visit_grid14_targets10_trials50.csv,9,6,12,64.97716771535565,64.97716771535565,00,00,1,0,True,completed
48,known_visit,PI,ideal,1.0,14,196,1,10,pi_g14_d220_ideal,reruns\grid_density\scenarios\cv\known_visit_grid14_targets10_trials50.csv,10,11,1,29.53383322669159,29.53383322669159,00,00,1,0,True,completed
49,known_visit,PI,ideal,1.0,14,196,1,10,pi_g14_d220_ideal,reruns\grid_density\scenarios\cv\known_visit_grid14_targets10_trials50.csv,1,3,12,25.87359911602235,25.87359911602235,00,00,1,0,True,completed
49,known_visit,PI,ideal,1.0,14,196,1,10,pi_g14_d220_ideal,reruns\grid_density\scenarios\cv\known_visit_grid14_targets10_trials50.csv,2,2,1,64.84656602505984,64.84656602505984,00,00,1,0,True,completed
49,known_visit,PI,ideal,1.0,14,196,1,10,pi_g14_d220_ideal,reruns\grid_density\scenarios\cv\known_visit_grid14_targets10_trials50.csv,3,5,3,56.01774961064203,56.01774961064203,00,00,1,0,True,completed
49,known_visit,PI,ideal,1.0,14,196,1,10,pi_g14_d220_ideal,reruns\grid_density\scenarios\cv\known_visit_grid14_targets10_trials50.csv,4,7,11,34.63403432646912,34.63403432646912,00,00,1,0,True,completed
49,known_visit,PI,ideal,1.0,14,196,1,10,pi_g14_d220_ideal,reruns\grid_density\scenarios\cv\known_visit_grid14_targets10_trials50.csv,5,8,5,46.790001795978476,46.790001795978476,00,00,1,0,True,completed
49,known_visit,PI,ideal,1.0,14,196,1,10,pi_g14_d220_ideal,reruns\grid_density\scenarios\cv\known_visit_grid14_targets10_trials50.csv,6,1,0,68.43189269940487,68.43189269940487,00,00,1,0,True,completed
49,known_visit,PI,ideal,1.0,14,196,1,10,pi_g14_d220_ideal,reruns\grid_density\scenarios\cv\known_visit_grid14_targets10_trials50.csv,7,5,12,29.21574050403224,29.21574050403224,00,00,1,0,True,completed
49,known_visit,PI,ideal,1.0,14,196,1,10,pi_g14_d220_ideal,reruns\grid_density\scenarios\cv\known_visit_grid14_targets10_trials50.csv,8,11,0,85.83140576926422,85.83140576926422,00,00,1,0,True,completed
49,known_visit,PI,ideal,1.0,14,196,1,10,pi_g14_d220_ideal,reruns\grid_density\scenarios\cv\known_visit_grid14_targets10_trials50.csv,9,2,5,3.869401507301282,3.869401507301282,00,00,1,0,True,completed
49,known_visit,PI,ideal,1.0,14,196,1,10,pi_g14_d220_ideal,reruns\grid_density\scenarios\cv\known_visit_grid14_targets10_trials50.csv,10,1,8,14.927744616124423,14.927744616124423,00,00,1,0,True,completed
