trial_id,trial_mode,algorithm,comm_model,comm_level,grid_size,grid_cells,robot_count,target_count,condition_id,scenario_file,target_index,target_x,target_y,first_completion_time_s,first_completion_sim_time_s,first_found_by_robot,first_finder_robot_id,total_visits,duplicate_visits,completed,trial_status
0,known_visit,PI,bernoulli,drop_0.25,19,361,4,20,targets_20_pi_h1_bernoulli_025,objective_tuning_target_load_pilot_25\scenarios\known_visit_g19_t20_n25.csv,1,11,7,31.050498482602958,31.050498482602958,01,01,1,0,True,completed
0,known_visit,PI,bernoulli,drop_0.25,19,361,4,20,targets_20_pi_h1_bernoulli_025,objective_tuning_target_load_pilot_25\scenarios\known_visit_g19_t20_n25.csv,2,17,15,36.906951810618814,36.906951810618814,03,03,1,0,True,completed
0,known_visit,PI,bernoulli,drop_0.25,19,361,4,20,targets_20_pi_h1_bernoulli_025,objective_tuning_target_load_pilot_25\scenarios\known_visit_g19_t20_n25.csv,3,14,5,31.22930720220082,31.22930720220082,00,00,1,0,True,completed
0,known_visit,PI,bernoulli,drop_0.25,19,361,4,20,targets_20_pi_h1_bernoulli_025,objective_tuning_target_load_pilot_25\scenarios\known_visit_g19_t20_n25.csv,4,8,0,12.13526424676492,12.13526424676492,00,00,1,0,True,completed
0,known_visit,PI,bernoulli,drop_0.25,19,361,4,20,targets_20_pi_h1_bernoulli_025,objective_tuning_target_load_pilot_25\scenarios\known_visit_g19_t20_n25.csv,5,14,15,31.518779346460626,31.518779346460626,03,03,1,0,True,completed
0,known_visit,PI,bernoulli,drop_0.25,19,361,4,20,targets_20_pi_h1_bernoulli_025,objective_tuning_target_load_pilot_25\scenarios\known_visit_g19_t20_n25.csv,6,7,5,19.728876801493858,19.728876801493858,01,01,1,0,True,completed
0,known_visit,PI,bernoulli,drop_0.25,19,361,4,20,targets_20_pi_h1_bernoulli_025,objective_tuning_target_load_pilot_25\scenarios\known_visit_g19_t20_n25.csv,7,2,6,1.8312423961239164,1.8312423961239164,01,01,1,0,True,completed
0,known_visit,PI,bernoulli,drop_0.25,19,361,4,20,targets_20_pi_h1_bernoulli_025,objective_tuning_target_load_pilot_25\scenarios\known_visit_g19_t20_n25.csv,8,3,8,7.249068657456649,7.249068657456649,01,01,1,0,True,completed
0,known_visit,PI,bernoulli,drop_0.25,19,361,4,20,targets_20_pi_h1_bernoulli_025,objective_tuning_target_load_pilot_25\scenarios\known_visit_g19_t20_n25.csv,9,12,12,38.11518855592755,38.11518855592755,02,02,1,0,True,completed
0,known_visit,PI,bernoulli,drop_0.25,19,361,4,20,targets_20_pi_h1_bernoulli_025,objective_tuning_target_load_pilot_25\scenarios\known_visit_g19_t20_n25.csv,10,16,5,34.73251804755805,34.73251804755805,00,00,1,0,True,completed
0,known_visit,PI,bernoulli,drop_0.25,19,361,4,20,targets_20_pi_h1_bernoulli_025,objective_tuning_target_load_pilot_25\scenarios\known_visit_g19_t20_n25.csv,11,10,14,30.878580787680175,30.878580787680175,02,02,2,1,True,completed
0,known_visit,PI,bernoulli,drop_0.25,19,361,4,20,targets_20_pi_h1_bernoulli_025,objective_tuning_target_load_pilot_25\scenarios\known_visit_g19_t20_n25.csv,12,3,18,3.6729784677207227,3.6729784677207227,03,03,1,0,True,completed
0,known_visit,PI,bernoulli,drop_0.25,19,361,4,20,targets_20_pi_h1_bernoulli_025,objective_tuning_target_load_pilot_25\scenarios\known_visit_g19_t20_n25.csv,13,10,12,27.60473627250545,27.60473627250545,02,02,2,1,True,completed
0,known_visit,PI,bernoulli,drop_0.25,19,361,4,20,targets_20_pi_h1_bernoulli_025,objective_tuning_target_load_pilot_25\scenarios\known_visit_g19_t20_n25.csv,14,5,18,6.989746986595665,6.989746986595665,03,03,1,0,True,completed
0,known_visit,PI,bernoulli,drop_0.25,19,361,4,20,targets_20_pi_h1_bernoulli_025,objective_tuning_target_load_pilot_25\scenarios\known_visit_g19_t20_n25.csv,15,13,14,27.6524008413967,27.6524008413967,03,03,1,0,True,completed
0,known_visit,PI,bernoulli,drop_0.25,19,361,4,20,targets_20_pi_h1_bernoulli_025,objective_tuning_target_load_pilot_25\scenarios\known_visit_g19_t20_n25.csv,16,4,11,15.01069883360103,15.01069883360103,02,02,1,0,True,completed
0,known_visit,PI,bernoulli,drop_0.25,19,361,4,20,targets_20_pi_h1_bernoulli_025,objective_tuning_target_load_pilot_25\scenarios\known_visit_g19_t20_n25.csv,17,12,18,18.94705231717914,18.94705231717914,03,03,1,0,True,completed
0,known_visit,PI,bernoulli,drop_0.25,19,361,4,20,targets_20_pi_h1_bernoulli_025,objective_tuning_target_load_pilot_25\scenarios\known_visit_g19_t20_n25.csv,18,1,14,3.872052099596779,3.872052099596779,02,02,1,0,True,completed
0,known_visit,PI,bernoulli,drop_0.25,19,361,4,20,targets_20_pi_h1_bernoulli_025,objective_tuning_target_load_pilot_25\scenarios\known_visit_g19_t20_n25.csv,19,15,10,45.47166449135273,45.47166449135273,00,00,1,0,True,completed
0,known_visit,PI,bernoulli,drop_0.25,19,361,4,20,targets_20_pi_h1_bernoulli_025,objective_tuning_target_load_pilot_25\scenarios\known_visit_g19_t20_n25.csv,20,11,10,36.40907806543864,36.40907806543864,01,01,2,1,True,completed
1,known_visit,PI,bernoulli,drop_0.25,19,361,4,20,targets_20_pi_h1_bernoulli_025,objective_tuning_target_load_pilot_25\scenarios\known_visit_g19_t20_n25.csv,1,10,3,40.22997369171522,40.22997369171522,00,00,3,2,True,completed
1,known_visit,PI,bernoulli,drop_0.25,19,361,4,20,targets_20_pi_h1_bernoulli_025,objective_tuning_target_load_pilot_25\scenarios\known_visit_g19_t20_n25.csv,2,7,11,23.42059247444721,23.42059247444721,03,03,1,0,True,completed
1,known_visit,PI,bernoulli,drop_0.25,19,361,4,20,targets_20_pi_h1_bernoulli_025,objective_tuning_target_load_pilot_25\scenarios\known_visit_g19_t20_n25.csv,3,0,1,0.4214987836657712,0.4214987836657712,00,00,2,1,True,completed
1,known_visit,PI,bernoulli,drop_0.25,19,361,4,20,targets_20_pi_h1_bernoulli_025,objective_tuning_target_load_pilot_25\scenarios\known_visit_g19_t20_n25.csv,4,9,4,39.035830839019354,39.035830839019354,02,02,2,1,True,completed
1,known_visit,PI,bernoulli,drop_0.25,19,361,4,20,targets_20_pi_h1_bernoulli_025,objective_tuning_target_load_pilot_25\scenarios\known_visit_g19_t20_n25.csv,5,0,3,3.687304020393966,3.687304020393966,00,00,3,2,True,completed
1,known_visit,PI,bernoulli,drop_0.25,19,361,4,20,targets_20_pi_h1_bernoulli_025,objective_tuning_target_load_pilot_25\scenarios\known_visit_g19_t20_n25.csv,6,3,5,9.75729954042315,9.75729954042315,01,01,2,1,True,completed
1,known_visit,PI,bernoulli,drop_0.25,19,361,4,20,targets_20_pi_h1_bernoulli_025,objective_tuning_target_load_pilot_25\scenarios\known_visit_g19_t20_n25.csv,7,1,17,2.142441251043624,2.142441251043624,03,03,1,0,True,completed
1,known_visit,PI,bernoulli,drop_0.25,19,361,4,20,targets_20_pi_h1_bernoulli_025,objective_tuning_target_load_pilot_25\scenarios\known_visit_g19_t20_n25.csv,8,3,17,5.832488610601911,5.832488610601911,03,03,1,0,True,completed
1,known_visit,PI,bernoulli,drop_0.25,19,361,4,20,targets_20_pi_h1_bernoulli_025,objective_tuning_target_load_pilot_25\scenarios\known_visit_g19_t20_n25.csv,9,12,8,26.825380652611123,26.825380652611123,02,02,2,1,True,completed
1,known_visit,PI,bernoulli,drop_0.25,19,361,4,20,targets_20_pi_h1_bernoulli_025,objective_tuning_target_load_pilot_25\scenarios\known_visit_g19_t20_n25.csv,10,15,13,76.45993143594937,76.45993143594937,01,01,1,0,True,completed
1,known_visit,PI,bernoulli,drop_0.25,19,361,4,20,targets_20_pi_h1_bernoulli_025,objective_tuning_target_load_pilot_25\scenarios\known_visit_g19_t20_n25.csv,11,5,5,13.471565678150027,13.471565678150027,01,01,2,1,True,completed
1,known_visit,PI,bernoulli,drop_0.25,19,361,4,20,targets_20_pi_h1_bernoulli_025,objective_tuning_target_load_pilot_25\scenarios\known_visit_g19_t20_n25.csv,12,18,7,64.92097648121621,64.92097648121621,00,00,1,0,True,completed
1,known_visit,PI,bernoulli,drop_0.25,19,361,4,20,targets_20_pi_h1_bernoulli_025,objective_tuning_target_load_pilot_25\scenarios\known_visit_g19_t20_n25.csv,13,2,12,1.920224376412752,1.920224376412752,02,02,1,0,True,completed
1,known_visit,PI,bernoulli,drop_0.25,19,361,4,20,targets_20_pi_h1_bernoulli_025,objective_tuning_target_load_pilot_25\scenarios\known_visit_g19_t20_n25.csv,14,1,3,5.643572406375744,5.643572406375744,00,00,3,2,True,completed
1,known_visit,PI,bernoulli,drop_0.25,19,361,4,20,targets_20_pi_h1_bernoulli_025,objective_tuning_target_load_pilot_25\scenarios\known_visit_g19_t20_n25.csv,15,8,10,16.04189332008307,16.04189332008307,02,02,1,0,True,completed
1,known_visit,PI,bernoulli,drop_0.25,19,361,4,20,targets_20_pi_h1_bernoulli_025,objective_tuning_target_load_pilot_25\scenarios\known_visit_g19_t20_n25.csv,16,4,1,22.343580642259614,22.343580642259614,00,00,2,1,True,completed
1,known_visit,PI,bernoulli,drop_0.25,19,361,4,20,targets_20_pi_h1_bernoulli_025,objective_tuning_target_load_pilot_25\scenarios\known_visit_g19_t20_n25.csv,17,4,10,9.169039122118303,9.169039122118303,02,02,1,0,True,completed
1,known_visit,PI,bernoulli,drop_0.25,19,361,4,20,targets_20_pi_h1_bernoulli_025,objective_tuning_target_load_pilot_25\scenarios\known_visit_g19_t20_n25.csv,18,16,15,81.74691797130649,81.74691797130649,01,01,1,0,True,completed
1,known_visit,PI,bernoulli,drop_0.25,19,361,4,20,targets_20_pi_h1_bernoulli_025,objective_tuning_target_load_pilot_25\scenarios\known_visit_g19_t20_n25.csv,19,2,7,22.530972251757614,22.530972251757614,01,01,1,0,True,completed
1,known_visit,PI,bernoulli,drop_0.25,19,361,4,20,targets_20_pi_h1_bernoulli_025,objective_tuning_target_load_pilot_25\scenarios\known_visit_g19_t20_n25.csv,20,10,2,38.51069034741744,38.51069034741744,00,00,2,1,True,completed
2,known_visit,PI,bernoulli,drop_0.25,19,361,4,20,targets_20_pi_h1_bernoulli_025,objective_tuning_target_load_pilot_25\scenarios\known_visit_g19_t20_n25.csv,1,8,17,14.609898317897988,14.609898317897988,03,03,2,1,True,completed
2,known_visit,PI,bernoulli,drop_0.25,19,361,4,20,targets_20_pi_h1_bernoulli_025,objective_tuning_target_load_pilot_25\scenarios\known_visit_g19_t20_n25.csv,2,9,7,26.317900903517412,26.317900903517412,00,00,3,2,True,completed
2,known_visit,PI,bernoulli,drop_0.25,19,361,4,20,targets_20_pi_h1_bernoulli_025,objective_tuning_target_load_pilot_25\scenarios\known_visit_g19_t20_n25.csv,3,13,2,50.563027094766696,50.563027094766696,02,02,1,0,True,completed
2,known_visit,PI,bernoulli,drop_0.25,19,361,4,20,targets_20_pi_h1_bernoulli_025,objective_tuning_target_load_pilot_25\scenarios\known_visit_g19_t20_n25.csv,4,17,3,59.55046537380025,59.55046537380025,02,02,1,0,True,completed
2,known_visit,PI,bernoulli,drop_0.25,19,361,4,20,targets_20_pi_h1_bernoulli_025,objective_tuning_target_load_pilot_25\scenarios\known_visit_g19_t20_n25.csv,5,16,16,49.14112188431745,49.14112188431745,03,03,1,0,True,completed
2,known_visit,PI,bernoulli,drop_0.25,19,361,4,20,targets_20_pi_h1_bernoulli_025,objective_tuning_target_load_pilot_25\scenarios\known_visit_g19_t20_n25.csv,6,10,9,29.331071167841987,29.331071167841987,02,02,2,1,True,completed
2,known_visit,PI,bernoulli,drop_0.25,19,361,4,20,targets_20_pi_h1_bernoulli_025,objective_tuning_target_load_pilot_25\scenarios\known_visit_g19_t20_n25.csv,7,9,6,24.698804625819186,24.698804625819186,00,00,3,2,True,completed
2,known_visit,PI,bernoulli,drop_0.25,19,361,4,20,targets_20_pi_h1_bernoulli_025,objective_tuning_target_load_pilot_25\scenarios\known_visit_g19_t20_n25.csv,8,17,15,52.85065409694644,52.85065409694644,03,03,1,0,True,completed
2,known_visit,PI,bernoulli,drop_0.25,19,361,4,20,targets_20_pi_h1_bernoulli_025,objective_tuning_target_load_pilot_25\scenarios\known_visit_g19_t20_n25.csv,9,6,12,16.63294049483977,16.63294049483977,02,02,1,0,True,completed
2,known_visit,PI,bernoulli,drop_0.25,19,361,4,20,targets_20_pi_h1_bernoulli_025,objective_tuning_target_load_pilot_25\scenarios\known_visit_g19_t20_n25.csv,10,17,0,69.11196027819284,69.11196027819284,02,02,1,0,True,completed
2,known_visit,PI,bernoulli,drop_0.25,19,361,4,20,targets_20_pi_h1_bernoulli_025,objective_tuning_target_load_pilot_25\scenarios\known_visit_g19_t20_n25.csv,11,1,17,2.2875179117859488,2.2875179117859488,03,03,1,0,True,completed
2,known_visit,PI,bernoulli,drop_0.25,19,361,4,20,targets_20_pi_h1_bernoulli_025,objective_tuning_target_load_pilot_25\scenarios\known_visit_g19_t20_n25.csv,12,7,10,22.044758360802202,22.044758360802202,02,02,1,0,True,completed
2,known_visit,PI,bernoulli,drop_0.25,19,361,4,20,targets_20_pi_h1_bernoulli_025,objective_tuning_target_load_pilot_25\scenarios\known_visit_g19_t20_n25.csv,13,13,18,39.91725991059565,39.91725991059565,03,03,1,0,True,completed
2,known_visit,PI,bernoulli,drop_0.25,19,361,4,20,targets_20_pi_h1_bernoulli_025,objective_tuning_target_load_pilot_25\scenarios\known_visit_g19_t20_n25.csv,14,11,15,23.583322967662347,23.583322967662347,03,03,1,0,True,completed
2,known_visit,PI,bernoulli,drop_0.25,19,361,4,20,targets_20_pi_h1_bernoulli_025,objective_tuning_target_load_pilot_25\scenarios\known_visit_g19_t20_n25.csv,15,0,1,0.45405461622514587,0.45405461622514587,00,00,1,0,True,completed
2,known_visit,PI,bernoulli,drop_0.25,19,361,4,20,targets_20_pi_h1_bernoulli_025,objective_tuning_target_load_pilot_25\scenarios\known_visit_g19_t20_n25.csv,16,3,17,6.102851107108075,6.102851107108075,03,03,1,0,True,completed
2,known_visit,PI,bernoulli,drop_0.25,19,361,4,20,targets_20_pi_h1_bernoulli_025,objective_tuning_target_load_pilot_25\scenarios\known_visit_g19_t20_n25.csv,17,3,0,40.66515703855065,40.66515703855065,01,01,1,0,True,completed
2,known_visit,PI,bernoulli,drop_0.25,19,361,4,20,targets_20_pi_h1_bernoulli_025,objective_tuning_target_load_pilot_25\scenarios\known_visit_g19_t20_n25.csv,18,13,13,30.90670991193546,30.90670991193546,03,03,1,0,True,completed
2,known_visit,PI,bernoulli,drop_0.25,19,361,4,20,targets_20_pi_h1_bernoulli_025,objective_tuning_target_load_pilot_25\scenarios\known_visit_g19_t20_n25.csv,19,15,18,43.66603921305602,43.66603921305602,03,03,1,0,True,completed
2,known_visit,PI,bernoulli,drop_0.25,19,361,4,20,targets_20_pi_h1_bernoulli_025,objective_tuning_target_load_pilot_25\scenarios\known_visit_g19_t20_n25.csv,20,0,2,2.0696800047712895,2.0696800047712895,00,00,1,0,True,completed
3,known_visit,PI,bernoulli,drop_0.25,19,361,4,20,targets_20_pi_h1_bernoulli_025,objective_tuning_target_load_pilot_25\scenarios\known_visit_g19_t20_n25.csv,1,12,12,34.06781740375023,34.06781740375023,02,02,2,1,True,completed
3,known_visit,PI,bernoulli,drop_0.25,19,361,4,20,targets_20_pi_h1_bernoulli_025,objective_tuning_target_load_pilot_25\scenarios\known_visit_g19_t20_n25.csv,2,17,11,44.7250572264542,44.7250572264542,02,02,1,0,True,completed
3,known_visit,PI,bernoulli,drop_0.25,19,361,4,20,targets_20_pi_h1_bernoulli_025,objective_tuning_target_load_pilot_25\scenarios\known_visit_g19_t20_n25.csv,3,2,6,1.8809467537029232,1.8809467537029232,01,01,1,0,True,completed
3,known_visit,PI,bernoulli,drop_0.25,19,361,4,20,targets_20_pi_h1_bernoulli_025,objective_tuning_target_load_pilot_25\scenarios\known_visit_g19_t20_n25.csv,4,9,13,23.688795474651137,23.688795474651137,03,03,2,1,True,completed
3,known_visit,PI,bernoulli,drop_0.25,19,361,4,20,targets_20_pi_h1_bernoulli_025,objective_tuning_target_load_pilot_25\scenarios\known_visit_g19_t20_n25.csv,5,2,17,4.086915443453691,4.086915443453691,03,03,1,0,True,completed
3,known_visit,PI,bernoulli,drop_0.25,19,361,4,20,targets_20_pi_h1_bernoulli_025,objective_tuning_target_load_pilot_25\scenarios\known_visit_g19_t20_n25.csv,6,6,11,10.55564648746256,10.55564648746256,02,02,2,1,True,completed
3,known_visit,PI,bernoulli,drop_0.25,19,361,4,20,targets_20_pi_h1_bernoulli_025,objective_tuning_target_load_pilot_25\scenarios\known_visit_g19_t20_n25.csv,7,17,3,58.63039725454795,58.63039725454795,00,00,1,0,True,completed
3,known_visit,PI,bernoulli,drop_0.25,19,361,4,20,targets_20_pi_h1_bernoulli_025,objective_tuning_target_load_pilot_25\scenarios\known_visit_g19_t20_n25.csv,8,5,8,10.831995526142665,10.831995526142665,01,01,1,0,True,completed
3,known_visit,PI,bernoulli,drop_0.25,19,361,4,20,targets_20_pi_h1_bernoulli_025,objective_tuning_target_load_pilot_25\scenarios\known_visit_g19_t20_n25.csv,9,14,10,40.52308344831883,40.52308344831883,00,00,2,1,True,completed
3,known_visit,PI,bernoulli,drop_0.25,19,361,4,20,targets_20_pi_h1_bernoulli_025,objective_tuning_target_load_pilot_25\scenarios\known_visit_g19_t20_n25.csv,10,16,4,54.93344692203545,54.93344692203545,00,00,2,1,True,completed
3,known_visit,PI,bernoulli,drop_0.25,19,361,4,20,targets_20_pi_h1_bernoulli_025,objective_tuning_target_load_pilot_25\scenarios\known_visit_g19_t20_n25.csv,11,8,15,18.18250480347539,18.18250480347539,03,03,1,0,True,completed
3,known_visit,PI,bernoulli,drop_0.25,19,361,4,20,targets_20_pi_h1_bernoulli_025,objective_tuning_target_load_pilot_25\scenarios\known_visit_g19_t20_n25.csv,12,18,8,51.696750627787715,51.696750627787715,02,02,2,1,True,completed
3,known_visit,PI,bernoulli,drop_0.25,19,361,4,20,targets_20_pi_h1_bernoulli_025,objective_tuning_target_load_pilot_25\scenarios\known_visit_g19_t20_n25.csv,13,9,8,21.27844399427673,21.27844399427673,02,02,2,1,True,completed
3,known_visit,PI,bernoulli,drop_0.25,19,361,4,20,targets_20_pi_h1_bernoulli_025,objective_tuning_target_load_pilot_25\scenarios\known_visit_g19_t20_n25.csv,14,6,10,12.289337117082404,12.289337117082404,02,02,2,1,True,completed
3,known_visit,PI,bernoulli,drop_0.25,19,361,4,20,targets_20_pi_h1_bernoulli_025,objective_tuning_target_load_pilot_25\scenarios\known_visit_g19_t20_n25.csv,15,10,16,31.052836719415033,31.052836719415033,03,03,2,1,True,completed
3,known_visit,PI,bernoulli,drop_0.25,19,361,4,20,targets_20_pi_h1_bernoulli_025,objective_tuning_target_load_pilot_25\scenarios\known_visit_g19_t20_n25.csv,16,10,8,30.064603005248998,30.064603005248998,00,00,2,1,True,completed
3,known_visit,PI,bernoulli,drop_0.25,19,361,4,20,targets_20_pi_h1_bernoulli_025,objective_tuning_target_load_pilot_25\scenarios\known_visit_g19_t20_n25.csv,17,12,0,72.46728775508126,72.46728775508126,00,00,1,0,True,completed
3,known_visit,PI,bernoulli,drop_0.25,19,361,4,20,targets_20_pi_h1_bernoulli_025,objective_tuning_target_load_pilot_25\scenarios\known_visit_g19_t20_n25.csv,18,6,6,19.3853590624025,19.3853590624025,00,00,1,0,True,completed
3,known_visit,PI,bernoulli,drop_0.25,19,361,4,20,targets_20_pi_h1_bernoulli_025,objective_tuning_target_load_pilot_25\scenarios\known_visit_g19_t20_n25.csv,19,1,18,0.20323283381718227,0.20323283381718227,03,03,1,0,True,completed
3,known_visit,PI,bernoulli,drop_0.25,19,361,4,20,targets_20_pi_h1_bernoulli_025,objective_tuning_target_load_pilot_25\scenarios\known_visit_g19_t20_n25.csv,20,3,12,3.612761621953982,3.612761621953982,02,02,2,1,True,completed
4,known_visit,PI,bernoulli,drop_0.25,19,361,4,20,targets_20_pi_h1_bernoulli_025,objective_tuning_target_load_pilot_25\scenarios\known_visit_g19_t20_n25.csv,1,10,14,33.66268615663239,33.66268615663239,02,02,1,0,True,completed
4,known_visit,PI,bernoulli,drop_0.25,19,361,4,20,targets_20_pi_h1_bernoulli_025,objective_tuning_target_load_pilot_25\scenarios\known_visit_g19_t20_n25.csv,2,3,1,9.432822668931706,9.432822668931706,00,00,1,0,True,completed
4,known_visit,PI,bernoulli,drop_0.25,19,361,4,20,targets_20_pi_h1_bernoulli_025,objective_tuning_target_load_pilot_25\scenarios\known_visit_g19_t20_n25.csv,3,12,5,32.485593750210676,32.485593750210676,00,00,1,0,True,completed
4,known_visit,PI,bernoulli,drop_0.25,19,361,4,20,targets_20_pi_h1_bernoulli_025,objective_tuning_target_load_pilot_25\scenarios\known_visit_g19_t20_n25.csv,4,12,17,21.920889941032975,21.920889941032975,03,03,1,0,True,completed
4,known_visit,PI,bernoulli,drop_0.25,19,361,4,20,targets_20_pi_h1_bernoulli_025,objective_tuning_target_load_pilot_25\scenarios\known_visit_g19_t20_n25.csv,5,17,8,54.02248487195334,54.02248487195334,00,00,1,0,True,completed
4,known_visit,PI,bernoulli,drop_0.25,19,361,4,20,targets_20_pi_h1_bernoulli_025,objective_tuning_target_load_pilot_25\scenarios\known_visit_g19_t20_n25.csv,6,8,7,51.112830483573404,51.112830483573404,03,03,2,1,True,completed
4,known_visit,PI,bernoulli,drop_0.25,19,361,4,20,targets_20_pi_h1_bernoulli_025,objective_tuning_target_load_pilot_25\scenarios\known_visit_g19_t20_n25.csv,7,17,13,66.91347680876031,66.91347680876031,00,00,1,0,True,completed
4,known_visit,PI,bernoulli,drop_0.25,19,361,4,20,targets_20_pi_h1_bernoulli_025,objective_tuning_target_load_pilot_25\scenarios\known_visit_g19_t20_n25.csv,8,4,6,5.4803969555139505,5.4803969555139505,01,01,2,1,True,completed
4,known_visit,PI,bernoulli,drop_0.25,19,361,4,20,targets_20_pi_h1_bernoulli_025,objective_tuning_target_load_pilot_25\scenarios\known_visit_g19_t20_n25.csv,9,5,18,17.958334394852546,17.958334394852546,02,02,2,1,True,completed
4,known_visit,PI,bernoulli,drop_0.25,19,361,4,20,targets_20_pi_h1_bernoulli_025,objective_tuning_target_load_pilot_25\scenarios\known_visit_g19_t20_n25.csv,10,10,10,38.27443703703934,38.27443703703934,03,03,2,1,True,completed
4,known_visit,PI,bernoulli,drop_0.25,19,361,4,20,targets_20_pi_h1_bernoulli_025,objective_tuning_target_load_pilot_25\scenarios\known_visit_g19_t20_n25.csv,11,2,2,5.428638474932224,5.428638474932224,00,00,2,1,True,completed
4,known_visit,PI,bernoulli,drop_0.25,19,361,4,20,targets_20_pi_h1_bernoulli_025,objective_tuning_target_load_pilot_25\scenarios\known_visit_g19_t20_n25.csv,12,8,1,18.28085770126075,18.28085770126075,00,00,1,0,True,completed
4,known_visit,PI,bernoulli,drop_0.25,19,361,4,20,targets_20_pi_h1_bernoulli_025,objective_tuning_target_load_pilot_25\scenarios\known_visit_g19_t20_n25.csv,13,2,13,3.857536429913484,3.857536429913484,02,02,2,1,True,completed
4,known_visit,PI,bernoulli,drop_0.25,19,361,4,20,targets_20_pi_h1_bernoulli_025,objective_tuning_target_load_pilot_25\scenarios\known_visit_g19_t20_n25.csv,14,7,8,47.12877739891305,47.12877739891305,03,03,2,1,True,completed
4,known_visit,PI,bernoulli,drop_0.25,19,361,4,20,targets_20_pi_h1_bernoulli_025,objective_tuning_target_load_pilot_25\scenarios\known_visit_g19_t20_n25.csv,15,4,17,7.6930550985578625,7.6930550985578625,03,03,2,1,True,completed
4,known_visit,PI,bernoulli,drop_0.25,19,361,4,20,targets_20_pi_h1_bernoulli_025,objective_tuning_target_load_pilot_25\scenarios\known_visit_g19_t20_n25.csv,16,2,12,1.8766975379751782,1.8766975379751782,02,02,2,1,True,completed
4,known_visit,PI,bernoulli,drop_0.25,19,361,4,20,targets_20_pi_h1_bernoulli_025,objective_tuning_target_load_pilot_25\scenarios\known_visit_g19_t20_n25.csv,17,5,4,10.99168471667887,10.99168471667887,01,01,2,1,True,completed
4,known_visit,PI,bernoulli,drop_0.25,19,361,4,20,targets_20_pi_h1_bernoulli_025,objective_tuning_target_load_pilot_25\scenarios\known_visit_g19_t20_n25.csv,18,11,12,32.86261431510127,32.86261431510127,03,03,2,1,True,completed
4,known_visit,PI,bernoulli,drop_0.25,19,361,4,20,targets_20_pi_h1_bernoulli_025,objective_tuning_target_load_pilot_25\scenarios\known_visit_g19_t20_n25.csv,19,11,2,25.524915925746388,25.524915925746388,00,00,1,0,True,completed
4,known_visit,PI,bernoulli,drop_0.25,19,361,4,20,targets_20_pi_h1_bernoulli_025,objective_tuning_target_load_pilot_25\scenarios\known_visit_g19_t20_n25.csv,20,13,9,41.36872241170545,41.36872241170545,00,00,1,0,True,completed
5,known_visit,PI,bernoulli,drop_0.25,19,361,4,20,targets_20_pi_h1_bernoulli_025,objective_tuning_target_load_pilot_25\scenarios\known_visit_g19_t20_n25.csv,1,11,10,34.65209592953571,34.65209592953571,03,03,1,0,True,completed
5,known_visit,PI,bernoulli,drop_0.25,19,361,4,20,targets_20_pi_h1_bernoulli_025,objective_tuning_target_load_pilot_25\scenarios\known_visit_g19_t20_n25.csv,2,3,13,16.0424408074571,16.0424408074571,02,02,1,0,True,completed
5,known_visit,PI,bernoulli,drop_0.25,19,361,4,20,targets_20_pi_h1_bernoulli_025,objective_tuning_target_load_pilot_25\scenarios\known_visit_g19_t20_n25.csv,3,17,2,35.9045515013774,35.9045515013774,00,00,1,0,True,completed
5,known_visit,PI,bernoulli,drop_0.25,19,361,4,20,targets_20_pi_h1_bernoulli_025,objective_tuning_target_load_pilot_25\scenarios\known_visit_g19_t20_n25.csv,4,10,12,30.444889147344284,30.444889147344284,02,02,1,0,True,completed
5,known_visit,PI,bernoulli,drop_0.25,19,361,4,20,targets_20_pi_h1_bernoulli_025,objective_tuning_target_load_pilot_25\scenarios\known_visit_g19_t20_n25.csv,5,7,0,14.61886553550998,14.61886553550998,00,00,1,0,True,completed
5,known_visit,PI,bernoulli,drop_0.25,19,361,4,20,targets_20_pi_h1_bernoulli_025,objective_tuning_target_load_pilot_25\scenarios\known_visit_g19_t20_n25.csv,6,1,9,5.418424055091095,5.418424055091095,02,02,2,1,True,completed
5,known_visit,PI,bernoulli,drop_0.25,19,361,4,20,targets_20_pi_h1_bernoulli_025,objective_tuning_target_load_pilot_25\scenarios\known_visit_g19_t20_n25.csv,7,9,9,29.303533863528514,29.303533863528514,03,03,1,0,True,completed
5,known_visit,PI,bernoulli,drop_0.25,19,361,4,20,targets_20_pi_h1_bernoulli_025,objective_tuning_target_load_pilot_25\scenarios\known_visit_g19_t20_n25.csv,8,5,1,8.969622089924158,8.969622089924158,00,00,1,0,True,completed
5,known_visit,PI,bernoulli,drop_0.25,19,361,4,20,targets_20_pi_h1_bernoulli_025,objective_tuning_target_load_pilot_25\scenarios\known_visit_g19_t20_n25.csv,9,12,13,46.98091853256587,46.98091853256587,01,01,1,0,True,completed
5,known_visit,PI,bernoulli,drop_0.25,19,361,4,20,targets_20_pi_h1_bernoulli_025,objective_tuning_target_load_pilot_25\scenarios\known_visit_g19_t20_n25.csv,10,16,10,45.03509361959037,45.03509361959037,02,02,1,0,True,completed
5,known_visit,PI,bernoulli,drop_0.25,19,361,4,20,targets_20_pi_h1_bernoulli_025,objective_tuning_target_load_pilot_25\scenarios\known_visit_g19_t20_n25.csv,11,17,5,41.29329920321975,41.29329920321975,00,00,1,0,True,completed
5,known_visit,PI,bernoulli,drop_0.25,19,361,4,20,targets_20_pi_h1_bernoulli_025,objective_tuning_target_load_pilot_25\scenarios\known_visit_g19_t20_n25.csv,12,18,6,45.040083797996274,45.040083797996274,00,00,1,0,True,completed
5,known_visit,PI,bernoulli,drop_0.25,19,361,4,20,targets_20_pi_h1_bernoulli_025,objective_tuning_target_load_pilot_25\scenarios\known_visit_g19_t20_n25.csv,13,11,11,34.083021923657725,34.083021923657725,02,02,1,0,True,completed
5,known_visit,PI,bernoulli,drop_0.25,19,361,4,20,targets_20_pi_h1_bernoulli_025,objective_tuning_target_load_pilot_25\scenarios\known_visit_g19_t20_n25.csv,14,8,9,27.602091679217516,27.602091679217516,03,03,3,2,True,completed
5,known_visit,PI,bernoulli,drop_0.25,19,361,4,20,targets_20_pi_h1_bernoulli_025,objective_tuning_target_load_pilot_25\scenarios\known_visit_g19_t20_n25.csv,15,12,2,26.996007340228786,26.996007340228786,00,00,1,0,True,completed
5,known_visit,PI,bernoulli,drop_0.25,19,361,4,20,targets_20_pi_h1_bernoulli_025,objective_tuning_target_load_pilot_25\scenarios\known_visit_g19_t20_n25.csv,16,8,3,18.015470076989246,18.015470076989246,01,01,2,1,True,completed
5,known_visit,PI,bernoulli,drop_0.25,19,361,4,20,targets_20_pi_h1_bernoulli_025,objective_tuning_target_load_pilot_25\scenarios\known_visit_g19_t20_n25.csv,17,13,16,54.08457070102534,54.08457070102534,01,01,1,0,True,completed
5,known_visit,PI,bernoulli,drop_0.25,19,361,4,20,targets_20_pi_h1_bernoulli_025,objective_tuning_target_load_pilot_25\scenarios\known_visit_g19_t20_n25.csv,18,1,12,0.1481866822820218,0.1481866822820218,02,02,2,1,True,completed
5,known_visit,PI,bernoulli,drop_0.25,19,361,4,20,targets_20_pi_h1_bernoulli_025,objective_tuning_target_load_pilot_25\scenarios\known_visit_g19_t20_n25.csv,19,8,12,26.79693171098162,26.79693171098162,02,02,2,1,True,completed
5,known_visit,PI,bernoulli,drop_0.25,19,361,4,20,targets_20_pi_h1_bernoulli_025,objective_tuning_target_load_pilot_25\scenarios\known_visit_g19_t20_n25.csv,20,4,5,7.573739076040764,7.573739076040764,01,01,1,0,True,completed
6,known_visit,PI,bernoulli,drop_0.25,19,361,4,20,targets_20_pi_h1_bernoulli_025,objective_tuning_target_load_pilot_25\scenarios\known_visit_g19_t20_n25.csv,1,2,9,7.006744377934307,7.006744377934307,02,02,2,1,True,completed
6,known_visit,PI,bernoulli,drop_0.25,19,361,4,20,targets_20_pi_h1_bernoulli_025,objective_tuning_target_load_pilot_25\scenarios\known_visit_g19_t20_n25.csv,2,9,11,23.019194629179104,23.019194629179104,02,02,2,1,True,completed
6,known_visit,PI,bernoulli,drop_0.25,19,361,4,20,targets_20_pi_h1_bernoulli_025,objective_tuning_target_load_pilot_25\scenarios\known_visit_g19_t20_n25.csv,3,17,12,67.10865670960018,67.10865670960018,03,03,1,0,True,completed
6,known_visit,PI,bernoulli,drop_0.25,19,361,4,20,targets_20_pi_h1_bernoulli_025,objective_tuning_target_load_pilot_25\scenarios\known_visit_g19_t20_n25.csv,4,16,3,51.44416154736649,51.44416154736649,01,01,2,1,True,completed
6,known_visit,PI,bernoulli,drop_0.25,19,361,4,20,targets_20_pi_h1_bernoulli_025,objective_tuning_target_load_pilot_25\scenarios\known_visit_g19_t20_n25.csv,5,18,4,60.10503814419858,60.10503814419858,02,02,1,0,True,completed
6,known_visit,PI,bernoulli,drop_0.25,19,361,4,20,targets_20_pi_h1_bernoulli_025,objective_tuning_target_load_pilot_25\scenarios\known_visit_g19_t20_n25.csv,6,12,18,26.37628761516962,26.37628761516962,03,03,2,1,True,completed
6,known_visit,PI,bernoulli,drop_0.25,19,361,4,20,targets_20_pi_h1_bernoulli_025,objective_tuning_target_load_pilot_25\scenarios\known_visit_g19_t20_n25.csv,7,11,8,21.44370060305359,21.44370060305359,01,01,2,1,True,completed
6,known_visit,PI,bernoulli,drop_0.25,19,361,4,20,targets_20_pi_h1_bernoulli_025,objective_tuning_target_load_pilot_25\scenarios\known_visit_g19_t20_n25.csv,8,14,6,34.82746701516823,34.82746701516823,01,01,2,1,True,completed
6,known_visit,PI,bernoulli,drop_0.25,19,361,4,20,targets_20_pi_h1_bernoulli_025,objective_tuning_target_load_pilot_25\scenarios\known_visit_g19_t20_n25.csv,9,13,10,42.567305061644845,42.567305061644845,03,03,1,0,True,completed
6,known_visit,PI,bernoulli,drop_0.25,19,361,4,20,targets_20_pi_h1_bernoulli_025,objective_tuning_target_load_pilot_25\scenarios\known_visit_g19_t20_n25.csv,10,4,8,9.0915522181444,9.0915522181444,01,01,2,1,True,completed
6,known_visit,PI,bernoulli,drop_0.25,19,361,4,20,targets_20_pi_h1_bernoulli_025,objective_tuning_target_load_pilot_25\scenarios\known_visit_g19_t20_n25.csv,11,10,16,18.99473838443233,18.99473838443233,03,03,2,1,True,completed
6,known_visit,PI,bernoulli,drop_0.25,19,361,4,20,targets_20_pi_h1_bernoulli_025,objective_tuning_target_load_pilot_25\scenarios\known_visit_g19_t20_n25.csv,12,10,18,15.257554520468911,15.257554520468911,03,03,2,1,True,completed
6,known_visit,PI,bernoulli,drop_0.25,19,361,4,20,targets_20_pi_h1_bernoulli_025,objective_tuning_target_load_pilot_25\scenarios\known_visit_g19_t20_n25.csv,13,12,3,46.83387115266287,46.83387115266287,02,02,1,0,True,completed
6,known_visit,PI,bernoulli,drop_0.25,19,361,4,20,targets_20_pi_h1_bernoulli_025,objective_tuning_target_load_pilot_25\scenarios\known_visit_g19_t20_n25.csv,14,6,11,17.56614918004161,17.56614918004161,02,02,2,1,True,completed
6,known_visit,PI,bernoulli,drop_0.25,19,361,4,20,targets_20_pi_h1_bernoulli_025,objective_tuning_target_load_pilot_25\scenarios\known_visit_g19_t20_n25.csv,15,5,0,7.10913359185721,7.10913359185721,00,00,1,0,True,completed
6,known_visit,PI,bernoulli,drop_0.25,19,361,4,20,targets_20_pi_h1_bernoulli_025,objective_tuning_target_load_pilot_25\scenarios\known_visit_g19_t20_n25.csv,16,2,6,1.9237167837552014,1.9237167837552014,01,01,1,0,True,completed
6,known_visit,PI,bernoulli,drop_0.25,19,361,4,20,targets_20_pi_h1_bernoulli_025,objective_tuning_target_load_pilot_25\scenarios\known_visit_g19_t20_n25.csv,17,15,1,60.75118867623821,60.75118867623821,01,01,1,0,True,completed
6,known_visit,PI,bernoulli,drop_0.25,19,361,4,20,targets_20_pi_h1_bernoulli_025,objective_tuning_target_load_pilot_25\scenarios\known_visit_g19_t20_n25.csv,18,13,3,42.047902753175634,42.047902753175634,01,01,2,1,True,completed
6,known_visit,PI,bernoulli,drop_0.25,19,361,4,20,targets_20_pi_h1_bernoulli_025,objective_tuning_target_load_pilot_25\scenarios\known_visit_g19_t20_n25.csv,19,13,7,30.959197872463996,30.959197872463996,01,01,3,2,True,completed
6,known_visit,PI,bernoulli,drop_0.25,19,361,4,20,targets_20_pi_h1_bernoulli_025,objective_tuning_target_load_pilot_25\scenarios\known_visit_g19_t20_n25.csv,20,11,6,25.12297209524116,25.12297209524116,01,01,1,0,True,completed
7,known_visit,PI,bernoulli,drop_0.25,19,361,4,20,targets_20_pi_h1_bernoulli_025,objective_tuning_target_load_pilot_25\scenarios\known_visit_g19_t20_n25.csv,1,4,7,14.998114754206282,14.998114754206282,01,01,2,1,True,completed
7,known_visit,PI,bernoulli,drop_0.25,19,361,4,20,targets_20_pi_h1_bernoulli_025,objective_tuning_target_load_pilot_25\scenarios\known_visit_g19_t20_n25.csv,2,11,12,36.0790979393099,36.0790979393099,02,02,1,0,True,completed
7,known_visit,PI,bernoulli,drop_0.25,19,361,4,20,targets_20_pi_h1_bernoulli_025,objective_tuning_target_load_pilot_25\scenarios\known_visit_g19_t20_n25.csv,3,14,18,52.09511996360013,52.09511996360013,03,03,1,0,True,completed
7,known_visit,PI,bernoulli,drop_0.25,19,361,4,20,targets_20_pi_h1_bernoulli_025,objective_tuning_target_load_pilot_25\scenarios\known_visit_g19_t20_n25.csv,4,4,5,7.390460941459001,7.390460941459001,01,01,2,1,True,completed
7,known_visit,PI,bernoulli,drop_0.25,19,361,4,20,targets_20_pi_h1_bernoulli_025,objective_tuning_target_load_pilot_25\scenarios\known_visit_g19_t20_n25.csv,5,9,6,40.02561720540394,40.02561720540394,00,00,2,1,True,completed
7,known_visit,PI,bernoulli,drop_0.25,19,361,4,20,targets_20_pi_h1_bernoulli_025,objective_tuning_target_load_pilot_25\scenarios\known_visit_g19_t20_n25.csv,6,16,18,55.566120662757534,55.566120662757534,03,03,1,0,True,completed
7,known_visit,PI,bernoulli,drop_0.25,19,361,4,20,targets_20_pi_h1_bernoulli_025,objective_tuning_target_load_pilot_25\scenarios\known_visit_g19_t20_n25.csv,7,4,17,7.561836285893939,7.561836285893939,03,03,1,0,True,completed
7,known_visit,PI,bernoulli,drop_0.25,19,361,4,20,targets_20_pi_h1_bernoulli_025,objective_tuning_target_load_pilot_25\scenarios\known_visit_g19_t20_n25.csv,8,5,1,9.147601946786336,9.147601946786336,00,00,1,0,True,completed
7,known_visit,PI,bernoulli,drop_0.25,19,361,4,20,targets_20_pi_h1_bernoulli_025,objective_tuning_target_load_pilot_25\scenarios\known_visit_g19_t20_n25.csv,9,17,17,62.99537223080697,62.99537223080697,01,01,1,0,True,completed
7,known_visit,PI,bernoulli,drop_0.25,19,361,4,20,targets_20_pi_h1_bernoulli_025,objective_tuning_target_load_pilot_25\scenarios\known_visit_g19_t20_n25.csv,10,17,3,59.11061377942233,59.11061377942233,00,00,1,0,True,completed
7,known_visit,PI,bernoulli,drop_0.25,19,361,4,20,targets_20_pi_h1_bernoulli_025,objective_tuning_target_load_pilot_25\scenarios\known_visit_g19_t20_n25.csv,11,11,9,41.073081712674856,41.073081712674856,02,02,1,0,True,completed
7,known_visit,PI,bernoulli,drop_0.25,19,361,4,20,targets_20_pi_h1_bernoulli_025,objective_tuning_target_load_pilot_25\scenarios\known_visit_g19_t20_n25.csv,12,6,2,12.829103397939733,12.829103397939733,00,00,1,0,True,completed
7,known_visit,PI,bernoulli,drop_0.25,19,361,4,20,targets_20_pi_h1_bernoulli_025,objective_tuning_target_load_pilot_25\scenarios\known_visit_g19_t20_n25.csv,13,3,12,14.693859876989444,14.693859876989444,02,02,2,1,True,completed
7,known_visit,PI,bernoulli,drop_0.25,19,361,4,20,targets_20_pi_h1_bernoulli_025,objective_tuning_target_load_pilot_25\scenarios\known_visit_g19_t20_n25.csv,14,13,18,50.11313042914116,50.11313042914116,03,03,1,0,True,completed
7,known_visit,PI,bernoulli,drop_0.25,19,361,4,20,targets_20_pi_h1_bernoulli_025,objective_tuning_target_load_pilot_25\scenarios\known_visit_g19_t20_n25.csv,15,9,16,39.682059088251634,39.682059088251634,03,03,1,0,True,completed
7,known_visit,PI,bernoulli,drop_0.25,19,361,4,20,targets_20_pi_h1_bernoulli_025,objective_tuning_target_load_pilot_25\scenarios\known_visit_g19_t20_n25.csv,16,14,3,53.891472843473736,53.891472843473736,00,00,1,0,True,completed
7,known_visit,PI,bernoulli,drop_0.25,19,361,4,20,targets_20_pi_h1_bernoulli_025,objective_tuning_target_load_pilot_25\scenarios\known_visit_g19_t20_n25.csv,17,0,15,3.9244594691789136,3.9244594691789136,02,02,2,1,True,completed
7,known_visit,PI,bernoulli,drop_0.25,19,361,4,20,targets_20_pi_h1_bernoulli_025,objective_tuning_target_load_pilot_25\scenarios\known_visit_g19_t20_n25.csv,18,8,14,26.92243732085237,26.92243732085237,02,02,2,1,True,completed
7,known_visit,PI,bernoulli,drop_0.25,19,361,4,20,targets_20_pi_h1_bernoulli_025,objective_tuning_target_load_pilot_25\scenarios\known_visit_g19_t20_n25.csv,19,18,5,64.580352260034,64.580352260034,00,00,1,0,True,completed
7,known_visit,PI,bernoulli,drop_0.25,19,361,4,20,targets_20_pi_h1_bernoulli_025,objective_tuning_target_load_pilot_25\scenarios\known_visit_g19_t20_n25.csv,20,13,11,45.256667333951235,45.256667333951235,01,01,1,0,True,completed
8,known_visit,PI,bernoulli,drop_0.25,19,361,4,20,targets_20_pi_h1_bernoulli_025,objective_tuning_target_load_pilot_25\scenarios\known_visit_g19_t20_n25.csv,1,16,2,51.69889547858909,51.69889547858909,02,02,1,0,True,completed
8,known_visit,PI,bernoulli,drop_0.25,19,361,4,20,targets_20_pi_h1_bernoulli_025,objective_tuning_target_load_pilot_25\scenarios\known_visit_g19_t20_n25.csv,2,8,3,32.39825281476885,32.39825281476885,00,00,1,0,True,completed
8,known_visit,PI,bernoulli,drop_0.25,19,361,4,20,targets_20_pi_h1_bernoulli_025,objective_tuning_target_load_pilot_25\scenarios\known_visit_g19_t20_n25.csv,3,18,12,44.19851867707836,44.19851867707836,03,03,1,0,True,completed
8,known_visit,PI,bernoulli,drop_0.25,19,361,4,20,targets_20_pi_h1_bernoulli_025,objective_tuning_target_load_pilot_25\scenarios\known_visit_g19_t20_n25.csv,4,6,1,32.64027316845592,32.64027316845592,02,02,1,0,True,completed
8,known_visit,PI,bernoulli,drop_0.25,19,361,4,20,targets_20_pi_h1_bernoulli_025,objective_tuning_target_load_pilot_25\scenarios\known_visit_g19_t20_n25.csv,5,17,14,38.55256952837199,38.55256952837199,03,03,1,0,True,completed
8,known_visit,PI,bernoulli,drop_0.25,19,361,4,20,targets_20_pi_h1_bernoulli_025,objective_tuning_target_load_pilot_25\scenarios\known_visit_g19_t20_n25.csv,6,4,18,5.186582082019482,5.186582082019482,03,03,1,0,True,completed
8,known_visit,PI,bernoulli,drop_0.25,19,361,4,20,targets_20_pi_h1_bernoulli_025,objective_tuning_target_load_pilot_25\scenarios\known_visit_g19_t20_n25.csv,7,10,17,17.445223053248878,17.445223053248878,03,03,1,0,True,completed
8,known_visit,PI,bernoulli,drop_0.25,19,361,4,20,targets_20_pi_h1_bernoulli_025,objective_tuning_target_load_pilot_25\scenarios\known_visit_g19_t20_n25.csv,8,4,6,16.4614602683743,16.4614602683743,00,00,2,1,True,completed
8,known_visit,PI,bernoulli,drop_0.25,19,361,4,20,targets_20_pi_h1_bernoulli_025,objective_tuning_target_load_pilot_25\scenarios\known_visit_g19_t20_n25.csv,9,7,18,10.327862066088421,10.327862066088421,03,03,1,0,True,completed
8,known_visit,PI,bernoulli,drop_0.25,19,361,4,20,targets_20_pi_h1_bernoulli_025,objective_tuning_target_load_pilot_25\scenarios\known_visit_g19_t20_n25.csv,10,15,9,54.731800558526054,54.731800558526054,03,03,1,0,True,completed
8,known_visit,PI,bernoulli,drop_0.25,19,361,4,20,targets_20_pi_h1_bernoulli_025,objective_tuning_target_load_pilot_25\scenarios\known_visit_g19_t20_n25.csv,11,4,1,29.247933142713386,29.247933142713386,02,02,1,0,True,completed
8,known_visit,PI,bernoulli,drop_0.25,19,361,4,20,targets_20_pi_h1_bernoulli_025,objective_tuning_target_load_pilot_25\scenarios\known_visit_g19_t20_n25.csv,12,5,18,6.948571662144536,6.948571662144536,03,03,1,0,True,completed
8,known_visit,PI,bernoulli,drop_0.25,19,361,4,20,targets_20_pi_h1_bernoulli_025,objective_tuning_target_load_pilot_25\scenarios\known_visit_g19_t20_n25.csv,13,12,13,28.06420428544337,28.06420428544337,03,03,1,0,True,completed
8,known_visit,PI,bernoulli,drop_0.25,19,361,4,20,targets_20_pi_h1_bernoulli_025,objective_tuning_target_load_pilot_25\scenarios\known_visit_g19_t20_n25.csv,14,0,9,3.8513659475004753,3.8513659475004753,02,02,2,1,True,completed
8,known_visit,PI,bernoulli,drop_0.25,19,361,4,20,targets_20_pi_h1_bernoulli_025,objective_tuning_target_load_pilot_25\scenarios\known_visit_g19_t20_n25.csv,15,2,7,11.311248594764557,11.311248594764557,01,01,1,0,True,completed
8,known_visit,PI,bernoulli,drop_0.25,19,361,4,20,targets_20_pi_h1_bernoulli_025,objective_tuning_target_load_pilot_25\scenarios\known_visit_g19_t20_n25.csv,16,0,4,2.1475091582465082,2.1475091582465082,01,01,3,2,True,completed
8,known_visit,PI,bernoulli,drop_0.25,19,361,4,20,targets_20_pi_h1_bernoulli_025,objective_tuning_target_load_pilot_25\scenarios\known_visit_g19_t20_n25.csv,17,4,5,14.492537445552442,14.492537445552442,00,00,2,1,True,completed
8,known_visit,PI,bernoulli,drop_0.25,19,361,4,20,targets_20_pi_h1_bernoulli_025,objective_tuning_target_load_pilot_25\scenarios\known_visit_g19_t20_n25.csv,18,15,3,48.92234897117746,48.92234897117746,00,00,1,0,True,completed
8,known_visit,PI,bernoulli,drop_0.25,19,361,4,20,targets_20_pi_h1_bernoulli_025,objective_tuning_target_load_pilot_25\scenarios\known_visit_g19_t20_n25.csv,19,6,6,20.13448842884889,20.13448842884889,00,00,2,1,True,completed
8,known_visit,PI,bernoulli,drop_0.25,19,361,4,20,targets_20_pi_h1_bernoulli_025,objective_tuning_target_load_pilot_25\scenarios\known_visit_g19_t20_n25.csv,20,9,5,27.015510000896594,27.015510000896594,00,00,1,0,True,completed
9,known_visit,PI,bernoulli,drop_0.25,19,361,4,20,targets_20_pi_h1_bernoulli_025,objective_tuning_target_load_pilot_25\scenarios\known_visit_g19_t20_n25.csv,1,0,3,3.901999818412421,3.901999818412421,01,01,1,0,True,completed
9,known_visit,PI,bernoulli,drop_0.25,19,361,4,20,targets_20_pi_h1_bernoulli_025,objective_tuning_target_load_pilot_25\scenarios\known_visit_g19_t20_n25.csv,2,12,1,31.80886026398563,31.80886026398563,01,01,1,0,True,completed
9,known_visit,PI,bernoulli,drop_0.25,19,361,4,20,targets_20_pi_h1_bernoulli_025,objective_tuning_target_load_pilot_25\scenarios\known_visit_g19_t20_n25.csv,3,6,13,11.124889980386682,11.124889980386682,02,02,1,0,True,completed
9,known_visit,PI,bernoulli,drop_0.25,19,361,4,20,targets_20_pi_h1_bernoulli_025,objective_tuning_target_load_pilot_25\scenarios\known_visit_g19_t20_n25.csv,4,4,16,9.288075401704509,9.288075401704509,03,03,2,1,True,completed
9,known_visit,PI,bernoulli,drop_0.25,19,361,4,20,targets_20_pi_h1_bernoulli_025,objective_tuning_target_load_pilot_25\scenarios\known_visit_g19_t20_n25.csv,5,5,4,14.319169101960913,14.319169101960913,00,00,1,0,True,completed
9,known_visit,PI,bernoulli,drop_0.25,19,361,4,20,targets_20_pi_h1_bernoulli_025,objective_tuning_target_load_pilot_25\scenarios\known_visit_g19_t20_n25.csv,6,10,1,28.0750035505144,28.0750035505144,01,01,1,0,True,completed
9,known_visit,PI,bernoulli,drop_0.25,19,361,4,20,targets_20_pi_h1_bernoulli_025,objective_tuning_target_load_pilot_25\scenarios\known_visit_g19_t20_n25.csv,7,2,0,1.7051776959056941,1.7051776959056941,00,00,2,1,True,completed
9,known_visit,PI,bernoulli,drop_0.25,19,361,4,20,targets_20_pi_h1_bernoulli_025,objective_tuning_target_load_pilot_25\scenarios\known_visit_g19_t20_n25.csv,8,14,17,42.90214541084345,42.90214541084345,03,03,1,0,True,completed
9,known_visit,PI,bernoulli,drop_0.25,19,361,4,20,targets_20_pi_h1_bernoulli_025,objective_tuning_target_load_pilot_25\scenarios\known_visit_g19_t20_n25.csv,9,12,14,33.925730569998755,33.925730569998755,03,03,1,0,True,completed
9,known_visit,PI,bernoulli,drop_0.25,19,361,4,20,targets_20_pi_h1_bernoulli_025,objective_tuning_target_load_pilot_25\scenarios\known_visit_g19_t20_n25.csv,10,17,2,42.49199097759806,42.49199097759806,01,01,1,0,True,completed
9,known_visit,PI,bernoulli,drop_0.25,19,361,4,20,targets_20_pi_h1_bernoulli_025,objective_tuning_target_load_pilot_25\scenarios\known_visit_g19_t20_n25.csv,11,9,15,19.880217353834848,19.880217353834848,03,03,2,1,True,completed
9,known_visit,PI,bernoulli,drop_0.25,19,361,4,20,targets_20_pi_h1_bernoulli_025,objective_tuning_target_load_pilot_25\scenarios\known_visit_g19_t20_n25.csv,12,8,10,20.194650433359236,20.194650433359236,02,02,2,1,True,completed
9,known_visit,PI,bernoulli,drop_0.25,19,361,4,20,targets_20_pi_h1_bernoulli_025,objective_tuning_target_load_pilot_25\scenarios\known_visit_g19_t20_n25.csv,13,2,16,5.559326197179001,5.559326197179001,03,03,1,0,True,completed
9,known_visit,PI,bernoulli,drop_0.25,19,361,4,20,targets_20_pi_h1_bernoulli_025,objective_tuning_target_load_pilot_25\scenarios\known_visit_g19_t20_n25.csv,14,12,12,30.268054346340175,30.268054346340175,03,03,1,0,True,completed
9,known_visit,PI,bernoulli,drop_0.25,19,361,4,20,targets_20_pi_h1_bernoulli_025,objective_tuning_target_load_pilot_25\scenarios\known_visit_g19_t20_n25.csv,15,7,10,18.176800921947034,18.176800921947034,02,02,2,1,True,completed
9,known_visit,PI,bernoulli,drop_0.25,19,361,4,20,targets_20_pi_h1_bernoulli_025,objective_tuning_target_load_pilot_25\scenarios\known_visit_g19_t20_n25.csv,16,16,12,38.61053263553698,38.61053263553698,02,02,1,0,True,completed
9,known_visit,PI,bernoulli,drop_0.25,19,361,4,20,targets_20_pi_h1_bernoulli_025,objective_tuning_target_load_pilot_25\scenarios\known_visit_g19_t20_n25.csv,17,14,2,37.09693037502063,37.09693037502063,01,01,1,0,True,completed
9,known_visit,PI,bernoulli,drop_0.25,19,361,4,20,targets_20_pi_h1_bernoulli_025,objective_tuning_target_load_pilot_25\scenarios\known_visit_g19_t20_n25.csv,18,4,9,25.010778443757115,25.010778443757115,00,00,1,0,True,completed
9,known_visit,PI,bernoulli,drop_0.25,19,361,4,20,targets_20_pi_h1_bernoulli_025,objective_tuning_target_load_pilot_25\scenarios\known_visit_g19_t20_n25.csv,19,9,12,24.862142845584312,24.862142845584312,03,03,2,1,True,completed
9,known_visit,PI,bernoulli,drop_0.25,19,361,4,20,targets_20_pi_h1_bernoulli_025,objective_tuning_target_load_pilot_25\scenarios\known_visit_g19_t20_n25.csv,20,14,7,54.96325081665927,54.96325081665927,02,02,1,0,True,completed
10,known_visit,PI,bernoulli,drop_0.25,19,361,4,20,targets_20_pi_h1_bernoulli_025,objective_tuning_target_load_pilot_25\scenarios\known_visit_g19_t20_n25.csv,1,4,8,9.148953804660296,9.148953804660296,01,01,2,1,True,completed
10,known_visit,PI,bernoulli,drop_0.25,19,361,4,20,targets_20_pi_h1_bernoulli_025,objective_tuning_target_load_pilot_25\scenarios\known_visit_g19_t20_n25.csv,2,2,6,1.825166566628501,1.825166566628501,01,01,1,0,True,completed
10,known_visit,PI,bernoulli,drop_0.25,19,361,4,20,targets_20_pi_h1_bernoulli_025,objective_tuning_target_load_pilot_25\scenarios\known_visit_g19_t20_n25.csv,3,12,8,33.28156323025791,33.28156323025791,00,00,1,0,True,completed
10,known_visit,PI,bernoulli,drop_0.25,19,361,4,20,targets_20_pi_h1_bernoulli_025,objective_tuning_target_load_pilot_25\scenarios\known_visit_g19_t20_n25.csv,4,14,13,43.02769383886006,43.02769383886006,03,03,2,1,True,completed
10,known_visit,PI,bernoulli,drop_0.25,19,361,4,20,targets_20_pi_h1_bernoulli_025,objective_tuning_target_load_pilot_25\scenarios\known_visit_g19_t20_n25.csv,5,16,9,53.79210327169357,53.79210327169357,03,03,1,0,True,completed
10,known_visit,PI,bernoulli,drop_0.25,19,361,4,20,targets_20_pi_h1_bernoulli_025,objective_tuning_target_load_pilot_25\scenarios\known_visit_g19_t20_n25.csv,6,18,9,62.86767509988324,62.86767509988324,01,01,1,0,True,completed
10,known_visit,PI,bernoulli,drop_0.25,19,361,4,20,targets_20_pi_h1_bernoulli_025,objective_tuning_target_load_pilot_25\scenarios\known_visit_g19_t20_n25.csv,7,10,0,15.650250798442679,15.650250798442679,00,00,2,1,True,completed
10,known_visit,PI,bernoulli,drop_0.25,19,361,4,20,targets_20_pi_h1_bernoulli_025,objective_tuning_target_load_pilot_25\scenarios\known_visit_g19_t20_n25.csv,8,8,13,21.296230999149817,21.296230999149817,03,03,2,1,True,completed
10,known_visit,PI,bernoulli,drop_0.25,19,361,4,20,targets_20_pi_h1_bernoulli_025,objective_tuning_target_load_pilot_25\scenarios\known_visit_g19_t20_n25.csv,9,2,7,3.907127377692611,3.907127377692611,01,01,1,0,True,completed
10,known_visit,PI,bernoulli,drop_0.25,19,361,4,20,targets_20_pi_h1_bernoulli_025,objective_tuning_target_load_pilot_25\scenarios\known_visit_g19_t20_n25.csv,10,18,4,54.21907744933958,54.21907744933958,01,01,1,0,True,completed
10,known_visit,PI,bernoulli,drop_0.25,19,361,4,20,targets_20_pi_h1_bernoulli_025,objective_tuning_target_load_pilot_25\scenarios\known_visit_g19_t20_n25.csv,11,1,9,5.6154623801308015,5.6154623801308015,02,02,1,0,True,completed
10,known_visit,PI,bernoulli,drop_0.25,19,361,4,20,targets_20_pi_h1_bernoulli_025,objective_tuning_target_load_pilot_25\scenarios\known_visit_g19_t20_n25.csv,12,10,13,24.59985905058994,24.59985905058994,03,03,1,0,True,completed
10,known_visit,PI,bernoulli,drop_0.25,19,361,4,20,targets_20_pi_h1_bernoulli_025,objective_tuning_target_load_pilot_25\scenarios\known_visit_g19_t20_n25.csv,13,1,6,0.14588379894144315,0.14588379894144315,01,01,1,0,True,completed
10,known_visit,PI,bernoulli,drop_0.25,19,361,4,20,targets_20_pi_h1_bernoulli_025,objective_tuning_target_load_pilot_25\scenarios\known_visit_g19_t20_n25.csv,14,12,12,34.03921944526864,34.03921944526864,03,03,2,1,True,completed
10,known_visit,PI,bernoulli,drop_0.25,19,361,4,20,targets_20_pi_h1_bernoulli_025,objective_tuning_target_load_pilot_25\scenarios\known_visit_g19_t20_n25.csv,15,6,17,10.856439598160465,10.856439598160465,03,03,1,0,True,completed
10,known_visit,PI,bernoulli,drop_0.25,19,361,4,20,targets_20_pi_h1_bernoulli_025,objective_tuning_target_load_pilot_25\scenarios\known_visit_g19_t20_n25.csv,16,5,6,14.788526108209988,14.788526108209988,01,01,1,0,True,completed
10,known_visit,PI,bernoulli,drop_0.25,19,361,4,20,targets_20_pi_h1_bernoulli_025,objective_tuning_target_load_pilot_25\scenarios\known_visit_g19_t20_n25.csv,17,13,11,37.61028702471834,37.61028702471834,03,03,2,1,True,completed
10,known_visit,PI,bernoulli,drop_0.25,19,361,4,20,targets_20_pi_h1_bernoulli_025,objective_tuning_target_load_pilot_25\scenarios\known_visit_g19_t20_n25.csv,18,18,5,56.01249706257379,56.01249706257379,01,01,1,0,True,completed
10,known_visit,PI,bernoulli,drop_0.25,19,361,4,20,targets_20_pi_h1_bernoulli_025,objective_tuning_target_load_pilot_25\scenarios\known_visit_g19_t20_n25.csv,19,5,0,7.097195809781043,7.097195809781043,00,00,2,1,True,completed
10,known_visit,PI,bernoulli,drop_0.25,19,361,4,20,targets_20_pi_h1_bernoulli_025,objective_tuning_target_load_pilot_25\scenarios\known_visit_g19_t20_n25.csv,20,10,14,26.61918519634811,26.61918519634811,03,03,3,2,True,completed
11,known_visit,PI,bernoulli,drop_0.25,19,361,4,20,targets_20_pi_h1_bernoulli_025,objective_tuning_target_load_pilot_25\scenarios\known_visit_g19_t20_n25.csv,1,16,16,55.31007669456361,55.31007669456361,01,01,1,0,True,completed
11,known_visit,PI,bernoulli,drop_0.25,19,361,4,20,targets_20_pi_h1_bernoulli_025,objective_tuning_target_load_pilot_25\scenarios\known_visit_g19_t20_n25.csv,2,4,17,7.498006278596354,7.498006278596354,03,03,2,1,True,completed
11,known_visit,PI,bernoulli,drop_0.25,19,361,4,20,targets_20_pi_h1_bernoulli_025,objective_tuning_target_load_pilot_25\scenarios\known_visit_g19_t20_n25.csv,3,8,8,23.476658663437757,23.476658663437757,02,02,1,0,True,completed
11,known_visit,PI,bernoulli,drop_0.25,19,361,4,20,targets_20_pi_h1_bernoulli_025,objective_tuning_target_load_pilot_25\scenarios\known_visit_g19_t20_n25.csv,4,13,1,43.87601041983373,43.87601041983373,00,00,1,0,True,completed
11,known_visit,PI,bernoulli,drop_0.25,19,361,4,20,targets_20_pi_h1_bernoulli_025,objective_tuning_target_load_pilot_25\scenarios\known_visit_g19_t20_n25.csv,5,7,6,24.57497891335526,24.57497891335526,00,00,1,0,True,completed
11,known_visit,PI,bernoulli,drop_0.25,19,361,4,20,targets_20_pi_h1_bernoulli_025,objective_tuning_target_load_pilot_25\scenarios\known_visit_g19_t20_n25.csv,6,13,5,37.11639324282391,37.11639324282391,00,00,1,0,True,completed
11,known_visit,PI,bernoulli,drop_0.25,19,361,4,20,targets_20_pi_h1_bernoulli_025,objective_tuning_target_load_pilot_25\scenarios\known_visit_g19_t20_n25.csv,7,12,18,44.69606875171371,44.69606875171371,01,01,2,1,True,completed
11,known_visit,PI,bernoulli,drop_0.25,19,361,4,20,targets_20_pi_h1_bernoulli_025,objective_tuning_target_load_pilot_25\scenarios\known_visit_g19_t20_n25.csv,8,10,6,29.892891591772955,29.892891591772955,00,00,1,0,True,completed
11,known_visit,PI,bernoulli,drop_0.25,19,361,4,20,targets_20_pi_h1_bernoulli_025,objective_tuning_target_load_pilot_25\scenarios\known_visit_g19_t20_n25.csv,9,15,7,37.35682392098404,37.35682392098404,02,02,1,0,True,completed
11,known_visit,PI,bernoulli,drop_0.25,19,361,4,20,targets_20_pi_h1_bernoulli_025,objective_tuning_target_load_pilot_25\scenarios\known_visit_g19_t20_n25.csv,10,11,12,39.861957634340975,39.861957634340975,03,03,1,0,True,completed
11,known_visit,PI,bernoulli,drop_0.25,19,361,4,20,targets_20_pi_h1_bernoulli_025,objective_tuning_target_load_pilot_25\scenarios\known_visit_g19_t20_n25.csv,11,6,7,20.983761073340155,20.983761073340155,00,00,1,0,True,completed
11,known_visit,PI,bernoulli,drop_0.25,19,361,4,20,targets_20_pi_h1_bernoulli_025,objective_tuning_target_load_pilot_25\scenarios\known_visit_g19_t20_n25.csv,12,18,18,78.37351307776088,78.37351307776088,03,03,1,0,True,completed
11,known_visit,PI,bernoulli,drop_0.25,19,361,4,20,targets_20_pi_h1_bernoulli_025,objective_tuning_target_load_pilot_25\scenarios\known_visit_g19_t20_n25.csv,13,6,11,14.48659124666964,14.48659124666964,02,02,2,1,True,completed
11,known_visit,PI,bernoulli,drop_0.25,19,361,4,20,targets_20_pi_h1_bernoulli_025,objective_tuning_target_load_pilot_25\scenarios\known_visit_g19_t20_n25.csv,14,15,8,39.32780448403413,39.32780448403413,02,02,1,0,True,completed
11,known_visit,PI,bernoulli,drop_0.25,19,361,4,20,targets_20_pi_h1_bernoulli_025,objective_tuning_target_load_pilot_25\scenarios\known_visit_g19_t20_n25.csv,15,15,14,49.576543113241975,49.576543113241975,02,02,2,1,True,completed
11,known_visit,PI,bernoulli,drop_0.25,19,361,4,20,targets_20_pi_h1_bernoulli_025,objective_tuning_target_load_pilot_25\scenarios\known_visit_g19_t20_n25.csv,16,3,10,7.252097599153061,7.252097599153061,02,02,2,1,True,completed
11,known_visit,PI,bernoulli,drop_0.25,19,361,4,20,targets_20_pi_h1_bernoulli_025,objective_tuning_target_load_pilot_25\scenarios\known_visit_g19_t20_n25.csv,17,1,12,0.19849437986085347,0.19849437986085347,02,02,1,0,True,completed
11,known_visit,PI,bernoulli,drop_0.25,19,361,4,20,targets_20_pi_h1_bernoulli_025,objective_tuning_target_load_pilot_25\scenarios\known_visit_g19_t20_n25.csv,18,3,12,3.5731220851720793,3.5731220851720793,02,02,1,0,True,completed
11,known_visit,PI,bernoulli,drop_0.25,19,361,4,20,targets_20_pi_h1_bernoulli_025,objective_tuning_target_load_pilot_25\scenarios\known_visit_g19_t20_n25.csv,19,3,8,7.245391335441579,7.245391335441579,01,01,1,0,True,completed
11,known_visit,PI,bernoulli,drop_0.25,19,361,4,20,targets_20_pi_h1_bernoulli_025,objective_tuning_target_load_pilot_25\scenarios\known_visit_g19_t20_n25.csv,20,7,16,14.615011386453078,14.615011386453078,03,03,1,0,True,completed
12,known_visit,PI,bernoulli,drop_0.25,19,361,4,20,targets_20_pi_h1_bernoulli_025,objective_tuning_target_load_pilot_25\scenarios\known_visit_g19_t20_n25.csv,1,16,8,65.19281182940382,65.19281182940382,02,02,1,0,True,completed
12,known_visit,PI,bernoulli,drop_0.25,19,361,4,20,targets_20_pi_h1_bernoulli_025,objective_tuning_target_load_pilot_25\scenarios\known_visit_g19_t20_n25.csv,2,15,17,52.104606358633966,52.104606358633966,01,01,1,0,True,completed
12,known_visit,PI,bernoulli,drop_0.25,19,361,4,20,targets_20_pi_h1_bernoulli_025,objective_tuning_target_load_pilot_25\scenarios\known_visit_g19_t20_n25.csv,3,10,10,23.48052819558126,23.48052819558126,01,01,1,0,True,completed
12,known_visit,PI,bernoulli,drop_0.25,19,361,4,20,targets_20_pi_h1_bernoulli_025,objective_tuning_target_load_pilot_25\scenarios\known_visit_g19_t20_n25.csv,4,18,13,68.59242318701996,68.59242318701996,01,01,1,0,True,completed
12,known_visit,PI,bernoulli,drop_0.25,19,361,4,20,targets_20_pi_h1_bernoulli_025,objective_tuning_target_load_pilot_25\scenarios\known_visit_g19_t20_n25.csv,5,4,16,13.040795173420209,13.040795173420209,03,03,2,1,True,completed
12,known_visit,PI,bernoulli,drop_0.25,19,361,4,20,targets_20_pi_h1_bernoulli_025,objective_tuning_target_load_pilot_25\scenarios\known_visit_g19_t20_n25.csv,6,5,7,19.80104227491548,19.80104227491548,00,00,2,1,True,completed
12,known_visit,PI,bernoulli,drop_0.25,19,361,4,20,targets_20_pi_h1_bernoulli_025,objective_tuning_target_load_pilot_25\scenarios\known_visit_g19_t20_n25.csv,7,13,3,43.37781166090604,43.37781166090604,02,02,1,0,True,completed
12,known_visit,PI,bernoulli,drop_0.25,19,361,4,20,targets_20_pi_h1_bernoulli_025,objective_tuning_target_load_pilot_25\scenarios\known_visit_g19_t20_n25.csv,8,9,3,36.5030309548605,36.5030309548605,02,02,2,1,True,completed
12,known_visit,PI,bernoulli,drop_0.25,19,361,4,20,targets_20_pi_h1_bernoulli_025,objective_tuning_target_load_pilot_25\scenarios\known_visit_g19_t20_n25.csv,9,3,6,14.236442116745403,14.236442116745403,00,00,1,0,True,completed
12,known_visit,PI,bernoulli,drop_0.25,19,361,4,20,targets_20_pi_h1_bernoulli_025,objective_tuning_target_load_pilot_25\scenarios\known_visit_g19_t20_n25.csv,10,4,9,11.22421223766516,11.22421223766516,01,01,3,2,True,completed
12,known_visit,PI,bernoulli,drop_0.25,19,361,4,20,targets_20_pi_h1_bernoulli_025,objective_tuning_target_load_pilot_25\scenarios\known_visit_g19_t20_n25.csv,11,16,15,46.376238342330865,46.376238342330865,01,01,1,0,True,completed
12,known_visit,PI,bernoulli,drop_0.25,19,361,4,20,targets_20_pi_h1_bernoulli_025,objective_tuning_target_load_pilot_25\scenarios\known_visit_g19_t20_n25.csv,12,1,8,4.012477762460193,4.012477762460193,01,01,2,1,True,completed
12,known_visit,PI,bernoulli,drop_0.25,19,361,4,20,targets_20_pi_h1_bernoulli_025,objective_tuning_target_load_pilot_25\scenarios\known_visit_g19_t20_n25.csv,13,9,13,30.46981495738097,30.46981495738097,01,01,1,0,True,completed
12,known_visit,PI,bernoulli,drop_0.25,19,361,4,20,targets_20_pi_h1_bernoulli_025,objective_tuning_target_load_pilot_25\scenarios\known_visit_g19_t20_n25.csv,14,11,3,39.96088270333331,39.96088270333331,02,02,1,0,True,completed
12,known_visit,PI,bernoulli,drop_0.25,19,361,4,20,targets_20_pi_h1_bernoulli_025,objective_tuning_target_load_pilot_25\scenarios\known_visit_g19_t20_n25.csv,15,1,12,0.14402887969106848,0.14402887969106848,02,02,2,1,True,completed
12,known_visit,PI,bernoulli,drop_0.25,19,361,4,20,targets_20_pi_h1_bernoulli_025,objective_tuning_target_load_pilot_25\scenarios\known_visit_g19_t20_n25.csv,16,5,18,7.256255412004617,7.256255412004617,03,03,2,1,True,completed
12,known_visit,PI,bernoulli,drop_0.25,19,361,4,20,targets_20_pi_h1_bernoulli_025,objective_tuning_target_load_pilot_25\scenarios\known_visit_g19_t20_n25.csv,17,15,2,48.83304975053449,48.83304975053449,02,02,1,0,True,completed
12,known_visit,PI,bernoulli,drop_0.25,19,361,4,20,targets_20_pi_h1_bernoulli_025,objective_tuning_target_load_pilot_25\scenarios\known_visit_g19_t20_n25.csv,18,17,4,56.271364431441434,56.271364431441434,02,02,1,0,True,completed
12,known_visit,PI,bernoulli,drop_0.25,19,361,4,20,targets_20_pi_h1_bernoulli_025,objective_tuning_target_load_pilot_25\scenarios\known_visit_g19_t20_n25.csv,19,14,18,62.17233213840012,62.17233213840012,00,00,1,0,True,completed
12,known_visit,PI,bernoulli,drop_0.25,19,361,4,20,targets_20_pi_h1_bernoulli_025,objective_tuning_target_load_pilot_25\scenarios\known_visit_g19_t20_n25.csv,20,8,1,56.88807414157916,56.88807414157916,03,03,1,0,True,completed
13,known_visit,PI,bernoulli,drop_0.25,19,361,4,20,targets_20_pi_h1_bernoulli_025,objective_tuning_target_load_pilot_25\scenarios\known_visit_g19_t20_n25.csv,1,3,18,3.5353458589057816,3.5353458589057816,03,03,1,0,True,completed
13,known_visit,PI,bernoulli,drop_0.25,19,361,4,20,targets_20_pi_h1_bernoulli_025,objective_tuning_target_load_pilot_25\scenarios\known_visit_g19_t20_n25.csv,2,3,5,5.611530471546455,5.611530471546455,01,01,1,0,True,completed
13,known_visit,PI,bernoulli,drop_0.25,19,361,4,20,targets_20_pi_h1_bernoulli_025,objective_tuning_target_load_pilot_25\scenarios\known_visit_g19_t20_n25.csv,3,9,11,27.334723491495307,27.334723491495307,02,02,1,0,True,completed
13,known_visit,PI,bernoulli,drop_0.25,19,361,4,20,targets_20_pi_h1_bernoulli_025,objective_tuning_target_load_pilot_25\scenarios\known_visit_g19_t20_n25.csv,4,1,0,0.227098044828382,0.227098044828382,00,00,1,0,True,completed
13,known_visit,PI,bernoulli,drop_0.25,19,361,4,20,targets_20_pi_h1_bernoulli_025,objective_tuning_target_load_pilot_25\scenarios\known_visit_g19_t20_n25.csv,5,12,14,26.354077827809054,26.354077827809054,03,03,2,1,True,completed
13,known_visit,PI,bernoulli,drop_0.25,19,361,4,20,targets_20_pi_h1_bernoulli_025,objective_tuning_target_load_pilot_25\scenarios\known_visit_g19_t20_n25.csv,6,9,18,13.633085971589038,13.633085971589038,03,03,1,0,True,completed
13,known_visit,PI,bernoulli,drop_0.25,19,361,4,20,targets_20_pi_h1_bernoulli_025,objective_tuning_target_load_pilot_25\scenarios\known_visit_g19_t20_n25.csv,7,16,9,35.9061888444184,35.9061888444184,01,01,1,0,True,completed
13,known_visit,PI,bernoulli,drop_0.25,19,361,4,20,targets_20_pi_h1_bernoulli_025,objective_tuning_target_load_pilot_25\scenarios\known_visit_g19_t20_n25.csv,8,0,13,0.5091919700065118,0.5091919700065118,02,02,1,0,True,completed
13,known_visit,PI,bernoulli,drop_0.25,19,361,4,20,targets_20_pi_h1_bernoulli_025,objective_tuning_target_load_pilot_25\scenarios\known_visit_g19_t20_n25.csv,9,11,14,24.434055473267605,24.434055473267605,03,03,1,0,True,completed
13,known_visit,PI,bernoulli,drop_0.25,19,361,4,20,targets_20_pi_h1_bernoulli_025,objective_tuning_target_load_pilot_25\scenarios\known_visit_g19_t20_n25.csv,10,13,0,28.445689365207656,28.445689365207656,00,00,1,0,True,completed
13,known_visit,PI,bernoulli,drop_0.25,19,361,4,20,targets_20_pi_h1_bernoulli_025,objective_tuning_target_load_pilot_25\scenarios\known_visit_g19_t20_n25.csv,11,15,0,31.825913034316,31.825913034316,00,00,1,0,True,completed
13,known_visit,PI,bernoulli,drop_0.25,19,361,4,20,targets_20_pi_h1_bernoulli_025,objective_tuning_target_load_pilot_25\scenarios\known_visit_g19_t20_n25.csv,12,12,6,23.67301738583767,23.67301738583767,01,01,1,0,True,completed
13,known_visit,PI,bernoulli,drop_0.25,19,361,4,20,targets_20_pi_h1_bernoulli_025,objective_tuning_target_load_pilot_25\scenarios\known_visit_g19_t20_n25.csv,13,10,1,21.481683048904124,21.481683048904124,00,00,1,0,True,completed
13,known_visit,PI,bernoulli,drop_0.25,19,361,4,20,targets_20_pi_h1_bernoulli_025,objective_tuning_target_load_pilot_25\scenarios\known_visit_g19_t20_n25.csv,14,17,1,37.31808900825886,37.31808900825886,00,00,1,0,True,completed
13,known_visit,PI,bernoulli,drop_0.25,19,361,4,20,targets_20_pi_h1_bernoulli_025,objective_tuning_target_load_pilot_25\scenarios\known_visit_g19_t20_n25.csv,15,14,17,39.21500011034462,39.21500011034462,03,03,1,0,True,completed
13,known_visit,PI,bernoulli,drop_0.25,19,361,4,20,targets_20_pi_h1_bernoulli_025,objective_tuning_target_load_pilot_25\scenarios\known_visit_g19_t20_n25.csv,16,11,16,20.981526242716082,20.981526242716082,03,03,2,1,True,completed
13,known_visit,PI,bernoulli,drop_0.25,19,361,4,20,targets_20_pi_h1_bernoulli_025,objective_tuning_target_load_pilot_25\scenarios\known_visit_g19_t20_n25.csv,17,18,14,48.19487434598842,48.19487434598842,01,01,1,0,True,completed
13,known_visit,PI,bernoulli,drop_0.25,19,361,4,20,targets_20_pi_h1_bernoulli_025,objective_tuning_target_load_pilot_25\scenarios\known_visit_g19_t20_n25.csv,18,10,11,29.27847976942094,29.27847976942094,02,02,1,0,True,completed
13,known_visit,PI,bernoulli,drop_0.25,19,361,4,20,targets_20_pi_h1_bernoulli_025,objective_tuning_target_load_pilot_25\scenarios\known_visit_g19_t20_n25.csv,19,6,2,12.503779012038528,12.503779012038528,00,00,1,0,True,completed
13,known_visit,PI,bernoulli,drop_0.25,19,361,4,20,targets_20_pi_h1_bernoulli_025,objective_tuning_target_load_pilot_25\scenarios\known_visit_g19_t20_n25.csv,20,7,10,21.678321235341407,21.678321235341407,02,02,1,0,True,completed
14,known_visit,PI,bernoulli,drop_0.25,19,361,4,20,targets_20_pi_h1_bernoulli_025,objective_tuning_target_load_pilot_25\scenarios\known_visit_g19_t20_n25.csv,1,11,12,39.212973182940694,39.212973182940694,01,01,2,1,True,completed
14,known_visit,PI,bernoulli,drop_0.25,19,361,4,20,targets_20_pi_h1_bernoulli_025,objective_tuning_target_load_pilot_25\scenarios\known_visit_g19_t20_n25.csv,2,18,14,40.86185424143884,40.86185424143884,03,03,1,0,True,completed
14,known_visit,PI,bernoulli,drop_0.25,19,361,4,20,targets_20_pi_h1_bernoulli_025,objective_tuning_target_load_pilot_25\scenarios\known_visit_g19_t20_n25.csv,3,14,10,38.558475320782335,38.558475320782335,02,02,1,0,True,completed
14,known_visit,PI,bernoulli,drop_0.25,19,361,4,20,targets_20_pi_h1_bernoulli_025,objective_tuning_target_load_pilot_25\scenarios\known_visit_g19_t20_n25.csv,4,11,4,29.250358030356526,29.250358030356526,00,00,1,0,True,completed
14,known_visit,PI,bernoulli,drop_0.25,19,361,4,20,targets_20_pi_h1_bernoulli_025,objective_tuning_target_load_pilot_25\scenarios\known_visit_g19_t20_n25.csv,5,5,3,16.60254150574304,16.60254150574304,00,00,1,0,True,completed
14,known_visit,PI,bernoulli,drop_0.25,19,361,4,20,targets_20_pi_h1_bernoulli_025,objective_tuning_target_load_pilot_25\scenarios\known_visit_g19_t20_n25.csv,6,11,5,30.862565296081215,30.862565296081215,00,00,2,1,True,completed
14,known_visit,PI,bernoulli,drop_0.25,19,361,4,20,targets_20_pi_h1_bernoulli_025,objective_tuning_target_load_pilot_25\scenarios\known_visit_g19_t20_n25.csv,7,5,9,17.054848754137716,17.054848754137716,02,02,1,0,True,completed
14,known_visit,PI,bernoulli,drop_0.25,19,361,4,20,targets_20_pi_h1_bernoulli_025,objective_tuning_target_load_pilot_25\scenarios\known_visit_g19_t20_n25.csv,8,11,18,20.95241894576113,20.95241894576113,03,03,2,1,True,completed
14,known_visit,PI,bernoulli,drop_0.25,19,361,4,20,targets_20_pi_h1_bernoulli_025,objective_tuning_target_load_pilot_25\scenarios\known_visit_g19_t20_n25.csv,9,12,10,35.112054626249744,35.112054626249744,02,02,2,1,True,completed
14,known_visit,PI,bernoulli,drop_0.25,19,361,4,20,targets_20_pi_h1_bernoulli_025,objective_tuning_target_load_pilot_25\scenarios\known_visit_g19_t20_n25.csv,10,2,9,7.252307793780001,7.252307793780001,01,01,1,0,True,completed
14,known_visit,PI,bernoulli,drop_0.25,19,361,4,20,targets_20_pi_h1_bernoulli_025,objective_tuning_target_load_pilot_25\scenarios\known_visit_g19_t20_n25.csv,11,18,6,54.323514891126976,54.323514891126976,03,03,1,0,True,completed
14,known_visit,PI,bernoulli,drop_0.25,19,361,4,20,targets_20_pi_h1_bernoulli_025,objective_tuning_target_load_pilot_25\scenarios\known_visit_g19_t20_n25.csv,12,18,0,64.72201888373718,64.72201888373718,03,03,1,0,True,completed
14,known_visit,PI,bernoulli,drop_0.25,19,361,4,20,targets_20_pi_h1_bernoulli_025,objective_tuning_target_load_pilot_25\scenarios\known_visit_g19_t20_n25.csv,13,13,6,36.28754659815993,36.28754659815993,00,00,1,0,True,completed
14,known_visit,PI,bernoulli,drop_0.25,19,361,4,20,targets_20_pi_h1_bernoulli_025,objective_tuning_target_load_pilot_25\scenarios\known_visit_g19_t20_n25.csv,14,7,8,22.476470349776967,22.476470349776967,02,02,1,0,True,completed
14,known_visit,PI,bernoulli,drop_0.25,19,361,4,20,targets_20_pi_h1_bernoulli_025,objective_tuning_target_load_pilot_25\scenarios\known_visit_g19_t20_n25.csv,15,12,6,34.568694099035504,34.568694099035504,00,00,1,0,True,completed
14,known_visit,PI,bernoulli,drop_0.25,19,361,4,20,targets_20_pi_h1_bernoulli_025,objective_tuning_target_load_pilot_25\scenarios\known_visit_g19_t20_n25.csv,16,0,13,0.513412194399468,0.513412194399468,02,02,2,1,True,completed
14,known_visit,PI,bernoulli,drop_0.25,19,361,4,20,targets_20_pi_h1_bernoulli_025,objective_tuning_target_load_pilot_25\scenarios\known_visit_g19_t20_n25.csv,17,10,9,29.54590623505957,29.54590623505957,02,02,1,0,True,completed
14,known_visit,PI,bernoulli,drop_0.25,19,361,4,20,targets_20_pi_h1_bernoulli_025,objective_tuning_target_load_pilot_25\scenarios\known_visit_g19_t20_n25.csv,18,14,17,28.22369070903159,28.22369070903159,03,03,2,1,True,completed
14,known_visit,PI,bernoulli,drop_0.25,19,361,4,20,targets_20_pi_h1_bernoulli_025,objective_tuning_target_load_pilot_25\scenarios\known_visit_g19_t20_n25.csv,19,16,15,35.29267187777211,35.29267187777211,03,03,2,1,True,completed
14,known_visit,PI,bernoulli,drop_0.25,19,361,4,20,targets_20_pi_h1_bernoulli_025,objective_tuning_target_load_pilot_25\scenarios\known_visit_g19_t20_n25.csv,20,3,4,10.756706950473385,10.756706950473385,00,00,1,0,True,completed
15,known_visit,PI,bernoulli,drop_0.25,19,361,4,20,targets_20_pi_h1_bernoulli_025,objective_tuning_target_load_pilot_25\scenarios\known_visit_g19_t20_n25.csv,1,16,11,35.326430813479064,35.326430813479064,02,02,1,0,True,completed
15,known_visit,PI,bernoulli,drop_0.25,19,361,4,20,targets_20_pi_h1_bernoulli_025,objective_tuning_target_load_pilot_25\scenarios\known_visit_g19_t20_n25.csv,2,7,16,13.941802769514972,13.941802769514972,03,03,2,1,True,completed
15,known_visit,PI,bernoulli,drop_0.25,19,361,4,20,targets_20_pi_h1_bernoulli_025,objective_tuning_target_load_pilot_25\scenarios\known_visit_g19_t20_n25.csv,3,7,0,10.303887836304012,10.303887836304012,00,00,2,1,True,completed
15,known_visit,PI,bernoulli,drop_0.25,19,361,4,20,targets_20_pi_h1_bernoulli_025,objective_tuning_target_load_pilot_25\scenarios\known_visit_g19_t20_n25.csv,4,17,18,43.183885903710305,43.183885903710305,03,03,2,1,True,completed
15,known_visit,PI,bernoulli,drop_0.25,19,361,4,20,targets_20_pi_h1_bernoulli_025,objective_tuning_target_load_pilot_25\scenarios\known_visit_g19_t20_n25.csv,5,14,14,30.06212503701538,30.06212503701538,03,03,2,1,True,completed
15,known_visit,PI,bernoulli,drop_0.25,19,361,4,20,targets_20_pi_h1_bernoulli_025,objective_tuning_target_load_pilot_25\scenarios\known_visit_g19_t20_n25.csv,6,16,15,35.53458366363577,35.53458366363577,03,03,1,0,True,completed
15,known_visit,PI,bernoulli,drop_0.25,19,361,4,20,targets_20_pi_h1_bernoulli_025,objective_tuning_target_load_pilot_25\scenarios\known_visit_g19_t20_n25.csv,7,6,7,10.544149687007927,10.544149687007927,01,01,2,1,True,completed
15,known_visit,PI,bernoulli,drop_0.25,19,361,4,20,targets_20_pi_h1_bernoulli_025,objective_tuning_target_load_pilot_25\scenarios\known_visit_g19_t20_n25.csv,8,10,3,28.12391684447602,28.12391684447602,01,01,1,0,True,completed
15,known_visit,PI,bernoulli,drop_0.25,19,361,4,20,targets_20_pi_h1_bernoulli_025,objective_tuning_target_load_pilot_25\scenarios\known_visit_g19_t20_n25.csv,9,6,3,17.863701087604216,17.863701087604216,00,00,2,1,True,completed
15,known_visit,PI,bernoulli,drop_0.25,19,361,4,20,targets_20_pi_h1_bernoulli_025,objective_tuning_target_load_pilot_25\scenarios\known_visit_g19_t20_n25.csv,10,6,11,18.030976426283928,18.030976426283928,02,02,2,1,True,completed
15,known_visit,PI,bernoulli,drop_0.25,19,361,4,20,targets_20_pi_h1_bernoulli_025,objective_tuning_target_load_pilot_25\scenarios\known_visit_g19_t20_n25.csv,11,15,1,58.73784042117171,58.73784042117171,01,01,1,0,True,completed
15,known_visit,PI,bernoulli,drop_0.25,19,361,4,20,targets_20_pi_h1_bernoulli_025,objective_tuning_target_load_pilot_25\scenarios\known_visit_g19_t20_n25.csv,12,17,1,62.53219742953441,62.53219742953441,01,01,1,0,True,completed
15,known_visit,PI,bernoulli,drop_0.25,19,361,4,20,targets_20_pi_h1_bernoulli_025,objective_tuning_target_load_pilot_25\scenarios\known_visit_g19_t20_n25.csv,13,11,0,49.87197712684556,49.87197712684556,01,01,1,0,True,completed
15,known_visit,PI,bernoulli,drop_0.25,19,361,4,20,targets_20_pi_h1_bernoulli_025,objective_tuning_target_load_pilot_25\scenarios\known_visit_g19_t20_n25.csv,14,1,14,3.6822900971802746,3.6822900971802746,02,02,1,0,True,completed
15,known_visit,PI,bernoulli,drop_0.25,19,361,4,20,targets_20_pi_h1_bernoulli_025,objective_tuning_target_load_pilot_25\scenarios\known_visit_g19_t20_n25.csv,15,17,16,39.347126285647846,39.347126285647846,03,03,2,1,True,completed
15,known_visit,PI,bernoulli,drop_0.25,19,361,4,20,targets_20_pi_h1_bernoulli_025,objective_tuning_target_load_pilot_25\scenarios\known_visit_g19_t20_n25.csv,16,10,16,19.183392910216906,19.183392910216906,03,03,2,1,True,completed
15,known_visit,PI,bernoulli,drop_0.25,19,361,4,20,targets_20_pi_h1_bernoulli_025,objective_tuning_target_load_pilot_25\scenarios\known_visit_g19_t20_n25.csv,17,18,2,66.25587241568459,66.25587241568459,01,01,1,0,True,completed
15,known_visit,PI,bernoulli,drop_0.25,19,361,4,20,targets_20_pi_h1_bernoulli_025,objective_tuning_target_load_pilot_25\scenarios\known_visit_g19_t20_n25.csv,18,10,8,19.44243814319736,19.44243814319736,01,01,1,0,True,completed
15,known_visit,PI,bernoulli,drop_0.25,19,361,4,20,targets_20_pi_h1_bernoulli_025,objective_tuning_target_load_pilot_25\scenarios\known_visit_g19_t20_n25.csv,19,11,14,24.62988768607642,24.62988768607642,03,03,1,0,True,completed
15,known_visit,PI,bernoulli,drop_0.25,19,361,4,20,targets_20_pi_h1_bernoulli_025,objective_tuning_target_load_pilot_25\scenarios\known_visit_g19_t20_n25.csv,20,18,11,38.66536738244125,38.66536738244125,02,02,2,1,True,completed
16,known_visit,PI,bernoulli,drop_0.25,19,361,4,20,targets_20_pi_h1_bernoulli_025,objective_tuning_target_load_pilot_25\scenarios\known_visit_g19_t20_n25.csv,1,1,10,3.873819862316462,3.873819862316462,02,02,1,0,True,completed
16,known_visit,PI,bernoulli,drop_0.25,19,361,4,20,targets_20_pi_h1_bernoulli_025,objective_tuning_target_load_pilot_25\scenarios\known_visit_g19_t20_n25.csv,2,4,18,5.25678000716968,5.25678000716968,03,03,1,0,True,completed
16,known_visit,PI,bernoulli,drop_0.25,19,361,4,20,targets_20_pi_h1_bernoulli_025,objective_tuning_target_load_pilot_25\scenarios\known_visit_g19_t20_n25.csv,3,13,14,38.5690231709907,38.5690231709907,03,03,1,0,True,completed
16,known_visit,PI,bernoulli,drop_0.25,19,361,4,20,targets_20_pi_h1_bernoulli_025,objective_tuning_target_load_pilot_25\scenarios\known_visit_g19_t20_n25.csv,4,8,2,23.877617061379993,23.877617061379993,00,00,1,0,True,completed
16,known_visit,PI,bernoulli,drop_0.25,19,361,4,20,targets_20_pi_h1_bernoulli_025,objective_tuning_target_load_pilot_25\scenarios\known_visit_g19_t20_n25.csv,5,3,4,7.820133718475316,7.820133718475316,01,01,1,0,True,completed
16,known_visit,PI,bernoulli,drop_0.25,19,361,4,20,targets_20_pi_h1_bernoulli_025,objective_tuning_target_load_pilot_25\scenarios\known_visit_g19_t20_n25.csv,6,15,3,42.331989143957216,42.331989143957216,00,00,1,0,True,completed
16,known_visit,PI,bernoulli,drop_0.25,19,361,4,20,targets_20_pi_h1_bernoulli_025,objective_tuning_target_load_pilot_25\scenarios\known_visit_g19_t20_n25.csv,7,14,8,46.771316721874236,46.771316721874236,01,01,1,0,True,completed
16,known_visit,PI,bernoulli,drop_0.25,19,361,4,20,targets_20_pi_h1_bernoulli_025,objective_tuning_target_load_pilot_25\scenarios\known_visit_g19_t20_n25.csv,8,6,0,16.626527882189794,16.626527882189794,00,00,1,0,True,completed
16,known_visit,PI,bernoulli,drop_0.25,19,361,4,20,targets_20_pi_h1_bernoulli_025,objective_tuning_target_load_pilot_25\scenarios\known_visit_g19_t20_n25.csv,9,7,7,19.94256504857569,19.94256504857569,02,02,1,0,True,completed
16,known_visit,PI,bernoulli,drop_0.25,19,361,4,20,targets_20_pi_h1_bernoulli_025,objective_tuning_target_load_pilot_25\scenarios\known_visit_g19_t20_n25.csv,10,14,3,40.38822911604576,40.38822911604576,00,00,1,0,True,completed
16,known_visit,PI,bernoulli,drop_0.25,19,361,4,20,targets_20_pi_h1_bernoulli_025,objective_tuning_target_load_pilot_25\scenarios\known_visit_g19_t20_n25.csv,11,14,14,40.60971328977651,40.60971328977651,03,03,1,0,True,completed
16,known_visit,PI,bernoulli,drop_0.25,19,361,4,20,targets_20_pi_h1_bernoulli_025,objective_tuning_target_load_pilot_25\scenarios\known_visit_g19_t20_n25.csv,12,14,13,42.5415254835992,42.5415254835992,03,03,1,0,True,completed
16,known_visit,PI,bernoulli,drop_0.25,19,361,4,20,targets_20_pi_h1_bernoulli_025,objective_tuning_target_load_pilot_25\scenarios\known_visit_g19_t20_n25.csv,13,3,9,9.230575457547879,9.230575457547879,02,02,1,0,True,completed
16,known_visit,PI,bernoulli,drop_0.25,19,361,4,20,targets_20_pi_h1_bernoulli_025,objective_tuning_target_load_pilot_25\scenarios\known_visit_g19_t20_n25.csv,14,5,15,12.284946582629969,12.284946582629969,03,03,1,0,True,completed
16,known_visit,PI,bernoulli,drop_0.25,19,361,4,20,targets_20_pi_h1_bernoulli_025,objective_tuning_target_load_pilot_25\scenarios\known_visit_g19_t20_n25.csv,15,17,1,49.512276087258996,49.512276087258996,00,00,1,0,True,completed
16,known_visit,PI,bernoulli,drop_0.25,19,361,4,20,targets_20_pi_h1_bernoulli_025,objective_tuning_target_load_pilot_25\scenarios\known_visit_g19_t20_n25.csv,16,9,11,26.314444653732767,26.314444653732767,03,03,1,0,True,completed
16,known_visit,PI,bernoulli,drop_0.25,19,361,4,20,targets_20_pi_h1_bernoulli_025,objective_tuning_target_load_pilot_25\scenarios\known_visit_g19_t20_n25.csv,17,12,1,33.0453569910105,33.0453569910105,00,00,1,0,True,completed
16,known_visit,PI,bernoulli,drop_0.25,19,361,4,20,targets_20_pi_h1_bernoulli_025,objective_tuning_target_load_pilot_25\scenarios\known_visit_g19_t20_n25.csv,18,14,2,38.61386257846988,38.61386257846988,00,00,1,0,True,completed
16,known_visit,PI,bernoulli,drop_0.25,19,361,4,20,targets_20_pi_h1_bernoulli_025,objective_tuning_target_load_pilot_25\scenarios\known_visit_g19_t20_n25.csv,19,2,5,4.115388335947517,4.115388335947517,01,01,1,0,True,completed
16,known_visit,PI,bernoulli,drop_0.25,19,361,4,20,targets_20_pi_h1_bernoulli_025,objective_tuning_target_load_pilot_25\scenarios\known_visit_g19_t20_n25.csv,20,2,4,5.857945659537944,5.857945659537944,01,01,1,0,True,completed
17,known_visit,PI,bernoulli,drop_0.25,19,361,4,20,targets_20_pi_h1_bernoulli_025,objective_tuning_target_load_pilot_25\scenarios\known_visit_g19_t20_n25.csv,1,17,8,46.14861344701964,46.14861344701964,03,03,1,0,True,completed
17,known_visit,PI,bernoulli,drop_0.25,19,361,4,20,targets_20_pi_h1_bernoulli_025,objective_tuning_target_load_pilot_25\scenarios\known_visit_g19_t20_n25.csv,2,3,17,5.417064924270352,5.417064924270352,03,03,1,0,True,completed
17,known_visit,PI,bernoulli,drop_0.25,19,361,4,20,targets_20_pi_h1_bernoulli_025,objective_tuning_target_load_pilot_25\scenarios\known_visit_g19_t20_n25.csv,3,13,4,28.534860558527406,28.534860558527406,00,00,2,1,True,completed
17,known_visit,PI,bernoulli,drop_0.25,19,361,4,20,targets_20_pi_h1_bernoulli_025,objective_tuning_target_load_pilot_25\scenarios\known_visit_g19_t20_n25.csv,4,15,14,31.739032347423965,31.739032347423965,03,03,2,1,True,completed
17,known_visit,PI,bernoulli,drop_0.25,19,361,4,20,targets_20_pi_h1_bernoulli_025,objective_tuning_target_load_pilot_25\scenarios\known_visit_g19_t20_n25.csv,5,2,14,5.888171730989949,5.888171730989949,02,02,1,0,True,completed
17,known_visit,PI,bernoulli,drop_0.25,19,361,4,20,targets_20_pi_h1_bernoulli_025,objective_tuning_target_load_pilot_25\scenarios\known_visit_g19_t20_n25.csv,6,13,3,26.7765936902426,26.7765936902426,00,00,2,1,True,completed
17,known_visit,PI,bernoulli,drop_0.25,19,361,4,20,targets_20_pi_h1_bernoulli_025,objective_tuning_target_load_pilot_25\scenarios\known_visit_g19_t20_n25.csv,7,17,6,39.213332935967024,39.213332935967024,00,00,2,1,True,completed
17,known_visit,PI,bernoulli,drop_0.25,19,361,4,20,targets_20_pi_h1_bernoulli_025,objective_tuning_target_load_pilot_25\scenarios\known_visit_g19_t20_n25.csv,8,13,14,28.310782907606807,28.310782907606807,03,03,1,0,True,completed
17,known_visit,PI,bernoulli,drop_0.25,19,361,4,20,targets_20_pi_h1_bernoulli_025,objective_tuning_target_load_pilot_25\scenarios\known_visit_g19_t20_n25.csv,9,7,10,21.696863576345685,21.696863576345685,02,02,1,0,True,completed
17,known_visit,PI,bernoulli,drop_0.25,19,361,4,20,targets_20_pi_h1_bernoulli_025,objective_tuning_target_load_pilot_25\scenarios\known_visit_g19_t20_n25.csv,10,18,0,51.38096410337202,51.38096410337202,00,00,1,0,True,completed
17,known_visit,PI,bernoulli,drop_0.25,19,361,4,20,targets_20_pi_h1_bernoulli_025,objective_tuning_target_load_pilot_25\scenarios\known_visit_g19_t20_n25.csv,11,14,6,34.071258723701504,34.071258723701504,00,00,2,1,True,completed
17,known_visit,PI,bernoulli,drop_0.25,19,361,4,20,targets_20_pi_h1_bernoulli_025,objective_tuning_target_load_pilot_25\scenarios\known_visit_g19_t20_n25.csv,12,6,1,11.009420936315601,11.009420936315601,00,00,1,0,True,completed
17,known_visit,PI,bernoulli,drop_0.25,19,361,4,20,targets_20_pi_h1_bernoulli_025,objective_tuning_target_load_pilot_25\scenarios\known_visit_g19_t20_n25.csv,13,5,0,17.791836192858096,17.791836192858096,01,01,1,0,True,completed
17,known_visit,PI,bernoulli,drop_0.25,19,361,4,20,targets_20_pi_h1_bernoulli_025,objective_tuning_target_load_pilot_25\scenarios\known_visit_g19_t20_n25.csv,14,9,16,17.847316425827525,17.847316425827525,03,03,1,0,True,completed
17,known_visit,PI,bernoulli,drop_0.25,19,361,4,20,targets_20_pi_h1_bernoulli_025,objective_tuning_target_load_pilot_25\scenarios\known_visit_g19_t20_n25.csv,15,6,17,10.839220580859687,10.839220580859687,03,03,1,0,True,completed
17,known_visit,PI,bernoulli,drop_0.25,19,361,4,20,targets_20_pi_h1_bernoulli_025,objective_tuning_target_load_pilot_25\scenarios\known_visit_g19_t20_n25.csv,16,1,5,2.204911240815214,2.204911240815214,01,01,1,0,True,completed
17,known_visit,PI,bernoulli,drop_0.25,19,361,4,20,targets_20_pi_h1_bernoulli_025,objective_tuning_target_load_pilot_25\scenarios\known_visit_g19_t20_n25.csv,17,16,13,35.48685774324269,35.48685774324269,03,03,1,0,True,completed
17,known_visit,PI,bernoulli,drop_0.25,19,361,4,20,targets_20_pi_h1_bernoulli_025,objective_tuning_target_load_pilot_25\scenarios\known_visit_g19_t20_n25.csv,18,13,18,52.917026337747515,52.917026337747515,02,02,1,0,True,completed
17,known_visit,PI,bernoulli,drop_0.25,19,361,4,20,targets_20_pi_h1_bernoulli_025,objective_tuning_target_load_pilot_25\scenarios\known_visit_g19_t20_n25.csv,19,2,1,3.8966901957329028,3.8966901957329028,00,00,1,0,True,completed
17,known_visit,PI,bernoulli,drop_0.25,19,361,4,20,targets_20_pi_h1_bernoulli_025,objective_tuning_target_load_pilot_25\scenarios\known_visit_g19_t20_n25.csv,20,12,1,21.272533055750344,21.272533055750344,00,00,2,1,True,completed
18,known_visit,PI,bernoulli,drop_0.25,19,361,4,20,targets_20_pi_h1_bernoulli_025,objective_tuning_target_load_pilot_25\scenarios\known_visit_g19_t20_n25.csv,1,12,13,35.57756716459009,35.57756716459009,02,02,2,1,True,completed
18,known_visit,PI,bernoulli,drop_0.25,19,361,4,20,targets_20_pi_h1_bernoulli_025,objective_tuning_target_load_pilot_25\scenarios\known_visit_g19_t20_n25.csv,2,4,12,5.266962096206152,5.266962096206152,02,02,1,0,True,completed
18,known_visit,PI,bernoulli,drop_0.25,19,361,4,20,targets_20_pi_h1_bernoulli_025,objective_tuning_target_load_pilot_25\scenarios\known_visit_g19_t20_n25.csv,3,3,14,10.74993900993716,10.74993900993716,03,03,1,0,True,completed
18,known_visit,PI,bernoulli,drop_0.25,19,361,4,20,targets_20_pi_h1_bernoulli_025,objective_tuning_target_load_pilot_25\scenarios\known_visit_g19_t20_n25.csv,4,18,2,43.02284315600087,43.02284315600087,00,00,1,0,True,completed
18,known_visit,PI,bernoulli,drop_0.25,19,361,4,20,targets_20_pi_h1_bernoulli_025,objective_tuning_target_load_pilot_25\scenarios\known_visit_g19_t20_n25.csv,5,3,12,3.66687216767681,3.66687216767681,02,02,2,1,True,completed
18,known_visit,PI,bernoulli,drop_0.25,19,361,4,20,targets_20_pi_h1_bernoulli_025,objective_tuning_target_load_pilot_25\scenarios\known_visit_g19_t20_n25.csv,6,3,0,3.4704952306623276,3.4704952306623276,00,00,1,0,True,completed
18,known_visit,PI,bernoulli,drop_0.25,19,361,4,20,targets_20_pi_h1_bernoulli_025,objective_tuning_target_load_pilot_25\scenarios\known_visit_g19_t20_n25.csv,7,9,15,44.349885718163776,44.349885718163776,02,02,1,0,True,completed
18,known_visit,PI,bernoulli,drop_0.25,19,361,4,20,targets_20_pi_h1_bernoulli_025,objective_tuning_target_load_pilot_25\scenarios\known_visit_g19_t20_n25.csv,8,10,18,51.58442209526044,51.58442209526044,02,02,1,0,True,completed
18,known_visit,PI,bernoulli,drop_0.25,19,361,4,20,targets_20_pi_h1_bernoulli_025,objective_tuning_target_load_pilot_25\scenarios\known_visit_g19_t20_n25.csv,9,4,7,11.489370289297467,11.489370289297467,01,01,2,1,True,completed
18,known_visit,PI,bernoulli,drop_0.25,19,361,4,20,targets_20_pi_h1_bernoulli_025,objective_tuning_target_load_pilot_25\scenarios\known_visit_g19_t20_n25.csv,10,12,5,27.766108305711096,27.766108305711096,00,00,1,0,True,completed
18,known_visit,PI,bernoulli,drop_0.25,19,361,4,20,targets_20_pi_h1_bernoulli_025,objective_tuning_target_load_pilot_25\scenarios\known_visit_g19_t20_n25.csv,11,16,16,62.37957426841138,62.37957426841138,03,03,1,0,True,completed
18,known_visit,PI,bernoulli,drop_0.25,19,361,4,20,targets_20_pi_h1_bernoulli_025,objective_tuning_target_load_pilot_25\scenarios\known_visit_g19_t20_n25.csv,12,0,5,0.400227712207776,0.400227712207776,01,01,1,0,True,completed
18,known_visit,PI,bernoulli,drop_0.25,19,361,4,20,targets_20_pi_h1_bernoulli_025,objective_tuning_target_load_pilot_25\scenarios\known_visit_g19_t20_n25.csv,13,13,10,28.439747804220456,28.439747804220456,02,02,1,0,True,completed
18,known_visit,PI,bernoulli,drop_0.25,19,361,4,20,targets_20_pi_h1_bernoulli_025,objective_tuning_target_load_pilot_25\scenarios\known_visit_g19_t20_n25.csv,14,7,5,19.198245623864373,19.198245623864373,00,00,1,0,True,completed
18,known_visit,PI,bernoulli,drop_0.25,19,361,4,20,targets_20_pi_h1_bernoulli_025,objective_tuning_target_load_pilot_25\scenarios\known_visit_g19_t20_n25.csv,15,15,13,48.18839880552542,48.18839880552542,01,01,1,0,True,completed
18,known_visit,PI,bernoulli,drop_0.25,19,361,4,20,targets_20_pi_h1_bernoulli_025,objective_tuning_target_load_pilot_25\scenarios\known_visit_g19_t20_n25.csv,16,16,6,34.07316812386816,34.07316812386816,01,01,1,0,True,completed
18,known_visit,PI,bernoulli,drop_0.25,19,361,4,20,targets_20_pi_h1_bernoulli_025,objective_tuning_target_load_pilot_25\scenarios\known_visit_g19_t20_n25.csv,17,9,9,19.744251411633204,19.744251411633204,02,02,2,1,True,completed
18,known_visit,PI,bernoulli,drop_0.25,19,361,4,20,targets_20_pi_h1_bernoulli_025,objective_tuning_target_load_pilot_25\scenarios\known_visit_g19_t20_n25.csv,18,11,13,37.34496529176748,37.34496529176748,02,02,2,1,True,completed
18,known_visit,PI,bernoulli,drop_0.25,19,361,4,20,targets_20_pi_h1_bernoulli_025,objective_tuning_target_load_pilot_25\scenarios\known_visit_g19_t20_n25.csv,19,5,9,12.734394145932777,12.734394145932777,02,02,1,0,True,completed
18,known_visit,PI,bernoulli,drop_0.25,19,361,4,20,targets_20_pi_h1_bernoulli_025,objective_tuning_target_load_pilot_25\scenarios\known_visit_g19_t20_n25.csv,20,2,7,7.729513575157978,7.729513575157978,01,01,1,0,True,completed
19,known_visit,PI,bernoulli,drop_0.25,19,361,4,20,targets_20_pi_h1_bernoulli_025,objective_tuning_target_load_pilot_25\scenarios\known_visit_g19_t20_n25.csv,1,6,15,24.9916121928679,24.9916121928679,01,01,1,0,True,completed
19,known_visit,PI,bernoulli,drop_0.25,19,361,4,20,targets_20_pi_h1_bernoulli_025,objective_tuning_target_load_pilot_25\scenarios\known_visit_g19_t20_n25.csv,2,9,9,31.199570506061296,31.199570506061296,02,02,2,1,True,completed
19,known_visit,PI,bernoulli,drop_0.25,19,361,4,20,targets_20_pi_h1_bernoulli_025,objective_tuning_target_load_pilot_25\scenarios\known_visit_g19_t20_n25.csv,3,16,2,55.54381146814372,55.54381146814372,00,00,1,0,True,completed
19,known_visit,PI,bernoulli,drop_0.25,19,361,4,20,targets_20_pi_h1_bernoulli_025,objective_tuning_target_load_pilot_25\scenarios\known_visit_g19_t20_n25.csv,4,9,4,25.211531632410683,25.211531632410683,00,00,1,0,True,completed
19,known_visit,PI,bernoulli,drop_0.25,19,361,4,20,targets_20_pi_h1_bernoulli_025,objective_tuning_target_load_pilot_25\scenarios\known_visit_g19_t20_n25.csv,5,4,13,17.431710997364704,17.431710997364704,01,01,1,0,True,completed
19,known_visit,PI,bernoulli,drop_0.25,19,361,4,20,targets_20_pi_h1_bernoulli_025,objective_tuning_target_load_pilot_25\scenarios\known_visit_g19_t20_n25.csv,6,8,13,21.788342567979377,21.788342567979377,03,03,2,1,True,completed
19,known_visit,PI,bernoulli,drop_0.25,19,361,4,20,targets_20_pi_h1_bernoulli_025,objective_tuning_target_load_pilot_25\scenarios\known_visit_g19_t20_n25.csv,7,4,17,7.510596599066843,7.510596599066843,03,03,1,0,True,completed
19,known_visit,PI,bernoulli,drop_0.25,19,361,4,20,targets_20_pi_h1_bernoulli_025,objective_tuning_target_load_pilot_25\scenarios\known_visit_g19_t20_n25.csv,8,10,1,17.846014809512848,17.846014809512848,00,00,1,0,True,completed
19,known_visit,PI,bernoulli,drop_0.25,19,361,4,20,targets_20_pi_h1_bernoulli_025,objective_tuning_target_load_pilot_25\scenarios\known_visit_g19_t20_n25.csv,9,4,16,9.436333080554425,9.436333080554425,03,03,1,0,True,completed
19,known_visit,PI,bernoulli,drop_0.25,19,361,4,20,targets_20_pi_h1_bernoulli_025,objective_tuning_target_load_pilot_25\scenarios\known_visit_g19_t20_n25.csv,10,5,7,20.57969207689845,20.57969207689845,02,02,1,0,True,completed
19,known_visit,PI,bernoulli,drop_0.25,19,361,4,20,targets_20_pi_h1_bernoulli_025,objective_tuning_target_load_pilot_25\scenarios\known_visit_g19_t20_n25.csv,11,0,9,3.7719689447100593,3.7719689447100593,01,01,1,0,True,completed
19,known_visit,PI,bernoulli,drop_0.25,19,361,4,20,targets_20_pi_h1_bernoulli_025,objective_tuning_target_load_pilot_25\scenarios\known_visit_g19_t20_n25.csv,12,1,11,6.467220683279497,6.467220683279497,02,02,1,0,True,completed
19,known_visit,PI,bernoulli,drop_0.25,19,361,4,20,targets_20_pi_h1_bernoulli_025,objective_tuning_target_load_pilot_25\scenarios\known_visit_g19_t20_n25.csv,13,0,13,0.5553265775117513,0.5553265775117513,02,02,2,1,True,completed
19,known_visit,PI,bernoulli,drop_0.25,19,361,4,20,targets_20_pi_h1_bernoulli_025,objective_tuning_target_load_pilot_25\scenarios\known_visit_g19_t20_n25.csv,14,17,13,37.32925487643982,37.32925487643982,03,03,1,0,True,completed
19,known_visit,PI,bernoulli,drop_0.25,19,361,4,20,targets_20_pi_h1_bernoulli_025,objective_tuning_target_load_pilot_25\scenarios\known_visit_g19_t20_n25.csv,15,5,16,11.367253903483796,11.367253903483796,03,03,1,0,True,completed
19,known_visit,PI,bernoulli,drop_0.25,19,361,4,20,targets_20_pi_h1_bernoulli_025,objective_tuning_target_load_pilot_25\scenarios\known_visit_g19_t20_n25.csv,16,12,13,28.81393540738613,28.81393540738613,03,03,2,1,True,completed
19,known_visit,PI,bernoulli,drop_0.25,19,361,4,20,targets_20_pi_h1_bernoulli_025,objective_tuning_target_load_pilot_25\scenarios\known_visit_g19_t20_n25.csv,17,12,8,38.026790424535754,38.026790424535754,00,00,2,1,True,completed
19,known_visit,PI,bernoulli,drop_0.25,19,361,4,20,targets_20_pi_h1_bernoulli_025,objective_tuning_target_load_pilot_25\scenarios\known_visit_g19_t20_n25.csv,18,9,1,16.100521864764747,16.100521864764747,00,00,1,0,True,completed
19,known_visit,PI,bernoulli,drop_0.25,19,361,4,20,targets_20_pi_h1_bernoulli_025,objective_tuning_target_load_pilot_25\scenarios\known_visit_g19_t20_n25.csv,19,10,2,19.790161514559188,19.790161514559188,00,00,1,0,True,completed
19,known_visit,PI,bernoulli,drop_0.25,19,361,4,20,targets_20_pi_h1_bernoulli_025,objective_tuning_target_load_pilot_25\scenarios\known_visit_g19_t20_n25.csv,20,16,3,53.850588518909966,53.850588518909966,00,00,1,0,True,completed
20,known_visit,PI,bernoulli,drop_0.25,19,361,4,20,targets_20_pi_h1_bernoulli_025,objective_tuning_target_load_pilot_25\scenarios\known_visit_g19_t20_n25.csv,1,1,18,0.13041957191322587,0.13041957191322587,03,03,1,0,True,completed
20,known_visit,PI,bernoulli,drop_0.25,19,361,4,20,targets_20_pi_h1_bernoulli_025,objective_tuning_target_load_pilot_25\scenarios\known_visit_g19_t20_n25.csv,2,13,1,85.70722433998255,85.70722433998255,03,03,1,0,True,completed
20,known_visit,PI,bernoulli,drop_0.25,19,361,4,20,targets_20_pi_h1_bernoulli_025,objective_tuning_target_load_pilot_25\scenarios\known_visit_g19_t20_n25.csv,3,6,8,31.592932609227965,31.592932609227965,00,00,1,0,True,completed
20,known_visit,PI,bernoulli,drop_0.25,19,361,4,20,targets_20_pi_h1_bernoulli_025,objective_tuning_target_load_pilot_25\scenarios\known_visit_g19_t20_n25.csv,4,14,3,69.05786919035472,69.05786919035472,03,03,1,0,True,completed
20,known_visit,PI,bernoulli,drop_0.25,19,361,4,20,targets_20_pi_h1_bernoulli_025,objective_tuning_target_load_pilot_25\scenarios\known_visit_g19_t20_n25.csv,5,3,15,12.559595315357647,12.559595315357647,03,03,2,1,True,completed
20,known_visit,PI,bernoulli,drop_0.25,19,361,4,20,targets_20_pi_h1_bernoulli_025,objective_tuning_target_load_pilot_25\scenarios\known_visit_g19_t20_n25.csv,6,1,7,9.299550200085914,9.299550200085914,02,02,1,0,True,completed
20,known_visit,PI,bernoulli,drop_0.25,19,361,4,20,targets_20_pi_h1_bernoulli_025,objective_tuning_target_load_pilot_25\scenarios\known_visit_g19_t20_n25.csv,7,1,4,4.01585985882163,4.01585985882163,01,01,2,1,True,completed
20,known_visit,PI,bernoulli,drop_0.25,19,361,4,20,targets_20_pi_h1_bernoulli_025,objective_tuning_target_load_pilot_25\scenarios\known_visit_g19_t20_n25.csv,8,15,13,44.4543109242735,44.4543109242735,01,01,1,0,True,completed
20,known_visit,PI,bernoulli,drop_0.25,19,361,4,20,targets_20_pi_h1_bernoulli_025,objective_tuning_target_load_pilot_25\scenarios\known_visit_g19_t20_n25.csv,9,7,5,16.525097520265824,16.525097520265824,01,01,2,1,True,completed
20,known_visit,PI,bernoulli,drop_0.25,19,361,4,20,targets_20_pi_h1_bernoulli_025,objective_tuning_target_load_pilot_25\scenarios\known_visit_g19_t20_n25.csv,10,17,2,76.5090302632529,76.5090302632529,03,03,1,0,True,completed
20,known_visit,PI,bernoulli,drop_0.25,19,361,4,20,targets_20_pi_h1_bernoulli_025,objective_tuning_target_load_pilot_25\scenarios\known_visit_g19_t20_n25.csv,11,13,9,34.08423220877983,34.08423220877983,01,01,2,1,True,completed
20,known_visit,PI,bernoulli,drop_0.25,19,361,4,20,targets_20_pi_h1_bernoulli_025,objective_tuning_target_load_pilot_25\scenarios\known_visit_g19_t20_n25.csv,12,12,8,30.45298942241867,30.45298942241867,01,01,1,0,True,completed
20,known_visit,PI,bernoulli,drop_0.25,19,361,4,20,targets_20_pi_h1_bernoulli_025,objective_tuning_target_load_pilot_25\scenarios\known_visit_g19_t20_n25.csv,13,4,17,7.222835716570349,7.222835716570349,03,03,2,1,True,completed
20,known_visit,PI,bernoulli,drop_0.25,19,361,4,20,targets_20_pi_h1_bernoulli_025,objective_tuning_target_load_pilot_25\scenarios\known_visit_g19_t20_n25.csv,14,11,16,32.700853200223996,32.700853200223996,03,03,3,2,True,completed
20,known_visit,PI,bernoulli,drop_0.25,19,361,4,20,targets_20_pi_h1_bernoulli_025,objective_tuning_target_load_pilot_25\scenarios\known_visit_g19_t20_n25.csv,15,4,15,10.59832911295758,10.59832911295758,03,03,3,2,True,completed
20,known_visit,PI,bernoulli,drop_0.25,19,361,4,20,targets_20_pi_h1_bernoulli_025,objective_tuning_target_load_pilot_25\scenarios\known_visit_g19_t20_n25.csv,16,1,5,2.341324093652728,2.341324093652728,01,01,2,1,True,completed
20,known_visit,PI,bernoulli,drop_0.25,19,361,4,20,targets_20_pi_h1_bernoulli_025,objective_tuning_target_load_pilot_25\scenarios\known_visit_g19_t20_n25.csv,17,13,12,39.28877565353067,39.28877565353067,01,01,1,0,True,completed
20,known_visit,PI,bernoulli,drop_0.25,19,361,4,20,targets_20_pi_h1_bernoulli_025,objective_tuning_target_load_pilot_25\scenarios\known_visit_g19_t20_n25.csv,18,9,16,28.905118056661713,28.905118056661713,03,03,2,1,True,completed
20,known_visit,PI,bernoulli,drop_0.25,19,361,4,20,targets_20_pi_h1_bernoulli_025,objective_tuning_target_load_pilot_25\scenarios\known_visit_g19_t20_n25.csv,19,3,4,7.775983132500183,7.775983132500183,01,01,2,1,True,completed
20,known_visit,PI,bernoulli,drop_0.25,19,361,4,20,targets_20_pi_h1_bernoulli_025,objective_tuning_target_load_pilot_25\scenarios\known_visit_g19_t20_n25.csv,20,14,14,41.51474080277951,41.51474080277951,03,03,2,1,True,completed
21,known_visit,PI,bernoulli,drop_0.25,19,361,4,20,targets_20_pi_h1_bernoulli_025,objective_tuning_target_load_pilot_25\scenarios\known_visit_g19_t20_n25.csv,1,0,1,0.6978148684324722,0.6978148684324722,00,00,1,0,True,completed
21,known_visit,PI,bernoulli,drop_0.25,19,361,4,20,targets_20_pi_h1_bernoulli_025,objective_tuning_target_load_pilot_25\scenarios\known_visit_g19_t20_n25.csv,2,0,11,0.5256015677857256,0.5256015677857256,02,02,2,1,True,completed
21,known_visit,PI,bernoulli,drop_0.25,19,361,4,20,targets_20_pi_h1_bernoulli_025,objective_tuning_target_load_pilot_25\scenarios\known_visit_g19_t20_n25.csv,3,2,4,9.606553228830185,9.606553228830185,00,00,1,0,True,completed
21,known_visit,PI,bernoulli,drop_0.25,19,361,4,20,targets_20_pi_h1_bernoulli_025,objective_tuning_target_load_pilot_25\scenarios\known_visit_g19_t20_n25.csv,4,18,8,70.32916876933042,70.32916876933042,00,00,2,1,True,completed
21,known_visit,PI,bernoulli,drop_0.25,19,361,4,20,targets_20_pi_h1_bernoulli_025,objective_tuning_target_load_pilot_25\scenarios\known_visit_g19_t20_n25.csv,5,11,3,44.33834298438316,44.33834298438316,03,03,1,0,True,completed
21,known_visit,PI,bernoulli,drop_0.25,19,361,4,20,targets_20_pi_h1_bernoulli_025,objective_tuning_target_load_pilot_25\scenarios\known_visit_g19_t20_n25.csv,6,5,9,12.77675133590912,12.77675133590912,02,02,2,1,True,completed
21,known_visit,PI,bernoulli,drop_0.25,19,361,4,20,targets_20_pi_h1_bernoulli_025,objective_tuning_target_load_pilot_25\scenarios\known_visit_g19_t20_n25.csv,7,0,10,2.2715118340237543,2.2715118340237543,02,02,2,1,True,completed
21,known_visit,PI,bernoulli,drop_0.25,19,361,4,20,targets_20_pi_h1_bernoulli_025,objective_tuning_target_load_pilot_25\scenarios\known_visit_g19_t20_n25.csv,8,10,8,33.66975141873059,33.66975141873059,03,03,2,1,True,completed
21,known_visit,PI,bernoulli,drop_0.25,19,361,4,20,targets_20_pi_h1_bernoulli_025,objective_tuning_target_load_pilot_25\scenarios\known_visit_g19_t20_n25.csv,9,0,17,0.44962860451207876,0.44962860451207876,03,03,1,0,True,completed
21,known_visit,PI,bernoulli,drop_0.25,19,361,4,20,targets_20_pi_h1_bernoulli_025,objective_tuning_target_load_pilot_25\scenarios\known_visit_g19_t20_n25.csv,10,14,4,55.39157561579008,55.39157561579008,00,00,1,0,True,completed
21,known_visit,PI,bernoulli,drop_0.25,19,361,4,20,targets_20_pi_h1_bernoulli_025,objective_tuning_target_load_pilot_25\scenarios\known_visit_g19_t20_n25.csv,11,5,8,14.849743293993738,14.849743293993738,02,02,2,1,True,completed
21,known_visit,PI,bernoulli,drop_0.25,19,361,4,20,targets_20_pi_h1_bernoulli_025,objective_tuning_target_load_pilot_25\scenarios\known_visit_g19_t20_n25.csv,12,0,7,0.5339623145127541,0.5339623145127541,01,01,1,0,True,completed
21,known_visit,PI,bernoulli,drop_0.25,19,361,4,20,targets_20_pi_h1_bernoulli_025,objective_tuning_target_load_pilot_25\scenarios\known_visit_g19_t20_n25.csv,13,0,3,4.11559831515392,4.11559831515392,00,00,1,0,True,completed
21,known_visit,PI,bernoulli,drop_0.25,19,361,4,20,targets_20_pi_h1_bernoulli_025,objective_tuning_target_load_pilot_25\scenarios\known_visit_g19_t20_n25.csv,14,17,7,66.1763827377904,66.1763827377904,00,00,1,0,True,completed
21,known_visit,PI,bernoulli,drop_0.25,19,361,4,20,targets_20_pi_h1_bernoulli_025,objective_tuning_target_load_pilot_25\scenarios\known_visit_g19_t20_n25.csv,15,1,0,34.26337414924962,34.26337414924962,01,01,2,1,True,completed
21,known_visit,PI,bernoulli,drop_0.25,19,361,4,20,targets_20_pi_h1_bernoulli_025,objective_tuning_target_load_pilot_25\scenarios\known_visit_g19_t20_n25.csv,16,12,0,51.53955986323032,51.53955986323032,03,03,1,0,True,completed
21,known_visit,PI,bernoulli,drop_0.25,19,361,4,20,targets_20_pi_h1_bernoulli_025,objective_tuning_target_load_pilot_25\scenarios\known_visit_g19_t20_n25.csv,17,12,18,104.77886913012368,104.77886913012368,03,03,1,0,True,completed
21,known_visit,PI,bernoulli,drop_0.25,19,361,4,20,targets_20_pi_h1_bernoulli_025,objective_tuning_target_load_pilot_25\scenarios\known_visit_g19_t20_n25.csv,18,6,11,21.391805868291417,21.391805868291417,03,03,2,1,True,completed
21,known_visit,PI,bernoulli,drop_0.25,19,361,4,20,targets_20_pi_h1_bernoulli_025,objective_tuning_target_load_pilot_25\scenarios\known_visit_g19_t20_n25.csv,19,18,7,68.25674542849217,68.25674542849217,00,00,2,1,True,completed
21,known_visit,PI,bernoulli,drop_0.25,19,361,4,20,targets_20_pi_h1_bernoulli_025,objective_tuning_target_load_pilot_25\scenarios\known_visit_g19_t20_n25.csv,20,1,6,4.351479602019417,4.351479602019417,01,01,2,1,True,completed
22,known_visit,PI,bernoulli,drop_0.25,19,361,4,20,targets_20_pi_h1_bernoulli_025,objective_tuning_target_load_pilot_25\scenarios\known_visit_g19_t20_n25.csv,1,13,4,36.24046607941999,36.24046607941999,00,00,2,1,True,completed
22,known_visit,PI,bernoulli,drop_0.25,19,361,4,20,targets_20_pi_h1_bernoulli_025,objective_tuning_target_load_pilot_25\scenarios\known_visit_g19_t20_n25.csv,2,7,6,33.45057289282216,33.45057289282216,01,01,1,0,True,completed
22,known_visit,PI,bernoulli,drop_0.25,19,361,4,20,targets_20_pi_h1_bernoulli_025,objective_tuning_target_load_pilot_25\scenarios\known_visit_g19_t20_n25.csv,3,5,18,32.735589694527036,32.735589694527036,03,03,1,0,True,completed
22,known_visit,PI,bernoulli,drop_0.25,19,361,4,20,targets_20_pi_h1_bernoulli_025,objective_tuning_target_load_pilot_25\scenarios\known_visit_g19_t20_n25.csv,4,15,7,44.16582946689355,44.16582946689355,02,02,1,0,True,completed
22,known_visit,PI,bernoulli,drop_0.25,19,361,4,20,targets_20_pi_h1_bernoulli_025,objective_tuning_target_load_pilot_25\scenarios\known_visit_g19_t20_n25.csv,5,11,4,31.542593837320148,31.542593837320148,02,02,1,0,True,completed
22,known_visit,PI,bernoulli,drop_0.25,19,361,4,20,targets_20_pi_h1_bernoulli_025,objective_tuning_target_load_pilot_25\scenarios\known_visit_g19_t20_n25.csv,6,5,9,12.727357555956834,12.727357555956834,01,01,1,0,True,completed
22,known_visit,PI,bernoulli,drop_0.25,19,361,4,20,targets_20_pi_h1_bernoulli_025,objective_tuning_target_load_pilot_25\scenarios\known_visit_g19_t20_n25.csv,7,12,7,38.67766601781762,38.67766601781762,02,02,1,0,True,completed
22,known_visit,PI,bernoulli,drop_0.25,19,361,4,20,targets_20_pi_h1_bernoulli_025,objective_tuning_target_load_pilot_25\scenarios\known_visit_g19_t20_n25.csv,8,2,12,1.9075923700236563,1.9075923700236563,02,02,2,1,True,completed
22,known_visit,PI,bernoulli,drop_0.25,19,361,4,20,targets_20_pi_h1_bernoulli_025,objective_tuning_target_load_pilot_25\scenarios\known_visit_g19_t20_n25.csv,9,14,13,56.65051864662227,56.65051864662227,03,03,1,0,True,completed
22,known_visit,PI,bernoulli,drop_0.25,19,361,4,20,targets_20_pi_h1_bernoulli_025,objective_tuning_target_load_pilot_25\scenarios\known_visit_g19_t20_n25.csv,10,2,2,5.39247349980336,5.39247349980336,00,00,1,0,True,completed
22,known_visit,PI,bernoulli,drop_0.25,19,361,4,20,targets_20_pi_h1_bernoulli_025,objective_tuning_target_load_pilot_25\scenarios\known_visit_g19_t20_n25.csv,11,2,16,5.737929801728923,5.737929801728923,03,03,1,0,True,completed
22,known_visit,PI,bernoulli,drop_0.25,19,361,4,20,targets_20_pi_h1_bernoulli_025,objective_tuning_target_load_pilot_25\scenarios\known_visit_g19_t20_n25.csv,12,8,10,15.885338093078666,15.885338093078666,02,02,1,0,True,completed
22,known_visit,PI,bernoulli,drop_0.25,19,361,4,20,targets_20_pi_h1_bernoulli_025,objective_tuning_target_load_pilot_25\scenarios\known_visit_g19_t20_n25.csv,13,16,12,62.09164077253847,62.09164077253847,03,03,1,0,True,completed
22,known_visit,PI,bernoulli,drop_0.25,19,361,4,20,targets_20_pi_h1_bernoulli_025,objective_tuning_target_load_pilot_25\scenarios\known_visit_g19_t20_n25.csv,14,4,12,5.536883121002491,5.536883121002491,02,02,2,1,True,completed
22,known_visit,PI,bernoulli,drop_0.25,19,361,4,20,targets_20_pi_h1_bernoulli_025,objective_tuning_target_load_pilot_25\scenarios\known_visit_g19_t20_n25.csv,15,5,1,12.960628834570203,12.960628834570203,00,00,1,0,True,completed
22,known_visit,PI,bernoulli,drop_0.25,19,361,4,20,targets_20_pi_h1_bernoulli_025,objective_tuning_target_load_pilot_25\scenarios\known_visit_g19_t20_n25.csv,16,8,6,22.662777905569893,22.662777905569893,02,02,1,0,True,completed
22,known_visit,PI,bernoulli,drop_0.25,19,361,4,20,targets_20_pi_h1_bernoulli_025,objective_tuning_target_load_pilot_25\scenarios\known_visit_g19_t20_n25.csv,17,9,2,25.415848870389556,25.415848870389556,00,00,1,0,True,completed
22,known_visit,PI,bernoulli,drop_0.25,19,361,4,20,targets_20_pi_h1_bernoulli_025,objective_tuning_target_load_pilot_25\scenarios\known_visit_g19_t20_n25.csv,18,9,0,21.6483237995234,21.6483237995234,00,00,1,0,True,completed
22,known_visit,PI,bernoulli,drop_0.25,19,361,4,20,targets_20_pi_h1_bernoulli_025,objective_tuning_target_load_pilot_25\scenarios\known_visit_g19_t20_n25.csv,19,0,9,3.9294169053387193,3.9294169053387193,01,01,1,0,True,completed
22,known_visit,PI,bernoulli,drop_0.25,19,361,4,20,targets_20_pi_h1_bernoulli_025,objective_tuning_target_load_pilot_25\scenarios\known_visit_g19_t20_n25.csv,20,14,12,58.425468090533904,58.425468090533904,03,03,1,0,True,completed
23,known_visit,PI,bernoulli,drop_0.25,19,361,4,20,targets_20_pi_h1_bernoulli_025,objective_tuning_target_load_pilot_25\scenarios\known_visit_g19_t20_n25.csv,1,14,4,33.924256975012604,33.924256975012604,00,00,3,2,True,completed
23,known_visit,PI,bernoulli,drop_0.25,19,361,4,20,targets_20_pi_h1_bernoulli_025,objective_tuning_target_load_pilot_25\scenarios\known_visit_g19_t20_n25.csv,2,4,17,7.305693101448887,7.305693101448887,03,03,2,1,True,completed
23,known_visit,PI,bernoulli,drop_0.25,19,361,4,20,targets_20_pi_h1_bernoulli_025,objective_tuning_target_load_pilot_25\scenarios\known_visit_g19_t20_n25.csv,3,17,5,51.97248207130854,51.97248207130854,02,02,1,0,True,completed
23,known_visit,PI,bernoulli,drop_0.25,19,361,4,20,targets_20_pi_h1_bernoulli_025,objective_tuning_target_load_pilot_25\scenarios\known_visit_g19_t20_n25.csv,4,8,9,25.274141656877493,25.274141656877493,02,02,1,0,True,completed
23,known_visit,PI,bernoulli,drop_0.25,19,361,4,20,targets_20_pi_h1_bernoulli_025,objective_tuning_target_load_pilot_25\scenarios\known_visit_g19_t20_n25.csv,5,7,11,19.764927683895785,19.764927683895785,02,02,2,1,True,completed
23,known_visit,PI,bernoulli,drop_0.25,19,361,4,20,targets_20_pi_h1_bernoulli_025,objective_tuning_target_load_pilot_25\scenarios\known_visit_g19_t20_n25.csv,6,14,12,58.39475831862511,58.39475831862511,01,01,1,0,True,completed
23,known_visit,PI,bernoulli,drop_0.25,19,361,4,20,targets_20_pi_h1_bernoulli_025,objective_tuning_target_load_pilot_25\scenarios\known_visit_g19_t20_n25.csv,7,1,1,2.0753022652475095,2.0753022652475095,00,00,1,0,True,completed
23,known_visit,PI,bernoulli,drop_0.25,19,361,4,20,targets_20_pi_h1_bernoulli_025,objective_tuning_target_load_pilot_25\scenarios\known_visit_g19_t20_n25.csv,8,5,12,14.41589177622776,14.41589177622776,02,02,2,1,True,completed
23,known_visit,PI,bernoulli,drop_0.25,19,361,4,20,targets_20_pi_h1_bernoulli_025,objective_tuning_target_load_pilot_25\scenarios\known_visit_g19_t20_n25.csv,9,14,2,37.64313434684414,37.64313434684414,00,00,1,0,True,completed
23,known_visit,PI,bernoulli,drop_0.25,19,361,4,20,targets_20_pi_h1_bernoulli_025,objective_tuning_target_load_pilot_25\scenarios\known_visit_g19_t20_n25.csv,10,14,16,51.47210052310088,51.47210052310088,01,01,1,0,True,completed
23,known_visit,PI,bernoulli,drop_0.25,19,361,4,20,targets_20_pi_h1_bernoulli_025,objective_tuning_target_load_pilot_25\scenarios\known_visit_g19_t20_n25.csv,11,9,4,25.040943482803474,25.040943482803474,00,00,2,1,True,completed
23,known_visit,PI,bernoulli,drop_0.25,19,361,4,20,targets_20_pi_h1_bernoulli_025,objective_tuning_target_load_pilot_25\scenarios\known_visit_g19_t20_n25.csv,12,10,9,29.025546971127255,29.025546971127255,02,02,1,0,True,completed
23,known_visit,PI,bernoulli,drop_0.25,19,361,4,20,targets_20_pi_h1_bernoulli_025,objective_tuning_target_load_pilot_25\scenarios\known_visit_g19_t20_n25.csv,13,0,5,0.5405221156953889,0.5405221156953889,01,01,1,0,True,completed
23,known_visit,PI,bernoulli,drop_0.25,19,361,4,20,targets_20_pi_h1_bernoulli_025,objective_tuning_target_load_pilot_25\scenarios\known_visit_g19_t20_n25.csv,14,18,16,72.68735249088377,72.68735249088377,01,01,1,0,True,completed
23,known_visit,PI,bernoulli,drop_0.25,19,361,4,20,targets_20_pi_h1_bernoulli_025,objective_tuning_target_load_pilot_25\scenarios\known_visit_g19_t20_n25.csv,15,6,5,17.74603849522277,17.74603849522277,00,00,2,1,True,completed
23,known_visit,PI,bernoulli,drop_0.25,19,361,4,20,targets_20_pi_h1_bernoulli_025,objective_tuning_target_load_pilot_25\scenarios\known_visit_g19_t20_n25.csv,16,2,7,7.902652887944427,7.902652887944427,01,01,1,0,True,completed
23,known_visit,PI,bernoulli,drop_0.25,19,361,4,20,targets_20_pi_h1_bernoulli_025,objective_tuning_target_load_pilot_25\scenarios\known_visit_g19_t20_n25.csv,17,16,0,44.75601302576891,44.75601302576891,00,00,2,1,True,completed
23,known_visit,PI,bernoulli,drop_0.25,19,361,4,20,targets_20_pi_h1_bernoulli_025,objective_tuning_target_load_pilot_25\scenarios\known_visit_g19_t20_n25.csv,18,1,14,3.7738659725832586,3.7738659725832586,02,02,2,1,True,completed
23,known_visit,PI,bernoulli,drop_0.25,19,361,4,20,targets_20_pi_h1_bernoulli_025,objective_tuning_target_load_pilot_25\scenarios\known_visit_g19_t20_n25.csv,19,17,6,58.703510467535025,58.703510467535025,02,02,1,0,True,completed
23,known_visit,PI,bernoulli,drop_0.25,19,361,4,20,targets_20_pi_h1_bernoulli_025,objective_tuning_target_load_pilot_25\scenarios\known_visit_g19_t20_n25.csv,20,13,8,35.89728060138041,35.89728060138041,02,02,1,0,True,completed
24,known_visit,PI,bernoulli,drop_0.25,19,361,4,20,targets_20_pi_h1_bernoulli_025,objective_tuning_target_load_pilot_25\scenarios\known_visit_g19_t20_n25.csv,1,18,2,63.48118072689385,63.48118072689385,02,02,1,0,True,completed
24,known_visit,PI,bernoulli,drop_0.25,19,361,4,20,targets_20_pi_h1_bernoulli_025,objective_tuning_target_load_pilot_25\scenarios\known_visit_g19_t20_n25.csv,2,8,7,18.403432697056395,18.403432697056395,01,01,1,0,True,completed
24,known_visit,PI,bernoulli,drop_0.25,19,361,4,20,targets_20_pi_h1_bernoulli_025,objective_tuning_target_load_pilot_25\scenarios\known_visit_g19_t20_n25.csv,3,4,9,11.170448109877935,11.170448109877935,02,02,2,1,True,completed
24,known_visit,PI,bernoulli,drop_0.25,19,361,4,20,targets_20_pi_h1_bernoulli_025,objective_tuning_target_load_pilot_25\scenarios\known_visit_g19_t20_n25.csv,4,5,16,10.985390749563098,10.985390749563098,03,03,1,0,True,completed
24,known_visit,PI,bernoulli,drop_0.25,19,361,4,20,targets_20_pi_h1_bernoulli_025,objective_tuning_target_load_pilot_25\scenarios\known_visit_g19_t20_n25.csv,5,4,12,5.511943862787793,5.511943862787793,02,02,1,0,True,completed
24,known_visit,PI,bernoulli,drop_0.25,19,361,4,20,targets_20_pi_h1_bernoulli_025,objective_tuning_target_load_pilot_25\scenarios\known_visit_g19_t20_n25.csv,6,7,7,16.3898661537485,16.3898661537485,01,01,1,0,True,completed
24,known_visit,PI,bernoulli,drop_0.25,19,361,4,20,targets_20_pi_h1_bernoulli_025,objective_tuning_target_load_pilot_25\scenarios\known_visit_g19_t20_n25.csv,7,7,18,18.157479518703795,18.157479518703795,03,03,2,1,True,completed
24,known_visit,PI,bernoulli,drop_0.25,19,361,4,20,targets_20_pi_h1_bernoulli_025,objective_tuning_target_load_pilot_25\scenarios\known_visit_g19_t20_n25.csv,8,16,17,74.49521276637283,74.49521276637283,00,00,1,0,True,completed
24,known_visit,PI,bernoulli,drop_0.25,19,361,4,20,targets_20_pi_h1_bernoulli_025,objective_tuning_target_load_pilot_25\scenarios\known_visit_g19_t20_n25.csv,9,1,17,2.195494429840433,2.195494429840433,03,03,2,1,True,completed
24,known_visit,PI,bernoulli,drop_0.25,19,361,4,20,targets_20_pi_h1_bernoulli_025,objective_tuning_target_load_pilot_25\scenarios\known_visit_g19_t20_n25.csv,10,3,8,7.270370248568193,7.270370248568193,01,01,2,1,True,completed
24,known_visit,PI,bernoulli,drop_0.25,19,361,4,20,targets_20_pi_h1_bernoulli_025,objective_tuning_target_load_pilot_25\scenarios\known_visit_g19_t20_n25.csv,11,10,14,31.160152756214394,31.160152756214394,03,03,1,0,True,completed
24,known_visit,PI,bernoulli,drop_0.25,19,361,4,20,targets_20_pi_h1_bernoulli_025,objective_tuning_target_load_pilot_25\scenarios\known_visit_g19_t20_n25.csv,12,14,10,42.8863440025906,42.8863440025906,02,02,1,0,True,completed
24,known_visit,PI,bernoulli,drop_0.25,19,361,4,20,targets_20_pi_h1_bernoulli_025,objective_tuning_target_load_pilot_25\scenarios\known_visit_g19_t20_n25.csv,13,13,9,39.144868392617774,39.144868392617774,02,02,2,1,True,completed
24,known_visit,PI,bernoulli,drop_0.25,19,361,4,20,targets_20_pi_h1_bernoulli_025,objective_tuning_target_load_pilot_25\scenarios\known_visit_g19_t20_n25.csv,14,5,4,14.599903851394926,14.599903851394926,00,00,1,0,True,completed
24,known_visit,PI,bernoulli,drop_0.25,19,361,4,20,targets_20_pi_h1_bernoulli_025,objective_tuning_target_load_pilot_25\scenarios\known_visit_g19_t20_n25.csv,15,18,7,54.91010637271103,54.91010637271103,02,02,1,0,True,completed
24,known_visit,PI,bernoulli,drop_0.25,19,361,4,20,targets_20_pi_h1_bernoulli_025,objective_tuning_target_load_pilot_25\scenarios\known_visit_g19_t20_n25.csv,16,13,0,63.7823121651442,63.7823121651442,01,01,1,0,True,completed
24,known_visit,PI,bernoulli,drop_0.25,19,361,4,20,targets_20_pi_h1_bernoulli_025,objective_tuning_target_load_pilot_25\scenarios\known_visit_g19_t20_n25.csv,17,14,1,65.18330477661931,65.18330477661931,03,03,1,0,True,completed
24,known_visit,PI,bernoulli,drop_0.25,19,361,4,20,targets_20_pi_h1_bernoulli_025,objective_tuning_target_load_pilot_25\scenarios\known_visit_g19_t20_n25.csv,18,2,1,3.9490818881590806,3.9490818881590806,00,00,1,0,True,completed
24,known_visit,PI,bernoulli,drop_0.25,19,361,4,20,targets_20_pi_h1_bernoulli_025,objective_tuning_target_load_pilot_25\scenarios\known_visit_g19_t20_n25.csv,19,12,3,56.86102234080022,56.86102234080022,01,01,1,0,True,completed
24,known_visit,PI,bernoulli,drop_0.25,19,361,4,20,targets_20_pi_h1_bernoulli_025,objective_tuning_target_load_pilot_25\scenarios\known_visit_g19_t20_n25.csv,20,8,15,25.65522615625242,25.65522615625242,03,03,1,0,True,completed
