trial_id,trial_mode,algorithm,comm_model,comm_level,grid_size,grid_cells,robot_count,target_count,condition_id,scenario_file,target_index,target_x,target_y,first_completion_time_s,first_completion_sim_time_s,first_found_by_robot,first_finder_robot_id,total_visits,duplicate_visits,completed,trial_status
0,known_visit,PI,bernoulli,drop_0.25,34,1156,6,10,pi_g34_d220_bernoulli_drop_0_25,reruns\grid_density\scenarios\cv\known_visit_grid34_targets10_trials50.csv,1,20,5,37.04777717410685,37.04777717410685,01,01,1,0,True,completed
0,known_visit,PI,bernoulli,drop_0.25,34,1156,6,10,pi_g34_d220_bernoulli_drop_0_25,reruns\grid_density\scenarios\cv\known_visit_grid34_targets10_trials50.csv,2,28,1,62.851178697208425,62.851178697208425,00,00,1,0,True,completed
0,known_visit,PI,bernoulli,drop_0.25,34,1156,6,10,pi_g34_d220_bernoulli_drop_0_25,reruns\grid_density\scenarios\cv\known_visit_grid34_targets10_trials50.csv,3,11,25,19.385651719020885,19.385651719020885,04,04,3,2,True,completed
0,known_visit,PI,bernoulli,drop_0.25,34,1156,6,10,pi_g34_d220_bernoulli_drop_0_25,reruns\grid_density\scenarios\cv\known_visit_grid34_targets10_trials50.csv,4,20,24,36.53066243229372,36.53066243229372,04,04,2,1,True,completed
0,known_visit,PI,bernoulli,drop_0.25,34,1156,6,10,pi_g34_d220_bernoulli_drop_0_25,reruns\grid_density\scenarios\cv\known_visit_grid34_targets10_trials50.csv,5,25,8,50.870618066913636,50.870618066913636,01,01,2,1,True,completed
0,known_visit,PI,bernoulli,drop_0.25,34,1156,6,10,pi_g34_d220_bernoulli_drop_0_25,reruns\grid_density\scenarios\cv\known_visit_grid34_targets10_trials50.csv,6,3,5,7.385606949574727,7.385606949574727,01,01,2,1,True,completed
0,known_visit,PI,bernoulli,drop_0.25,34,1156,6,10,pi_g34_d220_bernoulli_drop_0_25,reruns\grid_density\scenarios\cv\known_visit_grid34_targets10_trials50.csv,7,1,16,5.390415692000905,5.390415692000905,02,02,1,0,True,completed
0,known_visit,PI,bernoulli,drop_0.25,34,1156,6,10,pi_g34_d220_bernoulli_drop_0_25,reruns\grid_density\scenarios\cv\known_visit_grid34_targets10_trials50.csv,8,23,30,70.05326172378285,70.05326172378285,05,05,1,0,True,completed
0,known_visit,PI,bernoulli,drop_0.25,34,1156,6,10,pi_g34_d220_bernoulli_drop_0_25,reruns\grid_density\scenarios\cv\known_visit_grid34_targets10_trials50.csv,9,33,13,84.3787465086406,84.3787465086406,01,01,1,0,True,completed
0,known_visit,PI,bernoulli,drop_0.25,34,1156,6,10,pi_g34_d220_bernoulli_drop_0_25,reruns\grid_density\scenarios\cv\known_visit_grid34_targets10_trials50.csv,10,24,22,46.877761271134915,46.877761271134915,04,04,1,0,True,completed
1,known_visit,PI,bernoulli,drop_0.25,34,1156,6,10,pi_g34_d220_bernoulli_drop_0_25,reruns\grid_density\scenarios\cv\known_visit_grid34_targets10_trials50.csv,1,19,17,38.54831482304242,38.54831482304242,02,02,1,0,True,completed
1,known_visit,PI,bernoulli,drop_0.25,34,1156,6,10,pi_g34_d220_bernoulli_drop_0_25,reruns\grid_density\scenarios\cv\known_visit_grid34_targets10_trials50.csv,2,14,6,32.439739600625714,32.439739600625714,00,00,1,0,True,completed
1,known_visit,PI,bernoulli,drop_0.25,34,1156,6,10,pi_g34_d220_bernoulli_drop_0_25,reruns\grid_density\scenarios\cv\known_visit_grid34_targets10_trials50.csv,3,17,16,33.16059566706755,33.16059566706755,02,02,2,1,True,completed
1,known_visit,PI,bernoulli,drop_0.25,34,1156,6,10,pi_g34_d220_bernoulli_drop_0_25,reruns\grid_density\scenarios\cv\known_visit_grid34_targets10_trials50.csv,4,16,15,29.53819188625947,29.53819188625947,02,02,1,0,True,completed
1,known_visit,PI,bernoulli,drop_0.25,34,1156,6,10,pi_g34_d220_bernoulli_drop_0_25,reruns\grid_density\scenarios\cv\known_visit_grid34_targets10_trials50.csv,5,5,33,7.0385843218645725,7.0385843218645725,05,05,1,0,True,completed
1,known_visit,PI,bernoulli,drop_0.25,34,1156,6,10,pi_g34_d220_bernoulli_drop_0_25,reruns\grid_density\scenarios\cv\known_visit_grid34_targets10_trials50.csv,6,11,30,23.713366663135982,23.713366663135982,04,04,1,0,True,completed
1,known_visit,PI,bernoulli,drop_0.25,34,1156,6,10,pi_g34_d220_bernoulli_drop_0_25,reruns\grid_density\scenarios\cv\known_visit_grid34_targets10_trials50.csv,7,26,23,51.30084239134816,51.30084239134816,03,03,1,0,True,completed
1,known_visit,PI,bernoulli,drop_0.25,34,1156,6,10,pi_g34_d220_bernoulli_drop_0_25,reruns\grid_density\scenarios\cv\known_visit_grid34_targets10_trials50.csv,8,24,33,43.773957077868886,43.773957077868886,05,05,1,0,True,completed
1,known_visit,PI,bernoulli,drop_0.25,34,1156,6,10,pi_g34_d220_bernoulli_drop_0_25,reruns\grid_density\scenarios\cv\known_visit_grid34_targets10_trials50.csv,9,27,21,46.0269265289385,46.0269265289385,03,03,1,0,True,completed
1,known_visit,PI,bernoulli,drop_0.25,34,1156,6,10,pi_g34_d220_bernoulli_drop_0_25,reruns\grid_density\scenarios\cv\known_visit_grid34_targets10_trials50.csv,10,19,32,32.85026663192627,32.85026663192627,05,05,2,1,True,completed
2,known_visit,PI,bernoulli,drop_0.25,34,1156,6,10,pi_g34_d220_bernoulli_drop_0_25,reruns\grid_density\scenarios\cv\known_visit_grid34_targets10_trials50.csv,1,3,32,5.44415995732374,5.44415995732374,05,05,1,0,True,completed
2,known_visit,PI,bernoulli,drop_0.25,34,1156,6,10,pi_g34_d220_bernoulli_drop_0_25,reruns\grid_density\scenarios\cv\known_visit_grid34_targets10_trials50.csv,2,26,0,42.47802964777126,42.47802964777126,00,00,1,0,True,completed
2,known_visit,PI,bernoulli,drop_0.25,34,1156,6,10,pi_g34_d220_bernoulli_drop_0_25,reruns\grid_density\scenarios\cv\known_visit_grid34_targets10_trials50.csv,3,14,7,26.298028783264648,26.298028783264648,01,01,1,0,True,completed
2,known_visit,PI,bernoulli,drop_0.25,34,1156,6,10,pi_g34_d220_bernoulli_drop_0_25,reruns\grid_density\scenarios\cv\known_visit_grid34_targets10_trials50.csv,4,19,20,41.07242277301933,41.07242277301933,04,04,1,0,True,completed
2,known_visit,PI,bernoulli,drop_0.25,34,1156,6,10,pi_g34_d220_bernoulli_drop_0_25,reruns\grid_density\scenarios\cv\known_visit_grid34_targets10_trials50.csv,5,29,15,55.86304166399754,55.86304166399754,02,02,1,0,True,completed
2,known_visit,PI,bernoulli,drop_0.25,34,1156,6,10,pi_g34_d220_bernoulli_drop_0_25,reruns\grid_density\scenarios\cv\known_visit_grid34_targets10_trials50.csv,6,24,23,55.25390042581988,55.25390042581988,04,04,1,0,True,completed
2,known_visit,PI,bernoulli,drop_0.25,34,1156,6,10,pi_g34_d220_bernoulli_drop_0_25,reruns\grid_density\scenarios\cv\known_visit_grid34_targets10_trials50.csv,7,11,8,19.013125957588624,19.013125957588624,01,01,1,0,True,completed
2,known_visit,PI,bernoulli,drop_0.25,34,1156,6,10,pi_g34_d220_bernoulli_drop_0_25,reruns\grid_density\scenarios\cv\known_visit_grid34_targets10_trials50.csv,8,21,32,36.201825116396435,36.201825116396435,05,05,1,0,True,completed
2,known_visit,PI,bernoulli,drop_0.25,34,1156,6,10,pi_g34_d220_bernoulli_drop_0_25,reruns\grid_density\scenarios\cv\known_visit_grid34_targets10_trials50.csv,9,22,8,63.67622274360677,63.67622274360677,00,00,1,0,True,completed
2,known_visit,PI,bernoulli,drop_0.25,34,1156,6,10,pi_g34_d220_bernoulli_drop_0_25,reruns\grid_density\scenarios\cv\known_visit_grid34_targets10_trials50.csv,10,10,12,17.44691346235099,17.44691346235099,02,02,2,1,True,completed
3,known_visit,PI,bernoulli,drop_0.25,34,1156,6,10,pi_g34_d220_bernoulli_drop_0_25,reruns\grid_density\scenarios\cv\known_visit_grid34_targets10_trials50.csv,1,18,8,47.493990470575376,47.493990470575376,00,00,2,1,True,completed
3,known_visit,PI,bernoulli,drop_0.25,34,1156,6,10,pi_g34_d220_bernoulli_drop_0_25,reruns\grid_density\scenarios\cv\known_visit_grid34_targets10_trials50.csv,2,19,29,36.54454187739108,36.54454187739108,04,04,1,0,True,completed
3,known_visit,PI,bernoulli,drop_0.25,34,1156,6,10,pi_g34_d220_bernoulli_drop_0_25,reruns\grid_density\scenarios\cv\known_visit_grid34_targets10_trials50.csv,3,2,31,5.712790192189209,5.712790192189209,05,05,2,1,True,completed
3,known_visit,PI,bernoulli,drop_0.25,34,1156,6,10,pi_g34_d220_bernoulli_drop_0_25,reruns\grid_density\scenarios\cv\known_visit_grid34_targets10_trials50.csv,4,11,10,22.55709243060298,22.55709243060298,02,02,2,1,True,completed
3,known_visit,PI,bernoulli,drop_0.25,34,1156,6,10,pi_g34_d220_bernoulli_drop_0_25,reruns\grid_density\scenarios\cv\known_visit_grid34_targets10_trials50.csv,5,20,22,50.8803841589505,50.8803841589505,04,04,2,1,True,completed
3,known_visit,PI,bernoulli,drop_0.25,34,1156,6,10,pi_g34_d220_bernoulli_drop_0_25,reruns\grid_density\scenarios\cv\known_visit_grid34_targets10_trials50.csv,6,32,21,73.38950125917403,73.38950125917403,04,04,1,0,True,completed
3,known_visit,PI,bernoulli,drop_0.25,34,1156,6,10,pi_g34_d220_bernoulli_drop_0_25,reruns\grid_density\scenarios\cv\known_visit_grid34_targets10_trials50.csv,7,14,23,28.24801018308167,28.24801018308167,03,03,2,1,True,completed
3,known_visit,PI,bernoulli,drop_0.25,34,1156,6,10,pi_g34_d220_bernoulli_drop_0_25,reruns\grid_density\scenarios\cv\known_visit_grid34_targets10_trials50.csv,8,9,2,21.950165130912385,21.950165130912385,00,00,1,0,True,completed
3,known_visit,PI,bernoulli,drop_0.25,34,1156,6,10,pi_g34_d220_bernoulli_drop_0_25,reruns\grid_density\scenarios\cv\known_visit_grid34_targets10_trials50.csv,9,6,3,14.506072651059432,14.506072651059432,00,00,1,0,True,completed
3,known_visit,PI,bernoulli,drop_0.25,34,1156,6,10,pi_g34_d220_bernoulli_drop_0_25,reruns\grid_density\scenarios\cv\known_visit_grid34_targets10_trials50.csv,10,3,22,7.383974316087191,7.383974316087191,03,03,2,1,True,completed
4,known_visit,PI,bernoulli,drop_0.25,34,1156,6,10,pi_g34_d220_bernoulli_drop_0_25,reruns\grid_density\scenarios\cv\known_visit_grid34_targets10_trials50.csv,1,17,0,27.13991131050818,27.13991131050818,00,00,1,0,True,completed
4,known_visit,PI,bernoulli,drop_0.25,34,1156,6,10,pi_g34_d220_bernoulli_drop_0_25,reruns\grid_density\scenarios\cv\known_visit_grid34_targets10_trials50.csv,2,33,1,64.8966613113621,64.8966613113621,01,01,1,0,True,completed
4,known_visit,PI,bernoulli,drop_0.25,34,1156,6,10,pi_g34_d220_bernoulli_drop_0_25,reruns\grid_density\scenarios\cv\known_visit_grid34_targets10_trials50.csv,3,26,29,50.373672280842136,50.373672280842136,05,05,1,0,True,completed
4,known_visit,PI,bernoulli,drop_0.25,34,1156,6,10,pi_g34_d220_bernoulli_drop_0_25,reruns\grid_density\scenarios\cv\known_visit_grid34_targets10_trials50.csv,4,15,17,29.159706868695224,29.159706868695224,03,03,1,0,True,completed
4,known_visit,PI,bernoulli,drop_0.25,34,1156,6,10,pi_g34_d220_bernoulli_drop_0_25,reruns\grid_density\scenarios\cv\known_visit_grid34_targets10_trials50.csv,5,9,10,19.12617735454884,19.12617735454884,02,02,1,0,True,completed
4,known_visit,PI,bernoulli,drop_0.25,34,1156,6,10,pi_g34_d220_bernoulli_drop_0_25,reruns\grid_density\scenarios\cv\known_visit_grid34_targets10_trials50.csv,6,17,18,34.878011591217124,34.878011591217124,03,03,1,0,True,completed
4,known_visit,PI,bernoulli,drop_0.25,34,1156,6,10,pi_g34_d220_bernoulli_drop_0_25,reruns\grid_density\scenarios\cv\known_visit_grid34_targets10_trials50.csv,7,23,29,45.27370868098319,45.27370868098319,05,05,1,0,True,completed
4,known_visit,PI,bernoulli,drop_0.25,34,1156,6,10,pi_g34_d220_bernoulli_drop_0_25,reruns\grid_density\scenarios\cv\known_visit_grid34_targets10_trials50.csv,8,13,30,25.99113030338388,25.99113030338388,05,05,1,0,True,completed
4,known_visit,PI,bernoulli,drop_0.25,34,1156,6,10,pi_g34_d220_bernoulli_drop_0_25,reruns\grid_density\scenarios\cv\known_visit_grid34_targets10_trials50.csv,9,6,0,8.48711579444973,8.48711579444973,00,00,1,0,True,completed
4,known_visit,PI,bernoulli,drop_0.25,34,1156,6,10,pi_g34_d220_bernoulli_drop_0_25,reruns\grid_density\scenarios\cv\known_visit_grid34_targets10_trials50.csv,10,29,29,55.301860944339616,55.301860944339616,05,05,1,0,True,completed
5,known_visit,PI,bernoulli,drop_0.25,34,1156,6,10,pi_g34_d220_bernoulli_drop_0_25,reruns\grid_density\scenarios\cv\known_visit_grid34_targets10_trials50.csv,1,21,6,44.77637142646544,44.77637142646544,00,00,1,0,True,completed
5,known_visit,PI,bernoulli,drop_0.25,34,1156,6,10,pi_g34_d220_bernoulli_drop_0_25,reruns\grid_density\scenarios\cv\known_visit_grid34_targets10_trials50.csv,2,4,2,13.966463007240831,13.966463007240831,01,01,2,1,True,completed
5,known_visit,PI,bernoulli,drop_0.25,34,1156,6,10,pi_g34_d220_bernoulli_drop_0_25,reruns\grid_density\scenarios\cv\known_visit_grid34_targets10_trials50.csv,3,16,26,26.02785268146374,26.02785268146374,04,04,1,0,True,completed
5,known_visit,PI,bernoulli,drop_0.25,34,1156,6,10,pi_g34_d220_bernoulli_drop_0_25,reruns\grid_density\scenarios\cv\known_visit_grid34_targets10_trials50.csv,4,9,17,20.874727061944633,20.874727061944633,02,02,1,0,True,completed
5,known_visit,PI,bernoulli,drop_0.25,34,1156,6,10,pi_g34_d220_bernoulli_drop_0_25,reruns\grid_density\scenarios\cv\known_visit_grid34_targets10_trials50.csv,5,5,0,7.112976865871094,7.112976865871094,00,00,2,1,True,completed
5,known_visit,PI,bernoulli,drop_0.25,34,1156,6,10,pi_g34_d220_bernoulli_drop_0_25,reruns\grid_density\scenarios\cv\known_visit_grid34_targets10_trials50.csv,6,19,7,50.29863354859298,50.29863354859298,00,00,1,0,True,completed
5,known_visit,PI,bernoulli,drop_0.25,34,1156,6,10,pi_g34_d220_bernoulli_drop_0_25,reruns\grid_density\scenarios\cv\known_visit_grid34_targets10_trials50.csv,7,31,31,54.776464941245656,54.776464941245656,05,05,1,0,True,completed
5,known_visit,PI,bernoulli,drop_0.25,34,1156,6,10,pi_g34_d220_bernoulli_drop_0_25,reruns\grid_density\scenarios\cv\known_visit_grid34_targets10_trials50.csv,8,15,20,23.81626552219962,23.81626552219962,03,03,2,1,True,completed
5,known_visit,PI,bernoulli,drop_0.25,34,1156,6,10,pi_g34_d220_bernoulli_drop_0_25,reruns\grid_density\scenarios\cv\known_visit_grid34_targets10_trials50.csv,9,30,27,63.51968079150656,63.51968079150656,05,05,1,0,True,completed
5,known_visit,PI,bernoulli,drop_0.25,34,1156,6,10,pi_g34_d220_bernoulli_drop_0_25,reruns\grid_density\scenarios\cv\known_visit_grid34_targets10_trials50.csv,10,22,11,51.48592446078981,51.48592446078981,03,03,1,0,True,completed
6,known_visit,PI,bernoulli,drop_0.25,34,1156,6,10,pi_g34_d220_bernoulli_drop_0_25,reruns\grid_density\scenarios\cv\known_visit_grid34_targets10_trials50.csv,1,21,15,38.066063284877515,38.066063284877515,02,02,1,0,True,completed
6,known_visit,PI,bernoulli,drop_0.25,34,1156,6,10,pi_g34_d220_bernoulli_drop_0_25,reruns\grid_density\scenarios\cv\known_visit_grid34_targets10_trials50.csv,2,1,18,14.051355165054467,14.051355165054467,04,04,1,0,True,completed
6,known_visit,PI,bernoulli,drop_0.25,34,1156,6,10,pi_g34_d220_bernoulli_drop_0_25,reruns\grid_density\scenarios\cv\known_visit_grid34_targets10_trials50.csv,3,14,25,31.31535758775454,31.31535758775454,03,03,1,0,True,completed
6,known_visit,PI,bernoulli,drop_0.25,34,1156,6,10,pi_g34_d220_bernoulli_drop_0_25,reruns\grid_density\scenarios\cv\known_visit_grid34_targets10_trials50.csv,4,6,19,33.358366569173825,33.358366569173825,05,05,1,0,True,completed
6,known_visit,PI,bernoulli,drop_0.25,34,1156,6,10,pi_g34_d220_bernoulli_drop_0_25,reruns\grid_density\scenarios\cv\known_visit_grid34_targets10_trials50.csv,5,4,11,12.118023263278982,12.118023263278982,01,01,1,0,True,completed
6,known_visit,PI,bernoulli,drop_0.25,34,1156,6,10,pi_g34_d220_bernoulli_drop_0_25,reruns\grid_density\scenarios\cv\known_visit_grid34_targets10_trials50.csv,6,20,18,45.15481308302464,45.15481308302464,02,02,1,0,True,completed
6,known_visit,PI,bernoulli,drop_0.25,34,1156,6,10,pi_g34_d220_bernoulli_drop_0_25,reruns\grid_density\scenarios\cv\known_visit_grid34_targets10_trials50.csv,7,16,2,67.31829477939354,67.31829477939354,04,04,1,0,True,completed
6,known_visit,PI,bernoulli,drop_0.25,34,1156,6,10,pi_g34_d220_bernoulli_drop_0_25,reruns\grid_density\scenarios\cv\known_visit_grid34_targets10_trials50.csv,8,23,22,52.23375950274595,52.23375950274595,03,03,1,0,True,completed
6,known_visit,PI,bernoulli,drop_0.25,34,1156,6,10,pi_g34_d220_bernoulli_drop_0_25,reruns\grid_density\scenarios\cv\known_visit_grid34_targets10_trials50.csv,9,33,20,81.54239050377389,81.54239050377389,05,05,1,0,True,completed
6,known_visit,PI,bernoulli,drop_0.25,34,1156,6,10,pi_g34_d220_bernoulli_drop_0_25,reruns\grid_density\scenarios\cv\known_visit_grid34_targets10_trials50.csv,10,23,9,51.780412713130595,51.780412713130595,01,01,1,0,True,completed
7,known_visit,PI,bernoulli,drop_0.25,34,1156,6,10,pi_g34_d220_bernoulli_drop_0_25,reruns\grid_density\scenarios\cv\known_visit_grid34_targets10_trials50.csv,1,11,6,23.33570722065673,23.33570722065673,01,01,1,0,True,completed
7,known_visit,PI,bernoulli,drop_0.25,34,1156,6,10,pi_g34_d220_bernoulli_drop_0_25,reruns\grid_density\scenarios\cv\known_visit_grid34_targets10_trials50.csv,2,22,28,45.141917910157325,45.141917910157325,05,05,1,0,True,completed
7,known_visit,PI,bernoulli,drop_0.25,34,1156,6,10,pi_g34_d220_bernoulli_drop_0_25,reruns\grid_density\scenarios\cv\known_visit_grid34_targets10_trials50.csv,3,9,12,15.61067299980615,15.61067299980615,02,02,2,1,True,completed
7,known_visit,PI,bernoulli,drop_0.25,34,1156,6,10,pi_g34_d220_bernoulli_drop_0_25,reruns\grid_density\scenarios\cv\known_visit_grid34_targets10_trials50.csv,4,33,20,64.86179944556271,64.86179944556271,04,04,1,0,True,completed
7,known_visit,PI,bernoulli,drop_0.25,34,1156,6,10,pi_g34_d220_bernoulli_drop_0_25,reruns\grid_density\scenarios\cv\known_visit_grid34_targets10_trials50.csv,5,16,10,38.41626279598316,38.41626279598316,02,02,3,2,True,completed
7,known_visit,PI,bernoulli,drop_0.25,34,1156,6,10,pi_g34_d220_bernoulli_drop_0_25,reruns\grid_density\scenarios\cv\known_visit_grid34_targets10_trials50.csv,6,15,3,29.213541462155277,29.213541462155277,00,00,2,1,True,completed
7,known_visit,PI,bernoulli,drop_0.25,34,1156,6,10,pi_g34_d220_bernoulli_drop_0_25,reruns\grid_density\scenarios\cv\known_visit_grid34_targets10_trials50.csv,7,24,5,54.840342788309115,54.840342788309115,01,01,1,0,True,completed
7,known_visit,PI,bernoulli,drop_0.25,34,1156,6,10,pi_g34_d220_bernoulli_drop_0_25,reruns\grid_density\scenarios\cv\known_visit_grid34_targets10_trials50.csv,8,9,8,15.612465935273747,15.612465935273747,01,01,2,1,True,completed
7,known_visit,PI,bernoulli,drop_0.25,34,1156,6,10,pi_g34_d220_bernoulli_drop_0_25,reruns\grid_density\scenarios\cv\known_visit_grid34_targets10_trials50.csv,9,18,10,42.11136973247613,42.11136973247613,02,02,1,0,True,completed
7,known_visit,PI,bernoulli,drop_0.25,34,1156,6,10,pi_g34_d220_bernoulli_drop_0_25,reruns\grid_density\scenarios\cv\known_visit_grid34_targets10_trials50.csv,10,4,26,5.405362809037932,5.405362809037932,04,04,1,0,True,completed
8,known_visit,PI,bernoulli,drop_0.25,34,1156,6,10,pi_g34_d220_bernoulli_drop_0_25,reruns\grid_density\scenarios\cv\known_visit_grid34_targets10_trials50.csv,1,10,22,19.08936978385297,19.08936978385297,03,03,2,1,True,completed
8,known_visit,PI,bernoulli,drop_0.25,34,1156,6,10,pi_g34_d220_bernoulli_drop_0_25,reruns\grid_density\scenarios\cv\known_visit_grid34_targets10_trials50.csv,2,29,12,79.58967648494945,79.58967648494945,01,01,1,0,True,completed
8,known_visit,PI,bernoulli,drop_0.25,34,1156,6,10,pi_g34_d220_bernoulli_drop_0_25,reruns\grid_density\scenarios\cv\known_visit_grid34_targets10_trials50.csv,3,29,17,66.68143411056099,66.68143411056099,01,01,1,0,True,completed
8,known_visit,PI,bernoulli,drop_0.25,34,1156,6,10,pi_g34_d220_bernoulli_drop_0_25,reruns\grid_density\scenarios\cv\known_visit_grid34_targets10_trials50.csv,4,17,15,42.537504672576866,42.537504672576866,01,01,1,0,True,completed
8,known_visit,PI,bernoulli,drop_0.25,34,1156,6,10,pi_g34_d220_bernoulli_drop_0_25,reruns\grid_density\scenarios\cv\known_visit_grid34_targets10_trials50.csv,5,11,32,19.181884536514392,19.181884536514392,05,05,2,1,True,completed
8,known_visit,PI,bernoulli,drop_0.25,34,1156,6,10,pi_g34_d220_bernoulli_drop_0_25,reruns\grid_density\scenarios\cv\known_visit_grid34_targets10_trials50.csv,6,24,29,59.253659629970734,59.253659629970734,03,03,1,0,True,completed
8,known_visit,PI,bernoulli,drop_0.25,34,1156,6,10,pi_g34_d220_bernoulli_drop_0_25,reruns\grid_density\scenarios\cv\known_visit_grid34_targets10_trials50.csv,7,25,3,46.11751582851928,46.11751582851928,00,00,1,0,True,completed
8,known_visit,PI,bernoulli,drop_0.25,34,1156,6,10,pi_g34_d220_bernoulli_drop_0_25,reruns\grid_density\scenarios\cv\known_visit_grid34_targets10_trials50.csv,8,5,8,8.999819731964939,8.999819731964939,01,01,2,1,True,completed
8,known_visit,PI,bernoulli,drop_0.25,34,1156,6,10,pi_g34_d220_bernoulli_drop_0_25,reruns\grid_density\scenarios\cv\known_visit_grid34_targets10_trials50.csv,9,6,23,14.03413118852625,14.03413118852625,04,04,1,0,True,completed
8,known_visit,PI,bernoulli,drop_0.25,34,1156,6,10,pi_g34_d220_bernoulli_drop_0_25,reruns\grid_density\scenarios\cv\known_visit_grid34_targets10_trials50.csv,10,18,30,34.708614008138355,34.708614008138355,05,05,2,1,True,completed
9,known_visit,PI,bernoulli,drop_0.25,34,1156,6,10,pi_g34_d220_bernoulli_drop_0_25,reruns\grid_density\scenarios\cv\known_visit_grid34_targets10_trials50.csv,1,18,24,33.498731027869795,33.498731027869795,04,04,1,0,True,completed
9,known_visit,PI,bernoulli,drop_0.25,34,1156,6,10,pi_g34_d220_bernoulli_drop_0_25,reruns\grid_density\scenarios\cv\known_visit_grid34_targets10_trials50.csv,2,6,0,8.688340653400763,8.688340653400763,00,00,2,1,True,completed
9,known_visit,PI,bernoulli,drop_0.25,34,1156,6,10,pi_g34_d220_bernoulli_drop_0_25,reruns\grid_density\scenarios\cv\known_visit_grid34_targets10_trials50.csv,3,2,8,26.45653496233035,26.45653496233035,03,03,1,0,True,completed
9,known_visit,PI,bernoulli,drop_0.25,34,1156,6,10,pi_g34_d220_bernoulli_drop_0_25,reruns\grid_density\scenarios\cv\known_visit_grid34_targets10_trials50.csv,4,22,15,61.5568469338858,61.5568469338858,00,00,1,0,True,completed
9,known_visit,PI,bernoulli,drop_0.25,34,1156,6,10,pi_g34_d220_bernoulli_drop_0_25,reruns\grid_density\scenarios\cv\known_visit_grid34_targets10_trials50.csv,5,23,3,45.56933718946173,45.56933718946173,01,01,2,1,True,completed
9,known_visit,PI,bernoulli,drop_0.25,34,1156,6,10,pi_g34_d220_bernoulli_drop_0_25,reruns\grid_density\scenarios\cv\known_visit_grid34_targets10_trials50.csv,6,22,26,44.105906956076325,44.105906956076325,04,04,1,0,True,completed
9,known_visit,PI,bernoulli,drop_0.25,34,1156,6,10,pi_g34_d220_bernoulli_drop_0_25,reruns\grid_density\scenarios\cv\known_visit_grid34_targets10_trials50.csv,7,14,7,22.590962231595938,22.590962231595938,01,01,2,1,True,completed
9,known_visit,PI,bernoulli,drop_0.25,34,1156,6,10,pi_g34_d220_bernoulli_drop_0_25,reruns\grid_density\scenarios\cv\known_visit_grid34_targets10_trials50.csv,8,29,27,57.914546273382776,57.914546273382776,04,04,1,0,True,completed
9,known_visit,PI,bernoulli,drop_0.25,34,1156,6,10,pi_g34_d220_bernoulli_drop_0_25,reruns\grid_density\scenarios\cv\known_visit_grid34_targets10_trials50.csv,9,31,19,75.18608638276444,75.18608638276444,04,04,1,0,True,completed
9,known_visit,PI,bernoulli,drop_0.25,34,1156,6,10,pi_g34_d220_bernoulli_drop_0_25,reruns\grid_density\scenarios\cv\known_visit_grid34_targets10_trials50.csv,10,17,25,29.645423595607674,29.645423595607674,04,04,1,0,True,completed
10,known_visit,PI,bernoulli,drop_0.25,34,1156,6,10,pi_g34_d220_bernoulli_drop_0_25,reruns\grid_density\scenarios\cv\known_visit_grid34_targets10_trials50.csv,1,20,19,34.86593262033697,34.86593262033697,03,03,1,0,True,completed
10,known_visit,PI,bernoulli,drop_0.25,34,1156,6,10,pi_g34_d220_bernoulli_drop_0_25,reruns\grid_density\scenarios\cv\known_visit_grid34_targets10_trials50.csv,2,15,13,23.81978016053626,23.81978016053626,02,02,1,0,True,completed
10,known_visit,PI,bernoulli,drop_0.25,34,1156,6,10,pi_g34_d220_bernoulli_drop_0_25,reruns\grid_density\scenarios\cv\known_visit_grid34_targets10_trials50.csv,3,2,29,7.0758242114471415,7.0758242114471415,04,04,1,0,True,completed
10,known_visit,PI,bernoulli,drop_0.25,34,1156,6,10,pi_g34_d220_bernoulli_drop_0_25,reruns\grid_density\scenarios\cv\known_visit_grid34_targets10_trials50.csv,4,13,8,22.981705020023927,22.981705020023927,01,01,2,1,True,completed
10,known_visit,PI,bernoulli,drop_0.25,34,1156,6,10,pi_g34_d220_bernoulli_drop_0_25,reruns\grid_density\scenarios\cv\known_visit_grid34_targets10_trials50.csv,5,25,22,65.25651251002108,65.25651251002108,04,04,1,0,True,completed
10,known_visit,PI,bernoulli,drop_0.25,34,1156,6,10,pi_g34_d220_bernoulli_drop_0_25,reruns\grid_density\scenarios\cv\known_visit_grid34_targets10_trials50.csv,6,16,8,28.231030874927125,28.231030874927125,01,01,1,0,True,completed
10,known_visit,PI,bernoulli,drop_0.25,34,1156,6,10,pi_g34_d220_bernoulli_drop_0_25,reruns\grid_density\scenarios\cv\known_visit_grid34_targets10_trials50.csv,7,33,10,61.15188276856081,61.15188276856081,01,01,1,0,True,completed
10,known_visit,PI,bernoulli,drop_0.25,34,1156,6,10,pi_g34_d220_bernoulli_drop_0_25,reruns\grid_density\scenarios\cv\known_visit_grid34_targets10_trials50.csv,8,18,14,30.86973490995526,30.86973490995526,02,02,1,0,True,completed
10,known_visit,PI,bernoulli,drop_0.25,34,1156,6,10,pi_g34_d220_bernoulli_drop_0_25,reruns\grid_density\scenarios\cv\known_visit_grid34_targets10_trials50.csv,9,21,31,38.015753103949,38.015753103949,05,05,2,1,True,completed
10,known_visit,PI,bernoulli,drop_0.25,34,1156,6,10,pi_g34_d220_bernoulli_drop_0_25,reruns\grid_density\scenarios\cv\known_visit_grid34_targets10_trials50.csv,10,22,25,50.15250353969123,50.15250353969123,05,05,1,0,True,completed
11,known_visit,PI,bernoulli,drop_0.25,34,1156,6,10,pi_g34_d220_bernoulli_drop_0_25,reruns\grid_density\scenarios\cv\known_visit_grid34_targets10_trials50.csv,1,8,17,28.978618798576843,28.978618798576843,03,03,2,1,True,completed
11,known_visit,PI,bernoulli,drop_0.25,34,1156,6,10,pi_g34_d220_bernoulli_drop_0_25,reruns\grid_density\scenarios\cv\known_visit_grid34_targets10_trials50.csv,2,25,27,43.25258830899032,43.25258830899032,04,04,1,0,True,completed
11,known_visit,PI,bernoulli,drop_0.25,34,1156,6,10,pi_g34_d220_bernoulli_drop_0_25,reruns\grid_density\scenarios\cv\known_visit_grid34_targets10_trials50.csv,3,1,25,14.00371168717526,14.00371168717526,05,05,1,0,True,completed
11,known_visit,PI,bernoulli,drop_0.25,34,1156,6,10,pi_g34_d220_bernoulli_drop_0_25,reruns\grid_density\scenarios\cv\known_visit_grid34_targets10_trials50.csv,4,17,1,29.31890463073228,29.31890463073228,00,00,1,0,True,completed
11,known_visit,PI,bernoulli,drop_0.25,34,1156,6,10,pi_g34_d220_bernoulli_drop_0_25,reruns\grid_density\scenarios\cv\known_visit_grid34_targets10_trials50.csv,5,15,15,28.006321257072095,28.006321257072095,02,02,1,0,True,completed
11,known_visit,PI,bernoulli,drop_0.25,34,1156,6,10,pi_g34_d220_bernoulli_drop_0_25,reruns\grid_density\scenarios\cv\known_visit_grid34_targets10_trials50.csv,6,3,19,5.579056688295019,5.579056688295019,03,03,1,0,True,completed
11,known_visit,PI,bernoulli,drop_0.25,34,1156,6,10,pi_g34_d220_bernoulli_drop_0_25,reruns\grid_density\scenarios\cv\known_visit_grid34_targets10_trials50.csv,7,24,17,84.95311690231034,84.95311690231034,01,01,1,0,True,completed
11,known_visit,PI,bernoulli,drop_0.25,34,1156,6,10,pi_g34_d220_bernoulli_drop_0_25,reruns\grid_density\scenarios\cv\known_visit_grid34_targets10_trials50.csv,8,16,12,35.04296778939755,35.04296778939755,02,02,1,0,True,completed
11,known_visit,PI,bernoulli,drop_0.25,34,1156,6,10,pi_g34_d220_bernoulli_drop_0_25,reruns\grid_density\scenarios\cv\known_visit_grid34_targets10_trials50.csv,9,29,24,55.77321675064715,55.77321675064715,04,04,1,0,True,completed
11,known_visit,PI,bernoulli,drop_0.25,34,1156,6,10,pi_g34_d220_bernoulli_drop_0_25,reruns\grid_density\scenarios\cv\known_visit_grid34_targets10_trials50.csv,10,1,26,0.18763906568632416,0.18763906568632416,04,04,2,1,True,completed
12,known_visit,PI,bernoulli,drop_0.25,34,1156,6,10,pi_g34_d220_bernoulli_drop_0_25,reruns\grid_density\scenarios\cv\known_visit_grid34_targets10_trials50.csv,1,14,20,22.42926471215574,22.42926471215574,03,03,2,1,True,completed
12,known_visit,PI,bernoulli,drop_0.25,34,1156,6,10,pi_g34_d220_bernoulli_drop_0_25,reruns\grid_density\scenarios\cv\known_visit_grid34_targets10_trials50.csv,2,19,27,33.154798078831654,33.154798078831654,04,04,2,1,True,completed
12,known_visit,PI,bernoulli,drop_0.25,34,1156,6,10,pi_g34_d220_bernoulli_drop_0_25,reruns\grid_density\scenarios\cv\known_visit_grid34_targets10_trials50.csv,3,26,11,46.514728297528904,46.514728297528904,02,02,1,0,True,completed
12,known_visit,PI,bernoulli,drop_0.25,34,1156,6,10,pi_g34_d220_bernoulli_drop_0_25,reruns\grid_density\scenarios\cv\known_visit_grid34_targets10_trials50.csv,4,31,30,58.97043633926281,58.97043633926281,04,04,1,0,True,completed
12,known_visit,PI,bernoulli,drop_0.25,34,1156,6,10,pi_g34_d220_bernoulli_drop_0_25,reruns\grid_density\scenarios\cv\known_visit_grid34_targets10_trials50.csv,5,14,13,22.007578136688412,22.007578136688412,02,02,2,1,True,completed
12,known_visit,PI,bernoulli,drop_0.25,34,1156,6,10,pi_g34_d220_bernoulli_drop_0_25,reruns\grid_density\scenarios\cv\known_visit_grid34_targets10_trials50.csv,6,20,1,43.803439582202984,43.803439582202984,01,01,1,0,True,completed
12,known_visit,PI,bernoulli,drop_0.25,34,1156,6,10,pi_g34_d220_bernoulli_drop_0_25,reruns\grid_density\scenarios\cv\known_visit_grid34_targets10_trials50.csv,7,19,12,32.31985191946483,32.31985191946483,02,02,1,0,True,completed
12,known_visit,PI,bernoulli,drop_0.25,34,1156,6,10,pi_g34_d220_bernoulli_drop_0_25,reruns\grid_density\scenarios\cv\known_visit_grid34_targets10_trials50.csv,8,15,5,27.774373208364608,27.774373208364608,01,01,1,0,True,completed
12,known_visit,PI,bernoulli,drop_0.25,34,1156,6,10,pi_g34_d220_bernoulli_drop_0_25,reruns\grid_density\scenarios\cv\known_visit_grid34_targets10_trials50.csv,9,9,27,15.96623406721474,15.96623406721474,04,04,1,0,True,completed
12,known_visit,PI,bernoulli,drop_0.25,34,1156,6,10,pi_g34_d220_bernoulli_drop_0_25,reruns\grid_density\scenarios\cv\known_visit_grid34_targets10_trials50.csv,10,20,0,45.58978378075865,45.58978378075865,01,01,1,0,True,completed
13,known_visit,PI,bernoulli,drop_0.25,34,1156,6,10,pi_g34_d220_bernoulli_drop_0_25,reruns\grid_density\scenarios\cv\known_visit_grid34_targets10_trials50.csv,1,23,7,37.86473130615674,37.86473130615674,01,01,2,1,True,completed
13,known_visit,PI,bernoulli,drop_0.25,34,1156,6,10,pi_g34_d220_bernoulli_drop_0_25,reruns\grid_density\scenarios\cv\known_visit_grid34_targets10_trials50.csv,2,10,3,21.24108888131445,21.24108888131445,00,00,1,0,True,completed
13,known_visit,PI,bernoulli,drop_0.25,34,1156,6,10,pi_g34_d220_bernoulli_drop_0_25,reruns\grid_density\scenarios\cv\known_visit_grid34_targets10_trials50.csv,3,25,1,51.65560823821174,51.65560823821174,01,01,1,0,True,completed
13,known_visit,PI,bernoulli,drop_0.25,34,1156,6,10,pi_g34_d220_bernoulli_drop_0_25,reruns\grid_density\scenarios\cv\known_visit_grid34_targets10_trials50.csv,4,19,9,50.110513079568335,50.110513079568335,03,03,1,0,True,completed
13,known_visit,PI,bernoulli,drop_0.25,34,1156,6,10,pi_g34_d220_bernoulli_drop_0_25,reruns\grid_density\scenarios\cv\known_visit_grid34_targets10_trials50.csv,5,30,19,72.32614207192663,72.32614207192663,04,04,1,0,True,completed
13,known_visit,PI,bernoulli,drop_0.25,34,1156,6,10,pi_g34_d220_bernoulli_drop_0_25,reruns\grid_density\scenarios\cv\known_visit_grid34_targets10_trials50.csv,6,5,13,7.00301764407545,7.00301764407545,02,02,2,1,True,completed
13,known_visit,PI,bernoulli,drop_0.25,34,1156,6,10,pi_g34_d220_bernoulli_drop_0_25,reruns\grid_density\scenarios\cv\known_visit_grid34_targets10_trials50.csv,7,33,25,56.81757138591741,56.81757138591741,04,04,1,0,True,completed
13,known_visit,PI,bernoulli,drop_0.25,34,1156,6,10,pi_g34_d220_bernoulli_drop_0_25,reruns\grid_density\scenarios\cv\known_visit_grid34_targets10_trials50.csv,8,27,18,53.47533348598915,53.47533348598915,02,02,2,1,True,completed
13,known_visit,PI,bernoulli,drop_0.25,34,1156,6,10,pi_g34_d220_bernoulli_drop_0_25,reruns\grid_density\scenarios\cv\known_visit_grid34_targets10_trials50.csv,9,14,17,29.40821749262121,29.40821749262121,02,02,1,0,True,completed
13,known_visit,PI,bernoulli,drop_0.25,34,1156,6,10,pi_g34_d220_bernoulli_drop_0_25,reruns\grid_density\scenarios\cv\known_visit_grid34_targets10_trials50.csv,10,22,31,39.970358179574674,39.970358179574674,05,05,1,0,True,completed
14,known_visit,PI,bernoulli,drop_0.25,34,1156,6,10,pi_g34_d220_bernoulli_drop_0_25,reruns\grid_density\scenarios\cv\known_visit_grid34_targets10_trials50.csv,1,26,21,51.76888524008139,51.76888524008139,04,04,1,0,True,completed
14,known_visit,PI,bernoulli,drop_0.25,34,1156,6,10,pi_g34_d220_bernoulli_drop_0_25,reruns\grid_density\scenarios\cv\known_visit_grid34_targets10_trials50.csv,2,19,17,47.81998664875445,47.81998664875445,01,01,1,0,True,completed
14,known_visit,PI,bernoulli,drop_0.25,34,1156,6,10,pi_g34_d220_bernoulli_drop_0_25,reruns\grid_density\scenarios\cv\known_visit_grid34_targets10_trials50.csv,3,30,30,55.36087466358638,55.36087466358638,05,05,1,0,True,completed
14,known_visit,PI,bernoulli,drop_0.25,34,1156,6,10,pi_g34_d220_bernoulli_drop_0_25,reruns\grid_density\scenarios\cv\known_visit_grid34_targets10_trials50.csv,4,23,1,39.941097346431064,39.941097346431064,00,00,1,0,True,completed
14,known_visit,PI,bernoulli,drop_0.25,34,1156,6,10,pi_g34_d220_bernoulli_drop_0_25,reruns\grid_density\scenarios\cv\known_visit_grid34_targets10_trials50.csv,5,28,33,46.47743821847366,46.47743821847366,05,05,1,0,True,completed
14,known_visit,PI,bernoulli,drop_0.25,34,1156,6,10,pi_g34_d220_bernoulli_drop_0_25,reruns\grid_density\scenarios\cv\known_visit_grid34_targets10_trials50.csv,6,8,20,19.95182732949464,19.95182732949464,03,03,2,1,True,completed
14,known_visit,PI,bernoulli,drop_0.25,34,1156,6,10,pi_g34_d220_bernoulli_drop_0_25,reruns\grid_density\scenarios\cv\known_visit_grid34_targets10_trials50.csv,7,30,13,73.15397467278301,73.15397467278301,03,03,1,0,True,completed
14,known_visit,PI,bernoulli,drop_0.25,34,1156,6,10,pi_g34_d220_bernoulli_drop_0_25,reruns\grid_density\scenarios\cv\known_visit_grid34_targets10_trials50.csv,8,19,15,44.506738523003996,44.506738523003996,01,01,1,0,True,completed
14,known_visit,PI,bernoulli,drop_0.25,34,1156,6,10,pi_g34_d220_bernoulli_drop_0_25,reruns\grid_density\scenarios\cv\known_visit_grid34_targets10_trials50.csv,9,2,18,5.642752778704736,5.642752778704736,03,03,2,1,True,completed
14,known_visit,PI,bernoulli,drop_0.25,34,1156,6,10,pi_g34_d220_bernoulli_drop_0_25,reruns\grid_density\scenarios\cv\known_visit_grid34_targets10_trials50.csv,10,33,8,87.10520431577142,87.10520431577142,03,03,1,0,True,completed
15,known_visit,PI,bernoulli,drop_0.25,34,1156,6,10,pi_g34_d220_bernoulli_drop_0_25,reruns\grid_density\scenarios\cv\known_visit_grid34_targets10_trials50.csv,1,32,18,82.65170604806842,82.65170604806842,02,02,1,0,True,completed
15,known_visit,PI,bernoulli,drop_0.25,34,1156,6,10,pi_g34_d220_bernoulli_drop_0_25,reruns\grid_density\scenarios\cv\known_visit_grid34_targets10_trials50.csv,2,21,0,46.4287379322541,46.4287379322541,01,01,1,0,True,completed
15,known_visit,PI,bernoulli,drop_0.25,34,1156,6,10,pi_g34_d220_bernoulli_drop_0_25,reruns\grid_density\scenarios\cv\known_visit_grid34_targets10_trials50.csv,3,3,27,5.668492556988915,5.668492556988915,04,04,1,0,True,completed
15,known_visit,PI,bernoulli,drop_0.25,34,1156,6,10,pi_g34_d220_bernoulli_drop_0_25,reruns\grid_density\scenarios\cv\known_visit_grid34_targets10_trials50.csv,4,7,8,18.869547618459762,18.869547618459762,02,02,2,1,True,completed
15,known_visit,PI,bernoulli,drop_0.25,34,1156,6,10,pi_g34_d220_bernoulli_drop_0_25,reruns\grid_density\scenarios\cv\known_visit_grid34_targets10_trials50.csv,5,33,29,71.3140173924628,71.3140173924628,04,04,1,0,True,completed
15,known_visit,PI,bernoulli,drop_0.25,34,1156,6,10,pi_g34_d220_bernoulli_drop_0_25,reruns\grid_density\scenarios\cv\known_visit_grid34_targets10_trials50.csv,6,20,7,32.46194020152703,32.46194020152703,01,01,2,1,True,completed
15,known_visit,PI,bernoulli,drop_0.25,34,1156,6,10,pi_g34_d220_bernoulli_drop_0_25,reruns\grid_density\scenarios\cv\known_visit_grid34_targets10_trials50.csv,7,6,0,8.745743522541673,8.745743522541673,00,00,1,0,True,completed
15,known_visit,PI,bernoulli,drop_0.25,34,1156,6,10,pi_g34_d220_bernoulli_drop_0_25,reruns\grid_density\scenarios\cv\known_visit_grid34_targets10_trials50.csv,8,20,31,36.628500715278975,36.628500715278975,05,05,2,1,True,completed
15,known_visit,PI,bernoulli,drop_0.25,34,1156,6,10,pi_g34_d220_bernoulli_drop_0_25,reruns\grid_density\scenarios\cv\known_visit_grid34_targets10_trials50.csv,9,24,30,45.31523630144613,45.31523630144613,05,05,1,0,True,completed
15,known_visit,PI,bernoulli,drop_0.25,34,1156,6,10,pi_g34_d220_bernoulli_drop_0_25,reruns\grid_density\scenarios\cv\known_visit_grid34_targets10_trials50.csv,10,16,32,27.991002722468497,27.991002722468497,05,05,2,1,True,completed
16,known_visit,PI,bernoulli,drop_0.25,34,1156,6,10,pi_g34_d220_bernoulli_drop_0_25,reruns\grid_density\scenarios\cv\known_visit_grid34_targets10_trials50.csv,1,16,14,37.91071489549881,37.91071489549881,01,01,3,2,True,completed
16,known_visit,PI,bernoulli,drop_0.25,34,1156,6,10,pi_g34_d220_bernoulli_drop_0_25,reruns\grid_density\scenarios\cv\known_visit_grid34_targets10_trials50.csv,2,9,22,17.570889630118046,17.570889630118046,03,03,2,1,True,completed
16,known_visit,PI,bernoulli,drop_0.25,34,1156,6,10,pi_g34_d220_bernoulli_drop_0_25,reruns\grid_density\scenarios\cv\known_visit_grid34_targets10_trials50.csv,3,26,13,64.38684026772971,64.38684026772971,03,03,1,0,True,completed
16,known_visit,PI,bernoulli,drop_0.25,34,1156,6,10,pi_g34_d220_bernoulli_drop_0_25,reruns\grid_density\scenarios\cv\known_visit_grid34_targets10_trials50.csv,4,4,24,8.894065304234589,8.894065304234589,04,04,2,1,True,completed
16,known_visit,PI,bernoulli,drop_0.25,34,1156,6,10,pi_g34_d220_bernoulli_drop_0_25,reruns\grid_density\scenarios\cv\known_visit_grid34_targets10_trials50.csv,5,11,9,20.503411352946717,20.503411352946717,01,01,2,1,True,completed
16,known_visit,PI,bernoulli,drop_0.25,34,1156,6,10,pi_g34_d220_bernoulli_drop_0_25,reruns\grid_density\scenarios\cv\known_visit_grid34_targets10_trials50.csv,6,20,7,57.021472229492204,57.021472229492204,01,01,1,0,True,completed
16,known_visit,PI,bernoulli,drop_0.25,34,1156,6,10,pi_g34_d220_bernoulli_drop_0_25,reruns\grid_density\scenarios\cv\known_visit_grid34_targets10_trials50.csv,7,27,16,69.5545403818722,69.5545403818722,04,04,1,0,True,completed
16,known_visit,PI,bernoulli,drop_0.25,34,1156,6,10,pi_g34_d220_bernoulli_drop_0_25,reruns\grid_density\scenarios\cv\known_visit_grid34_targets10_trials50.csv,8,21,13,54.00158832793248,54.00158832793248,03,03,1,0,True,completed
16,known_visit,PI,bernoulli,drop_0.25,34,1156,6,10,pi_g34_d220_bernoulli_drop_0_25,reruns\grid_density\scenarios\cv\known_visit_grid34_targets10_trials50.csv,9,22,30,41.23854604869782,41.23854604869782,05,05,1,0,True,completed
16,known_visit,PI,bernoulli,drop_0.25,34,1156,6,10,pi_g34_d220_bernoulli_drop_0_25,reruns\grid_density\scenarios\cv\known_visit_grid34_targets10_trials50.csv,10,32,17,79.90965846542228,79.90965846542228,04,04,1,0,True,completed
17,known_visit,PI,bernoulli,drop_0.25,34,1156,6,10,pi_g34_d220_bernoulli_drop_0_25,reruns\grid_density\scenarios\cv\known_visit_grid34_targets10_trials50.csv,1,20,0,43.33838760892341,43.33838760892341,00,00,2,1,True,completed
17,known_visit,PI,bernoulli,drop_0.25,34,1156,6,10,pi_g34_d220_bernoulli_drop_0_25,reruns\grid_density\scenarios\cv\known_visit_grid34_targets10_trials50.csv,2,19,24,49.000196848390694,49.000196848390694,03,03,2,1,True,completed
17,known_visit,PI,bernoulli,drop_0.25,34,1156,6,10,pi_g34_d220_bernoulli_drop_0_25,reruns\grid_density\scenarios\cv\known_visit_grid34_targets10_trials50.csv,3,12,18,22.692825259700655,22.692825259700655,03,03,2,1,True,completed
17,known_visit,PI,bernoulli,drop_0.25,34,1156,6,10,pi_g34_d220_bernoulli_drop_0_25,reruns\grid_density\scenarios\cv\known_visit_grid34_targets10_trials50.csv,4,21,27,44.81514283379055,44.81514283379055,05,05,1,0,True,completed
17,known_visit,PI,bernoulli,drop_0.25,34,1156,6,10,pi_g34_d220_bernoulli_drop_0_25,reruns\grid_density\scenarios\cv\known_visit_grid34_targets10_trials50.csv,5,17,8,29.5437165113822,29.5437165113822,01,01,1,0,True,completed
17,known_visit,PI,bernoulli,drop_0.25,34,1156,6,10,pi_g34_d220_bernoulli_drop_0_25,reruns\grid_density\scenarios\cv\known_visit_grid34_targets10_trials50.csv,6,5,23,12.588758159879907,12.588758159879907,04,04,3,2,True,completed
17,known_visit,PI,bernoulli,drop_0.25,34,1156,6,10,pi_g34_d220_bernoulli_drop_0_25,reruns\grid_density\scenarios\cv\known_visit_grid34_targets10_trials50.csv,7,14,25,38.266991252139555,38.266991252139555,03,03,2,1,True,completed
17,known_visit,PI,bernoulli,drop_0.25,34,1156,6,10,pi_g34_d220_bernoulli_drop_0_25,reruns\grid_density\scenarios\cv\known_visit_grid34_targets10_trials50.csv,8,33,9,81.03666451801669,81.03666451801669,00,00,1,0,True,completed
17,known_visit,PI,bernoulli,drop_0.25,34,1156,6,10,pi_g34_d220_bernoulli_drop_0_25,reruns\grid_density\scenarios\cv\known_visit_grid34_targets10_trials50.csv,9,29,21,108.93035352574749,108.93035352574749,00,00,1,0,True,completed
17,known_visit,PI,bernoulli,drop_0.25,34,1156,6,10,pi_g34_d220_bernoulli_drop_0_25,reruns\grid_density\scenarios\cv\known_visit_grid34_targets10_trials50.csv,10,16,3,30.915602491198438,30.915602491198438,00,00,2,1,True,completed
18,known_visit,PI,bernoulli,drop_0.25,34,1156,6,10,pi_g34_d220_bernoulli_drop_0_25,reruns\grid_density\scenarios\cv\known_visit_grid34_targets10_trials50.csv,1,24,8,45.142123398172586,45.142123398172586,01,01,1,0,True,completed
18,known_visit,PI,bernoulli,drop_0.25,34,1156,6,10,pi_g34_d220_bernoulli_drop_0_25,reruns\grid_density\scenarios\cv\known_visit_grid34_targets10_trials50.csv,2,28,25,52.0879210988672,52.0879210988672,04,04,1,0,True,completed
18,known_visit,PI,bernoulli,drop_0.25,34,1156,6,10,pi_g34_d220_bernoulli_drop_0_25,reruns\grid_density\scenarios\cv\known_visit_grid34_targets10_trials50.csv,3,26,24,46.76017119495149,46.76017119495149,04,04,1,0,True,completed
18,known_visit,PI,bernoulli,drop_0.25,34,1156,6,10,pi_g34_d220_bernoulli_drop_0_25,reruns\grid_density\scenarios\cv\known_visit_grid34_targets10_trials50.csv,4,29,0,81.78548627527958,81.78548627527958,01,01,1,0,True,completed
18,known_visit,PI,bernoulli,drop_0.25,34,1156,6,10,pi_g34_d220_bernoulli_drop_0_25,reruns\grid_density\scenarios\cv\known_visit_grid34_targets10_trials50.csv,5,11,25,19.312094205240708,19.312094205240708,04,04,2,1,True,completed
18,known_visit,PI,bernoulli,drop_0.25,34,1156,6,10,pi_g34_d220_bernoulli_drop_0_25,reruns\grid_density\scenarios\cv\known_visit_grid34_targets10_trials50.csv,6,24,19,41.370391955747195,41.370391955747195,03,03,2,1,True,completed
18,known_visit,PI,bernoulli,drop_0.25,34,1156,6,10,pi_g34_d220_bernoulli_drop_0_25,reruns\grid_density\scenarios\cv\known_visit_grid34_targets10_trials50.csv,7,20,9,36.024970323554825,36.024970323554825,01,01,2,1,True,completed
18,known_visit,PI,bernoulli,drop_0.25,34,1156,6,10,pi_g34_d220_bernoulli_drop_0_25,reruns\grid_density\scenarios\cv\known_visit_grid34_targets10_trials50.csv,8,22,16,41.22313365110777,41.22313365110777,02,02,1,0,True,completed
18,known_visit,PI,bernoulli,drop_0.25,34,1156,6,10,pi_g34_d220_bernoulli_drop_0_25,reruns\grid_density\scenarios\cv\known_visit_grid34_targets10_trials50.csv,9,12,3,24.107870571069544,24.107870571069544,00,00,1,0,True,completed
18,known_visit,PI,bernoulli,drop_0.25,34,1156,6,10,pi_g34_d220_bernoulli_drop_0_25,reruns\grid_density\scenarios\cv\known_visit_grid34_targets10_trials50.csv,10,25,17,46.9081966308107,46.9081966308107,03,03,2,1,True,completed
19,known_visit,PI,bernoulli,drop_0.25,34,1156,6,10,pi_g34_d220_bernoulli_drop_0_25,reruns\grid_density\scenarios\cv\known_visit_grid34_targets10_trials50.csv,1,23,5,55.22306639906789,55.22306639906789,02,02,1,0,True,completed
19,known_visit,PI,bernoulli,drop_0.25,34,1156,6,10,pi_g34_d220_bernoulli_drop_0_25,reruns\grid_density\scenarios\cv\known_visit_grid34_targets10_trials50.csv,2,13,19,22.642578943062595,22.642578943062595,03,03,1,0,True,completed
19,known_visit,PI,bernoulli,drop_0.25,34,1156,6,10,pi_g34_d220_bernoulli_drop_0_25,reruns\grid_density\scenarios\cv\known_visit_grid34_targets10_trials50.csv,3,29,20,84.58152113526624,84.58152113526624,03,03,1,0,True,completed
19,known_visit,PI,bernoulli,drop_0.25,34,1156,6,10,pi_g34_d220_bernoulli_drop_0_25,reruns\grid_density\scenarios\cv\known_visit_grid34_targets10_trials50.csv,4,27,28,53.25552727077307,53.25552727077307,05,05,2,1,True,completed
19,known_visit,PI,bernoulli,drop_0.25,34,1156,6,10,pi_g34_d220_bernoulli_drop_0_25,reruns\grid_density\scenarios\cv\known_visit_grid34_targets10_trials50.csv,5,8,21,20.778004019618376,20.778004019618376,04,04,2,1,True,completed
19,known_visit,PI,bernoulli,drop_0.25,34,1156,6,10,pi_g34_d220_bernoulli_drop_0_25,reruns\grid_density\scenarios\cv\known_visit_grid34_targets10_trials50.csv,6,15,14,25.80802550220328,25.80802550220328,02,02,1,0,True,completed
19,known_visit,PI,bernoulli,drop_0.25,34,1156,6,10,pi_g34_d220_bernoulli_drop_0_25,reruns\grid_density\scenarios\cv\known_visit_grid34_targets10_trials50.csv,7,16,1,30.938675962104583,30.938675962104583,00,00,2,1,True,completed
19,known_visit,PI,bernoulli,drop_0.25,34,1156,6,10,pi_g34_d220_bernoulli_drop_0_25,reruns\grid_density\scenarios\cv\known_visit_grid34_targets10_trials50.csv,8,3,33,3.5993962324059603,3.5993962324059603,05,05,1,0,True,completed
19,known_visit,PI,bernoulli,drop_0.25,34,1156,6,10,pi_g34_d220_bernoulli_drop_0_25,reruns\grid_density\scenarios\cv\known_visit_grid34_targets10_trials50.csv,9,31,23,72.75134478331569,72.75134478331569,05,05,1,0,True,completed
19,known_visit,PI,bernoulli,drop_0.25,34,1156,6,10,pi_g34_d220_bernoulli_drop_0_25,reruns\grid_density\scenarios\cv\known_visit_grid34_targets10_trials50.csv,10,17,0,27.0580288000172,27.0580288000172,00,00,1,0,True,completed
20,known_visit,PI,bernoulli,drop_0.25,34,1156,6,10,pi_g34_d220_bernoulli_drop_0_25,reruns\grid_density\scenarios\cv\known_visit_grid34_targets10_trials50.csv,1,25,17,48.094570057141034,48.094570057141034,02,02,1,0,True,completed
20,known_visit,PI,bernoulli,drop_0.25,34,1156,6,10,pi_g34_d220_bernoulli_drop_0_25,reruns\grid_density\scenarios\cv\known_visit_grid34_targets10_trials50.csv,2,12,20,26.766610931670847,26.766610931670847,03,03,2,1,True,completed
20,known_visit,PI,bernoulli,drop_0.25,34,1156,6,10,pi_g34_d220_bernoulli_drop_0_25,reruns\grid_density\scenarios\cv\known_visit_grid34_targets10_trials50.csv,3,15,28,32.85603287099918,32.85603287099918,05,05,1,0,True,completed
20,known_visit,PI,bernoulli,drop_0.25,34,1156,6,10,pi_g34_d220_bernoulli_drop_0_25,reruns\grid_density\scenarios\cv\known_visit_grid34_targets10_trials50.csv,4,23,12,67.54515831729209,67.54515831729209,00,00,1,0,True,completed
20,known_visit,PI,bernoulli,drop_0.25,34,1156,6,10,pi_g34_d220_bernoulli_drop_0_25,reruns\grid_density\scenarios\cv\known_visit_grid34_targets10_trials50.csv,5,29,15,58.98296921923019,58.98296921923019,02,02,1,0,True,completed
20,known_visit,PI,bernoulli,drop_0.25,34,1156,6,10,pi_g34_d220_bernoulli_drop_0_25,reruns\grid_density\scenarios\cv\known_visit_grid34_targets10_trials50.csv,6,14,15,25.951863379442248,25.951863379442248,02,02,2,1,True,completed
20,known_visit,PI,bernoulli,drop_0.25,34,1156,6,10,pi_g34_d220_bernoulli_drop_0_25,reruns\grid_density\scenarios\cv\known_visit_grid34_targets10_trials50.csv,7,22,2,45.4966274957423,45.4966274957423,01,01,1,0,True,completed
20,known_visit,PI,bernoulli,drop_0.25,34,1156,6,10,pi_g34_d220_bernoulli_drop_0_25,reruns\grid_density\scenarios\cv\known_visit_grid34_targets10_trials50.csv,8,8,23,17.180698404596843,17.180698404596843,04,04,1,0,True,completed
20,known_visit,PI,bernoulli,drop_0.25,34,1156,6,10,pi_g34_d220_bernoulli_drop_0_25,reruns\grid_density\scenarios\cv\known_visit_grid34_targets10_trials50.csv,9,8,5,16.200522810750293,16.200522810750293,01,01,2,1,True,completed
20,known_visit,PI,bernoulli,drop_0.25,34,1156,6,10,pi_g34_d220_bernoulli_drop_0_25,reruns\grid_density\scenarios\cv\known_visit_grid34_targets10_trials50.csv,10,6,15,12.209554125059155,12.209554125059155,02,02,1,0,True,completed
21,known_visit,PI,bernoulli,drop_0.25,34,1156,6,10,pi_g34_d220_bernoulli_drop_0_25,reruns\grid_density\scenarios\cv\known_visit_grid34_targets10_trials50.csv,1,11,8,19.71137049751576,19.71137049751576,01,01,2,1,True,completed
21,known_visit,PI,bernoulli,drop_0.25,34,1156,6,10,pi_g34_d220_bernoulli_drop_0_25,reruns\grid_density\scenarios\cv\known_visit_grid34_targets10_trials50.csv,2,23,31,80.45616389501612,80.45616389501612,01,01,1,0,True,completed
21,known_visit,PI,bernoulli,drop_0.25,34,1156,6,10,pi_g34_d220_bernoulli_drop_0_25,reruns\grid_density\scenarios\cv\known_visit_grid34_targets10_trials50.csv,3,2,2,5.714699617259697,5.714699617259697,00,00,2,1,True,completed
21,known_visit,PI,bernoulli,drop_0.25,34,1156,6,10,pi_g34_d220_bernoulli_drop_0_25,reruns\grid_density\scenarios\cv\known_visit_grid34_targets10_trials50.csv,4,6,23,14.138651461826539,14.138651461826539,04,04,1,0,True,completed
21,known_visit,PI,bernoulli,drop_0.25,34,1156,6,10,pi_g34_d220_bernoulli_drop_0_25,reruns\grid_density\scenarios\cv\known_visit_grid34_targets10_trials50.csv,5,14,22,29.87045465249678,29.87045465249678,04,04,2,1,True,completed
21,known_visit,PI,bernoulli,drop_0.25,34,1156,6,10,pi_g34_d220_bernoulli_drop_0_25,reruns\grid_density\scenarios\cv\known_visit_grid34_targets10_trials50.csv,6,4,6,16.514253773781874,16.514253773781874,00,00,1,0,True,completed
21,known_visit,PI,bernoulli,drop_0.25,34,1156,6,10,pi_g34_d220_bernoulli_drop_0_25,reruns\grid_density\scenarios\cv\known_visit_grid34_targets10_trials50.csv,7,4,29,12.276372647238228,12.276372647238228,05,05,1,0,True,completed
21,known_visit,PI,bernoulli,drop_0.25,34,1156,6,10,pi_g34_d220_bernoulli_drop_0_25,reruns\grid_density\scenarios\cv\known_visit_grid34_targets10_trials50.csv,8,11,19,49.285662895237266,49.285662895237266,05,05,1,0,True,completed
21,known_visit,PI,bernoulli,drop_0.25,34,1156,6,10,pi_g34_d220_bernoulli_drop_0_25,reruns\grid_density\scenarios\cv\known_visit_grid34_targets10_trials50.csv,9,21,7,54.91660714057463,54.91660714057463,00,00,1,0,True,completed
21,known_visit,PI,bernoulli,drop_0.25,34,1156,6,10,pi_g34_d220_bernoulli_drop_0_25,reruns\grid_density\scenarios\cv\known_visit_grid34_targets10_trials50.csv,10,12,20,37.14680787575315,37.14680787575315,04,04,1,0,True,completed
22,known_visit,PI,bernoulli,drop_0.25,34,1156,6,10,pi_g34_d220_bernoulli_drop_0_25,reruns\grid_density\scenarios\cv\known_visit_grid34_targets10_trials50.csv,1,4,33,5.256055856433383,5.256055856433383,05,05,2,1,True,completed
22,known_visit,PI,bernoulli,drop_0.25,34,1156,6,10,pi_g34_d220_bernoulli_drop_0_25,reruns\grid_density\scenarios\cv\known_visit_grid34_targets10_trials50.csv,2,25,14,76.55032551283807,76.55032551283807,04,04,1,0,True,completed
22,known_visit,PI,bernoulli,drop_0.25,34,1156,6,10,pi_g34_d220_bernoulli_drop_0_25,reruns\grid_density\scenarios\cv\known_visit_grid34_targets10_trials50.csv,3,3,12,5.437681852362092,5.437681852362092,02,02,2,1,True,completed
22,known_visit,PI,bernoulli,drop_0.25,34,1156,6,10,pi_g34_d220_bernoulli_drop_0_25,reruns\grid_density\scenarios\cv\known_visit_grid34_targets10_trials50.csv,4,29,19,60.288224849872535,60.288224849872535,04,04,1,0,True,completed
22,known_visit,PI,bernoulli,drop_0.25,34,1156,6,10,pi_g34_d220_bernoulli_drop_0_25,reruns\grid_density\scenarios\cv\known_visit_grid34_targets10_trials50.csv,5,27,15,71.21702215884733,71.21702215884733,04,04,1,0,True,completed
22,known_visit,PI,bernoulli,drop_0.25,34,1156,6,10,pi_g34_d220_bernoulli_drop_0_25,reruns\grid_density\scenarios\cv\known_visit_grid34_targets10_trials50.csv,6,23,6,43.898972311671876,43.898972311671876,01,01,1,0,True,completed
22,known_visit,PI,bernoulli,drop_0.25,34,1156,6,10,pi_g34_d220_bernoulli_drop_0_25,reruns\grid_density\scenarios\cv\known_visit_grid34_targets10_trials50.csv,7,8,32,14.337167784776662,14.337167784776662,05,05,1,0,True,completed
22,known_visit,PI,bernoulli,drop_0.25,34,1156,6,10,pi_g34_d220_bernoulli_drop_0_25,reruns\grid_density\scenarios\cv\known_visit_grid34_targets10_trials50.csv,8,20,20,42.74305895327297,42.74305895327297,04,04,1,0,True,completed
22,known_visit,PI,bernoulli,drop_0.25,34,1156,6,10,pi_g34_d220_bernoulli_drop_0_25,reruns\grid_density\scenarios\cv\known_visit_grid34_targets10_trials50.csv,9,1,3,5.581765023893949,5.581765023893949,00,00,1,0,True,completed
22,known_visit,PI,bernoulli,drop_0.25,34,1156,6,10,pi_g34_d220_bernoulli_drop_0_25,reruns\grid_density\scenarios\cv\known_visit_grid34_targets10_trials50.csv,10,11,6,23.28735520316348,23.28735520316348,01,01,2,1,True,completed
23,known_visit,PI,bernoulli,drop_0.25,34,1156,6,10,pi_g34_d220_bernoulli_drop_0_25,reruns\grid_density\scenarios\cv\known_visit_grid34_targets10_trials50.csv,1,10,9,26.480647476917614,26.480647476917614,01,01,2,1,True,completed
23,known_visit,PI,bernoulli,drop_0.25,34,1156,6,10,pi_g34_d220_bernoulli_drop_0_25,reruns\grid_density\scenarios\cv\known_visit_grid34_targets10_trials50.csv,2,25,12,57.81545355411213,57.81545355411213,01,01,1,0,True,completed
23,known_visit,PI,bernoulli,drop_0.25,34,1156,6,10,pi_g34_d220_bernoulli_drop_0_25,reruns\grid_density\scenarios\cv\known_visit_grid34_targets10_trials50.csv,3,25,5,73.82365390606778,73.82365390606778,01,01,1,0,True,completed
23,known_visit,PI,bernoulli,drop_0.25,34,1156,6,10,pi_g34_d220_bernoulli_drop_0_25,reruns\grid_density\scenarios\cv\known_visit_grid34_targets10_trials50.csv,4,9,33,13.99240122619291,13.99240122619291,05,05,1,0,True,completed
23,known_visit,PI,bernoulli,drop_0.25,34,1156,6,10,pi_g34_d220_bernoulli_drop_0_25,reruns\grid_density\scenarios\cv\known_visit_grid34_targets10_trials50.csv,5,21,9,45.79804888804501,45.79804888804501,01,01,1,0,True,completed
23,known_visit,PI,bernoulli,drop_0.25,34,1156,6,10,pi_g34_d220_bernoulli_drop_0_25,reruns\grid_density\scenarios\cv\known_visit_grid34_targets10_trials50.csv,6,1,11,7.195645181743195,7.195645181743195,01,01,1,0,True,completed
23,known_visit,PI,bernoulli,drop_0.25,34,1156,6,10,pi_g34_d220_bernoulli_drop_0_25,reruns\grid_density\scenarios\cv\known_visit_grid34_targets10_trials50.csv,7,15,22,30.82667605835298,30.82667605835298,04,04,2,1,True,completed
23,known_visit,PI,bernoulli,drop_0.25,34,1156,6,10,pi_g34_d220_bernoulli_drop_0_25,reruns\grid_density\scenarios\cv\known_visit_grid34_targets10_trials50.csv,8,32,25,66.48740773662163,66.48740773662163,05,05,1,0,True,completed
23,known_visit,PI,bernoulli,drop_0.25,34,1156,6,10,pi_g34_d220_bernoulli_drop_0_25,reruns\grid_density\scenarios\cv\known_visit_grid34_targets10_trials50.csv,9,21,17,49.89904971014705,49.89904971014705,04,04,1,0,True,completed
23,known_visit,PI,bernoulli,drop_0.25,34,1156,6,10,pi_g34_d220_bernoulli_drop_0_25,reruns\grid_density\scenarios\cv\known_visit_grid34_targets10_trials50.csv,10,8,30,33.030680008628295,33.030680008628295,03,03,1,0,True,completed
24,known_visit,PI,bernoulli,drop_0.25,34,1156,6,10,pi_g34_d220_bernoulli_drop_0_25,reruns\grid_density\scenarios\cv\known_visit_grid34_targets10_trials50.csv,1,23,33,37.21677094351289,37.21677094351289,05,05,1,0,True,completed
24,known_visit,PI,bernoulli,drop_0.25,34,1156,6,10,pi_g34_d220_bernoulli_drop_0_25,reruns\grid_density\scenarios\cv\known_visit_grid34_targets10_trials50.csv,2,33,23,70.87196617881953,70.87196617881953,03,03,1,0,True,completed
24,known_visit,PI,bernoulli,drop_0.25,34,1156,6,10,pi_g34_d220_bernoulli_drop_0_25,reruns\grid_density\scenarios\cv\known_visit_grid34_targets10_trials50.csv,3,1,17,5.664026031518371,5.664026031518371,03,03,2,1,True,completed
24,known_visit,PI,bernoulli,drop_0.25,34,1156,6,10,pi_g34_d220_bernoulli_drop_0_25,reruns\grid_density\scenarios\cv\known_visit_grid34_targets10_trials50.csv,4,21,0,33.828576416078356,33.828576416078356,00,00,1,0,True,completed
24,known_visit,PI,bernoulli,drop_0.25,34,1156,6,10,pi_g34_d220_bernoulli_drop_0_25,reruns\grid_density\scenarios\cv\known_visit_grid34_targets10_trials50.csv,5,25,13,62.91642195391528,62.91642195391528,00,00,1,0,True,completed
24,known_visit,PI,bernoulli,drop_0.25,34,1156,6,10,pi_g34_d220_bernoulli_drop_0_25,reruns\grid_density\scenarios\cv\known_visit_grid34_targets10_trials50.csv,6,27,31,52.96557930316612,52.96557930316612,04,04,1,0,True,completed
24,known_visit,PI,bernoulli,drop_0.25,34,1156,6,10,pi_g34_d220_bernoulli_drop_0_25,reruns\grid_density\scenarios\cv\known_visit_grid34_targets10_trials50.csv,7,18,4,34.66615751805597,34.66615751805597,01,01,1,0,True,completed
24,known_visit,PI,bernoulli,drop_0.25,34,1156,6,10,pi_g34_d220_bernoulli_drop_0_25,reruns\grid_density\scenarios\cv\known_visit_grid34_targets10_trials50.csv,8,27,17,49.978475949388155,49.978475949388155,03,03,1,0,True,completed
24,known_visit,PI,bernoulli,drop_0.25,34,1156,6,10,pi_g34_d220_bernoulli_drop_0_25,reruns\grid_density\scenarios\cv\known_visit_grid34_targets10_trials50.csv,9,32,19,62.12193032537495,62.12193032537495,03,03,2,1,True,completed
24,known_visit,PI,bernoulli,drop_0.25,34,1156,6,10,pi_g34_d220_bernoulli_drop_0_25,reruns\grid_density\scenarios\cv\known_visit_grid34_targets10_trials50.csv,10,3,31,12.113099629251904,12.113099629251904,04,04,1,0,True,completed
25,known_visit,PI,bernoulli,drop_0.25,34,1156,6,10,pi_g34_d220_bernoulli_drop_0_25,reruns\grid_density\scenarios\cv\known_visit_grid34_targets10_trials50.csv,1,32,21,54.82685086186419,54.82685086186419,03,03,1,0,True,completed
25,known_visit,PI,bernoulli,drop_0.25,34,1156,6,10,pi_g34_d220_bernoulli_drop_0_25,reruns\grid_density\scenarios\cv\known_visit_grid34_targets10_trials50.csv,2,8,16,28.113760773148407,28.113760773148407,01,01,2,1,True,completed
25,known_visit,PI,bernoulli,drop_0.25,34,1156,6,10,pi_g34_d220_bernoulli_drop_0_25,reruns\grid_density\scenarios\cv\known_visit_grid34_targets10_trials50.csv,3,30,7,60.92739375808913,60.92739375808913,02,02,1,0,True,completed
25,known_visit,PI,bernoulli,drop_0.25,34,1156,6,10,pi_g34_d220_bernoulli_drop_0_25,reruns\grid_density\scenarios\cv\known_visit_grid34_targets10_trials50.csv,4,5,9,10.48944580200122,10.48944580200122,01,01,2,1,True,completed
25,known_visit,PI,bernoulli,drop_0.25,34,1156,6,10,pi_g34_d220_bernoulli_drop_0_25,reruns\grid_density\scenarios\cv\known_visit_grid34_targets10_trials50.csv,5,22,7,47.69311857315927,47.69311857315927,00,00,1,0,True,completed
25,known_visit,PI,bernoulli,drop_0.25,34,1156,6,10,pi_g34_d220_bernoulli_drop_0_25,reruns\grid_density\scenarios\cv\known_visit_grid34_targets10_trials50.csv,6,18,25,34.20165070808829,34.20165070808829,04,04,2,1,True,completed
25,known_visit,PI,bernoulli,drop_0.25,34,1156,6,10,pi_g34_d220_bernoulli_drop_0_25,reruns\grid_density\scenarios\cv\known_visit_grid34_targets10_trials50.csv,7,29,31,89.9947889709303,89.9947889709303,01,01,1,0,True,completed
25,known_visit,PI,bernoulli,drop_0.25,34,1156,6,10,pi_g34_d220_bernoulli_drop_0_25,reruns\grid_density\scenarios\cv\known_visit_grid34_targets10_trials50.csv,8,27,12,47.23239927024735,47.23239927024735,02,02,1,0,True,completed
25,known_visit,PI,bernoulli,drop_0.25,34,1156,6,10,pi_g34_d220_bernoulli_drop_0_25,reruns\grid_density\scenarios\cv\known_visit_grid34_targets10_trials50.csv,9,19,0,30.381388304513074,30.381388304513074,00,00,1,0,True,completed
25,known_visit,PI,bernoulli,drop_0.25,34,1156,6,10,pi_g34_d220_bernoulli_drop_0_25,reruns\grid_density\scenarios\cv\known_visit_grid34_targets10_trials50.csv,10,24,26,72.76767585200808,72.76767585200808,01,01,1,0,True,completed
26,known_visit,PI,bernoulli,drop_0.25,34,1156,6,10,pi_g34_d220_bernoulli_drop_0_25,reruns\grid_density\scenarios\cv\known_visit_grid34_targets10_trials50.csv,1,14,25,24.311380012612148,24.311380012612148,04,04,1,0,True,completed
26,known_visit,PI,bernoulli,drop_0.25,34,1156,6,10,pi_g34_d220_bernoulli_drop_0_25,reruns\grid_density\scenarios\cv\known_visit_grid34_targets10_trials50.csv,2,5,4,12.53532179104531,12.53532179104531,01,01,1,0,True,completed
26,known_visit,PI,bernoulli,drop_0.25,34,1156,6,10,pi_g34_d220_bernoulli_drop_0_25,reruns\grid_density\scenarios\cv\known_visit_grid34_targets10_trials50.csv,3,32,8,72.42286835955053,72.42286835955053,01,01,1,0,True,completed
26,known_visit,PI,bernoulli,drop_0.25,34,1156,6,10,pi_g34_d220_bernoulli_drop_0_25,reruns\grid_density\scenarios\cv\known_visit_grid34_targets10_trials50.csv,4,33,26,89.58529537982412,89.58529537982412,03,03,1,0,True,completed
26,known_visit,PI,bernoulli,drop_0.25,34,1156,6,10,pi_g34_d220_bernoulli_drop_0_25,reruns\grid_density\scenarios\cv\known_visit_grid34_targets10_trials50.csv,5,24,17,58.75167227246472,58.75167227246472,03,03,1,0,True,completed
26,known_visit,PI,bernoulli,drop_0.25,34,1156,6,10,pi_g34_d220_bernoulli_drop_0_25,reruns\grid_density\scenarios\cv\known_visit_grid34_targets10_trials50.csv,6,11,21,37.486434914492314,37.486434914492314,05,05,1,0,True,completed
26,known_visit,PI,bernoulli,drop_0.25,34,1156,6,10,pi_g34_d220_bernoulli_drop_0_25,reruns\grid_density\scenarios\cv\known_visit_grid34_targets10_trials50.csv,7,11,7,30.975118682236598,30.975118682236598,00,00,2,1,True,completed
26,known_visit,PI,bernoulli,drop_0.25,34,1156,6,10,pi_g34_d220_bernoulli_drop_0_25,reruns\grid_density\scenarios\cv\known_visit_grid34_targets10_trials50.csv,8,10,4,21.213496355916853,21.213496355916853,01,01,3,2,True,completed
26,known_visit,PI,bernoulli,drop_0.25,34,1156,6,10,pi_g34_d220_bernoulli_drop_0_25,reruns\grid_density\scenarios\cv\known_visit_grid34_targets10_trials50.csv,9,2,1,3.9742981690826533,3.9742981690826533,00,00,2,1,True,completed
26,known_visit,PI,bernoulli,drop_0.25,34,1156,6,10,pi_g34_d220_bernoulli_drop_0_25,reruns\grid_density\scenarios\cv\known_visit_grid34_targets10_trials50.csv,10,20,3,40.25663191002365,40.25663191002365,01,01,2,1,True,completed
27,known_visit,PI,bernoulli,drop_0.25,34,1156,6,10,pi_g34_d220_bernoulli_drop_0_25,reruns\grid_density\scenarios\cv\known_visit_grid34_targets10_trials50.csv,1,15,17,29.822551250026997,29.822551250026997,03,03,2,1,True,completed
27,known_visit,PI,bernoulli,drop_0.25,34,1156,6,10,pi_g34_d220_bernoulli_drop_0_25,reruns\grid_density\scenarios\cv\known_visit_grid34_targets10_trials50.csv,2,5,32,8.77219242135025,8.77219242135025,05,05,1,0,True,completed
27,known_visit,PI,bernoulli,drop_0.25,34,1156,6,10,pi_g34_d220_bernoulli_drop_0_25,reruns\grid_density\scenarios\cv\known_visit_grid34_targets10_trials50.csv,3,24,32,49.89435084313052,49.89435084313052,04,04,1,0,True,completed
27,known_visit,PI,bernoulli,drop_0.25,34,1156,6,10,pi_g34_d220_bernoulli_drop_0_25,reruns\grid_density\scenarios\cv\known_visit_grid34_targets10_trials50.csv,4,22,27,38.029748840179664,38.029748840179664,04,04,2,1,True,completed
27,known_visit,PI,bernoulli,drop_0.25,34,1156,6,10,pi_g34_d220_bernoulli_drop_0_25,reruns\grid_density\scenarios\cv\known_visit_grid34_targets10_trials50.csv,5,2,14,4.022054158726085,4.022054158726085,02,02,3,2,True,completed
27,known_visit,PI,bernoulli,drop_0.25,34,1156,6,10,pi_g34_d220_bernoulli_drop_0_25,reruns\grid_density\scenarios\cv\known_visit_grid34_targets10_trials50.csv,6,5,15,11.082355542405349,11.082355542405349,02,02,2,1,True,completed
27,known_visit,PI,bernoulli,drop_0.25,34,1156,6,10,pi_g34_d220_bernoulli_drop_0_25,reruns\grid_density\scenarios\cv\known_visit_grid34_targets10_trials50.csv,7,32,12,89.89192377334935,89.89192377334935,05,05,1,0,True,completed
27,known_visit,PI,bernoulli,drop_0.25,34,1156,6,10,pi_g34_d220_bernoulli_drop_0_25,reruns\grid_density\scenarios\cv\known_visit_grid34_targets10_trials50.csv,8,8,27,13.931478740218266,13.931478740218266,04,04,1,0,True,completed
27,known_visit,PI,bernoulli,drop_0.25,34,1156,6,10,pi_g34_d220_bernoulli_drop_0_25,reruns\grid_density\scenarios\cv\known_visit_grid34_targets10_trials50.csv,9,25,24,57.152876285111056,57.152876285111056,05,05,1,0,True,completed
27,known_visit,PI,bernoulli,drop_0.25,34,1156,6,10,pi_g34_d220_bernoulli_drop_0_25,reruns\grid_density\scenarios\cv\known_visit_grid34_targets10_trials50.csv,10,2,19,33.84042066748493,33.84042066748493,01,01,1,0,True,completed
28,known_visit,PI,bernoulli,drop_0.25,34,1156,6,10,pi_g34_d220_bernoulli_drop_0_25,reruns\grid_density\scenarios\cv\known_visit_grid34_targets10_trials50.csv,1,2,6,12.43885367595013,12.43885367595013,00,00,1,0,True,completed
28,known_visit,PI,bernoulli,drop_0.25,34,1156,6,10,pi_g34_d220_bernoulli_drop_0_25,reruns\grid_density\scenarios\cv\known_visit_grid34_targets10_trials50.csv,2,25,6,55.779039949410155,55.779039949410155,00,00,2,1,True,completed
28,known_visit,PI,bernoulli,drop_0.25,34,1156,6,10,pi_g34_d220_bernoulli_drop_0_25,reruns\grid_density\scenarios\cv\known_visit_grid34_targets10_trials50.csv,3,29,4,66.29235490471929,66.29235490471929,00,00,1,0,True,completed
28,known_visit,PI,bernoulli,drop_0.25,34,1156,6,10,pi_g34_d220_bernoulli_drop_0_25,reruns\grid_density\scenarios\cv\known_visit_grid34_targets10_trials50.csv,4,10,13,15.365256728796334,15.365256728796334,02,02,1,0,True,completed
28,known_visit,PI,bernoulli,drop_0.25,34,1156,6,10,pi_g34_d220_bernoulli_drop_0_25,reruns\grid_density\scenarios\cv\known_visit_grid34_targets10_trials50.csv,5,23,2,80.65041874667378,80.65041874667378,00,00,1,0,True,completed
28,known_visit,PI,bernoulli,drop_0.25,34,1156,6,10,pi_g34_d220_bernoulli_drop_0_25,reruns\grid_density\scenarios\cv\known_visit_grid34_targets10_trials50.csv,6,8,33,11.962130122137683,11.962130122137683,05,05,1,0,True,completed
28,known_visit,PI,bernoulli,drop_0.25,34,1156,6,10,pi_g34_d220_bernoulli_drop_0_25,reruns\grid_density\scenarios\cv\known_visit_grid34_targets10_trials50.csv,7,16,32,27.427901537160427,27.427901537160427,05,05,2,1,True,completed
28,known_visit,PI,bernoulli,drop_0.25,34,1156,6,10,pi_g34_d220_bernoulli_drop_0_25,reruns\grid_density\scenarios\cv\known_visit_grid34_targets10_trials50.csv,8,26,14,55.16633096197786,55.16633096197786,01,01,1,0,True,completed
28,known_visit,PI,bernoulli,drop_0.25,34,1156,6,10,pi_g34_d220_bernoulli_drop_0_25,reruns\grid_density\scenarios\cv\known_visit_grid34_targets10_trials50.csv,9,25,17,56.356891812873045,56.356891812873045,04,04,2,1,True,completed
28,known_visit,PI,bernoulli,drop_0.25,34,1156,6,10,pi_g34_d220_bernoulli_drop_0_25,reruns\grid_density\scenarios\cv\known_visit_grid34_targets10_trials50.csv,10,25,7,41.300781291404775,41.300781291404775,01,01,3,2,True,completed
29,known_visit,PI,bernoulli,drop_0.25,34,1156,6,10,pi_g34_d220_bernoulli_drop_0_25,reruns\grid_density\scenarios\cv\known_visit_grid34_targets10_trials50.csv,1,18,19,31.54702522130471,31.54702522130471,03,03,1,0,True,completed
29,known_visit,PI,bernoulli,drop_0.25,34,1156,6,10,pi_g34_d220_bernoulli_drop_0_25,reruns\grid_density\scenarios\cv\known_visit_grid34_targets10_trials50.csv,2,10,33,15.277272210590288,15.277272210590288,05,05,1,0,True,completed
29,known_visit,PI,bernoulli,drop_0.25,34,1156,6,10,pi_g34_d220_bernoulli_drop_0_25,reruns\grid_density\scenarios\cv\known_visit_grid34_targets10_trials50.csv,3,7,0,14.643662428093636,14.643662428093636,00,00,1,0,True,completed
29,known_visit,PI,bernoulli,drop_0.25,34,1156,6,10,pi_g34_d220_bernoulli_drop_0_25,reruns\grid_density\scenarios\cv\known_visit_grid34_targets10_trials50.csv,4,1,33,0.12235635551788412,0.12235635551788412,05,05,1,0,True,completed
29,known_visit,PI,bernoulli,drop_0.25,34,1156,6,10,pi_g34_d220_bernoulli_drop_0_25,reruns\grid_density\scenarios\cv\known_visit_grid34_targets10_trials50.csv,5,14,31,25.967997944986955,25.967997944986955,05,05,1,0,True,completed
29,known_visit,PI,bernoulli,drop_0.25,34,1156,6,10,pi_g34_d220_bernoulli_drop_0_25,reruns\grid_density\scenarios\cv\known_visit_grid34_targets10_trials50.csv,6,4,1,7.294214420209136,7.294214420209136,00,00,1,0,True,completed
29,known_visit,PI,bernoulli,drop_0.25,34,1156,6,10,pi_g34_d220_bernoulli_drop_0_25,reruns\grid_density\scenarios\cv\known_visit_grid34_targets10_trials50.csv,7,7,26,10.759132555439173,10.759132555439173,04,04,2,1,True,completed
29,known_visit,PI,bernoulli,drop_0.25,34,1156,6,10,pi_g34_d220_bernoulli_drop_0_25,reruns\grid_density\scenarios\cv\known_visit_grid34_targets10_trials50.csv,8,14,5,36.01042928812891,36.01042928812891,00,00,1,0,True,completed
29,known_visit,PI,bernoulli,drop_0.25,34,1156,6,10,pi_g34_d220_bernoulli_drop_0_25,reruns\grid_density\scenarios\cv\known_visit_grid34_targets10_trials50.csv,9,10,12,24.603530301366888,24.603530301366888,01,01,1,0,True,completed
29,known_visit,PI,bernoulli,drop_0.25,34,1156,6,10,pi_g34_d220_bernoulli_drop_0_25,reruns\grid_density\scenarios\cv\known_visit_grid34_targets10_trials50.csv,10,11,32,18.98246171664297,18.98246171664297,05,05,1,0,True,completed
30,known_visit,PI,bernoulli,drop_0.25,34,1156,6,10,pi_g34_d220_bernoulli_drop_0_25,reruns\grid_density\scenarios\cv\known_visit_grid34_targets10_trials50.csv,1,28,8,61.03156811533383,61.03156811533383,00,00,1,0,True,completed
30,known_visit,PI,bernoulli,drop_0.25,34,1156,6,10,pi_g34_d220_bernoulli_drop_0_25,reruns\grid_density\scenarios\cv\known_visit_grid34_targets10_trials50.csv,2,23,15,52.388954996409076,52.388954996409076,02,02,1,0,True,completed
30,known_visit,PI,bernoulli,drop_0.25,34,1156,6,10,pi_g34_d220_bernoulli_drop_0_25,reruns\grid_density\scenarios\cv\known_visit_grid34_targets10_trials50.csv,3,28,19,68.80458006306912,68.80458006306912,04,04,1,0,True,completed
30,known_visit,PI,bernoulli,drop_0.25,34,1156,6,10,pi_g34_d220_bernoulli_drop_0_25,reruns\grid_density\scenarios\cv\known_visit_grid34_targets10_trials50.csv,4,29,4,53.402435502890874,53.402435502890874,01,01,1,0,True,completed
30,known_visit,PI,bernoulli,drop_0.25,34,1156,6,10,pi_g34_d220_bernoulli_drop_0_25,reruns\grid_density\scenarios\cv\known_visit_grid34_targets10_trials50.csv,5,20,7,32.37303033753756,32.37303033753756,01,01,1,0,True,completed
30,known_visit,PI,bernoulli,drop_0.25,34,1156,6,10,pi_g34_d220_bernoulli_drop_0_25,reruns\grid_density\scenarios\cv\known_visit_grid34_targets10_trials50.csv,6,12,22,22.524750683331487,22.524750683331487,03,03,2,1,True,completed
30,known_visit,PI,bernoulli,drop_0.25,34,1156,6,10,pi_g34_d220_bernoulli_drop_0_25,reruns\grid_density\scenarios\cv\known_visit_grid34_targets10_trials50.csv,7,24,15,54.44309436585893,54.44309436585893,02,02,1,0,True,completed
30,known_visit,PI,bernoulli,drop_0.25,34,1156,6,10,pi_g34_d220_bernoulli_drop_0_25,reruns\grid_density\scenarios\cv\known_visit_grid34_targets10_trials50.csv,8,31,25,53.04899786906425,53.04899786906425,04,04,1,0,True,completed
30,known_visit,PI,bernoulli,drop_0.25,34,1156,6,10,pi_g34_d220_bernoulli_drop_0_25,reruns\grid_density\scenarios\cv\known_visit_grid34_targets10_trials50.csv,9,5,5,15.826744433810909,15.826744433810909,00,00,1,0,True,completed
30,known_visit,PI,bernoulli,drop_0.25,34,1156,6,10,pi_g34_d220_bernoulli_drop_0_25,reruns\grid_density\scenarios\cv\known_visit_grid34_targets10_trials50.csv,10,16,22,29.636906303180872,29.636906303180872,03,03,2,1,True,completed
31,known_visit,PI,bernoulli,drop_0.25,34,1156,6,10,pi_g34_d220_bernoulli_drop_0_25,reruns\grid_density\scenarios\cv\known_visit_grid34_targets10_trials50.csv,1,20,2,109.00863262566436,109.00863262566436,04,04,1,0,True,completed
31,known_visit,PI,bernoulli,drop_0.25,34,1156,6,10,pi_g34_d220_bernoulli_drop_0_25,reruns\grid_density\scenarios\cv\known_visit_grid34_targets10_trials50.csv,2,20,12,51.95231021463863,51.95231021463863,02,02,2,1,True,completed
31,known_visit,PI,bernoulli,drop_0.25,34,1156,6,10,pi_g34_d220_bernoulli_drop_0_25,reruns\grid_density\scenarios\cv\known_visit_grid34_targets10_trials50.csv,3,17,22,30.918906921025275,30.918906921025275,03,03,2,1,True,completed
31,known_visit,PI,bernoulli,drop_0.25,34,1156,6,10,pi_g34_d220_bernoulli_drop_0_25,reruns\grid_density\scenarios\cv\known_visit_grid34_targets10_trials50.csv,4,30,16,67.37162373942313,67.37162373942313,04,04,2,1,True,completed
31,known_visit,PI,bernoulli,drop_0.25,34,1156,6,10,pi_g34_d220_bernoulli_drop_0_25,reruns\grid_density\scenarios\cv\known_visit_grid34_targets10_trials50.csv,5,28,19,58.49369124073843,58.49369124073843,04,04,2,1,True,completed
31,known_visit,PI,bernoulli,drop_0.25,34,1156,6,10,pi_g34_d220_bernoulli_drop_0_25,reruns\grid_density\scenarios\cv\known_visit_grid34_targets10_trials50.csv,6,16,4,31.07141070482581,31.07141070482581,01,01,2,1,True,completed
31,known_visit,PI,bernoulli,drop_0.25,34,1156,6,10,pi_g34_d220_bernoulli_drop_0_25,reruns\grid_density\scenarios\cv\known_visit_grid34_targets10_trials50.csv,7,21,16,39.26349184383623,39.26349184383623,02,02,1,0,True,completed
31,known_visit,PI,bernoulli,drop_0.25,34,1156,6,10,pi_g34_d220_bernoulli_drop_0_25,reruns\grid_density\scenarios\cv\known_visit_grid34_targets10_trials50.csv,8,20,3,37.97550834526709,37.97550834526709,00,00,2,1,True,completed
31,known_visit,PI,bernoulli,drop_0.25,34,1156,6,10,pi_g34_d220_bernoulli_drop_0_25,reruns\grid_density\scenarios\cv\known_visit_grid34_targets10_trials50.csv,9,29,9,63.84106955325793,63.84106955325793,00,00,1,0,True,completed
31,known_visit,PI,bernoulli,drop_0.25,34,1156,6,10,pi_g34_d220_bernoulli_drop_0_25,reruns\grid_density\scenarios\cv\known_visit_grid34_targets10_trials50.csv,10,13,22,24.072661207254246,24.072661207254246,03,03,2,1,True,completed
32,known_visit,PI,bernoulli,drop_0.25,34,1156,6,10,pi_g34_d220_bernoulli_drop_0_25,reruns\grid_density\scenarios\cv\known_visit_grid34_targets10_trials50.csv,1,25,22,51.77427503812464,51.77427503812464,04,04,1,0,True,completed
32,known_visit,PI,bernoulli,drop_0.25,34,1156,6,10,pi_g34_d220_bernoulli_drop_0_25,reruns\grid_density\scenarios\cv\known_visit_grid34_targets10_trials50.csv,2,19,16,37.41708157325217,37.41708157325217,03,03,1,0,True,completed
32,known_visit,PI,bernoulli,drop_0.25,34,1156,6,10,pi_g34_d220_bernoulli_drop_0_25,reruns\grid_density\scenarios\cv\known_visit_grid34_targets10_trials50.csv,3,2,33,1.9280223639116048,1.9280223639116048,05,05,1,0,True,completed
32,known_visit,PI,bernoulli,drop_0.25,34,1156,6,10,pi_g34_d220_bernoulli_drop_0_25,reruns\grid_density\scenarios\cv\known_visit_grid34_targets10_trials50.csv,4,17,21,35.84349175174314,35.84349175174314,04,04,2,1,True,completed
32,known_visit,PI,bernoulli,drop_0.25,34,1156,6,10,pi_g34_d220_bernoulli_drop_0_25,reruns\grid_density\scenarios\cv\known_visit_grid34_targets10_trials50.csv,5,19,27,41.852214447010276,41.852214447010276,05,05,1,0,True,completed
32,known_visit,PI,bernoulli,drop_0.25,34,1156,6,10,pi_g34_d220_bernoulli_drop_0_25,reruns\grid_density\scenarios\cv\known_visit_grid34_targets10_trials50.csv,6,24,25,54.04398100741362,54.04398100741362,05,05,1,0,True,completed
32,known_visit,PI,bernoulli,drop_0.25,34,1156,6,10,pi_g34_d220_bernoulli_drop_0_25,reruns\grid_density\scenarios\cv\known_visit_grid34_targets10_trials50.csv,7,25,6,51.31913347980919,51.31913347980919,00,00,1,0,True,completed
32,known_visit,PI,bernoulli,drop_0.25,34,1156,6,10,pi_g34_d220_bernoulli_drop_0_25,reruns\grid_density\scenarios\cv\known_visit_grid34_targets10_trials50.csv,8,21,15,37.586272933680775,37.586272933680775,02,02,1,0,True,completed
32,known_visit,PI,bernoulli,drop_0.25,34,1156,6,10,pi_g34_d220_bernoulli_drop_0_25,reruns\grid_density\scenarios\cv\known_visit_grid34_targets10_trials50.csv,9,25,24,55.12820909387528,55.12820909387528,04,04,1,0,True,completed
32,known_visit,PI,bernoulli,drop_0.25,34,1156,6,10,pi_g34_d220_bernoulli_drop_0_25,reruns\grid_density\scenarios\cv\known_visit_grid34_targets10_trials50.csv,10,15,28,32.988056652681486,32.988056652681486,05,05,1,0,True,completed
33,known_visit,PI,bernoulli,drop_0.25,34,1156,6,10,pi_g34_d220_bernoulli_drop_0_25,reruns\grid_density\scenarios\cv\known_visit_grid34_targets10_trials50.csv,1,23,9,41.14840121779154,41.14840121779154,01,01,2,1,True,completed
33,known_visit,PI,bernoulli,drop_0.25,34,1156,6,10,pi_g34_d220_bernoulli_drop_0_25,reruns\grid_density\scenarios\cv\known_visit_grid34_targets10_trials50.csv,2,4,26,5.263045768201563,5.263045768201563,04,04,2,1,True,completed
33,known_visit,PI,bernoulli,drop_0.25,34,1156,6,10,pi_g34_d220_bernoulli_drop_0_25,reruns\grid_density\scenarios\cv\known_visit_grid34_targets10_trials50.csv,3,3,32,5.5827647665022315,5.5827647665022315,05,05,1,0,True,completed
33,known_visit,PI,bernoulli,drop_0.25,34,1156,6,10,pi_g34_d220_bernoulli_drop_0_25,reruns\grid_density\scenarios\cv\known_visit_grid34_targets10_trials50.csv,4,30,6,58.68240085033903,58.68240085033903,01,01,1,0,True,completed
33,known_visit,PI,bernoulli,drop_0.25,34,1156,6,10,pi_g34_d220_bernoulli_drop_0_25,reruns\grid_density\scenarios\cv\known_visit_grid34_targets10_trials50.csv,5,2,30,26.123544772900615,26.123544772900615,03,03,1,0,True,completed
33,known_visit,PI,bernoulli,drop_0.25,34,1156,6,10,pi_g34_d220_bernoulli_drop_0_25,reruns\grid_density\scenarios\cv\known_visit_grid34_targets10_trials50.csv,6,28,32,48.35962864403629,48.35962864403629,05,05,1,0,True,completed
33,known_visit,PI,bernoulli,drop_0.25,34,1156,6,10,pi_g34_d220_bernoulli_drop_0_25,reruns\grid_density\scenarios\cv\known_visit_grid34_targets10_trials50.csv,7,17,6,38.01564528026206,38.01564528026206,00,00,1,0,True,completed
33,known_visit,PI,bernoulli,drop_0.25,34,1156,6,10,pi_g34_d220_bernoulli_drop_0_25,reruns\grid_density\scenarios\cv\known_visit_grid34_targets10_trials50.csv,8,19,11,50.40897148352615,50.40897148352615,00,00,1,0,True,completed
33,known_visit,PI,bernoulli,drop_0.25,34,1156,6,10,pi_g34_d220_bernoulli_drop_0_25,reruns\grid_density\scenarios\cv\known_visit_grid34_targets10_trials50.csv,9,12,26,18.806334451399447,18.806334451399447,04,04,1,0,True,completed
33,known_visit,PI,bernoulli,drop_0.25,34,1156,6,10,pi_g34_d220_bernoulli_drop_0_25,reruns\grid_density\scenarios\cv\known_visit_grid34_targets10_trials50.csv,10,32,17,81.55001720986229,81.55001720986229,01,01,1,0,True,completed
34,known_visit,PI,bernoulli,drop_0.25,34,1156,6,10,pi_g34_d220_bernoulli_drop_0_25,reruns\grid_density\scenarios\cv\known_visit_grid34_targets10_trials50.csv,1,20,6,42.41768839455861,42.41768839455861,01,01,1,0,True,completed
34,known_visit,PI,bernoulli,drop_0.25,34,1156,6,10,pi_g34_d220_bernoulli_drop_0_25,reruns\grid_density\scenarios\cv\known_visit_grid34_targets10_trials50.csv,2,10,3,21.389865977791032,21.389865977791032,00,00,1,0,True,completed
34,known_visit,PI,bernoulli,drop_0.25,34,1156,6,10,pi_g34_d220_bernoulli_drop_0_25,reruns\grid_density\scenarios\cv\known_visit_grid34_targets10_trials50.csv,3,14,22,29.302562159779264,29.302562159779264,04,04,1,0,True,completed
34,known_visit,PI,bernoulli,drop_0.25,34,1156,6,10,pi_g34_d220_bernoulli_drop_0_25,reruns\grid_density\scenarios\cv\known_visit_grid34_targets10_trials50.csv,4,18,33,29.648316471373047,29.648316471373047,05,05,1,0,True,completed
34,known_visit,PI,bernoulli,drop_0.25,34,1156,6,10,pi_g34_d220_bernoulli_drop_0_25,reruns\grid_density\scenarios\cv\known_visit_grid34_targets10_trials50.csv,5,24,22,43.3654551411227,43.3654551411227,03,03,1,0,True,completed
34,known_visit,PI,bernoulli,drop_0.25,34,1156,6,10,pi_g34_d220_bernoulli_drop_0_25,reruns\grid_density\scenarios\cv\known_visit_grid34_targets10_trials50.csv,6,31,5,62.9068544094138,62.9068544094138,01,01,2,1,True,completed
34,known_visit,PI,bernoulli,drop_0.25,34,1156,6,10,pi_g34_d220_bernoulli_drop_0_25,reruns\grid_density\scenarios\cv\known_visit_grid34_targets10_trials50.csv,7,18,6,38.651031146046506,38.651031146046506,01,01,1,0,True,completed
34,known_visit,PI,bernoulli,drop_0.25,34,1156,6,10,pi_g34_d220_bernoulli_drop_0_25,reruns\grid_density\scenarios\cv\known_visit_grid34_targets10_trials50.csv,8,8,9,15.606301908585724,15.606301908585724,01,01,2,1,True,completed
34,known_visit,PI,bernoulli,drop_0.25,34,1156,6,10,pi_g34_d220_bernoulli_drop_0_25,reruns\grid_density\scenarios\cv\known_visit_grid34_targets10_trials50.csv,9,25,33,41.69584484602631,41.69584484602631,05,05,1,0,True,completed
34,known_visit,PI,bernoulli,drop_0.25,34,1156,6,10,pi_g34_d220_bernoulli_drop_0_25,reruns\grid_density\scenarios\cv\known_visit_grid34_targets10_trials50.csv,10,33,2,71.69701295417242,71.69701295417242,01,01,1,0,True,completed
35,known_visit,PI,bernoulli,drop_0.25,34,1156,6,10,pi_g34_d220_bernoulli_drop_0_25,reruns\grid_density\scenarios\cv\known_visit_grid34_targets10_trials50.csv,1,28,9,76.2294731753816,76.2294731753816,02,02,1,0,True,completed
35,known_visit,PI,bernoulli,drop_0.25,34,1156,6,10,pi_g34_d220_bernoulli_drop_0_25,reruns\grid_density\scenarios\cv\known_visit_grid34_targets10_trials50.csv,2,30,28,58.53387311278124,58.53387311278124,05,05,1,0,True,completed
35,known_visit,PI,bernoulli,drop_0.25,34,1156,6,10,pi_g34_d220_bernoulli_drop_0_25,reruns\grid_density\scenarios\cv\known_visit_grid34_targets10_trials50.csv,3,32,28,62.24672298918143,62.24672298918143,05,05,1,0,True,completed
35,known_visit,PI,bernoulli,drop_0.25,34,1156,6,10,pi_g34_d220_bernoulli_drop_0_25,reruns\grid_density\scenarios\cv\known_visit_grid34_targets10_trials50.csv,4,18,24,32.94980022753477,32.94980022753477,04,04,2,1,True,completed
35,known_visit,PI,bernoulli,drop_0.25,34,1156,6,10,pi_g34_d220_bernoulli_drop_0_25,reruns\grid_density\scenarios\cv\known_visit_grid34_targets10_trials50.csv,5,17,11,35.52289716229865,35.52289716229865,01,01,1,0,True,completed
35,known_visit,PI,bernoulli,drop_0.25,34,1156,6,10,pi_g34_d220_bernoulli_drop_0_25,reruns\grid_density\scenarios\cv\known_visit_grid34_targets10_trials50.csv,6,2,10,7.423813731363686,7.423813731363686,02,02,2,1,True,completed
35,known_visit,PI,bernoulli,drop_0.25,34,1156,6,10,pi_g34_d220_bernoulli_drop_0_25,reruns\grid_density\scenarios\cv\known_visit_grid34_targets10_trials50.csv,7,29,33,47.91714398614021,47.91714398614021,05,05,1,0,True,completed
35,known_visit,PI,bernoulli,drop_0.25,34,1156,6,10,pi_g34_d220_bernoulli_drop_0_25,reruns\grid_density\scenarios\cv\known_visit_grid34_targets10_trials50.csv,8,11,11,25.158766997069534,25.158766997069534,01,01,2,1,True,completed
35,known_visit,PI,bernoulli,drop_0.25,34,1156,6,10,pi_g34_d220_bernoulli_drop_0_25,reruns\grid_density\scenarios\cv\known_visit_grid34_targets10_trials50.csv,9,7,15,19.014238125375357,19.014238125375357,03,03,1,0,True,completed
35,known_visit,PI,bernoulli,drop_0.25,34,1156,6,10,pi_g34_d220_bernoulli_drop_0_25,reruns\grid_density\scenarios\cv\known_visit_grid34_targets10_trials50.csv,10,32,5,90.13901842171767,90.13901842171767,02,02,1,0,True,completed
36,known_visit,PI,bernoulli,drop_0.25,34,1156,6,10,pi_g34_d220_bernoulli_drop_0_25,reruns\grid_density\scenarios\cv\known_visit_grid34_targets10_trials50.csv,1,5,4,14.203077764111617,14.203077764111617,00,00,3,2,True,completed
36,known_visit,PI,bernoulli,drop_0.25,34,1156,6,10,pi_g34_d220_bernoulli_drop_0_25,reruns\grid_density\scenarios\cv\known_visit_grid34_targets10_trials50.csv,2,26,16,52.48904705360129,52.48904705360129,02,02,1,0,True,completed
36,known_visit,PI,bernoulli,drop_0.25,34,1156,6,10,pi_g34_d220_bernoulli_drop_0_25,reruns\grid_density\scenarios\cv\known_visit_grid34_targets10_trials50.csv,3,29,17,59.72216157471232,59.72216157471232,02,02,1,0,True,completed
36,known_visit,PI,bernoulli,drop_0.25,34,1156,6,10,pi_g34_d220_bernoulli_drop_0_25,reruns\grid_density\scenarios\cv\known_visit_grid34_targets10_trials50.csv,4,13,10,25.791616638983736,25.791616638983736,01,01,1,0,True,completed
36,known_visit,PI,bernoulli,drop_0.25,34,1156,6,10,pi_g34_d220_bernoulli_drop_0_25,reruns\grid_density\scenarios\cv\known_visit_grid34_targets10_trials50.csv,5,4,1,7.15400995383725,7.15400995383725,00,00,2,1,True,completed
36,known_visit,PI,bernoulli,drop_0.25,34,1156,6,10,pi_g34_d220_bernoulli_drop_0_25,reruns\grid_density\scenarios\cv\known_visit_grid34_targets10_trials50.csv,6,2,3,41.20009637503853,41.20009637503853,04,04,1,0,True,completed
36,known_visit,PI,bernoulli,drop_0.25,34,1156,6,10,pi_g34_d220_bernoulli_drop_0_25,reruns\grid_density\scenarios\cv\known_visit_grid34_targets10_trials50.csv,7,15,3,68.11343349319574,68.11343349319574,03,03,1,0,True,completed
36,known_visit,PI,bernoulli,drop_0.25,34,1156,6,10,pi_g34_d220_bernoulli_drop_0_25,reruns\grid_density\scenarios\cv\known_visit_grid34_targets10_trials50.csv,8,22,12,38.201009069199834,38.201009069199834,02,02,2,1,True,completed
36,known_visit,PI,bernoulli,drop_0.25,34,1156,6,10,pi_g34_d220_bernoulli_drop_0_25,reruns\grid_density\scenarios\cv\known_visit_grid34_targets10_trials50.csv,9,27,4,51.87149112544782,51.87149112544782,00,00,1,0,True,completed
36,known_visit,PI,bernoulli,drop_0.25,34,1156,6,10,pi_g34_d220_bernoulli_drop_0_25,reruns\grid_density\scenarios\cv\known_visit_grid34_targets10_trials50.csv,10,20,15,71.78988431800695,71.78988431800695,05,05,1,0,True,completed
37,known_visit,PI,bernoulli,drop_0.25,34,1156,6,10,pi_g34_d220_bernoulli_drop_0_25,reruns\grid_density\scenarios\cv\known_visit_grid34_targets10_trials50.csv,1,15,29,31.322727563580653,31.322727563580653,05,05,1,0,True,completed
37,known_visit,PI,bernoulli,drop_0.25,34,1156,6,10,pi_g34_d220_bernoulli_drop_0_25,reruns\grid_density\scenarios\cv\known_visit_grid34_targets10_trials50.csv,2,6,3,14.185876060053658,14.185876060053658,00,00,2,1,True,completed
37,known_visit,PI,bernoulli,drop_0.25,34,1156,6,10,pi_g34_d220_bernoulli_drop_0_25,reruns\grid_density\scenarios\cv\known_visit_grid34_targets10_trials50.csv,3,21,27,54.47362594703517,54.47362594703517,04,04,1,0,True,completed
37,known_visit,PI,bernoulli,drop_0.25,34,1156,6,10,pi_g34_d220_bernoulli_drop_0_25,reruns\grid_density\scenarios\cv\known_visit_grid34_targets10_trials50.csv,4,10,13,26.23850618657882,26.23850618657882,02,02,2,1,True,completed
37,known_visit,PI,bernoulli,drop_0.25,34,1156,6,10,pi_g34_d220_bernoulli_drop_0_25,reruns\grid_density\scenarios\cv\known_visit_grid34_targets10_trials50.csv,5,10,26,23.204388135730028,23.204388135730028,04,04,2,1,True,completed
37,known_visit,PI,bernoulli,drop_0.25,34,1156,6,10,pi_g34_d220_bernoulli_drop_0_25,reruns\grid_density\scenarios\cv\known_visit_grid34_targets10_trials50.csv,6,2,28,5.592682413473078,5.592682413473078,04,04,1,0,True,completed
37,known_visit,PI,bernoulli,drop_0.25,34,1156,6,10,pi_g34_d220_bernoulli_drop_0_25,reruns\grid_density\scenarios\cv\known_visit_grid34_targets10_trials50.csv,7,23,10,55.824358941116266,55.824358941116266,00,00,1,0,True,completed
37,known_visit,PI,bernoulli,drop_0.25,34,1156,6,10,pi_g34_d220_bernoulli_drop_0_25,reruns\grid_density\scenarios\cv\known_visit_grid34_targets10_trials50.csv,8,17,23,40.573351660145306,40.573351660145306,04,04,2,1,True,completed
37,known_visit,PI,bernoulli,drop_0.25,34,1156,6,10,pi_g34_d220_bernoulli_drop_0_25,reruns\grid_density\scenarios\cv\known_visit_grid34_targets10_trials50.csv,9,4,17,10.553735620017909,10.553735620017909,03,03,2,1,True,completed
37,known_visit,PI,bernoulli,drop_0.25,34,1156,6,10,pi_g34_d220_bernoulli_drop_0_25,reruns\grid_density\scenarios\cv\known_visit_grid34_targets10_trials50.csv,10,29,22,90.70344327943928,90.70344327943928,03,03,1,0,True,completed
38,known_visit,PI,bernoulli,drop_0.25,34,1156,6,10,pi_g34_d220_bernoulli_drop_0_25,reruns\grid_density\scenarios\cv\known_visit_grid34_targets10_trials50.csv,1,33,12,76.02383883232076,76.02383883232076,00,00,1,0,True,completed
38,known_visit,PI,bernoulli,drop_0.25,34,1156,6,10,pi_g34_d220_bernoulli_drop_0_25,reruns\grid_density\scenarios\cv\known_visit_grid34_targets10_trials50.csv,2,33,15,80.486479548881,80.486479548881,01,01,1,0,True,completed
38,known_visit,PI,bernoulli,drop_0.25,34,1156,6,10,pi_g34_d220_bernoulli_drop_0_25,reruns\grid_density\scenarios\cv\known_visit_grid34_targets10_trials50.csv,3,22,7,48.2185411141706,48.2185411141706,00,00,1,0,True,completed
38,known_visit,PI,bernoulli,drop_0.25,34,1156,6,10,pi_g34_d220_bernoulli_drop_0_25,reruns\grid_density\scenarios\cv\known_visit_grid34_targets10_trials50.csv,4,30,10,55.72503962442667,55.72503962442667,01,01,1,0,True,completed
38,known_visit,PI,bernoulli,drop_0.25,34,1156,6,10,pi_g34_d220_bernoulli_drop_0_25,reruns\grid_density\scenarios\cv\known_visit_grid34_targets10_trials50.csv,5,5,19,9.124634498369412,9.124634498369412,03,03,2,1,True,completed
38,known_visit,PI,bernoulli,drop_0.25,34,1156,6,10,pi_g34_d220_bernoulli_drop_0_25,reruns\grid_density\scenarios\cv\known_visit_grid34_targets10_trials50.csv,6,27,13,66.26656117726667,66.26656117726667,01,01,1,0,True,completed
38,known_visit,PI,bernoulli,drop_0.25,34,1156,6,10,pi_g34_d220_bernoulli_drop_0_25,reruns\grid_density\scenarios\cv\known_visit_grid34_targets10_trials50.csv,7,8,8,14.176323444153143,14.176323444153143,01,01,2,1,True,completed
38,known_visit,PI,bernoulli,drop_0.25,34,1156,6,10,pi_g34_d220_bernoulli_drop_0_25,reruns\grid_density\scenarios\cv\known_visit_grid34_targets10_trials50.csv,8,12,28,28.03123595450191,28.03123595450191,05,05,1,0,True,completed
38,known_visit,PI,bernoulli,drop_0.25,34,1156,6,10,pi_g34_d220_bernoulli_drop_0_25,reruns\grid_density\scenarios\cv\known_visit_grid34_targets10_trials50.csv,9,15,2,27.83143103231117,27.83143103231117,00,00,2,1,True,completed
38,known_visit,PI,bernoulli,drop_0.25,34,1156,6,10,pi_g34_d220_bernoulli_drop_0_25,reruns\grid_density\scenarios\cv\known_visit_grid34_targets10_trials50.csv,10,11,8,19.632849237074414,19.632849237074414,01,01,2,1,True,completed
39,known_visit,PI,bernoulli,drop_0.25,34,1156,6,10,pi_g34_d220_bernoulli_drop_0_25,reruns\grid_density\scenarios\cv\known_visit_grid34_targets10_trials50.csv,1,16,17,33.23420325025698,33.23420325025698,02,02,1,0,True,completed
39,known_visit,PI,bernoulli,drop_0.25,34,1156,6,10,pi_g34_d220_bernoulli_drop_0_25,reruns\grid_density\scenarios\cv\known_visit_grid34_targets10_trials50.csv,2,20,16,42.08075008820169,42.08075008820169,02,02,1,0,True,completed
39,known_visit,PI,bernoulli,drop_0.25,34,1156,6,10,pi_g34_d220_bernoulli_drop_0_25,reruns\grid_density\scenarios\cv\known_visit_grid34_targets10_trials50.csv,3,23,6,47.08209993459197,47.08209993459197,01,01,1,0,True,completed
39,known_visit,PI,bernoulli,drop_0.25,34,1156,6,10,pi_g34_d220_bernoulli_drop_0_25,reruns\grid_density\scenarios\cv\known_visit_grid34_targets10_trials50.csv,4,25,15,61.505385152694764,61.505385152694764,04,04,1,0,True,completed
39,known_visit,PI,bernoulli,drop_0.25,34,1156,6,10,pi_g34_d220_bernoulli_drop_0_25,reruns\grid_density\scenarios\cv\known_visit_grid34_targets10_trials50.csv,5,29,27,69.34227416291543,69.34227416291543,05,05,1,0,True,completed
39,known_visit,PI,bernoulli,drop_0.25,34,1156,6,10,pi_g34_d220_bernoulli_drop_0_25,reruns\grid_density\scenarios\cv\known_visit_grid34_targets10_trials50.csv,6,23,8,50.522818493398844,50.522818493398844,01,01,2,1,True,completed
39,known_visit,PI,bernoulli,drop_0.25,34,1156,6,10,pi_g34_d220_bernoulli_drop_0_25,reruns\grid_density\scenarios\cv\known_visit_grid34_targets10_trials50.csv,7,31,13,75.51499245265772,75.51499245265772,04,04,1,0,True,completed
39,known_visit,PI,bernoulli,drop_0.25,34,1156,6,10,pi_g34_d220_bernoulli_drop_0_25,reruns\grid_density\scenarios\cv\known_visit_grid34_targets10_trials50.csv,8,19,24,46.890575196467445,46.890575196467445,05,05,1,0,True,completed
39,known_visit,PI,bernoulli,drop_0.25,34,1156,6,10,pi_g34_d220_bernoulli_drop_0_25,reruns\grid_density\scenarios\cv\known_visit_grid34_targets10_trials50.csv,9,9,4,19.283563448453975,19.283563448453975,01,01,2,1,True,completed
39,known_visit,PI,bernoulli,drop_0.25,34,1156,6,10,pi_g34_d220_bernoulli_drop_0_25,reruns\grid_density\scenarios\cv\known_visit_grid34_targets10_trials50.csv,10,2,18,5.532849181435644,5.532849181435644,03,03,2,1,True,completed
40,known_visit,PI,bernoulli,drop_0.25,34,1156,6,10,pi_g34_d220_bernoulli_drop_0_25,reruns\grid_density\scenarios\cv\known_visit_grid34_targets10_trials50.csv,1,32,32,71.59259806216633,71.59259806216633,04,04,1,0,True,completed
40,known_visit,PI,bernoulli,drop_0.25,34,1156,6,10,pi_g34_d220_bernoulli_drop_0_25,reruns\grid_density\scenarios\cv\known_visit_grid34_targets10_trials50.csv,2,5,25,9.01993905904194,9.01993905904194,04,04,2,1,True,completed
40,known_visit,PI,bernoulli,drop_0.25,34,1156,6,10,pi_g34_d220_bernoulli_drop_0_25,reruns\grid_density\scenarios\cv\known_visit_grid34_targets10_trials50.csv,3,3,23,24.62625025733119,24.62625025733119,02,02,1,0,True,completed
40,known_visit,PI,bernoulli,drop_0.25,34,1156,6,10,pi_g34_d220_bernoulli_drop_0_25,reruns\grid_density\scenarios\cv\known_visit_grid34_targets10_trials50.csv,4,6,31,12.296179692787394,12.296179692787394,05,05,1,0,True,completed
40,known_visit,PI,bernoulli,drop_0.25,34,1156,6,10,pi_g34_d220_bernoulli_drop_0_25,reruns\grid_density\scenarios\cv\known_visit_grid34_targets10_trials50.csv,5,15,13,34.99258741296103,34.99258741296103,01,01,2,1,True,completed
40,known_visit,PI,bernoulli,drop_0.25,34,1156,6,10,pi_g34_d220_bernoulli_drop_0_25,reruns\grid_density\scenarios\cv\known_visit_grid34_targets10_trials50.csv,6,23,16,55.4849904615321,55.4849904615321,03,03,1,0,True,completed
40,known_visit,PI,bernoulli,drop_0.25,34,1156,6,10,pi_g34_d220_bernoulli_drop_0_25,reruns\grid_density\scenarios\cv\known_visit_grid34_targets10_trials50.csv,7,32,13,75.49678277676647,75.49678277676647,00,00,1,0,True,completed
40,known_visit,PI,bernoulli,drop_0.25,34,1156,6,10,pi_g34_d220_bernoulli_drop_0_25,reruns\grid_density\scenarios\cv\known_visit_grid34_targets10_trials50.csv,8,22,26,40.35423178381053,40.35423178381053,04,04,1,0,True,completed
40,known_visit,PI,bernoulli,drop_0.25,34,1156,6,10,pi_g34_d220_bernoulli_drop_0_25,reruns\grid_density\scenarios\cv\known_visit_grid34_targets10_trials50.csv,9,29,33,64.49514191164995,64.49514191164995,04,04,1,0,True,completed
40,known_visit,PI,bernoulli,drop_0.25,34,1156,6,10,pi_g34_d220_bernoulli_drop_0_25,reruns\grid_density\scenarios\cv\known_visit_grid34_targets10_trials50.csv,10,12,11,25.995070723303062,25.995070723303062,01,01,3,2,True,completed
41,known_visit,PI,bernoulli,drop_0.25,34,1156,6,10,pi_g34_d220_bernoulli_drop_0_25,reruns\grid_density\scenarios\cv\known_visit_grid34_targets10_trials50.csv,1,33,3,69.94385505330554,69.94385505330554,01,01,1,0,True,completed
41,known_visit,PI,bernoulli,drop_0.25,34,1156,6,10,pi_g34_d220_bernoulli_drop_0_25,reruns\grid_density\scenarios\cv\known_visit_grid34_targets10_trials50.csv,2,19,23,36.06708846576873,36.06708846576873,03,03,1,0,True,completed
41,known_visit,PI,bernoulli,drop_0.25,34,1156,6,10,pi_g34_d220_bernoulli_drop_0_25,reruns\grid_density\scenarios\cv\known_visit_grid34_targets10_trials50.csv,3,29,19,60.99014913619901,60.99014913619901,04,04,1,0,True,completed
41,known_visit,PI,bernoulli,drop_0.25,34,1156,6,10,pi_g34_d220_bernoulli_drop_0_25,reruns\grid_density\scenarios\cv\known_visit_grid34_targets10_trials50.csv,4,7,29,38.218151925768574,38.218151925768574,02,02,3,2,True,completed
41,known_visit,PI,bernoulli,drop_0.25,34,1156,6,10,pi_g34_d220_bernoulli_drop_0_25,reruns\grid_density\scenarios\cv\known_visit_grid34_targets10_trials50.csv,5,14,33,22.49758537023454,22.49758537023454,05,05,1,0,True,completed
41,known_visit,PI,bernoulli,drop_0.25,34,1156,6,10,pi_g34_d220_bernoulli_drop_0_25,reruns\grid_density\scenarios\cv\known_visit_grid34_targets10_trials50.csv,6,20,2,45.71998300744891,45.71998300744891,01,01,1,0,True,completed
41,known_visit,PI,bernoulli,drop_0.25,34,1156,6,10,pi_g34_d220_bernoulli_drop_0_25,reruns\grid_density\scenarios\cv\known_visit_grid34_targets10_trials50.csv,7,30,25,84.6199306542618,84.6199306542618,02,02,1,0,True,completed
41,known_visit,PI,bernoulli,drop_0.25,34,1156,6,10,pi_g34_d220_bernoulli_drop_0_25,reruns\grid_density\scenarios\cv\known_visit_grid34_targets10_trials50.csv,8,14,25,24.236342161764632,24.236342161764632,04,04,2,1,True,completed
41,known_visit,PI,bernoulli,drop_0.25,34,1156,6,10,pi_g34_d220_bernoulli_drop_0_25,reruns\grid_density\scenarios\cv\known_visit_grid34_targets10_trials50.csv,9,7,1,20.866069629268317,20.866069629268317,01,01,1,0,True,completed
41,known_visit,PI,bernoulli,drop_0.25,34,1156,6,10,pi_g34_d220_bernoulli_drop_0_25,reruns\grid_density\scenarios\cv\known_visit_grid34_targets10_trials50.csv,10,1,27,24.075972952031044,24.075972952031044,02,02,2,1,True,completed
42,known_visit,PI,bernoulli,drop_0.25,34,1156,6,10,pi_g34_d220_bernoulli_drop_0_25,reruns\grid_density\scenarios\cv\known_visit_grid34_targets10_trials50.csv,1,11,32,19.4525824893647,19.4525824893647,05,05,1,0,True,completed
42,known_visit,PI,bernoulli,drop_0.25,34,1156,6,10,pi_g34_d220_bernoulli_drop_0_25,reruns\grid_density\scenarios\cv\known_visit_grid34_targets10_trials50.csv,2,21,13,45.390390759450895,45.390390759450895,02,02,1,0,True,completed
42,known_visit,PI,bernoulli,drop_0.25,34,1156,6,10,pi_g34_d220_bernoulli_drop_0_25,reruns\grid_density\scenarios\cv\known_visit_grid34_targets10_trials50.csv,3,10,16,20.89021214207531,20.89021214207531,02,02,2,1,True,completed
42,known_visit,PI,bernoulli,drop_0.25,34,1156,6,10,pi_g34_d220_bernoulli_drop_0_25,reruns\grid_density\scenarios\cv\known_visit_grid34_targets10_trials50.csv,4,12,22,26.98532948984166,26.98532948984166,04,04,1,0,True,completed
42,known_visit,PI,bernoulli,drop_0.25,34,1156,6,10,pi_g34_d220_bernoulli_drop_0_25,reruns\grid_density\scenarios\cv\known_visit_grid34_targets10_trials50.csv,5,27,14,57.96720795177809,57.96720795177809,02,02,1,0,True,completed
42,known_visit,PI,bernoulli,drop_0.25,34,1156,6,10,pi_g34_d220_bernoulli_drop_0_25,reruns\grid_density\scenarios\cv\known_visit_grid34_targets10_trials50.csv,6,2,23,7.353604199180616,7.353604199180616,04,04,1,0,True,completed
42,known_visit,PI,bernoulli,drop_0.25,34,1156,6,10,pi_g34_d220_bernoulli_drop_0_25,reruns\grid_density\scenarios\cv\known_visit_grid34_targets10_trials50.csv,7,27,21,68.8731054614185,68.8731054614185,01,01,1,0,True,completed
42,known_visit,PI,bernoulli,drop_0.25,34,1156,6,10,pi_g34_d220_bernoulli_drop_0_25,reruns\grid_density\scenarios\cv\known_visit_grid34_targets10_trials50.csv,8,16,7,25.591816943047057,25.591816943047057,01,01,2,1,True,completed
42,known_visit,PI,bernoulli,drop_0.25,34,1156,6,10,pi_g34_d220_bernoulli_drop_0_25,reruns\grid_density\scenarios\cv\known_visit_grid34_targets10_trials50.csv,9,20,21,56.50100158204423,56.50100158204423,01,01,1,0,True,completed
42,known_visit,PI,bernoulli,drop_0.25,34,1156,6,10,pi_g34_d220_bernoulli_drop_0_25,reruns\grid_density\scenarios\cv\known_visit_grid34_targets10_trials50.csv,10,8,9,32.128874406110064,32.128874406110064,00,00,2,1,True,completed
43,known_visit,PI,bernoulli,drop_0.25,34,1156,6,10,pi_g34_d220_bernoulli_drop_0_25,reruns\grid_density\scenarios\cv\known_visit_grid34_targets10_trials50.csv,1,7,22,14.361414900465757,14.361414900465757,03,03,2,1,True,completed
43,known_visit,PI,bernoulli,drop_0.25,34,1156,6,10,pi_g34_d220_bernoulli_drop_0_25,reruns\grid_density\scenarios\cv\known_visit_grid34_targets10_trials50.csv,2,30,0,87.1296408986693,87.1296408986693,02,02,1,0,True,completed
43,known_visit,PI,bernoulli,drop_0.25,34,1156,6,10,pi_g34_d220_bernoulli_drop_0_25,reruns\grid_density\scenarios\cv\known_visit_grid34_targets10_trials50.csv,3,14,3,50.53835930831593,50.53835930831593,02,02,1,0,True,completed
43,known_visit,PI,bernoulli,drop_0.25,34,1156,6,10,pi_g34_d220_bernoulli_drop_0_25,reruns\grid_density\scenarios\cv\known_visit_grid34_targets10_trials50.csv,4,15,1,44.8323313175647,44.8323313175647,02,02,2,1,True,completed
43,known_visit,PI,bernoulli,drop_0.25,34,1156,6,10,pi_g34_d220_bernoulli_drop_0_25,reruns\grid_density\scenarios\cv\known_visit_grid34_targets10_trials50.csv,5,10,17,28.67056591164473,28.67056591164473,03,03,1,0,True,completed
43,known_visit,PI,bernoulli,drop_0.25,34,1156,6,10,pi_g34_d220_bernoulli_drop_0_25,reruns\grid_density\scenarios\cv\known_visit_grid34_targets10_trials50.csv,6,9,7,21.353480557719468,21.353480557719468,01,01,2,1,True,completed
43,known_visit,PI,bernoulli,drop_0.25,34,1156,6,10,pi_g34_d220_bernoulli_drop_0_25,reruns\grid_density\scenarios\cv\known_visit_grid34_targets10_trials50.csv,7,13,30,25.94538464975066,25.94538464975066,05,05,1,0,True,completed
43,known_visit,PI,bernoulli,drop_0.25,34,1156,6,10,pi_g34_d220_bernoulli_drop_0_25,reruns\grid_density\scenarios\cv\known_visit_grid34_targets10_trials50.csv,8,3,2,7.348347225429091,7.348347225429091,00,00,1,0,True,completed
43,known_visit,PI,bernoulli,drop_0.25,34,1156,6,10,pi_g34_d220_bernoulli_drop_0_25,reruns\grid_density\scenarios\cv\known_visit_grid34_targets10_trials50.csv,9,15,8,33.02106394099545,33.02106394099545,02,02,2,1,True,completed
43,known_visit,PI,bernoulli,drop_0.25,34,1156,6,10,pi_g34_d220_bernoulli_drop_0_25,reruns\grid_density\scenarios\cv\known_visit_grid34_targets10_trials50.csv,10,3,9,19.2632525579214,19.2632525579214,00,00,2,1,True,completed
44,known_visit,PI,bernoulli,drop_0.25,34,1156,6,10,pi_g34_d220_bernoulli_drop_0_25,reruns\grid_density\scenarios\cv\known_visit_grid34_targets10_trials50.csv,1,3,4,9.162396035239132,9.162396035239132,01,01,1,0,True,completed
44,known_visit,PI,bernoulli,drop_0.25,34,1156,6,10,pi_g34_d220_bernoulli_drop_0_25,reruns\grid_density\scenarios\cv\known_visit_grid34_targets10_trials50.csv,2,15,1,33.16066919377237,33.16066919377237,00,00,1,0,True,completed
44,known_visit,PI,bernoulli,drop_0.25,34,1156,6,10,pi_g34_d220_bernoulli_drop_0_25,reruns\grid_density\scenarios\cv\known_visit_grid34_targets10_trials50.csv,3,20,24,39.90387339620617,39.90387339620617,03,03,1,0,True,completed
44,known_visit,PI,bernoulli,drop_0.25,34,1156,6,10,pi_g34_d220_bernoulli_drop_0_25,reruns\grid_density\scenarios\cv\known_visit_grid34_targets10_trials50.csv,4,31,27,62.095819347386296,62.095819347386296,05,05,1,0,True,completed
44,known_visit,PI,bernoulli,drop_0.25,34,1156,6,10,pi_g34_d220_bernoulli_drop_0_25,reruns\grid_density\scenarios\cv\known_visit_grid34_targets10_trials50.csv,5,14,31,25.847797803473902,25.847797803473902,05,05,1,0,True,completed
44,known_visit,PI,bernoulli,drop_0.25,34,1156,6,10,pi_g34_d220_bernoulli_drop_0_25,reruns\grid_density\scenarios\cv\known_visit_grid34_targets10_trials50.csv,6,10,3,21.128730103458473,21.128730103458473,00,00,1,0,True,completed
44,known_visit,PI,bernoulli,drop_0.25,34,1156,6,10,pi_g34_d220_bernoulli_drop_0_25,reruns\grid_density\scenarios\cv\known_visit_grid34_targets10_trials50.csv,7,12,24,22.413222139256355,22.413222139256355,04,04,2,1,True,completed
44,known_visit,PI,bernoulli,drop_0.25,34,1156,6,10,pi_g34_d220_bernoulli_drop_0_25,reruns\grid_density\scenarios\cv\known_visit_grid34_targets10_trials50.csv,8,10,10,20.8412203930316,20.8412203930316,02,02,1,0,True,completed
44,known_visit,PI,bernoulli,drop_0.25,34,1156,6,10,pi_g34_d220_bernoulli_drop_0_25,reruns\grid_density\scenarios\cv\known_visit_grid34_targets10_trials50.csv,9,19,1,40.21709961350826,40.21709961350826,00,00,2,1,True,completed
44,known_visit,PI,bernoulli,drop_0.25,34,1156,6,10,pi_g34_d220_bernoulli_drop_0_25,reruns\grid_density\scenarios\cv\known_visit_grid34_targets10_trials50.csv,10,16,16,47.53459341983865,47.53459341983865,04,04,1,0,True,completed
45,known_visit,PI,bernoulli,drop_0.25,34,1156,6,10,pi_g34_d220_bernoulli_drop_0_25,reruns\grid_density\scenarios\cv\known_visit_grid34_targets10_trials50.csv,1,26,4,74.89377303104669,74.89377303104669,01,01,1,0,True,completed
45,known_visit,PI,bernoulli,drop_0.25,34,1156,6,10,pi_g34_d220_bernoulli_drop_0_25,reruns\grid_density\scenarios\cv\known_visit_grid34_targets10_trials50.csv,2,12,4,25.4441768262137,25.4441768262137,01,01,4,3,True,completed
45,known_visit,PI,bernoulli,drop_0.25,34,1156,6,10,pi_g34_d220_bernoulli_drop_0_25,reruns\grid_density\scenarios\cv\known_visit_grid34_targets10_trials50.csv,3,11,3,23.2493486861012,23.2493486861012,00,00,2,1,True,completed
45,known_visit,PI,bernoulli,drop_0.25,34,1156,6,10,pi_g34_d220_bernoulli_drop_0_25,reruns\grid_density\scenarios\cv\known_visit_grid34_targets10_trials50.csv,4,14,27,33.2392920546785,33.2392920546785,05,05,1,0,True,completed
45,known_visit,PI,bernoulli,drop_0.25,34,1156,6,10,pi_g34_d220_bernoulli_drop_0_25,reruns\grid_density\scenarios\cv\known_visit_grid34_targets10_trials50.csv,5,2,22,19.993137108344666,19.993137108344666,04,04,1,0,True,completed
45,known_visit,PI,bernoulli,drop_0.25,34,1156,6,10,pi_g34_d220_bernoulli_drop_0_25,reruns\grid_density\scenarios\cv\known_visit_grid34_targets10_trials50.csv,6,3,27,5.488402371917358,5.488402371917358,04,04,2,1,True,completed
45,known_visit,PI,bernoulli,drop_0.25,34,1156,6,10,pi_g34_d220_bernoulli_drop_0_25,reruns\grid_density\scenarios\cv\known_visit_grid34_targets10_trials50.csv,7,23,24,53.75162261675405,53.75162261675405,05,05,1,0,True,completed
45,known_visit,PI,bernoulli,drop_0.25,34,1156,6,10,pi_g34_d220_bernoulli_drop_0_25,reruns\grid_density\scenarios\cv\known_visit_grid34_targets10_trials50.csv,8,17,9,35.25602755873617,35.25602755873617,02,02,1,0,True,completed
45,known_visit,PI,bernoulli,drop_0.25,34,1156,6,10,pi_g34_d220_bernoulli_drop_0_25,reruns\grid_density\scenarios\cv\known_visit_grid34_targets10_trials50.csv,9,3,17,9.0601899223843,9.0601899223843,03,03,3,2,True,completed
45,known_visit,PI,bernoulli,drop_0.25,34,1156,6,10,pi_g34_d220_bernoulli_drop_0_25,reruns\grid_density\scenarios\cv\known_visit_grid34_targets10_trials50.csv,10,5,4,12.422579820218132,12.422579820218132,01,01,2,1,True,completed
46,known_visit,PI,bernoulli,drop_0.25,34,1156,6,10,pi_g34_d220_bernoulli_drop_0_25,reruns\grid_density\scenarios\cv\known_visit_grid34_targets10_trials50.csv,1,31,2,68.47528843768052,68.47528843768052,01,01,1,0,True,completed
46,known_visit,PI,bernoulli,drop_0.25,34,1156,6,10,pi_g34_d220_bernoulli_drop_0_25,reruns\grid_density\scenarios\cv\known_visit_grid34_targets10_trials50.csv,2,30,4,56.580751038857905,56.580751038857905,00,00,2,1,True,completed
46,known_visit,PI,bernoulli,drop_0.25,34,1156,6,10,pi_g34_d220_bernoulli_drop_0_25,reruns\grid_density\scenarios\cv\known_visit_grid34_targets10_trials50.csv,3,6,23,40.02306108520077,40.02306108520077,02,02,1,0,True,completed
46,known_visit,PI,bernoulli,drop_0.25,34,1156,6,10,pi_g34_d220_bernoulli_drop_0_25,reruns\grid_density\scenarios\cv\known_visit_grid34_targets10_trials50.csv,4,25,14,82.76546014432222,82.76546014432222,00,00,1,0,True,completed
46,known_visit,PI,bernoulli,drop_0.25,34,1156,6,10,pi_g34_d220_bernoulli_drop_0_25,reruns\grid_density\scenarios\cv\known_visit_grid34_targets10_trials50.csv,5,11,33,17.07527787942581,17.07527787942581,05,05,1,0,True,completed
46,known_visit,PI,bernoulli,drop_0.25,34,1156,6,10,pi_g34_d220_bernoulli_drop_0_25,reruns\grid_density\scenarios\cv\known_visit_grid34_targets10_trials50.csv,6,30,8,51.750519724234216,51.750519724234216,01,01,2,1,True,completed
46,known_visit,PI,bernoulli,drop_0.25,34,1156,6,10,pi_g34_d220_bernoulli_drop_0_25,reruns\grid_density\scenarios\cv\known_visit_grid34_targets10_trials50.csv,7,24,32,41.151768590614346,41.151768590614346,05,05,1,0,True,completed
46,known_visit,PI,bernoulli,drop_0.25,34,1156,6,10,pi_g34_d220_bernoulli_drop_0_25,reruns\grid_density\scenarios\cv\known_visit_grid34_targets10_trials50.csv,8,18,16,44.17596746025399,44.17596746025399,03,03,2,1,True,completed
46,known_visit,PI,bernoulli,drop_0.25,34,1156,6,10,pi_g34_d220_bernoulli_drop_0_25,reruns\grid_density\scenarios\cv\known_visit_grid34_targets10_trials50.csv,9,22,3,40.97635817471367,40.97635817471367,00,00,2,1,True,completed
46,known_visit,PI,bernoulli,drop_0.25,34,1156,6,10,pi_g34_d220_bernoulli_drop_0_25,reruns\grid_density\scenarios\cv\known_visit_grid34_targets10_trials50.csv,10,15,22,28.465595262137068,28.465595262137068,03,03,2,1,True,completed
47,known_visit,PI,bernoulli,drop_0.25,34,1156,6,10,pi_g34_d220_bernoulli_drop_0_25,reruns\grid_density\scenarios\cv\known_visit_grid34_targets10_trials50.csv,1,15,14,36.930167606430736,36.930167606430736,01,01,2,1,True,completed
47,known_visit,PI,bernoulli,drop_0.25,34,1156,6,10,pi_g34_d220_bernoulli_drop_0_25,reruns\grid_density\scenarios\cv\known_visit_grid34_targets10_trials50.csv,2,27,28,60.02307465819517,60.02307465819517,03,03,1,0,True,completed
47,known_visit,PI,bernoulli,drop_0.25,34,1156,6,10,pi_g34_d220_bernoulli_drop_0_25,reruns\grid_density\scenarios\cv\known_visit_grid34_targets10_trials50.csv,3,25,15,60.99924880584539,60.99924880584539,04,04,1,0,True,completed
47,known_visit,PI,bernoulli,drop_0.25,34,1156,6,10,pi_g34_d220_bernoulli_drop_0_25,reruns\grid_density\scenarios\cv\known_visit_grid34_targets10_trials50.csv,4,13,23,26.858056002130024,26.858056002130024,03,03,2,1,True,completed
47,known_visit,PI,bernoulli,drop_0.25,34,1156,6,10,pi_g34_d220_bernoulli_drop_0_25,reruns\grid_density\scenarios\cv\known_visit_grid34_targets10_trials50.csv,5,20,25,42.55244231009819,42.55244231009819,03,03,1,0,True,completed
47,known_visit,PI,bernoulli,drop_0.25,34,1156,6,10,pi_g34_d220_bernoulli_drop_0_25,reruns\grid_density\scenarios\cv\known_visit_grid34_targets10_trials50.csv,6,2,3,7.662751700158026,7.662751700158026,00,00,1,0,True,completed
47,known_visit,PI,bernoulli,drop_0.25,34,1156,6,10,pi_g34_d220_bernoulli_drop_0_25,reruns\grid_density\scenarios\cv\known_visit_grid34_targets10_trials50.csv,7,4,21,7.378188133625009,7.378188133625009,03,03,2,1,True,completed
47,known_visit,PI,bernoulli,drop_0.25,34,1156,6,10,pi_g34_d220_bernoulli_drop_0_25,reruns\grid_density\scenarios\cv\known_visit_grid34_targets10_trials50.csv,8,6,13,8.560092490339851,8.560092490339851,02,02,2,1,True,completed
47,known_visit,PI,bernoulli,drop_0.25,34,1156,6,10,pi_g34_d220_bernoulli_drop_0_25,reruns\grid_density\scenarios\cv\known_visit_grid34_targets10_trials50.csv,9,1,2,3.8215797251670294,3.8215797251670294,00,00,1,0,True,completed
47,known_visit,PI,bernoulli,drop_0.25,34,1156,6,10,pi_g34_d220_bernoulli_drop_0_25,reruns\grid_density\scenarios\cv\known_visit_grid34_targets10_trials50.csv,10,15,15,38.87128114585252,38.87128114585252,01,01,2,1,True,completed
48,known_visit,PI,bernoulli,drop_0.25,34,1156,6,10,pi_g34_d220_bernoulli_drop_0_25,reruns\grid_density\scenarios\cv\known_visit_grid34_targets10_trials50.csv,1,22,6,48.64778891657695,48.64778891657695,02,02,2,1,True,completed
48,known_visit,PI,bernoulli,drop_0.25,34,1156,6,10,pi_g34_d220_bernoulli_drop_0_25,reruns\grid_density\scenarios\cv\known_visit_grid34_targets10_trials50.csv,2,6,16,24.099138839369765,24.099138839369765,01,01,2,1,True,completed
48,known_visit,PI,bernoulli,drop_0.25,34,1156,6,10,pi_g34_d220_bernoulli_drop_0_25,reruns\grid_density\scenarios\cv\known_visit_grid34_targets10_trials50.csv,3,29,12,101.92708522067352,101.92708522067352,01,01,1,0,True,completed
48,known_visit,PI,bernoulli,drop_0.25,34,1156,6,10,pi_g34_d220_bernoulli_drop_0_25,reruns\grid_density\scenarios\cv\known_visit_grid34_targets10_trials50.csv,4,27,23,79.40202515415247,79.40202515415247,01,01,1,0,True,completed
48,known_visit,PI,bernoulli,drop_0.25,34,1156,6,10,pi_g34_d220_bernoulli_drop_0_25,reruns\grid_density\scenarios\cv\known_visit_grid34_targets10_trials50.csv,5,15,4,31.503529265358264,31.503529265358264,00,00,1,0,True,completed
48,known_visit,PI,bernoulli,drop_0.25,34,1156,6,10,pi_g34_d220_bernoulli_drop_0_25,reruns\grid_density\scenarios\cv\known_visit_grid34_targets10_trials50.csv,6,4,31,8.834415825824022,8.834415825824022,05,05,2,1,True,completed
48,known_visit,PI,bernoulli,drop_0.25,34,1156,6,10,pi_g34_d220_bernoulli_drop_0_25,reruns\grid_density\scenarios\cv\known_visit_grid34_targets10_trials50.csv,7,13,6,33.09628963465708,33.09628963465708,02,02,2,1,True,completed
48,known_visit,PI,bernoulli,drop_0.25,34,1156,6,10,pi_g34_d220_bernoulli_drop_0_25,reruns\grid_density\scenarios\cv\known_visit_grid34_targets10_trials50.csv,8,9,23,19.213931508095655,19.213931508095655,04,04,1,0,True,completed
48,known_visit,PI,bernoulli,drop_0.25,34,1156,6,10,pi_g34_d220_bernoulli_drop_0_25,reruns\grid_density\scenarios\cv\known_visit_grid34_targets10_trials50.csv,9,16,17,31.091467549141207,31.091467549141207,03,03,2,1,True,completed
48,known_visit,PI,bernoulli,drop_0.25,34,1156,6,10,pi_g34_d220_bernoulli_drop_0_25,reruns\grid_density\scenarios\cv\known_visit_grid34_targets10_trials50.csv,10,20,3,42.305278173960865,42.305278173960865,00,00,2,1,True,completed
49,known_visit,PI,bernoulli,drop_0.25,34,1156,6,10,pi_g34_d220_bernoulli_drop_0_25,reruns\grid_density\scenarios\cv\known_visit_grid34_targets10_trials50.csv,1,13,7,46.43738705585211,46.43738705585211,03,03,2,1,True,completed
49,known_visit,PI,bernoulli,drop_0.25,34,1156,6,10,pi_g34_d220_bernoulli_drop_0_25,reruns\grid_density\scenarios\cv\known_visit_grid34_targets10_trials50.csv,2,7,5,14.052262814187156,14.052262814187156,01,01,3,2,True,completed
49,known_visit,PI,bernoulli,drop_0.25,34,1156,6,10,pi_g34_d220_bernoulli_drop_0_25,reruns\grid_density\scenarios\cv\known_visit_grid34_targets10_trials50.csv,3,30,25,84.379664510083,84.379664510083,05,05,1,0,True,completed
49,known_visit,PI,bernoulli,drop_0.25,34,1156,6,10,pi_g34_d220_bernoulli_drop_0_25,reruns\grid_density\scenarios\cv\known_visit_grid34_targets10_trials50.csv,4,2,21,16.119147069870802,16.119147069870802,02,02,1,0,True,completed
49,known_visit,PI,bernoulli,drop_0.25,34,1156,6,10,pi_g34_d220_bernoulli_drop_0_25,reruns\grid_density\scenarios\cv\known_visit_grid34_targets10_trials50.csv,5,18,24,32.881189380078,32.881189380078,04,04,3,2,True,completed
49,known_visit,PI,bernoulli,drop_0.25,34,1156,6,10,pi_g34_d220_bernoulli_drop_0_25,reruns\grid_density\scenarios\cv\known_visit_grid34_targets10_trials50.csv,6,2,2,5.5601587993170725,5.5601587993170725,00,00,1,0,True,completed
49,known_visit,PI,bernoulli,drop_0.25,34,1156,6,10,pi_g34_d220_bernoulli_drop_0_25,reruns\grid_density\scenarios\cv\known_visit_grid34_targets10_trials50.csv,7,24,30,65.28343860040596,65.28343860040596,05,05,1,0,True,completed
49,known_visit,PI,bernoulli,drop_0.25,34,1156,6,10,pi_g34_d220_bernoulli_drop_0_25,reruns\grid_density\scenarios\cv\known_visit_grid34_targets10_trials50.csv,8,11,27,53.918591498693054,53.918591498693054,04,04,1,0,True,completed
49,known_visit,PI,bernoulli,drop_0.25,34,1156,6,10,pi_g34_d220_bernoulli_drop_0_25,reruns\grid_density\scenarios\cv\known_visit_grid34_targets10_trials50.csv,9,11,1,27.835664487583873,27.835664487583873,01,01,1,0,True,completed
49,known_visit,PI,bernoulli,drop_0.25,34,1156,6,10,pi_g34_d220_bernoulli_drop_0_25,reruns\grid_density\scenarios\cv\known_visit_grid34_targets10_trials50.csv,10,14,12,36.03278215822024,36.03278215822024,03,03,1,0,True,completed
