trial_id,trial_mode,algorithm,comm_model,comm_level,grid_size,grid_cells,robot_count,target_count,condition_id,scenario_file,target_index,target_x,target_y,first_completion_time_s,first_completion_sim_time_s,first_found_by_robot,first_finder_robot_id,total_visits,duplicate_visits,completed,trial_status
0,known_visit,HIPC,bernoulli,drop_0.25,19,361,2,10,hipc_g19_d220_bernoulli_drop_0_25,reruns\grid_density\scenarios\cv\known_visit_grid19_targets10_trials50.csv,1,2,13,21.262344682353444,21.262344682353444,01,01,1,0,True,completed
0,known_visit,HIPC,bernoulli,drop_0.25,19,361,2,10,hipc_g19_d220_bernoulli_drop_0_25,reruns\grid_density\scenarios\cv\known_visit_grid19_targets10_trials50.csv,2,13,1,41.021971434404904,41.021971434404904,00,00,1,0,True,completed
0,known_visit,HIPC,bernoulli,drop_0.25,19,361,2,10,hipc_g19_d220_bernoulli_drop_0_25,reruns\grid_density\scenarios\cv\known_visit_grid19_targets10_trials50.csv,3,5,17,8.877818326475431,8.877818326475431,01,01,1,0,True,completed
0,known_visit,HIPC,bernoulli,drop_0.25,19,361,2,10,hipc_g19_d220_bernoulli_drop_0_25,reruns\grid_density\scenarios\cv\known_visit_grid19_targets10_trials50.csv,4,8,3,28.624289466579572,28.624289466579572,00,00,1,0,True,completed
0,known_visit,HIPC,bernoulli,drop_0.25,19,361,2,10,hipc_g19_d220_bernoulli_drop_0_25,reruns\grid_density\scenarios\cv\known_visit_grid19_targets10_trials50.csv,5,1,6,10.859393378460387,10.859393378460387,00,00,1,0,True,completed
0,known_visit,HIPC,bernoulli,drop_0.25,19,361,2,10,hipc_g19_d220_bernoulli_drop_0_25,reruns\grid_density\scenarios\cv\known_visit_grid19_targets10_trials50.csv,6,12,13,42.68376071580299,42.68376071580299,01,01,1,0,True,completed
0,known_visit,HIPC,bernoulli,drop_0.25,19,361,2,10,hipc_g19_d220_bernoulli_drop_0_25,reruns\grid_density\scenarios\cv\known_visit_grid19_targets10_trials50.csv,7,15,15,51.74166374288648,51.74166374288648,01,01,1,0,True,completed
0,known_visit,HIPC,bernoulli,drop_0.25,19,361,2,10,hipc_g19_d220_bernoulli_drop_0_25,reruns\grid_density\scenarios\cv\known_visit_grid19_targets10_trials50.csv,8,10,3,32.19930340242549,32.19930340242549,00,00,1,0,True,completed
0,known_visit,HIPC,bernoulli,drop_0.25,19,361,2,10,hipc_g19_d220_bernoulli_drop_0_25,reruns\grid_density\scenarios\cv\known_visit_grid19_targets10_trials50.csv,9,14,4,48.39524097949713,48.39524097949713,00,00,1,0,True,completed
0,known_visit,HIPC,bernoulli,drop_0.25,19,361,2,10,hipc_g19_d220_bernoulli_drop_0_25,reruns\grid_density\scenarios\cv\known_visit_grid19_targets10_trials50.csv,10,17,0,61.04062684791534,61.04062684791534,00,00,1,0,True,completed
1,known_visit,HIPC,bernoulli,drop_0.25,19,361,2,10,hipc_g19_d220_bernoulli_drop_0_25,reruns\grid_density\scenarios\cv\known_visit_grid19_targets10_trials50.csv,1,11,9,33.36920167731527,33.36920167731527,01,01,1,0,True,completed
1,known_visit,HIPC,bernoulli,drop_0.25,19,361,2,10,hipc_g19_d220_bernoulli_drop_0_25,reruns\grid_density\scenarios\cv\known_visit_grid19_targets10_trials50.csv,2,17,15,54.35754310855342,54.35754310855342,01,01,1,0,True,completed
1,known_visit,HIPC,bernoulli,drop_0.25,19,361,2,10,hipc_g19_d220_bernoulli_drop_0_25,reruns\grid_density\scenarios\cv\known_visit_grid19_targets10_trials50.csv,3,15,3,29.91477745406397,29.91477745406397,00,00,1,0,True,completed
1,known_visit,HIPC,bernoulli,drop_0.25,19,361,2,10,hipc_g19_d220_bernoulli_drop_0_25,reruns\grid_density\scenarios\cv\known_visit_grid19_targets10_trials50.csv,4,11,10,31.7199191229813,31.7199191229813,01,01,1,0,True,completed
1,known_visit,HIPC,bernoulli,drop_0.25,19,361,2,10,hipc_g19_d220_bernoulli_drop_0_25,reruns\grid_density\scenarios\cv\known_visit_grid19_targets10_trials50.csv,5,11,14,24.9480145372061,24.9480145372061,01,01,1,0,True,completed
1,known_visit,HIPC,bernoulli,drop_0.25,19,361,2,10,hipc_g19_d220_bernoulli_drop_0_25,reruns\grid_density\scenarios\cv\known_visit_grid19_targets10_trials50.csv,6,7,15,16.151374835091417,16.151374835091417,01,01,1,0,True,completed
1,known_visit,HIPC,bernoulli,drop_0.25,19,361,2,10,hipc_g19_d220_bernoulli_drop_0_25,reruns\grid_density\scenarios\cv\known_visit_grid19_targets10_trials50.csv,7,0,17,0.480452878228642,0.480452878228642,01,01,1,0,True,completed
1,known_visit,HIPC,bernoulli,drop_0.25,19,361,2,10,hipc_g19_d220_bernoulli_drop_0_25,reruns\grid_density\scenarios\cv\known_visit_grid19_targets10_trials50.csv,8,7,1,12.304488407595779,12.304488407595779,00,00,1,0,True,completed
1,known_visit,HIPC,bernoulli,drop_0.25,19,361,2,10,hipc_g19_d220_bernoulli_drop_0_25,reruns\grid_density\scenarios\cv\known_visit_grid19_targets10_trials50.csv,9,5,0,7.043780892386799,7.043780892386799,00,00,1,0,True,completed
1,known_visit,HIPC,bernoulli,drop_0.25,19,361,2,10,hipc_g19_d220_bernoulli_drop_0_25,reruns\grid_density\scenarios\cv\known_visit_grid19_targets10_trials50.csv,10,14,3,28.182104267554337,28.182104267554337,00,00,1,0,True,completed
2,known_visit,HIPC,bernoulli,drop_0.25,19,361,2,10,hipc_g19_d220_bernoulli_drop_0_25,reruns\grid_density\scenarios\cv\known_visit_grid19_targets10_trials50.csv,1,12,16,40.69999949313393,40.69999949313393,01,01,1,0,True,completed
2,known_visit,HIPC,bernoulli,drop_0.25,19,361,2,10,hipc_g19_d220_bernoulli_drop_0_25,reruns\grid_density\scenarios\cv\known_visit_grid19_targets10_trials50.csv,2,18,6,55.23385642085863,55.23385642085863,00,00,1,0,True,completed
2,known_visit,HIPC,bernoulli,drop_0.25,19,361,2,10,hipc_g19_d220_bernoulli_drop_0_25,reruns\grid_density\scenarios\cv\known_visit_grid19_targets10_trials50.csv,3,17,7,51.54074417991246,51.54074417991246,00,00,1,0,True,completed
2,known_visit,HIPC,bernoulli,drop_0.25,19,361,2,10,hipc_g19_d220_bernoulli_drop_0_25,reruns\grid_density\scenarios\cv\known_visit_grid19_targets10_trials50.csv,4,6,13,18.32763510233901,18.32763510233901,01,01,1,0,True,completed
2,known_visit,HIPC,bernoulli,drop_0.25,19,361,2,10,hipc_g19_d220_bernoulli_drop_0_25,reruns\grid_density\scenarios\cv\known_visit_grid19_targets10_trials50.csv,5,2,15,7.352484388605772,7.352484388605772,01,01,1,0,True,completed
2,known_visit,HIPC,bernoulli,drop_0.25,19,361,2,10,hipc_g19_d220_bernoulli_drop_0_25,reruns\grid_density\scenarios\cv\known_visit_grid19_targets10_trials50.csv,6,12,0,30.12233267384246,30.12233267384246,00,00,1,0,True,completed
2,known_visit,HIPC,bernoulli,drop_0.25,19,361,2,10,hipc_g19_d220_bernoulli_drop_0_25,reruns\grid_density\scenarios\cv\known_visit_grid19_targets10_trials50.csv,7,15,2,39.112985406934406,39.112985406934406,00,00,1,0,True,completed
2,known_visit,HIPC,bernoulli,drop_0.25,19,361,2,10,hipc_g19_d220_bernoulli_drop_0_25,reruns\grid_density\scenarios\cv\known_visit_grid19_targets10_trials50.csv,8,4,14,12.829254471232847,12.829254471232847,01,01,1,0,True,completed
2,known_visit,HIPC,bernoulli,drop_0.25,19,361,2,10,hipc_g19_d220_bernoulli_drop_0_25,reruns\grid_density\scenarios\cv\known_visit_grid19_targets10_trials50.csv,9,9,11,27.13912930777385,27.13912930777385,01,01,1,0,True,completed
2,known_visit,HIPC,bernoulli,drop_0.25,19,361,2,10,hipc_g19_d220_bernoulli_drop_0_25,reruns\grid_density\scenarios\cv\known_visit_grid19_targets10_trials50.csv,10,5,3,12.338883582503101,12.338883582503101,00,00,1,0,True,completed
3,known_visit,HIPC,bernoulli,drop_0.25,19,361,2,10,hipc_g19_d220_bernoulli_drop_0_25,reruns\grid_density\scenarios\cv\known_visit_grid19_targets10_trials50.csv,1,1,13,8.897413793954225,8.897413793954225,01,01,1,0,True,completed
3,known_visit,HIPC,bernoulli,drop_0.25,19,361,2,10,hipc_g19_d220_bernoulli_drop_0_25,reruns\grid_density\scenarios\cv\known_visit_grid19_targets10_trials50.csv,2,13,13,37.37696906287773,37.37696906287773,01,01,1,0,True,completed
3,known_visit,HIPC,bernoulli,drop_0.25,19,361,2,10,hipc_g19_d220_bernoulli_drop_0_25,reruns\grid_density\scenarios\cv\known_visit_grid19_targets10_trials50.csv,3,12,3,24.628057535056442,24.628057535056442,00,00,1,0,True,completed
3,known_visit,HIPC,bernoulli,drop_0.25,19,361,2,10,hipc_g19_d220_bernoulli_drop_0_25,reruns\grid_density\scenarios\cv\known_visit_grid19_targets10_trials50.csv,4,17,18,66.80869640420846,66.80869640420846,00,00,1,0,True,completed
3,known_visit,HIPC,bernoulli,drop_0.25,19,361,2,10,hipc_g19_d220_bernoulli_drop_0_25,reruns\grid_density\scenarios\cv\known_visit_grid19_targets10_trials50.csv,5,16,3,31.391882727649108,31.391882727649108,00,00,1,0,True,completed
3,known_visit,HIPC,bernoulli,drop_0.25,19,361,2,10,hipc_g19_d220_bernoulli_drop_0_25,reruns\grid_density\scenarios\cv\known_visit_grid19_targets10_trials50.csv,6,14,6,40.495402031727956,40.495402031727956,00,00,1,0,True,completed
3,known_visit,HIPC,bernoulli,drop_0.25,19,361,2,10,hipc_g19_d220_bernoulli_drop_0_25,reruns\grid_density\scenarios\cv\known_visit_grid19_targets10_trials50.csv,7,7,15,23.04871220676055,23.04871220676055,01,01,1,0,True,completed
3,known_visit,HIPC,bernoulli,drop_0.25,19,361,2,10,hipc_g19_d220_bernoulli_drop_0_25,reruns\grid_density\scenarios\cv\known_visit_grid19_targets10_trials50.csv,8,10,1,17.689316714998675,17.689316714998675,00,00,1,0,True,completed
3,known_visit,HIPC,bernoulli,drop_0.25,19,361,2,10,hipc_g19_d220_bernoulli_drop_0_25,reruns\grid_density\scenarios\cv\known_visit_grid19_targets10_trials50.csv,9,13,15,33.70059729332812,33.70059729332812,01,01,1,0,True,completed
3,known_visit,HIPC,bernoulli,drop_0.25,19,361,2,10,hipc_g19_d220_bernoulli_drop_0_25,reruns\grid_density\scenarios\cv\known_visit_grid19_targets10_trials50.csv,10,10,10,47.74545383263012,47.74545383263012,01,01,1,0,True,completed
4,known_visit,HIPC,bernoulli,drop_0.25,19,361,2,10,hipc_g19_d220_bernoulli_drop_0_25,reruns\grid_density\scenarios\cv\known_visit_grid19_targets10_trials50.csv,1,8,9,48.49064821722788,48.49064821722788,01,01,1,0,True,completed
4,known_visit,HIPC,bernoulli,drop_0.25,19,361,2,10,hipc_g19_d220_bernoulli_drop_0_25,reruns\grid_density\scenarios\cv\known_visit_grid19_targets10_trials50.csv,2,4,2,9.262601252669326,9.262601252669326,00,00,1,0,True,completed
4,known_visit,HIPC,bernoulli,drop_0.25,19,361,2,10,hipc_g19_d220_bernoulli_drop_0_25,reruns\grid_density\scenarios\cv\known_visit_grid19_targets10_trials50.csv,3,12,9,46.54021414262341,46.54021414262341,00,00,1,0,True,completed
4,known_visit,HIPC,bernoulli,drop_0.25,19,361,2,10,hipc_g19_d220_bernoulli_drop_0_25,reruns\grid_density\scenarios\cv\known_visit_grid19_targets10_trials50.csv,4,14,3,32.76387507669303,32.76387507669303,00,00,1,0,True,completed
4,known_visit,HIPC,bernoulli,drop_0.25,19,361,2,10,hipc_g19_d220_bernoulli_drop_0_25,reruns\grid_density\scenarios\cv\known_visit_grid19_targets10_trials50.csv,5,2,12,12.446556763392165,12.446556763392165,01,01,1,0,True,completed
4,known_visit,HIPC,bernoulli,drop_0.25,19,361,2,10,hipc_g19_d220_bernoulli_drop_0_25,reruns\grid_density\scenarios\cv\known_visit_grid19_targets10_trials50.csv,6,12,1,25.545847816198396,25.545847816198396,00,00,1,0,True,completed
4,known_visit,HIPC,bernoulli,drop_0.25,19,361,2,10,hipc_g19_d220_bernoulli_drop_0_25,reruns\grid_density\scenarios\cv\known_visit_grid19_targets10_trials50.csv,7,5,17,27.09223848610694,27.09223848610694,01,01,1,0,True,completed
4,known_visit,HIPC,bernoulli,drop_0.25,19,361,2,10,hipc_g19_d220_bernoulli_drop_0_25,reruns\grid_density\scenarios\cv\known_visit_grid19_targets10_trials50.csv,8,6,1,15.078087759751336,15.078087759751336,00,00,1,0,True,completed
4,known_visit,HIPC,bernoulli,drop_0.25,19,361,2,10,hipc_g19_d220_bernoulli_drop_0_25,reruns\grid_density\scenarios\cv\known_visit_grid19_targets10_trials50.csv,9,2,15,7.2908693140537,7.2908693140537,01,01,1,0,True,completed
4,known_visit,HIPC,bernoulli,drop_0.25,19,361,2,10,hipc_g19_d220_bernoulli_drop_0_25,reruns\grid_density\scenarios\cv\known_visit_grid19_targets10_trials50.csv,10,8,16,34.294031523837354,34.294031523837354,01,01,1,0,True,completed
5,known_visit,HIPC,bernoulli,drop_0.25,19,361,2,10,hipc_g19_d220_bernoulli_drop_0_25,reruns\grid_density\scenarios\cv\known_visit_grid19_targets10_trials50.csv,1,11,3,22.651274838399694,22.651274838399694,00,00,1,0,True,completed
5,known_visit,HIPC,bernoulli,drop_0.25,19,361,2,10,hipc_g19_d220_bernoulli_drop_0_25,reruns\grid_density\scenarios\cv\known_visit_grid19_targets10_trials50.csv,2,11,15,40.72649942849657,40.72649942849657,01,01,1,0,True,completed
5,known_visit,HIPC,bernoulli,drop_0.25,19,361,2,10,hipc_g19_d220_bernoulli_drop_0_25,reruns\grid_density\scenarios\cv\known_visit_grid19_targets10_trials50.csv,3,17,18,56.28986213577585,56.28986213577585,01,01,1,0,True,completed
5,known_visit,HIPC,bernoulli,drop_0.25,19,361,2,10,hipc_g19_d220_bernoulli_drop_0_25,reruns\grid_density\scenarios\cv\known_visit_grid19_targets10_trials50.csv,4,6,10,22.94788234344771,22.94788234344771,01,01,1,0,True,completed
5,known_visit,HIPC,bernoulli,drop_0.25,19,361,2,10,hipc_g19_d220_bernoulli_drop_0_25,reruns\grid_density\scenarios\cv\known_visit_grid19_targets10_trials50.csv,5,11,6,27.614182330185702,27.614182330185702,00,00,1,0,True,completed
5,known_visit,HIPC,bernoulli,drop_0.25,19,361,2,10,hipc_g19_d220_bernoulli_drop_0_25,reruns\grid_density\scenarios\cv\known_visit_grid19_targets10_trials50.csv,6,14,0,43.28458816099641,43.28458816099641,00,00,1,0,True,completed
5,known_visit,HIPC,bernoulli,drop_0.25,19,361,2,10,hipc_g19_d220_bernoulli_drop_0_25,reruns\grid_density\scenarios\cv\known_visit_grid19_targets10_trials50.csv,7,14,2,39.94458628144484,39.94458628144484,00,00,1,0,True,completed
5,known_visit,HIPC,bernoulli,drop_0.25,19,361,2,10,hipc_g19_d220_bernoulli_drop_0_25,reruns\grid_density\scenarios\cv\known_visit_grid19_targets10_trials50.csv,8,2,17,3.818943235935405,3.818943235935405,01,01,1,0,True,completed
5,known_visit,HIPC,bernoulli,drop_0.25,19,361,2,10,hipc_g19_d220_bernoulli_drop_0_25,reruns\grid_density\scenarios\cv\known_visit_grid19_targets10_trials50.csv,9,3,13,12.703649567185003,12.703649567185003,01,01,1,0,True,completed
5,known_visit,HIPC,bernoulli,drop_0.25,19,361,2,10,hipc_g19_d220_bernoulli_drop_0_25,reruns\grid_density\scenarios\cv\known_visit_grid19_targets10_trials50.csv,10,10,13,35.1788338461115,35.1788338461115,01,01,1,0,True,completed
6,known_visit,HIPC,bernoulli,drop_0.25,19,361,2,10,hipc_g19_d220_bernoulli_drop_0_25,reruns\grid_density\scenarios\cv\known_visit_grid19_targets10_trials50.csv,1,2,3,7.364546052787731,7.364546052787731,00,00,1,0,True,completed
6,known_visit,HIPC,bernoulli,drop_0.25,19,361,2,10,hipc_g19_d220_bernoulli_drop_0_25,reruns\grid_density\scenarios\cv\known_visit_grid19_targets10_trials50.csv,2,9,7,26.549705645852438,26.549705645852438,00,00,1,0,True,completed
6,known_visit,HIPC,bernoulli,drop_0.25,19,361,2,10,hipc_g19_d220_bernoulli_drop_0_25,reruns\grid_density\scenarios\cv\known_visit_grid19_targets10_trials50.csv,3,10,17,21.37878846168845,21.37878846168845,01,01,1,0,True,completed
6,known_visit,HIPC,bernoulli,drop_0.25,19,361,2,10,hipc_g19_d220_bernoulli_drop_0_25,reruns\grid_density\scenarios\cv\known_visit_grid19_targets10_trials50.csv,4,18,9,45.80322996547783,45.80322996547783,00,00,2,1,True,completed
6,known_visit,HIPC,bernoulli,drop_0.25,19,361,2,10,hipc_g19_d220_bernoulli_drop_0_25,reruns\grid_density\scenarios\cv\known_visit_grid19_targets10_trials50.csv,5,11,7,29.986940675802128,29.986940675802128,00,00,1,0,True,completed
6,known_visit,HIPC,bernoulli,drop_0.25,19,361,2,10,hipc_g19_d220_bernoulli_drop_0_25,reruns\grid_density\scenarios\cv\known_visit_grid19_targets10_trials50.csv,6,17,18,42.8737108224294,42.8737108224294,01,01,1,0,True,completed
6,known_visit,HIPC,bernoulli,drop_0.25,19,361,2,10,hipc_g19_d220_bernoulli_drop_0_25,reruns\grid_density\scenarios\cv\known_visit_grid19_targets10_trials50.csv,7,12,8,33.65234072474452,33.65234072474452,00,00,1,0,True,completed
6,known_visit,HIPC,bernoulli,drop_0.25,19,361,2,10,hipc_g19_d220_bernoulli_drop_0_25,reruns\grid_density\scenarios\cv\known_visit_grid19_targets10_trials50.csv,8,4,16,8.939416076066282,8.939416076066282,01,01,1,0,True,completed
6,known_visit,HIPC,bernoulli,drop_0.25,19,361,2,10,hipc_g19_d220_bernoulli_drop_0_25,reruns\grid_density\scenarios\cv\known_visit_grid19_targets10_trials50.csv,9,16,1,62.97687259417503,62.97687259417503,00,00,1,0,True,completed
6,known_visit,HIPC,bernoulli,drop_0.25,19,361,2,10,hipc_g19_d220_bernoulli_drop_0_25,reruns\grid_density\scenarios\cv\known_visit_grid19_targets10_trials50.csv,10,13,15,30.613844307932414,30.613844307932414,01,01,1,0,True,completed
7,known_visit,HIPC,bernoulli,drop_0.25,19,361,2,10,hipc_g19_d220_bernoulli_drop_0_25,reruns\grid_density\scenarios\cv\known_visit_grid19_targets10_trials50.csv,1,4,0,9.508673403318921,9.508673403318921,00,00,1,0,True,completed
7,known_visit,HIPC,bernoulli,drop_0.25,19,361,2,10,hipc_g19_d220_bernoulli_drop_0_25,reruns\grid_density\scenarios\cv\known_visit_grid19_targets10_trials50.csv,2,9,6,33.50632435884951,33.50632435884951,00,00,1,0,True,completed
7,known_visit,HIPC,bernoulli,drop_0.25,19,361,2,10,hipc_g19_d220_bernoulli_drop_0_25,reruns\grid_density\scenarios\cv\known_visit_grid19_targets10_trials50.csv,3,12,13,31.97541353126332,31.97541353126332,01,01,1,0,True,completed
7,known_visit,HIPC,bernoulli,drop_0.25,19,361,2,10,hipc_g19_d220_bernoulli_drop_0_25,reruns\grid_density\scenarios\cv\known_visit_grid19_targets10_trials50.csv,4,13,18,42.53812892659381,42.53812892659381,01,01,1,0,True,completed
7,known_visit,HIPC,bernoulli,drop_0.25,19,361,2,10,hipc_g19_d220_bernoulli_drop_0_25,reruns\grid_density\scenarios\cv\known_visit_grid19_targets10_trials50.csv,5,0,1,0.5360269413686742,0.5360269413686742,00,00,1,0,True,completed
7,known_visit,HIPC,bernoulli,drop_0.25,19,361,2,10,hipc_g19_d220_bernoulli_drop_0_25,reruns\grid_density\scenarios\cv\known_visit_grid19_targets10_trials50.csv,6,2,12,12.165044524948875,12.165044524948875,01,01,1,0,True,completed
7,known_visit,HIPC,bernoulli,drop_0.25,19,361,2,10,hipc_g19_d220_bernoulli_drop_0_25,reruns\grid_density\scenarios\cv\known_visit_grid19_targets10_trials50.csv,7,14,3,47.36485986865098,47.36485986865098,00,00,1,0,True,completed
7,known_visit,HIPC,bernoulli,drop_0.25,19,361,2,10,hipc_g19_d220_bernoulli_drop_0_25,reruns\grid_density\scenarios\cv\known_visit_grid19_targets10_trials50.csv,8,4,2,17.280914646776484,17.280914646776484,00,00,1,0,True,completed
7,known_visit,HIPC,bernoulli,drop_0.25,19,361,2,10,hipc_g19_d220_bernoulli_drop_0_25,reruns\grid_density\scenarios\cv\known_visit_grid19_targets10_trials50.csv,9,9,13,26.681740607538437,26.681740607538437,01,01,1,0,True,completed
7,known_visit,HIPC,bernoulli,drop_0.25,19,361,2,10,hipc_g19_d220_bernoulli_drop_0_25,reruns\grid_density\scenarios\cv\known_visit_grid19_targets10_trials50.csv,10,8,16,55.07966589997614,55.07966589997614,01,01,1,0,True,completed
8,known_visit,HIPC,bernoulli,drop_0.25,19,361,2,10,hipc_g19_d220_bernoulli_drop_0_25,reruns\grid_density\scenarios\cv\known_visit_grid19_targets10_trials50.csv,1,6,14,15.808990842487392,15.808990842487392,01,01,1,0,True,completed
8,known_visit,HIPC,bernoulli,drop_0.25,19,361,2,10,hipc_g19_d220_bernoulli_drop_0_25,reruns\grid_density\scenarios\cv\known_visit_grid19_targets10_trials50.csv,2,17,0,67.86841026668881,67.86841026668881,00,00,1,0,True,completed
8,known_visit,HIPC,bernoulli,drop_0.25,19,361,2,10,hipc_g19_d220_bernoulli_drop_0_25,reruns\grid_density\scenarios\cv\known_visit_grid19_targets10_trials50.csv,3,15,18,58.793345429554755,58.793345429554755,01,01,1,0,True,completed
8,known_visit,HIPC,bernoulli,drop_0.25,19,361,2,10,hipc_g19_d220_bernoulli_drop_0_25,reruns\grid_density\scenarios\cv\known_visit_grid19_targets10_trials50.csv,4,5,4,14.534575375176873,14.534575375176873,00,00,1,0,True,completed
8,known_visit,HIPC,bernoulli,drop_0.25,19,361,2,10,hipc_g19_d220_bernoulli_drop_0_25,reruns\grid_density\scenarios\cv\known_visit_grid19_targets10_trials50.csv,5,6,9,24.32813170474747,24.32813170474747,01,01,1,0,True,completed
8,known_visit,HIPC,bernoulli,drop_0.25,19,361,2,10,hipc_g19_d220_bernoulli_drop_0_25,reruns\grid_density\scenarios\cv\known_visit_grid19_targets10_trials50.csv,6,8,0,48.39928963817679,48.39928963817679,00,00,2,1,True,completed
8,known_visit,HIPC,bernoulli,drop_0.25,19,361,2,10,hipc_g19_d220_bernoulli_drop_0_25,reruns\grid_density\scenarios\cv\known_visit_grid19_targets10_trials50.csv,7,5,7,20.15048815935745,20.15048815935745,00,00,1,0,True,completed
8,known_visit,HIPC,bernoulli,drop_0.25,19,361,2,10,hipc_g19_d220_bernoulli_drop_0_25,reruns\grid_density\scenarios\cv\known_visit_grid19_targets10_trials50.csv,8,2,4,9.028490578658475,9.028490578658475,00,00,1,0,True,completed
8,known_visit,HIPC,bernoulli,drop_0.25,19,361,2,10,hipc_g19_d220_bernoulli_drop_0_25,reruns\grid_density\scenarios\cv\known_visit_grid19_targets10_trials50.csv,9,10,8,33.11076147055693,33.11076147055693,01,01,1,0,True,completed
8,known_visit,HIPC,bernoulli,drop_0.25,19,361,2,10,hipc_g19_d220_bernoulli_drop_0_25,reruns\grid_density\scenarios\cv\known_visit_grid19_targets10_trials50.csv,10,7,0,50.37110521527171,50.37110521527171,00,00,1,0,True,completed
9,known_visit,HIPC,bernoulli,drop_0.25,19,361,2,10,hipc_g19_d220_bernoulli_drop_0_25,reruns\grid_density\scenarios\cv\known_visit_grid19_targets10_trials50.csv,1,15,15,43.78511255035662,43.78511255035662,01,01,1,0,True,completed
9,known_visit,HIPC,bernoulli,drop_0.25,19,361,2,10,hipc_g19_d220_bernoulli_drop_0_25,reruns\grid_density\scenarios\cv\known_visit_grid19_targets10_trials50.csv,2,12,3,28.48440460179573,28.48440460179573,00,00,1,0,True,completed
9,known_visit,HIPC,bernoulli,drop_0.25,19,361,2,10,hipc_g19_d220_bernoulli_drop_0_25,reruns\grid_density\scenarios\cv\known_visit_grid19_targets10_trials50.csv,3,3,11,15.675459448939675,15.675459448939675,01,01,1,0,True,completed
9,known_visit,HIPC,bernoulli,drop_0.25,19,361,2,10,hipc_g19_d220_bernoulli_drop_0_25,reruns\grid_density\scenarios\cv\known_visit_grid19_targets10_trials50.csv,4,13,3,30.525180912779025,30.525180912779025,00,00,1,0,True,completed
9,known_visit,HIPC,bernoulli,drop_0.25,19,361,2,10,hipc_g19_d220_bernoulli_drop_0_25,reruns\grid_density\scenarios\cv\known_visit_grid19_targets10_trials50.csv,5,17,3,52.37109339732773,52.37109339732773,00,00,1,0,True,completed
9,known_visit,HIPC,bernoulli,drop_0.25,19,361,2,10,hipc_g19_d220_bernoulli_drop_0_25,reruns\grid_density\scenarios\cv\known_visit_grid19_targets10_trials50.csv,6,3,0,3.5562855427034954,3.5562855427034954,00,00,1,0,True,completed
9,known_visit,HIPC,bernoulli,drop_0.25,19,361,2,10,hipc_g19_d220_bernoulli_drop_0_25,reruns\grid_density\scenarios\cv\known_visit_grid19_targets10_trials50.csv,7,11,15,36.79962130526246,36.79962130526246,01,01,1,0,True,completed
9,known_visit,HIPC,bernoulli,drop_0.25,19,361,2,10,hipc_g19_d220_bernoulli_drop_0_25,reruns\grid_density\scenarios\cv\known_visit_grid19_targets10_trials50.csv,8,7,4,17.376418748999757,17.376418748999757,00,00,1,0,True,completed
9,known_visit,HIPC,bernoulli,drop_0.25,19,361,2,10,hipc_g19_d220_bernoulli_drop_0_25,reruns\grid_density\scenarios\cv\known_visit_grid19_targets10_trials50.csv,9,12,0,37.908372635497585,37.908372635497585,00,00,1,0,True,completed
9,known_visit,HIPC,bernoulli,drop_0.25,19,361,2,10,hipc_g19_d220_bernoulli_drop_0_25,reruns\grid_density\scenarios\cv\known_visit_grid19_targets10_trials50.csv,10,15,11,51.0455876325147,51.0455876325147,01,01,1,0,True,completed
10,known_visit,HIPC,bernoulli,drop_0.25,19,361,2,10,hipc_g19_d220_bernoulli_drop_0_25,reruns\grid_density\scenarios\cv\known_visit_grid19_targets10_trials50.csv,1,1,14,7.388119976026012,7.388119976026012,01,01,1,0,True,completed
10,known_visit,HIPC,bernoulli,drop_0.25,19,361,2,10,hipc_g19_d220_bernoulli_drop_0_25,reruns\grid_density\scenarios\cv\known_visit_grid19_targets10_trials50.csv,2,12,11,49.99509375863752,49.99509375863752,01,01,1,0,True,completed
10,known_visit,HIPC,bernoulli,drop_0.25,19,361,2,10,hipc_g19_d220_bernoulli_drop_0_25,reruns\grid_density\scenarios\cv\known_visit_grid19_targets10_trials50.csv,3,1,18,0.14129954398174382,0.14129954398174382,01,01,1,0,True,completed
10,known_visit,HIPC,bernoulli,drop_0.25,19,361,2,10,hipc_g19_d220_bernoulli_drop_0_25,reruns\grid_density\scenarios\cv\known_visit_grid19_targets10_trials50.csv,4,18,7,42.31001547358561,42.31001547358561,00,00,1,0,True,completed
10,known_visit,HIPC,bernoulli,drop_0.25,19,361,2,10,hipc_g19_d220_bernoulli_drop_0_25,reruns\grid_density\scenarios\cv\known_visit_grid19_targets10_trials50.csv,5,10,9,42.72721100689895,42.72721100689895,01,01,1,0,True,completed
10,known_visit,HIPC,bernoulli,drop_0.25,19,361,2,10,hipc_g19_d220_bernoulli_drop_0_25,reruns\grid_density\scenarios\cv\known_visit_grid19_targets10_trials50.csv,6,5,13,16.33838749577854,16.33838749577854,01,01,1,0,True,completed
10,known_visit,HIPC,bernoulli,drop_0.25,19,361,2,10,hipc_g19_d220_bernoulli_drop_0_25,reruns\grid_density\scenarios\cv\known_visit_grid19_targets10_trials50.csv,7,7,14,21.69640453675962,21.69640453675962,01,01,1,0,True,completed
10,known_visit,HIPC,bernoulli,drop_0.25,19,361,2,10,hipc_g19_d220_bernoulli_drop_0_25,reruns\grid_density\scenarios\cv\known_visit_grid19_targets10_trials50.csv,8,16,1,27.888752225434605,27.888752225434605,00,00,1,0,True,completed
10,known_visit,HIPC,bernoulli,drop_0.25,19,361,2,10,hipc_g19_d220_bernoulli_drop_0_25,reruns\grid_density\scenarios\cv\known_visit_grid19_targets10_trials50.csv,9,7,16,25.098916823939806,25.098916823939806,01,01,1,0,True,completed
10,known_visit,HIPC,bernoulli,drop_0.25,19,361,2,10,hipc_g19_d220_bernoulli_drop_0_25,reruns\grid_density\scenarios\cv\known_visit_grid19_targets10_trials50.csv,10,17,2,31.706205687729366,31.706205687729366,00,00,1,0,True,completed
11,known_visit,HIPC,bernoulli,drop_0.25,19,361,2,10,hipc_g19_d220_bernoulli_drop_0_25,reruns\grid_density\scenarios\cv\known_visit_grid19_targets10_trials50.csv,1,18,12,51.26320326801614,51.26320326801614,00,00,1,0,True,completed
11,known_visit,HIPC,bernoulli,drop_0.25,19,361,2,10,hipc_g19_d220_bernoulli_drop_0_25,reruns\grid_density\scenarios\cv\known_visit_grid19_targets10_trials50.csv,2,18,5,67.87148571935167,67.87148571935167,01,01,1,0,True,completed
11,known_visit,HIPC,bernoulli,drop_0.25,19,361,2,10,hipc_g19_d220_bernoulli_drop_0_25,reruns\grid_density\scenarios\cv\known_visit_grid19_targets10_trials50.csv,3,15,11,44.194832870143145,44.194832870143145,00,00,1,0,True,completed
11,known_visit,HIPC,bernoulli,drop_0.25,19,361,2,10,hipc_g19_d220_bernoulli_drop_0_25,reruns\grid_density\scenarios\cv\known_visit_grid19_targets10_trials50.csv,4,9,10,31.89150557248788,31.89150557248788,00,00,2,1,True,completed
11,known_visit,HIPC,bernoulli,drop_0.25,19,361,2,10,hipc_g19_d220_bernoulli_drop_0_25,reruns\grid_density\scenarios\cv\known_visit_grid19_targets10_trials50.csv,5,6,13,28.141345356295552,28.141345356295552,01,01,1,0,True,completed
11,known_visit,HIPC,bernoulli,drop_0.25,19,361,2,10,hipc_g19_d220_bernoulli_drop_0_25,reruns\grid_density\scenarios\cv\known_visit_grid19_targets10_trials50.csv,6,6,5,17.41979590029079,17.41979590029079,00,00,1,0,True,completed
11,known_visit,HIPC,bernoulli,drop_0.25,19,361,2,10,hipc_g19_d220_bernoulli_drop_0_25,reruns\grid_density\scenarios\cv\known_visit_grid19_targets10_trials50.csv,7,12,4,55.415654321145034,55.415654321145034,01,01,1,0,True,completed
11,known_visit,HIPC,bernoulli,drop_0.25,19,361,2,10,hipc_g19_d220_bernoulli_drop_0_25,reruns\grid_density\scenarios\cv\known_visit_grid19_targets10_trials50.csv,8,7,9,26.4839154343512,26.4839154343512,00,00,1,0,True,completed
11,known_visit,HIPC,bernoulli,drop_0.25,19,361,2,10,hipc_g19_d220_bernoulli_drop_0_25,reruns\grid_density\scenarios\cv\known_visit_grid19_targets10_trials50.csv,9,15,4,60.824323421109035,60.824323421109035,01,01,1,0,True,completed
11,known_visit,HIPC,bernoulli,drop_0.25,19,361,2,10,hipc_g19_d220_bernoulli_drop_0_25,reruns\grid_density\scenarios\cv\known_visit_grid19_targets10_trials50.csv,10,9,17,15.853259035301706,15.853259035301706,01,01,1,0,True,completed
12,known_visit,HIPC,bernoulli,drop_0.25,19,361,2,10,hipc_g19_d220_bernoulli_drop_0_25,reruns\grid_density\scenarios\cv\known_visit_grid19_targets10_trials50.csv,1,5,17,8.902615356864688,8.902615356864688,01,01,1,0,True,completed
12,known_visit,HIPC,bernoulli,drop_0.25,19,361,2,10,hipc_g19_d220_bernoulli_drop_0_25,reruns\grid_density\scenarios\cv\known_visit_grid19_targets10_trials50.csv,2,17,17,64.8634473316388,64.8634473316388,00,00,1,0,True,completed
12,known_visit,HIPC,bernoulli,drop_0.25,19,361,2,10,hipc_g19_d220_bernoulli_drop_0_25,reruns\grid_density\scenarios\cv\known_visit_grid19_targets10_trials50.csv,3,17,1,33.365652081130456,33.365652081130456,00,00,1,0,True,completed
12,known_visit,HIPC,bernoulli,drop_0.25,19,361,2,10,hipc_g19_d220_bernoulli_drop_0_25,reruns\grid_density\scenarios\cv\known_visit_grid19_targets10_trials50.csv,4,12,7,45.716363097094195,45.716363097094195,01,01,1,0,True,completed
12,known_visit,HIPC,bernoulli,drop_0.25,19,361,2,10,hipc_g19_d220_bernoulli_drop_0_25,reruns\grid_density\scenarios\cv\known_visit_grid19_targets10_trials50.csv,5,14,2,25.932841382102275,25.932841382102275,00,00,1,0,True,completed
12,known_visit,HIPC,bernoulli,drop_0.25,19,361,2,10,hipc_g19_d220_bernoulli_drop_0_25,reruns\grid_density\scenarios\cv\known_visit_grid19_targets10_trials50.csv,6,13,7,43.98288345791788,43.98288345791788,01,01,1,0,True,completed
12,known_visit,HIPC,bernoulli,drop_0.25,19,361,2,10,hipc_g19_d220_bernoulli_drop_0_25,reruns\grid_density\scenarios\cv\known_visit_grid19_targets10_trials50.csv,7,13,15,75.33606403777638,75.33606403777638,00,00,1,0,True,completed
12,known_visit,HIPC,bernoulli,drop_0.25,19,361,2,10,hipc_g19_d220_bernoulli_drop_0_25,reruns\grid_density\scenarios\cv\known_visit_grid19_targets10_trials50.csv,8,9,0,13.713802086259221,13.713802086259221,00,00,1,0,True,completed
12,known_visit,HIPC,bernoulli,drop_0.25,19,361,2,10,hipc_g19_d220_bernoulli_drop_0_25,reruns\grid_density\scenarios\cv\known_visit_grid19_targets10_trials50.csv,9,14,11,35.171444464729305,35.171444464729305,01,01,1,0,True,completed
12,known_visit,HIPC,bernoulli,drop_0.25,19,361,2,10,hipc_g19_d220_bernoulli_drop_0_25,reruns\grid_density\scenarios\cv\known_visit_grid19_targets10_trials50.csv,10,6,12,19.582796576531276,19.582796576531276,01,01,1,0,True,completed
13,known_visit,HIPC,bernoulli,drop_0.25,19,361,2,10,hipc_g19_d220_bernoulli_drop_0_25,reruns\grid_density\scenarios\cv\known_visit_grid19_targets10_trials50.csv,1,15,8,42.38128685513326,42.38128685513326,00,00,1,0,True,completed
13,known_visit,HIPC,bernoulli,drop_0.25,19,361,2,10,hipc_g19_d220_bernoulli_drop_0_25,reruns\grid_density\scenarios\cv\known_visit_grid19_targets10_trials50.csv,2,13,1,26.63722674982496,26.63722674982496,00,00,1,0,True,completed
13,known_visit,HIPC,bernoulli,drop_0.25,19,361,2,10,hipc_g19_d220_bernoulli_drop_0_25,reruns\grid_density\scenarios\cv\known_visit_grid19_targets10_trials50.csv,3,7,12,36.15251871080816,36.15251871080816,01,01,1,0,True,completed
13,known_visit,HIPC,bernoulli,drop_0.25,19,361,2,10,hipc_g19_d220_bernoulli_drop_0_25,reruns\grid_density\scenarios\cv\known_visit_grid19_targets10_trials50.csv,4,7,16,47.206090291160436,47.206090291160436,01,01,1,0,True,completed
13,known_visit,HIPC,bernoulli,drop_0.25,19,361,2,10,hipc_g19_d220_bernoulli_drop_0_25,reruns\grid_density\scenarios\cv\known_visit_grid19_targets10_trials50.csv,5,2,13,21.690451383009936,21.690451383009936,01,01,1,0,True,completed
13,known_visit,HIPC,bernoulli,drop_0.25,19,361,2,10,hipc_g19_d220_bernoulli_drop_0_25,reruns\grid_density\scenarios\cv\known_visit_grid19_targets10_trials50.csv,6,11,9,51.282089422096966,51.282089422096966,00,00,1,0,True,completed
13,known_visit,HIPC,bernoulli,drop_0.25,19,361,2,10,hipc_g19_d220_bernoulli_drop_0_25,reruns\grid_density\scenarios\cv\known_visit_grid19_targets10_trials50.csv,7,5,14,28.786675549272424,28.786675549272424,01,01,1,0,True,completed
13,known_visit,HIPC,bernoulli,drop_0.25,19,361,2,10,hipc_g19_d220_bernoulli_drop_0_25,reruns\grid_density\scenarios\cv\known_visit_grid19_targets10_trials50.csv,8,1,10,14.173363591518768,14.173363591518768,01,01,1,0,True,completed
13,known_visit,HIPC,bernoulli,drop_0.25,19,361,2,10,hipc_g19_d220_bernoulli_drop_0_25,reruns\grid_density\scenarios\cv\known_visit_grid19_targets10_trials50.csv,9,11,2,20.919868331687663,20.919868331687663,00,00,1,0,True,completed
13,known_visit,HIPC,bernoulli,drop_0.25,19,361,2,10,hipc_g19_d220_bernoulli_drop_0_25,reruns\grid_density\scenarios\cv\known_visit_grid19_targets10_trials50.csv,10,1,12,10.805174286364505,10.805174286364505,01,01,1,0,True,completed
14,known_visit,HIPC,bernoulli,drop_0.25,19,361,2,10,hipc_g19_d220_bernoulli_drop_0_25,reruns\grid_density\scenarios\cv\known_visit_grid19_targets10_trials50.csv,1,13,9,40.4887730011542,40.4887730011542,00,00,2,1,True,completed
14,known_visit,HIPC,bernoulli,drop_0.25,19,361,2,10,hipc_g19_d220_bernoulli_drop_0_25,reruns\grid_density\scenarios\cv\known_visit_grid19_targets10_trials50.csv,2,11,15,50.80182703484833,50.80182703484833,01,01,2,1,True,completed
14,known_visit,HIPC,bernoulli,drop_0.25,19,361,2,10,hipc_g19_d220_bernoulli_drop_0_25,reruns\grid_density\scenarios\cv\known_visit_grid19_targets10_trials50.csv,3,4,1,7.186318997541716,7.186318997541716,00,00,1,0,True,completed
14,known_visit,HIPC,bernoulli,drop_0.25,19,361,2,10,hipc_g19_d220_bernoulli_drop_0_25,reruns\grid_density\scenarios\cv\known_visit_grid19_targets10_trials50.csv,4,14,14,55.47146526483947,55.47146526483947,00,00,2,1,True,completed
14,known_visit,HIPC,bernoulli,drop_0.25,19,361,2,10,hipc_g19_d220_bernoulli_drop_0_25,reruns\grid_density\scenarios\cv\known_visit_grid19_targets10_trials50.csv,5,18,7,92.49444764891723,92.49444764891723,00,00,1,0,True,completed
14,known_visit,HIPC,bernoulli,drop_0.25,19,361,2,10,hipc_g19_d220_bernoulli_drop_0_25,reruns\grid_density\scenarios\cv\known_visit_grid19_targets10_trials50.csv,6,9,0,17.751718928492394,17.751718928492394,00,00,1,0,True,completed
14,known_visit,HIPC,bernoulli,drop_0.25,19,361,2,10,hipc_g19_d220_bernoulli_drop_0_25,reruns\grid_density\scenarios\cv\known_visit_grid19_targets10_trials50.csv,7,15,17,61.835932623833244,61.835932623833244,01,01,1,0,True,completed
14,known_visit,HIPC,bernoulli,drop_0.25,19,361,2,10,hipc_g19_d220_bernoulli_drop_0_25,reruns\grid_density\scenarios\cv\known_visit_grid19_targets10_trials50.csv,8,12,12,43.95075351193744,43.95075351193744,01,01,2,1,True,completed
14,known_visit,HIPC,bernoulli,drop_0.25,19,361,2,10,hipc_g19_d220_bernoulli_drop_0_25,reruns\grid_density\scenarios\cv\known_visit_grid19_targets10_trials50.csv,9,5,15,12.375018334386167,12.375018334386167,01,01,1,0,True,completed
14,known_visit,HIPC,bernoulli,drop_0.25,19,361,2,10,hipc_g19_d220_bernoulli_drop_0_25,reruns\grid_density\scenarios\cv\known_visit_grid19_targets10_trials50.csv,10,4,10,22.801732338714416,22.801732338714416,01,01,1,0,True,completed
15,known_visit,HIPC,bernoulli,drop_0.25,19,361,2,10,hipc_g19_d220_bernoulli_drop_0_25,reruns\grid_density\scenarios\cv\known_visit_grid19_targets10_trials50.csv,1,7,5,19.820306274511314,19.820306274511314,00,00,1,0,True,completed
15,known_visit,HIPC,bernoulli,drop_0.25,19,361,2,10,hipc_g19_d220_bernoulli_drop_0_25,reruns\grid_density\scenarios\cv\known_visit_grid19_targets10_trials50.csv,2,5,4,14.462457096235608,14.462457096235608,00,00,1,0,True,completed
15,known_visit,HIPC,bernoulli,drop_0.25,19,361,2,10,hipc_g19_d220_bernoulli_drop_0_25,reruns\grid_density\scenarios\cv\known_visit_grid19_targets10_trials50.csv,3,8,4,23.87802559699137,23.87802559699137,00,00,2,1,True,completed
15,known_visit,HIPC,bernoulli,drop_0.25,19,361,2,10,hipc_g19_d220_bernoulli_drop_0_25,reruns\grid_density\scenarios\cv\known_visit_grid19_targets10_trials50.csv,4,18,17,116.18028032471152,116.18028032471152,00,00,1,0,True,completed
15,known_visit,HIPC,bernoulli,drop_0.25,19,361,2,10,hipc_g19_d220_bernoulli_drop_0_25,reruns\grid_density\scenarios\cv\known_visit_grid19_targets10_trials50.csv,5,2,16,5.6670136237150786,5.6670136237150786,01,01,1,0,True,completed
15,known_visit,HIPC,bernoulli,drop_0.25,19,361,2,10,hipc_g19_d220_bernoulli_drop_0_25,reruns\grid_density\scenarios\cv\known_visit_grid19_targets10_trials50.csv,6,5,8,32.44640167303996,32.44640167303996,01,01,2,1,True,completed
15,known_visit,HIPC,bernoulli,drop_0.25,19,361,2,10,hipc_g19_d220_bernoulli_drop_0_25,reruns\grid_density\scenarios\cv\known_visit_grid19_targets10_trials50.csv,7,7,14,18.0365294450429,18.0365294450429,01,01,2,1,True,completed
15,known_visit,HIPC,bernoulli,drop_0.25,19,361,2,10,hipc_g19_d220_bernoulli_drop_0_25,reruns\grid_density\scenarios\cv\known_visit_grid19_targets10_trials50.csv,8,2,3,7.239120658233952,7.239120658233952,00,00,1,0,True,completed
15,known_visit,HIPC,bernoulli,drop_0.25,19,361,2,10,hipc_g19_d220_bernoulli_drop_0_25,reruns\grid_density\scenarios\cv\known_visit_grid19_targets10_trials50.csv,9,15,0,42.673039236691814,42.673039236691814,00,00,1,0,True,completed
15,known_visit,HIPC,bernoulli,drop_0.25,19,361,2,10,hipc_g19_d220_bernoulli_drop_0_25,reruns\grid_density\scenarios\cv\known_visit_grid19_targets10_trials50.csv,10,15,8,60.637993727222984,60.637993727222984,00,00,2,1,True,completed
16,known_visit,HIPC,bernoulli,drop_0.25,19,361,2,10,hipc_g19_d220_bernoulli_drop_0_25,reruns\grid_density\scenarios\cv\known_visit_grid19_targets10_trials50.csv,1,9,7,33.599150167463584,33.599150167463584,00,00,1,0,True,completed
16,known_visit,HIPC,bernoulli,drop_0.25,19,361,2,10,hipc_g19_d220_bernoulli_drop_0_25,reruns\grid_density\scenarios\cv\known_visit_grid19_targets10_trials50.csv,2,1,5,8.89439102191771,8.89439102191771,00,00,1,0,True,completed
16,known_visit,HIPC,bernoulli,drop_0.25,19,361,2,10,hipc_g19_d220_bernoulli_drop_0_25,reruns\grid_density\scenarios\cv\known_visit_grid19_targets10_trials50.csv,3,15,1,79.40441749992664,79.40441749992664,00,00,1,0,True,completed
16,known_visit,HIPC,bernoulli,drop_0.25,19,361,2,10,hipc_g19_d220_bernoulli_drop_0_25,reruns\grid_density\scenarios\cv\known_visit_grid19_targets10_trials50.csv,4,0,17,0.5001347136927693,0.5001347136927693,01,01,1,0,True,completed
16,known_visit,HIPC,bernoulli,drop_0.25,19,361,2,10,hipc_g19_d220_bernoulli_drop_0_25,reruns\grid_density\scenarios\cv\known_visit_grid19_targets10_trials50.csv,5,9,0,66.98624555422523,66.98624555422523,00,00,1,0,True,completed
16,known_visit,HIPC,bernoulli,drop_0.25,19,361,2,10,hipc_g19_d220_bernoulli_drop_0_25,reruns\grid_density\scenarios\cv\known_visit_grid19_targets10_trials50.csv,6,10,11,42.59021733619268,42.59021733619268,00,00,1,0,True,completed
16,known_visit,HIPC,bernoulli,drop_0.25,19,361,2,10,hipc_g19_d220_bernoulli_drop_0_25,reruns\grid_density\scenarios\cv\known_visit_grid19_targets10_trials50.csv,7,5,16,18.265224074899514,18.265224074899514,01,01,1,0,True,completed
16,known_visit,HIPC,bernoulli,drop_0.25,19,361,2,10,hipc_g19_d220_bernoulli_drop_0_25,reruns\grid_density\scenarios\cv\known_visit_grid19_targets10_trials50.csv,8,1,9,16.004667630911154,16.004667630911154,00,00,1,0,True,completed
16,known_visit,HIPC,bernoulli,drop_0.25,19,361,2,10,hipc_g19_d220_bernoulli_drop_0_25,reruns\grid_density\scenarios\cv\known_visit_grid19_targets10_trials50.csv,9,1,14,7.688569149679559,7.688569149679559,01,01,1,0,True,completed
16,known_visit,HIPC,bernoulli,drop_0.25,19,361,2,10,hipc_g19_d220_bernoulli_drop_0_25,reruns\grid_density\scenarios\cv\known_visit_grid19_targets10_trials50.csv,10,18,18,43.896931852547716,43.896931852547716,01,01,1,0,True,completed
17,known_visit,HIPC,bernoulli,drop_0.25,19,361,2,10,hipc_g19_d220_bernoulli_drop_0_25,reruns\grid_density\scenarios\cv\known_visit_grid19_targets10_trials50.csv,1,3,4,21.607853417182408,21.607853417182408,00,00,1,0,True,completed
17,known_visit,HIPC,bernoulli,drop_0.25,19,361,2,10,hipc_g19_d220_bernoulli_drop_0_25,reruns\grid_density\scenarios\cv\known_visit_grid19_targets10_trials50.csv,2,5,2,14.455688577189937,14.455688577189937,00,00,1,0,True,completed
17,known_visit,HIPC,bernoulli,drop_0.25,19,361,2,10,hipc_g19_d220_bernoulli_drop_0_25,reruns\grid_density\scenarios\cv\known_visit_grid19_targets10_trials50.csv,3,4,8,22.879583084526526,22.879583084526526,01,01,1,0,True,completed
17,known_visit,HIPC,bernoulli,drop_0.25,19,361,2,10,hipc_g19_d220_bernoulli_drop_0_25,reruns\grid_density\scenarios\cv\known_visit_grid19_targets10_trials50.csv,4,6,0,8.64673849822895,8.64673849822895,00,00,1,0,True,completed
17,known_visit,HIPC,bernoulli,drop_0.25,19,361,2,10,hipc_g19_d220_bernoulli_drop_0_25,reruns\grid_density\scenarios\cv\known_visit_grid19_targets10_trials50.csv,5,14,5,59.960173130761234,59.960173130761234,01,01,2,1,True,completed
17,known_visit,HIPC,bernoulli,drop_0.25,19,361,2,10,hipc_g19_d220_bernoulli_drop_0_25,reruns\grid_density\scenarios\cv\known_visit_grid19_targets10_trials50.csv,6,17,18,87.38657241114711,87.38657241114711,01,01,1,0,True,completed
17,known_visit,HIPC,bernoulli,drop_0.25,19,361,2,10,hipc_g19_d220_bernoulli_drop_0_25,reruns\grid_density\scenarios\cv\known_visit_grid19_targets10_trials50.csv,7,8,8,29.74995212147554,29.74995212147554,01,01,2,1,True,completed
17,known_visit,HIPC,bernoulli,drop_0.25,19,361,2,10,hipc_g19_d220_bernoulli_drop_0_25,reruns\grid_density\scenarios\cv\known_visit_grid19_targets10_trials50.csv,8,13,1,50.87547187650153,50.87547187650153,01,01,1,0,True,completed
17,known_visit,HIPC,bernoulli,drop_0.25,19,361,2,10,hipc_g19_d220_bernoulli_drop_0_25,reruns\grid_density\scenarios\cv\known_visit_grid19_targets10_trials50.csv,9,3,15,8.883179265316267,8.883179265316267,01,01,2,1,True,completed
17,known_visit,HIPC,bernoulli,drop_0.25,19,361,2,10,hipc_g19_d220_bernoulli_drop_0_25,reruns\grid_density\scenarios\cv\known_visit_grid19_targets10_trials50.csv,10,10,3,42.040711967164675,42.040711967164675,01,01,1,0,True,completed
18,known_visit,HIPC,bernoulli,drop_0.25,19,361,2,10,hipc_g19_d220_bernoulli_drop_0_25,reruns\grid_density\scenarios\cv\known_visit_grid19_targets10_trials50.csv,1,1,16,3.7418866249914924,3.7418866249914924,01,01,1,0,True,completed
18,known_visit,HIPC,bernoulli,drop_0.25,19,361,2,10,hipc_g19_d220_bernoulli_drop_0_25,reruns\grid_density\scenarios\cv\known_visit_grid19_targets10_trials50.csv,2,18,10,55.28172664521786,55.28172664521786,00,00,1,0,True,completed
18,known_visit,HIPC,bernoulli,drop_0.25,19,361,2,10,hipc_g19_d220_bernoulli_drop_0_25,reruns\grid_density\scenarios\cv\known_visit_grid19_targets10_trials50.csv,3,12,4,25.659331688138042,25.659331688138042,00,00,1,0,True,completed
18,known_visit,HIPC,bernoulli,drop_0.25,19,361,2,10,hipc_g19_d220_bernoulli_drop_0_25,reruns\grid_density\scenarios\cv\known_visit_grid19_targets10_trials50.csv,4,15,17,55.45003262486198,55.45003262486198,01,01,1,0,True,completed
18,known_visit,HIPC,bernoulli,drop_0.25,19,361,2,10,hipc_g19_d220_bernoulli_drop_0_25,reruns\grid_density\scenarios\cv\known_visit_grid19_targets10_trials50.csv,5,7,15,34.152057108654496,34.152057108654496,01,01,1,0,True,completed
18,known_visit,HIPC,bernoulli,drop_0.25,19,361,2,10,hipc_g19_d220_bernoulli_drop_0_25,reruns\grid_density\scenarios\cv\known_visit_grid19_targets10_trials50.csv,6,4,14,12.451709682608387,12.451709682608387,01,01,1,0,True,completed
18,known_visit,HIPC,bernoulli,drop_0.25,19,361,2,10,hipc_g19_d220_bernoulli_drop_0_25,reruns\grid_density\scenarios\cv\known_visit_grid19_targets10_trials50.csv,7,4,18,19.411005430347284,19.411005430347284,01,01,1,0,True,completed
18,known_visit,HIPC,bernoulli,drop_0.25,19,361,2,10,hipc_g19_d220_bernoulli_drop_0_25,reruns\grid_density\scenarios\cv\known_visit_grid19_targets10_trials50.csv,8,15,8,46.26008160047896,46.26008160047896,00,00,1,0,True,completed
18,known_visit,HIPC,bernoulli,drop_0.25,19,361,2,10,hipc_g19_d220_bernoulli_drop_0_25,reruns\grid_density\scenarios\cv\known_visit_grid19_targets10_trials50.csv,9,8,18,26.58413955230565,26.58413955230565,01,01,1,0,True,completed
18,known_visit,HIPC,bernoulli,drop_0.25,19,361,2,10,hipc_g19_d220_bernoulli_drop_0_25,reruns\grid_density\scenarios\cv\known_visit_grid19_targets10_trials50.csv,10,15,3,33.187629038078406,33.187629038078406,00,00,1,0,True,completed
19,known_visit,HIPC,bernoulli,drop_0.25,19,361,2,10,hipc_g19_d220_bernoulli_drop_0_25,reruns\grid_density\scenarios\cv\known_visit_grid19_targets10_trials50.csv,1,15,5,33.34868029528616,33.34868029528616,00,00,1,0,True,completed
19,known_visit,HIPC,bernoulli,drop_0.25,19,361,2,10,hipc_g19_d220_bernoulli_drop_0_25,reruns\grid_density\scenarios\cv\known_visit_grid19_targets10_trials50.csv,2,11,12,42.072243503955036,42.072243503955036,01,01,1,0,True,completed
19,known_visit,HIPC,bernoulli,drop_0.25,19,361,2,10,hipc_g19_d220_bernoulli_drop_0_25,reruns\grid_density\scenarios\cv\known_visit_grid19_targets10_trials50.csv,3,17,13,54.60479982687109,54.60479982687109,00,00,1,0,True,completed
19,known_visit,HIPC,bernoulli,drop_0.25,19,361,2,10,hipc_g19_d220_bernoulli_drop_0_25,reruns\grid_density\scenarios\cv\known_visit_grid19_targets10_trials50.csv,4,12,2,22.426274533466927,22.426274533466927,00,00,1,0,True,completed
19,known_visit,HIPC,bernoulli,drop_0.25,19,361,2,10,hipc_g19_d220_bernoulli_drop_0_25,reruns\grid_density\scenarios\cv\known_visit_grid19_targets10_trials50.csv,5,2,8,19.22020008120603,19.22020008120603,01,01,1,0,True,completed
19,known_visit,HIPC,bernoulli,drop_0.25,19,361,2,10,hipc_g19_d220_bernoulli_drop_0_25,reruns\grid_density\scenarios\cv\known_visit_grid19_targets10_trials50.csv,6,18,9,45.55300712339644,45.55300712339644,00,00,1,0,True,completed
19,known_visit,HIPC,bernoulli,drop_0.25,19,361,2,10,hipc_g19_d220_bernoulli_drop_0_25,reruns\grid_density\scenarios\cv\known_visit_grid19_targets10_trials50.csv,7,5,0,6.8247568589853,6.8247568589853,00,00,1,0,True,completed
19,known_visit,HIPC,bernoulli,drop_0.25,19,361,2,10,hipc_g19_d220_bernoulli_drop_0_25,reruns\grid_density\scenarios\cv\known_visit_grid19_targets10_trials50.csv,8,10,9,35.10384473764644,35.10384473764644,01,01,1,0,True,completed
19,known_visit,HIPC,bernoulli,drop_0.25,19,361,2,10,hipc_g19_d220_bernoulli_drop_0_25,reruns\grid_density\scenarios\cv\known_visit_grid19_targets10_trials50.csv,9,2,15,7.325971248263842,7.325971248263842,01,01,1,0,True,completed
19,known_visit,HIPC,bernoulli,drop_0.25,19,361,2,10,hipc_g19_d220_bernoulli_drop_0_25,reruns\grid_density\scenarios\cv\known_visit_grid19_targets10_trials50.csv,10,14,4,29.65802550452989,29.65802550452989,00,00,1,0,True,completed
20,known_visit,HIPC,bernoulli,drop_0.25,19,361,2,10,hipc_g19_d220_bernoulli_drop_0_25,reruns\grid_density\scenarios\cv\known_visit_grid19_targets10_trials50.csv,1,3,9,19.184833514271073,19.184833514271073,01,01,1,0,True,completed
20,known_visit,HIPC,bernoulli,drop_0.25,19,361,2,10,hipc_g19_d220_bernoulli_drop_0_25,reruns\grid_density\scenarios\cv\known_visit_grid19_targets10_trials50.csv,2,17,15,57.40330483501453,57.40330483501453,01,01,1,0,True,completed
20,known_visit,HIPC,bernoulli,drop_0.25,19,361,2,10,hipc_g19_d220_bernoulli_drop_0_25,reruns\grid_density\scenarios\cv\known_visit_grid19_targets10_trials50.csv,3,11,16,44.91556210589385,44.91556210589385,01,01,1,0,True,completed
20,known_visit,HIPC,bernoulli,drop_0.25,19,361,2,10,hipc_g19_d220_bernoulli_drop_0_25,reruns\grid_density\scenarios\cv\known_visit_grid19_targets10_trials50.csv,4,16,5,56.030125934474626,56.030125934474626,00,00,1,0,True,completed
20,known_visit,HIPC,bernoulli,drop_0.25,19,361,2,10,hipc_g19_d220_bernoulli_drop_0_25,reruns\grid_density\scenarios\cv\known_visit_grid19_targets10_trials50.csv,5,18,18,64.8373854456948,64.8373854456948,01,01,1,0,True,completed
20,known_visit,HIPC,bernoulli,drop_0.25,19,361,2,10,hipc_g19_d220_bernoulli_drop_0_25,reruns\grid_density\scenarios\cv\known_visit_grid19_targets10_trials50.csv,6,18,1,66.49509975908455,66.49509975908455,00,00,1,0,True,completed
20,known_visit,HIPC,bernoulli,drop_0.25,19,361,2,10,hipc_g19_d220_bernoulli_drop_0_25,reruns\grid_density\scenarios\cv\known_visit_grid19_targets10_trials50.csv,7,8,5,27.856809157557993,27.856809157557993,00,00,1,0,True,completed
20,known_visit,HIPC,bernoulli,drop_0.25,19,361,2,10,hipc_g19_d220_bernoulli_drop_0_25,reruns\grid_density\scenarios\cv\known_visit_grid19_targets10_trials50.csv,8,10,0,15.332835227570689,15.332835227570689,00,00,1,0,True,completed
20,known_visit,HIPC,bernoulli,drop_0.25,19,361,2,10,hipc_g19_d220_bernoulli_drop_0_25,reruns\grid_density\scenarios\cv\known_visit_grid19_targets10_trials50.csv,9,5,5,32.94637474271884,32.94637474271884,00,00,1,0,True,completed
20,known_visit,HIPC,bernoulli,drop_0.25,19,361,2,10,hipc_g19_d220_bernoulli_drop_0_25,reruns\grid_density\scenarios\cv\known_visit_grid19_targets10_trials50.csv,10,11,15,43.30397715233582,43.30397715233582,01,01,1,0,True,completed
21,known_visit,HIPC,bernoulli,drop_0.25,19,361,2,10,hipc_g19_d220_bernoulli_drop_0_25,reruns\grid_density\scenarios\cv\known_visit_grid19_targets10_trials50.csv,1,3,15,12.635463043923382,12.635463043923382,01,01,1,0,True,completed
21,known_visit,HIPC,bernoulli,drop_0.25,19,361,2,10,hipc_g19_d220_bernoulli_drop_0_25,reruns\grid_density\scenarios\cv\known_visit_grid19_targets10_trials50.csv,2,4,17,7.255211307951593,7.255211307951593,01,01,1,0,True,completed
21,known_visit,HIPC,bernoulli,drop_0.25,19,361,2,10,hipc_g19_d220_bernoulli_drop_0_25,reruns\grid_density\scenarios\cv\known_visit_grid19_targets10_trials50.csv,3,6,8,74.97924025844748,74.97924025844748,00,00,1,0,True,completed
21,known_visit,HIPC,bernoulli,drop_0.25,19,361,2,10,hipc_g19_d220_bernoulli_drop_0_25,reruns\grid_density\scenarios\cv\known_visit_grid19_targets10_trials50.csv,4,12,16,40.386879085096304,40.386879085096304,01,01,1,0,True,completed
21,known_visit,HIPC,bernoulli,drop_0.25,19,361,2,10,hipc_g19_d220_bernoulli_drop_0_25,reruns\grid_density\scenarios\cv\known_visit_grid19_targets10_trials50.csv,5,18,6,50.99084508412557,50.99084508412557,00,00,1,0,True,completed
21,known_visit,HIPC,bernoulli,drop_0.25,19,361,2,10,hipc_g19_d220_bernoulli_drop_0_25,reruns\grid_density\scenarios\cv\known_visit_grid19_targets10_trials50.csv,6,2,3,7.572803902447122,7.572803902447122,00,00,1,0,True,completed
21,known_visit,HIPC,bernoulli,drop_0.25,19,361,2,10,hipc_g19_d220_bernoulli_drop_0_25,reruns\grid_density\scenarios\cv\known_visit_grid19_targets10_trials50.csv,7,1,1,2.124827271631985,2.124827271631985,00,00,1,0,True,completed
21,known_visit,HIPC,bernoulli,drop_0.25,19,361,2,10,hipc_g19_d220_bernoulli_drop_0_25,reruns\grid_density\scenarios\cv\known_visit_grid19_targets10_trials50.csv,8,16,0,37.106144133385975,37.106144133385975,00,00,1,0,True,completed
21,known_visit,HIPC,bernoulli,drop_0.25,19,361,2,10,hipc_g19_d220_bernoulli_drop_0_25,reruns\grid_density\scenarios\cv\known_visit_grid19_targets10_trials50.csv,9,13,1,30.028217334857555,30.028217334857555,00,00,1,0,True,completed
21,known_visit,HIPC,bernoulli,drop_0.25,19,361,2,10,hipc_g19_d220_bernoulli_drop_0_25,reruns\grid_density\scenarios\cv\known_visit_grid19_targets10_trials50.csv,10,9,3,19.513810839392434,19.513810839392434,00,00,1,0,True,completed
22,known_visit,HIPC,bernoulli,drop_0.25,19,361,2,10,hipc_g19_d220_bernoulli_drop_0_25,reruns\grid_density\scenarios\cv\known_visit_grid19_targets10_trials50.csv,1,15,0,28.531066561652487,28.531066561652487,00,00,1,0,True,completed
22,known_visit,HIPC,bernoulli,drop_0.25,19,361,2,10,hipc_g19_d220_bernoulli_drop_0_25,reruns\grid_density\scenarios\cv\known_visit_grid19_targets10_trials50.csv,2,13,10,53.13863532459777,53.13863532459777,00,00,1,0,True,completed
22,known_visit,HIPC,bernoulli,drop_0.25,19,361,2,10,hipc_g19_d220_bernoulli_drop_0_25,reruns\grid_density\scenarios\cv\known_visit_grid19_targets10_trials50.csv,3,4,16,13.606243690670512,13.606243690670512,01,01,1,0,True,completed
22,known_visit,HIPC,bernoulli,drop_0.25,19,361,2,10,hipc_g19_d220_bernoulli_drop_0_25,reruns\grid_density\scenarios\cv\known_visit_grid19_targets10_trials50.csv,4,2,18,6.232681001424439,6.232681001424439,01,01,1,0,True,completed
22,known_visit,HIPC,bernoulli,drop_0.25,19,361,2,10,hipc_g19_d220_bernoulli_drop_0_25,reruns\grid_density\scenarios\cv\known_visit_grid19_targets10_trials50.csv,5,0,17,0.5317310466876772,0.5317310466876772,01,01,1,0,True,completed
22,known_visit,HIPC,bernoulli,drop_0.25,19,361,2,10,hipc_g19_d220_bernoulli_drop_0_25,reruns\grid_density\scenarios\cv\known_visit_grid19_targets10_trials50.csv,6,12,0,19.216342237698267,19.216342237698267,00,00,1,0,True,completed
22,known_visit,HIPC,bernoulli,drop_0.25,19,361,2,10,hipc_g19_d220_bernoulli_drop_0_25,reruns\grid_density\scenarios\cv\known_visit_grid19_targets10_trials50.csv,7,13,1,22.907708120349348,22.907708120349348,00,00,1,0,True,completed
22,known_visit,HIPC,bernoulli,drop_0.25,19,361,2,10,hipc_g19_d220_bernoulli_drop_0_25,reruns\grid_density\scenarios\cv\known_visit_grid19_targets10_trials50.csv,8,12,18,38.31664935050498,38.31664935050498,01,01,1,0,True,completed
22,known_visit,HIPC,bernoulli,drop_0.25,19,361,2,10,hipc_g19_d220_bernoulli_drop_0_25,reruns\grid_density\scenarios\cv\known_visit_grid19_targets10_trials50.csv,9,9,14,25.885369597435293,25.885369597435293,01,01,1,0,True,completed
22,known_visit,HIPC,bernoulli,drop_0.25,19,361,2,10,hipc_g19_d220_bernoulli_drop_0_25,reruns\grid_density\scenarios\cv\known_visit_grid19_targets10_trials50.csv,10,15,10,49.72257296359708,49.72257296359708,00,00,1,0,True,completed
23,known_visit,HIPC,bernoulli,drop_0.25,19,361,2,10,hipc_g19_d220_bernoulli_drop_0_25,reruns\grid_density\scenarios\cv\known_visit_grid19_targets10_trials50.csv,1,9,18,32.203062249598645,32.203062249598645,01,01,1,0,True,completed
23,known_visit,HIPC,bernoulli,drop_0.25,19,361,2,10,hipc_g19_d220_bernoulli_drop_0_25,reruns\grid_density\scenarios\cv\known_visit_grid19_targets10_trials50.csv,2,10,16,26.84797765386825,26.84797765386825,01,01,2,1,True,completed
23,known_visit,HIPC,bernoulli,drop_0.25,19,361,2,10,hipc_g19_d220_bernoulli_drop_0_25,reruns\grid_density\scenarios\cv\known_visit_grid19_targets10_trials50.csv,3,10,3,20.85306714833824,20.85306714833824,00,00,1,0,True,completed
23,known_visit,HIPC,bernoulli,drop_0.25,19,361,2,10,hipc_g19_d220_bernoulli_drop_0_25,reruns\grid_density\scenarios\cv\known_visit_grid19_targets10_trials50.csv,4,2,14,9.285110747621736,9.285110747621736,01,01,1,0,True,completed
23,known_visit,HIPC,bernoulli,drop_0.25,19,361,2,10,hipc_g19_d220_bernoulli_drop_0_25,reruns\grid_density\scenarios\cv\known_visit_grid19_targets10_trials50.csv,5,14,16,44.863159016535896,44.863159016535896,01,01,1,0,True,completed
23,known_visit,HIPC,bernoulli,drop_0.25,19,361,2,10,hipc_g19_d220_bernoulli_drop_0_25,reruns\grid_density\scenarios\cv\known_visit_grid19_targets10_trials50.csv,6,12,2,26.57369386475344,26.57369386475344,00,00,1,0,True,completed
23,known_visit,HIPC,bernoulli,drop_0.25,19,361,2,10,hipc_g19_d220_bernoulli_drop_0_25,reruns\grid_density\scenarios\cv\known_visit_grid19_targets10_trials50.csv,7,13,8,39.07334412592356,39.07334412592356,00,00,1,0,True,completed
23,known_visit,HIPC,bernoulli,drop_0.25,19,361,2,10,hipc_g19_d220_bernoulli_drop_0_25,reruns\grid_density\scenarios\cv\known_visit_grid19_targets10_trials50.csv,8,2,0,1.828567382507061,1.828567382507061,00,00,1,0,True,completed
23,known_visit,HIPC,bernoulli,drop_0.25,19,361,2,10,hipc_g19_d220_bernoulli_drop_0_25,reruns\grid_density\scenarios\cv\known_visit_grid19_targets10_trials50.csv,9,16,6,48.16041869858514,48.16041869858514,00,00,1,0,True,completed
23,known_visit,HIPC,bernoulli,drop_0.25,19,361,2,10,hipc_g19_d220_bernoulli_drop_0_25,reruns\grid_density\scenarios\cv\known_visit_grid19_targets10_trials50.csv,10,9,0,13.7223667297778,13.7223667297778,00,00,1,0,True,completed
24,known_visit,HIPC,bernoulli,drop_0.25,19,361,2,10,hipc_g19_d220_bernoulli_drop_0_25,reruns\grid_density\scenarios\cv\known_visit_grid19_targets10_trials50.csv,1,5,6,20.886410666054182,20.886410666054182,00,00,1,0,True,completed
24,known_visit,HIPC,bernoulli,drop_0.25,19,361,2,10,hipc_g19_d220_bernoulli_drop_0_25,reruns\grid_density\scenarios\cv\known_visit_grid19_targets10_trials50.csv,2,13,13,47.06504725643989,47.06504725643989,00,00,1,0,True,completed
24,known_visit,HIPC,bernoulli,drop_0.25,19,361,2,10,hipc_g19_d220_bernoulli_drop_0_25,reruns\grid_density\scenarios\cv\known_visit_grid19_targets10_trials50.csv,3,11,3,43.82564793600099,43.82564793600099,01,01,1,0,True,completed
24,known_visit,HIPC,bernoulli,drop_0.25,19,361,2,10,hipc_g19_d220_bernoulli_drop_0_25,reruns\grid_density\scenarios\cv\known_visit_grid19_targets10_trials50.csv,4,6,1,10.594383210332754,10.594383210332754,00,00,1,0,True,completed
24,known_visit,HIPC,bernoulli,drop_0.25,19,361,2,10,hipc_g19_d220_bernoulli_drop_0_25,reruns\grid_density\scenarios\cv\known_visit_grid19_targets10_trials50.csv,5,2,10,15.738714427478453,15.738714427478453,01,01,1,0,True,completed
24,known_visit,HIPC,bernoulli,drop_0.25,19,361,2,10,hipc_g19_d220_bernoulli_drop_0_25,reruns\grid_density\scenarios\cv\known_visit_grid19_targets10_trials50.csv,6,17,0,59.567232014956396,59.567232014956396,01,01,1,0,True,completed
24,known_visit,HIPC,bernoulli,drop_0.25,19,361,2,10,hipc_g19_d220_bernoulli_drop_0_25,reruns\grid_density\scenarios\cv\known_visit_grid19_targets10_trials50.csv,7,16,15,55.96473263918271,55.96473263918271,00,00,1,0,True,completed
24,known_visit,HIPC,bernoulli,drop_0.25,19,361,2,10,hipc_g19_d220_bernoulli_drop_0_25,reruns\grid_density\scenarios\cv\known_visit_grid19_targets10_trials50.csv,8,13,8,38.368904347552444,38.368904347552444,00,00,1,0,True,completed
24,known_visit,HIPC,bernoulli,drop_0.25,19,361,2,10,hipc_g19_d220_bernoulli_drop_0_25,reruns\grid_density\scenarios\cv\known_visit_grid19_targets10_trials50.csv,9,6,8,26.599865703905063,26.599865703905063,00,00,1,0,True,completed
24,known_visit,HIPC,bernoulli,drop_0.25,19,361,2,10,hipc_g19_d220_bernoulli_drop_0_25,reruns\grid_density\scenarios\cv\known_visit_grid19_targets10_trials50.csv,10,2,8,19.25433615458942,19.25433615458942,01,01,1,0,True,completed
25,known_visit,HIPC,bernoulli,drop_0.25,19,361,2,10,hipc_g19_d220_bernoulli_drop_0_25,reruns\grid_density\scenarios\cv\known_visit_grid19_targets10_trials50.csv,1,6,0,46.83959574767821,46.83959574767821,00,00,1,0,True,completed
25,known_visit,HIPC,bernoulli,drop_0.25,19,361,2,10,hipc_g19_d220_bernoulli_drop_0_25,reruns\grid_density\scenarios\cv\known_visit_grid19_targets10_trials50.csv,2,6,17,18.244234277717165,18.244234277717165,01,01,1,0,True,completed
25,known_visit,HIPC,bernoulli,drop_0.25,19,361,2,10,hipc_g19_d220_bernoulli_drop_0_25,reruns\grid_density\scenarios\cv\known_visit_grid19_targets10_trials50.csv,3,16,15,39.17418482771395,39.17418482771395,01,01,1,0,True,completed
25,known_visit,HIPC,bernoulli,drop_0.25,19,361,2,10,hipc_g19_d220_bernoulli_drop_0_25,reruns\grid_density\scenarios\cv\known_visit_grid19_targets10_trials50.csv,4,5,15,12.876125992119132,12.876125992119132,01,01,1,0,True,completed
25,known_visit,HIPC,bernoulli,drop_0.25,19,361,2,10,hipc_g19_d220_bernoulli_drop_0_25,reruns\grid_density\scenarios\cv\known_visit_grid19_targets10_trials50.csv,5,2,15,7.262103921331086,7.262103921331086,01,01,1,0,True,completed
25,known_visit,HIPC,bernoulli,drop_0.25,19,361,2,10,hipc_g19_d220_bernoulli_drop_0_25,reruns\grid_density\scenarios\cv\known_visit_grid19_targets10_trials50.csv,6,1,2,3.832463661308695,3.832463661308695,00,00,1,0,True,completed
25,known_visit,HIPC,bernoulli,drop_0.25,19,361,2,10,hipc_g19_d220_bernoulli_drop_0_25,reruns\grid_density\scenarios\cv\known_visit_grid19_targets10_trials50.csv,7,2,8,15.69978233591576,15.69978233591576,00,00,1,0,True,completed
25,known_visit,HIPC,bernoulli,drop_0.25,19,361,2,10,hipc_g19_d220_bernoulli_drop_0_25,reruns\grid_density\scenarios\cv\known_visit_grid19_targets10_trials50.csv,8,15,10,50.114710246830015,50.114710246830015,01,01,1,0,True,completed
25,known_visit,HIPC,bernoulli,drop_0.25,19,361,2,10,hipc_g19_d220_bernoulli_drop_0_25,reruns\grid_density\scenarios\cv\known_visit_grid19_targets10_trials50.csv,9,9,4,34.87253663734939,34.87253663734939,00,00,1,0,True,completed
25,known_visit,HIPC,bernoulli,drop_0.25,19,361,2,10,hipc_g19_d220_bernoulli_drop_0_25,reruns\grid_density\scenarios\cv\known_visit_grid19_targets10_trials50.csv,10,13,16,32.15572715059236,32.15572715059236,01,01,1,0,True,completed
26,known_visit,HIPC,bernoulli,drop_0.25,19,361,2,10,hipc_g19_d220_bernoulli_drop_0_25,reruns\grid_density\scenarios\cv\known_visit_grid19_targets10_trials50.csv,1,2,7,14.06286869073914,14.06286869073914,00,00,1,0,True,completed
26,known_visit,HIPC,bernoulli,drop_0.25,19,361,2,10,hipc_g19_d220_bernoulli_drop_0_25,reruns\grid_density\scenarios\cv\known_visit_grid19_targets10_trials50.csv,2,10,14,26.33263029778247,26.33263029778247,01,01,1,0,True,completed
26,known_visit,HIPC,bernoulli,drop_0.25,19,361,2,10,hipc_g19_d220_bernoulli_drop_0_25,reruns\grid_density\scenarios\cv\known_visit_grid19_targets10_trials50.csv,3,10,1,38.28744748926707,38.28744748926707,00,00,1,0,True,completed
26,known_visit,HIPC,bernoulli,drop_0.25,19,361,2,10,hipc_g19_d220_bernoulli_drop_0_25,reruns\grid_density\scenarios\cv\known_visit_grid19_targets10_trials50.csv,4,7,13,19.00784755995809,19.00784755995809,01,01,1,0,True,completed
26,known_visit,HIPC,bernoulli,drop_0.25,19,361,2,10,hipc_g19_d220_bernoulli_drop_0_25,reruns\grid_density\scenarios\cv\known_visit_grid19_targets10_trials50.csv,5,18,10,47.59722940868583,47.59722940868583,01,01,1,0,True,completed
26,known_visit,HIPC,bernoulli,drop_0.25,19,361,2,10,hipc_g19_d220_bernoulli_drop_0_25,reruns\grid_density\scenarios\cv\known_visit_grid19_targets10_trials50.csv,6,12,12,33.761353116181375,33.761353116181375,01,01,1,0,True,completed
26,known_visit,HIPC,bernoulli,drop_0.25,19,361,2,10,hipc_g19_d220_bernoulli_drop_0_25,reruns\grid_density\scenarios\cv\known_visit_grid19_targets10_trials50.csv,7,8,7,24.548293539304176,24.548293539304176,00,00,1,0,True,completed
26,known_visit,HIPC,bernoulli,drop_0.25,19,361,2,10,hipc_g19_d220_bernoulli_drop_0_25,reruns\grid_density\scenarios\cv\known_visit_grid19_targets10_trials50.csv,8,16,10,44.21118835970931,44.21118835970931,01,01,1,0,True,completed
26,known_visit,HIPC,bernoulli,drop_0.25,19,361,2,10,hipc_g19_d220_bernoulli_drop_0_25,reruns\grid_density\scenarios\cv\known_visit_grid19_targets10_trials50.csv,9,13,10,38.98524911236666,38.98524911236666,01,01,1,0,True,completed
26,known_visit,HIPC,bernoulli,drop_0.25,19,361,2,10,hipc_g19_d220_bernoulli_drop_0_25,reruns\grid_density\scenarios\cv\known_visit_grid19_targets10_trials50.csv,10,17,5,58.50846284624477,58.50846284624477,01,01,1,0,True,completed
27,known_visit,HIPC,bernoulli,drop_0.25,19,361,2,10,hipc_g19_d220_bernoulli_drop_0_25,reruns\grid_density\scenarios\cv\known_visit_grid19_targets10_trials50.csv,1,2,15,7.254528707448737,7.254528707448737,01,01,1,0,True,completed
27,known_visit,HIPC,bernoulli,drop_0.25,19,361,2,10,hipc_g19_d220_bernoulli_drop_0_25,reruns\grid_density\scenarios\cv\known_visit_grid19_targets10_trials50.csv,2,9,6,71.4621681213056,71.4621681213056,00,00,1,0,True,completed
27,known_visit,HIPC,bernoulli,drop_0.25,19,361,2,10,hipc_g19_d220_bernoulli_drop_0_25,reruns\grid_density\scenarios\cv\known_visit_grid19_targets10_trials50.csv,3,13,15,40.37378003713726,40.37378003713726,01,01,1,0,True,completed
27,known_visit,HIPC,bernoulli,drop_0.25,19,361,2,10,hipc_g19_d220_bernoulli_drop_0_25,reruns\grid_density\scenarios\cv\known_visit_grid19_targets10_trials50.csv,4,15,5,33.240052866648895,33.240052866648895,00,00,1,0,True,completed
27,known_visit,HIPC,bernoulli,drop_0.25,19,361,2,10,hipc_g19_d220_bernoulli_drop_0_25,reruns\grid_density\scenarios\cv\known_visit_grid19_targets10_trials50.csv,5,14,8,40.77925582202631,40.77925582202631,00,00,1,0,True,completed
27,known_visit,HIPC,bernoulli,drop_0.25,19,361,2,10,hipc_g19_d220_bernoulli_drop_0_25,reruns\grid_density\scenarios\cv\known_visit_grid19_targets10_trials50.csv,6,12,0,18.80984173791099,18.80984173791099,00,00,1,0,True,completed
27,known_visit,HIPC,bernoulli,drop_0.25,19,361,2,10,hipc_g19_d220_bernoulli_drop_0_25,reruns\grid_density\scenarios\cv\known_visit_grid19_targets10_trials50.csv,7,10,14,33.44315012488482,33.44315012488482,01,01,1,0,True,completed
27,known_visit,HIPC,bernoulli,drop_0.25,19,361,2,10,hipc_g19_d220_bernoulli_drop_0_25,reruns\grid_density\scenarios\cv\known_visit_grid19_targets10_trials50.csv,8,17,9,48.23643569753531,48.23643569753531,00,00,1,0,True,completed
27,known_visit,HIPC,bernoulli,drop_0.25,19,361,2,10,hipc_g19_d220_bernoulli_drop_0_25,reruns\grid_density\scenarios\cv\known_visit_grid19_targets10_trials50.csv,9,13,2,24.3241136475234,24.3241136475234,00,00,1,0,True,completed
27,known_visit,HIPC,bernoulli,drop_0.25,19,361,2,10,hipc_g19_d220_bernoulli_drop_0_25,reruns\grid_density\scenarios\cv\known_visit_grid19_targets10_trials50.csv,10,6,11,21.199291428229355,21.199291428229355,01,01,1,0,True,completed
28,known_visit,HIPC,bernoulli,drop_0.25,19,361,2,10,hipc_g19_d220_bernoulli_drop_0_25,reruns\grid_density\scenarios\cv\known_visit_grid19_targets10_trials50.csv,1,4,16,9.06605268195515,9.06605268195515,01,01,1,0,True,completed
28,known_visit,HIPC,bernoulli,drop_0.25,19,361,2,10,hipc_g19_d220_bernoulli_drop_0_25,reruns\grid_density\scenarios\cv\known_visit_grid19_targets10_trials50.csv,2,5,7,19.69134994339937,19.69134994339937,00,00,1,0,True,completed
28,known_visit,HIPC,bernoulli,drop_0.25,19,361,2,10,hipc_g19_d220_bernoulli_drop_0_25,reruns\grid_density\scenarios\cv\known_visit_grid19_targets10_trials50.csv,3,9,10,32.01761130532137,32.01761130532137,00,00,1,0,True,completed
28,known_visit,HIPC,bernoulli,drop_0.25,19,361,2,10,hipc_g19_d220_bernoulli_drop_0_25,reruns\grid_density\scenarios\cv\known_visit_grid19_targets10_trials50.csv,4,6,0,39.4111539277038,39.4111539277038,01,01,1,0,True,completed
28,known_visit,HIPC,bernoulli,drop_0.25,19,361,2,10,hipc_g19_d220_bernoulli_drop_0_25,reruns\grid_density\scenarios\cv\known_visit_grid19_targets10_trials50.csv,5,15,15,72.33479199358206,72.33479199358206,00,00,1,0,True,completed
28,known_visit,HIPC,bernoulli,drop_0.25,19,361,2,10,hipc_g19_d220_bernoulli_drop_0_25,reruns\grid_density\scenarios\cv\known_visit_grid19_targets10_trials50.csv,6,1,5,9.226976128944397,9.226976128944397,00,00,1,0,True,completed
28,known_visit,HIPC,bernoulli,drop_0.25,19,361,2,10,hipc_g19_d220_bernoulli_drop_0_25,reruns\grid_density\scenarios\cv\known_visit_grid19_targets10_trials50.csv,7,14,4,51.590561357131165,51.590561357131165,00,00,1,0,True,completed
28,known_visit,HIPC,bernoulli,drop_0.25,19,361,2,10,hipc_g19_d220_bernoulli_drop_0_25,reruns\grid_density\scenarios\cv\known_visit_grid19_targets10_trials50.csv,8,4,7,18.005118759888216,18.005118759888216,00,00,2,1,True,completed
28,known_visit,HIPC,bernoulli,drop_0.25,19,361,2,10,hipc_g19_d220_bernoulli_drop_0_25,reruns\grid_density\scenarios\cv\known_visit_grid19_targets10_trials50.csv,9,13,7,44.473734836292444,44.473734836292444,00,00,1,0,True,completed
28,known_visit,HIPC,bernoulli,drop_0.25,19,361,2,10,hipc_g19_d220_bernoulli_drop_0_25,reruns\grid_density\scenarios\cv\known_visit_grid19_targets10_trials50.csv,10,7,7,23.03840146494828,23.03840146494828,00,00,1,0,True,completed
29,known_visit,HIPC,bernoulli,drop_0.25,19,361,2,10,hipc_g19_d220_bernoulli_drop_0_25,reruns\grid_density\scenarios\cv\known_visit_grid19_targets10_trials50.csv,1,15,14,49.346331515124064,49.346331515124064,01,01,1,0,True,completed
29,known_visit,HIPC,bernoulli,drop_0.25,19,361,2,10,hipc_g19_d220_bernoulli_drop_0_25,reruns\grid_density\scenarios\cv\known_visit_grid19_targets10_trials50.csv,2,18,9,60.18102380654377,60.18102380654377,00,00,1,0,True,completed
29,known_visit,HIPC,bernoulli,drop_0.25,19,361,2,10,hipc_g19_d220_bernoulli_drop_0_25,reruns\grid_density\scenarios\cv\known_visit_grid19_targets10_trials50.csv,3,9,9,29.655724729231718,29.655724729231718,01,01,1,0,True,completed
29,known_visit,HIPC,bernoulli,drop_0.25,19,361,2,10,hipc_g19_d220_bernoulli_drop_0_25,reruns\grid_density\scenarios\cv\known_visit_grid19_targets10_trials50.csv,4,15,18,56.60822768973283,56.60822768973283,01,01,1,0,True,completed
29,known_visit,HIPC,bernoulli,drop_0.25,19,361,2,10,hipc_g19_d220_bernoulli_drop_0_25,reruns\grid_density\scenarios\cv\known_visit_grid19_targets10_trials50.csv,5,10,1,17.50508015290796,17.50508015290796,00,00,1,0,True,completed
29,known_visit,HIPC,bernoulli,drop_0.25,19,361,2,10,hipc_g19_d220_bernoulli_drop_0_25,reruns\grid_density\scenarios\cv\known_visit_grid19_targets10_trials50.csv,6,11,5,26.284164016330482,26.284164016330482,00,00,1,0,True,completed
29,known_visit,HIPC,bernoulli,drop_0.25,19,361,2,10,hipc_g19_d220_bernoulli_drop_0_25,reruns\grid_density\scenarios\cv\known_visit_grid19_targets10_trials50.csv,7,18,2,43.98382294155845,43.98382294155845,00,00,1,0,True,completed
29,known_visit,HIPC,bernoulli,drop_0.25,19,361,2,10,hipc_g19_d220_bernoulli_drop_0_25,reruns\grid_density\scenarios\cv\known_visit_grid19_targets10_trials50.csv,8,12,11,38.633309535445264,38.633309535445264,01,01,1,0,True,completed
29,known_visit,HIPC,bernoulli,drop_0.25,19,361,2,10,hipc_g19_d220_bernoulli_drop_0_25,reruns\grid_density\scenarios\cv\known_visit_grid19_targets10_trials50.csv,9,5,18,6.769688634652944,6.769688634652944,01,01,1,0,True,completed
29,known_visit,HIPC,bernoulli,drop_0.25,19,361,2,10,hipc_g19_d220_bernoulli_drop_0_25,reruns\grid_density\scenarios\cv\known_visit_grid19_targets10_trials50.csv,10,7,15,15.398826167472942,15.398826167472942,01,01,1,0,True,completed
30,known_visit,HIPC,bernoulli,drop_0.25,19,361,2,10,hipc_g19_d220_bernoulli_drop_0_25,reruns\grid_density\scenarios\cv\known_visit_grid19_targets10_trials50.csv,1,15,8,60.285815340002834,60.285815340002834,01,01,1,0,True,completed
30,known_visit,HIPC,bernoulli,drop_0.25,19,361,2,10,hipc_g19_d220_bernoulli_drop_0_25,reruns\grid_density\scenarios\cv\known_visit_grid19_targets10_trials50.csv,2,7,18,25.101627729696915,25.101627729696915,01,01,1,0,True,completed
30,known_visit,HIPC,bernoulli,drop_0.25,19,361,2,10,hipc_g19_d220_bernoulli_drop_0_25,reruns\grid_density\scenarios\cv\known_visit_grid19_targets10_trials50.csv,3,3,15,8.681357696533269,8.681357696533269,01,01,1,0,True,completed
30,known_visit,HIPC,bernoulli,drop_0.25,19,361,2,10,hipc_g19_d220_bernoulli_drop_0_25,reruns\grid_density\scenarios\cv\known_visit_grid19_targets10_trials50.csv,4,8,15,17.598276505888357,17.598276505888357,01,01,1,0,True,completed
30,known_visit,HIPC,bernoulli,drop_0.25,19,361,2,10,hipc_g19_d220_bernoulli_drop_0_25,reruns\grid_density\scenarios\cv\known_visit_grid19_targets10_trials50.csv,5,16,13,49.75268180500781,49.75268180500781,01,01,1,0,True,completed
30,known_visit,HIPC,bernoulli,drop_0.25,19,361,2,10,hipc_g19_d220_bernoulli_drop_0_25,reruns\grid_density\scenarios\cv\known_visit_grid19_targets10_trials50.csv,6,3,4,14.727398061436736,14.727398061436736,00,00,1,0,True,completed
30,known_visit,HIPC,bernoulli,drop_0.25,19,361,2,10,hipc_g19_d220_bernoulli_drop_0_25,reruns\grid_density\scenarios\cv\known_visit_grid19_targets10_trials50.csv,7,13,17,37.80834573963534,37.80834573963534,01,01,1,0,True,completed
30,known_visit,HIPC,bernoulli,drop_0.25,19,361,2,10,hipc_g19_d220_bernoulli_drop_0_25,reruns\grid_density\scenarios\cv\known_visit_grid19_targets10_trials50.csv,8,2,5,10.743970414741984,10.743970414741984,00,00,1,0,True,completed
30,known_visit,HIPC,bernoulli,drop_0.25,19,361,2,10,hipc_g19_d220_bernoulli_drop_0_25,reruns\grid_density\scenarios\cv\known_visit_grid19_targets10_trials50.csv,9,11,0,35.56641465625827,35.56641465625827,00,00,1,0,True,completed
30,known_visit,HIPC,bernoulli,drop_0.25,19,361,2,10,hipc_g19_d220_bernoulli_drop_0_25,reruns\grid_density\scenarios\cv\known_visit_grid19_targets10_trials50.csv,10,17,3,51.19950181758332,51.19950181758332,00,00,1,0,True,completed
31,known_visit,HIPC,bernoulli,drop_0.25,19,361,2,10,hipc_g19_d220_bernoulli_drop_0_25,reruns\grid_density\scenarios\cv\known_visit_grid19_targets10_trials50.csv,1,10,3,24.686701853547216,24.686701853547216,00,00,1,0,True,completed
31,known_visit,HIPC,bernoulli,drop_0.25,19,361,2,10,hipc_g19_d220_bernoulli_drop_0_25,reruns\grid_density\scenarios\cv\known_visit_grid19_targets10_trials50.csv,2,14,5,38.574836335991726,38.574836335991726,00,00,1,0,True,completed
31,known_visit,HIPC,bernoulli,drop_0.25,19,361,2,10,hipc_g19_d220_bernoulli_drop_0_25,reruns\grid_density\scenarios\cv\known_visit_grid19_targets10_trials50.csv,3,8,4,19.32880309042062,19.32880309042062,00,00,1,0,True,completed
31,known_visit,HIPC,bernoulli,drop_0.25,19,361,2,10,hipc_g19_d220_bernoulli_drop_0_25,reruns\grid_density\scenarios\cv\known_visit_grid19_targets10_trials50.csv,4,10,8,50.69629886330995,50.69629886330995,00,00,1,0,True,completed
31,known_visit,HIPC,bernoulli,drop_0.25,19,361,2,10,hipc_g19_d220_bernoulli_drop_0_25,reruns\grid_density\scenarios\cv\known_visit_grid19_targets10_trials50.csv,5,4,13,27.80637634751625,27.80637634751625,01,01,1,0,True,completed
31,known_visit,HIPC,bernoulli,drop_0.25,19,361,2,10,hipc_g19_d220_bernoulli_drop_0_25,reruns\grid_density\scenarios\cv\known_visit_grid19_targets10_trials50.csv,6,10,4,22.750300119886603,22.750300119886603,00,00,1,0,True,completed
31,known_visit,HIPC,bernoulli,drop_0.25,19,361,2,10,hipc_g19_d220_bernoulli_drop_0_25,reruns\grid_density\scenarios\cv\known_visit_grid19_targets10_trials50.csv,7,0,2,2.0370538399947433,2.0370538399947433,00,00,1,0,True,completed
31,known_visit,HIPC,bernoulli,drop_0.25,19,361,2,10,hipc_g19_d220_bernoulli_drop_0_25,reruns\grid_density\scenarios\cv\known_visit_grid19_targets10_trials50.csv,8,6,18,8.487519266346666,8.487519266346666,01,01,1,0,True,completed
31,known_visit,HIPC,bernoulli,drop_0.25,19,361,2,10,hipc_g19_d220_bernoulli_drop_0_25,reruns\grid_density\scenarios\cv\known_visit_grid19_targets10_trials50.csv,9,8,15,17.366415429284434,17.366415429284434,01,01,1,0,True,completed
31,known_visit,HIPC,bernoulli,drop_0.25,19,361,2,10,hipc_g19_d220_bernoulli_drop_0_25,reruns\grid_density\scenarios\cv\known_visit_grid19_targets10_trials50.csv,10,12,2,29.94660861811721,29.94660861811721,00,00,1,0,True,completed
32,known_visit,HIPC,bernoulli,drop_0.25,19,361,2,10,hipc_g19_d220_bernoulli_drop_0_25,reruns\grid_density\scenarios\cv\known_visit_grid19_targets10_trials50.csv,1,16,8,44.46602058952789,44.46602058952789,00,00,1,0,True,completed
32,known_visit,HIPC,bernoulli,drop_0.25,19,361,2,10,hipc_g19_d220_bernoulli_drop_0_25,reruns\grid_density\scenarios\cv\known_visit_grid19_targets10_trials50.csv,2,5,1,8.925025869838796,8.925025869838796,00,00,1,0,True,completed
32,known_visit,HIPC,bernoulli,drop_0.25,19,361,2,10,hipc_g19_d220_bernoulli_drop_0_25,reruns\grid_density\scenarios\cv\known_visit_grid19_targets10_trials50.csv,3,14,15,35.70551233720363,35.70551233720363,01,01,1,0,True,completed
32,known_visit,HIPC,bernoulli,drop_0.25,19,361,2,10,hipc_g19_d220_bernoulli_drop_0_25,reruns\grid_density\scenarios\cv\known_visit_grid19_targets10_trials50.csv,4,3,5,72.50397217699324,72.50397217699324,00,00,1,0,True,completed
32,known_visit,HIPC,bernoulli,drop_0.25,19,361,2,10,hipc_g19_d220_bernoulli_drop_0_25,reruns\grid_density\scenarios\cv\known_visit_grid19_targets10_trials50.csv,5,11,17,23.237405075259367,23.237405075259367,01,01,1,0,True,completed
32,known_visit,HIPC,bernoulli,drop_0.25,19,361,2,10,hipc_g19_d220_bernoulli_drop_0_25,reruns\grid_density\scenarios\cv\known_visit_grid19_targets10_trials50.csv,6,14,18,30.215713754445026,30.215713754445026,01,01,1,0,True,completed
32,known_visit,HIPC,bernoulli,drop_0.25,19,361,2,10,hipc_g19_d220_bernoulli_drop_0_25,reruns\grid_density\scenarios\cv\known_visit_grid19_targets10_trials50.csv,7,14,0,27.023479746217703,27.023479746217703,00,00,1,0,True,completed
32,known_visit,HIPC,bernoulli,drop_0.25,19,361,2,10,hipc_g19_d220_bernoulli_drop_0_25,reruns\grid_density\scenarios\cv\known_visit_grid19_targets10_trials50.csv,8,8,16,16.16623082254115,16.16623082254115,01,01,1,0,True,completed
32,known_visit,HIPC,bernoulli,drop_0.25,19,361,2,10,hipc_g19_d220_bernoulli_drop_0_25,reruns\grid_density\scenarios\cv\known_visit_grid19_targets10_trials50.csv,9,1,16,4.070120066194048,4.070120066194048,01,01,1,0,True,completed
32,known_visit,HIPC,bernoulli,drop_0.25,19,361,2,10,hipc_g19_d220_bernoulli_drop_0_25,reruns\grid_density\scenarios\cv\known_visit_grid19_targets10_trials50.csv,10,7,0,14.773153513723363,14.773153513723363,00,00,1,0,True,completed
33,known_visit,HIPC,bernoulli,drop_0.25,19,361,2,10,hipc_g19_d220_bernoulli_drop_0_25,reruns\grid_density\scenarios\cv\known_visit_grid19_targets10_trials50.csv,1,14,10,43.35699712117164,43.35699712117164,01,01,1,0,True,completed
33,known_visit,HIPC,bernoulli,drop_0.25,19,361,2,10,hipc_g19_d220_bernoulli_drop_0_25,reruns\grid_density\scenarios\cv\known_visit_grid19_targets10_trials50.csv,2,6,5,18.70241638264197,18.70241638264197,00,00,1,0,True,completed
33,known_visit,HIPC,bernoulli,drop_0.25,19,361,2,10,hipc_g19_d220_bernoulli_drop_0_25,reruns\grid_density\scenarios\cv\known_visit_grid19_targets10_trials50.csv,3,13,0,39.71494670811468,39.71494670811468,00,00,1,0,True,completed
33,known_visit,HIPC,bernoulli,drop_0.25,19,361,2,10,hipc_g19_d220_bernoulli_drop_0_25,reruns\grid_density\scenarios\cv\known_visit_grid19_targets10_trials50.csv,4,15,6,52.210243728127786,52.210243728127786,01,01,1,0,True,completed
33,known_visit,HIPC,bernoulli,drop_0.25,19,361,2,10,hipc_g19_d220_bernoulli_drop_0_25,reruns\grid_density\scenarios\cv\known_visit_grid19_targets10_trials50.csv,5,2,2,5.706235475985595,5.706235475985595,00,00,1,0,True,completed
33,known_visit,HIPC,bernoulli,drop_0.25,19,361,2,10,hipc_g19_d220_bernoulli_drop_0_25,reruns\grid_density\scenarios\cv\known_visit_grid19_targets10_trials50.csv,6,1,14,14.093586751192904,14.093586751192904,01,01,1,0,True,completed
33,known_visit,HIPC,bernoulli,drop_0.25,19,361,2,10,hipc_g19_d220_bernoulli_drop_0_25,reruns\grid_density\scenarios\cv\known_visit_grid19_targets10_trials50.csv,7,17,17,76.36031458006728,76.36031458006728,00,00,1,0,True,completed
33,known_visit,HIPC,bernoulli,drop_0.25,19,361,2,10,hipc_g19_d220_bernoulli_drop_0_25,reruns\grid_density\scenarios\cv\known_visit_grid19_targets10_trials50.csv,8,4,5,14.914936913305448,14.914936913305448,00,00,1,0,True,completed
33,known_visit,HIPC,bernoulli,drop_0.25,19,361,2,10,hipc_g19_d220_bernoulli_drop_0_25,reruns\grid_density\scenarios\cv\known_visit_grid19_targets10_trials50.csv,9,3,18,3.50725961065058,3.50725961065058,01,01,1,0,True,completed
33,known_visit,HIPC,bernoulli,drop_0.25,19,361,2,10,hipc_g19_d220_bernoulli_drop_0_25,reruns\grid_density\scenarios\cv\known_visit_grid19_targets10_trials50.csv,10,3,2,7.614905214327146,7.614905214327146,00,00,1,0,True,completed
34,known_visit,HIPC,bernoulli,drop_0.25,19,361,2,10,hipc_g19_d220_bernoulli_drop_0_25,reruns\grid_density\scenarios\cv\known_visit_grid19_targets10_trials50.csv,1,5,13,16.055982996561756,16.055982996561756,01,01,1,0,True,completed
34,known_visit,HIPC,bernoulli,drop_0.25,19,361,2,10,hipc_g19_d220_bernoulli_drop_0_25,reruns\grid_density\scenarios\cv\known_visit_grid19_targets10_trials50.csv,2,18,17,66.44647810267753,66.44647810267753,01,01,1,0,True,completed
34,known_visit,HIPC,bernoulli,drop_0.25,19,361,2,10,hipc_g19_d220_bernoulli_drop_0_25,reruns\grid_density\scenarios\cv\known_visit_grid19_targets10_trials50.csv,3,3,1,5.620576621147941,5.620576621147941,00,00,1,0,True,completed
34,known_visit,HIPC,bernoulli,drop_0.25,19,361,2,10,hipc_g19_d220_bernoulli_drop_0_25,reruns\grid_density\scenarios\cv\known_visit_grid19_targets10_trials50.csv,4,2,13,10.692197000092534,10.692197000092534,01,01,1,0,True,completed
34,known_visit,HIPC,bernoulli,drop_0.25,19,361,2,10,hipc_g19_d220_bernoulli_drop_0_25,reruns\grid_density\scenarios\cv\known_visit_grid19_targets10_trials50.csv,5,6,2,20.776193337083825,20.776193337083825,00,00,1,0,True,completed
34,known_visit,HIPC,bernoulli,drop_0.25,19,361,2,10,hipc_g19_d220_bernoulli_drop_0_25,reruns\grid_density\scenarios\cv\known_visit_grid19_targets10_trials50.csv,6,12,2,35.196831263909985,35.196831263909985,00,00,1,0,True,completed
34,known_visit,HIPC,bernoulli,drop_0.25,19,361,2,10,hipc_g19_d220_bernoulli_drop_0_25,reruns\grid_density\scenarios\cv\known_visit_grid19_targets10_trials50.csv,7,14,9,45.77401130140062,45.77401130140062,01,01,1,0,True,completed
34,known_visit,HIPC,bernoulli,drop_0.25,19,361,2,10,hipc_g19_d220_bernoulli_drop_0_25,reruns\grid_density\scenarios\cv\known_visit_grid19_targets10_trials50.csv,8,6,0,13.004666996108435,13.004666996108435,00,00,1,0,True,completed
34,known_visit,HIPC,bernoulli,drop_0.25,19,361,2,10,hipc_g19_d220_bernoulli_drop_0_25,reruns\grid_density\scenarios\cv\known_visit_grid19_targets10_trials50.csv,9,11,3,31.51650278910302,31.51650278910302,00,00,1,0,True,completed
34,known_visit,HIPC,bernoulli,drop_0.25,19,361,2,10,hipc_g19_d220_bernoulli_drop_0_25,reruns\grid_density\scenarios\cv\known_visit_grid19_targets10_trials50.csv,10,12,7,38.504222766225034,38.504222766225034,01,01,1,0,True,completed
35,known_visit,HIPC,bernoulli,drop_0.25,19,361,2,10,hipc_g19_d220_bernoulli_drop_0_25,reruns\grid_density\scenarios\cv\known_visit_grid19_targets10_trials50.csv,1,6,13,17.488437382301978,17.488437382301978,01,01,1,0,True,completed
35,known_visit,HIPC,bernoulli,drop_0.25,19,361,2,10,hipc_g19_d220_bernoulli_drop_0_25,reruns\grid_density\scenarios\cv\known_visit_grid19_targets10_trials50.csv,2,15,4,31.20378723030819,31.20378723030819,00,00,1,0,True,completed
35,known_visit,HIPC,bernoulli,drop_0.25,19,361,2,10,hipc_g19_d220_bernoulli_drop_0_25,reruns\grid_density\scenarios\cv\known_visit_grid19_targets10_trials50.csv,3,6,0,8.78210037607208,8.78210037607208,00,00,1,0,True,completed
35,known_visit,HIPC,bernoulli,drop_0.25,19,361,2,10,hipc_g19_d220_bernoulli_drop_0_25,reruns\grid_density\scenarios\cv\known_visit_grid19_targets10_trials50.csv,4,16,10,50.44249876933481,50.44249876933481,00,00,1,0,True,completed
35,known_visit,HIPC,bernoulli,drop_0.25,19,361,2,10,hipc_g19_d220_bernoulli_drop_0_25,reruns\grid_density\scenarios\cv\known_visit_grid19_targets10_trials50.csv,5,10,0,15.635579457547498,15.635579457547498,00,00,1,0,True,completed
35,known_visit,HIPC,bernoulli,drop_0.25,19,361,2,10,hipc_g19_d220_bernoulli_drop_0_25,reruns\grid_density\scenarios\cv\known_visit_grid19_targets10_trials50.csv,6,12,3,24.304425924146912,24.304425924146912,00,00,2,1,True,completed
35,known_visit,HIPC,bernoulli,drop_0.25,19,361,2,10,hipc_g19_d220_bernoulli_drop_0_25,reruns\grid_density\scenarios\cv\known_visit_grid19_targets10_trials50.csv,7,8,9,27.85793137922818,27.85793137922818,01,01,1,0,True,completed
35,known_visit,HIPC,bernoulli,drop_0.25,19,361,2,10,hipc_g19_d220_bernoulli_drop_0_25,reruns\grid_density\scenarios\cv\known_visit_grid19_targets10_trials50.csv,8,10,15,69.36105781286476,69.36105781286476,00,00,1,0,True,completed
35,known_visit,HIPC,bernoulli,drop_0.25,19,361,2,10,hipc_g19_d220_bernoulli_drop_0_25,reruns\grid_density\scenarios\cv\known_visit_grid19_targets10_trials50.csv,9,2,8,40.15253151546011,40.15253151546011,01,01,1,0,True,completed
35,known_visit,HIPC,bernoulli,drop_0.25,19,361,2,10,hipc_g19_d220_bernoulli_drop_0_25,reruns\grid_density\scenarios\cv\known_visit_grid19_targets10_trials50.csv,10,18,6,39.944630587147834,39.944630587147834,00,00,1,0,True,completed
36,known_visit,HIPC,bernoulli,drop_0.25,19,361,2,10,hipc_g19_d220_bernoulli_drop_0_25,reruns\grid_density\scenarios\cv\known_visit_grid19_targets10_trials50.csv,1,12,13,43.04722914781308,43.04722914781308,01,01,1,0,True,completed
36,known_visit,HIPC,bernoulli,drop_0.25,19,361,2,10,hipc_g19_d220_bernoulli_drop_0_25,reruns\grid_density\scenarios\cv\known_visit_grid19_targets10_trials50.csv,2,7,8,24.41425820502296,24.41425820502296,00,00,1,0,True,completed
36,known_visit,HIPC,bernoulli,drop_0.25,19,361,2,10,hipc_g19_d220_bernoulli_drop_0_25,reruns\grid_density\scenarios\cv\known_visit_grid19_targets10_trials50.csv,3,3,16,7.006846847789087,7.006846847789087,01,01,1,0,True,completed
36,known_visit,HIPC,bernoulli,drop_0.25,19,361,2,10,hipc_g19_d220_bernoulli_drop_0_25,reruns\grid_density\scenarios\cv\known_visit_grid19_targets10_trials50.csv,4,12,17,24.42347044542626,24.42347044542626,01,01,1,0,True,completed
36,known_visit,HIPC,bernoulli,drop_0.25,19,361,2,10,hipc_g19_d220_bernoulli_drop_0_25,reruns\grid_density\scenarios\cv\known_visit_grid19_targets10_trials50.csv,5,14,15,31.848189850681223,31.848189850681223,01,01,1,0,True,completed
36,known_visit,HIPC,bernoulli,drop_0.25,19,361,2,10,hipc_g19_d220_bernoulli_drop_0_25,reruns\grid_density\scenarios\cv\known_visit_grid19_targets10_trials50.csv,6,14,16,30.0541349885044,30.0541349885044,01,01,1,0,True,completed
36,known_visit,HIPC,bernoulli,drop_0.25,19,361,2,10,hipc_g19_d220_bernoulli_drop_0_25,reruns\grid_density\scenarios\cv\known_visit_grid19_targets10_trials50.csv,7,9,16,17.351662791989504,17.351662791989504,01,01,1,0,True,completed
36,known_visit,HIPC,bernoulli,drop_0.25,19,361,2,10,hipc_g19_d220_bernoulli_drop_0_25,reruns\grid_density\scenarios\cv\known_visit_grid19_targets10_trials50.csv,8,7,2,14.133548446323402,14.133548446323402,00,00,1,0,True,completed
36,known_visit,HIPC,bernoulli,drop_0.25,19,361,2,10,hipc_g19_d220_bernoulli_drop_0_25,reruns\grid_density\scenarios\cv\known_visit_grid19_targets10_trials50.csv,9,2,9,35.095892011280085,35.095892011280085,00,00,1,0,True,completed
36,known_visit,HIPC,bernoulli,drop_0.25,19,361,2,10,hipc_g19_d220_bernoulli_drop_0_25,reruns\grid_density\scenarios\cv\known_visit_grid19_targets10_trials50.csv,10,15,14,35.49416209370378,35.49416209370378,01,01,1,0,True,completed
37,known_visit,HIPC,bernoulli,drop_0.25,19,361,2,10,hipc_g19_d220_bernoulli_drop_0_25,reruns\grid_density\scenarios\cv\known_visit_grid19_targets10_trials50.csv,1,0,17,0.42456698034058094,0.42456698034058094,01,01,1,0,True,completed
37,known_visit,HIPC,bernoulli,drop_0.25,19,361,2,10,hipc_g19_d220_bernoulli_drop_0_25,reruns\grid_density\scenarios\cv\known_visit_grid19_targets10_trials50.csv,2,10,3,21.088480329878976,21.088480329878976,00,00,1,0,True,completed
37,known_visit,HIPC,bernoulli,drop_0.25,19,361,2,10,hipc_g19_d220_bernoulli_drop_0_25,reruns\grid_density\scenarios\cv\known_visit_grid19_targets10_trials50.csv,3,3,8,21.100474805421857,21.100474805421857,01,01,1,0,True,completed
37,known_visit,HIPC,bernoulli,drop_0.25,19,361,2,10,hipc_g19_d220_bernoulli_drop_0_25,reruns\grid_density\scenarios\cv\known_visit_grid19_targets10_trials50.csv,4,6,3,14.042730953362291,14.042730953362291,00,00,1,0,True,completed
37,known_visit,HIPC,bernoulli,drop_0.25,19,361,2,10,hipc_g19_d220_bernoulli_drop_0_25,reruns\grid_density\scenarios\cv\known_visit_grid19_targets10_trials50.csv,5,17,6,52.69840223322452,52.69840223322452,00,00,1,0,True,completed
37,known_visit,HIPC,bernoulli,drop_0.25,19,361,2,10,hipc_g19_d220_bernoulli_drop_0_25,reruns\grid_density\scenarios\cv\known_visit_grid19_targets10_trials50.csv,6,12,10,36.77140364788868,36.77140364788868,00,00,1,0,True,completed
37,known_visit,HIPC,bernoulli,drop_0.25,19,361,2,10,hipc_g19_d220_bernoulli_drop_0_25,reruns\grid_density\scenarios\cv\known_visit_grid19_targets10_trials50.csv,7,6,1,10.713982290617215,10.713982290617215,00,00,1,0,True,completed
37,known_visit,HIPC,bernoulli,drop_0.25,19,361,2,10,hipc_g19_d220_bernoulli_drop_0_25,reruns\grid_density\scenarios\cv\known_visit_grid19_targets10_trials50.csv,8,7,10,42.251155833770184,42.251155833770184,01,01,1,0,True,completed
37,known_visit,HIPC,bernoulli,drop_0.25,19,361,2,10,hipc_g19_d220_bernoulli_drop_0_25,reruns\grid_density\scenarios\cv\known_visit_grid19_targets10_trials50.csv,9,3,5,26.3430315055925,26.3430315055925,01,01,1,0,True,completed
37,known_visit,HIPC,bernoulli,drop_0.25,19,361,2,10,hipc_g19_d220_bernoulli_drop_0_25,reruns\grid_density\scenarios\cv\known_visit_grid19_targets10_trials50.csv,10,7,8,38.73201084534019,38.73201084534019,01,01,1,0,True,completed
38,known_visit,HIPC,bernoulli,drop_0.25,19,361,2,10,hipc_g19_d220_bernoulli_drop_0_25,reruns\grid_density\scenarios\cv\known_visit_grid19_targets10_trials50.csv,1,15,3,51.131271641616195,51.131271641616195,00,00,1,0,True,completed
38,known_visit,HIPC,bernoulli,drop_0.25,19,361,2,10,hipc_g19_d220_bernoulli_drop_0_25,reruns\grid_density\scenarios\cv\known_visit_grid19_targets10_trials50.csv,2,14,8,40.059859061464785,40.059859061464785,01,01,1,0,True,completed
38,known_visit,HIPC,bernoulli,drop_0.25,19,361,2,10,hipc_g19_d220_bernoulli_drop_0_25,reruns\grid_density\scenarios\cv\known_visit_grid19_targets10_trials50.csv,3,15,9,44.063434010185965,44.063434010185965,01,01,1,0,True,completed
38,known_visit,HIPC,bernoulli,drop_0.25,19,361,2,10,hipc_g19_d220_bernoulli_drop_0_25,reruns\grid_density\scenarios\cv\known_visit_grid19_targets10_trials50.csv,4,16,2,54.877467929906274,54.877467929906274,00,00,1,0,True,completed
38,known_visit,HIPC,bernoulli,drop_0.25,19,361,2,10,hipc_g19_d220_bernoulli_drop_0_25,reruns\grid_density\scenarios\cv\known_visit_grid19_targets10_trials50.csv,5,14,15,56.096114397486154,56.096114397486154,01,01,1,0,True,completed
38,known_visit,HIPC,bernoulli,drop_0.25,19,361,2,10,hipc_g19_d220_bernoulli_drop_0_25,reruns\grid_density\scenarios\cv\known_visit_grid19_targets10_trials50.csv,6,5,12,17.374545453329723,17.374545453329723,01,01,1,0,True,completed
38,known_visit,HIPC,bernoulli,drop_0.25,19,361,2,10,hipc_g19_d220_bernoulli_drop_0_25,reruns\grid_density\scenarios\cv\known_visit_grid19_targets10_trials50.csv,7,12,17,63.40311143317891,63.40311143317891,01,01,1,0,True,completed
38,known_visit,HIPC,bernoulli,drop_0.25,19,361,2,10,hipc_g19_d220_bernoulli_drop_0_25,reruns\grid_density\scenarios\cv\known_visit_grid19_targets10_trials50.csv,8,7,6,27.819060597789466,27.819060597789466,00,00,1,0,True,completed
38,known_visit,HIPC,bernoulli,drop_0.25,19,361,2,10,hipc_g19_d220_bernoulli_drop_0_25,reruns\grid_density\scenarios\cv\known_visit_grid19_targets10_trials50.csv,9,9,3,18.914656722452836,18.914656722452836,00,00,1,0,True,completed
38,known_visit,HIPC,bernoulli,drop_0.25,19,361,2,10,hipc_g19_d220_bernoulli_drop_0_25,reruns\grid_density\scenarios\cv\known_visit_grid19_targets10_trials50.csv,10,5,10,20.76702883437942,20.76702883437942,01,01,1,0,True,completed
39,known_visit,HIPC,bernoulli,drop_0.25,19,361,2,10,hipc_g19_d220_bernoulli_drop_0_25,reruns\grid_density\scenarios\cv\known_visit_grid19_targets10_trials50.csv,1,9,8,30.78514271621377,30.78514271621377,01,01,2,1,True,completed
39,known_visit,HIPC,bernoulli,drop_0.25,19,361,2,10,hipc_g19_d220_bernoulli_drop_0_25,reruns\grid_density\scenarios\cv\known_visit_grid19_targets10_trials50.csv,2,15,6,50.1730543846007,50.1730543846007,00,00,1,0,True,completed
39,known_visit,HIPC,bernoulli,drop_0.25,19,361,2,10,hipc_g19_d220_bernoulli_drop_0_25,reruns\grid_density\scenarios\cv\known_visit_grid19_targets10_trials50.csv,3,12,8,36.03198184281953,36.03198184281953,01,01,2,1,True,completed
39,known_visit,HIPC,bernoulli,drop_0.25,19,361,2,10,hipc_g19_d220_bernoulli_drop_0_25,reruns\grid_density\scenarios\cv\known_visit_grid19_targets10_trials50.csv,4,3,5,20.09885347644951,20.09885347644951,00,00,1,0,True,completed
39,known_visit,HIPC,bernoulli,drop_0.25,19,361,2,10,hipc_g19_d220_bernoulli_drop_0_25,reruns\grid_density\scenarios\cv\known_visit_grid19_targets10_trials50.csv,5,4,2,8.989478034532441,8.989478034532441,00,00,1,0,True,completed
39,known_visit,HIPC,bernoulli,drop_0.25,19,361,2,10,hipc_g19_d220_bernoulli_drop_0_25,reruns\grid_density\scenarios\cv\known_visit_grid19_targets10_trials50.csv,6,12,3,44.9429513570972,44.9429513570972,01,01,1,0,True,completed
39,known_visit,HIPC,bernoulli,drop_0.25,19,361,2,10,hipc_g19_d220_bernoulli_drop_0_25,reruns\grid_density\scenarios\cv\known_visit_grid19_targets10_trials50.csv,7,16,17,204.7910711276232,204.7910711276232,00,00,1,0,True,completed
39,known_visit,HIPC,bernoulli,drop_0.25,19,361,2,10,hipc_g19_d220_bernoulli_drop_0_25,reruns\grid_density\scenarios\cv\known_visit_grid19_targets10_trials50.csv,8,18,4,58.75284566766147,58.75284566766147,00,00,1,0,True,completed
39,known_visit,HIPC,bernoulli,drop_0.25,19,361,2,10,hipc_g19_d220_bernoulli_drop_0_25,reruns\grid_density\scenarios\cv\known_visit_grid19_targets10_trials50.csv,9,5,3,12.74819907997948,12.74819907997948,00,00,1,0,True,completed
39,known_visit,HIPC,bernoulli,drop_0.25,19,361,2,10,hipc_g19_d220_bernoulli_drop_0_25,reruns\grid_density\scenarios\cv\known_visit_grid19_targets10_trials50.csv,10,4,6,24.032118584742744,24.032118584742744,00,00,1,0,True,completed
40,known_visit,HIPC,bernoulli,drop_0.25,19,361,2,10,hipc_g19_d220_bernoulli_drop_0_25,reruns\grid_density\scenarios\cv\known_visit_grid19_targets10_trials50.csv,1,2,4,9.292872211704022,9.292872211704022,00,00,1,0,True,completed
40,known_visit,HIPC,bernoulli,drop_0.25,19,361,2,10,hipc_g19_d220_bernoulli_drop_0_25,reruns\grid_density\scenarios\cv\known_visit_grid19_targets10_trials50.csv,2,2,18,1.9552748351483475,1.9552748351483475,01,01,1,0,True,completed
40,known_visit,HIPC,bernoulli,drop_0.25,19,361,2,10,hipc_g19_d220_bernoulli_drop_0_25,reruns\grid_density\scenarios\cv\known_visit_grid19_targets10_trials50.csv,3,1,7,30.797569991401065,30.797569991401065,00,00,1,0,True,completed
40,known_visit,HIPC,bernoulli,drop_0.25,19,361,2,10,hipc_g19_d220_bernoulli_drop_0_25,reruns\grid_density\scenarios\cv\known_visit_grid19_targets10_trials50.csv,4,1,15,9.4981363733043,9.4981363733043,01,01,2,1,True,completed
40,known_visit,HIPC,bernoulli,drop_0.25,19,361,2,10,hipc_g19_d220_bernoulli_drop_0_25,reruns\grid_density\scenarios\cv\known_visit_grid19_targets10_trials50.csv,5,6,5,18.234426734661444,18.234426734661444,00,00,1,0,True,completed
40,known_visit,HIPC,bernoulli,drop_0.25,19,361,2,10,hipc_g19_d220_bernoulli_drop_0_25,reruns\grid_density\scenarios\cv\known_visit_grid19_targets10_trials50.csv,6,13,9,68.94117549841448,68.94117549841448,01,01,1,0,True,completed
40,known_visit,HIPC,bernoulli,drop_0.25,19,361,2,10,hipc_g19_d220_bernoulli_drop_0_25,reruns\grid_density\scenarios\cv\known_visit_grid19_targets10_trials50.csv,7,17,17,48.1182314937244,48.1182314937244,01,01,1,0,True,completed
40,known_visit,HIPC,bernoulli,drop_0.25,19,361,2,10,hipc_g19_d220_bernoulli_drop_0_25,reruns\grid_density\scenarios\cv\known_visit_grid19_targets10_trials50.csv,8,3,5,12.878071290772972,12.878071290772972,00,00,1,0,True,completed
40,known_visit,HIPC,bernoulli,drop_0.25,19,361,2,10,hipc_g19_d220_bernoulli_drop_0_25,reruns\grid_density\scenarios\cv\known_visit_grid19_targets10_trials50.csv,9,8,18,30.4411481713577,30.4411481713577,01,01,1,0,True,completed
40,known_visit,HIPC,bernoulli,drop_0.25,19,361,2,10,hipc_g19_d220_bernoulli_drop_0_25,reruns\grid_density\scenarios\cv\known_visit_grid19_targets10_trials50.csv,10,1,2,3.966261081471377,3.966261081471377,00,00,1,0,True,completed
41,known_visit,HIPC,bernoulli,drop_0.25,19,361,2,10,hipc_g19_d220_bernoulli_drop_0_25,reruns\grid_density\scenarios\cv\known_visit_grid19_targets10_trials50.csv,1,4,18,5.157978640032046,5.157978640032046,01,01,1,0,True,completed
41,known_visit,HIPC,bernoulli,drop_0.25,19,361,2,10,hipc_g19_d220_bernoulli_drop_0_25,reruns\grid_density\scenarios\cv\known_visit_grid19_targets10_trials50.csv,2,5,18,6.825504037329791,6.825504037329791,01,01,1,0,True,completed
41,known_visit,HIPC,bernoulli,drop_0.25,19,361,2,10,hipc_g19_d220_bernoulli_drop_0_25,reruns\grid_density\scenarios\cv\known_visit_grid19_targets10_trials50.csv,3,11,12,27.716639176476466,27.716639176476466,01,01,1,0,True,completed
41,known_visit,HIPC,bernoulli,drop_0.25,19,361,2,10,hipc_g19_d220_bernoulli_drop_0_25,reruns\grid_density\scenarios\cv\known_visit_grid19_targets10_trials50.csv,4,2,6,16.017843816003793,16.017843816003793,00,00,1,0,True,completed
41,known_visit,HIPC,bernoulli,drop_0.25,19,361,2,10,hipc_g19_d220_bernoulli_drop_0_25,reruns\grid_density\scenarios\cv\known_visit_grid19_targets10_trials50.csv,5,8,10,37.94820308598136,37.94820308598136,00,00,1,0,True,completed
41,known_visit,HIPC,bernoulli,drop_0.25,19,361,2,10,hipc_g19_d220_bernoulli_drop_0_25,reruns\grid_density\scenarios\cv\known_visit_grid19_targets10_trials50.csv,6,9,13,22.392485382385377,22.392485382385377,01,01,1,0,True,completed
41,known_visit,HIPC,bernoulli,drop_0.25,19,361,2,10,hipc_g19_d220_bernoulli_drop_0_25,reruns\grid_density\scenarios\cv\known_visit_grid19_targets10_trials50.csv,7,3,1,5.535932504313008,5.535932504313008,00,00,1,0,True,completed
41,known_visit,HIPC,bernoulli,drop_0.25,19,361,2,10,hipc_g19_d220_bernoulli_drop_0_25,reruns\grid_density\scenarios\cv\known_visit_grid19_targets10_trials50.csv,8,12,13,31.443569197448735,31.443569197448735,01,01,1,0,True,completed
41,known_visit,HIPC,bernoulli,drop_0.25,19,361,2,10,hipc_g19_d220_bernoulli_drop_0_25,reruns\grid_density\scenarios\cv\known_visit_grid19_targets10_trials50.csv,9,13,16,38.44198117163023,38.44198117163023,01,01,1,0,True,completed
41,known_visit,HIPC,bernoulli,drop_0.25,19,361,2,10,hipc_g19_d220_bernoulli_drop_0_25,reruns\grid_density\scenarios\cv\known_visit_grid19_targets10_trials50.csv,10,7,6,28.690664606714815,28.690664606714815,00,00,1,0,True,completed
42,known_visit,HIPC,bernoulli,drop_0.25,19,361,2,10,hipc_g19_d220_bernoulli_drop_0_25,reruns\grid_density\scenarios\cv\known_visit_grid19_targets10_trials50.csv,1,15,3,29.92561355663207,29.92561355663207,00,00,1,0,True,completed
42,known_visit,HIPC,bernoulli,drop_0.25,19,361,2,10,hipc_g19_d220_bernoulli_drop_0_25,reruns\grid_density\scenarios\cv\known_visit_grid19_targets10_trials50.csv,2,12,8,62.22520718142189,62.22520718142189,00,00,1,0,True,completed
42,known_visit,HIPC,bernoulli,drop_0.25,19,361,2,10,hipc_g19_d220_bernoulli_drop_0_25,reruns\grid_density\scenarios\cv\known_visit_grid19_targets10_trials50.csv,3,17,10,49.78577464890588,49.78577464890588,00,00,1,0,True,completed
42,known_visit,HIPC,bernoulli,drop_0.25,19,361,2,10,hipc_g19_d220_bernoulli_drop_0_25,reruns\grid_density\scenarios\cv\known_visit_grid19_targets10_trials50.csv,4,18,4,37.417172922595384,37.417172922595384,00,00,2,1,True,completed
42,known_visit,HIPC,bernoulli,drop_0.25,19,361,2,10,hipc_g19_d220_bernoulli_drop_0_25,reruns\grid_density\scenarios\cv\known_visit_grid19_targets10_trials50.csv,5,11,8,64.02045597574218,64.02045597574218,00,00,1,0,True,completed
42,known_visit,HIPC,bernoulli,drop_0.25,19,361,2,10,hipc_g19_d220_bernoulli_drop_0_25,reruns\grid_density\scenarios\cv\known_visit_grid19_targets10_trials50.csv,6,17,3,33.72541342450598,33.72541342450598,00,00,1,0,True,completed
42,known_visit,HIPC,bernoulli,drop_0.25,19,361,2,10,hipc_g19_d220_bernoulli_drop_0_25,reruns\grid_density\scenarios\cv\known_visit_grid19_targets10_trials50.csv,7,10,16,19.291366800093833,19.291366800093833,01,01,1,0,True,completed
42,known_visit,HIPC,bernoulli,drop_0.25,19,361,2,10,hipc_g19_d220_bernoulli_drop_0_25,reruns\grid_density\scenarios\cv\known_visit_grid19_targets10_trials50.csv,8,16,18,33.57564438160686,33.57564438160686,01,01,1,0,True,completed
42,known_visit,HIPC,bernoulli,drop_0.25,19,361,2,10,hipc_g19_d220_bernoulli_drop_0_25,reruns\grid_density\scenarios\cv\known_visit_grid19_targets10_trials50.csv,9,15,8,56.78835134323972,56.78835134323972,00,00,1,0,True,completed
42,known_visit,HIPC,bernoulli,drop_0.25,19,361,2,10,hipc_g19_d220_bernoulli_drop_0_25,reruns\grid_density\scenarios\cv\known_visit_grid19_targets10_trials50.csv,10,17,18,35.52377195340392,35.52377195340392,01,01,1,0,True,completed
43,known_visit,HIPC,bernoulli,drop_0.25,19,361,2,10,hipc_g19_d220_bernoulli_drop_0_25,reruns\grid_density\scenarios\cv\known_visit_grid19_targets10_trials50.csv,1,2,17,4.118526514980934,4.118526514980934,01,01,1,0,True,completed
43,known_visit,HIPC,bernoulli,drop_0.25,19,361,2,10,hipc_g19_d220_bernoulli_drop_0_25,reruns\grid_density\scenarios\cv\known_visit_grid19_targets10_trials50.csv,2,13,14,28.593199450202068,28.593199450202068,01,01,1,0,True,completed
43,known_visit,HIPC,bernoulli,drop_0.25,19,361,2,10,hipc_g19_d220_bernoulli_drop_0_25,reruns\grid_density\scenarios\cv\known_visit_grid19_targets10_trials50.csv,3,15,3,58.97035904627446,58.97035904627446,00,00,1,0,True,completed
43,known_visit,HIPC,bernoulli,drop_0.25,19,361,2,10,hipc_g19_d220_bernoulli_drop_0_25,reruns\grid_density\scenarios\cv\known_visit_grid19_targets10_trials50.csv,4,12,17,21.546431754424965,21.546431754424965,01,01,1,0,True,completed
43,known_visit,HIPC,bernoulli,drop_0.25,19,361,2,10,hipc_g19_d220_bernoulli_drop_0_25,reruns\grid_density\scenarios\cv\known_visit_grid19_targets10_trials50.csv,5,12,4,51.700926520102,51.700926520102,00,00,1,0,True,completed
43,known_visit,HIPC,bernoulli,drop_0.25,19,361,2,10,hipc_g19_d220_bernoulli_drop_0_25,reruns\grid_density\scenarios\cv\known_visit_grid19_targets10_trials50.csv,6,6,6,19.328633976245648,19.328633976245648,00,00,1,0,True,completed
43,known_visit,HIPC,bernoulli,drop_0.25,19,361,2,10,hipc_g19_d220_bernoulli_drop_0_25,reruns\grid_density\scenarios\cv\known_visit_grid19_targets10_trials50.csv,7,3,4,10.505714169049538,10.505714169049538,00,00,1,0,True,completed
43,known_visit,HIPC,bernoulli,drop_0.25,19,361,2,10,hipc_g19_d220_bernoulli_drop_0_25,reruns\grid_density\scenarios\cv\known_visit_grid19_targets10_trials50.csv,8,16,13,35.7033509083763,35.7033509083763,01,01,1,0,True,completed
43,known_visit,HIPC,bernoulli,drop_0.25,19,361,2,10,hipc_g19_d220_bernoulli_drop_0_25,reruns\grid_density\scenarios\cv\known_visit_grid19_targets10_trials50.csv,9,5,9,26.69274917602673,26.69274917602673,00,00,1,0,True,completed
43,known_visit,HIPC,bernoulli,drop_0.25,19,361,2,10,hipc_g19_d220_bernoulli_drop_0_25,reruns\grid_density\scenarios\cv\known_visit_grid19_targets10_trials50.csv,10,4,6,15.88721748577458,15.88721748577458,00,00,1,0,True,completed
44,known_visit,HIPC,bernoulli,drop_0.25,19,361,2,10,hipc_g19_d220_bernoulli_drop_0_25,reruns\grid_density\scenarios\cv\known_visit_grid19_targets10_trials50.csv,1,4,14,12.565715342646074,12.565715342646074,01,01,1,0,True,completed
44,known_visit,HIPC,bernoulli,drop_0.25,19,361,2,10,hipc_g19_d220_bernoulli_drop_0_25,reruns\grid_density\scenarios\cv\known_visit_grid19_targets10_trials50.csv,2,8,14,34.31852069016731,34.31852069016731,01,01,1,0,True,completed
44,known_visit,HIPC,bernoulli,drop_0.25,19,361,2,10,hipc_g19_d220_bernoulli_drop_0_25,reruns\grid_density\scenarios\cv\known_visit_grid19_targets10_trials50.csv,3,17,17,68.41695492843661,68.41695492843661,00,00,1,0,True,completed
44,known_visit,HIPC,bernoulli,drop_0.25,19,361,2,10,hipc_g19_d220_bernoulli_drop_0_25,reruns\grid_density\scenarios\cv\known_visit_grid19_targets10_trials50.csv,4,5,7,19.296171260120328,19.296171260120328,00,00,2,1,True,completed
44,known_visit,HIPC,bernoulli,drop_0.25,19,361,2,10,hipc_g19_d220_bernoulli_drop_0_25,reruns\grid_density\scenarios\cv\known_visit_grid19_targets10_trials50.csv,5,8,15,36.06783135971202,36.06783135971202,01,01,1,0,True,completed
44,known_visit,HIPC,bernoulli,drop_0.25,19,361,2,10,hipc_g19_d220_bernoulli_drop_0_25,reruns\grid_density\scenarios\cv\known_visit_grid19_targets10_trials50.csv,6,2,14,16.330743749815863,16.330743749815863,01,01,1,0,True,completed
44,known_visit,HIPC,bernoulli,drop_0.25,19,361,2,10,hipc_g19_d220_bernoulli_drop_0_25,reruns\grid_density\scenarios\cv\known_visit_grid19_targets10_trials50.csv,7,12,5,35.11495143177179,35.11495143177179,00,00,1,0,True,completed
44,known_visit,HIPC,bernoulli,drop_0.25,19,361,2,10,hipc_g19_d220_bernoulli_drop_0_25,reruns\grid_density\scenarios\cv\known_visit_grid19_targets10_trials50.csv,8,18,11,56.07132549264786,56.07132549264786,00,00,1,0,True,completed
44,known_visit,HIPC,bernoulli,drop_0.25,19,361,2,10,hipc_g19_d220_bernoulli_drop_0_25,reruns\grid_density\scenarios\cv\known_visit_grid19_targets10_trials50.csv,9,3,12,21.939561462718473,21.939561462718473,01,01,1,0,True,completed
44,known_visit,HIPC,bernoulli,drop_0.25,19,361,2,10,hipc_g19_d220_bernoulli_drop_0_25,reruns\grid_density\scenarios\cv\known_visit_grid19_targets10_trials50.csv,10,4,18,5.293378959498071,5.293378959498071,01,01,1,0,True,completed
45,known_visit,HIPC,bernoulli,drop_0.25,19,361,2,10,hipc_g19_d220_bernoulli_drop_0_25,reruns\grid_density\scenarios\cv\known_visit_grid19_targets10_trials50.csv,1,18,10,51.437026582195216,51.437026582195216,01,01,1,0,True,completed
45,known_visit,HIPC,bernoulli,drop_0.25,19,361,2,10,hipc_g19_d220_bernoulli_drop_0_25,reruns\grid_density\scenarios\cv\known_visit_grid19_targets10_trials50.csv,2,5,16,10.779653021226846,10.779653021226846,01,01,1,0,True,completed
45,known_visit,HIPC,bernoulli,drop_0.25,19,361,2,10,hipc_g19_d220_bernoulli_drop_0_25,reruns\grid_density\scenarios\cv\known_visit_grid19_targets10_trials50.csv,3,11,17,26.514453609872586,26.514453609872586,01,01,1,0,True,completed
45,known_visit,HIPC,bernoulli,drop_0.25,19,361,2,10,hipc_g19_d220_bernoulli_drop_0_25,reruns\grid_density\scenarios\cv\known_visit_grid19_targets10_trials50.csv,4,18,8,55.0339186704046,55.0339186704046,01,01,1,0,True,completed
45,known_visit,HIPC,bernoulli,drop_0.25,19,361,2,10,hipc_g19_d220_bernoulli_drop_0_25,reruns\grid_density\scenarios\cv\known_visit_grid19_targets10_trials50.csv,5,5,18,7.055686257216431,7.055686257216431,01,01,1,0,True,completed
45,known_visit,HIPC,bernoulli,drop_0.25,19,361,2,10,hipc_g19_d220_bernoulli_drop_0_25,reruns\grid_density\scenarios\cv\known_visit_grid19_targets10_trials50.csv,6,9,15,19.431502474849264,19.431502474849264,01,01,1,0,True,completed
45,known_visit,HIPC,bernoulli,drop_0.25,19,361,2,10,hipc_g19_d220_bernoulli_drop_0_25,reruns\grid_density\scenarios\cv\known_visit_grid19_targets10_trials50.csv,7,18,7,56.696650809553425,56.696650809553425,01,01,1,0,True,completed
45,known_visit,HIPC,bernoulli,drop_0.25,19,361,2,10,hipc_g19_d220_bernoulli_drop_0_25,reruns\grid_density\scenarios\cv\known_visit_grid19_targets10_trials50.csv,8,17,16,39.131204286446135,39.131204286446135,01,01,1,0,True,completed
45,known_visit,HIPC,bernoulli,drop_0.25,19,361,2,10,hipc_g19_d220_bernoulli_drop_0_25,reruns\grid_density\scenarios\cv\known_visit_grid19_targets10_trials50.csv,9,1,9,16.033507590996926,16.033507590996926,00,00,1,0,True,completed
45,known_visit,HIPC,bernoulli,drop_0.25,19,361,2,10,hipc_g19_d220_bernoulli_drop_0_25,reruns\grid_density\scenarios\cv\known_visit_grid19_targets10_trials50.csv,10,9,3,40.37856432147018,40.37856432147018,00,00,1,0,True,completed
46,known_visit,HIPC,bernoulli,drop_0.25,19,361,2,10,hipc_g19_d220_bernoulli_drop_0_25,reruns\grid_density\scenarios\cv\known_visit_grid19_targets10_trials50.csv,1,9,16,17.83256097307027,17.83256097307027,01,01,1,0,True,completed
46,known_visit,HIPC,bernoulli,drop_0.25,19,361,2,10,hipc_g19_d220_bernoulli_drop_0_25,reruns\grid_density\scenarios\cv\known_visit_grid19_targets10_trials50.csv,2,15,7,36.66327600689382,36.66327600689382,00,00,1,0,True,completed
46,known_visit,HIPC,bernoulli,drop_0.25,19,361,2,10,hipc_g19_d220_bernoulli_drop_0_25,reruns\grid_density\scenarios\cv\known_visit_grid19_targets10_trials50.csv,3,13,0,20.79735701035507,20.79735701035507,00,00,1,0,True,completed
46,known_visit,HIPC,bernoulli,drop_0.25,19,361,2,10,hipc_g19_d220_bernoulli_drop_0_25,reruns\grid_density\scenarios\cv\known_visit_grid19_targets10_trials50.csv,4,7,0,10.306099556120259,10.306099556120259,00,00,1,0,True,completed
46,known_visit,HIPC,bernoulli,drop_0.25,19,361,2,10,hipc_g19_d220_bernoulli_drop_0_25,reruns\grid_density\scenarios\cv\known_visit_grid19_targets10_trials50.csv,5,4,9,59.10472665097047,59.10472665097047,00,00,1,0,True,completed
46,known_visit,HIPC,bernoulli,drop_0.25,19,361,2,10,hipc_g19_d220_bernoulli_drop_0_25,reruns\grid_density\scenarios\cv\known_visit_grid19_targets10_trials50.csv,6,2,16,5.656337162454086,5.656337162454086,01,01,1,0,True,completed
46,known_visit,HIPC,bernoulli,drop_0.25,19,361,2,10,hipc_g19_d220_bernoulli_drop_0_25,reruns\grid_density\scenarios\cv\known_visit_grid19_targets10_trials50.csv,7,18,14,37.13191835594464,37.13191835594464,01,01,1,0,True,completed
46,known_visit,HIPC,bernoulli,drop_0.25,19,361,2,10,hipc_g19_d220_bernoulli_drop_0_25,reruns\grid_density\scenarios\cv\known_visit_grid19_targets10_trials50.csv,8,18,15,35.37382057748388,35.37382057748388,01,01,1,0,True,completed
46,known_visit,HIPC,bernoulli,drop_0.25,19,361,2,10,hipc_g19_d220_bernoulli_drop_0_25,reruns\grid_density\scenarios\cv\known_visit_grid19_targets10_trials50.csv,9,18,13,38.80055484527419,38.80055484527419,01,01,1,0,True,completed
46,known_visit,HIPC,bernoulli,drop_0.25,19,361,2,10,hipc_g19_d220_bernoulli_drop_0_25,reruns\grid_density\scenarios\cv\known_visit_grid19_targets10_trials50.csv,10,15,4,31.486237698434103,31.486237698434103,00,00,1,0,True,completed
47,known_visit,HIPC,bernoulli,drop_0.25,19,361,2,10,hipc_g19_d220_bernoulli_drop_0_25,reruns\grid_density\scenarios\cv\known_visit_grid19_targets10_trials50.csv,1,12,10,37.10354132745858,37.10354132745858,01,01,2,1,True,completed
47,known_visit,HIPC,bernoulli,drop_0.25,19,361,2,10,hipc_g19_d220_bernoulli_drop_0_25,reruns\grid_density\scenarios\cv\known_visit_grid19_targets10_trials50.csv,2,3,9,19.267883657991945,19.267883657991945,01,01,1,0,True,completed
47,known_visit,HIPC,bernoulli,drop_0.25,19,361,2,10,hipc_g19_d220_bernoulli_drop_0_25,reruns\grid_density\scenarios\cv\known_visit_grid19_targets10_trials50.csv,3,12,4,36.34241956145668,36.34241956145668,00,00,1,0,True,completed
47,known_visit,HIPC,bernoulli,drop_0.25,19,361,2,10,hipc_g19_d220_bernoulli_drop_0_25,reruns\grid_density\scenarios\cv\known_visit_grid19_targets10_trials50.csv,4,15,12,45.96946487257823,45.96946487257823,01,01,1,0,True,completed
47,known_visit,HIPC,bernoulli,drop_0.25,19,361,2,10,hipc_g19_d220_bernoulli_drop_0_25,reruns\grid_density\scenarios\cv\known_visit_grid19_targets10_trials50.csv,5,4,10,23.222887639729024,23.222887639729024,01,01,1,0,True,completed
47,known_visit,HIPC,bernoulli,drop_0.25,19,361,2,10,hipc_g19_d220_bernoulli_drop_0_25,reruns\grid_density\scenarios\cv\known_visit_grid19_targets10_trials50.csv,6,5,1,9.047843173666017,9.047843173666017,00,00,1,0,True,completed
47,known_visit,HIPC,bernoulli,drop_0.25,19,361,2,10,hipc_g19_d220_bernoulli_drop_0_25,reruns\grid_density\scenarios\cv\known_visit_grid19_targets10_trials50.csv,7,9,7,26.074479946471936,26.074479946471936,00,00,1,0,True,completed
47,known_visit,HIPC,bernoulli,drop_0.25,19,361,2,10,hipc_g19_d220_bernoulli_drop_0_25,reruns\grid_density\scenarios\cv\known_visit_grid19_targets10_trials50.csv,8,3,18,3.7245173361964334,3.7245173361964334,01,01,1,0,True,completed
47,known_visit,HIPC,bernoulli,drop_0.25,19,361,2,10,hipc_g19_d220_bernoulli_drop_0_25,reruns\grid_density\scenarios\cv\known_visit_grid19_targets10_trials50.csv,9,14,15,52.87308248935632,52.87308248935632,01,01,1,0,True,completed
47,known_visit,HIPC,bernoulli,drop_0.25,19,361,2,10,hipc_g19_d220_bernoulli_drop_0_25,reruns\grid_density\scenarios\cv\known_visit_grid19_targets10_trials50.csv,10,5,5,15.702156422967095,15.702156422967095,00,00,1,0,True,completed
48,known_visit,HIPC,bernoulli,drop_0.25,19,361,2,10,hipc_g19_d220_bernoulli_drop_0_25,reruns\grid_density\scenarios\cv\known_visit_grid19_targets10_trials50.csv,1,10,5,32.53750285772573,32.53750285772573,00,00,1,0,True,completed
48,known_visit,HIPC,bernoulli,drop_0.25,19,361,2,10,hipc_g19_d220_bernoulli_drop_0_25,reruns\grid_density\scenarios\cv\known_visit_grid19_targets10_trials50.csv,2,10,14,22.67413234227104,22.67413234227104,01,01,1,0,True,completed
48,known_visit,HIPC,bernoulli,drop_0.25,19,361,2,10,hipc_g19_d220_bernoulli_drop_0_25,reruns\grid_density\scenarios\cv\known_visit_grid19_targets10_trials50.csv,3,9,2,25.06732888980511,25.06732888980511,00,00,1,0,True,completed
48,known_visit,HIPC,bernoulli,drop_0.25,19,361,2,10,hipc_g19_d220_bernoulli_drop_0_25,reruns\grid_density\scenarios\cv\known_visit_grid19_targets10_trials50.csv,4,5,4,14.524788683732243,14.524788683732243,00,00,1,0,True,completed
48,known_visit,HIPC,bernoulli,drop_0.25,19,361,2,10,hipc_g19_d220_bernoulli_drop_0_25,reruns\grid_density\scenarios\cv\known_visit_grid19_targets10_trials50.csv,5,4,4,12.514698413493784,12.514698413493784,00,00,1,0,True,completed
48,known_visit,HIPC,bernoulli,drop_0.25,19,361,2,10,hipc_g19_d220_bernoulli_drop_0_25,reruns\grid_density\scenarios\cv\known_visit_grid19_targets10_trials50.csv,6,2,18,1.8694206540487146,1.8694206540487146,01,01,1,0,True,completed
48,known_visit,HIPC,bernoulli,drop_0.25,19,361,2,10,hipc_g19_d220_bernoulli_drop_0_25,reruns\grid_density\scenarios\cv\known_visit_grid19_targets10_trials50.csv,7,8,18,12.17260266935537,12.17260266935537,01,01,1,0,True,completed
48,known_visit,HIPC,bernoulli,drop_0.25,19,361,2,10,hipc_g19_d220_bernoulli_drop_0_25,reruns\grid_density\scenarios\cv\known_visit_grid19_targets10_trials50.csv,8,9,10,31.507448565770932,31.507448565770932,01,01,1,0,True,completed
48,known_visit,HIPC,bernoulli,drop_0.25,19,361,2,10,hipc_g19_d220_bernoulli_drop_0_25,reruns\grid_density\scenarios\cv\known_visit_grid19_targets10_trials50.csv,9,13,3,41.67876863112417,41.67876863112417,00,00,1,0,True,completed
48,known_visit,HIPC,bernoulli,drop_0.25,19,361,2,10,hipc_g19_d220_bernoulli_drop_0_25,reruns\grid_density\scenarios\cv\known_visit_grid19_targets10_trials50.csv,10,16,16,58.23251590736093,58.23251590736093,01,01,1,0,True,completed
49,known_visit,HIPC,bernoulli,drop_0.25,19,361,2,10,hipc_g19_d220_bernoulli_drop_0_25,reruns\grid_density\scenarios\cv\known_visit_grid19_targets10_trials50.csv,1,3,18,3.7494164175669713,3.7494164175669713,01,01,1,0,True,completed
49,known_visit,HIPC,bernoulli,drop_0.25,19,361,2,10,hipc_g19_d220_bernoulli_drop_0_25,reruns\grid_density\scenarios\cv\known_visit_grid19_targets10_trials50.csv,2,17,6,94.93671141996857,94.93671141996857,00,00,1,0,True,completed
49,known_visit,HIPC,bernoulli,drop_0.25,19,361,2,10,hipc_g19_d220_bernoulli_drop_0_25,reruns\grid_density\scenarios\cv\known_visit_grid19_targets10_trials50.csv,3,7,11,22.844955407960878,22.844955407960878,01,01,1,0,True,completed
49,known_visit,HIPC,bernoulli,drop_0.25,19,361,2,10,hipc_g19_d220_bernoulli_drop_0_25,reruns\grid_density\scenarios\cv\known_visit_grid19_targets10_trials50.csv,4,9,15,48.08692897329906,48.08692897329906,01,01,1,0,True,completed
49,known_visit,HIPC,bernoulli,drop_0.25,19,361,2,10,hipc_g19_d220_bernoulli_drop_0_25,reruns\grid_density\scenarios\cv\known_visit_grid19_targets10_trials50.csv,5,6,14,15.81076207667074,15.81076207667074,01,01,2,1,True,completed
49,known_visit,HIPC,bernoulli,drop_0.25,19,361,2,10,hipc_g19_d220_bernoulli_drop_0_25,reruns\grid_density\scenarios\cv\known_visit_grid19_targets10_trials50.csv,6,10,9,31.69656565376673,31.69656565376673,01,01,2,1,True,completed
49,known_visit,HIPC,bernoulli,drop_0.25,19,361,2,10,hipc_g19_d220_bernoulli_drop_0_25,reruns\grid_density\scenarios\cv\known_visit_grid19_targets10_trials50.csv,7,3,0,3.4904246423163454,3.4904246423163454,00,00,1,0,True,completed
49,known_visit,HIPC,bernoulli,drop_0.25,19,361,2,10,hipc_g19_d220_bernoulli_drop_0_25,reruns\grid_density\scenarios\cv\known_visit_grid19_targets10_trials50.csv,8,12,1,25.17139221546844,25.17139221546844,00,00,1,0,True,completed
49,known_visit,HIPC,bernoulli,drop_0.25,19,361,2,10,hipc_g19_d220_bernoulli_drop_0_25,reruns\grid_density\scenarios\cv\known_visit_grid19_targets10_trials50.csv,9,7,2,14.151919686609967,14.151919686609967,00,00,1,0,True,completed
49,known_visit,HIPC,bernoulli,drop_0.25,19,361,2,10,hipc_g19_d220_bernoulli_drop_0_25,reruns\grid_density\scenarios\cv\known_visit_grid19_targets10_trials50.csv,10,1,12,67.3145919079199,67.3145919079199,01,01,1,0,True,completed
