trial_id,trial_mode,algorithm,comm_model,comm_level,grid_size,grid_cells,robot_count,target_count,condition_id,scenario_file,target_index,target_x,target_y,first_completion_time_s,first_completion_sim_time_s,first_found_by_robot,first_finder_robot_id,total_visits,duplicate_visits,completed,trial_status
0,known_visit,HIPC,bernoulli,drop_0.25,25,625,8,10,hipc_g25_d85_bernoulli_drop_0_25,reruns\grid_density\scenarios\cv\known_visit_grid25_targets10_trials50.csv,1,18,2,31.30919087855948,31.30919087855948,01,01,1,0,True,completed
0,known_visit,HIPC,bernoulli,drop_0.25,25,625,8,10,hipc_g25_d85_bernoulli_drop_0_25,reruns\grid_density\scenarios\cv\known_visit_grid25_targets10_trials50.csv,2,11,22,19.72688195650486,19.72688195650486,06,06,2,1,True,completed
0,known_visit,HIPC,bernoulli,drop_0.25,25,625,8,10,hipc_g25_d85_bernoulli_drop_0_25,reruns\grid_density\scenarios\cv\known_visit_grid25_targets10_trials50.csv,3,9,9,135.9153821329291,135.9153821329291,03,03,1,0,True,completed
0,known_visit,HIPC,bernoulli,drop_0.25,25,625,8,10,hipc_g25_d85_bernoulli_drop_0_25,reruns\grid_density\scenarios\cv\known_visit_grid25_targets10_trials50.csv,4,21,1,36.73327302856996,36.73327302856996,00,00,1,0,True,completed
0,known_visit,HIPC,bernoulli,drop_0.25,25,625,8,10,hipc_g25_d85_bernoulli_drop_0_25,reruns\grid_density\scenarios\cv\known_visit_grid25_targets10_trials50.csv,5,14,2,24.2243571072198,24.2243571072198,01,01,1,0,True,completed
0,known_visit,HIPC,bernoulli,drop_0.25,25,625,8,10,hipc_g25_d85_bernoulli_drop_0_25,reruns\grid_density\scenarios\cv\known_visit_grid25_targets10_trials50.csv,6,7,9,12.251306123100205,12.251306123100205,03,03,1,0,True,completed
0,known_visit,HIPC,bernoulli,drop_0.25,25,625,8,10,hipc_g25_d85_bernoulli_drop_0_25,reruns\grid_density\scenarios\cv\known_visit_grid25_targets10_trials50.csv,7,21,24,40.156835177072786,40.156835177072786,06,06,1,0,True,completed
0,known_visit,HIPC,bernoulli,drop_0.25,25,625,8,10,hipc_g25_d85_bernoulli_drop_0_25,reruns\grid_density\scenarios\cv\known_visit_grid25_targets10_trials50.csv,8,11,3,17.083286622355192,17.083286622355192,01,01,1,0,True,completed
0,known_visit,HIPC,bernoulli,drop_0.25,25,625,8,10,hipc_g25_d85_bernoulli_drop_0_25,reruns\grid_density\scenarios\cv\known_visit_grid25_targets10_trials50.csv,9,3,18,5.526667995383263,5.526667995383263,05,05,1,0,True,completed
0,known_visit,HIPC,bernoulli,drop_0.25,25,625,8,10,hipc_g25_d85_bernoulli_drop_0_25,reruns\grid_density\scenarios\cv\known_visit_grid25_targets10_trials50.csv,10,22,18,52.51797501651187,52.51797501651187,06,06,1,0,True,completed
1,known_visit,HIPC,bernoulli,drop_0.25,25,625,8,10,hipc_g25_d85_bernoulli_drop_0_25,reruns\grid_density\scenarios\cv\known_visit_grid25_targets10_trials50.csv,1,2,0,1.843663753635838,1.843663753635838,00,00,1,0,True,completed
1,known_visit,HIPC,bernoulli,drop_0.25,25,625,8,10,hipc_g25_d85_bernoulli_drop_0_25,reruns\grid_density\scenarios\cv\known_visit_grid25_targets10_trials50.csv,2,22,23,37.51308895891232,37.51308895891232,07,07,1,0,True,completed
1,known_visit,HIPC,bernoulli,drop_0.25,25,625,8,10,hipc_g25_d85_bernoulli_drop_0_25,reruns\grid_density\scenarios\cv\known_visit_grid25_targets10_trials50.csv,3,6,15,10.8771214254249,10.8771214254249,04,04,1,0,True,completed
1,known_visit,HIPC,bernoulli,drop_0.25,25,625,8,10,hipc_g25_d85_bernoulli_drop_0_25,reruns\grid_density\scenarios\cv\known_visit_grid25_targets10_trials50.csv,4,23,23,39.60519333360368,39.60519333360368,07,07,1,0,True,completed
1,known_visit,HIPC,bernoulli,drop_0.25,25,625,8,10,hipc_g25_d85_bernoulli_drop_0_25,reruns\grid_density\scenarios\cv\known_visit_grid25_targets10_trials50.csv,5,7,4,12.513263150757702,12.513263150757702,01,01,1,0,True,completed
1,known_visit,HIPC,bernoulli,drop_0.25,25,625,8,10,hipc_g25_d85_bernoulli_drop_0_25,reruns\grid_density\scenarios\cv\known_visit_grid25_targets10_trials50.csv,6,12,6,21.00505756713858,21.00505756713858,02,02,1,0,True,completed
1,known_visit,HIPC,bernoulli,drop_0.25,25,625,8,10,hipc_g25_d85_bernoulli_drop_0_25,reruns\grid_density\scenarios\cv\known_visit_grid25_targets10_trials50.csv,7,14,19,30.340534250109325,30.340534250109325,05,05,1,0,True,completed
1,known_visit,HIPC,bernoulli,drop_0.25,25,625,8,10,hipc_g25_d85_bernoulli_drop_0_25,reruns\grid_density\scenarios\cv\known_visit_grid25_targets10_trials50.csv,8,20,4,38.11549651000767,38.11549651000767,02,02,1,0,True,completed
1,known_visit,HIPC,bernoulli,drop_0.25,25,625,8,10,hipc_g25_d85_bernoulli_drop_0_25,reruns\grid_density\scenarios\cv\known_visit_grid25_targets10_trials50.csv,9,3,15,5.6459557087783745,5.6459557087783745,04,04,1,0,True,completed
1,known_visit,HIPC,bernoulli,drop_0.25,25,625,8,10,hipc_g25_d85_bernoulli_drop_0_25,reruns\grid_density\scenarios\cv\known_visit_grid25_targets10_trials50.csv,10,10,16,17.604931682751538,17.604931682751538,05,05,1,0,True,completed
2,known_visit,HIPC,bernoulli,drop_0.25,25,625,8,10,hipc_g25_d85_bernoulli_drop_0_25,reruns\grid_density\scenarios\cv\known_visit_grid25_targets10_trials50.csv,1,17,10,33.070821008526565,33.070821008526565,02,02,1,0,True,completed
2,known_visit,HIPC,bernoulli,drop_0.25,25,625,8,10,hipc_g25_d85_bernoulli_drop_0_25,reruns\grid_density\scenarios\cv\known_visit_grid25_targets10_trials50.csv,2,15,0,23.961307405594876,23.961307405594876,00,00,1,0,True,completed
2,known_visit,HIPC,bernoulli,drop_0.25,25,625,8,10,hipc_g25_d85_bernoulli_drop_0_25,reruns\grid_density\scenarios\cv\known_visit_grid25_targets10_trials50.csv,3,16,1,27.790658789763707,27.790658789763707,00,00,1,0,True,completed
2,known_visit,HIPC,bernoulli,drop_0.25,25,625,8,10,hipc_g25_d85_bernoulli_drop_0_25,reruns\grid_density\scenarios\cv\known_visit_grid25_targets10_trials50.csv,4,21,23,38.56317241122896,38.56317241122896,06,06,1,0,True,completed
2,known_visit,HIPC,bernoulli,drop_0.25,25,625,8,10,hipc_g25_d85_bernoulli_drop_0_25,reruns\grid_density\scenarios\cv\known_visit_grid25_targets10_trials50.csv,5,11,7,17.64184728261097,17.64184728261097,02,02,1,0,True,completed
2,known_visit,HIPC,bernoulli,drop_0.25,25,625,8,10,hipc_g25_d85_bernoulli_drop_0_25,reruns\grid_density\scenarios\cv\known_visit_grid25_targets10_trials50.csv,6,1,11,2.0610169705320858,2.0610169705320858,03,03,1,0,True,completed
2,known_visit,HIPC,bernoulli,drop_0.25,25,625,8,10,hipc_g25_d85_bernoulli_drop_0_25,reruns\grid_density\scenarios\cv\known_visit_grid25_targets10_trials50.csv,7,6,14,8.66676178803686,8.66676178803686,04,04,1,0,True,completed
2,known_visit,HIPC,bernoulli,drop_0.25,25,625,8,10,hipc_g25_d85_bernoulli_drop_0_25,reruns\grid_density\scenarios\cv\known_visit_grid25_targets10_trials50.csv,8,8,0,12.21702179445979,12.21702179445979,00,00,1,0,True,completed
2,known_visit,HIPC,bernoulli,drop_0.25,25,625,8,10,hipc_g25_d85_bernoulli_drop_0_25,reruns\grid_density\scenarios\cv\known_visit_grid25_targets10_trials50.csv,9,15,22,26.227706751492807,26.227706751492807,06,06,1,0,True,completed
2,known_visit,HIPC,bernoulli,drop_0.25,25,625,8,10,hipc_g25_d85_bernoulli_drop_0_25,reruns\grid_density\scenarios\cv\known_visit_grid25_targets10_trials50.csv,10,24,6,52.53945703563485,52.53945703563485,02,02,1,0,True,completed
3,known_visit,HIPC,bernoulli,drop_0.25,25,625,8,10,hipc_g25_d85_bernoulli_drop_0_25,reruns\grid_density\scenarios\cv\known_visit_grid25_targets10_trials50.csv,1,14,2,24.29878565947273,24.29878565947273,01,01,1,0,True,completed
3,known_visit,HIPC,bernoulli,drop_0.25,25,625,8,10,hipc_g25_d85_bernoulli_drop_0_25,reruns\grid_density\scenarios\cv\known_visit_grid25_targets10_trials50.csv,2,4,19,8.851318951209029,8.851318951209029,06,06,1,0,True,completed
3,known_visit,HIPC,bernoulli,drop_0.25,25,625,8,10,hipc_g25_d85_bernoulli_drop_0_25,reruns\grid_density\scenarios\cv\known_visit_grid25_targets10_trials50.csv,3,6,15,10.53678855877969,10.53678855877969,04,04,1,0,True,completed
3,known_visit,HIPC,bernoulli,drop_0.25,25,625,8,10,hipc_g25_d85_bernoulli_drop_0_25,reruns\grid_density\scenarios\cv\known_visit_grid25_targets10_trials50.csv,4,23,19,51.15339829778569,51.15339829778569,04,04,1,0,True,completed
3,known_visit,HIPC,bernoulli,drop_0.25,25,625,8,10,hipc_g25_d85_bernoulli_drop_0_25,reruns\grid_density\scenarios\cv\known_visit_grid25_targets10_trials50.csv,5,22,10,51.757506255020445,51.757506255020445,01,01,1,0,True,completed
3,known_visit,HIPC,bernoulli,drop_0.25,25,625,8,10,hipc_g25_d85_bernoulli_drop_0_25,reruns\grid_density\scenarios\cv\known_visit_grid25_targets10_trials50.csv,6,2,14,1.8536908075790937,1.8536908075790937,04,04,1,0,True,completed
3,known_visit,HIPC,bernoulli,drop_0.25,25,625,8,10,hipc_g25_d85_bernoulli_drop_0_25,reruns\grid_density\scenarios\cv\known_visit_grid25_targets10_trials50.csv,7,17,16,35.310772835977325,35.310772835977325,04,04,1,0,True,completed
3,known_visit,HIPC,bernoulli,drop_0.25,25,625,8,10,hipc_g25_d85_bernoulli_drop_0_25,reruns\grid_density\scenarios\cv\known_visit_grid25_targets10_trials50.csv,8,1,11,2.244395103788799,2.244395103788799,03,03,1,0,True,completed
3,known_visit,HIPC,bernoulli,drop_0.25,25,625,8,10,hipc_g25_d85_bernoulli_drop_0_25,reruns\grid_density\scenarios\cv\known_visit_grid25_targets10_trials50.csv,9,9,14,17.8624992577164,17.8624992577164,04,04,1,0,True,completed
3,known_visit,HIPC,bernoulli,drop_0.25,25,625,8,10,hipc_g25_d85_bernoulli_drop_0_25,reruns\grid_density\scenarios\cv\known_visit_grid25_targets10_trials50.csv,10,7,8,12.501605772399957,12.501605772399957,02,02,1,0,True,completed
4,known_visit,HIPC,bernoulli,drop_0.25,25,625,8,10,hipc_g25_d85_bernoulli_drop_0_25,reruns\grid_density\scenarios\cv\known_visit_grid25_targets10_trials50.csv,1,2,13,3.8981818678922355,3.8981818678922355,04,04,1,0,True,completed
4,known_visit,HIPC,bernoulli,drop_0.25,25,625,8,10,hipc_g25_d85_bernoulli_drop_0_25,reruns\grid_density\scenarios\cv\known_visit_grid25_targets10_trials50.csv,2,21,0,38.88707432638768,38.88707432638768,00,00,1,0,True,completed
4,known_visit,HIPC,bernoulli,drop_0.25,25,625,8,10,hipc_g25_d85_bernoulli_drop_0_25,reruns\grid_density\scenarios\cv\known_visit_grid25_targets10_trials50.csv,3,16,9,33.39827792013358,33.39827792013358,02,02,1,0,True,completed
4,known_visit,HIPC,bernoulli,drop_0.25,25,625,8,10,hipc_g25_d85_bernoulli_drop_0_25,reruns\grid_density\scenarios\cv\known_visit_grid25_targets10_trials50.csv,4,18,18,31.924085417518047,31.924085417518047,05,05,1,0,True,completed
4,known_visit,HIPC,bernoulli,drop_0.25,25,625,8,10,hipc_g25_d85_bernoulli_drop_0_25,reruns\grid_density\scenarios\cv\known_visit_grid25_targets10_trials50.csv,5,20,1,34.88234377679163,34.88234377679163,00,00,1,0,True,completed
4,known_visit,HIPC,bernoulli,drop_0.25,25,625,8,10,hipc_g25_d85_bernoulli_drop_0_25,reruns\grid_density\scenarios\cv\known_visit_grid25_targets10_trials50.csv,6,12,21,23.11617234472233,23.11617234472233,06,06,1,0,True,completed
4,known_visit,HIPC,bernoulli,drop_0.25,25,625,8,10,hipc_g25_d85_bernoulli_drop_0_25,reruns\grid_density\scenarios\cv\known_visit_grid25_targets10_trials50.csv,7,8,20,14.155520670257417,14.155520670257417,06,06,1,0,True,completed
4,known_visit,HIPC,bernoulli,drop_0.25,25,625,8,10,hipc_g25_d85_bernoulli_drop_0_25,reruns\grid_density\scenarios\cv\known_visit_grid25_targets10_trials50.csv,8,24,6,54.82238550867851,54.82238550867851,00,00,1,0,True,completed
4,known_visit,HIPC,bernoulli,drop_0.25,25,625,8,10,hipc_g25_d85_bernoulli_drop_0_25,reruns\grid_density\scenarios\cv\known_visit_grid25_targets10_trials50.csv,9,20,12,45.534466575874696,45.534466575874696,02,02,1,0,True,completed
4,known_visit,HIPC,bernoulli,drop_0.25,25,625,8,10,hipc_g25_d85_bernoulli_drop_0_25,reruns\grid_density\scenarios\cv\known_visit_grid25_targets10_trials50.csv,10,2,6,3.6775083068462284,3.6775083068462284,02,02,1,0,True,completed
5,known_visit,HIPC,bernoulli,drop_0.25,25,625,8,10,hipc_g25_d85_bernoulli_drop_0_25,reruns\grid_density\scenarios\cv\known_visit_grid25_targets10_trials50.csv,1,12,1,24.696786271562086,24.696786271562086,00,00,1,0,True,completed
5,known_visit,HIPC,bernoulli,drop_0.25,25,625,8,10,hipc_g25_d85_bernoulli_drop_0_25,reruns\grid_density\scenarios\cv\known_visit_grid25_targets10_trials50.csv,2,2,6,7.122104203275809,7.122104203275809,01,01,2,1,True,completed
5,known_visit,HIPC,bernoulli,drop_0.25,25,625,8,10,hipc_g25_d85_bernoulli_drop_0_25,reruns\grid_density\scenarios\cv\known_visit_grid25_targets10_trials50.csv,3,5,21,7.085396457142509,7.085396457142509,06,06,1,0,True,completed
5,known_visit,HIPC,bernoulli,drop_0.25,25,625,8,10,hipc_g25_d85_bernoulli_drop_0_25,reruns\grid_density\scenarios\cv\known_visit_grid25_targets10_trials50.csv,4,7,2,13.760628067414238,13.760628067414238,00,00,1,0,True,completed
5,known_visit,HIPC,bernoulli,drop_0.25,25,625,8,10,hipc_g25_d85_bernoulli_drop_0_25,reruns\grid_density\scenarios\cv\known_visit_grid25_targets10_trials50.csv,5,1,8,2.132278296170277,2.132278296170277,02,02,1,0,True,completed
5,known_visit,HIPC,bernoulli,drop_0.25,25,625,8,10,hipc_g25_d85_bernoulli_drop_0_25,reruns\grid_density\scenarios\cv\known_visit_grid25_targets10_trials50.csv,6,16,3,35.51519767679132,35.51519767679132,00,00,1,0,True,completed
5,known_visit,HIPC,bernoulli,drop_0.25,25,625,8,10,hipc_g25_d85_bernoulli_drop_0_25,reruns\grid_density\scenarios\cv\known_visit_grid25_targets10_trials50.csv,7,21,4,43.48222683797118,43.48222683797118,01,01,1,0,True,completed
5,known_visit,HIPC,bernoulli,drop_0.25,25,625,8,10,hipc_g25_d85_bernoulli_drop_0_25,reruns\grid_density\scenarios\cv\known_visit_grid25_targets10_trials50.csv,8,24,20,49.05274229077215,49.05274229077215,06,06,1,0,True,completed
5,known_visit,HIPC,bernoulli,drop_0.25,25,625,8,10,hipc_g25_d85_bernoulli_drop_0_25,reruns\grid_density\scenarios\cv\known_visit_grid25_targets10_trials50.csv,9,13,23,24.757163795670003,24.757163795670003,06,06,1,0,True,completed
5,known_visit,HIPC,bernoulli,drop_0.25,25,625,8,10,hipc_g25_d85_bernoulli_drop_0_25,reruns\grid_density\scenarios\cv\known_visit_grid25_targets10_trials50.csv,10,5,6,12.598621376758098,12.598621376758098,01,01,1,0,True,completed
6,known_visit,HIPC,bernoulli,drop_0.25,25,625,8,10,hipc_g25_d85_bernoulli_drop_0_25,reruns\grid_density\scenarios\cv\known_visit_grid25_targets10_trials50.csv,1,5,9,9.177031688753722,9.177031688753722,03,03,2,1,True,completed
6,known_visit,HIPC,bernoulli,drop_0.25,25,625,8,10,hipc_g25_d85_bernoulli_drop_0_25,reruns\grid_density\scenarios\cv\known_visit_grid25_targets10_trials50.csv,2,24,15,176.18235326383504,176.18235326383504,03,03,1,0,True,completed
6,known_visit,HIPC,bernoulli,drop_0.25,25,625,8,10,hipc_g25_d85_bernoulli_drop_0_25,reruns\grid_density\scenarios\cv\known_visit_grid25_targets10_trials50.csv,3,3,8,5.518548377638653,5.518548377638653,02,02,1,0,True,completed
6,known_visit,HIPC,bernoulli,drop_0.25,25,625,8,10,hipc_g25_d85_bernoulli_drop_0_25,reruns\grid_density\scenarios\cv\known_visit_grid25_targets10_trials50.csv,4,9,8,18.076078098211887,18.076078098211887,03,03,2,1,True,completed
6,known_visit,HIPC,bernoulli,drop_0.25,25,625,8,10,hipc_g25_d85_bernoulli_drop_0_25,reruns\grid_density\scenarios\cv\known_visit_grid25_targets10_trials50.csv,5,8,0,12.392142570791975,12.392142570791975,00,00,2,1,True,completed
6,known_visit,HIPC,bernoulli,drop_0.25,25,625,8,10,hipc_g25_d85_bernoulli_drop_0_25,reruns\grid_density\scenarios\cv\known_visit_grid25_targets10_trials50.csv,6,24,20,185.0097750152177,185.0097750152177,03,03,1,0,True,completed
6,known_visit,HIPC,bernoulli,drop_0.25,25,625,8,10,hipc_g25_d85_bernoulli_drop_0_25,reruns\grid_density\scenarios\cv\known_visit_grid25_targets10_trials50.csv,7,10,3,21.042294133473348,21.042294133473348,00,00,2,1,True,completed
6,known_visit,HIPC,bernoulli,drop_0.25,25,625,8,10,hipc_g25_d85_bernoulli_drop_0_25,reruns\grid_density\scenarios\cv\known_visit_grid25_targets10_trials50.csv,8,13,9,26.93885972688106,26.93885972688106,03,03,3,2,True,completed
6,known_visit,HIPC,bernoulli,drop_0.25,25,625,8,10,hipc_g25_d85_bernoulli_drop_0_25,reruns\grid_density\scenarios\cv\known_visit_grid25_targets10_trials50.csv,9,12,24,19.087422806325783,19.087422806325783,07,07,2,1,True,completed
6,known_visit,HIPC,bernoulli,drop_0.25,25,625,8,10,hipc_g25_d85_bernoulli_drop_0_25,reruns\grid_density\scenarios\cv\known_visit_grid25_targets10_trials50.csv,10,11,14,17.295671044503525,17.295671044503525,04,04,2,1,True,completed
7,known_visit,HIPC,bernoulli,drop_0.25,25,625,8,10,hipc_g25_d85_bernoulli_drop_0_25,reruns\grid_density\scenarios\cv\known_visit_grid25_targets10_trials50.csv,1,4,17,5.211124971217021,5.211124971217021,05,05,2,1,True,completed
7,known_visit,HIPC,bernoulli,drop_0.25,25,625,8,10,hipc_g25_d85_bernoulli_drop_0_25,reruns\grid_density\scenarios\cv\known_visit_grid25_targets10_trials50.csv,2,9,16,15.684994431270662,15.684994431270662,05,05,2,1,True,completed
7,known_visit,HIPC,bernoulli,drop_0.25,25,625,8,10,hipc_g25_d85_bernoulli_drop_0_25,reruns\grid_density\scenarios\cv\known_visit_grid25_targets10_trials50.csv,3,9,18,23.33418398304215,23.33418398304215,05,05,1,0,True,completed
7,known_visit,HIPC,bernoulli,drop_0.25,25,625,8,10,hipc_g25_d85_bernoulli_drop_0_25,reruns\grid_density\scenarios\cv\known_visit_grid25_targets10_trials50.csv,4,24,1,41.20591813633461,41.20591813633461,00,00,1,0,True,completed
7,known_visit,HIPC,bernoulli,drop_0.25,25,625,8,10,hipc_g25_d85_bernoulli_drop_0_25,reruns\grid_density\scenarios\cv\known_visit_grid25_targets10_trials50.csv,5,21,18,58.93534519458223,58.93534519458223,05,05,1,0,True,completed
7,known_visit,HIPC,bernoulli,drop_0.25,25,625,8,10,hipc_g25_d85_bernoulli_drop_0_25,reruns\grid_density\scenarios\cv\known_visit_grid25_targets10_trials50.csv,6,9,19,21.757478322208307,21.757478322208307,06,06,1,0,True,completed
7,known_visit,HIPC,bernoulli,drop_0.25,25,625,8,10,hipc_g25_d85_bernoulli_drop_0_25,reruns\grid_density\scenarios\cv\known_visit_grid25_targets10_trials50.csv,7,2,19,5.511448467512678,5.511448467512678,06,06,2,1,True,completed
7,known_visit,HIPC,bernoulli,drop_0.25,25,625,8,10,hipc_g25_d85_bernoulli_drop_0_25,reruns\grid_density\scenarios\cv\known_visit_grid25_targets10_trials50.csv,8,14,19,32.15244238900617,32.15244238900617,07,07,1,0,True,completed
7,known_visit,HIPC,bernoulli,drop_0.25,25,625,8,10,hipc_g25_d85_bernoulli_drop_0_25,reruns\grid_density\scenarios\cv\known_visit_grid25_targets10_trials50.csv,9,14,22,26.54350133658844,26.54350133658844,07,07,1,0,True,completed
7,known_visit,HIPC,bernoulli,drop_0.25,25,625,8,10,hipc_g25_d85_bernoulli_drop_0_25,reruns\grid_density\scenarios\cv\known_visit_grid25_targets10_trials50.csv,10,2,6,3.8573776939341067,3.8573776939341067,02,02,1,0,True,completed
8,known_visit,HIPC,bernoulli,drop_0.25,25,625,8,10,hipc_g25_d85_bernoulli_drop_0_25,reruns\grid_density\scenarios\cv\known_visit_grid25_targets10_trials50.csv,1,8,11,13.957520534180734,13.957520534180734,03,03,1,0,True,completed
8,known_visit,HIPC,bernoulli,drop_0.25,25,625,8,10,hipc_g25_d85_bernoulli_drop_0_25,reruns\grid_density\scenarios\cv\known_visit_grid25_targets10_trials50.csv,2,22,0,35.55145036491965,35.55145036491965,00,00,1,0,True,completed
8,known_visit,HIPC,bernoulli,drop_0.25,25,625,8,10,hipc_g25_d85_bernoulli_drop_0_25,reruns\grid_density\scenarios\cv\known_visit_grid25_targets10_trials50.csv,3,10,0,15.320758278086616,15.320758278086616,00,00,1,0,True,completed
8,known_visit,HIPC,bernoulli,drop_0.25,25,625,8,10,hipc_g25_d85_bernoulli_drop_0_25,reruns\grid_density\scenarios\cv\known_visit_grid25_targets10_trials50.csv,4,12,12,22.805233437149575,22.805233437149575,04,04,1,0,True,completed
8,known_visit,HIPC,bernoulli,drop_0.25,25,625,8,10,hipc_g25_d85_bernoulli_drop_0_25,reruns\grid_density\scenarios\cv\known_visit_grid25_targets10_trials50.csv,5,22,15,45.6195168896497,45.6195168896497,04,04,1,0,True,completed
8,known_visit,HIPC,bernoulli,drop_0.25,25,625,8,10,hipc_g25_d85_bernoulli_drop_0_25,reruns\grid_density\scenarios\cv\known_visit_grid25_targets10_trials50.csv,6,7,8,12.783090618554967,12.783090618554967,02,02,1,0,True,completed
8,known_visit,HIPC,bernoulli,drop_0.25,25,625,8,10,hipc_g25_d85_bernoulli_drop_0_25,reruns\grid_density\scenarios\cv\known_visit_grid25_targets10_trials50.csv,7,12,17,19.283354552901187,19.283354552901187,05,05,1,0,True,completed
8,known_visit,HIPC,bernoulli,drop_0.25,25,625,8,10,hipc_g25_d85_bernoulli_drop_0_25,reruns\grid_density\scenarios\cv\known_visit_grid25_targets10_trials50.csv,8,5,8,9.121372386405572,9.121372386405572,02,02,1,0,True,completed
8,known_visit,HIPC,bernoulli,drop_0.25,25,625,8,10,hipc_g25_d85_bernoulli_drop_0_25,reruns\grid_density\scenarios\cv\known_visit_grid25_targets10_trials50.csv,9,20,13,38.421703783066775,38.421703783066775,04,04,1,0,True,completed
8,known_visit,HIPC,bernoulli,drop_0.25,25,625,8,10,hipc_g25_d85_bernoulli_drop_0_25,reruns\grid_density\scenarios\cv\known_visit_grid25_targets10_trials50.csv,10,11,13,19.094953028968266,19.094953028968266,04,04,1,0,True,completed
9,known_visit,HIPC,bernoulli,drop_0.25,25,625,8,10,hipc_g25_d85_bernoulli_drop_0_25,reruns\grid_density\scenarios\cv\known_visit_grid25_targets10_trials50.csv,1,12,13,24.346907103983806,24.346907103983806,03,03,2,1,True,completed
9,known_visit,HIPC,bernoulli,drop_0.25,25,625,8,10,hipc_g25_d85_bernoulli_drop_0_25,reruns\grid_density\scenarios\cv\known_visit_grid25_targets10_trials50.csv,2,0,15,0.5504222567711636,0.5504222567711636,04,04,1,0,True,completed
9,known_visit,HIPC,bernoulli,drop_0.25,25,625,8,10,hipc_g25_d85_bernoulli_drop_0_25,reruns\grid_density\scenarios\cv\known_visit_grid25_targets10_trials50.csv,3,8,21,16.390529444512335,16.390529444512335,06,06,1,0,True,completed
9,known_visit,HIPC,bernoulli,drop_0.25,25,625,8,10,hipc_g25_d85_bernoulli_drop_0_25,reruns\grid_density\scenarios\cv\known_visit_grid25_targets10_trials50.csv,4,12,5,22.526355575910177,22.526355575910177,01,01,1,0,True,completed
9,known_visit,HIPC,bernoulli,drop_0.25,25,625,8,10,hipc_g25_d85_bernoulli_drop_0_25,reruns\grid_density\scenarios\cv\known_visit_grid25_targets10_trials50.csv,5,6,20,10.701192943227294,10.701192943227294,06,06,1,0,True,completed
9,known_visit,HIPC,bernoulli,drop_0.25,25,625,8,10,hipc_g25_d85_bernoulli_drop_0_25,reruns\grid_density\scenarios\cv\known_visit_grid25_targets10_trials50.csv,6,1,10,0.11459520803811721,0.11459520803811721,03,03,2,1,True,completed
9,known_visit,HIPC,bernoulli,drop_0.25,25,625,8,10,hipc_g25_d85_bernoulli_drop_0_25,reruns\grid_density\scenarios\cv\known_visit_grid25_targets10_trials50.csv,7,15,19,39.83226135864852,39.83226135864852,03,03,1,0,True,completed
9,known_visit,HIPC,bernoulli,drop_0.25,25,625,8,10,hipc_g25_d85_bernoulli_drop_0_25,reruns\grid_density\scenarios\cv\known_visit_grid25_targets10_trials50.csv,8,2,11,3.6209631825383406,3.6209631825383406,03,03,1,0,True,completed
9,known_visit,HIPC,bernoulli,drop_0.25,25,625,8,10,hipc_g25_d85_bernoulli_drop_0_25,reruns\grid_density\scenarios\cv\known_visit_grid25_targets10_trials50.csv,9,24,1,45.115061715922636,45.115061715922636,00,00,1,0,True,completed
9,known_visit,HIPC,bernoulli,drop_0.25,25,625,8,10,hipc_g25_d85_bernoulli_drop_0_25,reruns\grid_density\scenarios\cv\known_visit_grid25_targets10_trials50.csv,10,15,2,27.254515789546797,27.254515789546797,00,00,1,0,True,completed
10,known_visit,HIPC,bernoulli,drop_0.25,25,625,8,10,hipc_g25_d85_bernoulli_drop_0_25,reruns\grid_density\scenarios\cv\known_visit_grid25_targets10_trials50.csv,1,7,19,14.074168463604861,14.074168463604861,06,06,1,0,True,completed
10,known_visit,HIPC,bernoulli,drop_0.25,25,625,8,10,hipc_g25_d85_bernoulli_drop_0_25,reruns\grid_density\scenarios\cv\known_visit_grid25_targets10_trials50.csv,2,19,17,35.54488078479985,35.54488078479985,05,05,1,0,True,completed
10,known_visit,HIPC,bernoulli,drop_0.25,25,625,8,10,hipc_g25_d85_bernoulli_drop_0_25,reruns\grid_density\scenarios\cv\known_visit_grid25_targets10_trials50.csv,3,5,6,9.058939718260126,9.058939718260126,02,02,1,0,True,completed
10,known_visit,HIPC,bernoulli,drop_0.25,25,625,8,10,hipc_g25_d85_bernoulli_drop_0_25,reruns\grid_density\scenarios\cv\known_visit_grid25_targets10_trials50.csv,4,15,7,30.140180322298747,30.140180322298747,03,03,1,0,True,completed
10,known_visit,HIPC,bernoulli,drop_0.25,25,625,8,10,hipc_g25_d85_bernoulli_drop_0_25,reruns\grid_density\scenarios\cv\known_visit_grid25_targets10_trials50.csv,5,18,8,36.991558560256394,36.991558560256394,03,03,1,0,True,completed
10,known_visit,HIPC,bernoulli,drop_0.25,25,625,8,10,hipc_g25_d85_bernoulli_drop_0_25,reruns\grid_density\scenarios\cv\known_visit_grid25_targets10_trials50.csv,6,10,8,19.721548770127445,19.721548770127445,03,03,1,0,True,completed
10,known_visit,HIPC,bernoulli,drop_0.25,25,625,8,10,hipc_g25_d85_bernoulli_drop_0_25,reruns\grid_density\scenarios\cv\known_visit_grid25_targets10_trials50.csv,7,22,4,42.67731070500543,42.67731070500543,00,00,1,0,True,completed
10,known_visit,HIPC,bernoulli,drop_0.25,25,625,8,10,hipc_g25_d85_bernoulli_drop_0_25,reruns\grid_density\scenarios\cv\known_visit_grid25_targets10_trials50.csv,8,18,0,28.806590481593954,28.806590481593954,00,00,1,0,True,completed
10,known_visit,HIPC,bernoulli,drop_0.25,25,625,8,10,hipc_g25_d85_bernoulli_drop_0_25,reruns\grid_density\scenarios\cv\known_visit_grid25_targets10_trials50.csv,9,16,19,29.639076540057594,29.639076540057594,06,06,1,0,True,completed
10,known_visit,HIPC,bernoulli,drop_0.25,25,625,8,10,hipc_g25_d85_bernoulli_drop_0_25,reruns\grid_density\scenarios\cv\known_visit_grid25_targets10_trials50.csv,10,4,13,7.319016123059827,7.319016123059827,04,04,1,0,True,completed
11,known_visit,HIPC,bernoulli,drop_0.25,25,625,8,10,hipc_g25_d85_bernoulli_drop_0_25,reruns\grid_density\scenarios\cv\known_visit_grid25_targets10_trials50.csv,1,20,11,48.898505272033766,48.898505272033766,04,04,1,0,True,completed
11,known_visit,HIPC,bernoulli,drop_0.25,25,625,8,10,hipc_g25_d85_bernoulli_drop_0_25,reruns\grid_density\scenarios\cv\known_visit_grid25_targets10_trials50.csv,2,6,17,8.497371645166607,8.497371645166607,05,05,1,0,True,completed
11,known_visit,HIPC,bernoulli,drop_0.25,25,625,8,10,hipc_g25_d85_bernoulli_drop_0_25,reruns\grid_density\scenarios\cv\known_visit_grid25_targets10_trials50.csv,3,9,3,13.522800011993505,13.522800011993505,01,01,1,0,True,completed
11,known_visit,HIPC,bernoulli,drop_0.25,25,625,8,10,hipc_g25_d85_bernoulli_drop_0_25,reruns\grid_density\scenarios\cv\known_visit_grid25_targets10_trials50.csv,4,9,13,15.783559951171956,15.783559951171956,04,04,1,0,True,completed
11,known_visit,HIPC,bernoulli,drop_0.25,25,625,8,10,hipc_g25_d85_bernoulli_drop_0_25,reruns\grid_density\scenarios\cv\known_visit_grid25_targets10_trials50.csv,5,12,20,21.5287089046468,21.5287089046468,06,06,1,0,True,completed
11,known_visit,HIPC,bernoulli,drop_0.25,25,625,8,10,hipc_g25_d85_bernoulli_drop_0_25,reruns\grid_density\scenarios\cv\known_visit_grid25_targets10_trials50.csv,6,2,14,1.914259175973664,1.914259175973664,04,04,1,0,True,completed
11,known_visit,HIPC,bernoulli,drop_0.25,25,625,8,10,hipc_g25_d85_bernoulli_drop_0_25,reruns\grid_density\scenarios\cv\known_visit_grid25_targets10_trials50.csv,7,16,16,33.019955140104095,33.019955140104095,04,04,1,0,True,completed
11,known_visit,HIPC,bernoulli,drop_0.25,25,625,8,10,hipc_g25_d85_bernoulli_drop_0_25,reruns\grid_density\scenarios\cv\known_visit_grid25_targets10_trials50.csv,8,20,1,35.79106304353668,35.79106304353668,01,01,1,0,True,completed
11,known_visit,HIPC,bernoulli,drop_0.25,25,625,8,10,hipc_g25_d85_bernoulli_drop_0_25,reruns\grid_density\scenarios\cv\known_visit_grid25_targets10_trials50.csv,9,20,16,40.12189804466555,40.12189804466555,04,04,1,0,True,completed
11,known_visit,HIPC,bernoulli,drop_0.25,25,625,8,10,hipc_g25_d85_bernoulli_drop_0_25,reruns\grid_density\scenarios\cv\known_visit_grid25_targets10_trials50.csv,10,12,19,23.290764580526933,23.290764580526933,06,06,1,0,True,completed
12,known_visit,HIPC,bernoulli,drop_0.25,25,625,8,10,hipc_g25_d85_bernoulli_drop_0_25,reruns\grid_density\scenarios\cv\known_visit_grid25_targets10_trials50.csv,1,1,15,2.0871760445666214,2.0871760445666214,04,04,1,0,True,completed
12,known_visit,HIPC,bernoulli,drop_0.25,25,625,8,10,hipc_g25_d85_bernoulli_drop_0_25,reruns\grid_density\scenarios\cv\known_visit_grid25_targets10_trials50.csv,2,19,20,46.170902732360815,46.170902732360815,04,04,1,0,True,completed
12,known_visit,HIPC,bernoulli,drop_0.25,25,625,8,10,hipc_g25_d85_bernoulli_drop_0_25,reruns\grid_density\scenarios\cv\known_visit_grid25_targets10_trials50.csv,3,4,24,5.291181933754332,5.291181933754332,07,07,1,0,True,completed
12,known_visit,HIPC,bernoulli,drop_0.25,25,625,8,10,hipc_g25_d85_bernoulli_drop_0_25,reruns\grid_density\scenarios\cv\known_visit_grid25_targets10_trials50.csv,4,14,12,29.768813276153175,29.768813276153175,03,03,1,0,True,completed
12,known_visit,HIPC,bernoulli,drop_0.25,25,625,8,10,hipc_g25_d85_bernoulli_drop_0_25,reruns\grid_density\scenarios\cv\known_visit_grid25_targets10_trials50.csv,5,9,13,19.207303007254907,19.207303007254907,03,03,1,0,True,completed
12,known_visit,HIPC,bernoulli,drop_0.25,25,625,8,10,hipc_g25_d85_bernoulli_drop_0_25,reruns\grid_density\scenarios\cv\known_visit_grid25_targets10_trials50.csv,6,5,13,12.392996456492085,12.392996456492085,03,03,1,0,True,completed
12,known_visit,HIPC,bernoulli,drop_0.25,25,625,8,10,hipc_g25_d85_bernoulli_drop_0_25,reruns\grid_density\scenarios\cv\known_visit_grid25_targets10_trials50.csv,7,14,13,27.835069292381846,27.835069292381846,03,03,1,0,True,completed
12,known_visit,HIPC,bernoulli,drop_0.25,25,625,8,10,hipc_g25_d85_bernoulli_drop_0_25,reruns\grid_density\scenarios\cv\known_visit_grid25_targets10_trials50.csv,8,14,9,30.153228208166112,30.153228208166112,02,02,1,0,True,completed
12,known_visit,HIPC,bernoulli,drop_0.25,25,625,8,10,hipc_g25_d85_bernoulli_drop_0_25,reruns\grid_density\scenarios\cv\known_visit_grid25_targets10_trials50.csv,9,13,3,20.507787860521653,20.507787860521653,01,01,1,0,True,completed
12,known_visit,HIPC,bernoulli,drop_0.25,25,625,8,10,hipc_g25_d85_bernoulli_drop_0_25,reruns\grid_density\scenarios\cv\known_visit_grid25_targets10_trials50.csv,10,13,6,22.751078424137997,22.751078424137997,02,02,1,0,True,completed
13,known_visit,HIPC,bernoulli,drop_0.25,25,625,8,10,hipc_g25_d85_bernoulli_drop_0_25,reruns\grid_density\scenarios\cv\known_visit_grid25_targets10_trials50.csv,1,22,9,46.60042852541686,46.60042852541686,01,01,2,1,True,completed
13,known_visit,HIPC,bernoulli,drop_0.25,25,625,8,10,hipc_g25_d85_bernoulli_drop_0_25,reruns\grid_density\scenarios\cv\known_visit_grid25_targets10_trials50.csv,2,15,5,27.80028947927318,27.80028947927318,01,01,1,0,True,completed
13,known_visit,HIPC,bernoulli,drop_0.25,25,625,8,10,hipc_g25_d85_bernoulli_drop_0_25,reruns\grid_density\scenarios\cv\known_visit_grid25_targets10_trials50.csv,3,2,20,3.7429035999785305,3.7429035999785305,06,06,1,0,True,completed
13,known_visit,HIPC,bernoulli,drop_0.25,25,625,8,10,hipc_g25_d85_bernoulli_drop_0_25,reruns\grid_density\scenarios\cv\known_visit_grid25_targets10_trials50.csv,4,2,18,3.914880792544887,3.914880792544887,05,05,1,0,True,completed
13,known_visit,HIPC,bernoulli,drop_0.25,25,625,8,10,hipc_g25_d85_bernoulli_drop_0_25,reruns\grid_density\scenarios\cv\known_visit_grid25_targets10_trials50.csv,5,23,0,64.06603778029928,64.06603778029928,01,01,1,0,True,completed
13,known_visit,HIPC,bernoulli,drop_0.25,25,625,8,10,hipc_g25_d85_bernoulli_drop_0_25,reruns\grid_density\scenarios\cv\known_visit_grid25_targets10_trials50.csv,6,16,9,36.48804065448272,36.48804065448272,01,01,1,0,True,completed
13,known_visit,HIPC,bernoulli,drop_0.25,25,625,8,10,hipc_g25_d85_bernoulli_drop_0_25,reruns\grid_density\scenarios\cv\known_visit_grid25_targets10_trials50.csv,7,13,16,24.420525638558676,24.420525638558676,04,04,2,1,True,completed
13,known_visit,HIPC,bernoulli,drop_0.25,25,625,8,10,hipc_g25_d85_bernoulli_drop_0_25,reruns\grid_density\scenarios\cv\known_visit_grid25_targets10_trials50.csv,8,22,12,47.21885689178267,47.21885689178267,04,04,1,0,True,completed
13,known_visit,HIPC,bernoulli,drop_0.25,25,625,8,10,hipc_g25_d85_bernoulli_drop_0_25,reruns\grid_density\scenarios\cv\known_visit_grid25_targets10_trials50.csv,9,2,3,1.9207453834319714,1.9207453834319714,01,01,2,1,True,completed
13,known_visit,HIPC,bernoulli,drop_0.25,25,625,8,10,hipc_g25_d85_bernoulli_drop_0_25,reruns\grid_density\scenarios\cv\known_visit_grid25_targets10_trials50.csv,10,12,19,23.119664609246946,23.119664609246946,05,05,1,0,True,completed
14,known_visit,HIPC,bernoulli,drop_0.25,25,625,8,10,hipc_g25_d85_bernoulli_drop_0_25,reruns\grid_density\scenarios\cv\known_visit_grid25_targets10_trials50.csv,1,15,19,29.93953665161373,29.93953665161373,06,06,1,0,True,completed
14,known_visit,HIPC,bernoulli,drop_0.25,25,625,8,10,hipc_g25_d85_bernoulli_drop_0_25,reruns\grid_density\scenarios\cv\known_visit_grid25_targets10_trials50.csv,2,12,23,20.96433962234269,20.96433962234269,07,07,1,0,True,completed
14,known_visit,HIPC,bernoulli,drop_0.25,25,625,8,10,hipc_g25_d85_bernoulli_drop_0_25,reruns\grid_density\scenarios\cv\known_visit_grid25_targets10_trials50.csv,3,23,21,47.413411338832645,47.413411338832645,06,06,1,0,True,completed
14,known_visit,HIPC,bernoulli,drop_0.25,25,625,8,10,hipc_g25_d85_bernoulli_drop_0_25,reruns\grid_density\scenarios\cv\known_visit_grid25_targets10_trials50.csv,4,3,18,5.610590932482988,5.610590932482988,05,05,1,0,True,completed
14,known_visit,HIPC,bernoulli,drop_0.25,25,625,8,10,hipc_g25_d85_bernoulli_drop_0_25,reruns\grid_density\scenarios\cv\known_visit_grid25_targets10_trials50.csv,5,1,5,3.996403420865819,3.996403420865819,02,02,1,0,True,completed
14,known_visit,HIPC,bernoulli,drop_0.25,25,625,8,10,hipc_g25_d85_bernoulli_drop_0_25,reruns\grid_density\scenarios\cv\known_visit_grid25_targets10_trials50.csv,6,10,4,17.260249340086766,17.260249340086766,01,01,1,0,True,completed
14,known_visit,HIPC,bernoulli,drop_0.25,25,625,8,10,hipc_g25_d85_bernoulli_drop_0_25,reruns\grid_density\scenarios\cv\known_visit_grid25_targets10_trials50.csv,7,12,2,24.659282691040968,24.659282691040968,01,01,1,0,True,completed
14,known_visit,HIPC,bernoulli,drop_0.25,25,625,8,10,hipc_g25_d85_bernoulli_drop_0_25,reruns\grid_density\scenarios\cv\known_visit_grid25_targets10_trials50.csv,8,22,16,46.24101214838278,46.24101214838278,03,03,1,0,True,completed
14,known_visit,HIPC,bernoulli,drop_0.25,25,625,8,10,hipc_g25_d85_bernoulli_drop_0_25,reruns\grid_density\scenarios\cv\known_visit_grid25_targets10_trials50.csv,9,22,11,37.72152108929303,37.72152108929303,03,03,1,0,True,completed
14,known_visit,HIPC,bernoulli,drop_0.25,25,625,8,10,hipc_g25_d85_bernoulli_drop_0_25,reruns\grid_density\scenarios\cv\known_visit_grid25_targets10_trials50.csv,10,1,6,2.260423523485879,2.260423523485879,02,02,1,0,True,completed
15,known_visit,HIPC,bernoulli,drop_0.25,25,625,8,10,hipc_g25_d85_bernoulli_drop_0_25,reruns\grid_density\scenarios\cv\known_visit_grid25_targets10_trials50.csv,1,5,0,6.761329468879204,6.761329468879204,00,00,1,0,True,completed
15,known_visit,HIPC,bernoulli,drop_0.25,25,625,8,10,hipc_g25_d85_bernoulli_drop_0_25,reruns\grid_density\scenarios\cv\known_visit_grid25_targets10_trials50.csv,2,3,20,5.3461449781275885,5.3461449781275885,06,06,1,0,True,completed
15,known_visit,HIPC,bernoulli,drop_0.25,25,625,8,10,hipc_g25_d85_bernoulli_drop_0_25,reruns\grid_density\scenarios\cv\known_visit_grid25_targets10_trials50.csv,3,11,15,19.286538721779273,19.286538721779273,04,04,1,0,True,completed
15,known_visit,HIPC,bernoulli,drop_0.25,25,625,8,10,hipc_g25_d85_bernoulli_drop_0_25,reruns\grid_density\scenarios\cv\known_visit_grid25_targets10_trials50.csv,4,12,22,22.60325080386394,22.60325080386394,07,07,1,0,True,completed
15,known_visit,HIPC,bernoulli,drop_0.25,25,625,8,10,hipc_g25_d85_bernoulli_drop_0_25,reruns\grid_density\scenarios\cv\known_visit_grid25_targets10_trials50.csv,5,12,12,26.474408921685388,26.474408921685388,04,04,1,0,True,completed
15,known_visit,HIPC,bernoulli,drop_0.25,25,625,8,10,hipc_g25_d85_bernoulli_drop_0_25,reruns\grid_density\scenarios\cv\known_visit_grid25_targets10_trials50.csv,6,7,23,12.166595374298254,12.166595374298254,07,07,1,0,True,completed
15,known_visit,HIPC,bernoulli,drop_0.25,25,625,8,10,hipc_g25_d85_bernoulli_drop_0_25,reruns\grid_density\scenarios\cv\known_visit_grid25_targets10_trials50.csv,7,15,0,23.43690847827302,23.43690847827302,00,00,1,0,True,completed
15,known_visit,HIPC,bernoulli,drop_0.25,25,625,8,10,hipc_g25_d85_bernoulli_drop_0_25,reruns\grid_density\scenarios\cv\known_visit_grid25_targets10_trials50.csv,8,19,18,34.82879495440526,34.82879495440526,05,05,1,0,True,completed
15,known_visit,HIPC,bernoulli,drop_0.25,25,625,8,10,hipc_g25_d85_bernoulli_drop_0_25,reruns\grid_density\scenarios\cv\known_visit_grid25_targets10_trials50.csv,9,23,16,45.50197063205458,45.50197063205458,05,05,1,0,True,completed
15,known_visit,HIPC,bernoulli,drop_0.25,25,625,8,10,hipc_g25_d85_bernoulli_drop_0_25,reruns\grid_density\scenarios\cv\known_visit_grid25_targets10_trials50.csv,10,20,8,47.37257400880515,47.37257400880515,04,04,1,0,True,completed
16,known_visit,HIPC,bernoulli,drop_0.25,25,625,8,10,hipc_g25_d85_bernoulli_drop_0_25,reruns\grid_density\scenarios\cv\known_visit_grid25_targets10_trials50.csv,1,19,8,39.18847338882475,39.18847338882475,03,03,1,0,True,completed
16,known_visit,HIPC,bernoulli,drop_0.25,25,625,8,10,hipc_g25_d85_bernoulli_drop_0_25,reruns\grid_density\scenarios\cv\known_visit_grid25_targets10_trials50.csv,2,6,17,12.971418360564492,12.971418360564492,05,05,1,0,True,completed
16,known_visit,HIPC,bernoulli,drop_0.25,25,625,8,10,hipc_g25_d85_bernoulli_drop_0_25,reruns\grid_density\scenarios\cv\known_visit_grid25_targets10_trials50.csv,3,5,12,10.705226973057611,10.705226973057611,04,04,1,0,True,completed
16,known_visit,HIPC,bernoulli,drop_0.25,25,625,8,10,hipc_g25_d85_bernoulli_drop_0_25,reruns\grid_density\scenarios\cv\known_visit_grid25_targets10_trials50.csv,4,12,11,21.420995990952456,21.420995990952456,03,03,1,0,True,completed
16,known_visit,HIPC,bernoulli,drop_0.25,25,625,8,10,hipc_g25_d85_bernoulli_drop_0_25,reruns\grid_density\scenarios\cv\known_visit_grid25_targets10_trials50.csv,5,18,17,38.28969616920262,38.28969616920262,05,05,1,0,True,completed
16,known_visit,HIPC,bernoulli,drop_0.25,25,625,8,10,hipc_g25_d85_bernoulli_drop_0_25,reruns\grid_density\scenarios\cv\known_visit_grid25_targets10_trials50.csv,6,3,18,5.6524190082109955,5.6524190082109955,05,05,1,0,True,completed
16,known_visit,HIPC,bernoulli,drop_0.25,25,625,8,10,hipc_g25_d85_bernoulli_drop_0_25,reruns\grid_density\scenarios\cv\known_visit_grid25_targets10_trials50.csv,7,16,16,32.51077983472749,32.51077983472749,05,05,1,0,True,completed
16,known_visit,HIPC,bernoulli,drop_0.25,25,625,8,10,hipc_g25_d85_bernoulli_drop_0_25,reruns\grid_density\scenarios\cv\known_visit_grid25_targets10_trials50.csv,8,13,21,20.543053815618745,20.543053815618745,06,06,1,0,True,completed
16,known_visit,HIPC,bernoulli,drop_0.25,25,625,8,10,hipc_g25_d85_bernoulli_drop_0_25,reruns\grid_density\scenarios\cv\known_visit_grid25_targets10_trials50.csv,9,11,3,17.212922629414255,17.212922629414255,01,01,1,0,True,completed
16,known_visit,HIPC,bernoulli,drop_0.25,25,625,8,10,hipc_g25_d85_bernoulli_drop_0_25,reruns\grid_density\scenarios\cv\known_visit_grid25_targets10_trials50.csv,10,14,9,28.598211873067523,28.598211873067523,03,03,1,0,True,completed
17,known_visit,HIPC,bernoulli,drop_0.25,25,625,8,10,hipc_g25_d85_bernoulli_drop_0_25,reruns\grid_density\scenarios\cv\known_visit_grid25_targets10_trials50.csv,1,1,11,2.060580439940321,2.060580439940321,03,03,2,1,True,completed
17,known_visit,HIPC,bernoulli,drop_0.25,25,625,8,10,hipc_g25_d85_bernoulli_drop_0_25,reruns\grid_density\scenarios\cv\known_visit_grid25_targets10_trials50.csv,2,4,12,8.97766774481666,8.97766774481666,03,03,1,0,True,completed
17,known_visit,HIPC,bernoulli,drop_0.25,25,625,8,10,hipc_g25_d85_bernoulli_drop_0_25,reruns\grid_density\scenarios\cv\known_visit_grid25_targets10_trials50.csv,3,1,15,3.812049551522884,3.812049551522884,05,05,1,0,True,completed
17,known_visit,HIPC,bernoulli,drop_0.25,25,625,8,10,hipc_g25_d85_bernoulli_drop_0_25,reruns\grid_density\scenarios\cv\known_visit_grid25_targets10_trials50.csv,4,8,10,17.358498144433398,17.358498144433398,02,02,1,0,True,completed
17,known_visit,HIPC,bernoulli,drop_0.25,25,625,8,10,hipc_g25_d85_bernoulli_drop_0_25,reruns\grid_density\scenarios\cv\known_visit_grid25_targets10_trials50.csv,5,1,13,2.1081057173123026,2.1081057173123026,04,04,1,0,True,completed
17,known_visit,HIPC,bernoulli,drop_0.25,25,625,8,10,hipc_g25_d85_bernoulli_drop_0_25,reruns\grid_density\scenarios\cv\known_visit_grid25_targets10_trials50.csv,6,22,23,62.11047991337398,62.11047991337398,07,07,1,0,True,completed
17,known_visit,HIPC,bernoulli,drop_0.25,25,625,8,10,hipc_g25_d85_bernoulli_drop_0_25,reruns\grid_density\scenarios\cv\known_visit_grid25_targets10_trials50.csv,7,10,12,24.517483459905492,24.517483459905492,02,02,1,0,True,completed
17,known_visit,HIPC,bernoulli,drop_0.25,25,625,8,10,hipc_g25_d85_bernoulli_drop_0_25,reruns\grid_density\scenarios\cv\known_visit_grid25_targets10_trials50.csv,8,23,16,50.41489384209577,50.41489384209577,06,06,1,0,True,completed
17,known_visit,HIPC,bernoulli,drop_0.25,25,625,8,10,hipc_g25_d85_bernoulli_drop_0_25,reruns\grid_density\scenarios\cv\known_visit_grid25_targets10_trials50.csv,9,17,15,37.80441129481079,37.80441129481079,06,06,1,0,True,completed
17,known_visit,HIPC,bernoulli,drop_0.25,25,625,8,10,hipc_g25_d85_bernoulli_drop_0_25,reruns\grid_density\scenarios\cv\known_visit_grid25_targets10_trials50.csv,10,17,5,31.62107245513738,31.62107245513738,01,01,1,0,True,completed
18,known_visit,HIPC,bernoulli,drop_0.25,25,625,8,10,hipc_g25_d85_bernoulli_drop_0_25,reruns\grid_density\scenarios\cv\known_visit_grid25_targets10_trials50.csv,1,10,17,15.566717643006646,15.566717643006646,05,05,1,0,True,completed
18,known_visit,HIPC,bernoulli,drop_0.25,25,625,8,10,hipc_g25_d85_bernoulli_drop_0_25,reruns\grid_density\scenarios\cv\known_visit_grid25_targets10_trials50.csv,2,24,20,46.23608263966729,46.23608263966729,06,06,1,0,True,completed
18,known_visit,HIPC,bernoulli,drop_0.25,25,625,8,10,hipc_g25_d85_bernoulli_drop_0_25,reruns\grid_density\scenarios\cv\known_visit_grid25_targets10_trials50.csv,3,14,15,25.832570384025203,25.832570384025203,05,05,1,0,True,completed
18,known_visit,HIPC,bernoulli,drop_0.25,25,625,8,10,hipc_g25_d85_bernoulli_drop_0_25,reruns\grid_density\scenarios\cv\known_visit_grid25_targets10_trials50.csv,4,22,23,55.387118138362666,55.387118138362666,06,06,1,0,True,completed
18,known_visit,HIPC,bernoulli,drop_0.25,25,625,8,10,hipc_g25_d85_bernoulli_drop_0_25,reruns\grid_density\scenarios\cv\known_visit_grid25_targets10_trials50.csv,5,3,21,7.959643747206669,7.959643747206669,06,06,1,0,True,completed
18,known_visit,HIPC,bernoulli,drop_0.25,25,625,8,10,hipc_g25_d85_bernoulli_drop_0_25,reruns\grid_density\scenarios\cv\known_visit_grid25_targets10_trials50.csv,6,17,20,34.00955056936162,34.00955056936162,06,06,2,1,True,completed
18,known_visit,HIPC,bernoulli,drop_0.25,25,625,8,10,hipc_g25_d85_bernoulli_drop_0_25,reruns\grid_density\scenarios\cv\known_visit_grid25_targets10_trials50.csv,7,20,6,39.71781738282007,39.71781738282007,03,03,1,0,True,completed
18,known_visit,HIPC,bernoulli,drop_0.25,25,625,8,10,hipc_g25_d85_bernoulli_drop_0_25,reruns\grid_density\scenarios\cv\known_visit_grid25_targets10_trials50.csv,8,12,10,18.745801840483264,18.745801840483264,03,03,1,0,True,completed
18,known_visit,HIPC,bernoulli,drop_0.25,25,625,8,10,hipc_g25_d85_bernoulli_drop_0_25,reruns\grid_density\scenarios\cv\known_visit_grid25_targets10_trials50.csv,9,2,20,3.9931671065642647,3.9931671065642647,06,06,2,1,True,completed
18,known_visit,HIPC,bernoulli,drop_0.25,25,625,8,10,hipc_g25_d85_bernoulli_drop_0_25,reruns\grid_density\scenarios\cv\known_visit_grid25_targets10_trials50.csv,10,16,8,29.222901252342275,29.222901252342275,03,03,1,0,True,completed
19,known_visit,HIPC,bernoulli,drop_0.25,25,625,8,10,hipc_g25_d85_bernoulli_drop_0_25,reruns\grid_density\scenarios\cv\known_visit_grid25_targets10_trials50.csv,1,18,6,35.0805091027313,35.0805091027313,01,01,1,0,True,completed
19,known_visit,HIPC,bernoulli,drop_0.25,25,625,8,10,hipc_g25_d85_bernoulli_drop_0_25,reruns\grid_density\scenarios\cv\known_visit_grid25_targets10_trials50.csv,2,17,8,29.40521444383364,29.40521444383364,02,02,1,0,True,completed
19,known_visit,HIPC,bernoulli,drop_0.25,25,625,8,10,hipc_g25_d85_bernoulli_drop_0_25,reruns\grid_density\scenarios\cv\known_visit_grid25_targets10_trials50.csv,3,17,17,27.45511066997579,27.45511066997579,05,05,1,0,True,completed
19,known_visit,HIPC,bernoulli,drop_0.25,25,625,8,10,hipc_g25_d85_bernoulli_drop_0_25,reruns\grid_density\scenarios\cv\known_visit_grid25_targets10_trials50.csv,4,20,16,34.79937442413187,34.79937442413187,05,05,1,0,True,completed
19,known_visit,HIPC,bernoulli,drop_0.25,25,625,8,10,hipc_g25_d85_bernoulli_drop_0_25,reruns\grid_density\scenarios\cv\known_visit_grid25_targets10_trials50.csv,5,21,13,42.1095880679609,42.1095880679609,05,05,1,0,True,completed
19,known_visit,HIPC,bernoulli,drop_0.25,25,625,8,10,hipc_g25_d85_bernoulli_drop_0_25,reruns\grid_density\scenarios\cv\known_visit_grid25_targets10_trials50.csv,6,7,17,10.226645325624405,10.226645325624405,05,05,2,1,True,completed
19,known_visit,HIPC,bernoulli,drop_0.25,25,625,8,10,hipc_g25_d85_bernoulli_drop_0_25,reruns\grid_density\scenarios\cv\known_visit_grid25_targets10_trials50.csv,7,2,5,5.60093104802396,5.60093104802396,01,01,1,0,True,completed
19,known_visit,HIPC,bernoulli,drop_0.25,25,625,8,10,hipc_g25_d85_bernoulli_drop_0_25,reruns\grid_density\scenarios\cv\known_visit_grid25_targets10_trials50.csv,8,24,5,51.46650466201239,51.46650466201239,01,01,1,0,True,completed
19,known_visit,HIPC,bernoulli,drop_0.25,25,625,8,10,hipc_g25_d85_bernoulli_drop_0_25,reruns\grid_density\scenarios\cv\known_visit_grid25_targets10_trials50.csv,9,20,4,42.531505798003565,42.531505798003565,01,01,1,0,True,completed
19,known_visit,HIPC,bernoulli,drop_0.25,25,625,8,10,hipc_g25_d85_bernoulli_drop_0_25,reruns\grid_density\scenarios\cv\known_visit_grid25_targets10_trials50.csv,10,4,24,5.383347394645714,5.383347394645714,07,07,2,1,True,completed
20,known_visit,HIPC,bernoulli,drop_0.25,25,625,8,10,hipc_g25_d85_bernoulli_drop_0_25,reruns\grid_density\scenarios\cv\known_visit_grid25_targets10_trials50.csv,1,24,7,46.37047654141734,46.37047654141734,01,01,1,0,True,completed
20,known_visit,HIPC,bernoulli,drop_0.25,25,625,8,10,hipc_g25_d85_bernoulli_drop_0_25,reruns\grid_density\scenarios\cv\known_visit_grid25_targets10_trials50.csv,2,10,3,15.672815106045364,15.672815106045364,01,01,1,0,True,completed
20,known_visit,HIPC,bernoulli,drop_0.25,25,625,8,10,hipc_g25_d85_bernoulli_drop_0_25,reruns\grid_density\scenarios\cv\known_visit_grid25_targets10_trials50.csv,3,21,19,41.32838927576531,41.32838927576531,06,06,1,0,True,completed
20,known_visit,HIPC,bernoulli,drop_0.25,25,625,8,10,hipc_g25_d85_bernoulli_drop_0_25,reruns\grid_density\scenarios\cv\known_visit_grid25_targets10_trials50.csv,4,8,3,12.226051931488676,12.226051931488676,01,01,1,0,True,completed
20,known_visit,HIPC,bernoulli,drop_0.25,25,625,8,10,hipc_g25_d85_bernoulli_drop_0_25,reruns\grid_density\scenarios\cv\known_visit_grid25_targets10_trials50.csv,5,12,12,22.59525990988469,22.59525990988469,03,03,1,0,True,completed
20,known_visit,HIPC,bernoulli,drop_0.25,25,625,8,10,hipc_g25_d85_bernoulli_drop_0_25,reruns\grid_density\scenarios\cv\known_visit_grid25_targets10_trials50.csv,6,22,21,35.73303285847379,35.73303285847379,06,06,1,0,True,completed
20,known_visit,HIPC,bernoulli,drop_0.25,25,625,8,10,hipc_g25_d85_bernoulli_drop_0_25,reruns\grid_density\scenarios\cv\known_visit_grid25_targets10_trials50.csv,7,22,4,37.71084948947025,37.71084948947025,01,01,1,0,True,completed
20,known_visit,HIPC,bernoulli,drop_0.25,25,625,8,10,hipc_g25_d85_bernoulli_drop_0_25,reruns\grid_density\scenarios\cv\known_visit_grid25_targets10_trials50.csv,8,16,12,29.083687422943104,29.083687422943104,04,04,2,1,True,completed
20,known_visit,HIPC,bernoulli,drop_0.25,25,625,8,10,hipc_g25_d85_bernoulli_drop_0_25,reruns\grid_density\scenarios\cv\known_visit_grid25_targets10_trials50.csv,9,19,12,34.30003001931158,34.30003001931158,04,04,1,0,True,completed
20,known_visit,HIPC,bernoulli,drop_0.25,25,625,8,10,hipc_g25_d85_bernoulli_drop_0_25,reruns\grid_density\scenarios\cv\known_visit_grid25_targets10_trials50.csv,10,13,14,20.51821698127988,20.51821698127988,04,04,1,0,True,completed
21,known_visit,HIPC,bernoulli,drop_0.25,25,625,8,10,hipc_g25_d85_bernoulli_drop_0_25,reruns\grid_density\scenarios\cv\known_visit_grid25_targets10_trials50.csv,1,1,6,2.2216783454749662,2.2216783454749662,02,02,1,0,True,completed
21,known_visit,HIPC,bernoulli,drop_0.25,25,625,8,10,hipc_g25_d85_bernoulli_drop_0_25,reruns\grid_density\scenarios\cv\known_visit_grid25_targets10_trials50.csv,2,8,14,12.389055509519178,12.389055509519178,04,04,1,0,True,completed
21,known_visit,HIPC,bernoulli,drop_0.25,25,625,8,10,hipc_g25_d85_bernoulli_drop_0_25,reruns\grid_density\scenarios\cv\known_visit_grid25_targets10_trials50.csv,3,14,12,26.16178537462099,26.16178537462099,04,04,1,0,True,completed
21,known_visit,HIPC,bernoulli,drop_0.25,25,625,8,10,hipc_g25_d85_bernoulli_drop_0_25,reruns\grid_density\scenarios\cv\known_visit_grid25_targets10_trials50.csv,4,21,0,38.65215945629128,38.65215945629128,00,00,1,0,True,completed
21,known_visit,HIPC,bernoulli,drop_0.25,25,625,8,10,hipc_g25_d85_bernoulli_drop_0_25,reruns\grid_density\scenarios\cv\known_visit_grid25_targets10_trials50.csv,5,2,0,1.9297449853218884,1.9297449853218884,00,00,1,0,True,completed
21,known_visit,HIPC,bernoulli,drop_0.25,25,625,8,10,hipc_g25_d85_bernoulli_drop_0_25,reruns\grid_density\scenarios\cv\known_visit_grid25_targets10_trials50.csv,6,23,6,53.02139102044968,53.02139102044968,00,00,1,0,True,completed
21,known_visit,HIPC,bernoulli,drop_0.25,25,625,8,10,hipc_g25_d85_bernoulli_drop_0_25,reruns\grid_density\scenarios\cv\known_visit_grid25_targets10_trials50.csv,7,6,20,10.734527601391266,10.734527601391266,06,06,1,0,True,completed
21,known_visit,HIPC,bernoulli,drop_0.25,25,625,8,10,hipc_g25_d85_bernoulli_drop_0_25,reruns\grid_density\scenarios\cv\known_visit_grid25_targets10_trials50.csv,8,1,3,0.22607165806186869,0.22607165806186869,01,01,1,0,True,completed
21,known_visit,HIPC,bernoulli,drop_0.25,25,625,8,10,hipc_g25_d85_bernoulli_drop_0_25,reruns\grid_density\scenarios\cv\known_visit_grid25_targets10_trials50.csv,9,6,1,10.755478656637147,10.755478656637147,00,00,1,0,True,completed
21,known_visit,HIPC,bernoulli,drop_0.25,25,625,8,10,hipc_g25_d85_bernoulli_drop_0_25,reruns\grid_density\scenarios\cv\known_visit_grid25_targets10_trials50.csv,10,16,19,42.17057678167961,42.17057678167961,04,04,1,0,True,completed
22,known_visit,HIPC,bernoulli,drop_0.25,25,625,8,10,hipc_g25_d85_bernoulli_drop_0_25,reruns\grid_density\scenarios\cv\known_visit_grid25_targets10_trials50.csv,1,5,24,7.2464022640517145,7.2464022640517145,07,07,1,0,True,completed
22,known_visit,HIPC,bernoulli,drop_0.25,25,625,8,10,hipc_g25_d85_bernoulli_drop_0_25,reruns\grid_density\scenarios\cv\known_visit_grid25_targets10_trials50.csv,2,13,19,24.186798640541358,24.186798640541358,05,05,1,0,True,completed
22,known_visit,HIPC,bernoulli,drop_0.25,25,625,8,10,hipc_g25_d85_bernoulli_drop_0_25,reruns\grid_density\scenarios\cv\known_visit_grid25_targets10_trials50.csv,3,22,5,51.08594365601331,51.08594365601331,02,02,1,0,True,completed
22,known_visit,HIPC,bernoulli,drop_0.25,25,625,8,10,hipc_g25_d85_bernoulli_drop_0_25,reruns\grid_density\scenarios\cv\known_visit_grid25_targets10_trials50.csv,4,17,23,30.028868715892443,30.028868715892443,07,07,1,0,True,completed
22,known_visit,HIPC,bernoulli,drop_0.25,25,625,8,10,hipc_g25_d85_bernoulli_drop_0_25,reruns\grid_density\scenarios\cv\known_visit_grid25_targets10_trials50.csv,5,18,16,38.37283174256635,38.37283174256635,05,05,1,0,True,completed
22,known_visit,HIPC,bernoulli,drop_0.25,25,625,8,10,hipc_g25_d85_bernoulli_drop_0_25,reruns\grid_density\scenarios\cv\known_visit_grid25_targets10_trials50.csv,6,6,6,10.517156992504296,10.517156992504296,02,02,1,0,True,completed
22,known_visit,HIPC,bernoulli,drop_0.25,25,625,8,10,hipc_g25_d85_bernoulli_drop_0_25,reruns\grid_density\scenarios\cv\known_visit_grid25_targets10_trials50.csv,7,23,8,43.84067369610453,43.84067369610453,02,02,1,0,True,completed
22,known_visit,HIPC,bernoulli,drop_0.25,25,625,8,10,hipc_g25_d85_bernoulli_drop_0_25,reruns\grid_density\scenarios\cv\known_visit_grid25_targets10_trials50.csv,8,12,8,24.741694567094466,24.741694567094466,02,02,2,1,True,completed
22,known_visit,HIPC,bernoulli,drop_0.25,25,625,8,10,hipc_g25_d85_bernoulli_drop_0_25,reruns\grid_density\scenarios\cv\known_visit_grid25_targets10_trials50.csv,9,11,11,19.426878880938354,19.426878880938354,03,03,1,0,True,completed
22,known_visit,HIPC,bernoulli,drop_0.25,25,625,8,10,hipc_g25_d85_bernoulli_drop_0_25,reruns\grid_density\scenarios\cv\known_visit_grid25_targets10_trials50.csv,10,1,5,3.897470576695776,3.897470576695776,01,01,1,0,True,completed
23,known_visit,HIPC,bernoulli,drop_0.25,25,625,8,10,hipc_g25_d85_bernoulli_drop_0_25,reruns\grid_density\scenarios\cv\known_visit_grid25_targets10_trials50.csv,1,7,9,12.090536407487848,12.090536407487848,03,03,1,0,True,completed
23,known_visit,HIPC,bernoulli,drop_0.25,25,625,8,10,hipc_g25_d85_bernoulli_drop_0_25,reruns\grid_density\scenarios\cv\known_visit_grid25_targets10_trials50.csv,2,17,17,39.89528322993448,39.89528322993448,07,07,1,0,True,completed
23,known_visit,HIPC,bernoulli,drop_0.25,25,625,8,10,hipc_g25_d85_bernoulli_drop_0_25,reruns\grid_density\scenarios\cv\known_visit_grid25_targets10_trials50.csv,3,21,11,42.03639070371905,42.03639070371905,02,02,1,0,True,completed
23,known_visit,HIPC,bernoulli,drop_0.25,25,625,8,10,hipc_g25_d85_bernoulli_drop_0_25,reruns\grid_density\scenarios\cv\known_visit_grid25_targets10_trials50.csv,4,24,6,56.41509585701505,56.41509585701505,02,02,1,0,True,completed
23,known_visit,HIPC,bernoulli,drop_0.25,25,625,8,10,hipc_g25_d85_bernoulli_drop_0_25,reruns\grid_density\scenarios\cv\known_visit_grid25_targets10_trials50.csv,5,7,15,14.065091011952681,14.065091011952681,05,05,1,0,True,completed
23,known_visit,HIPC,bernoulli,drop_0.25,25,625,8,10,hipc_g25_d85_bernoulli_drop_0_25,reruns\grid_density\scenarios\cv\known_visit_grid25_targets10_trials50.csv,6,15,9,26.03099703250917,26.03099703250917,03,03,1,0,True,completed
23,known_visit,HIPC,bernoulli,drop_0.25,25,625,8,10,hipc_g25_d85_bernoulli_drop_0_25,reruns\grid_density\scenarios\cv\known_visit_grid25_targets10_trials50.csv,7,18,0,29.14428422878221,29.14428422878221,00,00,1,0,True,completed
23,known_visit,HIPC,bernoulli,drop_0.25,25,625,8,10,hipc_g25_d85_bernoulli_drop_0_25,reruns\grid_density\scenarios\cv\known_visit_grid25_targets10_trials50.csv,8,13,12,35.212970126124866,35.212970126124866,03,03,1,0,True,completed
23,known_visit,HIPC,bernoulli,drop_0.25,25,625,8,10,hipc_g25_d85_bernoulli_drop_0_25,reruns\grid_density\scenarios\cv\known_visit_grid25_targets10_trials50.csv,9,12,23,20.843400063327593,20.843400063327593,07,07,1,0,True,completed
23,known_visit,HIPC,bernoulli,drop_0.25,25,625,8,10,hipc_g25_d85_bernoulli_drop_0_25,reruns\grid_density\scenarios\cv\known_visit_grid25_targets10_trials50.csv,10,3,13,5.56212736690296,5.56212736690296,04,04,1,0,True,completed
24,known_visit,HIPC,bernoulli,drop_0.25,25,625,8,10,hipc_g25_d85_bernoulli_drop_0_25,reruns\grid_density\scenarios\cv\known_visit_grid25_targets10_trials50.csv,1,19,14,40.5685303868522,40.5685303868522,05,05,1,0,True,completed
24,known_visit,HIPC,bernoulli,drop_0.25,25,625,8,10,hipc_g25_d85_bernoulli_drop_0_25,reruns\grid_density\scenarios\cv\known_visit_grid25_targets10_trials50.csv,2,14,3,26.86867150336676,26.86867150336676,01,01,1,0,True,completed
24,known_visit,HIPC,bernoulli,drop_0.25,25,625,8,10,hipc_g25_d85_bernoulli_drop_0_25,reruns\grid_density\scenarios\cv\known_visit_grid25_targets10_trials50.csv,3,19,23,32.845451393936415,32.845451393936415,07,07,1,0,True,completed
24,known_visit,HIPC,bernoulli,drop_0.25,25,625,8,10,hipc_g25_d85_bernoulli_drop_0_25,reruns\grid_density\scenarios\cv\known_visit_grid25_targets10_trials50.csv,4,22,23,38.307166242919386,38.307166242919386,07,07,1,0,True,completed
24,known_visit,HIPC,bernoulli,drop_0.25,25,625,8,10,hipc_g25_d85_bernoulli_drop_0_25,reruns\grid_density\scenarios\cv\known_visit_grid25_targets10_trials50.csv,5,6,15,10.729771716759355,10.729771716759355,04,04,1,0,True,completed
24,known_visit,HIPC,bernoulli,drop_0.25,25,625,8,10,hipc_g25_d85_bernoulli_drop_0_25,reruns\grid_density\scenarios\cv\known_visit_grid25_targets10_trials50.csv,6,18,24,29.220395090652694,29.220395090652694,07,07,1,0,True,completed
24,known_visit,HIPC,bernoulli,drop_0.25,25,625,8,10,hipc_g25_d85_bernoulli_drop_0_25,reruns\grid_density\scenarios\cv\known_visit_grid25_targets10_trials50.csv,7,20,16,34.67834194122102,34.67834194122102,05,05,1,0,True,completed
24,known_visit,HIPC,bernoulli,drop_0.25,25,625,8,10,hipc_g25_d85_bernoulli_drop_0_25,reruns\grid_density\scenarios\cv\known_visit_grid25_targets10_trials50.csv,8,2,16,3.7231144381957235,3.7231144381957235,05,05,2,1,True,completed
24,known_visit,HIPC,bernoulli,drop_0.25,25,625,8,10,hipc_g25_d85_bernoulli_drop_0_25,reruns\grid_density\scenarios\cv\known_visit_grid25_targets10_trials50.csv,9,9,4,16.071568079608436,16.071568079608436,01,01,1,0,True,completed
24,known_visit,HIPC,bernoulli,drop_0.25,25,625,8,10,hipc_g25_d85_bernoulli_drop_0_25,reruns\grid_density\scenarios\cv\known_visit_grid25_targets10_trials50.csv,10,4,16,7.534410162188946,7.534410162188946,05,05,2,1,True,completed
25,known_visit,HIPC,bernoulli,drop_0.25,25,625,8,10,hipc_g25_d85_bernoulli_drop_0_25,reruns\grid_density\scenarios\cv\known_visit_grid25_targets10_trials50.csv,1,12,11,20.833804160938485,20.833804160938485,03,03,2,1,True,completed
25,known_visit,HIPC,bernoulli,drop_0.25,25,625,8,10,hipc_g25_d85_bernoulli_drop_0_25,reruns\grid_density\scenarios\cv\known_visit_grid25_targets10_trials50.csv,2,23,9,41.258204702169245,41.258204702169245,02,02,1,0,True,completed
25,known_visit,HIPC,bernoulli,drop_0.25,25,625,8,10,hipc_g25_d85_bernoulli_drop_0_25,reruns\grid_density\scenarios\cv\known_visit_grid25_targets10_trials50.csv,3,9,19,17.183681860686697,17.183681860686697,05,05,1,0,True,completed
25,known_visit,HIPC,bernoulli,drop_0.25,25,625,8,10,hipc_g25_d85_bernoulli_drop_0_25,reruns\grid_density\scenarios\cv\known_visit_grid25_targets10_trials50.csv,4,17,21,27.78929215368583,27.78929215368583,06,06,1,0,True,completed
25,known_visit,HIPC,bernoulli,drop_0.25,25,625,8,10,hipc_g25_d85_bernoulli_drop_0_25,reruns\grid_density\scenarios\cv\known_visit_grid25_targets10_trials50.csv,5,21,8,46.88878943797627,46.88878943797627,02,02,1,0,True,completed
25,known_visit,HIPC,bernoulli,drop_0.25,25,625,8,10,hipc_g25_d85_bernoulli_drop_0_25,reruns\grid_density\scenarios\cv\known_visit_grid25_targets10_trials50.csv,6,5,4,8.95795841332864,8.95795841332864,01,01,1,0,True,completed
25,known_visit,HIPC,bernoulli,drop_0.25,25,625,8,10,hipc_g25_d85_bernoulli_drop_0_25,reruns\grid_density\scenarios\cv\known_visit_grid25_targets10_trials50.csv,7,21,11,36.57894580092243,36.57894580092243,03,03,1,0,True,completed
25,known_visit,HIPC,bernoulli,drop_0.25,25,625,8,10,hipc_g25_d85_bernoulli_drop_0_25,reruns\grid_density\scenarios\cv\known_visit_grid25_targets10_trials50.csv,8,2,10,1.7911381565794593,1.7911381565794593,03,03,2,1,True,completed
25,known_visit,HIPC,bernoulli,drop_0.25,25,625,8,10,hipc_g25_d85_bernoulli_drop_0_25,reruns\grid_density\scenarios\cv\known_visit_grid25_targets10_trials50.csv,9,18,22,31.519490977513687,31.519490977513687,06,06,1,0,True,completed
25,known_visit,HIPC,bernoulli,drop_0.25,25,625,8,10,hipc_g25_d85_bernoulli_drop_0_25,reruns\grid_density\scenarios\cv\known_visit_grid25_targets10_trials50.csv,10,17,9,30.67702310327133,30.67702310327133,02,02,1,0,True,completed
26,known_visit,HIPC,bernoulli,drop_0.25,25,625,8,10,hipc_g25_d85_bernoulli_drop_0_25,reruns\grid_density\scenarios\cv\known_visit_grid25_targets10_trials50.csv,1,22,7,49.58811198145044,49.58811198145044,00,00,1,0,True,completed
26,known_visit,HIPC,bernoulli,drop_0.25,25,625,8,10,hipc_g25_d85_bernoulli_drop_0_25,reruns\grid_density\scenarios\cv\known_visit_grid25_targets10_trials50.csv,2,4,6,7.244363877790016,7.244363877790016,02,02,1,0,True,completed
26,known_visit,HIPC,bernoulli,drop_0.25,25,625,8,10,hipc_g25_d85_bernoulli_drop_0_25,reruns\grid_density\scenarios\cv\known_visit_grid25_targets10_trials50.csv,3,1,13,2.3283788463625688,2.3283788463625688,04,04,1,0,True,completed
26,known_visit,HIPC,bernoulli,drop_0.25,25,625,8,10,hipc_g25_d85_bernoulli_drop_0_25,reruns\grid_density\scenarios\cv\known_visit_grid25_targets10_trials50.csv,4,7,8,16.364062831205302,16.364062831205302,02,02,1,0,True,completed
26,known_visit,HIPC,bernoulli,drop_0.25,25,625,8,10,hipc_g25_d85_bernoulli_drop_0_25,reruns\grid_density\scenarios\cv\known_visit_grid25_targets10_trials50.csv,5,20,21,32.4947427263725,32.4947427263725,06,06,1,0,True,completed
26,known_visit,HIPC,bernoulli,drop_0.25,25,625,8,10,hipc_g25_d85_bernoulli_drop_0_25,reruns\grid_density\scenarios\cv\known_visit_grid25_targets10_trials50.csv,6,13,6,33.549072480757225,33.549072480757225,01,01,1,0,True,completed
26,known_visit,HIPC,bernoulli,drop_0.25,25,625,8,10,hipc_g25_d85_bernoulli_drop_0_25,reruns\grid_density\scenarios\cv\known_visit_grid25_targets10_trials50.csv,7,17,3,33.83099750974296,33.83099750974296,00,00,1,0,True,completed
26,known_visit,HIPC,bernoulli,drop_0.25,25,625,8,10,hipc_g25_d85_bernoulli_drop_0_25,reruns\grid_density\scenarios\cv\known_visit_grid25_targets10_trials50.csv,8,14,1,24.40800608129309,24.40800608129309,00,00,1,0,True,completed
26,known_visit,HIPC,bernoulli,drop_0.25,25,625,8,10,hipc_g25_d85_bernoulli_drop_0_25,reruns\grid_density\scenarios\cv\known_visit_grid25_targets10_trials50.csv,9,14,5,29.739558681163704,29.739558681163704,01,01,1,0,True,completed
26,known_visit,HIPC,bernoulli,drop_0.25,25,625,8,10,hipc_g25_d85_bernoulli_drop_0_25,reruns\grid_density\scenarios\cv\known_visit_grid25_targets10_trials50.csv,10,14,13,24.708521928010413,24.708521928010413,04,04,1,0,True,completed
27,known_visit,HIPC,bernoulli,drop_0.25,25,625,8,10,hipc_g25_d85_bernoulli_drop_0_25,reruns\grid_density\scenarios\cv\known_visit_grid25_targets10_trials50.csv,1,3,4,5.510650788701697,5.510650788701697,01,01,1,0,True,completed
27,known_visit,HIPC,bernoulli,drop_0.25,25,625,8,10,hipc_g25_d85_bernoulli_drop_0_25,reruns\grid_density\scenarios\cv\known_visit_grid25_targets10_trials50.csv,2,2,11,3.7975204975557166,3.7975204975557166,03,03,1,0,True,completed
27,known_visit,HIPC,bernoulli,drop_0.25,25,625,8,10,hipc_g25_d85_bernoulli_drop_0_25,reruns\grid_density\scenarios\cv\known_visit_grid25_targets10_trials50.csv,3,21,7,38.27914441891374,38.27914441891374,02,02,1,0,True,completed
27,known_visit,HIPC,bernoulli,drop_0.25,25,625,8,10,hipc_g25_d85_bernoulli_drop_0_25,reruns\grid_density\scenarios\cv\known_visit_grid25_targets10_trials50.csv,4,5,3,11.208943776642672,11.208943776642672,01,01,1,0,True,completed
27,known_visit,HIPC,bernoulli,drop_0.25,25,625,8,10,hipc_g25_d85_bernoulli_drop_0_25,reruns\grid_density\scenarios\cv\known_visit_grid25_targets10_trials50.csv,5,3,19,7.268211968602092,7.268211968602092,05,05,1,0,True,completed
27,known_visit,HIPC,bernoulli,drop_0.25,25,625,8,10,hipc_g25_d85_bernoulli_drop_0_25,reruns\grid_density\scenarios\cv\known_visit_grid25_targets10_trials50.csv,6,3,10,7.824905126864425,7.824905126864425,03,03,1,0,True,completed
27,known_visit,HIPC,bernoulli,drop_0.25,25,625,8,10,hipc_g25_d85_bernoulli_drop_0_25,reruns\grid_density\scenarios\cv\known_visit_grid25_targets10_trials50.csv,7,20,8,34.38379439185963,34.38379439185963,02,02,1,0,True,completed
27,known_visit,HIPC,bernoulli,drop_0.25,25,625,8,10,hipc_g25_d85_bernoulli_drop_0_25,reruns\grid_density\scenarios\cv\known_visit_grid25_targets10_trials50.csv,8,7,0,10.548435314963202,10.548435314963202,00,00,1,0,True,completed
27,known_visit,HIPC,bernoulli,drop_0.25,25,625,8,10,hipc_g25_d85_bernoulli_drop_0_25,reruns\grid_density\scenarios\cv\known_visit_grid25_targets10_trials50.csv,9,4,19,9.290006660544154,9.290006660544154,05,05,1,0,True,completed
27,known_visit,HIPC,bernoulli,drop_0.25,25,625,8,10,hipc_g25_d85_bernoulli_drop_0_25,reruns\grid_density\scenarios\cv\known_visit_grid25_targets10_trials50.csv,10,2,15,4.031590284730429,4.031590284730429,04,04,1,0,True,completed
28,known_visit,HIPC,bernoulli,drop_0.25,25,625,8,10,hipc_g25_d85_bernoulli_drop_0_25,reruns\grid_density\scenarios\cv\known_visit_grid25_targets10_trials50.csv,1,5,21,6.9662784109647475,6.9662784109647475,06,06,1,0,True,completed
28,known_visit,HIPC,bernoulli,drop_0.25,25,625,8,10,hipc_g25_d85_bernoulli_drop_0_25,reruns\grid_density\scenarios\cv\known_visit_grid25_targets10_trials50.csv,2,20,18,34.841272171139906,34.841272171139906,05,05,2,1,True,completed
28,known_visit,HIPC,bernoulli,drop_0.25,25,625,8,10,hipc_g25_d85_bernoulli_drop_0_25,reruns\grid_density\scenarios\cv\known_visit_grid25_targets10_trials50.csv,3,20,23,48.9001153655748,48.9001153655748,05,05,1,0,True,completed
28,known_visit,HIPC,bernoulli,drop_0.25,25,625,8,10,hipc_g25_d85_bernoulli_drop_0_25,reruns\grid_density\scenarios\cv\known_visit_grid25_targets10_trials50.csv,4,23,3,57.1014043266943,57.1014043266943,01,01,1,0,True,completed
28,known_visit,HIPC,bernoulli,drop_0.25,25,625,8,10,hipc_g25_d85_bernoulli_drop_0_25,reruns\grid_density\scenarios\cv\known_visit_grid25_targets10_trials50.csv,5,12,14,21.199368979513906,21.199368979513906,04,04,1,0,True,completed
28,known_visit,HIPC,bernoulli,drop_0.25,25,625,8,10,hipc_g25_d85_bernoulli_drop_0_25,reruns\grid_density\scenarios\cv\known_visit_grid25_targets10_trials50.csv,6,20,19,36.27671274949859,36.27671274949859,06,06,2,1,True,completed
28,known_visit,HIPC,bernoulli,drop_0.25,25,625,8,10,hipc_g25_d85_bernoulli_drop_0_25,reruns\grid_density\scenarios\cv\known_visit_grid25_targets10_trials50.csv,7,0,9,0.5036781428969496,0.5036781428969496,03,03,1,0,True,completed
28,known_visit,HIPC,bernoulli,drop_0.25,25,625,8,10,hipc_g25_d85_bernoulli_drop_0_25,reruns\grid_density\scenarios\cv\known_visit_grid25_targets10_trials50.csv,8,4,4,7.272937172797157,7.272937172797157,01,01,2,1,True,completed
28,known_visit,HIPC,bernoulli,drop_0.25,25,625,8,10,hipc_g25_d85_bernoulli_drop_0_25,reruns\grid_density\scenarios\cv\known_visit_grid25_targets10_trials50.csv,9,5,3,11.228714312855512,11.228714312855512,01,01,2,1,True,completed
28,known_visit,HIPC,bernoulli,drop_0.25,25,625,8,10,hipc_g25_d85_bernoulli_drop_0_25,reruns\grid_density\scenarios\cv\known_visit_grid25_targets10_trials50.csv,10,13,8,33.20674608340023,33.20674608340023,04,04,1,0,True,completed
29,known_visit,HIPC,bernoulli,drop_0.25,25,625,8,10,hipc_g25_d85_bernoulli_drop_0_25,reruns\grid_density\scenarios\cv\known_visit_grid25_targets10_trials50.csv,1,20,20,42.54963183919235,42.54963183919235,05,05,1,0,True,completed
29,known_visit,HIPC,bernoulli,drop_0.25,25,625,8,10,hipc_g25_d85_bernoulli_drop_0_25,reruns\grid_density\scenarios\cv\known_visit_grid25_targets10_trials50.csv,2,2,17,1.9845413189095078,1.9845413189095078,05,05,1,0,True,completed
29,known_visit,HIPC,bernoulli,drop_0.25,25,625,8,10,hipc_g25_d85_bernoulli_drop_0_25,reruns\grid_density\scenarios\cv\known_visit_grid25_targets10_trials50.csv,3,23,18,45.930955598434025,45.930955598434025,04,04,1,0,True,completed
29,known_visit,HIPC,bernoulli,drop_0.25,25,625,8,10,hipc_g25_d85_bernoulli_drop_0_25,reruns\grid_density\scenarios\cv\known_visit_grid25_targets10_trials50.csv,4,11,20,23.296697247371984,23.296697247371984,06,06,1,0,True,completed
29,known_visit,HIPC,bernoulli,drop_0.25,25,625,8,10,hipc_g25_d85_bernoulli_drop_0_25,reruns\grid_density\scenarios\cv\known_visit_grid25_targets10_trials50.csv,5,1,21,0.15930565027539728,0.15930565027539728,06,06,2,1,True,completed
29,known_visit,HIPC,bernoulli,drop_0.25,25,625,8,10,hipc_g25_d85_bernoulli_drop_0_25,reruns\grid_density\scenarios\cv\known_visit_grid25_targets10_trials50.csv,6,19,18,37.23407445428485,37.23407445428485,05,05,1,0,True,completed
29,known_visit,HIPC,bernoulli,drop_0.25,25,625,8,10,hipc_g25_d85_bernoulli_drop_0_25,reruns\grid_density\scenarios\cv\known_visit_grid25_targets10_trials50.csv,7,10,19,19.335847407674965,19.335847407674965,06,06,1,0,True,completed
29,known_visit,HIPC,bernoulli,drop_0.25,25,625,8,10,hipc_g25_d85_bernoulli_drop_0_25,reruns\grid_density\scenarios\cv\known_visit_grid25_targets10_trials50.csv,8,16,20,32.23864933037199,32.23864933037199,06,06,1,0,True,completed
29,known_visit,HIPC,bernoulli,drop_0.25,25,625,8,10,hipc_g25_d85_bernoulli_drop_0_25,reruns\grid_density\scenarios\cv\known_visit_grid25_targets10_trials50.csv,9,8,16,14.391983831525698,14.391983831525698,05,05,1,0,True,completed
29,known_visit,HIPC,bernoulli,drop_0.25,25,625,8,10,hipc_g25_d85_bernoulli_drop_0_25,reruns\grid_density\scenarios\cv\known_visit_grid25_targets10_trials50.csv,10,16,0,26.22087083366513,26.22087083366513,00,00,1,0,True,completed
30,known_visit,HIPC,bernoulli,drop_0.25,25,625,8,10,hipc_g25_d85_bernoulli_drop_0_25,reruns\grid_density\scenarios\cv\known_visit_grid25_targets10_trials50.csv,1,7,1,12.350012770596221,12.350012770596221,00,00,1,0,True,completed
30,known_visit,HIPC,bernoulli,drop_0.25,25,625,8,10,hipc_g25_d85_bernoulli_drop_0_25,reruns\grid_density\scenarios\cv\known_visit_grid25_targets10_trials50.csv,2,19,11,36.85313551430108,36.85313551430108,04,04,1,0,True,completed
30,known_visit,HIPC,bernoulli,drop_0.25,25,625,8,10,hipc_g25_d85_bernoulli_drop_0_25,reruns\grid_density\scenarios\cv\known_visit_grid25_targets10_trials50.csv,3,2,0,1.7696573257342774,1.7696573257342774,00,00,1,0,True,completed
30,known_visit,HIPC,bernoulli,drop_0.25,25,625,8,10,hipc_g25_d85_bernoulli_drop_0_25,reruns\grid_density\scenarios\cv\known_visit_grid25_targets10_trials50.csv,4,23,14,42.817287942705335,42.817287942705335,05,05,1,0,True,completed
30,known_visit,HIPC,bernoulli,drop_0.25,25,625,8,10,hipc_g25_d85_bernoulli_drop_0_25,reruns\grid_density\scenarios\cv\known_visit_grid25_targets10_trials50.csv,5,23,17,37.31764442481839,37.31764442481839,05,05,1,0,True,completed
30,known_visit,HIPC,bernoulli,drop_0.25,25,625,8,10,hipc_g25_d85_bernoulli_drop_0_25,reruns\grid_density\scenarios\cv\known_visit_grid25_targets10_trials50.csv,6,19,13,33.53508112971061,33.53508112971061,04,04,1,0,True,completed
30,known_visit,HIPC,bernoulli,drop_0.25,25,625,8,10,hipc_g25_d85_bernoulli_drop_0_25,reruns\grid_density\scenarios\cv\known_visit_grid25_targets10_trials50.csv,7,9,1,16.059876120125217,16.059876120125217,00,00,1,0,True,completed
30,known_visit,HIPC,bernoulli,drop_0.25,25,625,8,10,hipc_g25_d85_bernoulli_drop_0_25,reruns\grid_density\scenarios\cv\known_visit_grid25_targets10_trials50.csv,8,13,4,26.933949985750093,26.933949985750093,01,01,2,1,True,completed
30,known_visit,HIPC,bernoulli,drop_0.25,25,625,8,10,hipc_g25_d85_bernoulli_drop_0_25,reruns\grid_density\scenarios\cv\known_visit_grid25_targets10_trials50.csv,9,8,1,14.391658356560884,14.391658356560884,00,00,2,1,True,completed
30,known_visit,HIPC,bernoulli,drop_0.25,25,625,8,10,hipc_g25_d85_bernoulli_drop_0_25,reruns\grid_density\scenarios\cv\known_visit_grid25_targets10_trials50.csv,10,24,11,45.52296174556418,45.52296174556418,04,04,1,0,True,completed
31,known_visit,HIPC,bernoulli,drop_0.25,25,625,8,10,hipc_g25_d85_bernoulli_drop_0_25,reruns\grid_density\scenarios\cv\known_visit_grid25_targets10_trials50.csv,1,1,1,2.146673931123155,2.146673931123155,00,00,1,0,True,completed
31,known_visit,HIPC,bernoulli,drop_0.25,25,625,8,10,hipc_g25_d85_bernoulli_drop_0_25,reruns\grid_density\scenarios\cv\known_visit_grid25_targets10_trials50.csv,2,13,22,22.8986939279231,22.8986939279231,06,06,1,0,True,completed
31,known_visit,HIPC,bernoulli,drop_0.25,25,625,8,10,hipc_g25_d85_bernoulli_drop_0_25,reruns\grid_density\scenarios\cv\known_visit_grid25_targets10_trials50.csv,3,10,8,17.41901110570617,17.41901110570617,02,02,1,0,True,completed
31,known_visit,HIPC,bernoulli,drop_0.25,25,625,8,10,hipc_g25_d85_bernoulli_drop_0_25,reruns\grid_density\scenarios\cv\known_visit_grid25_targets10_trials50.csv,4,2,17,1.917992464560809,1.917992464560809,05,05,1,0,True,completed
31,known_visit,HIPC,bernoulli,drop_0.25,25,625,8,10,hipc_g25_d85_bernoulli_drop_0_25,reruns\grid_density\scenarios\cv\known_visit_grid25_targets10_trials50.csv,5,3,23,5.347904619052842,5.347904619052842,07,07,1,0,True,completed
31,known_visit,HIPC,bernoulli,drop_0.25,25,625,8,10,hipc_g25_d85_bernoulli_drop_0_25,reruns\grid_density\scenarios\cv\known_visit_grid25_targets10_trials50.csv,6,16,15,30.497640297138155,30.497640297138155,05,05,1,0,True,completed
31,known_visit,HIPC,bernoulli,drop_0.25,25,625,8,10,hipc_g25_d85_bernoulli_drop_0_25,reruns\grid_density\scenarios\cv\known_visit_grid25_targets10_trials50.csv,7,19,20,45.02781620684378,45.02781620684378,05,05,1,0,True,completed
31,known_visit,HIPC,bernoulli,drop_0.25,25,625,8,10,hipc_g25_d85_bernoulli_drop_0_25,reruns\grid_density\scenarios\cv\known_visit_grid25_targets10_trials50.csv,8,12,10,23.138490558467474,23.138490558467474,03,03,1,0,True,completed
31,known_visit,HIPC,bernoulli,drop_0.25,25,625,8,10,hipc_g25_d85_bernoulli_drop_0_25,reruns\grid_density\scenarios\cv\known_visit_grid25_targets10_trials50.csv,9,2,3,1.8882988125828997,1.8882988125828997,01,01,1,0,True,completed
31,known_visit,HIPC,bernoulli,drop_0.25,25,625,8,10,hipc_g25_d85_bernoulli_drop_0_25,reruns\grid_density\scenarios\cv\known_visit_grid25_targets10_trials50.csv,10,11,9,19.200437070446373,19.200437070446373,03,03,1,0,True,completed
32,known_visit,HIPC,bernoulli,drop_0.25,25,625,8,10,hipc_g25_d85_bernoulli_drop_0_25,reruns\grid_density\scenarios\cv\known_visit_grid25_targets10_trials50.csv,1,8,20,18.009451904288625,18.009451904288625,05,05,1,0,True,completed
32,known_visit,HIPC,bernoulli,drop_0.25,25,625,8,10,hipc_g25_d85_bernoulli_drop_0_25,reruns\grid_density\scenarios\cv\known_visit_grid25_targets10_trials50.csv,2,13,4,26.980654435399497,26.980654435399497,01,01,2,1,True,completed
32,known_visit,HIPC,bernoulli,drop_0.25,25,625,8,10,hipc_g25_d85_bernoulli_drop_0_25,reruns\grid_density\scenarios\cv\known_visit_grid25_targets10_trials50.csv,3,19,14,31.281282686259367,31.281282686259367,04,04,1,0,True,completed
32,known_visit,HIPC,bernoulli,drop_0.25,25,625,8,10,hipc_g25_d85_bernoulli_drop_0_25,reruns\grid_density\scenarios\cv\known_visit_grid25_targets10_trials50.csv,4,18,4,35.83540506815862,35.83540506815862,01,01,1,0,True,completed
32,known_visit,HIPC,bernoulli,drop_0.25,25,625,8,10,hipc_g25_d85_bernoulli_drop_0_25,reruns\grid_density\scenarios\cv\known_visit_grid25_targets10_trials50.csv,5,11,24,17.176750632224156,17.176750632224156,07,07,1,0,True,completed
32,known_visit,HIPC,bernoulli,drop_0.25,25,625,8,10,hipc_g25_d85_bernoulli_drop_0_25,reruns\grid_density\scenarios\cv\known_visit_grid25_targets10_trials50.csv,6,15,8,27.51480636189615,27.51480636189615,03,03,1,0,True,completed
32,known_visit,HIPC,bernoulli,drop_0.25,25,625,8,10,hipc_g25_d85_bernoulli_drop_0_25,reruns\grid_density\scenarios\cv\known_visit_grid25_targets10_trials50.csv,7,10,10,15.39053143141251,15.39053143141251,03,03,1,0,True,completed
32,known_visit,HIPC,bernoulli,drop_0.25,25,625,8,10,hipc_g25_d85_bernoulli_drop_0_25,reruns\grid_density\scenarios\cv\known_visit_grid25_targets10_trials50.csv,8,12,5,22.904198455565037,22.904198455565037,01,01,2,1,True,completed
32,known_visit,HIPC,bernoulli,drop_0.25,25,625,8,10,hipc_g25_d85_bernoulli_drop_0_25,reruns\grid_density\scenarios\cv\known_visit_grid25_targets10_trials50.csv,9,2,18,3.8724638801708107,3.8724638801708107,05,05,1,0,True,completed
32,known_visit,HIPC,bernoulli,drop_0.25,25,625,8,10,hipc_g25_d85_bernoulli_drop_0_25,reruns\grid_density\scenarios\cv\known_visit_grid25_targets10_trials50.csv,10,24,19,48.725487213033375,48.725487213033375,04,04,1,0,True,completed
33,known_visit,HIPC,bernoulli,drop_0.25,25,625,8,10,hipc_g25_d85_bernoulli_drop_0_25,reruns\grid_density\scenarios\cv\known_visit_grid25_targets10_trials50.csv,1,4,3,5.438880414146957,5.438880414146957,01,01,1,0,True,completed
33,known_visit,HIPC,bernoulli,drop_0.25,25,625,8,10,hipc_g25_d85_bernoulli_drop_0_25,reruns\grid_density\scenarios\cv\known_visit_grid25_targets10_trials50.csv,2,4,12,8.969093730217692,8.969093730217692,04,04,1,0,True,completed
33,known_visit,HIPC,bernoulli,drop_0.25,25,625,8,10,hipc_g25_d85_bernoulli_drop_0_25,reruns\grid_density\scenarios\cv\known_visit_grid25_targets10_trials50.csv,3,23,0,38.551511959860896,38.551511959860896,00,00,1,0,True,completed
33,known_visit,HIPC,bernoulli,drop_0.25,25,625,8,10,hipc_g25_d85_bernoulli_drop_0_25,reruns\grid_density\scenarios\cv\known_visit_grid25_targets10_trials50.csv,4,12,7,18.62479820343076,18.62479820343076,02,02,1,0,True,completed
33,known_visit,HIPC,bernoulli,drop_0.25,25,625,8,10,hipc_g25_d85_bernoulli_drop_0_25,reruns\grid_density\scenarios\cv\known_visit_grid25_targets10_trials50.csv,5,3,14,3.550105060237234,3.550105060237234,04,04,1,0,True,completed
33,known_visit,HIPC,bernoulli,drop_0.25,25,625,8,10,hipc_g25_d85_bernoulli_drop_0_25,reruns\grid_density\scenarios\cv\known_visit_grid25_targets10_trials50.csv,6,8,4,14.299907143887937,14.299907143887937,01,01,1,0,True,completed
33,known_visit,HIPC,bernoulli,drop_0.25,25,625,8,10,hipc_g25_d85_bernoulli_drop_0_25,reruns\grid_density\scenarios\cv\known_visit_grid25_targets10_trials50.csv,7,20,8,34.3320792269575,34.3320792269575,02,02,1,0,True,completed
33,known_visit,HIPC,bernoulli,drop_0.25,25,625,8,10,hipc_g25_d85_bernoulli_drop_0_25,reruns\grid_density\scenarios\cv\known_visit_grid25_targets10_trials50.csv,8,9,24,23.512407261620293,23.512407261620293,06,06,1,0,True,completed
33,known_visit,HIPC,bernoulli,drop_0.25,25,625,8,10,hipc_g25_d85_bernoulli_drop_0_25,reruns\grid_density\scenarios\cv\known_visit_grid25_targets10_trials50.csv,9,23,6,43.59481075409371,43.59481075409371,02,02,1,0,True,completed
33,known_visit,HIPC,bernoulli,drop_0.25,25,625,8,10,hipc_g25_d85_bernoulli_drop_0_25,reruns\grid_density\scenarios\cv\known_visit_grid25_targets10_trials50.csv,10,5,20,9.104037448284082,9.104037448284082,06,06,1,0,True,completed
34,known_visit,HIPC,bernoulli,drop_0.25,25,625,8,10,hipc_g25_d85_bernoulli_drop_0_25,reruns\grid_density\scenarios\cv\known_visit_grid25_targets10_trials50.csv,1,9,4,15.552758983726715,15.552758983726715,01,01,1,0,True,completed
34,known_visit,HIPC,bernoulli,drop_0.25,25,625,8,10,hipc_g25_d85_bernoulli_drop_0_25,reruns\grid_density\scenarios\cv\known_visit_grid25_targets10_trials50.csv,2,12,5,22.702313934336306,22.702313934336306,01,01,1,0,True,completed
34,known_visit,HIPC,bernoulli,drop_0.25,25,625,8,10,hipc_g25_d85_bernoulli_drop_0_25,reruns\grid_density\scenarios\cv\known_visit_grid25_targets10_trials50.csv,3,19,3,42.384750965022626,42.384750965022626,01,01,1,0,True,completed
34,known_visit,HIPC,bernoulli,drop_0.25,25,625,8,10,hipc_g25_d85_bernoulli_drop_0_25,reruns\grid_density\scenarios\cv\known_visit_grid25_targets10_trials50.csv,4,8,0,11.956705299752272,11.956705299752272,00,00,1,0,True,completed
34,known_visit,HIPC,bernoulli,drop_0.25,25,625,8,10,hipc_g25_d85_bernoulli_drop_0_25,reruns\grid_density\scenarios\cv\known_visit_grid25_targets10_trials50.csv,5,14,6,28.200776965523712,28.200776965523712,01,01,1,0,True,completed
34,known_visit,HIPC,bernoulli,drop_0.25,25,625,8,10,hipc_g25_d85_bernoulli_drop_0_25,reruns\grid_density\scenarios\cv\known_visit_grid25_targets10_trials50.csv,6,17,10,27.00266593597097,27.00266593597097,03,03,1,0,True,completed
34,known_visit,HIPC,bernoulli,drop_0.25,25,625,8,10,hipc_g25_d85_bernoulli_drop_0_25,reruns\grid_density\scenarios\cv\known_visit_grid25_targets10_trials50.csv,7,10,8,17.243236431084277,17.243236431084277,02,02,1,0,True,completed
34,known_visit,HIPC,bernoulli,drop_0.25,25,625,8,10,hipc_g25_d85_bernoulli_drop_0_25,reruns\grid_density\scenarios\cv\known_visit_grid25_targets10_trials50.csv,8,20,10,32.16359870145949,32.16359870145949,03,03,1,0,True,completed
34,known_visit,HIPC,bernoulli,drop_0.25,25,625,8,10,hipc_g25_d85_bernoulli_drop_0_25,reruns\grid_density\scenarios\cv\known_visit_grid25_targets10_trials50.csv,9,11,24,17.641242169221307,17.641242169221307,07,07,1,0,True,completed
34,known_visit,HIPC,bernoulli,drop_0.25,25,625,8,10,hipc_g25_d85_bernoulli_drop_0_25,reruns\grid_density\scenarios\cv\known_visit_grid25_targets10_trials50.csv,10,3,3,3.5199013242412263,3.5199013242412263,01,01,2,1,True,completed
35,known_visit,HIPC,bernoulli,drop_0.25,25,625,8,10,hipc_g25_d85_bernoulli_drop_0_25,reruns\grid_density\scenarios\cv\known_visit_grid25_targets10_trials50.csv,1,8,20,14.184641689508721,14.184641689508721,06,06,1,0,True,completed
35,known_visit,HIPC,bernoulli,drop_0.25,25,625,8,10,hipc_g25_d85_bernoulli_drop_0_25,reruns\grid_density\scenarios\cv\known_visit_grid25_targets10_trials50.csv,2,7,3,10.392248736023912,10.392248736023912,01,01,1,0,True,completed
35,known_visit,HIPC,bernoulli,drop_0.25,25,625,8,10,hipc_g25_d85_bernoulli_drop_0_25,reruns\grid_density\scenarios\cv\known_visit_grid25_targets10_trials50.csv,3,14,16,24.03522212345717,24.03522212345717,05,05,1,0,True,completed
35,known_visit,HIPC,bernoulli,drop_0.25,25,625,8,10,hipc_g25_d85_bernoulli_drop_0_25,reruns\grid_density\scenarios\cv\known_visit_grid25_targets10_trials50.csv,4,17,5,31.48700861949141,31.48700861949141,01,01,1,0,True,completed
35,known_visit,HIPC,bernoulli,drop_0.25,25,625,8,10,hipc_g25_d85_bernoulli_drop_0_25,reruns\grid_density\scenarios\cv\known_visit_grid25_targets10_trials50.csv,5,9,24,13.731760360762385,13.731760360762385,07,07,1,0,True,completed
35,known_visit,HIPC,bernoulli,drop_0.25,25,625,8,10,hipc_g25_d85_bernoulli_drop_0_25,reruns\grid_density\scenarios\cv\known_visit_grid25_targets10_trials50.csv,6,16,11,33.557234303706466,33.557234303706466,02,02,1,0,True,completed
35,known_visit,HIPC,bernoulli,drop_0.25,25,625,8,10,hipc_g25_d85_bernoulli_drop_0_25,reruns\grid_density\scenarios\cv\known_visit_grid25_targets10_trials50.csv,7,14,8,24.672960729677182,24.672960729677182,02,02,1,0,True,completed
35,known_visit,HIPC,bernoulli,drop_0.25,25,625,8,10,hipc_g25_d85_bernoulli_drop_0_25,reruns\grid_density\scenarios\cv\known_visit_grid25_targets10_trials50.csv,8,22,20,38.581276211673,38.581276211673,06,06,1,0,True,completed
35,known_visit,HIPC,bernoulli,drop_0.25,25,625,8,10,hipc_g25_d85_bernoulli_drop_0_25,reruns\grid_density\scenarios\cv\known_visit_grid25_targets10_trials50.csv,9,17,7,34.94776488120481,34.94776488120481,01,01,1,0,True,completed
35,known_visit,HIPC,bernoulli,drop_0.25,25,625,8,10,hipc_g25_d85_bernoulli_drop_0_25,reruns\grid_density\scenarios\cv\known_visit_grid25_targets10_trials50.csv,10,6,3,8.755892635840695,8.755892635840695,01,01,1,0,True,completed
36,known_visit,HIPC,bernoulli,drop_0.25,25,625,8,10,hipc_g25_d85_bernoulli_drop_0_25,reruns\grid_density\scenarios\cv\known_visit_grid25_targets10_trials50.csv,1,6,11,10.894427961829123,10.894427961829123,03,03,1,0,True,completed
36,known_visit,HIPC,bernoulli,drop_0.25,25,625,8,10,hipc_g25_d85_bernoulli_drop_0_25,reruns\grid_density\scenarios\cv\known_visit_grid25_targets10_trials50.csv,2,19,8,33.19871673315208,33.19871673315208,02,02,1,0,True,completed
36,known_visit,HIPC,bernoulli,drop_0.25,25,625,8,10,hipc_g25_d85_bernoulli_drop_0_25,reruns\grid_density\scenarios\cv\known_visit_grid25_targets10_trials50.csv,3,15,15,37.80559075883215,37.80559075883215,03,03,1,0,True,completed
36,known_visit,HIPC,bernoulli,drop_0.25,25,625,8,10,hipc_g25_d85_bernoulli_drop_0_25,reruns\grid_density\scenarios\cv\known_visit_grid25_targets10_trials50.csv,4,17,18,33.48499806207826,33.48499806207826,05,05,2,1,True,completed
36,known_visit,HIPC,bernoulli,drop_0.25,25,625,8,10,hipc_g25_d85_bernoulli_drop_0_25,reruns\grid_density\scenarios\cv\known_visit_grid25_targets10_trials50.csv,5,18,8,31.23767789110788,31.23767789110788,02,02,3,2,True,completed
36,known_visit,HIPC,bernoulli,drop_0.25,25,625,8,10,hipc_g25_d85_bernoulli_drop_0_25,reruns\grid_density\scenarios\cv\known_visit_grid25_targets10_trials50.csv,6,23,12,42.22017159343995,42.22017159343995,04,04,1,0,True,completed
36,known_visit,HIPC,bernoulli,drop_0.25,25,625,8,10,hipc_g25_d85_bernoulli_drop_0_25,reruns\grid_density\scenarios\cv\known_visit_grid25_targets10_trials50.csv,7,18,18,35.40918415792827,35.40918415792827,05,05,1,0,True,completed
36,known_visit,HIPC,bernoulli,drop_0.25,25,625,8,10,hipc_g25_d85_bernoulli_drop_0_25,reruns\grid_density\scenarios\cv\known_visit_grid25_targets10_trials50.csv,8,15,12,28.532677190805337,28.532677190805337,03,03,1,0,True,completed
36,known_visit,HIPC,bernoulli,drop_0.25,25,625,8,10,hipc_g25_d85_bernoulli_drop_0_25,reruns\grid_density\scenarios\cv\known_visit_grid25_targets10_trials50.csv,9,15,13,26.36499396780013,26.36499396780013,04,04,1,0,True,completed
36,known_visit,HIPC,bernoulli,drop_0.25,25,625,8,10,hipc_g25_d85_bernoulli_drop_0_25,reruns\grid_density\scenarios\cv\known_visit_grid25_targets10_trials50.csv,10,24,12,164.30585949094223,164.30585949094223,04,04,1,0,True,completed
37,known_visit,HIPC,bernoulli,drop_0.25,25,625,8,10,hipc_g25_d85_bernoulli_drop_0_25,reruns\grid_density\scenarios\cv\known_visit_grid25_targets10_trials50.csv,1,8,4,13.937894231865895,13.937894231865895,01,01,1,0,True,completed
37,known_visit,HIPC,bernoulli,drop_0.25,25,625,8,10,hipc_g25_d85_bernoulli_drop_0_25,reruns\grid_density\scenarios\cv\known_visit_grid25_targets10_trials50.csv,2,13,14,152.0882902352451,152.0882902352451,04,04,1,0,True,completed
37,known_visit,HIPC,bernoulli,drop_0.25,25,625,8,10,hipc_g25_d85_bernoulli_drop_0_25,reruns\grid_density\scenarios\cv\known_visit_grid25_targets10_trials50.csv,3,23,2,41.22511204122151,41.22511204122151,00,00,1,0,True,completed
37,known_visit,HIPC,bernoulli,drop_0.25,25,625,8,10,hipc_g25_d85_bernoulli_drop_0_25,reruns\grid_density\scenarios\cv\known_visit_grid25_targets10_trials50.csv,4,22,11,49.17502132953012,49.17502132953012,03,03,1,0,True,completed
37,known_visit,HIPC,bernoulli,drop_0.25,25,625,8,10,hipc_g25_d85_bernoulli_drop_0_25,reruns\grid_density\scenarios\cv\known_visit_grid25_targets10_trials50.csv,5,13,5,24.565708797052096,24.565708797052096,01,01,1,0,True,completed
37,known_visit,HIPC,bernoulli,drop_0.25,25,625,8,10,hipc_g25_d85_bernoulli_drop_0_25,reruns\grid_density\scenarios\cv\known_visit_grid25_targets10_trials50.csv,6,6,16,12.303221449492957,12.303221449492957,04,04,1,0,True,completed
37,known_visit,HIPC,bernoulli,drop_0.25,25,625,8,10,hipc_g25_d85_bernoulli_drop_0_25,reruns\grid_density\scenarios\cv\known_visit_grid25_targets10_trials50.csv,7,5,11,8.867538727861298,8.867538727861298,03,03,2,1,True,completed
37,known_visit,HIPC,bernoulli,drop_0.25,25,625,8,10,hipc_g25_d85_bernoulli_drop_0_25,reruns\grid_density\scenarios\cv\known_visit_grid25_targets10_trials50.csv,8,18,23,31.154342496520066,31.154342496520066,07,07,1,0,True,completed
37,known_visit,HIPC,bernoulli,drop_0.25,25,625,8,10,hipc_g25_d85_bernoulli_drop_0_25,reruns\grid_density\scenarios\cv\known_visit_grid25_targets10_trials50.csv,9,19,8,38.297081233699565,38.297081233699565,03,03,2,1,True,completed
37,known_visit,HIPC,bernoulli,drop_0.25,25,625,8,10,hipc_g25_d85_bernoulli_drop_0_25,reruns\grid_density\scenarios\cv\known_visit_grid25_targets10_trials50.csv,10,24,5,48.32102484090816,48.32102484090816,00,00,1,0,True,completed
38,known_visit,HIPC,bernoulli,drop_0.25,25,625,8,10,hipc_g25_d85_bernoulli_drop_0_25,reruns\grid_density\scenarios\cv\known_visit_grid25_targets10_trials50.csv,1,7,18,12.447074654812637,12.447074654812637,05,05,1,0,True,completed
38,known_visit,HIPC,bernoulli,drop_0.25,25,625,8,10,hipc_g25_d85_bernoulli_drop_0_25,reruns\grid_density\scenarios\cv\known_visit_grid25_targets10_trials50.csv,2,5,2,8.910739897998983,8.910739897998983,01,01,1,0,True,completed
38,known_visit,HIPC,bernoulli,drop_0.25,25,625,8,10,hipc_g25_d85_bernoulli_drop_0_25,reruns\grid_density\scenarios\cv\known_visit_grid25_targets10_trials50.csv,3,14,18,30.01665902940737,30.01665902940737,04,04,1,0,True,completed
38,known_visit,HIPC,bernoulli,drop_0.25,25,625,8,10,hipc_g25_d85_bernoulli_drop_0_25,reruns\grid_density\scenarios\cv\known_visit_grid25_targets10_trials50.csv,4,3,13,8.949669928454982,8.949669928454982,03,03,1,0,True,completed
38,known_visit,HIPC,bernoulli,drop_0.25,25,625,8,10,hipc_g25_d85_bernoulli_drop_0_25,reruns\grid_density\scenarios\cv\known_visit_grid25_targets10_trials50.csv,5,21,11,41.39412949628555,41.39412949628555,02,02,1,0,True,completed
38,known_visit,HIPC,bernoulli,drop_0.25,25,625,8,10,hipc_g25_d85_bernoulli_drop_0_25,reruns\grid_density\scenarios\cv\known_visit_grid25_targets10_trials50.csv,6,1,15,2.1258639492805225,2.1258639492805225,04,04,1,0,True,completed
38,known_visit,HIPC,bernoulli,drop_0.25,25,625,8,10,hipc_g25_d85_bernoulli_drop_0_25,reruns\grid_density\scenarios\cv\known_visit_grid25_targets10_trials50.csv,7,24,10,48.832379397804615,48.832379397804615,02,02,1,0,True,completed
38,known_visit,HIPC,bernoulli,drop_0.25,25,625,8,10,hipc_g25_d85_bernoulli_drop_0_25,reruns\grid_density\scenarios\cv\known_visit_grid25_targets10_trials50.csv,8,3,12,7.171928269642215,7.171928269642215,03,03,1,0,True,completed
38,known_visit,HIPC,bernoulli,drop_0.25,25,625,8,10,hipc_g25_d85_bernoulli_drop_0_25,reruns\grid_density\scenarios\cv\known_visit_grid25_targets10_trials50.csv,9,9,15,16.123341402625755,16.123341402625755,04,04,1,0,True,completed
38,known_visit,HIPC,bernoulli,drop_0.25,25,625,8,10,hipc_g25_d85_bernoulli_drop_0_25,reruns\grid_density\scenarios\cv\known_visit_grid25_targets10_trials50.csv,10,8,20,17.71800386791413,17.71800386791413,05,05,1,0,True,completed
39,known_visit,HIPC,bernoulli,drop_0.25,25,625,8,10,hipc_g25_d85_bernoulli_drop_0_25,reruns\grid_density\scenarios\cv\known_visit_grid25_targets10_trials50.csv,1,23,8,41.15529234074466,41.15529234074466,03,03,1,0,True,completed
39,known_visit,HIPC,bernoulli,drop_0.25,25,625,8,10,hipc_g25_d85_bernoulli_drop_0_25,reruns\grid_density\scenarios\cv\known_visit_grid25_targets10_trials50.csv,2,8,1,14.221246228125592,14.221246228125592,00,00,1,0,True,completed
39,known_visit,HIPC,bernoulli,drop_0.25,25,625,8,10,hipc_g25_d85_bernoulli_drop_0_25,reruns\grid_density\scenarios\cv\known_visit_grid25_targets10_trials50.csv,3,3,22,5.439765256838049,5.439765256838049,06,06,1,0,True,completed
39,known_visit,HIPC,bernoulli,drop_0.25,25,625,8,10,hipc_g25_d85_bernoulli_drop_0_25,reruns\grid_density\scenarios\cv\known_visit_grid25_targets10_trials50.csv,4,17,10,27.313844592373364,27.313844592373364,03,03,2,1,True,completed
39,known_visit,HIPC,bernoulli,drop_0.25,25,625,8,10,hipc_g25_d85_bernoulli_drop_0_25,reruns\grid_density\scenarios\cv\known_visit_grid25_targets10_trials50.csv,5,19,19,52.78933002454399,52.78933002454399,04,04,1,0,True,completed
39,known_visit,HIPC,bernoulli,drop_0.25,25,625,8,10,hipc_g25_d85_bernoulli_drop_0_25,reruns\grid_density\scenarios\cv\known_visit_grid25_targets10_trials50.csv,6,3,16,5.432039678189171,5.432039678189171,05,05,2,1,True,completed
39,known_visit,HIPC,bernoulli,drop_0.25,25,625,8,10,hipc_g25_d85_bernoulli_drop_0_25,reruns\grid_density\scenarios\cv\known_visit_grid25_targets10_trials50.csv,7,10,17,19.62675140769526,19.62675140769526,05,05,1,0,True,completed
39,known_visit,HIPC,bernoulli,drop_0.25,25,625,8,10,hipc_g25_d85_bernoulli_drop_0_25,reruns\grid_density\scenarios\cv\known_visit_grid25_targets10_trials50.csv,8,24,11,48.47547511761004,48.47547511761004,03,03,1,0,True,completed
39,known_visit,HIPC,bernoulli,drop_0.25,25,625,8,10,hipc_g25_d85_bernoulli_drop_0_25,reruns\grid_density\scenarios\cv\known_visit_grid25_targets10_trials50.csv,9,13,18,39.35579527701268,39.35579527701268,04,04,1,0,True,completed
39,known_visit,HIPC,bernoulli,drop_0.25,25,625,8,10,hipc_g25_d85_bernoulli_drop_0_25,reruns\grid_density\scenarios\cv\known_visit_grid25_targets10_trials50.csv,10,12,16,23.13412283656342,23.13412283656342,04,04,1,0,True,completed
40,known_visit,HIPC,bernoulli,drop_0.25,25,625,8,10,hipc_g25_d85_bernoulli_drop_0_25,reruns\grid_density\scenarios\cv\known_visit_grid25_targets10_trials50.csv,1,10,10,15.44494378626079,15.44494378626079,03,03,1,0,True,completed
40,known_visit,HIPC,bernoulli,drop_0.25,25,625,8,10,hipc_g25_d85_bernoulli_drop_0_25,reruns\grid_density\scenarios\cv\known_visit_grid25_targets10_trials50.csv,2,17,3,32.723202205542755,32.723202205542755,00,00,1,0,True,completed
40,known_visit,HIPC,bernoulli,drop_0.25,25,625,8,10,hipc_g25_d85_bernoulli_drop_0_25,reruns\grid_density\scenarios\cv\known_visit_grid25_targets10_trials50.csv,3,11,0,17.00842132007932,17.00842132007932,00,00,1,0,True,completed
40,known_visit,HIPC,bernoulli,drop_0.25,25,625,8,10,hipc_g25_d85_bernoulli_drop_0_25,reruns\grid_density\scenarios\cv\known_visit_grid25_targets10_trials50.csv,4,9,10,13.80574294891131,13.80574294891131,03,03,1,0,True,completed
40,known_visit,HIPC,bernoulli,drop_0.25,25,625,8,10,hipc_g25_d85_bernoulli_drop_0_25,reruns\grid_density\scenarios\cv\known_visit_grid25_targets10_trials50.csv,5,13,12,24.31607050765894,24.31607050765894,03,03,1,0,True,completed
40,known_visit,HIPC,bernoulli,drop_0.25,25,625,8,10,hipc_g25_d85_bernoulli_drop_0_25,reruns\grid_density\scenarios\cv\known_visit_grid25_targets10_trials50.csv,6,22,5,44.64661663114814,44.64661663114814,00,00,1,0,True,completed
40,known_visit,HIPC,bernoulli,drop_0.25,25,625,8,10,hipc_g25_d85_bernoulli_drop_0_25,reruns\grid_density\scenarios\cv\known_visit_grid25_targets10_trials50.csv,7,5,4,9.279080468520785,9.279080468520785,01,01,1,0,True,completed
40,known_visit,HIPC,bernoulli,drop_0.25,25,625,8,10,hipc_g25_d85_bernoulli_drop_0_25,reruns\grid_density\scenarios\cv\known_visit_grid25_targets10_trials50.csv,8,3,13,5.412431957545954,5.412431957545954,04,04,1,0,True,completed
40,known_visit,HIPC,bernoulli,drop_0.25,25,625,8,10,hipc_g25_d85_bernoulli_drop_0_25,reruns\grid_density\scenarios\cv\known_visit_grid25_targets10_trials50.csv,9,12,21,19.038385518423574,19.038385518423574,06,06,1,0,True,completed
40,known_visit,HIPC,bernoulli,drop_0.25,25,625,8,10,hipc_g25_d85_bernoulli_drop_0_25,reruns\grid_density\scenarios\cv\known_visit_grid25_targets10_trials50.csv,10,22,20,38.46204160521586,38.46204160521586,06,06,1,0,True,completed
41,known_visit,HIPC,bernoulli,drop_0.25,25,625,8,10,hipc_g25_d85_bernoulli_drop_0_25,reruns\grid_density\scenarios\cv\known_visit_grid25_targets10_trials50.csv,1,7,24,14.703203500885897,14.703203500885897,07,07,1,0,True,completed
41,known_visit,HIPC,bernoulli,drop_0.25,25,625,8,10,hipc_g25_d85_bernoulli_drop_0_25,reruns\grid_density\scenarios\cv\known_visit_grid25_targets10_trials50.csv,2,11,6,19.247703340809032,19.247703340809032,02,02,1,0,True,completed
41,known_visit,HIPC,bernoulli,drop_0.25,25,625,8,10,hipc_g25_d85_bernoulli_drop_0_25,reruns\grid_density\scenarios\cv\known_visit_grid25_targets10_trials50.csv,3,8,12,16.22641862516969,16.22641862516969,03,03,1,0,True,completed
41,known_visit,HIPC,bernoulli,drop_0.25,25,625,8,10,hipc_g25_d85_bernoulli_drop_0_25,reruns\grid_density\scenarios\cv\known_visit_grid25_targets10_trials50.csv,4,22,21,40.420718591106215,40.420718591106215,06,06,1,0,True,completed
41,known_visit,HIPC,bernoulli,drop_0.25,25,625,8,10,hipc_g25_d85_bernoulli_drop_0_25,reruns\grid_density\scenarios\cv\known_visit_grid25_targets10_trials50.csv,5,11,22,19.108256181100952,19.108256181100952,06,06,1,0,True,completed
41,known_visit,HIPC,bernoulli,drop_0.25,25,625,8,10,hipc_g25_d85_bernoulli_drop_0_25,reruns\grid_density\scenarios\cv\known_visit_grid25_targets10_trials50.csv,6,11,9,28.65128900434671,28.65128900434671,02,02,1,0,True,completed
41,known_visit,HIPC,bernoulli,drop_0.25,25,625,8,10,hipc_g25_d85_bernoulli_drop_0_25,reruns\grid_density\scenarios\cv\known_visit_grid25_targets10_trials50.csv,7,12,17,18.90159578107086,18.90159578107086,05,05,1,0,True,completed
41,known_visit,HIPC,bernoulli,drop_0.25,25,625,8,10,hipc_g25_d85_bernoulli_drop_0_25,reruns\grid_density\scenarios\cv\known_visit_grid25_targets10_trials50.csv,8,4,23,7.166778192264356,7.166778192264356,07,07,1,0,True,completed
41,known_visit,HIPC,bernoulli,drop_0.25,25,625,8,10,hipc_g25_d85_bernoulli_drop_0_25,reruns\grid_density\scenarios\cv\known_visit_grid25_targets10_trials50.csv,9,12,12,23.411244248210803,23.411244248210803,03,03,1,0,True,completed
41,known_visit,HIPC,bernoulli,drop_0.25,25,625,8,10,hipc_g25_d85_bernoulli_drop_0_25,reruns\grid_density\scenarios\cv\known_visit_grid25_targets10_trials50.csv,10,7,14,10.86490071446113,10.86490071446113,04,04,1,0,True,completed
42,known_visit,HIPC,bernoulli,drop_0.25,25,625,8,10,hipc_g25_d85_bernoulli_drop_0_25,reruns\grid_density\scenarios\cv\known_visit_grid25_targets10_trials50.csv,1,22,22,40.44505201560507,40.44505201560507,07,07,1,0,True,completed
42,known_visit,HIPC,bernoulli,drop_0.25,25,625,8,10,hipc_g25_d85_bernoulli_drop_0_25,reruns\grid_density\scenarios\cv\known_visit_grid25_targets10_trials50.csv,2,1,8,2.345857673290991,2.345857673290991,02,02,1,0,True,completed
42,known_visit,HIPC,bernoulli,drop_0.25,25,625,8,10,hipc_g25_d85_bernoulli_drop_0_25,reruns\grid_density\scenarios\cv\known_visit_grid25_targets10_trials50.csv,3,3,12,7.184302427375007,7.184302427375007,03,03,1,0,True,completed
42,known_visit,HIPC,bernoulli,drop_0.25,25,625,8,10,hipc_g25_d85_bernoulli_drop_0_25,reruns\grid_density\scenarios\cv\known_visit_grid25_targets10_trials50.csv,4,18,15,38.14932479303926,38.14932479303926,03,03,1,0,True,completed
42,known_visit,HIPC,bernoulli,drop_0.25,25,625,8,10,hipc_g25_d85_bernoulli_drop_0_25,reruns\grid_density\scenarios\cv\known_visit_grid25_targets10_trials50.csv,5,4,21,9.461213976773587,9.461213976773587,06,06,1,0,True,completed
42,known_visit,HIPC,bernoulli,drop_0.25,25,625,8,10,hipc_g25_d85_bernoulli_drop_0_25,reruns\grid_density\scenarios\cv\known_visit_grid25_targets10_trials50.csv,6,1,20,2.19754967624675,2.19754967624675,06,06,2,1,True,completed
42,known_visit,HIPC,bernoulli,drop_0.25,25,625,8,10,hipc_g25_d85_bernoulli_drop_0_25,reruns\grid_density\scenarios\cv\known_visit_grid25_targets10_trials50.csv,7,18,3,33.37988715429943,33.37988715429943,01,01,1,0,True,completed
42,known_visit,HIPC,bernoulli,drop_0.25,25,625,8,10,hipc_g25_d85_bernoulli_drop_0_25,reruns\grid_density\scenarios\cv\known_visit_grid25_targets10_trials50.csv,8,24,3,43.803284080080076,43.803284080080076,01,01,1,0,True,completed
42,known_visit,HIPC,bernoulli,drop_0.25,25,625,8,10,hipc_g25_d85_bernoulli_drop_0_25,reruns\grid_density\scenarios\cv\known_visit_grid25_targets10_trials50.csv,9,8,20,18.44464671685425,18.44464671685425,06,06,1,0,True,completed
42,known_visit,HIPC,bernoulli,drop_0.25,25,625,8,10,hipc_g25_d85_bernoulli_drop_0_25,reruns\grid_density\scenarios\cv\known_visit_grid25_targets10_trials50.csv,10,16,23,27.94313680473554,27.94313680473554,07,07,1,0,True,completed
43,known_visit,HIPC,bernoulli,drop_0.25,25,625,8,10,hipc_g25_d85_bernoulli_drop_0_25,reruns\grid_density\scenarios\cv\known_visit_grid25_targets10_trials50.csv,1,5,8,8.785971015549707,8.785971015549707,02,02,1,0,True,completed
43,known_visit,HIPC,bernoulli,drop_0.25,25,625,8,10,hipc_g25_d85_bernoulli_drop_0_25,reruns\grid_density\scenarios\cv\known_visit_grid25_targets10_trials50.csv,2,24,15,47.38669591661537,47.38669591661537,05,05,1,0,True,completed
43,known_visit,HIPC,bernoulli,drop_0.25,25,625,8,10,hipc_g25_d85_bernoulli_drop_0_25,reruns\grid_density\scenarios\cv\known_visit_grid25_targets10_trials50.csv,3,12,20,38.596489587256485,38.596489587256485,06,06,1,0,True,completed
43,known_visit,HIPC,bernoulli,drop_0.25,25,625,8,10,hipc_g25_d85_bernoulli_drop_0_25,reruns\grid_density\scenarios\cv\known_visit_grid25_targets10_trials50.csv,4,20,16,38.39587707090839,38.39587707090839,05,05,1,0,True,completed
43,known_visit,HIPC,bernoulli,drop_0.25,25,625,8,10,hipc_g25_d85_bernoulli_drop_0_25,reruns\grid_density\scenarios\cv\known_visit_grid25_targets10_trials50.csv,5,15,8,47.40359259542245,47.40359259542245,01,01,1,0,True,completed
43,known_visit,HIPC,bernoulli,drop_0.25,25,625,8,10,hipc_g25_d85_bernoulli_drop_0_25,reruns\grid_density\scenarios\cv\known_visit_grid25_targets10_trials50.csv,6,14,15,26.0007109987666,26.0007109987666,05,05,1,0,True,completed
43,known_visit,HIPC,bernoulli,drop_0.25,25,625,8,10,hipc_g25_d85_bernoulli_drop_0_25,reruns\grid_density\scenarios\cv\known_visit_grid25_targets10_trials50.csv,7,8,19,15.977856703295593,15.977856703295593,06,06,1,0,True,completed
43,known_visit,HIPC,bernoulli,drop_0.25,25,625,8,10,hipc_g25_d85_bernoulli_drop_0_25,reruns\grid_density\scenarios\cv\known_visit_grid25_targets10_trials50.csv,8,17,2,29.56626629721645,29.56626629721645,01,01,1,0,True,completed
43,known_visit,HIPC,bernoulli,drop_0.25,25,625,8,10,hipc_g25_d85_bernoulli_drop_0_25,reruns\grid_density\scenarios\cv\known_visit_grid25_targets10_trials50.csv,9,8,20,14.215132176171446,14.215132176171446,06,06,2,1,True,completed
43,known_visit,HIPC,bernoulli,drop_0.25,25,625,8,10,hipc_g25_d85_bernoulli_drop_0_25,reruns\grid_density\scenarios\cv\known_visit_grid25_targets10_trials50.csv,10,4,11,11.639794365243825,11.639794365243825,03,03,1,0,True,completed
44,known_visit,HIPC,bernoulli,drop_0.25,25,625,8,10,hipc_g25_d85_bernoulli_drop_0_25,reruns\grid_density\scenarios\cv\known_visit_grid25_targets10_trials50.csv,1,22,11,49.633924058160716,49.633924058160716,03,03,1,0,True,completed
44,known_visit,HIPC,bernoulli,drop_0.25,25,625,8,10,hipc_g25_d85_bernoulli_drop_0_25,reruns\grid_density\scenarios\cv\known_visit_grid25_targets10_trials50.csv,2,9,7,13.682316458661424,13.682316458661424,02,02,1,0,True,completed
44,known_visit,HIPC,bernoulli,drop_0.25,25,625,8,10,hipc_g25_d85_bernoulli_drop_0_25,reruns\grid_density\scenarios\cv\known_visit_grid25_targets10_trials50.csv,3,22,21,35.897115438372126,35.897115438372126,06,06,1,0,True,completed
44,known_visit,HIPC,bernoulli,drop_0.25,25,625,8,10,hipc_g25_d85_bernoulli_drop_0_25,reruns\grid_density\scenarios\cv\known_visit_grid25_targets10_trials50.csv,4,7,23,12.618142611672367,12.618142611672367,07,07,1,0,True,completed
44,known_visit,HIPC,bernoulli,drop_0.25,25,625,8,10,hipc_g25_d85_bernoulli_drop_0_25,reruns\grid_density\scenarios\cv\known_visit_grid25_targets10_trials50.csv,5,11,21,17.379281248841153,17.379281248841153,06,06,1,0,True,completed
44,known_visit,HIPC,bernoulli,drop_0.25,25,625,8,10,hipc_g25_d85_bernoulli_drop_0_25,reruns\grid_density\scenarios\cv\known_visit_grid25_targets10_trials50.csv,6,24,19,43.0379145801876,43.0379145801876,06,06,1,0,True,completed
44,known_visit,HIPC,bernoulli,drop_0.25,25,625,8,10,hipc_g25_d85_bernoulli_drop_0_25,reruns\grid_density\scenarios\cv\known_visit_grid25_targets10_trials50.csv,7,16,14,33.8610539766585,33.8610539766585,03,03,1,0,True,completed
44,known_visit,HIPC,bernoulli,drop_0.25,25,625,8,10,hipc_g25_d85_bernoulli_drop_0_25,reruns\grid_density\scenarios\cv\known_visit_grid25_targets10_trials50.csv,8,24,0,39.21220856119939,39.21220856119939,00,00,1,0,True,completed
44,known_visit,HIPC,bernoulli,drop_0.25,25,625,8,10,hipc_g25_d85_bernoulli_drop_0_25,reruns\grid_density\scenarios\cv\known_visit_grid25_targets10_trials50.csv,9,21,0,34.05115489188244,34.05115489188244,00,00,1,0,True,completed
44,known_visit,HIPC,bernoulli,drop_0.25,25,625,8,10,hipc_g25_d85_bernoulli_drop_0_25,reruns\grid_density\scenarios\cv\known_visit_grid25_targets10_trials50.csv,10,4,11,7.402321869107476,7.402321869107476,03,03,2,1,True,completed
45,known_visit,HIPC,bernoulli,drop_0.25,25,625,8,10,hipc_g25_d85_bernoulli_drop_0_25,reruns\grid_density\scenarios\cv\known_visit_grid25_targets10_trials50.csv,1,2,5,5.646104831835451,5.646104831835451,01,01,1,0,True,completed
45,known_visit,HIPC,bernoulli,drop_0.25,25,625,8,10,hipc_g25_d85_bernoulli_drop_0_25,reruns\grid_density\scenarios\cv\known_visit_grid25_targets10_trials50.csv,2,2,11,11.564027639681473,11.564027639681473,03,03,1,0,True,completed
45,known_visit,HIPC,bernoulli,drop_0.25,25,625,8,10,hipc_g25_d85_bernoulli_drop_0_25,reruns\grid_density\scenarios\cv\known_visit_grid25_targets10_trials50.csv,3,10,7,16.478528284407638,16.478528284407638,02,02,1,0,True,completed
45,known_visit,HIPC,bernoulli,drop_0.25,25,625,8,10,hipc_g25_d85_bernoulli_drop_0_25,reruns\grid_density\scenarios\cv\known_visit_grid25_targets10_trials50.csv,4,23,20,43.92442299656426,43.92442299656426,06,06,1,0,True,completed
45,known_visit,HIPC,bernoulli,drop_0.25,25,625,8,10,hipc_g25_d85_bernoulli_drop_0_25,reruns\grid_density\scenarios\cv\known_visit_grid25_targets10_trials50.csv,5,2,9,3.8998863195423525,3.8998863195423525,03,03,1,0,True,completed
45,known_visit,HIPC,bernoulli,drop_0.25,25,625,8,10,hipc_g25_d85_bernoulli_drop_0_25,reruns\grid_density\scenarios\cv\known_visit_grid25_targets10_trials50.csv,6,20,8,35.434859846770415,35.434859846770415,02,02,1,0,True,completed
45,known_visit,HIPC,bernoulli,drop_0.25,25,625,8,10,hipc_g25_d85_bernoulli_drop_0_25,reruns\grid_density\scenarios\cv\known_visit_grid25_targets10_trials50.csv,7,19,12,34.300658738555036,34.300658738555036,04,04,1,0,True,completed
45,known_visit,HIPC,bernoulli,drop_0.25,25,625,8,10,hipc_g25_d85_bernoulli_drop_0_25,reruns\grid_density\scenarios\cv\known_visit_grid25_targets10_trials50.csv,8,19,10,37.70861314106544,37.70861314106544,04,04,1,0,True,completed
45,known_visit,HIPC,bernoulli,drop_0.25,25,625,8,10,hipc_g25_d85_bernoulli_drop_0_25,reruns\grid_density\scenarios\cv\known_visit_grid25_targets10_trials50.csv,9,2,22,4.078772207249264,4.078772207249264,06,06,1,0,True,completed
45,known_visit,HIPC,bernoulli,drop_0.25,25,625,8,10,hipc_g25_d85_bernoulli_drop_0_25,reruns\grid_density\scenarios\cv\known_visit_grid25_targets10_trials50.csv,10,3,21,8.09131987757501,8.09131987757501,06,06,1,0,True,completed
46,known_visit,HIPC,bernoulli,drop_0.25,25,625,8,10,hipc_g25_d85_bernoulli_drop_0_25,reruns\grid_density\scenarios\cv\known_visit_grid25_targets10_trials50.csv,1,9,6,16.18667711500803,16.18667711500803,02,02,1,0,True,completed
46,known_visit,HIPC,bernoulli,drop_0.25,25,625,8,10,hipc_g25_d85_bernoulli_drop_0_25,reruns\grid_density\scenarios\cv\known_visit_grid25_targets10_trials50.csv,2,14,5,26.549068659091226,26.549068659091226,02,02,2,1,True,completed
46,known_visit,HIPC,bernoulli,drop_0.25,25,625,8,10,hipc_g25_d85_bernoulli_drop_0_25,reruns\grid_density\scenarios\cv\known_visit_grid25_targets10_trials50.csv,3,17,10,27.364102893309056,27.364102893309056,03,03,1,0,True,completed
46,known_visit,HIPC,bernoulli,drop_0.25,25,625,8,10,hipc_g25_d85_bernoulli_drop_0_25,reruns\grid_density\scenarios\cv\known_visit_grid25_targets10_trials50.csv,4,10,17,15.129918942062822,15.129918942062822,05,05,1,0,True,completed
46,known_visit,HIPC,bernoulli,drop_0.25,25,625,8,10,hipc_g25_d85_bernoulli_drop_0_25,reruns\grid_density\scenarios\cv\known_visit_grid25_targets10_trials50.csv,5,19,6,37.04722681563125,37.04722681563125,02,02,1,0,True,completed
46,known_visit,HIPC,bernoulli,drop_0.25,25,625,8,10,hipc_g25_d85_bernoulli_drop_0_25,reruns\grid_density\scenarios\cv\known_visit_grid25_targets10_trials50.csv,6,11,15,19.621368024850575,19.621368024850575,04,04,1,0,True,completed
46,known_visit,HIPC,bernoulli,drop_0.25,25,625,8,10,hipc_g25_d85_bernoulli_drop_0_25,reruns\grid_density\scenarios\cv\known_visit_grid25_targets10_trials50.csv,7,15,5,28.31826939489222,28.31826939489222,02,02,2,1,True,completed
46,known_visit,HIPC,bernoulli,drop_0.25,25,625,8,10,hipc_g25_d85_bernoulli_drop_0_25,reruns\grid_density\scenarios\cv\known_visit_grid25_targets10_trials50.csv,8,23,14,54.327568493859935,54.327568493859935,05,05,1,0,True,completed
46,known_visit,HIPC,bernoulli,drop_0.25,25,625,8,10,hipc_g25_d85_bernoulli_drop_0_25,reruns\grid_density\scenarios\cv\known_visit_grid25_targets10_trials50.csv,9,14,2,26.089379403862672,26.089379403862672,00,00,1,0,True,completed
46,known_visit,HIPC,bernoulli,drop_0.25,25,625,8,10,hipc_g25_d85_bernoulli_drop_0_25,reruns\grid_density\scenarios\cv\known_visit_grid25_targets10_trials50.csv,10,22,19,43.4410797212636,43.4410797212636,05,05,1,0,True,completed
47,known_visit,HIPC,bernoulli,drop_0.25,25,625,8,10,hipc_g25_d85_bernoulli_drop_0_25,reruns\grid_density\scenarios\cv\known_visit_grid25_targets10_trials50.csv,1,24,21,51.31332969079567,51.31332969079567,06,06,1,0,True,completed
47,known_visit,HIPC,bernoulli,drop_0.25,25,625,8,10,hipc_g25_d85_bernoulli_drop_0_25,reruns\grid_density\scenarios\cv\known_visit_grid25_targets10_trials50.csv,2,19,12,38.43511268603736,38.43511268603736,04,04,1,0,True,completed
47,known_visit,HIPC,bernoulli,drop_0.25,25,625,8,10,hipc_g25_d85_bernoulli_drop_0_25,reruns\grid_density\scenarios\cv\known_visit_grid25_targets10_trials50.csv,3,8,23,14.15249348596138,14.15249348596138,07,07,1,0,True,completed
47,known_visit,HIPC,bernoulli,drop_0.25,25,625,8,10,hipc_g25_d85_bernoulli_drop_0_25,reruns\grid_density\scenarios\cv\known_visit_grid25_targets10_trials50.csv,4,16,24,31.737336680306072,31.737336680306072,06,06,1,0,True,completed
47,known_visit,HIPC,bernoulli,drop_0.25,25,625,8,10,hipc_g25_d85_bernoulli_drop_0_25,reruns\grid_density\scenarios\cv\known_visit_grid25_targets10_trials50.csv,5,15,4,31.149275723550023,31.149275723550023,00,00,1,0,True,completed
47,known_visit,HIPC,bernoulli,drop_0.25,25,625,8,10,hipc_g25_d85_bernoulli_drop_0_25,reruns\grid_density\scenarios\cv\known_visit_grid25_targets10_trials50.csv,6,9,0,13.826659962587822,13.826659962587822,00,00,2,1,True,completed
47,known_visit,HIPC,bernoulli,drop_0.25,25,625,8,10,hipc_g25_d85_bernoulli_drop_0_25,reruns\grid_density\scenarios\cv\known_visit_grid25_targets10_trials50.csv,7,13,4,27.510515659699127,27.510515659699127,00,00,1,0,True,completed
47,known_visit,HIPC,bernoulli,drop_0.25,25,625,8,10,hipc_g25_d85_bernoulli_drop_0_25,reruns\grid_density\scenarios\cv\known_visit_grid25_targets10_trials50.csv,8,12,21,19.467361494732085,19.467361494732085,06,06,1,0,True,completed
47,known_visit,HIPC,bernoulli,drop_0.25,25,625,8,10,hipc_g25_d85_bernoulli_drop_0_25,reruns\grid_density\scenarios\cv\known_visit_grid25_targets10_trials50.csv,9,14,15,23.94756833532002,23.94756833532002,04,04,1,0,True,completed
47,known_visit,HIPC,bernoulli,drop_0.25,25,625,8,10,hipc_g25_d85_bernoulli_drop_0_25,reruns\grid_density\scenarios\cv\known_visit_grid25_targets10_trials50.csv,10,8,7,22.822379357149565,22.822379357149565,01,01,1,0,True,completed
48,known_visit,HIPC,bernoulli,drop_0.25,25,625,8,10,hipc_g25_d85_bernoulli_drop_0_25,reruns\grid_density\scenarios\cv\known_visit_grid25_targets10_trials50.csv,1,15,1,28.56587591195033,28.56587591195033,01,01,1,0,True,completed
48,known_visit,HIPC,bernoulli,drop_0.25,25,625,8,10,hipc_g25_d85_bernoulli_drop_0_25,reruns\grid_density\scenarios\cv\known_visit_grid25_targets10_trials50.csv,2,24,12,51.16147701793628,51.16147701793628,04,04,1,0,True,completed
48,known_visit,HIPC,bernoulli,drop_0.25,25,625,8,10,hipc_g25_d85_bernoulli_drop_0_25,reruns\grid_density\scenarios\cv\known_visit_grid25_targets10_trials50.csv,3,22,14,43.76136658734376,43.76136658734376,04,04,1,0,True,completed
48,known_visit,HIPC,bernoulli,drop_0.25,25,625,8,10,hipc_g25_d85_bernoulli_drop_0_25,reruns\grid_density\scenarios\cv\known_visit_grid25_targets10_trials50.csv,4,1,6,2.2113514377781405,2.2113514377781405,02,02,1,0,True,completed
48,known_visit,HIPC,bernoulli,drop_0.25,25,625,8,10,hipc_g25_d85_bernoulli_drop_0_25,reruns\grid_density\scenarios\cv\known_visit_grid25_targets10_trials50.csv,5,23,6,54.21845233561088,54.21845233561088,03,03,1,0,True,completed
48,known_visit,HIPC,bernoulli,drop_0.25,25,625,8,10,hipc_g25_d85_bernoulli_drop_0_25,reruns\grid_density\scenarios\cv\known_visit_grid25_targets10_trials50.csv,6,3,2,6.3780741463667585,6.3780741463667585,01,01,1,0,True,completed
48,known_visit,HIPC,bernoulli,drop_0.25,25,625,8,10,hipc_g25_d85_bernoulli_drop_0_25,reruns\grid_density\scenarios\cv\known_visit_grid25_targets10_trials50.csv,7,19,21,30.99477886022417,30.99477886022417,06,06,1,0,True,completed
48,known_visit,HIPC,bernoulli,drop_0.25,25,625,8,10,hipc_g25_d85_bernoulli_drop_0_25,reruns\grid_density\scenarios\cv\known_visit_grid25_targets10_trials50.csv,8,14,12,26.241721672807913,26.241721672807913,04,04,1,0,True,completed
48,known_visit,HIPC,bernoulli,drop_0.25,25,625,8,10,hipc_g25_d85_bernoulli_drop_0_25,reruns\grid_density\scenarios\cv\known_visit_grid25_targets10_trials50.csv,9,9,9,15.826067642212491,15.826067642212491,03,03,1,0,True,completed
48,known_visit,HIPC,bernoulli,drop_0.25,25,625,8,10,hipc_g25_d85_bernoulli_drop_0_25,reruns\grid_density\scenarios\cv\known_visit_grid25_targets10_trials50.csv,10,20,17,39.84825273626367,39.84825273626367,06,06,1,0,True,completed
49,known_visit,HIPC,bernoulli,drop_0.25,25,625,8,10,hipc_g25_d85_bernoulli_drop_0_25,reruns\grid_density\scenarios\cv\known_visit_grid25_targets10_trials50.csv,1,3,12,7.6229376025124385,7.6229376025124385,03,03,1,0,True,completed
49,known_visit,HIPC,bernoulli,drop_0.25,25,625,8,10,hipc_g25_d85_bernoulli_drop_0_25,reruns\grid_density\scenarios\cv\known_visit_grid25_targets10_trials50.csv,2,23,14,42.6176335525276,42.6176335525276,04,04,1,0,True,completed
49,known_visit,HIPC,bernoulli,drop_0.25,25,625,8,10,hipc_g25_d85_bernoulli_drop_0_25,reruns\grid_density\scenarios\cv\known_visit_grid25_targets10_trials50.csv,3,12,1,21.0837906317014,21.0837906317014,00,00,1,0,True,completed
49,known_visit,HIPC,bernoulli,drop_0.25,25,625,8,10,hipc_g25_d85_bernoulli_drop_0_25,reruns\grid_density\scenarios\cv\known_visit_grid25_targets10_trials50.csv,4,5,11,13.242195134053654,13.242195134053654,03,03,1,0,True,completed
49,known_visit,HIPC,bernoulli,drop_0.25,25,625,8,10,hipc_g25_d85_bernoulli_drop_0_25,reruns\grid_density\scenarios\cv\known_visit_grid25_targets10_trials50.csv,5,20,3,32.16418635970029,32.16418635970029,01,01,1,0,True,completed
49,known_visit,HIPC,bernoulli,drop_0.25,25,625,8,10,hipc_g25_d85_bernoulli_drop_0_25,reruns\grid_density\scenarios\cv\known_visit_grid25_targets10_trials50.csv,6,14,1,24.740349948264626,24.740349948264626,00,00,1,0,True,completed
49,known_visit,HIPC,bernoulli,drop_0.25,25,625,8,10,hipc_g25_d85_bernoulli_drop_0_25,reruns\grid_density\scenarios\cv\known_visit_grid25_targets10_trials50.csv,7,22,13,38.58669414389287,38.58669414389287,04,04,1,0,True,completed
49,known_visit,HIPC,bernoulli,drop_0.25,25,625,8,10,hipc_g25_d85_bernoulli_drop_0_25,reruns\grid_density\scenarios\cv\known_visit_grid25_targets10_trials50.csv,8,15,16,25.80515044999134,25.80515044999134,05,05,1,0,True,completed
49,known_visit,HIPC,bernoulli,drop_0.25,25,625,8,10,hipc_g25_d85_bernoulli_drop_0_25,reruns\grid_density\scenarios\cv\known_visit_grid25_targets10_trials50.csv,9,16,22,38.02680234404862,38.02680234404862,05,05,1,0,True,completed
49,known_visit,HIPC,bernoulli,drop_0.25,25,625,8,10,hipc_g25_d85_bernoulli_drop_0_25,reruns\grid_density\scenarios\cv\known_visit_grid25_targets10_trials50.csv,10,14,3,21.893527110062514,21.893527110062514,01,01,1,0,True,completed
