trial_id,trial_mode,algorithm,comm_model,comm_level,grid_size,grid_cells,robot_count,target_count,condition_id,scenario_file,target_index,target_x,target_y,first_completion_time_s,first_completion_sim_time_s,first_found_by_robot,first_finder_robot_id,total_visits,duplicate_visits,completed,trial_status
0,known_visit,ACBBA,bernoulli,drop_0.25,34,1156,6,10,acbba_g34_d220_bernoulli_drop_0_25,reruns\grid_density\scenarios\cv\known_visit_grid34_targets10_trials50.csv,1,20,5,41.789256000642354,41.789256000642354,00,00,1,0,True,completed
0,known_visit,ACBBA,bernoulli,drop_0.25,34,1156,6,10,acbba_g34_d220_bernoulli_drop_0_25,reruns\grid_density\scenarios\cv\known_visit_grid34_targets10_trials50.csv,2,28,1,72.8757384411779,72.8757384411779,00,00,1,0,True,completed
0,known_visit,ACBBA,bernoulli,drop_0.25,34,1156,6,10,acbba_g34_d220_bernoulli_drop_0_25,reruns\grid_density\scenarios\cv\known_visit_grid34_targets10_trials50.csv,3,11,25,26.04967649586613,26.04967649586613,03,03,2,1,True,completed
0,known_visit,ACBBA,bernoulli,drop_0.25,34,1156,6,10,acbba_g34_d220_bernoulli_drop_0_25,reruns\grid_density\scenarios\cv\known_visit_grid34_targets10_trials50.csv,4,20,24,43.81455440365419,43.81455440365419,03,03,2,1,True,completed
0,known_visit,ACBBA,bernoulli,drop_0.25,34,1156,6,10,acbba_g34_d220_bernoulli_drop_0_25,reruns\grid_density\scenarios\cv\known_visit_grid34_targets10_trials50.csv,5,25,8,55.58957266932199,55.58957266932199,00,00,1,0,True,completed
0,known_visit,ACBBA,bernoulli,drop_0.25,34,1156,6,10,acbba_g34_d220_bernoulli_drop_0_25,reruns\grid_density\scenarios\cv\known_visit_grid34_targets10_trials50.csv,6,3,5,7.25720129390282,7.25720129390282,01,01,1,0,True,completed
0,known_visit,ACBBA,bernoulli,drop_0.25,34,1156,6,10,acbba_g34_d220_bernoulli_drop_0_25,reruns\grid_density\scenarios\cv\known_visit_grid34_targets10_trials50.csv,7,1,16,5.575604374890932,5.575604374890932,02,02,2,1,True,completed
0,known_visit,ACBBA,bernoulli,drop_0.25,34,1156,6,10,acbba_g34_d220_bernoulli_drop_0_25,reruns\grid_density\scenarios\cv\known_visit_grid34_targets10_trials50.csv,8,23,30,44.81575736891708,44.81575736891708,04,04,1,0,True,completed
0,known_visit,ACBBA,bernoulli,drop_0.25,34,1156,6,10,acbba_g34_d220_bernoulli_drop_0_25,reruns\grid_density\scenarios\cv\known_visit_grid34_targets10_trials50.csv,9,33,13,70.45771398243063,70.45771398243063,02,02,1,0,True,completed
0,known_visit,ACBBA,bernoulli,drop_0.25,34,1156,6,10,acbba_g34_d220_bernoulli_drop_0_25,reruns\grid_density\scenarios\cv\known_visit_grid34_targets10_trials50.csv,10,24,22,54.27548503113704,54.27548503113704,03,03,1,0,True,completed
1,known_visit,ACBBA,bernoulli,drop_0.25,34,1156,6,10,acbba_g34_d220_bernoulli_drop_0_25,reruns\grid_density\scenarios\cv\known_visit_grid34_targets10_trials50.csv,1,19,17,38.62295784595134,38.62295784595134,02,02,2,1,True,completed
1,known_visit,ACBBA,bernoulli,drop_0.25,34,1156,6,10,acbba_g34_d220_bernoulli_drop_0_25,reruns\grid_density\scenarios\cv\known_visit_grid34_targets10_trials50.csv,2,14,6,32.69416724812216,32.69416724812216,00,00,1,0,True,completed
1,known_visit,ACBBA,bernoulli,drop_0.25,34,1156,6,10,acbba_g34_d220_bernoulli_drop_0_25,reruns\grid_density\scenarios\cv\known_visit_grid34_targets10_trials50.csv,3,17,16,33.141731510095276,33.141731510095276,02,02,1,0,True,completed
1,known_visit,ACBBA,bernoulli,drop_0.25,34,1156,6,10,acbba_g34_d220_bernoulli_drop_0_25,reruns\grid_density\scenarios\cv\known_visit_grid34_targets10_trials50.csv,4,16,15,29.327292484816624,29.327292484816624,02,02,2,1,True,completed
1,known_visit,ACBBA,bernoulli,drop_0.25,34,1156,6,10,acbba_g34_d220_bernoulli_drop_0_25,reruns\grid_density\scenarios\cv\known_visit_grid34_targets10_trials50.csv,5,5,33,6.790008379848359,6.790008379848359,05,05,1,0,True,completed
1,known_visit,ACBBA,bernoulli,drop_0.25,34,1156,6,10,acbba_g34_d220_bernoulli_drop_0_25,reruns\grid_density\scenarios\cv\known_visit_grid34_targets10_trials50.csv,6,11,30,24.161661151072,24.161661151072,04,04,1,0,True,completed
1,known_visit,ACBBA,bernoulli,drop_0.25,34,1156,6,10,acbba_g34_d220_bernoulli_drop_0_25,reruns\grid_density\scenarios\cv\known_visit_grid34_targets10_trials50.csv,7,26,23,52.219629132881934,52.219629132881934,03,03,1,0,True,completed
1,known_visit,ACBBA,bernoulli,drop_0.25,34,1156,6,10,acbba_g34_d220_bernoulli_drop_0_25,reruns\grid_density\scenarios\cv\known_visit_grid34_targets10_trials50.csv,8,24,33,43.98894236435327,43.98894236435327,05,05,1,0,True,completed
1,known_visit,ACBBA,bernoulli,drop_0.25,34,1156,6,10,acbba_g34_d220_bernoulli_drop_0_25,reruns\grid_density\scenarios\cv\known_visit_grid34_targets10_trials50.csv,9,27,21,46.76772767256729,46.76772767256729,03,03,1,0,True,completed
1,known_visit,ACBBA,bernoulli,drop_0.25,34,1156,6,10,acbba_g34_d220_bernoulli_drop_0_25,reruns\grid_density\scenarios\cv\known_visit_grid34_targets10_trials50.csv,10,19,32,33.29289826193106,33.29289826193106,05,05,1,0,True,completed
2,known_visit,ACBBA,bernoulli,drop_0.25,34,1156,6,10,acbba_g34_d220_bernoulli_drop_0_25,reruns\grid_density\scenarios\cv\known_visit_grid34_targets10_trials50.csv,1,3,32,5.4139359282412185,5.4139359282412185,05,05,1,0,True,completed
2,known_visit,ACBBA,bernoulli,drop_0.25,34,1156,6,10,acbba_g34_d220_bernoulli_drop_0_25,reruns\grid_density\scenarios\cv\known_visit_grid34_targets10_trials50.csv,2,26,0,43.03266497737054,43.03266497737054,00,00,1,0,True,completed
2,known_visit,ACBBA,bernoulli,drop_0.25,34,1156,6,10,acbba_g34_d220_bernoulli_drop_0_25,reruns\grid_density\scenarios\cv\known_visit_grid34_targets10_trials50.csv,3,14,7,26.569666775130443,26.569666775130443,01,01,1,0,True,completed
2,known_visit,ACBBA,bernoulli,drop_0.25,34,1156,6,10,acbba_g34_d220_bernoulli_drop_0_25,reruns\grid_density\scenarios\cv\known_visit_grid34_targets10_trials50.csv,4,19,20,30.438148642856877,30.438148642856877,03,03,1,0,True,completed
2,known_visit,ACBBA,bernoulli,drop_0.25,34,1156,6,10,acbba_g34_d220_bernoulli_drop_0_25,reruns\grid_density\scenarios\cv\known_visit_grid34_targets10_trials50.csv,5,29,15,67.90679805099374,67.90679805099374,01,01,1,0,True,completed
2,known_visit,ACBBA,bernoulli,drop_0.25,34,1156,6,10,acbba_g34_d220_bernoulli_drop_0_25,reruns\grid_density\scenarios\cv\known_visit_grid34_targets10_trials50.csv,6,24,23,44.34007681860568,44.34007681860568,03,03,1,0,True,completed
2,known_visit,ACBBA,bernoulli,drop_0.25,34,1156,6,10,acbba_g34_d220_bernoulli_drop_0_25,reruns\grid_density\scenarios\cv\known_visit_grid34_targets10_trials50.csv,7,11,8,19.234586290039157,19.234586290039157,01,01,1,0,True,completed
2,known_visit,ACBBA,bernoulli,drop_0.25,34,1156,6,10,acbba_g34_d220_bernoulli_drop_0_25,reruns\grid_density\scenarios\cv\known_visit_grid34_targets10_trials50.csv,8,21,32,36.47259451810438,36.47259451810438,05,05,1,0,True,completed
2,known_visit,ACBBA,bernoulli,drop_0.25,34,1156,6,10,acbba_g34_d220_bernoulli_drop_0_25,reruns\grid_density\scenarios\cv\known_visit_grid34_targets10_trials50.csv,9,22,8,43.51169338824095,43.51169338824095,01,01,2,1,True,completed
2,known_visit,ACBBA,bernoulli,drop_0.25,34,1156,6,10,acbba_g34_d220_bernoulli_drop_0_25,reruns\grid_density\scenarios\cv\known_visit_grid34_targets10_trials50.csv,10,10,12,17.586768130289176,17.586768130289176,02,02,1,0,True,completed
3,known_visit,ACBBA,bernoulli,drop_0.25,34,1156,6,10,acbba_g34_d220_bernoulli_drop_0_25,reruns\grid_density\scenarios\cv\known_visit_grid34_targets10_trials50.csv,1,18,8,38.398348083805594,38.398348083805594,01,01,1,0,True,completed
3,known_visit,ACBBA,bernoulli,drop_0.25,34,1156,6,10,acbba_g34_d220_bernoulli_drop_0_25,reruns\grid_density\scenarios\cv\known_visit_grid34_targets10_trials50.csv,2,19,29,59.04731509225691,59.04731509225691,05,05,1,0,True,completed
3,known_visit,ACBBA,bernoulli,drop_0.25,34,1156,6,10,acbba_g34_d220_bernoulli_drop_0_25,reruns\grid_density\scenarios\cv\known_visit_grid34_targets10_trials50.csv,3,2,31,5.629361651608126,5.629361651608126,05,05,1,0,True,completed
3,known_visit,ACBBA,bernoulli,drop_0.25,34,1156,6,10,acbba_g34_d220_bernoulli_drop_0_25,reruns\grid_density\scenarios\cv\known_visit_grid34_targets10_trials50.csv,4,11,10,22.66430034174116,22.66430034174116,01,01,1,0,True,completed
3,known_visit,ACBBA,bernoulli,drop_0.25,34,1156,6,10,acbba_g34_d220_bernoulli_drop_0_25,reruns\grid_density\scenarios\cv\known_visit_grid34_targets10_trials50.csv,5,20,22,36.90729403126318,36.90729403126318,03,03,1,0,True,completed
3,known_visit,ACBBA,bernoulli,drop_0.25,34,1156,6,10,acbba_g34_d220_bernoulli_drop_0_25,reruns\grid_density\scenarios\cv\known_visit_grid34_targets10_trials50.csv,6,32,21,60.302323495897745,60.302323495897745,03,03,1,0,True,completed
3,known_visit,ACBBA,bernoulli,drop_0.25,34,1156,6,10,acbba_g34_d220_bernoulli_drop_0_25,reruns\grid_density\scenarios\cv\known_visit_grid34_targets10_trials50.csv,7,14,23,28.33377082021027,28.33377082021027,04,04,1,0,True,completed
3,known_visit,ACBBA,bernoulli,drop_0.25,34,1156,6,10,acbba_g34_d220_bernoulli_drop_0_25,reruns\grid_density\scenarios\cv\known_visit_grid34_targets10_trials50.csv,8,9,2,21.231404969998092,21.231404969998092,00,00,1,0,True,completed
3,known_visit,ACBBA,bernoulli,drop_0.25,34,1156,6,10,acbba_g34_d220_bernoulli_drop_0_25,reruns\grid_density\scenarios\cv\known_visit_grid34_targets10_trials50.csv,9,6,3,13.969829064787856,13.969829064787856,00,00,1,0,True,completed
3,known_visit,ACBBA,bernoulli,drop_0.25,34,1156,6,10,acbba_g34_d220_bernoulli_drop_0_25,reruns\grid_density\scenarios\cv\known_visit_grid34_targets10_trials50.csv,10,3,22,7.576019024848132,7.576019024848132,03,03,1,0,True,completed
4,known_visit,ACBBA,bernoulli,drop_0.25,34,1156,6,10,acbba_g34_d220_bernoulli_drop_0_25,reruns\grid_density\scenarios\cv\known_visit_grid34_targets10_trials50.csv,1,17,0,27.58238227090717,27.58238227090717,00,00,1,0,True,completed
4,known_visit,ACBBA,bernoulli,drop_0.25,34,1156,6,10,acbba_g34_d220_bernoulli_drop_0_25,reruns\grid_density\scenarios\cv\known_visit_grid34_targets10_trials50.csv,2,33,1,56.72680138778726,56.72680138778726,00,00,1,0,True,completed
4,known_visit,ACBBA,bernoulli,drop_0.25,34,1156,6,10,acbba_g34_d220_bernoulli_drop_0_25,reruns\grid_density\scenarios\cv\known_visit_grid34_targets10_trials50.csv,3,26,29,52.39513745223503,52.39513745223503,04,04,1,0,True,completed
4,known_visit,ACBBA,bernoulli,drop_0.25,34,1156,6,10,acbba_g34_d220_bernoulli_drop_0_25,reruns\grid_density\scenarios\cv\known_visit_grid34_targets10_trials50.csv,4,15,17,30.718040759257264,30.718040759257264,02,02,2,1,True,completed
4,known_visit,ACBBA,bernoulli,drop_0.25,34,1156,6,10,acbba_g34_d220_bernoulli_drop_0_25,reruns\grid_density\scenarios\cv\known_visit_grid34_targets10_trials50.csv,5,9,10,18.852224332446696,18.852224332446696,01,01,1,0,True,completed
4,known_visit,ACBBA,bernoulli,drop_0.25,34,1156,6,10,acbba_g34_d220_bernoulli_drop_0_25,reruns\grid_density\scenarios\cv\known_visit_grid34_targets10_trials50.csv,6,17,18,36.08267962279382,36.08267962279382,02,02,2,1,True,completed
4,known_visit,ACBBA,bernoulli,drop_0.25,34,1156,6,10,acbba_g34_d220_bernoulli_drop_0_25,reruns\grid_density\scenarios\cv\known_visit_grid34_targets10_trials50.csv,7,23,29,42.69934410213192,42.69934410213192,04,04,1,0,True,completed
4,known_visit,ACBBA,bernoulli,drop_0.25,34,1156,6,10,acbba_g34_d220_bernoulli_drop_0_25,reruns\grid_density\scenarios\cv\known_visit_grid34_targets10_trials50.csv,8,13,30,26.283243983512982,26.283243983512982,05,05,1,0,True,completed
4,known_visit,ACBBA,bernoulli,drop_0.25,34,1156,6,10,acbba_g34_d220_bernoulli_drop_0_25,reruns\grid_density\scenarios\cv\known_visit_grid34_targets10_trials50.csv,9,6,0,8.882516676787494,8.882516676787494,00,00,1,0,True,completed
4,known_visit,ACBBA,bernoulli,drop_0.25,34,1156,6,10,acbba_g34_d220_bernoulli_drop_0_25,reruns\grid_density\scenarios\cv\known_visit_grid34_targets10_trials50.csv,10,29,29,57.77608734914626,57.77608734914626,04,04,1,0,True,completed
5,known_visit,ACBBA,bernoulli,drop_0.25,34,1156,6,10,acbba_g34_d220_bernoulli_drop_0_25,reruns\grid_density\scenarios\cv\known_visit_grid34_targets10_trials50.csv,1,21,6,36.30203092298329,36.30203092298329,01,01,1,0,True,completed
5,known_visit,ACBBA,bernoulli,drop_0.25,34,1156,6,10,acbba_g34_d220_bernoulli_drop_0_25,reruns\grid_density\scenarios\cv\known_visit_grid34_targets10_trials50.csv,2,4,2,12.69651736521628,12.69651736521628,00,00,1,0,True,completed
5,known_visit,ACBBA,bernoulli,drop_0.25,34,1156,6,10,acbba_g34_d220_bernoulli_drop_0_25,reruns\grid_density\scenarios\cv\known_visit_grid34_targets10_trials50.csv,3,16,26,25.81118700619147,25.81118700619147,04,04,1,0,True,completed
5,known_visit,ACBBA,bernoulli,drop_0.25,34,1156,6,10,acbba_g34_d220_bernoulli_drop_0_25,reruns\grid_density\scenarios\cv\known_visit_grid34_targets10_trials50.csv,4,9,17,19.340817432721426,19.340817432721426,03,03,1,0,True,completed
5,known_visit,ACBBA,bernoulli,drop_0.25,34,1156,6,10,acbba_g34_d220_bernoulli_drop_0_25,reruns\grid_density\scenarios\cv\known_visit_grid34_targets10_trials50.csv,5,5,0,6.892982710092317,6.892982710092317,00,00,1,0,True,completed
5,known_visit,ACBBA,bernoulli,drop_0.25,34,1156,6,10,acbba_g34_d220_bernoulli_drop_0_25,reruns\grid_density\scenarios\cv\known_visit_grid34_targets10_trials50.csv,6,19,7,30.795337663710516,30.795337663710516,01,01,1,0,True,completed
5,known_visit,ACBBA,bernoulli,drop_0.25,34,1156,6,10,acbba_g34_d220_bernoulli_drop_0_25,reruns\grid_density\scenarios\cv\known_visit_grid34_targets10_trials50.csv,7,31,31,60.552548866048774,60.552548866048774,04,04,1,0,True,completed
5,known_visit,ACBBA,bernoulli,drop_0.25,34,1156,6,10,acbba_g34_d220_bernoulli_drop_0_25,reruns\grid_density\scenarios\cv\known_visit_grid34_targets10_trials50.csv,8,15,20,35.295109620733356,35.295109620733356,03,03,1,0,True,completed
5,known_visit,ACBBA,bernoulli,drop_0.25,34,1156,6,10,acbba_g34_d220_bernoulli_drop_0_25,reruns\grid_density\scenarios\cv\known_visit_grid34_targets10_trials50.csv,9,30,27,51.66589620674764,51.66589620674764,04,04,1,0,True,completed
5,known_visit,ACBBA,bernoulli,drop_0.25,34,1156,6,10,acbba_g34_d220_bernoulli_drop_0_25,reruns\grid_density\scenarios\cv\known_visit_grid34_targets10_trials50.csv,10,22,11,39.25604626034011,39.25604626034011,02,02,1,0,True,completed
6,known_visit,ACBBA,bernoulli,drop_0.25,34,1156,6,10,acbba_g34_d220_bernoulli_drop_0_25,reruns\grid_density\scenarios\cv\known_visit_grid34_targets10_trials50.csv,1,21,15,37.71584577032653,37.71584577032653,02,02,1,0,True,completed
6,known_visit,ACBBA,bernoulli,drop_0.25,34,1156,6,10,acbba_g34_d220_bernoulli_drop_0_25,reruns\grid_density\scenarios\cv\known_visit_grid34_targets10_trials50.csv,2,1,18,3.894973574606174,3.894973574606174,03,03,2,1,True,completed
6,known_visit,ACBBA,bernoulli,drop_0.25,34,1156,6,10,acbba_g34_d220_bernoulli_drop_0_25,reruns\grid_density\scenarios\cv\known_visit_grid34_targets10_trials50.csv,3,14,25,24.496827594918994,24.496827594918994,04,04,1,0,True,completed
6,known_visit,ACBBA,bernoulli,drop_0.25,34,1156,6,10,acbba_g34_d220_bernoulli_drop_0_25,reruns\grid_density\scenarios\cv\known_visit_grid34_targets10_trials50.csv,4,6,19,29.27908860421165,29.27908860421165,01,01,2,1,True,completed
6,known_visit,ACBBA,bernoulli,drop_0.25,34,1156,6,10,acbba_g34_d220_bernoulli_drop_0_25,reruns\grid_density\scenarios\cv\known_visit_grid34_targets10_trials50.csv,5,4,11,12.171936033293242,12.171936033293242,01,01,2,1,True,completed
6,known_visit,ACBBA,bernoulli,drop_0.25,34,1156,6,10,acbba_g34_d220_bernoulli_drop_0_25,reruns\grid_density\scenarios\cv\known_visit_grid34_targets10_trials50.csv,6,20,18,64.58881191856031,64.58881191856031,01,01,1,0,True,completed
6,known_visit,ACBBA,bernoulli,drop_0.25,34,1156,6,10,acbba_g34_d220_bernoulli_drop_0_25,reruns\grid_density\scenarios\cv\known_visit_grid34_targets10_trials50.csv,7,16,2,29.116632763011076,29.116632763011076,00,00,1,0,True,completed
6,known_visit,ACBBA,bernoulli,drop_0.25,34,1156,6,10,acbba_g34_d220_bernoulli_drop_0_25,reruns\grid_density\scenarios\cv\known_visit_grid34_targets10_trials50.csv,8,23,22,45.48028948749582,45.48028948749582,04,04,1,0,True,completed
6,known_visit,ACBBA,bernoulli,drop_0.25,34,1156,6,10,acbba_g34_d220_bernoulli_drop_0_25,reruns\grid_density\scenarios\cv\known_visit_grid34_targets10_trials50.csv,9,33,20,66.49656565425157,66.49656565425157,04,04,1,0,True,completed
6,known_visit,ACBBA,bernoulli,drop_0.25,34,1156,6,10,acbba_g34_d220_bernoulli_drop_0_25,reruns\grid_density\scenarios\cv\known_visit_grid34_targets10_trials50.csv,10,23,9,51.873157982540064,51.873157982540064,02,02,1,0,True,completed
7,known_visit,ACBBA,bernoulli,drop_0.25,34,1156,6,10,acbba_g34_d220_bernoulli_drop_0_25,reruns\grid_density\scenarios\cv\known_visit_grid34_targets10_trials50.csv,1,11,6,19.42718926784495,19.42718926784495,01,01,2,1,True,completed
7,known_visit,ACBBA,bernoulli,drop_0.25,34,1156,6,10,acbba_g34_d220_bernoulli_drop_0_25,reruns\grid_density\scenarios\cv\known_visit_grid34_targets10_trials50.csv,2,22,28,39.656374894056874,39.656374894056874,04,04,1,0,True,completed
7,known_visit,ACBBA,bernoulli,drop_0.25,34,1156,6,10,acbba_g34_d220_bernoulli_drop_0_25,reruns\grid_density\scenarios\cv\known_visit_grid34_targets10_trials50.csv,3,9,12,15.607626553606876,15.607626553606876,02,02,2,1,True,completed
7,known_visit,ACBBA,bernoulli,drop_0.25,34,1156,6,10,acbba_g34_d220_bernoulli_drop_0_25,reruns\grid_density\scenarios\cv\known_visit_grid34_targets10_trials50.csv,4,33,20,72.64210097814265,72.64210097814265,04,04,1,0,True,completed
7,known_visit,ACBBA,bernoulli,drop_0.25,34,1156,6,10,acbba_g34_d220_bernoulli_drop_0_25,reruns\grid_density\scenarios\cv\known_visit_grid34_targets10_trials50.csv,5,16,10,64.9031756665291,64.9031756665291,05,05,1,0,True,completed
7,known_visit,ACBBA,bernoulli,drop_0.25,34,1156,6,10,acbba_g34_d220_bernoulli_drop_0_25,reruns\grid_density\scenarios\cv\known_visit_grid34_targets10_trials50.csv,6,15,3,31.801677240336982,31.801677240336982,01,01,2,1,True,completed
7,known_visit,ACBBA,bernoulli,drop_0.25,34,1156,6,10,acbba_g34_d220_bernoulli_drop_0_25,reruns\grid_density\scenarios\cv\known_visit_grid34_targets10_trials50.csv,7,24,5,51.058050908783464,51.058050908783464,01,01,1,0,True,completed
7,known_visit,ACBBA,bernoulli,drop_0.25,34,1156,6,10,acbba_g34_d220_bernoulli_drop_0_25,reruns\grid_density\scenarios\cv\known_visit_grid34_targets10_trials50.csv,8,9,8,22.300280887389075,22.300280887389075,02,02,1,0,True,completed
7,known_visit,ACBBA,bernoulli,drop_0.25,34,1156,6,10,acbba_g34_d220_bernoulli_drop_0_25,reruns\grid_density\scenarios\cv\known_visit_grid34_targets10_trials50.csv,9,18,10,68.64728417131215,68.64728417131215,05,05,1,0,True,completed
7,known_visit,ACBBA,bernoulli,drop_0.25,34,1156,6,10,acbba_g34_d220_bernoulli_drop_0_25,reruns\grid_density\scenarios\cv\known_visit_grid34_targets10_trials50.csv,10,4,26,5.399769179102227,5.399769179102227,04,04,2,1,True,completed
8,known_visit,ACBBA,bernoulli,drop_0.25,34,1156,6,10,acbba_g34_d220_bernoulli_drop_0_25,reruns\grid_density\scenarios\cv\known_visit_grid34_targets10_trials50.csv,1,10,22,19.641157707196328,19.641157707196328,03,03,1,0,True,completed
8,known_visit,ACBBA,bernoulli,drop_0.25,34,1156,6,10,acbba_g34_d220_bernoulli_drop_0_25,reruns\grid_density\scenarios\cv\known_visit_grid34_targets10_trials50.csv,2,29,12,64.17795861594456,64.17795861594456,02,02,1,0,True,completed
8,known_visit,ACBBA,bernoulli,drop_0.25,34,1156,6,10,acbba_g34_d220_bernoulli_drop_0_25,reruns\grid_density\scenarios\cv\known_visit_grid34_targets10_trials50.csv,3,29,17,55.4410644952392,55.4410644952392,02,02,1,0,True,completed
8,known_visit,ACBBA,bernoulli,drop_0.25,34,1156,6,10,acbba_g34_d220_bernoulli_drop_0_25,reruns\grid_density\scenarios\cv\known_visit_grid34_targets10_trials50.csv,4,17,15,31.22349905346961,31.22349905346961,02,02,1,0,True,completed
8,known_visit,ACBBA,bernoulli,drop_0.25,34,1156,6,10,acbba_g34_d220_bernoulli_drop_0_25,reruns\grid_density\scenarios\cv\known_visit_grid34_targets10_trials50.csv,5,11,32,19.08567561399655,19.08567561399655,05,05,2,1,True,completed
8,known_visit,ACBBA,bernoulli,drop_0.25,34,1156,6,10,acbba_g34_d220_bernoulli_drop_0_25,reruns\grid_density\scenarios\cv\known_visit_grid34_targets10_trials50.csv,6,24,29,46.96247359942681,46.96247359942681,05,05,1,0,True,completed
8,known_visit,ACBBA,bernoulli,drop_0.25,34,1156,6,10,acbba_g34_d220_bernoulli_drop_0_25,reruns\grid_density\scenarios\cv\known_visit_grid34_targets10_trials50.csv,7,25,3,46.131073046195304,46.131073046195304,00,00,1,0,True,completed
8,known_visit,ACBBA,bernoulli,drop_0.25,34,1156,6,10,acbba_g34_d220_bernoulli_drop_0_25,reruns\grid_density\scenarios\cv\known_visit_grid34_targets10_trials50.csv,8,5,8,9.190697696624266,9.190697696624266,01,01,2,1,True,completed
8,known_visit,ACBBA,bernoulli,drop_0.25,34,1156,6,10,acbba_g34_d220_bernoulli_drop_0_25,reruns\grid_density\scenarios\cv\known_visit_grid34_targets10_trials50.csv,9,6,23,14.022951598332241,14.022951598332241,04,04,2,1,True,completed
8,known_visit,ACBBA,bernoulli,drop_0.25,34,1156,6,10,acbba_g34_d220_bernoulli_drop_0_25,reruns\grid_density\scenarios\cv\known_visit_grid34_targets10_trials50.csv,10,18,30,34.53311532720743,34.53311532720743,05,05,2,1,True,completed
9,known_visit,ACBBA,bernoulli,drop_0.25,34,1156,6,10,acbba_g34_d220_bernoulli_drop_0_25,reruns\grid_density\scenarios\cv\known_visit_grid34_targets10_trials50.csv,1,18,24,33.46240398960365,33.46240398960365,04,04,1,0,True,completed
9,known_visit,ACBBA,bernoulli,drop_0.25,34,1156,6,10,acbba_g34_d220_bernoulli_drop_0_25,reruns\grid_density\scenarios\cv\known_visit_grid34_targets10_trials50.csv,2,6,0,8.554984654479771,8.554984654479771,00,00,2,1,True,completed
9,known_visit,ACBBA,bernoulli,drop_0.25,34,1156,6,10,acbba_g34_d220_bernoulli_drop_0_25,reruns\grid_density\scenarios\cv\known_visit_grid34_targets10_trials50.csv,3,2,8,10.491770978935293,10.491770978935293,02,02,1,0,True,completed
9,known_visit,ACBBA,bernoulli,drop_0.25,34,1156,6,10,acbba_g34_d220_bernoulli_drop_0_25,reruns\grid_density\scenarios\cv\known_visit_grid34_targets10_trials50.csv,4,22,15,44.05626539120533,44.05626539120533,03,03,1,0,True,completed
9,known_visit,ACBBA,bernoulli,drop_0.25,34,1156,6,10,acbba_g34_d220_bernoulli_drop_0_25,reruns\grid_density\scenarios\cv\known_visit_grid34_targets10_trials50.csv,5,23,3,58.34587540929392,58.34587540929392,00,00,1,0,True,completed
9,known_visit,ACBBA,bernoulli,drop_0.25,34,1156,6,10,acbba_g34_d220_bernoulli_drop_0_25,reruns\grid_density\scenarios\cv\known_visit_grid34_targets10_trials50.csv,6,22,26,52.49999792596777,52.49999792596777,04,04,1,0,True,completed
9,known_visit,ACBBA,bernoulli,drop_0.25,34,1156,6,10,acbba_g34_d220_bernoulli_drop_0_25,reruns\grid_density\scenarios\cv\known_visit_grid34_targets10_trials50.csv,7,14,7,22.41373687743245,22.41373687743245,01,01,1,0,True,completed
9,known_visit,ACBBA,bernoulli,drop_0.25,34,1156,6,10,acbba_g34_d220_bernoulli_drop_0_25,reruns\grid_density\scenarios\cv\known_visit_grid34_targets10_trials50.csv,8,29,27,58.18447877830297,58.18447877830297,05,05,1,0,True,completed
9,known_visit,ACBBA,bernoulli,drop_0.25,34,1156,6,10,acbba_g34_d220_bernoulli_drop_0_25,reruns\grid_density\scenarios\cv\known_visit_grid34_targets10_trials50.csv,9,31,19,75.53362010809525,75.53362010809525,05,05,1,0,True,completed
9,known_visit,ACBBA,bernoulli,drop_0.25,34,1156,6,10,acbba_g34_d220_bernoulli_drop_0_25,reruns\grid_density\scenarios\cv\known_visit_grid34_targets10_trials50.csv,10,17,25,29.83581980739777,29.83581980739777,04,04,2,1,True,completed
10,known_visit,ACBBA,bernoulli,drop_0.25,34,1156,6,10,acbba_g34_d220_bernoulli_drop_0_25,reruns\grid_density\scenarios\cv\known_visit_grid34_targets10_trials50.csv,1,20,19,34.733102387520894,34.733102387520894,03,03,1,0,True,completed
10,known_visit,ACBBA,bernoulli,drop_0.25,34,1156,6,10,acbba_g34_d220_bernoulli_drop_0_25,reruns\grid_density\scenarios\cv\known_visit_grid34_targets10_trials50.csv,2,15,13,24.09057632089211,24.09057632089211,02,02,2,1,True,completed
10,known_visit,ACBBA,bernoulli,drop_0.25,34,1156,6,10,acbba_g34_d220_bernoulli_drop_0_25,reruns\grid_density\scenarios\cv\known_visit_grid34_targets10_trials50.csv,3,2,29,7.293806084951587,7.293806084951587,04,04,1,0,True,completed
10,known_visit,ACBBA,bernoulli,drop_0.25,34,1156,6,10,acbba_g34_d220_bernoulli_drop_0_25,reruns\grid_density\scenarios\cv\known_visit_grid34_targets10_trials50.csv,4,13,8,22.24007209402963,22.24007209402963,01,01,1,0,True,completed
10,known_visit,ACBBA,bernoulli,drop_0.25,34,1156,6,10,acbba_g34_d220_bernoulli_drop_0_25,reruns\grid_density\scenarios\cv\known_visit_grid34_targets10_trials50.csv,5,25,22,49.234060758280854,49.234060758280854,03,03,1,0,True,completed
10,known_visit,ACBBA,bernoulli,drop_0.25,34,1156,6,10,acbba_g34_d220_bernoulli_drop_0_25,reruns\grid_density\scenarios\cv\known_visit_grid34_targets10_trials50.csv,6,16,8,27.74867292872572,27.74867292872572,01,01,2,1,True,completed
10,known_visit,ACBBA,bernoulli,drop_0.25,34,1156,6,10,acbba_g34_d220_bernoulli_drop_0_25,reruns\grid_density\scenarios\cv\known_visit_grid34_targets10_trials50.csv,7,33,10,60.448433655556244,60.448433655556244,01,01,1,0,True,completed
10,known_visit,ACBBA,bernoulli,drop_0.25,34,1156,6,10,acbba_g34_d220_bernoulli_drop_0_25,reruns\grid_density\scenarios\cv\known_visit_grid34_targets10_trials50.csv,8,18,14,31.125132299830305,31.125132299830305,02,02,1,0,True,completed
10,known_visit,ACBBA,bernoulli,drop_0.25,34,1156,6,10,acbba_g34_d220_bernoulli_drop_0_25,reruns\grid_density\scenarios\cv\known_visit_grid34_targets10_trials50.csv,9,21,31,41.74942104590605,41.74942104590605,05,05,1,0,True,completed
10,known_visit,ACBBA,bernoulli,drop_0.25,34,1156,6,10,acbba_g34_d220_bernoulli_drop_0_25,reruns\grid_density\scenarios\cv\known_visit_grid34_targets10_trials50.csv,10,22,25,59.844850164832366,59.844850164832366,03,03,1,0,True,completed
11,known_visit,ACBBA,bernoulli,drop_0.25,34,1156,6,10,acbba_g34_d220_bernoulli_drop_0_25,reruns\grid_density\scenarios\cv\known_visit_grid34_targets10_trials50.csv,1,8,17,19.159016464833947,19.159016464833947,02,02,2,1,True,completed
11,known_visit,ACBBA,bernoulli,drop_0.25,34,1156,6,10,acbba_g34_d220_bernoulli_drop_0_25,reruns\grid_density\scenarios\cv\known_visit_grid34_targets10_trials50.csv,2,25,27,51.66660458985422,51.66660458985422,05,05,1,0,True,completed
11,known_visit,ACBBA,bernoulli,drop_0.25,34,1156,6,10,acbba_g34_d220_bernoulli_drop_0_25,reruns\grid_density\scenarios\cv\known_visit_grid34_targets10_trials50.csv,3,1,25,2.2344559762395475,2.2344559762395475,04,04,1,0,True,completed
11,known_visit,ACBBA,bernoulli,drop_0.25,34,1156,6,10,acbba_g34_d220_bernoulli_drop_0_25,reruns\grid_density\scenarios\cv\known_visit_grid34_targets10_trials50.csv,4,17,1,29.44155545342613,29.44155545342613,00,00,1,0,True,completed
11,known_visit,ACBBA,bernoulli,drop_0.25,34,1156,6,10,acbba_g34_d220_bernoulli_drop_0_25,reruns\grid_density\scenarios\cv\known_visit_grid34_targets10_trials50.csv,5,15,15,41.57430258429766,41.57430258429766,01,01,1,0,True,completed
11,known_visit,ACBBA,bernoulli,drop_0.25,34,1156,6,10,acbba_g34_d220_bernoulli_drop_0_25,reruns\grid_density\scenarios\cv\known_visit_grid34_targets10_trials50.csv,6,3,19,5.571519377269002,5.571519377269002,03,03,2,1,True,completed
11,known_visit,ACBBA,bernoulli,drop_0.25,34,1156,6,10,acbba_g34_d220_bernoulli_drop_0_25,reruns\grid_density\scenarios\cv\known_visit_grid34_targets10_trials50.csv,7,24,17,68.63597504592475,68.63597504592475,00,00,1,0,True,completed
11,known_visit,ACBBA,bernoulli,drop_0.25,34,1156,6,10,acbba_g34_d220_bernoulli_drop_0_25,reruns\grid_density\scenarios\cv\known_visit_grid34_targets10_trials50.csv,8,16,12,34.50259660668938,34.50259660668938,01,01,1,0,True,completed
11,known_visit,ACBBA,bernoulli,drop_0.25,34,1156,6,10,acbba_g34_d220_bernoulli_drop_0_25,reruns\grid_density\scenarios\cv\known_visit_grid34_targets10_trials50.csv,9,29,24,64.07287577532358,64.07287577532358,05,05,1,0,True,completed
11,known_visit,ACBBA,bernoulli,drop_0.25,34,1156,6,10,acbba_g34_d220_bernoulli_drop_0_25,reruns\grid_density\scenarios\cv\known_visit_grid34_targets10_trials50.csv,10,1,26,0.18763906568632416,0.18763906568632416,04,04,2,1,True,completed
12,known_visit,ACBBA,bernoulli,drop_0.25,34,1156,6,10,acbba_g34_d220_bernoulli_drop_0_25,reruns\grid_density\scenarios\cv\known_visit_grid34_targets10_trials50.csv,1,14,20,29.990164276634253,29.990164276634253,03,03,1,0,True,completed
12,known_visit,ACBBA,bernoulli,drop_0.25,34,1156,6,10,acbba_g34_d220_bernoulli_drop_0_25,reruns\grid_density\scenarios\cv\known_visit_grid34_targets10_trials50.csv,2,19,27,33.258316457852295,33.258316457852295,04,04,2,1,True,completed
12,known_visit,ACBBA,bernoulli,drop_0.25,34,1156,6,10,acbba_g34_d220_bernoulli_drop_0_25,reruns\grid_density\scenarios\cv\known_visit_grid34_targets10_trials50.csv,3,26,11,46.64621673294662,46.64621673294662,02,02,1,0,True,completed
12,known_visit,ACBBA,bernoulli,drop_0.25,34,1156,6,10,acbba_g34_d220_bernoulli_drop_0_25,reruns\grid_density\scenarios\cv\known_visit_grid34_targets10_trials50.csv,4,31,30,59.16945757536004,59.16945757536004,04,04,1,0,True,completed
12,known_visit,ACBBA,bernoulli,drop_0.25,34,1156,6,10,acbba_g34_d220_bernoulli_drop_0_25,reruns\grid_density\scenarios\cv\known_visit_grid34_targets10_trials50.csv,5,14,13,22.120815689383274,22.120815689383274,02,02,2,1,True,completed
12,known_visit,ACBBA,bernoulli,drop_0.25,34,1156,6,10,acbba_g34_d220_bernoulli_drop_0_25,reruns\grid_density\scenarios\cv\known_visit_grid34_targets10_trials50.csv,6,20,1,34.7238665262661,34.7238665262661,00,00,1,0,True,completed
12,known_visit,ACBBA,bernoulli,drop_0.25,34,1156,6,10,acbba_g34_d220_bernoulli_drop_0_25,reruns\grid_density\scenarios\cv\known_visit_grid34_targets10_trials50.csv,7,19,12,32.54451929839351,32.54451929839351,02,02,2,1,True,completed
12,known_visit,ACBBA,bernoulli,drop_0.25,34,1156,6,10,acbba_g34_d220_bernoulli_drop_0_25,reruns\grid_density\scenarios\cv\known_visit_grid34_targets10_trials50.csv,8,15,5,27.700194572407216,27.700194572407216,01,01,1,0,True,completed
12,known_visit,ACBBA,bernoulli,drop_0.25,34,1156,6,10,acbba_g34_d220_bernoulli_drop_0_25,reruns\grid_density\scenarios\cv\known_visit_grid34_targets10_trials50.csv,9,9,27,15.83369747329014,15.83369747329014,04,04,2,1,True,completed
12,known_visit,ACBBA,bernoulli,drop_0.25,34,1156,6,10,acbba_g34_d220_bernoulli_drop_0_25,reruns\grid_density\scenarios\cv\known_visit_grid34_targets10_trials50.csv,10,20,0,32.801794714875186,32.801794714875186,00,00,1,0,True,completed
13,known_visit,ACBBA,bernoulli,drop_0.25,34,1156,6,10,acbba_g34_d220_bernoulli_drop_0_25,reruns\grid_density\scenarios\cv\known_visit_grid34_targets10_trials50.csv,1,23,7,45.815228050271536,45.815228050271536,01,01,1,0,True,completed
13,known_visit,ACBBA,bernoulli,drop_0.25,34,1156,6,10,acbba_g34_d220_bernoulli_drop_0_25,reruns\grid_density\scenarios\cv\known_visit_grid34_targets10_trials50.csv,2,10,3,36.8604467963465,36.8604467963465,02,02,1,0,True,completed
13,known_visit,ACBBA,bernoulli,drop_0.25,34,1156,6,10,acbba_g34_d220_bernoulli_drop_0_25,reruns\grid_density\scenarios\cv\known_visit_grid34_targets10_trials50.csv,3,25,1,42.98466045830618,42.98466045830618,00,00,1,0,True,completed
13,known_visit,ACBBA,bernoulli,drop_0.25,34,1156,6,10,acbba_g34_d220_bernoulli_drop_0_25,reruns\grid_density\scenarios\cv\known_visit_grid34_targets10_trials50.csv,4,19,9,34.87968262829069,34.87968262829069,01,01,1,0,True,completed
13,known_visit,ACBBA,bernoulli,drop_0.25,34,1156,6,10,acbba_g34_d220_bernoulli_drop_0_25,reruns\grid_density\scenarios\cv\known_visit_grid34_targets10_trials50.csv,5,30,19,60.042146170108154,60.042146170108154,03,03,1,0,True,completed
13,known_visit,ACBBA,bernoulli,drop_0.25,34,1156,6,10,acbba_g34_d220_bernoulli_drop_0_25,reruns\grid_density\scenarios\cv\known_visit_grid34_targets10_trials50.csv,6,5,13,7.102130757003456,7.102130757003456,02,02,1,0,True,completed
13,known_visit,ACBBA,bernoulli,drop_0.25,34,1156,6,10,acbba_g34_d220_bernoulli_drop_0_25,reruns\grid_density\scenarios\cv\known_visit_grid34_targets10_trials50.csv,7,33,25,56.27051023661458,56.27051023661458,04,04,1,0,True,completed
13,known_visit,ACBBA,bernoulli,drop_0.25,34,1156,6,10,acbba_g34_d220_bernoulli_drop_0_25,reruns\grid_density\scenarios\cv\known_visit_grid34_targets10_trials50.csv,8,27,18,52.93340190785031,52.93340190785031,03,03,1,0,True,completed
13,known_visit,ACBBA,bernoulli,drop_0.25,34,1156,6,10,acbba_g34_d220_bernoulli_drop_0_25,reruns\grid_density\scenarios\cv\known_visit_grid34_targets10_trials50.csv,9,14,17,28.331645255079774,28.331645255079774,03,03,1,0,True,completed
13,known_visit,ACBBA,bernoulli,drop_0.25,34,1156,6,10,acbba_g34_d220_bernoulli_drop_0_25,reruns\grid_density\scenarios\cv\known_visit_grid34_targets10_trials50.csv,10,22,31,39.62608438281755,39.62608438281755,05,05,1,0,True,completed
14,known_visit,ACBBA,bernoulli,drop_0.25,34,1156,6,10,acbba_g34_d220_bernoulli_drop_0_25,reruns\grid_density\scenarios\cv\known_visit_grid34_targets10_trials50.csv,1,26,21,51.52459864865073,51.52459864865073,04,04,1,0,True,completed
14,known_visit,ACBBA,bernoulli,drop_0.25,34,1156,6,10,acbba_g34_d220_bernoulli_drop_0_25,reruns\grid_density\scenarios\cv\known_visit_grid34_targets10_trials50.csv,2,19,17,36.42573138047076,36.42573138047076,03,03,1,0,True,completed
14,known_visit,ACBBA,bernoulli,drop_0.25,34,1156,6,10,acbba_g34_d220_bernoulli_drop_0_25,reruns\grid_density\scenarios\cv\known_visit_grid34_targets10_trials50.csv,3,30,30,55.0615057364355,55.0615057364355,05,05,1,0,True,completed
14,known_visit,ACBBA,bernoulli,drop_0.25,34,1156,6,10,acbba_g34_d220_bernoulli_drop_0_25,reruns\grid_density\scenarios\cv\known_visit_grid34_targets10_trials50.csv,4,23,1,39.56749333796369,39.56749333796369,00,00,1,0,True,completed
14,known_visit,ACBBA,bernoulli,drop_0.25,34,1156,6,10,acbba_g34_d220_bernoulli_drop_0_25,reruns\grid_density\scenarios\cv\known_visit_grid34_targets10_trials50.csv,5,28,33,46.360309834869945,46.360309834869945,05,05,2,1,True,completed
14,known_visit,ACBBA,bernoulli,drop_0.25,34,1156,6,10,acbba_g34_d220_bernoulli_drop_0_25,reruns\grid_density\scenarios\cv\known_visit_grid34_targets10_trials50.csv,6,8,20,12.162164189415813,12.162164189415813,03,03,1,0,True,completed
14,known_visit,ACBBA,bernoulli,drop_0.25,34,1156,6,10,acbba_g34_d220_bernoulli_drop_0_25,reruns\grid_density\scenarios\cv\known_visit_grid34_targets10_trials50.csv,7,30,13,86.49691746442161,86.49691746442161,02,02,1,0,True,completed
14,known_visit,ACBBA,bernoulli,drop_0.25,34,1156,6,10,acbba_g34_d220_bernoulli_drop_0_25,reruns\grid_density\scenarios\cv\known_visit_grid34_targets10_trials50.csv,8,19,15,45.297485527950606,45.297485527950606,01,01,2,1,True,completed
14,known_visit,ACBBA,bernoulli,drop_0.25,34,1156,6,10,acbba_g34_d220_bernoulli_drop_0_25,reruns\grid_density\scenarios\cv\known_visit_grid34_targets10_trials50.csv,9,2,18,10.67059086833898,10.67059086833898,02,02,2,1,True,completed
14,known_visit,ACBBA,bernoulli,drop_0.25,34,1156,6,10,acbba_g34_d220_bernoulli_drop_0_25,reruns\grid_density\scenarios\cv\known_visit_grid34_targets10_trials50.csv,10,33,8,68.40318063077741,68.40318063077741,00,00,1,0,True,completed
15,known_visit,ACBBA,bernoulli,drop_0.25,34,1156,6,10,acbba_g34_d220_bernoulli_drop_0_25,reruns\grid_density\scenarios\cv\known_visit_grid34_targets10_trials50.csv,1,32,18,100.40832388123616,100.40832388123616,00,00,1,0,True,completed
15,known_visit,ACBBA,bernoulli,drop_0.25,34,1156,6,10,acbba_g34_d220_bernoulli_drop_0_25,reruns\grid_density\scenarios\cv\known_visit_grid34_targets10_trials50.csv,2,21,0,34.3339895015462,34.3339895015462,00,00,2,1,True,completed
15,known_visit,ACBBA,bernoulli,drop_0.25,34,1156,6,10,acbba_g34_d220_bernoulli_drop_0_25,reruns\grid_density\scenarios\cv\known_visit_grid34_targets10_trials50.csv,3,3,27,5.600117901958071,5.600117901958071,04,04,2,1,True,completed
15,known_visit,ACBBA,bernoulli,drop_0.25,34,1156,6,10,acbba_g34_d220_bernoulli_drop_0_25,reruns\grid_density\scenarios\cv\known_visit_grid34_targets10_trials50.csv,4,7,8,19.279140367790475,19.279140367790475,02,02,2,1,True,completed
15,known_visit,ACBBA,bernoulli,drop_0.25,34,1156,6,10,acbba_g34_d220_bernoulli_drop_0_25,reruns\grid_density\scenarios\cv\known_visit_grid34_targets10_trials50.csv,5,33,29,71.33871385119824,71.33871385119824,03,03,1,0,True,completed
15,known_visit,ACBBA,bernoulli,drop_0.25,34,1156,6,10,acbba_g34_d220_bernoulli_drop_0_25,reruns\grid_density\scenarios\cv\known_visit_grid34_targets10_trials50.csv,6,20,7,67.95775400610387,67.95775400610387,01,01,1,0,True,completed
15,known_visit,ACBBA,bernoulli,drop_0.25,34,1156,6,10,acbba_g34_d220_bernoulli_drop_0_25,reruns\grid_density\scenarios\cv\known_visit_grid34_targets10_trials50.csv,7,6,0,8.596429401643455,8.596429401643455,00,00,1,0,True,completed
15,known_visit,ACBBA,bernoulli,drop_0.25,34,1156,6,10,acbba_g34_d220_bernoulli_drop_0_25,reruns\grid_density\scenarios\cv\known_visit_grid34_targets10_trials50.csv,8,20,31,46.024416443365816,46.024416443365816,04,04,1,0,True,completed
15,known_visit,ACBBA,bernoulli,drop_0.25,34,1156,6,10,acbba_g34_d220_bernoulli_drop_0_25,reruns\grid_density\scenarios\cv\known_visit_grid34_targets10_trials50.csv,9,24,30,54.91744569109534,54.91744569109534,04,04,1,0,True,completed
15,known_visit,ACBBA,bernoulli,drop_0.25,34,1156,6,10,acbba_g34_d220_bernoulli_drop_0_25,reruns\grid_density\scenarios\cv\known_visit_grid34_targets10_trials50.csv,10,16,32,36.69563283480345,36.69563283480345,04,04,2,1,True,completed
16,known_visit,ACBBA,bernoulli,drop_0.25,34,1156,6,10,acbba_g34_d220_bernoulli_drop_0_25,reruns\grid_density\scenarios\cv\known_visit_grid34_targets10_trials50.csv,1,16,14,48.58935545571769,48.58935545571769,04,04,1,0,True,completed
16,known_visit,ACBBA,bernoulli,drop_0.25,34,1156,6,10,acbba_g34_d220_bernoulli_drop_0_25,reruns\grid_density\scenarios\cv\known_visit_grid34_targets10_trials50.csv,2,9,22,21.467076395791217,21.467076395791217,04,04,1,0,True,completed
16,known_visit,ACBBA,bernoulli,drop_0.25,34,1156,6,10,acbba_g34_d220_bernoulli_drop_0_25,reruns\grid_density\scenarios\cv\known_visit_grid34_targets10_trials50.csv,3,26,13,42.81308772039713,42.81308772039713,02,02,2,1,True,completed
16,known_visit,ACBBA,bernoulli,drop_0.25,34,1156,6,10,acbba_g34_d220_bernoulli_drop_0_25,reruns\grid_density\scenarios\cv\known_visit_grid34_targets10_trials50.csv,4,4,24,9.0234058589319,9.0234058589319,04,04,1,0,True,completed
16,known_visit,ACBBA,bernoulli,drop_0.25,34,1156,6,10,acbba_g34_d220_bernoulli_drop_0_25,reruns\grid_density\scenarios\cv\known_visit_grid34_targets10_trials50.csv,5,11,9,36.57395388668777,36.57395388668777,00,00,1,0,True,completed
16,known_visit,ACBBA,bernoulli,drop_0.25,34,1156,6,10,acbba_g34_d220_bernoulli_drop_0_25,reruns\grid_density\scenarios\cv\known_visit_grid34_targets10_trials50.csv,6,20,7,32.12631607937203,32.12631607937203,01,01,2,1,True,completed
16,known_visit,ACBBA,bernoulli,drop_0.25,34,1156,6,10,acbba_g34_d220_bernoulli_drop_0_25,reruns\grid_density\scenarios\cv\known_visit_grid34_targets10_trials50.csv,7,27,16,49.9569080442361,49.9569080442361,02,02,2,1,True,completed
16,known_visit,ACBBA,bernoulli,drop_0.25,34,1156,6,10,acbba_g34_d220_bernoulli_drop_0_25,reruns\grid_density\scenarios\cv\known_visit_grid34_targets10_trials50.csv,8,21,13,34.218320914223206,34.218320914223206,02,02,2,1,True,completed
16,known_visit,ACBBA,bernoulli,drop_0.25,34,1156,6,10,acbba_g34_d220_bernoulli_drop_0_25,reruns\grid_density\scenarios\cv\known_visit_grid34_targets10_trials50.csv,9,22,30,41.78795242477232,41.78795242477232,05,05,1,0,True,completed
16,known_visit,ACBBA,bernoulli,drop_0.25,34,1156,6,10,acbba_g34_d220_bernoulli_drop_0_25,reruns\grid_density\scenarios\cv\known_visit_grid34_targets10_trials50.csv,10,32,17,60.81435302689564,60.81435302689564,02,02,1,0,True,completed
17,known_visit,ACBBA,bernoulli,drop_0.25,34,1156,6,10,acbba_g34_d220_bernoulli_drop_0_25,reruns\grid_density\scenarios\cv\known_visit_grid34_targets10_trials50.csv,1,20,0,43.85198593316822,43.85198593316822,00,00,1,0,True,completed
17,known_visit,ACBBA,bernoulli,drop_0.25,34,1156,6,10,acbba_g34_d220_bernoulli_drop_0_25,reruns\grid_density\scenarios\cv\known_visit_grid34_targets10_trials50.csv,2,19,24,53.718428618922346,53.718428618922346,05,05,1,0,True,completed
17,known_visit,ACBBA,bernoulli,drop_0.25,34,1156,6,10,acbba_g34_d220_bernoulli_drop_0_25,reruns\grid_density\scenarios\cv\known_visit_grid34_targets10_trials50.csv,3,12,18,22.471166934701095,22.471166934701095,03,03,1,0,True,completed
17,known_visit,ACBBA,bernoulli,drop_0.25,34,1156,6,10,acbba_g34_d220_bernoulli_drop_0_25,reruns\grid_density\scenarios\cv\known_visit_grid34_targets10_trials50.csv,4,21,27,44.79754639437043,44.79754639437043,05,05,1,0,True,completed
17,known_visit,ACBBA,bernoulli,drop_0.25,34,1156,6,10,acbba_g34_d220_bernoulli_drop_0_25,reruns\grid_density\scenarios\cv\known_visit_grid34_targets10_trials50.csv,5,17,8,29.08318971526802,29.08318971526802,01,01,1,0,True,completed
17,known_visit,ACBBA,bernoulli,drop_0.25,34,1156,6,10,acbba_g34_d220_bernoulli_drop_0_25,reruns\grid_density\scenarios\cv\known_visit_grid34_targets10_trials50.csv,6,5,23,23.90010411133103,23.90010411133103,02,02,2,1,True,completed
17,known_visit,ACBBA,bernoulli,drop_0.25,34,1156,6,10,acbba_g34_d220_bernoulli_drop_0_25,reruns\grid_density\scenarios\cv\known_visit_grid34_targets10_trials50.csv,7,14,25,24.404417365631303,24.404417365631303,04,04,2,1,True,completed
17,known_visit,ACBBA,bernoulli,drop_0.25,34,1156,6,10,acbba_g34_d220_bernoulli_drop_0_25,reruns\grid_density\scenarios\cv\known_visit_grid34_targets10_trials50.csv,8,33,9,58.287927847168845,58.287927847168845,01,01,1,0,True,completed
17,known_visit,ACBBA,bernoulli,drop_0.25,34,1156,6,10,acbba_g34_d220_bernoulli_drop_0_25,reruns\grid_density\scenarios\cv\known_visit_grid34_targets10_trials50.csv,9,29,21,56.651268822200166,56.651268822200166,03,03,1,0,True,completed
17,known_visit,ACBBA,bernoulli,drop_0.25,34,1156,6,10,acbba_g34_d220_bernoulli_drop_0_25,reruns\grid_density\scenarios\cv\known_visit_grid34_targets10_trials50.csv,10,16,3,31.246359757780375,31.246359757780375,00,00,1,0,True,completed
18,known_visit,ACBBA,bernoulli,drop_0.25,34,1156,6,10,acbba_g34_d220_bernoulli_drop_0_25,reruns\grid_density\scenarios\cv\known_visit_grid34_targets10_trials50.csv,1,24,8,44.98465914380447,44.98465914380447,01,01,1,0,True,completed
18,known_visit,ACBBA,bernoulli,drop_0.25,34,1156,6,10,acbba_g34_d220_bernoulli_drop_0_25,reruns\grid_density\scenarios\cv\known_visit_grid34_targets10_trials50.csv,2,28,25,51.843741962849144,51.843741962849144,04,04,1,0,True,completed
18,known_visit,ACBBA,bernoulli,drop_0.25,34,1156,6,10,acbba_g34_d220_bernoulli_drop_0_25,reruns\grid_density\scenarios\cv\known_visit_grid34_targets10_trials50.csv,3,26,24,46.19953895620118,46.19953895620118,04,04,1,0,True,completed
18,known_visit,ACBBA,bernoulli,drop_0.25,34,1156,6,10,acbba_g34_d220_bernoulli_drop_0_25,reruns\grid_density\scenarios\cv\known_visit_grid34_targets10_trials50.csv,4,29,0,67.1253174672681,67.1253174672681,01,01,1,0,True,completed
18,known_visit,ACBBA,bernoulli,drop_0.25,34,1156,6,10,acbba_g34_d220_bernoulli_drop_0_25,reruns\grid_density\scenarios\cv\known_visit_grid34_targets10_trials50.csv,5,11,25,18.871222895123864,18.871222895123864,04,04,1,0,True,completed
18,known_visit,ACBBA,bernoulli,drop_0.25,34,1156,6,10,acbba_g34_d220_bernoulli_drop_0_25,reruns\grid_density\scenarios\cv\known_visit_grid34_targets10_trials50.csv,6,24,19,41.55239393015082,41.55239393015082,03,03,1,0,True,completed
18,known_visit,ACBBA,bernoulli,drop_0.25,34,1156,6,10,acbba_g34_d220_bernoulli_drop_0_25,reruns\grid_density\scenarios\cv\known_visit_grid34_targets10_trials50.csv,7,20,9,35.8492612235867,35.8492612235867,01,01,2,1,True,completed
18,known_visit,ACBBA,bernoulli,drop_0.25,34,1156,6,10,acbba_g34_d220_bernoulli_drop_0_25,reruns\grid_density\scenarios\cv\known_visit_grid34_targets10_trials50.csv,8,22,16,40.551807114167836,40.551807114167836,02,02,2,1,True,completed
18,known_visit,ACBBA,bernoulli,drop_0.25,34,1156,6,10,acbba_g34_d220_bernoulli_drop_0_25,reruns\grid_density\scenarios\cv\known_visit_grid34_targets10_trials50.csv,9,12,3,23.965535782923247,23.965535782923247,00,00,1,0,True,completed
18,known_visit,ACBBA,bernoulli,drop_0.25,34,1156,6,10,acbba_g34_d220_bernoulli_drop_0_25,reruns\grid_density\scenarios\cv\known_visit_grid34_targets10_trials50.csv,10,25,17,46.798968195698514,46.798968195698514,03,03,1,0,True,completed
19,known_visit,ACBBA,bernoulli,drop_0.25,34,1156,6,10,acbba_g34_d220_bernoulli_drop_0_25,reruns\grid_density\scenarios\cv\known_visit_grid34_targets10_trials50.csv,1,23,5,41.53942604720233,41.53942604720233,01,01,2,1,True,completed
19,known_visit,ACBBA,bernoulli,drop_0.25,34,1156,6,10,acbba_g34_d220_bernoulli_drop_0_25,reruns\grid_density\scenarios\cv\known_visit_grid34_targets10_trials50.csv,2,13,19,22.72205263017534,22.72205263017534,03,03,1,0,True,completed
19,known_visit,ACBBA,bernoulli,drop_0.25,34,1156,6,10,acbba_g34_d220_bernoulli_drop_0_25,reruns\grid_density\scenarios\cv\known_visit_grid34_targets10_trials50.csv,3,29,20,72.80215902976137,72.80215902976137,03,03,1,0,True,completed
19,known_visit,ACBBA,bernoulli,drop_0.25,34,1156,6,10,acbba_g34_d220_bernoulli_drop_0_25,reruns\grid_density\scenarios\cv\known_visit_grid34_targets10_trials50.csv,4,27,28,48.13227228902378,48.13227228902378,04,04,1,0,True,completed
19,known_visit,ACBBA,bernoulli,drop_0.25,34,1156,6,10,acbba_g34_d220_bernoulli_drop_0_25,reruns\grid_density\scenarios\cv\known_visit_grid34_targets10_trials50.csv,5,8,21,36.47431197431501,36.47431197431501,05,05,2,1,True,completed
19,known_visit,ACBBA,bernoulli,drop_0.25,34,1156,6,10,acbba_g34_d220_bernoulli_drop_0_25,reruns\grid_density\scenarios\cv\known_visit_grid34_targets10_trials50.csv,6,15,14,26.234589663943822,26.234589663943822,02,02,1,0,True,completed
19,known_visit,ACBBA,bernoulli,drop_0.25,34,1156,6,10,acbba_g34_d220_bernoulli_drop_0_25,reruns\grid_density\scenarios\cv\known_visit_grid34_targets10_trials50.csv,7,16,1,28.437468378809374,28.437468378809374,00,00,2,1,True,completed
19,known_visit,ACBBA,bernoulli,drop_0.25,34,1156,6,10,acbba_g34_d220_bernoulli_drop_0_25,reruns\grid_density\scenarios\cv\known_visit_grid34_targets10_trials50.csv,8,3,33,3.5215652976054894,3.5215652976054894,05,05,1,0,True,completed
19,known_visit,ACBBA,bernoulli,drop_0.25,34,1156,6,10,acbba_g34_d220_bernoulli_drop_0_25,reruns\grid_density\scenarios\cv\known_visit_grid34_targets10_trials50.csv,9,31,23,63.95931562841739,63.95931562841739,04,04,1,0,True,completed
19,known_visit,ACBBA,bernoulli,drop_0.25,34,1156,6,10,acbba_g34_d220_bernoulli_drop_0_25,reruns\grid_density\scenarios\cv\known_visit_grid34_targets10_trials50.csv,10,17,0,32.34319181564822,32.34319181564822,00,00,1,0,True,completed
20,known_visit,ACBBA,bernoulli,drop_0.25,34,1156,6,10,acbba_g34_d220_bernoulli_drop_0_25,reruns\grid_density\scenarios\cv\known_visit_grid34_targets10_trials50.csv,1,25,17,67.4108886946774,67.4108886946774,04,04,1,0,True,completed
20,known_visit,ACBBA,bernoulli,drop_0.25,34,1156,6,10,acbba_g34_d220_bernoulli_drop_0_25,reruns\grid_density\scenarios\cv\known_visit_grid34_targets10_trials50.csv,2,12,20,18.892982961704334,18.892982961704334,03,03,2,1,True,completed
20,known_visit,ACBBA,bernoulli,drop_0.25,34,1156,6,10,acbba_g34_d220_bernoulli_drop_0_25,reruns\grid_density\scenarios\cv\known_visit_grid34_targets10_trials50.csv,3,15,28,27.48926303293099,27.48926303293099,04,04,1,0,True,completed
20,known_visit,ACBBA,bernoulli,drop_0.25,34,1156,6,10,acbba_g34_d220_bernoulli_drop_0_25,reruns\grid_density\scenarios\cv\known_visit_grid34_targets10_trials50.csv,4,23,12,46.76489334528124,46.76489334528124,02,02,2,1,True,completed
20,known_visit,ACBBA,bernoulli,drop_0.25,34,1156,6,10,acbba_g34_d220_bernoulli_drop_0_25,reruns\grid_density\scenarios\cv\known_visit_grid34_targets10_trials50.csv,5,29,15,78.10398359928253,78.10398359928253,04,04,1,0,True,completed
20,known_visit,ACBBA,bernoulli,drop_0.25,34,1156,6,10,acbba_g34_d220_bernoulli_drop_0_25,reruns\grid_density\scenarios\cv\known_visit_grid34_targets10_trials50.csv,6,14,15,26.260967566028356,26.260967566028356,02,02,2,1,True,completed
20,known_visit,ACBBA,bernoulli,drop_0.25,34,1156,6,10,acbba_g34_d220_bernoulli_drop_0_25,reruns\grid_density\scenarios\cv\known_visit_grid34_targets10_trials50.csv,7,22,2,44.72437686567756,44.72437686567756,01,01,2,1,True,completed
20,known_visit,ACBBA,bernoulli,drop_0.25,34,1156,6,10,acbba_g34_d220_bernoulli_drop_0_25,reruns\grid_density\scenarios\cv\known_visit_grid34_targets10_trials50.csv,8,8,23,29.7740458996104,29.7740458996104,05,05,2,1,True,completed
20,known_visit,ACBBA,bernoulli,drop_0.25,34,1156,6,10,acbba_g34_d220_bernoulli_drop_0_25,reruns\grid_density\scenarios\cv\known_visit_grid34_targets10_trials50.csv,9,8,5,15.687973044470974,15.687973044470974,01,01,1,0,True,completed
20,known_visit,ACBBA,bernoulli,drop_0.25,34,1156,6,10,acbba_g34_d220_bernoulli_drop_0_25,reruns\grid_density\scenarios\cv\known_visit_grid34_targets10_trials50.csv,10,6,15,12.268268456394393,12.268268456394393,02,02,2,1,True,completed
21,known_visit,ACBBA,bernoulli,drop_0.25,34,1156,6,10,acbba_g34_d220_bernoulli_drop_0_25,reruns\grid_density\scenarios\cv\known_visit_grid34_targets10_trials50.csv,1,11,8,41.70983394268207,41.70983394268207,03,03,1,0,True,completed
21,known_visit,ACBBA,bernoulli,drop_0.25,34,1156,6,10,acbba_g34_d220_bernoulli_drop_0_25,reruns\grid_density\scenarios\cv\known_visit_grid34_targets10_trials50.csv,2,23,31,60.94822825143395,60.94822825143395,04,04,1,0,True,completed
21,known_visit,ACBBA,bernoulli,drop_0.25,34,1156,6,10,acbba_g34_d220_bernoulli_drop_0_25,reruns\grid_density\scenarios\cv\known_visit_grid34_targets10_trials50.csv,3,2,2,5.531343872065175,5.531343872065175,00,00,2,1,True,completed
21,known_visit,ACBBA,bernoulli,drop_0.25,34,1156,6,10,acbba_g34_d220_bernoulli_drop_0_25,reruns\grid_density\scenarios\cv\known_visit_grid34_targets10_trials50.csv,4,6,23,14.299565086759147,14.299565086759147,04,04,2,1,True,completed
21,known_visit,ACBBA,bernoulli,drop_0.25,34,1156,6,10,acbba_g34_d220_bernoulli_drop_0_25,reruns\grid_density\scenarios\cv\known_visit_grid34_targets10_trials50.csv,5,14,22,29.95178104568396,29.95178104568396,04,04,2,1,True,completed
21,known_visit,ACBBA,bernoulli,drop_0.25,34,1156,6,10,acbba_g34_d220_bernoulli_drop_0_25,reruns\grid_density\scenarios\cv\known_visit_grid34_targets10_trials50.csv,6,4,6,7.360968843405428,7.360968843405428,01,01,2,1,True,completed
21,known_visit,ACBBA,bernoulli,drop_0.25,34,1156,6,10,acbba_g34_d220_bernoulli_drop_0_25,reruns\grid_density\scenarios\cv\known_visit_grid34_targets10_trials50.csv,7,4,29,12.367753557136249,12.367753557136249,05,05,1,0,True,completed
21,known_visit,ACBBA,bernoulli,drop_0.25,34,1156,6,10,acbba_g34_d220_bernoulli_drop_0_25,reruns\grid_density\scenarios\cv\known_visit_grid34_targets10_trials50.csv,8,11,19,27.62372685595629,27.62372685595629,02,02,1,0,True,completed
21,known_visit,ACBBA,bernoulli,drop_0.25,34,1156,6,10,acbba_g34_d220_bernoulli_drop_0_25,reruns\grid_density\scenarios\cv\known_visit_grid34_targets10_trials50.csv,9,21,7,61.67210454622374,61.67210454622374,00,00,1,0,True,completed
21,known_visit,ACBBA,bernoulli,drop_0.25,34,1156,6,10,acbba_g34_d220_bernoulli_drop_0_25,reruns\grid_density\scenarios\cv\known_visit_grid34_targets10_trials50.csv,10,12,20,18.791124895765797,18.791124895765797,03,03,2,1,True,completed
22,known_visit,ACBBA,bernoulli,drop_0.25,34,1156,6,10,acbba_g34_d220_bernoulli_drop_0_25,reruns\grid_density\scenarios\cv\known_visit_grid34_targets10_trials50.csv,1,4,33,5.363883029479151,5.363883029479151,05,05,1,0,True,completed
22,known_visit,ACBBA,bernoulli,drop_0.25,34,1156,6,10,acbba_g34_d220_bernoulli_drop_0_25,reruns\grid_density\scenarios\cv\known_visit_grid34_targets10_trials50.csv,2,25,14,60.671691335204834,60.671691335204834,01,01,1,0,True,completed
22,known_visit,ACBBA,bernoulli,drop_0.25,34,1156,6,10,acbba_g34_d220_bernoulli_drop_0_25,reruns\grid_density\scenarios\cv\known_visit_grid34_targets10_trials50.csv,3,3,12,5.5100716214754,5.5100716214754,02,02,2,1,True,completed
22,known_visit,ACBBA,bernoulli,drop_0.25,34,1156,6,10,acbba_g34_d220_bernoulli_drop_0_25,reruns\grid_density\scenarios\cv\known_visit_grid34_targets10_trials50.csv,4,29,19,76.6873079216737,76.6873079216737,01,01,1,0,True,completed
22,known_visit,ACBBA,bernoulli,drop_0.25,34,1156,6,10,acbba_g34_d220_bernoulli_drop_0_25,reruns\grid_density\scenarios\cv\known_visit_grid34_targets10_trials50.csv,5,27,15,66.139803890055,66.139803890055,01,01,1,0,True,completed
22,known_visit,ACBBA,bernoulli,drop_0.25,34,1156,6,10,acbba_g34_d220_bernoulli_drop_0_25,reruns\grid_density\scenarios\cv\known_visit_grid34_targets10_trials50.csv,6,23,6,48.16647066569487,48.16647066569487,00,00,1,0,True,completed
22,known_visit,ACBBA,bernoulli,drop_0.25,34,1156,6,10,acbba_g34_d220_bernoulli_drop_0_25,reruns\grid_density\scenarios\cv\known_visit_grid34_targets10_trials50.csv,7,8,32,14.047657184451905,14.047657184451905,05,05,2,1,True,completed
22,known_visit,ACBBA,bernoulli,drop_0.25,34,1156,6,10,acbba_g34_d220_bernoulli_drop_0_25,reruns\grid_density\scenarios\cv\known_visit_grid34_targets10_trials50.csv,8,20,20,32.4273895883972,32.4273895883972,03,03,2,1,True,completed
22,known_visit,ACBBA,bernoulli,drop_0.25,34,1156,6,10,acbba_g34_d220_bernoulli_drop_0_25,reruns\grid_density\scenarios\cv\known_visit_grid34_targets10_trials50.csv,9,1,3,5.654042568402018,5.654042568402018,00,00,2,1,True,completed
22,known_visit,ACBBA,bernoulli,drop_0.25,34,1156,6,10,acbba_g34_d220_bernoulli_drop_0_25,reruns\grid_density\scenarios\cv\known_visit_grid34_targets10_trials50.csv,10,11,6,27.730250063599637,27.730250063599637,00,00,1,0,True,completed
23,known_visit,ACBBA,bernoulli,drop_0.25,34,1156,6,10,acbba_g34_d220_bernoulli_drop_0_25,reruns\grid_density\scenarios\cv\known_visit_grid34_targets10_trials50.csv,1,10,9,19.16860976042767,19.16860976042767,01,01,1,0,True,completed
23,known_visit,ACBBA,bernoulli,drop_0.25,34,1156,6,10,acbba_g34_d220_bernoulli_drop_0_25,reruns\grid_density\scenarios\cv\known_visit_grid34_targets10_trials50.csv,2,25,12,50.16329797371967,50.16329797371967,01,01,1,0,True,completed
23,known_visit,ACBBA,bernoulli,drop_0.25,34,1156,6,10,acbba_g34_d220_bernoulli_drop_0_25,reruns\grid_density\scenarios\cv\known_visit_grid34_targets10_trials50.csv,3,25,5,49.509674760731976,49.509674760731976,00,00,1,0,True,completed
23,known_visit,ACBBA,bernoulli,drop_0.25,34,1156,6,10,acbba_g34_d220_bernoulli_drop_0_25,reruns\grid_density\scenarios\cv\known_visit_grid34_targets10_trials50.csv,4,9,33,13.780961325858806,13.780961325858806,05,05,2,1,True,completed
23,known_visit,ACBBA,bernoulli,drop_0.25,34,1156,6,10,acbba_g34_d220_bernoulli_drop_0_25,reruns\grid_density\scenarios\cv\known_visit_grid34_targets10_trials50.csv,5,21,9,38.0274125081777,38.0274125081777,01,01,2,1,True,completed
23,known_visit,ACBBA,bernoulli,drop_0.25,34,1156,6,10,acbba_g34_d220_bernoulli_drop_0_25,reruns\grid_density\scenarios\cv\known_visit_grid34_targets10_trials50.csv,6,1,11,4.109565113267431,4.109565113267431,02,02,1,0,True,completed
23,known_visit,ACBBA,bernoulli,drop_0.25,34,1156,6,10,acbba_g34_d220_bernoulli_drop_0_25,reruns\grid_density\scenarios\cv\known_visit_grid34_targets10_trials50.csv,7,15,22,57.502733676580846,57.502733676580846,02,02,1,0,True,completed
23,known_visit,ACBBA,bernoulli,drop_0.25,34,1156,6,10,acbba_g34_d220_bernoulli_drop_0_25,reruns\grid_density\scenarios\cv\known_visit_grid34_targets10_trials50.csv,8,32,25,67.16454897076716,67.16454897076716,05,05,1,0,True,completed
23,known_visit,ACBBA,bernoulli,drop_0.25,34,1156,6,10,acbba_g34_d220_bernoulli_drop_0_25,reruns\grid_density\scenarios\cv\known_visit_grid34_targets10_trials50.csv,9,21,17,73.74366113613952,73.74366113613952,01,01,1,0,True,completed
23,known_visit,ACBBA,bernoulli,drop_0.25,34,1156,6,10,acbba_g34_d220_bernoulli_drop_0_25,reruns\grid_density\scenarios\cv\known_visit_grid34_targets10_trials50.csv,10,8,30,19.14720101850621,19.14720101850621,04,04,2,1,True,completed
24,known_visit,ACBBA,bernoulli,drop_0.25,34,1156,6,10,acbba_g34_d220_bernoulli_drop_0_25,reruns\grid_density\scenarios\cv\known_visit_grid34_targets10_trials50.csv,1,23,33,37.396852338784626,37.396852338784626,05,05,1,0,True,completed
24,known_visit,ACBBA,bernoulli,drop_0.25,34,1156,6,10,acbba_g34_d220_bernoulli_drop_0_25,reruns\grid_density\scenarios\cv\known_visit_grid34_targets10_trials50.csv,2,33,23,71.31287686923922,71.31287686923922,03,03,1,0,True,completed
24,known_visit,ACBBA,bernoulli,drop_0.25,34,1156,6,10,acbba_g34_d220_bernoulli_drop_0_25,reruns\grid_density\scenarios\cv\known_visit_grid34_targets10_trials50.csv,3,1,17,5.755980241135838,5.755980241135838,03,03,1,0,True,completed
24,known_visit,ACBBA,bernoulli,drop_0.25,34,1156,6,10,acbba_g34_d220_bernoulli_drop_0_25,reruns\grid_density\scenarios\cv\known_visit_grid34_targets10_trials50.csv,4,21,0,34.13061475030012,34.13061475030012,00,00,1,0,True,completed
24,known_visit,ACBBA,bernoulli,drop_0.25,34,1156,6,10,acbba_g34_d220_bernoulli_drop_0_25,reruns\grid_density\scenarios\cv\known_visit_grid34_targets10_trials50.csv,5,25,13,64.83028327851774,64.83028327851774,00,00,1,0,True,completed
24,known_visit,ACBBA,bernoulli,drop_0.25,34,1156,6,10,acbba_g34_d220_bernoulli_drop_0_25,reruns\grid_density\scenarios\cv\known_visit_grid34_targets10_trials50.csv,6,27,31,47.81618708430601,47.81618708430601,05,05,1,0,True,completed
24,known_visit,ACBBA,bernoulli,drop_0.25,34,1156,6,10,acbba_g34_d220_bernoulli_drop_0_25,reruns\grid_density\scenarios\cv\known_visit_grid34_targets10_trials50.csv,7,18,4,34.60811657563542,34.60811657563542,01,01,1,0,True,completed
24,known_visit,ACBBA,bernoulli,drop_0.25,34,1156,6,10,acbba_g34_d220_bernoulli_drop_0_25,reruns\grid_density\scenarios\cv\known_visit_grid34_targets10_trials50.csv,8,27,17,50.46673469178328,50.46673469178328,03,03,2,1,True,completed
24,known_visit,ACBBA,bernoulli,drop_0.25,34,1156,6,10,acbba_g34_d220_bernoulli_drop_0_25,reruns\grid_density\scenarios\cv\known_visit_grid34_targets10_trials50.csv,9,32,19,62.5899019249025,62.5899019249025,03,03,1,0,True,completed
24,known_visit,ACBBA,bernoulli,drop_0.25,34,1156,6,10,acbba_g34_d220_bernoulli_drop_0_25,reruns\grid_density\scenarios\cv\known_visit_grid34_targets10_trials50.csv,10,3,31,12.48317364418071,12.48317364418071,04,04,1,0,True,completed
25,known_visit,ACBBA,bernoulli,drop_0.25,34,1156,6,10,acbba_g34_d220_bernoulli_drop_0_25,reruns\grid_density\scenarios\cv\known_visit_grid34_targets10_trials50.csv,1,32,21,72.40301218501303,72.40301218501303,03,03,1,0,True,completed
25,known_visit,ACBBA,bernoulli,drop_0.25,34,1156,6,10,acbba_g34_d220_bernoulli_drop_0_25,reruns\grid_density\scenarios\cv\known_visit_grid34_targets10_trials50.csv,2,8,16,33.10804136569196,33.10804136569196,04,04,1,0,True,completed
25,known_visit,ACBBA,bernoulli,drop_0.25,34,1156,6,10,acbba_g34_d220_bernoulli_drop_0_25,reruns\grid_density\scenarios\cv\known_visit_grid34_targets10_trials50.csv,3,30,7,60.63888064426321,60.63888064426321,02,02,1,0,True,completed
25,known_visit,ACBBA,bernoulli,drop_0.25,34,1156,6,10,acbba_g34_d220_bernoulli_drop_0_25,reruns\grid_density\scenarios\cv\known_visit_grid34_targets10_trials50.csv,4,5,9,10.907409338672045,10.907409338672045,01,01,1,0,True,completed
25,known_visit,ACBBA,bernoulli,drop_0.25,34,1156,6,10,acbba_g34_d220_bernoulli_drop_0_25,reruns\grid_density\scenarios\cv\known_visit_grid34_targets10_trials50.csv,5,22,7,48.24935541686544,48.24935541686544,00,00,1,0,True,completed
25,known_visit,ACBBA,bernoulli,drop_0.25,34,1156,6,10,acbba_g34_d220_bernoulli_drop_0_25,reruns\grid_density\scenarios\cv\known_visit_grid34_targets10_trials50.csv,6,18,25,37.87571853643231,37.87571853643231,03,03,1,0,True,completed
25,known_visit,ACBBA,bernoulli,drop_0.25,34,1156,6,10,acbba_g34_d220_bernoulli_drop_0_25,reruns\grid_density\scenarios\cv\known_visit_grid34_targets10_trials50.csv,7,29,31,51.16627623459571,51.16627623459571,05,05,1,0,True,completed
25,known_visit,ACBBA,bernoulli,drop_0.25,34,1156,6,10,acbba_g34_d220_bernoulli_drop_0_25,reruns\grid_density\scenarios\cv\known_visit_grid34_targets10_trials50.csv,8,27,12,46.59203458251869,46.59203458251869,02,02,2,1,True,completed
25,known_visit,ACBBA,bernoulli,drop_0.25,34,1156,6,10,acbba_g34_d220_bernoulli_drop_0_25,reruns\grid_density\scenarios\cv\known_visit_grid34_targets10_trials50.csv,9,19,0,30.87676180207873,30.87676180207873,00,00,1,0,True,completed
25,known_visit,ACBBA,bernoulli,drop_0.25,34,1156,6,10,acbba_g34_d220_bernoulli_drop_0_25,reruns\grid_density\scenarios\cv\known_visit_grid34_targets10_trials50.csv,10,24,26,50.15033484656081,50.15033484656081,03,03,2,1,True,completed
26,known_visit,ACBBA,bernoulli,drop_0.25,34,1156,6,10,acbba_g34_d220_bernoulli_drop_0_25,reruns\grid_density\scenarios\cv\known_visit_grid34_targets10_trials50.csv,1,14,25,24.3921866450238,24.3921866450238,04,04,2,1,True,completed
26,known_visit,ACBBA,bernoulli,drop_0.25,34,1156,6,10,acbba_g34_d220_bernoulli_drop_0_25,reruns\grid_density\scenarios\cv\known_visit_grid34_targets10_trials50.csv,2,5,4,14.351922261127038,14.351922261127038,00,00,1,0,True,completed
26,known_visit,ACBBA,bernoulli,drop_0.25,34,1156,6,10,acbba_g34_d220_bernoulli_drop_0_25,reruns\grid_density\scenarios\cv\known_visit_grid34_targets10_trials50.csv,3,32,8,59.02265346478015,59.02265346478015,01,01,1,0,True,completed
26,known_visit,ACBBA,bernoulli,drop_0.25,34,1156,6,10,acbba_g34_d220_bernoulli_drop_0_25,reruns\grid_density\scenarios\cv\known_visit_grid34_targets10_trials50.csv,4,33,26,69.8018797720154,69.8018797720154,03,03,1,0,True,completed
26,known_visit,ACBBA,bernoulli,drop_0.25,34,1156,6,10,acbba_g34_d220_bernoulli_drop_0_25,reruns\grid_density\scenarios\cv\known_visit_grid34_targets10_trials50.csv,5,24,17,72.59042806355595,72.59042806355595,00,00,1,0,True,completed
26,known_visit,ACBBA,bernoulli,drop_0.25,34,1156,6,10,acbba_g34_d220_bernoulli_drop_0_25,reruns\grid_density\scenarios\cv\known_visit_grid34_targets10_trials50.csv,6,11,21,19.0294704831139,19.0294704831139,03,03,3,2,True,completed
26,known_visit,ACBBA,bernoulli,drop_0.25,34,1156,6,10,acbba_g34_d220_bernoulli_drop_0_25,reruns\grid_density\scenarios\cv\known_visit_grid34_targets10_trials50.csv,7,11,7,17.32442182766752,17.32442182766752,01,01,2,1,True,completed
26,known_visit,ACBBA,bernoulli,drop_0.25,34,1156,6,10,acbba_g34_d220_bernoulli_drop_0_25,reruns\grid_density\scenarios\cv\known_visit_grid34_targets10_trials50.csv,8,10,4,22.785341536354643,22.785341536354643,00,00,1,0,True,completed
26,known_visit,ACBBA,bernoulli,drop_0.25,34,1156,6,10,acbba_g34_d220_bernoulli_drop_0_25,reruns\grid_density\scenarios\cv\known_visit_grid34_targets10_trials50.csv,9,2,1,4.040549378291179,4.040549378291179,00,00,1,0,True,completed
26,known_visit,ACBBA,bernoulli,drop_0.25,34,1156,6,10,acbba_g34_d220_bernoulli_drop_0_25,reruns\grid_density\scenarios\cv\known_visit_grid34_targets10_trials50.csv,10,20,3,41.390307084921375,41.390307084921375,00,00,1,0,True,completed
27,known_visit,ACBBA,bernoulli,drop_0.25,34,1156,6,10,acbba_g34_d220_bernoulli_drop_0_25,reruns\grid_density\scenarios\cv\known_visit_grid34_targets10_trials50.csv,1,15,17,29.64118918128099,29.64118918128099,03,03,1,0,True,completed
27,known_visit,ACBBA,bernoulli,drop_0.25,34,1156,6,10,acbba_g34_d220_bernoulli_drop_0_25,reruns\grid_density\scenarios\cv\known_visit_grid34_targets10_trials50.csv,2,5,32,8.805832559510051,8.805832559510051,05,05,2,1,True,completed
27,known_visit,ACBBA,bernoulli,drop_0.25,34,1156,6,10,acbba_g34_d220_bernoulli_drop_0_25,reruns\grid_density\scenarios\cv\known_visit_grid34_targets10_trials50.csv,3,24,32,41.23662231176401,41.23662231176401,05,05,1,0,True,completed
27,known_visit,ACBBA,bernoulli,drop_0.25,34,1156,6,10,acbba_g34_d220_bernoulli_drop_0_25,reruns\grid_density\scenarios\cv\known_visit_grid34_targets10_trials50.csv,4,22,27,38.11317209146201,38.11317209146201,04,04,2,1,True,completed
27,known_visit,ACBBA,bernoulli,drop_0.25,34,1156,6,10,acbba_g34_d220_bernoulli_drop_0_25,reruns\grid_density\scenarios\cv\known_visit_grid34_targets10_trials50.csv,5,2,14,3.954613374933488,3.954613374933488,02,02,3,2,True,completed
27,known_visit,ACBBA,bernoulli,drop_0.25,34,1156,6,10,acbba_g34_d220_bernoulli_drop_0_25,reruns\grid_density\scenarios\cv\known_visit_grid34_targets10_trials50.csv,6,5,15,21.170323513548734,21.170323513548734,01,01,1,0,True,completed
27,known_visit,ACBBA,bernoulli,drop_0.25,34,1156,6,10,acbba_g34_d220_bernoulli_drop_0_25,reruns\grid_density\scenarios\cv\known_visit_grid34_targets10_trials50.csv,7,32,12,81.32875181764632,81.32875181764632,04,04,1,0,True,completed
27,known_visit,ACBBA,bernoulli,drop_0.25,34,1156,6,10,acbba_g34_d220_bernoulli_drop_0_25,reruns\grid_density\scenarios\cv\known_visit_grid34_targets10_trials50.csv,8,8,27,14.09870022261728,14.09870022261728,04,04,2,1,True,completed
27,known_visit,ACBBA,bernoulli,drop_0.25,34,1156,6,10,acbba_g34_d220_bernoulli_drop_0_25,reruns\grid_density\scenarios\cv\known_visit_grid34_targets10_trials50.csv,9,25,24,48.784934421942836,48.784934421942836,04,04,2,1,True,completed
27,known_visit,ACBBA,bernoulli,drop_0.25,34,1156,6,10,acbba_g34_d220_bernoulli_drop_0_25,reruns\grid_density\scenarios\cv\known_visit_grid34_targets10_trials50.csv,10,2,19,3.8266258211643014,3.8266258211643014,03,03,3,2,True,completed
28,known_visit,ACBBA,bernoulli,drop_0.25,34,1156,6,10,acbba_g34_d220_bernoulli_drop_0_25,reruns\grid_density\scenarios\cv\known_visit_grid34_targets10_trials50.csv,1,2,6,3.677420645216914,3.677420645216914,01,01,2,1,True,completed
28,known_visit,ACBBA,bernoulli,drop_0.25,34,1156,6,10,acbba_g34_d220_bernoulli_drop_0_25,reruns\grid_density\scenarios\cv\known_visit_grid34_targets10_trials50.csv,2,25,6,43.46297130331717,43.46297130331717,01,01,1,0,True,completed
28,known_visit,ACBBA,bernoulli,drop_0.25,34,1156,6,10,acbba_g34_d220_bernoulli_drop_0_25,reruns\grid_density\scenarios\cv\known_visit_grid34_targets10_trials50.csv,3,29,4,68.0453957174544,68.0453957174544,02,02,1,0,True,completed
28,known_visit,ACBBA,bernoulli,drop_0.25,34,1156,6,10,acbba_g34_d220_bernoulli_drop_0_25,reruns\grid_density\scenarios\cv\known_visit_grid34_targets10_trials50.csv,4,10,13,15.302462406143338,15.302462406143338,02,02,1,0,True,completed
28,known_visit,ACBBA,bernoulli,drop_0.25,34,1156,6,10,acbba_g34_d220_bernoulli_drop_0_25,reruns\grid_density\scenarios\cv\known_visit_grid34_targets10_trials50.csv,5,23,2,41.650071226354896,41.650071226354896,00,00,2,1,True,completed
28,known_visit,ACBBA,bernoulli,drop_0.25,34,1156,6,10,acbba_g34_d220_bernoulli_drop_0_25,reruns\grid_density\scenarios\cv\known_visit_grid34_targets10_trials50.csv,6,8,33,11.877634996576708,11.877634996576708,05,05,1,0,True,completed
28,known_visit,ACBBA,bernoulli,drop_0.25,34,1156,6,10,acbba_g34_d220_bernoulli_drop_0_25,reruns\grid_density\scenarios\cv\known_visit_grid34_targets10_trials50.csv,7,16,32,27.462697853921597,27.462697853921597,05,05,1,0,True,completed
28,known_visit,ACBBA,bernoulli,drop_0.25,34,1156,6,10,acbba_g34_d220_bernoulli_drop_0_25,reruns\grid_density\scenarios\cv\known_visit_grid34_targets10_trials50.csv,8,26,14,44.828319244439285,44.828319244439285,02,02,2,1,True,completed
28,known_visit,ACBBA,bernoulli,drop_0.25,34,1156,6,10,acbba_g34_d220_bernoulli_drop_0_25,reruns\grid_density\scenarios\cv\known_visit_grid34_targets10_trials50.csv,9,25,17,56.64486633350791,56.64486633350791,04,04,1,0,True,completed
28,known_visit,ACBBA,bernoulli,drop_0.25,34,1156,6,10,acbba_g34_d220_bernoulli_drop_0_25,reruns\grid_density\scenarios\cv\known_visit_grid34_targets10_trials50.csv,10,25,7,66.55138842386458,66.55138842386458,01,01,1,0,True,completed
29,known_visit,ACBBA,bernoulli,drop_0.25,34,1156,6,10,acbba_g34_d220_bernoulli_drop_0_25,reruns\grid_density\scenarios\cv\known_visit_grid34_targets10_trials50.csv,1,18,19,31.468781092222198,31.468781092222198,03,03,2,1,True,completed
29,known_visit,ACBBA,bernoulli,drop_0.25,34,1156,6,10,acbba_g34_d220_bernoulli_drop_0_25,reruns\grid_density\scenarios\cv\known_visit_grid34_targets10_trials50.csv,2,10,33,15.71596559772044,15.71596559772044,05,05,1,0,True,completed
29,known_visit,ACBBA,bernoulli,drop_0.25,34,1156,6,10,acbba_g34_d220_bernoulli_drop_0_25,reruns\grid_density\scenarios\cv\known_visit_grid34_targets10_trials50.csv,3,7,0,14.525574803804092,14.525574803804092,00,00,2,1,True,completed
29,known_visit,ACBBA,bernoulli,drop_0.25,34,1156,6,10,acbba_g34_d220_bernoulli_drop_0_25,reruns\grid_density\scenarios\cv\known_visit_grid34_targets10_trials50.csv,4,1,33,0.12235635551788412,0.12235635551788412,05,05,1,0,True,completed
29,known_visit,ACBBA,bernoulli,drop_0.25,34,1156,6,10,acbba_g34_d220_bernoulli_drop_0_25,reruns\grid_density\scenarios\cv\known_visit_grid34_targets10_trials50.csv,5,14,31,26.49668084022578,26.49668084022578,05,05,1,0,True,completed
29,known_visit,ACBBA,bernoulli,drop_0.25,34,1156,6,10,acbba_g34_d220_bernoulli_drop_0_25,reruns\grid_density\scenarios\cv\known_visit_grid34_targets10_trials50.csv,6,4,1,7.443427286593777,7.443427286593777,00,00,1,0,True,completed
29,known_visit,ACBBA,bernoulli,drop_0.25,34,1156,6,10,acbba_g34_d220_bernoulli_drop_0_25,reruns\grid_density\scenarios\cv\known_visit_grid34_targets10_trials50.csv,7,7,26,10.511530249960142,10.511530249960142,04,04,2,1,True,completed
29,known_visit,ACBBA,bernoulli,drop_0.25,34,1156,6,10,acbba_g34_d220_bernoulli_drop_0_25,reruns\grid_density\scenarios\cv\known_visit_grid34_targets10_trials50.csv,8,14,5,62.7910233185388,62.7910233185388,03,03,1,0,True,completed
29,known_visit,ACBBA,bernoulli,drop_0.25,34,1156,6,10,acbba_g34_d220_bernoulli_drop_0_25,reruns\grid_density\scenarios\cv\known_visit_grid34_targets10_trials50.csv,9,10,12,17.4786655617785,17.4786655617785,02,02,1,0,True,completed
29,known_visit,ACBBA,bernoulli,drop_0.25,34,1156,6,10,acbba_g34_d220_bernoulli_drop_0_25,reruns\grid_density\scenarios\cv\known_visit_grid34_targets10_trials50.csv,10,11,32,19.38024202470942,19.38024202470942,05,05,1,0,True,completed
30,known_visit,ACBBA,bernoulli,drop_0.25,34,1156,6,10,acbba_g34_d220_bernoulli_drop_0_25,reruns\grid_density\scenarios\cv\known_visit_grid34_targets10_trials50.csv,1,28,8,62.84242872960014,62.84242872960014,02,02,1,0,True,completed
30,known_visit,ACBBA,bernoulli,drop_0.25,34,1156,6,10,acbba_g34_d220_bernoulli_drop_0_25,reruns\grid_density\scenarios\cv\known_visit_grid34_targets10_trials50.csv,2,23,15,41.67840949476054,41.67840949476054,02,02,1,0,True,completed
30,known_visit,ACBBA,bernoulli,drop_0.25,34,1156,6,10,acbba_g34_d220_bernoulli_drop_0_25,reruns\grid_density\scenarios\cv\known_visit_grid34_targets10_trials50.csv,3,28,19,55.19155120603722,55.19155120603722,03,03,1,0,True,completed
30,known_visit,ACBBA,bernoulli,drop_0.25,34,1156,6,10,acbba_g34_d220_bernoulli_drop_0_25,reruns\grid_density\scenarios\cv\known_visit_grid34_targets10_trials50.csv,4,29,4,71.6127611329106,71.6127611329106,02,02,1,0,True,completed
30,known_visit,ACBBA,bernoulli,drop_0.25,34,1156,6,10,acbba_g34_d220_bernoulli_drop_0_25,reruns\grid_density\scenarios\cv\known_visit_grid34_targets10_trials50.csv,5,20,7,44.86393565044432,44.86393565044432,00,00,1,0,True,completed
30,known_visit,ACBBA,bernoulli,drop_0.25,34,1156,6,10,acbba_g34_d220_bernoulli_drop_0_25,reruns\grid_density\scenarios\cv\known_visit_grid34_targets10_trials50.csv,6,12,22,22.533968729541805,22.533968729541805,03,03,2,1,True,completed
30,known_visit,ACBBA,bernoulli,drop_0.25,34,1156,6,10,acbba_g34_d220_bernoulli_drop_0_25,reruns\grid_density\scenarios\cv\known_visit_grid34_targets10_trials50.csv,7,24,15,43.67623224429225,43.67623224429225,02,02,2,1,True,completed
30,known_visit,ACBBA,bernoulli,drop_0.25,34,1156,6,10,acbba_g34_d220_bernoulli_drop_0_25,reruns\grid_density\scenarios\cv\known_visit_grid34_targets10_trials50.csv,8,31,25,53.78477710717743,53.78477710717743,04,04,1,0,True,completed
30,known_visit,ACBBA,bernoulli,drop_0.25,34,1156,6,10,acbba_g34_d220_bernoulli_drop_0_25,reruns\grid_density\scenarios\cv\known_visit_grid34_targets10_trials50.csv,9,5,5,15.67408330749223,15.67408330749223,00,00,2,1,True,completed
30,known_visit,ACBBA,bernoulli,drop_0.25,34,1156,6,10,acbba_g34_d220_bernoulli_drop_0_25,reruns\grid_density\scenarios\cv\known_visit_grid34_targets10_trials50.csv,10,16,22,29.587636578624025,29.587636578624025,03,03,1,0,True,completed
31,known_visit,ACBBA,bernoulli,drop_0.25,34,1156,6,10,acbba_g34_d220_bernoulli_drop_0_25,reruns\grid_density\scenarios\cv\known_visit_grid34_targets10_trials50.csv,1,20,2,40.542837496563315,40.542837496563315,00,00,1,0,True,completed
31,known_visit,ACBBA,bernoulli,drop_0.25,34,1156,6,10,acbba_g34_d220_bernoulli_drop_0_25,reruns\grid_density\scenarios\cv\known_visit_grid34_targets10_trials50.csv,2,20,12,34.2518193260305,34.2518193260305,02,02,1,0,True,completed
31,known_visit,ACBBA,bernoulli,drop_0.25,34,1156,6,10,acbba_g34_d220_bernoulli_drop_0_25,reruns\grid_density\scenarios\cv\known_visit_grid34_targets10_trials50.csv,3,17,22,31.255317985142636,31.255317985142636,03,03,2,1,True,completed
31,known_visit,ACBBA,bernoulli,drop_0.25,34,1156,6,10,acbba_g34_d220_bernoulli_drop_0_25,reruns\grid_density\scenarios\cv\known_visit_grid34_targets10_trials50.csv,4,30,16,64.14559368494015,64.14559368494015,03,03,1,0,True,completed
31,known_visit,ACBBA,bernoulli,drop_0.25,34,1156,6,10,acbba_g34_d220_bernoulli_drop_0_25,reruns\grid_density\scenarios\cv\known_visit_grid34_targets10_trials50.csv,5,28,19,55.35860650478559,55.35860650478559,03,03,1,0,True,completed
31,known_visit,ACBBA,bernoulli,drop_0.25,34,1156,6,10,acbba_g34_d220_bernoulli_drop_0_25,reruns\grid_density\scenarios\cv\known_visit_grid34_targets10_trials50.csv,6,16,4,31.06433186567136,31.06433186567136,01,01,2,1,True,completed
31,known_visit,ACBBA,bernoulli,drop_0.25,34,1156,6,10,acbba_g34_d220_bernoulli_drop_0_25,reruns\grid_density\scenarios\cv\known_visit_grid34_targets10_trials50.csv,7,21,16,63.14535706215748,63.14535706215748,04,04,1,0,True,completed
31,known_visit,ACBBA,bernoulli,drop_0.25,34,1156,6,10,acbba_g34_d220_bernoulli_drop_0_25,reruns\grid_density\scenarios\cv\known_visit_grid34_targets10_trials50.csv,8,20,3,38.560143240751074,38.560143240751074,00,00,1,0,True,completed
31,known_visit,ACBBA,bernoulli,drop_0.25,34,1156,6,10,acbba_g34_d220_bernoulli_drop_0_25,reruns\grid_density\scenarios\cv\known_visit_grid34_targets10_trials50.csv,9,29,9,54.91469565576481,54.91469565576481,02,02,1,0,True,completed
31,known_visit,ACBBA,bernoulli,drop_0.25,34,1156,6,10,acbba_g34_d220_bernoulli_drop_0_25,reruns\grid_density\scenarios\cv\known_visit_grid34_targets10_trials50.csv,10,13,22,24.04584108705835,24.04584108705835,03,03,3,2,True,completed
32,known_visit,ACBBA,bernoulli,drop_0.25,34,1156,6,10,acbba_g34_d220_bernoulli_drop_0_25,reruns\grid_density\scenarios\cv\known_visit_grid34_targets10_trials50.csv,1,25,22,44.92942646995028,44.92942646995028,03,03,1,0,True,completed
32,known_visit,ACBBA,bernoulli,drop_0.25,34,1156,6,10,acbba_g34_d220_bernoulli_drop_0_25,reruns\grid_density\scenarios\cv\known_visit_grid34_targets10_trials50.csv,2,19,16,36.39712532855341,36.39712532855341,02,02,1,0,True,completed
32,known_visit,ACBBA,bernoulli,drop_0.25,34,1156,6,10,acbba_g34_d220_bernoulli_drop_0_25,reruns\grid_density\scenarios\cv\known_visit_grid34_targets10_trials50.csv,3,2,33,1.791374083923744,1.791374083923744,05,05,2,1,True,completed
32,known_visit,ACBBA,bernoulli,drop_0.25,34,1156,6,10,acbba_g34_d220_bernoulli_drop_0_25,reruns\grid_density\scenarios\cv\known_visit_grid34_targets10_trials50.csv,4,17,21,29.304390323885595,29.304390323885595,03,03,1,0,True,completed
32,known_visit,ACBBA,bernoulli,drop_0.25,34,1156,6,10,acbba_g34_d220_bernoulli_drop_0_25,reruns\grid_density\scenarios\cv\known_visit_grid34_targets10_trials50.csv,5,19,27,41.29374031320553,41.29374031320553,05,05,1,0,True,completed
32,known_visit,ACBBA,bernoulli,drop_0.25,34,1156,6,10,acbba_g34_d220_bernoulli_drop_0_25,reruns\grid_density\scenarios\cv\known_visit_grid34_targets10_trials50.csv,6,24,25,52.58725434609247,52.58725434609247,03,03,1,0,True,completed
32,known_visit,ACBBA,bernoulli,drop_0.25,34,1156,6,10,acbba_g34_d220_bernoulli_drop_0_25,reruns\grid_density\scenarios\cv\known_visit_grid34_targets10_trials50.csv,7,25,6,42.9725900922645,42.9725900922645,01,01,1,0,True,completed
32,known_visit,ACBBA,bernoulli,drop_0.25,34,1156,6,10,acbba_g34_d220_bernoulli_drop_0_25,reruns\grid_density\scenarios\cv\known_visit_grid34_targets10_trials50.csv,8,21,15,42.12458808641567,42.12458808641567,02,02,1,0,True,completed
32,known_visit,ACBBA,bernoulli,drop_0.25,34,1156,6,10,acbba_g34_d220_bernoulli_drop_0_25,reruns\grid_density\scenarios\cv\known_visit_grid34_targets10_trials50.csv,9,25,24,48.77207163824855,48.77207163824855,03,03,1,0,True,completed
32,known_visit,ACBBA,bernoulli,drop_0.25,34,1156,6,10,acbba_g34_d220_bernoulli_drop_0_25,reruns\grid_density\scenarios\cv\known_visit_grid34_targets10_trials50.csv,10,15,28,32.37294969748523,32.37294969748523,05,05,2,1,True,completed
33,known_visit,ACBBA,bernoulli,drop_0.25,34,1156,6,10,acbba_g34_d220_bernoulli_drop_0_25,reruns\grid_density\scenarios\cv\known_visit_grid34_targets10_trials50.csv,1,23,9,94.06989175209361,94.06989175209361,03,03,1,0,True,completed
33,known_visit,ACBBA,bernoulli,drop_0.25,34,1156,6,10,acbba_g34_d220_bernoulli_drop_0_25,reruns\grid_density\scenarios\cv\known_visit_grid34_targets10_trials50.csv,2,4,26,5.188893331406509,5.188893331406509,04,04,2,1,True,completed
33,known_visit,ACBBA,bernoulli,drop_0.25,34,1156,6,10,acbba_g34_d220_bernoulli_drop_0_25,reruns\grid_density\scenarios\cv\known_visit_grid34_targets10_trials50.csv,3,3,32,5.708996381777259,5.708996381777259,05,05,1,0,True,completed
33,known_visit,ACBBA,bernoulli,drop_0.25,34,1156,6,10,acbba_g34_d220_bernoulli_drop_0_25,reruns\grid_density\scenarios\cv\known_visit_grid34_targets10_trials50.csv,4,30,6,55.126459706267156,55.126459706267156,01,01,1,0,True,completed
33,known_visit,ACBBA,bernoulli,drop_0.25,34,1156,6,10,acbba_g34_d220_bernoulli_drop_0_25,reruns\grid_density\scenarios\cv\known_visit_grid34_targets10_trials50.csv,5,2,30,38.52756967786336,38.52756967786336,02,02,1,0,True,completed
33,known_visit,ACBBA,bernoulli,drop_0.25,34,1156,6,10,acbba_g34_d220_bernoulli_drop_0_25,reruns\grid_density\scenarios\cv\known_visit_grid34_targets10_trials50.csv,6,28,32,55.94514480107931,55.94514480107931,04,04,1,0,True,completed
33,known_visit,ACBBA,bernoulli,drop_0.25,34,1156,6,10,acbba_g34_d220_bernoulli_drop_0_25,reruns\grid_density\scenarios\cv\known_visit_grid34_targets10_trials50.csv,7,17,6,37.61071035999447,37.61071035999447,00,00,2,1,True,completed
33,known_visit,ACBBA,bernoulli,drop_0.25,34,1156,6,10,acbba_g34_d220_bernoulli_drop_0_25,reruns\grid_density\scenarios\cv\known_visit_grid34_targets10_trials50.csv,8,19,11,46.89598382962485,46.89598382962485,03,03,2,1,True,completed
33,known_visit,ACBBA,bernoulli,drop_0.25,34,1156,6,10,acbba_g34_d220_bernoulli_drop_0_25,reruns\grid_density\scenarios\cv\known_visit_grid34_targets10_trials50.csv,9,12,26,18.820820016060225,18.820820016060225,04,04,1,0,True,completed
33,known_visit,ACBBA,bernoulli,drop_0.25,34,1156,6,10,acbba_g34_d220_bernoulli_drop_0_25,reruns\grid_density\scenarios\cv\known_visit_grid34_targets10_trials50.csv,10,32,17,77.79075673575528,77.79075673575528,01,01,1,0,True,completed
34,known_visit,ACBBA,bernoulli,drop_0.25,34,1156,6,10,acbba_g34_d220_bernoulli_drop_0_25,reruns\grid_density\scenarios\cv\known_visit_grid34_targets10_trials50.csv,1,20,6,42.83022321108434,42.83022321108434,00,00,1,0,True,completed
34,known_visit,ACBBA,bernoulli,drop_0.25,34,1156,6,10,acbba_g34_d220_bernoulli_drop_0_25,reruns\grid_density\scenarios\cv\known_visit_grid34_targets10_trials50.csv,2,10,3,20.528591380905535,20.528591380905535,00,00,2,1,True,completed
34,known_visit,ACBBA,bernoulli,drop_0.25,34,1156,6,10,acbba_g34_d220_bernoulli_drop_0_25,reruns\grid_density\scenarios\cv\known_visit_grid34_targets10_trials50.csv,3,14,22,26.098577037784118,26.098577037784118,03,03,1,0,True,completed
34,known_visit,ACBBA,bernoulli,drop_0.25,34,1156,6,10,acbba_g34_d220_bernoulli_drop_0_25,reruns\grid_density\scenarios\cv\known_visit_grid34_targets10_trials50.csv,4,18,33,28.78820728677779,28.78820728677779,05,05,1,0,True,completed
34,known_visit,ACBBA,bernoulli,drop_0.25,34,1156,6,10,acbba_g34_d220_bernoulli_drop_0_25,reruns\grid_density\scenarios\cv\known_visit_grid34_targets10_trials50.csv,5,24,22,43.194846824040006,43.194846824040006,03,03,1,0,True,completed
34,known_visit,ACBBA,bernoulli,drop_0.25,34,1156,6,10,acbba_g34_d220_bernoulli_drop_0_25,reruns\grid_density\scenarios\cv\known_visit_grid34_targets10_trials50.csv,6,31,5,63.65723321535265,63.65723321535265,00,00,1,0,True,completed
34,known_visit,ACBBA,bernoulli,drop_0.25,34,1156,6,10,acbba_g34_d220_bernoulli_drop_0_25,reruns\grid_density\scenarios\cv\known_visit_grid34_targets10_trials50.csv,7,18,6,39.35832526587992,39.35832526587992,00,00,1,0,True,completed
34,known_visit,ACBBA,bernoulli,drop_0.25,34,1156,6,10,acbba_g34_d220_bernoulli_drop_0_25,reruns\grid_density\scenarios\cv\known_visit_grid34_targets10_trials50.csv,8,8,9,19.161944155159496,19.161944155159496,02,02,2,1,True,completed
34,known_visit,ACBBA,bernoulli,drop_0.25,34,1156,6,10,acbba_g34_d220_bernoulli_drop_0_25,reruns\grid_density\scenarios\cv\known_visit_grid34_targets10_trials50.csv,9,25,33,40.66253831559008,40.66253831559008,05,05,1,0,True,completed
34,known_visit,ACBBA,bernoulli,drop_0.25,34,1156,6,10,acbba_g34_d220_bernoulli_drop_0_25,reruns\grid_density\scenarios\cv\known_visit_grid34_targets10_trials50.csv,10,33,2,72.47361790709593,72.47361790709593,00,00,1,0,True,completed
35,known_visit,ACBBA,bernoulli,drop_0.25,34,1156,6,10,acbba_g34_d220_bernoulli_drop_0_25,reruns\grid_density\scenarios\cv\known_visit_grid34_targets10_trials50.csv,1,28,9,57.26033743710595,57.26033743710595,01,01,2,1,True,completed
35,known_visit,ACBBA,bernoulli,drop_0.25,34,1156,6,10,acbba_g34_d220_bernoulli_drop_0_25,reruns\grid_density\scenarios\cv\known_visit_grid34_targets10_trials50.csv,2,30,28,57.7497234775399,57.7497234775399,05,05,2,1,True,completed
35,known_visit,ACBBA,bernoulli,drop_0.25,34,1156,6,10,acbba_g34_d220_bernoulli_drop_0_25,reruns\grid_density\scenarios\cv\known_visit_grid34_targets10_trials50.csv,3,32,28,101.29667237792907,101.29667237792907,00,00,1,0,True,completed
35,known_visit,ACBBA,bernoulli,drop_0.25,34,1156,6,10,acbba_g34_d220_bernoulli_drop_0_25,reruns\grid_density\scenarios\cv\known_visit_grid34_targets10_trials50.csv,4,18,24,32.755140592478426,32.755140592478426,04,04,2,1,True,completed
35,known_visit,ACBBA,bernoulli,drop_0.25,34,1156,6,10,acbba_g34_d220_bernoulli_drop_0_25,reruns\grid_density\scenarios\cv\known_visit_grid34_targets10_trials50.csv,5,17,11,34.831636437017316,34.831636437017316,01,01,1,0,True,completed
35,known_visit,ACBBA,bernoulli,drop_0.25,34,1156,6,10,acbba_g34_d220_bernoulli_drop_0_25,reruns\grid_density\scenarios\cv\known_visit_grid34_targets10_trials50.csv,6,2,10,7.325981401919275,7.325981401919275,01,01,2,1,True,completed
35,known_visit,ACBBA,bernoulli,drop_0.25,34,1156,6,10,acbba_g34_d220_bernoulli_drop_0_25,reruns\grid_density\scenarios\cv\known_visit_grid34_targets10_trials50.csv,7,29,33,47.44890284123514,47.44890284123514,05,05,1,0,True,completed
35,known_visit,ACBBA,bernoulli,drop_0.25,34,1156,6,10,acbba_g34_d220_bernoulli_drop_0_25,reruns\grid_density\scenarios\cv\known_visit_grid34_targets10_trials50.csv,8,11,11,24.77065684420689,24.77065684420689,01,01,1,0,True,completed
35,known_visit,ACBBA,bernoulli,drop_0.25,34,1156,6,10,acbba_g34_d220_bernoulli_drop_0_25,reruns\grid_density\scenarios\cv\known_visit_grid34_targets10_trials50.csv,9,7,15,19.320489356236504,19.320489356236504,03,03,1,0,True,completed
35,known_visit,ACBBA,bernoulli,drop_0.25,34,1156,6,10,acbba_g34_d220_bernoulli_drop_0_25,reruns\grid_density\scenarios\cv\known_visit_grid34_targets10_trials50.csv,10,32,5,71.2550721360232,71.2550721360232,01,01,1,0,True,completed
36,known_visit,ACBBA,bernoulli,drop_0.25,34,1156,6,10,acbba_g34_d220_bernoulli_drop_0_25,reruns\grid_density\scenarios\cv\known_visit_grid34_targets10_trials50.csv,1,5,4,12.475132980010581,12.475132980010581,01,01,2,1,True,completed
36,known_visit,ACBBA,bernoulli,drop_0.25,34,1156,6,10,acbba_g34_d220_bernoulli_drop_0_25,reruns\grid_density\scenarios\cv\known_visit_grid34_targets10_trials50.csv,2,26,16,71.99743202133904,71.99743202133904,05,05,1,0,True,completed
36,known_visit,ACBBA,bernoulli,drop_0.25,34,1156,6,10,acbba_g34_d220_bernoulli_drop_0_25,reruns\grid_density\scenarios\cv\known_visit_grid34_targets10_trials50.csv,3,29,17,79.45367433373833,79.45367433373833,05,05,1,0,True,completed
36,known_visit,ACBBA,bernoulli,drop_0.25,34,1156,6,10,acbba_g34_d220_bernoulli_drop_0_25,reruns\grid_density\scenarios\cv\known_visit_grid34_targets10_trials50.csv,4,13,10,26.489607476989658,26.489607476989658,02,02,2,1,True,completed
36,known_visit,ACBBA,bernoulli,drop_0.25,34,1156,6,10,acbba_g34_d220_bernoulli_drop_0_25,reruns\grid_density\scenarios\cv\known_visit_grid34_targets10_trials50.csv,5,4,1,7.10027351745068,7.10027351745068,00,00,2,1,True,completed
36,known_visit,ACBBA,bernoulli,drop_0.25,34,1156,6,10,acbba_g34_d220_bernoulli_drop_0_25,reruns\grid_density\scenarios\cv\known_visit_grid34_targets10_trials50.csv,6,2,3,41.34253610431027,41.34253610431027,04,04,1,0,True,completed
36,known_visit,ACBBA,bernoulli,drop_0.25,34,1156,6,10,acbba_g34_d220_bernoulli_drop_0_25,reruns\grid_density\scenarios\cv\known_visit_grid34_targets10_trials50.csv,7,15,3,29.99737322044365,29.99737322044365,00,00,1,0,True,completed
36,known_visit,ACBBA,bernoulli,drop_0.25,34,1156,6,10,acbba_g34_d220_bernoulli_drop_0_25,reruns\grid_density\scenarios\cv\known_visit_grid34_targets10_trials50.csv,8,22,12,59.855187151053755,59.855187151053755,01,01,1,0,True,completed
36,known_visit,ACBBA,bernoulli,drop_0.25,34,1156,6,10,acbba_g34_d220_bernoulli_drop_0_25,reruns\grid_density\scenarios\cv\known_visit_grid34_targets10_trials50.csv,9,27,4,52.60426918483041,52.60426918483041,00,00,1,0,True,completed
36,known_visit,ACBBA,bernoulli,drop_0.25,34,1156,6,10,acbba_g34_d220_bernoulli_drop_0_25,reruns\grid_density\scenarios\cv\known_visit_grid34_targets10_trials50.csv,10,20,15,41.09027807275974,41.09027807275974,03,03,1,0,True,completed
37,known_visit,ACBBA,bernoulli,drop_0.25,34,1156,6,10,acbba_g34_d220_bernoulli_drop_0_25,reruns\grid_density\scenarios\cv\known_visit_grid34_targets10_trials50.csv,1,15,29,37.40197406419178,37.40197406419178,04,04,2,1,True,completed
37,known_visit,ACBBA,bernoulli,drop_0.25,34,1156,6,10,acbba_g34_d220_bernoulli_drop_0_25,reruns\grid_density\scenarios\cv\known_visit_grid34_targets10_trials50.csv,2,6,3,14.36231802870976,14.36231802870976,00,00,1,0,True,completed
37,known_visit,ACBBA,bernoulli,drop_0.25,34,1156,6,10,acbba_g34_d220_bernoulli_drop_0_25,reruns\grid_density\scenarios\cv\known_visit_grid34_targets10_trials50.csv,3,21,27,51.51557621000155,51.51557621000155,04,04,2,1,True,completed
37,known_visit,ACBBA,bernoulli,drop_0.25,34,1156,6,10,acbba_g34_d220_bernoulli_drop_0_25,reruns\grid_density\scenarios\cv\known_visit_grid34_targets10_trials50.csv,4,10,13,15.497891109488846,15.497891109488846,02,02,2,1,True,completed
37,known_visit,ACBBA,bernoulli,drop_0.25,34,1156,6,10,acbba_g34_d220_bernoulli_drop_0_25,reruns\grid_density\scenarios\cv\known_visit_grid34_targets10_trials50.csv,5,10,26,23.058275309164173,23.058275309164173,04,04,3,2,True,completed
37,known_visit,ACBBA,bernoulli,drop_0.25,34,1156,6,10,acbba_g34_d220_bernoulli_drop_0_25,reruns\grid_density\scenarios\cv\known_visit_grid34_targets10_trials50.csv,6,2,28,5.617036545461993,5.617036545461993,04,04,2,1,True,completed
37,known_visit,ACBBA,bernoulli,drop_0.25,34,1156,6,10,acbba_g34_d220_bernoulli_drop_0_25,reruns\grid_density\scenarios\cv\known_visit_grid34_targets10_trials50.csv,7,23,10,43.26354892757957,43.26354892757957,02,02,1,0,True,completed
37,known_visit,ACBBA,bernoulli,drop_0.25,34,1156,6,10,acbba_g34_d220_bernoulli_drop_0_25,reruns\grid_density\scenarios\cv\known_visit_grid34_targets10_trials50.csv,8,17,23,56.97129867019431,56.97129867019431,03,03,2,1,True,completed
37,known_visit,ACBBA,bernoulli,drop_0.25,34,1156,6,10,acbba_g34_d220_bernoulli_drop_0_25,reruns\grid_density\scenarios\cv\known_visit_grid34_targets10_trials50.csv,9,4,17,22.714204199833173,22.714204199833173,01,01,2,1,True,completed
37,known_visit,ACBBA,bernoulli,drop_0.25,34,1156,6,10,acbba_g34_d220_bernoulli_drop_0_25,reruns\grid_density\scenarios\cv\known_visit_grid34_targets10_trials50.csv,10,29,22,86.19371735885248,86.19371735885248,02,02,1,0,True,completed
38,known_visit,ACBBA,bernoulli,drop_0.25,34,1156,6,10,acbba_g34_d220_bernoulli_drop_0_25,reruns\grid_density\scenarios\cv\known_visit_grid34_targets10_trials50.csv,1,33,12,57.07252454579162,57.07252454579162,02,02,1,0,True,completed
38,known_visit,ACBBA,bernoulli,drop_0.25,34,1156,6,10,acbba_g34_d220_bernoulli_drop_0_25,reruns\grid_density\scenarios\cv\known_visit_grid34_targets10_trials50.csv,2,33,15,62.551764068905406,62.551764068905406,02,02,1,0,True,completed
38,known_visit,ACBBA,bernoulli,drop_0.25,34,1156,6,10,acbba_g34_d220_bernoulli_drop_0_25,reruns\grid_density\scenarios\cv\known_visit_grid34_targets10_trials50.csv,3,22,7,48.56934694384212,48.56934694384212,00,00,1,0,True,completed
38,known_visit,ACBBA,bernoulli,drop_0.25,34,1156,6,10,acbba_g34_d220_bernoulli_drop_0_25,reruns\grid_density\scenarios\cv\known_visit_grid34_targets10_trials50.csv,4,30,10,55.41183186806971,55.41183186806971,01,01,1,0,True,completed
38,known_visit,ACBBA,bernoulli,drop_0.25,34,1156,6,10,acbba_g34_d220_bernoulli_drop_0_25,reruns\grid_density\scenarios\cv\known_visit_grid34_targets10_trials50.csv,5,5,19,9.048577791839769,9.048577791839769,03,03,2,1,True,completed
38,known_visit,ACBBA,bernoulli,drop_0.25,34,1156,6,10,acbba_g34_d220_bernoulli_drop_0_25,reruns\grid_density\scenarios\cv\known_visit_grid34_targets10_trials50.csv,6,27,13,44.77112910829347,44.77112910829347,02,02,1,0,True,completed
38,known_visit,ACBBA,bernoulli,drop_0.25,34,1156,6,10,acbba_g34_d220_bernoulli_drop_0_25,reruns\grid_density\scenarios\cv\known_visit_grid34_targets10_trials50.csv,7,8,8,14.248708855901052,14.248708855901052,01,01,1,0,True,completed
38,known_visit,ACBBA,bernoulli,drop_0.25,34,1156,6,10,acbba_g34_d220_bernoulli_drop_0_25,reruns\grid_density\scenarios\cv\known_visit_grid34_targets10_trials50.csv,8,12,28,27.837005257915873,27.837005257915873,05,05,1,0,True,completed
38,known_visit,ACBBA,bernoulli,drop_0.25,34,1156,6,10,acbba_g34_d220_bernoulli_drop_0_25,reruns\grid_density\scenarios\cv\known_visit_grid34_targets10_trials50.csv,9,15,2,27.86165806664491,27.86165806664491,00,00,2,1,True,completed
38,known_visit,ACBBA,bernoulli,drop_0.25,34,1156,6,10,acbba_g34_d220_bernoulli_drop_0_25,reruns\grid_density\scenarios\cv\known_visit_grid34_targets10_trials50.csv,10,11,8,19.672024492675558,19.672024492675558,01,01,1,0,True,completed
39,known_visit,ACBBA,bernoulli,drop_0.25,34,1156,6,10,acbba_g34_d220_bernoulli_drop_0_25,reruns\grid_density\scenarios\cv\known_visit_grid34_targets10_trials50.csv,1,16,17,31.47067028530939,31.47067028530939,03,03,1,0,True,completed
39,known_visit,ACBBA,bernoulli,drop_0.25,34,1156,6,10,acbba_g34_d220_bernoulli_drop_0_25,reruns\grid_density\scenarios\cv\known_visit_grid34_targets10_trials50.csv,2,20,16,37.971057513125295,37.971057513125295,02,02,1,0,True,completed
39,known_visit,ACBBA,bernoulli,drop_0.25,34,1156,6,10,acbba_g34_d220_bernoulli_drop_0_25,reruns\grid_density\scenarios\cv\known_visit_grid34_targets10_trials50.csv,3,23,6,48.89083119113579,48.89083119113579,00,00,2,1,True,completed
39,known_visit,ACBBA,bernoulli,drop_0.25,34,1156,6,10,acbba_g34_d220_bernoulli_drop_0_25,reruns\grid_density\scenarios\cv\known_visit_grid34_targets10_trials50.csv,4,25,15,48.74130420918991,48.74130420918991,02,02,1,0,True,completed
39,known_visit,ACBBA,bernoulli,drop_0.25,34,1156,6,10,acbba_g34_d220_bernoulli_drop_0_25,reruns\grid_density\scenarios\cv\known_visit_grid34_targets10_trials50.csv,5,29,27,49.390648815554776,49.390648815554776,04,04,1,0,True,completed
39,known_visit,ACBBA,bernoulli,drop_0.25,34,1156,6,10,acbba_g34_d220_bernoulli_drop_0_25,reruns\grid_density\scenarios\cv\known_visit_grid34_targets10_trials50.csv,6,23,8,39.80216192268984,39.80216192268984,01,01,2,1,True,completed
39,known_visit,ACBBA,bernoulli,drop_0.25,34,1156,6,10,acbba_g34_d220_bernoulli_drop_0_25,reruns\grid_density\scenarios\cv\known_visit_grid34_targets10_trials50.csv,7,31,13,75.54735303692982,75.54735303692982,00,00,1,0,True,completed
39,known_visit,ACBBA,bernoulli,drop_0.25,34,1156,6,10,acbba_g34_d220_bernoulli_drop_0_25,reruns\grid_density\scenarios\cv\known_visit_grid34_targets10_trials50.csv,8,19,24,60.887273396749976,60.887273396749976,05,05,1,0,True,completed
39,known_visit,ACBBA,bernoulli,drop_0.25,34,1156,6,10,acbba_g34_d220_bernoulli_drop_0_25,reruns\grid_density\scenarios\cv\known_visit_grid34_targets10_trials50.csv,9,9,4,21.289984293368256,21.289984293368256,00,00,1,0,True,completed
39,known_visit,ACBBA,bernoulli,drop_0.25,34,1156,6,10,acbba_g34_d220_bernoulli_drop_0_25,reruns\grid_density\scenarios\cv\known_visit_grid34_targets10_trials50.csv,10,2,18,5.58870978890753,5.58870978890753,03,03,1,0,True,completed
40,known_visit,ACBBA,bernoulli,drop_0.25,34,1156,6,10,acbba_g34_d220_bernoulli_drop_0_25,reruns\grid_density\scenarios\cv\known_visit_grid34_targets10_trials50.csv,1,32,32,63.37279300001279,63.37279300001279,05,05,1,0,True,completed
40,known_visit,ACBBA,bernoulli,drop_0.25,34,1156,6,10,acbba_g34_d220_bernoulli_drop_0_25,reruns\grid_density\scenarios\cv\known_visit_grid34_targets10_trials50.csv,2,5,25,16.156104498747986,16.156104498747986,03,03,1,0,True,completed
40,known_visit,ACBBA,bernoulli,drop_0.25,34,1156,6,10,acbba_g34_d220_bernoulli_drop_0_25,reruns\grid_density\scenarios\cv\known_visit_grid34_targets10_trials50.csv,3,3,23,8.971276084461477,8.971276084461477,03,03,2,1,True,completed
40,known_visit,ACBBA,bernoulli,drop_0.25,34,1156,6,10,acbba_g34_d220_bernoulli_drop_0_25,reruns\grid_density\scenarios\cv\known_visit_grid34_targets10_trials50.csv,4,6,31,12.423466225727802,12.423466225727802,05,05,2,1,True,completed
40,known_visit,ACBBA,bernoulli,drop_0.25,34,1156,6,10,acbba_g34_d220_bernoulli_drop_0_25,reruns\grid_density\scenarios\cv\known_visit_grid34_targets10_trials50.csv,5,15,13,23.54497638186106,23.54497638186106,02,02,1,0,True,completed
40,known_visit,ACBBA,bernoulli,drop_0.25,34,1156,6,10,acbba_g34_d220_bernoulli_drop_0_25,reruns\grid_density\scenarios\cv\known_visit_grid34_targets10_trials50.csv,6,23,16,53.382041899014546,53.382041899014546,01,01,2,1,True,completed
40,known_visit,ACBBA,bernoulli,drop_0.25,34,1156,6,10,acbba_g34_d220_bernoulli_drop_0_25,reruns\grid_density\scenarios\cv\known_visit_grid34_targets10_trials50.csv,7,32,13,74.20836708611736,74.20836708611736,01,01,1,0,True,completed
40,known_visit,ACBBA,bernoulli,drop_0.25,34,1156,6,10,acbba_g34_d220_bernoulli_drop_0_25,reruns\grid_density\scenarios\cv\known_visit_grid34_targets10_trials50.csv,8,22,26,90.794901595083,90.794901595083,05,05,1,0,True,completed
40,known_visit,ACBBA,bernoulli,drop_0.25,34,1156,6,10,acbba_g34_d220_bernoulli_drop_0_25,reruns\grid_density\scenarios\cv\known_visit_grid34_targets10_trials50.csv,9,29,33,55.68365714579282,55.68365714579282,05,05,2,1,True,completed
40,known_visit,ACBBA,bernoulli,drop_0.25,34,1156,6,10,acbba_g34_d220_bernoulli_drop_0_25,reruns\grid_density\scenarios\cv\known_visit_grid34_targets10_trials50.csv,10,12,11,25.962572535067313,25.962572535067313,01,01,2,1,True,completed
41,known_visit,ACBBA,bernoulli,drop_0.25,34,1156,6,10,acbba_g34_d220_bernoulli_drop_0_25,reruns\grid_density\scenarios\cv\known_visit_grid34_targets10_trials50.csv,1,33,3,60.28114342282368,60.28114342282368,00,00,1,0,True,completed
41,known_visit,ACBBA,bernoulli,drop_0.25,34,1156,6,10,acbba_g34_d220_bernoulli_drop_0_25,reruns\grid_density\scenarios\cv\known_visit_grid34_targets10_trials50.csv,2,19,23,58.9998810642654,58.9998810642654,03,03,1,0,True,completed
41,known_visit,ACBBA,bernoulli,drop_0.25,34,1156,6,10,acbba_g34_d220_bernoulli_drop_0_25,reruns\grid_density\scenarios\cv\known_visit_grid34_targets10_trials50.csv,3,29,19,57.5374521830595,57.5374521830595,02,02,1,0,True,completed
41,known_visit,ACBBA,bernoulli,drop_0.25,34,1156,6,10,acbba_g34_d220_bernoulli_drop_0_25,reruns\grid_density\scenarios\cv\known_visit_grid34_targets10_trials50.csv,4,7,29,48.40392660065837,48.40392660065837,01,01,1,0,True,completed
41,known_visit,ACBBA,bernoulli,drop_0.25,34,1156,6,10,acbba_g34_d220_bernoulli_drop_0_25,reruns\grid_density\scenarios\cv\known_visit_grid34_targets10_trials50.csv,5,14,33,22.795289864269282,22.795289864269282,05,05,2,1,True,completed
41,known_visit,ACBBA,bernoulli,drop_0.25,34,1156,6,10,acbba_g34_d220_bernoulli_drop_0_25,reruns\grid_density\scenarios\cv\known_visit_grid34_targets10_trials50.csv,6,20,2,36.29851199002871,36.29851199002871,00,00,1,0,True,completed
41,known_visit,ACBBA,bernoulli,drop_0.25,34,1156,6,10,acbba_g34_d220_bernoulli_drop_0_25,reruns\grid_density\scenarios\cv\known_visit_grid34_targets10_trials50.csv,7,30,25,67.56236985810665,67.56236985810665,05,05,1,0,True,completed
41,known_visit,ACBBA,bernoulli,drop_0.25,34,1156,6,10,acbba_g34_d220_bernoulli_drop_0_25,reruns\grid_density\scenarios\cv\known_visit_grid34_targets10_trials50.csv,8,14,25,28.50457563601434,28.50457563601434,04,04,2,1,True,completed
41,known_visit,ACBBA,bernoulli,drop_0.25,34,1156,6,10,acbba_g34_d220_bernoulli_drop_0_25,reruns\grid_density\scenarios\cv\known_visit_grid34_targets10_trials50.csv,9,7,1,12.241070326528986,12.241070326528986,00,00,1,0,True,completed
41,known_visit,ACBBA,bernoulli,drop_0.25,34,1156,6,10,acbba_g34_d220_bernoulli_drop_0_25,reruns\grid_density\scenarios\cv\known_visit_grid34_targets10_trials50.csv,10,1,27,2.1797451288048,2.1797451288048,04,04,3,2,True,completed
42,known_visit,ACBBA,bernoulli,drop_0.25,34,1156,6,10,acbba_g34_d220_bernoulli_drop_0_25,reruns\grid_density\scenarios\cv\known_visit_grid34_targets10_trials50.csv,1,11,32,19.374630220096424,19.374630220096424,05,05,1,0,True,completed
42,known_visit,ACBBA,bernoulli,drop_0.25,34,1156,6,10,acbba_g34_d220_bernoulli_drop_0_25,reruns\grid_density\scenarios\cv\known_visit_grid34_targets10_trials50.csv,2,21,13,44.58375776237893,44.58375776237893,01,01,1,0,True,completed
42,known_visit,ACBBA,bernoulli,drop_0.25,34,1156,6,10,acbba_g34_d220_bernoulli_drop_0_25,reruns\grid_density\scenarios\cv\known_visit_grid34_targets10_trials50.csv,3,10,16,20.955117308897456,20.955117308897456,02,02,2,1,True,completed
42,known_visit,ACBBA,bernoulli,drop_0.25,34,1156,6,10,acbba_g34_d220_bernoulli_drop_0_25,reruns\grid_density\scenarios\cv\known_visit_grid34_targets10_trials50.csv,4,12,22,23.377380997340122,23.377380997340122,03,03,2,1,True,completed
42,known_visit,ACBBA,bernoulli,drop_0.25,34,1156,6,10,acbba_g34_d220_bernoulli_drop_0_25,reruns\grid_density\scenarios\cv\known_visit_grid34_targets10_trials50.csv,5,27,14,56.91340097333878,56.91340097333878,01,01,1,0,True,completed
42,known_visit,ACBBA,bernoulli,drop_0.25,34,1156,6,10,acbba_g34_d220_bernoulli_drop_0_25,reruns\grid_density\scenarios\cv\known_visit_grid34_targets10_trials50.csv,6,2,23,7.800883103150912,7.800883103150912,04,04,1,0,True,completed
42,known_visit,ACBBA,bernoulli,drop_0.25,34,1156,6,10,acbba_g34_d220_bernoulli_drop_0_25,reruns\grid_density\scenarios\cv\known_visit_grid34_targets10_trials50.csv,7,27,21,51.4203822667393,51.4203822667393,03,03,1,0,True,completed
42,known_visit,ACBBA,bernoulli,drop_0.25,34,1156,6,10,acbba_g34_d220_bernoulli_drop_0_25,reruns\grid_density\scenarios\cv\known_visit_grid34_targets10_trials50.csv,8,16,7,25.31230306799317,25.31230306799317,01,01,2,1,True,completed
42,known_visit,ACBBA,bernoulli,drop_0.25,34,1156,6,10,acbba_g34_d220_bernoulli_drop_0_25,reruns\grid_density\scenarios\cv\known_visit_grid34_targets10_trials50.csv,9,20,21,39.24088923948883,39.24088923948883,03,03,1,0,True,completed
42,known_visit,ACBBA,bernoulli,drop_0.25,34,1156,6,10,acbba_g34_d220_bernoulli_drop_0_25,reruns\grid_density\scenarios\cv\known_visit_grid34_targets10_trials50.csv,10,8,9,28.09378450644093,28.09378450644093,00,00,1,0,True,completed
43,known_visit,ACBBA,bernoulli,drop_0.25,34,1156,6,10,acbba_g34_d220_bernoulli_drop_0_25,reruns\grid_density\scenarios\cv\known_visit_grid34_targets10_trials50.csv,1,7,22,14.115661997202988,14.115661997202988,03,03,2,1,True,completed
43,known_visit,ACBBA,bernoulli,drop_0.25,34,1156,6,10,acbba_g34_d220_bernoulli_drop_0_25,reruns\grid_density\scenarios\cv\known_visit_grid34_targets10_trials50.csv,2,30,0,65.94675557330204,65.94675557330204,01,01,1,0,True,completed
43,known_visit,ACBBA,bernoulli,drop_0.25,34,1156,6,10,acbba_g34_d220_bernoulli_drop_0_25,reruns\grid_density\scenarios\cv\known_visit_grid34_targets10_trials50.csv,3,14,3,31.949505322005653,31.949505322005653,00,00,1,0,True,completed
43,known_visit,ACBBA,bernoulli,drop_0.25,34,1156,6,10,acbba_g34_d220_bernoulli_drop_0_25,reruns\grid_density\scenarios\cv\known_visit_grid34_targets10_trials50.csv,4,15,1,26.232682946366168,26.232682946366168,00,00,2,1,True,completed
43,known_visit,ACBBA,bernoulli,drop_0.25,34,1156,6,10,acbba_g34_d220_bernoulli_drop_0_25,reruns\grid_density\scenarios\cv\known_visit_grid34_targets10_trials50.csv,5,10,17,28.41513863868577,28.41513863868577,03,03,2,1,True,completed
43,known_visit,ACBBA,bernoulli,drop_0.25,34,1156,6,10,acbba_g34_d220_bernoulli_drop_0_25,reruns\grid_density\scenarios\cv\known_visit_grid34_targets10_trials50.csv,6,9,7,13.758987723037064,13.758987723037064,01,01,2,1,True,completed
43,known_visit,ACBBA,bernoulli,drop_0.25,34,1156,6,10,acbba_g34_d220_bernoulli_drop_0_25,reruns\grid_density\scenarios\cv\known_visit_grid34_targets10_trials50.csv,7,13,30,26.39588409560013,26.39588409560013,05,05,1,0,True,completed
43,known_visit,ACBBA,bernoulli,drop_0.25,34,1156,6,10,acbba_g34_d220_bernoulli_drop_0_25,reruns\grid_density\scenarios\cv\known_visit_grid34_targets10_trials50.csv,8,3,2,38.08568435482924,38.08568435482924,02,02,1,0,True,completed
43,known_visit,ACBBA,bernoulli,drop_0.25,34,1156,6,10,acbba_g34_d220_bernoulli_drop_0_25,reruns\grid_density\scenarios\cv\known_visit_grid34_targets10_trials50.csv,9,15,8,26.078391561957293,26.078391561957293,01,01,2,1,True,completed
43,known_visit,ACBBA,bernoulli,drop_0.25,34,1156,6,10,acbba_g34_d220_bernoulli_drop_0_25,reruns\grid_density\scenarios\cv\known_visit_grid34_targets10_trials50.csv,10,3,9,10.931507436718062,10.931507436718062,02,02,2,1,True,completed
44,known_visit,ACBBA,bernoulli,drop_0.25,34,1156,6,10,acbba_g34_d220_bernoulli_drop_0_25,reruns\grid_density\scenarios\cv\known_visit_grid34_targets10_trials50.csv,1,3,4,8.851370015610293,8.851370015610293,01,01,1,0,True,completed
44,known_visit,ACBBA,bernoulli,drop_0.25,34,1156,6,10,acbba_g34_d220_bernoulli_drop_0_25,reruns\grid_density\scenarios\cv\known_visit_grid34_targets10_trials50.csv,2,15,1,33.35838394078779,33.35838394078779,00,00,2,1,True,completed
44,known_visit,ACBBA,bernoulli,drop_0.25,34,1156,6,10,acbba_g34_d220_bernoulli_drop_0_25,reruns\grid_density\scenarios\cv\known_visit_grid34_targets10_trials50.csv,3,20,24,36.61754195311324,36.61754195311324,04,04,1,0,True,completed
44,known_visit,ACBBA,bernoulli,drop_0.25,34,1156,6,10,acbba_g34_d220_bernoulli_drop_0_25,reruns\grid_density\scenarios\cv\known_visit_grid34_targets10_trials50.csv,4,31,27,64.7070838500002,64.7070838500002,04,04,1,0,True,completed
44,known_visit,ACBBA,bernoulli,drop_0.25,34,1156,6,10,acbba_g34_d220_bernoulli_drop_0_25,reruns\grid_density\scenarios\cv\known_visit_grid34_targets10_trials50.csv,5,14,31,26.0217450004381,26.0217450004381,05,05,1,0,True,completed
44,known_visit,ACBBA,bernoulli,drop_0.25,34,1156,6,10,acbba_g34_d220_bernoulli_drop_0_25,reruns\grid_density\scenarios\cv\known_visit_grid34_targets10_trials50.csv,6,10,3,21.114443099627152,21.114443099627152,00,00,1,0,True,completed
44,known_visit,ACBBA,bernoulli,drop_0.25,34,1156,6,10,acbba_g34_d220_bernoulli_drop_0_25,reruns\grid_density\scenarios\cv\known_visit_grid34_targets10_trials50.csv,7,12,24,22.698621841487892,22.698621841487892,04,04,1,0,True,completed
44,known_visit,ACBBA,bernoulli,drop_0.25,34,1156,6,10,acbba_g34_d220_bernoulli_drop_0_25,reruns\grid_density\scenarios\cv\known_visit_grid34_targets10_trials50.csv,8,10,10,33.52268106939393,33.52268106939393,01,01,1,0,True,completed
44,known_visit,ACBBA,bernoulli,drop_0.25,34,1156,6,10,acbba_g34_d220_bernoulli_drop_0_25,reruns\grid_density\scenarios\cv\known_visit_grid34_targets10_trials50.csv,9,19,1,40.27364441787236,40.27364441787236,00,00,1,0,True,completed
44,known_visit,ACBBA,bernoulli,drop_0.25,34,1156,6,10,acbba_g34_d220_bernoulli_drop_0_25,reruns\grid_density\scenarios\cv\known_visit_grid34_targets10_trials50.csv,10,16,16,30.994812066900383,30.994812066900383,02,02,2,1,True,completed
45,known_visit,ACBBA,bernoulli,drop_0.25,34,1156,6,10,acbba_g34_d220_bernoulli_drop_0_25,reruns\grid_density\scenarios\cv\known_visit_grid34_targets10_trials50.csv,1,26,4,47.86136472199232,47.86136472199232,01,01,1,0,True,completed
45,known_visit,ACBBA,bernoulli,drop_0.25,34,1156,6,10,acbba_g34_d220_bernoulli_drop_0_25,reruns\grid_density\scenarios\cv\known_visit_grid34_targets10_trials50.csv,2,12,4,24.621661698897483,24.621661698897483,01,01,2,1,True,completed
45,known_visit,ACBBA,bernoulli,drop_0.25,34,1156,6,10,acbba_g34_d220_bernoulli_drop_0_25,reruns\grid_density\scenarios\cv\known_visit_grid34_targets10_trials50.csv,3,11,3,22.72315891303876,22.72315891303876,00,00,1,0,True,completed
45,known_visit,ACBBA,bernoulli,drop_0.25,34,1156,6,10,acbba_g34_d220_bernoulli_drop_0_25,reruns\grid_density\scenarios\cv\known_visit_grid34_targets10_trials50.csv,4,14,27,24.59025137601933,24.59025137601933,04,04,1,0,True,completed
45,known_visit,ACBBA,bernoulli,drop_0.25,34,1156,6,10,acbba_g34_d220_bernoulli_drop_0_25,reruns\grid_density\scenarios\cv\known_visit_grid34_targets10_trials50.csv,5,2,22,5.671028527721493,5.671028527721493,03,03,1,0,True,completed
45,known_visit,ACBBA,bernoulli,drop_0.25,34,1156,6,10,acbba_g34_d220_bernoulli_drop_0_25,reruns\grid_density\scenarios\cv\known_visit_grid34_targets10_trials50.csv,6,3,27,5.486534580383647,5.486534580383647,04,04,3,2,True,completed
45,known_visit,ACBBA,bernoulli,drop_0.25,34,1156,6,10,acbba_g34_d220_bernoulli_drop_0_25,reruns\grid_density\scenarios\cv\known_visit_grid34_targets10_trials50.csv,7,23,24,45.297474526658355,45.297474526658355,04,04,1,0,True,completed
45,known_visit,ACBBA,bernoulli,drop_0.25,34,1156,6,10,acbba_g34_d220_bernoulli_drop_0_25,reruns\grid_density\scenarios\cv\known_visit_grid34_targets10_trials50.csv,8,17,9,43.565414103811314,43.565414103811314,00,00,1,0,True,completed
45,known_visit,ACBBA,bernoulli,drop_0.25,34,1156,6,10,acbba_g34_d220_bernoulli_drop_0_25,reruns\grid_density\scenarios\cv\known_visit_grid34_targets10_trials50.csv,9,3,17,10.568554488668386,10.568554488668386,02,02,1,0,True,completed
45,known_visit,ACBBA,bernoulli,drop_0.25,34,1156,6,10,acbba_g34_d220_bernoulli_drop_0_25,reruns\grid_density\scenarios\cv\known_visit_grid34_targets10_trials50.csv,10,5,4,12.496639956195644,12.496639956195644,01,01,2,1,True,completed
46,known_visit,ACBBA,bernoulli,drop_0.25,34,1156,6,10,acbba_g34_d220_bernoulli_drop_0_25,reruns\grid_density\scenarios\cv\known_visit_grid34_targets10_trials50.csv,1,31,2,60.66720234129224,60.66720234129224,01,01,1,0,True,completed
46,known_visit,ACBBA,bernoulli,drop_0.25,34,1156,6,10,acbba_g34_d220_bernoulli_drop_0_25,reruns\grid_density\scenarios\cv\known_visit_grid34_targets10_trials50.csv,2,30,4,55.36493924315548,55.36493924315548,01,01,2,1,True,completed
46,known_visit,ACBBA,bernoulli,drop_0.25,34,1156,6,10,acbba_g34_d220_bernoulli_drop_0_25,reruns\grid_density\scenarios\cv\known_visit_grid34_targets10_trials50.csv,3,6,23,14.121024607863387,14.121024607863387,04,04,1,0,True,completed
46,known_visit,ACBBA,bernoulli,drop_0.25,34,1156,6,10,acbba_g34_d220_bernoulli_drop_0_25,reruns\grid_density\scenarios\cv\known_visit_grid34_targets10_trials50.csv,4,25,14,60.85733022817451,60.85733022817451,03,03,1,0,True,completed
46,known_visit,ACBBA,bernoulli,drop_0.25,34,1156,6,10,acbba_g34_d220_bernoulli_drop_0_25,reruns\grid_density\scenarios\cv\known_visit_grid34_targets10_trials50.csv,5,11,33,17.21926283094599,17.21926283094599,05,05,1,0,True,completed
46,known_visit,ACBBA,bernoulli,drop_0.25,34,1156,6,10,acbba_g34_d220_bernoulli_drop_0_25,reruns\grid_density\scenarios\cv\known_visit_grid34_targets10_trials50.csv,6,30,8,74.98188866047008,74.98188866047008,00,00,1,0,True,completed
46,known_visit,ACBBA,bernoulli,drop_0.25,34,1156,6,10,acbba_g34_d220_bernoulli_drop_0_25,reruns\grid_density\scenarios\cv\known_visit_grid34_targets10_trials50.csv,7,24,32,41.08536222369199,41.08536222369199,05,05,1,0,True,completed
46,known_visit,ACBBA,bernoulli,drop_0.25,34,1156,6,10,acbba_g34_d220_bernoulli_drop_0_25,reruns\grid_density\scenarios\cv\known_visit_grid34_targets10_trials50.csv,8,18,16,36.74187499282627,36.74187499282627,03,03,2,1,True,completed
46,known_visit,ACBBA,bernoulli,drop_0.25,34,1156,6,10,acbba_g34_d220_bernoulli_drop_0_25,reruns\grid_density\scenarios\cv\known_visit_grid34_targets10_trials50.csv,9,22,3,41.30488165561556,41.30488165561556,00,00,1,0,True,completed
46,known_visit,ACBBA,bernoulli,drop_0.25,34,1156,6,10,acbba_g34_d220_bernoulli_drop_0_25,reruns\grid_density\scenarios\cv\known_visit_grid34_targets10_trials50.csv,10,15,22,31.467128503785734,31.467128503785734,04,04,2,1,True,completed
47,known_visit,ACBBA,bernoulli,drop_0.25,34,1156,6,10,acbba_g34_d220_bernoulli_drop_0_25,reruns\grid_density\scenarios\cv\known_visit_grid34_targets10_trials50.csv,1,15,14,25.953146650961237,25.953146650961237,02,02,2,1,True,completed
47,known_visit,ACBBA,bernoulli,drop_0.25,34,1156,6,10,acbba_g34_d220_bernoulli_drop_0_25,reruns\grid_density\scenarios\cv\known_visit_grid34_targets10_trials50.csv,2,27,28,52.78761057607162,52.78761057607162,05,05,1,0,True,completed
47,known_visit,ACBBA,bernoulli,drop_0.25,34,1156,6,10,acbba_g34_d220_bernoulli_drop_0_25,reruns\grid_density\scenarios\cv\known_visit_grid34_targets10_trials50.csv,3,25,15,45.221236405178914,45.221236405178914,02,02,1,0,True,completed
47,known_visit,ACBBA,bernoulli,drop_0.25,34,1156,6,10,acbba_g34_d220_bernoulli_drop_0_25,reruns\grid_density\scenarios\cv\known_visit_grid34_targets10_trials50.csv,4,13,23,26.28556315813389,26.28556315813389,04,04,1,0,True,completed
47,known_visit,ACBBA,bernoulli,drop_0.25,34,1156,6,10,acbba_g34_d220_bernoulli_drop_0_25,reruns\grid_density\scenarios\cv\known_visit_grid34_targets10_trials50.csv,5,20,25,41.587947036014214,41.587947036014214,03,03,1,0,True,completed
47,known_visit,ACBBA,bernoulli,drop_0.25,34,1156,6,10,acbba_g34_d220_bernoulli_drop_0_25,reruns\grid_density\scenarios\cv\known_visit_grid34_targets10_trials50.csv,6,2,3,7.458016367402929,7.458016367402929,00,00,1,0,True,completed
47,known_visit,ACBBA,bernoulli,drop_0.25,34,1156,6,10,acbba_g34_d220_bernoulli_drop_0_25,reruns\grid_density\scenarios\cv\known_visit_grid34_targets10_trials50.csv,7,4,21,7.173892290931273,7.173892290931273,03,03,2,1,True,completed
47,known_visit,ACBBA,bernoulli,drop_0.25,34,1156,6,10,acbba_g34_d220_bernoulli_drop_0_25,reruns\grid_density\scenarios\cv\known_visit_grid34_targets10_trials50.csv,8,6,13,8.719221178714673,8.719221178714673,02,02,2,1,True,completed
47,known_visit,ACBBA,bernoulli,drop_0.25,34,1156,6,10,acbba_g34_d220_bernoulli_drop_0_25,reruns\grid_density\scenarios\cv\known_visit_grid34_targets10_trials50.csv,9,1,2,3.8309246712832747,3.8309246712832747,00,00,1,0,True,completed
47,known_visit,ACBBA,bernoulli,drop_0.25,34,1156,6,10,acbba_g34_d220_bernoulli_drop_0_25,reruns\grid_density\scenarios\cv\known_visit_grid34_targets10_trials50.csv,10,15,15,27.706416989527874,27.706416989527874,02,02,2,1,True,completed
48,known_visit,ACBBA,bernoulli,drop_0.25,34,1156,6,10,acbba_g34_d220_bernoulli_drop_0_25,reruns\grid_density\scenarios\cv\known_visit_grid34_targets10_trials50.csv,1,22,6,37.97911655144597,37.97911655144597,01,01,1,0,True,completed
48,known_visit,ACBBA,bernoulli,drop_0.25,34,1156,6,10,acbba_g34_d220_bernoulli_drop_0_25,reruns\grid_density\scenarios\cv\known_visit_grid34_targets10_trials50.csv,2,6,16,14.060181645568173,14.060181645568173,02,02,2,1,True,completed
48,known_visit,ACBBA,bernoulli,drop_0.25,34,1156,6,10,acbba_g34_d220_bernoulli_drop_0_25,reruns\grid_density\scenarios\cv\known_visit_grid34_targets10_trials50.csv,3,29,12,60.410445602288775,60.410445602288775,01,01,1,0,True,completed
48,known_visit,ACBBA,bernoulli,drop_0.25,34,1156,6,10,acbba_g34_d220_bernoulli_drop_0_25,reruns\grid_density\scenarios\cv\known_visit_grid34_targets10_trials50.csv,4,27,23,82.83572157630259,82.83572157630259,01,01,1,0,True,completed
48,known_visit,ACBBA,bernoulli,drop_0.25,34,1156,6,10,acbba_g34_d220_bernoulli_drop_0_25,reruns\grid_density\scenarios\cv\known_visit_grid34_targets10_trials50.csv,5,15,4,48.53258460098504,48.53258460098504,00,00,2,1,True,completed
48,known_visit,ACBBA,bernoulli,drop_0.25,34,1156,6,10,acbba_g34_d220_bernoulli_drop_0_25,reruns\grid_density\scenarios\cv\known_visit_grid34_targets10_trials50.csv,6,4,31,8.94357743350963,8.94357743350963,05,05,1,0,True,completed
48,known_visit,ACBBA,bernoulli,drop_0.25,34,1156,6,10,acbba_g34_d220_bernoulli_drop_0_25,reruns\grid_density\scenarios\cv\known_visit_grid34_targets10_trials50.csv,7,13,6,22.516956387925756,22.516956387925756,01,01,2,1,True,completed
48,known_visit,ACBBA,bernoulli,drop_0.25,34,1156,6,10,acbba_g34_d220_bernoulli_drop_0_25,reruns\grid_density\scenarios\cv\known_visit_grid34_targets10_trials50.csv,8,9,23,18.956749038830086,18.956749038830086,03,03,2,1,True,completed
48,known_visit,ACBBA,bernoulli,drop_0.25,34,1156,6,10,acbba_g34_d220_bernoulli_drop_0_25,reruns\grid_density\scenarios\cv\known_visit_grid34_targets10_trials50.csv,9,16,17,33.22352627882932,33.22352627882932,02,02,2,1,True,completed
48,known_visit,ACBBA,bernoulli,drop_0.25,34,1156,6,10,acbba_g34_d220_bernoulli_drop_0_25,reruns\grid_density\scenarios\cv\known_visit_grid34_targets10_trials50.csv,10,20,3,37.82800029693943,37.82800029693943,00,00,1,0,True,completed
49,known_visit,ACBBA,bernoulli,drop_0.25,34,1156,6,10,acbba_g34_d220_bernoulli_drop_0_25,reruns\grid_density\scenarios\cv\known_visit_grid34_targets10_trials50.csv,1,13,7,34.25385793424137,34.25385793424137,02,02,1,0,True,completed
49,known_visit,ACBBA,bernoulli,drop_0.25,34,1156,6,10,acbba_g34_d220_bernoulli_drop_0_25,reruns\grid_density\scenarios\cv\known_visit_grid34_targets10_trials50.csv,2,7,5,14.847151255354692,14.847151255354692,01,01,1,0,True,completed
49,known_visit,ACBBA,bernoulli,drop_0.25,34,1156,6,10,acbba_g34_d220_bernoulli_drop_0_25,reruns\grid_density\scenarios\cv\known_visit_grid34_targets10_trials50.csv,3,30,25,63.52967304328103,63.52967304328103,05,05,1,0,True,completed
49,known_visit,ACBBA,bernoulli,drop_0.25,34,1156,6,10,acbba_g34_d220_bernoulli_drop_0_25,reruns\grid_density\scenarios\cv\known_visit_grid34_targets10_trials50.csv,4,2,21,3.8643424103805404,3.8643424103805404,03,03,1,0,True,completed
49,known_visit,ACBBA,bernoulli,drop_0.25,34,1156,6,10,acbba_g34_d220_bernoulli_drop_0_25,reruns\grid_density\scenarios\cv\known_visit_grid34_targets10_trials50.csv,5,18,24,46.92096751447389,46.92096751447389,03,03,1,0,True,completed
49,known_visit,ACBBA,bernoulli,drop_0.25,34,1156,6,10,acbba_g34_d220_bernoulli_drop_0_25,reruns\grid_density\scenarios\cv\known_visit_grid34_targets10_trials50.csv,6,2,2,5.540163301173967,5.540163301173967,00,00,1,0,True,completed
49,known_visit,ACBBA,bernoulli,drop_0.25,34,1156,6,10,acbba_g34_d220_bernoulli_drop_0_25,reruns\grid_density\scenarios\cv\known_visit_grid34_targets10_trials50.csv,7,24,30,44.27831946325039,44.27831946325039,05,05,1,0,True,completed
49,known_visit,ACBBA,bernoulli,drop_0.25,34,1156,6,10,acbba_g34_d220_bernoulli_drop_0_25,reruns\grid_density\scenarios\cv\known_visit_grid34_targets10_trials50.csv,8,11,27,29.571952984503906,29.571952984503906,03,03,1,0,True,completed
49,known_visit,ACBBA,bernoulli,drop_0.25,34,1156,6,10,acbba_g34_d220_bernoulli_drop_0_25,reruns\grid_density\scenarios\cv\known_visit_grid34_targets10_trials50.csv,9,11,1,28.666056990973882,28.666056990973882,01,01,1,0,True,completed
49,known_visit,ACBBA,bernoulli,drop_0.25,34,1156,6,10,acbba_g34_d220_bernoulli_drop_0_25,reruns\grid_density\scenarios\cv\known_visit_grid34_targets10_trials50.csv,10,14,12,23.89029604628169,23.89029604628169,02,02,1,0,True,completed
