trial_id,trial_mode,algorithm,comm_model,comm_level,grid_size,grid_cells,robot_count,target_count,condition_id,scenario_file,target_index,target_x,target_y,first_completion_time_s,first_completion_sim_time_s,first_found_by_robot,first_finder_robot_id,total_visits,duplicate_visits,completed,trial_status
0,known_visit,PI,ideal,1.0,19,361,4,20,targets_20_pi_h1_ideal,objective_tuning_target_load_pilot_25\scenarios\known_visit_g19_t20_n25.csv,1,11,7,29.83540318660367,29.83540318660367,00,00,1,0,True,completed
0,known_visit,PI,ideal,1.0,19,361,4,20,targets_20_pi_h1_ideal,objective_tuning_target_load_pilot_25\scenarios\known_visit_g19_t20_n25.csv,2,17,15,37.01329910123084,37.01329910123084,03,03,1,0,True,completed
0,known_visit,PI,ideal,1.0,19,361,4,20,targets_20_pi_h1_ideal,objective_tuning_target_load_pilot_25\scenarios\known_visit_g19_t20_n25.csv,3,14,5,38.85342787002721,38.85342787002721,00,00,1,0,True,completed
0,known_visit,PI,ideal,1.0,19,361,4,20,targets_20_pi_h1_ideal,objective_tuning_target_load_pilot_25\scenarios\known_visit_g19_t20_n25.csv,4,8,0,12.218666387983912,12.218666387983912,00,00,1,0,True,completed
0,known_visit,PI,ideal,1.0,19,361,4,20,targets_20_pi_h1_ideal,objective_tuning_target_load_pilot_25\scenarios\known_visit_g19_t20_n25.csv,5,14,15,31.5276451163121,31.5276451163121,03,03,1,0,True,completed
0,known_visit,PI,ideal,1.0,19,361,4,20,targets_20_pi_h1_ideal,objective_tuning_target_load_pilot_25\scenarios\known_visit_g19_t20_n25.csv,6,7,5,19.829329686741538,19.829329686741538,01,01,1,0,True,completed
0,known_visit,PI,ideal,1.0,19,361,4,20,targets_20_pi_h1_ideal,objective_tuning_target_load_pilot_25\scenarios\known_visit_g19_t20_n25.csv,7,2,6,2.007495437510537,2.007495437510537,01,01,1,0,True,completed
0,known_visit,PI,ideal,1.0,19,361,4,20,targets_20_pi_h1_ideal,objective_tuning_target_load_pilot_25\scenarios\known_visit_g19_t20_n25.csv,8,3,8,7.345130338014446,7.345130338014446,01,01,1,0,True,completed
0,known_visit,PI,ideal,1.0,19,361,4,20,targets_20_pi_h1_ideal,objective_tuning_target_load_pilot_25\scenarios\known_visit_g19_t20_n25.csv,9,12,12,37.83359654756709,37.83359654756709,02,02,1,0,True,completed
0,known_visit,PI,ideal,1.0,19,361,4,20,targets_20_pi_h1_ideal,objective_tuning_target_load_pilot_25\scenarios\known_visit_g19_t20_n25.csv,10,16,5,42.59529924044598,42.59529924044598,00,00,1,0,True,completed
0,known_visit,PI,ideal,1.0,19,361,4,20,targets_20_pi_h1_ideal,objective_tuning_target_load_pilot_25\scenarios\known_visit_g19_t20_n25.csv,11,10,14,30.363414282166243,30.363414282166243,02,02,1,0,True,completed
0,known_visit,PI,ideal,1.0,19,361,4,20,targets_20_pi_h1_ideal,objective_tuning_target_load_pilot_25\scenarios\known_visit_g19_t20_n25.csv,12,3,18,3.5039933928283946,3.5039933928283946,03,03,1,0,True,completed
0,known_visit,PI,ideal,1.0,19,361,4,20,targets_20_pi_h1_ideal,objective_tuning_target_load_pilot_25\scenarios\known_visit_g19_t20_n25.csv,13,10,12,26.977668860390555,26.977668860390555,02,02,1,0,True,completed
0,known_visit,PI,ideal,1.0,19,361,4,20,targets_20_pi_h1_ideal,objective_tuning_target_load_pilot_25\scenarios\known_visit_g19_t20_n25.csv,14,5,18,6.869936817176736,6.869936817176736,03,03,1,0,True,completed
0,known_visit,PI,ideal,1.0,19,361,4,20,targets_20_pi_h1_ideal,objective_tuning_target_load_pilot_25\scenarios\known_visit_g19_t20_n25.csv,15,13,14,27.496520033268503,27.496520033268503,03,03,1,0,True,completed
0,known_visit,PI,ideal,1.0,19,361,4,20,targets_20_pi_h1_ideal,objective_tuning_target_load_pilot_25\scenarios\known_visit_g19_t20_n25.csv,16,4,11,14.65303752360824,14.65303752360824,02,02,1,0,True,completed
0,known_visit,PI,ideal,1.0,19,361,4,20,targets_20_pi_h1_ideal,objective_tuning_target_load_pilot_25\scenarios\known_visit_g19_t20_n25.csv,17,12,18,18.471139750609115,18.471139750609115,03,03,1,0,True,completed
0,known_visit,PI,ideal,1.0,19,361,4,20,targets_20_pi_h1_ideal,objective_tuning_target_load_pilot_25\scenarios\known_visit_g19_t20_n25.csv,18,1,14,3.8667921638020926,3.8667921638020926,02,02,1,0,True,completed
0,known_visit,PI,ideal,1.0,19,361,4,20,targets_20_pi_h1_ideal,objective_tuning_target_load_pilot_25\scenarios\known_visit_g19_t20_n25.csv,19,15,10,43.5310670080979,43.5310670080979,01,01,1,0,True,completed
0,known_visit,PI,ideal,1.0,19,361,4,20,targets_20_pi_h1_ideal,objective_tuning_target_load_pilot_25\scenarios\known_visit_g19_t20_n25.csv,20,11,10,36.66517045543834,36.66517045543834,01,01,1,0,True,completed
1,known_visit,PI,ideal,1.0,19,361,4,20,targets_20_pi_h1_ideal,objective_tuning_target_load_pilot_25\scenarios\known_visit_g19_t20_n25.csv,1,10,3,39.35825830816661,39.35825830816661,02,02,1,0,True,completed
1,known_visit,PI,ideal,1.0,19,361,4,20,targets_20_pi_h1_ideal,objective_tuning_target_load_pilot_25\scenarios\known_visit_g19_t20_n25.csv,2,7,11,23.178567009344228,23.178567009344228,03,03,1,0,True,completed
1,known_visit,PI,ideal,1.0,19,361,4,20,targets_20_pi_h1_ideal,objective_tuning_target_load_pilot_25\scenarios\known_visit_g19_t20_n25.csv,3,0,1,0.4933977747892714,0.4933977747892714,00,00,1,0,True,completed
1,known_visit,PI,ideal,1.0,19,361,4,20,targets_20_pi_h1_ideal,objective_tuning_target_load_pilot_25\scenarios\known_visit_g19_t20_n25.csv,4,9,4,31.77027207280235,31.77027207280235,00,00,1,0,True,completed
1,known_visit,PI,ideal,1.0,19,361,4,20,targets_20_pi_h1_ideal,objective_tuning_target_load_pilot_25\scenarios\known_visit_g19_t20_n25.csv,5,0,3,3.7426086651924746,3.7426086651924746,00,00,1,0,True,completed
1,known_visit,PI,ideal,1.0,19,361,4,20,targets_20_pi_h1_ideal,objective_tuning_target_load_pilot_25\scenarios\known_visit_g19_t20_n25.csv,6,3,5,9.683533147952586,9.683533147952586,01,01,1,0,True,completed
1,known_visit,PI,ideal,1.0,19,361,4,20,targets_20_pi_h1_ideal,objective_tuning_target_load_pilot_25\scenarios\known_visit_g19_t20_n25.csv,7,1,17,2.2867536394645183,2.2867536394645183,03,03,1,0,True,completed
1,known_visit,PI,ideal,1.0,19,361,4,20,targets_20_pi_h1_ideal,objective_tuning_target_load_pilot_25\scenarios\known_visit_g19_t20_n25.csv,8,3,17,5.849724667429786,5.849724667429786,03,03,1,0,True,completed
1,known_visit,PI,ideal,1.0,19,361,4,20,targets_20_pi_h1_ideal,objective_tuning_target_load_pilot_25\scenarios\known_visit_g19_t20_n25.csv,9,12,8,27.07221420198981,27.07221420198981,02,02,1,0,True,completed
1,known_visit,PI,ideal,1.0,19,361,4,20,targets_20_pi_h1_ideal,objective_tuning_target_load_pilot_25\scenarios\known_visit_g19_t20_n25.csv,10,15,13,41.37296119335662,41.37296119335662,03,03,1,0,True,completed
1,known_visit,PI,ideal,1.0,19,361,4,20,targets_20_pi_h1_ideal,objective_tuning_target_load_pilot_25\scenarios\known_visit_g19_t20_n25.csv,11,5,5,13.425970062077413,13.425970062077413,01,01,1,0,True,completed
1,known_visit,PI,ideal,1.0,19,361,4,20,targets_20_pi_h1_ideal,objective_tuning_target_load_pilot_25\scenarios\known_visit_g19_t20_n25.csv,12,18,7,53.252194004739856,53.252194004739856,00,00,1,0,True,completed
1,known_visit,PI,ideal,1.0,19,361,4,20,targets_20_pi_h1_ideal,objective_tuning_target_load_pilot_25\scenarios\known_visit_g19_t20_n25.csv,13,2,12,1.8752619018648364,1.8752619018648364,02,02,1,0,True,completed
1,known_visit,PI,ideal,1.0,19,361,4,20,targets_20_pi_h1_ideal,objective_tuning_target_load_pilot_25\scenarios\known_visit_g19_t20_n25.csv,14,1,3,5.650821361532352,5.650821361532352,00,00,1,0,True,completed
1,known_visit,PI,ideal,1.0,19,361,4,20,targets_20_pi_h1_ideal,objective_tuning_target_load_pilot_25\scenarios\known_visit_g19_t20_n25.csv,15,8,10,16.448457022230542,16.448457022230542,02,02,1,0,True,completed
1,known_visit,PI,ideal,1.0,19,361,4,20,targets_20_pi_h1_ideal,objective_tuning_target_load_pilot_25\scenarios\known_visit_g19_t20_n25.csv,16,4,1,22.578722296830417,22.578722296830417,01,01,1,0,True,completed
1,known_visit,PI,ideal,1.0,19,361,4,20,targets_20_pi_h1_ideal,objective_tuning_target_load_pilot_25\scenarios\known_visit_g19_t20_n25.csv,17,4,10,9.013225432517745,9.013225432517745,02,02,1,0,True,completed
1,known_visit,PI,ideal,1.0,19,361,4,20,targets_20_pi_h1_ideal,objective_tuning_target_load_pilot_25\scenarios\known_visit_g19_t20_n25.csv,18,16,15,46.84104497410994,46.84104497410994,03,03,1,0,True,completed
1,known_visit,PI,ideal,1.0,19,361,4,20,targets_20_pi_h1_ideal,objective_tuning_target_load_pilot_25\scenarios\known_visit_g19_t20_n25.csv,19,2,7,14.487131804671801,14.487131804671801,00,00,1,0,True,completed
1,known_visit,PI,ideal,1.0,19,361,4,20,targets_20_pi_h1_ideal,objective_tuning_target_load_pilot_25\scenarios\known_visit_g19_t20_n25.csv,20,10,2,38.73235967974298,38.73235967974298,01,01,1,0,True,completed
2,known_visit,PI,ideal,1.0,19,361,4,20,targets_20_pi_h1_ideal,objective_tuning_target_load_pilot_25\scenarios\known_visit_g19_t20_n25.csv,1,8,17,14.38766716680289,14.38766716680289,03,03,1,0,True,completed
2,known_visit,PI,ideal,1.0,19,361,4,20,targets_20_pi_h1_ideal,objective_tuning_target_load_pilot_25\scenarios\known_visit_g19_t20_n25.csv,2,9,7,26.696227971527424,26.696227971527424,02,02,1,0,True,completed
2,known_visit,PI,ideal,1.0,19,361,4,20,targets_20_pi_h1_ideal,objective_tuning_target_load_pilot_25\scenarios\known_visit_g19_t20_n25.csv,3,13,2,28.935755389595805,28.935755389595805,00,00,1,0,True,completed
2,known_visit,PI,ideal,1.0,19,361,4,20,targets_20_pi_h1_ideal,objective_tuning_target_load_pilot_25\scenarios\known_visit_g19_t20_n25.csv,4,17,3,44.84714690855865,44.84714690855865,01,01,1,0,True,completed
2,known_visit,PI,ideal,1.0,19,361,4,20,targets_20_pi_h1_ideal,objective_tuning_target_load_pilot_25\scenarios\known_visit_g19_t20_n25.csv,5,16,16,40.7233005553666,40.7233005553666,03,03,1,0,True,completed
2,known_visit,PI,ideal,1.0,19,361,4,20,targets_20_pi_h1_ideal,objective_tuning_target_load_pilot_25\scenarios\known_visit_g19_t20_n25.csv,6,10,9,21.068438361808678,21.068438361808678,02,02,1,0,True,completed
2,known_visit,PI,ideal,1.0,19,361,4,20,targets_20_pi_h1_ideal,objective_tuning_target_load_pilot_25\scenarios\known_visit_g19_t20_n25.csv,7,9,6,28.70966264984182,28.70966264984182,02,02,1,0,True,completed
2,known_visit,PI,ideal,1.0,19,361,4,20,targets_20_pi_h1_ideal,objective_tuning_target_load_pilot_25\scenarios\known_visit_g19_t20_n25.csv,8,17,15,59.672659148143644,59.672659148143644,00,00,1,0,True,completed
2,known_visit,PI,ideal,1.0,19,361,4,20,targets_20_pi_h1_ideal,objective_tuning_target_load_pilot_25\scenarios\known_visit_g19_t20_n25.csv,9,6,12,8.535883206559836,8.535883206559836,02,02,1,0,True,completed
2,known_visit,PI,ideal,1.0,19,361,4,20,targets_20_pi_h1_ideal,objective_tuning_target_load_pilot_25\scenarios\known_visit_g19_t20_n25.csv,10,17,0,50.24731646535367,50.24731646535367,01,01,1,0,True,completed
2,known_visit,PI,ideal,1.0,19,361,4,20,targets_20_pi_h1_ideal,objective_tuning_target_load_pilot_25\scenarios\known_visit_g19_t20_n25.csv,11,1,17,2.0922048107328006,2.0922048107328006,03,03,1,0,True,completed
2,known_visit,PI,ideal,1.0,19,361,4,20,targets_20_pi_h1_ideal,objective_tuning_target_load_pilot_25\scenarios\known_visit_g19_t20_n25.csv,12,7,10,13.9973566414719,13.9973566414719,02,02,1,0,True,completed
2,known_visit,PI,ideal,1.0,19,361,4,20,targets_20_pi_h1_ideal,objective_tuning_target_load_pilot_25\scenarios\known_visit_g19_t20_n25.csv,13,13,18,49.78769002605646,49.78769002605646,03,03,1,0,True,completed
2,known_visit,PI,ideal,1.0,19,361,4,20,targets_20_pi_h1_ideal,objective_tuning_target_load_pilot_25\scenarios\known_visit_g19_t20_n25.csv,14,11,15,23.271280185862754,23.271280185862754,03,03,1,0,True,completed
2,known_visit,PI,ideal,1.0,19,361,4,20,targets_20_pi_h1_ideal,objective_tuning_target_load_pilot_25\scenarios\known_visit_g19_t20_n25.csv,15,0,1,0.502230212216684,0.502230212216684,00,00,1,0,True,completed
2,known_visit,PI,ideal,1.0,19,361,4,20,targets_20_pi_h1_ideal,objective_tuning_target_load_pilot_25\scenarios\known_visit_g19_t20_n25.csv,16,3,17,5.779709511920741,5.779709511920741,03,03,1,0,True,completed
2,known_visit,PI,ideal,1.0,19,361,4,20,targets_20_pi_h1_ideal,objective_tuning_target_load_pilot_25\scenarios\known_visit_g19_t20_n25.csv,17,3,0,7.646058534683602,7.646058534683602,00,00,1,0,True,completed
2,known_visit,PI,ideal,1.0,19,361,4,20,targets_20_pi_h1_ideal,objective_tuning_target_load_pilot_25\scenarios\known_visit_g19_t20_n25.csv,18,13,13,30.236410730887094,30.236410730887094,03,03,1,0,True,completed
2,known_visit,PI,ideal,1.0,19,361,4,20,targets_20_pi_h1_ideal,objective_tuning_target_load_pilot_25\scenarios\known_visit_g19_t20_n25.csv,19,15,18,46.350057422126355,46.350057422126355,03,03,1,0,True,completed
2,known_visit,PI,ideal,1.0,19,361,4,20,targets_20_pi_h1_ideal,objective_tuning_target_load_pilot_25\scenarios\known_visit_g19_t20_n25.csv,20,0,2,5.745581755423968,5.745581755423968,01,01,1,0,True,completed
3,known_visit,PI,ideal,1.0,19,361,4,20,targets_20_pi_h1_ideal,objective_tuning_target_load_pilot_25\scenarios\known_visit_g19_t20_n25.csv,1,12,12,27.278962042298183,27.278962042298183,02,02,1,0,True,completed
3,known_visit,PI,ideal,1.0,19,361,4,20,targets_20_pi_h1_ideal,objective_tuning_target_load_pilot_25\scenarios\known_visit_g19_t20_n25.csv,2,17,11,37.6124818125787,37.6124818125787,02,02,1,0,True,completed
3,known_visit,PI,ideal,1.0,19,361,4,20,targets_20_pi_h1_ideal,objective_tuning_target_load_pilot_25\scenarios\known_visit_g19_t20_n25.csv,3,2,6,1.9755728185463828,1.9755728185463828,01,01,1,0,True,completed
3,known_visit,PI,ideal,1.0,19,361,4,20,targets_20_pi_h1_ideal,objective_tuning_target_load_pilot_25\scenarios\known_visit_g19_t20_n25.csv,4,9,13,19.89811661620935,19.89811661620935,02,02,1,0,True,completed
3,known_visit,PI,ideal,1.0,19,361,4,20,targets_20_pi_h1_ideal,objective_tuning_target_load_pilot_25\scenarios\known_visit_g19_t20_n25.csv,5,2,17,3.8867085604518974,3.8867085604518974,03,03,1,0,True,completed
3,known_visit,PI,ideal,1.0,19,361,4,20,targets_20_pi_h1_ideal,objective_tuning_target_load_pilot_25\scenarios\known_visit_g19_t20_n25.csv,6,6,11,10.966183129110746,10.966183129110746,02,02,1,0,True,completed
3,known_visit,PI,ideal,1.0,19,361,4,20,targets_20_pi_h1_ideal,objective_tuning_target_load_pilot_25\scenarios\known_visit_g19_t20_n25.csv,7,17,3,51.73792394953871,51.73792394953871,01,01,1,0,True,completed
3,known_visit,PI,ideal,1.0,19,361,4,20,targets_20_pi_h1_ideal,objective_tuning_target_load_pilot_25\scenarios\known_visit_g19_t20_n25.csv,8,5,8,10.786496311808925,10.786496311808925,01,01,1,0,True,completed
3,known_visit,PI,ideal,1.0,19,361,4,20,targets_20_pi_h1_ideal,objective_tuning_target_load_pilot_25\scenarios\known_visit_g19_t20_n25.csv,9,14,10,40.53409149639207,40.53409149639207,03,03,1,0,True,completed
3,known_visit,PI,ideal,1.0,19,361,4,20,targets_20_pi_h1_ideal,objective_tuning_target_load_pilot_25\scenarios\known_visit_g19_t20_n25.csv,10,16,4,51.91099107412495,51.91099107412495,02,02,1,0,True,completed
3,known_visit,PI,ideal,1.0,19,361,4,20,targets_20_pi_h1_ideal,objective_tuning_target_load_pilot_25\scenarios\known_visit_g19_t20_n25.csv,11,8,15,17.609736387778224,17.609736387778224,03,03,1,0,True,completed
3,known_visit,PI,ideal,1.0,19,361,4,20,targets_20_pi_h1_ideal,objective_tuning_target_load_pilot_25\scenarios\known_visit_g19_t20_n25.csv,12,18,8,40.68249609844343,40.68249609844343,01,01,1,0,True,completed
3,known_visit,PI,ideal,1.0,19,361,4,20,targets_20_pi_h1_ideal,objective_tuning_target_load_pilot_25\scenarios\known_visit_g19_t20_n25.csv,13,9,8,25.123746520557184,25.123746520557184,01,01,1,0,True,completed
3,known_visit,PI,ideal,1.0,19,361,4,20,targets_20_pi_h1_ideal,objective_tuning_target_load_pilot_25\scenarios\known_visit_g19_t20_n25.csv,14,6,10,16.290007440810587,16.290007440810587,01,01,1,0,True,completed
3,known_visit,PI,ideal,1.0,19,361,4,20,targets_20_pi_h1_ideal,objective_tuning_target_load_pilot_25\scenarios\known_visit_g19_t20_n25.csv,15,10,16,23.130032814876678,23.130032814876678,03,03,1,0,True,completed
3,known_visit,PI,ideal,1.0,19,361,4,20,targets_20_pi_h1_ideal,objective_tuning_target_load_pilot_25\scenarios\known_visit_g19_t20_n25.csv,16,10,8,27.13977016451072,27.13977016451072,01,01,1,0,True,completed
3,known_visit,PI,ideal,1.0,19,361,4,20,targets_20_pi_h1_ideal,objective_tuning_target_load_pilot_25\scenarios\known_visit_g19_t20_n25.csv,17,12,0,47.7063210745855,47.7063210745855,00,00,1,0,True,completed
3,known_visit,PI,ideal,1.0,19,361,4,20,targets_20_pi_h1_ideal,objective_tuning_target_load_pilot_25\scenarios\known_visit_g19_t20_n25.csv,18,6,6,19.20911249111347,19.20911249111347,00,00,1,0,True,completed
3,known_visit,PI,ideal,1.0,19,361,4,20,targets_20_pi_h1_ideal,objective_tuning_target_load_pilot_25\scenarios\known_visit_g19_t20_n25.csv,19,1,18,0.22142777643624778,0.22142777643624778,03,03,1,0,True,completed
3,known_visit,PI,ideal,1.0,19,361,4,20,targets_20_pi_h1_ideal,objective_tuning_target_load_pilot_25\scenarios\known_visit_g19_t20_n25.csv,20,3,12,3.6762572991952,3.6762572991952,02,02,1,0,True,completed
4,known_visit,PI,ideal,1.0,19,361,4,20,targets_20_pi_h1_ideal,objective_tuning_target_load_pilot_25\scenarios\known_visit_g19_t20_n25.csv,1,10,14,33.69506637087548,33.69506637087548,02,02,1,0,True,completed
4,known_visit,PI,ideal,1.0,19,361,4,20,targets_20_pi_h1_ideal,objective_tuning_target_load_pilot_25\scenarios\known_visit_g19_t20_n25.csv,2,3,1,9.840481714963191,9.840481714963191,00,00,1,0,True,completed
4,known_visit,PI,ideal,1.0,19,361,4,20,targets_20_pi_h1_ideal,objective_tuning_target_load_pilot_25\scenarios\known_visit_g19_t20_n25.csv,3,12,5,32.95558520579939,32.95558520579939,00,00,1,0,True,completed
4,known_visit,PI,ideal,1.0,19,361,4,20,targets_20_pi_h1_ideal,objective_tuning_target_load_pilot_25\scenarios\known_visit_g19_t20_n25.csv,4,12,17,21.160396878546816,21.160396878546816,03,03,1,0,True,completed
4,known_visit,PI,ideal,1.0,19,361,4,20,targets_20_pi_h1_ideal,objective_tuning_target_load_pilot_25\scenarios\known_visit_g19_t20_n25.csv,5,17,8,46.92446638534987,46.92446638534987,00,00,1,0,True,completed
4,known_visit,PI,ideal,1.0,19,361,4,20,targets_20_pi_h1_ideal,objective_tuning_target_load_pilot_25\scenarios\known_visit_g19_t20_n25.csv,6,8,7,25.493357251747433,25.493357251747433,01,01,1,0,True,completed
4,known_visit,PI,ideal,1.0,19,361,4,20,targets_20_pi_h1_ideal,objective_tuning_target_load_pilot_25\scenarios\known_visit_g19_t20_n25.csv,7,17,13,47.79170162818295,47.79170162818295,02,02,1,0,True,completed
4,known_visit,PI,ideal,1.0,19,361,4,20,targets_20_pi_h1_ideal,objective_tuning_target_load_pilot_25\scenarios\known_visit_g19_t20_n25.csv,8,4,6,5.162681136124022,5.162681136124022,01,01,1,0,True,completed
4,known_visit,PI,ideal,1.0,19,361,4,20,targets_20_pi_h1_ideal,objective_tuning_target_load_pilot_25\scenarios\known_visit_g19_t20_n25.csv,9,5,18,18.02053475032605,18.02053475032605,02,02,1,0,True,completed
4,known_visit,PI,ideal,1.0,19,361,4,20,targets_20_pi_h1_ideal,objective_tuning_target_load_pilot_25\scenarios\known_visit_g19_t20_n25.csv,10,10,10,34.58211902797468,34.58211902797468,01,01,1,0,True,completed
4,known_visit,PI,ideal,1.0,19,361,4,20,targets_20_pi_h1_ideal,objective_tuning_target_load_pilot_25\scenarios\known_visit_g19_t20_n25.csv,11,2,2,5.813102135302324,5.813102135302324,00,00,1,0,True,completed
4,known_visit,PI,ideal,1.0,19,361,4,20,targets_20_pi_h1_ideal,objective_tuning_target_load_pilot_25\scenarios\known_visit_g19_t20_n25.csv,12,8,1,18.640106761340878,18.640106761340878,00,00,1,0,True,completed
4,known_visit,PI,ideal,1.0,19,361,4,20,targets_20_pi_h1_ideal,objective_tuning_target_load_pilot_25\scenarios\known_visit_g19_t20_n25.csv,13,2,13,3.9531338229643365,3.9531338229643365,02,02,1,0,True,completed
4,known_visit,PI,ideal,1.0,19,361,4,20,targets_20_pi_h1_ideal,objective_tuning_target_load_pilot_25\scenarios\known_visit_g19_t20_n25.csv,14,7,8,21.348029897809354,21.348029897809354,01,01,1,0,True,completed
4,known_visit,PI,ideal,1.0,19,361,4,20,targets_20_pi_h1_ideal,objective_tuning_target_load_pilot_25\scenarios\known_visit_g19_t20_n25.csv,15,4,17,7.22465332781118,7.22465332781118,03,03,1,0,True,completed
4,known_visit,PI,ideal,1.0,19,361,4,20,targets_20_pi_h1_ideal,objective_tuning_target_load_pilot_25\scenarios\known_visit_g19_t20_n25.csv,16,2,12,1.922228662525623,1.922228662525623,02,02,1,0,True,completed
4,known_visit,PI,ideal,1.0,19,361,4,20,targets_20_pi_h1_ideal,objective_tuning_target_load_pilot_25\scenarios\known_visit_g19_t20_n25.csv,17,5,4,10.473044900659252,10.473044900659252,01,01,1,0,True,completed
4,known_visit,PI,ideal,1.0,19,361,4,20,targets_20_pi_h1_ideal,objective_tuning_target_load_pilot_25\scenarios\known_visit_g19_t20_n25.csv,18,11,12,31.926314116309086,31.926314116309086,03,03,1,0,True,completed
4,known_visit,PI,ideal,1.0,19,361,4,20,targets_20_pi_h1_ideal,objective_tuning_target_load_pilot_25\scenarios\known_visit_g19_t20_n25.csv,19,11,2,25.725190659886742,25.725190659886742,00,00,1,0,True,completed
4,known_visit,PI,ideal,1.0,19,361,4,20,targets_20_pi_h1_ideal,objective_tuning_target_load_pilot_25\scenarios\known_visit_g19_t20_n25.csv,20,13,9,41.17288089925589,41.17288089925589,03,03,1,0,True,completed
5,known_visit,PI,ideal,1.0,19,361,4,20,targets_20_pi_h1_ideal,objective_tuning_target_load_pilot_25\scenarios\known_visit_g19_t20_n25.csv,1,11,10,20.580849939307335,20.580849939307335,02,02,1,0,True,completed
5,known_visit,PI,ideal,1.0,19,361,4,20,targets_20_pi_h1_ideal,objective_tuning_target_load_pilot_25\scenarios\known_visit_g19_t20_n25.csv,2,3,13,12.681451810851685,12.681451810851685,03,03,1,0,True,completed
5,known_visit,PI,ideal,1.0,19,361,4,20,targets_20_pi_h1_ideal,objective_tuning_target_load_pilot_25\scenarios\known_visit_g19_t20_n25.csv,3,17,2,40.142411027375545,40.142411027375545,00,00,1,0,True,completed
5,known_visit,PI,ideal,1.0,19,361,4,20,targets_20_pi_h1_ideal,objective_tuning_target_load_pilot_25\scenarios\known_visit_g19_t20_n25.csv,4,10,12,15.205725137135461,15.205725137135461,02,02,1,0,True,completed
5,known_visit,PI,ideal,1.0,19,361,4,20,targets_20_pi_h1_ideal,objective_tuning_target_load_pilot_25\scenarios\known_visit_g19_t20_n25.csv,5,7,0,14.606060116760187,14.606060116760187,00,00,1,0,True,completed
5,known_visit,PI,ideal,1.0,19,361,4,20,targets_20_pi_h1_ideal,objective_tuning_target_load_pilot_25\scenarios\known_visit_g19_t20_n25.csv,6,1,9,5.529723943231149,5.529723943231149,01,01,1,0,True,completed
5,known_visit,PI,ideal,1.0,19,361,4,20,targets_20_pi_h1_ideal,objective_tuning_target_load_pilot_25\scenarios\known_visit_g19_t20_n25.csv,7,9,9,30.005697262998332,30.005697262998332,03,03,1,0,True,completed
5,known_visit,PI,ideal,1.0,19,361,4,20,targets_20_pi_h1_ideal,objective_tuning_target_load_pilot_25\scenarios\known_visit_g19_t20_n25.csv,8,5,1,8.998797300263524,8.998797300263524,00,00,1,0,True,completed
5,known_visit,PI,ideal,1.0,19,361,4,20,targets_20_pi_h1_ideal,objective_tuning_target_load_pilot_25\scenarios\known_visit_g19_t20_n25.csv,9,12,13,27.962565926253475,27.962565926253475,02,02,1,0,True,completed
5,known_visit,PI,ideal,1.0,19,361,4,20,targets_20_pi_h1_ideal,objective_tuning_target_load_pilot_25\scenarios\known_visit_g19_t20_n25.csv,10,16,10,43.616806570109844,43.616806570109844,03,03,1,0,True,completed
5,known_visit,PI,ideal,1.0,19,361,4,20,targets_20_pi_h1_ideal,objective_tuning_target_load_pilot_25\scenarios\known_visit_g19_t20_n25.csv,11,17,5,45.65263758079514,45.65263758079514,00,00,1,0,True,completed
5,known_visit,PI,ideal,1.0,19,361,4,20,targets_20_pi_h1_ideal,objective_tuning_target_load_pilot_25\scenarios\known_visit_g19_t20_n25.csv,12,18,6,48.30951191975945,48.30951191975945,01,01,1,0,True,completed
5,known_visit,PI,ideal,1.0,19,361,4,20,targets_20_pi_h1_ideal,objective_tuning_target_load_pilot_25\scenarios\known_visit_g19_t20_n25.csv,13,11,11,18.887536748254327,18.887536748254327,02,02,1,0,True,completed
5,known_visit,PI,ideal,1.0,19,361,4,20,targets_20_pi_h1_ideal,objective_tuning_target_load_pilot_25\scenarios\known_visit_g19_t20_n25.csv,14,8,9,28.233617933909915,28.233617933909915,03,03,1,0,True,completed
5,known_visit,PI,ideal,1.0,19,361,4,20,targets_20_pi_h1_ideal,objective_tuning_target_load_pilot_25\scenarios\known_visit_g19_t20_n25.csv,15,12,2,31.391167891376774,31.391167891376774,00,00,1,0,True,completed
5,known_visit,PI,ideal,1.0,19,361,4,20,targets_20_pi_h1_ideal,objective_tuning_target_load_pilot_25\scenarios\known_visit_g19_t20_n25.csv,16,8,3,22.275154537891382,22.275154537891382,00,00,1,0,True,completed
5,known_visit,PI,ideal,1.0,19,361,4,20,targets_20_pi_h1_ideal,objective_tuning_target_load_pilot_25\scenarios\known_visit_g19_t20_n25.csv,17,13,16,35.05899290729562,35.05899290729562,02,02,1,0,True,completed
5,known_visit,PI,ideal,1.0,19,361,4,20,targets_20_pi_h1_ideal,objective_tuning_target_load_pilot_25\scenarios\known_visit_g19_t20_n25.csv,18,1,12,0.1323600403700354,0.1323600403700354,02,02,1,0,True,completed
5,known_visit,PI,ideal,1.0,19,361,4,20,targets_20_pi_h1_ideal,objective_tuning_target_load_pilot_25\scenarios\known_visit_g19_t20_n25.csv,19,8,12,11.912401239754395,11.912401239754395,02,02,1,0,True,completed
5,known_visit,PI,ideal,1.0,19,361,4,20,targets_20_pi_h1_ideal,objective_tuning_target_load_pilot_25\scenarios\known_visit_g19_t20_n25.csv,20,4,5,18.280779739581675,18.280779739581675,01,01,1,0,True,completed
6,known_visit,PI,ideal,1.0,19,361,4,20,targets_20_pi_h1_ideal,objective_tuning_target_load_pilot_25\scenarios\known_visit_g19_t20_n25.csv,1,2,9,7.2661176157127585,7.2661176157127585,02,02,1,0,True,completed
6,known_visit,PI,ideal,1.0,19,361,4,20,targets_20_pi_h1_ideal,objective_tuning_target_load_pilot_25\scenarios\known_visit_g19_t20_n25.csv,2,9,11,23.576217824937597,23.576217824937597,02,02,1,0,True,completed
6,known_visit,PI,ideal,1.0,19,361,4,20,targets_20_pi_h1_ideal,objective_tuning_target_load_pilot_25\scenarios\known_visit_g19_t20_n25.csv,3,17,12,45.98133493618073,45.98133493618073,03,03,1,0,True,completed
6,known_visit,PI,ideal,1.0,19,361,4,20,targets_20_pi_h1_ideal,objective_tuning_target_load_pilot_25\scenarios\known_visit_g19_t20_n25.csv,4,16,3,31.182918203167304,31.182918203167304,00,00,1,0,True,completed
6,known_visit,PI,ideal,1.0,19,361,4,20,targets_20_pi_h1_ideal,objective_tuning_target_load_pilot_25\scenarios\known_visit_g19_t20_n25.csv,5,18,4,44.97815385556303,44.97815385556303,01,01,1,0,True,completed
6,known_visit,PI,ideal,1.0,19,361,4,20,targets_20_pi_h1_ideal,objective_tuning_target_load_pilot_25\scenarios\known_visit_g19_t20_n25.csv,6,12,18,26.35814675743633,26.35814675743633,03,03,1,0,True,completed
6,known_visit,PI,ideal,1.0,19,361,4,20,targets_20_pi_h1_ideal,objective_tuning_target_load_pilot_25\scenarios\known_visit_g19_t20_n25.csv,7,11,8,21.100218492196408,21.100218492196408,01,01,1,0,True,completed
6,known_visit,PI,ideal,1.0,19,361,4,20,targets_20_pi_h1_ideal,objective_tuning_target_load_pilot_25\scenarios\known_visit_g19_t20_n25.csv,8,14,6,34.64788288053737,34.64788288053737,01,01,1,0,True,completed
6,known_visit,PI,ideal,1.0,19,361,4,20,targets_20_pi_h1_ideal,objective_tuning_target_load_pilot_25\scenarios\known_visit_g19_t20_n25.csv,9,13,10,32.57999745660674,32.57999745660674,02,02,1,0,True,completed
6,known_visit,PI,ideal,1.0,19,361,4,20,targets_20_pi_h1_ideal,objective_tuning_target_load_pilot_25\scenarios\known_visit_g19_t20_n25.csv,10,4,8,8.816472072799618,8.816472072799618,01,01,1,0,True,completed
6,known_visit,PI,ideal,1.0,19,361,4,20,targets_20_pi_h1_ideal,objective_tuning_target_load_pilot_25\scenarios\known_visit_g19_t20_n25.csv,11,10,16,19.05961093857495,19.05961093857495,03,03,1,0,True,completed
6,known_visit,PI,ideal,1.0,19,361,4,20,targets_20_pi_h1_ideal,objective_tuning_target_load_pilot_25\scenarios\known_visit_g19_t20_n25.csv,12,10,18,15.378963707094881,15.378963707094881,03,03,1,0,True,completed
6,known_visit,PI,ideal,1.0,19,361,4,20,targets_20_pi_h1_ideal,objective_tuning_target_load_pilot_25\scenarios\known_visit_g19_t20_n25.csv,13,12,3,24.22395777054194,24.22395777054194,00,00,1,0,True,completed
6,known_visit,PI,ideal,1.0,19,361,4,20,targets_20_pi_h1_ideal,objective_tuning_target_load_pilot_25\scenarios\known_visit_g19_t20_n25.csv,14,6,11,18.29618715159913,18.29618715159913,02,02,1,0,True,completed
6,known_visit,PI,ideal,1.0,19,361,4,20,targets_20_pi_h1_ideal,objective_tuning_target_load_pilot_25\scenarios\known_visit_g19_t20_n25.csv,15,5,0,7.042127906142059,7.042127906142059,00,00,1,0,True,completed
6,known_visit,PI,ideal,1.0,19,361,4,20,targets_20_pi_h1_ideal,objective_tuning_target_load_pilot_25\scenarios\known_visit_g19_t20_n25.csv,16,2,6,1.8176437440948143,1.8176437440948143,01,01,1,0,True,completed
6,known_visit,PI,ideal,1.0,19,361,4,20,targets_20_pi_h1_ideal,objective_tuning_target_load_pilot_25\scenarios\known_visit_g19_t20_n25.csv,17,15,1,36.79484179991101,36.79484179991101,00,00,1,0,True,completed
6,known_visit,PI,ideal,1.0,19,361,4,20,targets_20_pi_h1_ideal,objective_tuning_target_load_pilot_25\scenarios\known_visit_g19_t20_n25.csv,18,13,3,26.174922055335355,26.174922055335355,00,00,1,0,True,completed
6,known_visit,PI,ideal,1.0,19,361,4,20,targets_20_pi_h1_ideal,objective_tuning_target_load_pilot_25\scenarios\known_visit_g19_t20_n25.csv,19,13,7,30.70621553050666,30.70621553050666,01,01,1,0,True,completed
6,known_visit,PI,ideal,1.0,19,361,4,20,targets_20_pi_h1_ideal,objective_tuning_target_load_pilot_25\scenarios\known_visit_g19_t20_n25.csv,20,11,6,24.969715968303266,24.969715968303266,01,01,1,0,True,completed
7,known_visit,PI,ideal,1.0,19,361,4,20,targets_20_pi_h1_ideal,objective_tuning_target_load_pilot_25\scenarios\known_visit_g19_t20_n25.csv,1,4,7,14.350523408937448,14.350523408937448,02,02,1,0,True,completed
7,known_visit,PI,ideal,1.0,19,361,4,20,targets_20_pi_h1_ideal,objective_tuning_target_load_pilot_25\scenarios\known_visit_g19_t20_n25.csv,2,11,12,35.60993662906274,35.60993662906274,02,02,2,1,True,completed
7,known_visit,PI,ideal,1.0,19,361,4,20,targets_20_pi_h1_ideal,objective_tuning_target_load_pilot_25\scenarios\known_visit_g19_t20_n25.csv,3,14,18,50.93691136076649,50.93691136076649,02,02,1,0,True,completed
7,known_visit,PI,ideal,1.0,19,361,4,20,targets_20_pi_h1_ideal,objective_tuning_target_load_pilot_25\scenarios\known_visit_g19_t20_n25.csv,4,4,5,7.306787341809915,7.306787341809915,01,01,1,0,True,completed
7,known_visit,PI,ideal,1.0,19,361,4,20,targets_20_pi_h1_ideal,objective_tuning_target_load_pilot_25\scenarios\known_visit_g19_t20_n25.csv,5,9,6,58.21407583691368,58.21407583691368,00,00,1,0,True,completed
7,known_visit,PI,ideal,1.0,19,361,4,20,targets_20_pi_h1_ideal,objective_tuning_target_load_pilot_25\scenarios\known_visit_g19_t20_n25.csv,6,16,18,54.3320789891459,54.3320789891459,02,02,1,0,True,completed
7,known_visit,PI,ideal,1.0,19,361,4,20,targets_20_pi_h1_ideal,objective_tuning_target_load_pilot_25\scenarios\known_visit_g19_t20_n25.csv,7,4,17,14.855378507452452,14.855378507452452,03,03,1,0,True,completed
7,known_visit,PI,ideal,1.0,19,361,4,20,targets_20_pi_h1_ideal,objective_tuning_target_load_pilot_25\scenarios\known_visit_g19_t20_n25.csv,8,5,1,8.814254894678461,8.814254894678461,00,00,1,0,True,completed
7,known_visit,PI,ideal,1.0,19,361,4,20,targets_20_pi_h1_ideal,objective_tuning_target_load_pilot_25\scenarios\known_visit_g19_t20_n25.csv,9,17,17,57.99161028864241,57.99161028864241,02,02,1,0,True,completed
7,known_visit,PI,ideal,1.0,19,361,4,20,targets_20_pi_h1_ideal,objective_tuning_target_load_pilot_25\scenarios\known_visit_g19_t20_n25.csv,10,17,3,33.34136316273175,33.34136316273175,01,01,2,1,True,completed
7,known_visit,PI,ideal,1.0,19,361,4,20,targets_20_pi_h1_ideal,objective_tuning_target_load_pilot_25\scenarios\known_visit_g19_t20_n25.csv,11,11,9,30.53253186013791,30.53253186013791,02,02,1,0,True,completed
7,known_visit,PI,ideal,1.0,19,361,4,20,targets_20_pi_h1_ideal,objective_tuning_target_load_pilot_25\scenarios\known_visit_g19_t20_n25.csv,12,6,2,12.651648866613275,12.651648866613275,00,00,1,0,True,completed
7,known_visit,PI,ideal,1.0,19,361,4,20,targets_20_pi_h1_ideal,objective_tuning_target_load_pilot_25\scenarios\known_visit_g19_t20_n25.csv,13,3,12,3.6683635431949155,3.6683635431949155,02,02,1,0,True,completed
7,known_visit,PI,ideal,1.0,19,361,4,20,targets_20_pi_h1_ideal,objective_tuning_target_load_pilot_25\scenarios\known_visit_g19_t20_n25.csv,14,13,18,49.25873602204845,49.25873602204845,02,02,1,0,True,completed
7,known_visit,PI,ideal,1.0,19,361,4,20,targets_20_pi_h1_ideal,objective_tuning_target_load_pilot_25\scenarios\known_visit_g19_t20_n25.csv,15,9,16,25.914784362978793,25.914784362978793,03,03,1,0,True,completed
7,known_visit,PI,ideal,1.0,19,361,4,20,targets_20_pi_h1_ideal,objective_tuning_target_load_pilot_25\scenarios\known_visit_g19_t20_n25.csv,16,14,3,28.244641303272818,28.244641303272818,01,01,1,0,True,completed
7,known_visit,PI,ideal,1.0,19,361,4,20,targets_20_pi_h1_ideal,objective_tuning_target_load_pilot_25\scenarios\known_visit_g19_t20_n25.csv,17,0,15,3.859681563565982,3.859681563565982,03,03,1,0,True,completed
7,known_visit,PI,ideal,1.0,19,361,4,20,targets_20_pi_h1_ideal,objective_tuning_target_load_pilot_25\scenarios\known_visit_g19_t20_n25.csv,18,8,14,31.256342242525868,31.256342242525868,03,03,1,0,True,completed
7,known_visit,PI,ideal,1.0,19,361,4,20,targets_20_pi_h1_ideal,objective_tuning_target_load_pilot_25\scenarios\known_visit_g19_t20_n25.csv,19,18,5,38.827388606969265,38.827388606969265,01,01,1,0,True,completed
7,known_visit,PI,ideal,1.0,19,361,4,20,targets_20_pi_h1_ideal,objective_tuning_target_load_pilot_25\scenarios\known_visit_g19_t20_n25.csv,20,13,11,45.66457922910211,45.66457922910211,03,03,1,0,True,completed
8,known_visit,PI,ideal,1.0,19,361,4,20,targets_20_pi_h1_ideal,objective_tuning_target_load_pilot_25\scenarios\known_visit_g19_t20_n25.csv,1,16,2,44.69955311884641,44.69955311884641,00,00,1,0,True,completed
8,known_visit,PI,ideal,1.0,19,361,4,20,targets_20_pi_h1_ideal,objective_tuning_target_load_pilot_25\scenarios\known_visit_g19_t20_n25.csv,2,8,3,28.88548400092694,28.88548400092694,00,00,1,0,True,completed
8,known_visit,PI,ideal,1.0,19,361,4,20,targets_20_pi_h1_ideal,objective_tuning_target_load_pilot_25\scenarios\known_visit_g19_t20_n25.csv,3,18,12,44.478809983314164,44.478809983314164,03,03,1,0,True,completed
8,known_visit,PI,ideal,1.0,19,361,4,20,targets_20_pi_h1_ideal,objective_tuning_target_load_pilot_25\scenarios\known_visit_g19_t20_n25.csv,4,6,1,21.8013399297257,21.8013399297257,00,00,1,0,True,completed
8,known_visit,PI,ideal,1.0,19,361,4,20,targets_20_pi_h1_ideal,objective_tuning_target_load_pilot_25\scenarios\known_visit_g19_t20_n25.csv,5,17,14,38.60599217956584,38.60599217956584,03,03,1,0,True,completed
8,known_visit,PI,ideal,1.0,19,361,4,20,targets_20_pi_h1_ideal,objective_tuning_target_load_pilot_25\scenarios\known_visit_g19_t20_n25.csv,6,4,18,5.196689141122515,5.196689141122515,03,03,1,0,True,completed
8,known_visit,PI,ideal,1.0,19,361,4,20,targets_20_pi_h1_ideal,objective_tuning_target_load_pilot_25\scenarios\known_visit_g19_t20_n25.csv,7,10,17,17.652777615734433,17.652777615734433,03,03,1,0,True,completed
8,known_visit,PI,ideal,1.0,19,361,4,20,targets_20_pi_h1_ideal,objective_tuning_target_load_pilot_25\scenarios\known_visit_g19_t20_n25.csv,8,4,6,9.595210856101755,9.595210856101755,01,01,1,0,True,completed
8,known_visit,PI,ideal,1.0,19,361,4,20,targets_20_pi_h1_ideal,objective_tuning_target_load_pilot_25\scenarios\known_visit_g19_t20_n25.csv,9,7,18,10.392503613480116,10.392503613480116,03,03,1,0,True,completed
8,known_visit,PI,ideal,1.0,19,361,4,20,targets_20_pi_h1_ideal,objective_tuning_target_load_pilot_25\scenarios\known_visit_g19_t20_n25.csv,10,15,9,43.07380718046011,43.07380718046011,02,02,1,0,True,completed
8,known_visit,PI,ideal,1.0,19,361,4,20,targets_20_pi_h1_ideal,objective_tuning_target_load_pilot_25\scenarios\known_visit_g19_t20_n25.csv,11,4,1,18.15383311402527,18.15383311402527,00,00,1,0,True,completed
8,known_visit,PI,ideal,1.0,19,361,4,20,targets_20_pi_h1_ideal,objective_tuning_target_load_pilot_25\scenarios\known_visit_g19_t20_n25.csv,12,5,18,6.953489294501565,6.953489294501565,03,03,1,0,True,completed
8,known_visit,PI,ideal,1.0,19,361,4,20,targets_20_pi_h1_ideal,objective_tuning_target_load_pilot_25\scenarios\known_visit_g19_t20_n25.csv,13,12,13,28.413794619475503,28.413794619475503,03,03,1,0,True,completed
8,known_visit,PI,ideal,1.0,19,361,4,20,targets_20_pi_h1_ideal,objective_tuning_target_load_pilot_25\scenarios\known_visit_g19_t20_n25.csv,14,0,9,3.8784543891758703,3.8784543891758703,02,02,1,0,True,completed
8,known_visit,PI,ideal,1.0,19,361,4,20,targets_20_pi_h1_ideal,objective_tuning_target_load_pilot_25\scenarios\known_visit_g19_t20_n25.csv,15,2,7,3.88755338432238,3.88755338432238,01,01,1,0,True,completed
8,known_visit,PI,ideal,1.0,19,361,4,20,targets_20_pi_h1_ideal,objective_tuning_target_load_pilot_25\scenarios\known_visit_g19_t20_n25.csv,16,0,4,5.385022297037767,5.385022297037767,00,00,1,0,True,completed
8,known_visit,PI,ideal,1.0,19,361,4,20,targets_20_pi_h1_ideal,objective_tuning_target_load_pilot_25\scenarios\known_visit_g19_t20_n25.csv,17,4,5,17.466125142515875,17.466125142515875,02,02,1,0,True,completed
8,known_visit,PI,ideal,1.0,19,361,4,20,targets_20_pi_h1_ideal,objective_tuning_target_load_pilot_25\scenarios\known_visit_g19_t20_n25.csv,18,15,3,34.56508973687891,34.56508973687891,01,01,2,1,True,completed
8,known_visit,PI,ideal,1.0,19,361,4,20,targets_20_pi_h1_ideal,objective_tuning_target_load_pilot_25\scenarios\known_visit_g19_t20_n25.csv,19,6,6,13.351530470201025,13.351530470201025,01,01,1,0,True,completed
8,known_visit,PI,ideal,1.0,19,361,4,20,targets_20_pi_h1_ideal,objective_tuning_target_load_pilot_25\scenarios\known_visit_g19_t20_n25.csv,20,9,5,20.441123607657154,20.441123607657154,01,01,2,1,True,completed
9,known_visit,PI,ideal,1.0,19,361,4,20,targets_20_pi_h1_ideal,objective_tuning_target_load_pilot_25\scenarios\known_visit_g19_t20_n25.csv,1,0,3,3.9499940610566777,3.9499940610566777,01,01,1,0,True,completed
9,known_visit,PI,ideal,1.0,19,361,4,20,targets_20_pi_h1_ideal,objective_tuning_target_load_pilot_25\scenarios\known_visit_g19_t20_n25.csv,2,12,1,31.998952877974695,31.998952877974695,00,00,1,0,True,completed
9,known_visit,PI,ideal,1.0,19,361,4,20,targets_20_pi_h1_ideal,objective_tuning_target_load_pilot_25\scenarios\known_visit_g19_t20_n25.csv,3,6,13,11.219979331194553,11.219979331194553,02,02,1,0,True,completed
9,known_visit,PI,ideal,1.0,19,361,4,20,targets_20_pi_h1_ideal,objective_tuning_target_load_pilot_25\scenarios\known_visit_g19_t20_n25.csv,4,4,16,9.355483025664556,9.355483025664556,03,03,1,0,True,completed
9,known_visit,PI,ideal,1.0,19,361,4,20,targets_20_pi_h1_ideal,objective_tuning_target_load_pilot_25\scenarios\known_visit_g19_t20_n25.csv,5,5,4,14.149174299170278,14.149174299170278,00,00,1,0,True,completed
9,known_visit,PI,ideal,1.0,19,361,4,20,targets_20_pi_h1_ideal,objective_tuning_target_load_pilot_25\scenarios\known_visit_g19_t20_n25.csv,6,10,1,28.27955743726232,28.27955743726232,00,00,1,0,True,completed
9,known_visit,PI,ideal,1.0,19,361,4,20,targets_20_pi_h1_ideal,objective_tuning_target_load_pilot_25\scenarios\known_visit_g19_t20_n25.csv,7,2,0,1.782915457278174,1.782915457278174,00,00,1,0,True,completed
9,known_visit,PI,ideal,1.0,19,361,4,20,targets_20_pi_h1_ideal,objective_tuning_target_load_pilot_25\scenarios\known_visit_g19_t20_n25.csv,8,14,17,42.88703992489391,42.88703992489391,03,03,1,0,True,completed
9,known_visit,PI,ideal,1.0,19,361,4,20,targets_20_pi_h1_ideal,objective_tuning_target_load_pilot_25\scenarios\known_visit_g19_t20_n25.csv,9,12,14,33.978092174081546,33.978092174081546,03,03,1,0,True,completed
9,known_visit,PI,ideal,1.0,19,361,4,20,targets_20_pi_h1_ideal,objective_tuning_target_load_pilot_25\scenarios\known_visit_g19_t20_n25.csv,10,17,2,42.70008440779053,42.70008440779053,00,00,1,0,True,completed
9,known_visit,PI,ideal,1.0,19,361,4,20,targets_20_pi_h1_ideal,objective_tuning_target_load_pilot_25\scenarios\known_visit_g19_t20_n25.csv,11,9,15,19.6535480268297,19.6535480268297,03,03,1,0,True,completed
9,known_visit,PI,ideal,1.0,19,361,4,20,targets_20_pi_h1_ideal,objective_tuning_target_load_pilot_25\scenarios\known_visit_g19_t20_n25.csv,12,8,10,20.377863225650703,20.377863225650703,02,02,1,0,True,completed
9,known_visit,PI,ideal,1.0,19,361,4,20,targets_20_pi_h1_ideal,objective_tuning_target_load_pilot_25\scenarios\known_visit_g19_t20_n25.csv,13,2,16,5.703932535420506,5.703932535420506,03,03,1,0,True,completed
9,known_visit,PI,ideal,1.0,19,361,4,20,targets_20_pi_h1_ideal,objective_tuning_target_load_pilot_25\scenarios\known_visit_g19_t20_n25.csv,14,12,12,30.329328218362097,30.329328218362097,03,03,1,0,True,completed
9,known_visit,PI,ideal,1.0,19,361,4,20,targets_20_pi_h1_ideal,objective_tuning_target_load_pilot_25\scenarios\known_visit_g19_t20_n25.csv,15,7,10,18.38392597771755,18.38392597771755,02,02,1,0,True,completed
9,known_visit,PI,ideal,1.0,19,361,4,20,targets_20_pi_h1_ideal,objective_tuning_target_load_pilot_25\scenarios\known_visit_g19_t20_n25.csv,16,16,12,38.63417943281772,38.63417943281772,02,02,1,0,True,completed
9,known_visit,PI,ideal,1.0,19,361,4,20,targets_20_pi_h1_ideal,objective_tuning_target_load_pilot_25\scenarios\known_visit_g19_t20_n25.csv,17,14,2,37.40937884490416,37.40937884490416,00,00,1,0,True,completed
9,known_visit,PI,ideal,1.0,19,361,4,20,targets_20_pi_h1_ideal,objective_tuning_target_load_pilot_25\scenarios\known_visit_g19_t20_n25.csv,18,4,9,21.603451575577584,21.603451575577584,01,01,1,0,True,completed
9,known_visit,PI,ideal,1.0,19,361,4,20,targets_20_pi_h1_ideal,objective_tuning_target_load_pilot_25\scenarios\known_visit_g19_t20_n25.csv,19,9,12,24.720084492254305,24.720084492254305,03,03,1,0,True,completed
9,known_visit,PI,ideal,1.0,19,361,4,20,targets_20_pi_h1_ideal,objective_tuning_target_load_pilot_25\scenarios\known_visit_g19_t20_n25.csv,20,14,7,42.71331524254407,42.71331524254407,01,01,1,0,True,completed
10,known_visit,PI,ideal,1.0,19,361,4,20,targets_20_pi_h1_ideal,objective_tuning_target_load_pilot_25\scenarios\known_visit_g19_t20_n25.csv,1,4,8,9.41789084738431,9.41789084738431,01,01,1,0,True,completed
10,known_visit,PI,ideal,1.0,19,361,4,20,targets_20_pi_h1_ideal,objective_tuning_target_load_pilot_25\scenarios\known_visit_g19_t20_n25.csv,2,2,6,1.9345736052735076,1.9345736052735076,01,01,1,0,True,completed
10,known_visit,PI,ideal,1.0,19,361,4,20,targets_20_pi_h1_ideal,objective_tuning_target_load_pilot_25\scenarios\known_visit_g19_t20_n25.csv,3,12,8,22.748690573856113,22.748690573856113,01,01,1,0,True,completed
10,known_visit,PI,ideal,1.0,19,361,4,20,targets_20_pi_h1_ideal,objective_tuning_target_load_pilot_25\scenarios\known_visit_g19_t20_n25.csv,4,14,13,31.920322423669216,31.920322423669216,03,03,1,0,True,completed
10,known_visit,PI,ideal,1.0,19,361,4,20,targets_20_pi_h1_ideal,objective_tuning_target_load_pilot_25\scenarios\known_visit_g19_t20_n25.csv,5,16,9,42.54848461411929,42.54848461411929,01,01,1,0,True,completed
10,known_visit,PI,ideal,1.0,19,361,4,20,targets_20_pi_h1_ideal,objective_tuning_target_load_pilot_25\scenarios\known_visit_g19_t20_n25.csv,6,18,9,45.44601093769942,45.44601093769942,00,00,1,0,True,completed
10,known_visit,PI,ideal,1.0,19,361,4,20,targets_20_pi_h1_ideal,objective_tuning_target_load_pilot_25\scenarios\known_visit_g19_t20_n25.csv,7,10,0,15.636876512368675,15.636876512368675,00,00,1,0,True,completed
10,known_visit,PI,ideal,1.0,19,361,4,20,targets_20_pi_h1_ideal,objective_tuning_target_load_pilot_25\scenarios\known_visit_g19_t20_n25.csv,8,8,13,21.603414166956973,21.603414166956973,03,03,1,0,True,completed
10,known_visit,PI,ideal,1.0,19,361,4,20,targets_20_pi_h1_ideal,objective_tuning_target_load_pilot_25\scenarios\known_visit_g19_t20_n25.csv,9,2,7,3.8371540712485674,3.8371540712485674,01,01,1,0,True,completed
10,known_visit,PI,ideal,1.0,19,361,4,20,targets_20_pi_h1_ideal,objective_tuning_target_load_pilot_25\scenarios\known_visit_g19_t20_n25.csv,10,18,4,36.66291449060819,36.66291449060819,00,00,1,0,True,completed
10,known_visit,PI,ideal,1.0,19,361,4,20,targets_20_pi_h1_ideal,objective_tuning_target_load_pilot_25\scenarios\known_visit_g19_t20_n25.csv,11,1,9,5.466639414636485,5.466639414636485,02,02,1,0,True,completed
10,known_visit,PI,ideal,1.0,19,361,4,20,targets_20_pi_h1_ideal,objective_tuning_target_load_pilot_25\scenarios\known_visit_g19_t20_n25.csv,12,10,13,25.019807557458076,25.019807557458076,03,03,2,1,True,completed
10,known_visit,PI,ideal,1.0,19,361,4,20,targets_20_pi_h1_ideal,objective_tuning_target_load_pilot_25\scenarios\known_visit_g19_t20_n25.csv,13,1,6,0.15208792751119068,0.15208792751119068,01,01,1,0,True,completed
10,known_visit,PI,ideal,1.0,19,361,4,20,targets_20_pi_h1_ideal,objective_tuning_target_load_pilot_25\scenarios\known_visit_g19_t20_n25.csv,14,12,12,29.896507991969276,29.896507991969276,01,01,1,0,True,completed
10,known_visit,PI,ideal,1.0,19,361,4,20,targets_20_pi_h1_ideal,objective_tuning_target_load_pilot_25\scenarios\known_visit_g19_t20_n25.csv,15,6,17,10.829495530122287,10.829495530122287,03,03,1,0,True,completed
10,known_visit,PI,ideal,1.0,19,361,4,20,targets_20_pi_h1_ideal,objective_tuning_target_load_pilot_25\scenarios\known_visit_g19_t20_n25.csv,16,5,6,21.944754701573824,21.944754701573824,02,02,1,0,True,completed
10,known_visit,PI,ideal,1.0,19,361,4,20,targets_20_pi_h1_ideal,objective_tuning_target_load_pilot_25\scenarios\known_visit_g19_t20_n25.csv,17,13,11,33.804254085186855,33.804254085186855,01,01,1,0,True,completed
10,known_visit,PI,ideal,1.0,19,361,4,20,targets_20_pi_h1_ideal,objective_tuning_target_load_pilot_25\scenarios\known_visit_g19_t20_n25.csv,18,18,5,38.461593390060806,38.461593390060806,00,00,1,0,True,completed
10,known_visit,PI,ideal,1.0,19,361,4,20,targets_20_pi_h1_ideal,objective_tuning_target_load_pilot_25\scenarios\known_visit_g19_t20_n25.csv,19,5,0,6.994607942781388,6.994607942781388,00,00,1,0,True,completed
10,known_visit,PI,ideal,1.0,19,361,4,20,targets_20_pi_h1_ideal,objective_tuning_target_load_pilot_25\scenarios\known_visit_g19_t20_n25.csv,20,10,14,48.571722831944506,48.571722831944506,02,02,1,0,True,completed
11,known_visit,PI,ideal,1.0,19,361,4,20,targets_20_pi_h1_ideal,objective_tuning_target_load_pilot_25\scenarios\known_visit_g19_t20_n25.csv,1,16,16,37.367445113003136,37.367445113003136,03,03,1,0,True,completed
11,known_visit,PI,ideal,1.0,19,361,4,20,targets_20_pi_h1_ideal,objective_tuning_target_load_pilot_25\scenarios\known_visit_g19_t20_n25.csv,2,4,17,7.121411774323517,7.121411774323517,03,03,1,0,True,completed
11,known_visit,PI,ideal,1.0,19,361,4,20,targets_20_pi_h1_ideal,objective_tuning_target_load_pilot_25\scenarios\known_visit_g19_t20_n25.csv,3,8,8,19.634509432682748,19.634509432682748,02,02,1,0,True,completed
11,known_visit,PI,ideal,1.0,19,361,4,20,targets_20_pi_h1_ideal,objective_tuning_target_load_pilot_25\scenarios\known_visit_g19_t20_n25.csv,4,13,1,37.581391334319804,37.581391334319804,01,01,1,0,True,completed
11,known_visit,PI,ideal,1.0,19,361,4,20,targets_20_pi_h1_ideal,objective_tuning_target_load_pilot_25\scenarios\known_visit_g19_t20_n25.csv,5,7,6,18.699748522287944,18.699748522287944,01,01,1,0,True,completed
11,known_visit,PI,ideal,1.0,19,361,4,20,targets_20_pi_h1_ideal,objective_tuning_target_load_pilot_25\scenarios\known_visit_g19_t20_n25.csv,6,13,5,30.78328761744693,30.78328761744693,01,01,1,0,True,completed
11,known_visit,PI,ideal,1.0,19,361,4,20,targets_20_pi_h1_ideal,objective_tuning_target_load_pilot_25\scenarios\known_visit_g19_t20_n25.csv,7,12,18,26.725350738592454,26.725350738592454,03,03,1,0,True,completed
11,known_visit,PI,ideal,1.0,19,361,4,20,targets_20_pi_h1_ideal,objective_tuning_target_load_pilot_25\scenarios\known_visit_g19_t20_n25.csv,8,10,6,23.865530194765807,23.865530194765807,01,01,1,0,True,completed
11,known_visit,PI,ideal,1.0,19,361,4,20,targets_20_pi_h1_ideal,objective_tuning_target_load_pilot_25\scenarios\known_visit_g19_t20_n25.csv,9,15,7,46.918728889823804,46.918728889823804,00,00,1,0,True,completed
11,known_visit,PI,ideal,1.0,19,361,4,20,targets_20_pi_h1_ideal,objective_tuning_target_load_pilot_25\scenarios\known_visit_g19_t20_n25.csv,10,11,12,32.299120332355464,32.299120332355464,02,02,1,0,True,completed
11,known_visit,PI,ideal,1.0,19,361,4,20,targets_20_pi_h1_ideal,objective_tuning_target_load_pilot_25\scenarios\known_visit_g19_t20_n25.csv,11,6,7,15.000194933730755,15.000194933730755,01,01,1,0,True,completed
11,known_visit,PI,ideal,1.0,19,361,4,20,targets_20_pi_h1_ideal,objective_tuning_target_load_pilot_25\scenarios\known_visit_g19_t20_n25.csv,12,18,18,44.65706067907895,44.65706067907895,03,03,1,0,True,completed
11,known_visit,PI,ideal,1.0,19,361,4,20,targets_20_pi_h1_ideal,objective_tuning_target_load_pilot_25\scenarios\known_visit_g19_t20_n25.csv,13,6,11,10.591301849592474,10.591301849592474,02,02,1,0,True,completed
11,known_visit,PI,ideal,1.0,19,361,4,20,targets_20_pi_h1_ideal,objective_tuning_target_load_pilot_25\scenarios\known_visit_g19_t20_n25.csv,14,15,8,45.234950434596385,45.234950434596385,00,00,1,0,True,completed
11,known_visit,PI,ideal,1.0,19,361,4,20,targets_20_pi_h1_ideal,objective_tuning_target_load_pilot_25\scenarios\known_visit_g19_t20_n25.csv,15,15,14,43.03486448104636,43.03486448104636,02,02,1,0,True,completed
11,known_visit,PI,ideal,1.0,19,361,4,20,targets_20_pi_h1_ideal,objective_tuning_target_load_pilot_25\scenarios\known_visit_g19_t20_n25.csv,16,3,10,20.8175421143118,20.8175421143118,00,00,1,0,True,completed
11,known_visit,PI,ideal,1.0,19,361,4,20,targets_20_pi_h1_ideal,objective_tuning_target_load_pilot_25\scenarios\known_visit_g19_t20_n25.csv,17,1,12,0.12289163533072878,0.12289163533072878,02,02,1,0,True,completed
11,known_visit,PI,ideal,1.0,19,361,4,20,targets_20_pi_h1_ideal,objective_tuning_target_load_pilot_25\scenarios\known_visit_g19_t20_n25.csv,18,3,12,3.5577508732066847,3.5577508732066847,02,02,1,0,True,completed
11,known_visit,PI,ideal,1.0,19,361,4,20,targets_20_pi_h1_ideal,objective_tuning_target_load_pilot_25\scenarios\known_visit_g19_t20_n25.csv,19,3,8,7.502869836089252,7.502869836089252,01,01,2,1,True,completed
11,known_visit,PI,ideal,1.0,19,361,4,20,targets_20_pi_h1_ideal,objective_tuning_target_load_pilot_25\scenarios\known_visit_g19_t20_n25.csv,20,7,16,14.324983996745994,14.324983996745994,03,03,1,0,True,completed
12,known_visit,PI,ideal,1.0,19,361,4,20,targets_20_pi_h1_ideal,objective_tuning_target_load_pilot_25\scenarios\known_visit_g19_t20_n25.csv,1,16,8,38.29501557332832,38.29501557332832,02,02,1,0,True,completed
12,known_visit,PI,ideal,1.0,19,361,4,20,targets_20_pi_h1_ideal,objective_tuning_target_load_pilot_25\scenarios\known_visit_g19_t20_n25.csv,2,15,17,48.10716148611174,48.10716148611174,03,03,1,0,True,completed
12,known_visit,PI,ideal,1.0,19,361,4,20,targets_20_pi_h1_ideal,objective_tuning_target_load_pilot_25\scenarios\known_visit_g19_t20_n25.csv,3,10,10,23.476367633493805,23.476367633493805,02,02,1,0,True,completed
12,known_visit,PI,ideal,1.0,19,361,4,20,targets_20_pi_h1_ideal,objective_tuning_target_load_pilot_25\scenarios\known_visit_g19_t20_n25.csv,4,18,13,50.56740047961336,50.56740047961336,02,02,1,0,True,completed
12,known_visit,PI,ideal,1.0,19,361,4,20,targets_20_pi_h1_ideal,objective_tuning_target_load_pilot_25\scenarios\known_visit_g19_t20_n25.csv,5,4,16,12.714656081118973,12.714656081118973,03,03,1,0,True,completed
12,known_visit,PI,ideal,1.0,19,361,4,20,targets_20_pi_h1_ideal,objective_tuning_target_load_pilot_25\scenarios\known_visit_g19_t20_n25.csv,6,5,7,13.267239667014183,13.267239667014183,01,01,1,0,True,completed
12,known_visit,PI,ideal,1.0,19,361,4,20,targets_20_pi_h1_ideal,objective_tuning_target_load_pilot_25\scenarios\known_visit_g19_t20_n25.csv,7,13,3,34.18626390387039,34.18626390387039,01,01,1,0,True,completed
12,known_visit,PI,ideal,1.0,19,361,4,20,targets_20_pi_h1_ideal,objective_tuning_target_load_pilot_25\scenarios\known_visit_g19_t20_n25.csv,8,9,3,27.47493477931625,27.47493477931625,01,01,1,0,True,completed
12,known_visit,PI,ideal,1.0,19,361,4,20,targets_20_pi_h1_ideal,objective_tuning_target_load_pilot_25\scenarios\known_visit_g19_t20_n25.csv,9,3,6,14.038847973299001,14.038847973299001,00,00,1,0,True,completed
12,known_visit,PI,ideal,1.0,19,361,4,20,targets_20_pi_h1_ideal,objective_tuning_target_load_pilot_25\scenarios\known_visit_g19_t20_n25.csv,10,4,9,10.793709630630623,10.793709630630623,02,02,1,0,True,completed
12,known_visit,PI,ideal,1.0,19,361,4,20,targets_20_pi_h1_ideal,objective_tuning_target_load_pilot_25\scenarios\known_visit_g19_t20_n25.csv,11,16,15,42.77476104053624,42.77476104053624,03,03,1,0,True,completed
12,known_visit,PI,ideal,1.0,19,361,4,20,targets_20_pi_h1_ideal,objective_tuning_target_load_pilot_25\scenarios\known_visit_g19_t20_n25.csv,12,1,8,4.016151408701927,4.016151408701927,01,01,1,0,True,completed
12,known_visit,PI,ideal,1.0,19,361,4,20,targets_20_pi_h1_ideal,objective_tuning_target_load_pilot_25\scenarios\known_visit_g19_t20_n25.csv,13,9,13,27.11590071273153,27.11590071273153,03,03,1,0,True,completed
12,known_visit,PI,ideal,1.0,19,361,4,20,targets_20_pi_h1_ideal,objective_tuning_target_load_pilot_25\scenarios\known_visit_g19_t20_n25.csv,14,11,3,30.905396031735478,30.905396031735478,01,01,1,0,True,completed
12,known_visit,PI,ideal,1.0,19,361,4,20,targets_20_pi_h1_ideal,objective_tuning_target_load_pilot_25\scenarios\known_visit_g19_t20_n25.csv,15,1,12,0.2412559939154062,0.2412559939154062,02,02,1,0,True,completed
12,known_visit,PI,ideal,1.0,19,361,4,20,targets_20_pi_h1_ideal,objective_tuning_target_load_pilot_25\scenarios\known_visit_g19_t20_n25.csv,16,5,18,6.799713051630485,6.799713051630485,03,03,1,0,True,completed
12,known_visit,PI,ideal,1.0,19,361,4,20,targets_20_pi_h1_ideal,objective_tuning_target_load_pilot_25\scenarios\known_visit_g19_t20_n25.csv,17,15,2,45.87176835919606,45.87176835919606,00,00,1,0,True,completed
12,known_visit,PI,ideal,1.0,19,361,4,20,targets_20_pi_h1_ideal,objective_tuning_target_load_pilot_25\scenarios\known_visit_g19_t20_n25.csv,18,17,4,43.27034980751062,43.27034980751062,01,01,1,0,True,completed
12,known_visit,PI,ideal,1.0,19,361,4,20,targets_20_pi_h1_ideal,objective_tuning_target_load_pilot_25\scenarios\known_visit_g19_t20_n25.csv,19,14,18,51.68255402773881,51.68255402773881,03,03,1,0,True,completed
12,known_visit,PI,ideal,1.0,19,361,4,20,targets_20_pi_h1_ideal,objective_tuning_target_load_pilot_25\scenarios\known_visit_g19_t20_n25.csv,20,8,1,32.2515887763851,32.2515887763851,00,00,1,0,True,completed
13,known_visit,PI,ideal,1.0,19,361,4,20,targets_20_pi_h1_ideal,objective_tuning_target_load_pilot_25\scenarios\known_visit_g19_t20_n25.csv,1,3,18,3.579906004894147,3.579906004894147,03,03,1,0,True,completed
13,known_visit,PI,ideal,1.0,19,361,4,20,targets_20_pi_h1_ideal,objective_tuning_target_load_pilot_25\scenarios\known_visit_g19_t20_n25.csv,2,3,5,5.625282529278847,5.625282529278847,01,01,1,0,True,completed
13,known_visit,PI,ideal,1.0,19,361,4,20,targets_20_pi_h1_ideal,objective_tuning_target_load_pilot_25\scenarios\known_visit_g19_t20_n25.csv,3,9,11,23.87667693554139,23.87667693554139,02,02,1,0,True,completed
13,known_visit,PI,ideal,1.0,19,361,4,20,targets_20_pi_h1_ideal,objective_tuning_target_load_pilot_25\scenarios\known_visit_g19_t20_n25.csv,4,1,0,0.17931396386578716,0.17931396386578716,00,00,1,0,True,completed
13,known_visit,PI,ideal,1.0,19,361,4,20,targets_20_pi_h1_ideal,objective_tuning_target_load_pilot_25\scenarios\known_visit_g19_t20_n25.csv,5,12,14,26.250405861420305,26.250405861420305,03,03,1,0,True,completed
13,known_visit,PI,ideal,1.0,19,361,4,20,targets_20_pi_h1_ideal,objective_tuning_target_load_pilot_25\scenarios\known_visit_g19_t20_n25.csv,6,9,18,14.020506175245846,14.020506175245846,03,03,1,0,True,completed
13,known_visit,PI,ideal,1.0,19,361,4,20,targets_20_pi_h1_ideal,objective_tuning_target_load_pilot_25\scenarios\known_visit_g19_t20_n25.csv,7,16,9,35.8659877966228,35.8659877966228,01,01,1,0,True,completed
13,known_visit,PI,ideal,1.0,19,361,4,20,targets_20_pi_h1_ideal,objective_tuning_target_load_pilot_25\scenarios\known_visit_g19_t20_n25.csv,8,0,13,0.5342048234851909,0.5342048234851909,02,02,1,0,True,completed
13,known_visit,PI,ideal,1.0,19,361,4,20,targets_20_pi_h1_ideal,objective_tuning_target_load_pilot_25\scenarios\known_visit_g19_t20_n25.csv,9,11,14,24.31817733151674,24.31817733151674,03,03,1,0,True,completed
13,known_visit,PI,ideal,1.0,19,361,4,20,targets_20_pi_h1_ideal,objective_tuning_target_load_pilot_25\scenarios\known_visit_g19_t20_n25.csv,10,13,0,28.619760204947767,28.619760204947767,00,00,1,0,True,completed
13,known_visit,PI,ideal,1.0,19,361,4,20,targets_20_pi_h1_ideal,objective_tuning_target_load_pilot_25\scenarios\known_visit_g19_t20_n25.csv,11,15,0,31.9861508780773,31.9861508780773,00,00,1,0,True,completed
13,known_visit,PI,ideal,1.0,19,361,4,20,targets_20_pi_h1_ideal,objective_tuning_target_load_pilot_25\scenarios\known_visit_g19_t20_n25.csv,12,12,6,23.39415643211874,23.39415643211874,01,01,1,0,True,completed
13,known_visit,PI,ideal,1.0,19,361,4,20,targets_20_pi_h1_ideal,objective_tuning_target_load_pilot_25\scenarios\known_visit_g19_t20_n25.csv,13,10,1,21.711695691084813,21.711695691084813,00,00,1,0,True,completed
13,known_visit,PI,ideal,1.0,19,361,4,20,targets_20_pi_h1_ideal,objective_tuning_target_load_pilot_25\scenarios\known_visit_g19_t20_n25.csv,14,17,1,37.6440191011644,37.6440191011644,00,00,1,0,True,completed
13,known_visit,PI,ideal,1.0,19,361,4,20,targets_20_pi_h1_ideal,objective_tuning_target_load_pilot_25\scenarios\known_visit_g19_t20_n25.csv,15,14,17,35.31843346891269,35.31843346891269,03,03,1,0,True,completed
13,known_visit,PI,ideal,1.0,19,361,4,20,targets_20_pi_h1_ideal,objective_tuning_target_load_pilot_25\scenarios\known_visit_g19_t20_n25.csv,16,11,16,21.072728586077577,21.072728586077577,03,03,1,0,True,completed
13,known_visit,PI,ideal,1.0,19,361,4,20,targets_20_pi_h1_ideal,objective_tuning_target_load_pilot_25\scenarios\known_visit_g19_t20_n25.csv,17,18,14,45.22193524918976,45.22193524918976,02,02,1,0,True,completed
13,known_visit,PI,ideal,1.0,19,361,4,20,targets_20_pi_h1_ideal,objective_tuning_target_load_pilot_25\scenarios\known_visit_g19_t20_n25.csv,18,10,11,25.871724508838735,25.871724508838735,02,02,1,0,True,completed
13,known_visit,PI,ideal,1.0,19,361,4,20,targets_20_pi_h1_ideal,objective_tuning_target_load_pilot_25\scenarios\known_visit_g19_t20_n25.csv,19,6,2,12.684455863947516,12.684455863947516,00,00,1,0,True,completed
13,known_visit,PI,ideal,1.0,19,361,4,20,targets_20_pi_h1_ideal,objective_tuning_target_load_pilot_25\scenarios\known_visit_g19_t20_n25.csv,20,7,10,18.225118394828126,18.225118394828126,02,02,1,0,True,completed
14,known_visit,PI,ideal,1.0,19,361,4,20,targets_20_pi_h1_ideal,objective_tuning_target_load_pilot_25\scenarios\known_visit_g19_t20_n25.csv,1,11,12,27.867382054207937,27.867382054207937,03,03,1,0,True,completed
14,known_visit,PI,ideal,1.0,19,361,4,20,targets_20_pi_h1_ideal,objective_tuning_target_load_pilot_25\scenarios\known_visit_g19_t20_n25.csv,2,18,14,56.49283215238275,56.49283215238275,02,02,1,0,True,completed
14,known_visit,PI,ideal,1.0,19,361,4,20,targets_20_pi_h1_ideal,objective_tuning_target_load_pilot_25\scenarios\known_visit_g19_t20_n25.csv,3,14,10,31.3078609185512,31.3078609185512,02,02,1,0,True,completed
14,known_visit,PI,ideal,1.0,19,361,4,20,targets_20_pi_h1_ideal,objective_tuning_target_load_pilot_25\scenarios\known_visit_g19_t20_n25.csv,4,11,4,29.143700563045883,29.143700563045883,00,00,1,0,True,completed
14,known_visit,PI,ideal,1.0,19,361,4,20,targets_20_pi_h1_ideal,objective_tuning_target_load_pilot_25\scenarios\known_visit_g19_t20_n25.csv,5,5,3,16.40657185552814,16.40657185552814,00,00,1,0,True,completed
14,known_visit,PI,ideal,1.0,19,361,4,20,targets_20_pi_h1_ideal,objective_tuning_target_load_pilot_25\scenarios\known_visit_g19_t20_n25.csv,6,11,5,30.332965019270418,30.332965019270418,01,01,1,0,True,completed
14,known_visit,PI,ideal,1.0,19,361,4,20,targets_20_pi_h1_ideal,objective_tuning_target_load_pilot_25\scenarios\known_visit_g19_t20_n25.csv,7,5,9,12.449839486334238,12.449839486334238,01,01,1,0,True,completed
14,known_visit,PI,ideal,1.0,19,361,4,20,targets_20_pi_h1_ideal,objective_tuning_target_load_pilot_25\scenarios\known_visit_g19_t20_n25.csv,8,11,18,38.64261035213576,38.64261035213576,03,03,1,0,True,completed
14,known_visit,PI,ideal,1.0,19,361,4,20,targets_20_pi_h1_ideal,objective_tuning_target_load_pilot_25\scenarios\known_visit_g19_t20_n25.csv,9,12,10,27.615859777603713,27.615859777603713,02,02,1,0,True,completed
14,known_visit,PI,ideal,1.0,19,361,4,20,targets_20_pi_h1_ideal,objective_tuning_target_load_pilot_25\scenarios\known_visit_g19_t20_n25.csv,10,2,9,7.270456813176022,7.270456813176022,01,01,1,0,True,completed
14,known_visit,PI,ideal,1.0,19,361,4,20,targets_20_pi_h1_ideal,objective_tuning_target_load_pilot_25\scenarios\known_visit_g19_t20_n25.csv,11,18,6,44.586799949709,44.586799949709,01,01,1,0,True,completed
14,known_visit,PI,ideal,1.0,19,361,4,20,targets_20_pi_h1_ideal,objective_tuning_target_load_pilot_25\scenarios\known_visit_g19_t20_n25.csv,12,18,0,53.399505149447485,53.399505149447485,00,00,1,0,True,completed
14,known_visit,PI,ideal,1.0,19,361,4,20,targets_20_pi_h1_ideal,objective_tuning_target_load_pilot_25\scenarios\known_visit_g19_t20_n25.csv,13,13,6,36.06278612853359,36.06278612853359,01,01,1,0,True,completed
14,known_visit,PI,ideal,1.0,19,361,4,20,targets_20_pi_h1_ideal,objective_tuning_target_load_pilot_25\scenarios\known_visit_g19_t20_n25.csv,14,7,8,18.010172295964967,18.010172295964967,01,01,1,0,True,completed
14,known_visit,PI,ideal,1.0,19,361,4,20,targets_20_pi_h1_ideal,objective_tuning_target_load_pilot_25\scenarios\known_visit_g19_t20_n25.csv,15,12,6,33.96723974395225,33.96723974395225,01,01,1,0,True,completed
14,known_visit,PI,ideal,1.0,19,361,4,20,targets_20_pi_h1_ideal,objective_tuning_target_load_pilot_25\scenarios\known_visit_g19_t20_n25.csv,16,0,13,7.31959147955931,7.31959147955931,03,03,1,0,True,completed
14,known_visit,PI,ideal,1.0,19,361,4,20,targets_20_pi_h1_ideal,objective_tuning_target_load_pilot_25\scenarios\known_visit_g19_t20_n25.csv,17,10,9,21.686126554942348,21.686126554942348,02,02,1,0,True,completed
14,known_visit,PI,ideal,1.0,19,361,4,20,targets_20_pi_h1_ideal,objective_tuning_target_load_pilot_25\scenarios\known_visit_g19_t20_n25.csv,18,14,17,43.711711326438376,43.711711326438376,02,02,1,0,True,completed
14,known_visit,PI,ideal,1.0,19,361,4,20,targets_20_pi_h1_ideal,objective_tuning_target_load_pilot_25\scenarios\known_visit_g19_t20_n25.csv,19,16,15,51.08393445696709,51.08393445696709,02,02,1,0,True,completed
14,known_visit,PI,ideal,1.0,19,361,4,20,targets_20_pi_h1_ideal,objective_tuning_target_load_pilot_25\scenarios\known_visit_g19_t20_n25.csv,20,3,4,10.5336533002585,10.5336533002585,00,00,1,0,True,completed
15,known_visit,PI,ideal,1.0,19,361,4,20,targets_20_pi_h1_ideal,objective_tuning_target_load_pilot_25\scenarios\known_visit_g19_t20_n25.csv,1,16,11,42.51891749768601,42.51891749768601,02,02,1,0,True,completed
15,known_visit,PI,ideal,1.0,19,361,4,20,targets_20_pi_h1_ideal,objective_tuning_target_load_pilot_25\scenarios\known_visit_g19_t20_n25.csv,2,7,16,21.347147165181624,21.347147165181624,03,03,1,0,True,completed
15,known_visit,PI,ideal,1.0,19,361,4,20,targets_20_pi_h1_ideal,objective_tuning_target_load_pilot_25\scenarios\known_visit_g19_t20_n25.csv,3,7,0,10.59103871594733,10.59103871594733,00,00,1,0,True,completed
15,known_visit,PI,ideal,1.0,19,361,4,20,targets_20_pi_h1_ideal,objective_tuning_target_load_pilot_25\scenarios\known_visit_g19_t20_n25.csv,4,17,18,50.47319383323799,50.47319383323799,03,03,1,0,True,completed
15,known_visit,PI,ideal,1.0,19,361,4,20,targets_20_pi_h1_ideal,objective_tuning_target_load_pilot_25\scenarios\known_visit_g19_t20_n25.csv,5,14,14,37.556424535877,37.556424535877,03,03,1,0,True,completed
15,known_visit,PI,ideal,1.0,19,361,4,20,targets_20_pi_h1_ideal,objective_tuning_target_load_pilot_25\scenarios\known_visit_g19_t20_n25.csv,6,16,15,42.88441019891723,42.88441019891723,03,03,1,0,True,completed
15,known_visit,PI,ideal,1.0,19,361,4,20,targets_20_pi_h1_ideal,objective_tuning_target_load_pilot_25\scenarios\known_visit_g19_t20_n25.csv,7,6,7,10.435238998152453,10.435238998152453,01,01,1,0,True,completed
15,known_visit,PI,ideal,1.0,19,361,4,20,targets_20_pi_h1_ideal,objective_tuning_target_load_pilot_25\scenarios\known_visit_g19_t20_n25.csv,8,10,3,24.889730376036432,24.889730376036432,00,00,1,0,True,completed
15,known_visit,PI,ideal,1.0,19,361,4,20,targets_20_pi_h1_ideal,objective_tuning_target_load_pilot_25\scenarios\known_visit_g19_t20_n25.csv,9,6,3,21.321541263592536,21.321541263592536,01,01,1,0,True,completed
15,known_visit,PI,ideal,1.0,19,361,4,20,targets_20_pi_h1_ideal,objective_tuning_target_load_pilot_25\scenarios\known_visit_g19_t20_n25.csv,10,6,11,10.762037240269658,10.762037240269658,02,02,1,0,True,completed
15,known_visit,PI,ideal,1.0,19,361,4,20,targets_20_pi_h1_ideal,objective_tuning_target_load_pilot_25\scenarios\known_visit_g19_t20_n25.csv,11,15,1,40.8802496278207,40.8802496278207,01,01,1,0,True,completed
15,known_visit,PI,ideal,1.0,19,361,4,20,targets_20_pi_h1_ideal,objective_tuning_target_load_pilot_25\scenarios\known_visit_g19_t20_n25.csv,12,17,1,44.31871155494517,44.31871155494517,01,01,1,0,True,completed
15,known_visit,PI,ideal,1.0,19,361,4,20,targets_20_pi_h1_ideal,objective_tuning_target_load_pilot_25\scenarios\known_visit_g19_t20_n25.csv,13,11,0,17.310332447704234,17.310332447704234,00,00,1,0,True,completed
15,known_visit,PI,ideal,1.0,19,361,4,20,targets_20_pi_h1_ideal,objective_tuning_target_load_pilot_25\scenarios\known_visit_g19_t20_n25.csv,14,1,14,7.289011697288636,7.289011697288636,03,03,1,0,True,completed
15,known_visit,PI,ideal,1.0,19,361,4,20,targets_20_pi_h1_ideal,objective_tuning_target_load_pilot_25\scenarios\known_visit_g19_t20_n25.csv,15,17,16,46.66222829625711,46.66222829625711,03,03,1,0,True,completed
15,known_visit,PI,ideal,1.0,19,361,4,20,targets_20_pi_h1_ideal,objective_tuning_target_load_pilot_25\scenarios\known_visit_g19_t20_n25.csv,16,10,16,26.704012710753986,26.704012710753986,03,03,1,0,True,completed
15,known_visit,PI,ideal,1.0,19,361,4,20,targets_20_pi_h1_ideal,objective_tuning_target_load_pilot_25\scenarios\known_visit_g19_t20_n25.csv,17,18,2,48.02428481308764,48.02428481308764,01,01,1,0,True,completed
15,known_visit,PI,ideal,1.0,19,361,4,20,targets_20_pi_h1_ideal,objective_tuning_target_load_pilot_25\scenarios\known_visit_g19_t20_n25.csv,18,10,8,23.045873734623758,23.045873734623758,02,02,1,0,True,completed
15,known_visit,PI,ideal,1.0,19,361,4,20,targets_20_pi_h1_ideal,objective_tuning_target_load_pilot_25\scenarios\known_visit_g19_t20_n25.csv,19,11,14,32.05084780888703,32.05084780888703,03,03,1,0,True,completed
15,known_visit,PI,ideal,1.0,19,361,4,20,targets_20_pi_h1_ideal,objective_tuning_target_load_pilot_25\scenarios\known_visit_g19_t20_n25.csv,20,18,11,46.176028793962935,46.176028793962935,02,02,1,0,True,completed
16,known_visit,PI,ideal,1.0,19,361,4,20,targets_20_pi_h1_ideal,objective_tuning_target_load_pilot_25\scenarios\known_visit_g19_t20_n25.csv,1,1,10,4.133747051372296,4.133747051372296,02,02,1,0,True,completed
16,known_visit,PI,ideal,1.0,19,361,4,20,targets_20_pi_h1_ideal,objective_tuning_target_load_pilot_25\scenarios\known_visit_g19_t20_n25.csv,2,4,18,5.2384013448254265,5.2384013448254265,03,03,1,0,True,completed
16,known_visit,PI,ideal,1.0,19,361,4,20,targets_20_pi_h1_ideal,objective_tuning_target_load_pilot_25\scenarios\known_visit_g19_t20_n25.csv,3,13,14,27.63579043609671,27.63579043609671,03,03,1,0,True,completed
16,known_visit,PI,ideal,1.0,19,361,4,20,targets_20_pi_h1_ideal,objective_tuning_target_load_pilot_25\scenarios\known_visit_g19_t20_n25.csv,4,8,2,23.48323238923695,23.48323238923695,00,00,1,0,True,completed
16,known_visit,PI,ideal,1.0,19,361,4,20,targets_20_pi_h1_ideal,objective_tuning_target_load_pilot_25\scenarios\known_visit_g19_t20_n25.csv,5,3,4,7.764534104294161,7.764534104294161,01,01,1,0,True,completed
16,known_visit,PI,ideal,1.0,19,361,4,20,targets_20_pi_h1_ideal,objective_tuning_target_load_pilot_25\scenarios\known_visit_g19_t20_n25.csv,6,15,3,42.03420069688094,42.03420069688094,00,00,1,0,True,completed
16,known_visit,PI,ideal,1.0,19,361,4,20,targets_20_pi_h1_ideal,objective_tuning_target_load_pilot_25\scenarios\known_visit_g19_t20_n25.csv,7,14,8,33.451084222403914,33.451084222403914,01,01,2,1,True,completed
16,known_visit,PI,ideal,1.0,19,361,4,20,targets_20_pi_h1_ideal,objective_tuning_target_load_pilot_25\scenarios\known_visit_g19_t20_n25.csv,8,6,0,16.0919465247275,16.0919465247275,00,00,1,0,True,completed
16,known_visit,PI,ideal,1.0,19,361,4,20,targets_20_pi_h1_ideal,objective_tuning_target_load_pilot_25\scenarios\known_visit_g19_t20_n25.csv,9,7,7,19.86966021904984,19.86966021904984,01,01,1,0,True,completed
16,known_visit,PI,ideal,1.0,19,361,4,20,targets_20_pi_h1_ideal,objective_tuning_target_load_pilot_25\scenarios\known_visit_g19_t20_n25.csv,10,14,3,40.06884448911861,40.06884448911861,00,00,1,0,True,completed
16,known_visit,PI,ideal,1.0,19,361,4,20,targets_20_pi_h1_ideal,objective_tuning_target_load_pilot_25\scenarios\known_visit_g19_t20_n25.csv,11,14,14,29.35852761233121,29.35852761233121,03,03,1,0,True,completed
16,known_visit,PI,ideal,1.0,19,361,4,20,targets_20_pi_h1_ideal,objective_tuning_target_load_pilot_25\scenarios\known_visit_g19_t20_n25.csv,12,14,13,31.33707098429543,31.33707098429543,03,03,1,0,True,completed
16,known_visit,PI,ideal,1.0,19,361,4,20,targets_20_pi_h1_ideal,objective_tuning_target_load_pilot_25\scenarios\known_visit_g19_t20_n25.csv,13,3,9,9.712445286729233,9.712445286729233,02,02,1,0,True,completed
16,known_visit,PI,ideal,1.0,19,361,4,20,targets_20_pi_h1_ideal,objective_tuning_target_load_pilot_25\scenarios\known_visit_g19_t20_n25.csv,14,5,15,12.12854753446628,12.12854753446628,03,03,1,0,True,completed
16,known_visit,PI,ideal,1.0,19,361,4,20,targets_20_pi_h1_ideal,objective_tuning_target_load_pilot_25\scenarios\known_visit_g19_t20_n25.csv,15,17,1,49.072751519964996,49.072751519964996,00,00,1,0,True,completed
16,known_visit,PI,ideal,1.0,19,361,4,20,targets_20_pi_h1_ideal,objective_tuning_target_load_pilot_25\scenarios\known_visit_g19_t20_n25.csv,16,9,11,23.700513497916532,23.700513497916532,02,02,1,0,True,completed
16,known_visit,PI,ideal,1.0,19,361,4,20,targets_20_pi_h1_ideal,objective_tuning_target_load_pilot_25\scenarios\known_visit_g19_t20_n25.csv,17,12,1,32.60452192612565,32.60452192612565,00,00,1,0,True,completed
16,known_visit,PI,ideal,1.0,19,361,4,20,targets_20_pi_h1_ideal,objective_tuning_target_load_pilot_25\scenarios\known_visit_g19_t20_n25.csv,18,14,2,38.38279038160064,38.38279038160064,00,00,1,0,True,completed
16,known_visit,PI,ideal,1.0,19,361,4,20,targets_20_pi_h1_ideal,objective_tuning_target_load_pilot_25\scenarios\known_visit_g19_t20_n25.csv,19,2,5,3.950976124771629,3.950976124771629,01,01,1,0,True,completed
16,known_visit,PI,ideal,1.0,19,361,4,20,targets_20_pi_h1_ideal,objective_tuning_target_load_pilot_25\scenarios\known_visit_g19_t20_n25.csv,20,2,4,5.7031027129885095,5.7031027129885095,01,01,1,0,True,completed
17,known_visit,PI,ideal,1.0,19,361,4,20,targets_20_pi_h1_ideal,objective_tuning_target_load_pilot_25\scenarios\known_visit_g19_t20_n25.csv,1,17,8,42.56366243463472,42.56366243463472,00,00,1,0,True,completed
17,known_visit,PI,ideal,1.0,19,361,4,20,targets_20_pi_h1_ideal,objective_tuning_target_load_pilot_25\scenarios\known_visit_g19_t20_n25.csv,2,3,17,5.765361723577816,5.765361723577816,03,03,1,0,True,completed
17,known_visit,PI,ideal,1.0,19,361,4,20,targets_20_pi_h1_ideal,objective_tuning_target_load_pilot_25\scenarios\known_visit_g19_t20_n25.csv,3,13,4,28.37523941286687,28.37523941286687,00,00,1,0,True,completed
17,known_visit,PI,ideal,1.0,19,361,4,20,targets_20_pi_h1_ideal,objective_tuning_target_load_pilot_25\scenarios\known_visit_g19_t20_n25.csv,4,15,14,32.223042280929796,32.223042280929796,03,03,1,0,True,completed
17,known_visit,PI,ideal,1.0,19,361,4,20,targets_20_pi_h1_ideal,objective_tuning_target_load_pilot_25\scenarios\known_visit_g19_t20_n25.csv,5,2,14,5.4484998821325545,5.4484998821325545,02,02,1,0,True,completed
17,known_visit,PI,ideal,1.0,19,361,4,20,targets_20_pi_h1_ideal,objective_tuning_target_load_pilot_25\scenarios\known_visit_g19_t20_n25.csv,6,13,3,26.738767972549734,26.738767972549734,00,00,1,0,True,completed
17,known_visit,PI,ideal,1.0,19,361,4,20,targets_20_pi_h1_ideal,objective_tuning_target_load_pilot_25\scenarios\known_visit_g19_t20_n25.csv,7,17,6,38.90161407932963,38.90161407932963,00,00,1,0,True,completed
17,known_visit,PI,ideal,1.0,19,361,4,20,targets_20_pi_h1_ideal,objective_tuning_target_load_pilot_25\scenarios\known_visit_g19_t20_n25.csv,8,13,14,28.843653018589823,28.843653018589823,03,03,1,0,True,completed
17,known_visit,PI,ideal,1.0,19,361,4,20,targets_20_pi_h1_ideal,objective_tuning_target_load_pilot_25\scenarios\known_visit_g19_t20_n25.csv,9,7,10,28.147616548610046,28.147616548610046,02,02,1,0,True,completed
17,known_visit,PI,ideal,1.0,19,361,4,20,targets_20_pi_h1_ideal,objective_tuning_target_load_pilot_25\scenarios\known_visit_g19_t20_n25.csv,10,18,0,40.01503329372709,40.01503329372709,01,01,1,0,True,completed
17,known_visit,PI,ideal,1.0,19,361,4,20,targets_20_pi_h1_ideal,objective_tuning_target_load_pilot_25\scenarios\known_visit_g19_t20_n25.csv,11,14,6,33.914333104056766,33.914333104056766,00,00,1,0,True,completed
17,known_visit,PI,ideal,1.0,19,361,4,20,targets_20_pi_h1_ideal,objective_tuning_target_load_pilot_25\scenarios\known_visit_g19_t20_n25.csv,12,6,1,11.023395533716924,11.023395533716924,00,00,1,0,True,completed
17,known_visit,PI,ideal,1.0,19,361,4,20,targets_20_pi_h1_ideal,objective_tuning_target_load_pilot_25\scenarios\known_visit_g19_t20_n25.csv,13,5,0,17.94527975128286,17.94527975128286,01,01,1,0,True,completed
17,known_visit,PI,ideal,1.0,19,361,4,20,targets_20_pi_h1_ideal,objective_tuning_target_load_pilot_25\scenarios\known_visit_g19_t20_n25.csv,14,9,16,18.29255542945119,18.29255542945119,03,03,1,0,True,completed
17,known_visit,PI,ideal,1.0,19,361,4,20,targets_20_pi_h1_ideal,objective_tuning_target_load_pilot_25\scenarios\known_visit_g19_t20_n25.csv,15,6,17,11.24259327531842,11.24259327531842,03,03,1,0,True,completed
17,known_visit,PI,ideal,1.0,19,361,4,20,targets_20_pi_h1_ideal,objective_tuning_target_load_pilot_25\scenarios\known_visit_g19_t20_n25.csv,16,1,5,2.2055213866524124,2.2055213866524124,01,01,1,0,True,completed
17,known_visit,PI,ideal,1.0,19,361,4,20,targets_20_pi_h1_ideal,objective_tuning_target_load_pilot_25\scenarios\known_visit_g19_t20_n25.csv,17,16,13,36.02220629988588,36.02220629988588,03,03,1,0,True,completed
17,known_visit,PI,ideal,1.0,19,361,4,20,targets_20_pi_h1_ideal,objective_tuning_target_load_pilot_25\scenarios\known_visit_g19_t20_n25.csv,18,13,18,54.08576492914931,54.08576492914931,03,03,1,0,True,completed
17,known_visit,PI,ideal,1.0,19,361,4,20,targets_20_pi_h1_ideal,objective_tuning_target_load_pilot_25\scenarios\known_visit_g19_t20_n25.csv,19,2,1,3.869441948025457,3.869441948025457,00,00,1,0,True,completed
17,known_visit,PI,ideal,1.0,19,361,4,20,targets_20_pi_h1_ideal,objective_tuning_target_load_pilot_25\scenarios\known_visit_g19_t20_n25.csv,20,12,1,21.28961673223077,21.28961673223077,00,00,1,0,True,completed
18,known_visit,PI,ideal,1.0,19,361,4,20,targets_20_pi_h1_ideal,objective_tuning_target_load_pilot_25\scenarios\known_visit_g19_t20_n25.csv,1,12,13,35.46240528612136,35.46240528612136,02,02,2,1,True,completed
18,known_visit,PI,ideal,1.0,19,361,4,20,targets_20_pi_h1_ideal,objective_tuning_target_load_pilot_25\scenarios\known_visit_g19_t20_n25.csv,2,4,12,5.349591847289895,5.349591847289895,02,02,1,0,True,completed
18,known_visit,PI,ideal,1.0,19,361,4,20,targets_20_pi_h1_ideal,objective_tuning_target_load_pilot_25\scenarios\known_visit_g19_t20_n25.csv,3,3,14,10.91630548778963,10.91630548778963,03,03,1,0,True,completed
18,known_visit,PI,ideal,1.0,19,361,4,20,targets_20_pi_h1_ideal,objective_tuning_target_load_pilot_25\scenarios\known_visit_g19_t20_n25.csv,4,18,2,44.0913716081114,44.0913716081114,00,00,1,0,True,completed
18,known_visit,PI,ideal,1.0,19,361,4,20,targets_20_pi_h1_ideal,objective_tuning_target_load_pilot_25\scenarios\known_visit_g19_t20_n25.csv,5,3,12,3.661638792777372,3.661638792777372,02,02,1,0,True,completed
18,known_visit,PI,ideal,1.0,19,361,4,20,targets_20_pi_h1_ideal,objective_tuning_target_load_pilot_25\scenarios\known_visit_g19_t20_n25.csv,6,3,0,3.654309417948159,3.654309417948159,00,00,1,0,True,completed
18,known_visit,PI,ideal,1.0,19,361,4,20,targets_20_pi_h1_ideal,objective_tuning_target_load_pilot_25\scenarios\known_visit_g19_t20_n25.csv,7,9,15,23.535777856992684,23.535777856992684,03,03,1,0,True,completed
18,known_visit,PI,ideal,1.0,19,361,4,20,targets_20_pi_h1_ideal,objective_tuning_target_load_pilot_25\scenarios\known_visit_g19_t20_n25.csv,8,10,18,30.547352688797012,30.547352688797012,03,03,1,0,True,completed
18,known_visit,PI,ideal,1.0,19,361,4,20,targets_20_pi_h1_ideal,objective_tuning_target_load_pilot_25\scenarios\known_visit_g19_t20_n25.csv,9,4,7,11.624110893213143,11.624110893213143,01,01,1,0,True,completed
18,known_visit,PI,ideal,1.0,19,361,4,20,targets_20_pi_h1_ideal,objective_tuning_target_load_pilot_25\scenarios\known_visit_g19_t20_n25.csv,10,12,5,28.377401383259205,28.377401383259205,00,00,1,0,True,completed
18,known_visit,PI,ideal,1.0,19,361,4,20,targets_20_pi_h1_ideal,objective_tuning_target_load_pilot_25\scenarios\known_visit_g19_t20_n25.csv,11,16,16,48.11591273705872,48.11591273705872,02,02,1,0,True,completed
18,known_visit,PI,ideal,1.0,19,361,4,20,targets_20_pi_h1_ideal,objective_tuning_target_load_pilot_25\scenarios\known_visit_g19_t20_n25.csv,12,0,5,0.46013711253073974,0.46013711253073974,01,01,1,0,True,completed
18,known_visit,PI,ideal,1.0,19,361,4,20,targets_20_pi_h1_ideal,objective_tuning_target_load_pilot_25\scenarios\known_visit_g19_t20_n25.csv,13,13,10,28.193183361604316,28.193183361604316,02,02,1,0,True,completed
18,known_visit,PI,ideal,1.0,19,361,4,20,targets_20_pi_h1_ideal,objective_tuning_target_load_pilot_25\scenarios\known_visit_g19_t20_n25.csv,14,7,5,19.651852505212656,19.651852505212656,00,00,1,0,True,completed
18,known_visit,PI,ideal,1.0,19,361,4,20,targets_20_pi_h1_ideal,objective_tuning_target_load_pilot_25\scenarios\known_visit_g19_t20_n25.csv,15,15,13,48.398943426742676,48.398943426742676,01,01,1,0,True,completed
18,known_visit,PI,ideal,1.0,19,361,4,20,targets_20_pi_h1_ideal,objective_tuning_target_load_pilot_25\scenarios\known_visit_g19_t20_n25.csv,16,16,6,34.159494922246765,34.159494922246765,01,01,1,0,True,completed
18,known_visit,PI,ideal,1.0,19,361,4,20,targets_20_pi_h1_ideal,objective_tuning_target_load_pilot_25\scenarios\known_visit_g19_t20_n25.csv,17,9,9,19.4900073011864,19.4900073011864,02,02,1,0,True,completed
18,known_visit,PI,ideal,1.0,19,361,4,20,targets_20_pi_h1_ideal,objective_tuning_target_load_pilot_25\scenarios\known_visit_g19_t20_n25.csv,18,11,13,41.219456388342415,41.219456388342415,03,03,1,0,True,completed
18,known_visit,PI,ideal,1.0,19,361,4,20,targets_20_pi_h1_ideal,objective_tuning_target_load_pilot_25\scenarios\known_visit_g19_t20_n25.csv,19,5,9,12.474279241504252,12.474279241504252,02,02,1,0,True,completed
18,known_visit,PI,ideal,1.0,19,361,4,20,targets_20_pi_h1_ideal,objective_tuning_target_load_pilot_25\scenarios\known_visit_g19_t20_n25.csv,20,2,7,7.933263497102486,7.933263497102486,01,01,1,0,True,completed
19,known_visit,PI,ideal,1.0,19,361,4,20,targets_20_pi_h1_ideal,objective_tuning_target_load_pilot_25\scenarios\known_visit_g19_t20_n25.csv,1,6,15,15.369580187804898,15.369580187804898,03,03,1,0,True,completed
19,known_visit,PI,ideal,1.0,19,361,4,20,targets_20_pi_h1_ideal,objective_tuning_target_load_pilot_25\scenarios\known_visit_g19_t20_n25.csv,2,9,9,27.233824417318274,27.233824417318274,01,01,1,0,True,completed
19,known_visit,PI,ideal,1.0,19,361,4,20,targets_20_pi_h1_ideal,objective_tuning_target_load_pilot_25\scenarios\known_visit_g19_t20_n25.csv,3,16,2,45.79923407159554,45.79923407159554,00,00,1,0,True,completed
19,known_visit,PI,ideal,1.0,19,361,4,20,targets_20_pi_h1_ideal,objective_tuning_target_load_pilot_25\scenarios\known_visit_g19_t20_n25.csv,4,9,4,25.429555992059644,25.429555992059644,00,00,1,0,True,completed
19,known_visit,PI,ideal,1.0,19,361,4,20,targets_20_pi_h1_ideal,objective_tuning_target_load_pilot_25\scenarios\known_visit_g19_t20_n25.csv,5,4,13,15.525587503308778,15.525587503308778,02,02,1,0,True,completed
19,known_visit,PI,ideal,1.0,19,361,4,20,targets_20_pi_h1_ideal,objective_tuning_target_load_pilot_25\scenarios\known_visit_g19_t20_n25.csv,6,8,13,22.297466985424013,22.297466985424013,03,03,1,0,True,completed
19,known_visit,PI,ideal,1.0,19,361,4,20,targets_20_pi_h1_ideal,objective_tuning_target_load_pilot_25\scenarios\known_visit_g19_t20_n25.csv,7,4,17,7.467892136682634,7.467892136682634,03,03,1,0,True,completed
19,known_visit,PI,ideal,1.0,19,361,4,20,targets_20_pi_h1_ideal,objective_tuning_target_load_pilot_25\scenarios\known_visit_g19_t20_n25.csv,8,10,1,18.140572284884982,18.140572284884982,00,00,1,0,True,completed
19,known_visit,PI,ideal,1.0,19,361,4,20,targets_20_pi_h1_ideal,objective_tuning_target_load_pilot_25\scenarios\known_visit_g19_t20_n25.csv,9,4,16,9.46873081173394,9.46873081173394,03,03,1,0,True,completed
19,known_visit,PI,ideal,1.0,19,361,4,20,targets_20_pi_h1_ideal,objective_tuning_target_load_pilot_25\scenarios\known_visit_g19_t20_n25.csv,10,5,7,16.40766088420568,16.40766088420568,01,01,1,0,True,completed
19,known_visit,PI,ideal,1.0,19,361,4,20,targets_20_pi_h1_ideal,objective_tuning_target_load_pilot_25\scenarios\known_visit_g19_t20_n25.csv,11,0,9,3.8451308596479294,3.8451308596479294,01,01,1,0,True,completed
19,known_visit,PI,ideal,1.0,19,361,4,20,targets_20_pi_h1_ideal,objective_tuning_target_load_pilot_25\scenarios\known_visit_g19_t20_n25.csv,12,1,11,6.222864532111977,6.222864532111977,02,02,1,0,True,completed
19,known_visit,PI,ideal,1.0,19,361,4,20,targets_20_pi_h1_ideal,objective_tuning_target_load_pilot_25\scenarios\known_visit_g19_t20_n25.csv,13,0,13,0.4422107229785983,0.4422107229785983,02,02,1,0,True,completed
19,known_visit,PI,ideal,1.0,19,361,4,20,targets_20_pi_h1_ideal,objective_tuning_target_load_pilot_25\scenarios\known_visit_g19_t20_n25.csv,14,17,13,48.151796274251645,48.151796274251645,01,01,1,0,True,completed
19,known_visit,PI,ideal,1.0,19,361,4,20,targets_20_pi_h1_ideal,objective_tuning_target_load_pilot_25\scenarios\known_visit_g19_t20_n25.csv,15,5,16,11.524775111834309,11.524775111834309,03,03,1,0,True,completed
19,known_visit,PI,ideal,1.0,19,361,4,20,targets_20_pi_h1_ideal,objective_tuning_target_load_pilot_25\scenarios\known_visit_g19_t20_n25.csv,16,12,13,29.144775765725058,29.144775765725058,03,03,2,1,True,completed
19,known_visit,PI,ideal,1.0,19,361,4,20,targets_20_pi_h1_ideal,objective_tuning_target_load_pilot_25\scenarios\known_visit_g19_t20_n25.csv,17,12,8,37.75599659616949,37.75599659616949,03,03,1,0,True,completed
19,known_visit,PI,ideal,1.0,19,361,4,20,targets_20_pi_h1_ideal,objective_tuning_target_load_pilot_25\scenarios\known_visit_g19_t20_n25.csv,18,9,1,16.39443276591583,16.39443276591583,00,00,1,0,True,completed
19,known_visit,PI,ideal,1.0,19,361,4,20,targets_20_pi_h1_ideal,objective_tuning_target_load_pilot_25\scenarios\known_visit_g19_t20_n25.csv,19,10,2,20.105428074444074,20.105428074444074,00,00,1,0,True,completed
19,known_visit,PI,ideal,1.0,19,361,4,20,targets_20_pi_h1_ideal,objective_tuning_target_load_pilot_25\scenarios\known_visit_g19_t20_n25.csv,20,16,3,44.00502979928873,44.00502979928873,00,00,1,0,True,completed
20,known_visit,PI,ideal,1.0,19,361,4,20,targets_20_pi_h1_ideal,objective_tuning_target_load_pilot_25\scenarios\known_visit_g19_t20_n25.csv,1,1,18,0.12465004190899699,0.12465004190899699,03,03,1,0,True,completed
20,known_visit,PI,ideal,1.0,19,361,4,20,targets_20_pi_h1_ideal,objective_tuning_target_load_pilot_25\scenarios\known_visit_g19_t20_n25.csv,2,13,1,55.56705150531839,55.56705150531839,01,01,1,0,True,completed
20,known_visit,PI,ideal,1.0,19,361,4,20,targets_20_pi_h1_ideal,objective_tuning_target_load_pilot_25\scenarios\known_visit_g19_t20_n25.csv,3,6,8,20.07516236855335,20.07516236855335,01,01,1,0,True,completed
20,known_visit,PI,ideal,1.0,19,361,4,20,targets_20_pi_h1_ideal,objective_tuning_target_load_pilot_25\scenarios\known_visit_g19_t20_n25.csv,4,14,3,42.74695725853343,42.74695725853343,00,00,2,1,True,completed
20,known_visit,PI,ideal,1.0,19,361,4,20,targets_20_pi_h1_ideal,objective_tuning_target_load_pilot_25\scenarios\known_visit_g19_t20_n25.csv,5,3,15,26.73817527129937,26.73817527129937,02,02,1,0,True,completed
20,known_visit,PI,ideal,1.0,19,361,4,20,targets_20_pi_h1_ideal,objective_tuning_target_load_pilot_25\scenarios\known_visit_g19_t20_n25.csv,6,1,7,9.02070705011359,9.02070705011359,02,02,1,0,True,completed
20,known_visit,PI,ideal,1.0,19,361,4,20,targets_20_pi_h1_ideal,objective_tuning_target_load_pilot_25\scenarios\known_visit_g19_t20_n25.csv,7,1,4,3.9437870778977975,3.9437870778977975,01,01,1,0,True,completed
20,known_visit,PI,ideal,1.0,19,361,4,20,targets_20_pi_h1_ideal,objective_tuning_target_load_pilot_25\scenarios\known_visit_g19_t20_n25.csv,8,15,13,37.54436629697584,37.54436629697584,03,03,1,0,True,completed
20,known_visit,PI,ideal,1.0,19,361,4,20,targets_20_pi_h1_ideal,objective_tuning_target_load_pilot_25\scenarios\known_visit_g19_t20_n25.csv,9,7,5,19.912840607338193,19.912840607338193,00,00,1,0,True,completed
20,known_visit,PI,ideal,1.0,19,361,4,20,targets_20_pi_h1_ideal,objective_tuning_target_load_pilot_25\scenarios\known_visit_g19_t20_n25.csv,10,17,2,49.8749756186406,49.8749756186406,00,00,1,0,True,completed
20,known_visit,PI,ideal,1.0,19,361,4,20,targets_20_pi_h1_ideal,objective_tuning_target_load_pilot_25\scenarios\known_visit_g19_t20_n25.csv,11,13,9,34.066201823574914,34.066201823574914,01,01,1,0,True,completed
20,known_visit,PI,ideal,1.0,19,361,4,20,targets_20_pi_h1_ideal,objective_tuning_target_load_pilot_25\scenarios\known_visit_g19_t20_n25.csv,12,12,8,30.36596891760615,30.36596891760615,01,01,1,0,True,completed
20,known_visit,PI,ideal,1.0,19,361,4,20,targets_20_pi_h1_ideal,objective_tuning_target_load_pilot_25\scenarios\known_visit_g19_t20_n25.csv,13,4,17,7.110750724925549,7.110750724925549,03,03,1,0,True,completed
20,known_visit,PI,ideal,1.0,19,361,4,20,targets_20_pi_h1_ideal,objective_tuning_target_load_pilot_25\scenarios\known_visit_g19_t20_n25.csv,14,11,16,24.9392514967288,24.9392514967288,03,03,1,0,True,completed
20,known_visit,PI,ideal,1.0,19,361,4,20,targets_20_pi_h1_ideal,objective_tuning_target_load_pilot_25\scenarios\known_visit_g19_t20_n25.csv,15,4,15,10.626327006164228,10.626327006164228,03,03,2,1,True,completed
20,known_visit,PI,ideal,1.0,19,361,4,20,targets_20_pi_h1_ideal,objective_tuning_target_load_pilot_25\scenarios\known_visit_g19_t20_n25.csv,16,1,5,2.272540737370213,2.272540737370213,01,01,1,0,True,completed
20,known_visit,PI,ideal,1.0,19,361,4,20,targets_20_pi_h1_ideal,objective_tuning_target_load_pilot_25\scenarios\known_visit_g19_t20_n25.csv,17,13,12,49.4769959462696,49.4769959462696,02,02,1,0,True,completed
20,known_visit,PI,ideal,1.0,19,361,4,20,targets_20_pi_h1_ideal,objective_tuning_target_load_pilot_25\scenarios\known_visit_g19_t20_n25.csv,18,9,16,21.25037288272259,21.25037288272259,03,03,1,0,True,completed
20,known_visit,PI,ideal,1.0,19,361,4,20,targets_20_pi_h1_ideal,objective_tuning_target_load_pilot_25\scenarios\known_visit_g19_t20_n25.csv,19,3,4,7.8141290521605775,7.8141290521605775,01,01,1,0,True,completed
20,known_visit,PI,ideal,1.0,19,361,4,20,targets_20_pi_h1_ideal,objective_tuning_target_load_pilot_25\scenarios\known_visit_g19_t20_n25.csv,20,14,14,33.735161706293475,33.735161706293475,03,03,1,0,True,completed
21,known_visit,PI,ideal,1.0,19,361,4,20,targets_20_pi_h1_ideal,objective_tuning_target_load_pilot_25\scenarios\known_visit_g19_t20_n25.csv,1,0,1,0.42507864954731134,0.42507864954731134,00,00,1,0,True,completed
21,known_visit,PI,ideal,1.0,19,361,4,20,targets_20_pi_h1_ideal,objective_tuning_target_load_pilot_25\scenarios\known_visit_g19_t20_n25.csv,2,0,11,0.7599752343182072,0.7599752343182072,02,02,2,1,True,completed
21,known_visit,PI,ideal,1.0,19,361,4,20,targets_20_pi_h1_ideal,objective_tuning_target_load_pilot_25\scenarios\known_visit_g19_t20_n25.csv,3,2,4,9.256008165464378,9.256008165464378,00,00,1,0,True,completed
21,known_visit,PI,ideal,1.0,19,361,4,20,targets_20_pi_h1_ideal,objective_tuning_target_load_pilot_25\scenarios\known_visit_g19_t20_n25.csv,4,18,8,51.02562463325746,51.02562463325746,03,03,1,0,True,completed
21,known_visit,PI,ideal,1.0,19,361,4,20,targets_20_pi_h1_ideal,objective_tuning_target_load_pilot_25\scenarios\known_visit_g19_t20_n25.csv,5,11,3,41.668900130480786,41.668900130480786,02,02,1,0,True,completed
21,known_visit,PI,ideal,1.0,19,361,4,20,targets_20_pi_h1_ideal,objective_tuning_target_load_pilot_25\scenarios\known_visit_g19_t20_n25.csv,6,5,9,16.906819489148063,16.906819489148063,02,02,2,1,True,completed
21,known_visit,PI,ideal,1.0,19,361,4,20,targets_20_pi_h1_ideal,objective_tuning_target_load_pilot_25\scenarios\known_visit_g19_t20_n25.csv,7,0,10,12.597733497614234,12.597733497614234,03,03,1,0,True,completed
21,known_visit,PI,ideal,1.0,19,361,4,20,targets_20_pi_h1_ideal,objective_tuning_target_load_pilot_25\scenarios\known_visit_g19_t20_n25.csv,8,10,8,27.627007705386447,27.627007705386447,02,02,1,0,True,completed
21,known_visit,PI,ideal,1.0,19,361,4,20,targets_20_pi_h1_ideal,objective_tuning_target_load_pilot_25\scenarios\known_visit_g19_t20_n25.csv,9,0,17,0.5656507492388966,0.5656507492388966,03,03,1,0,True,completed
21,known_visit,PI,ideal,1.0,19,361,4,20,targets_20_pi_h1_ideal,objective_tuning_target_load_pilot_25\scenarios\known_visit_g19_t20_n25.csv,10,14,4,37.44564767848243,37.44564767848243,00,00,1,0,True,completed
21,known_visit,PI,ideal,1.0,19,361,4,20,targets_20_pi_h1_ideal,objective_tuning_target_load_pilot_25\scenarios\known_visit_g19_t20_n25.csv,11,5,8,18.89561737091814,18.89561737091814,02,02,1,0,True,completed
21,known_visit,PI,ideal,1.0,19,361,4,20,targets_20_pi_h1_ideal,objective_tuning_target_load_pilot_25\scenarios\known_visit_g19_t20_n25.csv,12,0,7,0.5898307493450193,0.5898307493450193,01,01,1,0,True,completed
21,known_visit,PI,ideal,1.0,19,361,4,20,targets_20_pi_h1_ideal,objective_tuning_target_load_pilot_25\scenarios\known_visit_g19_t20_n25.csv,13,0,3,3.830530371276654,3.830530371276654,00,00,1,0,True,completed
21,known_visit,PI,ideal,1.0,19,361,4,20,targets_20_pi_h1_ideal,objective_tuning_target_load_pilot_25\scenarios\known_visit_g19_t20_n25.csv,14,17,7,47.04266824710198,47.04266824710198,03,03,1,0,True,completed
21,known_visit,PI,ideal,1.0,19,361,4,20,targets_20_pi_h1_ideal,objective_tuning_target_load_pilot_25\scenarios\known_visit_g19_t20_n25.csv,15,1,0,26.78597442159769,26.78597442159769,01,01,1,0,True,completed
21,known_visit,PI,ideal,1.0,19,361,4,20,targets_20_pi_h1_ideal,objective_tuning_target_load_pilot_25\scenarios\known_visit_g19_t20_n25.csv,16,12,0,49.91807973026476,49.91807973026476,01,01,1,0,True,completed
21,known_visit,PI,ideal,1.0,19,361,4,20,targets_20_pi_h1_ideal,objective_tuning_target_load_pilot_25\scenarios\known_visit_g19_t20_n25.csv,17,12,18,78.91297405539116,78.91297405539116,03,03,1,0,True,completed
21,known_visit,PI,ideal,1.0,19,361,4,20,targets_20_pi_h1_ideal,objective_tuning_target_load_pilot_25\scenarios\known_visit_g19_t20_n25.csv,18,6,11,11.187493560677513,11.187493560677513,02,02,1,0,True,completed
21,known_visit,PI,ideal,1.0,19,361,4,20,targets_20_pi_h1_ideal,objective_tuning_target_load_pilot_25\scenarios\known_visit_g19_t20_n25.csv,19,18,7,48.98557143514188,48.98557143514188,03,03,2,1,True,completed
21,known_visit,PI,ideal,1.0,19,361,4,20,targets_20_pi_h1_ideal,objective_tuning_target_load_pilot_25\scenarios\known_visit_g19_t20_n25.csv,20,1,6,4.632507224842239,4.632507224842239,01,01,1,0,True,completed
22,known_visit,PI,ideal,1.0,19,361,4,20,targets_20_pi_h1_ideal,objective_tuning_target_load_pilot_25\scenarios\known_visit_g19_t20_n25.csv,1,13,4,34.46979073079652,34.46979073079652,02,02,1,0,True,completed
22,known_visit,PI,ideal,1.0,19,361,4,20,targets_20_pi_h1_ideal,objective_tuning_target_load_pilot_25\scenarios\known_visit_g19_t20_n25.csv,2,7,6,21.585530020119442,21.585530020119442,01,01,1,0,True,completed
22,known_visit,PI,ideal,1.0,19,361,4,20,targets_20_pi_h1_ideal,objective_tuning_target_load_pilot_25\scenarios\known_visit_g19_t20_n25.csv,3,5,18,14.903235556914618,14.903235556914618,03,03,1,0,True,completed
22,known_visit,PI,ideal,1.0,19,361,4,20,targets_20_pi_h1_ideal,objective_tuning_target_load_pilot_25\scenarios\known_visit_g19_t20_n25.csv,4,15,7,42.99244311334654,42.99244311334654,02,02,1,0,True,completed
22,known_visit,PI,ideal,1.0,19,361,4,20,targets_20_pi_h1_ideal,objective_tuning_target_load_pilot_25\scenarios\known_visit_g19_t20_n25.csv,5,11,4,31.224985608086953,31.224985608086953,02,02,1,0,True,completed
22,known_visit,PI,ideal,1.0,19,361,4,20,targets_20_pi_h1_ideal,objective_tuning_target_load_pilot_25\scenarios\known_visit_g19_t20_n25.csv,6,5,9,12.681944622026073,12.681944622026073,01,01,1,0,True,completed
22,known_visit,PI,ideal,1.0,19,361,4,20,targets_20_pi_h1_ideal,objective_tuning_target_load_pilot_25\scenarios\known_visit_g19_t20_n25.csv,7,12,7,43.854235184177305,43.854235184177305,01,01,1,0,True,completed
22,known_visit,PI,ideal,1.0,19,361,4,20,targets_20_pi_h1_ideal,objective_tuning_target_load_pilot_25\scenarios\known_visit_g19_t20_n25.csv,8,2,12,1.8461795318156007,1.8461795318156007,02,02,1,0,True,completed
22,known_visit,PI,ideal,1.0,19,361,4,20,targets_20_pi_h1_ideal,objective_tuning_target_load_pilot_25\scenarios\known_visit_g19_t20_n25.csv,9,14,13,39.081398797865894,39.081398797865894,03,03,1,0,True,completed
22,known_visit,PI,ideal,1.0,19,361,4,20,targets_20_pi_h1_ideal,objective_tuning_target_load_pilot_25\scenarios\known_visit_g19_t20_n25.csv,10,2,2,5.841358575787137,5.841358575787137,00,00,1,0,True,completed
22,known_visit,PI,ideal,1.0,19,361,4,20,targets_20_pi_h1_ideal,objective_tuning_target_load_pilot_25\scenarios\known_visit_g19_t20_n25.csv,11,2,16,5.673109692856981,5.673109692856981,03,03,1,0,True,completed
22,known_visit,PI,ideal,1.0,19,361,4,20,targets_20_pi_h1_ideal,objective_tuning_target_load_pilot_25\scenarios\known_visit_g19_t20_n25.csv,12,8,10,15.618871467828258,15.618871467828258,02,02,1,0,True,completed
22,known_visit,PI,ideal,1.0,19,361,4,20,targets_20_pi_h1_ideal,objective_tuning_target_load_pilot_25\scenarios\known_visit_g19_t20_n25.csv,13,16,12,44.50883708927124,44.50883708927124,03,03,1,0,True,completed
22,known_visit,PI,ideal,1.0,19,361,4,20,targets_20_pi_h1_ideal,objective_tuning_target_load_pilot_25\scenarios\known_visit_g19_t20_n25.csv,14,4,12,5.315987158105808,5.315987158105808,02,02,1,0,True,completed
22,known_visit,PI,ideal,1.0,19,361,4,20,targets_20_pi_h1_ideal,objective_tuning_target_load_pilot_25\scenarios\known_visit_g19_t20_n25.csv,15,5,1,13.410265895952454,13.410265895952454,00,00,1,0,True,completed
22,known_visit,PI,ideal,1.0,19,361,4,20,targets_20_pi_h1_ideal,objective_tuning_target_load_pilot_25\scenarios\known_visit_g19_t20_n25.csv,16,8,6,22.326729876179428,22.326729876179428,02,02,2,1,True,completed
22,known_visit,PI,ideal,1.0,19,361,4,20,targets_20_pi_h1_ideal,objective_tuning_target_load_pilot_25\scenarios\known_visit_g19_t20_n25.csv,17,9,2,26.072512764295055,26.072512764295055,00,00,1,0,True,completed
22,known_visit,PI,ideal,1.0,19,361,4,20,targets_20_pi_h1_ideal,objective_tuning_target_load_pilot_25\scenarios\known_visit_g19_t20_n25.csv,18,9,0,22.306593736888292,22.306593736888292,00,00,1,0,True,completed
22,known_visit,PI,ideal,1.0,19,361,4,20,targets_20_pi_h1_ideal,objective_tuning_target_load_pilot_25\scenarios\known_visit_g19_t20_n25.csv,19,0,9,3.8233584483214273,3.8233584483214273,01,01,1,0,True,completed
22,known_visit,PI,ideal,1.0,19,361,4,20,targets_20_pi_h1_ideal,objective_tuning_target_load_pilot_25\scenarios\known_visit_g19_t20_n25.csv,20,14,12,40.85049938075924,40.85049938075924,03,03,1,0,True,completed
23,known_visit,PI,ideal,1.0,19,361,4,20,targets_20_pi_h1_ideal,objective_tuning_target_load_pilot_25\scenarios\known_visit_g19_t20_n25.csv,1,14,4,33.551540189306394,33.551540189306394,00,00,1,0,True,completed
23,known_visit,PI,ideal,1.0,19,361,4,20,targets_20_pi_h1_ideal,objective_tuning_target_load_pilot_25\scenarios\known_visit_g19_t20_n25.csv,2,4,17,7.215219260444714,7.215219260444714,03,03,1,0,True,completed
23,known_visit,PI,ideal,1.0,19,361,4,20,targets_20_pi_h1_ideal,objective_tuning_target_load_pilot_25\scenarios\known_visit_g19_t20_n25.csv,3,17,5,45.314155712102185,45.314155712102185,01,01,1,0,True,completed
23,known_visit,PI,ideal,1.0,19,361,4,20,targets_20_pi_h1_ideal,objective_tuning_target_load_pilot_25\scenarios\known_visit_g19_t20_n25.csv,4,8,9,22.113615114161718,22.113615114161718,01,01,1,0,True,completed
23,known_visit,PI,ideal,1.0,19,361,4,20,targets_20_pi_h1_ideal,objective_tuning_target_load_pilot_25\scenarios\known_visit_g19_t20_n25.csv,5,7,11,20.31989826225241,20.31989826225241,02,02,1,0,True,completed
23,known_visit,PI,ideal,1.0,19,361,4,20,targets_20_pi_h1_ideal,objective_tuning_target_load_pilot_25\scenarios\known_visit_g19_t20_n25.csv,6,14,12,34.038014634005584,34.038014634005584,03,03,1,0,True,completed
23,known_visit,PI,ideal,1.0,19,361,4,20,targets_20_pi_h1_ideal,objective_tuning_target_load_pilot_25\scenarios\known_visit_g19_t20_n25.csv,7,1,1,2.1660695628821074,2.1660695628821074,00,00,1,0,True,completed
23,known_visit,PI,ideal,1.0,19,361,4,20,targets_20_pi_h1_ideal,objective_tuning_target_load_pilot_25\scenarios\known_visit_g19_t20_n25.csv,8,5,12,14.840286673114647,14.840286673114647,02,02,1,0,True,completed
23,known_visit,PI,ideal,1.0,19,361,4,20,targets_20_pi_h1_ideal,objective_tuning_target_load_pilot_25\scenarios\known_visit_g19_t20_n25.csv,9,14,2,37.25082901550747,37.25082901550747,00,00,1,0,True,completed
23,known_visit,PI,ideal,1.0,19,361,4,20,targets_20_pi_h1_ideal,objective_tuning_target_load_pilot_25\scenarios\known_visit_g19_t20_n25.csv,10,14,16,41.03647657775779,41.03647657775779,03,03,1,0,True,completed
23,known_visit,PI,ideal,1.0,19,361,4,20,targets_20_pi_h1_ideal,objective_tuning_target_load_pilot_25\scenarios\known_visit_g19_t20_n25.csv,11,9,4,24.972508869781358,24.972508869781358,00,00,1,0,True,completed
23,known_visit,PI,ideal,1.0,19,361,4,20,targets_20_pi_h1_ideal,objective_tuning_target_load_pilot_25\scenarios\known_visit_g19_t20_n25.csv,12,10,9,25.350179707242425,25.350179707242425,01,01,1,0,True,completed
23,known_visit,PI,ideal,1.0,19,361,4,20,targets_20_pi_h1_ideal,objective_tuning_target_load_pilot_25\scenarios\known_visit_g19_t20_n25.csv,13,0,5,0.5095021945275511,0.5095021945275511,01,01,1,0,True,completed
23,known_visit,PI,ideal,1.0,19,361,4,20,targets_20_pi_h1_ideal,objective_tuning_target_load_pilot_25\scenarios\known_visit_g19_t20_n25.csv,14,18,16,48.0133218373248,48.0133218373248,03,03,1,0,True,completed
23,known_visit,PI,ideal,1.0,19,361,4,20,targets_20_pi_h1_ideal,objective_tuning_target_load_pilot_25\scenarios\known_visit_g19_t20_n25.csv,15,6,5,17.669021541282394,17.669021541282394,00,00,1,0,True,completed
23,known_visit,PI,ideal,1.0,19,361,4,20,targets_20_pi_h1_ideal,objective_tuning_target_load_pilot_25\scenarios\known_visit_g19_t20_n25.csv,16,2,7,7.976076539207966,7.976076539207966,01,01,1,0,True,completed
23,known_visit,PI,ideal,1.0,19,361,4,20,targets_20_pi_h1_ideal,objective_tuning_target_load_pilot_25\scenarios\known_visit_g19_t20_n25.csv,17,16,0,44.259893045031525,44.259893045031525,00,00,1,0,True,completed
23,known_visit,PI,ideal,1.0,19,361,4,20,targets_20_pi_h1_ideal,objective_tuning_target_load_pilot_25\scenarios\known_visit_g19_t20_n25.csv,18,1,14,3.8599962214717976,3.8599962214717976,02,02,1,0,True,completed
23,known_visit,PI,ideal,1.0,19,361,4,20,targets_20_pi_h1_ideal,objective_tuning_target_load_pilot_25\scenarios\known_visit_g19_t20_n25.csv,19,17,6,43.2315877120476,43.2315877120476,01,01,1,0,True,completed
23,known_visit,PI,ideal,1.0,19,361,4,20,targets_20_pi_h1_ideal,objective_tuning_target_load_pilot_25\scenarios\known_visit_g19_t20_n25.csv,20,13,8,32.64506253702279,32.64506253702279,01,01,1,0,True,completed
24,known_visit,PI,ideal,1.0,19,361,4,20,targets_20_pi_h1_ideal,objective_tuning_target_load_pilot_25\scenarios\known_visit_g19_t20_n25.csv,1,18,2,47.880169106695845,47.880169106695845,00,00,1,0,True,completed
24,known_visit,PI,ideal,1.0,19,361,4,20,targets_20_pi_h1_ideal,objective_tuning_target_load_pilot_25\scenarios\known_visit_g19_t20_n25.csv,2,8,7,18.786850606009303,18.786850606009303,01,01,1,0,True,completed
24,known_visit,PI,ideal,1.0,19,361,4,20,targets_20_pi_h1_ideal,objective_tuning_target_load_pilot_25\scenarios\known_visit_g19_t20_n25.csv,3,4,9,10.654267508034891,10.654267508034891,02,02,1,0,True,completed
24,known_visit,PI,ideal,1.0,19,361,4,20,targets_20_pi_h1_ideal,objective_tuning_target_load_pilot_25\scenarios\known_visit_g19_t20_n25.csv,4,5,16,11.068402915177293,11.068402915177293,03,03,1,0,True,completed
24,known_visit,PI,ideal,1.0,19,361,4,20,targets_20_pi_h1_ideal,objective_tuning_target_load_pilot_25\scenarios\known_visit_g19_t20_n25.csv,5,4,12,5.206062395656557,5.206062395656557,02,02,1,0,True,completed
24,known_visit,PI,ideal,1.0,19,361,4,20,targets_20_pi_h1_ideal,objective_tuning_target_load_pilot_25\scenarios\known_visit_g19_t20_n25.csv,6,7,7,16.703372597065787,16.703372597065787,01,01,1,0,True,completed
24,known_visit,PI,ideal,1.0,19,361,4,20,targets_20_pi_h1_ideal,objective_tuning_target_load_pilot_25\scenarios\known_visit_g19_t20_n25.csv,7,7,18,18.16859290294461,18.16859290294461,03,03,1,0,True,completed
24,known_visit,PI,ideal,1.0,19,361,4,20,targets_20_pi_h1_ideal,objective_tuning_target_load_pilot_25\scenarios\known_visit_g19_t20_n25.csv,8,16,17,46.815844957257326,46.815844957257326,03,03,1,0,True,completed
24,known_visit,PI,ideal,1.0,19,361,4,20,targets_20_pi_h1_ideal,objective_tuning_target_load_pilot_25\scenarios\known_visit_g19_t20_n25.csv,9,1,17,2.112390272299612,2.112390272299612,03,03,1,0,True,completed
24,known_visit,PI,ideal,1.0,19,361,4,20,targets_20_pi_h1_ideal,objective_tuning_target_load_pilot_25\scenarios\known_visit_g19_t20_n25.csv,10,3,8,7.5393393967903775,7.5393393967903775,01,01,1,0,True,completed
24,known_visit,PI,ideal,1.0,19,361,4,20,targets_20_pi_h1_ideal,objective_tuning_target_load_pilot_25\scenarios\known_visit_g19_t20_n25.csv,11,10,14,30.94000791007949,30.94000791007949,03,03,1,0,True,completed
24,known_visit,PI,ideal,1.0,19,361,4,20,targets_20_pi_h1_ideal,objective_tuning_target_load_pilot_25\scenarios\known_visit_g19_t20_n25.csv,12,14,10,41.111911626421254,41.111911626421254,02,02,1,0,True,completed
24,known_visit,PI,ideal,1.0,19,361,4,20,targets_20_pi_h1_ideal,objective_tuning_target_load_pilot_25\scenarios\known_visit_g19_t20_n25.csv,13,13,9,31.085250773498803,31.085250773498803,01,01,1,0,True,completed
24,known_visit,PI,ideal,1.0,19,361,4,20,targets_20_pi_h1_ideal,objective_tuning_target_load_pilot_25\scenarios\known_visit_g19_t20_n25.csv,14,5,4,14.595086390579594,14.595086390579594,00,00,1,0,True,completed
24,known_visit,PI,ideal,1.0,19,361,4,20,targets_20_pi_h1_ideal,objective_tuning_target_load_pilot_25\scenarios\known_visit_g19_t20_n25.csv,15,18,7,43.70093290780918,43.70093290780918,01,01,1,0,True,completed
24,known_visit,PI,ideal,1.0,19,361,4,20,targets_20_pi_h1_ideal,objective_tuning_target_load_pilot_25\scenarios\known_visit_g19_t20_n25.csv,16,13,0,35.723520830869695,35.723520830869695,00,00,1,0,True,completed
24,known_visit,PI,ideal,1.0,19,361,4,20,targets_20_pi_h1_ideal,objective_tuning_target_load_pilot_25\scenarios\known_visit_g19_t20_n25.csv,17,14,1,39.31728906331842,39.31728906331842,00,00,1,0,True,completed
24,known_visit,PI,ideal,1.0,19,361,4,20,targets_20_pi_h1_ideal,objective_tuning_target_load_pilot_25\scenarios\known_visit_g19_t20_n25.csv,18,2,1,3.8295936250510314,3.8295936250510314,00,00,1,0,True,completed
24,known_visit,PI,ideal,1.0,19,361,4,20,targets_20_pi_h1_ideal,objective_tuning_target_load_pilot_25\scenarios\known_visit_g19_t20_n25.csv,19,12,3,28.442406850137463,28.442406850137463,00,00,1,0,True,completed
24,known_visit,PI,ideal,1.0,19,361,4,20,targets_20_pi_h1_ideal,objective_tuning_target_load_pilot_25\scenarios\known_visit_g19_t20_n25.csv,20,8,15,25.67326107565691,25.67326107565691,03,03,1,0,True,completed
