trial_id,logic_revision,study_profile,scenario_file_sha256,scenario_selection_sha256,algorithm,comm_model,comm_level,grid_size,grid_cells,robot_count,target_cells_per_robot,actual_cells_per_robot,condition_id,scenario_file,trial_mode,robot_id,steps_total,steps_after_first_clue,unique_cells_contributed,system_revisits_by_robot,task_cell_replans,path_replans,collision_prevention_events,messages_sent,protected_messages_sent,unprotected_messages_sent,core_messages_sent,allocation_messages_sent,post_clue_messages_sent,messages_sent_by_topic,messages_delivered_to_robot,messages_dropped_to_robot,trial_status
0,dcta_parity_v1,custom,2d78c6afcbcd65a18a1929ad87f91a1fc887754325485ab63fe3780cf2dd2c89,594c6ef4147d245b2d14387e5b1e6356d0a15a78178ccc9d5b7e58fddad8d2de,PI,bernoulli,drop_0.25,19,361,8,50.0,45.125,pi_g19_d50_bernoulli_drop_0_25,reruns\grid_density\scenarios\clips\scaling_grid19_trials50.csv,clue_search,00,27,22,17,11,0,0,0,86,28,58,58,28,76,clue:3;collision_intent:28;pi_entry:28;state:27,454,83,completed
0,dcta_parity_v1,custom,2d78c6afcbcd65a18a1929ad87f91a1fc887754325485ab63fe3780cf2dd2c89,594c6ef4147d245b2d14387e5b1e6356d0a15a78178ccc9d5b7e58fddad8d2de,PI,bernoulli,drop_0.25,19,361,8,50.0,45.125,pi_g19_d50_bernoulli_drop_0_25,reruns\grid_density\scenarios\clips\scaling_grid19_trials50.csv,clue_search,01,26,21,14,13,1,4,2,80,31,49,60,20,70,clue:3;collision_intent:31;pi_entry:20;state:26,448,94,completed
0,dcta_parity_v1,custom,2d78c6afcbcd65a18a1929ad87f91a1fc887754325485ab63fe3780cf2dd2c89,594c6ef4147d245b2d14387e5b1e6356d0a15a78178ccc9d5b7e58fddad8d2de,PI,bernoulli,drop_0.25,19,361,8,50.0,45.125,pi_g19_d50_bernoulli_drop_0_25,reruns\grid_density\scenarios\clips\scaling_grid19_trials50.csv,clue_search,02,26,22,24,3,0,0,0,76,26,50,55,21,68,clue:3;collision_intent:26;pi_entry:21;state:26,471,75,completed
0,dcta_parity_v1,custom,2d78c6afcbcd65a18a1929ad87f91a1fc887754325485ab63fe3780cf2dd2c89,594c6ef4147d245b2d14387e5b1e6356d0a15a78178ccc9d5b7e58fddad8d2de,PI,bernoulli,drop_0.25,19,361,8,50.0,45.125,pi_g19_d50_bernoulli_drop_0_25,reruns\grid_density\scenarios\clips\scaling_grid19_trials50.csv,clue_search,03,27,23,16,12,1,2,2,69,29,40,59,10,61,clue:3;collision_intent:29;pi_entry:10;state:27,465,89,completed
0,dcta_parity_v1,custom,2d78c6afcbcd65a18a1929ad87f91a1fc887754325485ab63fe3780cf2dd2c89,594c6ef4147d245b2d14387e5b1e6356d0a15a78178ccc9d5b7e58fddad8d2de,PI,bernoulli,drop_0.25,19,361,8,50.0,45.125,pi_g19_d50_bernoulli_drop_0_25,reruns\grid_density\scenarios\clips\scaling_grid19_trials50.csv,clue_search,04,27,23,21,7,0,0,0,86,28,58,58,28,78,clue:3;collision_intent:27;pi_entry:28;state:27;target:1,463,75,completed
0,dcta_parity_v1,custom,2d78c6afcbcd65a18a1929ad87f91a1fc887754325485ab63fe3780cf2dd2c89,594c6ef4147d245b2d14387e5b1e6356d0a15a78178ccc9d5b7e58fddad8d2de,PI,bernoulli,drop_0.25,19,361,8,50.0,45.125,pi_g19_d50_bernoulli_drop_0_25,reruns\grid_density\scenarios\clips\scaling_grid19_trials50.csv,clue_search,05,26,21,24,3,0,0,0,78,27,51,56,22,68,clue:3;collision_intent:27;pi_entry:22;state:26,464,81,completed
0,dcta_parity_v1,custom,2d78c6afcbcd65a18a1929ad87f91a1fc887754325485ab63fe3780cf2dd2c89,594c6ef4147d245b2d14387e5b1e6356d0a15a78178ccc9d5b7e58fddad8d2de,PI,bernoulli,drop_0.25,19,361,8,50.0,45.125,pi_g19_d50_bernoulli_drop_0_25,reruns\grid_density\scenarios\clips\scaling_grid19_trials50.csv,clue_search,06,25,20,12,14,0,6,3,81,32,49,60,21,71,clue:3;collision_intent:32;pi_entry:21;state:25,439,103,completed
0,dcta_parity_v1,custom,2d78c6afcbcd65a18a1929ad87f91a1fc887754325485ab63fe3780cf2dd2c89,594c6ef4147d245b2d14387e5b1e6356d0a15a78178ccc9d5b7e58fddad8d2de,PI,bernoulli,drop_0.25,19,361,8,50.0,45.125,pi_g19_d50_bernoulli_drop_0_25,reruns\grid_density\scenarios\clips\scaling_grid19_trials50.csv,clue_search,07,26,22,20,7,0,2,2,68,28,40,57,11,60,clue:3;collision_intent:28;pi_entry:11;state:26,465,90,completed
1,dcta_parity_v1,custom,2d78c6afcbcd65a18a1929ad87f91a1fc887754325485ab63fe3780cf2dd2c89,594c6ef4147d245b2d14387e5b1e6356d0a15a78178ccc9d5b7e58fddad8d2de,PI,bernoulli,drop_0.25,19,361,8,50.0,45.125,pi_g19_d50_bernoulli_drop_0_25,reruns\grid_density\scenarios\clips\scaling_grid19_trials50.csv,clue_search,00,82,80,14,69,1,12,5,231,96,135,180,51,227,clue:2;collision_intent:96;pi_clear_path:1;pi_entry:50;state:82,1525,283,completed
1,dcta_parity_v1,custom,2d78c6afcbcd65a18a1929ad87f91a1fc887754325485ab63fe3780cf2dd2c89,594c6ef4147d245b2d14387e5b1e6356d0a15a78178ccc9d5b7e58fddad8d2de,PI,bernoulli,drop_0.25,19,361,8,50.0,45.125,pi_g19_d50_bernoulli_drop_0_25,reruns\grid_density\scenarios\clips\scaling_grid19_trials50.csv,clue_search,01,78,76,29,50,0,16,9,245,96,149,176,69,241,clue:2;collision_intent:96;pi_entry:69;state:78,1515,279,completed
1,dcta_parity_v1,custom,2d78c6afcbcd65a18a1929ad87f91a1fc887754325485ab63fe3780cf2dd2c89,594c6ef4147d245b2d14387e5b1e6356d0a15a78178ccc9d5b7e58fddad8d2de,PI,bernoulli,drop_0.25,19,361,8,50.0,45.125,pi_g19_d50_bernoulli_drop_0_25,reruns\grid_density\scenarios\clips\scaling_grid19_trials50.csv,clue_search,02,86,85,53,34,0,9,4,274,95,179,183,91,271,clue:2;collision_intent:95;pi_entry:91;state:86,1496,268,completed
1,dcta_parity_v1,custom,2d78c6afcbcd65a18a1929ad87f91a1fc887754325485ab63fe3780cf2dd2c89,594c6ef4147d245b2d14387e5b1e6356d0a15a78178ccc9d5b7e58fddad8d2de,PI,bernoulli,drop_0.25,19,361,8,50.0,45.125,pi_g19_d50_bernoulli_drop_0_25,reruns\grid_density\scenarios\clips\scaling_grid19_trials50.csv,clue_search,03,84,83,27,58,1,10,7,246,94,152,180,66,243,clue:2;collision_intent:94;pi_entry:66;state:84,1497,295,completed
1,dcta_parity_v1,custom,2d78c6afcbcd65a18a1929ad87f91a1fc887754325485ab63fe3780cf2dd2c89,594c6ef4147d245b2d14387e5b1e6356d0a15a78178ccc9d5b7e58fddad8d2de,PI,bernoulli,drop_0.25,19,361,8,50.0,45.125,pi_g19_d50_bernoulli_drop_0_25,reruns\grid_density\scenarios\clips\scaling_grid19_trials50.csv,clue_search,04,79,78,38,42,0,12,3,254,93,161,174,80,251,clue:2;collision_intent:93;pi_entry:80;state:79,1490,294,completed
1,dcta_parity_v1,custom,2d78c6afcbcd65a18a1929ad87f91a1fc887754325485ab63fe3780cf2dd2c89,594c6ef4147d245b2d14387e5b1e6356d0a15a78178ccc9d5b7e58fddad8d2de,PI,bernoulli,drop_0.25,19,361,8,50.0,45.125,pi_g19_d50_bernoulli_drop_0_25,reruns\grid_density\scenarios\clips\scaling_grid19_trials50.csv,clue_search,05,86,84,53,34,0,6,3,280,93,187,181,99,276,clue:2;collision_intent:92;pi_entry:99;state:86;target:1,1458,301,completed
1,dcta_parity_v1,custom,2d78c6afcbcd65a18a1929ad87f91a1fc887754325485ab63fe3780cf2dd2c89,594c6ef4147d245b2d14387e5b1e6356d0a15a78178ccc9d5b7e58fddad8d2de,PI,bernoulli,drop_0.25,19,361,8,50.0,45.125,pi_g19_d50_bernoulli_drop_0_25,reruns\grid_density\scenarios\clips\scaling_grid19_trials50.csv,clue_search,06,84,82,57,28,0,3,3,276,87,189,173,103,272,clue:2;collision_intent:87;pi_entry:103;state:84,1483,280,completed
1,dcta_parity_v1,custom,2d78c6afcbcd65a18a1929ad87f91a1fc887754325485ab63fe3780cf2dd2c89,594c6ef4147d245b2d14387e5b1e6356d0a15a78178ccc9d5b7e58fddad8d2de,PI,bernoulli,drop_0.25,19,361,8,50.0,45.125,pi_g19_d50_bernoulli_drop_0_25,reruns\grid_density\scenarios\clips\scaling_grid19_trials50.csv,clue_search,07,85,84,15,71,1,7,5,233,93,140,180,53,231,clue:2;collision_intent:93;pi_clear_path:1;pi_entry:52;state:85,1504,300,completed
2,dcta_parity_v1,custom,2d78c6afcbcd65a18a1929ad87f91a1fc887754325485ab63fe3780cf2dd2c89,594c6ef4147d245b2d14387e5b1e6356d0a15a78178ccc9d5b7e58fddad8d2de,PI,bernoulli,drop_0.25,19,361,8,50.0,45.125,pi_g19_d50_bernoulli_drop_0_25,reruns\grid_density\scenarios\clips\scaling_grid19_trials50.csv,clue_search,00,80,76,32,49,0,11,8,236,91,145,174,62,227,clue:3;collision_intent:91;pi_entry:62;state:80,1443,257,completed
2,dcta_parity_v1,custom,2d78c6afcbcd65a18a1929ad87f91a1fc887754325485ab63fe3780cf2dd2c89,594c6ef4147d245b2d14387e5b1e6356d0a15a78178ccc9d5b7e58fddad8d2de,PI,bernoulli,drop_0.25,19,361,8,50.0,45.125,pi_g19_d50_bernoulli_drop_0_25,reruns\grid_density\scenarios\clips\scaling_grid19_trials50.csv,clue_search,01,83,78,34,50,0,6,5,250,90,160,176,74,240,clue:3;collision_intent:90;pi_clear_path:1;pi_entry:73;state:83,1426,262,completed
2,dcta_parity_v1,custom,2d78c6afcbcd65a18a1929ad87f91a1fc887754325485ab63fe3780cf2dd2c89,594c6ef4147d245b2d14387e5b1e6356d0a15a78178ccc9d5b7e58fddad8d2de,PI,bernoulli,drop_0.25,19,361,8,50.0,45.125,pi_g19_d50_bernoulli_drop_0_25,reruns\grid_density\scenarios\clips\scaling_grid19_trials50.csv,clue_search,02,80,76,24,57,0,5,3,218,87,131,170,48,210,clue:3;collision_intent:87;pi_entry:48;state:80,1459,259,completed
2,dcta_parity_v1,custom,2d78c6afcbcd65a18a1929ad87f91a1fc887754325485ab63fe3780cf2dd2c89,594c6ef4147d245b2d14387e5b1e6356d0a15a78178ccc9d5b7e58fddad8d2de,PI,bernoulli,drop_0.25,19,361,8,50.0,45.125,pi_g19_d50_bernoulli_drop_0_25,reruns\grid_density\scenarios\clips\scaling_grid19_trials50.csv,clue_search,03,83,79,57,27,0,7,6,258,90,168,176,82,250,clue:3;collision_intent:90;pi_entry:82;state:83,1423,256,completed
2,dcta_parity_v1,custom,2d78c6afcbcd65a18a1929ad87f91a1fc887754325485ab63fe3780cf2dd2c89,594c6ef4147d245b2d14387e5b1e6356d0a15a78178ccc9d5b7e58fddad8d2de,PI,bernoulli,drop_0.25,19,361,8,50.0,45.125,pi_g19_d50_bernoulli_drop_0_25,reruns\grid_density\scenarios\clips\scaling_grid19_trials50.csv,clue_search,04,79,75,30,50,0,14,8,235,94,141,176,59,227,clue:3;collision_intent:94;pi_entry:59;state:79,1438,264,completed
2,dcta_parity_v1,custom,2d78c6afcbcd65a18a1929ad87f91a1fc887754325485ab63fe3780cf2dd2c89,594c6ef4147d245b2d14387e5b1e6356d0a15a78178ccc9d5b7e58fddad8d2de,PI,bernoulli,drop_0.25,19,361,8,50.0,45.125,pi_g19_d50_bernoulli_drop_0_25,reruns\grid_density\scenarios\clips\scaling_grid19_trials50.csv,clue_search,05,82,77,38,45,0,13,8,239,95,144,180,59,229,clue:3;collision_intent:95;pi_entry:59;state:82,1437,262,completed
2,dcta_parity_v1,custom,2d78c6afcbcd65a18a1929ad87f91a1fc887754325485ab63fe3780cf2dd2c89,594c6ef4147d245b2d14387e5b1e6356d0a15a78178ccc9d5b7e58fddad8d2de,PI,bernoulli,drop_0.25,19,361,8,50.0,45.125,pi_g19_d50_bernoulli_drop_0_25,reruns\grid_density\scenarios\clips\scaling_grid19_trials50.csv,clue_search,06,88,84,37,52,0,0,0,257,88,169,179,78,249,clue:3;collision_intent:88;pi_entry:78;state:88,1425,255,completed
2,dcta_parity_v1,custom,2d78c6afcbcd65a18a1929ad87f91a1fc887754325485ab63fe3780cf2dd2c89,594c6ef4147d245b2d14387e5b1e6356d0a15a78178ccc9d5b7e58fddad8d2de,PI,bernoulli,drop_0.25,19,361,8,50.0,45.125,pi_g19_d50_bernoulli_drop_0_25,reruns\grid_density\scenarios\clips\scaling_grid19_trials50.csv,clue_search,07,83,79,34,50,1,7,4,245,92,153,178,67,237,clue:3;collision_intent:91;pi_entry:67;state:83;target:1,1422,271,completed
3,dcta_parity_v1,custom,2d78c6afcbcd65a18a1929ad87f91a1fc887754325485ab63fe3780cf2dd2c89,594c6ef4147d245b2d14387e5b1e6356d0a15a78178ccc9d5b7e58fddad8d2de,PI,bernoulli,drop_0.25,19,361,8,50.0,45.125,pi_g19_d50_bernoulli_drop_0_25,reruns\grid_density\scenarios\clips\scaling_grid19_trials50.csv,clue_search,00,3,0,4,0,0,0,0,6,3,3,6,0,0,collision_intent:3;state:3,37,5,completed
3,dcta_parity_v1,custom,2d78c6afcbcd65a18a1929ad87f91a1fc887754325485ab63fe3780cf2dd2c89,594c6ef4147d245b2d14387e5b1e6356d0a15a78178ccc9d5b7e58fddad8d2de,PI,bernoulli,drop_0.25,19,361,8,50.0,45.125,pi_g19_d50_bernoulli_drop_0_25,reruns\grid_density\scenarios\clips\scaling_grid19_trials50.csv,clue_search,01,3,0,4,0,0,0,0,6,3,3,6,0,0,collision_intent:3;state:3,39,3,completed
3,dcta_parity_v1,custom,2d78c6afcbcd65a18a1929ad87f91a1fc887754325485ab63fe3780cf2dd2c89,594c6ef4147d245b2d14387e5b1e6356d0a15a78178ccc9d5b7e58fddad8d2de,PI,bernoulli,drop_0.25,19,361,8,50.0,45.125,pi_g19_d50_bernoulli_drop_0_25,reruns\grid_density\scenarios\clips\scaling_grid19_trials50.csv,clue_search,02,3,0,4,0,0,0,0,6,3,3,6,0,0,collision_intent:3;state:3,35,6,completed
3,dcta_parity_v1,custom,2d78c6afcbcd65a18a1929ad87f91a1fc887754325485ab63fe3780cf2dd2c89,594c6ef4147d245b2d14387e5b1e6356d0a15a78178ccc9d5b7e58fddad8d2de,PI,bernoulli,drop_0.25,19,361,8,50.0,45.125,pi_g19_d50_bernoulli_drop_0_25,reruns\grid_density\scenarios\clips\scaling_grid19_trials50.csv,clue_search,03,3,0,4,0,0,0,0,6,3,3,6,0,0,collision_intent:3;state:3,37,5,completed
3,dcta_parity_v1,custom,2d78c6afcbcd65a18a1929ad87f91a1fc887754325485ab63fe3780cf2dd2c89,594c6ef4147d245b2d14387e5b1e6356d0a15a78178ccc9d5b7e58fddad8d2de,PI,bernoulli,drop_0.25,19,361,8,50.0,45.125,pi_g19_d50_bernoulli_drop_0_25,reruns\grid_density\scenarios\clips\scaling_grid19_trials50.csv,clue_search,04,3,0,4,0,0,0,0,7,4,3,7,0,0,collision_intent:3;state:3;target:1,39,3,completed
3,dcta_parity_v1,custom,2d78c6afcbcd65a18a1929ad87f91a1fc887754325485ab63fe3780cf2dd2c89,594c6ef4147d245b2d14387e5b1e6356d0a15a78178ccc9d5b7e58fddad8d2de,PI,bernoulli,drop_0.25,19,361,8,50.0,45.125,pi_g19_d50_bernoulli_drop_0_25,reruns\grid_density\scenarios\clips\scaling_grid19_trials50.csv,clue_search,05,3,0,4,0,0,0,0,6,3,3,6,0,0,collision_intent:3;state:3,37,4,completed
3,dcta_parity_v1,custom,2d78c6afcbcd65a18a1929ad87f91a1fc887754325485ab63fe3780cf2dd2c89,594c6ef4147d245b2d14387e5b1e6356d0a15a78178ccc9d5b7e58fddad8d2de,PI,bernoulli,drop_0.25,19,361,8,50.0,45.125,pi_g19_d50_bernoulli_drop_0_25,reruns\grid_density\scenarios\clips\scaling_grid19_trials50.csv,clue_search,06,3,0,4,0,0,0,0,6,3,3,6,0,0,collision_intent:3;state:3,40,2,completed
3,dcta_parity_v1,custom,2d78c6afcbcd65a18a1929ad87f91a1fc887754325485ab63fe3780cf2dd2c89,594c6ef4147d245b2d14387e5b1e6356d0a15a78178ccc9d5b7e58fddad8d2de,PI,bernoulli,drop_0.25,19,361,8,50.0,45.125,pi_g19_d50_bernoulli_drop_0_25,reruns\grid_density\scenarios\clips\scaling_grid19_trials50.csv,clue_search,07,3,0,4,0,0,0,0,6,3,3,6,0,0,collision_intent:3;state:3,36,5,completed
4,dcta_parity_v1,custom,2d78c6afcbcd65a18a1929ad87f91a1fc887754325485ab63fe3780cf2dd2c89,594c6ef4147d245b2d14387e5b1e6356d0a15a78178ccc9d5b7e58fddad8d2de,PI,bernoulli,drop_0.25,19,361,8,50.0,45.125,pi_g19_d50_bernoulli_drop_0_25,reruns\grid_density\scenarios\clips\scaling_grid19_trials50.csv,clue_search,00,10,3,11,0,0,0,0,29,11,18,24,5,15,clue:3;collision_intent:11;pi_entry:5;state:10,168,35,completed
4,dcta_parity_v1,custom,2d78c6afcbcd65a18a1929ad87f91a1fc887754325485ab63fe3780cf2dd2c89,594c6ef4147d245b2d14387e5b1e6356d0a15a78178ccc9d5b7e58fddad8d2de,PI,bernoulli,drop_0.25,19,361,8,50.0,45.125,pi_g19_d50_bernoulli_drop_0_25,reruns\grid_density\scenarios\clips\scaling_grid19_trials50.csv,clue_search,01,10,3,10,1,0,0,0,29,10,19,23,6,15,clue:3;collision_intent:10;pi_entry:6;state:10,164,39,completed
4,dcta_parity_v1,custom,2d78c6afcbcd65a18a1929ad87f91a1fc887754325485ab63fe3780cf2dd2c89,594c6ef4147d245b2d14387e5b1e6356d0a15a78178ccc9d5b7e58fddad8d2de,PI,bernoulli,drop_0.25,19,361,8,50.0,45.125,pi_g19_d50_bernoulli_drop_0_25,reruns\grid_density\scenarios\clips\scaling_grid19_trials50.csv,clue_search,02,10,4,11,0,0,0,0,29,10,19,23,6,17,clue:3;collision_intent:10;pi_entry:6;state:10,173,31,completed
4,dcta_parity_v1,custom,2d78c6afcbcd65a18a1929ad87f91a1fc887754325485ab63fe3780cf2dd2c89,594c6ef4147d245b2d14387e5b1e6356d0a15a78178ccc9d5b7e58fddad8d2de,PI,bernoulli,drop_0.25,19,361,8,50.0,45.125,pi_g19_d50_bernoulli_drop_0_25,reruns\grid_density\scenarios\clips\scaling_grid19_trials50.csv,clue_search,03,10,3,10,1,0,0,0,28,10,18,23,5,14,clue:3;collision_intent:10;pi_entry:5;state:10,166,38,completed
4,dcta_parity_v1,custom,2d78c6afcbcd65a18a1929ad87f91a1fc887754325485ab63fe3780cf2dd2c89,594c6ef4147d245b2d14387e5b1e6356d0a15a78178ccc9d5b7e58fddad8d2de,PI,bernoulli,drop_0.25,19,361,8,50.0,45.125,pi_g19_d50_bernoulli_drop_0_25,reruns\grid_density\scenarios\clips\scaling_grid19_trials50.csv,clue_search,04,10,4,10,1,0,0,0,27,10,17,23,4,14,clue:3;collision_intent:10;pi_entry:4;state:10,169,35,completed
4,dcta_parity_v1,custom,2d78c6afcbcd65a18a1929ad87f91a1fc887754325485ab63fe3780cf2dd2c89,594c6ef4147d245b2d14387e5b1e6356d0a15a78178ccc9d5b7e58fddad8d2de,PI,bernoulli,drop_0.25,19,361,8,50.0,45.125,pi_g19_d50_bernoulli_drop_0_25,reruns\grid_density\scenarios\clips\scaling_grid19_trials50.csv,clue_search,05,11,4,12,0,0,0,0,33,12,21,26,7,19,clue:3;collision_intent:11;pi_entry:7;state:11;target:1,167,33,completed
4,dcta_parity_v1,custom,2d78c6afcbcd65a18a1929ad87f91a1fc887754325485ab63fe3780cf2dd2c89,594c6ef4147d245b2d14387e5b1e6356d0a15a78178ccc9d5b7e58fddad8d2de,PI,bernoulli,drop_0.25,19,361,8,50.0,45.125,pi_g19_d50_bernoulli_drop_0_25,reruns\grid_density\scenarios\clips\scaling_grid19_trials50.csv,clue_search,06,10,3,11,0,0,0,0,30,11,19,24,6,16,clue:3;collision_intent:11;pi_clear_path:1;pi_entry:5;state:10,170,32,completed
4,dcta_parity_v1,custom,2d78c6afcbcd65a18a1929ad87f91a1fc887754325485ab63fe3780cf2dd2c89,594c6ef4147d245b2d14387e5b1e6356d0a15a78178ccc9d5b7e58fddad8d2de,PI,bernoulli,drop_0.25,19,361,8,50.0,45.125,pi_g19_d50_bernoulli_drop_0_25,reruns\grid_density\scenarios\clips\scaling_grid19_trials50.csv,clue_search,07,10,3,11,0,0,0,0,28,10,18,23,5,14,clue:3;collision_intent:10;pi_entry:5;state:10,164,40,completed
5,dcta_parity_v1,custom,2d78c6afcbcd65a18a1929ad87f91a1fc887754325485ab63fe3780cf2dd2c89,594c6ef4147d245b2d14387e5b1e6356d0a15a78178ccc9d5b7e58fddad8d2de,PI,bernoulli,drop_0.25,19,361,8,50.0,45.125,pi_g19_d50_bernoulli_drop_0_25,reruns\grid_density\scenarios\clips\scaling_grid19_trials50.csv,clue_search,00,13,12,14,0,0,0,0,38,13,25,29,9,36,clue:3;collision_intent:13;pi_clear_path:1;pi_entry:8;state:13,234,46,completed
5,dcta_parity_v1,custom,2d78c6afcbcd65a18a1929ad87f91a1fc887754325485ab63fe3780cf2dd2c89,594c6ef4147d245b2d14387e5b1e6356d0a15a78178ccc9d5b7e58fddad8d2de,PI,bernoulli,drop_0.25,19,361,8,50.0,45.125,pi_g19_d50_bernoulli_drop_0_25,reruns\grid_density\scenarios\clips\scaling_grid19_trials50.csv,clue_search,01,12,12,6,7,0,5,4,42,17,25,32,10,41,clue:3;collision_intent:17;pi_entry:10;state:12,236,39,completed
5,dcta_parity_v1,custom,2d78c6afcbcd65a18a1929ad87f91a1fc887754325485ab63fe3780cf2dd2c89,594c6ef4147d245b2d14387e5b1e6356d0a15a78178ccc9d5b7e58fddad8d2de,PI,bernoulli,drop_0.25,19,361,8,50.0,45.125,pi_g19_d50_bernoulli_drop_0_25,reruns\grid_density\scenarios\clips\scaling_grid19_trials50.csv,clue_search,02,12,11,6,7,0,2,2,38,14,24,29,9,36,clue:3;collision_intent:14;pi_entry:9;state:12,242,37,completed
5,dcta_parity_v1,custom,2d78c6afcbcd65a18a1929ad87f91a1fc887754325485ab63fe3780cf2dd2c89,594c6ef4147d245b2d14387e5b1e6356d0a15a78178ccc9d5b7e58fddad8d2de,PI,bernoulli,drop_0.25,19,361,8,50.0,45.125,pi_g19_d50_bernoulli_drop_0_25,reruns\grid_density\scenarios\clips\scaling_grid19_trials50.csv,clue_search,03,12,11,7,6,0,2,2,40,14,26,29,11,38,clue:3;collision_intent:14;pi_entry:11;state:12,234,44,completed
5,dcta_parity_v1,custom,2d78c6afcbcd65a18a1929ad87f91a1fc887754325485ab63fe3780cf2dd2c89,594c6ef4147d245b2d14387e5b1e6356d0a15a78178ccc9d5b7e58fddad8d2de,PI,bernoulli,drop_0.25,19,361,8,50.0,45.125,pi_g19_d50_bernoulli_drop_0_25,reruns\grid_density\scenarios\clips\scaling_grid19_trials50.csv,clue_search,04,13,13,9,5,1,1,1,39,14,25,30,9,38,clue:3;collision_intent:14;pi_clear_path:1;pi_entry:8;state:13,239,38,completed
5,dcta_parity_v1,custom,2d78c6afcbcd65a18a1929ad87f91a1fc887754325485ab63fe3780cf2dd2c89,594c6ef4147d245b2d14387e5b1e6356d0a15a78178ccc9d5b7e58fddad8d2de,PI,bernoulli,drop_0.25,19,361,8,50.0,45.125,pi_g19_d50_bernoulli_drop_0_25,reruns\grid_density\scenarios\clips\scaling_grid19_trials50.csv,clue_search,05,12,12,11,2,0,1,1,42,14,28,29,13,41,clue:3;collision_intent:14;pi_clear_path:1;pi_entry:12;state:12,221,54,completed
5,dcta_parity_v1,custom,2d78c6afcbcd65a18a1929ad87f91a1fc887754325485ab63fe3780cf2dd2c89,594c6ef4147d245b2d14387e5b1e6356d0a15a78178ccc9d5b7e58fddad8d2de,PI,bernoulli,drop_0.25,19,361,8,50.0,45.125,pi_g19_d50_bernoulli_drop_0_25,reruns\grid_density\scenarios\clips\scaling_grid19_trials50.csv,clue_search,06,12,11,7,6,0,1,1,36,13,23,28,8,34,clue:3;collision_intent:13;pi_entry:8;state:12,221,60,completed
5,dcta_parity_v1,custom,2d78c6afcbcd65a18a1929ad87f91a1fc887754325485ab63fe3780cf2dd2c89,594c6ef4147d245b2d14387e5b1e6356d0a15a78178ccc9d5b7e58fddad8d2de,PI,bernoulli,drop_0.25,19,361,8,50.0,45.125,pi_g19_d50_bernoulli_drop_0_25,reruns\grid_density\scenarios\clips\scaling_grid19_trials50.csv,clue_search,07,13,13,11,3,0,0,0,43,14,29,30,13,42,clue:3;collision_intent:13;pi_entry:13;state:13;target:1,233,42,completed
6,dcta_parity_v1,custom,2d78c6afcbcd65a18a1929ad87f91a1fc887754325485ab63fe3780cf2dd2c89,594c6ef4147d245b2d14387e5b1e6356d0a15a78178ccc9d5b7e58fddad8d2de,PI,bernoulli,drop_0.25,19,361,8,50.0,45.125,pi_g19_d50_bernoulli_drop_0_25,reruns\grid_density\scenarios\clips\scaling_grid19_trials50.csv,clue_search,00,11,9,9,3,0,0,0,38,12,26,24,14,34,clue:1;collision_intent:12;pi_entry:14;state:11,213,37,completed
6,dcta_parity_v1,custom,2d78c6afcbcd65a18a1929ad87f91a1fc887754325485ab63fe3780cf2dd2c89,594c6ef4147d245b2d14387e5b1e6356d0a15a78178ccc9d5b7e58fddad8d2de,PI,bernoulli,drop_0.25,19,361,8,50.0,45.125,pi_g19_d50_bernoulli_drop_0_25,reruns\grid_density\scenarios\clips\scaling_grid19_trials50.csv,clue_search,01,13,11,10,4,0,0,0,36,13,23,27,9,32,clue:1;collision_intent:13;pi_entry:9;state:13,204,48,completed
6,dcta_parity_v1,custom,2d78c6afcbcd65a18a1929ad87f91a1fc887754325485ab63fe3780cf2dd2c89,594c6ef4147d245b2d14387e5b1e6356d0a15a78178ccc9d5b7e58fddad8d2de,PI,bernoulli,drop_0.25,19,361,8,50.0,45.125,pi_g19_d50_bernoulli_drop_0_25,reruns\grid_density\scenarios\clips\scaling_grid19_trials50.csv,clue_search,02,12,11,5,8,0,1,1,29,13,16,26,3,26,clue:1;collision_intent:13;pi_entry:3;state:12,206,53,completed
6,dcta_parity_v1,custom,2d78c6afcbcd65a18a1929ad87f91a1fc887754325485ab63fe3780cf2dd2c89,594c6ef4147d245b2d14387e5b1e6356d0a15a78178ccc9d5b7e58fddad8d2de,PI,bernoulli,drop_0.25,19,361,8,50.0,45.125,pi_g19_d50_bernoulli_drop_0_25,reruns\grid_density\scenarios\clips\scaling_grid19_trials50.csv,clue_search,03,12,11,9,4,0,0,0,36,12,24,25,11,33,clue:1;collision_intent:12;pi_entry:11;state:12,210,42,completed
6,dcta_parity_v1,custom,2d78c6afcbcd65a18a1929ad87f91a1fc887754325485ab63fe3780cf2dd2c89,594c6ef4147d245b2d14387e5b1e6356d0a15a78178ccc9d5b7e58fddad8d2de,PI,bernoulli,drop_0.25,19,361,8,50.0,45.125,pi_g19_d50_bernoulli_drop_0_25,reruns\grid_density\scenarios\clips\scaling_grid19_trials50.csv,clue_search,04,10,8,6,5,0,5,1,39,16,23,27,12,35,clue:1;collision_intent:16;pi_entry:12;state:10,211,39,completed
6,dcta_parity_v1,custom,2d78c6afcbcd65a18a1929ad87f91a1fc887754325485ab63fe3780cf2dd2c89,594c6ef4147d245b2d14387e5b1e6356d0a15a78178ccc9d5b7e58fddad8d2de,PI,bernoulli,drop_0.25,19,361,8,50.0,45.125,pi_g19_d50_bernoulli_drop_0_25,reruns\grid_density\scenarios\clips\scaling_grid19_trials50.csv,clue_search,05,10,8,11,0,0,3,1,37,15,22,26,11,33,clue:1;collision_intent:14;pi_entry:11;state:10;target:1,214,38,completed
6,dcta_parity_v1,custom,2d78c6afcbcd65a18a1929ad87f91a1fc887754325485ab63fe3780cf2dd2c89,594c6ef4147d245b2d14387e5b1e6356d0a15a78178ccc9d5b7e58fddad8d2de,PI,bernoulli,drop_0.25,19,361,8,50.0,45.125,pi_g19_d50_bernoulli_drop_0_25,reruns\grid_density\scenarios\clips\scaling_grid19_trials50.csv,clue_search,06,12,10,9,4,1,1,1,38,13,25,26,12,34,clue:1;collision_intent:13;pi_entry:12;state:12,203,46,completed
6,dcta_parity_v1,custom,2d78c6afcbcd65a18a1929ad87f91a1fc887754325485ab63fe3780cf2dd2c89,594c6ef4147d245b2d14387e5b1e6356d0a15a78178ccc9d5b7e58fddad8d2de,PI,bernoulli,drop_0.25,19,361,8,50.0,45.125,pi_g19_d50_bernoulli_drop_0_25,reruns\grid_density\scenarios\clips\scaling_grid19_trials50.csv,clue_search,07,12,11,8,5,0,0,0,36,12,24,25,11,33,clue:1;collision_intent:12;pi_entry:11;state:12,216,37,completed
7,dcta_parity_v1,custom,2d78c6afcbcd65a18a1929ad87f91a1fc887754325485ab63fe3780cf2dd2c89,594c6ef4147d245b2d14387e5b1e6356d0a15a78178ccc9d5b7e58fddad8d2de,PI,bernoulli,drop_0.25,19,361,8,50.0,45.125,pi_g19_d50_bernoulli_drop_0_25,reruns\grid_density\scenarios\clips\scaling_grid19_trials50.csv,clue_search,00,23,1,24,0,0,0,0,49,23,26,47,2,5,clue:1;collision_intent:23;pi_entry:2;state:23,291,54,completed
7,dcta_parity_v1,custom,2d78c6afcbcd65a18a1929ad87f91a1fc887754325485ab63fe3780cf2dd2c89,594c6ef4147d245b2d14387e5b1e6356d0a15a78178ccc9d5b7e58fddad8d2de,PI,bernoulli,drop_0.25,19,361,8,50.0,45.125,pi_g19_d50_bernoulli_drop_0_25,reruns\grid_density\scenarios\clips\scaling_grid19_trials50.csv,clue_search,01,23,1,24,0,0,0,0,50,23,27,47,3,6,clue:1;collision_intent:23;pi_entry:3;state:23,305,39,completed
7,dcta_parity_v1,custom,2d78c6afcbcd65a18a1929ad87f91a1fc887754325485ab63fe3780cf2dd2c89,594c6ef4147d245b2d14387e5b1e6356d0a15a78178ccc9d5b7e58fddad8d2de,PI,bernoulli,drop_0.25,19,361,8,50.0,45.125,pi_g19_d50_bernoulli_drop_0_25,reruns\grid_density\scenarios\clips\scaling_grid19_trials50.csv,clue_search,02,23,1,24,0,0,0,0,50,24,26,48,2,6,clue:1;collision_intent:23;pi_entry:2;state:23;target:1,299,46,completed
7,dcta_parity_v1,custom,2d78c6afcbcd65a18a1929ad87f91a1fc887754325485ab63fe3780cf2dd2c89,594c6ef4147d245b2d14387e5b1e6356d0a15a78178ccc9d5b7e58fddad8d2de,PI,bernoulli,drop_0.25,19,361,8,50.0,45.125,pi_g19_d50_bernoulli_drop_0_25,reruns\grid_density\scenarios\clips\scaling_grid19_trials50.csv,clue_search,03,23,1,24,0,0,0,0,49,23,26,47,2,5,clue:1;collision_intent:23;pi_entry:2;state:23,303,42,completed
7,dcta_parity_v1,custom,2d78c6afcbcd65a18a1929ad87f91a1fc887754325485ab63fe3780cf2dd2c89,594c6ef4147d245b2d14387e5b1e6356d0a15a78178ccc9d5b7e58fddad8d2de,PI,bernoulli,drop_0.25,19,361,8,50.0,45.125,pi_g19_d50_bernoulli_drop_0_25,reruns\grid_density\scenarios\clips\scaling_grid19_trials50.csv,clue_search,04,23,1,24,0,0,0,0,49,23,26,47,2,5,clue:1;collision_intent:23;pi_entry:2;state:23,298,48,completed
7,dcta_parity_v1,custom,2d78c6afcbcd65a18a1929ad87f91a1fc887754325485ab63fe3780cf2dd2c89,594c6ef4147d245b2d14387e5b1e6356d0a15a78178ccc9d5b7e58fddad8d2de,PI,bernoulli,drop_0.25,19,361,8,50.0,45.125,pi_g19_d50_bernoulli_drop_0_25,reruns\grid_density\scenarios\clips\scaling_grid19_trials50.csv,clue_search,05,23,1,23,1,0,0,0,49,23,26,47,2,5,clue:1;collision_intent:23;pi_entry:2;state:23,295,51,completed
7,dcta_parity_v1,custom,2d78c6afcbcd65a18a1929ad87f91a1fc887754325485ab63fe3780cf2dd2c89,594c6ef4147d245b2d14387e5b1e6356d0a15a78178ccc9d5b7e58fddad8d2de,PI,bernoulli,drop_0.25,19,361,8,50.0,45.125,pi_g19_d50_bernoulli_drop_0_25,reruns\grid_density\scenarios\clips\scaling_grid19_trials50.csv,clue_search,06,23,1,23,1,0,0,0,49,23,26,47,2,5,clue:1;collision_intent:23;pi_entry:2;state:23,300,44,completed
7,dcta_parity_v1,custom,2d78c6afcbcd65a18a1929ad87f91a1fc887754325485ab63fe3780cf2dd2c89,594c6ef4147d245b2d14387e5b1e6356d0a15a78178ccc9d5b7e58fddad8d2de,PI,bernoulli,drop_0.25,19,361,8,50.0,45.125,pi_g19_d50_bernoulli_drop_0_25,reruns\grid_density\scenarios\clips\scaling_grid19_trials50.csv,clue_search,07,23,1,23,1,0,0,0,50,23,27,47,3,6,clue:1;collision_intent:23;pi_entry:3;state:23,297,47,completed
8,dcta_parity_v1,custom,2d78c6afcbcd65a18a1929ad87f91a1fc887754325485ab63fe3780cf2dd2c89,594c6ef4147d245b2d14387e5b1e6356d0a15a78178ccc9d5b7e58fddad8d2de,PI,bernoulli,drop_0.25,19,361,8,50.0,45.125,pi_g19_d50_bernoulli_drop_0_25,reruns\grid_density\scenarios\clips\scaling_grid19_trials50.csv,clue_search,00,51,27,44,8,0,0,0,143,51,92,105,38,95,clue:3;collision_intent:51;pi_entry:38;state:51,768,134,completed
8,dcta_parity_v1,custom,2d78c6afcbcd65a18a1929ad87f91a1fc887754325485ab63fe3780cf2dd2c89,594c6ef4147d245b2d14387e5b1e6356d0a15a78178ccc9d5b7e58fddad8d2de,PI,bernoulli,drop_0.25,19,361,8,50.0,45.125,pi_g19_d50_bernoulli_drop_0_25,reruns\grid_density\scenarios\clips\scaling_grid19_trials50.csv,clue_search,01,51,27,33,19,0,0,0,131,51,80,105,26,83,clue:3;collision_intent:51;pi_entry:26;state:51,784,129,completed
8,dcta_parity_v1,custom,2d78c6afcbcd65a18a1929ad87f91a1fc887754325485ab63fe3780cf2dd2c89,594c6ef4147d245b2d14387e5b1e6356d0a15a78178ccc9d5b7e58fddad8d2de,PI,bernoulli,drop_0.25,19,361,8,50.0,45.125,pi_g19_d50_bernoulli_drop_0_25,reruns\grid_density\scenarios\clips\scaling_grid19_trials50.csv,clue_search,02,51,28,29,23,0,1,1,122,52,70,106,16,76,clue:3;collision_intent:52;pi_entry:16;state:51,770,154,completed
8,dcta_parity_v1,custom,2d78c6afcbcd65a18a1929ad87f91a1fc887754325485ab63fe3780cf2dd2c89,594c6ef4147d245b2d14387e5b1e6356d0a15a78178ccc9d5b7e58fddad8d2de,PI,bernoulli,drop_0.25,19,361,8,50.0,45.125,pi_g19_d50_bernoulli_drop_0_25,reruns\grid_density\scenarios\clips\scaling_grid19_trials50.csv,clue_search,03,51,28,47,5,0,1,1,142,52,90,106,36,96,clue:3;collision_intent:52;pi_entry:36;state:51,768,136,completed
8,dcta_parity_v1,custom,2d78c6afcbcd65a18a1929ad87f91a1fc887754325485ab63fe3780cf2dd2c89,594c6ef4147d245b2d14387e5b1e6356d0a15a78178ccc9d5b7e58fddad8d2de,PI,bernoulli,drop_0.25,19,361,8,50.0,45.125,pi_g19_d50_bernoulli_drop_0_25,reruns\grid_density\scenarios\clips\scaling_grid19_trials50.csv,clue_search,04,50,27,33,18,0,5,4,135,56,79,109,26,89,clue:3;collision_intent:55;pi_entry:26;state:50;target:1,782,129,completed
8,dcta_parity_v1,custom,2d78c6afcbcd65a18a1929ad87f91a1fc887754325485ab63fe3780cf2dd2c89,594c6ef4147d245b2d14387e5b1e6356d0a15a78178ccc9d5b7e58fddad8d2de,PI,bernoulli,drop_0.25,19,361,8,50.0,45.125,pi_g19_d50_bernoulli_drop_0_25,reruns\grid_density\scenarios\clips\scaling_grid19_trials50.csv,clue_search,05,50,26,30,21,0,2,2,124,52,72,105,19,76,clue:3;collision_intent:52;pi_entry:19;state:50,787,135,completed
8,dcta_parity_v1,custom,2d78c6afcbcd65a18a1929ad87f91a1fc887754325485ab63fe3780cf2dd2c89,594c6ef4147d245b2d14387e5b1e6356d0a15a78178ccc9d5b7e58fddad8d2de,PI,bernoulli,drop_0.25,19,361,8,50.0,45.125,pi_g19_d50_bernoulli_drop_0_25,reruns\grid_density\scenarios\clips\scaling_grid19_trials50.csv,clue_search,06,51,27,32,20,0,3,3,124,54,70,108,16,76,clue:3;collision_intent:54;pi_entry:16;state:51,779,143,completed
8,dcta_parity_v1,custom,2d78c6afcbcd65a18a1929ad87f91a1fc887754325485ab63fe3780cf2dd2c89,594c6ef4147d245b2d14387e5b1e6356d0a15a78178ccc9d5b7e58fddad8d2de,PI,bernoulli,drop_0.25,19,361,8,50.0,45.125,pi_g19_d50_bernoulli_drop_0_25,reruns\grid_density\scenarios\clips\scaling_grid19_trials50.csv,clue_search,07,49,25,28,22,0,4,1,125,53,72,105,20,77,clue:3;collision_intent:53;pi_entry:20;state:49,780,139,completed
9,dcta_parity_v1,custom,2d78c6afcbcd65a18a1929ad87f91a1fc887754325485ab63fe3780cf2dd2c89,594c6ef4147d245b2d14387e5b1e6356d0a15a78178ccc9d5b7e58fddad8d2de,PI,bernoulli,drop_0.25,19,361,8,50.0,45.125,pi_g19_d50_bernoulli_drop_0_25,reruns\grid_density\scenarios\clips\scaling_grid19_trials50.csv,clue_search,00,54,52,47,8,0,0,0,179,54,125,111,68,175,clue:3;collision_intent:54;pi_entry:68;state:54,912,174,completed
9,dcta_parity_v1,custom,2d78c6afcbcd65a18a1929ad87f91a1fc887754325485ab63fe3780cf2dd2c89,594c6ef4147d245b2d14387e5b1e6356d0a15a78178ccc9d5b7e58fddad8d2de,PI,bernoulli,drop_0.25,19,361,8,50.0,45.125,pi_g19_d50_bernoulli_drop_0_25,reruns\grid_density\scenarios\clips\scaling_grid19_trials50.csv,clue_search,01,51,49,34,18,0,8,2,173,61,112,115,58,169,clue:3;collision_intent:61;pi_entry:58;state:51,929,163,completed
9,dcta_parity_v1,custom,2d78c6afcbcd65a18a1929ad87f91a1fc887754325485ab63fe3780cf2dd2c89,594c6ef4147d245b2d14387e5b1e6356d0a15a78178ccc9d5b7e58fddad8d2de,PI,bernoulli,drop_0.25,19,361,8,50.0,45.125,pi_g19_d50_bernoulli_drop_0_25,reruns\grid_density\scenarios\clips\scaling_grid19_trials50.csv,clue_search,02,51,49,33,19,0,3,1,150,55,95,109,41,146,clue:3;collision_intent:55;pi_entry:41;state:51,947,168,completed
9,dcta_parity_v1,custom,2d78c6afcbcd65a18a1929ad87f91a1fc887754325485ab63fe3780cf2dd2c89,594c6ef4147d245b2d14387e5b1e6356d0a15a78178ccc9d5b7e58fddad8d2de,PI,bernoulli,drop_0.25,19,361,8,50.0,45.125,pi_g19_d50_bernoulli_drop_0_25,reruns\grid_density\scenarios\clips\scaling_grid19_trials50.csv,clue_search,03,50,48,13,38,0,11,7,155,63,92,116,39,151,clue:3;collision_intent:63;pi_entry:39;state:50,924,185,completed
9,dcta_parity_v1,custom,2d78c6afcbcd65a18a1929ad87f91a1fc887754325485ab63fe3780cf2dd2c89,594c6ef4147d245b2d14387e5b1e6356d0a15a78178ccc9d5b7e58fddad8d2de,PI,bernoulli,drop_0.25,19,361,8,50.0,45.125,pi_g19_d50_bernoulli_drop_0_25,reruns\grid_density\scenarios\clips\scaling_grid19_trials50.csv,clue_search,04,50,48,7,44,2,9,5,150,60,90,113,37,146,clue:3;collision_intent:60;pi_entry:37;state:50,943,173,completed
9,dcta_parity_v1,custom,2d78c6afcbcd65a18a1929ad87f91a1fc887754325485ab63fe3780cf2dd2c89,594c6ef4147d245b2d14387e5b1e6356d0a15a78178ccc9d5b7e58fddad8d2de,PI,bernoulli,drop_0.25,19,361,8,50.0,45.125,pi_g19_d50_bernoulli_drop_0_25,reruns\grid_density\scenarios\clips\scaling_grid19_trials50.csv,clue_search,05,51,49,28,24,1,6,4,160,58,102,112,48,156,clue:3;collision_intent:58;pi_clear_path:1;pi_entry:47;state:51,925,181,completed
9,dcta_parity_v1,custom,2d78c6afcbcd65a18a1929ad87f91a1fc887754325485ab63fe3780cf2dd2c89,594c6ef4147d245b2d14387e5b1e6356d0a15a78178ccc9d5b7e58fddad8d2de,PI,bernoulli,drop_0.25,19,361,8,50.0,45.125,pi_g19_d50_bernoulli_drop_0_25,reruns\grid_density\scenarios\clips\scaling_grid19_trials50.csv,clue_search,06,53,51,25,29,0,4,3,154,58,96,114,40,150,clue:3;collision_intent:57;pi_entry:40;state:53;target:1,955,157,completed
9,dcta_parity_v1,custom,2d78c6afcbcd65a18a1929ad87f91a1fc887754325485ab63fe3780cf2dd2c89,594c6ef4147d245b2d14387e5b1e6356d0a15a78178ccc9d5b7e58fddad8d2de,PI,bernoulli,drop_0.25,19,361,8,50.0,45.125,pi_g19_d50_bernoulli_drop_0_25,reruns\grid_density\scenarios\clips\scaling_grid19_trials50.csv,clue_search,07,52,50,21,32,0,6,3,145,58,87,113,32,141,clue:3;collision_intent:58;pi_entry:32;state:52,946,173,completed
10,dcta_parity_v1,custom,2d78c6afcbcd65a18a1929ad87f91a1fc887754325485ab63fe3780cf2dd2c89,594c6ef4147d245b2d14387e5b1e6356d0a15a78178ccc9d5b7e58fddad8d2de,PI,bernoulli,drop_0.25,19,361,8,50.0,45.125,pi_g19_d50_bernoulli_drop_0_25,reruns\grid_density\scenarios\clips\scaling_grid19_trials50.csv,clue_search,00,17,0,18,0,0,0,0,34,17,17,34,0,0,collision_intent:17;state:17,202,35,completed
10,dcta_parity_v1,custom,2d78c6afcbcd65a18a1929ad87f91a1fc887754325485ab63fe3780cf2dd2c89,594c6ef4147d245b2d14387e5b1e6356d0a15a78178ccc9d5b7e58fddad8d2de,PI,bernoulli,drop_0.25,19,361,8,50.0,45.125,pi_g19_d50_bernoulli_drop_0_25,reruns\grid_density\scenarios\clips\scaling_grid19_trials50.csv,clue_search,01,17,0,18,0,0,0,0,34,17,17,34,0,0,collision_intent:17;state:17,209,27,completed
10,dcta_parity_v1,custom,2d78c6afcbcd65a18a1929ad87f91a1fc887754325485ab63fe3780cf2dd2c89,594c6ef4147d245b2d14387e5b1e6356d0a15a78178ccc9d5b7e58fddad8d2de,PI,bernoulli,drop_0.25,19,361,8,50.0,45.125,pi_g19_d50_bernoulli_drop_0_25,reruns\grid_density\scenarios\clips\scaling_grid19_trials50.csv,clue_search,02,17,0,18,0,0,0,0,34,17,17,34,0,0,collision_intent:17;state:17,211,26,completed
10,dcta_parity_v1,custom,2d78c6afcbcd65a18a1929ad87f91a1fc887754325485ab63fe3780cf2dd2c89,594c6ef4147d245b2d14387e5b1e6356d0a15a78178ccc9d5b7e58fddad8d2de,PI,bernoulli,drop_0.25,19,361,8,50.0,45.125,pi_g19_d50_bernoulli_drop_0_25,reruns\grid_density\scenarios\clips\scaling_grid19_trials50.csv,clue_search,03,17,0,18,0,0,0,0,35,18,17,35,0,0,collision_intent:17;state:17;target:1,208,28,completed
10,dcta_parity_v1,custom,2d78c6afcbcd65a18a1929ad87f91a1fc887754325485ab63fe3780cf2dd2c89,594c6ef4147d245b2d14387e5b1e6356d0a15a78178ccc9d5b7e58fddad8d2de,PI,bernoulli,drop_0.25,19,361,8,50.0,45.125,pi_g19_d50_bernoulli_drop_0_25,reruns\grid_density\scenarios\clips\scaling_grid19_trials50.csv,clue_search,04,16,0,17,0,0,0,0,32,16,16,32,0,0,collision_intent:16;state:16,209,29,completed
10,dcta_parity_v1,custom,2d78c6afcbcd65a18a1929ad87f91a1fc887754325485ab63fe3780cf2dd2c89,594c6ef4147d245b2d14387e5b1e6356d0a15a78178ccc9d5b7e58fddad8d2de,PI,bernoulli,drop_0.25,19,361,8,50.0,45.125,pi_g19_d50_bernoulli_drop_0_25,reruns\grid_density\scenarios\clips\scaling_grid19_trials50.csv,clue_search,05,17,0,18,0,0,0,0,34,17,17,34,0,0,collision_intent:17;state:17,208,29,completed
10,dcta_parity_v1,custom,2d78c6afcbcd65a18a1929ad87f91a1fc887754325485ab63fe3780cf2dd2c89,594c6ef4147d245b2d14387e5b1e6356d0a15a78178ccc9d5b7e58fddad8d2de,PI,bernoulli,drop_0.25,19,361,8,50.0,45.125,pi_g19_d50_bernoulli_drop_0_25,reruns\grid_density\scenarios\clips\scaling_grid19_trials50.csv,clue_search,06,17,0,18,0,0,0,0,34,17,17,34,0,0,collision_intent:17;state:17,206,29,completed
10,dcta_parity_v1,custom,2d78c6afcbcd65a18a1929ad87f91a1fc887754325485ab63fe3780cf2dd2c89,594c6ef4147d245b2d14387e5b1e6356d0a15a78178ccc9d5b7e58fddad8d2de,PI,bernoulli,drop_0.25,19,361,8,50.0,45.125,pi_g19_d50_bernoulli_drop_0_25,reruns\grid_density\scenarios\clips\scaling_grid19_trials50.csv,clue_search,07,17,0,18,0,0,0,0,34,17,17,34,0,0,collision_intent:17;state:17,209,27,completed
11,dcta_parity_v1,custom,2d78c6afcbcd65a18a1929ad87f91a1fc887754325485ab63fe3780cf2dd2c89,594c6ef4147d245b2d14387e5b1e6356d0a15a78178ccc9d5b7e58fddad8d2de,PI,bernoulli,drop_0.25,19,361,8,50.0,45.125,pi_g19_d50_bernoulli_drop_0_25,reruns\grid_density\scenarios\clips\scaling_grid19_trials50.csv,clue_search,00,37,12,36,2,0,0,0,94,38,56,77,17,44,clue:2;collision_intent:37;pi_entry:17;state:37;target:1,514,81,completed
11,dcta_parity_v1,custom,2d78c6afcbcd65a18a1929ad87f91a1fc887754325485ab63fe3780cf2dd2c89,594c6ef4147d245b2d14387e5b1e6356d0a15a78178ccc9d5b7e58fddad8d2de,PI,bernoulli,drop_0.25,19,361,8,50.0,45.125,pi_g19_d50_bernoulli_drop_0_25,reruns\grid_density\scenarios\clips\scaling_grid19_trials50.csv,clue_search,01,36,11,31,6,0,0,0,86,36,50,74,12,36,clue:2;collision_intent:36;pi_entry:12;state:36,512,90,completed
11,dcta_parity_v1,custom,2d78c6afcbcd65a18a1929ad87f91a1fc887754325485ab63fe3780cf2dd2c89,594c6ef4147d245b2d14387e5b1e6356d0a15a78178ccc9d5b7e58fddad8d2de,PI,bernoulli,drop_0.25,19,361,8,50.0,45.125,pi_g19_d50_bernoulli_drop_0_25,reruns\grid_density\scenarios\clips\scaling_grid19_trials50.csv,clue_search,02,35,10,28,8,0,1,1,80,36,44,73,7,30,clue:2;collision_intent:36;pi_entry:7;state:35,535,73,completed
11,dcta_parity_v1,custom,2d78c6afcbcd65a18a1929ad87f91a1fc887754325485ab63fe3780cf2dd2c89,594c6ef4147d245b2d14387e5b1e6356d0a15a78178ccc9d5b7e58fddad8d2de,PI,bernoulli,drop_0.25,19,361,8,50.0,45.125,pi_g19_d50_bernoulli_drop_0_25,reruns\grid_density\scenarios\clips\scaling_grid19_trials50.csv,clue_search,03,35,10,29,7,0,0,0,83,35,48,72,11,33,clue:2;collision_intent:35;pi_entry:11;state:35,513,91,completed
11,dcta_parity_v1,custom,2d78c6afcbcd65a18a1929ad87f91a1fc887754325485ab63fe3780cf2dd2c89,594c6ef4147d245b2d14387e5b1e6356d0a15a78178ccc9d5b7e58fddad8d2de,PI,bernoulli,drop_0.25,19,361,8,50.0,45.125,pi_g19_d50_bernoulli_drop_0_25,reruns\grid_density\scenarios\clips\scaling_grid19_trials50.csv,clue_search,04,37,12,38,0,0,0,0,95,37,58,76,19,45,clue:2;collision_intent:37;pi_entry:19;state:37,507,85,completed
11,dcta_parity_v1,custom,2d78c6afcbcd65a18a1929ad87f91a1fc887754325485ab63fe3780cf2dd2c89,594c6ef4147d245b2d14387e5b1e6356d0a15a78178ccc9d5b7e58fddad8d2de,PI,bernoulli,drop_0.25,19,361,8,50.0,45.125,pi_g19_d50_bernoulli_drop_0_25,reruns\grid_density\scenarios\clips\scaling_grid19_trials50.csv,clue_search,05,35,10,26,10,1,0,0,80,36,44,73,7,30,clue:2;collision_intent:36;pi_entry:7;state:35,533,76,completed
11,dcta_parity_v1,custom,2d78c6afcbcd65a18a1929ad87f91a1fc887754325485ab63fe3780cf2dd2c89,594c6ef4147d245b2d14387e5b1e6356d0a15a78178ccc9d5b7e58fddad8d2de,PI,bernoulli,drop_0.25,19,361,8,50.0,45.125,pi_g19_d50_bernoulli_drop_0_25,reruns\grid_density\scenarios\clips\scaling_grid19_trials50.csv,clue_search,06,36,11,28,9,0,0,0,85,36,49,74,11,35,clue:2;collision_intent:36;pi_entry:11;state:36,524,78,completed
11,dcta_parity_v1,custom,2d78c6afcbcd65a18a1929ad87f91a1fc887754325485ab63fe3780cf2dd2c89,594c6ef4147d245b2d14387e5b1e6356d0a15a78178ccc9d5b7e58fddad8d2de,PI,bernoulli,drop_0.25,19,361,8,50.0,45.125,pi_g19_d50_bernoulli_drop_0_25,reruns\grid_density\scenarios\clips\scaling_grid19_trials50.csv,clue_search,07,36,11,28,9,0,0,0,86,36,50,74,12,36,clue:2;collision_intent:36;pi_entry:12;state:36,502,99,completed
12,dcta_parity_v1,custom,2d78c6afcbcd65a18a1929ad87f91a1fc887754325485ab63fe3780cf2dd2c89,594c6ef4147d245b2d14387e5b1e6356d0a15a78178ccc9d5b7e58fddad8d2de,PI,bernoulli,drop_0.25,19,361,8,50.0,45.125,pi_g19_d50_bernoulli_drop_0_25,reruns\grid_density\scenarios\clips\scaling_grid19_trials50.csv,clue_search,00,22,14,20,3,0,0,0,66,22,44,46,20,50,clue:2;collision_intent:22;pi_entry:20;state:22,379,58,completed
12,dcta_parity_v1,custom,2d78c6afcbcd65a18a1929ad87f91a1fc887754325485ab63fe3780cf2dd2c89,594c6ef4147d245b2d14387e5b1e6356d0a15a78178ccc9d5b7e58fddad8d2de,PI,bernoulli,drop_0.25,19,361,8,50.0,45.125,pi_g19_d50_bernoulli_drop_0_25,reruns\grid_density\scenarios\clips\scaling_grid19_trials50.csv,clue_search,01,23,15,21,3,0,0,0,71,24,47,49,22,55,clue:2;collision_intent:23;pi_entry:22;state:23;target:1,373,60,completed
12,dcta_parity_v1,custom,2d78c6afcbcd65a18a1929ad87f91a1fc887754325485ab63fe3780cf2dd2c89,594c6ef4147d245b2d14387e5b1e6356d0a15a78178ccc9d5b7e58fddad8d2de,PI,bernoulli,drop_0.25,19,361,8,50.0,45.125,pi_g19_d50_bernoulli_drop_0_25,reruns\grid_density\scenarios\clips\scaling_grid19_trials50.csv,clue_search,02,22,14,21,2,0,0,0,69,22,47,46,23,53,clue:2;collision_intent:22;pi_entry:23;state:22,379,55,completed
12,dcta_parity_v1,custom,2d78c6afcbcd65a18a1929ad87f91a1fc887754325485ab63fe3780cf2dd2c89,594c6ef4147d245b2d14387e5b1e6356d0a15a78178ccc9d5b7e58fddad8d2de,PI,bernoulli,drop_0.25,19,361,8,50.0,45.125,pi_g19_d50_bernoulli_drop_0_25,reruns\grid_density\scenarios\clips\scaling_grid19_trials50.csv,clue_search,03,23,15,20,4,0,0,0,63,23,40,48,15,47,clue:2;collision_intent:23;pi_entry:15;state:23,377,63,completed
12,dcta_parity_v1,custom,2d78c6afcbcd65a18a1929ad87f91a1fc887754325485ab63fe3780cf2dd2c89,594c6ef4147d245b2d14387e5b1e6356d0a15a78178ccc9d5b7e58fddad8d2de,PI,bernoulli,drop_0.25,19,361,8,50.0,45.125,pi_g19_d50_bernoulli_drop_0_25,reruns\grid_density\scenarios\clips\scaling_grid19_trials50.csv,clue_search,04,21,14,14,8,0,3,2,52,24,28,47,5,37,clue:2;collision_intent:24;pi_entry:5;state:21,376,75,completed
12,dcta_parity_v1,custom,2d78c6afcbcd65a18a1929ad87f91a1fc887754325485ab63fe3780cf2dd2c89,594c6ef4147d245b2d14387e5b1e6356d0a15a78178ccc9d5b7e58fddad8d2de,PI,bernoulli,drop_0.25,19,361,8,50.0,45.125,pi_g19_d50_bernoulli_drop_0_25,reruns\grid_density\scenarios\clips\scaling_grid19_trials50.csv,clue_search,05,23,15,14,10,0,0,0,62,23,39,48,14,46,clue:2;collision_intent:23;pi_entry:14;state:23,371,69,completed
12,dcta_parity_v1,custom,2d78c6afcbcd65a18a1929ad87f91a1fc887754325485ab63fe3780cf2dd2c89,594c6ef4147d245b2d14387e5b1e6356d0a15a78178ccc9d5b7e58fddad8d2de,PI,bernoulli,drop_0.25,19,361,8,50.0,45.125,pi_g19_d50_bernoulli_drop_0_25,reruns\grid_density\scenarios\clips\scaling_grid19_trials50.csv,clue_search,06,21,13,13,9,0,5,5,58,26,32,49,9,42,clue:2;collision_intent:26;pi_entry:9;state:21,376,69,completed
12,dcta_parity_v1,custom,2d78c6afcbcd65a18a1929ad87f91a1fc887754325485ab63fe3780cf2dd2c89,594c6ef4147d245b2d14387e5b1e6356d0a15a78178ccc9d5b7e58fddad8d2de,PI,bernoulli,drop_0.25,19,361,8,50.0,45.125,pi_g19_d50_bernoulli_drop_0_25,reruns\grid_density\scenarios\clips\scaling_grid19_trials50.csv,clue_search,07,22,14,20,3,0,0,0,63,22,41,46,17,47,clue:2;collision_intent:22;pi_entry:17;state:22,375,65,completed
13,dcta_parity_v1,custom,2d78c6afcbcd65a18a1929ad87f91a1fc887754325485ab63fe3780cf2dd2c89,594c6ef4147d245b2d14387e5b1e6356d0a15a78178ccc9d5b7e58fddad8d2de,PI,bernoulli,drop_0.25,19,361,8,50.0,45.125,pi_g19_d50_bernoulli_drop_0_25,reruns\grid_density\scenarios\clips\scaling_grid19_trials50.csv,clue_search,00,33,6,31,3,0,0,0,75,33,42,67,8,21,clue:1;collision_intent:33;pi_entry:8;state:33,449,58,completed
13,dcta_parity_v1,custom,2d78c6afcbcd65a18a1929ad87f91a1fc887754325485ab63fe3780cf2dd2c89,594c6ef4147d245b2d14387e5b1e6356d0a15a78178ccc9d5b7e58fddad8d2de,PI,bernoulli,drop_0.25,19,361,8,50.0,45.125,pi_g19_d50_bernoulli_drop_0_25,reruns\grid_density\scenarios\clips\scaling_grid19_trials50.csv,clue_search,01,33,6,32,2,0,0,0,74,33,41,67,7,20,clue:1;collision_intent:33;pi_entry:7;state:33,441,67,completed
13,dcta_parity_v1,custom,2d78c6afcbcd65a18a1929ad87f91a1fc887754325485ab63fe3780cf2dd2c89,594c6ef4147d245b2d14387e5b1e6356d0a15a78178ccc9d5b7e58fddad8d2de,PI,bernoulli,drop_0.25,19,361,8,50.0,45.125,pi_g19_d50_bernoulli_drop_0_25,reruns\grid_density\scenarios\clips\scaling_grid19_trials50.csv,clue_search,02,33,6,33,1,0,0,0,73,34,39,68,5,19,clue:1;collision_intent:33;pi_entry:5;state:33;target:1,432,79,completed
13,dcta_parity_v1,custom,2d78c6afcbcd65a18a1929ad87f91a1fc887754325485ab63fe3780cf2dd2c89,594c6ef4147d245b2d14387e5b1e6356d0a15a78178ccc9d5b7e58fddad8d2de,PI,bernoulli,drop_0.25,19,361,8,50.0,45.125,pi_g19_d50_bernoulli_drop_0_25,reruns\grid_density\scenarios\clips\scaling_grid19_trials50.csv,clue_search,03,29,2,28,2,0,4,2,67,34,33,64,3,13,clue:1;collision_intent:34;pi_entry:3;state:29,429,88,completed
13,dcta_parity_v1,custom,2d78c6afcbcd65a18a1929ad87f91a1fc887754325485ab63fe3780cf2dd2c89,594c6ef4147d245b2d14387e5b1e6356d0a15a78178ccc9d5b7e58fddad8d2de,PI,bernoulli,drop_0.25,19,361,8,50.0,45.125,pi_g19_d50_bernoulli_drop_0_25,reruns\grid_density\scenarios\clips\scaling_grid19_trials50.csv,clue_search,04,32,5,28,5,0,0,0,76,33,43,66,10,22,clue:1;collision_intent:33;pi_entry:10;state:32,439,68,completed
13,dcta_parity_v1,custom,2d78c6afcbcd65a18a1929ad87f91a1fc887754325485ab63fe3780cf2dd2c89,594c6ef4147d245b2d14387e5b1e6356d0a15a78178ccc9d5b7e58fddad8d2de,PI,bernoulli,drop_0.25,19,361,8,50.0,45.125,pi_g19_d50_bernoulli_drop_0_25,reruns\grid_density\scenarios\clips\scaling_grid19_trials50.csv,clue_search,05,33,6,29,5,0,0,0,73,33,40,67,6,19,clue:1;collision_intent:33;pi_entry:6;state:33,426,84,completed
13,dcta_parity_v1,custom,2d78c6afcbcd65a18a1929ad87f91a1fc887754325485ab63fe3780cf2dd2c89,594c6ef4147d245b2d14387e5b1e6356d0a15a78178ccc9d5b7e58fddad8d2de,PI,bernoulli,drop_0.25,19,361,8,50.0,45.125,pi_g19_d50_bernoulli_drop_0_25,reruns\grid_density\scenarios\clips\scaling_grid19_trials50.csv,clue_search,06,32,5,30,3,0,0,0,74,33,41,66,8,20,clue:1;collision_intent:33;pi_entry:8;state:32,443,66,completed
13,dcta_parity_v1,custom,2d78c6afcbcd65a18a1929ad87f91a1fc887754325485ab63fe3780cf2dd2c89,594c6ef4147d245b2d14387e5b1e6356d0a15a78178ccc9d5b7e58fddad8d2de,PI,bernoulli,drop_0.25,19,361,8,50.0,45.125,pi_g19_d50_bernoulli_drop_0_25,reruns\grid_density\scenarios\clips\scaling_grid19_trials50.csv,clue_search,07,32,5,28,5,0,2,1,72,34,38,67,5,18,clue:1;collision_intent:34;pi_entry:5;state:32,441,70,completed
14,dcta_parity_v1,custom,2d78c6afcbcd65a18a1929ad87f91a1fc887754325485ab63fe3780cf2dd2c89,594c6ef4147d245b2d14387e5b1e6356d0a15a78178ccc9d5b7e58fddad8d2de,PI,bernoulli,drop_0.25,19,361,8,50.0,45.125,pi_g19_d50_bernoulli_drop_0_25,reruns\grid_density\scenarios\clips\scaling_grid19_trials50.csv,clue_search,00,58,39,43,16,0,0,0,151,58,93,119,32,113,clue:3;collision_intent:58;pi_entry:32;state:58,946,182,completed
14,dcta_parity_v1,custom,2d78c6afcbcd65a18a1929ad87f91a1fc887754325485ab63fe3780cf2dd2c89,594c6ef4147d245b2d14387e5b1e6356d0a15a78178ccc9d5b7e58fddad8d2de,PI,bernoulli,drop_0.25,19,361,8,50.0,45.125,pi_g19_d50_bernoulli_drop_0_25,reruns\grid_density\scenarios\clips\scaling_grid19_trials50.csv,clue_search,01,57,38,37,21,0,2,2,158,59,99,119,39,120,clue:3;collision_intent:59;pi_clear_path:1;pi_entry:38;state:57,936,187,completed
14,dcta_parity_v1,custom,2d78c6afcbcd65a18a1929ad87f91a1fc887754325485ab63fe3780cf2dd2c89,594c6ef4147d245b2d14387e5b1e6356d0a15a78178ccc9d5b7e58fddad8d2de,PI,bernoulli,drop_0.25,19,361,8,50.0,45.125,pi_g19_d50_bernoulli_drop_0_25,reruns\grid_density\scenarios\clips\scaling_grid19_trials50.csv,clue_search,02,57,38,26,32,0,1,1,144,58,86,118,26,106,clue:3;collision_intent:58;pi_entry:26;state:57,970,166,completed
14,dcta_parity_v1,custom,2d78c6afcbcd65a18a1929ad87f91a1fc887754325485ab63fe3780cf2dd2c89,594c6ef4147d245b2d14387e5b1e6356d0a15a78178ccc9d5b7e58fddad8d2de,PI,bernoulli,drop_0.25,19,361,8,50.0,45.125,pi_g19_d50_bernoulli_drop_0_25,reruns\grid_density\scenarios\clips\scaling_grid19_trials50.csv,clue_search,03,54,35,33,22,0,6,3,151,61,90,118,33,113,clue:3;collision_intent:61;pi_entry:33;state:54,954,175,completed
14,dcta_parity_v1,custom,2d78c6afcbcd65a18a1929ad87f91a1fc887754325485ab63fe3780cf2dd2c89,594c6ef4147d245b2d14387e5b1e6356d0a15a78178ccc9d5b7e58fddad8d2de,PI,bernoulli,drop_0.25,19,361,8,50.0,45.125,pi_g19_d50_bernoulli_drop_0_25,reruns\grid_density\scenarios\clips\scaling_grid19_trials50.csv,clue_search,04,58,39,46,13,0,1,1,165,59,106,120,45,127,clue:3;collision_intent:59;pi_entry:45;state:58,953,163,completed
14,dcta_parity_v1,custom,2d78c6afcbcd65a18a1929ad87f91a1fc887754325485ab63fe3780cf2dd2c89,594c6ef4147d245b2d14387e5b1e6356d0a15a78178ccc9d5b7e58fddad8d2de,PI,bernoulli,drop_0.25,19,361,8,50.0,45.125,pi_g19_d50_bernoulli_drop_0_25,reruns\grid_density\scenarios\clips\scaling_grid19_trials50.csv,clue_search,05,60,41,51,10,0,0,0,172,61,111,124,48,134,clue:3;collision_intent:60;pi_clear_path:1;pi_entry:47;state:60;target:1,938,171,completed
14,dcta_parity_v1,custom,2d78c6afcbcd65a18a1929ad87f91a1fc887754325485ab63fe3780cf2dd2c89,594c6ef4147d245b2d14387e5b1e6356d0a15a78178ccc9d5b7e58fddad8d2de,PI,bernoulli,drop_0.25,19,361,8,50.0,45.125,pi_g19_d50_bernoulli_drop_0_25,reruns\grid_density\scenarios\clips\scaling_grid19_trials50.csv,clue_search,06,59,40,40,20,0,0,0,165,59,106,121,44,127,clue:3;collision_intent:59;pi_entry:44;state:59,924,191,completed
14,dcta_parity_v1,custom,2d78c6afcbcd65a18a1929ad87f91a1fc887754325485ab63fe3780cf2dd2c89,594c6ef4147d245b2d14387e5b1e6356d0a15a78178ccc9d5b7e58fddad8d2de,PI,bernoulli,drop_0.25,19,361,8,50.0,45.125,pi_g19_d50_bernoulli_drop_0_25,reruns\grid_density\scenarios\clips\scaling_grid19_trials50.csv,clue_search,07,59,40,49,11,0,0,0,175,60,115,122,53,137,clue:3;collision_intent:60;pi_entry:53;state:59,945,160,completed
15,dcta_parity_v1,custom,2d78c6afcbcd65a18a1929ad87f91a1fc887754325485ab63fe3780cf2dd2c89,594c6ef4147d245b2d14387e5b1e6356d0a15a78178ccc9d5b7e58fddad8d2de,PI,bernoulli,drop_0.25,19,361,8,50.0,45.125,pi_g19_d50_bernoulli_drop_0_25,reruns\grid_density\scenarios\clips\scaling_grid19_trials50.csv,clue_search,00,11,0,12,0,0,0,0,22,11,11,22,0,0,collision_intent:11;state:11,143,15,completed
15,dcta_parity_v1,custom,2d78c6afcbcd65a18a1929ad87f91a1fc887754325485ab63fe3780cf2dd2c89,594c6ef4147d245b2d14387e5b1e6356d0a15a78178ccc9d5b7e58fddad8d2de,PI,bernoulli,drop_0.25,19,361,8,50.0,45.125,pi_g19_d50_bernoulli_drop_0_25,reruns\grid_density\scenarios\clips\scaling_grid19_trials50.csv,clue_search,01,11,0,12,0,0,0,0,22,11,11,22,0,0,collision_intent:11;state:11,141,17,completed
15,dcta_parity_v1,custom,2d78c6afcbcd65a18a1929ad87f91a1fc887754325485ab63fe3780cf2dd2c89,594c6ef4147d245b2d14387e5b1e6356d0a15a78178ccc9d5b7e58fddad8d2de,PI,bernoulli,drop_0.25,19,361,8,50.0,45.125,pi_g19_d50_bernoulli_drop_0_25,reruns\grid_density\scenarios\clips\scaling_grid19_trials50.csv,clue_search,02,11,0,12,0,0,0,0,22,11,11,22,0,0,collision_intent:11;state:11,125,31,completed
15,dcta_parity_v1,custom,2d78c6afcbcd65a18a1929ad87f91a1fc887754325485ab63fe3780cf2dd2c89,594c6ef4147d245b2d14387e5b1e6356d0a15a78178ccc9d5b7e58fddad8d2de,PI,bernoulli,drop_0.25,19,361,8,50.0,45.125,pi_g19_d50_bernoulli_drop_0_25,reruns\grid_density\scenarios\clips\scaling_grid19_trials50.csv,clue_search,03,11,0,12,0,0,0,0,22,11,11,22,0,0,collision_intent:11;state:11,134,24,completed
15,dcta_parity_v1,custom,2d78c6afcbcd65a18a1929ad87f91a1fc887754325485ab63fe3780cf2dd2c89,594c6ef4147d245b2d14387e5b1e6356d0a15a78178ccc9d5b7e58fddad8d2de,PI,bernoulli,drop_0.25,19,361,8,50.0,45.125,pi_g19_d50_bernoulli_drop_0_25,reruns\grid_density\scenarios\clips\scaling_grid19_trials50.csv,clue_search,04,11,0,12,0,0,0,0,22,11,11,22,0,0,collision_intent:11;state:11,141,17,completed
15,dcta_parity_v1,custom,2d78c6afcbcd65a18a1929ad87f91a1fc887754325485ab63fe3780cf2dd2c89,594c6ef4147d245b2d14387e5b1e6356d0a15a78178ccc9d5b7e58fddad8d2de,PI,bernoulli,drop_0.25,19,361,8,50.0,45.125,pi_g19_d50_bernoulli_drop_0_25,reruns\grid_density\scenarios\clips\scaling_grid19_trials50.csv,clue_search,05,11,0,12,0,0,0,0,23,12,11,23,0,0,collision_intent:12;state:11,143,13,completed
15,dcta_parity_v1,custom,2d78c6afcbcd65a18a1929ad87f91a1fc887754325485ab63fe3780cf2dd2c89,594c6ef4147d245b2d14387e5b1e6356d0a15a78178ccc9d5b7e58fddad8d2de,PI,bernoulli,drop_0.25,19,361,8,50.0,45.125,pi_g19_d50_bernoulli_drop_0_25,reruns\grid_density\scenarios\clips\scaling_grid19_trials50.csv,clue_search,06,12,0,13,0,0,0,0,25,13,12,25,0,0,collision_intent:12;state:12;target:1,143,12,completed
15,dcta_parity_v1,custom,2d78c6afcbcd65a18a1929ad87f91a1fc887754325485ab63fe3780cf2dd2c89,594c6ef4147d245b2d14387e5b1e6356d0a15a78178ccc9d5b7e58fddad8d2de,PI,bernoulli,drop_0.25,19,361,8,50.0,45.125,pi_g19_d50_bernoulli_drop_0_25,reruns\grid_density\scenarios\clips\scaling_grid19_trials50.csv,clue_search,07,11,0,12,0,0,0,0,22,11,11,22,0,0,collision_intent:11;state:11,136,21,completed
16,dcta_parity_v1,custom,2d78c6afcbcd65a18a1929ad87f91a1fc887754325485ab63fe3780cf2dd2c89,594c6ef4147d245b2d14387e5b1e6356d0a15a78178ccc9d5b7e58fddad8d2de,PI,bernoulli,drop_0.25,19,361,8,50.0,45.125,pi_g19_d50_bernoulli_drop_0_25,reruns\grid_density\scenarios\clips\scaling_grid19_trials50.csv,clue_search,00,17,14,12,6,0,0,0,51,17,34,36,15,45,clue:2;collision_intent:17;pi_entry:15;state:17,278,64,completed
16,dcta_parity_v1,custom,2d78c6afcbcd65a18a1929ad87f91a1fc887754325485ab63fe3780cf2dd2c89,594c6ef4147d245b2d14387e5b1e6356d0a15a78178ccc9d5b7e58fddad8d2de,PI,bernoulli,drop_0.25,19,361,8,50.0,45.125,pi_g19_d50_bernoulli_drop_0_25,reruns\grid_density\scenarios\clips\scaling_grid19_trials50.csv,clue_search,01,16,14,16,1,0,1,1,56,17,39,35,21,52,clue:2;collision_intent:17;pi_entry:21;state:16,285,53,completed
16,dcta_parity_v1,custom,2d78c6afcbcd65a18a1929ad87f91a1fc887754325485ab63fe3780cf2dd2c89,594c6ef4147d245b2d14387e5b1e6356d0a15a78178ccc9d5b7e58fddad8d2de,PI,bernoulli,drop_0.25,19,361,8,50.0,45.125,pi_g19_d50_bernoulli_drop_0_25,reruns\grid_density\scenarios\clips\scaling_grid19_trials50.csv,clue_search,02,16,14,17,0,0,0,0,45,16,29,34,11,41,clue:2;collision_intent:16;pi_entry:11;state:16,290,59,completed
16,dcta_parity_v1,custom,2d78c6afcbcd65a18a1929ad87f91a1fc887754325485ab63fe3780cf2dd2c89,594c6ef4147d245b2d14387e5b1e6356d0a15a78178ccc9d5b7e58fddad8d2de,PI,bernoulli,drop_0.25,19,361,8,50.0,45.125,pi_g19_d50_bernoulli_drop_0_25,reruns\grid_density\scenarios\clips\scaling_grid19_trials50.csv,clue_search,03,16,14,14,3,1,2,1,57,19,38,37,20,53,clue:2;collision_intent:18;pi_clear_path:1;pi_entry:19;state:16;target:1,282,56,completed
16,dcta_parity_v1,custom,2d78c6afcbcd65a18a1929ad87f91a1fc887754325485ab63fe3780cf2dd2c89,594c6ef4147d245b2d14387e5b1e6356d0a15a78178ccc9d5b7e58fddad8d2de,PI,bernoulli,drop_0.25,19,361,8,50.0,45.125,pi_g19_d50_bernoulli_drop_0_25,reruns\grid_density\scenarios\clips\scaling_grid19_trials50.csv,clue_search,04,16,14,10,7,0,1,1,46,17,29,35,11,42,clue:2;collision_intent:17;pi_entry:11;state:16,289,59,completed
16,dcta_parity_v1,custom,2d78c6afcbcd65a18a1929ad87f91a1fc887754325485ab63fe3780cf2dd2c89,594c6ef4147d245b2d14387e5b1e6356d0a15a78178ccc9d5b7e58fddad8d2de,PI,bernoulli,drop_0.25,19,361,8,50.0,45.125,pi_g19_d50_bernoulli_drop_0_25,reruns\grid_density\scenarios\clips\scaling_grid19_trials50.csv,clue_search,05,15,12,11,5,0,2,2,49,17,32,34,15,43,clue:2;collision_intent:17;pi_entry:15;state:15,280,65,completed
16,dcta_parity_v1,custom,2d78c6afcbcd65a18a1929ad87f91a1fc887754325485ab63fe3780cf2dd2c89,594c6ef4147d245b2d14387e5b1e6356d0a15a78178ccc9d5b7e58fddad8d2de,PI,bernoulli,drop_0.25,19,361,8,50.0,45.125,pi_g19_d50_bernoulli_drop_0_25,reruns\grid_density\scenarios\clips\scaling_grid19_trials50.csv,clue_search,06,15,13,11,5,0,3,2,47,18,29,35,12,42,clue:2;collision_intent:18;pi_entry:12;state:15,290,57,completed
16,dcta_parity_v1,custom,2d78c6afcbcd65a18a1929ad87f91a1fc887754325485ab63fe3780cf2dd2c89,594c6ef4147d245b2d14387e5b1e6356d0a15a78178ccc9d5b7e58fddad8d2de,PI,bernoulli,drop_0.25,19,361,8,50.0,45.125,pi_g19_d50_bernoulli_drop_0_25,reruns\grid_density\scenarios\clips\scaling_grid19_trials50.csv,clue_search,07,15,13,11,5,2,0,0,44,16,28,33,11,40,clue:2;collision_intent:16;pi_clear_path:1;pi_entry:10;state:15,290,60,completed
17,dcta_parity_v1,custom,2d78c6afcbcd65a18a1929ad87f91a1fc887754325485ab63fe3780cf2dd2c89,594c6ef4147d245b2d14387e5b1e6356d0a15a78178ccc9d5b7e58fddad8d2de,PI,bernoulli,drop_0.25,19,361,8,50.0,45.125,pi_g19_d50_bernoulli_drop_0_25,reruns\grid_density\scenarios\clips\scaling_grid19_trials50.csv,clue_search,00,81,81,14,68,0,5,3,218,87,131,171,47,217,clue:3;collision_intent:87;pi_entry:47;state:81,1499,277,completed
17,dcta_parity_v1,custom,2d78c6afcbcd65a18a1929ad87f91a1fc887754325485ab63fe3780cf2dd2c89,594c6ef4147d245b2d14387e5b1e6356d0a15a78178ccc9d5b7e58fddad8d2de,PI,bernoulli,drop_0.25,19,361,8,50.0,45.125,pi_g19_d50_bernoulli_drop_0_25,reruns\grid_density\scenarios\clips\scaling_grid19_trials50.csv,clue_search,01,76,75,56,21,2,13,7,264,91,173,170,94,262,clue:3;collision_intent:91;pi_clear_path:1;pi_entry:93;state:76,1453,277,completed
17,dcta_parity_v1,custom,2d78c6afcbcd65a18a1929ad87f91a1fc887754325485ab63fe3780cf2dd2c89,594c6ef4147d245b2d14387e5b1e6356d0a15a78178ccc9d5b7e58fddad8d2de,PI,bernoulli,drop_0.25,19,361,8,50.0,45.125,pi_g19_d50_bernoulli_drop_0_25,reruns\grid_density\scenarios\clips\scaling_grid19_trials50.csv,clue_search,02,76,75,11,66,0,17,7,236,95,141,174,62,234,clue:3;collision_intent:95;pi_clear_path:1;pi_entry:61;state:76,1467,291,completed
17,dcta_parity_v1,custom,2d78c6afcbcd65a18a1929ad87f91a1fc887754325485ab63fe3780cf2dd2c89,594c6ef4147d245b2d14387e5b1e6356d0a15a78178ccc9d5b7e58fddad8d2de,PI,bernoulli,drop_0.25,19,361,8,50.0,45.125,pi_g19_d50_bernoulli_drop_0_25,reruns\grid_density\scenarios\clips\scaling_grid19_trials50.csv,clue_search,03,80,79,27,54,1,13,5,253,94,159,177,76,251,clue:3;collision_intent:93;pi_clear_path:1;pi_entry:75;state:80;target:1,1473,270,completed
17,dcta_parity_v1,custom,2d78c6afcbcd65a18a1929ad87f91a1fc887754325485ab63fe3780cf2dd2c89,594c6ef4147d245b2d14387e5b1e6356d0a15a78178ccc9d5b7e58fddad8d2de,PI,bernoulli,drop_0.25,19,361,8,50.0,45.125,pi_g19_d50_bernoulli_drop_0_25,reruns\grid_density\scenarios\clips\scaling_grid19_trials50.csv,clue_search,04,82,82,52,31,4,9,3,272,93,179,178,94,271,clue:3;collision_intent:93;pi_entry:94;state:82,1474,249,completed
17,dcta_parity_v1,custom,2d78c6afcbcd65a18a1929ad87f91a1fc887754325485ab63fe3780cf2dd2c89,594c6ef4147d245b2d14387e5b1e6356d0a15a78178ccc9d5b7e58fddad8d2de,PI,bernoulli,drop_0.25,19,361,8,50.0,45.125,pi_g19_d50_bernoulli_drop_0_25,reruns\grid_density\scenarios\clips\scaling_grid19_trials50.csv,clue_search,05,84,84,51,34,0,3,2,247,87,160,174,73,246,clue:3;collision_intent:87;pi_entry:73;state:84,1464,284,completed
17,dcta_parity_v1,custom,2d78c6afcbcd65a18a1929ad87f91a1fc887754325485ab63fe3780cf2dd2c89,594c6ef4147d245b2d14387e5b1e6356d0a15a78178ccc9d5b7e58fddad8d2de,PI,bernoulli,drop_0.25,19,361,8,50.0,45.125,pi_g19_d50_bernoulli_drop_0_25,reruns\grid_density\scenarios\clips\scaling_grid19_trials50.csv,clue_search,06,82,82,56,27,0,7,4,265,89,176,174,91,264,clue:3;collision_intent:89;pi_entry:91;state:82,1434,296,completed
17,dcta_parity_v1,custom,2d78c6afcbcd65a18a1929ad87f91a1fc887754325485ab63fe3780cf2dd2c89,594c6ef4147d245b2d14387e5b1e6356d0a15a78178ccc9d5b7e58fddad8d2de,PI,bernoulli,drop_0.25,19,361,8,50.0,45.125,pi_g19_d50_bernoulli_drop_0_25,reruns\grid_density\scenarios\clips\scaling_grid19_trials50.csv,clue_search,07,84,84,31,54,0,3,3,241,87,154,174,67,240,clue:3;collision_intent:87;pi_entry:67;state:84,1482,272,completed
18,dcta_parity_v1,custom,2d78c6afcbcd65a18a1929ad87f91a1fc887754325485ab63fe3780cf2dd2c89,594c6ef4147d245b2d14387e5b1e6356d0a15a78178ccc9d5b7e58fddad8d2de,PI,bernoulli,drop_0.25,19,361,8,50.0,45.125,pi_g19_d50_bernoulli_drop_0_25,reruns\grid_density\scenarios\clips\scaling_grid19_trials50.csv,clue_search,00,11,1,12,0,0,0,0,25,11,14,23,2,5,clue:1;collision_intent:11;pi_entry:2;state:11,156,28,completed
18,dcta_parity_v1,custom,2d78c6afcbcd65a18a1929ad87f91a1fc887754325485ab63fe3780cf2dd2c89,594c6ef4147d245b2d14387e5b1e6356d0a15a78178ccc9d5b7e58fddad8d2de,PI,bernoulli,drop_0.25,19,361,8,50.0,45.125,pi_g19_d50_bernoulli_drop_0_25,reruns\grid_density\scenarios\clips\scaling_grid19_trials50.csv,clue_search,01,11,1,12,0,0,0,0,25,11,14,23,2,5,clue:1;collision_intent:11;pi_entry:2;state:11,154,31,completed
18,dcta_parity_v1,custom,2d78c6afcbcd65a18a1929ad87f91a1fc887754325485ab63fe3780cf2dd2c89,594c6ef4147d245b2d14387e5b1e6356d0a15a78178ccc9d5b7e58fddad8d2de,PI,bernoulli,drop_0.25,19,361,8,50.0,45.125,pi_g19_d50_bernoulli_drop_0_25,reruns\grid_density\scenarios\clips\scaling_grid19_trials50.csv,clue_search,02,11,2,12,0,0,0,0,28,11,17,23,5,10,clue:1;collision_intent:11;pi_entry:5;state:11,158,23,completed
18,dcta_parity_v1,custom,2d78c6afcbcd65a18a1929ad87f91a1fc887754325485ab63fe3780cf2dd2c89,594c6ef4147d245b2d14387e5b1e6356d0a15a78178ccc9d5b7e58fddad8d2de,PI,bernoulli,drop_0.25,19,361,8,50.0,45.125,pi_g19_d50_bernoulli_drop_0_25,reruns\grid_density\scenarios\clips\scaling_grid19_trials50.csv,clue_search,03,11,2,12,0,1,0,0,27,11,16,23,4,9,clue:1;collision_intent:11;pi_entry:4;state:11,165,17,completed
18,dcta_parity_v1,custom,2d78c6afcbcd65a18a1929ad87f91a1fc887754325485ab63fe3780cf2dd2c89,594c6ef4147d245b2d14387e5b1e6356d0a15a78178ccc9d5b7e58fddad8d2de,PI,bernoulli,drop_0.25,19,361,8,50.0,45.125,pi_g19_d50_bernoulli_drop_0_25,reruns\grid_density\scenarios\clips\scaling_grid19_trials50.csv,clue_search,04,11,2,12,0,0,0,0,26,12,14,24,2,8,clue:1;collision_intent:11;pi_entry:2;state:11;target:1,158,26,completed
18,dcta_parity_v1,custom,2d78c6afcbcd65a18a1929ad87f91a1fc887754325485ab63fe3780cf2dd2c89,594c6ef4147d245b2d14387e5b1e6356d0a15a78178ccc9d5b7e58fddad8d2de,PI,bernoulli,drop_0.25,19,361,8,50.0,45.125,pi_g19_d50_bernoulli_drop_0_25,reruns\grid_density\scenarios\clips\scaling_grid19_trials50.csv,clue_search,05,11,1,12,0,0,0,0,25,11,14,23,2,5,clue:1;collision_intent:11;pi_entry:2;state:11,158,25,completed
18,dcta_parity_v1,custom,2d78c6afcbcd65a18a1929ad87f91a1fc887754325485ab63fe3780cf2dd2c89,594c6ef4147d245b2d14387e5b1e6356d0a15a78178ccc9d5b7e58fddad8d2de,PI,bernoulli,drop_0.25,19,361,8,50.0,45.125,pi_g19_d50_bernoulli_drop_0_25,reruns\grid_density\scenarios\clips\scaling_grid19_trials50.csv,clue_search,06,11,2,12,0,1,0,0,27,11,16,23,4,9,clue:1;collision_intent:11;pi_entry:4;state:11,155,28,completed
18,dcta_parity_v1,custom,2d78c6afcbcd65a18a1929ad87f91a1fc887754325485ab63fe3780cf2dd2c89,594c6ef4147d245b2d14387e5b1e6356d0a15a78178ccc9d5b7e58fddad8d2de,PI,bernoulli,drop_0.25,19,361,8,50.0,45.125,pi_g19_d50_bernoulli_drop_0_25,reruns\grid_density\scenarios\clips\scaling_grid19_trials50.csv,clue_search,07,11,2,12,0,0,0,0,27,11,16,23,4,9,clue:1;collision_intent:11;pi_entry:4;state:11,157,24,completed
19,dcta_parity_v1,custom,2d78c6afcbcd65a18a1929ad87f91a1fc887754325485ab63fe3780cf2dd2c89,594c6ef4147d245b2d14387e5b1e6356d0a15a78178ccc9d5b7e58fddad8d2de,PI,bernoulli,drop_0.25,19,361,8,50.0,45.125,pi_g19_d50_bernoulli_drop_0_25,reruns\grid_density\scenarios\clips\scaling_grid19_trials50.csv,clue_search,00,8,0,9,0,0,0,0,16,8,8,16,0,0,collision_intent:8;state:8,90,16,completed
19,dcta_parity_v1,custom,2d78c6afcbcd65a18a1929ad87f91a1fc887754325485ab63fe3780cf2dd2c89,594c6ef4147d245b2d14387e5b1e6356d0a15a78178ccc9d5b7e58fddad8d2de,PI,bernoulli,drop_0.25,19,361,8,50.0,45.125,pi_g19_d50_bernoulli_drop_0_25,reruns\grid_density\scenarios\clips\scaling_grid19_trials50.csv,clue_search,01,8,0,9,0,0,0,0,16,8,8,16,0,0,collision_intent:8;state:8,91,16,completed
19,dcta_parity_v1,custom,2d78c6afcbcd65a18a1929ad87f91a1fc887754325485ab63fe3780cf2dd2c89,594c6ef4147d245b2d14387e5b1e6356d0a15a78178ccc9d5b7e58fddad8d2de,PI,bernoulli,drop_0.25,19,361,8,50.0,45.125,pi_g19_d50_bernoulli_drop_0_25,reruns\grid_density\scenarios\clips\scaling_grid19_trials50.csv,clue_search,02,7,0,8,0,0,0,0,14,7,7,14,0,0,collision_intent:7;state:7,102,5,completed
19,dcta_parity_v1,custom,2d78c6afcbcd65a18a1929ad87f91a1fc887754325485ab63fe3780cf2dd2c89,594c6ef4147d245b2d14387e5b1e6356d0a15a78178ccc9d5b7e58fddad8d2de,PI,bernoulli,drop_0.25,19,361,8,50.0,45.125,pi_g19_d50_bernoulli_drop_0_25,reruns\grid_density\scenarios\clips\scaling_grid19_trials50.csv,clue_search,03,7,0,8,0,0,0,0,14,7,7,14,0,0,collision_intent:7;state:7,94,14,completed
19,dcta_parity_v1,custom,2d78c6afcbcd65a18a1929ad87f91a1fc887754325485ab63fe3780cf2dd2c89,594c6ef4147d245b2d14387e5b1e6356d0a15a78178ccc9d5b7e58fddad8d2de,PI,bernoulli,drop_0.25,19,361,8,50.0,45.125,pi_g19_d50_bernoulli_drop_0_25,reruns\grid_density\scenarios\clips\scaling_grid19_trials50.csv,clue_search,04,8,0,9,0,0,0,0,17,9,8,17,0,0,collision_intent:8;state:8;target:1,96,10,completed
19,dcta_parity_v1,custom,2d78c6afcbcd65a18a1929ad87f91a1fc887754325485ab63fe3780cf2dd2c89,594c6ef4147d245b2d14387e5b1e6356d0a15a78178ccc9d5b7e58fddad8d2de,PI,bernoulli,drop_0.25,19,361,8,50.0,45.125,pi_g19_d50_bernoulli_drop_0_25,reruns\grid_density\scenarios\clips\scaling_grid19_trials50.csv,clue_search,05,8,0,9,0,0,0,0,16,8,8,16,0,0,collision_intent:8;state:8,98,7,completed
19,dcta_parity_v1,custom,2d78c6afcbcd65a18a1929ad87f91a1fc887754325485ab63fe3780cf2dd2c89,594c6ef4147d245b2d14387e5b1e6356d0a15a78178ccc9d5b7e58fddad8d2de,PI,bernoulli,drop_0.25,19,361,8,50.0,45.125,pi_g19_d50_bernoulli_drop_0_25,reruns\grid_density\scenarios\clips\scaling_grid19_trials50.csv,clue_search,06,8,0,9,0,0,0,0,16,8,8,16,0,0,collision_intent:8;state:8,95,11,completed
19,dcta_parity_v1,custom,2d78c6afcbcd65a18a1929ad87f91a1fc887754325485ab63fe3780cf2dd2c89,594c6ef4147d245b2d14387e5b1e6356d0a15a78178ccc9d5b7e58fddad8d2de,PI,bernoulli,drop_0.25,19,361,8,50.0,45.125,pi_g19_d50_bernoulli_drop_0_25,reruns\grid_density\scenarios\clips\scaling_grid19_trials50.csv,clue_search,07,7,0,8,0,0,0,0,14,7,7,14,0,0,collision_intent:7;state:7,97,12,completed
20,dcta_parity_v1,custom,2d78c6afcbcd65a18a1929ad87f91a1fc887754325485ab63fe3780cf2dd2c89,594c6ef4147d245b2d14387e5b1e6356d0a15a78178ccc9d5b7e58fddad8d2de,PI,bernoulli,drop_0.25,19,361,8,50.0,45.125,pi_g19_d50_bernoulli_drop_0_25,reruns\grid_density\scenarios\clips\scaling_grid19_trials50.csv,clue_search,00,6,0,7,0,0,0,0,13,7,6,13,0,0,collision_intent:6;state:6;target:1,65,6,completed
20,dcta_parity_v1,custom,2d78c6afcbcd65a18a1929ad87f91a1fc887754325485ab63fe3780cf2dd2c89,594c6ef4147d245b2d14387e5b1e6356d0a15a78178ccc9d5b7e58fddad8d2de,PI,bernoulli,drop_0.25,19,361,8,50.0,45.125,pi_g19_d50_bernoulli_drop_0_25,reruns\grid_density\scenarios\clips\scaling_grid19_trials50.csv,clue_search,01,5,0,6,0,0,0,0,10,5,5,10,0,0,collision_intent:5;state:5,64,9,completed
20,dcta_parity_v1,custom,2d78c6afcbcd65a18a1929ad87f91a1fc887754325485ab63fe3780cf2dd2c89,594c6ef4147d245b2d14387e5b1e6356d0a15a78178ccc9d5b7e58fddad8d2de,PI,bernoulli,drop_0.25,19,361,8,50.0,45.125,pi_g19_d50_bernoulli_drop_0_25,reruns\grid_density\scenarios\clips\scaling_grid19_trials50.csv,clue_search,02,5,0,6,0,0,0,0,10,5,5,10,0,0,collision_intent:5;state:5,65,8,completed
20,dcta_parity_v1,custom,2d78c6afcbcd65a18a1929ad87f91a1fc887754325485ab63fe3780cf2dd2c89,594c6ef4147d245b2d14387e5b1e6356d0a15a78178ccc9d5b7e58fddad8d2de,PI,bernoulli,drop_0.25,19,361,8,50.0,45.125,pi_g19_d50_bernoulli_drop_0_25,reruns\grid_density\scenarios\clips\scaling_grid19_trials50.csv,clue_search,03,5,0,6,0,0,0,0,10,5,5,10,0,0,collision_intent:5;state:5,63,9,completed
20,dcta_parity_v1,custom,2d78c6afcbcd65a18a1929ad87f91a1fc887754325485ab63fe3780cf2dd2c89,594c6ef4147d245b2d14387e5b1e6356d0a15a78178ccc9d5b7e58fddad8d2de,PI,bernoulli,drop_0.25,19,361,8,50.0,45.125,pi_g19_d50_bernoulli_drop_0_25,reruns\grid_density\scenarios\clips\scaling_grid19_trials50.csv,clue_search,04,5,0,6,0,0,0,0,10,5,5,10,0,0,collision_intent:5;state:5,68,4,completed
20,dcta_parity_v1,custom,2d78c6afcbcd65a18a1929ad87f91a1fc887754325485ab63fe3780cf2dd2c89,594c6ef4147d245b2d14387e5b1e6356d0a15a78178ccc9d5b7e58fddad8d2de,PI,bernoulli,drop_0.25,19,361,8,50.0,45.125,pi_g19_d50_bernoulli_drop_0_25,reruns\grid_density\scenarios\clips\scaling_grid19_trials50.csv,clue_search,05,5,0,6,0,0,0,0,10,5,5,10,0,0,collision_intent:5;state:5,62,11,completed
20,dcta_parity_v1,custom,2d78c6afcbcd65a18a1929ad87f91a1fc887754325485ab63fe3780cf2dd2c89,594c6ef4147d245b2d14387e5b1e6356d0a15a78178ccc9d5b7e58fddad8d2de,PI,bernoulli,drop_0.25,19,361,8,50.0,45.125,pi_g19_d50_bernoulli_drop_0_25,reruns\grid_density\scenarios\clips\scaling_grid19_trials50.csv,clue_search,06,5,0,6,0,0,0,0,11,6,5,11,0,0,collision_intent:6;state:5,66,5,completed
20,dcta_parity_v1,custom,2d78c6afcbcd65a18a1929ad87f91a1fc887754325485ab63fe3780cf2dd2c89,594c6ef4147d245b2d14387e5b1e6356d0a15a78178ccc9d5b7e58fddad8d2de,PI,bernoulli,drop_0.25,19,361,8,50.0,45.125,pi_g19_d50_bernoulli_drop_0_25,reruns\grid_density\scenarios\clips\scaling_grid19_trials50.csv,clue_search,07,5,0,6,0,0,0,0,10,5,5,10,0,0,collision_intent:5;state:5,64,9,completed
21,dcta_parity_v1,custom,2d78c6afcbcd65a18a1929ad87f91a1fc887754325485ab63fe3780cf2dd2c89,594c6ef4147d245b2d14387e5b1e6356d0a15a78178ccc9d5b7e58fddad8d2de,PI,bernoulli,drop_0.25,19,361,8,50.0,45.125,pi_g19_d50_bernoulli_drop_0_25,reruns\grid_density\scenarios\clips\scaling_grid19_trials50.csv,clue_search,00,7,2,8,0,0,0,0,18,7,11,15,3,8,clue:1;collision_intent:7;pi_entry:3;state:7,108,25,completed
21,dcta_parity_v1,custom,2d78c6afcbcd65a18a1929ad87f91a1fc887754325485ab63fe3780cf2dd2c89,594c6ef4147d245b2d14387e5b1e6356d0a15a78178ccc9d5b7e58fddad8d2de,PI,bernoulli,drop_0.25,19,361,8,50.0,45.125,pi_g19_d50_bernoulli_drop_0_25,reruns\grid_density\scenarios\clips\scaling_grid19_trials50.csv,clue_search,01,7,2,8,0,1,0,0,19,7,12,15,4,9,clue:1;collision_intent:7;pi_entry:4;state:7,110,22,completed
21,dcta_parity_v1,custom,2d78c6afcbcd65a18a1929ad87f91a1fc887754325485ab63fe3780cf2dd2c89,594c6ef4147d245b2d14387e5b1e6356d0a15a78178ccc9d5b7e58fddad8d2de,PI,bernoulli,drop_0.25,19,361,8,50.0,45.125,pi_g19_d50_bernoulli_drop_0_25,reruns\grid_density\scenarios\clips\scaling_grid19_trials50.csv,clue_search,02,7,2,8,0,0,0,0,19,8,11,16,3,9,clue:1;collision_intent:7;pi_entry:3;state:7;target:1,117,16,completed
21,dcta_parity_v1,custom,2d78c6afcbcd65a18a1929ad87f91a1fc887754325485ab63fe3780cf2dd2c89,594c6ef4147d245b2d14387e5b1e6356d0a15a78178ccc9d5b7e58fddad8d2de,PI,bernoulli,drop_0.25,19,361,8,50.0,45.125,pi_g19_d50_bernoulli_drop_0_25,reruns\grid_density\scenarios\clips\scaling_grid19_trials50.csv,clue_search,03,6,1,7,0,0,0,0,19,7,12,14,5,9,clue:1;collision_intent:7;pi_entry:5;state:6,117,16,completed
21,dcta_parity_v1,custom,2d78c6afcbcd65a18a1929ad87f91a1fc887754325485ab63fe3780cf2dd2c89,594c6ef4147d245b2d14387e5b1e6356d0a15a78178ccc9d5b7e58fddad8d2de,PI,bernoulli,drop_0.25,19,361,8,50.0,45.125,pi_g19_d50_bernoulli_drop_0_25,reruns\grid_density\scenarios\clips\scaling_grid19_trials50.csv,clue_search,04,6,1,7,0,1,1,1,18,7,11,14,4,8,clue:1;collision_intent:7;pi_entry:4;state:6,111,23,completed
21,dcta_parity_v1,custom,2d78c6afcbcd65a18a1929ad87f91a1fc887754325485ab63fe3780cf2dd2c89,594c6ef4147d245b2d14387e5b1e6356d0a15a78178ccc9d5b7e58fddad8d2de,PI,bernoulli,drop_0.25,19,361,8,50.0,45.125,pi_g19_d50_bernoulli_drop_0_25,reruns\grid_density\scenarios\clips\scaling_grid19_trials50.csv,clue_search,05,7,2,8,0,1,0,0,20,7,13,15,5,10,clue:1;collision_intent:7;pi_entry:5;state:7,104,26,completed
21,dcta_parity_v1,custom,2d78c6afcbcd65a18a1929ad87f91a1fc887754325485ab63fe3780cf2dd2c89,594c6ef4147d245b2d14387e5b1e6356d0a15a78178ccc9d5b7e58fddad8d2de,PI,bernoulli,drop_0.25,19,361,8,50.0,45.125,pi_g19_d50_bernoulli_drop_0_25,reruns\grid_density\scenarios\clips\scaling_grid19_trials50.csv,clue_search,06,7,2,8,0,1,0,0,21,7,14,15,6,11,clue:1;collision_intent:7;pi_clear_path:1;pi_entry:5;state:7,108,22,completed
21,dcta_parity_v1,custom,2d78c6afcbcd65a18a1929ad87f91a1fc887754325485ab63fe3780cf2dd2c89,594c6ef4147d245b2d14387e5b1e6356d0a15a78178ccc9d5b7e58fddad8d2de,PI,bernoulli,drop_0.25,19,361,8,50.0,45.125,pi_g19_d50_bernoulli_drop_0_25,reruns\grid_density\scenarios\clips\scaling_grid19_trials50.csv,clue_search,07,6,2,7,0,0,0,0,18,7,11,14,4,9,clue:1;collision_intent:7;pi_entry:4;state:6,112,21,completed
22,dcta_parity_v1,custom,2d78c6afcbcd65a18a1929ad87f91a1fc887754325485ab63fe3780cf2dd2c89,594c6ef4147d245b2d14387e5b1e6356d0a15a78178ccc9d5b7e58fddad8d2de,PI,bernoulli,drop_0.25,19,361,8,50.0,45.125,pi_g19_d50_bernoulli_drop_0_25,reruns\grid_density\scenarios\clips\scaling_grid19_trials50.csv,clue_search,00,69,62,34,36,0,1,1,193,70,123,143,50,179,clue:4;collision_intent:70;pi_entry:50;state:69,1119,238,completed
22,dcta_parity_v1,custom,2d78c6afcbcd65a18a1929ad87f91a1fc887754325485ab63fe3780cf2dd2c89,594c6ef4147d245b2d14387e5b1e6356d0a15a78178ccc9d5b7e58fddad8d2de,PI,bernoulli,drop_0.25,19,361,8,50.0,45.125,pi_g19_d50_bernoulli_drop_0_25,reruns\grid_density\scenarios\clips\scaling_grid19_trials50.csv,clue_search,01,66,59,39,28,0,4,2,199,71,128,141,58,185,clue:4;collision_intent:71;pi_entry:58;state:66,1141,211,completed
22,dcta_parity_v1,custom,2d78c6afcbcd65a18a1929ad87f91a1fc887754325485ab63fe3780cf2dd2c89,594c6ef4147d245b2d14387e5b1e6356d0a15a78178ccc9d5b7e58fddad8d2de,PI,bernoulli,drop_0.25,19,361,8,50.0,45.125,pi_g19_d50_bernoulli_drop_0_25,reruns\grid_density\scenarios\clips\scaling_grid19_trials50.csv,clue_search,02,67,60,33,35,0,3,3,195,70,125,141,54,181,clue:4;collision_intent:70;pi_entry:54;state:67,1141,215,completed
22,dcta_parity_v1,custom,2d78c6afcbcd65a18a1929ad87f91a1fc887754325485ab63fe3780cf2dd2c89,594c6ef4147d245b2d14387e5b1e6356d0a15a78178ccc9d5b7e58fddad8d2de,PI,bernoulli,drop_0.25,19,361,8,50.0,45.125,pi_g19_d50_bernoulli_drop_0_25,reruns\grid_density\scenarios\clips\scaling_grid19_trials50.csv,clue_search,03,65,58,33,33,0,6,3,197,71,126,140,57,183,clue:4;collision_intent:71;pi_entry:57;state:65,1145,208,completed
22,dcta_parity_v1,custom,2d78c6afcbcd65a18a1929ad87f91a1fc887754325485ab63fe3780cf2dd2c89,594c6ef4147d245b2d14387e5b1e6356d0a15a78178ccc9d5b7e58fddad8d2de,PI,bernoulli,drop_0.25,19,361,8,50.0,45.125,pi_g19_d50_bernoulli_drop_0_25,reruns\grid_density\scenarios\clips\scaling_grid19_trials50.csv,clue_search,04,68,61,23,46,0,6,6,182,74,108,146,36,168,clue:4;collision_intent:74;pi_entry:36;state:68,1145,223,completed
22,dcta_parity_v1,custom,2d78c6afcbcd65a18a1929ad87f91a1fc887754325485ab63fe3780cf2dd2c89,594c6ef4147d245b2d14387e5b1e6356d0a15a78178ccc9d5b7e58fddad8d2de,PI,bernoulli,drop_0.25,19,361,8,50.0,45.125,pi_g19_d50_bernoulli_drop_0_25,reruns\grid_density\scenarios\clips\scaling_grid19_trials50.csv,clue_search,05,69,62,34,36,0,1,1,202,71,131,144,58,188,clue:4;collision_intent:71;pi_entry:58;state:69,1126,222,completed
22,dcta_parity_v1,custom,2d78c6afcbcd65a18a1929ad87f91a1fc887754325485ab63fe3780cf2dd2c89,594c6ef4147d245b2d14387e5b1e6356d0a15a78178ccc9d5b7e58fddad8d2de,PI,bernoulli,drop_0.25,19,361,8,50.0,45.125,pi_g19_d50_bernoulli_drop_0_25,reruns\grid_density\scenarios\clips\scaling_grid19_trials50.csv,clue_search,06,68,61,37,32,0,1,1,183,70,113,142,41,169,clue:4;collision_intent:70;pi_entry:41;state:68,1144,222,completed
22,dcta_parity_v1,custom,2d78c6afcbcd65a18a1929ad87f91a1fc887754325485ab63fe3780cf2dd2c89,594c6ef4147d245b2d14387e5b1e6356d0a15a78178ccc9d5b7e58fddad8d2de,PI,bernoulli,drop_0.25,19,361,8,50.0,45.125,pi_g19_d50_bernoulli_drop_0_25,reruns\grid_density\scenarios\clips\scaling_grid19_trials50.csv,clue_search,07,67,61,35,33,0,5,2,200,73,127,144,56,187,clue:4;collision_intent:72;pi_entry:56;state:67;target:1,1136,215,completed
23,dcta_parity_v1,custom,2d78c6afcbcd65a18a1929ad87f91a1fc887754325485ab63fe3780cf2dd2c89,594c6ef4147d245b2d14387e5b1e6356d0a15a78178ccc9d5b7e58fddad8d2de,PI,bernoulli,drop_0.25,19,361,8,50.0,45.125,pi_g19_d50_bernoulli_drop_0_25,reruns\grid_density\scenarios\clips\scaling_grid19_trials50.csv,clue_search,00,35,28,22,14,0,0,0,98,35,63,72,26,84,clue:2;collision_intent:35;pi_entry:26;state:35,579,99,completed
23,dcta_parity_v1,custom,2d78c6afcbcd65a18a1929ad87f91a1fc887754325485ab63fe3780cf2dd2c89,594c6ef4147d245b2d14387e5b1e6356d0a15a78178ccc9d5b7e58fddad8d2de,PI,bernoulli,drop_0.25,19,361,8,50.0,45.125,pi_g19_d50_bernoulli_drop_0_25,reruns\grid_density\scenarios\clips\scaling_grid19_trials50.csv,clue_search,01,34,27,21,14,0,2,2,93,37,56,73,20,79,clue:2;collision_intent:36;pi_clear_path:1;pi_entry:19;state:34;target:1,580,104,completed
23,dcta_parity_v1,custom,2d78c6afcbcd65a18a1929ad87f91a1fc887754325485ab63fe3780cf2dd2c89,594c6ef4147d245b2d14387e5b1e6356d0a15a78178ccc9d5b7e58fddad8d2de,PI,bernoulli,drop_0.25,19,361,8,50.0,45.125,pi_g19_d50_bernoulli_drop_0_25,reruns\grid_density\scenarios\clips\scaling_grid19_trials50.csv,clue_search,02,34,28,28,7,0,0,0,99,34,65,70,29,87,clue:2;collision_intent:34;pi_entry:29;state:34,579,98,completed
23,dcta_parity_v1,custom,2d78c6afcbcd65a18a1929ad87f91a1fc887754325485ab63fe3780cf2dd2c89,594c6ef4147d245b2d14387e5b1e6356d0a15a78178ccc9d5b7e58fddad8d2de,PI,bernoulli,drop_0.25,19,361,8,50.0,45.125,pi_g19_d50_bernoulli_drop_0_25,reruns\grid_density\scenarios\clips\scaling_grid19_trials50.csv,clue_search,03,34,28,19,16,1,2,1,100,36,64,72,28,88,clue:2;collision_intent:36;pi_clear_path:1;pi_entry:27;state:34,569,108,completed
23,dcta_parity_v1,custom,2d78c6afcbcd65a18a1929ad87f91a1fc887754325485ab63fe3780cf2dd2c89,594c6ef4147d245b2d14387e5b1e6356d0a15a78178ccc9d5b7e58fddad8d2de,PI,bernoulli,drop_0.25,19,361,8,50.0,45.125,pi_g19_d50_bernoulli_drop_0_25,reruns\grid_density\scenarios\clips\scaling_grid19_trials50.csv,clue_search,04,33,27,13,21,1,5,5,92,38,54,73,19,80,clue:2;collision_intent:38;pi_clear_path:1;pi_entry:18;state:33,565,119,completed
23,dcta_parity_v1,custom,2d78c6afcbcd65a18a1929ad87f91a1fc887754325485ab63fe3780cf2dd2c89,594c6ef4147d245b2d14387e5b1e6356d0a15a78178ccc9d5b7e58fddad8d2de,PI,bernoulli,drop_0.25,19,361,8,50.0,45.125,pi_g19_d50_bernoulli_drop_0_25,reruns\grid_density\scenarios\clips\scaling_grid19_trials50.csv,clue_search,05,34,28,19,16,0,1,1,94,35,59,71,23,82,clue:2;collision_intent:35;pi_entry:23;state:34,560,122,completed
23,dcta_parity_v1,custom,2d78c6afcbcd65a18a1929ad87f91a1fc887754325485ab63fe3780cf2dd2c89,594c6ef4147d245b2d14387e5b1e6356d0a15a78178ccc9d5b7e58fddad8d2de,PI,bernoulli,drop_0.25,19,361,8,50.0,45.125,pi_g19_d50_bernoulli_drop_0_25,reruns\grid_density\scenarios\clips\scaling_grid19_trials50.csv,clue_search,06,33,26,20,14,0,4,1,96,37,59,72,24,82,clue:2;collision_intent:37;pi_entry:24;state:33,578,102,completed
23,dcta_parity_v1,custom,2d78c6afcbcd65a18a1929ad87f91a1fc887754325485ab63fe3780cf2dd2c89,594c6ef4147d245b2d14387e5b1e6356d0a15a78178ccc9d5b7e58fddad8d2de,PI,bernoulli,drop_0.25,19,361,8,50.0,45.125,pi_g19_d50_bernoulli_drop_0_25,reruns\grid_density\scenarios\clips\scaling_grid19_trials50.csv,clue_search,07,34,28,25,10,0,0,0,105,34,71,70,35,93,clue:2;collision_intent:34;pi_entry:35;state:34,559,112,completed
24,dcta_parity_v1,custom,2d78c6afcbcd65a18a1929ad87f91a1fc887754325485ab63fe3780cf2dd2c89,594c6ef4147d245b2d14387e5b1e6356d0a15a78178ccc9d5b7e58fddad8d2de,PI,bernoulli,drop_0.25,19,361,8,50.0,45.125,pi_g19_d50_bernoulli_drop_0_25,reruns\grid_density\scenarios\clips\scaling_grid19_trials50.csv,clue_search,00,20,6,20,1,0,0,0,51,20,31,42,9,23,clue:2;collision_intent:20;pi_entry:9;state:20,288,46,completed
24,dcta_parity_v1,custom,2d78c6afcbcd65a18a1929ad87f91a1fc887754325485ab63fe3780cf2dd2c89,594c6ef4147d245b2d14387e5b1e6356d0a15a78178ccc9d5b7e58fddad8d2de,PI,bernoulli,drop_0.25,19,361,8,50.0,45.125,pi_g19_d50_bernoulli_drop_0_25,reruns\grid_density\scenarios\clips\scaling_grid19_trials50.csv,clue_search,01,20,6,21,0,0,0,0,52,20,32,42,10,24,clue:2;collision_intent:20;pi_entry:10;state:20,279,54,completed
24,dcta_parity_v1,custom,2d78c6afcbcd65a18a1929ad87f91a1fc887754325485ab63fe3780cf2dd2c89,594c6ef4147d245b2d14387e5b1e6356d0a15a78178ccc9d5b7e58fddad8d2de,PI,bernoulli,drop_0.25,19,361,8,50.0,45.125,pi_g19_d50_bernoulli_drop_0_25,reruns\grid_density\scenarios\clips\scaling_grid19_trials50.csv,clue_search,02,19,6,18,2,0,0,0,47,19,28,40,7,21,clue:2;collision_intent:19;pi_clear_path:1;pi_entry:6;state:19,285,53,completed
24,dcta_parity_v1,custom,2d78c6afcbcd65a18a1929ad87f91a1fc887754325485ab63fe3780cf2dd2c89,594c6ef4147d245b2d14387e5b1e6356d0a15a78178ccc9d5b7e58fddad8d2de,PI,bernoulli,drop_0.25,19,361,8,50.0,45.125,pi_g19_d50_bernoulli_drop_0_25,reruns\grid_density\scenarios\clips\scaling_grid19_trials50.csv,clue_search,03,19,6,20,0,0,0,0,46,20,26,41,5,19,clue:2;collision_intent:20;pi_entry:5;state:19,300,38,completed
24,dcta_parity_v1,custom,2d78c6afcbcd65a18a1929ad87f91a1fc887754325485ab63fe3780cf2dd2c89,594c6ef4147d245b2d14387e5b1e6356d0a15a78178ccc9d5b7e58fddad8d2de,PI,bernoulli,drop_0.25,19,361,8,50.0,45.125,pi_g19_d50_bernoulli_drop_0_25,reruns\grid_density\scenarios\clips\scaling_grid19_trials50.csv,clue_search,04,19,6,18,2,1,0,0,46,19,27,40,6,20,clue:2;collision_intent:19;pi_entry:6;state:19,286,52,completed
24,dcta_parity_v1,custom,2d78c6afcbcd65a18a1929ad87f91a1fc887754325485ab63fe3780cf2dd2c89,594c6ef4147d245b2d14387e5b1e6356d0a15a78178ccc9d5b7e58fddad8d2de,PI,bernoulli,drop_0.25,19,361,8,50.0,45.125,pi_g19_d50_bernoulli_drop_0_25,reruns\grid_density\scenarios\clips\scaling_grid19_trials50.csv,clue_search,05,20,6,21,0,0,0,0,50,21,29,43,7,22,clue:2;collision_intent:20;pi_entry:7;state:20;target:1,287,48,completed
24,dcta_parity_v1,custom,2d78c6afcbcd65a18a1929ad87f91a1fc887754325485ab63fe3780cf2dd2c89,594c6ef4147d245b2d14387e5b1e6356d0a15a78178ccc9d5b7e58fddad8d2de,PI,bernoulli,drop_0.25,19,361,8,50.0,45.125,pi_g19_d50_bernoulli_drop_0_25,reruns\grid_density\scenarios\clips\scaling_grid19_trials50.csv,clue_search,06,19,5,19,1,0,3,2,48,22,26,43,5,20,clue:2;collision_intent:22;pi_entry:5;state:19,279,57,completed
24,dcta_parity_v1,custom,2d78c6afcbcd65a18a1929ad87f91a1fc887754325485ab63fe3780cf2dd2c89,594c6ef4147d245b2d14387e5b1e6356d0a15a78178ccc9d5b7e58fddad8d2de,PI,bernoulli,drop_0.25,19,361,8,50.0,45.125,pi_g19_d50_bernoulli_drop_0_25,reruns\grid_density\scenarios\clips\scaling_grid19_trials50.csv,clue_search,07,20,7,20,1,0,0,0,45,20,25,42,3,18,clue:2;collision_intent:20;pi_entry:3;state:20,285,54,completed
25,dcta_parity_v1,custom,2d78c6afcbcd65a18a1929ad87f91a1fc887754325485ab63fe3780cf2dd2c89,594c6ef4147d245b2d14387e5b1e6356d0a15a78178ccc9d5b7e58fddad8d2de,PI,bernoulli,drop_0.25,19,361,8,50.0,45.125,pi_g19_d50_bernoulli_drop_0_25,reruns\grid_density\scenarios\clips\scaling_grid19_trials50.csv,clue_search,00,90,85,32,59,0,8,5,245,98,147,192,53,235,clue:4;collision_intent:98;pi_entry:53;state:90,1608,316,completed
25,dcta_parity_v1,custom,2d78c6afcbcd65a18a1929ad87f91a1fc887754325485ab63fe3780cf2dd2c89,594c6ef4147d245b2d14387e5b1e6356d0a15a78178ccc9d5b7e58fddad8d2de,PI,bernoulli,drop_0.25,19,361,8,50.0,45.125,pi_g19_d50_bernoulli_drop_0_25,reruns\grid_density\scenarios\clips\scaling_grid19_trials50.csv,clue_search,01,90,85,68,23,2,6,2,283,97,186,191,92,273,clue:4;collision_intent:97;pi_entry:92;state:90,1582,304,completed
25,dcta_parity_v1,custom,2d78c6afcbcd65a18a1929ad87f91a1fc887754325485ab63fe3780cf2dd2c89,594c6ef4147d245b2d14387e5b1e6356d0a15a78178ccc9d5b7e58fddad8d2de,PI,bernoulli,drop_0.25,19,361,8,50.0,45.125,pi_g19_d50_bernoulli_drop_0_25,reruns\grid_density\scenarios\clips\scaling_grid19_trials50.csv,clue_search,02,90,85,59,32,0,8,6,269,99,170,193,76,259,clue:4;collision_intent:99;pi_entry:76;state:90,1619,282,completed
25,dcta_parity_v1,custom,2d78c6afcbcd65a18a1929ad87f91a1fc887754325485ab63fe3780cf2dd2c89,594c6ef4147d245b2d14387e5b1e6356d0a15a78178ccc9d5b7e58fddad8d2de,PI,bernoulli,drop_0.25,19,361,8,50.0,45.125,pi_g19_d50_bernoulli_drop_0_25,reruns\grid_density\scenarios\clips\scaling_grid19_trials50.csv,clue_search,03,90,86,23,68,2,12,4,263,105,158,199,64,255,clue:4;collision_intent:105;pi_entry:64;state:90,1607,300,completed
25,dcta_parity_v1,custom,2d78c6afcbcd65a18a1929ad87f91a1fc887754325485ab63fe3780cf2dd2c89,594c6ef4147d245b2d14387e5b1e6356d0a15a78178ccc9d5b7e58fddad8d2de,PI,bernoulli,drop_0.25,19,361,8,50.0,45.125,pi_g19_d50_bernoulli_drop_0_25,reruns\grid_density\scenarios\clips\scaling_grid19_trials50.csv,clue_search,04,93,88,71,23,2,0,0,294,94,200,191,103,284,clue:4;collision_intent:93;pi_entry:103;state:93;target:1,1620,256,completed
25,dcta_parity_v1,custom,2d78c6afcbcd65a18a1929ad87f91a1fc887754325485ab63fe3780cf2dd2c89,594c6ef4147d245b2d14387e5b1e6356d0a15a78178ccc9d5b7e58fddad8d2de,PI,bernoulli,drop_0.25,19,361,8,50.0,45.125,pi_g19_d50_bernoulli_drop_0_25,reruns\grid_density\scenarios\clips\scaling_grid19_trials50.csv,clue_search,05,94,89,29,66,1,3,3,263,97,166,195,68,253,clue:4;collision_intent:97;pi_clear_path:1;pi_entry:67;state:94,1600,306,completed
25,dcta_parity_v1,custom,2d78c6afcbcd65a18a1929ad87f91a1fc887754325485ab63fe3780cf2dd2c89,594c6ef4147d245b2d14387e5b1e6356d0a15a78178ccc9d5b7e58fddad8d2de,PI,bernoulli,drop_0.25,19,361,8,50.0,45.125,pi_g19_d50_bernoulli_drop_0_25,reruns\grid_density\scenarios\clips\scaling_grid19_trials50.csv,clue_search,06,90,85,24,67,0,12,5,264,104,160,198,66,254,clue:4;collision_intent:104;pi_entry:66;state:90,1609,296,completed
25,dcta_parity_v1,custom,2d78c6afcbcd65a18a1929ad87f91a1fc887754325485ab63fe3780cf2dd2c89,594c6ef4147d245b2d14387e5b1e6356d0a15a78178ccc9d5b7e58fddad8d2de,PI,bernoulli,drop_0.25,19,361,8,50.0,45.125,pi_g19_d50_bernoulli_drop_0_25,reruns\grid_density\scenarios\clips\scaling_grid19_trials50.csv,clue_search,07,94,90,45,50,0,0,0,289,94,195,192,97,281,clue:4;collision_intent:94;pi_entry:97;state:94,1581,299,completed
26,dcta_parity_v1,custom,2d78c6afcbcd65a18a1929ad87f91a1fc887754325485ab63fe3780cf2dd2c89,594c6ef4147d245b2d14387e5b1e6356d0a15a78178ccc9d5b7e58fddad8d2de,PI,bernoulli,drop_0.25,19,361,8,50.0,45.125,pi_g19_d50_bernoulli_drop_0_25,reruns\grid_density\scenarios\clips\scaling_grid19_trials50.csv,clue_search,00,19,3,20,0,1,0,0,44,19,25,39,5,12,clue:1;collision_intent:19;pi_entry:5;state:19,258,44,completed
26,dcta_parity_v1,custom,2d78c6afcbcd65a18a1929ad87f91a1fc887754325485ab63fe3780cf2dd2c89,594c6ef4147d245b2d14387e5b1e6356d0a15a78178ccc9d5b7e58fddad8d2de,PI,bernoulli,drop_0.25,19,361,8,50.0,45.125,pi_g19_d50_bernoulli_drop_0_25,reruns\grid_density\scenarios\clips\scaling_grid19_trials50.csv,clue_search,01,19,3,20,0,0,0,0,42,19,23,39,3,10,clue:1;collision_intent:19;pi_entry:3;state:19,275,30,completed
26,dcta_parity_v1,custom,2d78c6afcbcd65a18a1929ad87f91a1fc887754325485ab63fe3780cf2dd2c89,594c6ef4147d245b2d14387e5b1e6356d0a15a78178ccc9d5b7e58fddad8d2de,PI,bernoulli,drop_0.25,19,361,8,50.0,45.125,pi_g19_d50_bernoulli_drop_0_25,reruns\grid_density\scenarios\clips\scaling_grid19_trials50.csv,clue_search,02,19,3,19,1,0,0,0,43,20,23,40,3,11,clue:1;collision_intent:19;pi_entry:3;state:19;target:1,268,36,completed
26,dcta_parity_v1,custom,2d78c6afcbcd65a18a1929ad87f91a1fc887754325485ab63fe3780cf2dd2c89,594c6ef4147d245b2d14387e5b1e6356d0a15a78178ccc9d5b7e58fddad8d2de,PI,bernoulli,drop_0.25,19,361,8,50.0,45.125,pi_g19_d50_bernoulli_drop_0_25,reruns\grid_density\scenarios\clips\scaling_grid19_trials50.csv,clue_search,03,17,2,18,0,0,3,1,44,21,23,39,5,14,clue:1;collision_intent:21;pi_clear_path:1;pi_entry:4;state:17,263,38,completed
26,dcta_parity_v1,custom,2d78c6afcbcd65a18a1929ad87f91a1fc887754325485ab63fe3780cf2dd2c89,594c6ef4147d245b2d14387e5b1e6356d0a15a78178ccc9d5b7e58fddad8d2de,PI,bernoulli,drop_0.25,19,361,8,50.0,45.125,pi_g19_d50_bernoulli_drop_0_25,reruns\grid_density\scenarios\clips\scaling_grid19_trials50.csv,clue_search,04,19,4,20,0,0,0,0,44,19,25,39,5,13,clue:1;collision_intent:19;pi_entry:5;state:19,260,42,completed
26,dcta_parity_v1,custom,2d78c6afcbcd65a18a1929ad87f91a1fc887754325485ab63fe3780cf2dd2c89,594c6ef4147d245b2d14387e5b1e6356d0a15a78178ccc9d5b7e58fddad8d2de,PI,bernoulli,drop_0.25,19,361,8,50.0,45.125,pi_g19_d50_bernoulli_drop_0_25,reruns\grid_density\scenarios\clips\scaling_grid19_trials50.csv,clue_search,05,19,3,19,1,1,0,0,44,19,25,39,5,12,clue:1;collision_intent:19;pi_entry:5;state:19,259,43,completed
26,dcta_parity_v1,custom,2d78c6afcbcd65a18a1929ad87f91a1fc887754325485ab63fe3780cf2dd2c89,594c6ef4147d245b2d14387e5b1e6356d0a15a78178ccc9d5b7e58fddad8d2de,PI,bernoulli,drop_0.25,19,361,8,50.0,45.125,pi_g19_d50_bernoulli_drop_0_25,reruns\grid_density\scenarios\clips\scaling_grid19_trials50.csv,clue_search,06,19,3,20,0,0,0,0,44,19,25,39,5,12,clue:1;collision_intent:19;pi_entry:5;state:19,254,48,completed
26,dcta_parity_v1,custom,2d78c6afcbcd65a18a1929ad87f91a1fc887754325485ab63fe3780cf2dd2c89,594c6ef4147d245b2d14387e5b1e6356d0a15a78178ccc9d5b7e58fddad8d2de,PI,bernoulli,drop_0.25,19,361,8,50.0,45.125,pi_g19_d50_bernoulli_drop_0_25,reruns\grid_density\scenarios\clips\scaling_grid19_trials50.csv,clue_search,07,18,3,19,0,0,0,0,42,18,24,37,5,12,clue:1;collision_intent:18;pi_entry:5;state:18,259,45,completed
27,dcta_parity_v1,custom,2d78c6afcbcd65a18a1929ad87f91a1fc887754325485ab63fe3780cf2dd2c89,594c6ef4147d245b2d14387e5b1e6356d0a15a78178ccc9d5b7e58fddad8d2de,PI,bernoulli,drop_0.25,19,361,8,50.0,45.125,pi_g19_d50_bernoulli_drop_0_25,reruns\grid_density\scenarios\clips\scaling_grid19_trials50.csv,clue_search,00,11,9,9,3,0,0,0,37,11,26,23,14,33,clue:1;collision_intent:11;pi_entry:14;state:11,211,35,completed
27,dcta_parity_v1,custom,2d78c6afcbcd65a18a1929ad87f91a1fc887754325485ab63fe3780cf2dd2c89,594c6ef4147d245b2d14387e5b1e6356d0a15a78178ccc9d5b7e58fddad8d2de,PI,bernoulli,drop_0.25,19,361,8,50.0,45.125,pi_g19_d50_bernoulli_drop_0_25,reruns\grid_density\scenarios\clips\scaling_grid19_trials50.csv,clue_search,01,12,11,8,5,0,0,0,34,13,21,26,8,31,clue:1;collision_intent:12;pi_entry:8;state:12;target:1,209,41,completed
27,dcta_parity_v1,custom,2d78c6afcbcd65a18a1929ad87f91a1fc887754325485ab63fe3780cf2dd2c89,594c6ef4147d245b2d14387e5b1e6356d0a15a78178ccc9d5b7e58fddad8d2de,PI,bernoulli,drop_0.25,19,361,8,50.0,45.125,pi_g19_d50_bernoulli_drop_0_25,reruns\grid_density\scenarios\clips\scaling_grid19_trials50.csv,clue_search,02,11,10,9,3,0,0,0,34,11,23,23,11,32,clue:1;collision_intent:11;pi_entry:11;state:11,200,50,completed
27,dcta_parity_v1,custom,2d78c6afcbcd65a18a1929ad87f91a1fc887754325485ab63fe3780cf2dd2c89,594c6ef4147d245b2d14387e5b1e6356d0a15a78178ccc9d5b7e58fddad8d2de,PI,bernoulli,drop_0.25,19,361,8,50.0,45.125,pi_g19_d50_bernoulli_drop_0_25,reruns\grid_density\scenarios\clips\scaling_grid19_trials50.csv,clue_search,03,11,10,10,2,0,0,0,31,11,20,23,8,29,clue:1;collision_intent:11;pi_entry:8;state:11,209,43,completed
27,dcta_parity_v1,custom,2d78c6afcbcd65a18a1929ad87f91a1fc887754325485ab63fe3780cf2dd2c89,594c6ef4147d245b2d14387e5b1e6356d0a15a78178ccc9d5b7e58fddad8d2de,PI,bernoulli,drop_0.25,19,361,8,50.0,45.125,pi_g19_d50_bernoulli_drop_0_25,reruns\grid_density\scenarios\clips\scaling_grid19_trials50.csv,clue_search,04,11,10,9,3,0,0,0,35,11,24,23,12,32,clue:1;collision_intent:11;pi_entry:12;state:11,211,36,completed
27,dcta_parity_v1,custom,2d78c6afcbcd65a18a1929ad87f91a1fc887754325485ab63fe3780cf2dd2c89,594c6ef4147d245b2d14387e5b1e6356d0a15a78178ccc9d5b7e58fddad8d2de,PI,bernoulli,drop_0.25,19,361,8,50.0,45.125,pi_g19_d50_bernoulli_drop_0_25,reruns\grid_density\scenarios\clips\scaling_grid19_trials50.csv,clue_search,05,12,10,10,3,0,0,0,42,12,30,25,17,38,clue:1;collision_intent:12;pi_entry:17;state:12,205,36,completed
27,dcta_parity_v1,custom,2d78c6afcbcd65a18a1929ad87f91a1fc887754325485ab63fe3780cf2dd2c89,594c6ef4147d245b2d14387e5b1e6356d0a15a78178ccc9d5b7e58fddad8d2de,PI,bernoulli,drop_0.25,19,361,8,50.0,45.125,pi_g19_d50_bernoulli_drop_0_25,reruns\grid_density\scenarios\clips\scaling_grid19_trials50.csv,clue_search,06,11,9,10,2,0,0,0,35,11,24,23,12,31,clue:1;collision_intent:11;pi_entry:12;state:11,215,33,completed
27,dcta_parity_v1,custom,2d78c6afcbcd65a18a1929ad87f91a1fc887754325485ab63fe3780cf2dd2c89,594c6ef4147d245b2d14387e5b1e6356d0a15a78178ccc9d5b7e58fddad8d2de,PI,bernoulli,drop_0.25,19,361,8,50.0,45.125,pi_g19_d50_bernoulli_drop_0_25,reruns\grid_density\scenarios\clips\scaling_grid19_trials50.csv,clue_search,07,11,10,4,8,0,0,0,36,11,25,23,13,34,clue:1;collision_intent:11;pi_entry:13;state:11,205,42,completed
28,dcta_parity_v1,custom,2d78c6afcbcd65a18a1929ad87f91a1fc887754325485ab63fe3780cf2dd2c89,594c6ef4147d245b2d14387e5b1e6356d0a15a78178ccc9d5b7e58fddad8d2de,PI,bernoulli,drop_0.25,19,361,8,50.0,45.125,pi_g19_d50_bernoulli_drop_0_25,reruns\grid_density\scenarios\clips\scaling_grid19_trials50.csv,clue_search,00,35,25,25,11,0,1,1,105,36,69,74,31,85,clue:3;collision_intent:36;pi_entry:31;state:35,593,103,completed
28,dcta_parity_v1,custom,2d78c6afcbcd65a18a1929ad87f91a1fc887754325485ab63fe3780cf2dd2c89,594c6ef4147d245b2d14387e5b1e6356d0a15a78178ccc9d5b7e58fddad8d2de,PI,bernoulli,drop_0.25,19,361,8,50.0,45.125,pi_g19_d50_bernoulli_drop_0_25,reruns\grid_density\scenarios\clips\scaling_grid19_trials50.csv,clue_search,01,33,23,21,13,0,6,4,96,40,56,76,20,76,clue:3;collision_intent:40;pi_entry:20;state:33,591,114,completed
28,dcta_parity_v1,custom,2d78c6afcbcd65a18a1929ad87f91a1fc887754325485ab63fe3780cf2dd2c89,594c6ef4147d245b2d14387e5b1e6356d0a15a78178ccc9d5b7e58fddad8d2de,PI,bernoulli,drop_0.25,19,361,8,50.0,45.125,pi_g19_d50_bernoulli_drop_0_25,reruns\grid_density\scenarios\clips\scaling_grid19_trials50.csv,clue_search,02,35,25,23,13,0,3,2,99,38,61,76,23,79,clue:3;collision_intent:38;pi_entry:23;state:35,595,108,completed
28,dcta_parity_v1,custom,2d78c6afcbcd65a18a1929ad87f91a1fc887754325485ab63fe3780cf2dd2c89,594c6ef4147d245b2d14387e5b1e6356d0a15a78178ccc9d5b7e58fddad8d2de,PI,bernoulli,drop_0.25,19,361,8,50.0,45.125,pi_g19_d50_bernoulli_drop_0_25,reruns\grid_density\scenarios\clips\scaling_grid19_trials50.csv,clue_search,03,34,24,27,8,0,0,0,106,35,71,72,34,86,clue:3;collision_intent:35;pi_entry:34;state:34,596,100,completed
28,dcta_parity_v1,custom,2d78c6afcbcd65a18a1929ad87f91a1fc887754325485ab63fe3780cf2dd2c89,594c6ef4147d245b2d14387e5b1e6356d0a15a78178ccc9d5b7e58fddad8d2de,PI,bernoulli,drop_0.25,19,361,8,50.0,45.125,pi_g19_d50_bernoulli_drop_0_25,reruns\grid_density\scenarios\clips\scaling_grid19_trials50.csv,clue_search,04,33,23,18,16,0,5,2,99,38,61,74,25,79,clue:3;collision_intent:38;pi_entry:25;state:33,573,129,completed
28,dcta_parity_v1,custom,2d78c6afcbcd65a18a1929ad87f91a1fc887754325485ab63fe3780cf2dd2c89,594c6ef4147d245b2d14387e5b1e6356d0a15a78178ccc9d5b7e58fddad8d2de,PI,bernoulli,drop_0.25,19,361,8,50.0,45.125,pi_g19_d50_bernoulli_drop_0_25,reruns\grid_density\scenarios\clips\scaling_grid19_trials50.csv,clue_search,05,36,26,21,16,0,1,1,96,37,59,76,20,76,clue:3;collision_intent:37;pi_entry:20;state:36,587,118,completed
28,dcta_parity_v1,custom,2d78c6afcbcd65a18a1929ad87f91a1fc887754325485ab63fe3780cf2dd2c89,594c6ef4147d245b2d14387e5b1e6356d0a15a78178ccc9d5b7e58fddad8d2de,PI,bernoulli,drop_0.25,19,361,8,50.0,45.125,pi_g19_d50_bernoulli_drop_0_25,reruns\grid_density\scenarios\clips\scaling_grid19_trials50.csv,clue_search,06,36,26,25,12,1,0,0,104,37,67,76,28,84,clue:3;collision_intent:37;pi_entry:28;state:36,566,131,completed
28,dcta_parity_v1,custom,2d78c6afcbcd65a18a1929ad87f91a1fc887754325485ab63fe3780cf2dd2c89,594c6ef4147d245b2d14387e5b1e6356d0a15a78178ccc9d5b7e58fddad8d2de,PI,bernoulli,drop_0.25,19,361,8,50.0,45.125,pi_g19_d50_bernoulli_drop_0_25,reruns\grid_density\scenarios\clips\scaling_grid19_trials50.csv,clue_search,07,35,26,18,18,1,2,2,97,38,59,76,21,79,clue:3;collision_intent:37;pi_entry:21;state:35;target:1,593,112,completed
29,dcta_parity_v1,custom,2d78c6afcbcd65a18a1929ad87f91a1fc887754325485ab63fe3780cf2dd2c89,594c6ef4147d245b2d14387e5b1e6356d0a15a78178ccc9d5b7e58fddad8d2de,PI,bernoulli,drop_0.25,19,361,8,50.0,45.125,pi_g19_d50_bernoulli_drop_0_25,reruns\grid_density\scenarios\clips\scaling_grid19_trials50.csv,clue_search,00,58,46,27,32,0,1,1,169,60,109,120,49,145,clue:2;collision_intent:60;pi_entry:49;state:58,994,196,completed
29,dcta_parity_v1,custom,2d78c6afcbcd65a18a1929ad87f91a1fc887754325485ab63fe3780cf2dd2c89,594c6ef4147d245b2d14387e5b1e6356d0a15a78178ccc9d5b7e58fddad8d2de,PI,bernoulli,drop_0.25,19,361,8,50.0,45.125,pi_g19_d50_bernoulli_drop_0_25,reruns\grid_density\scenarios\clips\scaling_grid19_trials50.csv,clue_search,01,61,49,47,15,0,0,0,175,62,113,125,50,151,clue:2;collision_intent:61;pi_entry:50;state:61;target:1,1007,177,completed
29,dcta_parity_v1,custom,2d78c6afcbcd65a18a1929ad87f91a1fc887754325485ab63fe3780cf2dd2c89,594c6ef4147d245b2d14387e5b1e6356d0a15a78178ccc9d5b7e58fddad8d2de,PI,bernoulli,drop_0.25,19,361,8,50.0,45.125,pi_g19_d50_bernoulli_drop_0_25,reruns\grid_density\scenarios\clips\scaling_grid19_trials50.csv,clue_search,02,59,47,46,14,0,0,0,172,59,113,120,52,148,clue:2;collision_intent:59;pi_entry:52;state:59,994,192,completed
29,dcta_parity_v1,custom,2d78c6afcbcd65a18a1929ad87f91a1fc887754325485ab63fe3780cf2dd2c89,594c6ef4147d245b2d14387e5b1e6356d0a15a78178ccc9d5b7e58fddad8d2de,PI,bernoulli,drop_0.25,19,361,8,50.0,45.125,pi_g19_d50_bernoulli_drop_0_25,reruns\grid_density\scenarios\clips\scaling_grid19_trials50.csv,clue_search,03,57,46,25,33,1,5,3,163,63,100,122,41,140,clue:2;collision_intent:63;pi_entry:41;state:57,992,203,completed
29,dcta_parity_v1,custom,2d78c6afcbcd65a18a1929ad87f91a1fc887754325485ab63fe3780cf2dd2c89,594c6ef4147d245b2d14387e5b1e6356d0a15a78178ccc9d5b7e58fddad8d2de,PI,bernoulli,drop_0.25,19,361,8,50.0,45.125,pi_g19_d50_bernoulli_drop_0_25,reruns\grid_density\scenarios\clips\scaling_grid19_trials50.csv,clue_search,04,58,46,39,20,0,2,2,176,60,116,120,56,152,clue:2;collision_intent:60;pi_entry:56;state:58,994,189,completed
29,dcta_parity_v1,custom,2d78c6afcbcd65a18a1929ad87f91a1fc887754325485ab63fe3780cf2dd2c89,594c6ef4147d245b2d14387e5b1e6356d0a15a78178ccc9d5b7e58fddad8d2de,PI,bernoulli,drop_0.25,19,361,8,50.0,45.125,pi_g19_d50_bernoulli_drop_0_25,reruns\grid_density\scenarios\clips\scaling_grid19_trials50.csv,clue_search,05,57,45,28,30,0,6,3,164,63,101,122,42,140,clue:2;collision_intent:63;pi_entry:42;state:57,987,206,completed
29,dcta_parity_v1,custom,2d78c6afcbcd65a18a1929ad87f91a1fc887754325485ab63fe3780cf2dd2c89,594c6ef4147d245b2d14387e5b1e6356d0a15a78178ccc9d5b7e58fddad8d2de,PI,bernoulli,drop_0.25,19,361,8,50.0,45.125,pi_g19_d50_bernoulli_drop_0_25,reruns\grid_density\scenarios\clips\scaling_grid19_trials50.csv,clue_search,06,58,46,23,36,0,7,7,161,65,96,125,36,137,clue:2;collision_intent:65;pi_entry:36;state:58,1004,193,completed
29,dcta_parity_v1,custom,2d78c6afcbcd65a18a1929ad87f91a1fc887754325485ab63fe3780cf2dd2c89,594c6ef4147d245b2d14387e5b1e6356d0a15a78178ccc9d5b7e58fddad8d2de,PI,bernoulli,drop_0.25,19,361,8,50.0,45.125,pi_g19_d50_bernoulli_drop_0_25,reruns\grid_density\scenarios\clips\scaling_grid19_trials50.csv,clue_search,07,61,49,42,20,0,0,0,179,61,118,124,55,155,clue:2;collision_intent:61;pi_entry:55;state:61,994,184,completed
30,dcta_parity_v1,custom,2d78c6afcbcd65a18a1929ad87f91a1fc887754325485ab63fe3780cf2dd2c89,594c6ef4147d245b2d14387e5b1e6356d0a15a78178ccc9d5b7e58fddad8d2de,PI,bernoulli,drop_0.25,19,361,8,50.0,45.125,pi_g19_d50_bernoulli_drop_0_25,reruns\grid_density\scenarios\clips\scaling_grid19_trials50.csv,clue_search,00,45,29,25,21,0,0,0,119,45,74,93,26,87,clue:3;collision_intent:45;pi_entry:26;state:45,698,136,completed
30,dcta_parity_v1,custom,2d78c6afcbcd65a18a1929ad87f91a1fc887754325485ab63fe3780cf2dd2c89,594c6ef4147d245b2d14387e5b1e6356d0a15a78178ccc9d5b7e58fddad8d2de,PI,bernoulli,drop_0.25,19,361,8,50.0,45.125,pi_g19_d50_bernoulli_drop_0_25,reruns\grid_density\scenarios\clips\scaling_grid19_trials50.csv,clue_search,01,41,25,24,18,0,11,4,125,54,71,98,27,93,clue:3;collision_intent:54;pi_entry:27;state:41,685,142,completed
30,dcta_parity_v1,custom,2d78c6afcbcd65a18a1929ad87f91a1fc887754325485ab63fe3780cf2dd2c89,594c6ef4147d245b2d14387e5b1e6356d0a15a78178ccc9d5b7e58fddad8d2de,PI,bernoulli,drop_0.25,19,361,8,50.0,45.125,pi_g19_d50_bernoulli_drop_0_25,reruns\grid_density\scenarios\clips\scaling_grid19_trials50.csv,clue_search,02,41,26,27,15,0,7,4,113,48,65,92,21,83,clue:3;collision_intent:48;pi_entry:21;state:41,709,131,completed
30,dcta_parity_v1,custom,2d78c6afcbcd65a18a1929ad87f91a1fc887754325485ab63fe3780cf2dd2c89,594c6ef4147d245b2d14387e5b1e6356d0a15a78178ccc9d5b7e58fddad8d2de,PI,bernoulli,drop_0.25,19,361,8,50.0,45.125,pi_g19_d50_bernoulli_drop_0_25,reruns\grid_density\scenarios\clips\scaling_grid19_trials50.csv,clue_search,03,42,27,32,11,0,2,1,118,46,72,91,27,88,clue:3;collision_intent:45;pi_entry:27;state:42;target:1,706,129,completed
30,dcta_parity_v1,custom,2d78c6afcbcd65a18a1929ad87f91a1fc887754325485ab63fe3780cf2dd2c89,594c6ef4147d245b2d14387e5b1e6356d0a15a78178ccc9d5b7e58fddad8d2de,PI,bernoulli,drop_0.25,19,361,8,50.0,45.125,pi_g19_d50_bernoulli_drop_0_25,reruns\grid_density\scenarios\clips\scaling_grid19_trials50.csv,clue_search,04,41,26,23,19,0,5,1,120,47,73,91,29,90,clue:3;collision_intent:47;pi_entry:29;state:41,707,124,completed
30,dcta_parity_v1,custom,2d78c6afcbcd65a18a1929ad87f91a1fc887754325485ab63fe3780cf2dd2c89,594c6ef4147d245b2d14387e5b1e6356d0a15a78178ccc9d5b7e58fddad8d2de,PI,bernoulli,drop_0.25,19,361,8,50.0,45.125,pi_g19_d50_bernoulli_drop_0_25,reruns\grid_density\scenarios\clips\scaling_grid19_trials50.csv,clue_search,05,44,28,25,20,0,0,0,115,44,71,91,24,83,clue:3;collision_intent:44;pi_entry:24;state:44,698,139,completed
30,dcta_parity_v1,custom,2d78c6afcbcd65a18a1929ad87f91a1fc887754325485ab63fe3780cf2dd2c89,594c6ef4147d245b2d14387e5b1e6356d0a15a78178ccc9d5b7e58fddad8d2de,PI,bernoulli,drop_0.25,19,361,8,50.0,45.125,pi_g19_d50_bernoulli_drop_0_25,reruns\grid_density\scenarios\clips\scaling_grid19_trials50.csv,clue_search,06,44,28,30,15,1,0,0,116,44,72,91,25,84,clue:3;collision_intent:44;pi_entry:25;state:44,710,127,completed
30,dcta_parity_v1,custom,2d78c6afcbcd65a18a1929ad87f91a1fc887754325485ab63fe3780cf2dd2c89,594c6ef4147d245b2d14387e5b1e6356d0a15a78178ccc9d5b7e58fddad8d2de,PI,bernoulli,drop_0.25,19,361,8,50.0,45.125,pi_g19_d50_bernoulli_drop_0_25,reruns\grid_density\scenarios\clips\scaling_grid19_trials50.csv,clue_search,07,43,28,35,9,0,0,0,127,43,84,89,38,97,clue:3;collision_intent:43;pi_entry:38;state:43,717,108,completed
31,dcta_parity_v1,custom,2d78c6afcbcd65a18a1929ad87f91a1fc887754325485ab63fe3780cf2dd2c89,594c6ef4147d245b2d14387e5b1e6356d0a15a78178ccc9d5b7e58fddad8d2de,PI,bernoulli,drop_0.25,19,361,8,50.0,45.125,pi_g19_d50_bernoulli_drop_0_25,reruns\grid_density\scenarios\clips\scaling_grid19_trials50.csv,clue_search,00,40,16,33,8,0,0,0,101,41,60,84,17,53,clue:3;collision_intent:41;pi_entry:17;state:40,596,109,completed
31,dcta_parity_v1,custom,2d78c6afcbcd65a18a1929ad87f91a1fc887754325485ab63fe3780cf2dd2c89,594c6ef4147d245b2d14387e5b1e6356d0a15a78178ccc9d5b7e58fddad8d2de,PI,bernoulli,drop_0.25,19,361,8,50.0,45.125,pi_g19_d50_bernoulli_drop_0_25,reruns\grid_density\scenarios\clips\scaling_grid19_trials50.csv,clue_search,01,41,17,29,13,0,0,0,101,41,60,85,16,53,clue:3;collision_intent:41;pi_entry:16;state:41,601,105,completed
31,dcta_parity_v1,custom,2d78c6afcbcd65a18a1929ad87f91a1fc887754325485ab63fe3780cf2dd2c89,594c6ef4147d245b2d14387e5b1e6356d0a15a78178ccc9d5b7e58fddad8d2de,PI,bernoulli,drop_0.25,19,361,8,50.0,45.125,pi_g19_d50_bernoulli_drop_0_25,reruns\grid_density\scenarios\clips\scaling_grid19_trials50.csv,clue_search,02,39,16,27,13,0,2,2,93,41,52,83,10,47,clue:3;collision_intent:41;pi_entry:10;state:39,613,101,completed
31,dcta_parity_v1,custom,2d78c6afcbcd65a18a1929ad87f91a1fc887754325485ab63fe3780cf2dd2c89,594c6ef4147d245b2d14387e5b1e6356d0a15a78178ccc9d5b7e58fddad8d2de,PI,bernoulli,drop_0.25,19,361,8,50.0,45.125,pi_g19_d50_bernoulli_drop_0_25,reruns\grid_density\scenarios\clips\scaling_grid19_trials50.csv,clue_search,03,40,17,31,10,0,0,0,100,40,60,83,17,54,clue:3;collision_intent:40;pi_entry:17;state:40,602,104,completed
31,dcta_parity_v1,custom,2d78c6afcbcd65a18a1929ad87f91a1fc887754325485ab63fe3780cf2dd2c89,594c6ef4147d245b2d14387e5b1e6356d0a15a78178ccc9d5b7e58fddad8d2de,PI,bernoulli,drop_0.25,19,361,8,50.0,45.125,pi_g19_d50_bernoulli_drop_0_25,reruns\grid_density\scenarios\clips\scaling_grid19_trials50.csv,clue_search,04,39,15,28,12,0,6,6,98,45,53,87,11,50,clue:3;collision_intent:45;pi_entry:11;state:39,606,102,completed
31,dcta_parity_v1,custom,2d78c6afcbcd65a18a1929ad87f91a1fc887754325485ab63fe3780cf2dd2c89,594c6ef4147d245b2d14387e5b1e6356d0a15a78178ccc9d5b7e58fddad8d2de,PI,bernoulli,drop_0.25,19,361,8,50.0,45.125,pi_g19_d50_bernoulli_drop_0_25,reruns\grid_density\scenarios\clips\scaling_grid19_trials50.csv,clue_search,05,41,18,28,14,0,0,0,105,41,64,85,20,59,clue:3;collision_intent:41;pi_entry:20;state:41,600,102,completed
31,dcta_parity_v1,custom,2d78c6afcbcd65a18a1929ad87f91a1fc887754325485ab63fe3780cf2dd2c89,594c6ef4147d245b2d14387e5b1e6356d0a15a78178ccc9d5b7e58fddad8d2de,PI,bernoulli,drop_0.25,19,361,8,50.0,45.125,pi_g19_d50_bernoulli_drop_0_25,reruns\grid_density\scenarios\clips\scaling_grid19_trials50.csv,clue_search,06,42,18,39,4,0,0,0,113,43,70,88,25,65,clue:3;collision_intent:42;pi_entry:25;state:42;target:1,596,98,completed
31,dcta_parity_v1,custom,2d78c6afcbcd65a18a1929ad87f91a1fc887754325485ab63fe3780cf2dd2c89,594c6ef4147d245b2d14387e5b1e6356d0a15a78178ccc9d5b7e58fddad8d2de,PI,bernoulli,drop_0.25,19,361,8,50.0,45.125,pi_g19_d50_bernoulli_drop_0_25,reruns\grid_density\scenarios\clips\scaling_grid19_trials50.csv,clue_search,07,38,15,24,15,0,5,3,96,44,52,85,11,50,clue:3;collision_intent:44;pi_entry:11;state:38,604,107,completed
32,dcta_parity_v1,custom,2d78c6afcbcd65a18a1929ad87f91a1fc887754325485ab63fe3780cf2dd2c89,594c6ef4147d245b2d14387e5b1e6356d0a15a78178ccc9d5b7e58fddad8d2de,PI,bernoulli,drop_0.25,19,361,8,50.0,45.125,pi_g19_d50_bernoulli_drop_0_25,reruns\grid_density\scenarios\clips\scaling_grid19_trials50.csv,clue_search,00,11,5,12,0,0,0,0,33,12,21,25,8,21,clue:2;collision_intent:11;pi_entry:8;state:11;target:1,173,27,completed
32,dcta_parity_v1,custom,2d78c6afcbcd65a18a1929ad87f91a1fc887754325485ab63fe3780cf2dd2c89,594c6ef4147d245b2d14387e5b1e6356d0a15a78178ccc9d5b7e58fddad8d2de,PI,bernoulli,drop_0.25,19,361,8,50.0,45.125,pi_g19_d50_bernoulli_drop_0_25,reruns\grid_density\scenarios\clips\scaling_grid19_trials50.csv,clue_search,01,11,4,12,0,0,0,0,27,11,16,24,3,13,clue:2;collision_intent:11;pi_entry:3;state:11,174,32,completed
32,dcta_parity_v1,custom,2d78c6afcbcd65a18a1929ad87f91a1fc887754325485ab63fe3780cf2dd2c89,594c6ef4147d245b2d14387e5b1e6356d0a15a78178ccc9d5b7e58fddad8d2de,PI,bernoulli,drop_0.25,19,361,8,50.0,45.125,pi_g19_d50_bernoulli_drop_0_25,reruns\grid_density\scenarios\clips\scaling_grid19_trials50.csv,clue_search,02,10,4,10,1,1,0,0,28,11,17,23,5,16,clue:2;collision_intent:11;pi_entry:5;state:10,177,27,completed
32,dcta_parity_v1,custom,2d78c6afcbcd65a18a1929ad87f91a1fc887754325485ab63fe3780cf2dd2c89,594c6ef4147d245b2d14387e5b1e6356d0a15a78178ccc9d5b7e58fddad8d2de,PI,bernoulli,drop_0.25,19,361,8,50.0,45.125,pi_g19_d50_bernoulli_drop_0_25,reruns\grid_density\scenarios\clips\scaling_grid19_trials50.csv,clue_search,03,11,5,12,0,0,0,0,27,11,16,24,3,15,clue:2;collision_intent:11;pi_entry:3;state:11,178,28,completed
32,dcta_parity_v1,custom,2d78c6afcbcd65a18a1929ad87f91a1fc887754325485ab63fe3780cf2dd2c89,594c6ef4147d245b2d14387e5b1e6356d0a15a78178ccc9d5b7e58fddad8d2de,PI,bernoulli,drop_0.25,19,361,8,50.0,45.125,pi_g19_d50_bernoulli_drop_0_25,reruns\grid_density\scenarios\clips\scaling_grid19_trials50.csv,clue_search,04,10,4,11,0,0,0,0,29,11,18,23,6,17,clue:2;collision_intent:11;pi_entry:6;state:10,167,36,completed
32,dcta_parity_v1,custom,2d78c6afcbcd65a18a1929ad87f91a1fc887754325485ab63fe3780cf2dd2c89,594c6ef4147d245b2d14387e5b1e6356d0a15a78178ccc9d5b7e58fddad8d2de,PI,bernoulli,drop_0.25,19,361,8,50.0,45.125,pi_g19_d50_bernoulli_drop_0_25,reruns\grid_density\scenarios\clips\scaling_grid19_trials50.csv,clue_search,05,10,3,11,0,0,2,2,28,13,15,25,3,14,clue:2;collision_intent:13;pi_entry:3;state:10,173,32,completed
32,dcta_parity_v1,custom,2d78c6afcbcd65a18a1929ad87f91a1fc887754325485ab63fe3780cf2dd2c89,594c6ef4147d245b2d14387e5b1e6356d0a15a78178ccc9d5b7e58fddad8d2de,PI,bernoulli,drop_0.25,19,361,8,50.0,45.125,pi_g19_d50_bernoulli_drop_0_25,reruns\grid_density\scenarios\clips\scaling_grid19_trials50.csv,clue_search,06,11,4,10,2,0,0,0,31,11,20,24,7,17,clue:2;collision_intent:11;pi_entry:7;state:11,167,35,completed
32,dcta_parity_v1,custom,2d78c6afcbcd65a18a1929ad87f91a1fc887754325485ab63fe3780cf2dd2c89,594c6ef4147d245b2d14387e5b1e6356d0a15a78178ccc9d5b7e58fddad8d2de,PI,bernoulli,drop_0.25,19,361,8,50.0,45.125,pi_g19_d50_bernoulli_drop_0_25,reruns\grid_density\scenarios\clips\scaling_grid19_trials50.csv,clue_search,07,11,5,10,2,0,0,0,30,11,19,24,6,18,clue:2;collision_intent:11;pi_entry:6;state:11,178,25,completed
33,dcta_parity_v1,custom,2d78c6afcbcd65a18a1929ad87f91a1fc887754325485ab63fe3780cf2dd2c89,594c6ef4147d245b2d14387e5b1e6356d0a15a78178ccc9d5b7e58fddad8d2de,PI,bernoulli,drop_0.25,19,361,8,50.0,45.125,pi_g19_d50_bernoulli_drop_0_25,reruns\grid_density\scenarios\clips\scaling_grid19_trials50.csv,clue_search,00,108,104,54,55,0,14,9,327,123,204,234,93,319,clue:3;collision_intent:123;pi_entry:93;state:108,1915,382,completed
33,dcta_parity_v1,custom,2d78c6afcbcd65a18a1929ad87f91a1fc887754325485ab63fe3780cf2dd2c89,594c6ef4147d245b2d14387e5b1e6356d0a15a78178ccc9d5b7e58fddad8d2de,PI,bernoulli,drop_0.25,19,361,8,50.0,45.125,pi_g19_d50_bernoulli_drop_0_25,reruns\grid_density\scenarios\clips\scaling_grid19_trials50.csv,clue_search,01,110,106,21,90,0,14,6,328,126,202,239,89,320,clue:3;collision_intent:126;pi_clear_path:1;pi_entry:88;state:110,1926,372,completed
33,dcta_parity_v1,custom,2d78c6afcbcd65a18a1929ad87f91a1fc887754325485ab63fe3780cf2dd2c89,594c6ef4147d245b2d14387e5b1e6356d0a15a78178ccc9d5b7e58fddad8d2de,PI,bernoulli,drop_0.25,19,361,8,50.0,45.125,pi_g19_d50_bernoulli_drop_0_25,reruns\grid_density\scenarios\clips\scaling_grid19_trials50.csv,clue_search,02,112,109,54,59,2,13,7,342,126,216,241,101,336,clue:3;collision_intent:125;pi_entry:101;state:112;target:1,1927,357,completed
33,dcta_parity_v1,custom,2d78c6afcbcd65a18a1929ad87f91a1fc887754325485ab63fe3780cf2dd2c89,594c6ef4147d245b2d14387e5b1e6356d0a15a78178ccc9d5b7e58fddad8d2de,PI,bernoulli,drop_0.25,19,361,8,50.0,45.125,pi_g19_d50_bernoulli_drop_0_25,reruns\grid_density\scenarios\clips\scaling_grid19_trials50.csv,clue_search,03,111,108,52,60,1,18,13,332,130,202,244,88,326,clue:3;collision_intent:130;pi_entry:88;state:111,1931,362,completed
33,dcta_parity_v1,custom,2d78c6afcbcd65a18a1929ad87f91a1fc887754325485ab63fe3780cf2dd2c89,594c6ef4147d245b2d14387e5b1e6356d0a15a78178ccc9d5b7e58fddad8d2de,PI,bernoulli,drop_0.25,19,361,8,50.0,45.125,pi_g19_d50_bernoulli_drop_0_25,reruns\grid_density\scenarios\clips\scaling_grid19_trials50.csv,clue_search,04,113,110,56,58,0,5,5,329,119,210,235,94,323,clue:3;collision_intent:119;pi_entry:94;state:113,1937,359,completed
33,dcta_parity_v1,custom,2d78c6afcbcd65a18a1929ad87f91a1fc887754325485ab63fe3780cf2dd2c89,594c6ef4147d245b2d14387e5b1e6356d0a15a78178ccc9d5b7e58fddad8d2de,PI,bernoulli,drop_0.25,19,361,8,50.0,45.125,pi_g19_d50_bernoulli_drop_0_25,reruns\grid_density\scenarios\clips\scaling_grid19_trials50.csv,clue_search,05,115,111,28,88,0,6,4,316,122,194,240,76,308,clue:3;collision_intent:122;pi_entry:76;state:115,1923,386,completed
33,dcta_parity_v1,custom,2d78c6afcbcd65a18a1929ad87f91a1fc887754325485ab63fe3780cf2dd2c89,594c6ef4147d245b2d14387e5b1e6356d0a15a78178ccc9d5b7e58fddad8d2de,PI,bernoulli,drop_0.25,19,361,8,50.0,45.125,pi_g19_d50_bernoulli_drop_0_25,reruns\grid_density\scenarios\clips\scaling_grid19_trials50.csv,clue_search,06,113,109,40,74,0,7,3,333,120,213,236,97,325,clue:3;collision_intent:120;pi_entry:97;state:113,1943,349,completed
33,dcta_parity_v1,custom,2d78c6afcbcd65a18a1929ad87f91a1fc887754325485ab63fe3780cf2dd2c89,594c6ef4147d245b2d14387e5b1e6356d0a15a78178ccc9d5b7e58fddad8d2de,PI,bernoulli,drop_0.25,19,361,8,50.0,45.125,pi_g19_d50_bernoulli_drop_0_25,reruns\grid_density\scenarios\clips\scaling_grid19_trials50.csv,clue_search,07,114,111,48,67,0,6,6,319,120,199,237,82,313,clue:3;collision_intent:120;pi_entry:82;state:114,1950,357,completed
34,dcta_parity_v1,custom,2d78c6afcbcd65a18a1929ad87f91a1fc887754325485ab63fe3780cf2dd2c89,594c6ef4147d245b2d14387e5b1e6356d0a15a78178ccc9d5b7e58fddad8d2de,PI,bernoulli,drop_0.25,19,361,8,50.0,45.125,pi_g19_d50_bernoulli_drop_0_25,reruns\grid_density\scenarios\clips\scaling_grid19_trials50.csv,clue_search,00,10,0,11,0,0,0,0,20,10,10,20,0,0,collision_intent:10;state:10,127,14,completed
34,dcta_parity_v1,custom,2d78c6afcbcd65a18a1929ad87f91a1fc887754325485ab63fe3780cf2dd2c89,594c6ef4147d245b2d14387e5b1e6356d0a15a78178ccc9d5b7e58fddad8d2de,PI,bernoulli,drop_0.25,19,361,8,50.0,45.125,pi_g19_d50_bernoulli_drop_0_25,reruns\grid_density\scenarios\clips\scaling_grid19_trials50.csv,clue_search,01,10,0,11,0,0,0,0,20,10,10,20,0,0,collision_intent:10;state:10,129,14,completed
34,dcta_parity_v1,custom,2d78c6afcbcd65a18a1929ad87f91a1fc887754325485ab63fe3780cf2dd2c89,594c6ef4147d245b2d14387e5b1e6356d0a15a78178ccc9d5b7e58fddad8d2de,PI,bernoulli,drop_0.25,19,361,8,50.0,45.125,pi_g19_d50_bernoulli_drop_0_25,reruns\grid_density\scenarios\clips\scaling_grid19_trials50.csv,clue_search,02,10,0,11,0,0,0,0,20,10,10,20,0,0,collision_intent:10;state:10,123,20,completed
34,dcta_parity_v1,custom,2d78c6afcbcd65a18a1929ad87f91a1fc887754325485ab63fe3780cf2dd2c89,594c6ef4147d245b2d14387e5b1e6356d0a15a78178ccc9d5b7e58fddad8d2de,PI,bernoulli,drop_0.25,19,361,8,50.0,45.125,pi_g19_d50_bernoulli_drop_0_25,reruns\grid_density\scenarios\clips\scaling_grid19_trials50.csv,clue_search,03,10,0,11,0,0,0,0,20,10,10,20,0,0,collision_intent:10;state:10,126,16,completed
34,dcta_parity_v1,custom,2d78c6afcbcd65a18a1929ad87f91a1fc887754325485ab63fe3780cf2dd2c89,594c6ef4147d245b2d14387e5b1e6356d0a15a78178ccc9d5b7e58fddad8d2de,PI,bernoulli,drop_0.25,19,361,8,50.0,45.125,pi_g19_d50_bernoulli_drop_0_25,reruns\grid_density\scenarios\clips\scaling_grid19_trials50.csv,clue_search,04,10,0,11,0,0,0,0,20,10,10,20,0,0,collision_intent:10;state:10,122,20,completed
34,dcta_parity_v1,custom,2d78c6afcbcd65a18a1929ad87f91a1fc887754325485ab63fe3780cf2dd2c89,594c6ef4147d245b2d14387e5b1e6356d0a15a78178ccc9d5b7e58fddad8d2de,PI,bernoulli,drop_0.25,19,361,8,50.0,45.125,pi_g19_d50_bernoulli_drop_0_25,reruns\grid_density\scenarios\clips\scaling_grid19_trials50.csv,clue_search,05,11,0,12,0,0,0,0,23,12,11,23,0,0,collision_intent:11;state:11;target:1,126,14,completed
34,dcta_parity_v1,custom,2d78c6afcbcd65a18a1929ad87f91a1fc887754325485ab63fe3780cf2dd2c89,594c6ef4147d245b2d14387e5b1e6356d0a15a78178ccc9d5b7e58fddad8d2de,PI,bernoulli,drop_0.25,19,361,8,50.0,45.125,pi_g19_d50_bernoulli_drop_0_25,reruns\grid_density\scenarios\clips\scaling_grid19_trials50.csv,clue_search,06,10,0,11,0,0,0,0,20,10,10,20,0,0,collision_intent:10;state:10,127,15,completed
34,dcta_parity_v1,custom,2d78c6afcbcd65a18a1929ad87f91a1fc887754325485ab63fe3780cf2dd2c89,594c6ef4147d245b2d14387e5b1e6356d0a15a78178ccc9d5b7e58fddad8d2de,PI,bernoulli,drop_0.25,19,361,8,50.0,45.125,pi_g19_d50_bernoulli_drop_0_25,reruns\grid_density\scenarios\clips\scaling_grid19_trials50.csv,clue_search,07,10,0,11,0,0,0,0,20,10,10,20,0,0,collision_intent:10;state:10,125,17,completed
35,dcta_parity_v1,custom,2d78c6afcbcd65a18a1929ad87f91a1fc887754325485ab63fe3780cf2dd2c89,594c6ef4147d245b2d14387e5b1e6356d0a15a78178ccc9d5b7e58fddad8d2de,PI,bernoulli,drop_0.25,19,361,8,50.0,45.125,pi_g19_d50_bernoulli_drop_0_25,reruns\grid_density\scenarios\clips\scaling_grid19_trials50.csv,clue_search,00,38,35,17,22,0,3,3,107,41,66,80,27,101,clue:1;collision_intent:41;pi_entry:27;state:38,654,120,completed
35,dcta_parity_v1,custom,2d78c6afcbcd65a18a1929ad87f91a1fc887754325485ab63fe3780cf2dd2c89,594c6ef4147d245b2d14387e5b1e6356d0a15a78178ccc9d5b7e58fddad8d2de,PI,bernoulli,drop_0.25,19,361,8,50.0,45.125,pi_g19_d50_bernoulli_drop_0_25,reruns\grid_density\scenarios\clips\scaling_grid19_trials50.csv,clue_search,01,37,34,10,28,0,2,2,104,40,64,78,26,98,clue:1;collision_intent:40;pi_entry:26;state:37,665,112,completed
35,dcta_parity_v1,custom,2d78c6afcbcd65a18a1929ad87f91a1fc887754325485ab63fe3780cf2dd2c89,594c6ef4147d245b2d14387e5b1e6356d0a15a78178ccc9d5b7e58fddad8d2de,PI,bernoulli,drop_0.25,19,361,8,50.0,45.125,pi_g19_d50_bernoulli_drop_0_25,reruns\grid_density\scenarios\clips\scaling_grid19_trials50.csv,clue_search,02,37,35,17,21,1,5,5,104,42,62,80,24,100,clue:1;collision_intent:42;pi_clear_path:1;pi_entry:23;state:37,651,127,completed
35,dcta_parity_v1,custom,2d78c6afcbcd65a18a1929ad87f91a1fc887754325485ab63fe3780cf2dd2c89,594c6ef4147d245b2d14387e5b1e6356d0a15a78178ccc9d5b7e58fddad8d2de,PI,bernoulli,drop_0.25,19,361,8,50.0,45.125,pi_g19_d50_bernoulli_drop_0_25,reruns\grid_density\scenarios\clips\scaling_grid19_trials50.csv,clue_search,03,38,36,14,25,0,1,1,111,39,72,78,33,107,clue:1;collision_intent:39;pi_entry:33;state:38,646,124,completed
35,dcta_parity_v1,custom,2d78c6afcbcd65a18a1929ad87f91a1fc887754325485ab63fe3780cf2dd2c89,594c6ef4147d245b2d14387e5b1e6356d0a15a78178ccc9d5b7e58fddad8d2de,PI,bernoulli,drop_0.25,19,361,8,50.0,45.125,pi_g19_d50_bernoulli_drop_0_25,reruns\grid_density\scenarios\clips\scaling_grid19_trials50.csv,clue_search,04,37,35,25,13,0,6,3,118,43,75,81,37,114,clue:1;collision_intent:43;pi_entry:37;state:37,641,122,completed
35,dcta_parity_v1,custom,2d78c6afcbcd65a18a1929ad87f91a1fc887754325485ab63fe3780cf2dd2c89,594c6ef4147d245b2d14387e5b1e6356d0a15a78178ccc9d5b7e58fddad8d2de,PI,bernoulli,drop_0.25,19,361,8,50.0,45.125,pi_g19_d50_bernoulli_drop_0_25,reruns\grid_density\scenarios\clips\scaling_grid19_trials50.csv,clue_search,05,39,36,14,26,0,6,3,108,46,62,86,22,102,clue:1;collision_intent:45;pi_entry:22;state:39;target:1,656,118,completed
35,dcta_parity_v1,custom,2d78c6afcbcd65a18a1929ad87f91a1fc887754325485ab63fe3780cf2dd2c89,594c6ef4147d245b2d14387e5b1e6356d0a15a78178ccc9d5b7e58fddad8d2de,PI,bernoulli,drop_0.25,19,361,8,50.0,45.125,pi_g19_d50_bernoulli_drop_0_25,reruns\grid_density\scenarios\clips\scaling_grid19_trials50.csv,clue_search,06,39,36,25,15,0,1,1,120,40,80,80,40,114,clue:1;collision_intent:40;pi_entry:40;state:39,645,116,completed
35,dcta_parity_v1,custom,2d78c6afcbcd65a18a1929ad87f91a1fc887754325485ab63fe3780cf2dd2c89,594c6ef4147d245b2d14387e5b1e6356d0a15a78178ccc9d5b7e58fddad8d2de,PI,bernoulli,drop_0.25,19,361,8,50.0,45.125,pi_g19_d50_bernoulli_drop_0_25,reruns\grid_density\scenarios\clips\scaling_grid19_trials50.csv,clue_search,07,36,34,19,18,1,5,1,110,42,68,79,31,106,clue:1;collision_intent:42;pi_entry:31;state:36,665,106,completed
36,dcta_parity_v1,custom,2d78c6afcbcd65a18a1929ad87f91a1fc887754325485ab63fe3780cf2dd2c89,594c6ef4147d245b2d14387e5b1e6356d0a15a78178ccc9d5b7e58fddad8d2de,PI,bernoulli,drop_0.25,19,361,8,50.0,45.125,pi_g19_d50_bernoulli_drop_0_25,reruns\grid_density\scenarios\clips\scaling_grid19_trials50.csv,clue_search,00,11,0,12,0,0,0,0,22,11,11,22,0,0,collision_intent:11;state:11,134,13,completed
36,dcta_parity_v1,custom,2d78c6afcbcd65a18a1929ad87f91a1fc887754325485ab63fe3780cf2dd2c89,594c6ef4147d245b2d14387e5b1e6356d0a15a78178ccc9d5b7e58fddad8d2de,PI,bernoulli,drop_0.25,19,361,8,50.0,45.125,pi_g19_d50_bernoulli_drop_0_25,reruns\grid_density\scenarios\clips\scaling_grid19_trials50.csv,clue_search,01,11,0,12,0,0,0,0,22,11,11,22,0,0,collision_intent:11;state:11,134,15,completed
36,dcta_parity_v1,custom,2d78c6afcbcd65a18a1929ad87f91a1fc887754325485ab63fe3780cf2dd2c89,594c6ef4147d245b2d14387e5b1e6356d0a15a78178ccc9d5b7e58fddad8d2de,PI,bernoulli,drop_0.25,19,361,8,50.0,45.125,pi_g19_d50_bernoulli_drop_0_25,reruns\grid_density\scenarios\clips\scaling_grid19_trials50.csv,clue_search,02,10,0,11,0,0,0,0,20,10,10,20,0,0,collision_intent:10;state:10,133,18,completed
36,dcta_parity_v1,custom,2d78c6afcbcd65a18a1929ad87f91a1fc887754325485ab63fe3780cf2dd2c89,594c6ef4147d245b2d14387e5b1e6356d0a15a78178ccc9d5b7e58fddad8d2de,PI,bernoulli,drop_0.25,19,361,8,50.0,45.125,pi_g19_d50_bernoulli_drop_0_25,reruns\grid_density\scenarios\clips\scaling_grid19_trials50.csv,clue_search,03,10,0,11,0,0,0,0,20,10,10,20,0,0,collision_intent:10;state:10,131,19,completed
36,dcta_parity_v1,custom,2d78c6afcbcd65a18a1929ad87f91a1fc887754325485ab63fe3780cf2dd2c89,594c6ef4147d245b2d14387e5b1e6356d0a15a78178ccc9d5b7e58fddad8d2de,PI,bernoulli,drop_0.25,19,361,8,50.0,45.125,pi_g19_d50_bernoulli_drop_0_25,reruns\grid_density\scenarios\clips\scaling_grid19_trials50.csv,clue_search,04,10,0,11,0,0,0,0,20,10,10,20,0,0,collision_intent:10;state:10,131,19,completed
36,dcta_parity_v1,custom,2d78c6afcbcd65a18a1929ad87f91a1fc887754325485ab63fe3780cf2dd2c89,594c6ef4147d245b2d14387e5b1e6356d0a15a78178ccc9d5b7e58fddad8d2de,PI,bernoulli,drop_0.25,19,361,8,50.0,45.125,pi_g19_d50_bernoulli_drop_0_25,reruns\grid_density\scenarios\clips\scaling_grid19_trials50.csv,clue_search,05,11,0,12,0,0,0,0,22,11,11,22,0,0,collision_intent:11;state:11,130,18,completed
36,dcta_parity_v1,custom,2d78c6afcbcd65a18a1929ad87f91a1fc887754325485ab63fe3780cf2dd2c89,594c6ef4147d245b2d14387e5b1e6356d0a15a78178ccc9d5b7e58fddad8d2de,PI,bernoulli,drop_0.25,19,361,8,50.0,45.125,pi_g19_d50_bernoulli_drop_0_25,reruns\grid_density\scenarios\clips\scaling_grid19_trials50.csv,clue_search,06,11,0,12,0,0,0,0,22,11,11,22,0,0,collision_intent:11;state:11,125,23,completed
36,dcta_parity_v1,custom,2d78c6afcbcd65a18a1929ad87f91a1fc887754325485ab63fe3780cf2dd2c89,594c6ef4147d245b2d14387e5b1e6356d0a15a78178ccc9d5b7e58fddad8d2de,PI,bernoulli,drop_0.25,19,361,8,50.0,45.125,pi_g19_d50_bernoulli_drop_0_25,reruns\grid_density\scenarios\clips\scaling_grid19_trials50.csv,clue_search,07,11,0,12,0,0,0,0,23,12,11,23,0,0,collision_intent:11;state:11;target:1,124,24,completed
37,dcta_parity_v1,custom,2d78c6afcbcd65a18a1929ad87f91a1fc887754325485ab63fe3780cf2dd2c89,594c6ef4147d245b2d14387e5b1e6356d0a15a78178ccc9d5b7e58fddad8d2de,PI,bernoulli,drop_0.25,19,361,8,50.0,45.125,pi_g19_d50_bernoulli_drop_0_25,reruns\grid_density\scenarios\clips\scaling_grid19_trials50.csv,clue_search,00,22,14,19,4,0,0,0,66,22,44,46,20,50,clue:2;collision_intent:22;pi_entry:20;state:22,352,63,completed
37,dcta_parity_v1,custom,2d78c6afcbcd65a18a1929ad87f91a1fc887754325485ab63fe3780cf2dd2c89,594c6ef4147d245b2d14387e5b1e6356d0a15a78178ccc9d5b7e58fddad8d2de,PI,bernoulli,drop_0.25,19,361,8,50.0,45.125,pi_g19_d50_bernoulli_drop_0_25,reruns\grid_density\scenarios\clips\scaling_grid19_trials50.csv,clue_search,01,22,14,19,4,0,1,1,55,23,32,47,8,39,clue:2;collision_intent:23;pi_entry:8;state:22,355,71,completed
37,dcta_parity_v1,custom,2d78c6afcbcd65a18a1929ad87f91a1fc887754325485ab63fe3780cf2dd2c89,594c6ef4147d245b2d14387e5b1e6356d0a15a78178ccc9d5b7e58fddad8d2de,PI,bernoulli,drop_0.25,19,361,8,50.0,45.125,pi_g19_d50_bernoulli_drop_0_25,reruns\grid_density\scenarios\clips\scaling_grid19_trials50.csv,clue_search,02,21,14,15,7,0,0,0,61,21,40,44,17,47,clue:2;collision_intent:21;pi_entry:17;state:21,362,59,completed
37,dcta_parity_v1,custom,2d78c6afcbcd65a18a1929ad87f91a1fc887754325485ab63fe3780cf2dd2c89,594c6ef4147d245b2d14387e5b1e6356d0a15a78178ccc9d5b7e58fddad8d2de,PI,bernoulli,drop_0.25,19,361,8,50.0,45.125,pi_g19_d50_bernoulli_drop_0_25,reruns\grid_density\scenarios\clips\scaling_grid19_trials50.csv,clue_search,03,19,11,12,8,0,5,2,58,24,34,45,13,42,clue:2;collision_intent:24;pi_entry:13;state:19,347,77,completed
37,dcta_parity_v1,custom,2d78c6afcbcd65a18a1929ad87f91a1fc887754325485ab63fe3780cf2dd2c89,594c6ef4147d245b2d14387e5b1e6356d0a15a78178ccc9d5b7e58fddad8d2de,PI,bernoulli,drop_0.25,19,361,8,50.0,45.125,pi_g19_d50_bernoulli_drop_0_25,reruns\grid_density\scenarios\clips\scaling_grid19_trials50.csv,clue_search,04,20,12,20,1,1,1,1,64,21,43,43,21,48,clue:2;collision_intent:21;pi_entry:21;state:20,350,68,completed
37,dcta_parity_v1,custom,2d78c6afcbcd65a18a1929ad87f91a1fc887754325485ab63fe3780cf2dd2c89,594c6ef4147d245b2d14387e5b1e6356d0a15a78178ccc9d5b7e58fddad8d2de,PI,bernoulli,drop_0.25,19,361,8,50.0,45.125,pi_g19_d50_bernoulli_drop_0_25,reruns\grid_density\scenarios\clips\scaling_grid19_trials50.csv,clue_search,05,21,13,17,5,1,2,2,57,23,34,46,11,41,clue:2;collision_intent:23;pi_clear_path:1;pi_entry:10;state:21,366,59,completed
37,dcta_parity_v1,custom,2d78c6afcbcd65a18a1929ad87f91a1fc887754325485ab63fe3780cf2dd2c89,594c6ef4147d245b2d14387e5b1e6356d0a15a78178ccc9d5b7e58fddad8d2de,PI,bernoulli,drop_0.25,19,361,8,50.0,45.125,pi_g19_d50_bernoulli_drop_0_25,reruns\grid_density\scenarios\clips\scaling_grid19_trials50.csv,clue_search,06,22,14,19,4,1,0,0,64,22,42,46,18,48,clue:2;collision_intent:22;pi_clear_path:1;pi_entry:17;state:22,364,53,completed
37,dcta_parity_v1,custom,2d78c6afcbcd65a18a1929ad87f91a1fc887754325485ab63fe3780cf2dd2c89,594c6ef4147d245b2d14387e5b1e6356d0a15a78178ccc9d5b7e58fddad8d2de,PI,bernoulli,drop_0.25,19,361,8,50.0,45.125,pi_g19_d50_bernoulli_drop_0_25,reruns\grid_density\scenarios\clips\scaling_grid19_trials50.csv,clue_search,07,22,15,20,3,0,0,0,58,23,35,47,11,43,clue:2;collision_intent:22;pi_entry:11;state:22;target:1,366,59,completed
38,dcta_parity_v1,custom,2d78c6afcbcd65a18a1929ad87f91a1fc887754325485ab63fe3780cf2dd2c89,594c6ef4147d245b2d14387e5b1e6356d0a15a78178ccc9d5b7e58fddad8d2de,PI,bernoulli,drop_0.25,19,361,8,50.0,45.125,pi_g19_d50_bernoulli_drop_0_25,reruns\grid_density\scenarios\clips\scaling_grid19_trials50.csv,clue_search,00,84,77,21,64,0,3,3,236,87,149,174,62,222,clue:3;collision_intent:87;pi_entry:62;state:84,1385,264,completed
38,dcta_parity_v1,custom,2d78c6afcbcd65a18a1929ad87f91a1fc887754325485ab63fe3780cf2dd2c89,594c6ef4147d245b2d14387e5b1e6356d0a15a78178ccc9d5b7e58fddad8d2de,PI,bernoulli,drop_0.25,19,361,8,50.0,45.125,pi_g19_d50_bernoulli_drop_0_25,reruns\grid_density\scenarios\clips\scaling_grid19_trials50.csv,clue_search,01,82,75,45,38,0,1,1,239,84,155,169,70,225,clue:3;collision_intent:84;pi_entry:70;state:82,1373,271,completed
38,dcta_parity_v1,custom,2d78c6afcbcd65a18a1929ad87f91a1fc887754325485ab63fe3780cf2dd2c89,594c6ef4147d245b2d14387e5b1e6356d0a15a78178ccc9d5b7e58fddad8d2de,PI,bernoulli,drop_0.25,19,361,8,50.0,45.125,pi_g19_d50_bernoulli_drop_0_25,reruns\grid_density\scenarios\clips\scaling_grid19_trials50.csv,clue_search,02,82,76,48,35,0,0,0,253,82,171,167,86,241,clue:3;collision_intent:82;pi_entry:86;state:82,1404,227,completed
38,dcta_parity_v1,custom,2d78c6afcbcd65a18a1929ad87f91a1fc887754325485ab63fe3780cf2dd2c89,594c6ef4147d245b2d14387e5b1e6356d0a15a78178ccc9d5b7e58fddad8d2de,PI,bernoulli,drop_0.25,19,361,8,50.0,45.125,pi_g19_d50_bernoulli_drop_0_25,reruns\grid_density\scenarios\clips\scaling_grid19_trials50.csv,clue_search,03,80,74,65,16,0,3,2,261,84,177,167,94,249,clue:3;collision_intent:84;pi_entry:94;state:80,1357,266,completed
38,dcta_parity_v1,custom,2d78c6afcbcd65a18a1929ad87f91a1fc887754325485ab63fe3780cf2dd2c89,594c6ef4147d245b2d14387e5b1e6356d0a15a78178ccc9d5b7e58fddad8d2de,PI,bernoulli,drop_0.25,19,361,8,50.0,45.125,pi_g19_d50_bernoulli_drop_0_25,reruns\grid_density\scenarios\clips\scaling_grid19_trials50.csv,clue_search,04,79,73,19,61,1,6,3,217,86,131,168,49,205,clue:3;collision_intent:86;pi_entry:49;state:79,1399,268,completed
38,dcta_parity_v1,custom,2d78c6afcbcd65a18a1929ad87f91a1fc887754325485ab63fe3780cf2dd2c89,594c6ef4147d245b2d14387e5b1e6356d0a15a78178ccc9d5b7e58fddad8d2de,PI,bernoulli,drop_0.25,19,361,8,50.0,45.125,pi_g19_d50_bernoulli_drop_0_25,reruns\grid_density\scenarios\clips\scaling_grid19_trials50.csv,clue_search,05,79,72,35,45,0,12,9,228,92,136,174,54,214,clue:3;collision_intent:92;pi_clear_path:1;pi_entry:53;state:79,1411,245,completed
38,dcta_parity_v1,custom,2d78c6afcbcd65a18a1929ad87f91a1fc887754325485ab63fe3780cf2dd2c89,594c6ef4147d245b2d14387e5b1e6356d0a15a78178ccc9d5b7e58fddad8d2de,PI,bernoulli,drop_0.25,19,361,8,50.0,45.125,pi_g19_d50_bernoulli_drop_0_25,reruns\grid_density\scenarios\clips\scaling_grid19_trials50.csv,clue_search,06,81,74,41,41,0,13,8,219,94,125,178,41,205,clue:3;collision_intent:94;pi_entry:41;state:81,1383,283,completed
38,dcta_parity_v1,custom,2d78c6afcbcd65a18a1929ad87f91a1fc887754325485ab63fe3780cf2dd2c89,594c6ef4147d245b2d14387e5b1e6356d0a15a78178ccc9d5b7e58fddad8d2de,PI,bernoulli,drop_0.25,19,361,8,50.0,45.125,pi_g19_d50_bernoulli_drop_0_25,reruns\grid_density\scenarios\clips\scaling_grid19_trials50.csv,clue_search,07,74,67,37,38,1,16,8,232,94,138,171,61,218,clue:3;collision_intent:93;pi_entry:61;state:74;target:1,1378,275,completed
39,dcta_parity_v1,custom,2d78c6afcbcd65a18a1929ad87f91a1fc887754325485ab63fe3780cf2dd2c89,594c6ef4147d245b2d14387e5b1e6356d0a15a78178ccc9d5b7e58fddad8d2de,PI,bernoulli,drop_0.25,19,361,8,50.0,45.125,pi_g19_d50_bernoulli_drop_0_25,reruns\grid_density\scenarios\clips\scaling_grid19_trials50.csv,clue_search,00,13,0,14,0,0,0,0,26,13,13,26,0,0,collision_intent:13;state:13,160,22,completed
39,dcta_parity_v1,custom,2d78c6afcbcd65a18a1929ad87f91a1fc887754325485ab63fe3780cf2dd2c89,594c6ef4147d245b2d14387e5b1e6356d0a15a78178ccc9d5b7e58fddad8d2de,PI,bernoulli,drop_0.25,19,361,8,50.0,45.125,pi_g19_d50_bernoulli_drop_0_25,reruns\grid_density\scenarios\clips\scaling_grid19_trials50.csv,clue_search,01,13,0,14,0,0,0,0,26,13,13,26,0,0,collision_intent:13;state:13,162,19,completed
39,dcta_parity_v1,custom,2d78c6afcbcd65a18a1929ad87f91a1fc887754325485ab63fe3780cf2dd2c89,594c6ef4147d245b2d14387e5b1e6356d0a15a78178ccc9d5b7e58fddad8d2de,PI,bernoulli,drop_0.25,19,361,8,50.0,45.125,pi_g19_d50_bernoulli_drop_0_25,reruns\grid_density\scenarios\clips\scaling_grid19_trials50.csv,clue_search,02,13,0,14,0,0,0,0,26,13,13,26,0,0,collision_intent:13;state:13,163,19,completed
39,dcta_parity_v1,custom,2d78c6afcbcd65a18a1929ad87f91a1fc887754325485ab63fe3780cf2dd2c89,594c6ef4147d245b2d14387e5b1e6356d0a15a78178ccc9d5b7e58fddad8d2de,PI,bernoulli,drop_0.25,19,361,8,50.0,45.125,pi_g19_d50_bernoulli_drop_0_25,reruns\grid_density\scenarios\clips\scaling_grid19_trials50.csv,clue_search,03,13,0,14,0,0,0,0,26,13,13,26,0,0,collision_intent:13;state:13,163,19,completed
39,dcta_parity_v1,custom,2d78c6afcbcd65a18a1929ad87f91a1fc887754325485ab63fe3780cf2dd2c89,594c6ef4147d245b2d14387e5b1e6356d0a15a78178ccc9d5b7e58fddad8d2de,PI,bernoulli,drop_0.25,19,361,8,50.0,45.125,pi_g19_d50_bernoulli_drop_0_25,reruns\grid_density\scenarios\clips\scaling_grid19_trials50.csv,clue_search,04,13,0,14,0,0,0,0,26,13,13,26,0,0,collision_intent:13;state:13,161,22,completed
39,dcta_parity_v1,custom,2d78c6afcbcd65a18a1929ad87f91a1fc887754325485ab63fe3780cf2dd2c89,594c6ef4147d245b2d14387e5b1e6356d0a15a78178ccc9d5b7e58fddad8d2de,PI,bernoulli,drop_0.25,19,361,8,50.0,45.125,pi_g19_d50_bernoulli_drop_0_25,reruns\grid_density\scenarios\clips\scaling_grid19_trials50.csv,clue_search,05,13,0,14,0,0,0,0,26,13,13,26,0,0,collision_intent:13;state:13,162,21,completed
39,dcta_parity_v1,custom,2d78c6afcbcd65a18a1929ad87f91a1fc887754325485ab63fe3780cf2dd2c89,594c6ef4147d245b2d14387e5b1e6356d0a15a78178ccc9d5b7e58fddad8d2de,PI,bernoulli,drop_0.25,19,361,8,50.0,45.125,pi_g19_d50_bernoulli_drop_0_25,reruns\grid_density\scenarios\clips\scaling_grid19_trials50.csv,clue_search,06,13,0,14,0,0,0,0,26,13,13,26,0,0,collision_intent:13;state:13,160,22,completed
39,dcta_parity_v1,custom,2d78c6afcbcd65a18a1929ad87f91a1fc887754325485ab63fe3780cf2dd2c89,594c6ef4147d245b2d14387e5b1e6356d0a15a78178ccc9d5b7e58fddad8d2de,PI,bernoulli,drop_0.25,19,361,8,50.0,45.125,pi_g19_d50_bernoulli_drop_0_25,reruns\grid_density\scenarios\clips\scaling_grid19_trials50.csv,clue_search,07,13,0,14,0,0,0,0,27,14,13,27,0,0,collision_intent:13;state:13;target:1,161,21,completed
40,dcta_parity_v1,custom,2d78c6afcbcd65a18a1929ad87f91a1fc887754325485ab63fe3780cf2dd2c89,594c6ef4147d245b2d14387e5b1e6356d0a15a78178ccc9d5b7e58fddad8d2de,PI,bernoulli,drop_0.25,19,361,8,50.0,45.125,pi_g19_d50_bernoulli_drop_0_25,reruns\grid_density\scenarios\clips\scaling_grid19_trials50.csv,clue_search,00,10,1,11,0,0,0,0,23,10,13,21,2,5,clue:1;collision_intent:10;pi_entry:2;state:10,148,20,completed
40,dcta_parity_v1,custom,2d78c6afcbcd65a18a1929ad87f91a1fc887754325485ab63fe3780cf2dd2c89,594c6ef4147d245b2d14387e5b1e6356d0a15a78178ccc9d5b7e58fddad8d2de,PI,bernoulli,drop_0.25,19,361,8,50.0,45.125,pi_g19_d50_bernoulli_drop_0_25,reruns\grid_density\scenarios\clips\scaling_grid19_trials50.csv,clue_search,01,10,1,11,0,0,0,0,23,10,13,21,2,5,clue:1;collision_intent:10;pi_entry:2;state:10,143,25,completed
40,dcta_parity_v1,custom,2d78c6afcbcd65a18a1929ad87f91a1fc887754325485ab63fe3780cf2dd2c89,594c6ef4147d245b2d14387e5b1e6356d0a15a78178ccc9d5b7e58fddad8d2de,PI,bernoulli,drop_0.25,19,361,8,50.0,45.125,pi_g19_d50_bernoulli_drop_0_25,reruns\grid_density\scenarios\clips\scaling_grid19_trials50.csv,clue_search,02,10,2,11,0,0,0,0,24,10,14,21,3,8,clue:1;collision_intent:10;pi_entry:3;state:10,141,26,completed
40,dcta_parity_v1,custom,2d78c6afcbcd65a18a1929ad87f91a1fc887754325485ab63fe3780cf2dd2c89,594c6ef4147d245b2d14387e5b1e6356d0a15a78178ccc9d5b7e58fddad8d2de,PI,bernoulli,drop_0.25,19,361,8,50.0,45.125,pi_g19_d50_bernoulli_drop_0_25,reruns\grid_density\scenarios\clips\scaling_grid19_trials50.csv,clue_search,03,10,2,11,0,0,0,0,24,10,14,21,3,8,clue:1;collision_intent:10;pi_entry:3;state:10,146,20,completed
40,dcta_parity_v1,custom,2d78c6afcbcd65a18a1929ad87f91a1fc887754325485ab63fe3780cf2dd2c89,594c6ef4147d245b2d14387e5b1e6356d0a15a78178ccc9d5b7e58fddad8d2de,PI,bernoulli,drop_0.25,19,361,8,50.0,45.125,pi_g19_d50_bernoulli_drop_0_25,reruns\grid_density\scenarios\clips\scaling_grid19_trials50.csv,clue_search,04,10,2,11,0,1,0,0,25,10,15,21,4,9,clue:1;collision_intent:10;pi_entry:4;state:10,152,14,completed
40,dcta_parity_v1,custom,2d78c6afcbcd65a18a1929ad87f91a1fc887754325485ab63fe3780cf2dd2c89,594c6ef4147d245b2d14387e5b1e6356d0a15a78178ccc9d5b7e58fddad8d2de,PI,bernoulli,drop_0.25,19,361,8,50.0,45.125,pi_g19_d50_bernoulli_drop_0_25,reruns\grid_density\scenarios\clips\scaling_grid19_trials50.csv,clue_search,05,10,2,11,0,0,0,0,24,10,14,21,3,8,clue:1;collision_intent:10;pi_entry:3;state:10,138,29,completed
40,dcta_parity_v1,custom,2d78c6afcbcd65a18a1929ad87f91a1fc887754325485ab63fe3780cf2dd2c89,594c6ef4147d245b2d14387e5b1e6356d0a15a78178ccc9d5b7e58fddad8d2de,PI,bernoulli,drop_0.25,19,361,8,50.0,45.125,pi_g19_d50_bernoulli_drop_0_25,reruns\grid_density\scenarios\clips\scaling_grid19_trials50.csv,clue_search,06,10,1,11,0,0,0,0,23,10,13,21,2,5,clue:1;collision_intent:10;pi_entry:2;state:10,147,22,completed
40,dcta_parity_v1,custom,2d78c6afcbcd65a18a1929ad87f91a1fc887754325485ab63fe3780cf2dd2c89,594c6ef4147d245b2d14387e5b1e6356d0a15a78178ccc9d5b7e58fddad8d2de,PI,bernoulli,drop_0.25,19,361,8,50.0,45.125,pi_g19_d50_bernoulli_drop_0_25,reruns\grid_density\scenarios\clips\scaling_grid19_trials50.csv,clue_search,07,10,2,11,0,0,0,0,26,11,15,22,4,10,clue:1;collision_intent:10;pi_entry:4;state:10;target:1,147,19,completed
41,dcta_parity_v1,custom,2d78c6afcbcd65a18a1929ad87f91a1fc887754325485ab63fe3780cf2dd2c89,594c6ef4147d245b2d14387e5b1e6356d0a15a78178ccc9d5b7e58fddad8d2de,PI,bernoulli,drop_0.25,19,361,8,50.0,45.125,pi_g19_d50_bernoulli_drop_0_25,reruns\grid_density\scenarios\clips\scaling_grid19_trials50.csv,clue_search,00,92,82,53,40,1,3,1,269,97,172,192,77,249,clue:3;collision_intent:96;pi_entry:77;state:92;target:1,1575,286,completed
41,dcta_parity_v1,custom,2d78c6afcbcd65a18a1929ad87f91a1fc887754325485ab63fe3780cf2dd2c89,594c6ef4147d245b2d14387e5b1e6356d0a15a78178ccc9d5b7e58fddad8d2de,PI,bernoulli,drop_0.25,19,361,8,50.0,45.125,pi_g19_d50_bernoulli_drop_0_25,reruns\grid_density\scenarios\clips\scaling_grid19_trials50.csv,clue_search,01,92,82,48,45,0,6,6,253,98,155,193,60,233,clue:3;collision_intent:98;pi_entry:60;state:92,1578,298,completed
41,dcta_parity_v1,custom,2d78c6afcbcd65a18a1929ad87f91a1fc887754325485ab63fe3780cf2dd2c89,594c6ef4147d245b2d14387e5b1e6356d0a15a78178ccc9d5b7e58fddad8d2de,PI,bernoulli,drop_0.25,19,361,8,50.0,45.125,pi_g19_d50_bernoulli_drop_0_25,reruns\grid_density\scenarios\clips\scaling_grid19_trials50.csv,clue_search,02,89,80,55,35,0,9,3,272,100,172,192,80,254,clue:3;collision_intent:100;pi_entry:80;state:89,1547,309,completed
41,dcta_parity_v1,custom,2d78c6afcbcd65a18a1929ad87f91a1fc887754325485ab63fe3780cf2dd2c89,594c6ef4147d245b2d14387e5b1e6356d0a15a78178ccc9d5b7e58fddad8d2de,PI,bernoulli,drop_0.25,19,361,8,50.0,45.125,pi_g19_d50_bernoulli_drop_0_25,reruns\grid_density\scenarios\clips\scaling_grid19_trials50.csv,clue_search,03,94,85,24,71,0,0,0,254,94,160,191,63,236,clue:3;collision_intent:94;pi_entry:63;state:94,1565,310,completed
41,dcta_parity_v1,custom,2d78c6afcbcd65a18a1929ad87f91a1fc887754325485ab63fe3780cf2dd2c89,594c6ef4147d245b2d14387e5b1e6356d0a15a78178ccc9d5b7e58fddad8d2de,PI,bernoulli,drop_0.25,19,361,8,50.0,45.125,pi_g19_d50_bernoulli_drop_0_25,reruns\grid_density\scenarios\clips\scaling_grid19_trials50.csv,clue_search,04,93,84,39,55,0,1,1,270,94,176,190,80,252,clue:3;collision_intent:94;pi_clear_path:1;pi_entry:79;state:93,1549,311,completed
41,dcta_parity_v1,custom,2d78c6afcbcd65a18a1929ad87f91a1fc887754325485ab63fe3780cf2dd2c89,594c6ef4147d245b2d14387e5b1e6356d0a15a78178ccc9d5b7e58fddad8d2de,PI,bernoulli,drop_0.25,19,361,8,50.0,45.125,pi_g19_d50_bernoulli_drop_0_25,reruns\grid_density\scenarios\clips\scaling_grid19_trials50.csv,clue_search,05,91,82,26,66,1,7,5,250,99,151,193,57,231,clue:3;collision_intent:99;pi_clear_path:1;pi_entry:56;state:91,1593,287,completed
41,dcta_parity_v1,custom,2d78c6afcbcd65a18a1929ad87f91a1fc887754325485ab63fe3780cf2dd2c89,594c6ef4147d245b2d14387e5b1e6356d0a15a78178ccc9d5b7e58fddad8d2de,PI,bernoulli,drop_0.25,19,361,8,50.0,45.125,pi_g19_d50_bernoulli_drop_0_25,reruns\grid_density\scenarios\clips\scaling_grid19_trials50.csv,clue_search,06,89,79,38,52,1,8,3,274,98,176,190,84,254,clue:3;collision_intent:98;pi_clear_path:1;pi_entry:83;state:89,1568,287,completed
41,dcta_parity_v1,custom,2d78c6afcbcd65a18a1929ad87f91a1fc887754325485ab63fe3780cf2dd2c89,594c6ef4147d245b2d14387e5b1e6356d0a15a78178ccc9d5b7e58fddad8d2de,PI,bernoulli,drop_0.25,19,361,8,50.0,45.125,pi_g19_d50_bernoulli_drop_0_25,reruns\grid_density\scenarios\clips\scaling_grid19_trials50.csv,clue_search,07,90,81,65,26,0,6,3,288,97,191,190,98,270,clue:3;collision_intent:97;pi_entry:98;state:90,1561,280,completed
42,dcta_parity_v1,custom,2d78c6afcbcd65a18a1929ad87f91a1fc887754325485ab63fe3780cf2dd2c89,594c6ef4147d245b2d14387e5b1e6356d0a15a78178ccc9d5b7e58fddad8d2de,PI,bernoulli,drop_0.25,19,361,8,50.0,45.125,pi_g19_d50_bernoulli_drop_0_25,reruns\grid_density\scenarios\clips\scaling_grid19_trials50.csv,clue_search,00,32,28,23,10,0,2,1,101,34,67,68,33,93,clue:2;collision_intent:34;pi_entry:33;state:32,567,97,completed
42,dcta_parity_v1,custom,2d78c6afcbcd65a18a1929ad87f91a1fc887754325485ab63fe3780cf2dd2c89,594c6ef4147d245b2d14387e5b1e6356d0a15a78178ccc9d5b7e58fddad8d2de,PI,bernoulli,drop_0.25,19,361,8,50.0,45.125,pi_g19_d50_bernoulli_drop_0_25,reruns\grid_density\scenarios\clips\scaling_grid19_trials50.csv,clue_search,01,32,28,17,16,0,3,1,102,37,65,71,31,94,clue:2;collision_intent:37;pi_entry:31;state:32,576,88,completed
42,dcta_parity_v1,custom,2d78c6afcbcd65a18a1929ad87f91a1fc887754325485ab63fe3780cf2dd2c89,594c6ef4147d245b2d14387e5b1e6356d0a15a78178ccc9d5b7e58fddad8d2de,PI,bernoulli,drop_0.25,19,361,8,50.0,45.125,pi_g19_d50_bernoulli_drop_0_25,reruns\grid_density\scenarios\clips\scaling_grid19_trials50.csv,clue_search,02,31,27,24,8,0,3,1,105,36,69,69,36,97,clue:2;collision_intent:36;pi_entry:36;state:31,567,93,completed
42,dcta_parity_v1,custom,2d78c6afcbcd65a18a1929ad87f91a1fc887754325485ab63fe3780cf2dd2c89,594c6ef4147d245b2d14387e5b1e6356d0a15a78178ccc9d5b7e58fddad8d2de,PI,bernoulli,drop_0.25,19,361,8,50.0,45.125,pi_g19_d50_bernoulli_drop_0_25,reruns\grid_density\scenarios\clips\scaling_grid19_trials50.csv,clue_search,03,30,26,9,22,0,7,4,88,37,51,69,19,80,clue:2;collision_intent:37;pi_entry:19;state:30,566,112,completed
42,dcta_parity_v1,custom,2d78c6afcbcd65a18a1929ad87f91a1fc887754325485ab63fe3780cf2dd2c89,594c6ef4147d245b2d14387e5b1e6356d0a15a78178ccc9d5b7e58fddad8d2de,PI,bernoulli,drop_0.25,19,361,8,50.0,45.125,pi_g19_d50_bernoulli_drop_0_25,reruns\grid_density\scenarios\clips\scaling_grid19_trials50.csv,clue_search,04,34,30,22,13,0,0,0,96,35,61,71,25,88,clue:2;collision_intent:34;pi_entry:25;state:34;target:1,567,103,completed
42,dcta_parity_v1,custom,2d78c6afcbcd65a18a1929ad87f91a1fc887754325485ab63fe3780cf2dd2c89,594c6ef4147d245b2d14387e5b1e6356d0a15a78178ccc9d5b7e58fddad8d2de,PI,bernoulli,drop_0.25,19,361,8,50.0,45.125,pi_g19_d50_bernoulli_drop_0_25,reruns\grid_density\scenarios\clips\scaling_grid19_trials50.csv,clue_search,05,31,27,18,14,0,4,1,95,35,60,68,27,87,clue:2;collision_intent:35;pi_entry:27;state:31,568,101,completed
42,dcta_parity_v1,custom,2d78c6afcbcd65a18a1929ad87f91a1fc887754325485ab63fe3780cf2dd2c89,594c6ef4147d245b2d14387e5b1e6356d0a15a78178ccc9d5b7e58fddad8d2de,PI,bernoulli,drop_0.25,19,361,8,50.0,45.125,pi_g19_d50_bernoulli_drop_0_25,reruns\grid_density\scenarios\clips\scaling_grid19_trials50.csv,clue_search,06,32,27,14,19,0,3,3,89,35,54,69,20,79,clue:2;collision_intent:35;pi_entry:20;state:32,562,114,completed
42,dcta_parity_v1,custom,2d78c6afcbcd65a18a1929ad87f91a1fc887754325485ab63fe3780cf2dd2c89,594c6ef4147d245b2d14387e5b1e6356d0a15a78178ccc9d5b7e58fddad8d2de,PI,bernoulli,drop_0.25,19,361,8,50.0,45.125,pi_g19_d50_bernoulli_drop_0_25,reruns\grid_density\scenarios\clips\scaling_grid19_trials50.csv,clue_search,07,33,29,18,16,0,0,0,90,33,57,68,22,82,clue:2;collision_intent:33;pi_entry:22;state:33,558,116,completed
43,dcta_parity_v1,custom,2d78c6afcbcd65a18a1929ad87f91a1fc887754325485ab63fe3780cf2dd2c89,594c6ef4147d245b2d14387e5b1e6356d0a15a78178ccc9d5b7e58fddad8d2de,PI,bernoulli,drop_0.25,19,361,8,50.0,45.125,pi_g19_d50_bernoulli_drop_0_25,reruns\grid_density\scenarios\clips\scaling_grid19_trials50.csv,clue_search,00,16,9,17,0,0,0,0,47,16,31,35,12,33,clue:3;collision_intent:16;pi_entry:12;state:16,280,46,completed
43,dcta_parity_v1,custom,2d78c6afcbcd65a18a1929ad87f91a1fc887754325485ab63fe3780cf2dd2c89,594c6ef4147d245b2d14387e5b1e6356d0a15a78178ccc9d5b7e58fddad8d2de,PI,bernoulli,drop_0.25,19,361,8,50.0,45.125,pi_g19_d50_bernoulli_drop_0_25,reruns\grid_density\scenarios\clips\scaling_grid19_trials50.csv,clue_search,01,15,8,14,2,0,3,1,50,20,30,38,12,36,clue:3;collision_intent:20;pi_entry:12;state:15,267,58,completed
43,dcta_parity_v1,custom,2d78c6afcbcd65a18a1929ad87f91a1fc887754325485ab63fe3780cf2dd2c89,594c6ef4147d245b2d14387e5b1e6356d0a15a78178ccc9d5b7e58fddad8d2de,PI,bernoulli,drop_0.25,19,361,8,50.0,45.125,pi_g19_d50_bernoulli_drop_0_25,reruns\grid_density\scenarios\clips\scaling_grid19_trials50.csv,clue_search,02,16,9,16,1,0,0,0,44,16,28,35,9,30,clue:3;collision_intent:16;pi_entry:9;state:16,280,50,completed
43,dcta_parity_v1,custom,2d78c6afcbcd65a18a1929ad87f91a1fc887754325485ab63fe3780cf2dd2c89,594c6ef4147d245b2d14387e5b1e6356d0a15a78178ccc9d5b7e58fddad8d2de,PI,bernoulli,drop_0.25,19,361,8,50.0,45.125,pi_g19_d50_bernoulli_drop_0_25,reruns\grid_density\scenarios\clips\scaling_grid19_trials50.csv,clue_search,03,13,6,12,2,0,4,1,43,17,26,33,10,29,clue:3;collision_intent:17;pi_entry:10;state:13,275,57,completed
43,dcta_parity_v1,custom,2d78c6afcbcd65a18a1929ad87f91a1fc887754325485ab63fe3780cf2dd2c89,594c6ef4147d245b2d14387e5b1e6356d0a15a78178ccc9d5b7e58fddad8d2de,PI,bernoulli,drop_0.25,19,361,8,50.0,45.125,pi_g19_d50_bernoulli_drop_0_25,reruns\grid_density\scenarios\clips\scaling_grid19_trials50.csv,clue_search,04,16,9,11,6,0,2,1,49,19,30,38,11,35,clue:3;collision_intent:18;pi_entry:11;state:16;target:1,281,45,completed
43,dcta_parity_v1,custom,2d78c6afcbcd65a18a1929ad87f91a1fc887754325485ab63fe3780cf2dd2c89,594c6ef4147d245b2d14387e5b1e6356d0a15a78178ccc9d5b7e58fddad8d2de,PI,bernoulli,drop_0.25,19,361,8,50.0,45.125,pi_g19_d50_bernoulli_drop_0_25,reruns\grid_density\scenarios\clips\scaling_grid19_trials50.csv,clue_search,05,14,7,11,4,1,3,1,47,19,28,36,11,33,clue:3;collision_intent:19;pi_clear_path:1;pi_entry:10;state:14,274,53,completed
43,dcta_parity_v1,custom,2d78c6afcbcd65a18a1929ad87f91a1fc887754325485ab63fe3780cf2dd2c89,594c6ef4147d245b2d14387e5b1e6356d0a15a78178ccc9d5b7e58fddad8d2de,PI,bernoulli,drop_0.25,19,361,8,50.0,45.125,pi_g19_d50_bernoulli_drop_0_25,reruns\grid_density\scenarios\clips\scaling_grid19_trials50.csv,clue_search,06,16,9,14,3,1,1,1,45,17,28,36,9,31,clue:3;collision_intent:17;pi_clear_path:1;pi_entry:8;state:16,282,47,completed
43,dcta_parity_v1,custom,2d78c6afcbcd65a18a1929ad87f91a1fc887754325485ab63fe3780cf2dd2c89,594c6ef4147d245b2d14387e5b1e6356d0a15a78178ccc9d5b7e58fddad8d2de,PI,bernoulli,drop_0.25,19,361,8,50.0,45.125,pi_g19_d50_bernoulli_drop_0_25,reruns\grid_density\scenarios\clips\scaling_grid19_trials50.csv,clue_search,07,16,9,13,4,0,1,1,50,17,33,36,14,36,clue:3;collision_intent:17;pi_clear_path:1;pi_entry:13;state:16,269,56,completed
44,dcta_parity_v1,custom,2d78c6afcbcd65a18a1929ad87f91a1fc887754325485ab63fe3780cf2dd2c89,594c6ef4147d245b2d14387e5b1e6356d0a15a78178ccc9d5b7e58fddad8d2de,PI,bernoulli,drop_0.25,19,361,8,50.0,45.125,pi_g19_d50_bernoulli_drop_0_25,reruns\grid_density\scenarios\clips\scaling_grid19_trials50.csv,clue_search,00,93,89,26,68,1,10,5,268,103,165,199,69,260,clue:3;collision_intent:103;pi_clear_path:1;pi_entry:68;state:93,1674,297,completed
44,dcta_parity_v1,custom,2d78c6afcbcd65a18a1929ad87f91a1fc887754325485ab63fe3780cf2dd2c89,594c6ef4147d245b2d14387e5b1e6356d0a15a78178ccc9d5b7e58fddad8d2de,PI,bernoulli,drop_0.25,19,361,8,50.0,45.125,pi_g19_d50_bernoulli_drop_0_25,reruns\grid_density\scenarios\clips\scaling_grid19_trials50.csv,clue_search,01,93,89,19,75,1,14,8,258,107,151,203,55,250,clue:3;collision_intent:107;pi_entry:55;state:93,1660,320,completed
44,dcta_parity_v1,custom,2d78c6afcbcd65a18a1929ad87f91a1fc887754325485ab63fe3780cf2dd2c89,594c6ef4147d245b2d14387e5b1e6356d0a15a78178ccc9d5b7e58fddad8d2de,PI,bernoulli,drop_0.25,19,361,8,50.0,45.125,pi_g19_d50_bernoulli_drop_0_25,reruns\grid_density\scenarios\clips\scaling_grid19_trials50.csv,clue_search,02,93,89,61,33,0,3,1,299,97,202,193,106,291,clue:3;collision_intent:97;pi_entry:106;state:93,1634,306,completed
44,dcta_parity_v1,custom,2d78c6afcbcd65a18a1929ad87f91a1fc887754325485ab63fe3780cf2dd2c89,594c6ef4147d245b2d14387e5b1e6356d0a15a78178ccc9d5b7e58fddad8d2de,PI,bernoulli,drop_0.25,19,361,8,50.0,45.125,pi_g19_d50_bernoulli_drop_0_25,reruns\grid_density\scenarios\clips\scaling_grid19_trials50.csv,clue_search,03,95,91,29,67,1,3,1,266,99,167,197,69,258,clue:3;collision_intent:99;pi_clear_path:1;pi_entry:68;state:95,1641,331,completed
44,dcta_parity_v1,custom,2d78c6afcbcd65a18a1929ad87f91a1fc887754325485ab63fe3780cf2dd2c89,594c6ef4147d245b2d14387e5b1e6356d0a15a78178ccc9d5b7e58fddad8d2de,PI,bernoulli,drop_0.25,19,361,8,50.0,45.125,pi_g19_d50_bernoulli_drop_0_25,reruns\grid_density\scenarios\clips\scaling_grid19_trials50.csv,clue_search,04,94,90,58,37,1,3,3,287,98,189,195,92,279,clue:3;collision_intent:97;pi_entry:92;state:94;target:1,1617,335,completed
44,dcta_parity_v1,custom,2d78c6afcbcd65a18a1929ad87f91a1fc887754325485ab63fe3780cf2dd2c89,594c6ef4147d245b2d14387e5b1e6356d0a15a78178ccc9d5b7e58fddad8d2de,PI,bernoulli,drop_0.25,19,361,8,50.0,45.125,pi_g19_d50_bernoulli_drop_0_25,reruns\grid_density\scenarios\clips\scaling_grid19_trials50.csv,clue_search,05,89,85,41,49,2,9,4,278,100,178,192,86,270,clue:3;collision_intent:100;pi_entry:86;state:89,1613,347,completed
44,dcta_parity_v1,custom,2d78c6afcbcd65a18a1929ad87f91a1fc887754325485ab63fe3780cf2dd2c89,594c6ef4147d245b2d14387e5b1e6356d0a15a78178ccc9d5b7e58fddad8d2de,PI,bernoulli,drop_0.25,19,361,8,50.0,45.125,pi_g19_d50_bernoulli_drop_0_25,reruns\grid_density\scenarios\clips\scaling_grid19_trials50.csv,clue_search,06,95,91,25,71,2,8,4,274,104,170,202,72,266,clue:3;collision_intent:104;pi_entry:72;state:95,1650,313,completed
44,dcta_parity_v1,custom,2d78c6afcbcd65a18a1929ad87f91a1fc887754325485ab63fe3780cf2dd2c89,594c6ef4147d245b2d14387e5b1e6356d0a15a78178ccc9d5b7e58fddad8d2de,PI,bernoulli,drop_0.25,19,361,8,50.0,45.125,pi_g19_d50_bernoulli_drop_0_25,reruns\grid_density\scenarios\clips\scaling_grid19_trials50.csv,clue_search,07,91,87,74,18,1,4,1,309,96,213,190,119,301,clue:3;collision_intent:96;pi_clear_path:1;pi_entry:118;state:91,1639,290,completed
45,dcta_parity_v1,custom,2d78c6afcbcd65a18a1929ad87f91a1fc887754325485ab63fe3780cf2dd2c89,594c6ef4147d245b2d14387e5b1e6356d0a15a78178ccc9d5b7e58fddad8d2de,PI,bernoulli,drop_0.25,19,361,8,50.0,45.125,pi_g19_d50_bernoulli_drop_0_25,reruns\grid_density\scenarios\clips\scaling_grid19_trials50.csv,clue_search,00,39,34,22,18,0,7,7,107,47,60,89,18,97,clue:3;collision_intent:47;pi_entry:18;state:39,686,136,completed
45,dcta_parity_v1,custom,2d78c6afcbcd65a18a1929ad87f91a1fc887754325485ab63fe3780cf2dd2c89,594c6ef4147d245b2d14387e5b1e6356d0a15a78178ccc9d5b7e58fddad8d2de,PI,bernoulli,drop_0.25,19,361,8,50.0,45.125,pi_g19_d50_bernoulli_drop_0_25,reruns\grid_density\scenarios\clips\scaling_grid19_trials50.csv,clue_search,01,40,35,21,20,1,6,5,124,46,78,89,35,114,clue:3;collision_intent:46;pi_clear_path:1;pi_entry:34;state:40,662,142,completed
45,dcta_parity_v1,custom,2d78c6afcbcd65a18a1929ad87f91a1fc887754325485ab63fe3780cf2dd2c89,594c6ef4147d245b2d14387e5b1e6356d0a15a78178ccc9d5b7e58fddad8d2de,PI,bernoulli,drop_0.25,19,361,8,50.0,45.125,pi_g19_d50_bernoulli_drop_0_25,reruns\grid_density\scenarios\clips\scaling_grid19_trials50.csv,clue_search,02,40,35,15,26,0,2,2,106,42,64,85,21,96,clue:3;collision_intent:42;pi_entry:21;state:40,714,110,completed
45,dcta_parity_v1,custom,2d78c6afcbcd65a18a1929ad87f91a1fc887754325485ab63fe3780cf2dd2c89,594c6ef4147d245b2d14387e5b1e6356d0a15a78178ccc9d5b7e58fddad8d2de,PI,bernoulli,drop_0.25,19,361,8,50.0,45.125,pi_g19_d50_bernoulli_drop_0_25,reruns\grid_density\scenarios\clips\scaling_grid19_trials50.csv,clue_search,03,37,33,18,20,0,6,2,117,43,74,83,34,109,clue:3;collision_intent:43;pi_entry:34;state:37,687,125,completed
45,dcta_parity_v1,custom,2d78c6afcbcd65a18a1929ad87f91a1fc887754325485ab63fe3780cf2dd2c89,594c6ef4147d245b2d14387e5b1e6356d0a15a78178ccc9d5b7e58fddad8d2de,PI,bernoulli,drop_0.25,19,361,8,50.0,45.125,pi_g19_d50_bernoulli_drop_0_25,reruns\grid_density\scenarios\clips\scaling_grid19_trials50.csv,clue_search,04,41,37,28,14,1,3,2,125,44,81,88,37,117,clue:3;collision_intent:44;pi_clear_path:1;pi_entry:36;state:41,686,117,completed
45,dcta_parity_v1,custom,2d78c6afcbcd65a18a1929ad87f91a1fc887754325485ab63fe3780cf2dd2c89,594c6ef4147d245b2d14387e5b1e6356d0a15a78178ccc9d5b7e58fddad8d2de,PI,bernoulli,drop_0.25,19,361,8,50.0,45.125,pi_g19_d50_bernoulli_drop_0_25,reruns\grid_density\scenarios\clips\scaling_grid19_trials50.csv,clue_search,05,38,33,20,19,1,7,5,109,46,63,87,22,99,clue:3;collision_intent:46;pi_entry:22;state:38,661,159,completed
45,dcta_parity_v1,custom,2d78c6afcbcd65a18a1929ad87f91a1fc887754325485ab63fe3780cf2dd2c89,594c6ef4147d245b2d14387e5b1e6356d0a15a78178ccc9d5b7e58fddad8d2de,PI,bernoulli,drop_0.25,19,361,8,50.0,45.125,pi_g19_d50_bernoulli_drop_0_25,reruns\grid_density\scenarios\clips\scaling_grid19_trials50.csv,clue_search,06,39,34,16,24,0,9,5,128,50,78,92,36,118,clue:3;collision_intent:49;pi_entry:36;state:39;target:1,669,133,completed
45,dcta_parity_v1,custom,2d78c6afcbcd65a18a1929ad87f91a1fc887754325485ab63fe3780cf2dd2c89,594c6ef4147d245b2d14387e5b1e6356d0a15a78178ccc9d5b7e58fddad8d2de,PI,bernoulli,drop_0.25,19,361,8,50.0,45.125,pi_g19_d50_bernoulli_drop_0_25,reruns\grid_density\scenarios\clips\scaling_grid19_trials50.csv,clue_search,07,40,36,31,10,0,2,2,114,42,72,85,29,106,clue:3;collision_intent:42;pi_entry:29;state:40,685,129,completed
46,dcta_parity_v1,custom,2d78c6afcbcd65a18a1929ad87f91a1fc887754325485ab63fe3780cf2dd2c89,594c6ef4147d245b2d14387e5b1e6356d0a15a78178ccc9d5b7e58fddad8d2de,PI,bernoulli,drop_0.25,19,361,8,50.0,45.125,pi_g19_d50_bernoulli_drop_0_25,reruns\grid_density\scenarios\clips\scaling_grid19_trials50.csv,clue_search,00,18,0,19,0,0,0,0,37,19,18,37,0,0,collision_intent:19;state:18,237,26,completed
46,dcta_parity_v1,custom,2d78c6afcbcd65a18a1929ad87f91a1fc887754325485ab63fe3780cf2dd2c89,594c6ef4147d245b2d14387e5b1e6356d0a15a78178ccc9d5b7e58fddad8d2de,PI,bernoulli,drop_0.25,19,361,8,50.0,45.125,pi_g19_d50_bernoulli_drop_0_25,reruns\grid_density\scenarios\clips\scaling_grid19_trials50.csv,clue_search,01,19,0,20,0,0,0,0,38,19,19,38,0,0,collision_intent:19;state:19,228,34,completed
46,dcta_parity_v1,custom,2d78c6afcbcd65a18a1929ad87f91a1fc887754325485ab63fe3780cf2dd2c89,594c6ef4147d245b2d14387e5b1e6356d0a15a78178ccc9d5b7e58fddad8d2de,PI,bernoulli,drop_0.25,19,361,8,50.0,45.125,pi_g19_d50_bernoulli_drop_0_25,reruns\grid_density\scenarios\clips\scaling_grid19_trials50.csv,clue_search,02,19,0,20,0,0,0,0,38,19,19,38,0,0,collision_intent:19;state:19,229,32,completed
46,dcta_parity_v1,custom,2d78c6afcbcd65a18a1929ad87f91a1fc887754325485ab63fe3780cf2dd2c89,594c6ef4147d245b2d14387e5b1e6356d0a15a78178ccc9d5b7e58fddad8d2de,PI,bernoulli,drop_0.25,19,361,8,50.0,45.125,pi_g19_d50_bernoulli_drop_0_25,reruns\grid_density\scenarios\clips\scaling_grid19_trials50.csv,clue_search,03,18,0,19,0,0,0,0,36,18,18,36,0,0,collision_intent:18;state:18,226,38,completed
46,dcta_parity_v1,custom,2d78c6afcbcd65a18a1929ad87f91a1fc887754325485ab63fe3780cf2dd2c89,594c6ef4147d245b2d14387e5b1e6356d0a15a78178ccc9d5b7e58fddad8d2de,PI,bernoulli,drop_0.25,19,361,8,50.0,45.125,pi_g19_d50_bernoulli_drop_0_25,reruns\grid_density\scenarios\clips\scaling_grid19_trials50.csv,clue_search,04,19,0,20,0,0,0,0,38,19,19,38,0,0,collision_intent:19;state:19,234,29,completed
46,dcta_parity_v1,custom,2d78c6afcbcd65a18a1929ad87f91a1fc887754325485ab63fe3780cf2dd2c89,594c6ef4147d245b2d14387e5b1e6356d0a15a78178ccc9d5b7e58fddad8d2de,PI,bernoulli,drop_0.25,19,361,8,50.0,45.125,pi_g19_d50_bernoulli_drop_0_25,reruns\grid_density\scenarios\clips\scaling_grid19_trials50.csv,clue_search,05,19,0,20,0,0,0,0,38,19,19,38,0,0,collision_intent:19;state:19,228,34,completed
46,dcta_parity_v1,custom,2d78c6afcbcd65a18a1929ad87f91a1fc887754325485ab63fe3780cf2dd2c89,594c6ef4147d245b2d14387e5b1e6356d0a15a78178ccc9d5b7e58fddad8d2de,PI,bernoulli,drop_0.25,19,361,8,50.0,45.125,pi_g19_d50_bernoulli_drop_0_25,reruns\grid_density\scenarios\clips\scaling_grid19_trials50.csv,clue_search,06,18,0,19,0,0,0,0,37,19,18,37,0,0,collision_intent:19;state:18,239,24,completed
46,dcta_parity_v1,custom,2d78c6afcbcd65a18a1929ad87f91a1fc887754325485ab63fe3780cf2dd2c89,594c6ef4147d245b2d14387e5b1e6356d0a15a78178ccc9d5b7e58fddad8d2de,PI,bernoulli,drop_0.25,19,361,8,50.0,45.125,pi_g19_d50_bernoulli_drop_0_25,reruns\grid_density\scenarios\clips\scaling_grid19_trials50.csv,clue_search,07,19,0,20,0,0,0,0,39,20,19,39,0,0,collision_intent:19;state:19;target:1,227,35,completed
47,dcta_parity_v1,custom,2d78c6afcbcd65a18a1929ad87f91a1fc887754325485ab63fe3780cf2dd2c89,594c6ef4147d245b2d14387e5b1e6356d0a15a78178ccc9d5b7e58fddad8d2de,PI,bernoulli,drop_0.25,19,361,8,50.0,45.125,pi_g19_d50_bernoulli_drop_0_25,reruns\grid_density\scenarios\clips\scaling_grid19_trials50.csv,clue_search,00,17,16,7,11,0,0,0,45,17,28,37,8,43,clue:3;collision_intent:17;pi_entry:8;state:17,325,65,completed
47,dcta_parity_v1,custom,2d78c6afcbcd65a18a1929ad87f91a1fc887754325485ab63fe3780cf2dd2c89,594c6ef4147d245b2d14387e5b1e6356d0a15a78178ccc9d5b7e58fddad8d2de,PI,bernoulli,drop_0.25,19,361,8,50.0,45.125,pi_g19_d50_bernoulli_drop_0_25,reruns\grid_density\scenarios\clips\scaling_grid19_trials50.csv,clue_search,01,15,14,13,3,1,3,1,49,19,30,37,12,47,clue:3;collision_intent:19;pi_clear_path:1;pi_entry:11;state:15,311,74,completed
47,dcta_parity_v1,custom,2d78c6afcbcd65a18a1929ad87f91a1fc887754325485ab63fe3780cf2dd2c89,594c6ef4147d245b2d14387e5b1e6356d0a15a78178ccc9d5b7e58fddad8d2de,PI,bernoulli,drop_0.25,19,361,8,50.0,45.125,pi_g19_d50_bernoulli_drop_0_25,reruns\grid_density\scenarios\clips\scaling_grid19_trials50.csv,clue_search,02,17,16,6,12,2,2,2,53,19,34,39,14,51,clue:3;collision_intent:19;pi_clear_path:1;pi_entry:13;state:17,322,60,completed
47,dcta_parity_v1,custom,2d78c6afcbcd65a18a1929ad87f91a1fc887754325485ab63fe3780cf2dd2c89,594c6ef4147d245b2d14387e5b1e6356d0a15a78178ccc9d5b7e58fddad8d2de,PI,bernoulli,drop_0.25,19,361,8,50.0,45.125,pi_g19_d50_bernoulli_drop_0_25,reruns\grid_density\scenarios\clips\scaling_grid19_trials50.csv,clue_search,03,16,15,13,4,1,2,2,62,19,43,38,24,60,clue:3;collision_intent:19;pi_entry:24;state:16,327,45,completed
47,dcta_parity_v1,custom,2d78c6afcbcd65a18a1929ad87f91a1fc887754325485ab63fe3780cf2dd2c89,594c6ef4147d245b2d14387e5b1e6356d0a15a78178ccc9d5b7e58fddad8d2de,PI,bernoulli,drop_0.25,19,361,8,50.0,45.125,pi_g19_d50_bernoulli_drop_0_25,reruns\grid_density\scenarios\clips\scaling_grid19_trials50.csv,clue_search,04,14,13,5,10,1,6,3,51,21,30,38,13,49,clue:3;collision_intent:21;pi_entry:13;state:14,315,67,completed
47,dcta_parity_v1,custom,2d78c6afcbcd65a18a1929ad87f91a1fc887754325485ab63fe3780cf2dd2c89,594c6ef4147d245b2d14387e5b1e6356d0a15a78178ccc9d5b7e58fddad8d2de,PI,bernoulli,drop_0.25,19,361,8,50.0,45.125,pi_g19_d50_bernoulli_drop_0_25,reruns\grid_density\scenarios\clips\scaling_grid19_trials50.csv,clue_search,05,18,17,14,5,1,0,0,60,18,42,39,21,58,clue:3;collision_intent:18;pi_entry:21;state:18,320,55,completed
47,dcta_parity_v1,custom,2d78c6afcbcd65a18a1929ad87f91a1fc887754325485ab63fe3780cf2dd2c89,594c6ef4147d245b2d14387e5b1e6356d0a15a78178ccc9d5b7e58fddad8d2de,PI,bernoulli,drop_0.25,19,361,8,50.0,45.125,pi_g19_d50_bernoulli_drop_0_25,reruns\grid_density\scenarios\clips\scaling_grid19_trials50.csv,clue_search,06,19,18,13,7,1,0,0,64,20,44,42,22,62,clue:3;collision_intent:19;pi_entry:22;state:19;target:1,316,55,completed
47,dcta_parity_v1,custom,2d78c6afcbcd65a18a1929ad87f91a1fc887754325485ab63fe3780cf2dd2c89,594c6ef4147d245b2d14387e5b1e6356d0a15a78178ccc9d5b7e58fddad8d2de,PI,bernoulli,drop_0.25,19,361,8,50.0,45.125,pi_g19_d50_bernoulli_drop_0_25,reruns\grid_density\scenarios\clips\scaling_grid19_trials50.csv,clue_search,07,18,18,6,13,0,1,1,51,19,32,40,11,50,clue:3;collision_intent:19;pi_entry:11;state:18,317,66,completed
48,dcta_parity_v1,custom,2d78c6afcbcd65a18a1929ad87f91a1fc887754325485ab63fe3780cf2dd2c89,594c6ef4147d245b2d14387e5b1e6356d0a15a78178ccc9d5b7e58fddad8d2de,PI,bernoulli,drop_0.25,19,361,8,50.0,45.125,pi_g19_d50_bernoulli_drop_0_25,reruns\grid_density\scenarios\clips\scaling_grid19_trials50.csv,clue_search,00,59,54,28,32,0,5,3,179,65,114,127,52,169,clue:3;collision_intent:65;pi_entry:52;state:59,1014,182,completed
48,dcta_parity_v1,custom,2d78c6afcbcd65a18a1929ad87f91a1fc887754325485ab63fe3780cf2dd2c89,594c6ef4147d245b2d14387e5b1e6356d0a15a78178ccc9d5b7e58fddad8d2de,PI,bernoulli,drop_0.25,19,361,8,50.0,45.125,pi_g19_d50_bernoulli_drop_0_25,reruns\grid_density\scenarios\clips\scaling_grid19_trials50.csv,clue_search,01,58,53,23,36,0,8,8,160,66,94,127,33,150,clue:3;collision_intent:66;pi_entry:33;state:58,1021,193,completed
48,dcta_parity_v1,custom,2d78c6afcbcd65a18a1929ad87f91a1fc887754325485ab63fe3780cf2dd2c89,594c6ef4147d245b2d14387e5b1e6356d0a15a78178ccc9d5b7e58fddad8d2de,PI,bernoulli,drop_0.25,19,361,8,50.0,45.125,pi_g19_d50_bernoulli_drop_0_25,reruns\grid_density\scenarios\clips\scaling_grid19_trials50.csv,clue_search,02,54,50,13,42,0,13,7,162,70,92,127,35,153,clue:3;collision_intent:70;pi_clear_path:1;pi_entry:34;state:54,1011,203,completed
48,dcta_parity_v1,custom,2d78c6afcbcd65a18a1929ad87f91a1fc887754325485ab63fe3780cf2dd2c89,594c6ef4147d245b2d14387e5b1e6356d0a15a78178ccc9d5b7e58fddad8d2de,PI,bernoulli,drop_0.25,19,361,8,50.0,45.125,pi_g19_d50_bernoulli_drop_0_25,reruns\grid_density\scenarios\clips\scaling_grid19_trials50.csv,clue_search,03,57,52,39,19,0,7,3,186,65,121,125,61,176,clue:3;collision_intent:64;pi_entry:61;state:57;target:1,1008,182,completed
48,dcta_parity_v1,custom,2d78c6afcbcd65a18a1929ad87f91a1fc887754325485ab63fe3780cf2dd2c89,594c6ef4147d245b2d14387e5b1e6356d0a15a78178ccc9d5b7e58fddad8d2de,PI,bernoulli,drop_0.25,19,361,8,50.0,45.125,pi_g19_d50_bernoulli_drop_0_25,reruns\grid_density\scenarios\clips\scaling_grid19_trials50.csv,clue_search,04,60,55,18,43,0,2,2,167,62,105,125,42,157,clue:3;collision_intent:62;pi_entry:42;state:60,1017,192,completed
48,dcta_parity_v1,custom,2d78c6afcbcd65a18a1929ad87f91a1fc887754325485ab63fe3780cf2dd2c89,594c6ef4147d245b2d14387e5b1e6356d0a15a78178ccc9d5b7e58fddad8d2de,PI,bernoulli,drop_0.25,19,361,8,50.0,45.125,pi_g19_d50_bernoulli_drop_0_25,reruns\grid_density\scenarios\clips\scaling_grid19_trials50.csv,clue_search,05,56,51,21,36,0,14,5,175,70,105,129,46,165,clue:3;collision_intent:70;pi_entry:46;state:56,1032,169,completed
48,dcta_parity_v1,custom,2d78c6afcbcd65a18a1929ad87f91a1fc887754325485ab63fe3780cf2dd2c89,594c6ef4147d245b2d14387e5b1e6356d0a15a78178ccc9d5b7e58fddad8d2de,PI,bernoulli,drop_0.25,19,361,8,50.0,45.125,pi_g19_d50_bernoulli_drop_0_25,reruns\grid_density\scenarios\clips\scaling_grid19_trials50.csv,clue_search,06,58,53,24,35,1,6,3,171,65,106,126,45,161,clue:3;collision_intent:65;pi_clear_path:1;pi_entry:44;state:58,1016,188,completed
48,dcta_parity_v1,custom,2d78c6afcbcd65a18a1929ad87f91a1fc887754325485ab63fe3780cf2dd2c89,594c6ef4147d245b2d14387e5b1e6356d0a15a78178ccc9d5b7e58fddad8d2de,PI,bernoulli,drop_0.25,19,361,8,50.0,45.125,pi_g19_d50_bernoulli_drop_0_25,reruns\grid_density\scenarios\clips\scaling_grid19_trials50.csv,clue_search,07,56,51,37,20,1,7,3,176,65,111,124,52,166,clue:3;collision_intent:65;pi_clear_path:1;pi_entry:51;state:56,1033,166,completed
49,dcta_parity_v1,custom,2d78c6afcbcd65a18a1929ad87f91a1fc887754325485ab63fe3780cf2dd2c89,594c6ef4147d245b2d14387e5b1e6356d0a15a78178ccc9d5b7e58fddad8d2de,PI,bernoulli,drop_0.25,19,361,8,50.0,45.125,pi_g19_d50_bernoulli_drop_0_25,reruns\grid_density\scenarios\clips\scaling_grid19_trials50.csv,clue_search,00,6,1,7,0,0,0,0,17,7,10,15,2,7,clue:2;collision_intent:7;pi_entry:2;state:6,102,16,completed
49,dcta_parity_v1,custom,2d78c6afcbcd65a18a1929ad87f91a1fc887754325485ab63fe3780cf2dd2c89,594c6ef4147d245b2d14387e5b1e6356d0a15a78178ccc9d5b7e58fddad8d2de,PI,bernoulli,drop_0.25,19,361,8,50.0,45.125,pi_g19_d50_bernoulli_drop_0_25,reruns\grid_density\scenarios\clips\scaling_grid19_trials50.csv,clue_search,01,7,2,8,0,0,0,0,22,8,14,17,5,12,clue:2;collision_intent:7;pi_entry:5;state:7;target:1,91,24,completed
49,dcta_parity_v1,custom,2d78c6afcbcd65a18a1929ad87f91a1fc887754325485ab63fe3780cf2dd2c89,594c6ef4147d245b2d14387e5b1e6356d0a15a78178ccc9d5b7e58fddad8d2de,PI,bernoulli,drop_0.25,19,361,8,50.0,45.125,pi_g19_d50_bernoulli_drop_0_25,reruns\grid_density\scenarios\clips\scaling_grid19_trials50.csv,clue_search,02,6,1,7,0,0,0,0,16,6,10,14,2,6,clue:2;collision_intent:6;pi_entry:2;state:6,103,17,completed
49,dcta_parity_v1,custom,2d78c6afcbcd65a18a1929ad87f91a1fc887754325485ab63fe3780cf2dd2c89,594c6ef4147d245b2d14387e5b1e6356d0a15a78178ccc9d5b7e58fddad8d2de,PI,bernoulli,drop_0.25,19,361,8,50.0,45.125,pi_g19_d50_bernoulli_drop_0_25,reruns\grid_density\scenarios\clips\scaling_grid19_trials50.csv,clue_search,03,6,2,7,0,0,0,0,17,6,11,14,3,9,clue:2;collision_intent:6;pi_entry:3;state:6,99,19,completed
49,dcta_parity_v1,custom,2d78c6afcbcd65a18a1929ad87f91a1fc887754325485ab63fe3780cf2dd2c89,594c6ef4147d245b2d14387e5b1e6356d0a15a78178ccc9d5b7e58fddad8d2de,PI,bernoulli,drop_0.25,19,361,8,50.0,45.125,pi_g19_d50_bernoulli_drop_0_25,reruns\grid_density\scenarios\clips\scaling_grid19_trials50.csv,clue_search,04,6,1,7,0,0,0,0,16,6,10,14,2,6,clue:2;collision_intent:6;pi_entry:2;state:6,107,13,completed
49,dcta_parity_v1,custom,2d78c6afcbcd65a18a1929ad87f91a1fc887754325485ab63fe3780cf2dd2c89,594c6ef4147d245b2d14387e5b1e6356d0a15a78178ccc9d5b7e58fddad8d2de,PI,bernoulli,drop_0.25,19,361,8,50.0,45.125,pi_g19_d50_bernoulli_drop_0_25,reruns\grid_density\scenarios\clips\scaling_grid19_trials50.csv,clue_search,05,6,1,7,0,0,0,0,17,6,11,14,3,7,clue:2;collision_intent:6;pi_clear_path:1;pi_entry:2;state:6,102,17,completed
49,dcta_parity_v1,custom,2d78c6afcbcd65a18a1929ad87f91a1fc887754325485ab63fe3780cf2dd2c89,594c6ef4147d245b2d14387e5b1e6356d0a15a78178ccc9d5b7e58fddad8d2de,PI,bernoulli,drop_0.25,19,361,8,50.0,45.125,pi_g19_d50_bernoulli_drop_0_25,reruns\grid_density\scenarios\clips\scaling_grid19_trials50.csv,clue_search,06,6,1,7,0,0,0,0,16,6,10,14,2,6,clue:2;collision_intent:6;pi_entry:2;state:6,97,24,completed
49,dcta_parity_v1,custom,2d78c6afcbcd65a18a1929ad87f91a1fc887754325485ab63fe3780cf2dd2c89,594c6ef4147d245b2d14387e5b1e6356d0a15a78178ccc9d5b7e58fddad8d2de,PI,bernoulli,drop_0.25,19,361,8,50.0,45.125,pi_g19_d50_bernoulli_drop_0_25,reruns\grid_density\scenarios\clips\scaling_grid19_trials50.csv,clue_search,07,6,1,7,0,0,0,0,16,6,10,14,2,6,clue:2;collision_intent:6;pi_entry:2;state:6,102,19,completed
