trial_id,trial_mode,algorithm,comm_model,comm_level,grid_size,grid_cells,robot_count,target_count,condition_id,scenario_file,target_index,target_x,target_y,first_completion_time_s,first_completion_sim_time_s,first_found_by_robot,first_finder_robot_id,total_visits,duplicate_visits,completed,trial_status
0,known_visit,HIPC,ideal,1.0,19,361,4,20,targets_20_hipc_h1_ideal,objective_tuning_target_load_pilot_25\scenarios\known_visit_g19_t20_n25.csv,1,11,7,33.220888366758075,33.220888366758075,01,01,1,0,True,completed
0,known_visit,HIPC,ideal,1.0,19,361,4,20,targets_20_hipc_h1_ideal,objective_tuning_target_load_pilot_25\scenarios\known_visit_g19_t20_n25.csv,2,17,15,36.40266115195558,36.40266115195558,03,03,1,0,True,completed
0,known_visit,HIPC,ideal,1.0,19,361,4,20,targets_20_hipc_h1_ideal,objective_tuning_target_load_pilot_25\scenarios\known_visit_g19_t20_n25.csv,3,14,5,42.07421444310288,42.07421444310288,01,01,1,0,True,completed
0,known_visit,HIPC,ideal,1.0,19,361,4,20,targets_20_hipc_h1_ideal,objective_tuning_target_load_pilot_25\scenarios\known_visit_g19_t20_n25.csv,4,8,0,12.207606395298361,12.207606395298361,00,00,1,0,True,completed
0,known_visit,HIPC,ideal,1.0,19,361,4,20,targets_20_hipc_h1_ideal,objective_tuning_target_load_pilot_25\scenarios\known_visit_g19_t20_n25.csv,5,14,15,31.117141551884853,31.117141551884853,03,03,1,0,True,completed
0,known_visit,HIPC,ideal,1.0,19,361,4,20,targets_20_hipc_h1_ideal,objective_tuning_target_load_pilot_25\scenarios\known_visit_g19_t20_n25.csv,6,7,5,22.77909498954641,22.77909498954641,00,00,1,0,True,completed
0,known_visit,HIPC,ideal,1.0,19,361,4,20,targets_20_hipc_h1_ideal,objective_tuning_target_load_pilot_25\scenarios\known_visit_g19_t20_n25.csv,7,2,6,2.007495437510537,2.007495437510537,01,01,1,0,True,completed
0,known_visit,HIPC,ideal,1.0,19,361,4,20,targets_20_hipc_h1_ideal,objective_tuning_target_load_pilot_25\scenarios\known_visit_g19_t20_n25.csv,8,3,8,7.345130338014446,7.345130338014446,01,01,1,0,True,completed
0,known_visit,HIPC,ideal,1.0,19,361,4,20,targets_20_hipc_h1_ideal,objective_tuning_target_load_pilot_25\scenarios\known_visit_g19_t20_n25.csv,9,12,12,27.45279848290397,27.45279848290397,02,02,1,0,True,completed
0,known_visit,HIPC,ideal,1.0,19,361,4,20,targets_20_hipc_h1_ideal,objective_tuning_target_load_pilot_25\scenarios\known_visit_g19_t20_n25.csv,10,16,5,45.50839986621545,45.50839986621545,01,01,1,0,True,completed
0,known_visit,HIPC,ideal,1.0,19,361,4,20,targets_20_hipc_h1_ideal,objective_tuning_target_load_pilot_25\scenarios\known_visit_g19_t20_n25.csv,11,10,14,20.036646897404843,20.036646897404843,02,02,1,0,True,completed
0,known_visit,HIPC,ideal,1.0,19,361,4,20,targets_20_hipc_h1_ideal,objective_tuning_target_load_pilot_25\scenarios\known_visit_g19_t20_n25.csv,12,3,18,3.5039933928283946,3.5039933928283946,03,03,1,0,True,completed
0,known_visit,HIPC,ideal,1.0,19,361,4,20,targets_20_hipc_h1_ideal,objective_tuning_target_load_pilot_25\scenarios\known_visit_g19_t20_n25.csv,13,10,12,23.8105703467221,23.8105703467221,02,02,1,0,True,completed
0,known_visit,HIPC,ideal,1.0,19,361,4,20,targets_20_hipc_h1_ideal,objective_tuning_target_load_pilot_25\scenarios\known_visit_g19_t20_n25.csv,14,5,18,6.843320876075169,6.843320876075169,03,03,1,0,True,completed
0,known_visit,HIPC,ideal,1.0,19,361,4,20,targets_20_hipc_h1_ideal,objective_tuning_target_load_pilot_25\scenarios\known_visit_g19_t20_n25.csv,15,13,14,27.230486304760987,27.230486304760987,03,03,1,0,True,completed
0,known_visit,HIPC,ideal,1.0,19,361,4,20,targets_20_hipc_h1_ideal,objective_tuning_target_load_pilot_25\scenarios\known_visit_g19_t20_n25.csv,16,4,11,14.393240545639237,14.393240545639237,01,01,1,0,True,completed
0,known_visit,HIPC,ideal,1.0,19,361,4,20,targets_20_hipc_h1_ideal,objective_tuning_target_load_pilot_25\scenarios\known_visit_g19_t20_n25.csv,17,12,18,18.39419128369376,18.39419128369376,03,03,1,0,True,completed
0,known_visit,HIPC,ideal,1.0,19,361,4,20,targets_20_hipc_h1_ideal,objective_tuning_target_load_pilot_25\scenarios\known_visit_g19_t20_n25.csv,18,1,14,3.8667921638020926,3.8667921638020926,02,02,1,0,True,completed
0,known_visit,HIPC,ideal,1.0,19,361,4,20,targets_20_hipc_h1_ideal,objective_tuning_target_load_pilot_25\scenarios\known_visit_g19_t20_n25.csv,19,15,10,36.06153945650642,36.06153945650642,02,02,1,0,True,completed
0,known_visit,HIPC,ideal,1.0,19,361,4,20,targets_20_hipc_h1_ideal,objective_tuning_target_load_pilot_25\scenarios\known_visit_g19_t20_n25.csv,20,11,10,28.24226341688183,28.24226341688183,01,01,1,0,True,completed
1,known_visit,HIPC,ideal,1.0,19,361,4,20,targets_20_hipc_h1_ideal,objective_tuning_target_load_pilot_25\scenarios\known_visit_g19_t20_n25.csv,1,10,3,28.580155834420662,28.580155834420662,00,00,1,0,True,completed
1,known_visit,HIPC,ideal,1.0,19,361,4,20,targets_20_hipc_h1_ideal,objective_tuning_target_load_pilot_25\scenarios\known_visit_g19_t20_n25.csv,2,7,11,16.485946763170208,16.485946763170208,02,02,1,0,True,completed
1,known_visit,HIPC,ideal,1.0,19,361,4,20,targets_20_hipc_h1_ideal,objective_tuning_target_load_pilot_25\scenarios\known_visit_g19_t20_n25.csv,3,0,1,0.4933977747892714,0.4933977747892714,00,00,1,0,True,completed
1,known_visit,HIPC,ideal,1.0,19,361,4,20,targets_20_hipc_h1_ideal,objective_tuning_target_load_pilot_25\scenarios\known_visit_g19_t20_n25.csv,4,9,4,32.39679122773055,32.39679122773055,00,00,1,0,True,completed
1,known_visit,HIPC,ideal,1.0,19,361,4,20,targets_20_hipc_h1_ideal,objective_tuning_target_load_pilot_25\scenarios\known_visit_g19_t20_n25.csv,5,0,3,3.8220736291248163,3.8220736291248163,00,00,1,0,True,completed
1,known_visit,HIPC,ideal,1.0,19,361,4,20,targets_20_hipc_h1_ideal,objective_tuning_target_load_pilot_25\scenarios\known_visit_g19_t20_n25.csv,6,3,5,10.132170173006417,10.132170173006417,01,01,1,0,True,completed
1,known_visit,HIPC,ideal,1.0,19,361,4,20,targets_20_hipc_h1_ideal,objective_tuning_target_load_pilot_25\scenarios\known_visit_g19_t20_n25.csv,7,1,17,2.2867536394645183,2.2867536394645183,03,03,1,0,True,completed
1,known_visit,HIPC,ideal,1.0,19,361,4,20,targets_20_hipc_h1_ideal,objective_tuning_target_load_pilot_25\scenarios\known_visit_g19_t20_n25.csv,8,3,17,5.997156139930057,5.997156139930057,03,03,1,0,True,completed
1,known_visit,HIPC,ideal,1.0,19,361,4,20,targets_20_hipc_h1_ideal,objective_tuning_target_load_pilot_25\scenarios\known_visit_g19_t20_n25.csv,9,12,8,31.199494768446566,31.199494768446566,02,02,1,0,True,completed
1,known_visit,HIPC,ideal,1.0,19,361,4,20,targets_20_hipc_h1_ideal,objective_tuning_target_load_pilot_25\scenarios\known_visit_g19_t20_n25.csv,10,15,13,37.830849768303075,37.830849768303075,03,03,1,0,True,completed
1,known_visit,HIPC,ideal,1.0,19,361,4,20,targets_20_hipc_h1_ideal,objective_tuning_target_load_pilot_25\scenarios\known_visit_g19_t20_n25.csv,11,5,5,13.708380343400815,13.708380343400815,01,01,1,0,True,completed
1,known_visit,HIPC,ideal,1.0,19,361,4,20,targets_20_hipc_h1_ideal,objective_tuning_target_load_pilot_25\scenarios\known_visit_g19_t20_n25.csv,12,18,7,43.294043040951586,43.294043040951586,02,02,1,0,True,completed
1,known_visit,HIPC,ideal,1.0,19,361,4,20,targets_20_hipc_h1_ideal,objective_tuning_target_load_pilot_25\scenarios\known_visit_g19_t20_n25.csv,13,2,12,1.8752619018648364,1.8752619018648364,02,02,1,0,True,completed
1,known_visit,HIPC,ideal,1.0,19,361,4,20,targets_20_hipc_h1_ideal,objective_tuning_target_load_pilot_25\scenarios\known_visit_g19_t20_n25.csv,14,1,3,5.766147082437189,5.766147082437189,00,00,1,0,True,completed
1,known_visit,HIPC,ideal,1.0,19,361,4,20,targets_20_hipc_h1_ideal,objective_tuning_target_load_pilot_25\scenarios\known_visit_g19_t20_n25.csv,15,8,10,20.477781194788147,20.477781194788147,02,02,1,0,True,completed
1,known_visit,HIPC,ideal,1.0,19,361,4,20,targets_20_hipc_h1_ideal,objective_tuning_target_load_pilot_25\scenarios\known_visit_g19_t20_n25.csv,16,4,1,14.388133055076477,14.388133055076477,00,00,1,0,True,completed
1,known_visit,HIPC,ideal,1.0,19,361,4,20,targets_20_hipc_h1_ideal,objective_tuning_target_load_pilot_25\scenarios\known_visit_g19_t20_n25.csv,17,4,10,8.99281160423167,8.99281160423167,02,02,1,0,True,completed
1,known_visit,HIPC,ideal,1.0,19,361,4,20,targets_20_hipc_h1_ideal,objective_tuning_target_load_pilot_25\scenarios\known_visit_g19_t20_n25.csv,18,16,15,32.22832446810934,32.22832446810934,03,03,1,0,True,completed
1,known_visit,HIPC,ideal,1.0,19,361,4,20,targets_20_hipc_h1_ideal,objective_tuning_target_load_pilot_25\scenarios\known_visit_g19_t20_n25.csv,19,2,7,23.047171623376357,23.047171623376357,01,01,1,0,True,completed
1,known_visit,HIPC,ideal,1.0,19,361,4,20,targets_20_hipc_h1_ideal,objective_tuning_target_load_pilot_25\scenarios\known_visit_g19_t20_n25.csv,20,10,2,26.887561056848977,26.887561056848977,00,00,1,0,True,completed
2,known_visit,HIPC,ideal,1.0,19,361,4,20,targets_20_hipc_h1_ideal,objective_tuning_target_load_pilot_25\scenarios\known_visit_g19_t20_n25.csv,1,8,17,14.362394907564505,14.362394907564505,03,03,1,0,True,completed
2,known_visit,HIPC,ideal,1.0,19,361,4,20,targets_20_hipc_h1_ideal,objective_tuning_target_load_pilot_25\scenarios\known_visit_g19_t20_n25.csv,2,9,7,19.956290539183865,19.956290539183865,01,01,1,0,True,completed
2,known_visit,HIPC,ideal,1.0,19,361,4,20,targets_20_hipc_h1_ideal,objective_tuning_target_load_pilot_25\scenarios\known_visit_g19_t20_n25.csv,3,13,2,32.61371957347269,32.61371957347269,00,00,1,0,True,completed
2,known_visit,HIPC,ideal,1.0,19,361,4,20,targets_20_hipc_h1_ideal,objective_tuning_target_load_pilot_25\scenarios\known_visit_g19_t20_n25.csv,4,17,3,40.9551381872355,40.9551381872355,01,01,1,0,True,completed
2,known_visit,HIPC,ideal,1.0,19,361,4,20,targets_20_hipc_h1_ideal,objective_tuning_target_load_pilot_25\scenarios\known_visit_g19_t20_n25.csv,5,16,16,44.178379491803405,44.178379491803405,02,02,1,0,True,completed
2,known_visit,HIPC,ideal,1.0,19,361,4,20,targets_20_hipc_h1_ideal,objective_tuning_target_load_pilot_25\scenarios\known_visit_g19_t20_n25.csv,6,10,9,21.17405251159599,21.17405251159599,02,02,1,0,True,completed
2,known_visit,HIPC,ideal,1.0,19,361,4,20,targets_20_hipc_h1_ideal,objective_tuning_target_load_pilot_25\scenarios\known_visit_g19_t20_n25.csv,7,9,6,18.214891207913464,18.214891207913464,01,01,1,0,True,completed
2,known_visit,HIPC,ideal,1.0,19,361,4,20,targets_20_hipc_h1_ideal,objective_tuning_target_load_pilot_25\scenarios\known_visit_g19_t20_n25.csv,8,17,15,48.288958527420114,48.288958527420114,02,02,1,0,True,completed
2,known_visit,HIPC,ideal,1.0,19,361,4,20,targets_20_hipc_h1_ideal,objective_tuning_target_load_pilot_25\scenarios\known_visit_g19_t20_n25.csv,9,6,12,8.432566847577224,8.432566847577224,02,02,1,0,True,completed
2,known_visit,HIPC,ideal,1.0,19,361,4,20,targets_20_hipc_h1_ideal,objective_tuning_target_load_pilot_25\scenarios\known_visit_g19_t20_n25.csv,10,17,0,46.108183967232634,46.108183967232634,01,01,1,0,True,completed
2,known_visit,HIPC,ideal,1.0,19,361,4,20,targets_20_hipc_h1_ideal,objective_tuning_target_load_pilot_25\scenarios\known_visit_g19_t20_n25.csv,11,1,17,2.0922048107328006,2.0922048107328006,03,03,1,0,True,completed
2,known_visit,HIPC,ideal,1.0,19,361,4,20,targets_20_hipc_h1_ideal,objective_tuning_target_load_pilot_25\scenarios\known_visit_g19_t20_n25.csv,12,7,10,14.020647975099424,14.020647975099424,02,02,1,0,True,completed
2,known_visit,HIPC,ideal,1.0,19,361,4,20,targets_20_hipc_h1_ideal,objective_tuning_target_load_pilot_25\scenarios\known_visit_g19_t20_n25.csv,13,13,18,39.22096633521642,39.22096633521642,03,03,1,0,True,completed
2,known_visit,HIPC,ideal,1.0,19,361,4,20,targets_20_hipc_h1_ideal,objective_tuning_target_load_pilot_25\scenarios\known_visit_g19_t20_n25.csv,14,11,15,23.372575078491934,23.372575078491934,03,03,1,0,True,completed
2,known_visit,HIPC,ideal,1.0,19,361,4,20,targets_20_hipc_h1_ideal,objective_tuning_target_load_pilot_25\scenarios\known_visit_g19_t20_n25.csv,15,0,1,0.502230212216684,0.502230212216684,00,00,1,0,True,completed
2,known_visit,HIPC,ideal,1.0,19,361,4,20,targets_20_hipc_h1_ideal,objective_tuning_target_load_pilot_25\scenarios\known_visit_g19_t20_n25.csv,16,3,17,5.784533919424598,5.784533919424598,03,03,1,0,True,completed
2,known_visit,HIPC,ideal,1.0,19,361,4,20,targets_20_hipc_h1_ideal,objective_tuning_target_load_pilot_25\scenarios\known_visit_g19_t20_n25.csv,17,3,0,11.255615847762282,11.255615847762282,00,00,1,0,True,completed
2,known_visit,HIPC,ideal,1.0,19,361,4,20,targets_20_hipc_h1_ideal,objective_tuning_target_load_pilot_25\scenarios\known_visit_g19_t20_n25.csv,18,13,13,30.304658884492177,30.304658884492177,03,03,1,0,True,completed
2,known_visit,HIPC,ideal,1.0,19,361,4,20,targets_20_hipc_h1_ideal,objective_tuning_target_load_pilot_25\scenarios\known_visit_g19_t20_n25.csv,19,15,18,42.94649846599942,42.94649846599942,03,03,1,0,True,completed
2,known_visit,HIPC,ideal,1.0,19,361,4,20,targets_20_hipc_h1_ideal,objective_tuning_target_load_pilot_25\scenarios\known_visit_g19_t20_n25.csv,20,0,2,2.107749124057252,2.107749124057252,00,00,1,0,True,completed
3,known_visit,HIPC,ideal,1.0,19,361,4,20,targets_20_hipc_h1_ideal,objective_tuning_target_load_pilot_25\scenarios\known_visit_g19_t20_n25.csv,1,12,12,34.22046234103745,34.22046234103745,02,02,1,0,True,completed
3,known_visit,HIPC,ideal,1.0,19,361,4,20,targets_20_hipc_h1_ideal,objective_tuning_target_load_pilot_25\scenarios\known_visit_g19_t20_n25.csv,2,17,11,50.53393999554599,50.53393999554599,01,01,1,0,True,completed
3,known_visit,HIPC,ideal,1.0,19,361,4,20,targets_20_hipc_h1_ideal,objective_tuning_target_load_pilot_25\scenarios\known_visit_g19_t20_n25.csv,3,2,6,1.8949144765045438,1.8949144765045438,01,01,1,0,True,completed
3,known_visit,HIPC,ideal,1.0,19,361,4,20,targets_20_hipc_h1_ideal,objective_tuning_target_load_pilot_25\scenarios\known_visit_g19_t20_n25.csv,4,9,13,23.182851670960765,23.182851670960765,03,03,1,0,True,completed
3,known_visit,HIPC,ideal,1.0,19,361,4,20,targets_20_hipc_h1_ideal,objective_tuning_target_load_pilot_25\scenarios\known_visit_g19_t20_n25.csv,5,2,17,3.9467266529702325,3.9467266529702325,03,03,1,0,True,completed
3,known_visit,HIPC,ideal,1.0,19,361,4,20,targets_20_hipc_h1_ideal,objective_tuning_target_load_pilot_25\scenarios\known_visit_g19_t20_n25.csv,6,6,11,10.735111944148063,10.735111944148063,02,02,1,0,True,completed
3,known_visit,HIPC,ideal,1.0,19,361,4,20,targets_20_hipc_h1_ideal,objective_tuning_target_load_pilot_25\scenarios\known_visit_g19_t20_n25.csv,7,17,3,37.217891550191595,37.217891550191595,00,00,1,0,True,completed
3,known_visit,HIPC,ideal,1.0,19,361,4,20,targets_20_hipc_h1_ideal,objective_tuning_target_load_pilot_25\scenarios\known_visit_g19_t20_n25.csv,8,5,8,14.637221115721186,14.637221115721186,01,01,1,0,True,completed
3,known_visit,HIPC,ideal,1.0,19,361,4,20,targets_20_hipc_h1_ideal,objective_tuning_target_load_pilot_25\scenarios\known_visit_g19_t20_n25.csv,9,14,10,44.283357605447854,44.283357605447854,02,02,1,0,True,completed
3,known_visit,HIPC,ideal,1.0,19,361,4,20,targets_20_hipc_h1_ideal,objective_tuning_target_load_pilot_25\scenarios\known_visit_g19_t20_n25.csv,10,16,4,33.25118197566254,33.25118197566254,00,00,1,0,True,completed
3,known_visit,HIPC,ideal,1.0,19,361,4,20,targets_20_hipc_h1_ideal,objective_tuning_target_load_pilot_25\scenarios\known_visit_g19_t20_n25.csv,11,8,15,17.818190741276275,17.818190741276275,03,03,1,0,True,completed
3,known_visit,HIPC,ideal,1.0,19,361,4,20,targets_20_hipc_h1_ideal,objective_tuning_target_load_pilot_25\scenarios\known_visit_g19_t20_n25.csv,12,18,8,48.115972219665885,48.115972219665885,00,00,1,0,True,completed
3,known_visit,HIPC,ideal,1.0,19,361,4,20,targets_20_hipc_h1_ideal,objective_tuning_target_load_pilot_25\scenarios\known_visit_g19_t20_n25.csv,13,9,8,21.64204706187557,21.64204706187557,02,02,1,0,True,completed
3,known_visit,HIPC,ideal,1.0,19,361,4,20,targets_20_hipc_h1_ideal,objective_tuning_target_load_pilot_25\scenarios\known_visit_g19_t20_n25.csv,14,6,10,12.51131696341758,12.51131696341758,02,02,1,0,True,completed
3,known_visit,HIPC,ideal,1.0,19,361,4,20,targets_20_hipc_h1_ideal,objective_tuning_target_load_pilot_25\scenarios\known_visit_g19_t20_n25.csv,15,10,16,30.603819294384184,30.603819294384184,03,03,1,0,True,completed
3,known_visit,HIPC,ideal,1.0,19,361,4,20,targets_20_hipc_h1_ideal,objective_tuning_target_load_pilot_25\scenarios\known_visit_g19_t20_n25.csv,16,10,8,23.61641205155105,23.61641205155105,02,02,1,0,True,completed
3,known_visit,HIPC,ideal,1.0,19,361,4,20,targets_20_hipc_h1_ideal,objective_tuning_target_load_pilot_25\scenarios\known_visit_g19_t20_n25.csv,17,12,0,19.228845584599494,19.228845584599494,00,00,1,0,True,completed
3,known_visit,HIPC,ideal,1.0,19,361,4,20,targets_20_hipc_h1_ideal,objective_tuning_target_load_pilot_25\scenarios\known_visit_g19_t20_n25.csv,18,6,6,9.052968973928495,9.052968973928495,01,01,1,0,True,completed
3,known_visit,HIPC,ideal,1.0,19,361,4,20,targets_20_hipc_h1_ideal,objective_tuning_target_load_pilot_25\scenarios\known_visit_g19_t20_n25.csv,19,1,18,0.22142777643624778,0.22142777643624778,03,03,1,0,True,completed
3,known_visit,HIPC,ideal,1.0,19,361,4,20,targets_20_hipc_h1_ideal,objective_tuning_target_load_pilot_25\scenarios\known_visit_g19_t20_n25.csv,20,3,12,3.6090145518595667,3.6090145518595667,02,02,1,0,True,completed
4,known_visit,HIPC,ideal,1.0,19,361,4,20,targets_20_hipc_h1_ideal,objective_tuning_target_load_pilot_25\scenarios\known_visit_g19_t20_n25.csv,1,10,14,19.33072593977913,19.33072593977913,02,02,1,0,True,completed
4,known_visit,HIPC,ideal,1.0,19,361,4,20,targets_20_hipc_h1_ideal,objective_tuning_target_load_pilot_25\scenarios\known_visit_g19_t20_n25.csv,2,3,1,9.816077782365463,9.816077782365463,00,00,1,0,True,completed
4,known_visit,HIPC,ideal,1.0,19,361,4,20,targets_20_hipc_h1_ideal,objective_tuning_target_load_pilot_25\scenarios\known_visit_g19_t20_n25.csv,3,12,5,33.13209235337774,33.13209235337774,00,00,1,0,True,completed
4,known_visit,HIPC,ideal,1.0,19,361,4,20,targets_20_hipc_h1_ideal,objective_tuning_target_load_pilot_25\scenarios\known_visit_g19_t20_n25.csv,4,12,17,25.54361653895538,25.54361653895538,03,03,1,0,True,completed
4,known_visit,HIPC,ideal,1.0,19,361,4,20,targets_20_hipc_h1_ideal,objective_tuning_target_load_pilot_25\scenarios\known_visit_g19_t20_n25.csv,5,17,8,43.30364625521245,43.30364625521245,01,01,1,0,True,completed
4,known_visit,HIPC,ideal,1.0,19,361,4,20,targets_20_hipc_h1_ideal,objective_tuning_target_load_pilot_25\scenarios\known_visit_g19_t20_n25.csv,6,8,7,25.343335966610287,25.343335966610287,01,01,1,0,True,completed
4,known_visit,HIPC,ideal,1.0,19,361,4,20,targets_20_hipc_h1_ideal,objective_tuning_target_load_pilot_25\scenarios\known_visit_g19_t20_n25.csv,7,17,13,41.33001820410944,41.33001820410944,03,03,1,0,True,completed
4,known_visit,HIPC,ideal,1.0,19,361,4,20,targets_20_hipc_h1_ideal,objective_tuning_target_load_pilot_25\scenarios\known_visit_g19_t20_n25.csv,8,4,6,5.162681136124022,5.162681136124022,01,01,1,0,True,completed
4,known_visit,HIPC,ideal,1.0,19,361,4,20,targets_20_hipc_h1_ideal,objective_tuning_target_load_pilot_25\scenarios\known_visit_g19_t20_n25.csv,9,5,18,11.193469238491934,11.193469238491934,03,03,1,0,True,completed
4,known_visit,HIPC,ideal,1.0,19,361,4,20,targets_20_hipc_h1_ideal,objective_tuning_target_load_pilot_25\scenarios\known_visit_g19_t20_n25.csv,10,10,10,30.17230783405541,30.17230783405541,02,02,1,0,True,completed
4,known_visit,HIPC,ideal,1.0,19,361,4,20,targets_20_hipc_h1_ideal,objective_tuning_target_load_pilot_25\scenarios\known_visit_g19_t20_n25.csv,11,2,2,5.813102135302324,5.813102135302324,00,00,1,0,True,completed
4,known_visit,HIPC,ideal,1.0,19,361,4,20,targets_20_hipc_h1_ideal,objective_tuning_target_load_pilot_25\scenarios\known_visit_g19_t20_n25.csv,12,8,1,18.814562439861852,18.814562439861852,00,00,1,0,True,completed
4,known_visit,HIPC,ideal,1.0,19,361,4,20,targets_20_hipc_h1_ideal,objective_tuning_target_load_pilot_25\scenarios\known_visit_g19_t20_n25.csv,13,2,13,3.9531338229643365,3.9531338229643365,02,02,1,0,True,completed
4,known_visit,HIPC,ideal,1.0,19,361,4,20,targets_20_hipc_h1_ideal,objective_tuning_target_load_pilot_25\scenarios\known_visit_g19_t20_n25.csv,14,7,8,21.292979952062165,21.292979952062165,01,01,1,0,True,completed
4,known_visit,HIPC,ideal,1.0,19,361,4,20,targets_20_hipc_h1_ideal,objective_tuning_target_load_pilot_25\scenarios\known_visit_g19_t20_n25.csv,15,4,17,7.22465332781118,7.22465332781118,03,03,1,0,True,completed
4,known_visit,HIPC,ideal,1.0,19,361,4,20,targets_20_hipc_h1_ideal,objective_tuning_target_load_pilot_25\scenarios\known_visit_g19_t20_n25.csv,16,2,12,1.922228662525623,1.922228662525623,02,02,1,0,True,completed
4,known_visit,HIPC,ideal,1.0,19,361,4,20,targets_20_hipc_h1_ideal,objective_tuning_target_load_pilot_25\scenarios\known_visit_g19_t20_n25.csv,17,5,4,10.460404120943085,10.460404120943085,01,01,1,0,True,completed
4,known_visit,HIPC,ideal,1.0,19,361,4,20,targets_20_hipc_h1_ideal,objective_tuning_target_load_pilot_25\scenarios\known_visit_g19_t20_n25.csv,18,11,12,24.741711415461037,24.741711415461037,02,02,1,0,True,completed
4,known_visit,HIPC,ideal,1.0,19,361,4,20,targets_20_hipc_h1_ideal,objective_tuning_target_load_pilot_25\scenarios\known_visit_g19_t20_n25.csv,19,11,2,26.015276375207744,26.015276375207744,00,00,1,0,True,completed
4,known_visit,HIPC,ideal,1.0,19,361,4,20,targets_20_hipc_h1_ideal,objective_tuning_target_load_pilot_25\scenarios\known_visit_g19_t20_n25.csv,20,13,9,37.38157559428908,37.38157559428908,02,02,1,0,True,completed
5,known_visit,HIPC,ideal,1.0,19,361,4,20,targets_20_hipc_h1_ideal,objective_tuning_target_load_pilot_25\scenarios\known_visit_g19_t20_n25.csv,1,11,10,24.389955049200246,24.389955049200246,02,02,1,0,True,completed
5,known_visit,HIPC,ideal,1.0,19,361,4,20,targets_20_hipc_h1_ideal,objective_tuning_target_load_pilot_25\scenarios\known_visit_g19_t20_n25.csv,2,3,13,12.455801442097782,12.455801442097782,03,03,1,0,True,completed
5,known_visit,HIPC,ideal,1.0,19,361,4,20,targets_20_hipc_h1_ideal,objective_tuning_target_load_pilot_25\scenarios\known_visit_g19_t20_n25.csv,3,17,2,40.067449896916536,40.067449896916536,00,00,1,0,True,completed
5,known_visit,HIPC,ideal,1.0,19,361,4,20,targets_20_hipc_h1_ideal,objective_tuning_target_load_pilot_25\scenarios\known_visit_g19_t20_n25.csv,4,10,12,26.215978781692083,26.215978781692083,03,03,1,0,True,completed
5,known_visit,HIPC,ideal,1.0,19,361,4,20,targets_20_hipc_h1_ideal,objective_tuning_target_load_pilot_25\scenarios\known_visit_g19_t20_n25.csv,5,7,0,14.738421174730233,14.738421174730233,00,00,1,0,True,completed
5,known_visit,HIPC,ideal,1.0,19,361,4,20,targets_20_hipc_h1_ideal,objective_tuning_target_load_pilot_25\scenarios\known_visit_g19_t20_n25.csv,6,1,9,5.354693256491435,5.354693256491435,02,02,1,0,True,completed
5,known_visit,HIPC,ideal,1.0,19,361,4,20,targets_20_hipc_h1_ideal,objective_tuning_target_load_pilot_25\scenarios\known_visit_g19_t20_n25.csv,7,9,9,19.032470604527365,19.032470604527365,02,02,1,0,True,completed
5,known_visit,HIPC,ideal,1.0,19,361,4,20,targets_20_hipc_h1_ideal,objective_tuning_target_load_pilot_25\scenarios\known_visit_g19_t20_n25.csv,8,5,1,8.957351202545205,8.957351202545205,00,00,1,0,True,completed
5,known_visit,HIPC,ideal,1.0,19,361,4,20,targets_20_hipc_h1_ideal,objective_tuning_target_load_pilot_25\scenarios\known_visit_g19_t20_n25.csv,9,12,13,31.596967622977047,31.596967622977047,02,02,2,1,True,completed
5,known_visit,HIPC,ideal,1.0,19,361,4,20,targets_20_hipc_h1_ideal,objective_tuning_target_load_pilot_25\scenarios\known_visit_g19_t20_n25.csv,10,16,10,48.96505033380162,48.96505033380162,03,03,1,0,True,completed
5,known_visit,HIPC,ideal,1.0,19,361,4,20,targets_20_hipc_h1_ideal,objective_tuning_target_load_pilot_25\scenarios\known_visit_g19_t20_n25.csv,11,17,5,36.864694781972275,36.864694781972275,01,01,1,0,True,completed
5,known_visit,HIPC,ideal,1.0,19,361,4,20,targets_20_hipc_h1_ideal,objective_tuning_target_load_pilot_25\scenarios\known_visit_g19_t20_n25.csv,12,18,6,40.577046240144185,40.577046240144185,01,01,1,0,True,completed
5,known_visit,HIPC,ideal,1.0,19,361,4,20,targets_20_hipc_h1_ideal,objective_tuning_target_load_pilot_25\scenarios\known_visit_g19_t20_n25.csv,13,11,11,26.014580433063077,26.014580433063077,02,02,1,0,True,completed
5,known_visit,HIPC,ideal,1.0,19,361,4,20,targets_20_hipc_h1_ideal,objective_tuning_target_load_pilot_25\scenarios\known_visit_g19_t20_n25.csv,14,8,9,17.41397296713446,17.41397296713446,02,02,1,0,True,completed
5,known_visit,HIPC,ideal,1.0,19,361,4,20,targets_20_hipc_h1_ideal,objective_tuning_target_load_pilot_25\scenarios\known_visit_g19_t20_n25.csv,15,12,2,31.374667266912866,31.374667266912866,00,00,1,0,True,completed
5,known_visit,HIPC,ideal,1.0,19,361,4,20,targets_20_hipc_h1_ideal,objective_tuning_target_load_pilot_25\scenarios\known_visit_g19_t20_n25.csv,16,8,3,22.227156158660936,22.227156158660936,00,00,1,0,True,completed
5,known_visit,HIPC,ideal,1.0,19,361,4,20,targets_20_hipc_h1_ideal,objective_tuning_target_load_pilot_25\scenarios\known_visit_g19_t20_n25.csv,17,13,16,38.78777793926942,38.78777793926942,02,02,1,0,True,completed
5,known_visit,HIPC,ideal,1.0,19,361,4,20,targets_20_hipc_h1_ideal,objective_tuning_target_load_pilot_25\scenarios\known_visit_g19_t20_n25.csv,18,1,12,0.1323600403700354,0.1323600403700354,02,02,1,0,True,completed
5,known_visit,HIPC,ideal,1.0,19,361,4,20,targets_20_hipc_h1_ideal,objective_tuning_target_load_pilot_25\scenarios\known_visit_g19_t20_n25.csv,19,8,12,22.78584875795373,22.78584875795373,03,03,1,0,True,completed
5,known_visit,HIPC,ideal,1.0,19,361,4,20,targets_20_hipc_h1_ideal,objective_tuning_target_load_pilot_25\scenarios\known_visit_g19_t20_n25.csv,20,4,5,14.560459373982026,14.560459373982026,01,01,1,0,True,completed
6,known_visit,HIPC,ideal,1.0,19,361,4,20,targets_20_hipc_h1_ideal,objective_tuning_target_load_pilot_25\scenarios\known_visit_g19_t20_n25.csv,1,2,9,7.027917485949601,7.027917485949601,01,01,1,0,True,completed
6,known_visit,HIPC,ideal,1.0,19,361,4,20,targets_20_hipc_h1_ideal,objective_tuning_target_load_pilot_25\scenarios\known_visit_g19_t20_n25.csv,2,9,11,16.473699178120654,16.473699178120654,02,02,1,0,True,completed
6,known_visit,HIPC,ideal,1.0,19,361,4,20,targets_20_hipc_h1_ideal,objective_tuning_target_load_pilot_25\scenarios\known_visit_g19_t20_n25.csv,3,17,12,45.91430407338374,45.91430407338374,03,03,1,0,True,completed
6,known_visit,HIPC,ideal,1.0,19,361,4,20,targets_20_hipc_h1_ideal,objective_tuning_target_load_pilot_25\scenarios\known_visit_g19_t20_n25.csv,4,16,3,31.831239277323938,31.831239277323938,00,00,1,0,True,completed
6,known_visit,HIPC,ideal,1.0,19,361,4,20,targets_20_hipc_h1_ideal,objective_tuning_target_load_pilot_25\scenarios\known_visit_g19_t20_n25.csv,5,18,4,45.3215096649635,45.3215096649635,02,02,1,0,True,completed
6,known_visit,HIPC,ideal,1.0,19,361,4,20,targets_20_hipc_h1_ideal,objective_tuning_target_load_pilot_25\scenarios\known_visit_g19_t20_n25.csv,6,12,18,26.2613343222543,26.2613343222543,03,03,1,0,True,completed
6,known_visit,HIPC,ideal,1.0,19,361,4,20,targets_20_hipc_h1_ideal,objective_tuning_target_load_pilot_25\scenarios\known_visit_g19_t20_n25.csv,7,11,8,24.937998691177302,24.937998691177302,01,01,1,0,True,completed
6,known_visit,HIPC,ideal,1.0,19,361,4,20,targets_20_hipc_h1_ideal,objective_tuning_target_load_pilot_25\scenarios\known_visit_g19_t20_n25.csv,8,14,6,34.29226550190087,34.29226550190087,02,02,1,0,True,completed
6,known_visit,HIPC,ideal,1.0,19,361,4,20,targets_20_hipc_h1_ideal,objective_tuning_target_load_pilot_25\scenarios\known_visit_g19_t20_n25.csv,9,13,10,25.169398571287527,25.169398571287527,02,02,1,0,True,completed
6,known_visit,HIPC,ideal,1.0,19,361,4,20,targets_20_hipc_h1_ideal,objective_tuning_target_load_pilot_25\scenarios\known_visit_g19_t20_n25.csv,10,4,8,12.800876997592743,12.800876997592743,01,01,1,0,True,completed
6,known_visit,HIPC,ideal,1.0,19,361,4,20,targets_20_hipc_h1_ideal,objective_tuning_target_load_pilot_25\scenarios\known_visit_g19_t20_n25.csv,11,10,16,18.993935387879876,18.993935387879876,03,03,1,0,True,completed
6,known_visit,HIPC,ideal,1.0,19,361,4,20,targets_20_hipc_h1_ideal,objective_tuning_target_load_pilot_25\scenarios\known_visit_g19_t20_n25.csv,12,10,18,15.348998708972186,15.348998708972186,03,03,1,0,True,completed
6,known_visit,HIPC,ideal,1.0,19,361,4,20,targets_20_hipc_h1_ideal,objective_tuning_target_load_pilot_25\scenarios\known_visit_g19_t20_n25.csv,13,12,3,24.703265104952305,24.703265104952305,00,00,1,0,True,completed
6,known_visit,HIPC,ideal,1.0,19,361,4,20,targets_20_hipc_h1_ideal,objective_tuning_target_load_pilot_25\scenarios\known_visit_g19_t20_n25.csv,14,6,11,10.822605406635573,10.822605406635573,02,02,1,0,True,completed
6,known_visit,HIPC,ideal,1.0,19,361,4,20,targets_20_hipc_h1_ideal,objective_tuning_target_load_pilot_25\scenarios\known_visit_g19_t20_n25.csv,15,5,0,7.221499159393927,7.221499159393927,00,00,1,0,True,completed
6,known_visit,HIPC,ideal,1.0,19,361,4,20,targets_20_hipc_h1_ideal,objective_tuning_target_load_pilot_25\scenarios\known_visit_g19_t20_n25.csv,16,2,6,1.8176437440948143,1.8176437440948143,01,01,1,0,True,completed
6,known_visit,HIPC,ideal,1.0,19,361,4,20,targets_20_hipc_h1_ideal,objective_tuning_target_load_pilot_25\scenarios\known_visit_g19_t20_n25.csv,17,15,1,37.630250005220134,37.630250005220134,00,00,1,0,True,completed
6,known_visit,HIPC,ideal,1.0,19,361,4,20,targets_20_hipc_h1_ideal,objective_tuning_target_load_pilot_25\scenarios\known_visit_g19_t20_n25.csv,18,13,3,26.79426165349993,26.79426165349993,00,00,1,0,True,completed
6,known_visit,HIPC,ideal,1.0,19,361,4,20,targets_20_hipc_h1_ideal,objective_tuning_target_load_pilot_25\scenarios\known_visit_g19_t20_n25.csv,19,13,7,30.513568153425545,30.513568153425545,02,02,1,0,True,completed
6,known_visit,HIPC,ideal,1.0,19,361,4,20,targets_20_hipc_h1_ideal,objective_tuning_target_load_pilot_25\scenarios\known_visit_g19_t20_n25.csv,20,11,6,28.734737628934877,28.734737628934877,01,01,1,0,True,completed
7,known_visit,HIPC,ideal,1.0,19,361,4,20,targets_20_hipc_h1_ideal,objective_tuning_target_load_pilot_25\scenarios\known_visit_g19_t20_n25.csv,1,4,7,15.14580125284073,15.14580125284073,01,01,1,0,True,completed
7,known_visit,HIPC,ideal,1.0,19,361,4,20,targets_20_hipc_h1_ideal,objective_tuning_target_load_pilot_25\scenarios\known_visit_g19_t20_n25.csv,2,11,12,33.391237763315544,33.391237763315544,02,02,1,0,True,completed
7,known_visit,HIPC,ideal,1.0,19,361,4,20,targets_20_hipc_h1_ideal,objective_tuning_target_load_pilot_25\scenarios\known_visit_g19_t20_n25.csv,3,14,18,38.37074657828904,38.37074657828904,03,03,1,0,True,completed
7,known_visit,HIPC,ideal,1.0,19,361,4,20,targets_20_hipc_h1_ideal,objective_tuning_target_load_pilot_25\scenarios\known_visit_g19_t20_n25.csv,4,4,5,7.366490225740062,7.366490225740062,01,01,1,0,True,completed
7,known_visit,HIPC,ideal,1.0,19,361,4,20,targets_20_hipc_h1_ideal,objective_tuning_target_load_pilot_25\scenarios\known_visit_g19_t20_n25.csv,5,9,6,47.45005742467897,47.45005742467897,02,02,1,0,True,completed
7,known_visit,HIPC,ideal,1.0,19,361,4,20,targets_20_hipc_h1_ideal,objective_tuning_target_load_pilot_25\scenarios\known_visit_g19_t20_n25.csv,6,16,18,41.72732319991505,41.72732319991505,03,03,1,0,True,completed
7,known_visit,HIPC,ideal,1.0,19,361,4,20,targets_20_hipc_h1_ideal,objective_tuning_target_load_pilot_25\scenarios\known_visit_g19_t20_n25.csv,7,4,17,14.881994758310059,14.881994758310059,03,03,1,0,True,completed
7,known_visit,HIPC,ideal,1.0,19,361,4,20,targets_20_hipc_h1_ideal,objective_tuning_target_load_pilot_25\scenarios\known_visit_g19_t20_n25.csv,8,5,1,9.145578334282623,9.145578334282623,00,00,1,0,True,completed
7,known_visit,HIPC,ideal,1.0,19,361,4,20,targets_20_hipc_h1_ideal,objective_tuning_target_load_pilot_25\scenarios\known_visit_g19_t20_n25.csv,9,17,17,45.52019081969119,45.52019081969119,03,03,1,0,True,completed
7,known_visit,HIPC,ideal,1.0,19,361,4,20,targets_20_hipc_h1_ideal,objective_tuning_target_load_pilot_25\scenarios\known_visit_g19_t20_n25.csv,10,17,3,34.05733386543884,34.05733386543884,00,00,1,0,True,completed
7,known_visit,HIPC,ideal,1.0,19,361,4,20,targets_20_hipc_h1_ideal,objective_tuning_target_load_pilot_25\scenarios\known_visit_g19_t20_n25.csv,11,11,9,30.78004229084301,30.78004229084301,01,01,2,1,True,completed
7,known_visit,HIPC,ideal,1.0,19,361,4,20,targets_20_hipc_h1_ideal,objective_tuning_target_load_pilot_25\scenarios\known_visit_g19_t20_n25.csv,12,6,2,12.964763372021503,12.964763372021503,00,00,1,0,True,completed
7,known_visit,HIPC,ideal,1.0,19,361,4,20,targets_20_hipc_h1_ideal,objective_tuning_target_load_pilot_25\scenarios\known_visit_g19_t20_n25.csv,13,3,12,11.490197128643123,11.490197128643123,02,02,1,0,True,completed
7,known_visit,HIPC,ideal,1.0,19,361,4,20,targets_20_hipc_h1_ideal,objective_tuning_target_load_pilot_25\scenarios\known_visit_g19_t20_n25.csv,14,13,18,36.4290433686071,36.4290433686071,03,03,1,0,True,completed
7,known_visit,HIPC,ideal,1.0,19,361,4,20,targets_20_hipc_h1_ideal,objective_tuning_target_load_pilot_25\scenarios\known_visit_g19_t20_n25.csv,15,9,16,25.655192869166495,25.655192869166495,03,03,1,0,True,completed
7,known_visit,HIPC,ideal,1.0,19,361,4,20,targets_20_hipc_h1_ideal,objective_tuning_target_load_pilot_25\scenarios\known_visit_g19_t20_n25.csv,16,14,3,28.63572352938122,28.63572352938122,00,00,1,0,True,completed
7,known_visit,HIPC,ideal,1.0,19,361,4,20,targets_20_hipc_h1_ideal,objective_tuning_target_load_pilot_25\scenarios\known_visit_g19_t20_n25.csv,17,0,15,3.8157456413942934,3.8157456413942934,03,03,1,0,True,completed
7,known_visit,HIPC,ideal,1.0,19,361,4,20,targets_20_hipc_h1_ideal,objective_tuning_target_load_pilot_25\scenarios\known_visit_g19_t20_n25.csv,18,8,14,24.30610177829978,24.30610177829978,02,02,1,0,True,completed
7,known_visit,HIPC,ideal,1.0,19,361,4,20,targets_20_hipc_h1_ideal,objective_tuning_target_load_pilot_25\scenarios\known_visit_g19_t20_n25.csv,19,18,5,39.52697357834514,39.52697357834514,00,00,1,0,True,completed
7,known_visit,HIPC,ideal,1.0,19,361,4,20,targets_20_hipc_h1_ideal,objective_tuning_target_load_pilot_25\scenarios\known_visit_g19_t20_n25.csv,20,13,11,38.018007571662096,38.018007571662096,01,01,1,0,True,completed
8,known_visit,HIPC,ideal,1.0,19,361,4,20,targets_20_hipc_h1_ideal,objective_tuning_target_load_pilot_25\scenarios\known_visit_g19_t20_n25.csv,1,16,2,41.21064141431024,41.21064141431024,00,00,1,0,True,completed
8,known_visit,HIPC,ideal,1.0,19,361,4,20,targets_20_hipc_h1_ideal,objective_tuning_target_load_pilot_25\scenarios\known_visit_g19_t20_n25.csv,2,8,3,18.275690921061045,18.275690921061045,00,00,1,0,True,completed
8,known_visit,HIPC,ideal,1.0,19,361,4,20,targets_20_hipc_h1_ideal,objective_tuning_target_load_pilot_25\scenarios\known_visit_g19_t20_n25.csv,3,18,12,44.53720807290695,44.53720807290695,03,03,1,0,True,completed
8,known_visit,HIPC,ideal,1.0,19,361,4,20,targets_20_hipc_h1_ideal,objective_tuning_target_load_pilot_25\scenarios\known_visit_g19_t20_n25.csv,4,6,1,10.944379188022035,10.944379188022035,00,00,1,0,True,completed
8,known_visit,HIPC,ideal,1.0,19,361,4,20,targets_20_hipc_h1_ideal,objective_tuning_target_load_pilot_25\scenarios\known_visit_g19_t20_n25.csv,5,17,14,38.23065714907434,38.23065714907434,03,03,1,0,True,completed
8,known_visit,HIPC,ideal,1.0,19,361,4,20,targets_20_hipc_h1_ideal,objective_tuning_target_load_pilot_25\scenarios\known_visit_g19_t20_n25.csv,6,4,18,5.356006843831851,5.356006843831851,03,03,1,0,True,completed
8,known_visit,HIPC,ideal,1.0,19,361,4,20,targets_20_hipc_h1_ideal,objective_tuning_target_load_pilot_25\scenarios\known_visit_g19_t20_n25.csv,7,10,17,17.592550820952113,17.592550820952113,03,03,1,0,True,completed
8,known_visit,HIPC,ideal,1.0,19,361,4,20,targets_20_hipc_h1_ideal,objective_tuning_target_load_pilot_25\scenarios\known_visit_g19_t20_n25.csv,8,4,6,13.682271218974108,13.682271218974108,01,01,1,0,True,completed
8,known_visit,HIPC,ideal,1.0,19,361,4,20,targets_20_hipc_h1_ideal,objective_tuning_target_load_pilot_25\scenarios\known_visit_g19_t20_n25.csv,9,7,18,10.380764192840603,10.380764192840603,03,03,1,0,True,completed
8,known_visit,HIPC,ideal,1.0,19,361,4,20,targets_20_hipc_h1_ideal,objective_tuning_target_load_pilot_25\scenarios\known_visit_g19_t20_n25.csv,10,15,9,44.06391800161575,44.06391800161575,02,02,1,0,True,completed
8,known_visit,HIPC,ideal,1.0,19,361,4,20,targets_20_hipc_h1_ideal,objective_tuning_target_load_pilot_25\scenarios\known_visit_g19_t20_n25.csv,11,4,1,7.620531980044725,7.620531980044725,00,00,1,0,True,completed
8,known_visit,HIPC,ideal,1.0,19,361,4,20,targets_20_hipc_h1_ideal,objective_tuning_target_load_pilot_25\scenarios\known_visit_g19_t20_n25.csv,12,5,18,7.1189394704355,7.1189394704355,03,03,1,0,True,completed
8,known_visit,HIPC,ideal,1.0,19,361,4,20,targets_20_hipc_h1_ideal,objective_tuning_target_load_pilot_25\scenarios\known_visit_g19_t20_n25.csv,13,12,13,27.967835598817786,27.967835598817786,03,03,1,0,True,completed
8,known_visit,HIPC,ideal,1.0,19,361,4,20,targets_20_hipc_h1_ideal,objective_tuning_target_load_pilot_25\scenarios\known_visit_g19_t20_n25.csv,14,0,9,3.849570160657327,3.849570160657327,02,02,1,0,True,completed
8,known_visit,HIPC,ideal,1.0,19,361,4,20,targets_20_hipc_h1_ideal,objective_tuning_target_load_pilot_25\scenarios\known_visit_g19_t20_n25.csv,15,2,7,10.804291539087671,10.804291539087671,02,02,1,0,True,completed
8,known_visit,HIPC,ideal,1.0,19,361,4,20,targets_20_hipc_h1_ideal,objective_tuning_target_load_pilot_25\scenarios\known_visit_g19_t20_n25.csv,16,0,4,2.2385618572806427,2.2385618572806427,01,01,1,0,True,completed
8,known_visit,HIPC,ideal,1.0,19,361,4,20,targets_20_hipc_h1_ideal,objective_tuning_target_load_pilot_25\scenarios\known_visit_g19_t20_n25.csv,17,4,5,11.67219754263869,11.67219754263869,01,01,1,0,True,completed
8,known_visit,HIPC,ideal,1.0,19,361,4,20,targets_20_hipc_h1_ideal,objective_tuning_target_load_pilot_25\scenarios\known_visit_g19_t20_n25.csv,18,15,3,37.39697407425093,37.39697407425093,00,00,1,0,True,completed
8,known_visit,HIPC,ideal,1.0,19,361,4,20,targets_20_hipc_h1_ideal,objective_tuning_target_load_pilot_25\scenarios\known_visit_g19_t20_n25.csv,19,6,6,17.417018554590875,17.417018554590875,01,01,1,0,True,completed
8,known_visit,HIPC,ideal,1.0,19,361,4,20,targets_20_hipc_h1_ideal,objective_tuning_target_load_pilot_25\scenarios\known_visit_g19_t20_n25.csv,20,9,5,23.61933412585523,23.61933412585523,00,00,1,0,True,completed
9,known_visit,HIPC,ideal,1.0,19,361,4,20,targets_20_hipc_h1_ideal,objective_tuning_target_load_pilot_25\scenarios\known_visit_g19_t20_n25.csv,1,0,3,3.9449797493749137,3.9449797493749137,01,01,1,0,True,completed
9,known_visit,HIPC,ideal,1.0,19,361,4,20,targets_20_hipc_h1_ideal,objective_tuning_target_load_pilot_25\scenarios\known_visit_g19_t20_n25.csv,2,12,1,29.043031775761424,29.043031775761424,01,01,1,0,True,completed
9,known_visit,HIPC,ideal,1.0,19,361,4,20,targets_20_hipc_h1_ideal,objective_tuning_target_load_pilot_25\scenarios\known_visit_g19_t20_n25.csv,3,6,13,18.228208515123605,18.228208515123605,03,03,1,0,True,completed
9,known_visit,HIPC,ideal,1.0,19,361,4,20,targets_20_hipc_h1_ideal,objective_tuning_target_load_pilot_25\scenarios\known_visit_g19_t20_n25.csv,4,4,16,9.286106401329311,9.286106401329311,03,03,1,0,True,completed
9,known_visit,HIPC,ideal,1.0,19,361,4,20,targets_20_hipc_h1_ideal,objective_tuning_target_load_pilot_25\scenarios\known_visit_g19_t20_n25.csv,5,5,4,13.977179409931837,13.977179409931837,00,00,1,0,True,completed
9,known_visit,HIPC,ideal,1.0,19,361,4,20,targets_20_hipc_h1_ideal,objective_tuning_target_load_pilot_25\scenarios\known_visit_g19_t20_n25.csv,6,10,1,25.485309349427585,25.485309349427585,01,01,1,0,True,completed
9,known_visit,HIPC,ideal,1.0,19,361,4,20,targets_20_hipc_h1_ideal,objective_tuning_target_load_pilot_25\scenarios\known_visit_g19_t20_n25.csv,7,2,0,1.782915457278174,1.782915457278174,00,00,1,0,True,completed
9,known_visit,HIPC,ideal,1.0,19,361,4,20,targets_20_hipc_h1_ideal,objective_tuning_target_load_pilot_25\scenarios\known_visit_g19_t20_n25.csv,8,14,17,40.805631549492645,40.805631549492645,03,03,1,0,True,completed
9,known_visit,HIPC,ideal,1.0,19,361,4,20,targets_20_hipc_h1_ideal,objective_tuning_target_load_pilot_25\scenarios\known_visit_g19_t20_n25.csv,9,12,14,35.09762284372528,35.09762284372528,02,02,1,0,True,completed
9,known_visit,HIPC,ideal,1.0,19,361,4,20,targets_20_hipc_h1_ideal,objective_tuning_target_load_pilot_25\scenarios\known_visit_g19_t20_n25.csv,10,17,2,39.68434520404009,39.68434520404009,01,01,1,0,True,completed
9,known_visit,HIPC,ideal,1.0,19,361,4,20,targets_20_hipc_h1_ideal,objective_tuning_target_load_pilot_25\scenarios\known_visit_g19_t20_n25.csv,11,9,15,28.081553530429595,28.081553530429595,03,03,1,0,True,completed
9,known_visit,HIPC,ideal,1.0,19,361,4,20,targets_20_hipc_h1_ideal,objective_tuning_target_load_pilot_25\scenarios\known_visit_g19_t20_n25.csv,12,8,10,20.42683754216756,20.42683754216756,02,02,1,0,True,completed
9,known_visit,HIPC,ideal,1.0,19,361,4,20,targets_20_hipc_h1_ideal,objective_tuning_target_load_pilot_25\scenarios\known_visit_g19_t20_n25.csv,13,2,16,5.5667398206228,5.5667398206228,03,03,1,0,True,completed
9,known_visit,HIPC,ideal,1.0,19,361,4,20,targets_20_hipc_h1_ideal,objective_tuning_target_load_pilot_25\scenarios\known_visit_g19_t20_n25.csv,14,12,12,31.393335087075926,31.393335087075926,02,02,1,0,True,completed
9,known_visit,HIPC,ideal,1.0,19,361,4,20,targets_20_hipc_h1_ideal,objective_tuning_target_load_pilot_25\scenarios\known_visit_g19_t20_n25.csv,15,7,10,18.40377024601676,18.40377024601676,02,02,1,0,True,completed
9,known_visit,HIPC,ideal,1.0,19,361,4,20,targets_20_hipc_h1_ideal,objective_tuning_target_load_pilot_25\scenarios\known_visit_g19_t20_n25.csv,16,16,12,46.12722268091786,46.12722268091786,02,02,1,0,True,completed
9,known_visit,HIPC,ideal,1.0,19,361,4,20,targets_20_hipc_h1_ideal,objective_tuning_target_load_pilot_25\scenarios\known_visit_g19_t20_n25.csv,17,14,2,34.30020376255473,34.30020376255473,01,01,1,0,True,completed
9,known_visit,HIPC,ideal,1.0,19,361,4,20,targets_20_hipc_h1_ideal,objective_tuning_target_load_pilot_25\scenarios\known_visit_g19_t20_n25.csv,18,4,9,10.64023998302227,10.64023998302227,02,02,1,0,True,completed
9,known_visit,HIPC,ideal,1.0,19,361,4,20,targets_20_hipc_h1_ideal,objective_tuning_target_load_pilot_25\scenarios\known_visit_g19_t20_n25.csv,19,9,12,26.112252346781606,26.112252346781606,02,02,1,0,True,completed
9,known_visit,HIPC,ideal,1.0,19,361,4,20,targets_20_hipc_h1_ideal,objective_tuning_target_load_pilot_25\scenarios\known_visit_g19_t20_n25.csv,20,14,7,34.917190082197756,34.917190082197756,00,00,1,0,True,completed
10,known_visit,HIPC,ideal,1.0,19,361,4,20,targets_20_hipc_h1_ideal,objective_tuning_target_load_pilot_25\scenarios\known_visit_g19_t20_n25.csv,1,4,8,9.41789084738431,9.41789084738431,01,01,1,0,True,completed
10,known_visit,HIPC,ideal,1.0,19,361,4,20,targets_20_hipc_h1_ideal,objective_tuning_target_load_pilot_25\scenarios\known_visit_g19_t20_n25.csv,2,2,6,1.9345736052735076,1.9345736052735076,01,01,1,0,True,completed
10,known_visit,HIPC,ideal,1.0,19,361,4,20,targets_20_hipc_h1_ideal,objective_tuning_target_load_pilot_25\scenarios\known_visit_g19_t20_n25.csv,3,12,8,26.596293982530295,26.596293982530295,02,02,1,0,True,completed
10,known_visit,HIPC,ideal,1.0,19,361,4,20,targets_20_hipc_h1_ideal,objective_tuning_target_load_pilot_25\scenarios\known_visit_g19_t20_n25.csv,4,14,13,36.1256832850387,36.1256832850387,03,03,1,0,True,completed
10,known_visit,HIPC,ideal,1.0,19,361,4,20,targets_20_hipc_h1_ideal,objective_tuning_target_load_pilot_25\scenarios\known_visit_g19_t20_n25.csv,5,16,9,35.74606269790874,35.74606269790874,02,02,1,0,True,completed
10,known_visit,HIPC,ideal,1.0,19,361,4,20,targets_20_hipc_h1_ideal,objective_tuning_target_load_pilot_25\scenarios\known_visit_g19_t20_n25.csv,6,18,9,39.58821491433431,39.58821491433431,02,02,1,0,True,completed
10,known_visit,HIPC,ideal,1.0,19,361,4,20,targets_20_hipc_h1_ideal,objective_tuning_target_load_pilot_25\scenarios\known_visit_g19_t20_n25.csv,7,10,0,15.651724885496158,15.651724885496158,00,00,1,0,True,completed
10,known_visit,HIPC,ideal,1.0,19,361,4,20,targets_20_hipc_h1_ideal,objective_tuning_target_load_pilot_25\scenarios\known_visit_g19_t20_n25.csv,8,8,13,21.413947966974668,21.413947966974668,03,03,1,0,True,completed
10,known_visit,HIPC,ideal,1.0,19,361,4,20,targets_20_hipc_h1_ideal,objective_tuning_target_load_pilot_25\scenarios\known_visit_g19_t20_n25.csv,9,2,7,3.8371540712485674,3.8371540712485674,01,01,1,0,True,completed
10,known_visit,HIPC,ideal,1.0,19,361,4,20,targets_20_hipc_h1_ideal,objective_tuning_target_load_pilot_25\scenarios\known_visit_g19_t20_n25.csv,10,18,4,35.97895973773005,35.97895973773005,00,00,1,0,True,completed
10,known_visit,HIPC,ideal,1.0,19,361,4,20,targets_20_hipc_h1_ideal,objective_tuning_target_load_pilot_25\scenarios\known_visit_g19_t20_n25.csv,11,1,9,5.466639414636485,5.466639414636485,02,02,1,0,True,completed
10,known_visit,HIPC,ideal,1.0,19,361,4,20,targets_20_hipc_h1_ideal,objective_tuning_target_load_pilot_25\scenarios\known_visit_g19_t20_n25.csv,12,10,13,24.739657413784098,24.739657413784098,03,03,1,0,True,completed
10,known_visit,HIPC,ideal,1.0,19,361,4,20,targets_20_hipc_h1_ideal,objective_tuning_target_load_pilot_25\scenarios\known_visit_g19_t20_n25.csv,13,1,6,0.15208792751119068,0.15208792751119068,01,01,1,0,True,completed
10,known_visit,HIPC,ideal,1.0,19,361,4,20,targets_20_hipc_h1_ideal,objective_tuning_target_load_pilot_25\scenarios\known_visit_g19_t20_n25.csv,14,12,12,37.92323730578537,37.92323730578537,01,01,1,0,True,completed
10,known_visit,HIPC,ideal,1.0,19,361,4,20,targets_20_hipc_h1_ideal,objective_tuning_target_load_pilot_25\scenarios\known_visit_g19_t20_n25.csv,15,6,17,10.829495530122287,10.829495530122287,03,03,1,0,True,completed
10,known_visit,HIPC,ideal,1.0,19,361,4,20,targets_20_hipc_h1_ideal,objective_tuning_target_load_pilot_25\scenarios\known_visit_g19_t20_n25.csv,16,5,6,14.770702973325946,14.770702973325946,01,01,1,0,True,completed
10,known_visit,HIPC,ideal,1.0,19,361,4,20,targets_20_hipc_h1_ideal,objective_tuning_target_load_pilot_25\scenarios\known_visit_g19_t20_n25.csv,17,13,11,41.585315561949976,41.585315561949976,03,03,1,0,True,completed
10,known_visit,HIPC,ideal,1.0,19,361,4,20,targets_20_hipc_h1_ideal,objective_tuning_target_load_pilot_25\scenarios\known_visit_g19_t20_n25.csv,18,18,5,37.69060404875191,37.69060404875191,00,00,1,0,True,completed
10,known_visit,HIPC,ideal,1.0,19,361,4,20,targets_20_hipc_h1_ideal,objective_tuning_target_load_pilot_25\scenarios\known_visit_g19_t20_n25.csv,19,5,0,6.994607942781388,6.994607942781388,00,00,1,0,True,completed
10,known_visit,HIPC,ideal,1.0,19,361,4,20,targets_20_hipc_h1_ideal,objective_tuning_target_load_pilot_25\scenarios\known_visit_g19_t20_n25.csv,20,10,14,26.771587786715703,26.771587786715703,03,03,1,0,True,completed
11,known_visit,HIPC,ideal,1.0,19,361,4,20,targets_20_hipc_h1_ideal,objective_tuning_target_load_pilot_25\scenarios\known_visit_g19_t20_n25.csv,1,16,16,37.05720415456236,37.05720415456236,03,03,1,0,True,completed
11,known_visit,HIPC,ideal,1.0,19,361,4,20,targets_20_hipc_h1_ideal,objective_tuning_target_load_pilot_25\scenarios\known_visit_g19_t20_n25.csv,2,4,17,7.356206554303033,7.356206554303033,03,03,1,0,True,completed
11,known_visit,HIPC,ideal,1.0,19,361,4,20,targets_20_hipc_h1_ideal,objective_tuning_target_load_pilot_25\scenarios\known_visit_g19_t20_n25.csv,3,8,8,24.146689053424975,24.146689053424975,01,01,1,0,True,completed
11,known_visit,HIPC,ideal,1.0,19,361,4,20,targets_20_hipc_h1_ideal,objective_tuning_target_load_pilot_25\scenarios\known_visit_g19_t20_n25.csv,4,13,1,40.92416246455301,40.92416246455301,00,00,1,0,True,completed
11,known_visit,HIPC,ideal,1.0,19,361,4,20,targets_20_hipc_h1_ideal,objective_tuning_target_load_pilot_25\scenarios\known_visit_g19_t20_n25.csv,5,7,6,18.578328104337338,18.578328104337338,01,01,1,0,True,completed
11,known_visit,HIPC,ideal,1.0,19,361,4,20,targets_20_hipc_h1_ideal,objective_tuning_target_load_pilot_25\scenarios\known_visit_g19_t20_n25.csv,6,13,5,34.091319577147644,34.091319577147644,00,00,1,0,True,completed
11,known_visit,HIPC,ideal,1.0,19,361,4,20,targets_20_hipc_h1_ideal,objective_tuning_target_load_pilot_25\scenarios\known_visit_g19_t20_n25.csv,7,12,18,26.445724384786345,26.445724384786345,03,03,1,0,True,completed
11,known_visit,HIPC,ideal,1.0,19,361,4,20,targets_20_hipc_h1_ideal,objective_tuning_target_load_pilot_25\scenarios\known_visit_g19_t20_n25.csv,8,10,6,26.772372900058993,26.772372900058993,00,00,1,0,True,completed
11,known_visit,HIPC,ideal,1.0,19,361,4,20,targets_20_hipc_h1_ideal,objective_tuning_target_load_pilot_25\scenarios\known_visit_g19_t20_n25.csv,9,15,7,38.09480351425477,38.09480351425477,01,01,1,0,True,completed
11,known_visit,HIPC,ideal,1.0,19,361,4,20,targets_20_hipc_h1_ideal,objective_tuning_target_load_pilot_25\scenarios\known_visit_g19_t20_n25.csv,10,11,12,24.954610324248748,24.954610324248748,02,02,1,0,True,completed
11,known_visit,HIPC,ideal,1.0,19,361,4,20,targets_20_hipc_h1_ideal,objective_tuning_target_load_pilot_25\scenarios\known_visit_g19_t20_n25.csv,11,6,7,15.041293517229223,15.041293517229223,01,01,1,0,True,completed
11,known_visit,HIPC,ideal,1.0,19,361,4,20,targets_20_hipc_h1_ideal,objective_tuning_target_load_pilot_25\scenarios\known_visit_g19_t20_n25.csv,12,18,18,44.41240955658916,44.41240955658916,03,03,1,0,True,completed
11,known_visit,HIPC,ideal,1.0,19,361,4,20,targets_20_hipc_h1_ideal,objective_tuning_target_load_pilot_25\scenarios\known_visit_g19_t20_n25.csv,13,6,11,14.649828878722222,14.649828878722222,02,02,1,0,True,completed
11,known_visit,HIPC,ideal,1.0,19,361,4,20,targets_20_hipc_h1_ideal,objective_tuning_target_load_pilot_25\scenarios\known_visit_g19_t20_n25.csv,14,15,8,36.18863341405226,36.18863341405226,01,01,1,0,True,completed
11,known_visit,HIPC,ideal,1.0,19,361,4,20,targets_20_hipc_h1_ideal,objective_tuning_target_load_pilot_25\scenarios\known_visit_g19_t20_n25.csv,15,15,14,35.50417465369713,35.50417465369713,02,02,1,0,True,completed
11,known_visit,HIPC,ideal,1.0,19,361,4,20,targets_20_hipc_h1_ideal,objective_tuning_target_load_pilot_25\scenarios\known_visit_g19_t20_n25.csv,16,3,10,7.111761067648149,7.111761067648149,02,02,1,0,True,completed
11,known_visit,HIPC,ideal,1.0,19,361,4,20,targets_20_hipc_h1_ideal,objective_tuning_target_load_pilot_25\scenarios\known_visit_g19_t20_n25.csv,17,1,12,0.12289163533072878,0.12289163533072878,02,02,1,0,True,completed
11,known_visit,HIPC,ideal,1.0,19,361,4,20,targets_20_hipc_h1_ideal,objective_tuning_target_load_pilot_25\scenarios\known_visit_g19_t20_n25.csv,18,3,12,3.4081437102404535,3.4081437102404535,02,02,1,0,True,completed
11,known_visit,HIPC,ideal,1.0,19,361,4,20,targets_20_hipc_h1_ideal,objective_tuning_target_load_pilot_25\scenarios\known_visit_g19_t20_n25.csv,19,3,8,7.553412493572253,7.553412493572253,01,01,1,0,True,completed
11,known_visit,HIPC,ideal,1.0,19,361,4,20,targets_20_hipc_h1_ideal,objective_tuning_target_load_pilot_25\scenarios\known_visit_g19_t20_n25.csv,20,7,16,14.480981278008905,14.480981278008905,03,03,1,0,True,completed
12,known_visit,HIPC,ideal,1.0,19,361,4,20,targets_20_hipc_h1_ideal,objective_tuning_target_load_pilot_25\scenarios\known_visit_g19_t20_n25.csv,1,16,8,37.93088603064153,37.93088603064153,01,01,1,0,True,completed
12,known_visit,HIPC,ideal,1.0,19,361,4,20,targets_20_hipc_h1_ideal,objective_tuning_target_load_pilot_25\scenarios\known_visit_g19_t20_n25.csv,2,15,17,48.113556735215,48.113556735215,03,03,1,0,True,completed
12,known_visit,HIPC,ideal,1.0,19,361,4,20,targets_20_hipc_h1_ideal,objective_tuning_target_load_pilot_25\scenarios\known_visit_g19_t20_n25.csv,3,10,10,27.807350099079308,27.807350099079308,02,02,1,0,True,completed
12,known_visit,HIPC,ideal,1.0,19,361,4,20,targets_20_hipc_h1_ideal,objective_tuning_target_load_pilot_25\scenarios\known_visit_g19_t20_n25.csv,4,18,13,47.3795147008102,47.3795147008102,02,02,1,0,True,completed
12,known_visit,HIPC,ideal,1.0,19,361,4,20,targets_20_hipc_h1_ideal,objective_tuning_target_load_pilot_25\scenarios\known_visit_g19_t20_n25.csv,5,4,16,12.68624892277917,12.68624892277917,03,03,1,0,True,completed
12,known_visit,HIPC,ideal,1.0,19,361,4,20,targets_20_hipc_h1_ideal,objective_tuning_target_load_pilot_25\scenarios\known_visit_g19_t20_n25.csv,6,5,7,17.01810650862795,17.01810650862795,01,01,1,0,True,completed
12,known_visit,HIPC,ideal,1.0,19,361,4,20,targets_20_hipc_h1_ideal,objective_tuning_target_load_pilot_25\scenarios\known_visit_g19_t20_n25.csv,7,13,3,26.747238270595446,26.747238270595446,00,00,1,0,True,completed
12,known_visit,HIPC,ideal,1.0,19,361,4,20,targets_20_hipc_h1_ideal,objective_tuning_target_load_pilot_25\scenarios\known_visit_g19_t20_n25.csv,8,9,3,19.79723351127687,19.79723351127687,00,00,1,0,True,completed
12,known_visit,HIPC,ideal,1.0,19,361,4,20,targets_20_hipc_h1_ideal,objective_tuning_target_load_pilot_25\scenarios\known_visit_g19_t20_n25.csv,9,3,6,11.381782850442455,11.381782850442455,01,01,1,0,True,completed
12,known_visit,HIPC,ideal,1.0,19,361,4,20,targets_20_hipc_h1_ideal,objective_tuning_target_load_pilot_25\scenarios\known_visit_g19_t20_n25.csv,10,4,9,10.853243656269562,10.853243656269562,02,02,1,0,True,completed
12,known_visit,HIPC,ideal,1.0,19,361,4,20,targets_20_hipc_h1_ideal,objective_tuning_target_load_pilot_25\scenarios\known_visit_g19_t20_n25.csv,11,16,15,42.54391460925471,42.54391460925471,03,03,1,0,True,completed
12,known_visit,HIPC,ideal,1.0,19,361,4,20,targets_20_hipc_h1_ideal,objective_tuning_target_load_pilot_25\scenarios\known_visit_g19_t20_n25.csv,12,1,8,4.031344301841129,4.031344301841129,01,01,1,0,True,completed
12,known_visit,HIPC,ideal,1.0,19,361,4,20,targets_20_hipc_h1_ideal,objective_tuning_target_load_pilot_25\scenarios\known_visit_g19_t20_n25.csv,13,9,13,26.72106744865016,26.72106744865016,03,03,1,0,True,completed
12,known_visit,HIPC,ideal,1.0,19,361,4,20,targets_20_hipc_h1_ideal,objective_tuning_target_load_pilot_25\scenarios\known_visit_g19_t20_n25.csv,14,11,3,23.235275731409,23.235275731409,00,00,1,0,True,completed
12,known_visit,HIPC,ideal,1.0,19,361,4,20,targets_20_hipc_h1_ideal,objective_tuning_target_load_pilot_25\scenarios\known_visit_g19_t20_n25.csv,15,1,12,0.2412559939154062,0.2412559939154062,02,02,1,0,True,completed
12,known_visit,HIPC,ideal,1.0,19,361,4,20,targets_20_hipc_h1_ideal,objective_tuning_target_load_pilot_25\scenarios\known_visit_g19_t20_n25.csv,16,5,18,6.776928691179208,6.776928691179208,03,03,1,0,True,completed
12,known_visit,HIPC,ideal,1.0,19,361,4,20,targets_20_hipc_h1_ideal,objective_tuning_target_load_pilot_25\scenarios\known_visit_g19_t20_n25.csv,17,15,2,32.12510325891042,32.12510325891042,00,00,1,0,True,completed
12,known_visit,HIPC,ideal,1.0,19,361,4,20,targets_20_hipc_h1_ideal,objective_tuning_target_load_pilot_25\scenarios\known_visit_g19_t20_n25.csv,18,17,4,39.36263806577703,39.36263806577703,00,00,1,0,True,completed
12,known_visit,HIPC,ideal,1.0,19,361,4,20,targets_20_hipc_h1_ideal,objective_tuning_target_load_pilot_25\scenarios\known_visit_g19_t20_n25.csv,19,14,18,51.832919205785686,51.832919205785686,03,03,1,0,True,completed
12,known_visit,HIPC,ideal,1.0,19,361,4,20,targets_20_hipc_h1_ideal,objective_tuning_target_load_pilot_25\scenarios\known_visit_g19_t20_n25.csv,20,8,1,14.42992178618465,14.42992178618465,00,00,1,0,True,completed
13,known_visit,HIPC,ideal,1.0,19,361,4,20,targets_20_hipc_h1_ideal,objective_tuning_target_load_pilot_25\scenarios\known_visit_g19_t20_n25.csv,1,3,18,3.579906004894147,3.579906004894147,03,03,1,0,True,completed
13,known_visit,HIPC,ideal,1.0,19,361,4,20,targets_20_hipc_h1_ideal,objective_tuning_target_load_pilot_25\scenarios\known_visit_g19_t20_n25.csv,2,3,5,5.625282529278847,5.625282529278847,01,01,1,0,True,completed
13,known_visit,HIPC,ideal,1.0,19,361,4,20,targets_20_hipc_h1_ideal,objective_tuning_target_load_pilot_25\scenarios\known_visit_g19_t20_n25.csv,3,9,11,24.099388195064908,24.099388195064908,02,02,1,0,True,completed
13,known_visit,HIPC,ideal,1.0,19,361,4,20,targets_20_hipc_h1_ideal,objective_tuning_target_load_pilot_25\scenarios\known_visit_g19_t20_n25.csv,4,1,0,0.17931396386578716,0.17931396386578716,00,00,1,0,True,completed
13,known_visit,HIPC,ideal,1.0,19,361,4,20,targets_20_hipc_h1_ideal,objective_tuning_target_load_pilot_25\scenarios\known_visit_g19_t20_n25.csv,5,12,14,26.565341510797946,26.565341510797946,03,03,1,0,True,completed
13,known_visit,HIPC,ideal,1.0,19,361,4,20,targets_20_hipc_h1_ideal,objective_tuning_target_load_pilot_25\scenarios\known_visit_g19_t20_n25.csv,6,9,18,13.957142515047895,13.957142515047895,03,03,1,0,True,completed
13,known_visit,HIPC,ideal,1.0,19,361,4,20,targets_20_hipc_h1_ideal,objective_tuning_target_load_pilot_25\scenarios\known_visit_g19_t20_n25.csv,7,16,9,35.46364852103931,35.46364852103931,01,01,1,0,True,completed
13,known_visit,HIPC,ideal,1.0,19,361,4,20,targets_20_hipc_h1_ideal,objective_tuning_target_load_pilot_25\scenarios\known_visit_g19_t20_n25.csv,8,0,13,0.5342048234851909,0.5342048234851909,02,02,1,0,True,completed
13,known_visit,HIPC,ideal,1.0,19,361,4,20,targets_20_hipc_h1_ideal,objective_tuning_target_load_pilot_25\scenarios\known_visit_g19_t20_n25.csv,9,11,14,24.501536096221717,24.501536096221717,03,03,1,0,True,completed
13,known_visit,HIPC,ideal,1.0,19,361,4,20,targets_20_hipc_h1_ideal,objective_tuning_target_load_pilot_25\scenarios\known_visit_g19_t20_n25.csv,10,13,0,28.854680784322458,28.854680784322458,00,00,1,0,True,completed
13,known_visit,HIPC,ideal,1.0,19,361,4,20,targets_20_hipc_h1_ideal,objective_tuning_target_load_pilot_25\scenarios\known_visit_g19_t20_n25.csv,11,15,0,32.42814795653923,32.42814795653923,00,00,1,0,True,completed
13,known_visit,HIPC,ideal,1.0,19,361,4,20,targets_20_hipc_h1_ideal,objective_tuning_target_load_pilot_25\scenarios\known_visit_g19_t20_n25.csv,12,12,6,23.213177713849237,23.213177713849237,01,01,1,0,True,completed
13,known_visit,HIPC,ideal,1.0,19,361,4,20,targets_20_hipc_h1_ideal,objective_tuning_target_load_pilot_25\scenarios\known_visit_g19_t20_n25.csv,13,10,1,21.903201574548994,21.903201574548994,00,00,1,0,True,completed
13,known_visit,HIPC,ideal,1.0,19,361,4,20,targets_20_hipc_h1_ideal,objective_tuning_target_load_pilot_25\scenarios\known_visit_g19_t20_n25.csv,14,17,1,37.922066574826395,37.922066574826395,00,00,1,0,True,completed
13,known_visit,HIPC,ideal,1.0,19,361,4,20,targets_20_hipc_h1_ideal,objective_tuning_target_load_pilot_25\scenarios\known_visit_g19_t20_n25.csv,15,14,17,35.435369307161004,35.435369307161004,03,03,1,0,True,completed
13,known_visit,HIPC,ideal,1.0,19,361,4,20,targets_20_hipc_h1_ideal,objective_tuning_target_load_pilot_25\scenarios\known_visit_g19_t20_n25.csv,16,11,16,20.92330098812033,20.92330098812033,03,03,1,0,True,completed
13,known_visit,HIPC,ideal,1.0,19,361,4,20,targets_20_hipc_h1_ideal,objective_tuning_target_load_pilot_25\scenarios\known_visit_g19_t20_n25.csv,17,18,14,45.18343756021871,45.18343756021871,02,02,1,0,True,completed
13,known_visit,HIPC,ideal,1.0,19,361,4,20,targets_20_hipc_h1_ideal,objective_tuning_target_load_pilot_25\scenarios\known_visit_g19_t20_n25.csv,18,10,11,26.090086219615156,26.090086219615156,02,02,1,0,True,completed
13,known_visit,HIPC,ideal,1.0,19,361,4,20,targets_20_hipc_h1_ideal,objective_tuning_target_load_pilot_25\scenarios\known_visit_g19_t20_n25.csv,19,6,2,12.685590224495114,12.685590224495114,00,00,1,0,True,completed
13,known_visit,HIPC,ideal,1.0,19,361,4,20,targets_20_hipc_h1_ideal,objective_tuning_target_load_pilot_25\scenarios\known_visit_g19_t20_n25.csv,20,7,10,18.332407622010773,18.332407622010773,02,02,1,0,True,completed
14,known_visit,HIPC,ideal,1.0,19,361,4,20,targets_20_hipc_h1_ideal,objective_tuning_target_load_pilot_25\scenarios\known_visit_g19_t20_n25.csv,1,11,12,32.43972102715282,32.43972102715282,01,01,1,0,True,completed
14,known_visit,HIPC,ideal,1.0,19,361,4,20,targets_20_hipc_h1_ideal,objective_tuning_target_load_pilot_25\scenarios\known_visit_g19_t20_n25.csv,2,18,14,41.11426431015568,41.11426431015568,03,03,1,0,True,completed
14,known_visit,HIPC,ideal,1.0,19,361,4,20,targets_20_hipc_h1_ideal,objective_tuning_target_load_pilot_25\scenarios\known_visit_g19_t20_n25.csv,3,14,10,30.56995412186438,30.56995412186438,02,02,1,0,True,completed
14,known_visit,HIPC,ideal,1.0,19,361,4,20,targets_20_hipc_h1_ideal,objective_tuning_target_load_pilot_25\scenarios\known_visit_g19_t20_n25.csv,4,11,4,28.89862630891055,28.89862630891055,00,00,1,0,True,completed
14,known_visit,HIPC,ideal,1.0,19,361,4,20,targets_20_hipc_h1_ideal,objective_tuning_target_load_pilot_25\scenarios\known_visit_g19_t20_n25.csv,5,5,3,16.233149794886376,16.233149794886376,00,00,1,0,True,completed
14,known_visit,HIPC,ideal,1.0,19,361,4,20,targets_20_hipc_h1_ideal,objective_tuning_target_load_pilot_25\scenarios\known_visit_g19_t20_n25.csv,6,11,5,30.708473558184576,30.708473558184576,00,00,1,0,True,completed
14,known_visit,HIPC,ideal,1.0,19,361,4,20,targets_20_hipc_h1_ideal,objective_tuning_target_load_pilot_25\scenarios\known_visit_g19_t20_n25.csv,7,5,9,12.43353016774188,12.43353016774188,01,01,1,0,True,completed
14,known_visit,HIPC,ideal,1.0,19,361,4,20,targets_20_hipc_h1_ideal,objective_tuning_target_load_pilot_25\scenarios\known_visit_g19_t20_n25.csv,8,11,18,21.28445283136537,21.28445283136537,03,03,1,0,True,completed
14,known_visit,HIPC,ideal,1.0,19,361,4,20,targets_20_hipc_h1_ideal,objective_tuning_target_load_pilot_25\scenarios\known_visit_g19_t20_n25.csv,9,12,10,27.00086825077211,27.00086825077211,02,02,1,0,True,completed
14,known_visit,HIPC,ideal,1.0,19,361,4,20,targets_20_hipc_h1_ideal,objective_tuning_target_load_pilot_25\scenarios\known_visit_g19_t20_n25.csv,10,2,9,7.167570442238614,7.167570442238614,01,01,1,0,True,completed
14,known_visit,HIPC,ideal,1.0,19,361,4,20,targets_20_hipc_h1_ideal,objective_tuning_target_load_pilot_25\scenarios\known_visit_g19_t20_n25.csv,11,18,6,44.47500261579385,44.47500261579385,00,00,1,0,True,completed
14,known_visit,HIPC,ideal,1.0,19,361,4,20,targets_20_hipc_h1_ideal,objective_tuning_target_load_pilot_25\scenarios\known_visit_g19_t20_n25.csv,12,18,0,54.906661414712836,54.906661414712836,00,00,1,0,True,completed
14,known_visit,HIPC,ideal,1.0,19,361,4,20,targets_20_hipc_h1_ideal,objective_tuning_target_load_pilot_25\scenarios\known_visit_g19_t20_n25.csv,13,13,6,35.986844251609696,35.986844251609696,00,00,1,0,True,completed
14,known_visit,HIPC,ideal,1.0,19,361,4,20,targets_20_hipc_h1_ideal,objective_tuning_target_load_pilot_25\scenarios\known_visit_g19_t20_n25.csv,14,7,8,17.98728867737376,17.98728867737376,01,01,1,0,True,completed
14,known_visit,HIPC,ideal,1.0,19,361,4,20,targets_20_hipc_h1_ideal,objective_tuning_target_load_pilot_25\scenarios\known_visit_g19_t20_n25.csv,15,12,6,34.26872877351023,34.26872877351023,00,00,1,0,True,completed
14,known_visit,HIPC,ideal,1.0,19,361,4,20,targets_20_hipc_h1_ideal,objective_tuning_target_load_pilot_25\scenarios\known_visit_g19_t20_n25.csv,16,0,13,0.49397453276721903,0.49397453276721903,02,02,1,0,True,completed
14,known_visit,HIPC,ideal,1.0,19,361,4,20,targets_20_hipc_h1_ideal,objective_tuning_target_load_pilot_25\scenarios\known_visit_g19_t20_n25.csv,17,10,9,25.43422779892965,25.43422779892965,01,01,1,0,True,completed
14,known_visit,HIPC,ideal,1.0,19,361,4,20,targets_20_hipc_h1_ideal,objective_tuning_target_load_pilot_25\scenarios\known_visit_g19_t20_n25.csv,18,14,17,28.634092640281327,28.634092640281327,03,03,1,0,True,completed
14,known_visit,HIPC,ideal,1.0,19,361,4,20,targets_20_hipc_h1_ideal,objective_tuning_target_load_pilot_25\scenarios\known_visit_g19_t20_n25.csv,19,16,15,35.63664565280165,35.63664565280165,03,03,1,0,True,completed
14,known_visit,HIPC,ideal,1.0,19,361,4,20,targets_20_hipc_h1_ideal,objective_tuning_target_load_pilot_25\scenarios\known_visit_g19_t20_n25.csv,20,3,4,10.622996546244334,10.622996546244334,00,00,1,0,True,completed
15,known_visit,HIPC,ideal,1.0,19,361,4,20,targets_20_hipc_h1_ideal,objective_tuning_target_load_pilot_25\scenarios\known_visit_g19_t20_n25.csv,1,16,11,42.936617675526726,42.936617675526726,02,02,1,0,True,completed
15,known_visit,HIPC,ideal,1.0,19,361,4,20,targets_20_hipc_h1_ideal,objective_tuning_target_load_pilot_25\scenarios\known_visit_g19_t20_n25.csv,2,7,16,14.065111766643774,14.065111766643774,03,03,1,0,True,completed
15,known_visit,HIPC,ideal,1.0,19,361,4,20,targets_20_hipc_h1_ideal,objective_tuning_target_load_pilot_25\scenarios\known_visit_g19_t20_n25.csv,3,7,0,10.381857016236786,10.381857016236786,00,00,1,0,True,completed
15,known_visit,HIPC,ideal,1.0,19,361,4,20,targets_20_hipc_h1_ideal,objective_tuning_target_load_pilot_25\scenarios\known_visit_g19_t20_n25.csv,4,17,18,35.67032608365221,35.67032608365221,03,03,1,0,True,completed
15,known_visit,HIPC,ideal,1.0,19,361,4,20,targets_20_hipc_h1_ideal,objective_tuning_target_load_pilot_25\scenarios\known_visit_g19_t20_n25.csv,5,14,14,26.31659397699507,26.31659397699507,02,02,1,0,True,completed
15,known_visit,HIPC,ideal,1.0,19,361,4,20,targets_20_hipc_h1_ideal,objective_tuning_target_load_pilot_25\scenarios\known_visit_g19_t20_n25.csv,6,16,15,31.933044120581474,31.933044120581474,02,02,1,0,True,completed
15,known_visit,HIPC,ideal,1.0,19,361,4,20,targets_20_hipc_h1_ideal,objective_tuning_target_load_pilot_25\scenarios\known_visit_g19_t20_n25.csv,7,6,7,10.561955309595335,10.561955309595335,01,01,1,0,True,completed
15,known_visit,HIPC,ideal,1.0,19,361,4,20,targets_20_hipc_h1_ideal,objective_tuning_target_load_pilot_25\scenarios\known_visit_g19_t20_n25.csv,8,10,3,24.64209985947907,24.64209985947907,00,00,1,0,True,completed
15,known_visit,HIPC,ideal,1.0,19,361,4,20,targets_20_hipc_h1_ideal,objective_tuning_target_load_pilot_25\scenarios\known_visit_g19_t20_n25.csv,9,6,3,31.781082786199672,31.781082786199672,00,00,1,0,True,completed
15,known_visit,HIPC,ideal,1.0,19,361,4,20,targets_20_hipc_h1_ideal,objective_tuning_target_load_pilot_25\scenarios\known_visit_g19_t20_n25.csv,10,6,11,17.406131359574733,17.406131359574733,01,01,1,0,True,completed
15,known_visit,HIPC,ideal,1.0,19,361,4,20,targets_20_hipc_h1_ideal,objective_tuning_target_load_pilot_25\scenarios\known_visit_g19_t20_n25.csv,11,15,1,51.064863427405584,51.064863427405584,01,01,1,0,True,completed
15,known_visit,HIPC,ideal,1.0,19,361,4,20,targets_20_hipc_h1_ideal,objective_tuning_target_load_pilot_25\scenarios\known_visit_g19_t20_n25.csv,12,17,1,54.78040436102391,54.78040436102391,01,01,1,0,True,completed
15,known_visit,HIPC,ideal,1.0,19,361,4,20,targets_20_hipc_h1_ideal,objective_tuning_target_load_pilot_25\scenarios\known_visit_g19_t20_n25.csv,13,11,0,17.1955629713942,17.1955629713942,00,00,1,0,True,completed
15,known_visit,HIPC,ideal,1.0,19,361,4,20,targets_20_hipc_h1_ideal,objective_tuning_target_load_pilot_25\scenarios\known_visit_g19_t20_n25.csv,14,1,14,3.9059023911871056,3.9059023911871056,02,02,1,0,True,completed
15,known_visit,HIPC,ideal,1.0,19,361,4,20,targets_20_hipc_h1_ideal,objective_tuning_target_load_pilot_25\scenarios\known_visit_g19_t20_n25.csv,15,17,16,32.10604048228978,32.10604048228978,03,03,1,0,True,completed
15,known_visit,HIPC,ideal,1.0,19,361,4,20,targets_20_hipc_h1_ideal,objective_tuning_target_load_pilot_25\scenarios\known_visit_g19_t20_n25.csv,16,10,16,19.578275416137924,19.578275416137924,03,03,1,0,True,completed
15,known_visit,HIPC,ideal,1.0,19,361,4,20,targets_20_hipc_h1_ideal,objective_tuning_target_load_pilot_25\scenarios\known_visit_g19_t20_n25.csv,17,18,2,63.88743220946352,63.88743220946352,00,00,1,0,True,completed
15,known_visit,HIPC,ideal,1.0,19,361,4,20,targets_20_hipc_h1_ideal,objective_tuning_target_load_pilot_25\scenarios\known_visit_g19_t20_n25.csv,18,10,8,30.173404974658617,30.173404974658617,01,01,1,0,True,completed
15,known_visit,HIPC,ideal,1.0,19,361,4,20,targets_20_hipc_h1_ideal,objective_tuning_target_load_pilot_25\scenarios\known_visit_g19_t20_n25.csv,19,11,14,21.116299416630625,21.116299416630625,02,02,1,0,True,completed
15,known_visit,HIPC,ideal,1.0,19,361,4,20,targets_20_hipc_h1_ideal,objective_tuning_target_load_pilot_25\scenarios\known_visit_g19_t20_n25.csv,20,18,11,49.952502253346665,49.952502253346665,03,03,1,0,True,completed
16,known_visit,HIPC,ideal,1.0,19,361,4,20,targets_20_hipc_h1_ideal,objective_tuning_target_load_pilot_25\scenarios\known_visit_g19_t20_n25.csv,1,1,10,4.133747051372296,4.133747051372296,02,02,1,0,True,completed
16,known_visit,HIPC,ideal,1.0,19,361,4,20,targets_20_hipc_h1_ideal,objective_tuning_target_load_pilot_25\scenarios\known_visit_g19_t20_n25.csv,2,4,18,5.2384013448254265,5.2384013448254265,03,03,1,0,True,completed
16,known_visit,HIPC,ideal,1.0,19,361,4,20,targets_20_hipc_h1_ideal,objective_tuning_target_load_pilot_25\scenarios\known_visit_g19_t20_n25.csv,3,13,14,27.50387609557122,27.50387609557122,03,03,1,0,True,completed
16,known_visit,HIPC,ideal,1.0,19,361,4,20,targets_20_hipc_h1_ideal,objective_tuning_target_load_pilot_25\scenarios\known_visit_g19_t20_n25.csv,4,8,2,23.372935083059023,23.372935083059023,00,00,1,0,True,completed
16,known_visit,HIPC,ideal,1.0,19,361,4,20,targets_20_hipc_h1_ideal,objective_tuning_target_load_pilot_25\scenarios\known_visit_g19_t20_n25.csv,5,3,4,7.700321761287653,7.700321761287653,01,01,1,0,True,completed
16,known_visit,HIPC,ideal,1.0,19,361,4,20,targets_20_hipc_h1_ideal,objective_tuning_target_load_pilot_25\scenarios\known_visit_g19_t20_n25.csv,6,15,3,41.828047879570654,41.828047879570654,00,00,1,0,True,completed
16,known_visit,HIPC,ideal,1.0,19,361,4,20,targets_20_hipc_h1_ideal,objective_tuning_target_load_pilot_25\scenarios\known_visit_g19_t20_n25.csv,7,14,8,33.82078734286067,33.82078734286067,01,01,1,0,True,completed
16,known_visit,HIPC,ideal,1.0,19,361,4,20,targets_20_hipc_h1_ideal,objective_tuning_target_load_pilot_25\scenarios\known_visit_g19_t20_n25.csv,8,6,0,16.08651670436761,16.08651670436761,00,00,1,0,True,completed
16,known_visit,HIPC,ideal,1.0,19,361,4,20,targets_20_hipc_h1_ideal,objective_tuning_target_load_pilot_25\scenarios\known_visit_g19_t20_n25.csv,9,7,7,19.883179976248886,19.883179976248886,01,01,1,0,True,completed
16,known_visit,HIPC,ideal,1.0,19,361,4,20,targets_20_hipc_h1_ideal,objective_tuning_target_load_pilot_25\scenarios\known_visit_g19_t20_n25.csv,10,14,3,39.81264251763467,39.81264251763467,00,00,1,0,True,completed
16,known_visit,HIPC,ideal,1.0,19,361,4,20,targets_20_hipc_h1_ideal,objective_tuning_target_load_pilot_25\scenarios\known_visit_g19_t20_n25.csv,11,14,14,29.15668515828943,29.15668515828943,03,03,1,0,True,completed
16,known_visit,HIPC,ideal,1.0,19,361,4,20,targets_20_hipc_h1_ideal,objective_tuning_target_load_pilot_25\scenarios\known_visit_g19_t20_n25.csv,12,14,13,31.166354797016815,31.166354797016815,03,03,1,0,True,completed
16,known_visit,HIPC,ideal,1.0,19,361,4,20,targets_20_hipc_h1_ideal,objective_tuning_target_load_pilot_25\scenarios\known_visit_g19_t20_n25.csv,13,3,9,9.72965123362784,9.72965123362784,02,02,1,0,True,completed
16,known_visit,HIPC,ideal,1.0,19,361,4,20,targets_20_hipc_h1_ideal,objective_tuning_target_load_pilot_25\scenarios\known_visit_g19_t20_n25.csv,14,5,15,12.247007125533795,12.247007125533795,03,03,1,0,True,completed
16,known_visit,HIPC,ideal,1.0,19,361,4,20,targets_20_hipc_h1_ideal,objective_tuning_target_load_pilot_25\scenarios\known_visit_g19_t20_n25.csv,15,17,1,48.90853673560262,48.90853673560262,00,00,1,0,True,completed
16,known_visit,HIPC,ideal,1.0,19,361,4,20,targets_20_hipc_h1_ideal,objective_tuning_target_load_pilot_25\scenarios\known_visit_g19_t20_n25.csv,16,9,11,23.584459830310237,23.584459830310237,02,02,1,0,True,completed
16,known_visit,HIPC,ideal,1.0,19,361,4,20,targets_20_hipc_h1_ideal,objective_tuning_target_load_pilot_25\scenarios\known_visit_g19_t20_n25.csv,17,12,1,32.36274952045566,32.36274952045566,00,00,1,0,True,completed
16,known_visit,HIPC,ideal,1.0,19,361,4,20,targets_20_hipc_h1_ideal,objective_tuning_target_load_pilot_25\scenarios\known_visit_g19_t20_n25.csv,18,14,2,38.07695708834071,38.07695708834071,00,00,1,0,True,completed
16,known_visit,HIPC,ideal,1.0,19,361,4,20,targets_20_hipc_h1_ideal,objective_tuning_target_load_pilot_25\scenarios\known_visit_g19_t20_n25.csv,19,2,5,3.950976124771629,3.950976124771629,01,01,1,0,True,completed
16,known_visit,HIPC,ideal,1.0,19,361,4,20,targets_20_hipc_h1_ideal,objective_tuning_target_load_pilot_25\scenarios\known_visit_g19_t20_n25.csv,20,2,4,5.7031027129885095,5.7031027129885095,01,01,1,0,True,completed
17,known_visit,HIPC,ideal,1.0,19,361,4,20,targets_20_hipc_h1_ideal,objective_tuning_target_load_pilot_25\scenarios\known_visit_g19_t20_n25.csv,1,17,8,46.12311494755093,46.12311494755093,01,01,1,0,True,completed
17,known_visit,HIPC,ideal,1.0,19,361,4,20,targets_20_hipc_h1_ideal,objective_tuning_target_load_pilot_25\scenarios\known_visit_g19_t20_n25.csv,2,3,17,5.765361723577816,5.765361723577816,03,03,1,0,True,completed
17,known_visit,HIPC,ideal,1.0,19,361,4,20,targets_20_hipc_h1_ideal,objective_tuning_target_load_pilot_25\scenarios\known_visit_g19_t20_n25.csv,3,13,4,31.672829706510846,31.672829706510846,01,01,1,0,True,completed
17,known_visit,HIPC,ideal,1.0,19,361,4,20,targets_20_hipc_h1_ideal,objective_tuning_target_load_pilot_25\scenarios\known_visit_g19_t20_n25.csv,4,15,14,32.27974898690037,32.27974898690037,03,03,1,0,True,completed
17,known_visit,HIPC,ideal,1.0,19,361,4,20,targets_20_hipc_h1_ideal,objective_tuning_target_load_pilot_25\scenarios\known_visit_g19_t20_n25.csv,5,2,14,5.4484998821325545,5.4484998821325545,02,02,1,0,True,completed
17,known_visit,HIPC,ideal,1.0,19,361,4,20,targets_20_hipc_h1_ideal,objective_tuning_target_load_pilot_25\scenarios\known_visit_g19_t20_n25.csv,6,13,3,29.98916255530472,29.98916255530472,01,01,1,0,True,completed
17,known_visit,HIPC,ideal,1.0,19,361,4,20,targets_20_hipc_h1_ideal,objective_tuning_target_load_pilot_25\scenarios\known_visit_g19_t20_n25.csv,7,17,6,42.4239987225752,42.4239987225752,01,01,1,0,True,completed
17,known_visit,HIPC,ideal,1.0,19,361,4,20,targets_20_hipc_h1_ideal,objective_tuning_target_load_pilot_25\scenarios\known_visit_g19_t20_n25.csv,8,13,14,28.71849498912359,28.71849498912359,03,03,1,0,True,completed
17,known_visit,HIPC,ideal,1.0,19,361,4,20,targets_20_hipc_h1_ideal,objective_tuning_target_load_pilot_25\scenarios\known_visit_g19_t20_n25.csv,9,7,10,21.17890676792836,21.17890676792836,02,02,1,0,True,completed
17,known_visit,HIPC,ideal,1.0,19,361,4,20,targets_20_hipc_h1_ideal,objective_tuning_target_load_pilot_25\scenarios\known_visit_g19_t20_n25.csv,10,18,0,42.77674273639164,42.77674273639164,00,00,1,0,True,completed
17,known_visit,HIPC,ideal,1.0,19,361,4,20,targets_20_hipc_h1_ideal,objective_tuning_target_load_pilot_25\scenarios\known_visit_g19_t20_n25.csv,11,14,6,37.147702924506504,37.147702924506504,01,01,1,0,True,completed
17,known_visit,HIPC,ideal,1.0,19,361,4,20,targets_20_hipc_h1_ideal,objective_tuning_target_load_pilot_25\scenarios\known_visit_g19_t20_n25.csv,12,6,1,15.322044979982401,15.322044979982401,00,00,1,0,True,completed
17,known_visit,HIPC,ideal,1.0,19,361,4,20,targets_20_hipc_h1_ideal,objective_tuning_target_load_pilot_25\scenarios\known_visit_g19_t20_n25.csv,13,5,0,11.282961212791193,11.282961212791193,00,00,1,0,True,completed
17,known_visit,HIPC,ideal,1.0,19,361,4,20,targets_20_hipc_h1_ideal,objective_tuning_target_load_pilot_25\scenarios\known_visit_g19_t20_n25.csv,14,9,16,18.10532263531546,18.10532263531546,03,03,1,0,True,completed
17,known_visit,HIPC,ideal,1.0,19,361,4,20,targets_20_hipc_h1_ideal,objective_tuning_target_load_pilot_25\scenarios\known_visit_g19_t20_n25.csv,15,6,17,11.135802420758614,11.135802420758614,03,03,1,0,True,completed
17,known_visit,HIPC,ideal,1.0,19,361,4,20,targets_20_hipc_h1_ideal,objective_tuning_target_load_pilot_25\scenarios\known_visit_g19_t20_n25.csv,16,1,5,2.2055213866524124,2.2055213866524124,01,01,1,0,True,completed
17,known_visit,HIPC,ideal,1.0,19,361,4,20,targets_20_hipc_h1_ideal,objective_tuning_target_load_pilot_25\scenarios\known_visit_g19_t20_n25.csv,17,16,13,36.098430651623815,36.098430651623815,03,03,1,0,True,completed
17,known_visit,HIPC,ideal,1.0,19,361,4,20,targets_20_hipc_h1_ideal,objective_tuning_target_load_pilot_25\scenarios\known_visit_g19_t20_n25.csv,18,13,18,59.610121230891956,59.610121230891956,02,02,1,0,True,completed
17,known_visit,HIPC,ideal,1.0,19,361,4,20,targets_20_hipc_h1_ideal,objective_tuning_target_load_pilot_25\scenarios\known_visit_g19_t20_n25.csv,19,2,1,3.869441948025457,3.869441948025457,00,00,1,0,True,completed
17,known_visit,HIPC,ideal,1.0,19,361,4,20,targets_20_hipc_h1_ideal,objective_tuning_target_load_pilot_25\scenarios\known_visit_g19_t20_n25.csv,20,12,1,25.734816862981525,25.734816862981525,00,00,1,0,True,completed
18,known_visit,HIPC,ideal,1.0,19,361,4,20,targets_20_hipc_h1_ideal,objective_tuning_target_load_pilot_25\scenarios\known_visit_g19_t20_n25.csv,1,12,13,28.49109409708143,28.49109409708143,03,03,1,0,True,completed
18,known_visit,HIPC,ideal,1.0,19,361,4,20,targets_20_hipc_h1_ideal,objective_tuning_target_load_pilot_25\scenarios\known_visit_g19_t20_n25.csv,2,4,12,5.349591847289895,5.349591847289895,02,02,1,0,True,completed
18,known_visit,HIPC,ideal,1.0,19,361,4,20,targets_20_hipc_h1_ideal,objective_tuning_target_load_pilot_25\scenarios\known_visit_g19_t20_n25.csv,3,3,14,10.973987831810243,10.973987831810243,02,02,1,0,True,completed
18,known_visit,HIPC,ideal,1.0,19,361,4,20,targets_20_hipc_h1_ideal,objective_tuning_target_load_pilot_25\scenarios\known_visit_g19_t20_n25.csv,4,18,2,47.53815729691299,47.53815729691299,00,00,1,0,True,completed
18,known_visit,HIPC,ideal,1.0,19,361,4,20,targets_20_hipc_h1_ideal,objective_tuning_target_load_pilot_25\scenarios\known_visit_g19_t20_n25.csv,5,3,12,3.661638792777372,3.661638792777372,02,02,1,0,True,completed
18,known_visit,HIPC,ideal,1.0,19,361,4,20,targets_20_hipc_h1_ideal,objective_tuning_target_load_pilot_25\scenarios\known_visit_g19_t20_n25.csv,6,3,0,3.654309417948159,3.654309417948159,00,00,1,0,True,completed
18,known_visit,HIPC,ideal,1.0,19,361,4,20,targets_20_hipc_h1_ideal,objective_tuning_target_load_pilot_25\scenarios\known_visit_g19_t20_n25.csv,7,9,15,23.445084675233147,23.445084675233147,02,02,1,0,True,completed
18,known_visit,HIPC,ideal,1.0,19,361,4,20,targets_20_hipc_h1_ideal,objective_tuning_target_load_pilot_25\scenarios\known_visit_g19_t20_n25.csv,8,10,18,15.831546581490326,15.831546581490326,03,03,1,0,True,completed
18,known_visit,HIPC,ideal,1.0,19,361,4,20,targets_20_hipc_h1_ideal,objective_tuning_target_load_pilot_25\scenarios\known_visit_g19_t20_n25.csv,9,4,7,11.568674730495673,11.568674730495673,01,01,1,0,True,completed
18,known_visit,HIPC,ideal,1.0,19,361,4,20,targets_20_hipc_h1_ideal,objective_tuning_target_load_pilot_25\scenarios\known_visit_g19_t20_n25.csv,10,12,5,27.828659870789195,27.828659870789195,00,00,1,0,True,completed
18,known_visit,HIPC,ideal,1.0,19,361,4,20,targets_20_hipc_h1_ideal,objective_tuning_target_load_pilot_25\scenarios\known_visit_g19_t20_n25.csv,11,16,16,37.514866707688235,37.514866707688235,02,02,1,0,True,completed
18,known_visit,HIPC,ideal,1.0,19,361,4,20,targets_20_hipc_h1_ideal,objective_tuning_target_load_pilot_25\scenarios\known_visit_g19_t20_n25.csv,12,0,5,0.46013711253073974,0.46013711253073974,01,01,1,0,True,completed
18,known_visit,HIPC,ideal,1.0,19,361,4,20,targets_20_hipc_h1_ideal,objective_tuning_target_load_pilot_25\scenarios\known_visit_g19_t20_n25.csv,13,13,10,32.77852740724909,32.77852740724909,01,01,1,0,True,completed
18,known_visit,HIPC,ideal,1.0,19,361,4,20,targets_20_hipc_h1_ideal,objective_tuning_target_load_pilot_25\scenarios\known_visit_g19_t20_n25.csv,14,7,5,19.51727463983242,19.51727463983242,00,00,1,0,True,completed
18,known_visit,HIPC,ideal,1.0,19,361,4,20,targets_20_hipc_h1_ideal,objective_tuning_target_load_pilot_25\scenarios\known_visit_g19_t20_n25.csv,15,15,13,33.673763158671505,33.673763158671505,03,03,1,0,True,completed
18,known_visit,HIPC,ideal,1.0,19,361,4,20,targets_20_hipc_h1_ideal,objective_tuning_target_load_pilot_25\scenarios\known_visit_g19_t20_n25.csv,16,16,6,36.692819783386895,36.692819783386895,00,00,1,0,True,completed
18,known_visit,HIPC,ideal,1.0,19,361,4,20,targets_20_hipc_h1_ideal,objective_tuning_target_load_pilot_25\scenarios\known_visit_g19_t20_n25.csv,17,9,9,23.90147819442416,23.90147819442416,01,01,1,0,True,completed
18,known_visit,HIPC,ideal,1.0,19,361,4,20,targets_20_hipc_h1_ideal,objective_tuning_target_load_pilot_25\scenarios\known_visit_g19_t20_n25.csv,18,11,13,26.754100037015245,26.754100037015245,03,03,1,0,True,completed
18,known_visit,HIPC,ideal,1.0,19,361,4,20,targets_20_hipc_h1_ideal,objective_tuning_target_load_pilot_25\scenarios\known_visit_g19_t20_n25.csv,19,5,9,16.717352012046263,16.717352012046263,01,01,1,0,True,completed
18,known_visit,HIPC,ideal,1.0,19,361,4,20,targets_20_hipc_h1_ideal,objective_tuning_target_load_pilot_25\scenarios\known_visit_g19_t20_n25.csv,20,2,7,7.872032157834166,7.872032157834166,01,01,1,0,True,completed
19,known_visit,HIPC,ideal,1.0,19,361,4,20,targets_20_hipc_h1_ideal,objective_tuning_target_load_pilot_25\scenarios\known_visit_g19_t20_n25.csv,1,6,15,15.369580187804898,15.369580187804898,03,03,1,0,True,completed
19,known_visit,HIPC,ideal,1.0,19,361,4,20,targets_20_hipc_h1_ideal,objective_tuning_target_load_pilot_25\scenarios\known_visit_g19_t20_n25.csv,2,9,9,27.248308932879745,27.248308932879745,01,01,1,0,True,completed
19,known_visit,HIPC,ideal,1.0,19,361,4,20,targets_20_hipc_h1_ideal,objective_tuning_target_load_pilot_25\scenarios\known_visit_g19_t20_n25.csv,3,16,2,45.28904476880687,45.28904476880687,00,00,1,0,True,completed
19,known_visit,HIPC,ideal,1.0,19,361,4,20,targets_20_hipc_h1_ideal,objective_tuning_target_load_pilot_25\scenarios\known_visit_g19_t20_n25.csv,4,9,4,25.42524611843325,25.42524611843325,00,00,1,0,True,completed
19,known_visit,HIPC,ideal,1.0,19,361,4,20,targets_20_hipc_h1_ideal,objective_tuning_target_load_pilot_25\scenarios\known_visit_g19_t20_n25.csv,5,4,13,15.525587503308778,15.525587503308778,02,02,1,0,True,completed
19,known_visit,HIPC,ideal,1.0,19,361,4,20,targets_20_hipc_h1_ideal,objective_tuning_target_load_pilot_25\scenarios\known_visit_g19_t20_n25.csv,6,8,13,22.42556098886208,22.42556098886208,03,03,1,0,True,completed
19,known_visit,HIPC,ideal,1.0,19,361,4,20,targets_20_hipc_h1_ideal,objective_tuning_target_load_pilot_25\scenarios\known_visit_g19_t20_n25.csv,7,4,17,7.467892136682634,7.467892136682634,03,03,1,0,True,completed
19,known_visit,HIPC,ideal,1.0,19,361,4,20,targets_20_hipc_h1_ideal,objective_tuning_target_load_pilot_25\scenarios\known_visit_g19_t20_n25.csv,8,10,1,18.140572284884982,18.140572284884982,00,00,1,0,True,completed
19,known_visit,HIPC,ideal,1.0,19,361,4,20,targets_20_hipc_h1_ideal,objective_tuning_target_load_pilot_25\scenarios\known_visit_g19_t20_n25.csv,9,4,16,9.46873081173394,9.46873081173394,03,03,1,0,True,completed
19,known_visit,HIPC,ideal,1.0,19,361,4,20,targets_20_hipc_h1_ideal,objective_tuning_target_load_pilot_25\scenarios\known_visit_g19_t20_n25.csv,10,5,7,16.40766088420568,16.40766088420568,01,01,1,0,True,completed
19,known_visit,HIPC,ideal,1.0,19,361,4,20,targets_20_hipc_h1_ideal,objective_tuning_target_load_pilot_25\scenarios\known_visit_g19_t20_n25.csv,11,0,9,3.8451308596479294,3.8451308596479294,01,01,1,0,True,completed
19,known_visit,HIPC,ideal,1.0,19,361,4,20,targets_20_hipc_h1_ideal,objective_tuning_target_load_pilot_25\scenarios\known_visit_g19_t20_n25.csv,12,1,11,6.222864532111977,6.222864532111977,02,02,1,0,True,completed
19,known_visit,HIPC,ideal,1.0,19,361,4,20,targets_20_hipc_h1_ideal,objective_tuning_target_load_pilot_25\scenarios\known_visit_g19_t20_n25.csv,13,0,13,0.4422107229785983,0.4422107229785983,02,02,1,0,True,completed
19,known_visit,HIPC,ideal,1.0,19,361,4,20,targets_20_hipc_h1_ideal,objective_tuning_target_load_pilot_25\scenarios\known_visit_g19_t20_n25.csv,14,17,13,37.80589090098353,37.80589090098353,03,03,1,0,True,completed
19,known_visit,HIPC,ideal,1.0,19,361,4,20,targets_20_hipc_h1_ideal,objective_tuning_target_load_pilot_25\scenarios\known_visit_g19_t20_n25.csv,15,5,16,11.524775111834309,11.524775111834309,03,03,1,0,True,completed
19,known_visit,HIPC,ideal,1.0,19,361,4,20,targets_20_hipc_h1_ideal,objective_tuning_target_load_pilot_25\scenarios\known_visit_g19_t20_n25.csv,16,12,13,29.366074418112916,29.366074418112916,03,03,1,0,True,completed
19,known_visit,HIPC,ideal,1.0,19,361,4,20,targets_20_hipc_h1_ideal,objective_tuning_target_load_pilot_25\scenarios\known_visit_g19_t20_n25.csv,17,12,8,34.526742028059815,34.526742028059815,01,01,1,0,True,completed
19,known_visit,HIPC,ideal,1.0,19,361,4,20,targets_20_hipc_h1_ideal,objective_tuning_target_load_pilot_25\scenarios\known_visit_g19_t20_n25.csv,18,9,1,16.39443276591583,16.39443276591583,00,00,1,0,True,completed
19,known_visit,HIPC,ideal,1.0,19,361,4,20,targets_20_hipc_h1_ideal,objective_tuning_target_load_pilot_25\scenarios\known_visit_g19_t20_n25.csv,19,10,2,20.105428074444074,20.105428074444074,00,00,1,0,True,completed
19,known_visit,HIPC,ideal,1.0,19,361,4,20,targets_20_hipc_h1_ideal,objective_tuning_target_load_pilot_25\scenarios\known_visit_g19_t20_n25.csv,20,16,3,43.56083366091229,43.56083366091229,00,00,1,0,True,completed
20,known_visit,HIPC,ideal,1.0,19,361,4,20,targets_20_hipc_h1_ideal,objective_tuning_target_load_pilot_25\scenarios\known_visit_g19_t20_n25.csv,1,1,18,0.12465004190899699,0.12465004190899699,03,03,1,0,True,completed
20,known_visit,HIPC,ideal,1.0,19,361,4,20,targets_20_hipc_h1_ideal,objective_tuning_target_load_pilot_25\scenarios\known_visit_g19_t20_n25.csv,2,13,1,37.81840335145782,37.81840335145782,01,01,1,0,True,completed
20,known_visit,HIPC,ideal,1.0,19,361,4,20,targets_20_hipc_h1_ideal,objective_tuning_target_load_pilot_25\scenarios\known_visit_g19_t20_n25.csv,3,6,8,20.526503367392028,20.526503367392028,02,02,1,0,True,completed
20,known_visit,HIPC,ideal,1.0,19,361,4,20,targets_20_hipc_h1_ideal,objective_tuning_target_load_pilot_25\scenarios\known_visit_g19_t20_n25.csv,4,14,3,32.395435493181104,32.395435493181104,01,01,1,0,True,completed
20,known_visit,HIPC,ideal,1.0,19,361,4,20,targets_20_hipc_h1_ideal,objective_tuning_target_load_pilot_25\scenarios\known_visit_g19_t20_n25.csv,5,3,15,12.622100710037534,12.622100710037534,03,03,1,0,True,completed
20,known_visit,HIPC,ideal,1.0,19,361,4,20,targets_20_hipc_h1_ideal,objective_tuning_target_load_pilot_25\scenarios\known_visit_g19_t20_n25.csv,6,1,7,9.626995998257264,9.626995998257264,02,02,1,0,True,completed
20,known_visit,HIPC,ideal,1.0,19,361,4,20,targets_20_hipc_h1_ideal,objective_tuning_target_load_pilot_25\scenarios\known_visit_g19_t20_n25.csv,7,1,4,3.9437870778977975,3.9437870778977975,01,01,2,1,True,completed
20,known_visit,HIPC,ideal,1.0,19,361,4,20,targets_20_hipc_h1_ideal,objective_tuning_target_load_pilot_25\scenarios\known_visit_g19_t20_n25.csv,8,15,13,44.86440423059703,44.86440423059703,03,03,1,0,True,completed
20,known_visit,HIPC,ideal,1.0,19,361,4,20,targets_20_hipc_h1_ideal,objective_tuning_target_load_pilot_25\scenarios\known_visit_g19_t20_n25.csv,9,7,5,16.319912130558315,16.319912130558315,01,01,1,0,True,completed
20,known_visit,HIPC,ideal,1.0,19,361,4,20,targets_20_hipc_h1_ideal,objective_tuning_target_load_pilot_25\scenarios\known_visit_g19_t20_n25.csv,10,17,2,50.488456050827324,50.488456050827324,01,01,1,0,True,completed
20,known_visit,HIPC,ideal,1.0,19,361,4,20,targets_20_hipc_h1_ideal,objective_tuning_target_load_pilot_25\scenarios\known_visit_g19_t20_n25.csv,11,13,9,34.99703095535452,34.99703095535452,02,02,1,0,True,completed
20,known_visit,HIPC,ideal,1.0,19,361,4,20,targets_20_hipc_h1_ideal,objective_tuning_target_load_pilot_25\scenarios\known_visit_g19_t20_n25.csv,12,12,8,31.231444905431506,31.231444905431506,02,02,1,0,True,completed
20,known_visit,HIPC,ideal,1.0,19,361,4,20,targets_20_hipc_h1_ideal,objective_tuning_target_load_pilot_25\scenarios\known_visit_g19_t20_n25.csv,13,4,17,7.198364494708182,7.198364494708182,03,03,1,0,True,completed
20,known_visit,HIPC,ideal,1.0,19,361,4,20,targets_20_hipc_h1_ideal,objective_tuning_target_load_pilot_25\scenarios\known_visit_g19_t20_n25.csv,14,11,16,32.599936272158985,32.599936272158985,03,03,1,0,True,completed
20,known_visit,HIPC,ideal,1.0,19,361,4,20,targets_20_hipc_h1_ideal,objective_tuning_target_load_pilot_25\scenarios\known_visit_g19_t20_n25.csv,15,4,15,10.6504232661601,10.6504232661601,03,03,1,0,True,completed
20,known_visit,HIPC,ideal,1.0,19,361,4,20,targets_20_hipc_h1_ideal,objective_tuning_target_load_pilot_25\scenarios\known_visit_g19_t20_n25.csv,16,1,5,2.272540737370213,2.272540737370213,01,01,2,1,True,completed
20,known_visit,HIPC,ideal,1.0,19,361,4,20,targets_20_hipc_h1_ideal,objective_tuning_target_load_pilot_25\scenarios\known_visit_g19_t20_n25.csv,17,13,12,40.05592589599369,40.05592589599369,02,02,1,0,True,completed
20,known_visit,HIPC,ideal,1.0,19,361,4,20,targets_20_hipc_h1_ideal,objective_tuning_target_load_pilot_25\scenarios\known_visit_g19_t20_n25.csv,18,9,16,28.860361980440764,28.860361980440764,03,03,1,0,True,completed
20,known_visit,HIPC,ideal,1.0,19,361,4,20,targets_20_hipc_h1_ideal,objective_tuning_target_load_pilot_25\scenarios\known_visit_g19_t20_n25.csv,19,3,4,7.596325912216933,7.596325912216933,01,01,1,0,True,completed
20,known_visit,HIPC,ideal,1.0,19,361,4,20,targets_20_hipc_h1_ideal,objective_tuning_target_load_pilot_25\scenarios\known_visit_g19_t20_n25.csv,20,14,14,41.17436613727718,41.17436613727718,03,03,1,0,True,completed
21,known_visit,HIPC,ideal,1.0,19,361,4,20,targets_20_hipc_h1_ideal,objective_tuning_target_load_pilot_25\scenarios\known_visit_g19_t20_n25.csv,1,0,1,0.42507864954731134,0.42507864954731134,00,00,1,0,True,completed
21,known_visit,HIPC,ideal,1.0,19,361,4,20,targets_20_hipc_h1_ideal,objective_tuning_target_load_pilot_25\scenarios\known_visit_g19_t20_n25.csv,2,0,11,0.7599752343182072,0.7599752343182072,02,02,2,1,True,completed
21,known_visit,HIPC,ideal,1.0,19,361,4,20,targets_20_hipc_h1_ideal,objective_tuning_target_load_pilot_25\scenarios\known_visit_g19_t20_n25.csv,3,2,4,9.278880446254322,9.278880446254322,00,00,1,0,True,completed
21,known_visit,HIPC,ideal,1.0,19,361,4,20,targets_20_hipc_h1_ideal,objective_tuning_target_load_pilot_25\scenarios\known_visit_g19_t20_n25.csv,4,18,8,42.09092516802815,42.09092516802815,02,02,1,0,True,completed
21,known_visit,HIPC,ideal,1.0,19,361,4,20,targets_20_hipc_h1_ideal,objective_tuning_target_load_pilot_25\scenarios\known_visit_g19_t20_n25.csv,5,11,3,27.35382840067446,27.35382840067446,01,01,1,0,True,completed
21,known_visit,HIPC,ideal,1.0,19,361,4,20,targets_20_hipc_h1_ideal,objective_tuning_target_load_pilot_25\scenarios\known_visit_g19_t20_n25.csv,6,5,9,12.750170489219125,12.750170489219125,02,02,1,0,True,completed
21,known_visit,HIPC,ideal,1.0,19,361,4,20,targets_20_hipc_h1_ideal,objective_tuning_target_load_pilot_25\scenarios\known_visit_g19_t20_n25.csv,7,0,10,2.559108881864803,2.559108881864803,02,02,1,0,True,completed
21,known_visit,HIPC,ideal,1.0,19,361,4,20,targets_20_hipc_h1_ideal,objective_tuning_target_load_pilot_25\scenarios\known_visit_g19_t20_n25.csv,8,10,8,24.185367674219012,24.185367674219012,02,02,1,0,True,completed
21,known_visit,HIPC,ideal,1.0,19,361,4,20,targets_20_hipc_h1_ideal,objective_tuning_target_load_pilot_25\scenarios\known_visit_g19_t20_n25.csv,9,0,17,0.5656507492388966,0.5656507492388966,03,03,1,0,True,completed
21,known_visit,HIPC,ideal,1.0,19,361,4,20,targets_20_hipc_h1_ideal,objective_tuning_target_load_pilot_25\scenarios\known_visit_g19_t20_n25.csv,10,14,4,44.827750439567346,44.827750439567346,01,01,1,0,True,completed
21,known_visit,HIPC,ideal,1.0,19,361,4,20,targets_20_hipc_h1_ideal,objective_tuning_target_load_pilot_25\scenarios\known_visit_g19_t20_n25.csv,11,5,8,14.788449921126672,14.788449921126672,02,02,1,0,True,completed
21,known_visit,HIPC,ideal,1.0,19,361,4,20,targets_20_hipc_h1_ideal,objective_tuning_target_load_pilot_25\scenarios\known_visit_g19_t20_n25.csv,12,0,7,0.5898307493450193,0.5898307493450193,01,01,1,0,True,completed
21,known_visit,HIPC,ideal,1.0,19,361,4,20,targets_20_hipc_h1_ideal,objective_tuning_target_load_pilot_25\scenarios\known_visit_g19_t20_n25.csv,13,0,3,3.830530371276654,3.830530371276654,00,00,1,0,True,completed
21,known_visit,HIPC,ideal,1.0,19,361,4,20,targets_20_hipc_h1_ideal,objective_tuning_target_load_pilot_25\scenarios\known_visit_g19_t20_n25.csv,14,17,7,38.188932028538915,38.188932028538915,02,02,1,0,True,completed
21,known_visit,HIPC,ideal,1.0,19,361,4,20,targets_20_hipc_h1_ideal,objective_tuning_target_load_pilot_25\scenarios\known_visit_g19_t20_n25.csv,15,1,0,18.289249692808394,18.289249692808394,00,00,1,0,True,completed
21,known_visit,HIPC,ideal,1.0,19,361,4,20,targets_20_hipc_h1_ideal,objective_tuning_target_load_pilot_25\scenarios\known_visit_g19_t20_n25.csv,16,12,0,34.39435358381311,34.39435358381311,01,01,1,0,True,completed
21,known_visit,HIPC,ideal,1.0,19,361,4,20,targets_20_hipc_h1_ideal,objective_tuning_target_load_pilot_25\scenarios\known_visit_g19_t20_n25.csv,17,12,18,44.210473276797515,44.210473276797515,03,03,1,0,True,completed
21,known_visit,HIPC,ideal,1.0,19,361,4,20,targets_20_hipc_h1_ideal,objective_tuning_target_load_pilot_25\scenarios\known_visit_g19_t20_n25.csv,18,6,11,21.501075033470883,21.501075033470883,03,03,1,0,True,completed
21,known_visit,HIPC,ideal,1.0,19,361,4,20,targets_20_hipc_h1_ideal,objective_tuning_target_load_pilot_25\scenarios\known_visit_g19_t20_n25.csv,19,18,7,40.13849778510554,40.13849778510554,02,02,1,0,True,completed
21,known_visit,HIPC,ideal,1.0,19,361,4,20,targets_20_hipc_h1_ideal,objective_tuning_target_load_pilot_25\scenarios\known_visit_g19_t20_n25.csv,20,1,6,4.705561731260201,4.705561731260201,01,01,1,0,True,completed
22,known_visit,HIPC,ideal,1.0,19,361,4,20,targets_20_hipc_h1_ideal,objective_tuning_target_load_pilot_25\scenarios\known_visit_g19_t20_n25.csv,1,13,4,36.333990487328315,36.333990487328315,01,01,1,0,True,completed
22,known_visit,HIPC,ideal,1.0,19,361,4,20,targets_20_hipc_h1_ideal,objective_tuning_target_load_pilot_25\scenarios\known_visit_g19_t20_n25.csv,2,7,6,22.148518596541514,22.148518596541514,01,01,1,0,True,completed
22,known_visit,HIPC,ideal,1.0,19,361,4,20,targets_20_hipc_h1_ideal,objective_tuning_target_load_pilot_25\scenarios\known_visit_g19_t20_n25.csv,3,5,18,14.878049107104449,14.878049107104449,03,03,1,0,True,completed
22,known_visit,HIPC,ideal,1.0,19,361,4,20,targets_20_hipc_h1_ideal,objective_tuning_target_load_pilot_25\scenarios\known_visit_g19_t20_n25.csv,4,15,7,37.737452055131506,37.737452055131506,02,02,1,0,True,completed
22,known_visit,HIPC,ideal,1.0,19,361,4,20,targets_20_hipc_h1_ideal,objective_tuning_target_load_pilot_25\scenarios\known_visit_g19_t20_n25.csv,5,11,4,32.606230953133604,32.606230953133604,01,01,1,0,True,completed
22,known_visit,HIPC,ideal,1.0,19,361,4,20,targets_20_hipc_h1_ideal,objective_tuning_target_load_pilot_25\scenarios\known_visit_g19_t20_n25.csv,6,5,9,12.236165991601093,12.236165991601093,02,02,1,0,True,completed
22,known_visit,HIPC,ideal,1.0,19,361,4,20,targets_20_hipc_h1_ideal,objective_tuning_target_load_pilot_25\scenarios\known_visit_g19_t20_n25.csv,7,12,7,32.272184494395546,32.272184494395546,02,02,1,0,True,completed
22,known_visit,HIPC,ideal,1.0,19,361,4,20,targets_20_hipc_h1_ideal,objective_tuning_target_load_pilot_25\scenarios\known_visit_g19_t20_n25.csv,8,2,12,1.8461795318156007,1.8461795318156007,02,02,1,0,True,completed
22,known_visit,HIPC,ideal,1.0,19,361,4,20,targets_20_hipc_h1_ideal,objective_tuning_target_load_pilot_25\scenarios\known_visit_g19_t20_n25.csv,9,14,13,38.86213191712879,38.86213191712879,03,03,1,0,True,completed
22,known_visit,HIPC,ideal,1.0,19,361,4,20,targets_20_hipc_h1_ideal,objective_tuning_target_load_pilot_25\scenarios\known_visit_g19_t20_n25.csv,10,2,2,5.841358575787137,5.841358575787137,00,00,1,0,True,completed
22,known_visit,HIPC,ideal,1.0,19,361,4,20,targets_20_hipc_h1_ideal,objective_tuning_target_load_pilot_25\scenarios\known_visit_g19_t20_n25.csv,11,2,16,5.673109692856981,5.673109692856981,03,03,1,0,True,completed
22,known_visit,HIPC,ideal,1.0,19,361,4,20,targets_20_hipc_h1_ideal,objective_tuning_target_load_pilot_25\scenarios\known_visit_g19_t20_n25.csv,12,8,10,19.463677896004857,19.463677896004857,02,02,1,0,True,completed
22,known_visit,HIPC,ideal,1.0,19,361,4,20,targets_20_hipc_h1_ideal,objective_tuning_target_load_pilot_25\scenarios\known_visit_g19_t20_n25.csv,13,16,12,44.23561678581643,44.23561678581643,03,03,1,0,True,completed
22,known_visit,HIPC,ideal,1.0,19,361,4,20,targets_20_hipc_h1_ideal,objective_tuning_target_load_pilot_25\scenarios\known_visit_g19_t20_n25.csv,14,4,12,5.315987158105808,5.315987158105808,02,02,1,0,True,completed
22,known_visit,HIPC,ideal,1.0,19,361,4,20,targets_20_hipc_h1_ideal,objective_tuning_target_load_pilot_25\scenarios\known_visit_g19_t20_n25.csv,15,5,1,13.405352817680395,13.405352817680395,00,00,1,0,True,completed
22,known_visit,HIPC,ideal,1.0,19,361,4,20,targets_20_hipc_h1_ideal,objective_tuning_target_load_pilot_25\scenarios\known_visit_g19_t20_n25.csv,16,8,6,23.838807572034394,23.838807572034394,01,01,1,0,True,completed
22,known_visit,HIPC,ideal,1.0,19,361,4,20,targets_20_hipc_h1_ideal,objective_tuning_target_load_pilot_25\scenarios\known_visit_g19_t20_n25.csv,17,9,2,25.80455988363026,25.80455988363026,00,00,1,0,True,completed
22,known_visit,HIPC,ideal,1.0,19,361,4,20,targets_20_hipc_h1_ideal,objective_tuning_target_load_pilot_25\scenarios\known_visit_g19_t20_n25.csv,18,9,0,22.145012558384572,22.145012558384572,00,00,1,0,True,completed
22,known_visit,HIPC,ideal,1.0,19,361,4,20,targets_20_hipc_h1_ideal,objective_tuning_target_load_pilot_25\scenarios\known_visit_g19_t20_n25.csv,19,0,9,3.8233584483214273,3.8233584483214273,01,01,1,0,True,completed
22,known_visit,HIPC,ideal,1.0,19,361,4,20,targets_20_hipc_h1_ideal,objective_tuning_target_load_pilot_25\scenarios\known_visit_g19_t20_n25.csv,20,14,12,40.5662055588932,40.5662055588932,03,03,1,0,True,completed
23,known_visit,HIPC,ideal,1.0,19,361,4,20,targets_20_hipc_h1_ideal,objective_tuning_target_load_pilot_25\scenarios\known_visit_g19_t20_n25.csv,1,14,4,34.038065951012456,34.038065951012456,00,00,1,0,True,completed
23,known_visit,HIPC,ideal,1.0,19,361,4,20,targets_20_hipc_h1_ideal,objective_tuning_target_load_pilot_25\scenarios\known_visit_g19_t20_n25.csv,2,4,17,7.115098865871377,7.115098865871377,03,03,1,0,True,completed
23,known_visit,HIPC,ideal,1.0,19,361,4,20,targets_20_hipc_h1_ideal,objective_tuning_target_load_pilot_25\scenarios\known_visit_g19_t20_n25.csv,3,17,5,45.382033067906264,45.382033067906264,01,01,1,0,True,completed
23,known_visit,HIPC,ideal,1.0,19,361,4,20,targets_20_hipc_h1_ideal,objective_tuning_target_load_pilot_25\scenarios\known_visit_g19_t20_n25.csv,4,8,9,21.99941432069968,21.99941432069968,01,01,1,0,True,completed
23,known_visit,HIPC,ideal,1.0,19,361,4,20,targets_20_hipc_h1_ideal,objective_tuning_target_load_pilot_25\scenarios\known_visit_g19_t20_n25.csv,5,7,11,20.109913063068948,20.109913063068948,02,02,1,0,True,completed
23,known_visit,HIPC,ideal,1.0,19,361,4,20,targets_20_hipc_h1_ideal,objective_tuning_target_load_pilot_25\scenarios\known_visit_g19_t20_n25.csv,6,14,12,34.23944820504676,34.23944820504676,02,02,1,0,True,completed
23,known_visit,HIPC,ideal,1.0,19,361,4,20,targets_20_hipc_h1_ideal,objective_tuning_target_load_pilot_25\scenarios\known_visit_g19_t20_n25.csv,7,1,1,2.1606342393389,2.1606342393389,00,00,1,0,True,completed
23,known_visit,HIPC,ideal,1.0,19,361,4,20,targets_20_hipc_h1_ideal,objective_tuning_target_load_pilot_25\scenarios\known_visit_g19_t20_n25.csv,8,5,12,14.656059315608962,14.656059315608962,02,02,1,0,True,completed
23,known_visit,HIPC,ideal,1.0,19,361,4,20,targets_20_hipc_h1_ideal,objective_tuning_target_load_pilot_25\scenarios\known_visit_g19_t20_n25.csv,9,14,2,37.73062662875075,37.73062662875075,00,00,1,0,True,completed
23,known_visit,HIPC,ideal,1.0,19,361,4,20,targets_20_hipc_h1_ideal,objective_tuning_target_load_pilot_25\scenarios\known_visit_g19_t20_n25.csv,10,14,16,29.555418788500784,29.555418788500784,03,03,1,0,True,completed
23,known_visit,HIPC,ideal,1.0,19,361,4,20,targets_20_hipc_h1_ideal,objective_tuning_target_load_pilot_25\scenarios\known_visit_g19_t20_n25.csv,11,9,4,25.271065091266745,25.271065091266745,00,00,1,0,True,completed
23,known_visit,HIPC,ideal,1.0,19,361,4,20,targets_20_hipc_h1_ideal,objective_tuning_target_load_pilot_25\scenarios\known_visit_g19_t20_n25.csv,12,10,9,25.51484712713691,25.51484712713691,01,01,1,0,True,completed
23,known_visit,HIPC,ideal,1.0,19,361,4,20,targets_20_hipc_h1_ideal,objective_tuning_target_load_pilot_25\scenarios\known_visit_g19_t20_n25.csv,13,0,5,0.5095021945275511,0.5095021945275511,01,01,1,0,True,completed
23,known_visit,HIPC,ideal,1.0,19,361,4,20,targets_20_hipc_h1_ideal,objective_tuning_target_load_pilot_25\scenarios\known_visit_g19_t20_n25.csv,14,18,16,36.697950814981624,36.697950814981624,03,03,1,0,True,completed
23,known_visit,HIPC,ideal,1.0,19,361,4,20,targets_20_hipc_h1_ideal,objective_tuning_target_load_pilot_25\scenarios\known_visit_g19_t20_n25.csv,15,6,5,17.762146417921144,17.762146417921144,00,00,1,0,True,completed
23,known_visit,HIPC,ideal,1.0,19,361,4,20,targets_20_hipc_h1_ideal,objective_tuning_target_load_pilot_25\scenarios\known_visit_g19_t20_n25.csv,16,2,7,8.078026335130495,8.078026335130495,01,01,1,0,True,completed
23,known_visit,HIPC,ideal,1.0,19,361,4,20,targets_20_hipc_h1_ideal,objective_tuning_target_load_pilot_25\scenarios\known_visit_g19_t20_n25.csv,17,16,0,44.764026631435506,44.764026631435506,00,00,1,0,True,completed
23,known_visit,HIPC,ideal,1.0,19,361,4,20,targets_20_hipc_h1_ideal,objective_tuning_target_load_pilot_25\scenarios\known_visit_g19_t20_n25.csv,18,1,14,4.081724233120801,4.081724233120801,02,02,1,0,True,completed
23,known_visit,HIPC,ideal,1.0,19,361,4,20,targets_20_hipc_h1_ideal,objective_tuning_target_load_pilot_25\scenarios\known_visit_g19_t20_n25.csv,19,17,6,43.309313865695536,43.309313865695536,01,01,1,0,True,completed
23,known_visit,HIPC,ideal,1.0,19,361,4,20,targets_20_hipc_h1_ideal,objective_tuning_target_load_pilot_25\scenarios\known_visit_g19_t20_n25.csv,20,13,8,32.92985287509798,32.92985287509798,01,01,1,0,True,completed
24,known_visit,HIPC,ideal,1.0,19,361,4,20,targets_20_hipc_h1_ideal,objective_tuning_target_load_pilot_25\scenarios\known_visit_g19_t20_n25.csv,1,18,2,48.42143622485958,48.42143622485958,00,00,1,0,True,completed
24,known_visit,HIPC,ideal,1.0,19,361,4,20,targets_20_hipc_h1_ideal,objective_tuning_target_load_pilot_25\scenarios\known_visit_g19_t20_n25.csv,2,8,7,21.102924471279714,21.102924471279714,02,02,1,0,True,completed
24,known_visit,HIPC,ideal,1.0,19,361,4,20,targets_20_hipc_h1_ideal,objective_tuning_target_load_pilot_25\scenarios\known_visit_g19_t20_n25.csv,3,4,9,10.654267508034891,10.654267508034891,02,02,1,0,True,completed
24,known_visit,HIPC,ideal,1.0,19,361,4,20,targets_20_hipc_h1_ideal,objective_tuning_target_load_pilot_25\scenarios\known_visit_g19_t20_n25.csv,4,5,16,10.886351214160415,10.886351214160415,03,03,1,0,True,completed
24,known_visit,HIPC,ideal,1.0,19,361,4,20,targets_20_hipc_h1_ideal,objective_tuning_target_load_pilot_25\scenarios\known_visit_g19_t20_n25.csv,5,4,12,5.206062395656557,5.206062395656557,02,02,1,0,True,completed
24,known_visit,HIPC,ideal,1.0,19,361,4,20,targets_20_hipc_h1_ideal,objective_tuning_target_load_pilot_25\scenarios\known_visit_g19_t20_n25.csv,6,7,7,19.33660069195065,19.33660069195065,02,02,1,0,True,completed
24,known_visit,HIPC,ideal,1.0,19,361,4,20,targets_20_hipc_h1_ideal,objective_tuning_target_load_pilot_25\scenarios\known_visit_g19_t20_n25.csv,7,7,18,18.0255953047901,18.0255953047901,03,03,1,0,True,completed
24,known_visit,HIPC,ideal,1.0,19,361,4,20,targets_20_hipc_h1_ideal,objective_tuning_target_load_pilot_25\scenarios\known_visit_g19_t20_n25.csv,8,16,17,43.35445417687032,43.35445417687032,03,03,1,0,True,completed
24,known_visit,HIPC,ideal,1.0,19,361,4,20,targets_20_hipc_h1_ideal,objective_tuning_target_load_pilot_25\scenarios\known_visit_g19_t20_n25.csv,9,1,17,2.112390272299612,2.112390272299612,03,03,1,0,True,completed
24,known_visit,HIPC,ideal,1.0,19,361,4,20,targets_20_hipc_h1_ideal,objective_tuning_target_load_pilot_25\scenarios\known_visit_g19_t20_n25.csv,10,3,8,7.5393393967903775,7.5393393967903775,01,01,1,0,True,completed
24,known_visit,HIPC,ideal,1.0,19,361,4,20,targets_20_hipc_h1_ideal,objective_tuning_target_load_pilot_25\scenarios\known_visit_g19_t20_n25.csv,11,10,14,30.878193363354942,30.878193363354942,01,01,1,0,True,completed
24,known_visit,HIPC,ideal,1.0,19,361,4,20,targets_20_hipc_h1_ideal,objective_tuning_target_load_pilot_25\scenarios\known_visit_g19_t20_n25.csv,12,14,10,37.12420241002695,37.12420241002695,02,02,1,0,True,completed
24,known_visit,HIPC,ideal,1.0,19,361,4,20,targets_20_hipc_h1_ideal,objective_tuning_target_load_pilot_25\scenarios\known_visit_g19_t20_n25.csv,13,13,9,33.274543711525034,33.274543711525034,02,02,1,0,True,completed
24,known_visit,HIPC,ideal,1.0,19,361,4,20,targets_20_hipc_h1_ideal,objective_tuning_target_load_pilot_25\scenarios\known_visit_g19_t20_n25.csv,14,5,4,14.633803552730786,14.633803552730786,00,00,1,0,True,completed
24,known_visit,HIPC,ideal,1.0,19,361,4,20,targets_20_hipc_h1_ideal,objective_tuning_target_load_pilot_25\scenarios\known_visit_g19_t20_n25.csv,15,18,7,49.314264643898404,49.314264643898404,02,02,1,0,True,completed
24,known_visit,HIPC,ideal,1.0,19,361,4,20,targets_20_hipc_h1_ideal,objective_tuning_target_load_pilot_25\scenarios\known_visit_g19_t20_n25.csv,16,13,0,35.96513196944755,35.96513196944755,00,00,1,0,True,completed
24,known_visit,HIPC,ideal,1.0,19,361,4,20,targets_20_hipc_h1_ideal,objective_tuning_target_load_pilot_25\scenarios\known_visit_g19_t20_n25.csv,17,14,1,39.71752660864381,39.71752660864381,00,00,1,0,True,completed
24,known_visit,HIPC,ideal,1.0,19,361,4,20,targets_20_hipc_h1_ideal,objective_tuning_target_load_pilot_25\scenarios\known_visit_g19_t20_n25.csv,18,2,1,3.8295936250510314,3.8295936250510314,00,00,1,0,True,completed
24,known_visit,HIPC,ideal,1.0,19,361,4,20,targets_20_hipc_h1_ideal,objective_tuning_target_load_pilot_25\scenarios\known_visit_g19_t20_n25.csv,19,12,3,28.768522513097864,28.768522513097864,00,00,1,0,True,completed
24,known_visit,HIPC,ideal,1.0,19,361,4,20,targets_20_hipc_h1_ideal,objective_tuning_target_load_pilot_25\scenarios\known_visit_g19_t20_n25.csv,20,8,15,25.67869018119747,25.67869018119747,03,03,1,0,True,completed
