trial_id,trial_mode,algorithm,comm_model,comm_level,grid_size,grid_cells,robot_count,target_count,condition_id,scenario_file,target_index,target_x,target_y,first_completion_time_s,first_completion_sim_time_s,first_found_by_robot,first_finder_robot_id,total_visits,duplicate_visits,completed,trial_status
0,known_visit,ACBBA,ideal,1.0,19,361,2,10,acbba_g19_d220_ideal,reruns\grid_density\scenarios\cv\known_visit_grid19_targets10_trials50.csv,1,2,13,20.880223729267723,20.880223729267723,01,01,1,0,True,completed
0,known_visit,ACBBA,ideal,1.0,19,361,2,10,acbba_g19_d220_ideal,reruns\grid_density\scenarios\cv\known_visit_grid19_targets10_trials50.csv,2,13,1,52.13870948710704,52.13870948710704,00,00,1,0,True,completed
0,known_visit,ACBBA,ideal,1.0,19,361,2,10,acbba_g19_d220_ideal,reruns\grid_density\scenarios\cv\known_visit_grid19_targets10_trials50.csv,3,5,17,8.941466022007923,8.941466022007923,01,01,1,0,True,completed
0,known_visit,ACBBA,ideal,1.0,19,361,2,10,acbba_g19_d220_ideal,reruns\grid_density\scenarios\cv\known_visit_grid19_targets10_trials50.csv,4,8,3,28.15650289290803,28.15650289290803,00,00,1,0,True,completed
0,known_visit,ACBBA,ideal,1.0,19,361,2,10,acbba_g19_d220_ideal,reruns\grid_density\scenarios\cv\known_visit_grid19_targets10_trials50.csv,5,1,6,10.677364499172615,10.677364499172615,00,00,1,0,True,completed
0,known_visit,ACBBA,ideal,1.0,19,361,2,10,acbba_g19_d220_ideal,reruns\grid_density\scenarios\cv\known_visit_grid19_targets10_trials50.csv,6,12,13,42.396539460441254,42.396539460441254,01,01,1,0,True,completed
0,known_visit,ACBBA,ideal,1.0,19,361,2,10,acbba_g19_d220_ideal,reruns\grid_density\scenarios\cv\known_visit_grid19_targets10_trials50.csv,7,15,15,51.03257024529359,51.03257024529359,01,01,1,0,True,completed
0,known_visit,ACBBA,ideal,1.0,19,361,2,10,acbba_g19_d220_ideal,reruns\grid_density\scenarios\cv\known_visit_grid19_targets10_trials50.csv,8,10,3,31.935841610371632,31.935841610371632,00,00,1,0,True,completed
0,known_visit,ACBBA,ideal,1.0,19,361,2,10,acbba_g19_d220_ideal,reruns\grid_density\scenarios\cv\known_visit_grid19_targets10_trials50.csv,9,14,4,40.894291249291136,40.894291249291136,00,00,1,0,True,completed
0,known_visit,ACBBA,ideal,1.0,19,361,2,10,acbba_g19_d220_ideal,reruns\grid_density\scenarios\cv\known_visit_grid19_targets10_trials50.csv,10,17,0,61.09340002791935,61.09340002791935,00,00,1,0,True,completed
1,known_visit,ACBBA,ideal,1.0,19,361,2,10,acbba_g19_d220_ideal,reruns\grid_density\scenarios\cv\known_visit_grid19_targets10_trials50.csv,1,11,9,33.453546267782095,33.453546267782095,01,01,1,0,True,completed
1,known_visit,ACBBA,ideal,1.0,19,361,2,10,acbba_g19_d220_ideal,reruns\grid_density\scenarios\cv\known_visit_grid19_targets10_trials50.csv,2,17,15,53.70823788806682,53.70823788806682,00,00,1,0,True,completed
1,known_visit,ACBBA,ideal,1.0,19,361,2,10,acbba_g19_d220_ideal,reruns\grid_density\scenarios\cv\known_visit_grid19_targets10_trials50.csv,3,15,3,29.574281329997284,29.574281329997284,00,00,1,0,True,completed
1,known_visit,ACBBA,ideal,1.0,19,361,2,10,acbba_g19_d220_ideal,reruns\grid_density\scenarios\cv\known_visit_grid19_targets10_trials50.csv,4,11,10,31.758706137843603,31.758706137843603,01,01,1,0,True,completed
1,known_visit,ACBBA,ideal,1.0,19,361,2,10,acbba_g19_d220_ideal,reruns\grid_density\scenarios\cv\known_visit_grid19_targets10_trials50.csv,5,11,14,24.97069116094661,24.97069116094661,01,01,1,0,True,completed
1,known_visit,ACBBA,ideal,1.0,19,361,2,10,acbba_g19_d220_ideal,reruns\grid_density\scenarios\cv\known_visit_grid19_targets10_trials50.csv,6,7,15,15.94834986141781,15.94834986141781,01,01,1,0,True,completed
1,known_visit,ACBBA,ideal,1.0,19,361,2,10,acbba_g19_d220_ideal,reruns\grid_density\scenarios\cv\known_visit_grid19_targets10_trials50.csv,7,0,17,0.5287316396672371,0.5287316396672371,01,01,1,0,True,completed
1,known_visit,ACBBA,ideal,1.0,19,361,2,10,acbba_g19_d220_ideal,reruns\grid_density\scenarios\cv\known_visit_grid19_targets10_trials50.csv,8,7,1,12.395102651639931,12.395102651639931,00,00,1,0,True,completed
1,known_visit,ACBBA,ideal,1.0,19,361,2,10,acbba_g19_d220_ideal,reruns\grid_density\scenarios\cv\known_visit_grid19_targets10_trials50.csv,9,5,0,6.968139527088052,6.968139527088052,00,00,1,0,True,completed
1,known_visit,ACBBA,ideal,1.0,19,361,2,10,acbba_g19_d220_ideal,reruns\grid_density\scenarios\cv\known_visit_grid19_targets10_trials50.csv,10,14,3,27.829751991271557,27.829751991271557,00,00,1,0,True,completed
2,known_visit,ACBBA,ideal,1.0,19,361,2,10,acbba_g19_d220_ideal,reruns\grid_density\scenarios\cv\known_visit_grid19_targets10_trials50.csv,1,12,16,40.60078575321597,40.60078575321597,01,01,1,0,True,completed
2,known_visit,ACBBA,ideal,1.0,19,361,2,10,acbba_g19_d220_ideal,reruns\grid_density\scenarios\cv\known_visit_grid19_targets10_trials50.csv,2,18,6,51.30442439318069,51.30442439318069,00,00,1,0,True,completed
2,known_visit,ACBBA,ideal,1.0,19,361,2,10,acbba_g19_d220_ideal,reruns\grid_density\scenarios\cv\known_visit_grid19_targets10_trials50.csv,3,17,7,55.22573543161741,55.22573543161741,00,00,1,0,True,completed
2,known_visit,ACBBA,ideal,1.0,19,361,2,10,acbba_g19_d220_ideal,reruns\grid_density\scenarios\cv\known_visit_grid19_targets10_trials50.csv,4,6,13,17.94110241109536,17.94110241109536,01,01,1,0,True,completed
2,known_visit,ACBBA,ideal,1.0,19,361,2,10,acbba_g19_d220_ideal,reruns\grid_density\scenarios\cv\known_visit_grid19_targets10_trials50.csv,5,2,15,7.18918270904745,7.18918270904745,01,01,1,0,True,completed
2,known_visit,ACBBA,ideal,1.0,19,361,2,10,acbba_g19_d220_ideal,reruns\grid_density\scenarios\cv\known_visit_grid19_targets10_trials50.csv,6,12,0,30.06937810301222,30.06937810301222,00,00,1,0,True,completed
2,known_visit,ACBBA,ideal,1.0,19,361,2,10,acbba_g19_d220_ideal,reruns\grid_density\scenarios\cv\known_visit_grid19_targets10_trials50.csv,7,15,2,39.133554527608645,39.133554527608645,00,00,1,0,True,completed
2,known_visit,ACBBA,ideal,1.0,19,361,2,10,acbba_g19_d220_ideal,reruns\grid_density\scenarios\cv\known_visit_grid19_targets10_trials50.csv,8,4,14,12.612929527714543,12.612929527714543,01,01,1,0,True,completed
2,known_visit,ACBBA,ideal,1.0,19,361,2,10,acbba_g19_d220_ideal,reruns\grid_density\scenarios\cv\known_visit_grid19_targets10_trials50.csv,9,9,11,26.729617256279262,26.729617256279262,01,01,1,0,True,completed
2,known_visit,ACBBA,ideal,1.0,19,361,2,10,acbba_g19_d220_ideal,reruns\grid_density\scenarios\cv\known_visit_grid19_targets10_trials50.csv,10,5,3,12.429049128293485,12.429049128293485,00,00,1,0,True,completed
3,known_visit,ACBBA,ideal,1.0,19,361,2,10,acbba_g19_d220_ideal,reruns\grid_density\scenarios\cv\known_visit_grid19_targets10_trials50.csv,1,1,13,8.849923280885047,8.849923280885047,01,01,1,0,True,completed
3,known_visit,ACBBA,ideal,1.0,19,361,2,10,acbba_g19_d220_ideal,reruns\grid_density\scenarios\cv\known_visit_grid19_targets10_trials50.csv,2,13,13,37.50223249316742,37.50223249316742,01,01,1,0,True,completed
3,known_visit,ACBBA,ideal,1.0,19,361,2,10,acbba_g19_d220_ideal,reruns\grid_density\scenarios\cv\known_visit_grid19_targets10_trials50.csv,3,12,3,24.522972464499393,24.522972464499393,00,00,1,0,True,completed
3,known_visit,ACBBA,ideal,1.0,19,361,2,10,acbba_g19_d220_ideal,reruns\grid_density\scenarios\cv\known_visit_grid19_targets10_trials50.csv,4,17,18,66.83871160789877,66.83871160789877,00,00,1,0,True,completed
3,known_visit,ACBBA,ideal,1.0,19,361,2,10,acbba_g19_d220_ideal,reruns\grid_density\scenarios\cv\known_visit_grid19_targets10_trials50.csv,5,16,3,31.39369560346698,31.39369560346698,00,00,1,0,True,completed
3,known_visit,ACBBA,ideal,1.0,19,361,2,10,acbba_g19_d220_ideal,reruns\grid_density\scenarios\cv\known_visit_grid19_targets10_trials50.csv,6,14,6,40.42967355789493,40.42967355789493,00,00,1,0,True,completed
3,known_visit,ACBBA,ideal,1.0,19,361,2,10,acbba_g19_d220_ideal,reruns\grid_density\scenarios\cv\known_visit_grid19_targets10_trials50.csv,7,7,15,23.281399221530194,23.281399221530194,01,01,1,0,True,completed
3,known_visit,ACBBA,ideal,1.0,19,361,2,10,acbba_g19_d220_ideal,reruns\grid_density\scenarios\cv\known_visit_grid19_targets10_trials50.csv,8,10,1,17.522055112342155,17.522055112342155,00,00,1,0,True,completed
3,known_visit,ACBBA,ideal,1.0,19,361,2,10,acbba_g19_d220_ideal,reruns\grid_density\scenarios\cv\known_visit_grid19_targets10_trials50.csv,9,13,15,33.743043337793004,33.743043337793004,01,01,1,0,True,completed
3,known_visit,ACBBA,ideal,1.0,19,361,2,10,acbba_g19_d220_ideal,reruns\grid_density\scenarios\cv\known_visit_grid19_targets10_trials50.csv,10,10,10,48.08986764444892,48.08986764444892,01,01,1,0,True,completed
4,known_visit,ACBBA,ideal,1.0,19,361,2,10,acbba_g19_d220_ideal,reruns\grid_density\scenarios\cv\known_visit_grid19_targets10_trials50.csv,1,8,9,53.304645154550954,53.304645154550954,00,00,1,0,True,completed
4,known_visit,ACBBA,ideal,1.0,19,361,2,10,acbba_g19_d220_ideal,reruns\grid_density\scenarios\cv\known_visit_grid19_targets10_trials50.csv,2,4,2,8.748399210344472,8.748399210344472,00,00,1,0,True,completed
4,known_visit,ACBBA,ideal,1.0,19,361,2,10,acbba_g19_d220_ideal,reruns\grid_density\scenarios\cv\known_visit_grid19_targets10_trials50.csv,3,12,9,46.29626997434115,46.29626997434115,00,00,1,0,True,completed
4,known_visit,ACBBA,ideal,1.0,19,361,2,10,acbba_g19_d220_ideal,reruns\grid_density\scenarios\cv\known_visit_grid19_targets10_trials50.csv,4,14,3,32.070547747527584,32.070547747527584,00,00,1,0,True,completed
4,known_visit,ACBBA,ideal,1.0,19,361,2,10,acbba_g19_d220_ideal,reruns\grid_density\scenarios\cv\known_visit_grid19_targets10_trials50.csv,5,2,12,12.671438384236895,12.671438384236895,01,01,1,0,True,completed
4,known_visit,ACBBA,ideal,1.0,19,361,2,10,acbba_g19_d220_ideal,reruns\grid_density\scenarios\cv\known_visit_grid19_targets10_trials50.csv,6,12,1,24.94655469718576,24.94655469718576,00,00,1,0,True,completed
4,known_visit,ACBBA,ideal,1.0,19,361,2,10,acbba_g19_d220_ideal,reruns\grid_density\scenarios\cv\known_visit_grid19_targets10_trials50.csv,7,5,17,26.984241632878067,26.984241632878067,01,01,1,0,True,completed
4,known_visit,ACBBA,ideal,1.0,19,361,2,10,acbba_g19_d220_ideal,reruns\grid_density\scenarios\cv\known_visit_grid19_targets10_trials50.csv,8,6,1,14.307017221716423,14.307017221716423,00,00,1,0,True,completed
4,known_visit,ACBBA,ideal,1.0,19,361,2,10,acbba_g19_d220_ideal,reruns\grid_density\scenarios\cv\known_visit_grid19_targets10_trials50.csv,9,2,15,7.442843666690801,7.442843666690801,01,01,1,0,True,completed
4,known_visit,ACBBA,ideal,1.0,19,361,2,10,acbba_g19_d220_ideal,reruns\grid_density\scenarios\cv\known_visit_grid19_targets10_trials50.csv,10,8,16,34.326710463679696,34.326710463679696,01,01,1,0,True,completed
5,known_visit,ACBBA,ideal,1.0,19,361,2,10,acbba_g19_d220_ideal,reruns\grid_density\scenarios\cv\known_visit_grid19_targets10_trials50.csv,1,11,3,22.48322821513991,22.48322821513991,00,00,1,0,True,completed
5,known_visit,ACBBA,ideal,1.0,19,361,2,10,acbba_g19_d220_ideal,reruns\grid_density\scenarios\cv\known_visit_grid19_targets10_trials50.csv,2,11,15,40.62894139723691,40.62894139723691,01,01,1,0,True,completed
5,known_visit,ACBBA,ideal,1.0,19,361,2,10,acbba_g19_d220_ideal,reruns\grid_density\scenarios\cv\known_visit_grid19_targets10_trials50.csv,3,17,18,56.23080224999183,56.23080224999183,01,01,1,0,True,completed
5,known_visit,ACBBA,ideal,1.0,19,361,2,10,acbba_g19_d220_ideal,reruns\grid_density\scenarios\cv\known_visit_grid19_targets10_trials50.csv,4,6,10,22.930928643532496,22.930928643532496,01,01,1,0,True,completed
5,known_visit,ACBBA,ideal,1.0,19,361,2,10,acbba_g19_d220_ideal,reruns\grid_density\scenarios\cv\known_visit_grid19_targets10_trials50.csv,5,11,6,27.537697330606225,27.537697330606225,00,00,1,0,True,completed
5,known_visit,ACBBA,ideal,1.0,19,361,2,10,acbba_g19_d220_ideal,reruns\grid_density\scenarios\cv\known_visit_grid19_targets10_trials50.csv,6,14,0,43.2190818447852,43.2190818447852,00,00,1,0,True,completed
5,known_visit,ACBBA,ideal,1.0,19,361,2,10,acbba_g19_d220_ideal,reruns\grid_density\scenarios\cv\known_visit_grid19_targets10_trials50.csv,7,14,2,39.979272107360785,39.979272107360785,00,00,1,0,True,completed
5,known_visit,ACBBA,ideal,1.0,19,361,2,10,acbba_g19_d220_ideal,reruns\grid_density\scenarios\cv\known_visit_grid19_targets10_trials50.csv,8,2,17,3.789929221766607,3.789929221766607,01,01,1,0,True,completed
5,known_visit,ACBBA,ideal,1.0,19,361,2,10,acbba_g19_d220_ideal,reruns\grid_density\scenarios\cv\known_visit_grid19_targets10_trials50.csv,9,3,13,12.36234726494523,12.36234726494523,01,01,1,0,True,completed
5,known_visit,ACBBA,ideal,1.0,19,361,2,10,acbba_g19_d220_ideal,reruns\grid_density\scenarios\cv\known_visit_grid19_targets10_trials50.csv,10,10,13,35.2340104197899,35.2340104197899,01,01,1,0,True,completed
6,known_visit,ACBBA,ideal,1.0,19,361,2,10,acbba_g19_d220_ideal,reruns\grid_density\scenarios\cv\known_visit_grid19_targets10_trials50.csv,1,2,3,7.145786941074237,7.145786941074237,00,00,1,0,True,completed
6,known_visit,ACBBA,ideal,1.0,19,361,2,10,acbba_g19_d220_ideal,reruns\grid_density\scenarios\cv\known_visit_grid19_targets10_trials50.csv,2,9,7,26.2635646925248,26.2635646925248,00,00,1,0,True,completed
6,known_visit,ACBBA,ideal,1.0,19,361,2,10,acbba_g19_d220_ideal,reruns\grid_density\scenarios\cv\known_visit_grid19_targets10_trials50.csv,3,10,17,21.60740349993462,21.60740349993462,01,01,1,0,True,completed
6,known_visit,ACBBA,ideal,1.0,19,361,2,10,acbba_g19_d220_ideal,reruns\grid_density\scenarios\cv\known_visit_grid19_targets10_trials50.csv,4,18,9,45.71387008603108,45.71387008603108,00,00,1,0,True,completed
6,known_visit,ACBBA,ideal,1.0,19,361,2,10,acbba_g19_d220_ideal,reruns\grid_density\scenarios\cv\known_visit_grid19_targets10_trials50.csv,5,11,7,29.815869300346613,29.815869300346613,00,00,1,0,True,completed
6,known_visit,ACBBA,ideal,1.0,19,361,2,10,acbba_g19_d220_ideal,reruns\grid_density\scenarios\cv\known_visit_grid19_targets10_trials50.csv,6,17,18,43.15670182056284,43.15670182056284,01,01,1,0,True,completed
6,known_visit,ACBBA,ideal,1.0,19,361,2,10,acbba_g19_d220_ideal,reruns\grid_density\scenarios\cv\known_visit_grid19_targets10_trials50.csv,7,12,8,33.50719958582995,33.50719958582995,00,00,1,0,True,completed
6,known_visit,ACBBA,ideal,1.0,19,361,2,10,acbba_g19_d220_ideal,reruns\grid_density\scenarios\cv\known_visit_grid19_targets10_trials50.csv,8,4,16,9.159306097551019,9.159306097551019,01,01,1,0,True,completed
6,known_visit,ACBBA,ideal,1.0,19,361,2,10,acbba_g19_d220_ideal,reruns\grid_density\scenarios\cv\known_visit_grid19_targets10_trials50.csv,9,16,1,63.28720488631064,63.28720488631064,00,00,1,0,True,completed
6,known_visit,ACBBA,ideal,1.0,19,361,2,10,acbba_g19_d220_ideal,reruns\grid_density\scenarios\cv\known_visit_grid19_targets10_trials50.csv,10,13,15,30.651985189644627,30.651985189644627,01,01,1,0,True,completed
7,known_visit,ACBBA,ideal,1.0,19,361,2,10,acbba_g19_d220_ideal,reruns\grid_density\scenarios\cv\known_visit_grid19_targets10_trials50.csv,1,4,0,13.04431343367114,13.04431343367114,00,00,1,0,True,completed
7,known_visit,ACBBA,ideal,1.0,19,361,2,10,acbba_g19_d220_ideal,reruns\grid_density\scenarios\cv\known_visit_grid19_targets10_trials50.csv,2,9,6,32.221661139672364,32.221661139672364,00,00,1,0,True,completed
7,known_visit,ACBBA,ideal,1.0,19,361,2,10,acbba_g19_d220_ideal,reruns\grid_density\scenarios\cv\known_visit_grid19_targets10_trials50.csv,3,12,13,31.86522665623653,31.86522665623653,01,01,1,0,True,completed
7,known_visit,ACBBA,ideal,1.0,19,361,2,10,acbba_g19_d220_ideal,reruns\grid_density\scenarios\cv\known_visit_grid19_targets10_trials50.csv,4,13,18,42.20868688087749,42.20868688087749,01,01,1,0,True,completed
7,known_visit,ACBBA,ideal,1.0,19,361,2,10,acbba_g19_d220_ideal,reruns\grid_density\scenarios\cv\known_visit_grid19_targets10_trials50.csv,5,0,1,0.5595089744843535,0.5595089744843535,00,00,1,0,True,completed
7,known_visit,ACBBA,ideal,1.0,19,361,2,10,acbba_g19_d220_ideal,reruns\grid_density\scenarios\cv\known_visit_grid19_targets10_trials50.csv,6,2,12,12.383795283447133,12.383795283447133,01,01,1,0,True,completed
7,known_visit,ACBBA,ideal,1.0,19,361,2,10,acbba_g19_d220_ideal,reruns\grid_density\scenarios\cv\known_visit_grid19_targets10_trials50.csv,7,14,3,46.11190673615944,46.11190673615944,00,00,1,0,True,completed
7,known_visit,ACBBA,ideal,1.0,19,361,2,10,acbba_g19_d220_ideal,reruns\grid_density\scenarios\cv\known_visit_grid19_targets10_trials50.csv,8,4,2,9.305013420392791,9.305013420392791,00,00,1,0,True,completed
7,known_visit,ACBBA,ideal,1.0,19,361,2,10,acbba_g19_d220_ideal,reruns\grid_density\scenarios\cv\known_visit_grid19_targets10_trials50.csv,9,9,13,26.430592299415665,26.430592299415665,01,01,1,0,True,completed
7,known_visit,ACBBA,ideal,1.0,19,361,2,10,acbba_g19_d220_ideal,reruns\grid_density\scenarios\cv\known_visit_grid19_targets10_trials50.csv,10,8,16,54.814324676815765,54.814324676815765,01,01,1,0,True,completed
8,known_visit,ACBBA,ideal,1.0,19,361,2,10,acbba_g19_d220_ideal,reruns\grid_density\scenarios\cv\known_visit_grid19_targets10_trials50.csv,1,6,14,16.10777680596077,16.10777680596077,01,01,1,0,True,completed
8,known_visit,ACBBA,ideal,1.0,19,361,2,10,acbba_g19_d220_ideal,reruns\grid_density\scenarios\cv\known_visit_grid19_targets10_trials50.csv,2,17,0,55.92324974568248,55.92324974568248,00,00,1,0,True,completed
8,known_visit,ACBBA,ideal,1.0,19,361,2,10,acbba_g19_d220_ideal,reruns\grid_density\scenarios\cv\known_visit_grid19_targets10_trials50.csv,3,15,18,90.45082718399088,90.45082718399088,00,00,1,0,True,completed
8,known_visit,ACBBA,ideal,1.0,19,361,2,10,acbba_g19_d220_ideal,reruns\grid_density\scenarios\cv\known_visit_grid19_targets10_trials50.csv,4,5,4,14.113456565751225,14.113456565751225,00,00,1,0,True,completed
8,known_visit,ACBBA,ideal,1.0,19,361,2,10,acbba_g19_d220_ideal,reruns\grid_density\scenarios\cv\known_visit_grid19_targets10_trials50.csv,5,6,9,24.568776885059158,24.568776885059158,01,01,1,0,True,completed
8,known_visit,ACBBA,ideal,1.0,19,361,2,10,acbba_g19_d220_ideal,reruns\grid_density\scenarios\cv\known_visit_grid19_targets10_trials50.csv,6,8,0,79.01966049394069,79.01966049394069,01,01,1,0,True,completed
8,known_visit,ACBBA,ideal,1.0,19,361,2,10,acbba_g19_d220_ideal,reruns\grid_density\scenarios\cv\known_visit_grid19_targets10_trials50.csv,7,5,7,19.61116897025002,19.61116897025002,00,00,1,0,True,completed
8,known_visit,ACBBA,ideal,1.0,19,361,2,10,acbba_g19_d220_ideal,reruns\grid_density\scenarios\cv\known_visit_grid19_targets10_trials50.csv,8,2,4,8.940485283939738,8.940485283939738,00,00,1,0,True,completed
8,known_visit,ACBBA,ideal,1.0,19,361,2,10,acbba_g19_d220_ideal,reruns\grid_density\scenarios\cv\known_visit_grid19_targets10_trials50.csv,9,10,8,30.204004035182617,30.204004035182617,00,00,1,0,True,completed
8,known_visit,ACBBA,ideal,1.0,19,361,2,10,acbba_g19_d220_ideal,reruns\grid_density\scenarios\cv\known_visit_grid19_targets10_trials50.csv,10,7,0,80.6986585762763,80.6986585762763,01,01,1,0,True,completed
9,known_visit,ACBBA,ideal,1.0,19,361,2,10,acbba_g19_d220_ideal,reruns\grid_density\scenarios\cv\known_visit_grid19_targets10_trials50.csv,1,15,15,44.19118907716445,44.19118907716445,01,01,1,0,True,completed
9,known_visit,ACBBA,ideal,1.0,19,361,2,10,acbba_g19_d220_ideal,reruns\grid_density\scenarios\cv\known_visit_grid19_targets10_trials50.csv,2,12,3,28.470828364759104,28.470828364759104,00,00,1,0,True,completed
9,known_visit,ACBBA,ideal,1.0,19,361,2,10,acbba_g19_d220_ideal,reruns\grid_density\scenarios\cv\known_visit_grid19_targets10_trials50.csv,3,3,11,16.026465072306273,16.026465072306273,01,01,1,0,True,completed
9,known_visit,ACBBA,ideal,1.0,19,361,2,10,acbba_g19_d220_ideal,reruns\grid_density\scenarios\cv\known_visit_grid19_targets10_trials50.csv,4,13,3,30.523120239791155,30.523120239791155,00,00,1,0,True,completed
9,known_visit,ACBBA,ideal,1.0,19,361,2,10,acbba_g19_d220_ideal,reruns\grid_density\scenarios\cv\known_visit_grid19_targets10_trials50.csv,5,17,3,37.40440804534764,37.40440804534764,00,00,1,0,True,completed
9,known_visit,ACBBA,ideal,1.0,19,361,2,10,acbba_g19_d220_ideal,reruns\grid_density\scenarios\cv\known_visit_grid19_targets10_trials50.csv,6,3,0,3.6940336821926367,3.6940336821926367,00,00,1,0,True,completed
9,known_visit,ACBBA,ideal,1.0,19,361,2,10,acbba_g19_d220_ideal,reruns\grid_density\scenarios\cv\known_visit_grid19_targets10_trials50.csv,7,11,15,37.17002444172939,37.17002444172939,01,01,1,0,True,completed
9,known_visit,ACBBA,ideal,1.0,19,361,2,10,acbba_g19_d220_ideal,reruns\grid_density\scenarios\cv\known_visit_grid19_targets10_trials50.csv,8,7,4,17.772754180142496,17.772754180142496,00,00,1,0,True,completed
9,known_visit,ACBBA,ideal,1.0,19,361,2,10,acbba_g19_d220_ideal,reruns\grid_density\scenarios\cv\known_visit_grid19_targets10_trials50.csv,9,12,0,51.64507396256246,51.64507396256246,00,00,1,0,True,completed
9,known_visit,ACBBA,ideal,1.0,19,361,2,10,acbba_g19_d220_ideal,reruns\grid_density\scenarios\cv\known_visit_grid19_targets10_trials50.csv,10,15,11,51.28054765330812,51.28054765330812,01,01,1,0,True,completed
10,known_visit,ACBBA,ideal,1.0,19,361,2,10,acbba_g19_d220_ideal,reruns\grid_density\scenarios\cv\known_visit_grid19_targets10_trials50.csv,1,1,14,7.072611714484761,7.072611714484761,01,01,1,0,True,completed
10,known_visit,ACBBA,ideal,1.0,19,361,2,10,acbba_g19_d220_ideal,reruns\grid_density\scenarios\cv\known_visit_grid19_targets10_trials50.csv,2,12,11,42.43739395708477,42.43739395708477,01,01,1,0,True,completed
10,known_visit,ACBBA,ideal,1.0,19,361,2,10,acbba_g19_d220_ideal,reruns\grid_density\scenarios\cv\known_visit_grid19_targets10_trials50.csv,3,1,18,0.17267951851403282,0.17267951851403282,01,01,1,0,True,completed
10,known_visit,ACBBA,ideal,1.0,19,361,2,10,acbba_g19_d220_ideal,reruns\grid_density\scenarios\cv\known_visit_grid19_targets10_trials50.csv,4,18,7,41.72589245184607,41.72589245184607,00,00,1,0,True,completed
10,known_visit,ACBBA,ideal,1.0,19,361,2,10,acbba_g19_d220_ideal,reruns\grid_density\scenarios\cv\known_visit_grid19_targets10_trials50.csv,5,10,9,49.65952596281014,49.65952596281014,01,01,1,0,True,completed
10,known_visit,ACBBA,ideal,1.0,19,361,2,10,acbba_g19_d220_ideal,reruns\grid_density\scenarios\cv\known_visit_grid19_targets10_trials50.csv,6,5,13,15.83427214480101,15.83427214480101,01,01,1,0,True,completed
10,known_visit,ACBBA,ideal,1.0,19,361,2,10,acbba_g19_d220_ideal,reruns\grid_density\scenarios\cv\known_visit_grid19_targets10_trials50.csv,7,7,14,21.346525385085684,21.346525385085684,01,01,1,0,True,completed
10,known_visit,ACBBA,ideal,1.0,19,361,2,10,acbba_g19_d220_ideal,reruns\grid_density\scenarios\cv\known_visit_grid19_targets10_trials50.csv,8,16,1,27.46816411677268,27.46816411677268,00,00,1,0,True,completed
10,known_visit,ACBBA,ideal,1.0,19,361,2,10,acbba_g19_d220_ideal,reruns\grid_density\scenarios\cv\known_visit_grid19_targets10_trials50.csv,9,7,16,24.798147598125485,24.798147598125485,01,01,1,0,True,completed
10,known_visit,ACBBA,ideal,1.0,19,361,2,10,acbba_g19_d220_ideal,reruns\grid_density\scenarios\cv\known_visit_grid19_targets10_trials50.csv,10,17,2,31.110676554284943,31.110676554284943,00,00,1,0,True,completed
11,known_visit,ACBBA,ideal,1.0,19,361,2,10,acbba_g19_d220_ideal,reruns\grid_density\scenarios\cv\known_visit_grid19_targets10_trials50.csv,1,18,12,54.62445414579621,54.62445414579621,01,01,1,0,True,completed
11,known_visit,ACBBA,ideal,1.0,19,361,2,10,acbba_g19_d220_ideal,reruns\grid_density\scenarios\cv\known_visit_grid19_targets10_trials50.csv,2,18,5,59.81188876221805,59.81188876221805,00,00,1,0,True,completed
11,known_visit,ACBBA,ideal,1.0,19,361,2,10,acbba_g19_d220_ideal,reruns\grid_density\scenarios\cv\known_visit_grid19_targets10_trials50.csv,3,15,11,47.511911602519206,47.511911602519206,01,01,1,0,True,completed
11,known_visit,ACBBA,ideal,1.0,19,361,2,10,acbba_g19_d220_ideal,reruns\grid_density\scenarios\cv\known_visit_grid19_targets10_trials50.csv,4,9,10,31.619506962669647,31.619506962669647,00,00,1,0,True,completed
11,known_visit,ACBBA,ideal,1.0,19,361,2,10,acbba_g19_d220_ideal,reruns\grid_density\scenarios\cv\known_visit_grid19_targets10_trials50.csv,5,6,13,28.091012191422017,28.091012191422017,01,01,1,0,True,completed
11,known_visit,ACBBA,ideal,1.0,19,361,2,10,acbba_g19_d220_ideal,reruns\grid_density\scenarios\cv\known_visit_grid19_targets10_trials50.csv,6,6,5,17.480436073466738,17.480436073466738,00,00,1,0,True,completed
11,known_visit,ACBBA,ideal,1.0,19,361,2,10,acbba_g19_d220_ideal,reruns\grid_density\scenarios\cv\known_visit_grid19_targets10_trials50.csv,7,12,4,47.361876622761386,47.361876622761386,00,00,1,0,True,completed
11,known_visit,ACBBA,ideal,1.0,19,361,2,10,acbba_g19_d220_ideal,reruns\grid_density\scenarios\cv\known_visit_grid19_targets10_trials50.csv,8,7,9,26.039548816032003,26.039548816032003,00,00,1,0,True,completed
11,known_visit,ACBBA,ideal,1.0,19,361,2,10,acbba_g19_d220_ideal,reruns\grid_density\scenarios\cv\known_visit_grid19_targets10_trials50.csv,9,15,4,52.73350202232852,52.73350202232852,00,00,1,0,True,completed
11,known_visit,ACBBA,ideal,1.0,19,361,2,10,acbba_g19_d220_ideal,reruns\grid_density\scenarios\cv\known_visit_grid19_targets10_trials50.csv,10,9,17,15.713865315933749,15.713865315933749,01,01,1,0,True,completed
12,known_visit,ACBBA,ideal,1.0,19,361,2,10,acbba_g19_d220_ideal,reruns\grid_density\scenarios\cv\known_visit_grid19_targets10_trials50.csv,1,5,17,8.954229471087592,8.954229471087592,01,01,1,0,True,completed
12,known_visit,ACBBA,ideal,1.0,19,361,2,10,acbba_g19_d220_ideal,reruns\grid_density\scenarios\cv\known_visit_grid19_targets10_trials50.csv,2,17,17,58.52029234703945,58.52029234703945,01,01,1,0,True,completed
12,known_visit,ACBBA,ideal,1.0,19,361,2,10,acbba_g19_d220_ideal,reruns\grid_density\scenarios\cv\known_visit_grid19_targets10_trials50.csv,3,17,1,33.4782652552027,33.4782652552027,00,00,1,0,True,completed
12,known_visit,ACBBA,ideal,1.0,19,361,2,10,acbba_g19_d220_ideal,reruns\grid_density\scenarios\cv\known_visit_grid19_targets10_trials50.csv,4,12,7,56.22286630541591,56.22286630541591,00,00,1,0,True,completed
12,known_visit,ACBBA,ideal,1.0,19,361,2,10,acbba_g19_d220_ideal,reruns\grid_density\scenarios\cv\known_visit_grid19_targets10_trials50.csv,5,14,2,25.928411240975297,25.928411240975297,00,00,1,0,True,completed
12,known_visit,ACBBA,ideal,1.0,19,361,2,10,acbba_g19_d220_ideal,reruns\grid_density\scenarios\cv\known_visit_grid19_targets10_trials50.csv,6,13,7,54.59936225958382,54.59936225958382,00,00,1,0,True,completed
12,known_visit,ACBBA,ideal,1.0,19,361,2,10,acbba_g19_d220_ideal,reruns\grid_density\scenarios\cv\known_visit_grid19_targets10_trials50.csv,7,13,15,47.85621425920876,47.85621425920876,01,01,1,0,True,completed
12,known_visit,ACBBA,ideal,1.0,19,361,2,10,acbba_g19_d220_ideal,reruns\grid_density\scenarios\cv\known_visit_grid19_targets10_trials50.csv,8,9,0,13.848472148383621,13.848472148383621,00,00,1,0,True,completed
12,known_visit,ACBBA,ideal,1.0,19,361,2,10,acbba_g19_d220_ideal,reruns\grid_density\scenarios\cv\known_visit_grid19_targets10_trials50.csv,9,14,11,35.1420734530137,35.1420734530137,01,01,1,0,True,completed
12,known_visit,ACBBA,ideal,1.0,19,361,2,10,acbba_g19_d220_ideal,reruns\grid_density\scenarios\cv\known_visit_grid19_targets10_trials50.csv,10,6,12,19.39930534426934,19.39930534426934,01,01,1,0,True,completed
13,known_visit,ACBBA,ideal,1.0,19,361,2,10,acbba_g19_d220_ideal,reruns\grid_density\scenarios\cv\known_visit_grid19_targets10_trials50.csv,1,15,8,57.287307160243124,57.287307160243124,00,00,1,0,True,completed
13,known_visit,ACBBA,ideal,1.0,19,361,2,10,acbba_g19_d220_ideal,reruns\grid_density\scenarios\cv\known_visit_grid19_targets10_trials50.csv,2,13,1,72.99518703144652,72.99518703144652,00,00,1,0,True,completed
13,known_visit,ACBBA,ideal,1.0,19,361,2,10,acbba_g19_d220_ideal,reruns\grid_density\scenarios\cv\known_visit_grid19_targets10_trials50.csv,3,7,12,31.88133072671476,31.88133072671476,00,00,1,0,True,completed
13,known_visit,ACBBA,ideal,1.0,19,361,2,10,acbba_g19_d220_ideal,reruns\grid_density\scenarios\cv\known_visit_grid19_targets10_trials50.csv,4,7,16,35.818810140003826,35.818810140003826,01,01,1,0,True,completed
13,known_visit,ACBBA,ideal,1.0,19,361,2,10,acbba_g19_d220_ideal,reruns\grid_density\scenarios\cv\known_visit_grid19_targets10_trials50.csv,5,2,13,10.448814604038919,10.448814604038919,01,01,1,0,True,completed
13,known_visit,ACBBA,ideal,1.0,19,361,2,10,acbba_g19_d220_ideal,reruns\grid_density\scenarios\cv\known_visit_grid19_targets10_trials50.csv,6,11,9,48.313605054520224,48.313605054520224,00,00,1,0,True,completed
13,known_visit,ACBBA,ideal,1.0,19,361,2,10,acbba_g19_d220_ideal,reruns\grid_density\scenarios\cv\known_visit_grid19_targets10_trials50.csv,7,5,14,28.605689856032285,28.605689856032285,01,01,1,0,True,completed
13,known_visit,ACBBA,ideal,1.0,19,361,2,10,acbba_g19_d220_ideal,reruns\grid_density\scenarios\cv\known_visit_grid19_targets10_trials50.csv,8,1,10,17.67952713312551,17.67952713312551,00,00,1,0,True,completed
13,known_visit,ACBBA,ideal,1.0,19,361,2,10,acbba_g19_d220_ideal,reruns\grid_density\scenarios\cv\known_visit_grid19_targets10_trials50.csv,9,11,2,70.45080075835465,70.45080075835465,01,01,1,0,True,completed
13,known_visit,ACBBA,ideal,1.0,19,361,2,10,acbba_g19_d220_ideal,reruns\grid_density\scenarios\cv\known_visit_grid19_targets10_trials50.csv,10,1,12,14.101340532300942,14.101340532300942,01,01,1,0,True,completed
14,known_visit,ACBBA,ideal,1.0,19,361,2,10,acbba_g19_d220_ideal,reruns\grid_density\scenarios\cv\known_visit_grid19_targets10_trials50.csv,1,13,9,40.2913472963305,40.2913472963305,00,00,1,0,True,completed
14,known_visit,ACBBA,ideal,1.0,19,361,2,10,acbba_g19_d220_ideal,reruns\grid_density\scenarios\cv\known_visit_grid19_targets10_trials50.csv,2,11,15,51.17748864764487,51.17748864764487,01,01,1,0,True,completed
14,known_visit,ACBBA,ideal,1.0,19,361,2,10,acbba_g19_d220_ideal,reruns\grid_density\scenarios\cv\known_visit_grid19_targets10_trials50.csv,3,4,1,7.131010051951297,7.131010051951297,00,00,1,0,True,completed
14,known_visit,ACBBA,ideal,1.0,19,361,2,10,acbba_g19_d220_ideal,reruns\grid_density\scenarios\cv\known_visit_grid19_targets10_trials50.csv,4,14,14,50.77196714865796,50.77196714865796,00,00,1,0,True,completed
14,known_visit,ACBBA,ideal,1.0,19,361,2,10,acbba_g19_d220_ideal,reruns\grid_density\scenarios\cv\known_visit_grid19_targets10_trials50.csv,5,18,7,80.32292523550166,80.32292523550166,00,00,1,0,True,completed
14,known_visit,ACBBA,ideal,1.0,19,361,2,10,acbba_g19_d220_ideal,reruns\grid_density\scenarios\cv\known_visit_grid19_targets10_trials50.csv,6,9,0,18.025524819405675,18.025524819405675,00,00,1,0,True,completed
14,known_visit,ACBBA,ideal,1.0,19,361,2,10,acbba_g19_d220_ideal,reruns\grid_density\scenarios\cv\known_visit_grid19_targets10_trials50.csv,7,15,17,57.68610826043883,57.68610826043883,00,00,1,0,True,completed
14,known_visit,ACBBA,ideal,1.0,19,361,2,10,acbba_g19_d220_ideal,reruns\grid_density\scenarios\cv\known_visit_grid19_targets10_trials50.csv,8,12,12,44.16972407698918,44.16972407698918,01,01,1,0,True,completed
14,known_visit,ACBBA,ideal,1.0,19,361,2,10,acbba_g19_d220_ideal,reruns\grid_density\scenarios\cv\known_visit_grid19_targets10_trials50.csv,9,5,15,12.302695590111876,12.302695590111876,01,01,1,0,True,completed
14,known_visit,ACBBA,ideal,1.0,19,361,2,10,acbba_g19_d220_ideal,reruns\grid_density\scenarios\cv\known_visit_grid19_targets10_trials50.csv,10,4,10,22.97263016529054,22.97263016529054,01,01,1,0,True,completed
15,known_visit,ACBBA,ideal,1.0,19,361,2,10,acbba_g19_d220_ideal,reruns\grid_density\scenarios\cv\known_visit_grid19_targets10_trials50.csv,1,7,5,23.51056734826625,23.51056734826625,00,00,1,0,True,completed
15,known_visit,ACBBA,ideal,1.0,19,361,2,10,acbba_g19_d220_ideal,reruns\grid_density\scenarios\cv\known_visit_grid19_targets10_trials50.csv,2,5,4,14.391579725959808,14.391579725959808,00,00,1,0,True,completed
15,known_visit,ACBBA,ideal,1.0,19,361,2,10,acbba_g19_d220_ideal,reruns\grid_density\scenarios\cv\known_visit_grid19_targets10_trials50.csv,3,8,4,19.433856575439663,19.433856575439663,00,00,1,0,True,completed
15,known_visit,ACBBA,ideal,1.0,19,361,2,10,acbba_g19_d220_ideal,reruns\grid_density\scenarios\cv\known_visit_grid19_targets10_trials50.csv,4,18,17,70.42850259659771,70.42850259659771,00,00,1,0,True,completed
15,known_visit,ACBBA,ideal,1.0,19,361,2,10,acbba_g19_d220_ideal,reruns\grid_density\scenarios\cv\known_visit_grid19_targets10_trials50.csv,5,2,16,5.607222698268387,5.607222698268387,01,01,1,0,True,completed
15,known_visit,ACBBA,ideal,1.0,19,361,2,10,acbba_g19_d220_ideal,reruns\grid_density\scenarios\cv\known_visit_grid19_targets10_trials50.csv,6,5,8,32.353963013049466,32.353963013049466,00,00,1,0,True,completed
15,known_visit,ACBBA,ideal,1.0,19,361,2,10,acbba_g19_d220_ideal,reruns\grid_density\scenarios\cv\known_visit_grid19_targets10_trials50.csv,7,7,14,17.844941709362903,17.844941709362903,01,01,1,0,True,completed
15,known_visit,ACBBA,ideal,1.0,19,361,2,10,acbba_g19_d220_ideal,reruns\grid_density\scenarios\cv\known_visit_grid19_targets10_trials50.csv,8,2,3,7.439575176106683,7.439575176106683,00,00,1,0,True,completed
15,known_visit,ACBBA,ideal,1.0,19,361,2,10,acbba_g19_d220_ideal,reruns\grid_density\scenarios\cv\known_visit_grid19_targets10_trials50.csv,9,15,0,56.42988058332361,56.42988058332361,01,01,1,0,True,completed
15,known_visit,ACBBA,ideal,1.0,19,361,2,10,acbba_g19_d220_ideal,reruns\grid_density\scenarios\cv\known_visit_grid19_targets10_trials50.csv,10,15,8,42.66558284736388,42.66558284736388,01,01,1,0,True,completed
16,known_visit,ACBBA,ideal,1.0,19,361,2,10,acbba_g19_d220_ideal,reruns\grid_density\scenarios\cv\known_visit_grid19_targets10_trials50.csv,1,9,7,33.159596339696535,33.159596339696535,00,00,1,0,True,completed
16,known_visit,ACBBA,ideal,1.0,19,361,2,10,acbba_g19_d220_ideal,reruns\grid_density\scenarios\cv\known_visit_grid19_targets10_trials50.csv,2,1,5,8.614121447442876,8.614121447442876,00,00,1,0,True,completed
16,known_visit,ACBBA,ideal,1.0,19,361,2,10,acbba_g19_d220_ideal,reruns\grid_density\scenarios\cv\known_visit_grid19_targets10_trials50.csv,3,15,1,79.40948216553943,79.40948216553943,00,00,1,0,True,completed
16,known_visit,ACBBA,ideal,1.0,19,361,2,10,acbba_g19_d220_ideal,reruns\grid_density\scenarios\cv\known_visit_grid19_targets10_trials50.csv,4,0,17,0.4100034892665393,0.4100034892665393,01,01,1,0,True,completed
16,known_visit,ACBBA,ideal,1.0,19,361,2,10,acbba_g19_d220_ideal,reruns\grid_density\scenarios\cv\known_visit_grid19_targets10_trials50.csv,5,9,0,66.75759994332194,66.75759994332194,00,00,1,0,True,completed
16,known_visit,ACBBA,ideal,1.0,19,361,2,10,acbba_g19_d220_ideal,reruns\grid_density\scenarios\cv\known_visit_grid19_targets10_trials50.csv,6,10,11,42.23474649552036,42.23474649552036,00,00,1,0,True,completed
16,known_visit,ACBBA,ideal,1.0,19,361,2,10,acbba_g19_d220_ideal,reruns\grid_density\scenarios\cv\known_visit_grid19_targets10_trials50.csv,7,5,16,17.98182220889944,17.98182220889944,01,01,1,0,True,completed
16,known_visit,ACBBA,ideal,1.0,19,361,2,10,acbba_g19_d220_ideal,reruns\grid_density\scenarios\cv\known_visit_grid19_targets10_trials50.csv,8,1,9,15.24261632539806,15.24261632539806,00,00,1,0,True,completed
16,known_visit,ACBBA,ideal,1.0,19,361,2,10,acbba_g19_d220_ideal,reruns\grid_density\scenarios\cv\known_visit_grid19_targets10_trials50.csv,9,1,14,7.5469926569511445,7.5469926569511445,01,01,1,0,True,completed
16,known_visit,ACBBA,ideal,1.0,19,361,2,10,acbba_g19_d220_ideal,reruns\grid_density\scenarios\cv\known_visit_grid19_targets10_trials50.csv,10,18,18,43.67941336163665,43.67941336163665,01,01,1,0,True,completed
17,known_visit,ACBBA,ideal,1.0,19,361,2,10,acbba_g19_d220_ideal,reruns\grid_density\scenarios\cv\known_visit_grid19_targets10_trials50.csv,1,3,4,21.522198874950107,21.522198874950107,00,00,1,0,True,completed
17,known_visit,ACBBA,ideal,1.0,19,361,2,10,acbba_g19_d220_ideal,reruns\grid_density\scenarios\cv\known_visit_grid19_targets10_trials50.csv,2,5,2,14.307727219763677,14.307727219763677,00,00,1,0,True,completed
17,known_visit,ACBBA,ideal,1.0,19,361,2,10,acbba_g19_d220_ideal,reruns\grid_density\scenarios\cv\known_visit_grid19_targets10_trials50.csv,3,4,8,23.037974622594344,23.037974622594344,01,01,1,0,True,completed
17,known_visit,ACBBA,ideal,1.0,19,361,2,10,acbba_g19_d220_ideal,reruns\grid_density\scenarios\cv\known_visit_grid19_targets10_trials50.csv,4,6,0,8.50323973783885,8.50323973783885,00,00,1,0,True,completed
17,known_visit,ACBBA,ideal,1.0,19,361,2,10,acbba_g19_d220_ideal,reruns\grid_density\scenarios\cv\known_visit_grid19_targets10_trials50.csv,5,14,5,53.59447519493805,53.59447519493805,00,00,1,0,True,completed
17,known_visit,ACBBA,ideal,1.0,19,361,2,10,acbba_g19_d220_ideal,reruns\grid_density\scenarios\cv\known_visit_grid19_targets10_trials50.csv,6,17,18,62.180473355762565,62.180473355762565,01,01,1,0,True,completed
17,known_visit,ACBBA,ideal,1.0,19,361,2,10,acbba_g19_d220_ideal,reruns\grid_density\scenarios\cv\known_visit_grid19_targets10_trials50.csv,7,8,8,29.893151282132674,29.893151282132674,01,01,1,0,True,completed
17,known_visit,ACBBA,ideal,1.0,19,361,2,10,acbba_g19_d220_ideal,reruns\grid_density\scenarios\cv\known_visit_grid19_targets10_trials50.csv,8,13,1,44.6601805360258,44.6601805360258,00,00,1,0,True,completed
17,known_visit,ACBBA,ideal,1.0,19,361,2,10,acbba_g19_d220_ideal,reruns\grid_density\scenarios\cv\known_visit_grid19_targets10_trials50.csv,9,3,15,9.153114952287018,9.153114952287018,01,01,1,0,True,completed
17,known_visit,ACBBA,ideal,1.0,19,361,2,10,acbba_g19_d220_ideal,reruns\grid_density\scenarios\cv\known_visit_grid19_targets10_trials50.csv,10,10,3,35.9910352961825,35.9910352961825,00,00,1,0,True,completed
18,known_visit,ACBBA,ideal,1.0,19,361,2,10,acbba_g19_d220_ideal,reruns\grid_density\scenarios\cv\known_visit_grid19_targets10_trials50.csv,1,1,16,4.103806732375639,4.103806732375639,01,01,1,0,True,completed
18,known_visit,ACBBA,ideal,1.0,19,361,2,10,acbba_g19_d220_ideal,reruns\grid_density\scenarios\cv\known_visit_grid19_targets10_trials50.csv,2,18,10,55.58786605550548,55.58786605550548,00,00,1,0,True,completed
18,known_visit,ACBBA,ideal,1.0,19,361,2,10,acbba_g19_d220_ideal,reruns\grid_density\scenarios\cv\known_visit_grid19_targets10_trials50.csv,3,12,4,25.880275587698872,25.880275587698872,00,00,1,0,True,completed
18,known_visit,ACBBA,ideal,1.0,19,361,2,10,acbba_g19_d220_ideal,reruns\grid_density\scenarios\cv\known_visit_grid19_targets10_trials50.csv,4,15,17,56.51049726883227,56.51049726883227,01,01,1,0,True,completed
18,known_visit,ACBBA,ideal,1.0,19,361,2,10,acbba_g19_d220_ideal,reruns\grid_density\scenarios\cv\known_visit_grid19_targets10_trials50.csv,5,7,15,35.66021260586293,35.66021260586293,01,01,1,0,True,completed
18,known_visit,ACBBA,ideal,1.0,19,361,2,10,acbba_g19_d220_ideal,reruns\grid_density\scenarios\cv\known_visit_grid19_targets10_trials50.csv,6,4,14,24.372986010522222,24.372986010522222,01,01,1,0,True,completed
18,known_visit,ACBBA,ideal,1.0,19,361,2,10,acbba_g19_d220_ideal,reruns\grid_density\scenarios\cv\known_visit_grid19_targets10_trials50.csv,7,4,18,13.361084642208171,13.361084642208171,01,01,1,0,True,completed
18,known_visit,ACBBA,ideal,1.0,19,361,2,10,acbba_g19_d220_ideal,reruns\grid_density\scenarios\cv\known_visit_grid19_targets10_trials50.csv,8,15,8,46.400983218517396,46.400983218517396,00,00,1,0,True,completed
18,known_visit,ACBBA,ideal,1.0,19,361,2,10,acbba_g19_d220_ideal,reruns\grid_density\scenarios\cv\known_visit_grid19_targets10_trials50.csv,9,8,18,42.83669673959817,42.83669673959817,01,01,1,0,True,completed
18,known_visit,ACBBA,ideal,1.0,19,361,2,10,acbba_g19_d220_ideal,reruns\grid_density\scenarios\cv\known_visit_grid19_targets10_trials50.csv,10,15,3,33.30345969396913,33.30345969396913,00,00,1,0,True,completed
19,known_visit,ACBBA,ideal,1.0,19,361,2,10,acbba_g19_d220_ideal,reruns\grid_density\scenarios\cv\known_visit_grid19_targets10_trials50.csv,1,15,5,33.351988026484,33.351988026484,00,00,1,0,True,completed
19,known_visit,ACBBA,ideal,1.0,19,361,2,10,acbba_g19_d220_ideal,reruns\grid_density\scenarios\cv\known_visit_grid19_targets10_trials50.csv,2,11,12,42.20983408331813,42.20983408331813,01,01,1,0,True,completed
19,known_visit,ACBBA,ideal,1.0,19,361,2,10,acbba_g19_d220_ideal,reruns\grid_density\scenarios\cv\known_visit_grid19_targets10_trials50.csv,3,17,13,54.746227575462655,54.746227575462655,00,00,1,0,True,completed
19,known_visit,ACBBA,ideal,1.0,19,361,2,10,acbba_g19_d220_ideal,reruns\grid_density\scenarios\cv\known_visit_grid19_targets10_trials50.csv,4,12,2,22.615215168494807,22.615215168494807,00,00,1,0,True,completed
19,known_visit,ACBBA,ideal,1.0,19,361,2,10,acbba_g19_d220_ideal,reruns\grid_density\scenarios\cv\known_visit_grid19_targets10_trials50.csv,5,2,8,19.23046531430477,19.23046531430477,01,01,1,0,True,completed
19,known_visit,ACBBA,ideal,1.0,19,361,2,10,acbba_g19_d220_ideal,reruns\grid_density\scenarios\cv\known_visit_grid19_targets10_trials50.csv,6,18,9,45.47416499008923,45.47416499008923,00,00,1,0,True,completed
19,known_visit,ACBBA,ideal,1.0,19,361,2,10,acbba_g19_d220_ideal,reruns\grid_density\scenarios\cv\known_visit_grid19_targets10_trials50.csv,7,5,0,7.129849480608755,7.129849480608755,00,00,1,0,True,completed
19,known_visit,ACBBA,ideal,1.0,19,361,2,10,acbba_g19_d220_ideal,reruns\grid_density\scenarios\cv\known_visit_grid19_targets10_trials50.csv,8,10,9,35.1379361637176,35.1379361637176,01,01,1,0,True,completed
19,known_visit,ACBBA,ideal,1.0,19,361,2,10,acbba_g19_d220_ideal,reruns\grid_density\scenarios\cv\known_visit_grid19_targets10_trials50.csv,9,2,15,7.297970078166441,7.297970078166441,01,01,1,0,True,completed
19,known_visit,ACBBA,ideal,1.0,19,361,2,10,acbba_g19_d220_ideal,reruns\grid_density\scenarios\cv\known_visit_grid19_targets10_trials50.csv,10,14,4,29.51479391027005,29.51479391027005,00,00,1,0,True,completed
20,known_visit,ACBBA,ideal,1.0,19,361,2,10,acbba_g19_d220_ideal,reruns\grid_density\scenarios\cv\known_visit_grid19_targets10_trials50.csv,1,3,9,18.64816791230764,18.64816791230764,01,01,1,0,True,completed
20,known_visit,ACBBA,ideal,1.0,19,361,2,10,acbba_g19_d220_ideal,reruns\grid_density\scenarios\cv\known_visit_grid19_targets10_trials50.csv,2,17,15,57.20996631044201,57.20996631044201,01,01,1,0,True,completed
20,known_visit,ACBBA,ideal,1.0,19,361,2,10,acbba_g19_d220_ideal,reruns\grid_density\scenarios\cv\known_visit_grid19_targets10_trials50.csv,3,11,16,44.90784517594991,44.90784517594991,01,01,1,0,True,completed
20,known_visit,ACBBA,ideal,1.0,19,361,2,10,acbba_g19_d220_ideal,reruns\grid_density\scenarios\cv\known_visit_grid19_targets10_trials50.csv,4,16,5,56.259668679879034,56.259668679879034,00,00,1,0,True,completed
20,known_visit,ACBBA,ideal,1.0,19,361,2,10,acbba_g19_d220_ideal,reruns\grid_density\scenarios\cv\known_visit_grid19_targets10_trials50.csv,5,18,18,64.6908789291933,64.6908789291933,01,01,1,0,True,completed
20,known_visit,ACBBA,ideal,1.0,19,361,2,10,acbba_g19_d220_ideal,reruns\grid_density\scenarios\cv\known_visit_grid19_targets10_trials50.csv,6,18,1,66.63419994934883,66.63419994934883,00,00,1,0,True,completed
20,known_visit,ACBBA,ideal,1.0,19,361,2,10,acbba_g19_d220_ideal,reruns\grid_density\scenarios\cv\known_visit_grid19_targets10_trials50.csv,7,8,5,28.035233897320765,28.035233897320765,00,00,1,0,True,completed
20,known_visit,ACBBA,ideal,1.0,19,361,2,10,acbba_g19_d220_ideal,reruns\grid_density\scenarios\cv\known_visit_grid19_targets10_trials50.csv,8,10,0,15.606970221841829,15.606970221841829,00,00,1,0,True,completed
20,known_visit,ACBBA,ideal,1.0,19,361,2,10,acbba_g19_d220_ideal,reruns\grid_density\scenarios\cv\known_visit_grid19_targets10_trials50.csv,9,5,5,33.17747222870239,33.17747222870239,00,00,1,0,True,completed
20,known_visit,ACBBA,ideal,1.0,19,361,2,10,acbba_g19_d220_ideal,reruns\grid_density\scenarios\cv\known_visit_grid19_targets10_trials50.csv,10,11,15,43.262093874407725,43.262093874407725,01,01,1,0,True,completed
21,known_visit,ACBBA,ideal,1.0,19,361,2,10,acbba_g19_d220_ideal,reruns\grid_density\scenarios\cv\known_visit_grid19_targets10_trials50.csv,1,3,15,12.58291186094617,12.58291186094617,01,01,1,0,True,completed
21,known_visit,ACBBA,ideal,1.0,19,361,2,10,acbba_g19_d220_ideal,reruns\grid_density\scenarios\cv\known_visit_grid19_targets10_trials50.csv,2,4,17,7.195493838666606,7.195493838666606,01,01,1,0,True,completed
21,known_visit,ACBBA,ideal,1.0,19,361,2,10,acbba_g19_d220_ideal,reruns\grid_density\scenarios\cv\known_visit_grid19_targets10_trials50.csv,3,6,8,74.77558822736239,74.77558822736239,00,00,1,0,True,completed
21,known_visit,ACBBA,ideal,1.0,19,361,2,10,acbba_g19_d220_ideal,reruns\grid_density\scenarios\cv\known_visit_grid19_targets10_trials50.csv,4,12,16,34.07130503265657,34.07130503265657,01,01,1,0,True,completed
21,known_visit,ACBBA,ideal,1.0,19,361,2,10,acbba_g19_d220_ideal,reruns\grid_density\scenarios\cv\known_visit_grid19_targets10_trials50.csv,5,18,6,50.68477012314023,50.68477012314023,00,00,1,0,True,completed
21,known_visit,ACBBA,ideal,1.0,19,361,2,10,acbba_g19_d220_ideal,reruns\grid_density\scenarios\cv\known_visit_grid19_targets10_trials50.csv,6,2,3,7.488321711924448,7.488321711924448,00,00,1,0,True,completed
21,known_visit,ACBBA,ideal,1.0,19,361,2,10,acbba_g19_d220_ideal,reruns\grid_density\scenarios\cv\known_visit_grid19_targets10_trials50.csv,7,1,1,2.1153384421097976,2.1153384421097976,00,00,1,0,True,completed
21,known_visit,ACBBA,ideal,1.0,19,361,2,10,acbba_g19_d220_ideal,reruns\grid_density\scenarios\cv\known_visit_grid19_targets10_trials50.csv,8,16,0,37.04907832700835,37.04907832700835,00,00,1,0,True,completed
21,known_visit,ACBBA,ideal,1.0,19,361,2,10,acbba_g19_d220_ideal,reruns\grid_density\scenarios\cv\known_visit_grid19_targets10_trials50.csv,9,13,1,29.90369751535407,29.90369751535407,00,00,1,0,True,completed
21,known_visit,ACBBA,ideal,1.0,19,361,2,10,acbba_g19_d220_ideal,reruns\grid_density\scenarios\cv\known_visit_grid19_targets10_trials50.csv,10,9,3,19.252787015764262,19.252787015764262,00,00,1,0,True,completed
22,known_visit,ACBBA,ideal,1.0,19,361,2,10,acbba_g19_d220_ideal,reruns\grid_density\scenarios\cv\known_visit_grid19_targets10_trials50.csv,1,15,0,28.18338165472329,28.18338165472329,00,00,1,0,True,completed
22,known_visit,ACBBA,ideal,1.0,19,361,2,10,acbba_g19_d220_ideal,reruns\grid_density\scenarios\cv\known_visit_grid19_targets10_trials50.csv,2,13,10,52.64179254324911,52.64179254324911,00,00,1,0,True,completed
22,known_visit,ACBBA,ideal,1.0,19,361,2,10,acbba_g19_d220_ideal,reruns\grid_density\scenarios\cv\known_visit_grid19_targets10_trials50.csv,3,4,16,13.474264697761312,13.474264697761312,01,01,1,0,True,completed
22,known_visit,ACBBA,ideal,1.0,19,361,2,10,acbba_g19_d220_ideal,reruns\grid_density\scenarios\cv\known_visit_grid19_targets10_trials50.csv,4,2,18,6.0838585841529005,6.0838585841529005,01,01,1,0,True,completed
22,known_visit,ACBBA,ideal,1.0,19,361,2,10,acbba_g19_d220_ideal,reruns\grid_density\scenarios\cv\known_visit_grid19_targets10_trials50.csv,5,0,17,0.4936885734766928,0.4936885734766928,01,01,1,0,True,completed
22,known_visit,ACBBA,ideal,1.0,19,361,2,10,acbba_g19_d220_ideal,reruns\grid_density\scenarios\cv\known_visit_grid19_targets10_trials50.csv,6,12,0,18.67434622129508,18.67434622129508,00,00,1,0,True,completed
22,known_visit,ACBBA,ideal,1.0,19,361,2,10,acbba_g19_d220_ideal,reruns\grid_density\scenarios\cv\known_visit_grid19_targets10_trials50.csv,7,13,1,22.375666527252392,22.375666527252392,00,00,1,0,True,completed
22,known_visit,ACBBA,ideal,1.0,19,361,2,10,acbba_g19_d220_ideal,reruns\grid_density\scenarios\cv\known_visit_grid19_targets10_trials50.csv,8,12,18,38.057864686585155,38.057864686585155,01,01,1,0,True,completed
22,known_visit,ACBBA,ideal,1.0,19,361,2,10,acbba_g19_d220_ideal,reruns\grid_density\scenarios\cv\known_visit_grid19_targets10_trials50.csv,9,9,14,26.02371803868265,26.02371803868265,01,01,1,0,True,completed
22,known_visit,ACBBA,ideal,1.0,19,361,2,10,acbba_g19_d220_ideal,reruns\grid_density\scenarios\cv\known_visit_grid19_targets10_trials50.csv,10,15,10,49.2881155146091,49.2881155146091,00,00,1,0,True,completed
23,known_visit,ACBBA,ideal,1.0,19,361,2,10,acbba_g19_d220_ideal,reruns\grid_density\scenarios\cv\known_visit_grid19_targets10_trials50.csv,1,9,18,32.203602351534094,32.203602351534094,01,01,1,0,True,completed
23,known_visit,ACBBA,ideal,1.0,19,361,2,10,acbba_g19_d220_ideal,reruns\grid_density\scenarios\cv\known_visit_grid19_targets10_trials50.csv,2,10,16,26.7435108036394,26.7435108036394,01,01,2,1,True,completed
23,known_visit,ACBBA,ideal,1.0,19,361,2,10,acbba_g19_d220_ideal,reruns\grid_density\scenarios\cv\known_visit_grid19_targets10_trials50.csv,3,10,3,20.872362775367712,20.872362775367712,00,00,1,0,True,completed
23,known_visit,ACBBA,ideal,1.0,19,361,2,10,acbba_g19_d220_ideal,reruns\grid_density\scenarios\cv\known_visit_grid19_targets10_trials50.csv,4,2,14,9.218524860515307,9.218524860515307,01,01,1,0,True,completed
23,known_visit,ACBBA,ideal,1.0,19,361,2,10,acbba_g19_d220_ideal,reruns\grid_density\scenarios\cv\known_visit_grid19_targets10_trials50.csv,5,14,16,44.61622056625417,44.61622056625417,01,01,1,0,True,completed
23,known_visit,ACBBA,ideal,1.0,19,361,2,10,acbba_g19_d220_ideal,reruns\grid_density\scenarios\cv\known_visit_grid19_targets10_trials50.csv,6,12,2,26.491480196323586,26.491480196323586,00,00,1,0,True,completed
23,known_visit,ACBBA,ideal,1.0,19,361,2,10,acbba_g19_d220_ideal,reruns\grid_density\scenarios\cv\known_visit_grid19_targets10_trials50.csv,7,13,8,38.97559606785186,38.97559606785186,00,00,1,0,True,completed
23,known_visit,ACBBA,ideal,1.0,19,361,2,10,acbba_g19_d220_ideal,reruns\grid_density\scenarios\cv\known_visit_grid19_targets10_trials50.csv,8,2,0,1.946087254415795,1.946087254415795,00,00,1,0,True,completed
23,known_visit,ACBBA,ideal,1.0,19,361,2,10,acbba_g19_d220_ideal,reruns\grid_density\scenarios\cv\known_visit_grid19_targets10_trials50.csv,9,16,6,48.21589078511639,48.21589078511639,00,00,1,0,True,completed
23,known_visit,ACBBA,ideal,1.0,19,361,2,10,acbba_g19_d220_ideal,reruns\grid_density\scenarios\cv\known_visit_grid19_targets10_trials50.csv,10,9,0,13.739945714546826,13.739945714546826,00,00,1,0,True,completed
24,known_visit,ACBBA,ideal,1.0,19,361,2,10,acbba_g19_d220_ideal,reruns\grid_density\scenarios\cv\known_visit_grid19_targets10_trials50.csv,1,5,6,21.274536835997903,21.274536835997903,00,00,1,0,True,completed
24,known_visit,ACBBA,ideal,1.0,19,361,2,10,acbba_g19_d220_ideal,reruns\grid_density\scenarios\cv\known_visit_grid19_targets10_trials50.csv,2,13,13,47.389777148920444,47.389777148920444,01,01,1,0,True,completed
24,known_visit,ACBBA,ideal,1.0,19,361,2,10,acbba_g19_d220_ideal,reruns\grid_density\scenarios\cv\known_visit_grid19_targets10_trials50.csv,3,11,3,40.956849803752775,40.956849803752775,00,00,1,0,True,completed
24,known_visit,ACBBA,ideal,1.0,19,361,2,10,acbba_g19_d220_ideal,reruns\grid_density\scenarios\cv\known_visit_grid19_targets10_trials50.csv,4,6,1,10.74859608431062,10.74859608431062,00,00,1,0,True,completed
24,known_visit,ACBBA,ideal,1.0,19,361,2,10,acbba_g19_d220_ideal,reruns\grid_density\scenarios\cv\known_visit_grid19_targets10_trials50.csv,5,2,10,16.109588436630748,16.109588436630748,01,01,1,0,True,completed
24,known_visit,ACBBA,ideal,1.0,19,361,2,10,acbba_g19_d220_ideal,reruns\grid_density\scenarios\cv\known_visit_grid19_targets10_trials50.csv,6,17,0,56.63483984468751,56.63483984468751,00,00,1,0,True,completed
24,known_visit,ACBBA,ideal,1.0,19,361,2,10,acbba_g19_d220_ideal,reruns\grid_density\scenarios\cv\known_visit_grid19_targets10_trials50.csv,7,16,15,56.12182187624889,56.12182187624889,01,01,1,0,True,completed
24,known_visit,ACBBA,ideal,1.0,19,361,2,10,acbba_g19_d220_ideal,reruns\grid_density\scenarios\cv\known_visit_grid19_targets10_trials50.csv,8,13,8,38.50565680503719,38.50565680503719,01,01,1,0,True,completed
24,known_visit,ACBBA,ideal,1.0,19,361,2,10,acbba_g19_d220_ideal,reruns\grid_density\scenarios\cv\known_visit_grid19_targets10_trials50.csv,9,6,8,26.66158115005764,26.66158115005764,01,01,1,0,True,completed
24,known_visit,ACBBA,ideal,1.0,19,361,2,10,acbba_g19_d220_ideal,reruns\grid_density\scenarios\cv\known_visit_grid19_targets10_trials50.csv,10,2,8,19.482011047787477,19.482011047787477,01,01,1,0,True,completed
25,known_visit,ACBBA,ideal,1.0,19,361,2,10,acbba_g19_d220_ideal,reruns\grid_density\scenarios\cv\known_visit_grid19_targets10_trials50.csv,1,6,0,47.25777526359817,47.25777526359817,00,00,1,0,True,completed
25,known_visit,ACBBA,ideal,1.0,19,361,2,10,acbba_g19_d220_ideal,reruns\grid_density\scenarios\cv\known_visit_grid19_targets10_trials50.csv,2,6,17,18.193694375471843,18.193694375471843,01,01,1,0,True,completed
25,known_visit,ACBBA,ideal,1.0,19,361,2,10,acbba_g19_d220_ideal,reruns\grid_density\scenarios\cv\known_visit_grid19_targets10_trials50.csv,3,16,15,39.32817389776903,39.32817389776903,01,01,1,0,True,completed
25,known_visit,ACBBA,ideal,1.0,19,361,2,10,acbba_g19_d220_ideal,reruns\grid_density\scenarios\cv\known_visit_grid19_targets10_trials50.csv,4,5,15,12.817630771074201,12.817630771074201,01,01,1,0,True,completed
25,known_visit,ACBBA,ideal,1.0,19,361,2,10,acbba_g19_d220_ideal,reruns\grid_density\scenarios\cv\known_visit_grid19_targets10_trials50.csv,5,2,15,7.461981804086064,7.461981804086064,01,01,1,0,True,completed
25,known_visit,ACBBA,ideal,1.0,19,361,2,10,acbba_g19_d220_ideal,reruns\grid_density\scenarios\cv\known_visit_grid19_targets10_trials50.csv,6,1,2,3.7699001011167708,3.7699001011167708,00,00,1,0,True,completed
25,known_visit,ACBBA,ideal,1.0,19,361,2,10,acbba_g19_d220_ideal,reruns\grid_density\scenarios\cv\known_visit_grid19_targets10_trials50.csv,7,2,8,15.764234532599804,15.764234532599804,00,00,1,0,True,completed
25,known_visit,ACBBA,ideal,1.0,19,361,2,10,acbba_g19_d220_ideal,reruns\grid_density\scenarios\cv\known_visit_grid19_targets10_trials50.csv,8,15,10,50.256052105794645,50.256052105794645,01,01,1,0,True,completed
25,known_visit,ACBBA,ideal,1.0,19,361,2,10,acbba_g19_d220_ideal,reruns\grid_density\scenarios\cv\known_visit_grid19_targets10_trials50.csv,9,9,4,34.80574307242042,34.80574307242042,00,00,1,0,True,completed
25,known_visit,ACBBA,ideal,1.0,19,361,2,10,acbba_g19_d220_ideal,reruns\grid_density\scenarios\cv\known_visit_grid19_targets10_trials50.csv,10,13,16,32.33499929653865,32.33499929653865,01,01,1,0,True,completed
26,known_visit,ACBBA,ideal,1.0,19,361,2,10,acbba_g19_d220_ideal,reruns\grid_density\scenarios\cv\known_visit_grid19_targets10_trials50.csv,1,2,7,13.998579866946555,13.998579866946555,00,00,1,0,True,completed
26,known_visit,ACBBA,ideal,1.0,19,361,2,10,acbba_g19_d220_ideal,reruns\grid_density\scenarios\cv\known_visit_grid19_targets10_trials50.csv,2,10,14,26.81473010331778,26.81473010331778,01,01,1,0,True,completed
26,known_visit,ACBBA,ideal,1.0,19,361,2,10,acbba_g19_d220_ideal,reruns\grid_density\scenarios\cv\known_visit_grid19_targets10_trials50.csv,3,10,1,38.55259046433977,38.55259046433977,00,00,1,0,True,completed
26,known_visit,ACBBA,ideal,1.0,19,361,2,10,acbba_g19_d220_ideal,reruns\grid_density\scenarios\cv\known_visit_grid19_targets10_trials50.csv,4,7,13,19.21489441982989,19.21489441982989,01,01,1,0,True,completed
26,known_visit,ACBBA,ideal,1.0,19,361,2,10,acbba_g19_d220_ideal,reruns\grid_density\scenarios\cv\known_visit_grid19_targets10_trials50.csv,5,18,10,47.86679202737589,47.86679202737589,01,01,1,0,True,completed
26,known_visit,ACBBA,ideal,1.0,19,361,2,10,acbba_g19_d220_ideal,reruns\grid_density\scenarios\cv\known_visit_grid19_targets10_trials50.csv,6,12,12,34.19121974840874,34.19121974840874,01,01,1,0,True,completed
26,known_visit,ACBBA,ideal,1.0,19,361,2,10,acbba_g19_d220_ideal,reruns\grid_density\scenarios\cv\known_visit_grid19_targets10_trials50.csv,7,8,7,24.601120444127037,24.601120444127037,00,00,1,0,True,completed
26,known_visit,ACBBA,ideal,1.0,19,361,2,10,acbba_g19_d220_ideal,reruns\grid_density\scenarios\cv\known_visit_grid19_targets10_trials50.csv,8,16,10,44.55728736894764,44.55728736894764,01,01,1,0,True,completed
26,known_visit,ACBBA,ideal,1.0,19,361,2,10,acbba_g19_d220_ideal,reruns\grid_density\scenarios\cv\known_visit_grid19_targets10_trials50.csv,9,13,10,39.61976396763812,39.61976396763812,01,01,1,0,True,completed
26,known_visit,ACBBA,ideal,1.0,19,361,2,10,acbba_g19_d220_ideal,reruns\grid_density\scenarios\cv\known_visit_grid19_targets10_trials50.csv,10,17,5,58.75912533686026,58.75912533686026,01,01,1,0,True,completed
27,known_visit,ACBBA,ideal,1.0,19,361,2,10,acbba_g19_d220_ideal,reruns\grid_density\scenarios\cv\known_visit_grid19_targets10_trials50.csv,1,2,15,7.442866693286346,7.442866693286346,01,01,1,0,True,completed
27,known_visit,ACBBA,ideal,1.0,19,361,2,10,acbba_g19_d220_ideal,reruns\grid_density\scenarios\cv\known_visit_grid19_targets10_trials50.csv,2,9,6,70.60971522568856,70.60971522568856,00,00,1,0,True,completed
27,known_visit,ACBBA,ideal,1.0,19,361,2,10,acbba_g19_d220_ideal,reruns\grid_density\scenarios\cv\known_visit_grid19_targets10_trials50.csv,3,13,15,40.59013802504745,40.59013802504745,01,01,1,0,True,completed
27,known_visit,ACBBA,ideal,1.0,19,361,2,10,acbba_g19_d220_ideal,reruns\grid_density\scenarios\cv\known_visit_grid19_targets10_trials50.csv,4,15,5,33.128975014235984,33.128975014235984,00,00,1,0,True,completed
27,known_visit,ACBBA,ideal,1.0,19,361,2,10,acbba_g19_d220_ideal,reruns\grid_density\scenarios\cv\known_visit_grid19_targets10_trials50.csv,5,14,8,40.41126958762623,40.41126958762623,00,00,1,0,True,completed
27,known_visit,ACBBA,ideal,1.0,19,361,2,10,acbba_g19_d220_ideal,reruns\grid_density\scenarios\cv\known_visit_grid19_targets10_trials50.csv,6,12,0,18.87436764402082,18.87436764402082,00,00,1,0,True,completed
27,known_visit,ACBBA,ideal,1.0,19,361,2,10,acbba_g19_d220_ideal,reruns\grid_density\scenarios\cv\known_visit_grid19_targets10_trials50.csv,7,10,14,33.31398816854101,33.31398816854101,01,01,1,0,True,completed
27,known_visit,ACBBA,ideal,1.0,19,361,2,10,acbba_g19_d220_ideal,reruns\grid_density\scenarios\cv\known_visit_grid19_targets10_trials50.csv,8,17,9,47.76196548954331,47.76196548954331,00,00,1,0,True,completed
27,known_visit,ACBBA,ideal,1.0,19,361,2,10,acbba_g19_d220_ideal,reruns\grid_density\scenarios\cv\known_visit_grid19_targets10_trials50.csv,9,13,2,24.309933308913514,24.309933308913514,00,00,1,0,True,completed
27,known_visit,ACBBA,ideal,1.0,19,361,2,10,acbba_g19_d220_ideal,reruns\grid_density\scenarios\cv\known_visit_grid19_targets10_trials50.csv,10,6,11,21.211362997793334,21.211362997793334,01,01,1,0,True,completed
28,known_visit,ACBBA,ideal,1.0,19,361,2,10,acbba_g19_d220_ideal,reruns\grid_density\scenarios\cv\known_visit_grid19_targets10_trials50.csv,1,4,16,9.055010037369941,9.055010037369941,01,01,1,0,True,completed
28,known_visit,ACBBA,ideal,1.0,19,361,2,10,acbba_g19_d220_ideal,reruns\grid_density\scenarios\cv\known_visit_grid19_targets10_trials50.csv,2,5,7,19.45852842029472,19.45852842029472,00,00,1,0,True,completed
28,known_visit,ACBBA,ideal,1.0,19,361,2,10,acbba_g19_d220_ideal,reruns\grid_density\scenarios\cv\known_visit_grid19_targets10_trials50.csv,3,9,10,27.903645752304957,27.903645752304957,01,01,1,0,True,completed
28,known_visit,ACBBA,ideal,1.0,19,361,2,10,acbba_g19_d220_ideal,reruns\grid_density\scenarios\cv\known_visit_grid19_targets10_trials50.csv,4,6,0,61.033923022788116,61.033923022788116,00,00,1,0,True,completed
28,known_visit,ACBBA,ideal,1.0,19,361,2,10,acbba_g19_d220_ideal,reruns\grid_density\scenarios\cv\known_visit_grid19_targets10_trials50.csv,5,15,15,47.267690382848585,47.267690382848585,01,01,1,0,True,completed
28,known_visit,ACBBA,ideal,1.0,19,361,2,10,acbba_g19_d220_ideal,reruns\grid_density\scenarios\cv\known_visit_grid19_targets10_trials50.csv,6,1,5,8.867574695496538,8.867574695496538,00,00,1,0,True,completed
28,known_visit,ACBBA,ideal,1.0,19,361,2,10,acbba_g19_d220_ideal,reruns\grid_density\scenarios\cv\known_visit_grid19_targets10_trials50.csv,7,14,4,40.26075833049124,40.26075833049124,00,00,1,0,True,completed
28,known_visit,ACBBA,ideal,1.0,19,361,2,10,acbba_g19_d220_ideal,reruns\grid_density\scenarios\cv\known_visit_grid19_targets10_trials50.csv,8,4,7,17.727377497910798,17.727377497910798,00,00,1,0,True,completed
28,known_visit,ACBBA,ideal,1.0,19,361,2,10,acbba_g19_d220_ideal,reruns\grid_density\scenarios\cv\known_visit_grid19_targets10_trials50.csv,9,13,7,33.218265237268184,33.218265237268184,00,00,1,0,True,completed
28,known_visit,ACBBA,ideal,1.0,19,361,2,10,acbba_g19_d220_ideal,reruns\grid_density\scenarios\cv\known_visit_grid19_targets10_trials50.csv,10,7,7,22.882219408800594,22.882219408800594,00,00,1,0,True,completed
29,known_visit,ACBBA,ideal,1.0,19,361,2,10,acbba_g19_d220_ideal,reruns\grid_density\scenarios\cv\known_visit_grid19_targets10_trials50.csv,1,15,14,58.89126728124619,58.89126728124619,01,01,1,0,True,completed
29,known_visit,ACBBA,ideal,1.0,19,361,2,10,acbba_g19_d220_ideal,reruns\grid_density\scenarios\cv\known_visit_grid19_targets10_trials50.csv,2,18,9,44.757578098039566,44.757578098039566,01,01,1,0,True,completed
29,known_visit,ACBBA,ideal,1.0,19,361,2,10,acbba_g19_d220_ideal,reruns\grid_density\scenarios\cv\known_visit_grid19_targets10_trials50.csv,3,9,9,29.29578893220425,29.29578893220425,01,01,1,0,True,completed
29,known_visit,ACBBA,ideal,1.0,19,361,2,10,acbba_g19_d220_ideal,reruns\grid_density\scenarios\cv\known_visit_grid19_targets10_trials50.csv,4,15,18,66.04520063572937,66.04520063572937,01,01,1,0,True,completed
29,known_visit,ACBBA,ideal,1.0,19,361,2,10,acbba_g19_d220_ideal,reruns\grid_density\scenarios\cv\known_visit_grid19_targets10_trials50.csv,5,10,1,17.667148022224122,17.667148022224122,00,00,1,0,True,completed
29,known_visit,ACBBA,ideal,1.0,19,361,2,10,acbba_g19_d220_ideal,reruns\grid_density\scenarios\cv\known_visit_grid19_targets10_trials50.csv,6,11,5,26.315005923471293,26.315005923471293,00,00,1,0,True,completed
29,known_visit,ACBBA,ideal,1.0,19,361,2,10,acbba_g19_d220_ideal,reruns\grid_density\scenarios\cv\known_visit_grid19_targets10_trials50.csv,7,18,2,55.07305474256901,55.07305474256901,00,00,1,0,True,completed
29,known_visit,ACBBA,ideal,1.0,19,361,2,10,acbba_g19_d220_ideal,reruns\grid_density\scenarios\cv\known_visit_grid19_targets10_trials50.csv,8,12,11,83.92251138298103,83.92251138298103,01,01,1,0,True,completed
29,known_visit,ACBBA,ideal,1.0,19,361,2,10,acbba_g19_d220_ideal,reruns\grid_density\scenarios\cv\known_visit_grid19_targets10_trials50.csv,9,5,18,6.993081818799542,6.993081818799542,01,01,1,0,True,completed
29,known_visit,ACBBA,ideal,1.0,19,361,2,10,acbba_g19_d220_ideal,reruns\grid_density\scenarios\cv\known_visit_grid19_targets10_trials50.csv,10,7,15,15.717978620361961,15.717978620361961,01,01,1,0,True,completed
30,known_visit,ACBBA,ideal,1.0,19,361,2,10,acbba_g19_d220_ideal,reruns\grid_density\scenarios\cv\known_visit_grid19_targets10_trials50.csv,1,15,8,60.69806399208084,60.69806399208084,01,01,1,0,True,completed
30,known_visit,ACBBA,ideal,1.0,19,361,2,10,acbba_g19_d220_ideal,reruns\grid_density\scenarios\cv\known_visit_grid19_targets10_trials50.csv,2,7,18,25.204449045094496,25.204449045094496,01,01,1,0,True,completed
30,known_visit,ACBBA,ideal,1.0,19,361,2,10,acbba_g19_d220_ideal,reruns\grid_density\scenarios\cv\known_visit_grid19_targets10_trials50.csv,3,3,15,8.861479003676349,8.861479003676349,01,01,1,0,True,completed
30,known_visit,ACBBA,ideal,1.0,19,361,2,10,acbba_g19_d220_ideal,reruns\grid_density\scenarios\cv\known_visit_grid19_targets10_trials50.csv,4,8,15,17.93478062116341,17.93478062116341,01,01,1,0,True,completed
30,known_visit,ACBBA,ideal,1.0,19,361,2,10,acbba_g19_d220_ideal,reruns\grid_density\scenarios\cv\known_visit_grid19_targets10_trials50.csv,5,16,13,50.24784765032293,50.24784765032293,01,01,1,0,True,completed
30,known_visit,ACBBA,ideal,1.0,19,361,2,10,acbba_g19_d220_ideal,reruns\grid_density\scenarios\cv\known_visit_grid19_targets10_trials50.csv,6,3,4,10.774510093887118,10.774510093887118,00,00,1,0,True,completed
30,known_visit,ACBBA,ideal,1.0,19,361,2,10,acbba_g19_d220_ideal,reruns\grid_density\scenarios\cv\known_visit_grid19_targets10_trials50.csv,7,13,17,37.90483139283859,37.90483139283859,01,01,1,0,True,completed
30,known_visit,ACBBA,ideal,1.0,19,361,2,10,acbba_g19_d220_ideal,reruns\grid_density\scenarios\cv\known_visit_grid19_targets10_trials50.csv,8,2,5,14.59653112063811,14.59653112063811,00,00,1,0,True,completed
30,known_visit,ACBBA,ideal,1.0,19,361,2,10,acbba_g19_d220_ideal,reruns\grid_density\scenarios\cv\known_visit_grid19_targets10_trials50.csv,9,11,0,42.43798271191808,42.43798271191808,00,00,1,0,True,completed
30,known_visit,ACBBA,ideal,1.0,19,361,2,10,acbba_g19_d220_ideal,reruns\grid_density\scenarios\cv\known_visit_grid19_targets10_trials50.csv,10,17,3,58.27789697115696,58.27789697115696,00,00,1,0,True,completed
31,known_visit,ACBBA,ideal,1.0,19,361,2,10,acbba_g19_d220_ideal,reruns\grid_density\scenarios\cv\known_visit_grid19_targets10_trials50.csv,1,10,3,25.007653478548015,25.007653478548015,00,00,1,0,True,completed
31,known_visit,ACBBA,ideal,1.0,19,361,2,10,acbba_g19_d220_ideal,reruns\grid_density\scenarios\cv\known_visit_grid19_targets10_trials50.csv,2,14,5,39.17961030332625,39.17961030332625,00,00,1,0,True,completed
31,known_visit,ACBBA,ideal,1.0,19,361,2,10,acbba_g19_d220_ideal,reruns\grid_density\scenarios\cv\known_visit_grid19_targets10_trials50.csv,3,8,4,19.5005753882844,19.5005753882844,00,00,1,0,True,completed
31,known_visit,ACBBA,ideal,1.0,19,361,2,10,acbba_g19_d220_ideal,reruns\grid_density\scenarios\cv\known_visit_grid19_targets10_trials50.csv,4,10,8,51.25154983468147,51.25154983468147,00,00,1,0,True,completed
31,known_visit,ACBBA,ideal,1.0,19,361,2,10,acbba_g19_d220_ideal,reruns\grid_density\scenarios\cv\known_visit_grid19_targets10_trials50.csv,5,4,13,27.539755326117124,27.539755326117124,01,01,1,0,True,completed
31,known_visit,ACBBA,ideal,1.0,19,361,2,10,acbba_g19_d220_ideal,reruns\grid_density\scenarios\cv\known_visit_grid19_targets10_trials50.csv,6,10,4,23.035627133539037,23.035627133539037,00,00,1,0,True,completed
31,known_visit,ACBBA,ideal,1.0,19,361,2,10,acbba_g19_d220_ideal,reruns\grid_density\scenarios\cv\known_visit_grid19_targets10_trials50.csv,7,0,2,2.1851943549800525,2.1851943549800525,00,00,1,0,True,completed
31,known_visit,ACBBA,ideal,1.0,19,361,2,10,acbba_g19_d220_ideal,reruns\grid_density\scenarios\cv\known_visit_grid19_targets10_trials50.csv,8,6,18,8.555091452716733,8.555091452716733,01,01,1,0,True,completed
31,known_visit,ACBBA,ideal,1.0,19,361,2,10,acbba_g19_d220_ideal,reruns\grid_density\scenarios\cv\known_visit_grid19_targets10_trials50.csv,9,8,15,17.18813928735891,17.18813928735891,01,01,1,0,True,completed
31,known_visit,ACBBA,ideal,1.0,19,361,2,10,acbba_g19_d220_ideal,reruns\grid_density\scenarios\cv\known_visit_grid19_targets10_trials50.csv,10,12,2,30.445624391656896,30.445624391656896,00,00,1,0,True,completed
32,known_visit,ACBBA,ideal,1.0,19,361,2,10,acbba_g19_d220_ideal,reruns\grid_density\scenarios\cv\known_visit_grid19_targets10_trials50.csv,1,16,8,44.28677507209365,44.28677507209365,00,00,1,0,True,completed
32,known_visit,ACBBA,ideal,1.0,19,361,2,10,acbba_g19_d220_ideal,reruns\grid_density\scenarios\cv\known_visit_grid19_targets10_trials50.csv,2,5,1,9.091054947907605,9.091054947907605,00,00,1,0,True,completed
32,known_visit,ACBBA,ideal,1.0,19,361,2,10,acbba_g19_d220_ideal,reruns\grid_density\scenarios\cv\known_visit_grid19_targets10_trials50.csv,3,14,15,35.424865691123074,35.424865691123074,01,01,1,0,True,completed
32,known_visit,ACBBA,ideal,1.0,19,361,2,10,acbba_g19_d220_ideal,reruns\grid_density\scenarios\cv\known_visit_grid19_targets10_trials50.csv,4,3,5,72.3978561013625,72.3978561013625,00,00,1,0,True,completed
32,known_visit,ACBBA,ideal,1.0,19,361,2,10,acbba_g19_d220_ideal,reruns\grid_density\scenarios\cv\known_visit_grid19_targets10_trials50.csv,5,11,17,23.11063796202498,23.11063796202498,01,01,1,0,True,completed
32,known_visit,ACBBA,ideal,1.0,19,361,2,10,acbba_g19_d220_ideal,reruns\grid_density\scenarios\cv\known_visit_grid19_targets10_trials50.csv,6,14,18,29.936337725343073,29.936337725343073,01,01,1,0,True,completed
32,known_visit,ACBBA,ideal,1.0,19,361,2,10,acbba_g19_d220_ideal,reruns\grid_density\scenarios\cv\known_visit_grid19_targets10_trials50.csv,7,14,0,26.940477414882274,26.940477414882274,00,00,1,0,True,completed
32,known_visit,ACBBA,ideal,1.0,19,361,2,10,acbba_g19_d220_ideal,reruns\grid_density\scenarios\cv\known_visit_grid19_targets10_trials50.csv,8,8,16,16.101748219575875,16.101748219575875,01,01,1,0,True,completed
32,known_visit,ACBBA,ideal,1.0,19,361,2,10,acbba_g19_d220_ideal,reruns\grid_density\scenarios\cv\known_visit_grid19_targets10_trials50.csv,9,1,16,4.019840386801855,4.019840386801855,01,01,1,0,True,completed
32,known_visit,ACBBA,ideal,1.0,19,361,2,10,acbba_g19_d220_ideal,reruns\grid_density\scenarios\cv\known_visit_grid19_targets10_trials50.csv,10,7,0,14.846697532784777,14.846697532784777,00,00,1,0,True,completed
33,known_visit,ACBBA,ideal,1.0,19,361,2,10,acbba_g19_d220_ideal,reruns\grid_density\scenarios\cv\known_visit_grid19_targets10_trials50.csv,1,14,10,44.426258110020854,44.426258110020854,01,01,1,0,True,completed
33,known_visit,ACBBA,ideal,1.0,19,361,2,10,acbba_g19_d220_ideal,reruns\grid_density\scenarios\cv\known_visit_grid19_targets10_trials50.csv,2,6,5,18.24411774467549,18.24411774467549,00,00,1,0,True,completed
33,known_visit,ACBBA,ideal,1.0,19,361,2,10,acbba_g19_d220_ideal,reruns\grid_density\scenarios\cv\known_visit_grid19_targets10_trials50.csv,3,13,0,39.011747760280876,39.011747760280876,00,00,1,0,True,completed
33,known_visit,ACBBA,ideal,1.0,19,361,2,10,acbba_g19_d220_ideal,reruns\grid_density\scenarios\cv\known_visit_grid19_targets10_trials50.csv,4,15,6,53.48746370335358,53.48746370335358,00,00,1,0,True,completed
33,known_visit,ACBBA,ideal,1.0,19,361,2,10,acbba_g19_d220_ideal,reruns\grid_density\scenarios\cv\known_visit_grid19_targets10_trials50.csv,5,2,2,5.472857225192193,5.472857225192193,00,00,1,0,True,completed
33,known_visit,ACBBA,ideal,1.0,19,361,2,10,acbba_g19_d220_ideal,reruns\grid_density\scenarios\cv\known_visit_grid19_targets10_trials50.csv,6,1,14,14.509404220939617,14.509404220939617,01,01,1,0,True,completed
33,known_visit,ACBBA,ideal,1.0,19,361,2,10,acbba_g19_d220_ideal,reruns\grid_density\scenarios\cv\known_visit_grid19_targets10_trials50.csv,7,17,17,72.5983601264763,72.5983601264763,01,01,1,0,True,completed
33,known_visit,ACBBA,ideal,1.0,19,361,2,10,acbba_g19_d220_ideal,reruns\grid_density\scenarios\cv\known_visit_grid19_targets10_trials50.csv,8,4,5,14.503916228692518,14.503916228692518,00,00,1,0,True,completed
33,known_visit,ACBBA,ideal,1.0,19,361,2,10,acbba_g19_d220_ideal,reruns\grid_density\scenarios\cv\known_visit_grid19_targets10_trials50.csv,9,3,18,3.6269931024888,3.6269931024888,01,01,1,0,True,completed
33,known_visit,ACBBA,ideal,1.0,19,361,2,10,acbba_g19_d220_ideal,reruns\grid_density\scenarios\cv\known_visit_grid19_targets10_trials50.csv,10,3,2,7.4932973576865445,7.4932973576865445,00,00,1,0,True,completed
34,known_visit,ACBBA,ideal,1.0,19,361,2,10,acbba_g19_d220_ideal,reruns\grid_density\scenarios\cv\known_visit_grid19_targets10_trials50.csv,1,5,13,16.359855533831404,16.359855533831404,01,01,1,0,True,completed
34,known_visit,ACBBA,ideal,1.0,19,361,2,10,acbba_g19_d220_ideal,reruns\grid_density\scenarios\cv\known_visit_grid19_targets10_trials50.csv,2,18,17,60.49451077706035,60.49451077706035,01,01,1,0,True,completed
34,known_visit,ACBBA,ideal,1.0,19,361,2,10,acbba_g19_d220_ideal,reruns\grid_density\scenarios\cv\known_visit_grid19_targets10_trials50.csv,3,3,1,5.693241057030174,5.693241057030174,00,00,1,0,True,completed
34,known_visit,ACBBA,ideal,1.0,19,361,2,10,acbba_g19_d220_ideal,reruns\grid_density\scenarios\cv\known_visit_grid19_targets10_trials50.csv,4,2,13,10.773312102905871,10.773312102905871,01,01,1,0,True,completed
34,known_visit,ACBBA,ideal,1.0,19,361,2,10,acbba_g19_d220_ideal,reruns\grid_density\scenarios\cv\known_visit_grid19_targets10_trials50.csv,5,6,2,12.759027604437634,12.759027604437634,00,00,1,0,True,completed
34,known_visit,ACBBA,ideal,1.0,19,361,2,10,acbba_g19_d220_ideal,reruns\grid_density\scenarios\cv\known_visit_grid19_targets10_trials50.csv,6,12,2,30.538745657024425,30.538745657024425,00,00,1,0,True,completed
34,known_visit,ACBBA,ideal,1.0,19,361,2,10,acbba_g19_d220_ideal,reruns\grid_density\scenarios\cv\known_visit_grid19_targets10_trials50.csv,7,14,9,38.94757826922589,38.94757826922589,01,01,1,0,True,completed
34,known_visit,ACBBA,ideal,1.0,19,361,2,10,acbba_g19_d220_ideal,reruns\grid_density\scenarios\cv\known_visit_grid19_targets10_trials50.csv,8,6,0,16.547915086911157,16.547915086911157,00,00,1,0,True,completed
34,known_visit,ACBBA,ideal,1.0,19,361,2,10,acbba_g19_d220_ideal,reruns\grid_density\scenarios\cv\known_visit_grid19_targets10_trials50.csv,9,11,3,34.139564848698555,34.139564848698555,00,00,1,0,True,completed
34,known_visit,ACBBA,ideal,1.0,19,361,2,10,acbba_g19_d220_ideal,reruns\grid_density\scenarios\cv\known_visit_grid19_targets10_trials50.csv,10,12,7,43.32425747035569,43.32425747035569,00,00,1,0,True,completed
35,known_visit,ACBBA,ideal,1.0,19,361,2,10,acbba_g19_d220_ideal,reruns\grid_density\scenarios\cv\known_visit_grid19_targets10_trials50.csv,1,6,13,17.412365479315234,17.412365479315234,01,01,1,0,True,completed
35,known_visit,ACBBA,ideal,1.0,19,361,2,10,acbba_g19_d220_ideal,reruns\grid_density\scenarios\cv\known_visit_grid19_targets10_trials50.csv,2,15,4,31.122110278907364,31.122110278907364,00,00,1,0,True,completed
35,known_visit,ACBBA,ideal,1.0,19,361,2,10,acbba_g19_d220_ideal,reruns\grid_density\scenarios\cv\known_visit_grid19_targets10_trials50.csv,3,6,0,8.59873248294751,8.59873248294751,00,00,1,0,True,completed
35,known_visit,ACBBA,ideal,1.0,19,361,2,10,acbba_g19_d220_ideal,reruns\grid_density\scenarios\cv\known_visit_grid19_targets10_trials50.csv,4,16,10,50.35665061689449,50.35665061689449,00,00,1,0,True,completed
35,known_visit,ACBBA,ideal,1.0,19,361,2,10,acbba_g19_d220_ideal,reruns\grid_density\scenarios\cv\known_visit_grid19_targets10_trials50.csv,5,10,0,15.48778555999314,15.48778555999314,00,00,1,0,True,completed
35,known_visit,ACBBA,ideal,1.0,19,361,2,10,acbba_g19_d220_ideal,reruns\grid_density\scenarios\cv\known_visit_grid19_targets10_trials50.csv,6,12,3,24.03987640225985,24.03987640225985,00,00,1,0,True,completed
35,known_visit,ACBBA,ideal,1.0,19,361,2,10,acbba_g19_d220_ideal,reruns\grid_density\scenarios\cv\known_visit_grid19_targets10_trials50.csv,7,8,9,27.988718514918297,27.988718514918297,01,01,1,0,True,completed
35,known_visit,ACBBA,ideal,1.0,19,361,2,10,acbba_g19_d220_ideal,reruns\grid_density\scenarios\cv\known_visit_grid19_targets10_trials50.csv,8,10,15,69.16815151833494,69.16815151833494,00,00,1,0,True,completed
35,known_visit,ACBBA,ideal,1.0,19,361,2,10,acbba_g19_d220_ideal,reruns\grid_density\scenarios\cv\known_visit_grid19_targets10_trials50.csv,9,2,8,40.68376449567747,40.68376449567747,01,01,1,0,True,completed
35,known_visit,ACBBA,ideal,1.0,19,361,2,10,acbba_g19_d220_ideal,reruns\grid_density\scenarios\cv\known_visit_grid19_targets10_trials50.csv,10,18,6,40.00273633183716,40.00273633183716,00,00,1,0,True,completed
36,known_visit,ACBBA,ideal,1.0,19,361,2,10,acbba_g19_d220_ideal,reruns\grid_density\scenarios\cv\known_visit_grid19_targets10_trials50.csv,1,12,13,43.499412648162206,43.499412648162206,01,01,1,0,True,completed
36,known_visit,ACBBA,ideal,1.0,19,361,2,10,acbba_g19_d220_ideal,reruns\grid_density\scenarios\cv\known_visit_grid19_targets10_trials50.csv,2,7,8,23.98221183016936,23.98221183016936,00,00,1,0,True,completed
36,known_visit,ACBBA,ideal,1.0,19,361,2,10,acbba_g19_d220_ideal,reruns\grid_density\scenarios\cv\known_visit_grid19_targets10_trials50.csv,3,3,16,7.360986233960467,7.360986233960467,01,01,1,0,True,completed
36,known_visit,ACBBA,ideal,1.0,19,361,2,10,acbba_g19_d220_ideal,reruns\grid_density\scenarios\cv\known_visit_grid19_targets10_trials50.csv,4,12,17,24.990759727393073,24.990759727393073,01,01,1,0,True,completed
36,known_visit,ACBBA,ideal,1.0,19,361,2,10,acbba_g19_d220_ideal,reruns\grid_density\scenarios\cv\known_visit_grid19_targets10_trials50.csv,5,14,15,32.21748068866754,32.21748068866754,01,01,1,0,True,completed
36,known_visit,ACBBA,ideal,1.0,19,361,2,10,acbba_g19_d220_ideal,reruns\grid_density\scenarios\cv\known_visit_grid19_targets10_trials50.csv,6,14,16,30.49935136171471,30.49935136171471,01,01,1,0,True,completed
36,known_visit,ACBBA,ideal,1.0,19,361,2,10,acbba_g19_d220_ideal,reruns\grid_density\scenarios\cv\known_visit_grid19_targets10_trials50.csv,7,9,16,17.82328168291918,17.82328168291918,01,01,1,0,True,completed
36,known_visit,ACBBA,ideal,1.0,19,361,2,10,acbba_g19_d220_ideal,reruns\grid_density\scenarios\cv\known_visit_grid19_targets10_trials50.csv,8,7,2,13.857395824942145,13.857395824942145,00,00,1,0,True,completed
36,known_visit,ACBBA,ideal,1.0,19,361,2,10,acbba_g19_d220_ideal,reruns\grid_density\scenarios\cv\known_visit_grid19_targets10_trials50.csv,9,2,9,34.3811176467055,34.3811176467055,00,00,1,0,True,completed
36,known_visit,ACBBA,ideal,1.0,19,361,2,10,acbba_g19_d220_ideal,reruns\grid_density\scenarios\cv\known_visit_grid19_targets10_trials50.csv,10,15,14,35.95725750148448,35.95725750148448,01,01,1,0,True,completed
37,known_visit,ACBBA,ideal,1.0,19,361,2,10,acbba_g19_d220_ideal,reruns\grid_density\scenarios\cv\known_visit_grid19_targets10_trials50.csv,1,0,17,0.4852613475225841,0.4852613475225841,01,01,1,0,True,completed
37,known_visit,ACBBA,ideal,1.0,19,361,2,10,acbba_g19_d220_ideal,reruns\grid_density\scenarios\cv\known_visit_grid19_targets10_trials50.csv,2,10,3,21.443615719533238,21.443615719533238,00,00,1,0,True,completed
37,known_visit,ACBBA,ideal,1.0,19,361,2,10,acbba_g19_d220_ideal,reruns\grid_density\scenarios\cv\known_visit_grid19_targets10_trials50.csv,3,3,8,21.24609651693745,21.24609651693745,01,01,1,0,True,completed
37,known_visit,ACBBA,ideal,1.0,19,361,2,10,acbba_g19_d220_ideal,reruns\grid_density\scenarios\cv\known_visit_grid19_targets10_trials50.csv,4,6,3,14.38721954111119,14.38721954111119,00,00,1,0,True,completed
37,known_visit,ACBBA,ideal,1.0,19,361,2,10,acbba_g19_d220_ideal,reruns\grid_density\scenarios\cv\known_visit_grid19_targets10_trials50.csv,5,17,6,60.100826989061595,60.100826989061595,01,01,1,0,True,completed
37,known_visit,ACBBA,ideal,1.0,19,361,2,10,acbba_g19_d220_ideal,reruns\grid_density\scenarios\cv\known_visit_grid19_targets10_trials50.csv,6,12,10,37.01503959516157,37.01503959516157,00,00,1,0,True,completed
37,known_visit,ACBBA,ideal,1.0,19,361,2,10,acbba_g19_d220_ideal,reruns\grid_density\scenarios\cv\known_visit_grid19_targets10_trials50.csv,7,6,1,10.879016239487845,10.879016239487845,00,00,1,0,True,completed
37,known_visit,ACBBA,ideal,1.0,19,361,2,10,acbba_g19_d220_ideal,reruns\grid_density\scenarios\cv\known_visit_grid19_targets10_trials50.csv,8,7,10,45.83916792552366,45.83916792552366,00,00,1,0,True,completed
37,known_visit,ACBBA,ideal,1.0,19,361,2,10,acbba_g19_d220_ideal,reruns\grid_density\scenarios\cv\known_visit_grid19_targets10_trials50.csv,9,3,5,26.73150917343835,26.73150917343835,01,01,1,0,True,completed
37,known_visit,ACBBA,ideal,1.0,19,361,2,10,acbba_g19_d220_ideal,reruns\grid_density\scenarios\cv\known_visit_grid19_targets10_trials50.csv,10,7,8,39.105960106599525,39.105960106599525,01,01,1,0,True,completed
38,known_visit,ACBBA,ideal,1.0,19,361,2,10,acbba_g19_d220_ideal,reruns\grid_density\scenarios\cv\known_visit_grid19_targets10_trials50.csv,1,15,3,50.770701857413755,50.770701857413755,00,00,1,0,True,completed
38,known_visit,ACBBA,ideal,1.0,19,361,2,10,acbba_g19_d220_ideal,reruns\grid_density\scenarios\cv\known_visit_grid19_targets10_trials50.csv,2,14,8,40.350294684129004,40.350294684129004,01,01,1,0,True,completed
38,known_visit,ACBBA,ideal,1.0,19,361,2,10,acbba_g19_d220_ideal,reruns\grid_density\scenarios\cv\known_visit_grid19_targets10_trials50.csv,3,15,9,44.066564626391795,44.066564626391795,01,01,1,0,True,completed
38,known_visit,ACBBA,ideal,1.0,19,361,2,10,acbba_g19_d220_ideal,reruns\grid_density\scenarios\cv\known_visit_grid19_targets10_trials50.csv,4,16,2,54.42714313975134,54.42714313975134,00,00,1,0,True,completed
38,known_visit,ACBBA,ideal,1.0,19,361,2,10,acbba_g19_d220_ideal,reruns\grid_density\scenarios\cv\known_visit_grid19_targets10_trials50.csv,5,14,15,56.130736532029815,56.130736532029815,01,01,1,0,True,completed
38,known_visit,ACBBA,ideal,1.0,19,361,2,10,acbba_g19_d220_ideal,reruns\grid_density\scenarios\cv\known_visit_grid19_targets10_trials50.csv,6,5,12,17.67022746892083,17.67022746892083,01,01,1,0,True,completed
38,known_visit,ACBBA,ideal,1.0,19,361,2,10,acbba_g19_d220_ideal,reruns\grid_density\scenarios\cv\known_visit_grid19_targets10_trials50.csv,7,12,17,63.16918016537926,63.16918016537926,01,01,1,0,True,completed
38,known_visit,ACBBA,ideal,1.0,19,361,2,10,acbba_g19_d220_ideal,reruns\grid_density\scenarios\cv\known_visit_grid19_targets10_trials50.csv,8,7,6,27.95433737800658,27.95433737800658,00,00,1,0,True,completed
38,known_visit,ACBBA,ideal,1.0,19,361,2,10,acbba_g19_d220_ideal,reruns\grid_density\scenarios\cv\known_visit_grid19_targets10_trials50.csv,9,9,3,19.272177726246912,19.272177726246912,00,00,1,0,True,completed
38,known_visit,ACBBA,ideal,1.0,19,361,2,10,acbba_g19_d220_ideal,reruns\grid_density\scenarios\cv\known_visit_grid19_targets10_trials50.csv,10,5,10,21.23764776404024,21.23764776404024,01,01,1,0,True,completed
39,known_visit,ACBBA,ideal,1.0,19,361,2,10,acbba_g19_d220_ideal,reruns\grid_density\scenarios\cv\known_visit_grid19_targets10_trials50.csv,1,9,8,38.94419334681944,38.94419334681944,00,00,1,0,True,completed
39,known_visit,ACBBA,ideal,1.0,19,361,2,10,acbba_g19_d220_ideal,reruns\grid_density\scenarios\cv\known_visit_grid19_targets10_trials50.csv,2,15,6,56.90853410730367,56.90853410730367,00,00,1,0,True,completed
39,known_visit,ACBBA,ideal,1.0,19,361,2,10,acbba_g19_d220_ideal,reruns\grid_density\scenarios\cv\known_visit_grid19_targets10_trials50.csv,3,12,8,33.44581548495359,33.44581548495359,00,00,1,0,True,completed
39,known_visit,ACBBA,ideal,1.0,19,361,2,10,acbba_g19_d220_ideal,reruns\grid_density\scenarios\cv\known_visit_grid19_targets10_trials50.csv,4,3,5,29.78571158031587,29.78571158031587,01,01,1,0,True,completed
39,known_visit,ACBBA,ideal,1.0,19,361,2,10,acbba_g19_d220_ideal,reruns\grid_density\scenarios\cv\known_visit_grid19_targets10_trials50.csv,5,4,2,8.909163865953845,8.909163865953845,00,00,1,0,True,completed
39,known_visit,ACBBA,ideal,1.0,19,361,2,10,acbba_g19_d220_ideal,reruns\grid_density\scenarios\cv\known_visit_grid19_targets10_trials50.csv,6,12,3,24.60053014279234,24.60053014279234,00,00,1,0,True,completed
39,known_visit,ACBBA,ideal,1.0,19,361,2,10,acbba_g19_d220_ideal,reruns\grid_density\scenarios\cv\known_visit_grid19_targets10_trials50.csv,7,16,17,78.02296044552452,78.02296044552452,00,00,1,0,True,completed
39,known_visit,ACBBA,ideal,1.0,19,361,2,10,acbba_g19_d220_ideal,reruns\grid_density\scenarios\cv\known_visit_grid19_targets10_trials50.csv,8,18,4,57.464122026006116,57.464122026006116,01,01,1,0,True,completed
39,known_visit,ACBBA,ideal,1.0,19,361,2,10,acbba_g19_d220_ideal,reruns\grid_density\scenarios\cv\known_visit_grid19_targets10_trials50.csv,9,5,3,12.528800397824233,12.528800397824233,00,00,1,0,True,completed
39,known_visit,ACBBA,ideal,1.0,19,361,2,10,acbba_g19_d220_ideal,reruns\grid_density\scenarios\cv\known_visit_grid19_targets10_trials50.csv,10,4,6,25.97980455968091,25.97980455968091,01,01,1,0,True,completed
40,known_visit,ACBBA,ideal,1.0,19,361,2,10,acbba_g19_d220_ideal,reruns\grid_density\scenarios\cv\known_visit_grid19_targets10_trials50.csv,1,2,4,9.124653353473716,9.124653353473716,00,00,1,0,True,completed
40,known_visit,ACBBA,ideal,1.0,19,361,2,10,acbba_g19_d220_ideal,reruns\grid_density\scenarios\cv\known_visit_grid19_targets10_trials50.csv,2,2,18,1.8344179728103933,1.8344179728103933,01,01,1,0,True,completed
40,known_visit,ACBBA,ideal,1.0,19,361,2,10,acbba_g19_d220_ideal,reruns\grid_density\scenarios\cv\known_visit_grid19_targets10_trials50.csv,3,1,7,23.316491829907136,23.316491829907136,01,01,1,0,True,completed
40,known_visit,ACBBA,ideal,1.0,19,361,2,10,acbba_g19_d220_ideal,reruns\grid_density\scenarios\cv\known_visit_grid19_targets10_trials50.csv,4,1,15,9.321543096539784,9.321543096539784,01,01,1,0,True,completed
40,known_visit,ACBBA,ideal,1.0,19,361,2,10,acbba_g19_d220_ideal,reruns\grid_density\scenarios\cv\known_visit_grid19_targets10_trials50.csv,5,6,5,18.389313914969733,18.389313914969733,00,00,1,0,True,completed
40,known_visit,ACBBA,ideal,1.0,19,361,2,10,acbba_g19_d220_ideal,reruns\grid_density\scenarios\cv\known_visit_grid19_targets10_trials50.csv,6,13,9,37.63418878275537,37.63418878275537,00,00,1,0,True,completed
40,known_visit,ACBBA,ideal,1.0,19,361,2,10,acbba_g19_d220_ideal,reruns\grid_density\scenarios\cv\known_visit_grid19_targets10_trials50.csv,7,17,17,58.26865809575733,58.26865809575733,00,00,1,0,True,completed
40,known_visit,ACBBA,ideal,1.0,19,361,2,10,acbba_g19_d220_ideal,reruns\grid_density\scenarios\cv\known_visit_grid19_targets10_trials50.csv,8,3,5,12.941378607378399,12.941378607378399,00,00,1,0,True,completed
40,known_visit,ACBBA,ideal,1.0,19,361,2,10,acbba_g19_d220_ideal,reruns\grid_density\scenarios\cv\known_visit_grid19_targets10_trials50.csv,9,8,18,54.65361882754779,54.65361882754779,01,01,1,0,True,completed
40,known_visit,ACBBA,ideal,1.0,19,361,2,10,acbba_g19_d220_ideal,reruns\grid_density\scenarios\cv\known_visit_grid19_targets10_trials50.csv,10,1,2,3.7740753088712844,3.7740753088712844,00,00,1,0,True,completed
41,known_visit,ACBBA,ideal,1.0,19,361,2,10,acbba_g19_d220_ideal,reruns\grid_density\scenarios\cv\known_visit_grid19_targets10_trials50.csv,1,4,18,5.267918017534875,5.267918017534875,01,01,1,0,True,completed
41,known_visit,ACBBA,ideal,1.0,19,361,2,10,acbba_g19_d220_ideal,reruns\grid_density\scenarios\cv\known_visit_grid19_targets10_trials50.csv,2,5,18,6.922936288466091,6.922936288466091,01,01,1,0,True,completed
41,known_visit,ACBBA,ideal,1.0,19,361,2,10,acbba_g19_d220_ideal,reruns\grid_density\scenarios\cv\known_visit_grid19_targets10_trials50.csv,3,11,12,32.01180048459253,32.01180048459253,01,01,1,0,True,completed
41,known_visit,ACBBA,ideal,1.0,19,361,2,10,acbba_g19_d220_ideal,reruns\grid_density\scenarios\cv\known_visit_grid19_targets10_trials50.csv,4,2,6,15.885145704750263,15.885145704750263,00,00,1,0,True,completed
41,known_visit,ACBBA,ideal,1.0,19,361,2,10,acbba_g19_d220_ideal,reruns\grid_density\scenarios\cv\known_visit_grid19_targets10_trials50.csv,5,8,10,37.54792310057847,37.54792310057847,00,00,1,0,True,completed
41,known_visit,ACBBA,ideal,1.0,19,361,2,10,acbba_g19_d220_ideal,reruns\grid_density\scenarios\cv\known_visit_grid19_targets10_trials50.csv,6,9,13,22.484329558431675,22.484329558431675,01,01,1,0,True,completed
41,known_visit,ACBBA,ideal,1.0,19,361,2,10,acbba_g19_d220_ideal,reruns\grid_density\scenarios\cv\known_visit_grid19_targets10_trials50.csv,7,3,1,5.480242735707724,5.480242735707724,00,00,1,0,True,completed
41,known_visit,ACBBA,ideal,1.0,19,361,2,10,acbba_g19_d220_ideal,reruns\grid_density\scenarios\cv\known_visit_grid19_targets10_trials50.csv,8,12,13,27.953604978644094,27.953604978644094,01,01,1,0,True,completed
41,known_visit,ACBBA,ideal,1.0,19,361,2,10,acbba_g19_d220_ideal,reruns\grid_density\scenarios\cv\known_visit_grid19_targets10_trials50.csv,9,13,16,46.35974149327314,46.35974149327314,01,01,1,0,True,completed
41,known_visit,ACBBA,ideal,1.0,19,361,2,10,acbba_g19_d220_ideal,reruns\grid_density\scenarios\cv\known_visit_grid19_targets10_trials50.csv,10,7,6,28.543870627179647,28.543870627179647,00,00,1,0,True,completed
42,known_visit,ACBBA,ideal,1.0,19,361,2,10,acbba_g19_d220_ideal,reruns\grid_density\scenarios\cv\known_visit_grid19_targets10_trials50.csv,1,15,3,29.766555312610034,29.766555312610034,00,00,1,0,True,completed
42,known_visit,ACBBA,ideal,1.0,19,361,2,10,acbba_g19_d220_ideal,reruns\grid_density\scenarios\cv\known_visit_grid19_targets10_trials50.csv,2,12,8,54.611682894481454,54.611682894481454,00,00,1,0,True,completed
42,known_visit,ACBBA,ideal,1.0,19,361,2,10,acbba_g19_d220_ideal,reruns\grid_density\scenarios\cv\known_visit_grid19_targets10_trials50.csv,3,17,10,49.31788948112558,49.31788948112558,01,01,1,0,True,completed
42,known_visit,ACBBA,ideal,1.0,19,361,2,10,acbba_g19_d220_ideal,reruns\grid_density\scenarios\cv\known_visit_grid19_targets10_trials50.csv,4,18,4,37.34137387626806,37.34137387626806,00,00,1,0,True,completed
42,known_visit,ACBBA,ideal,1.0,19,361,2,10,acbba_g19_d220_ideal,reruns\grid_density\scenarios\cv\known_visit_grid19_targets10_trials50.csv,5,11,8,56.212940376843385,56.212940376843385,00,00,1,0,True,completed
42,known_visit,ACBBA,ideal,1.0,19,361,2,10,acbba_g19_d220_ideal,reruns\grid_density\scenarios\cv\known_visit_grid19_targets10_trials50.csv,6,17,3,33.480185634675074,33.480185634675074,00,00,1,0,True,completed
42,known_visit,ACBBA,ideal,1.0,19,361,2,10,acbba_g19_d220_ideal,reruns\grid_density\scenarios\cv\known_visit_grid19_targets10_trials50.csv,7,10,16,19.355427066654713,19.355427066654713,01,01,1,0,True,completed
42,known_visit,ACBBA,ideal,1.0,19,361,2,10,acbba_g19_d220_ideal,reruns\grid_density\scenarios\cv\known_visit_grid19_targets10_trials50.csv,8,16,18,33.246200178227866,33.246200178227866,01,01,1,0,True,completed
42,known_visit,ACBBA,ideal,1.0,19,361,2,10,acbba_g19_d220_ideal,reruns\grid_density\scenarios\cv\known_visit_grid19_targets10_trials50.csv,9,15,8,49.515434515611815,49.515434515611815,00,00,1,0,True,completed
42,known_visit,ACBBA,ideal,1.0,19,361,2,10,acbba_g19_d220_ideal,reruns\grid_density\scenarios\cv\known_visit_grid19_targets10_trials50.csv,10,17,18,35.309343269577425,35.309343269577425,01,01,1,0,True,completed
43,known_visit,ACBBA,ideal,1.0,19,361,2,10,acbba_g19_d220_ideal,reruns\grid_density\scenarios\cv\known_visit_grid19_targets10_trials50.csv,1,2,17,3.9647145307829033,3.9647145307829033,01,01,1,0,True,completed
43,known_visit,ACBBA,ideal,1.0,19,361,2,10,acbba_g19_d220_ideal,reruns\grid_density\scenarios\cv\known_visit_grid19_targets10_trials50.csv,2,13,14,28.607279988972408,28.607279988972408,01,01,1,0,True,completed
43,known_visit,ACBBA,ideal,1.0,19,361,2,10,acbba_g19_d220_ideal,reruns\grid_density\scenarios\cv\known_visit_grid19_targets10_trials50.csv,3,15,3,58.954325422705885,58.954325422705885,00,00,1,0,True,completed
43,known_visit,ACBBA,ideal,1.0,19,361,2,10,acbba_g19_d220_ideal,reruns\grid_density\scenarios\cv\known_visit_grid19_targets10_trials50.csv,4,12,17,21.490323526961912,21.490323526961912,01,01,1,0,True,completed
43,known_visit,ACBBA,ideal,1.0,19,361,2,10,acbba_g19_d220_ideal,reruns\grid_density\scenarios\cv\known_visit_grid19_targets10_trials50.csv,5,12,4,51.67822284906357,51.67822284906357,00,00,1,0,True,completed
43,known_visit,ACBBA,ideal,1.0,19,361,2,10,acbba_g19_d220_ideal,reruns\grid_density\scenarios\cv\known_visit_grid19_targets10_trials50.csv,6,6,6,19.479697338298994,19.479697338298994,00,00,1,0,True,completed
43,known_visit,ACBBA,ideal,1.0,19,361,2,10,acbba_g19_d220_ideal,reruns\grid_density\scenarios\cv\known_visit_grid19_targets10_trials50.csv,7,3,4,10.560333084135676,10.560333084135676,00,00,1,0,True,completed
43,known_visit,ACBBA,ideal,1.0,19,361,2,10,acbba_g19_d220_ideal,reruns\grid_density\scenarios\cv\known_visit_grid19_targets10_trials50.csv,8,16,13,35.47910221793503,35.47910221793503,01,01,1,0,True,completed
43,known_visit,ACBBA,ideal,1.0,19,361,2,10,acbba_g19_d220_ideal,reruns\grid_density\scenarios\cv\known_visit_grid19_targets10_trials50.csv,9,5,9,26.828630145023208,26.828630145023208,00,00,1,0,True,completed
43,known_visit,ACBBA,ideal,1.0,19,361,2,10,acbba_g19_d220_ideal,reruns\grid_density\scenarios\cv\known_visit_grid19_targets10_trials50.csv,10,4,6,16.08615546056254,16.08615546056254,00,00,1,0,True,completed
44,known_visit,ACBBA,ideal,1.0,19,361,2,10,acbba_g19_d220_ideal,reruns\grid_density\scenarios\cv\known_visit_grid19_targets10_trials50.csv,1,4,14,12.252060212785972,12.252060212785972,01,01,1,0,True,completed
44,known_visit,ACBBA,ideal,1.0,19,361,2,10,acbba_g19_d220_ideal,reruns\grid_density\scenarios\cv\known_visit_grid19_targets10_trials50.csv,2,8,14,33.82996997964921,33.82996997964921,01,01,1,0,True,completed
44,known_visit,ACBBA,ideal,1.0,19,361,2,10,acbba_g19_d220_ideal,reruns\grid_density\scenarios\cv\known_visit_grid19_targets10_trials50.csv,3,17,17,68.21302744864816,68.21302744864816,00,00,1,0,True,completed
44,known_visit,ACBBA,ideal,1.0,19,361,2,10,acbba_g19_d220_ideal,reruns\grid_density\scenarios\cv\known_visit_grid19_targets10_trials50.csv,4,5,7,19.480380541524934,19.480380541524934,00,00,1,0,True,completed
44,known_visit,ACBBA,ideal,1.0,19,361,2,10,acbba_g19_d220_ideal,reruns\grid_density\scenarios\cv\known_visit_grid19_targets10_trials50.csv,5,8,15,35.48839052579043,35.48839052579043,01,01,1,0,True,completed
44,known_visit,ACBBA,ideal,1.0,19,361,2,10,acbba_g19_d220_ideal,reruns\grid_density\scenarios\cv\known_visit_grid19_targets10_trials50.csv,6,2,14,15.847938655160023,15.847938655160023,01,01,1,0,True,completed
44,known_visit,ACBBA,ideal,1.0,19,361,2,10,acbba_g19_d220_ideal,reruns\grid_density\scenarios\cv\known_visit_grid19_targets10_trials50.csv,7,12,5,35.05312989701874,35.05312989701874,00,00,1,0,True,completed
44,known_visit,ACBBA,ideal,1.0,19,361,2,10,acbba_g19_d220_ideal,reruns\grid_density\scenarios\cv\known_visit_grid19_targets10_trials50.csv,8,18,11,56.021058296449276,56.021058296449276,00,00,1,0,True,completed
44,known_visit,ACBBA,ideal,1.0,19,361,2,10,acbba_g19_d220_ideal,reruns\grid_density\scenarios\cv\known_visit_grid19_targets10_trials50.csv,9,3,12,21.576298151279087,21.576298151279087,01,01,1,0,True,completed
44,known_visit,ACBBA,ideal,1.0,19,361,2,10,acbba_g19_d220_ideal,reruns\grid_density\scenarios\cv\known_visit_grid19_targets10_trials50.csv,10,4,18,5.154513500796312,5.154513500796312,01,01,1,0,True,completed
45,known_visit,ACBBA,ideal,1.0,19,361,2,10,acbba_g19_d220_ideal,reruns\grid_density\scenarios\cv\known_visit_grid19_targets10_trials50.csv,1,18,10,51.34304715606382,51.34304715606382,01,01,1,0,True,completed
45,known_visit,ACBBA,ideal,1.0,19,361,2,10,acbba_g19_d220_ideal,reruns\grid_density\scenarios\cv\known_visit_grid19_targets10_trials50.csv,2,5,16,10.470377373603876,10.470377373603876,01,01,1,0,True,completed
45,known_visit,ACBBA,ideal,1.0,19,361,2,10,acbba_g19_d220_ideal,reruns\grid_density\scenarios\cv\known_visit_grid19_targets10_trials50.csv,3,11,17,26.497228440930066,26.497228440930066,01,01,1,0,True,completed
45,known_visit,ACBBA,ideal,1.0,19,361,2,10,acbba_g19_d220_ideal,reruns\grid_density\scenarios\cv\known_visit_grid19_targets10_trials50.csv,4,18,8,55.070465219358994,55.070465219358994,01,01,1,0,True,completed
45,known_visit,ACBBA,ideal,1.0,19,361,2,10,acbba_g19_d220_ideal,reruns\grid_density\scenarios\cv\known_visit_grid19_targets10_trials50.csv,5,5,18,6.809986448508182,6.809986448508182,01,01,1,0,True,completed
45,known_visit,ACBBA,ideal,1.0,19,361,2,10,acbba_g19_d220_ideal,reruns\grid_density\scenarios\cv\known_visit_grid19_targets10_trials50.csv,6,9,15,19.43148430485314,19.43148430485314,01,01,1,0,True,completed
45,known_visit,ACBBA,ideal,1.0,19,361,2,10,acbba_g19_d220_ideal,reruns\grid_density\scenarios\cv\known_visit_grid19_targets10_trials50.csv,7,18,7,56.725530475214356,56.725530475214356,01,01,1,0,True,completed
45,known_visit,ACBBA,ideal,1.0,19,361,2,10,acbba_g19_d220_ideal,reruns\grid_density\scenarios\cv\known_visit_grid19_targets10_trials50.csv,8,17,16,39.23091163468838,39.23091163468838,01,01,1,0,True,completed
45,known_visit,ACBBA,ideal,1.0,19,361,2,10,acbba_g19_d220_ideal,reruns\grid_density\scenarios\cv\known_visit_grid19_targets10_trials50.csv,9,1,9,15.38695418939259,15.38695418939259,00,00,1,0,True,completed
45,known_visit,ACBBA,ideal,1.0,19,361,2,10,acbba_g19_d220_ideal,reruns\grid_density\scenarios\cv\known_visit_grid19_targets10_trials50.csv,10,9,3,39.94727409296378,39.94727409296378,00,00,1,0,True,completed
46,known_visit,ACBBA,ideal,1.0,19,361,2,10,acbba_g19_d220_ideal,reruns\grid_density\scenarios\cv\known_visit_grid19_targets10_trials50.csv,1,9,16,17.93473221193246,17.93473221193246,01,01,1,0,True,completed
46,known_visit,ACBBA,ideal,1.0,19,361,2,10,acbba_g19_d220_ideal,reruns\grid_density\scenarios\cv\known_visit_grid19_targets10_trials50.csv,2,15,7,35.74284681323333,35.74284681323333,00,00,1,0,True,completed
46,known_visit,ACBBA,ideal,1.0,19,361,2,10,acbba_g19_d220_ideal,reruns\grid_density\scenarios\cv\known_visit_grid19_targets10_trials50.csv,3,13,0,20.413926911259257,20.413926911259257,00,00,1,0,True,completed
46,known_visit,ACBBA,ideal,1.0,19,361,2,10,acbba_g19_d220_ideal,reruns\grid_density\scenarios\cv\known_visit_grid19_targets10_trials50.csv,4,7,0,10.428999632306029,10.428999632306029,00,00,1,0,True,completed
46,known_visit,ACBBA,ideal,1.0,19,361,2,10,acbba_g19_d220_ideal,reruns\grid_density\scenarios\cv\known_visit_grid19_targets10_trials50.csv,5,4,9,58.360596298403046,58.360596298403046,00,00,1,0,True,completed
46,known_visit,ACBBA,ideal,1.0,19,361,2,10,acbba_g19_d220_ideal,reruns\grid_density\scenarios\cv\known_visit_grid19_targets10_trials50.csv,6,2,16,5.714217977853999,5.714217977853999,01,01,1,0,True,completed
46,known_visit,ACBBA,ideal,1.0,19,361,2,10,acbba_g19_d220_ideal,reruns\grid_density\scenarios\cv\known_visit_grid19_targets10_trials50.csv,7,18,14,36.85823889360699,36.85823889360699,01,01,1,0,True,completed
46,known_visit,ACBBA,ideal,1.0,19,361,2,10,acbba_g19_d220_ideal,reruns\grid_density\scenarios\cv\known_visit_grid19_targets10_trials50.csv,8,18,15,35.24861061831293,35.24861061831293,01,01,1,0,True,completed
46,known_visit,ACBBA,ideal,1.0,19,361,2,10,acbba_g19_d220_ideal,reruns\grid_density\scenarios\cv\known_visit_grid19_targets10_trials50.csv,9,18,13,38.592003665811426,38.592003665811426,01,01,1,0,True,completed
46,known_visit,ACBBA,ideal,1.0,19,361,2,10,acbba_g19_d220_ideal,reruns\grid_density\scenarios\cv\known_visit_grid19_targets10_trials50.csv,10,15,4,30.884077652659016,30.884077652659016,00,00,1,0,True,completed
47,known_visit,ACBBA,ideal,1.0,19,361,2,10,acbba_g19_d220_ideal,reruns\grid_density\scenarios\cv\known_visit_grid19_targets10_trials50.csv,1,12,10,44.25777773923044,44.25777773923044,01,01,1,0,True,completed
47,known_visit,ACBBA,ideal,1.0,19,361,2,10,acbba_g19_d220_ideal,reruns\grid_density\scenarios\cv\known_visit_grid19_targets10_trials50.csv,2,3,9,22.925800769976743,22.925800769976743,01,01,1,0,True,completed
47,known_visit,ACBBA,ideal,1.0,19,361,2,10,acbba_g19_d220_ideal,reruns\grid_density\scenarios\cv\known_visit_grid19_targets10_trials50.csv,3,12,4,36.33497339450606,36.33497339450606,00,00,1,0,True,completed
47,known_visit,ACBBA,ideal,1.0,19,361,2,10,acbba_g19_d220_ideal,reruns\grid_density\scenarios\cv\known_visit_grid19_targets10_trials50.csv,4,15,12,55.88186505053568,55.88186505053568,00,00,1,0,True,completed
47,known_visit,ACBBA,ideal,1.0,19,361,2,10,acbba_g19_d220_ideal,reruns\grid_density\scenarios\cv\known_visit_grid19_targets10_trials50.csv,5,4,10,19.305336796532416,19.305336796532416,01,01,1,0,True,completed
47,known_visit,ACBBA,ideal,1.0,19,361,2,10,acbba_g19_d220_ideal,reruns\grid_density\scenarios\cv\known_visit_grid19_targets10_trials50.csv,6,5,1,8.742976406586365,8.742976406586365,00,00,1,0,True,completed
47,known_visit,ACBBA,ideal,1.0,19,361,2,10,acbba_g19_d220_ideal,reruns\grid_density\scenarios\cv\known_visit_grid19_targets10_trials50.csv,7,9,7,25.79253213283632,25.79253213283632,00,00,1,0,True,completed
47,known_visit,ACBBA,ideal,1.0,19,361,2,10,acbba_g19_d220_ideal,reruns\grid_density\scenarios\cv\known_visit_grid19_targets10_trials50.csv,8,3,18,3.766638695897679,3.766638695897679,01,01,1,0,True,completed
47,known_visit,ACBBA,ideal,1.0,19,361,2,10,acbba_g19_d220_ideal,reruns\grid_density\scenarios\cv\known_visit_grid19_targets10_trials50.csv,9,14,15,56.509766132580246,56.509766132580246,01,01,1,0,True,completed
47,known_visit,ACBBA,ideal,1.0,19,361,2,10,acbba_g19_d220_ideal,reruns\grid_density\scenarios\cv\known_visit_grid19_targets10_trials50.csv,10,5,5,15.462818158066161,15.462818158066161,00,00,1,0,True,completed
48,known_visit,ACBBA,ideal,1.0,19,361,2,10,acbba_g19_d220_ideal,reruns\grid_density\scenarios\cv\known_visit_grid19_targets10_trials50.csv,1,10,5,24.654748082823122,24.654748082823122,00,00,1,0,True,completed
48,known_visit,ACBBA,ideal,1.0,19,361,2,10,acbba_g19_d220_ideal,reruns\grid_density\scenarios\cv\known_visit_grid19_targets10_trials50.csv,2,10,14,22.258089220934064,22.258089220934064,01,01,1,0,True,completed
48,known_visit,ACBBA,ideal,1.0,19,361,2,10,acbba_g19_d220_ideal,reruns\grid_density\scenarios\cv\known_visit_grid19_targets10_trials50.csv,3,9,2,35.57228289085803,35.57228289085803,00,00,1,0,True,completed
48,known_visit,ACBBA,ideal,1.0,19,361,2,10,acbba_g19_d220_ideal,reruns\grid_density\scenarios\cv\known_visit_grid19_targets10_trials50.csv,4,5,4,14.248412342722768,14.248412342722768,00,00,1,0,True,completed
48,known_visit,ACBBA,ideal,1.0,19,361,2,10,acbba_g19_d220_ideal,reruns\grid_density\scenarios\cv\known_visit_grid19_targets10_trials50.csv,5,4,4,12.27320659112,12.27320659112,00,00,1,0,True,completed
48,known_visit,ACBBA,ideal,1.0,19,361,2,10,acbba_g19_d220_ideal,reruns\grid_density\scenarios\cv\known_visit_grid19_targets10_trials50.csv,6,2,18,1.797664922689148,1.797664922689148,01,01,1,0,True,completed
48,known_visit,ACBBA,ideal,1.0,19,361,2,10,acbba_g19_d220_ideal,reruns\grid_density\scenarios\cv\known_visit_grid19_targets10_trials50.csv,7,8,18,11.897035156075614,11.897035156075614,01,01,1,0,True,completed
48,known_visit,ACBBA,ideal,1.0,19,361,2,10,acbba_g19_d220_ideal,reruns\grid_density\scenarios\cv\known_visit_grid19_targets10_trials50.csv,8,9,10,30.99089484690656,30.99089484690656,01,01,1,0,True,completed
48,known_visit,ACBBA,ideal,1.0,19,361,2,10,acbba_g19_d220_ideal,reruns\grid_density\scenarios\cv\known_visit_grid19_targets10_trials50.csv,9,13,3,48.40207402124658,48.40207402124658,00,00,1,0,True,completed
48,known_visit,ACBBA,ideal,1.0,19,361,2,10,acbba_g19_d220_ideal,reruns\grid_density\scenarios\cv\known_visit_grid19_targets10_trials50.csv,10,16,16,57.339661669524055,57.339661669524055,01,01,1,0,True,completed
49,known_visit,ACBBA,ideal,1.0,19,361,2,10,acbba_g19_d220_ideal,reruns\grid_density\scenarios\cv\known_visit_grid19_targets10_trials50.csv,1,3,18,3.8144660007632494,3.8144660007632494,01,01,1,0,True,completed
49,known_visit,ACBBA,ideal,1.0,19,361,2,10,acbba_g19_d220_ideal,reruns\grid_density\scenarios\cv\known_visit_grid19_targets10_trials50.csv,2,17,6,42.62493146038307,42.62493146038307,00,00,1,0,True,completed
49,known_visit,ACBBA,ideal,1.0,19,361,2,10,acbba_g19_d220_ideal,reruns\grid_density\scenarios\cv\known_visit_grid19_targets10_trials50.csv,3,7,11,23.122774981899155,23.122774981899155,01,01,1,0,True,completed
49,known_visit,ACBBA,ideal,1.0,19,361,2,10,acbba_g19_d220_ideal,reruns\grid_density\scenarios\cv\known_visit_grid19_targets10_trials50.csv,4,9,15,48.15466105117041,48.15466105117041,01,01,1,0,True,completed
49,known_visit,ACBBA,ideal,1.0,19,361,2,10,acbba_g19_d220_ideal,reruns\grid_density\scenarios\cv\known_visit_grid19_targets10_trials50.csv,5,6,14,16.030296601391832,16.030296601391832,01,01,1,0,True,completed
49,known_visit,ACBBA,ideal,1.0,19,361,2,10,acbba_g19_d220_ideal,reruns\grid_density\scenarios\cv\known_visit_grid19_targets10_trials50.csv,6,10,9,31.946828180394263,31.946828180394263,01,01,1,0,True,completed
49,known_visit,ACBBA,ideal,1.0,19,361,2,10,acbba_g19_d220_ideal,reruns\grid_density\scenarios\cv\known_visit_grid19_targets10_trials50.csv,7,3,0,3.664574769220519,3.664574769220519,00,00,1,0,True,completed
49,known_visit,ACBBA,ideal,1.0,19,361,2,10,acbba_g19_d220_ideal,reruns\grid_density\scenarios\cv\known_visit_grid19_targets10_trials50.csv,8,12,1,24.856580221834506,24.856580221834506,00,00,1,0,True,completed
49,known_visit,ACBBA,ideal,1.0,19,361,2,10,acbba_g19_d220_ideal,reruns\grid_density\scenarios\cv\known_visit_grid19_targets10_trials50.csv,9,7,2,14.121496623788756,14.121496623788756,00,00,1,0,True,completed
49,known_visit,ACBBA,ideal,1.0,19,361,2,10,acbba_g19_d220_ideal,reruns\grid_density\scenarios\cv\known_visit_grid19_targets10_trials50.csv,10,1,12,67.07031921592035,67.07031921592035,01,01,1,0,True,completed
