trial_id,trial_mode,algorithm,comm_model,comm_level,grid_size,grid_cells,robot_count,target_count,condition_id,scenario_file,robot_id,steps_total,targets_found,task_cell_revisits,unique_cells_contributed,system_revisits_by_robot,task_cell_replans,path_replans,collision_prevention_events,blocked_task_quarantines,blocked_task_quarantine_time_s,maximum_quarantine_level,stall_recoveries,messages_sent,core_messages_sent,allocation_messages_sent,messages_delivered_to_robot,messages_dropped_to_robot,allocator_calls,allocator_time_ms_total,allocator_time_ms_mean,allocator_time_ms_median,allocator_time_ms_p95,allocator_time_ms_max,allocator_solve_time_ms_total,allocator_solve_time_ms_mean,allocator_solve_time_ms_median,allocator_solve_time_ms_p95,allocator_solve_time_ms_max,candidate_filter_calls,candidate_filter_time_ms_total,candidate_filter_time_ms_mean,candidate_filter_time_ms_median,candidate_filter_time_ms_p95,candidate_filter_time_ms_max,trial_status
0,known_visit,ACBBA,bernoulli,drop_0.25,34,1156,9,10,acbba_g34_d140_bernoulli_drop_0_25,reruns\grid_density\scenarios\cv\known_visit_grid34_targets10_trials50.csv,00,47,2,1,47,1,2,0,0,0,0.0,0,0,158,96,62,899,184,13,10.0987,0.7768230769230768,0.7582,1.0599,1.0599,2.9776,0.22904615384615384,0.1812,0.4416,0.4416,13,7.1211,0.547776923076923,0.568,0.6605,0.6605,completed
0,known_visit,ACBBA,bernoulli,drop_0.25,34,1156,9,10,acbba_g34_d140_bernoulli_drop_0_25,reruns\grid_density\scenarios\cv\known_visit_grid34_targets10_trials50.csv,01,39,1,0,26,14,2,9,9,0,0.0,0,0,143,83,60,870,228,35,28.1818,0.8051942857142856,0.8059,1.0938,1.1,7.334,0.20954285714285714,0.1879,0.4526,0.4593,35,20.8478,0.5956514285714286,0.6247,0.6581,0.6607,completed
0,known_visit,ACBBA,bernoulli,drop_0.25,34,1156,9,10,acbba_g34_d140_bernoulli_drop_0_25,reruns\grid_density\scenarios\cv\known_visit_grid34_targets10_trials50.csv,02,5,0,0,5,1,1,0,0,0,0.0,0,0,64,13,51,976,201,151,107.6562,0.7129549668874172,0.7634,0.9195,1.2474,22.6941,0.15029205298013243,0.149,0.2125,0.5621,151,84.9621,0.5626629139072848,0.6074,0.6981,0.8063,completed
0,known_visit,ACBBA,bernoulli,drop_0.25,34,1156,9,10,acbba_g34_d140_bernoulli_drop_0_25,reruns\grid_density\scenarios\cv\known_visit_grid34_targets10_trials50.csv,03,48,1,1,48,1,2,0,0,0,0.0,0,0,163,97,66,857,221,13,10.3941,0.7995461538461538,0.7577,1.1016,1.1016,3.1846,0.24496923076923077,0.19,0.4533,0.4533,13,7.2095,0.5545769230769231,0.6052,0.657,0.657,completed
0,known_visit,ACBBA,bernoulli,drop_0.25,34,1156,9,10,acbba_g34_d140_bernoulli_drop_0_25,reruns\grid_density\scenarios\cv\known_visit_grid34_targets10_trials50.csv,04,17,1,0,17,1,2,0,0,0,0.0,0,0,104,38,66,919,220,115,86.1185,0.7488565217391304,0.7903,0.9015,1.1002,18.8681,0.1640704347826087,0.1704,0.2331,0.4503,115,67.2504,0.5847860869565217,0.6129,0.6584,0.8115,completed
0,known_visit,ACBBA,bernoulli,drop_0.25,34,1156,9,10,acbba_g34_d140_bernoulli_drop_0_25,reruns\grid_density\scenarios\cv\known_visit_grid34_targets10_trials50.csv,05,45,2,0,46,0,3,0,0,0,0.0,0,0,161,92,69,877,205,22,15.0351,0.6834136363636364,0.5553999999999999,1.1027,1.135,4.2796,0.19452727272727274,0.10095,0.4597,0.4847,22,10.7555,0.4888863636363636,0.42925,0.6503,0.6594,completed
0,known_visit,ACBBA,bernoulli,drop_0.25,34,1156,9,10,acbba_g34_d140_bernoulli_drop_0_25,reruns\grid_density\scenarios\cv\known_visit_grid34_targets10_trials50.csv,06,42,2,0,39,4,2,0,0,0,0.0,0,0,154,88,66,897,190,31,20.6973,0.6676548387096773,0.5225,1.0711,1.0894,5.3022,0.17103870967741935,0.1192,0.4308,0.4384,31,15.3951,0.49661612903225805,0.417,0.6675,0.6853,completed
0,known_visit,ACBBA,bernoulli,drop_0.25,34,1156,9,10,acbba_g34_d140_bernoulli_drop_0_25,reruns\grid_density\scenarios\cv\known_visit_grid34_targets10_trials50.csv,07,47,0,0,44,4,3,2,2,0,0.0,0,0,156,96,60,877,208,12,10.2641,0.8553416666666666,0.8902,1.1155,1.1155,3.2629,0.27190833333333336,0.2514,0.449,0.449,12,7.0012,0.5834333333333334,0.6210500000000001,0.6665,0.6665,completed
0,known_visit,ACBBA,bernoulli,drop_0.25,34,1156,9,10,acbba_g34_d140_bernoulli_drop_0_25,reruns\grid_density\scenarios\cv\known_visit_grid34_targets10_trials50.csv,08,36,1,1,35,2,2,0,0,0,0.0,0,0,140,75,65,907,193,49,38.0737,0.7770142857142858,0.7169,1.0832,2.1136,8.8143,0.17988367346938774,0.1445,0.4387,0.8507,49,29.2594,0.5971306122448979,0.5655,0.7604,1.9553,completed
1,known_visit,ACBBA,bernoulli,drop_0.25,34,1156,9,10,acbba_g34_d140_bernoulli_drop_0_25,reruns\grid_density\scenarios\cv\known_visit_grid34_targets10_trials50.csv,00,16,0,0,17,0,0,0,0,0,0.0,0,0,105,34,71,907,186,82,54.3001,0.6621963414634147,0.64725,0.8366,1.1041,10.9406,0.1334219512195122,0.1081,0.2944,0.4468,82,43.3595,0.5287743902439024,0.53255,0.641,0.6886,completed
1,known_visit,ACBBA,bernoulli,drop_0.25,34,1156,9,10,acbba_g34_d140_bernoulli_drop_0_25,reruns\grid_density\scenarios\cv\known_visit_grid34_targets10_trials50.csv,01,27,2,0,20,8,2,0,0,0,0.0,0,0,119,58,61,880,199,49,33.0918,0.6753428571428571,0.6464,0.8866,1.0754,6.6451,0.13561428571428571,0.101,0.3239,0.4569,49,26.4467,0.5397285714285714,0.5419,0.6387,0.6566,completed
1,known_visit,ACBBA,bernoulli,drop_0.25,34,1156,9,10,acbba_g34_d140_bernoulli_drop_0_25,reruns\grid_density\scenarios\cv\known_visit_grid34_targets10_trials50.csv,02,26,0,0,26,1,5,0,0,0,0.0,0,0,133,55,78,845,221,56,39.3598,0.7028535714285714,0.68025,0.9831,1.2432,8.8616,0.15824285714285713,0.11875,0.3364,0.4956,56,30.4982,0.5446107142857143,0.55125,0.7155,0.772,completed
1,known_visit,ACBBA,bernoulli,drop_0.25,34,1156,9,10,acbba_g34_d140_bernoulli_drop_0_25,reruns\grid_density\scenarios\cv\known_visit_grid34_targets10_trials50.csv,03,29,0,0,27,3,1,2,2,0,0.0,0,0,132,63,69,857,210,39,29.7998,0.764097435897436,0.7408,1.1961,1.3575,7.7982,0.19995384615384615,0.1502,0.4251,0.4916,39,22.0016,0.5641435897435897,0.5729,0.7045,0.9451,completed
1,known_visit,ACBBA,bernoulli,drop_0.25,34,1156,9,10,acbba_g34_d140_bernoulli_drop_0_25,reruns\grid_density\scenarios\cv\known_visit_grid34_targets10_trials50.csv,04,35,2,1,34,2,2,0,0,0,0.0,0,0,142,72,70,849,207,22,18.2129,0.8278590909090909,0.8270500000000001,1.2056,1.2455,5.4923,0.24965,0.21165,0.5428,0.5459,22,12.7206,0.5782090909090909,0.617,0.6996,0.861,completed
1,known_visit,ACBBA,bernoulli,drop_0.25,34,1156,9,10,acbba_g34_d140_bernoulli_drop_0_25,reruns\grid_density\scenarios\cv\known_visit_grid34_targets10_trials50.csv,05,38,1,0,39,0,2,0,0,0,0.0,0,0,152,78,74,827,219,9,7.574,0.8415555555555555,0.8151,1.1133,1.1133,2.4171,0.2685666666666667,0.3149,0.4939,0.4939,9,5.1569,0.5729888888888889,0.6147,0.6948,0.6948,completed
1,known_visit,ACBBA,bernoulli,drop_0.25,34,1156,9,10,acbba_g34_d140_bernoulli_drop_0_25,reruns\grid_density\scenarios\cv\known_visit_grid34_targets10_trials50.csv,06,23,0,1,22,2,7,0,0,0,0.0,0,0,134,49,85,861,202,65,48.6479,0.7484292307692307,0.7289,1.0714,1.2357,11.8892,0.18291076923076924,0.1393,0.4434,0.5097,65,36.7587,0.5655184615384615,0.5773,0.6933,0.7338,completed
1,known_visit,ACBBA,bernoulli,drop_0.25,34,1156,9,10,acbba_g34_d140_bernoulli_drop_0_25,reruns\grid_density\scenarios\cv\known_visit_grid34_targets10_trials50.csv,07,32,1,1,24,9,1,0,0,0,0.0,0,0,136,66,70,848,214,30,20.7495,0.69165,0.6651499999999999,1.0974,1.1647,5.0784,0.16928,0.1285,0.4204,0.4911,30,15.6711,0.52237,0.5376,0.7443,0.7773,completed
1,known_visit,ACBBA,bernoulli,drop_0.25,34,1156,9,10,acbba_g34_d140_bernoulli_drop_0_25,reruns\grid_density\scenarios\cv\known_visit_grid34_targets10_trials50.csv,08,38,4,0,39,0,2,0,0,0,0.0,0,0,146,78,68,851,202,14,11.4451,0.8175071428571429,0.7766500000000001,1.21,1.21,3.4695,0.24782142857142858,0.26280000000000003,0.5207,0.5207,14,7.9756,0.5696857142857142,0.5945499999999999,0.7326,0.7326,completed
2,known_visit,ACBBA,bernoulli,drop_0.25,34,1156,9,10,acbba_g34_d140_bernoulli_drop_0_25,reruns\grid_density\scenarios\cv\known_visit_grid34_targets10_trials50.csv,00,39,1,0,39,1,1,0,0,0,0.0,0,0,140,79,61,848,195,8,6.9066,0.863325,0.8118000000000001,1.1636,1.1636,2.2858,0.285725,0.2827,0.5096,0.5096,8,4.6208,0.5776,0.5680499999999999,0.6798,0.6798,completed
2,known_visit,ACBBA,bernoulli,drop_0.25,34,1156,9,10,acbba_g34_d140_bernoulli_drop_0_25,reruns\grid_density\scenarios\cv\known_visit_grid34_targets10_trials50.csv,01,38,1,0,39,0,2,1,1,0,0.0,0,0,144,79,65,834,205,10,9.1449,0.91449,0.76925,1.6936,1.6936,3.3105,0.33105,0.2426,0.9068,0.9068,10,5.8344000000000005,0.5834400000000001,0.5708,0.7868,0.7868,completed
2,known_visit,ACBBA,bernoulli,drop_0.25,34,1156,9,10,acbba_g34_d140_bernoulli_drop_0_25,reruns\grid_density\scenarios\cv\known_visit_grid34_targets10_trials50.csv,02,33,3,0,34,0,1,0,0,0,0.0,0,0,128,69,59,843,212,29,21.3344,0.7356689655172414,0.6785,1.1557,1.1974,5.178,0.17855172413793102,0.1177,0.5043,0.5097,29,16.1564,0.5571172413793104,0.5466,0.6807,0.7001,completed
2,known_visit,ACBBA,bernoulli,drop_0.25,34,1156,9,10,acbba_g34_d140_bernoulli_drop_0_25,reruns\grid_density\scenarios\cv\known_visit_grid34_targets10_trials50.csv,03,25,1,1,22,4,1,0,0,0,0.0,0,0,109,52,57,888,186,53,36.3694,0.6862150943396226,0.6562,0.9768,1.2251,7.5058,0.1416188679245283,0.1125,0.3632,0.5317,53,28.863599999999998,0.5445962264150943,0.5454,0.6622,0.6934,completed
2,known_visit,ACBBA,bernoulli,drop_0.25,34,1156,9,10,acbba_g34_d140_bernoulli_drop_0_25,reruns\grid_density\scenarios\cv\known_visit_grid34_targets10_trials50.csv,04,38,0,1,30,9,0,0,0,0,0.0,0,0,140,77,63,830,213,8,6.8307,0.8538375,0.7557,1.1967,1.1967,2.316,0.2895,0.23925000000000002,0.5315,0.5315,8,4.5147,0.5643375,0.56675,0.6652,0.6652,completed
2,known_visit,ACBBA,bernoulli,drop_0.25,34,1156,9,10,acbba_g34_d140_bernoulli_drop_0_25,reruns\grid_density\scenarios\cv\known_visit_grid34_targets10_trials50.csv,05,39,2,0,40,0,2,0,0,0,0.0,0,0,144,79,65,852,188,11,10.051499999999999,0.9137727272727272,0.8889,1.1617,1.1617,3.3359,0.30326363636363635,0.3114,0.52,0.52,11,6.7156,0.6105090909090909,0.6136,0.7647,0.7647,completed
2,known_visit,ACBBA,bernoulli,drop_0.25,34,1156,9,10,acbba_g34_d140_bernoulli_drop_0_25,reruns\grid_density\scenarios\cv\known_visit_grid34_targets10_trials50.csv,06,25,0,0,23,3,4,1,1,0,0.0,0,0,129,55,74,868,186,59,47.0619,0.7976593220338983,0.7893,1.1653,1.2228,12.1378,0.20572542372881356,0.1726,0.5176,0.5392,59,34.9241,0.5919338983050848,0.6166,0.6831,0.6934,completed
2,known_visit,ACBBA,bernoulli,drop_0.25,34,1156,9,10,acbba_g34_d140_bernoulli_drop_0_25,reruns\grid_density\scenarios\cv\known_visit_grid34_targets10_trials50.csv,07,18,0,0,19,0,2,0,0,0,0.0,0,0,112,42,70,867,205,77,56.2861,0.7309883116883117,0.6833,1.0945,1.3906,12.6665,0.16449999999999998,0.1308,0.4451,0.6395,77,43.6196,0.5664883116883117,0.5621,0.7143,0.8309,completed
2,known_visit,ACBBA,bernoulli,drop_0.25,34,1156,9,10,acbba_g34_d140_bernoulli_drop_0_25,reruns\grid_density\scenarios\cv\known_visit_grid34_targets10_trials50.csv,08,34,2,0,34,1,1,0,0,0,0.0,0,0,138,71,67,859,186,23,18.3713,0.7987521739130435,0.7741,1.1509,1.1819,4.7232,0.20535652173913044,0.155,0.4665,0.4729,23,13.6481,0.593395652173913,0.6129,0.6844,0.709,completed
3,known_visit,ACBBA,bernoulli,drop_0.25,34,1156,9,10,acbba_g34_d140_bernoulli_drop_0_25,reruns\grid_density\scenarios\cv\known_visit_grid34_targets10_trials50.csv,00,28,2,1,28,1,0,0,0,0,0.0,0,0,138,59,79,994,224,56,38.3152,0.6841999999999999,0.69655,0.9536,1.0639,7.4165,0.1324375,0.12785,0.2986,0.347,56,30.8987,0.5517625,0.5771,0.7169,0.7567,completed
3,known_visit,ACBBA,bernoulli,drop_0.25,34,1156,9,10,acbba_g34_d140_bernoulli_drop_0_25,reruns\grid_density\scenarios\cv\known_visit_grid34_targets10_trials50.csv,01,24,1,0,24,1,4,0,0,0,0.0,0,0,134,52,82,980,242,74,46.0226,0.621927027027027,0.65925,0.9234,1.1319,8.9009,0.12028243243243243,0.098,0.3123,0.4957,74,37.1217,0.5016445945945945,0.54925,0.6257,0.6822,completed
3,known_visit,ACBBA,bernoulli,drop_0.25,34,1156,9,10,acbba_g34_d140_bernoulli_drop_0_25,reruns\grid_density\scenarios\cv\known_visit_grid34_targets10_trials50.csv,02,28,1,0,26,3,3,0,0,0,0.0,0,0,136,58,78,980,239,57,37.8176,0.6634666666666666,0.7198,0.9619,1.21,8.0951,0.14201929824561405,0.1324,0.3231,0.5175,57,29.7225,0.5214473684210527,0.5802,0.6757,0.6925,completed
3,known_visit,ACBBA,bernoulli,drop_0.25,34,1156,9,10,acbba_g34_d140_bernoulli_drop_0_25,reruns\grid_density\scenarios\cv\known_visit_grid34_targets10_trials50.csv,03,43,2,0,44,0,2,0,0,0,0.0,0,0,171,87,84,964,221,11,10.313,0.9375454545454546,0.9267,1.2416,1.2416,3.3466,0.30423636363636364,0.2645,0.5571,0.5571,11,6.9664,0.6333090909090909,0.6607,0.8273,0.8273,completed
3,known_visit,ACBBA,bernoulli,drop_0.25,34,1156,9,10,acbba_g34_d140_bernoulli_drop_0_25,reruns\grid_density\scenarios\cv\known_visit_grid34_targets10_trials50.csv,04,38,0,1,35,4,6,0,0,0,0.0,0,0,170,81,89,958,227,29,24.467299999999998,0.8436999999999999,0.7963,1.2085,1.211,7.1712,0.24728275862068966,0.1963,0.5257,0.5467,29,17.2961,0.5964172413793103,0.6052,0.7087,0.7323,completed
3,known_visit,ACBBA,bernoulli,drop_0.25,34,1156,9,10,acbba_g34_d140_bernoulli_drop_0_25,reruns\grid_density\scenarios\cv\known_visit_grid34_targets10_trials50.csv,05,42,1,1,33,10,3,0,0,0,0.0,0,0,171,85,86,962,222,11,9.7536,0.8866909090909091,0.857,1.1386,1.1386,3.1827,0.28933636363636367,0.3095,0.5188,0.5188,11,6.5709,0.5973545454545455,0.6549,0.7591,0.7591,completed
3,known_visit,ACBBA,bernoulli,drop_0.25,34,1156,9,10,acbba_g34_d140_bernoulli_drop_0_25,reruns\grid_density\scenarios\cv\known_visit_grid34_targets10_trials50.csv,06,19,1,0,20,0,6,0,0,0,0.0,0,0,136,43,93,977,242,94,62.9413,0.6695882978723404,0.67365,1.0579,1.1448,13.1119,0.13948829787234043,0.10175000000000001,0.3998,0.5222,94,49.8294,0.5301,0.56135,0.6775,0.7233,completed
3,known_visit,ACBBA,bernoulli,drop_0.25,34,1156,9,10,acbba_g34_d140_bernoulli_drop_0_25,reruns\grid_density\scenarios\cv\known_visit_grid34_targets10_trials50.csv,07,20,0,0,21,0,4,0,0,0,0.0,0,0,132,44,88,1007,216,92,60.4836,0.6574304347826088,0.66515,0.9783,1.1584,12.5342,0.13624130434782608,0.10239999999999999,0.347,0.4797,92,47.9494,0.5211891304347825,0.55715,0.6626,0.7171,completed
3,known_visit,ACBBA,bernoulli,drop_0.25,34,1156,9,10,acbba_g34_d140_bernoulli_drop_0_25,reruns\grid_density\scenarios\cv\known_visit_grid34_targets10_trials50.csv,08,42,2,0,42,1,1,0,0,0,0.0,0,0,168,86,82,960,228,12,10.4122,0.8676833333333334,0.8748,1.1048,1.1048,3.3682,0.28068333333333334,0.2879,0.508,0.508,12,7.044,0.587,0.6111,0.7487,0.7487,completed
4,known_visit,ACBBA,bernoulli,drop_0.25,34,1156,9,10,acbba_g34_d140_bernoulli_drop_0_25,reruns\grid_density\scenarios\cv\known_visit_grid34_targets10_trials50.csv,00,34,3,0,35,0,0,0,0,0,0.0,0,0,122,69,53,707,173,9,7.0712,0.7856888888888889,0.7806,1.0714,1.0714,1.8584999999999998,0.2065,0.172,0.4411,0.4411,9,5.2127,0.5791888888888889,0.6086,0.6748,0.6748,completed
4,known_visit,ACBBA,bernoulli,drop_0.25,34,1156,9,10,acbba_g34_d140_bernoulli_drop_0_25,reruns\grid_density\scenarios\cv\known_visit_grid34_targets10_trials50.csv,01,28,0,2,22,7,1,0,0,0,0.0,0,0,116,59,57,715,170,30,23.8245,0.79415,0.79615,1.1457,1.2117,5.9712000000000005,0.19904000000000002,0.1638,0.486,0.5183,30,17.8533,0.59511,0.61985,0.7062,0.8128,completed
4,known_visit,ACBBA,bernoulli,drop_0.25,34,1156,9,10,acbba_g34_d140_bernoulli_drop_0_25,reruns\grid_density\scenarios\cv\known_visit_grid34_targets10_trials50.csv,02,16,1,0,17,0,4,0,0,0,0.0,0,0,88,35,53,719,194,65,47.8129,0.7355830769230769,0.7022,0.9613,1.2042,9.9763,0.15348153846153847,0.1288,0.3187,0.5184,65,37.8366,0.5821015384615384,0.5773,0.6709,0.6892,completed
4,known_visit,ACBBA,bernoulli,drop_0.25,34,1156,9,10,acbba_g34_d140_bernoulli_drop_0_25,reruns\grid_density\scenarios\cv\known_visit_grid34_targets10_trials50.csv,03,27,0,1,25,3,5,0,0,0,0.0,0,0,118,57,61,725,158,32,25.4141,0.794190625,0.7323500000000001,1.1889,1.1985,6.4354000000000005,0.20110625000000001,0.14255,0.5168,0.5422,32,18.9787,0.593084375,0.5906,0.6906,0.691,completed
4,known_visit,ACBBA,bernoulli,drop_0.25,34,1156,9,10,acbba_g34_d140_bernoulli_drop_0_25,reruns\grid_density\scenarios\cv\known_visit_grid34_targets10_trials50.csv,04,20,2,0,21,0,4,0,0,0,0.0,0,0,101,43,58,732,168,52,39.1961,0.7537711538461539,0.7152000000000001,1.0589,1.2036,8.9662,0.1724269230769231,0.1403,0.4343,0.5177,52,30.2299,0.5813442307692308,0.58165,0.6496,0.6859,completed
4,known_visit,ACBBA,bernoulli,drop_0.25,34,1156,9,10,acbba_g34_d140_bernoulli_drop_0_25,reruns\grid_density\scenarios\cv\known_visit_grid34_targets10_trials50.csv,05,31,0,1,22,10,4,0,0,0,0.0,0,0,126,64,62,706,169,20,17.136,0.8568,0.8485,1.2051,1.2211,5.6213,0.281065,0.24664999999999998,0.5008,0.5613,20,11.5147,0.575735,0.6217,0.6793,0.7203,completed
4,known_visit,ACBBA,bernoulli,drop_0.25,34,1156,9,10,acbba_g34_d140_bernoulli_drop_0_25,reruns\grid_density\scenarios\cv\known_visit_grid34_targets10_trials50.csv,06,12,0,0,13,0,3,0,0,0,0.0,0,0,84,27,57,745,172,78,57.3685,0.7354935897435897,0.6960999999999999,1.0956,1.2278,12.384,0.15876923076923077,0.1441,0.2962,0.5563,78,44.9845,0.5767243589743589,0.5659000000000001,0.6761,0.9114,completed
4,known_visit,ACBBA,bernoulli,drop_0.25,34,1156,9,10,acbba_g34_d140_bernoulli_drop_0_25,reruns\grid_density\scenarios\cv\known_visit_grid34_targets10_trials50.csv,07,29,3,0,30,0,2,0,0,0,0.0,0,0,122,60,62,711,168,23,17.2108,0.748295652173913,0.678,1.1305,1.1644,4.1636,0.18102608695652173,0.11,0.4971,0.5078,23,13.0472,0.5672695652173914,0.5524,0.6566,0.676,completed
4,known_visit,ACBBA,bernoulli,drop_0.25,34,1156,9,10,acbba_g34_d140_bernoulli_drop_0_25,reruns\grid_density\scenarios\cv\known_visit_grid34_targets10_trials50.csv,08,29,1,0,29,1,1,0,0,0,0.0,0,0,125,61,64,710,167,24,20.2061,0.8419208333333333,0.8162,1.0515,1.1688,5.3504,0.22293333333333332,0.1763,0.4336,0.4986,24,14.8557,0.6189875,0.632,0.6838,0.696,completed
5,known_visit,ACBBA,bernoulli,drop_0.25,34,1156,9,10,acbba_g34_d140_bernoulli_drop_0_25,reruns\grid_density\scenarios\cv\known_visit_grid34_targets10_trials50.csv,00,26,1,1,20,7,1,3,1,1,5.0,1,0,120,56,64,868,194,78,60.7687,0.7790858974358975,0.7626,0.986,1.1099,13.5766,0.17405897435897436,0.15725,0.3128,0.4385,78,47.1921,0.6050269230769231,0.6369,0.7147,0.7738,completed
5,known_visit,ACBBA,bernoulli,drop_0.25,34,1156,9,10,acbba_g34_d140_bernoulli_drop_0_25,reruns\grid_density\scenarios\cv\known_visit_grid34_targets10_trials50.csv,01,28,2,0,27,2,1,0,0,0,0.0,0,0,116,59,57,876,190,71,52.7251,0.7426070422535211,0.7824,0.9494,1.1396,12.5696,0.17703661971830986,0.1723,0.3194,0.4601,71,40.1555,0.5655704225352113,0.6244,0.6886,0.7575,completed
5,known_visit,ACBBA,bernoulli,drop_0.25,34,1156,9,10,acbba_g34_d140_bernoulli_drop_0_25,reruns\grid_density\scenarios\cv\known_visit_grid34_targets10_trials50.csv,02,39,2,0,40,0,2,0,0,0,0.0,0,0,139,80,59,848,194,33,26.4794,0.8024060606060606,0.7837,1.2238,1.2276,5.9515,0.18034848484848487,0.1276,0.5528,0.5687,33,20.5279,0.6220575757575757,0.6549,0.6922,0.6996,completed
5,known_visit,ACBBA,bernoulli,drop_0.25,34,1156,9,10,acbba_g34_d140_bernoulli_drop_0_25,reruns\grid_density\scenarios\cv\known_visit_grid34_targets10_trials50.csv,03,45,1,2,40,6,2,0,0,0,0.0,0,0,161,91,70,842,178,11,10.7553,0.9777545454545454,0.9617,1.2406,1.2406,3.3437,0.3039727272727273,0.2961,0.5492,0.5492,11,7.4116,0.6737818181818181,0.6681,0.8194,0.8194,completed
5,known_visit,ACBBA,bernoulli,drop_0.25,34,1156,9,10,acbba_g34_d140_bernoulli_drop_0_25,reruns\grid_density\scenarios\cv\known_visit_grid34_targets10_trials50.csv,04,27,0,0,19,9,4,0,0,0,0.0,0,0,115,57,58,878,188,74,62.7479,0.8479445945945946,0.86985,0.9663,1.2605,14.6751,0.19831216216216216,0.1785,0.3148,0.5788,74,48.0728,0.6496324324324324,0.67045,0.7496,0.8198,completed
5,known_visit,ACBBA,bernoulli,drop_0.25,34,1156,9,10,acbba_g34_d140_bernoulli_drop_0_25,reruns\grid_density\scenarios\cv\known_visit_grid34_targets10_trials50.csv,05,37,1,1,36,2,2,0,0,0,0.0,0,0,141,76,65,843,197,41,34.876,0.8506341463414634,0.8095,1.1079,1.2015,7.6668,0.1869951219512195,0.1478,0.4924,0.5022,41,27.2092,0.6636390243902439,0.6589,0.7644,0.7776,completed
5,known_visit,ACBBA,bernoulli,drop_0.25,34,1156,9,10,acbba_g34_d140_bernoulli_drop_0_25,reruns\grid_density\scenarios\cv\known_visit_grid34_targets10_trials50.csv,06,27,1,1,26,2,3,0,0,0,0.0,0,0,122,59,63,886,173,72,58.2391,0.8088763888888889,0.7832,1.1444,1.1819,12.0747,0.16770416666666665,0.13745000000000002,0.4906,0.5291,72,46.1644,0.6411722222222223,0.6531,0.7776,0.8152,completed
5,known_visit,ACBBA,bernoulli,drop_0.25,34,1156,9,10,acbba_g34_d140_bernoulli_drop_0_25,reruns\grid_density\scenarios\cv\known_visit_grid34_targets10_trials50.csv,07,30,0,1,19,12,3,0,0,0,0.0,0,0,125,63,62,842,214,62,51.9571,0.8380177419354838,0.82775,1.0148,1.1107,11.198,0.18061290322580645,0.16785,0.3254,0.4373,62,40.759100000000004,0.6574048387096775,0.6573,0.7523,0.8576,completed
5,known_visit,ACBBA,bernoulli,drop_0.25,34,1156,9,10,acbba_g34_d140_bernoulli_drop_0_25,reruns\grid_density\scenarios\cv\known_visit_grid34_targets10_trials50.csv,08,38,2,0,39,0,1,0,0,0,0.0,0,0,143,78,65,846,192,37,26.5137,0.7165864864864865,0.6781,1.0394,1.1412,5.2405,0.14163513513513512,0.1056,0.4307,0.5166,37,21.2732,0.5749513513513513,0.5648,0.6978,0.7252,completed
6,known_visit,ACBBA,bernoulli,drop_0.25,34,1156,9,10,acbba_g34_d140_bernoulli_drop_0_25,reruns\grid_density\scenarios\cv\known_visit_grid34_targets10_trials50.csv,00,19,1,0,20,0,1,0,0,0,0.0,0,0,100,41,59,883,204,96,77.4914,0.8072020833333333,0.7797499999999999,1.1704,1.3061,15.7168,0.16371666666666665,0.14065,0.4746,0.5142,96,61.7746,0.6434854166666667,0.6489,0.7854,0.8544,completed
6,known_visit,ACBBA,bernoulli,drop_0.25,34,1156,9,10,acbba_g34_d140_bernoulli_drop_0_25,reruns\grid_density\scenarios\cv\known_visit_grid34_targets10_trials50.csv,01,17,0,1,14,4,2,0,0,0,0.0,0,0,105,39,66,909,173,102,87.3741,0.8566088235294117,0.8355,1.162,1.3331,18.0141,0.17660882352941176,0.1617,0.4172,0.5353,102,69.36,0.68,0.6790499999999999,0.8064,0.879,completed
6,known_visit,ACBBA,bernoulli,drop_0.25,34,1156,9,10,acbba_g34_d140_bernoulli_drop_0_25,reruns\grid_density\scenarios\cv\known_visit_grid34_targets10_trials50.csv,02,33,2,0,34,0,2,0,0,0,0.0,0,0,136,70,66,847,203,47,38.1872,0.8124936170212765,0.778,1.2402,1.2837,8.2423,0.175368085106383,0.1313,0.4661,0.5053,47,29.9449,0.6371255319148936,0.6544,0.7773,0.823,completed
6,known_visit,ACBBA,bernoulli,drop_0.25,34,1156,9,10,acbba_g34_d140_bernoulli_drop_0_25,reruns\grid_density\scenarios\cv\known_visit_grid34_targets10_trials50.csv,03,40,2,1,26,15,0,0,0,0,0.0,0,0,147,82,65,836,203,23,20.889,0.9082173913043478,0.8593,1.2499,1.2526,5.2089,0.22647391304347825,0.1513,0.503,0.5185,23,15.6801,0.6817434782608696,0.7098,0.7882,0.799,completed
6,known_visit,ACBBA,bernoulli,drop_0.25,34,1156,9,10,acbba_g34_d140_bernoulli_drop_0_25,reruns\grid_density\scenarios\cv\known_visit_grid34_targets10_trials50.csv,04,29,1,1,27,3,2,0,0,0,0.0,0,0,129,61,68,880,178,65,60.9784,0.9381292307692308,0.9358,1.2133,1.4984,14.5518,0.22387384615384615,0.2022,0.4462,0.602,65,46.4266,0.7142553846153846,0.7336,0.8158,0.8964,completed
6,known_visit,ACBBA,bernoulli,drop_0.25,34,1156,9,10,acbba_g34_d140_bernoulli_drop_0_25,reruns\grid_density\scenarios\cv\known_visit_grid34_targets10_trials50.csv,05,14,0,0,15,0,5,0,0,0,0.0,0,0,99,32,67,868,219,111,91.829,0.8272882882882883,0.81,1.19,1.376,18.2431,0.16435225225225222,0.149,0.4694,0.489,111,73.5859,0.662936036036036,0.6704,0.7921,1.0041,completed
6,known_visit,ACBBA,bernoulli,drop_0.25,34,1156,9,10,acbba_g34_d140_bernoulli_drop_0_25,reruns\grid_density\scenarios\cv\known_visit_grid34_targets10_trials50.csv,06,40,1,0,40,1,3,0,0,0,0.0,0,0,154,82,72,831,201,23,21.8024,0.9479304347826086,0.9857,1.2258,1.2721,5.3900999999999994,0.23435217391304344,0.1992,0.483,0.5216,23,16.4123,0.7135782608695651,0.7505,0.8053,0.8151,completed
6,known_visit,ACBBA,bernoulli,drop_0.25,34,1156,9,10,acbba_g34_d140_bernoulli_drop_0_25,reruns\grid_density\scenarios\cv\known_visit_grid34_targets10_trials50.csv,07,44,2,0,43,2,2,1,1,0,0.0,0,0,158,91,67,837,192,13,13.6633,1.0510230769230768,1.0747,1.2809,1.2809,4.1109,0.31622307692307694,0.3124,0.526,0.526,13,9.5524,0.7348,0.7479,0.8443,0.8443,completed
6,known_visit,ACBBA,bernoulli,drop_0.25,34,1156,9,10,acbba_g34_d140_bernoulli_drop_0_25,reruns\grid_density\scenarios\cv\known_visit_grid34_targets10_trials50.csv,08,44,1,1,43,2,4,2,2,0,0.0,0,0,159,89,70,819,208,13,12.0134,0.9241076923076924,0.9019,1.2315,1.2315,3.2942,0.2534,0.2124,0.5179,0.5179,13,8.7192,0.6707076923076923,0.7447,0.8749,0.8749,completed
7,known_visit,ACBBA,bernoulli,drop_0.25,34,1156,9,10,acbba_g34_d140_bernoulli_drop_0_25,reruns\grid_density\scenarios\cv\known_visit_grid34_targets10_trials50.csv,00,41,0,2,33,9,4,1,1,0,0.0,0,0,164,83,81,824,206,11,12.1957,1.1087,1.1374,1.3945,1.3945,4.1867,0.3806090909090909,0.3682,0.5958,0.5958,11,8.009,0.7280909090909091,0.7692,0.9541,0.9541,completed
7,known_visit,ACBBA,bernoulli,drop_0.25,34,1156,9,10,acbba_g34_d140_bernoulli_drop_0_25,reruns\grid_density\scenarios\cv\known_visit_grid34_targets10_trials50.csv,01,18,0,2,16,3,3,0,0,0,0.0,0,0,113,39,74,864,217,86,68.5942,0.797606976744186,0.7437499999999999,1.3299,1.414,14.1183,0.16416627906976744,0.1243,0.529,0.6453,86,54.4759,0.6334406976744187,0.6012500000000001,0.7965,0.8459,completed
7,known_visit,ACBBA,bernoulli,drop_0.25,34,1156,9,10,acbba_g34_d140_bernoulli_drop_0_25,reruns\grid_density\scenarios\cv\known_visit_grid34_targets10_trials50.csv,02,33,4,0,34,0,2,0,0,0,0.0,0,0,135,69,66,863,197,37,31.169,0.8424054054054054,0.7817,1.3361,1.3971,7.2416,0.19571891891891893,0.1263,0.5533,0.5895,37,23.9274,0.6466864864864864,0.6386,0.8201,0.8312,completed
7,known_visit,ACBBA,bernoulli,drop_0.25,34,1156,9,10,acbba_g34_d140_bernoulli_drop_0_25,reruns\grid_density\scenarios\cv\known_visit_grid34_targets10_trials50.csv,03,20,1,1,20,1,1,0,0,0,0.0,0,0,111,45,66,869,214,79,67.1705,0.8502594936708862,0.8266,1.0956,1.4709,14.3912,0.18216708860759492,0.1615,0.3698,0.5422,79,52.7793,0.6680924050632912,0.6435,0.8261,0.9287,completed
7,known_visit,ACBBA,bernoulli,drop_0.25,34,1156,9,10,acbba_g34_d140_bernoulli_drop_0_25,reruns\grid_density\scenarios\cv\known_visit_grid34_targets10_trials50.csv,04,31,1,1,30,2,2,0,0,0,0.0,0,0,135,65,70,843,216,42,32.5521,0.77505,0.746,1.1931,1.3348,6.356,0.15133333333333332,0.10725,0.4532,0.563,42,26.1961,0.6237166666666667,0.60795,0.7825,0.8265,completed
7,known_visit,ACBBA,bernoulli,drop_0.25,34,1156,9,10,acbba_g34_d140_bernoulli_drop_0_25,reruns\grid_density\scenarios\cv\known_visit_grid34_targets10_trials50.csv,05,35,1,0,34,2,5,0,0,0,0.0,0,0,147,73,74,849,198,32,33.73,1.0540625,1.02765,1.416,1.5308,8.6589,0.270590625,0.2122,0.5775,0.5958,32,25.0711,0.783471875,0.8041,0.8741,0.9637,completed
7,known_visit,ACBBA,bernoulli,drop_0.25,34,1156,9,10,acbba_g34_d140_bernoulli_drop_0_25,reruns\grid_density\scenarios\cv\known_visit_grid34_targets10_trials50.csv,06,18,1,0,19,0,2,0,0,0,0.0,0,0,115,42,73,881,198,90,77.4098,0.8601088888888889,0.80715,1.1494,1.2849,17.0288,0.1892088888888889,0.1727,0.3829,0.4606,90,60.381,0.6709,0.6273500000000001,0.871,0.9114,completed
7,known_visit,ACBBA,bernoulli,drop_0.25,34,1156,9,10,acbba_g34_d140_bernoulli_drop_0_25,reruns\grid_density\scenarios\cv\known_visit_grid34_targets10_trials50.csv,07,42,2,0,43,0,1,0,0,0,0.0,0,0,158,85,73,855,182,11,11.5923,1.0538454545454545,1.1284,1.4675,1.4675,3.6801,0.33455454545454544,0.3215,0.6568,0.6568,11,7.9122,0.7192909090909091,0.7782,0.8414,0.8414,completed
7,known_visit,ACBBA,bernoulli,drop_0.25,34,1156,9,10,acbba_g34_d140_bernoulli_drop_0_25,reruns\grid_density\scenarios\cv\known_visit_grid34_targets10_trials50.csv,08,21,0,1,18,4,4,1,1,0,0.0,0,0,117,46,71,878,199,77,61.7532,0.8019896103896104,0.7594,1.3298,1.3799,13.0064,0.1689142857142857,0.1243,0.536,0.5761,77,48.7468,0.6330753246753247,0.6013,0.8038,0.8991,completed
8,known_visit,ACBBA,bernoulli,drop_0.25,34,1156,9,10,acbba_g34_d140_bernoulli_drop_0_25,reruns\grid_density\scenarios\cv\known_visit_grid34_targets10_trials50.csv,00,41,0,1,33,9,0,0,0,0,0.0,0,0,153,86,67,986,219,60,49.9274,0.8321233333333333,0.8349500000000001,1.0893,1.1534,10.7517,0.179195,0.15595,0.3674,0.4887,60,39.1757,0.6529283333333333,0.6745,0.7744,0.8081,completed
8,known_visit,ACBBA,bernoulli,drop_0.25,34,1156,9,10,acbba_g34_d140_bernoulli_drop_0_25,reruns\grid_density\scenarios\cv\known_visit_grid34_targets10_trials50.csv,01,57,1,0,47,11,1,0,0,0,0.0,0,0,181,115,66,971,206,10,10.1903,1.01903,1.05175,1.2952,1.2952,3.1485,0.31484999999999996,0.3338,0.5654,0.5654,10,7.0418,0.70418,0.69275,0.8421,0.8421,completed
8,known_visit,ACBBA,bernoulli,drop_0.25,34,1156,9,10,acbba_g34_d140_bernoulli_drop_0_25,reruns\grid_density\scenarios\cv\known_visit_grid34_targets10_trials50.csv,02,43,2,1,38,6,3,0,0,0,0.0,0,0,157,89,68,984,218,59,50.6267,0.8580796610169491,0.8294,1.1545,1.2542,11.082699999999999,0.1878423728813559,0.1538,0.5038,0.5383,59,39.544000000000004,0.6702372881355932,0.6739,0.7492,0.7941,completed
8,known_visit,ACBBA,bernoulli,drop_0.25,34,1156,9,10,acbba_g34_d140_bernoulli_drop_0_25,reruns\grid_density\scenarios\cv\known_visit_grid34_targets10_trials50.csv,03,36,2,0,35,2,2,0,0,0,0.0,0,0,138,74,64,983,237,83,59.7281,0.7196156626506024,0.7006,1.0873,1.2609,11.0474,0.1331012048192771,0.1062,0.3455,0.5546,83,48.6807,0.5865144578313253,0.5912,0.7063,0.7947,completed
8,known_visit,ACBBA,bernoulli,drop_0.25,34,1156,9,10,acbba_g34_d140_bernoulli_drop_0_25,reruns\grid_density\scenarios\cv\known_visit_grid34_targets10_trials50.csv,04,48,1,0,49,0,5,6,1,2,20.0,2,0,165,98,67,967,226,45,34.411,0.764688888888889,0.6985,1.2213,1.2775,7.4608,0.16579555555555556,0.1002,0.4911,0.5632,45,26.9502,0.5988933333333333,0.5906,0.7471,0.7786,completed
8,known_visit,ACBBA,bernoulli,drop_0.25,34,1156,9,10,acbba_g34_d140_bernoulli_drop_0_25,reruns\grid_density\scenarios\cv\known_visit_grid34_targets10_trials50.csv,05,41,0,1,25,17,2,0,0,0,0.0,0,0,149,86,63,992,217,64,51.4283,0.8035671875,0.7463,1.1451,1.3195,10.574300000000001,0.16522343750000001,0.13169999999999998,0.4481,0.5957,64,40.854,0.63834375,0.6204000000000001,0.7448,0.8201,completed
8,known_visit,ACBBA,bernoulli,drop_0.25,34,1156,9,10,acbba_g34_d140_bernoulli_drop_0_25,reruns\grid_density\scenarios\cv\known_visit_grid34_targets10_trials50.csv,06,28,1,0,29,0,2,0,0,0,0.0,0,0,122,58,64,1027,209,107,78.7913,0.7363672897196263,0.7118,0.9933,1.3021,14.0557,0.13136168224299066,0.1125,0.2218,0.5943,107,64.7356,0.6050056074766356,0.5998,0.7158,0.8232,completed
8,known_visit,ACBBA,bernoulli,drop_0.25,34,1156,9,10,acbba_g34_d140_bernoulli_drop_0_25,reruns\grid_density\scenarios\cv\known_visit_grid34_targets10_trials50.csv,07,30,2,1,28,3,4,0,0,0,0.0,0,0,126,62,64,1007,225,99,73.0035,0.7374090909090909,0.7052,1.1375,1.2972,13.5264,0.13663030303030305,0.1085,0.4457,0.5165,99,59.4771,0.6007787878787879,0.5937,0.7294,0.7988,completed
8,known_visit,ACBBA,bernoulli,drop_0.25,34,1156,9,10,acbba_g34_d140_bernoulli_drop_0_25,reruns\grid_density\scenarios\cv\known_visit_grid34_targets10_trials50.csv,08,47,1,0,46,2,2,6,1,2,20.0,2,0,168,100,68,996,194,46,41.4174,0.9003782608695652,0.8906499999999999,1.1484,1.2524,10.0688,0.21888695652173912,0.1879,0.438,0.4975,46,31.3486,0.6814913043478261,0.68025,0.8006,0.9101,completed
9,known_visit,ACBBA,bernoulli,drop_0.25,34,1156,9,10,acbba_g34_d140_bernoulli_drop_0_25,reruns\grid_density\scenarios\cv\known_visit_grid34_targets10_trials50.csv,00,26,2,0,27,0,0,0,0,0,0.0,0,0,115,55,60,955,208,88,74.6213,0.8479693181818182,0.789,1.0652,1.3302,14.7486,0.16759772727272726,0.12575,0.2431,0.5469,88,59.8727,0.6803715909090909,0.66065,0.8201,0.8471,completed
9,known_visit,ACBBA,bernoulli,drop_0.25,34,1156,9,10,acbba_g34_d140_bernoulli_drop_0_25,reruns\grid_density\scenarios\cv\known_visit_grid34_targets10_trials50.csv,01,35,0,2,25,11,4,0,0,0,0.0,0,0,140,74,66,937,200,58,50.836,0.8764827586206896,0.8419000000000001,1.3344,1.3866,11.4857,0.19802931034482757,0.15155000000000002,0.5253,0.5833,58,39.3503,0.6784534482758621,0.68985,0.8315,0.8492,completed
9,known_visit,ACBBA,bernoulli,drop_0.25,34,1156,9,10,acbba_g34_d140_bernoulli_drop_0_25,reruns\grid_density\scenarios\cv\known_visit_grid34_targets10_trials50.csv,02,31,3,0,32,0,0,0,0,0,0.0,0,0,126,66,60,957,194,74,60.4523,0.816922972972973,0.79515,1.2226,1.3443,12.3053,0.16628783783783785,0.1325,0.4179,0.5449,74,48.147,0.6506351351351352,0.65725,0.8481,0.9545,completed
9,known_visit,ACBBA,bernoulli,drop_0.25,34,1156,9,10,acbba_g34_d140_bernoulli_drop_0_25,reruns\grid_density\scenarios\cv\known_visit_grid34_targets10_trials50.csv,03,40,1,2,26,15,5,0,0,0,0.0,0,0,147,84,63,925,206,45,47.0356,1.0452355555555557,1.0111,1.2887,1.4698,11.1636,0.24808000000000002,0.2197,0.4741,0.6122,45,35.872,0.7971555555555555,0.7904,0.8576,0.9947,completed
9,known_visit,ACBBA,bernoulli,drop_0.25,34,1156,9,10,acbba_g34_d140_bernoulli_drop_0_25,reruns\grid_density\scenarios\cv\known_visit_grid34_targets10_trials50.csv,04,50,0,0,41,10,2,5,5,0,0.0,0,0,165,101,64,933,179,11,12.2578,1.1143454545454545,1.1125,1.3662,1.3662,3.8859,0.35326363636363634,0.3485,0.5438,0.5438,11,8.3719,0.7610818181818182,0.7725,0.873,0.873,completed
9,known_visit,ACBBA,bernoulli,drop_0.25,34,1156,9,10,acbba_g34_d140_bernoulli_drop_0_25,reruns\grid_density\scenarios\cv\known_visit_grid34_targets10_trials50.csv,05,50,0,0,44,7,1,1,1,0,0.0,0,0,167,102,65,915,196,7,7.6619,1.0945571428571428,1.0596,1.2937,1.2937,2.4464,0.3494857142857143,0.3484,0.5314,0.5314,7,5.2155000000000005,0.7450714285714286,0.7598,0.8242,0.8242,completed
9,known_visit,ACBBA,bernoulli,drop_0.25,34,1156,9,10,acbba_g34_d140_bernoulli_drop_0_25,reruns\grid_density\scenarios\cv\known_visit_grid34_targets10_trials50.csv,06,40,2,0,41,0,4,3,1,1,5.0,1,0,151,84,67,918,208,43,42.926,0.9982790697674419,0.9491,1.3384,1.4483,9.6207,0.22373720930232557,0.1792,0.5552,0.565,43,33.3053,0.7745418604651163,0.7678,0.8833,0.9118,completed
9,known_visit,ACBBA,bernoulli,drop_0.25,34,1156,9,10,acbba_g34_d140_bernoulli_drop_0_25,reruns\grid_density\scenarios\cv\known_visit_grid34_targets10_trials50.csv,07,41,2,0,42,0,5,0,0,0,0.0,0,0,151,84,67,920,206,41,32.0654,0.7820829268292682,0.7465,1.3002,1.3197,7.2013,0.17564146341463413,0.1185,0.4759,0.5081,41,24.8641,0.6064414634146341,0.6169,0.7932,0.8549,completed
9,known_visit,ACBBA,bernoulli,drop_0.25,34,1156,9,10,acbba_g34_d140_bernoulli_drop_0_25,reruns\grid_density\scenarios\cv\known_visit_grid34_targets10_trials50.csv,08,24,0,0,23,2,5,0,0,0,0.0,0,0,116,52,64,950,211,97,85.0224,0.8765195876288661,0.8557,1.1852,1.2659,16.7918,0.17311134020618554,0.1593,0.3854,0.4985,97,68.2306,0.7034082474226804,0.6945,0.8661,0.9287,completed
10,known_visit,ACBBA,bernoulli,drop_0.25,34,1156,9,10,acbba_g34_d140_bernoulli_drop_0_25,reruns\grid_density\scenarios\cv\known_visit_grid34_targets10_trials50.csv,00,21,0,1,20,2,0,0,0,0,0.0,0,0,99,44,55,834,188,65,47.3566,0.728563076923077,0.6981,0.9953,1.2223,8.6893,0.13368153846153846,0.1114,0.2269,0.52,65,38.6673,0.5948815384615385,0.593,0.7159,0.8275,completed
10,known_visit,ACBBA,bernoulli,drop_0.25,34,1156,9,10,acbba_g34_d140_bernoulli_drop_0_25,reruns\grid_density\scenarios\cv\known_visit_grid34_targets10_trials50.csv,01,39,2,0,40,0,1,0,0,0,0.0,0,0,141,79,62,767,214,10,9.3464,0.9346399999999999,0.9135,1.2949,1.2949,2.8191,0.28191,0.22920000000000001,0.5141,0.5141,10,6.5273,0.65273,0.6415500000000001,0.8116,0.8116,completed
10,known_visit,ACBBA,bernoulli,drop_0.25,34,1156,9,10,acbba_g34_d140_bernoulli_drop_0_25,reruns\grid_density\scenarios\cv\known_visit_grid34_targets10_trials50.csv,02,21,1,0,22,0,4,0,0,0,0.0,0,0,118,45,73,806,197,70,55.3652,0.7909314285714286,0.7578,1.1438,1.4211,11.711,0.1673,0.12325,0.4924,0.6551,70,43.6542,0.6236314285714286,0.633,0.7738,0.8021,completed
10,known_visit,ACBBA,bernoulli,drop_0.25,34,1156,9,10,acbba_g34_d140_bernoulli_drop_0_25,reruns\grid_density\scenarios\cv\known_visit_grid34_targets10_trials50.csv,03,21,2,0,22,0,0,0,0,0,0.0,0,0,109,45,64,807,205,64,46.6523,0.7289421875,0.7027,1.0794,1.1857,8.6514,0.135178125,0.1133,0.3594,0.455,64,38.0009,0.5937640625,0.59575,0.7062,0.8263,completed
10,known_visit,ACBBA,bernoulli,drop_0.25,34,1156,9,10,acbba_g34_d140_bernoulli_drop_0_25,reruns\grid_density\scenarios\cv\known_visit_grid34_targets10_trials50.csv,04,38,1,1,36,3,4,3,1,1,5.0,1,0,157,78,79,797,167,12,11.7779,0.9814916666666668,0.9621500000000001,1.3662,1.3662,3.8509,0.32090833333333335,0.2728,0.5389,0.5389,12,7.927,0.6605833333333333,0.6515500000000001,0.8273,0.8273,completed
10,known_visit,ACBBA,bernoulli,drop_0.25,34,1156,9,10,acbba_g34_d140_bernoulli_drop_0_25,reruns\grid_density\scenarios\cv\known_visit_grid34_targets10_trials50.csv,05,17,0,1,15,3,2,1,1,0,0.0,0,0,109,39,70,825,188,79,62.5049,0.7912012658227848,0.7582,1.1272,1.4447,12.7873,0.1618645569620253,0.1224,0.446,0.5605,79,49.7176,0.6293367088607594,0.6305,0.8123,0.8855,completed
10,known_visit,ACBBA,bernoulli,drop_0.25,34,1156,9,10,acbba_g34_d140_bernoulli_drop_0_25,reruns\grid_density\scenarios\cv\known_visit_grid34_targets10_trials50.csv,06,28,2,0,29,0,1,0,0,0,0.0,0,0,137,58,79,798,186,44,33.2371,0.7553886363636363,0.70285,1.0772,1.3929,6.9385,0.15769318181818182,0.12495,0.4625,0.5416,44,26.2986,0.5976954545454546,0.5734,0.7244,0.8513,completed
10,known_visit,ACBBA,bernoulli,drop_0.25,34,1156,9,10,acbba_g34_d140_bernoulli_drop_0_25,reruns\grid_density\scenarios\cv\known_visit_grid34_targets10_trials50.csv,07,23,2,0,24,0,0,0,0,0,0.0,0,0,114,48,66,813,195,61,45.0493,0.7385131147540984,0.6834,1.1346,1.4613,8.9725,0.14709016393442623,0.1077,0.4712,0.62,61,36.0768,0.5914229508196721,0.5648,0.7758,0.8413,completed
10,known_visit,ACBBA,bernoulli,drop_0.25,34,1156,9,10,acbba_g34_d140_bernoulli_drop_0_25,reruns\grid_density\scenarios\cv\known_visit_grid34_targets10_trials50.csv,08,32,0,1,17,16,5,0,0,0,0.0,0,0,138,68,70,815,169,35,32.562,0.930342857142857,0.8908,1.3324,1.3702,9.2318,0.26376571428571427,0.223,0.542,0.5767,35,23.3302,0.6665771428571429,0.6573,0.8169,0.8499,completed
11,known_visit,ACBBA,bernoulli,drop_0.25,34,1156,9,10,acbba_g34_d140_bernoulli_drop_0_25,reruns\grid_density\scenarios\cv\known_visit_grid34_targets10_trials50.csv,00,32,1,1,32,1,0,3,1,1,5.0,1,0,130,66,64,724,189,21,19.701999999999998,0.9381904761904761,0.9186,1.1761,1.3077,4.6584,0.22182857142857143,0.1763,0.3513,0.5525,21,15.0436,0.7163619047619048,0.7197,0.7976,0.8469,completed
11,known_visit,ACBBA,bernoulli,drop_0.25,34,1156,9,10,acbba_g34_d140_bernoulli_drop_0_25,reruns\grid_density\scenarios\cv\known_visit_grid34_targets10_trials50.csv,01,26,1,0,26,1,1,0,0,0,0.0,0,0,113,56,57,738,192,39,33.3469,0.855048717948718,0.8669,1.239,1.3282,7.1302,0.18282564102564103,0.1712,0.4951,0.5321,39,26.2167,0.6722230769230769,0.689,0.8041,0.8481,completed
11,known_visit,ACBBA,bernoulli,drop_0.25,34,1156,9,10,acbba_g34_d140_bernoulli_drop_0_25,reruns\grid_density\scenarios\cv\known_visit_grid34_targets10_trials50.csv,02,23,1,0,24,0,1,2,1,0,0.0,0,0,107,49,58,769,167,52,42.7254,0.8216423076923077,0.79625,1.0316,1.3216,8.1804,0.15731538461538463,0.13865,0.289,0.5432,52,34.545,0.6643269230769231,0.6609499999999999,0.8132,0.8782,completed
11,known_visit,ACBBA,bernoulli,drop_0.25,34,1156,9,10,acbba_g34_d140_bernoulli_drop_0_25,reruns\grid_density\scenarios\cv\known_visit_grid34_targets10_trials50.csv,03,36,2,0,35,2,2,0,0,0,0.0,0,0,133,73,60,724,186,10,10.3645,1.0364499999999999,1.0162499999999999,1.3169,1.3169,3.2645,0.32645,0.28559999999999997,0.5333,0.5333,10,7.1,0.71,0.7372,0.806,0.806,completed
11,known_visit,ACBBA,bernoulli,drop_0.25,34,1156,9,10,acbba_g34_d140_bernoulli_drop_0_25,reruns\grid_density\scenarios\cv\known_visit_grid34_targets10_trials50.csv,04,24,0,2,19,6,3,0,0,0,0.0,0,0,109,51,58,734,201,49,42.0101,0.8573489795918368,0.8062,1.2884,1.381,8.9041,0.18171632653061223,0.1353,0.5211,0.53,49,33.106,0.6756326530612246,0.6621,0.8087,0.8515,completed
11,known_visit,ACBBA,bernoulli,drop_0.25,34,1156,9,10,acbba_g34_d140_bernoulli_drop_0_25,reruns\grid_density\scenarios\cv\known_visit_grid34_targets10_trials50.csv,05,19,1,0,19,1,4,0,0,0,0.0,0,0,104,41,63,753,187,67,57.7995,0.862679104477612,0.8036,1.3268,1.3845,12.2395,0.18267910447761193,0.1387,0.5203,0.5627,67,45.56,0.68,0.6652,0.7974,0.8627,completed
11,known_visit,ACBBA,bernoulli,drop_0.25,34,1156,9,10,acbba_g34_d140_bernoulli_drop_0_25,reruns\grid_density\scenarios\cv\known_visit_grid34_targets10_trials50.csv,06,36,4,0,35,2,0,1,1,0,0.0,0,0,129,74,55,713,202,12,12.6769,1.0564083333333334,1.0989,1.3925,1.3925,3.8985,0.32487499999999997,0.35005,0.5162,0.5162,12,8.7784,0.7315333333333333,0.7425999999999999,0.904,0.904,completed
11,known_visit,ACBBA,bernoulli,drop_0.25,34,1156,9,10,acbba_g34_d140_bernoulli_drop_0_25,reruns\grid_density\scenarios\cv\known_visit_grid34_targets10_trials50.csv,07,24,0,2,23,2,1,1,1,0,0.0,0,0,118,53,65,757,168,45,39.0043,0.8667622222222222,0.8508,1.2592,1.3109,8.945500000000001,0.1987888888888889,0.1629,0.4872,0.5576,45,30.0588,0.6679733333333334,0.6892,0.7898,0.8098,completed
11,known_visit,ACBBA,bernoulli,drop_0.25,34,1156,9,10,acbba_g34_d140_bernoulli_drop_0_25,reruns\grid_density\scenarios\cv\known_visit_grid34_targets10_trials50.csv,08,18,0,1,15,4,3,0,0,0,0.0,0,0,102,40,62,737,206,67,58.0723,0.8667507462686567,0.8657,1.1518,1.304,12.1243,0.18095970149253732,0.158,0.3995,0.5481,67,45.948,0.6857910447761194,0.7059,0.7743,0.7948,completed
12,known_visit,ACBBA,bernoulli,drop_0.25,34,1156,9,10,acbba_g34_d140_bernoulli_drop_0_25,reruns\grid_density\scenarios\cv\known_visit_grid34_targets10_trials50.csv,00,23,2,0,24,0,1,0,0,0,0.0,0,0,121,51,70,944,251,130,101.4138,0.7801061538461538,0.72995,1.0681,1.3703,17.4112,0.1339323076923077,0.10245,0.2457,0.619,130,84.0026,0.6461738461538462,0.62175,0.7648,0.8224,completed
12,known_visit,ACBBA,bernoulli,drop_0.25,34,1156,9,10,acbba_g34_d140_bernoulli_drop_0_25,reruns\grid_density\scenarios\cv\known_visit_grid34_targets10_trials50.csv,01,13,0,0,14,0,3,0,0,0,0.0,0,0,102,31,71,991,223,163,132.125,0.8105828220858896,0.743,1.0362,1.3233,24.0448,0.14751411042944784,0.1136,0.2457,0.5412,163,108.0802,0.6630687116564418,0.6314,0.776,0.9942,completed
12,known_visit,ACBBA,bernoulli,drop_0.25,34,1156,9,10,acbba_g34_d140_bernoulli_drop_0_25,reruns\grid_density\scenarios\cv\known_visit_grid34_targets10_trials50.csv,02,23,1,0,24,0,1,0,0,0,0.0,0,0,126,50,76,990,201,129,99.6792,0.772706976744186,0.7446,0.9662,1.3048,16.8921,0.13094651162790696,0.114,0.2359,0.5494,129,82.7871,0.641760465116279,0.6299,0.7349,0.8328,completed
12,known_visit,ACBBA,bernoulli,drop_0.25,34,1156,9,10,acbba_g34_d140_bernoulli_drop_0_25,reruns\grid_density\scenarios\cv\known_visit_grid34_targets10_trials50.csv,03,58,1,2,53,6,2,0,0,0,0.0,0,0,192,117,75,932,193,11,11.8261,1.0751,1.2179,1.3239,1.3239,3.7454,0.3404909090909091,0.4488,0.5677,0.5677,11,8.0807,0.7346090909090909,0.7517,0.8535,0.8535,completed
12,known_visit,ACBBA,bernoulli,drop_0.25,34,1156,9,10,acbba_g34_d140_bernoulli_drop_0_25,reruns\grid_density\scenarios\cv\known_visit_grid34_targets10_trials50.csv,04,39,0,2,37,3,3,0,0,0,0.0,0,0,150,81,69,967,199,74,58.5169,0.7907689189189189,0.71915,1.2249,1.3138,10.646,0.14386486486486488,0.0985,0.4813,0.5578,74,47.8709,0.646904054054054,0.62,0.7743,0.8207,completed
12,known_visit,ACBBA,bernoulli,drop_0.25,34,1156,9,10,acbba_g34_d140_bernoulli_drop_0_25,reruns\grid_density\scenarios\cv\known_visit_grid34_targets10_trials50.csv,05,36,2,1,30,7,3,0,0,0,0.0,0,0,139,74,65,962,215,86,66.5758,0.7741372093023255,0.74115,1.1801,1.3234,11.6685,0.13568023255813955,0.1121,0.4442,0.5725,86,54.9073,0.638456976744186,0.6273500000000001,0.7494,0.7891,completed
12,known_visit,ACBBA,bernoulli,drop_0.25,34,1156,9,10,acbba_g34_d140_bernoulli_drop_0_25,reruns\grid_density\scenarios\cv\known_visit_grid34_targets10_trials50.csv,06,45,1,1,41,5,2,2,1,1,5.0,1,0,178,96,82,928,211,49,43.722,0.8922857142857143,0.8032,1.1977,1.525,9.451600000000001,0.19288979591836736,0.1398,0.4906,0.6741,49,34.2704,0.6993959183673469,0.6621,0.8259,0.8679,completed
12,known_visit,ACBBA,bernoulli,drop_0.25,34,1156,9,10,acbba_g34_d140_bernoulli_drop_0_25,reruns\grid_density\scenarios\cv\known_visit_grid34_targets10_trials50.csv,07,17,1,0,16,2,4,1,1,0,0.0,0,0,113,41,72,976,228,143,113.8442,0.7961132867132867,0.753,1.0111,1.3203,19.7376,0.13802517482517482,0.1146,0.2173,0.5652,143,94.1066,0.6580881118881119,0.6325,0.7884,0.8484,completed
12,known_visit,ACBBA,bernoulli,drop_0.25,34,1156,9,10,acbba_g34_d140_bernoulli_drop_0_25,reruns\grid_density\scenarios\cv\known_visit_grid34_targets10_trials50.csv,08,58,2,0,59,0,6,0,0,0,0.0,0,0,197,118,79,924,196,15,16.4347,1.0956466666666667,1.1037,1.433,1.433,5.4291,0.36194,0.4305,0.6041,0.6041,15,11.0056,0.7337066666666666,0.7345,0.8289,0.8289,completed
13,known_visit,ACBBA,bernoulli,drop_0.25,34,1156,9,10,acbba_g34_d140_bernoulli_drop_0_25,reruns\grid_density\scenarios\cv\known_visit_grid34_targets10_trials50.csv,00,33,1,1,27,7,1,0,0,0,0.0,0,0,136,68,68,786,186,22,21.986,0.9993636363636363,0.9483,1.2805,1.2995,5.8662,0.2666454545454546,0.1953,0.5063,0.5638,22,16.1198,0.7327181818181819,0.73335,0.764,0.8182,completed
13,known_visit,ACBBA,bernoulli,drop_0.25,34,1156,9,10,acbba_g34_d140_bernoulli_drop_0_25,reruns\grid_density\scenarios\cv\known_visit_grid34_targets10_trials50.csv,01,38,3,0,39,0,2,0,0,0,0.0,0,0,147,77,70,766,196,12,12.3378,1.02815,1.0326499999999998,1.369,1.369,3.963,0.33025,0.31784999999999997,0.5883,0.5883,12,8.3748,0.6979000000000001,0.7135,0.7807,0.7807,completed
13,known_visit,ACBBA,bernoulli,drop_0.25,34,1156,9,10,acbba_g34_d140_bernoulli_drop_0_25,reruns\grid_density\scenarios\cv\known_visit_grid34_targets10_trials50.csv,02,19,1,0,17,3,3,0,0,0,0.0,0,0,106,40,66,794,208,67,59.6022,0.8895850746268658,0.8676,1.2943,1.3607,13.2301,0.1974641791044776,0.1737,0.5528,0.585,67,46.3721,0.6921208955223881,0.6871,0.7551,0.8144,completed
13,known_visit,ACBBA,bernoulli,drop_0.25,34,1156,9,10,acbba_g34_d140_bernoulli_drop_0_25,reruns\grid_density\scenarios\cv\known_visit_grid34_targets10_trials50.csv,03,35,0,1,26,10,5,0,0,0,0.0,0,0,135,72,63,772,201,19,17.67,0.93,0.8649,1.3124,1.3124,4.8552,0.2555368421052632,0.1826,0.5725,0.5725,19,12.8148,0.6744631578947369,0.6653,0.7816,0.7816,completed
13,known_visit,ACBBA,bernoulli,drop_0.25,34,1156,9,10,acbba_g34_d140_bernoulli_drop_0_25,reruns\grid_density\scenarios\cv\known_visit_grid34_targets10_trials50.csv,04,18,1,0,19,0,1,0,0,0,0.0,0,0,96,39,57,819,193,68,54.3852,0.7997823529411764,0.78875,0.989,1.2858,10.4224,0.1532705882352941,0.13574999999999998,0.2513,0.5526,68,43.9628,0.6465117647058823,0.6507,0.7228,0.8891,completed
13,known_visit,ACBBA,bernoulli,drop_0.25,34,1156,9,10,acbba_g34_d140_bernoulli_drop_0_25,reruns\grid_density\scenarios\cv\known_visit_grid34_targets10_trials50.csv,05,38,2,0,39,0,2,0,0,0,0.0,0,0,148,77,71,779,181,11,11.024000000000001,1.0021818181818183,0.9464,1.4616,1.4616,3.302,0.30018181818181816,0.272,0.5681,0.5681,11,7.722,0.7020000000000001,0.6931,0.9193,0.9193,completed
13,known_visit,ACBBA,bernoulli,drop_0.25,34,1156,9,10,acbba_g34_d140_bernoulli_drop_0_25,reruns\grid_density\scenarios\cv\known_visit_grid34_targets10_trials50.csv,06,33,1,0,34,0,2,0,0,0,0.0,0,0,128,68,60,769,211,27,26.5778,0.984362962962963,0.9905,1.2867,1.3,7.3417,0.27191481481481483,0.2489,0.5372,0.538,27,19.2361,0.7124481481481482,0.7158,0.762,0.8314,completed
13,known_visit,ACBBA,bernoulli,drop_0.25,34,1156,9,10,acbba_g34_d140_bernoulli_drop_0_25,reruns\grid_density\scenarios\cv\known_visit_grid34_targets10_trials50.csv,07,7,0,0,8,0,4,0,0,0,0.0,0,0,79,19,60,846,183,111,97.0417,0.8742495495495496,0.8589,1.1522,1.3108,21.5478,0.1941243243243243,0.1715,0.4462,0.566,111,75.4939,0.6801252252252252,0.6847,0.7617,0.842,completed
13,known_visit,ACBBA,bernoulli,drop_0.25,34,1156,9,10,acbba_g34_d140_bernoulli_drop_0_25,reruns\grid_density\scenarios\cv\known_visit_grid34_targets10_trials50.csv,08,38,1,0,37,2,0,0,0,0,0.0,0,0,134,77,57,800,174,10,9.5841,0.95841,0.9557,1.2684,1.2684,2.7671,0.27671,0.26105,0.5319,0.5319,10,6.817,0.6817,0.69465,0.7924,0.7924,completed
14,known_visit,ACBBA,bernoulli,drop_0.25,34,1156,9,10,acbba_g34_d140_bernoulli_drop_0_25,reruns\grid_density\scenarios\cv\known_visit_grid34_targets10_trials50.csv,00,32,1,0,33,0,1,0,0,0,0.0,0,0,130,68,62,1010,180,82,67.2901,0.820610975609756,0.77685,1.016,1.1889,11.8051,0.14396463414634145,0.1201,0.2251,0.4188,82,55.485,0.6766463414634146,0.6374,0.8092,0.8366,completed
14,known_visit,ACBBA,bernoulli,drop_0.25,34,1156,9,10,acbba_g34_d140_bernoulli_drop_0_25,reruns\grid_density\scenarios\cv\known_visit_grid34_targets10_trials50.csv,01,43,1,1,32,12,1,0,0,0,0.0,0,0,153,88,65,947,220,48,45.9221,0.9567104166666667,0.9672000000000001,1.1759,1.2875,11.498,0.23954166666666665,0.2296,0.3815,0.5326,48,34.4241,0.71716875,0.68565,0.8738,0.9125,completed
14,known_visit,ACBBA,bernoulli,drop_0.25,34,1156,9,10,acbba_g34_d140_bernoulli_drop_0_25,reruns\grid_density\scenarios\cv\known_visit_grid34_targets10_trials50.csv,02,33,0,1,33,1,4,0,0,0,0.0,0,0,135,70,65,965,219,81,68.3923,0.8443493827160494,0.7828,1.2294,1.3856,13.4545,0.16610493827160494,0.1227,0.4167,0.5868,81,54.9378,0.6782444444444444,0.6392,0.8072,0.8914,completed
14,known_visit,ACBBA,bernoulli,drop_0.25,34,1156,9,10,acbba_g34_d140_bernoulli_drop_0_25,reruns\grid_density\scenarios\cv\known_visit_grid34_targets10_trials50.csv,03,36,1,2,24,13,4,0,0,0,0.0,0,0,147,77,70,969,204,71,70.1534,0.9880760563380282,0.9825,1.2728,1.7297,16.3059,0.2296605633802817,0.218,0.3999,0.549,71,53.847500000000004,0.7584154929577466,0.7778,0.9164,1.4661,completed
14,known_visit,ACBBA,bernoulli,drop_0.25,34,1156,9,10,acbba_g34_d140_bernoulli_drop_0_25,reruns\grid_density\scenarios\cv\known_visit_grid34_targets10_trials50.csv,04,53,3,0,54,0,3,0,0,0,0.0,0,0,172,107,65,939,208,10,10.8525,1.0852499999999998,1.1572,1.2803,1.2803,3.6316,0.36316000000000004,0.3929,0.4967,0.4967,10,7.2209,0.72209,0.7453000000000001,0.8234,0.8234,completed
14,known_visit,ACBBA,bernoulli,drop_0.25,34,1156,9,10,acbba_g34_d140_bernoulli_drop_0_25,reruns\grid_density\scenarios\cv\known_visit_grid34_targets10_trials50.csv,05,52,1,0,50,3,4,1,1,0,0.0,0,0,174,106,68,927,218,16,17.6935,1.10584375,1.1599,1.3709,1.3709,5.6143,0.35089375,0.4149,0.5239,0.5239,16,12.0792,0.75495,0.74595,0.8763,0.8763,completed
14,known_visit,ACBBA,bernoulli,drop_0.25,34,1156,9,10,acbba_g34_d140_bernoulli_drop_0_25,reruns\grid_density\scenarios\cv\known_visit_grid34_targets10_trials50.csv,06,26,0,0,26,1,2,2,2,0,0.0,0,0,129,57,72,983,207,102,90.1624,0.8839450980392157,0.88575,1.1323,1.3689,20.0628,0.19669411764705882,0.208,0.3386,0.5309,102,70.0996,0.6872509803921568,0.66595,0.8301,0.9473,completed
14,known_visit,ACBBA,bernoulli,drop_0.25,34,1156,9,10,acbba_g34_d140_bernoulli_drop_0_25,reruns\grid_density\scenarios\cv\known_visit_grid34_targets10_trials50.csv,07,38,1,0,33,6,2,1,1,0,0.0,0,0,148,81,67,977,194,60,49.4733,0.824555,0.7295,1.0841,1.346,9.6198,0.16033,0.11025,0.3626,0.5023,60,39.8535,0.664225,0.6273500000000001,0.8133,0.9135,completed
14,known_visit,ACBBA,bernoulli,drop_0.25,34,1156,9,10,acbba_g34_d140_bernoulli_drop_0_25,reruns\grid_density\scenarios\cv\known_visit_grid34_targets10_trials50.csv,08,34,2,0,35,0,1,0,0,0,0.0,0,0,132,71,61,967,220,73,63.4539,0.869231506849315,0.8423,1.0741,1.2618,11.9413,0.16357945205479452,0.1512,0.3567,0.5423,73,51.5126,0.7056520547945205,0.693,0.8036,0.913,completed
15,known_visit,ACBBA,bernoulli,drop_0.25,34,1156,9,10,acbba_g34_d140_bernoulli_drop_0_25,reruns\grid_density\scenarios\cv\known_visit_grid34_targets10_trials50.csv,00,51,3,0,47,5,1,0,0,0,0.0,0,0,178,104,74,1102,246,22,17.8683,0.8121954545454546,0.69015,1.2077,1.2984,4.3341,0.19700454545454546,0.09765,0.5159,0.5493,22,13.5342,0.6151909090909091,0.58925,0.752,0.8581,completed
15,known_visit,ACBBA,bernoulli,drop_0.25,34,1156,9,10,acbba_g34_d140_bernoulli_drop_0_25,reruns\grid_density\scenarios\cv\known_visit_grid34_targets10_trials50.csv,01,54,2,0,55,0,4,0,0,0,0.0,0,0,196,112,84,1107,224,15,13.4666,0.8977733333333333,0.8098,1.3107,1.3107,3.9621,0.26414,0.2037,0.5258,0.5258,15,9.5045,0.6336333333333334,0.6618,0.8005,0.8005,completed
15,known_visit,ACBBA,bernoulli,drop_0.25,34,1156,9,10,acbba_g34_d140_bernoulli_drop_0_25,reruns\grid_density\scenarios\cv\known_visit_grid34_targets10_trials50.csv,02,27,1,0,28,0,2,0,0,0,0.0,0,0,133,56,77,1124,269,103,78.9371,0.7663796116504854,0.7554,0.8868,1.2649,14.0505,0.1364126213592233,0.1219,0.2489,0.5087,103,64.8866,0.6299669902912621,0.6288,0.7195,0.7562,completed
15,known_visit,ACBBA,bernoulli,drop_0.25,34,1156,9,10,acbba_g34_d140_bernoulli_drop_0_25,reruns\grid_density\scenarios\cv\known_visit_grid34_targets10_trials50.csv,03,27,0,0,28,0,6,2,2,0,0.0,0,0,136,60,76,1127,263,101,77.9929,0.7722069306930693,0.7448,0.8738,1.3898,14.379,0.14236633663366335,0.1191,0.2503,0.5722,101,63.6139,0.629840594059406,0.6264,0.7244,0.842,completed
15,known_visit,ACBBA,bernoulli,drop_0.25,34,1156,9,10,acbba_g34_d140_bernoulli_drop_0_25,reruns\grid_density\scenarios\cv\known_visit_grid34_targets10_trials50.csv,04,53,0,1,43,11,3,3,3,0,0.0,0,0,184,110,74,1075,268,11,10.0541,0.9140090909090909,0.8496,1.1988,1.1988,3.1066000000000003,0.28241818181818185,0.3003,0.5039,0.5039,11,6.9475,0.6315909090909091,0.6501,0.7329,0.7329,completed
15,known_visit,ACBBA,bernoulli,drop_0.25,34,1156,9,10,acbba_g34_d140_bernoulli_drop_0_25,reruns\grid_density\scenarios\cv\known_visit_grid34_targets10_trials50.csv,05,44,1,1,36,9,4,0,0,0,0.0,0,0,186,91,95,1097,243,44,40.7214,0.9254863636363637,0.9468,1.1729,1.2517,9.0938,0.20667727272727274,0.17975,0.4921,0.5178,44,31.6276,0.718809090909091,0.71395,0.8317,0.9683,completed
15,known_visit,ACBBA,bernoulli,drop_0.25,34,1156,9,10,acbba_g34_d140_bernoulli_drop_0_25,reruns\grid_density\scenarios\cv\known_visit_grid34_targets10_trials50.csv,06,33,1,0,31,3,6,1,1,0,0.0,0,0,149,70,79,1119,259,80,65.4269,0.81783625,0.7984500000000001,1.0596,1.1726,13.1915,0.16489375,0.14425,0.3047,0.4891,80,52.2354,0.6529425,0.6499999999999999,0.7492,0.8452,completed
15,known_visit,ACBBA,bernoulli,drop_0.25,34,1156,9,10,acbba_g34_d140_bernoulli_drop_0_25,reruns\grid_density\scenarios\cv\known_visit_grid34_targets10_trials50.csv,07,52,0,1,50,3,6,7,7,0,0.0,0,0,206,109,97,1088,232,14,14.764899999999999,1.0546357142857141,1.11005,1.3389,1.3389,5.2614,0.3758142857142857,0.368,0.5611,0.5611,14,9.5035,0.6788214285714286,0.6731,0.8434,0.8434,completed
15,known_visit,ACBBA,bernoulli,drop_0.25,34,1156,9,10,acbba_g34_d140_bernoulli_drop_0_25,reruns\grid_density\scenarios\cv\known_visit_grid34_targets10_trials50.csv,08,37,2,0,38,0,1,0,0,0,0.0,0,0,159,76,83,1125,242,68,53.2338,0.78285,0.74335,1.0811,1.2558,10.3255,0.15184558823529412,0.12675,0.3086,0.5309,68,42.9083,0.6310044117647058,0.6214,0.7191,0.7725,completed
16,known_visit,ACBBA,bernoulli,drop_0.25,34,1156,9,10,acbba_g34_d140_bernoulli_drop_0_25,reruns\grid_density\scenarios\cv\known_visit_grid34_targets10_trials50.csv,00,37,0,2,30,8,0,0,0,0,0.0,0,0,130,75,55,690,156,8,8.0562,1.007025,1.0258,1.1844,1.1844,2.4045,0.3005625,0.2975,0.4553,0.4553,8,5.6517,0.7064625,0.6992,0.8014,0.8014,completed
16,known_visit,ACBBA,bernoulli,drop_0.25,34,1156,9,10,acbba_g34_d140_bernoulli_drop_0_25,reruns\grid_density\scenarios\cv\known_visit_grid34_targets10_trials50.csv,01,30,1,0,31,0,1,0,0,0,0.0,0,0,116,63,53,683,178,31,26.458,0.8534838709677419,0.8178,1.1541,1.1658,5.5398,0.1787032258064516,0.1415,0.4654,0.4679,31,20.9182,0.6747806451612903,0.6561,0.7462,0.7951,completed
16,known_visit,ACBBA,bernoulli,drop_0.25,34,1156,9,10,acbba_g34_d140_bernoulli_drop_0_25,reruns\grid_density\scenarios\cv\known_visit_grid34_targets10_trials50.csv,02,31,3,0,30,2,2,0,0,0,0.0,0,0,116,64,52,703,157,32,24.9625,0.780078125,0.6958500000000001,1.199,1.2063,4.9154,0.15360625,0.09775,0.5106,0.5173,32,20.0471,0.626471875,0.6018,0.7346,0.7364,completed
16,known_visit,ACBBA,bernoulli,drop_0.25,34,1156,9,10,acbba_g34_d140_bernoulli_drop_0_25,reruns\grid_density\scenarios\cv\known_visit_grid34_targets10_trials50.csv,03,38,1,0,37,2,5,0,0,0,0.0,0,0,132,77,55,694,150,9,10.0684,1.1187111111111112,1.1332,1.4255,1.4255,3.4988,0.3887555555555556,0.3698,0.5572,0.5572,9,6.5696,0.7299555555555556,0.7033,0.8799,0.8799,completed
16,known_visit,ACBBA,bernoulli,drop_0.25,34,1156,9,10,acbba_g34_d140_bernoulli_drop_0_25,reruns\grid_density\scenarios\cv\known_visit_grid34_targets10_trials50.csv,04,6,0,0,7,0,1,0,0,0,0.0,0,0,61,14,47,737,178,112,94.8038,0.8464625,0.87425,1.0194,1.2178,18.3974,0.1642625,0.1679,0.2199,0.4983,112,76.4064,0.6822,0.70035,0.8073,0.8503,completed
16,known_visit,ACBBA,bernoulli,drop_0.25,34,1156,9,10,acbba_g34_d140_bernoulli_drop_0_25,reruns\grid_density\scenarios\cv\known_visit_grid34_targets10_trials50.csv,05,38,2,0,39,0,2,0,0,0,0.0,0,0,127,77,50,684,166,11,10.207,0.927909090909091,0.8483,1.201,1.201,2.5848,0.23498181818181818,0.1451,0.5057,0.5057,11,7.6222,0.6929272727272727,0.6986,0.7589,0.7589,completed
16,known_visit,ACBBA,bernoulli,drop_0.25,34,1156,9,10,acbba_g34_d140_bernoulli_drop_0_25,reruns\grid_density\scenarios\cv\known_visit_grid34_targets10_trials50.csv,06,14,2,0,15,0,0,0,0,0,0.0,0,0,81,32,49,740,156,85,73.0729,0.8596811764705883,0.8455,1.036,1.2187,14.924,0.17557647058823528,0.1635,0.233,0.5238,85,58.1489,0.684104705882353,0.6925,0.8004,0.8515,completed
16,known_visit,ACBBA,bernoulli,drop_0.25,34,1156,9,10,acbba_g34_d140_bernoulli_drop_0_25,reruns\grid_density\scenarios\cv\known_visit_grid34_targets10_trials50.csv,07,23,1,0,24,0,1,0,0,0,0.0,0,0,98,48,50,731,148,55,43.0542,0.7828036363636364,0.7661,1.0963,1.1758,7.9769,0.14503454545454544,0.13,0.3462,0.4651,55,35.0773,0.637769090909091,0.6353,0.7462,0.7697,completed
16,known_visit,ACBBA,bernoulli,drop_0.25,34,1156,9,10,acbba_g34_d140_bernoulli_drop_0_25,reruns\grid_density\scenarios\cv\known_visit_grid34_targets10_trials50.csv,08,30,0,2,27,4,2,3,1,1,5.0,1,0,116,63,53,685,175,33,27.1273,0.822039393939394,0.7233,1.2446,1.247,5.9601999999999995,0.1806121212121212,0.1137,0.5235,0.5255,33,21.1671,0.6414272727272727,0.6138,0.7841,0.8385,completed
17,known_visit,ACBBA,bernoulli,drop_0.25,34,1156,9,10,acbba_g34_d140_bernoulli_drop_0_25,reruns\grid_density\scenarios\cv\known_visit_grid34_targets10_trials50.csv,00,49,1,1,45,5,2,2,2,0,0.0,0,0,182,101,81,1002,222,117,87.2888,0.7460581196581196,0.7103,0.9584,1.2239,14.8422,0.12685641025641026,0.108,0.2921,0.5129,117,72.4466,0.6192017094017095,0.6027,0.7524,0.7757,completed
17,known_visit,ACBBA,bernoulli,drop_0.25,34,1156,9,10,acbba_g34_d140_bernoulli_drop_0_25,reruns\grid_density\scenarios\cv\known_visit_grid34_targets10_trials50.csv,01,26,1,0,27,0,4,0,0,0,0.0,0,0,130,55,75,1035,240,200,142.1256,0.7106279999999999,0.6849000000000001,0.8469,1.2418,22.8507,0.1142535,0.09605,0.1417,0.5367,200,119.2749,0.5963745,0.5856,0.7051,0.7423,completed
17,known_visit,ACBBA,bernoulli,drop_0.25,34,1156,9,10,acbba_g34_d140_bernoulli_drop_0_25,reruns\grid_density\scenarios\cv\known_visit_grid34_targets10_trials50.csv,02,28,1,1,23,6,2,0,0,0,0.0,0,0,143,59,84,1016,246,191,138.3839,0.7245230366492147,0.7024,0.9478,1.2337,22.9025,0.11990837696335079,0.1063,0.2198,0.5188,191,115.4814,0.6046146596858638,0.596,0.7188,0.8289,completed
17,known_visit,ACBBA,bernoulli,drop_0.25,34,1156,9,10,acbba_g34_d140_bernoulli_drop_0_25,reruns\grid_density\scenarios\cv\known_visit_grid34_targets10_trials50.csv,03,46,1,1,27,20,1,0,0,0,0.0,0,0,166,96,70,1015,224,125,92.507,0.740056,0.7092,0.8647,1.2969,15.3792,0.1230336,0.1064,0.1764,0.5251,125,77.1278,0.6170224,0.5981,0.7318,0.7718,completed
17,known_visit,ACBBA,bernoulli,drop_0.25,34,1156,9,10,acbba_g34_d140_bernoulli_drop_0_25,reruns\grid_density\scenarios\cv\known_visit_grid34_targets10_trials50.csv,04,38,2,0,39,0,3,0,0,0,0.0,0,0,161,79,82,1024,221,157,115.4264,0.7352,0.7009,0.9566,1.2443,19.1369,0.12189108280254778,0.0989,0.2234,0.5449,157,96.2895,0.6133089171974523,0.601,0.7217,0.806,completed
17,known_visit,ACBBA,bernoulli,drop_0.25,34,1156,9,10,acbba_g34_d140_bernoulli_drop_0_25,reruns\grid_density\scenarios\cv\known_visit_grid34_targets10_trials50.csv,05,22,0,0,23,0,7,2,2,0,0.0,0,0,134,51,83,1044,227,214,157.7024,0.7369271028037384,0.7066,0.9279,1.2616,26.9271,0.12582757009345794,0.109,0.2197,0.5369,214,130.7753,0.6110995327102803,0.5984499999999999,0.7157,0.7782,completed
17,known_visit,ACBBA,bernoulli,drop_0.25,34,1156,9,10,acbba_g34_d140_bernoulli_drop_0_25,reruns\grid_density\scenarios\cv\known_visit_grid34_targets10_trials50.csv,06,22,2,0,23,0,0,0,0,0,0.0,0,0,117,49,68,1064,224,206,146.3887,0.7106247572815534,0.68615,0.8917,1.1936,22.4994,0.10922038834951457,0.097,0.1872,0.4979,206,123.8893,0.6014043689320389,0.58805,0.7289,0.8102,completed
17,known_visit,ACBBA,bernoulli,drop_0.25,34,1156,9,10,acbba_g34_d140_bernoulli_drop_0_25,reruns\grid_density\scenarios\cv\known_visit_grid34_targets10_trials50.csv,07,24,1,0,25,0,3,0,0,0,0.0,0,0,123,52,71,1039,244,205,146.8343,0.7162648780487806,0.6844,0.9091,1.2439,23.3044,0.11368,0.0988,0.1638,0.5073,205,123.5299,0.6025848780487805,0.5861,0.7127,0.792,completed
17,known_visit,ACBBA,bernoulli,drop_0.25,34,1156,9,10,acbba_g34_d140_bernoulli_drop_0_25,reruns\grid_density\scenarios\cv\known_visit_grid34_targets10_trials50.csv,08,81,1,2,59,23,6,5,2,1,5.0,1,0,250,164,86,951,205,15,14.1842,0.9456133333333334,0.8931,1.2375,1.2375,4.2322,0.28214666666666666,0.2699,0.5496,0.5496,15,9.952,0.6634666666666666,0.6829,0.7542,0.7542,completed
18,known_visit,ACBBA,bernoulli,drop_0.25,34,1156,9,10,acbba_g34_d140_bernoulli_drop_0_25,reruns\grid_density\scenarios\cv\known_visit_grid34_targets10_trials50.csv,00,35,2,0,36,0,2,0,0,0,0.0,0,0,140,72,68,837,240,14,13.2095,0.9435357142857143,0.8569,1.3176,1.3176,3.7564,0.2683142857142857,0.2191,0.5522,0.5522,14,9.4531,0.6752214285714285,0.6577999999999999,0.9165,0.9165,completed
18,known_visit,ACBBA,bernoulli,drop_0.25,34,1156,9,10,acbba_g34_d140_bernoulli_drop_0_25,reruns\grid_density\scenarios\cv\known_visit_grid34_targets10_trials50.csv,01,24,0,1,16,9,3,0,0,0,0.0,0,0,134,52,82,877,205,51,46.2321,0.9065117647058824,0.8836,1.2609,1.3395,11.3019,0.22160588235294118,0.1914,0.5491,0.5574,51,34.9302,0.6849058823529411,0.6846,0.7371,0.7821,completed
18,known_visit,ACBBA,bernoulli,drop_0.25,34,1156,9,10,acbba_g34_d140_bernoulli_drop_0_25,reruns\grid_density\scenarios\cv\known_visit_grid34_targets10_trials50.csv,02,35,2,0,36,0,5,0,0,0,0.0,0,0,148,71,77,866,203,14,14.3062,1.0218714285714285,0.9339999999999999,1.369,1.369,4.6219,0.3301357142857143,0.28564999999999996,0.578,0.578,14,9.6843,0.6917357142857143,0.66865,0.9187,0.9187,completed
18,known_visit,ACBBA,bernoulli,drop_0.25,34,1156,9,10,acbba_g34_d140_bernoulli_drop_0_25,reruns\grid_density\scenarios\cv\known_visit_grid34_targets10_trials50.csv,03,9,0,0,10,0,1,0,0,0,0.0,0,0,100,23,77,883,233,98,84.5679,0.8629377551020407,0.8634,1.1057,1.3615,19.1061,0.19496020408163267,0.187,0.4172,0.6037,98,65.4618,0.6679775510204081,0.6830499999999999,0.7469,0.7668,completed
18,known_visit,ACBBA,bernoulli,drop_0.25,34,1156,9,10,acbba_g34_d140_bernoulli_drop_0_25,reruns\grid_density\scenarios\cv\known_visit_grid34_targets10_trials50.csv,04,35,1,1,35,1,3,0,0,0,0.0,0,0,147,71,76,868,201,11,11.4424,1.0402181818181817,0.9652,1.2844,1.2844,3.9026,0.3547818181818182,0.3287,0.5612,0.5612,11,7.5398,0.6854363636363636,0.6874,0.8258,0.8258,completed
18,known_visit,ACBBA,bernoulli,drop_0.25,34,1156,9,10,acbba_g34_d140_bernoulli_drop_0_25,reruns\grid_density\scenarios\cv\known_visit_grid34_targets10_trials50.csv,05,35,2,0,36,0,2,0,0,0,0.0,0,0,141,72,69,858,217,11,9.6617,0.8783363636363636,0.7627,1.3996,1.3996,2.5662000000000003,0.2332909090909091,0.1722,0.5641,0.5641,11,7.0955,0.6450454545454546,0.6125,0.8355,0.8355,completed
18,known_visit,ACBBA,bernoulli,drop_0.25,34,1156,9,10,acbba_g34_d140_bernoulli_drop_0_25,reruns\grid_density\scenarios\cv\known_visit_grid34_targets10_trials50.csv,06,35,3,0,36,0,0,0,0,0,0.0,0,0,144,71,73,850,222,9,9.0835,1.009277777777778,0.9049,1.4451,1.4451,2.8896,0.32106666666666667,0.2569,0.6187,0.6187,9,6.1939,0.6882111111111111,0.6729,0.8264,0.8264,completed
18,known_visit,ACBBA,bernoulli,drop_0.25,34,1156,9,10,acbba_g34_d140_bernoulli_drop_0_25,reruns\grid_density\scenarios\cv\known_visit_grid34_targets10_trials50.csv,07,29,0,1,29,1,2,0,0,0,0.0,0,0,132,63,69,886,198,34,26.9694,0.7932176470588236,0.6961999999999999,1.3995,1.5036,6.1621,0.18123823529411764,0.10875,0.6027,0.6411,34,20.8073,0.6119794117647059,0.57725,0.7968,0.8625,completed
18,known_visit,ACBBA,bernoulli,drop_0.25,34,1156,9,10,acbba_g34_d140_bernoulli_drop_0_25,reruns\grid_density\scenarios\cv\known_visit_grid34_targets10_trials50.csv,08,24,0,0,21,4,6,0,0,0,0.0,0,0,131,53,78,862,224,47,37.7788,0.8038042553191489,0.744,1.3238,1.6229,8.4473,0.17972978723404257,0.1304,0.5318,0.7512,47,29.331500000000002,0.6240744680851065,0.6106,0.7537,0.8717,completed
19,known_visit,ACBBA,bernoulli,drop_0.25,34,1156,9,10,acbba_g34_d140_bernoulli_drop_0_25,reruns\grid_density\scenarios\cv\known_visit_grid34_targets10_trials50.csv,00,26,2,0,27,0,1,0,0,0,0.0,0,0,115,54,61,965,218,76,60.5222,0.7963447368421053,0.7773,0.9612,1.1722,11.1239,0.1463671052631579,0.13595000000000002,0.3137,0.4572,76,49.3983,0.6499776315789474,0.63845,0.7298,0.8336,completed
19,known_visit,ACBBA,bernoulli,drop_0.25,34,1156,9,10,acbba_g34_d140_bernoulli_drop_0_25,reruns\grid_density\scenarios\cv\known_visit_grid34_targets10_trials50.csv,01,46,0,3,37,10,3,1,1,0,0.0,0,0,163,93,70,921,213,11,11.3064,1.0278545454545454,1.0574,1.3062,1.3062,3.8818,0.3528909090909091,0.357,0.5632,0.5632,11,7.4246,0.6749636363636363,0.7004,0.7536,0.7536,completed
19,known_visit,ACBBA,bernoulli,drop_0.25,34,1156,9,10,acbba_g34_d140_bernoulli_drop_0_25,reruns\grid_density\scenarios\cv\known_visit_grid34_targets10_trials50.csv,02,46,3,0,46,1,3,0,0,0,0.0,0,0,164,94,70,922,212,20,18.8778,0.94389,0.94905,1.34,1.3741,5.6773,0.283865,0.27075,0.5426,0.5824,20,13.2005,0.660025,0.6752499999999999,0.8315,0.8472,completed
19,known_visit,ACBBA,bernoulli,drop_0.25,34,1156,9,10,acbba_g34_d140_bernoulli_drop_0_25,reruns\grid_density\scenarios\cv\known_visit_grid34_targets10_trials50.csv,03,32,0,1,24,9,2,0,0,0,0.0,0,0,141,70,71,945,211,57,50.0795,0.8785877192982456,0.8782,1.0913,1.3946,10.8463,0.1902859649122807,0.1671,0.3321,0.523,57,39.233200000000004,0.688301754385965,0.694,0.7961,0.8716,completed
19,known_visit,ACBBA,bernoulli,drop_0.25,34,1156,9,10,acbba_g34_d140_bernoulli_drop_0_25,reruns\grid_density\scenarios\cv\known_visit_grid34_targets10_trials50.csv,04,35,1,1,29,7,3,1,1,0,0.0,0,0,148,75,73,916,233,52,51.041199999999996,0.9815615384615384,0.94935,1.306,1.3939,12.664,0.24353846153846154,0.217,0.5391,0.5512,52,38.3772,0.738023076923077,0.732,0.871,0.8937,completed
19,known_visit,ACBBA,bernoulli,drop_0.25,34,1156,9,10,acbba_g34_d140_bernoulli_drop_0_25,reruns\grid_density\scenarios\cv\known_visit_grid34_targets10_trials50.csv,05,47,2,0,48,0,3,0,0,0,0.0,0,0,166,95,71,918,213,10,11.3422,1.13422,1.1032,1.3656,1.3656,4.0427,0.40427,0.42875,0.5419,0.5419,10,7.2995,0.72995,0.7271000000000001,0.8583,0.8583,completed
19,known_visit,ACBBA,bernoulli,drop_0.25,34,1156,9,10,acbba_g34_d140_bernoulli_drop_0_25,reruns\grid_density\scenarios\cv\known_visit_grid34_targets10_trials50.csv,06,44,1,1,40,5,3,0,0,0,0.0,0,0,165,90,75,916,216,22,20.913,0.9505909090909092,0.9431,1.205,1.2395,5.7865,0.2630227272727273,0.2116,0.493,0.508,22,15.1265,0.6875681818181818,0.7124999999999999,0.7497,0.8498,completed
19,known_visit,ACBBA,bernoulli,drop_0.25,34,1156,9,10,acbba_g34_d140_bernoulli_drop_0_25,reruns\grid_density\scenarios\cv\known_visit_grid34_targets10_trials50.csv,07,25,0,0,26,0,2,0,0,0,0.0,0,0,115,54,61,938,245,83,67.5463,0.813810843373494,0.7788,1.1032,1.3229,13.2075,0.1591265060240964,0.1378,0.3123,0.5672,83,54.3388,0.6546843373493976,0.6413,0.7423,0.8419,completed
19,known_visit,ACBBA,bernoulli,drop_0.25,34,1156,9,10,acbba_g34_d140_bernoulli_drop_0_25,reruns\grid_density\scenarios\cv\known_visit_grid34_targets10_trials50.csv,08,25,1,0,25,1,3,0,0,0,0.0,0,0,121,52,69,960,216,81,65.3998,0.807404938271605,0.781,1.0394,1.125,12.4873,0.1541641975308642,0.1393,0.3246,0.4572,81,52.9125,0.6532407407407408,0.6402,0.7269,0.8229,completed
20,known_visit,ACBBA,bernoulli,drop_0.25,34,1156,9,10,acbba_g34_d140_bernoulli_drop_0_25,reruns\grid_density\scenarios\cv\known_visit_grid34_targets10_trials50.csv,00,29,1,0,30,0,1,0,0,0,0.0,0,0,136,60,76,834,223,27,23.5107,0.8707666666666667,0.8091,1.2165,1.2569,5.3776,0.1991703703703704,0.1241,0.508,0.5378,27,18.1331,0.6715962962962962,0.6515,0.8004,0.8118,completed
20,known_visit,ACBBA,bernoulli,drop_0.25,34,1156,9,10,acbba_g34_d140_bernoulli_drop_0_25,reruns\grid_density\scenarios\cv\known_visit_grid34_targets10_trials50.csv,01,25,1,1,17,9,0,0,0,0,0.0,0,0,123,53,70,880,191,37,34.9172,0.9437081081081081,0.9872,1.2274,1.2624,7.6693,0.20727837837837837,0.2017,0.5082,0.5193,37,27.2479,0.7364297297297298,0.7724,0.8018,0.8021,completed
20,known_visit,ACBBA,bernoulli,drop_0.25,34,1156,9,10,acbba_g34_d140_bernoulli_drop_0_25,reruns\grid_density\scenarios\cv\known_visit_grid34_targets10_trials50.csv,02,33,1,0,32,2,1,0,0,0,0.0,0,0,143,67,76,834,216,10,11.0096,1.1009600000000002,1.14355,1.2644,1.2644,3.5343,0.35343,0.35535,0.5341,0.5341,10,7.4753,0.74753,0.74515,0.8011,0.8011,completed
20,known_visit,ACBBA,bernoulli,drop_0.25,34,1156,9,10,acbba_g34_d140_bernoulli_drop_0_25,reruns\grid_density\scenarios\cv\known_visit_grid34_targets10_trials50.csv,03,23,0,1,20,4,2,0,0,0,0.0,0,0,126,50,76,869,199,43,41.3721,0.9621418604651164,0.9394,1.2347,1.2985,9.5747,0.2226674418604651,0.1802,0.5133,0.5404,43,31.7974,0.7394744186046511,0.7281,0.8107,0.8473,completed
20,known_visit,ACBBA,bernoulli,drop_0.25,34,1156,9,10,acbba_g34_d140_bernoulli_drop_0_25,reruns\grid_density\scenarios\cv\known_visit_grid34_targets10_trials50.csv,04,34,4,0,35,0,3,0,0,0,0.0,0,0,143,69,74,852,199,12,13.1232,1.0936000000000001,1.0941999999999998,1.3432,1.3432,4.2347,0.35289166666666666,0.31689999999999996,0.5265,0.5265,12,8.8885,0.7407083333333334,0.73525,0.8555,0.8555,completed
20,known_visit,ACBBA,bernoulli,drop_0.25,34,1156,9,10,acbba_g34_d140_bernoulli_drop_0_25,reruns\grid_density\scenarios\cv\known_visit_grid34_targets10_trials50.csv,05,24,1,1,24,1,4,0,0,0,0.0,0,0,126,51,75,870,198,43,36.7904,0.8555906976744185,0.7952,1.2378,1.3969,8.0529,0.1872767441860465,0.1211,0.5134,0.5332,43,28.7375,0.6683139534883721,0.6653,0.7929,0.8637,completed
20,known_visit,ACBBA,bernoulli,drop_0.25,34,1156,9,10,acbba_g34_d140_bernoulli_drop_0_25,reruns\grid_density\scenarios\cv\known_visit_grid34_targets10_trials50.csv,06,27,1,1,23,5,5,0,0,0,0.0,0,0,129,57,72,872,192,31,32.1839,1.0381903225806453,0.9919,1.2341,1.3294,8.4258,0.27180000000000004,0.2212,0.5195,0.5743,31,23.7581,0.7663903225806451,0.7801,0.8094,0.8259,completed
20,known_visit,ACBBA,bernoulli,drop_0.25,34,1156,9,10,acbba_g34_d140_bernoulli_drop_0_25,reruns\grid_density\scenarios\cv\known_visit_grid34_targets10_trials50.csv,07,34,0,1,24,11,3,0,0,0,0.0,0,0,144,69,75,844,205,11,11.3417,1.0310636363636363,0.9862,1.3423,1.3423,3.352,0.30472727272727274,0.2871,0.5693,0.5693,11,7.9897,0.7263363636363637,0.7487,0.8107,0.8107,completed
20,known_visit,ACBBA,bernoulli,drop_0.25,34,1156,9,10,acbba_g34_d140_bernoulli_drop_0_25,reruns\grid_density\scenarios\cv\known_visit_grid34_targets10_trials50.csv,08,25,1,0,26,0,2,0,0,0,0.0,0,0,125,53,72,855,213,37,34.0731,0.9208945945945946,0.9283,1.2131,1.321,7.4305,0.20082432432432434,0.1715,0.4931,0.5237,37,26.6426,0.7200702702702703,0.7517,0.8521,0.9326,completed
21,known_visit,ACBBA,bernoulli,drop_0.25,34,1156,9,10,acbba_g34_d140_bernoulli_drop_0_25,reruns\grid_density\scenarios\cv\known_visit_grid34_targets10_trials50.csv,00,15,0,1,12,4,1,5,2,1,5.0,1,0,106,36,70,802,198,58,42.9827,0.7410810344827586,0.7452000000000001,1.2734,2.2883,8.8768,0.15304827586206896,0.11845,0.5267,0.5425,58,34.1059,0.5880327586206896,0.62915,0.7747,2.1507,completed
21,known_visit,ACBBA,bernoulli,drop_0.25,34,1156,9,10,acbba_g34_d140_bernoulli_drop_0_25,reruns\grid_density\scenarios\cv\known_visit_grid34_targets10_trials50.csv,01,29,3,0,30,0,1,0,0,0,0.0,0,0,128,61,67,809,169,18,15.1913,0.8439611111111112,0.8868499999999999,1.2533,1.2533,4.286,0.23811111111111108,0.19295,0.5109,0.5109,18,10.9053,0.60585,0.6758500000000001,0.7832,0.7832,completed
21,known_visit,ACBBA,bernoulli,drop_0.25,34,1156,9,10,acbba_g34_d140_bernoulli_drop_0_25,reruns\grid_density\scenarios\cv\known_visit_grid34_targets10_trials50.csv,02,31,1,0,31,1,2,0,0,0,0.0,0,0,131,63,68,782,193,7,7.7492,1.1070285714285715,1.1236,1.2914,1.2914,2.5045,0.3577857142857143,0.3392,0.5251,0.5251,7,5.2447,0.7492428571428571,0.7594,0.7875,0.7875,completed
21,known_visit,ACBBA,bernoulli,drop_0.25,34,1156,9,10,acbba_g34_d140_bernoulli_drop_0_25,reruns\grid_density\scenarios\cv\known_visit_grid34_targets10_trials50.csv,03,22,2,0,22,1,3,0,0,0,0.0,0,0,113,48,65,816,177,35,26.271,0.7506,0.7382,1.242,1.2461,5.8633,0.16752285714285714,0.1221,0.4723,0.4787,35,20.407700000000002,0.583077142857143,0.6232,0.7674,0.7697,completed
21,known_visit,ACBBA,bernoulli,drop_0.25,34,1156,9,10,acbba_g34_d140_bernoulli_drop_0_25,reruns\grid_density\scenarios\cv\known_visit_grid34_targets10_trials50.csv,04,25,0,0,20,6,4,0,0,0,0.0,0,0,123,53,70,800,184,34,27.3444,0.8042470588235294,0.80715,1.3066,1.4912,6.5275,0.19198529411764706,0.1405,0.5213,0.5597,34,20.8169,0.6122617647058823,0.66145,0.7892,0.9315,completed
21,known_visit,ACBBA,bernoulli,drop_0.25,34,1156,9,10,acbba_g34_d140_bernoulli_drop_0_25,reruns\grid_density\scenarios\cv\known_visit_grid34_targets10_trials50.csv,05,28,0,2,25,4,7,0,0,0,0.0,0,0,140,59,81,760,207,20,19.0498,0.9524900000000001,0.9112,1.2528,1.2837,5.7485,0.287425,0.25415,0.4979,0.5192,20,13.3013,0.665065,0.7248,0.785,0.7851,completed
21,known_visit,ACBBA,bernoulli,drop_0.25,34,1156,9,10,acbba_g34_d140_bernoulli_drop_0_25,reruns\grid_density\scenarios\cv\known_visit_grid34_targets10_trials50.csv,06,18,1,0,18,1,2,0,0,0,0.0,0,0,108,38,70,807,191,51,36.1045,0.7079313725490196,0.7437,1.2453,1.3119,7.7959000000000005,0.1528607843137255,0.1224,0.4743,0.5469,51,28.3086,0.5550705882352941,0.6211,0.765,0.7941,completed
21,known_visit,ACBBA,bernoulli,drop_0.25,34,1156,9,10,acbba_g34_d140_bernoulli_drop_0_25,reruns\grid_density\scenarios\cv\known_visit_grid34_targets10_trials50.csv,07,30,2,0,31,0,1,0,0,0,0.0,0,0,132,62,70,761,214,12,11.2495,0.9374583333333333,1.00975,1.2925,1.2925,3.4174,0.28478333333333333,0.29235,0.505,0.505,12,7.8321,0.652675,0.72095,0.8639,0.8639,completed
21,known_visit,ACBBA,bernoulli,drop_0.25,34,1156,9,10,acbba_g34_d140_bernoulli_drop_0_25,reruns\grid_density\scenarios\cv\known_visit_grid34_targets10_trials50.csv,08,25,1,1,23,3,3,0,0,0,0.0,0,0,126,54,72,787,194,34,29.706599999999998,0.8737235294117647,0.9015,1.2452,1.3664,6.8657,0.20193235294117648,0.1684,0.4998,0.5301,34,22.8409,0.6717911764705883,0.7192000000000001,0.8363,0.9307,completed
22,known_visit,ACBBA,bernoulli,drop_0.25,34,1156,9,10,acbba_g34_d140_bernoulli_drop_0_25,reruns\grid_density\scenarios\cv\known_visit_grid34_targets10_trials50.csv,00,36,1,0,27,10,0,0,0,0,0.0,0,0,133,73,60,706,185,9,8.8473,0.9830333333333334,0.9463,1.5068,1.5068,2.871,0.319,0.2033,0.6427,0.6427,9,5.9763,0.6640333333333334,0.7464,0.8641,0.8641,completed
22,known_visit,ACBBA,bernoulli,drop_0.25,34,1156,9,10,acbba_g34_d140_bernoulli_drop_0_25,reruns\grid_density\scenarios\cv\known_visit_grid34_targets10_trials50.csv,01,19,0,1,16,4,3,4,2,1,5.0,1,0,91,43,48,755,178,61,43.9845,0.7210573770491803,0.7705,0.9054,1.6708,8.2953,0.13598852459016392,0.1236,0.2131,0.6555,61,35.6892,0.5850688524590164,0.6481,0.7574,1.0153,completed
22,known_visit,ACBBA,bernoulli,drop_0.25,34,1156,9,10,acbba_g34_d140_bernoulli_drop_0_25,reruns\grid_density\scenarios\cv\known_visit_grid34_targets10_trials50.csv,02,30,2,0,31,0,1,0,0,0,0.0,0,0,121,63,58,753,150,29,22.9644,0.7918758620689655,0.8138,1.3463,1.355,5.6989,0.19651379310344827,0.1466,0.5749,0.5759,29,17.2655,0.5953620689655172,0.592,0.7801,0.853,completed
22,known_visit,ACBBA,bernoulli,drop_0.25,34,1156,9,10,acbba_g34_d140_bernoulli_drop_0_25,reruns\grid_density\scenarios\cv\known_visit_grid34_targets10_trials50.csv,03,31,3,0,32,0,0,0,0,0,0.0,0,0,116,64,52,730,178,25,16.4004,0.656016,0.6494,0.9065,1.1113,3.3152,0.132608,0.1017,0.2879,0.4708,25,13.0852,0.523408,0.5512,0.7523,0.7714,completed
22,known_visit,ACBBA,bernoulli,drop_0.25,34,1156,9,10,acbba_g34_d140_bernoulli_drop_0_25,reruns\grid_density\scenarios\cv\known_visit_grid34_targets10_trials50.csv,04,16,0,1,7,10,4,0,0,0,0.0,0,0,101,37,64,754,169,79,64.0159,0.8103278481012659,0.8568,1.0916,1.3536,13.7591,0.17416582278481013,0.16,0.3599,0.5907,79,50.2568,0.6361620253164557,0.696,0.7912,0.8204,completed
22,known_visit,ACBBA,bernoulli,drop_0.25,34,1156,9,10,acbba_g34_d140_bernoulli_drop_0_25,reruns\grid_density\scenarios\cv\known_visit_grid34_targets10_trials50.csv,05,36,1,0,36,1,1,0,0,0,0.0,0,0,138,73,65,705,181,7,7.313000000000001,1.0447142857142857,1.1389,1.2615,1.2615,2.7063,0.38661428571428574,0.4273,0.507,0.507,7,4.6067,0.6581,0.7438,0.7882,0.7882,completed
22,known_visit,ACBBA,bernoulli,drop_0.25,34,1156,9,10,acbba_g34_d140_bernoulli_drop_0_25,reruns\grid_density\scenarios\cv\known_visit_grid34_targets10_trials50.csv,06,35,1,0,36,0,4,0,0,0,0.0,0,0,129,72,57,743,153,17,13.5818,0.7989294117647059,0.7974,1.3189,1.3189,3.8284000000000002,0.2252,0.1863,0.5656,0.5656,17,9.7534,0.5737294117647058,0.6135,0.7698,0.7698,completed
22,known_visit,ACBBA,bernoulli,drop_0.25,34,1156,9,10,acbba_g34_d140_bernoulli_drop_0_25,reruns\grid_density\scenarios\cv\known_visit_grid34_targets10_trials50.csv,07,17,0,0,16,2,3,1,1,0,0.0,0,0,98,38,60,747,179,75,62.890100000000004,0.8385346666666668,0.8921,1.064,1.4602,13.5112,0.18014933333333333,0.1658,0.3134,0.6059,75,49.3789,0.6583853333333334,0.7167,0.8543,0.8682,completed
22,known_visit,ACBBA,bernoulli,drop_0.25,34,1156,9,10,acbba_g34_d140_bernoulli_drop_0_25,reruns\grid_density\scenarios\cv\known_visit_grid34_targets10_trials50.csv,08,16,2,0,16,1,1,0,0,0,0.0,0,0,98,37,61,736,190,78,59.028999999999996,0.7567820512820512,0.7424,1.1571,1.4807,12.8541,0.16479615384615384,0.1394,0.3494,0.631,78,46.1749,0.5919858974358975,0.6026,0.7827,0.8497,completed
23,known_visit,ACBBA,bernoulli,drop_0.25,34,1156,9,10,acbba_g34_d140_bernoulli_drop_0_25,reruns\grid_density\scenarios\cv\known_visit_grid34_targets10_trials50.csv,00,37,1,0,34,4,5,0,0,0,0.0,0,0,166,78,88,929,220,22,21.81,0.9913636363636363,0.95265,1.2528,1.2622,6.2694,0.28497272727272727,0.23104999999999998,0.4959,0.5228,22,15.5406,0.7063909090909091,0.7213,0.8127,0.8478,completed
23,known_visit,ACBBA,bernoulli,drop_0.25,34,1156,9,10,acbba_g34_d140_bernoulli_drop_0_25,reruns\grid_density\scenarios\cv\known_visit_grid34_targets10_trials50.csv,01,26,1,0,27,0,7,0,0,0,0.0,0,0,141,55,86,938,235,59,47.675,0.8080508474576271,0.7516,1.2217,1.2613,10.2942,0.17447796610169491,0.1276,0.4478,0.4931,59,37.3808,0.6335728813559323,0.6388,0.778,0.8726,completed
23,known_visit,ACBBA,bernoulli,drop_0.25,34,1156,9,10,acbba_g34_d140_bernoulli_drop_0_25,reruns\grid_density\scenarios\cv\known_visit_grid34_targets10_trials50.csv,02,30,2,0,31,0,5,0,0,0,0.0,0,0,145,62,83,917,252,45,40.0043,0.8889844444444445,0.8355,1.1845,1.2301,9.3892,0.2086488888888889,0.1472,0.4237,0.4851,45,30.615099999999998,0.6803355555555555,0.6937,0.7853,0.8863,completed
23,known_visit,ACBBA,bernoulli,drop_0.25,34,1156,9,10,acbba_g34_d140_bernoulli_drop_0_25,reruns\grid_density\scenarios\cv\known_visit_grid34_targets10_trials50.csv,03,31,3,0,27,5,2,0,0,0,0.0,0,0,138,64,74,944,232,39,31.3093,0.8028025641025641,0.7657,1.2289,1.2335,6.3696,0.16332307692307693,0.1204,0.4631,0.4692,39,24.9397,0.6394794871794871,0.6462,0.7658,0.7848,completed
23,known_visit,ACBBA,bernoulli,drop_0.25,34,1156,9,10,acbba_g34_d140_bernoulli_drop_0_25,reruns\grid_density\scenarios\cv\known_visit_grid34_targets10_trials50.csv,04,34,0,1,32,3,4,2,1,0,0.0,0,0,153,73,80,945,216,31,27.8497,0.8983774193548386,0.9106,1.2476,1.2897,7.5323,0.24297741935483871,0.1902,0.482,0.4858,31,20.3174,0.6554,0.7147,0.8186,0.8894,completed
23,known_visit,ACBBA,bernoulli,drop_0.25,34,1156,9,10,acbba_g34_d140_bernoulli_drop_0_25,reruns\grid_density\scenarios\cv\known_visit_grid34_targets10_trials50.csv,05,38,0,2,33,6,2,0,0,0,0.0,0,0,162,78,84,916,236,14,13.775400000000001,0.983957142857143,0.9035500000000001,1.2289,1.2289,4.4221,0.31586428571428576,0.28,0.5011,0.5011,14,9.3533,0.6680928571428572,0.71255,0.7689,0.7689,completed
23,known_visit,ACBBA,bernoulli,drop_0.25,34,1156,9,10,acbba_g34_d140_bernoulli_drop_0_25,reruns\grid_density\scenarios\cv\known_visit_grid34_targets10_trials50.csv,06,25,0,1,24,2,3,0,0,0,0.0,0,0,134,52,82,948,232,56,43.0205,0.7682232142857143,0.7516499999999999,1.1119,1.2544,8.4963,0.15171964285714284,0.127,0.3771,0.4697,56,34.5242,0.6165035714285715,0.63285,0.7785,0.7954,completed
23,known_visit,ACBBA,bernoulli,drop_0.25,34,1156,9,10,acbba_g34_d140_bernoulli_drop_0_25,reruns\grid_density\scenarios\cv\known_visit_grid34_targets10_trials50.csv,07,38,2,0,39,0,2,0,0,0,0.0,0,0,160,78,82,923,232,21,18.8459,0.8974238095238095,0.9071,1.2202,1.2216,4.8923,0.23296666666666666,0.1885,0.4516,0.4879,21,13.9536,0.6644571428571429,0.7193,0.7505,0.7686,completed
23,known_visit,ACBBA,bernoulli,drop_0.25,34,1156,9,10,acbba_g34_d140_bernoulli_drop_0_25,reruns\grid_density\scenarios\cv\known_visit_grid34_targets10_trials50.csv,08,17,1,0,18,0,2,0,0,0,0.0,0,0,116,37,79,956,242,86,65.9071,0.7663616279069767,0.748,1.0628,1.2294,13.277800000000001,0.15439302325581397,0.1394,0.3226,0.4884,86,52.6293,0.6119686046511628,0.61275,0.741,0.8323,completed
24,known_visit,ACBBA,bernoulli,drop_0.25,34,1156,9,10,acbba_g34_d140_bernoulli_drop_0_25,reruns\grid_density\scenarios\cv\known_visit_grid34_targets10_trials50.csv,00,27,0,1,26,2,2,0,0,0,0.0,0,0,116,58,58,880,191,78,77.2264,0.9900820512820513,1.0084,1.161,1.3418,18.4922,0.23707948717948718,0.22525,0.3767,0.5011,78,58.7342,0.7530025641025642,0.78235,0.8898,1.0842,completed
24,known_visit,ACBBA,bernoulli,drop_0.25,34,1156,9,10,acbba_g34_d140_bernoulli_drop_0_25,reruns\grid_density\scenarios\cv\known_visit_grid34_targets10_trials50.csv,01,48,2,0,46,3,1,0,0,0,0.0,0,0,154,97,57,861,172,9,9.079,1.0087777777777778,1.0622,1.1814,1.1814,2.7977,0.31085555555555555,0.3283,0.4676,0.4676,9,6.2813,0.6979222222222222,0.7313,0.8382,0.8382,completed
24,known_visit,ACBBA,bernoulli,drop_0.25,34,1156,9,10,acbba_g34_d140_bernoulli_drop_0_25,reruns\grid_density\scenarios\cv\known_visit_grid34_targets10_trials50.csv,02,48,1,0,47,2,1,0,0,0,0.0,0,0,158,97,61,842,188,9,8.2925,0.9213888888888889,0.964,1.2327,1.2327,2.5324,0.2813777777777778,0.2396,0.4765,0.4765,9,5.7601,0.6400111111111112,0.6439,0.7687,0.7687,completed
24,known_visit,ACBBA,bernoulli,drop_0.25,34,1156,9,10,acbba_g34_d140_bernoulli_drop_0_25,reruns\grid_density\scenarios\cv\known_visit_grid34_targets10_trials50.csv,03,23,1,0,19,5,2,0,0,0,0.0,0,0,112,51,61,871,204,88,66.8469,0.7596238636363637,0.7557499999999999,1.093,1.4206,13.2391,0.1504443181818182,0.12455,0.4525,0.5433,88,53.6078,0.6091795454545454,0.62125,0.7696,0.8773,completed
24,known_visit,ACBBA,bernoulli,drop_0.25,34,1156,9,10,acbba_g34_d140_bernoulli_drop_0_25,reruns\grid_density\scenarios\cv\known_visit_grid34_targets10_trials50.csv,04,28,2,0,29,0,0,0,0,0,0.0,0,0,111,58,53,881,195,72,52.806,0.7334166666666666,0.7485999999999999,1.1061,1.2059,10.3225,0.14336805555555554,0.12614999999999998,0.4177,0.482,72,42.4835,0.5900486111111111,0.6162,0.7535,0.7803,completed
24,known_visit,ACBBA,bernoulli,drop_0.25,34,1156,9,10,acbba_g34_d140_bernoulli_drop_0_25,reruns\grid_density\scenarios\cv\known_visit_grid34_targets10_trials50.csv,05,35,1,0,36,0,3,0,0,0,0.0,0,0,127,72,55,870,190,53,37.577,0.709,0.7092,1.1697,1.2688,7.4028,0.1396754716981132,0.1049,0.4439,0.4979,53,30.1742,0.5693245283018867,0.602,0.756,0.8426,completed
24,known_visit,ACBBA,bernoulli,drop_0.25,34,1156,9,10,acbba_g34_d140_bernoulli_drop_0_25,reruns\grid_density\scenarios\cv\known_visit_grid34_targets10_trials50.csv,06,29,0,1,26,4,2,4,2,1,5.0,1,0,118,62,56,891,178,68,67.1218,0.987085294117647,1.00745,1.1909,1.3155,16.2675,0.23922794117647056,0.22610000000000002,0.4379,0.4563,68,50.8543,0.7478573529411765,0.7687999999999999,0.8797,0.9742,completed
24,known_visit,ACBBA,bernoulli,drop_0.25,34,1156,9,10,acbba_g34_d140_bernoulli_drop_0_25,reruns\grid_density\scenarios\cv\known_visit_grid34_targets10_trials50.csv,07,44,0,1,32,13,2,0,0,0,0.0,0,0,145,90,55,850,192,19,18.0282,0.9488526315789473,0.951,1.2004,1.2004,4.7556,0.2502947368421053,0.1871,0.4991,0.4991,19,13.2726,0.6985578947368422,0.7253,0.8516,0.8516,completed
24,known_visit,ACBBA,bernoulli,drop_0.25,34,1156,9,10,acbba_g34_d140_bernoulli_drop_0_25,reruns\grid_density\scenarios\cv\known_visit_grid34_targets10_trials50.csv,08,43,3,0,44,0,1,0,0,0,0.0,0,0,147,89,58,845,196,30,25.1495,0.8383166666666667,0.7374499999999999,1.2056,1.2098,5.8708,0.19569333333333333,0.12444999999999999,0.4496,0.471,30,19.2787,0.6426233333333333,0.61065,0.803,0.8347,completed
25,known_visit,ACBBA,bernoulli,drop_0.25,34,1156,9,10,acbba_g34_d140_bernoulli_drop_0_25,reruns\grid_density\scenarios\cv\known_visit_grid34_targets10_trials50.csv,00,31,0,1,30,2,5,1,1,0,0.0,0,0,137,67,70,1030,206,112,89.7983,0.8017705357142857,0.74825,1.0377,1.6837,18.0003,0.16071696428571428,0.12785000000000002,0.301,0.6941,112,71.798,0.6410535714285714,0.62645,0.7799,0.9896,completed
25,known_visit,ACBBA,bernoulli,drop_0.25,34,1156,9,10,acbba_g34_d140_bernoulli_drop_0_25,reruns\grid_density\scenarios\cv\known_visit_grid34_targets10_trials50.csv,01,45,2,0,41,5,4,0,0,0,0.0,0,0,158,92,66,994,221,63,51.7054,0.8207206349206349,0.782,1.1132,1.6253,10.2668,0.16296507936507937,0.1347,0.419,0.6512,63,41.4386,0.6577555555555555,0.6493,0.7853,0.9741,completed
25,known_visit,ACBBA,bernoulli,drop_0.25,34,1156,9,10,acbba_g34_d140_bernoulli_drop_0_25,reruns\grid_density\scenarios\cv\known_visit_grid34_targets10_trials50.csv,02,42,3,0,43,0,1,0,0,0,0.0,0,0,153,89,64,1018,202,70,52.3797,0.7482814285714285,0.6997,1.0956,1.3235,9.0387,0.12912428571428572,0.09995000000000001,0.3201,0.506,70,43.341,0.6191571428571429,0.60015,0.777,0.8175,completed
25,known_visit,ACBBA,bernoulli,drop_0.25,34,1156,9,10,acbba_g34_d140_bernoulli_drop_0_25,reruns\grid_density\scenarios\cv\known_visit_grid34_targets10_trials50.csv,03,41,0,2,39,3,3,2,2,0,0.0,0,0,156,89,67,962,255,72,66.9446,0.929786111111111,0.9556,1.1767,1.5025,15.1146,0.209925,0.1943,0.4189,0.6335,72,51.83,0.7198611111111111,0.7503500000000001,0.8574,0.9099,completed
25,known_visit,ACBBA,bernoulli,drop_0.25,34,1156,9,10,acbba_g34_d140_bernoulli_drop_0_25,reruns\grid_density\scenarios\cv\known_visit_grid34_targets10_trials50.csv,04,54,3,1,47,8,1,0,0,0,0.0,0,0,178,111,67,1002,194,33,27.214,0.8246666666666667,0.7316,1.2706,1.4534,6.0578,0.18356969696969697,0.1153,0.544,0.5996,33,21.1562,0.6410969696969696,0.6167,0.8052,0.8538,completed
25,known_visit,ACBBA,bernoulli,drop_0.25,34,1156,9,10,acbba_g34_d140_bernoulli_drop_0_25,reruns\grid_density\scenarios\cv\known_visit_grid34_targets10_trials50.csv,05,36,1,0,37,0,5,0,0,0,0.0,0,0,145,75,70,1016,212,98,83.8327,0.8554357142857143,0.82135,1.1357,1.4397,17.1071,0.17456224489795918,0.13895000000000002,0.4474,0.6042,98,66.7256,0.6808734693877551,0.6387499999999999,0.8357,0.8671,completed
25,known_visit,ACBBA,bernoulli,drop_0.25,34,1156,9,10,acbba_g34_d140_bernoulli_drop_0_25,reruns\grid_density\scenarios\cv\known_visit_grid34_targets10_trials50.csv,06,19,0,1,19,1,6,0,0,0,0.0,0,0,122,45,77,1013,239,152,136.4215,0.8975098684210527,0.9050499999999999,1.1454,1.3767,28.1062,0.1849092105263158,0.16845,0.2804,0.5822,152,108.3153,0.7126006578947368,0.7185,0.8781,0.9208,completed
25,known_visit,ACBBA,bernoulli,drop_0.25,34,1156,9,10,acbba_g34_d140_bernoulli_drop_0_25,reruns\grid_density\scenarios\cv\known_visit_grid34_targets10_trials50.csv,07,50,1,0,51,0,5,4,1,1,5.0,1,0,185,104,81,976,212,51,44.7818,0.8780745098039215,0.8432,1.3066,1.3661,10.0624,0.19730196078431372,0.1489,0.4631,0.5418,51,34.7194,0.6807725490196078,0.6733,0.8243,0.8435,completed
25,known_visit,ACBBA,bernoulli,drop_0.25,34,1156,9,10,acbba_g34_d140_bernoulli_drop_0_25,reruns\grid_density\scenarios\cv\known_visit_grid34_targets10_trials50.csv,08,31,0,1,31,1,1,0,0,0,0.0,0,0,140,66,74,1018,215,110,97.8173,0.8892481818181819,0.89485,1.0882,1.3325,21.304,0.19367272727272725,0.20405,0.3054,0.5387,110,76.5133,0.6955754545454546,0.6775,0.8115,0.8812,completed
26,known_visit,ACBBA,bernoulli,drop_0.25,34,1156,9,10,acbba_g34_d140_bernoulli_drop_0_25,reruns\grid_density\scenarios\cv\known_visit_grid34_targets10_trials50.csv,00,14,3,0,13,2,0,0,0,0,0.0,0,0,95,30,65,993,195,129,93.889,0.7278217054263566,0.7188,0.8825,1.2303,16.1699,0.12534806201550386,0.1152,0.1513,0.5029,129,77.7191,0.6024736434108527,0.6097,0.7312,0.7875,completed
26,known_visit,ACBBA,bernoulli,drop_0.25,34,1156,9,10,acbba_g34_d140_bernoulli_drop_0_25,reruns\grid_density\scenarios\cv\known_visit_grid34_targets10_trials50.csv,01,25,0,2,18,8,2,0,0,0,0.0,0,0,129,52,77,937,217,94,67.455,0.7176063829787234,0.6839999999999999,1.0148,1.232,13.066,0.139,0.11735,0.3968,0.5124,94,54.389,0.5786063829787235,0.5570999999999999,0.6614,0.7196,completed
26,known_visit,ACBBA,bernoulli,drop_0.25,34,1156,9,10,acbba_g34_d140_bernoulli_drop_0_25,reruns\grid_density\scenarios\cv\known_visit_grid34_targets10_trials50.csv,02,42,3,0,43,0,0,0,0,0,0.0,0,0,150,86,64,932,200,38,29.7983,0.7841657894736842,0.74775,1.1475,1.2526,5.6358,0.14831052631578948,0.1133,0.437,0.5424,38,24.1625,0.6358552631578948,0.62735,0.7352,0.7443,completed
26,known_visit,ACBBA,bernoulli,drop_0.25,34,1156,9,10,acbba_g34_d140_bernoulli_drop_0_25,reruns\grid_density\scenarios\cv\known_visit_grid34_targets10_trials50.csv,03,22,0,1,22,1,6,0,0,0,0.0,0,0,120,46,74,943,221,110,81.603,0.7418454545454545,0.70955,1.1772,1.253,15.5984,0.14180363636363635,0.1112,0.4709,0.5055,110,66.0046,0.6000418181818181,0.6013999999999999,0.7435,0.7532,completed
26,known_visit,ACBBA,bernoulli,drop_0.25,34,1156,9,10,acbba_g34_d140_bernoulli_drop_0_25,reruns\grid_density\scenarios\cv\known_visit_grid34_targets10_trials50.csv,04,18,0,0,14,5,5,0,0,0,0.0,0,0,113,41,72,952,218,123,92.2459,0.7499666666666667,0.7321,1.081,1.3667,18.9785,0.1542967479674797,0.1247,0.3982,0.5873,123,73.2674,0.595669918699187,0.5957,0.6965,0.8091,completed
26,known_visit,ACBBA,bernoulli,drop_0.25,34,1156,9,10,acbba_g34_d140_bernoulli_drop_0_25,reruns\grid_density\scenarios\cv\known_visit_grid34_targets10_trials50.csv,05,46,1,2,39,8,2,0,0,0,0.0,0,0,167,95,72,932,183,27,23.3901,0.8663,0.8172,1.2258,1.285,5.9367,0.21987777777777778,0.1581,0.4941,0.567,27,17.4534,0.6464222222222221,0.6389,0.7489,0.772,completed
26,known_visit,ACBBA,bernoulli,drop_0.25,34,1156,9,10,acbba_g34_d140_bernoulli_drop_0_25,reruns\grid_density\scenarios\cv\known_visit_grid34_targets10_trials50.csv,06,50,3,0,51,0,2,0,0,0,0.0,0,0,166,102,64,904,214,17,14.5473,0.8557235294117647,0.7936,1.2733,1.2733,3.8642,0.22730588235294116,0.1778,0.5313,0.5313,17,10.6831,0.6284176470588235,0.6045,0.7471,0.7471,completed
26,known_visit,ACBBA,bernoulli,drop_0.25,34,1156,9,10,acbba_g34_d140_bernoulli_drop_0_25,reruns\grid_density\scenarios\cv\known_visit_grid34_targets10_trials50.csv,07,44,0,1,35,10,8,0,0,0,0.0,0,0,173,92,81,905,204,38,35.3736,0.9308842105263159,0.88115,1.346,1.3707,9.8446,0.25906842105263156,0.1833,0.5361,0.5401,38,25.529,0.6718157894736843,0.6616,0.8341,0.8399,completed
26,known_visit,ACBBA,bernoulli,drop_0.25,34,1156,9,10,acbba_g34_d140_bernoulli_drop_0_25,reruns\grid_density\scenarios\cv\known_visit_grid34_targets10_trials50.csv,08,47,0,0,26,22,7,0,0,0,0.0,0,0,171,98,73,920,193,24,21.9427,0.9142791666666666,0.8908,1.2488,1.2573,5.8849,0.24520416666666667,0.20400000000000001,0.5005,0.5106,24,16.0578,0.669075,0.6865,0.7568,0.7666,completed
27,known_visit,ACBBA,bernoulli,drop_0.25,34,1156,9,10,acbba_g34_d140_bernoulli_drop_0_25,reruns\grid_density\scenarios\cv\known_visit_grid34_targets10_trials50.csv,00,48,1,0,41,8,1,0,0,0,0.0,0,0,169,100,69,972,187,45,34.6571,0.7701577777777777,0.7335,1.0594,1.2414,6.6741,0.14831333333333332,0.1097,0.3278,0.4952,45,27.983,0.6218444444444444,0.6287,0.7878,0.7969,completed
27,known_visit,ACBBA,bernoulli,drop_0.25,34,1156,9,10,acbba_g34_d140_bernoulli_drop_0_25,reruns\grid_density\scenarios\cv\known_visit_grid34_targets10_trials50.csv,01,43,1,2,29,15,3,0,0,0,0.0,0,0,164,89,75,950,213,64,47.6984,0.7452875,0.6791499999999999,1.0975,1.4793,9.4967,0.1483859375,0.1167,0.4083,0.6358,64,38.2017,0.5969015625,0.5588,0.7676,0.8435,completed
27,known_visit,ACBBA,bernoulli,drop_0.25,34,1156,9,10,acbba_g34_d140_bernoulli_drop_0_25,reruns\grid_density\scenarios\cv\known_visit_grid34_targets10_trials50.csv,02,38,1,1,21,18,1,1,1,0,0.0,0,0,155,80,75,956,217,75,62.7383,0.8365106666666667,0.8435,1.1069,1.2453,12.45,0.16599999999999998,0.1755,0.2647,0.4921,75,50.2883,0.6705106666666667,0.6973,0.8108,0.8857,completed
27,known_visit,ACBBA,bernoulli,drop_0.25,34,1156,9,10,acbba_g34_d140_bernoulli_drop_0_25,reruns\grid_density\scenarios\cv\known_visit_grid34_targets10_trials50.csv,03,43,0,1,36,8,5,0,0,0,0.0,0,0,164,88,76,964,200,66,45.6625,0.6918560606060606,0.6737500000000001,1.2205,1.2986,10.0119,0.15169545454545455,0.1219,0.4778,0.5461,66,35.6506,0.540160606060606,0.5491999999999999,0.7583,0.8854,completed
27,known_visit,ACBBA,bernoulli,drop_0.25,34,1156,9,10,acbba_g34_d140_bernoulli_drop_0_25,reruns\grid_density\scenarios\cv\known_visit_grid34_targets10_trials50.csv,04,40,1,1,36,5,6,0,0,0,0.0,0,0,163,84,79,920,246,77,60.7486,0.7889428571428572,0.7544,1.2313,1.298,12.8571,0.1669753246753247,0.1548,0.4832,0.5441,77,47.8915,0.6219675324675324,0.6515,0.7869,0.8633,completed
27,known_visit,ACBBA,bernoulli,drop_0.25,34,1156,9,10,acbba_g34_d140_bernoulli_drop_0_25,reruns\grid_density\scenarios\cv\known_visit_grid34_targets10_trials50.csv,05,38,2,1,30,9,0,0,0,0,0.0,0,0,149,78,71,950,229,81,54.094500000000004,0.6678333333333334,0.6518,0.8989,1.2728,10.3456,0.12772345679012345,0.1112,0.2062,0.4915,81,43.7489,0.5401098765432099,0.539,0.7419,0.7813,completed
27,known_visit,ACBBA,bernoulli,drop_0.25,34,1156,9,10,acbba_g34_d140_bernoulli_drop_0_25,reruns\grid_density\scenarios\cv\known_visit_grid34_targets10_trials50.csv,06,16,1,0,17,0,1,0,0,0,0.0,0,0,107,37,70,1006,214,157,106.1349,0.6760184713375796,0.6464,1.0111,1.285,19.7272,0.12565095541401275,0.106,0.1995,0.5434,157,86.4077,0.5503675159235669,0.5369,0.7818,0.8697,completed
27,known_visit,ACBBA,bernoulli,drop_0.25,34,1156,9,10,acbba_g34_d140_bernoulli_drop_0_25,reruns\grid_density\scenarios\cv\known_visit_grid34_targets10_trials50.csv,07,19,0,1,17,3,5,0,0,0,0.0,0,0,121,42,79,982,225,146,100.2696,0.6867780821917808,0.64715,1.0382,1.2535,19.0432,0.13043287671232875,0.10725,0.2107,0.5184,146,81.2264,0.556345205479452,0.5364500000000001,0.8033,0.846,completed
27,known_visit,ACBBA,bernoulli,drop_0.25,34,1156,9,10,acbba_g34_d140_bernoulli_drop_0_25,reruns\grid_density\scenarios\cv\known_visit_grid34_targets10_trials50.csv,08,34,3,0,35,0,1,0,0,0,0.0,0,0,137,70,67,991,200,97,60.3211,0.6218670103092784,0.645,0.904,1.2634,11.2371,0.11584639175257731,0.1068,0.2629,0.4957,97,49.084,0.5060206185567011,0.5368,0.7433,0.7812,completed
28,known_visit,ACBBA,bernoulli,drop_0.25,34,1156,9,10,acbba_g34_d140_bernoulli_drop_0_25,reruns\grid_density\scenarios\cv\known_visit_grid34_targets10_trials50.csv,00,37,3,0,37,1,0,0,0,0,0.0,0,0,142,76,66,859,215,24,19.1988,0.7999499999999999,0.76415,1.12,1.2001,4.3029,0.17928750000000002,0.13205,0.4655,0.466,24,14.8959,0.6206625,0.63645,0.7938,0.8247,completed
28,known_visit,ACBBA,bernoulli,drop_0.25,34,1156,9,10,acbba_g34_d140_bernoulli_drop_0_25,reruns\grid_density\scenarios\cv\known_visit_grid34_targets10_trials50.csv,01,31,1,0,32,0,1,0,0,0,0.0,0,0,130,65,65,896,191,46,36.3589,0.7904108695652173,0.7682,1.0296,1.0857,7.1324,0.15505217391304346,0.1301,0.3281,0.4339,46,29.2265,0.635358695652174,0.6256,0.7365,0.7664,completed
28,known_visit,ACBBA,bernoulli,drop_0.25,34,1156,9,10,acbba_g34_d140_bernoulli_drop_0_25,reruns\grid_density\scenarios\cv\known_visit_grid34_targets10_trials50.csv,02,22,0,1,18,5,2,0,0,0,0.0,0,0,119,48,71,907,190,79,65.8416,0.8334379746835443,0.7824,1.0909,1.2677,13.134,0.16625316455696204,0.1457,0.3469,0.5206,79,52.7076,0.6671848101265823,0.6451,0.8145,0.8871,completed
28,known_visit,ACBBA,bernoulli,drop_0.25,34,1156,9,10,acbba_g34_d140_bernoulli_drop_0_25,reruns\grid_density\scenarios\cv\known_visit_grid34_targets10_trials50.csv,03,36,0,1,30,7,3,0,0,0,0.0,0,0,144,75,69,863,209,30,26.0049,0.86683,0.77955,1.3344,1.3751,6.3233,0.21077666666666667,0.13165,0.569,0.5948,30,19.6816,0.6560533333333333,0.64335,0.7654,0.7803,completed
28,known_visit,ACBBA,bernoulli,drop_0.25,34,1156,9,10,acbba_g34_d140_bernoulli_drop_0_25,reruns\grid_density\scenarios\cv\known_visit_grid34_targets10_trials50.csv,04,42,2,1,40,3,3,0,0,0,0.0,0,0,162,85,77,851,204,13,12.583400000000001,0.9679538461538463,0.9028,1.2011,1.2011,3.9417999999999997,0.3032153846153846,0.3089,0.4987,0.4987,13,8.6416,0.6647384615384616,0.7024,0.7793,0.7793,completed
28,known_visit,ACBBA,bernoulli,drop_0.25,34,1156,9,10,acbba_g34_d140_bernoulli_drop_0_25,reruns\grid_density\scenarios\cv\known_visit_grid34_targets10_trials50.csv,05,37,1,0,37,1,3,0,0,0,0.0,0,0,141,76,65,876,199,28,22.5056,0.8037714285714286,0.74075,1.3017,1.3547,5.0885,0.18173214285714284,0.11805,0.5619,0.5762,28,17.4171,0.6220392857142858,0.6252,0.7785,0.7998,completed
28,known_visit,ACBBA,bernoulli,drop_0.25,34,1156,9,10,acbba_g34_d140_bernoulli_drop_0_25,reruns\grid_density\scenarios\cv\known_visit_grid34_targets10_trials50.csv,06,25,0,0,26,0,5,0,0,0,0.0,0,0,121,53,68,888,207,70,60.1102,0.8587171428571428,0.8399,1.1579,1.3221,12.4851,0.17835857142857142,0.1547,0.4357,0.5775,70,47.6251,0.6803585714285715,0.6856,0.8,0.8103,completed
28,known_visit,ACBBA,bernoulli,drop_0.25,34,1156,9,10,acbba_g34_d140_bernoulli_drop_0_25,reruns\grid_density\scenarios\cv\known_visit_grid34_targets10_trials50.csv,07,37,1,0,32,6,3,0,0,0,0.0,0,0,148,76,72,861,208,31,28.3981,0.9160677419354839,0.9317,1.0502,1.0774,6.1371,0.19797096774193548,0.1738,0.3312,0.4293,31,22.261,0.7180967741935483,0.741,0.8326,0.8733,completed
28,known_visit,ACBBA,bernoulli,drop_0.25,34,1156,9,10,acbba_g34_d140_bernoulli_drop_0_25,reruns\grid_density\scenarios\cv\known_visit_grid34_targets10_trials50.csv,08,22,2,0,23,0,1,0,0,0,0.0,0,0,110,47,63,886,220,78,65.035,0.8337820512820512,0.7867500000000001,1.1462,1.481,12.8679,0.16497307692307692,0.13955,0.3822,0.6022,78,52.1671,0.6688089743589744,0.6501,0.8305,0.8788,completed
29,known_visit,ACBBA,bernoulli,drop_0.25,34,1156,9,10,acbba_g34_d140_bernoulli_drop_0_25,reruns\grid_density\scenarios\cv\known_visit_grid34_targets10_trials50.csv,00,19,2,0,18,2,2,0,0,0,0.0,0,0,93,39,54,572,141,9,9.834900000000001,1.0927666666666669,1.0666,1.4089,1.4089,3.0036,0.3337333333333333,0.3107,0.5611,0.5611,9,6.8313,0.7590333333333333,0.7559,0.8651,0.8651,completed
29,known_visit,ACBBA,bernoulli,drop_0.25,34,1156,9,10,acbba_g34_d140_bernoulli_drop_0_25,reruns\grid_density\scenarios\cv\known_visit_grid34_targets10_trials50.csv,01,19,1,0,20,0,3,0,0,0,0.0,0,0,95,39,56,564,147,8,9.1851,1.1481375,1.1257,1.486,1.486,2.9538,0.369225,0.325,0.5937,0.5937,8,6.2313,0.7789125,0.7678,0.8923,0.8923,completed
29,known_visit,ACBBA,bernoulli,drop_0.25,34,1156,9,10,acbba_g34_d140_bernoulli_drop_0_25,reruns\grid_density\scenarios\cv\known_visit_grid34_targets10_trials50.csv,02,15,0,0,16,0,1,0,0,0,0.0,0,0,85,32,53,587,134,25,25.4482,1.017928,0.9678,1.3459,1.5155,6.3951,0.25580400000000003,0.2129,0.5445,0.5678,25,19.0531,0.762124,0.7598,0.8511,0.9477,completed
29,known_visit,ACBBA,bernoulli,drop_0.25,34,1156,9,10,acbba_g34_d140_bernoulli_drop_0_25,reruns\grid_density\scenarios\cv\known_visit_grid34_targets10_trials50.csv,03,10,1,0,11,0,0,0,0,0,0.0,0,0,72,22,50,585,148,38,32.2209,0.8479184210526316,0.8108,1.291,1.3065,6.6851,0.17592368421052632,0.14595,0.4957,0.5337,38,25.535800000000002,0.6719947368421053,0.66585,0.8657,0.8935,completed
29,known_visit,ACBBA,bernoulli,drop_0.25,34,1156,9,10,acbba_g34_d140_bernoulli_drop_0_25,reruns\grid_density\scenarios\cv\known_visit_grid34_targets10_trials50.csv,04,16,0,0,15,2,3,0,0,0,0.0,0,0,86,34,52,572,148,23,24.3351,1.0580478260869566,1.0239,1.3464,1.4207,6.3422,0.2757478260869565,0.2222,0.5271,0.6065,23,17.9929,0.7823,0.7796,0.8644,0.8841,completed
29,known_visit,ACBBA,bernoulli,drop_0.25,34,1156,9,10,acbba_g34_d140_bernoulli_drop_0_25,reruns\grid_density\scenarios\cv\known_visit_grid34_targets10_trials50.csv,05,20,1,0,21,0,1,0,0,0,0.0,0,0,85,41,44,573,147,10,10.5034,1.0503399999999998,0.97585,1.4181,1.4181,3.1831,0.31831,0.2429,0.613,0.613,10,7.3203,0.73203,0.74175,0.8051,0.8051,completed
29,known_visit,ACBBA,bernoulli,drop_0.25,34,1156,9,10,acbba_g34_d140_bernoulli_drop_0_25,reruns\grid_density\scenarios\cv\known_visit_grid34_targets10_trials50.csv,06,19,1,0,20,0,3,1,1,0,0.0,0,0,98,41,57,565,143,11,11.9581,1.0871,1.1013,1.3992,1.3992,3.7525999999999997,0.34114545454545453,0.347,0.5242,0.5242,11,8.2055,0.7459545454545455,0.7676,0.8856,0.8856,completed
29,known_visit,ACBBA,bernoulli,drop_0.25,34,1156,9,10,acbba_g34_d140_bernoulli_drop_0_25,reruns\grid_density\scenarios\cv\known_visit_grid34_targets10_trials50.csv,07,20,3,0,21,0,1,0,0,0,0.0,0,0,97,41,56,570,140,10,9.751999999999999,0.9751999999999998,0.87985,1.5678,1.5678,2.71,0.271,0.20900000000000002,0.6262,0.6262,10,7.042,0.7041999999999999,0.7185999999999999,0.9416,0.9416,completed
29,known_visit,ACBBA,bernoulli,drop_0.25,34,1156,9,10,acbba_g34_d140_bernoulli_drop_0_25,reruns\grid_density\scenarios\cv\known_visit_grid34_targets10_trials50.csv,08,20,1,1,17,4,1,0,0,0,0.0,0,0,96,41,55,556,153,8,8.4612,1.05765,1.0648499999999999,1.3975,1.3975,2.6034,0.325425,0.2982,0.5453,0.5453,8,5.8578,0.732225,0.75915,0.8522,0.8522,completed
30,known_visit,ACBBA,bernoulli,drop_0.25,34,1156,9,10,acbba_g34_d140_bernoulli_drop_0_25,reruns\grid_density\scenarios\cv\known_visit_grid34_targets10_trials50.csv,00,35,1,1,32,4,1,0,0,0,0.0,0,0,151,75,76,1016,223,51,40.7845,0.7996960784313726,0.8532,1.1324,1.2312,9.5977,0.18819019607843138,0.2041,0.4569,0.463,51,31.186799999999998,0.6115058823529411,0.6434,0.7743,0.8284,completed
30,known_visit,ACBBA,bernoulli,drop_0.25,34,1156,9,10,acbba_g34_d140_bernoulli_drop_0_25,reruns\grid_density\scenarios\cv\known_visit_grid34_targets10_trials50.csv,01,43,1,2,37,7,4,0,0,0,0.0,0,0,178,90,88,999,212,24,20.5291,0.8553791666666667,0.80175,1.2143,1.3969,5.3662,0.22359166666666666,0.17525,0.4789,0.5016,24,15.1629,0.6317875000000001,0.6265000000000001,0.8285,0.9223,completed
30,known_visit,ACBBA,bernoulli,drop_0.25,34,1156,9,10,acbba_g34_d140_bernoulli_drop_0_25,reruns\grid_density\scenarios\cv\known_visit_grid34_targets10_trials50.csv,02,47,2,0,48,0,2,0,0,0,0.0,0,0,173,95,78,984,233,11,10.6784,0.9707636363636364,0.9775,1.1737,1.1737,3.2287,0.2935181818181818,0.2976,0.5162,0.5162,11,7.4497,0.6772454545454546,0.664,0.8441,0.8441,completed
30,known_visit,ACBBA,bernoulli,drop_0.25,34,1156,9,10,acbba_g34_d140_bernoulli_drop_0_25,reruns\grid_density\scenarios\cv\known_visit_grid34_targets10_trials50.csv,03,45,2,1,43,3,2,0,0,0,0.0,0,0,174,92,82,998,219,18,15.9899,0.8883277777777778,0.8621000000000001,1.1326,1.1326,4.4536999999999995,0.24742777777777775,0.17425,0.5149,0.5149,18,11.536200000000001,0.6409,0.6397999999999999,0.7551,0.7551,completed
30,known_visit,ACBBA,bernoulli,drop_0.25,34,1156,9,10,acbba_g34_d140_bernoulli_drop_0_25,reruns\grid_density\scenarios\cv\known_visit_grid34_targets10_trials50.csv,04,37,3,0,38,0,2,0,0,0,0.0,0,0,158,78,80,987,246,46,40.5844,0.8822695652173913,0.8506,1.1168,1.3777,9.2225,0.20048913043478261,0.18669999999999998,0.4654,0.4908,46,31.3619,0.6817804347826086,0.65445,0.8922,0.9541,completed
30,known_visit,ACBBA,bernoulli,drop_0.25,34,1156,9,10,acbba_g34_d140_bernoulli_drop_0_25,reruns\grid_density\scenarios\cv\known_visit_grid34_targets10_trials50.csv,05,29,0,0,29,1,4,1,1,0,0.0,0,0,144,64,80,1010,237,75,67.7529,0.903372,0.8651,1.1482,1.437,17.7628,0.23683733333333332,0.2123,0.4863,0.5219,75,49.9901,0.6665346666666666,0.6458,0.8761,0.9151,completed
30,known_visit,ACBBA,bernoulli,drop_0.25,34,1156,9,10,acbba_g34_d140_bernoulli_drop_0_25,reruns\grid_density\scenarios\cv\known_visit_grid34_targets10_trials50.csv,06,31,1,0,32,0,4,0,0,0,0.0,0,0,151,64,87,1014,224,72,52.5736,0.7301888888888889,0.6900999999999999,1.1268,1.5539,10.3842,0.144225,0.09905,0.4993,0.5496,72,42.1894,0.5859638888888888,0.5912999999999999,0.7188,1.0304,completed
30,known_visit,ACBBA,bernoulli,drop_0.25,34,1156,9,10,acbba_g34_d140_bernoulli_drop_0_25,reruns\grid_density\scenarios\cv\known_visit_grid34_targets10_trials50.csv,07,23,0,1,21,3,8,4,2,1,5.0,1,0,140,53,87,1019,231,95,74.371,0.7828526315789474,0.7321,1.1697,1.4184,17.0475,0.17944736842105263,0.1177,0.4991,0.5514,95,57.3235,0.6034052631578948,0.6074,0.7597,0.9344,completed
30,known_visit,ACBBA,bernoulli,drop_0.25,34,1156,9,10,acbba_g34_d140_bernoulli_drop_0_25,reruns\grid_density\scenarios\cv\known_visit_grid34_targets10_trials50.csv,08,17,0,0,16,2,5,0,0,0,0.0,0,0,123,39,84,1019,247,113,87.6996,0.7761026548672567,0.7471,1.1063,1.3756,18.1806,0.16089026548672564,0.1219,0.4301,0.5825,113,69.519,0.615212389380531,0.6281,0.8088,0.9382,completed
31,known_visit,ACBBA,bernoulli,drop_0.25,34,1156,9,10,acbba_g34_d140_bernoulli_drop_0_25,reruns\grid_density\scenarios\cv\known_visit_grid34_targets10_trials50.csv,00,23,2,0,24,0,1,0,0,0,0.0,0,0,113,48,65,776,185,48,38.4557,0.8011604166666667,0.76545,1.0433,1.2437,7.9315,0.16523958333333333,0.12924999999999998,0.4812,0.5348,48,30.5242,0.6359208333333334,0.63175,0.7082,0.721,completed
31,known_visit,ACBBA,bernoulli,drop_0.25,34,1156,9,10,acbba_g34_d140_bernoulli_drop_0_25,reruns\grid_density\scenarios\cv\known_visit_grid34_targets10_trials50.csv,01,18,1,0,19,0,0,0,0,0,0.0,0,0,95,38,57,792,187,60,46.7603,0.7793383333333334,0.7556499999999999,0.9376,1.3371,9.0801,0.151335,0.12680000000000002,0.3265,0.5911,60,37.6802,0.6280033333333334,0.62635,0.6982,0.7551,completed
31,known_visit,ACBBA,bernoulli,drop_0.25,34,1156,9,10,acbba_g34_d140_bernoulli_drop_0_25,reruns\grid_density\scenarios\cv\known_visit_grid34_targets10_trials50.csv,02,35,1,0,36,0,3,0,0,0,0.0,0,0,133,71,62,754,187,12,11.3267,0.9438916666666667,0.92405,1.3807,1.3807,3.5953,0.2996083333333333,0.28315,0.5459,0.5459,12,7.7314,0.6442833333333333,0.6262000000000001,0.8348,0.8348,completed
31,known_visit,ACBBA,bernoulli,drop_0.25,34,1156,9,10,acbba_g34_d140_bernoulli_drop_0_25,reruns\grid_density\scenarios\cv\known_visit_grid34_targets10_trials50.csv,03,34,1,0,33,2,0,0,0,0,0.0,0,0,134,70,64,769,171,8,7.8926,0.986575,0.9469000000000001,1.2467,1.2467,2.3977,0.2997125,0.271,0.5074,0.5074,8,5.4949,0.6868625,0.6867000000000001,0.784,0.784,completed
31,known_visit,ACBBA,bernoulli,drop_0.25,34,1156,9,10,acbba_g34_d140_bernoulli_drop_0_25,reruns\grid_density\scenarios\cv\known_visit_grid34_targets10_trials50.csv,04,35,3,0,36,0,1,0,0,0,0.0,0,0,141,71,70,759,175,11,10.506,0.9550909090909091,0.9534,1.2379,1.2379,3.3355,0.30322727272727273,0.3248,0.5269,0.5269,11,7.1705,0.6518636363636363,0.6439,0.7227,0.7227,completed
31,known_visit,ACBBA,bernoulli,drop_0.25,34,1156,9,10,acbba_g34_d140_bernoulli_drop_0_25,reruns\grid_density\scenarios\cv\known_visit_grid34_targets10_trials50.csv,05,30,2,0,29,2,2,0,0,0,0.0,0,0,127,62,65,756,191,21,19.6241,0.9344809523809523,0.9256,1.2335,1.2989,5.6467,0.2688904761904762,0.1913,0.5226,0.5438,21,13.9774,0.6655904761904762,0.6574,0.7652,0.7913,completed
31,known_visit,ACBBA,bernoulli,drop_0.25,34,1156,9,10,acbba_g34_d140_bernoulli_drop_0_25,reruns\grid_density\scenarios\cv\known_visit_grid34_targets10_trials50.csv,06,20,0,1,20,1,1,3,1,1,5.0,1,0,104,43,61,786,184,53,42.7255,0.8061415094339622,0.7731,1.0109,1.3031,9.132,0.1723018867924528,0.1358,0.4213,0.5942,53,33.5935,0.6338396226415094,0.6346,0.7319,0.8172,completed
31,known_visit,ACBBA,bernoulli,drop_0.25,34,1156,9,10,acbba_g34_d140_bernoulli_drop_0_25,reruns\grid_density\scenarios\cv\known_visit_grid34_targets10_trials50.csv,07,21,0,0,22,0,4,0,0,0,0.0,0,0,113,46,67,783,178,59,49.7017,0.8424016949152543,0.7961,1.1144,1.2288,13.7154,0.23246440677966104,0.204,0.5021,0.5324,59,35.9863,0.6099372881355932,0.5897,0.7213,0.8372,completed
31,known_visit,ACBBA,bernoulli,drop_0.25,34,1156,9,10,acbba_g34_d140_bernoulli_drop_0_25,reruns\grid_density\scenarios\cv\known_visit_grid34_targets10_trials50.csv,08,23,0,0,23,1,3,0,0,0,0.0,0,0,115,50,65,784,176,51,41.9118,0.8218,0.7892,1.0958,1.1474,12.086,0.23698039215686276,0.2111,0.462,0.4963,51,29.8258,0.5848196078431372,0.571,0.6651,0.7642,completed
32,known_visit,ACBBA,bernoulli,drop_0.25,34,1156,9,10,acbba_g34_d140_bernoulli_drop_0_25,reruns\grid_density\scenarios\cv\known_visit_grid34_targets10_trials50.csv,00,6,0,0,7,0,3,0,0,0,0.0,0,0,73,15,58,763,147,86,67.9627,0.7902639534883721,0.8086,0.8768,1.1119,16.2244,0.18865581395348838,0.1846,0.2218,0.4757,86,51.7383,0.6016081395348838,0.61175,0.65,0.6939,completed
32,known_visit,ACBBA,bernoulli,drop_0.25,34,1156,9,10,acbba_g34_d140_bernoulli_drop_0_25,reruns\grid_density\scenarios\cv\known_visit_grid34_targets10_trials50.csv,01,27,1,0,28,0,0,0,0,0,0.0,0,0,108,56,52,698,176,18,13.8888,0.7716,0.7134,1.0857,1.0857,3.8726,0.21514444444444444,0.17375000000000002,0.4629,0.4629,18,10.0162,0.5564555555555555,0.55385,0.6352,0.6352,completed
32,known_visit,ACBBA,bernoulli,drop_0.25,34,1156,9,10,acbba_g34_d140_bernoulli_drop_0_25,reruns\grid_density\scenarios\cv\known_visit_grid34_targets10_trials50.csv,02,23,0,0,24,0,3,0,0,0,0.0,0,0,106,49,57,711,165,31,23.7523,0.7662032258064516,0.7448,1.0565,1.1647,6.1322,0.19781290322580644,0.167,0.4688,0.4746,31,17.6201,0.5683903225806451,0.5744,0.6705,0.6901,completed
32,known_visit,ACBBA,bernoulli,drop_0.25,34,1156,9,10,acbba_g34_d140_bernoulli_drop_0_25,reruns\grid_density\scenarios\cv\known_visit_grid34_targets10_trials50.csv,03,29,1,0,30,0,3,0,0,0,0.0,0,0,117,59,58,700,165,10,8.4667,0.8466699999999999,0.87035,1.0502,1.0502,2.699,0.2699,0.28090000000000004,0.4633,0.4633,10,5.7677,0.57677,0.5870500000000001,0.62,0.62,completed
32,known_visit,ACBBA,bernoulli,drop_0.25,34,1156,9,10,acbba_g34_d140_bernoulli_drop_0_25,reruns\grid_density\scenarios\cv\known_visit_grid34_targets10_trials50.csv,04,27,1,0,27,1,4,0,0,0,0.0,0,0,118,58,60,710,155,17,14.4211,0.8482999999999999,0.8269,1.1671,1.1671,4.4682,0.26283529411764706,0.2166,0.4976,0.4976,17,9.9529,0.5854647058823529,0.5677,0.6871,0.6871,completed
32,known_visit,ACBBA,bernoulli,drop_0.25,34,1156,9,10,acbba_g34_d140_bernoulli_drop_0_25,reruns\grid_density\scenarios\cv\known_visit_grid34_targets10_trials50.csv,05,30,4,0,31,0,2,0,0,0,0.0,0,0,117,61,56,699,167,10,8.8801,0.8880100000000001,0.7982,1.2471,1.2471,2.9723,0.29723,0.24915,0.5154,0.5154,10,5.9078,0.59078,0.5769,0.7317,0.7317,completed
32,known_visit,ACBBA,bernoulli,drop_0.25,34,1156,9,10,acbba_g34_d140_bernoulli_drop_0_25,reruns\grid_density\scenarios\cv\known_visit_grid34_targets10_trials50.csv,06,26,0,1,22,5,2,0,0,0,0.0,0,0,110,54,56,698,174,20,16.0215,0.801075,0.7402500000000001,1.1272,1.1744,4.3119,0.21559499999999998,0.15995,0.4603,0.4818,20,11.7096,0.58548,0.5743,0.6669,0.6926,completed
32,known_visit,ACBBA,bernoulli,drop_0.25,34,1156,9,10,acbba_g34_d140_bernoulli_drop_0_25,reruns\grid_density\scenarios\cv\known_visit_grid34_targets10_trials50.csv,07,27,1,1,22,6,1,0,0,0,0.0,0,0,115,56,59,698,169,16,13.501,0.8438125,0.79135,1.0809,1.0809,3.8818,0.2426125,0.2057,0.4682,0.4682,16,9.6192,0.6012,0.6057999999999999,0.6779,0.6779,completed
32,known_visit,ACBBA,bernoulli,drop_0.25,34,1156,9,10,acbba_g34_d140_bernoulli_drop_0_25,reruns\grid_density\scenarios\cv\known_visit_grid34_targets10_trials50.csv,08,28,2,1,26,3,0,0,0,0,0.0,0,0,119,58,61,700,163,10,7.7938,0.77938,0.7115,1.1692,1.1692,2.2074,0.22074,0.18695,0.482,0.482,10,5.5864,0.55864,0.52705,0.6872,0.6872,completed
33,known_visit,ACBBA,bernoulli,drop_0.25,34,1156,9,10,acbba_g34_d140_bernoulli_drop_0_25,reruns\grid_density\scenarios\cv\known_visit_grid34_targets10_trials50.csv,00,49,1,0,48,2,0,0,0,0,0.0,0,0,168,101,67,927,170,11,10.2636,0.9330545454545455,0.9278,1.2081,1.2081,3.1201,0.28364545454545453,0.2914,0.4656,0.4656,11,7.1434999999999995,0.6494090909090908,0.6391,0.8627,0.8627,completed
33,known_visit,ACBBA,bernoulli,drop_0.25,34,1156,9,10,acbba_g34_d140_bernoulli_drop_0_25,reruns\grid_density\scenarios\cv\known_visit_grid34_targets10_trials50.csv,01,49,2,1,48,2,3,1,1,0,0.0,0,0,168,100,68,888,210,13,12.5666,0.9666615384615385,0.9928,1.3453,1.3453,3.8196,0.2938153846153846,0.299,0.5012,0.5012,13,8.747,0.6728461538461539,0.6848,0.8441,0.8441,completed
33,known_visit,ACBBA,bernoulli,drop_0.25,34,1156,9,10,acbba_g34_d140_bernoulli_drop_0_25,reruns\grid_density\scenarios\cv\known_visit_grid34_targets10_trials50.csv,02,39,2,0,40,0,2,0,0,0,0.0,0,0,149,81,68,911,205,42,32.874,0.7827142857142858,0.721,1.0775,1.3523,7.7601,0.18476428571428571,0.13965,0.4456,0.5006,42,25.1139,0.59795,0.6012,0.7263,0.8517,completed
33,known_visit,ACBBA,bernoulli,drop_0.25,34,1156,9,10,acbba_g34_d140_bernoulli_drop_0_25,reruns\grid_density\scenarios\cv\known_visit_grid34_targets10_trials50.csv,03,28,0,1,25,4,4,0,0,0,0.0,0,0,131,59,72,939,195,82,71.4451,0.8712817073170731,0.81365,1.1586,3.2344,16.9069,0.20618170731707317,0.18385,0.451,0.8511,82,54.5382,0.6651,0.6334500000000001,0.7858,2.3833,completed
33,known_visit,ACBBA,bernoulli,drop_0.25,34,1156,9,10,acbba_g34_d140_bernoulli_drop_0_25,reruns\grid_density\scenarios\cv\known_visit_grid34_targets10_trials50.csv,04,29,0,0,29,1,1,0,0,0,0.0,0,0,123,62,61,919,223,73,54.681,0.7490547945205479,0.7188,1.045,1.2667,10.7121,0.14674109589041096,0.1262,0.3176,0.4633,73,43.9689,0.602313698630137,0.6035,0.7543,0.8061,completed
33,known_visit,ACBBA,bernoulli,drop_0.25,34,1156,9,10,acbba_g34_d140_bernoulli_drop_0_25,reruns\grid_density\scenarios\cv\known_visit_grid34_targets10_trials50.csv,05,35,0,3,22,14,2,0,0,0,0.0,0,0,146,73,73,919,200,52,45.4955,0.8749134615384615,0.8925000000000001,1.1882,1.8269,11.1924,0.21523846153846152,0.18155,0.4572,1.2135,52,34.3031,0.659675,0.6588499999999999,0.8222,0.9329,completed
33,known_visit,ACBBA,bernoulli,drop_0.25,34,1156,9,10,acbba_g34_d140_bernoulli_drop_0_25,reruns\grid_density\scenarios\cv\known_visit_grid34_targets10_trials50.csv,06,30,2,0,31,0,5,1,1,0,0.0,0,0,131,65,66,922,213,74,70.7586,0.9561972972972973,0.85315,1.2924,5.4735,14.4467,0.19522567567567567,0.1743,0.4195,0.4784,74,56.3119,0.7609716216216217,0.66515,1.0473,5.0698,completed
33,known_visit,ACBBA,bernoulli,drop_0.25,34,1156,9,10,acbba_g34_d140_bernoulli_drop_0_25,reruns\grid_density\scenarios\cv\known_visit_grid34_targets10_trials50.csv,07,8,1,0,9,0,3,0,0,0,0.0,0,0,82,21,61,966,217,146,112.9636,0.7737232876712329,0.774,0.9722,1.1891,22.5595,0.15451712328767123,0.14934999999999998,0.2987,0.4789,146,90.4041,0.6192061643835617,0.6115,0.7544,0.8868,completed
33,known_visit,ACBBA,bernoulli,drop_0.25,34,1156,9,10,acbba_g34_d140_bernoulli_drop_0_25,reruns\grid_density\scenarios\cv\known_visit_grid34_targets10_trials50.csv,08,47,2,0,48,0,3,1,1,0,0.0,0,0,168,97,71,907,190,15,14.1552,0.9436800000000001,0.9586,1.1799,1.1799,4.3676,0.29117333333333334,0.2346,0.5007,0.5007,15,9.7876,0.6525066666666667,0.6399,0.8229,0.8229,completed
34,known_visit,ACBBA,bernoulli,drop_0.25,34,1156,9,10,acbba_g34_d140_bernoulli_drop_0_25,reruns\grid_density\scenarios\cv\known_visit_grid34_targets10_trials50.csv,00,14,1,0,14,1,0,0,0,0,0.0,0,0,74,31,43,695,169,113,88.25450000000001,0.7810132743362832,0.7709,0.9438,1.2996,16.4458,0.14553805309734513,0.1292,0.2103,0.5222,113,71.8087,0.6354752212389381,0.6282,0.7641,0.8014,completed
34,known_visit,ACBBA,bernoulli,drop_0.25,34,1156,9,10,acbba_g34_d140_bernoulli_drop_0_25,reruns\grid_density\scenarios\cv\known_visit_grid34_targets10_trials50.csv,01,28,1,1,25,4,1,1,1,0,0.0,0,0,111,59,52,691,136,70,54.9838,0.7854828571428571,0.74715,1.2561,1.3332,10.723,0.1531857142857143,0.11865,0.4193,0.5322,70,44.2608,0.6322971428571429,0.62795,0.7668,0.9929,completed
34,known_visit,ACBBA,bernoulli,drop_0.25,34,1156,9,10,acbba_g34_d140_bernoulli_drop_0_25,reruns\grid_density\scenarios\cv\known_visit_grid34_targets10_trials50.csv,02,24,1,1,24,1,2,1,1,0,0.0,0,0,99,51,48,699,140,83,65.768,0.7923855421686747,0.7642,1.2621,1.454,13.7159,0.16525180722891566,0.1278,0.4807,0.6911,83,52.0521,0.6271337349397591,0.6351,0.7562,0.8002,completed
34,known_visit,ACBBA,bernoulli,drop_0.25,34,1156,9,10,acbba_g34_d140_bernoulli_drop_0_25,reruns\grid_density\scenarios\cv\known_visit_grid34_targets10_trials50.csv,03,16,1,0,15,2,0,0,0,0,0.0,0,0,82,34,48,692,164,109,90.9687,0.8345752293577982,0.8225,1.0166,1.2353,18.798,0.17245871559633025,0.1564,0.2364,0.4858,109,72.1707,0.6621165137614679,0.6577,0.7915,0.9242,completed
34,known_visit,ACBBA,bernoulli,drop_0.25,34,1156,9,10,acbba_g34_d140_bernoulli_drop_0_25,reruns\grid_density\scenarios\cv\known_visit_grid34_targets10_trials50.csv,04,47,2,0,45,3,3,0,0,0,0.0,0,0,153,95,58,641,145,13,13.2773,1.0213307692307692,0.9392,1.3964,1.3964,4.0525,0.31173076923076926,0.2616,0.5642,0.5642,13,9.2248,0.7096,0.7209,0.8372,0.8372,completed
34,known_visit,ACBBA,bernoulli,drop_0.25,34,1156,9,10,acbba_g34_d140_bernoulli_drop_0_25,reruns\grid_density\scenarios\cv\known_visit_grid34_targets10_trials50.csv,05,25,2,0,26,0,0,0,0,0,0.0,0,0,99,52,47,680,158,80,59.0786,0.7384825,0.7391,0.9202,1.2094,10.5095,0.13136874999999998,0.11549999999999999,0.214,0.544,80,48.5691,0.60711375,0.6221000000000001,0.6894,0.8114,completed
34,known_visit,ACBBA,bernoulli,drop_0.25,34,1156,9,10,acbba_g34_d140_bernoulli_drop_0_25,reruns\grid_density\scenarios\cv\known_visit_grid34_targets10_trials50.csv,06,16,0,0,17,0,1,0,0,0,0.0,0,0,82,35,47,700,156,109,83.1916,0.7632256880733944,0.7411,1.0016,1.3066,15.3893,0.1411862385321101,0.119,0.2444,0.5409,109,67.8023,0.6220394495412844,0.6204,0.7627,0.8172,completed
34,known_visit,ACBBA,bernoulli,drop_0.25,34,1156,9,10,acbba_g34_d140_bernoulli_drop_0_25,reruns\grid_density\scenarios\cv\known_visit_grid34_targets10_trials50.csv,07,29,0,2,22,8,0,2,1,1,5.0,1,0,108,63,45,696,133,64,49.4221,0.7722203125,0.7415499999999999,0.941,1.2211,8.5046,0.132884375,0.11574999999999999,0.2107,0.491,64,40.9175,0.6393359375,0.62225,0.7655,0.8084,completed
34,known_visit,ACBBA,bernoulli,drop_0.25,34,1156,9,10,acbba_g34_d140_bernoulli_drop_0_25,reruns\grid_density\scenarios\cv\known_visit_grid34_targets10_trials50.csv,08,36,2,0,37,0,1,6,1,2,20.0,2,0,131,75,56,661,146,41,33.1741,0.8091243902439025,0.7823,1.0229,1.0802,7.1954,0.17549756097560976,0.1657,0.3655,0.4919,41,25.9787,0.6336268292682927,0.6259,0.7421,0.7952,completed
35,known_visit,ACBBA,bernoulli,drop_0.25,34,1156,9,10,acbba_g34_d140_bernoulli_drop_0_25,reruns\grid_density\scenarios\cv\known_visit_grid34_targets10_trials50.csv,00,24,0,2,19,6,0,0,0,0,0.0,0,0,101,50,51,821,174,79,62.9805,0.7972215189873417,0.7901,1.0294,1.2875,11.7764,0.14906835443037975,0.1255,0.223,0.4691,79,51.2041,0.648153164556962,0.6555,0.8039,0.8215,completed
35,known_visit,ACBBA,bernoulli,drop_0.25,34,1156,9,10,acbba_g34_d140_bernoulli_drop_0_25,reruns\grid_density\scenarios\cv\known_visit_grid34_targets10_trials50.csv,01,33,1,0,34,0,3,0,0,0,0.0,0,0,120,68,52,830,146,56,46.3773,0.8281660714285713,0.76435,1.2205,4.116,7.7953,0.1392017857142857,0.12045,0.4655,0.5111,56,38.582,0.6889642857142857,0.6396,0.8123,3.8331,completed
35,known_visit,ACBBA,bernoulli,drop_0.25,34,1156,9,10,acbba_g34_d140_bernoulli_drop_0_25,reruns\grid_density\scenarios\cv\known_visit_grid34_targets10_trials50.csv,02,35,4,0,36,0,1,0,0,0,0.0,0,0,127,72,55,802,168,48,44.1147,0.91905625,0.92425,1.1317,1.2697,9.7783,0.20371458333333334,0.1877,0.3843,0.5157,48,34.3364,0.7153416666666667,0.7284999999999999,0.8237,0.8332,completed
35,known_visit,ACBBA,bernoulli,drop_0.25,34,1156,9,10,acbba_g34_d140_bernoulli_drop_0_25,reruns\grid_density\scenarios\cv\known_visit_grid34_targets10_trials50.csv,03,35,2,0,36,0,3,0,0,0,0.0,0,0,125,73,52,800,172,51,46.6887,0.9154647058823528,0.8605,1.296,1.878,11.036200000000001,0.21639607843137257,0.1951,0.4993,0.5702,51,35.6525,0.6990686274509804,0.6793,0.8282,1.5941,completed
35,known_visit,ACBBA,bernoulli,drop_0.25,34,1156,9,10,acbba_g34_d140_bernoulli_drop_0_25,reruns\grid_density\scenarios\cv\known_visit_grid34_targets10_trials50.csv,04,15,0,0,14,2,5,0,0,0,0.0,0,0,91,36,55,823,183,117,107.3412,0.9174461538461538,0.8759,1.2161,2.2565,24.7489,0.2115290598290598,0.1862,0.4208,1.6304,117,82.5923,0.705917094017094,0.6955,0.8184,1.8117,completed
35,known_visit,ACBBA,bernoulli,drop_0.25,34,1156,9,10,acbba_g34_d140_bernoulli_drop_0_25,reruns\grid_density\scenarios\cv\known_visit_grid34_targets10_trials50.csv,05,37,0,3,16,22,0,1,1,0,0.0,0,0,132,78,54,776,188,37,45.807,1.238027027027027,0.9986,2.7444,7.0184,11.5333,0.3117108108108108,0.2414,0.673,1.9112,37,34.2737,0.9263162162162162,0.745,1.5473,6.6995,completed
35,known_visit,ACBBA,bernoulli,drop_0.25,34,1156,9,10,acbba_g34_d140_bernoulli_drop_0_25,reruns\grid_density\scenarios\cv\known_visit_grid34_targets10_trials50.csv,06,46,0,2,44,3,3,0,0,0,0.0,0,0,151,94,57,799,146,15,15.566699999999999,1.03778,1.0891,1.3391,1.3391,4.953,0.3302,0.3347,0.5754,0.5754,15,10.6137,0.70758,0.7272,0.8012,0.8012,completed
35,known_visit,ACBBA,bernoulli,drop_0.25,34,1156,9,10,acbba_g34_d140_bernoulli_drop_0_25,reruns\grid_density\scenarios\cv\known_visit_grid34_targets10_trials50.csv,07,47,3,0,48,0,2,0,0,0,0.0,0,0,161,95,66,747,188,11,11.7811,1.071009090909091,1.0548,1.3219,1.3219,3.8153,0.34684545454545457,0.3032,0.5609,0.5609,11,7.9658,0.7241636363636363,0.735,0.8394,0.8394,completed
35,known_visit,ACBBA,bernoulli,drop_0.25,34,1156,9,10,acbba_g34_d140_bernoulli_drop_0_25,reruns\grid_density\scenarios\cv\known_visit_grid34_targets10_trials50.csv,08,13,0,0,12,2,5,0,0,0,0.0,0,0,89,32,57,821,186,122,108.7377,0.8912926229508197,0.8855500000000001,1.1699,1.5448,23.2234,0.19035573770491804,0.17515,0.4066,0.6727,122,85.5143,0.7009368852459017,0.6854,0.8145,1.1382,completed
36,known_visit,ACBBA,bernoulli,drop_0.25,34,1156,9,10,acbba_g34_d140_bernoulli_drop_0_25,reruns\grid_density\scenarios\cv\known_visit_grid34_targets10_trials50.csv,00,24,2,0,24,1,0,0,0,0,0.0,0,0,110,51,59,924,237,83,68.4954,0.8252457831325302,0.7939,1.1004,1.2004,14.1807,0.17085180722891566,0.1551,0.3773,0.4813,83,54.3147,0.6543939759036145,0.6437,0.7712,0.8945,completed
36,known_visit,ACBBA,bernoulli,drop_0.25,34,1156,9,10,acbba_g34_d140_bernoulli_drop_0_25,reruns\grid_density\scenarios\cv\known_visit_grid34_targets10_trials50.csv,01,44,3,0,45,0,5,3,1,1,5.0,1,0,157,90,67,891,222,13,13.9037,1.0695153846153846,1.0998,1.2333,1.2333,4.867,0.37438461538461537,0.3829,0.4728,0.4728,13,9.0367,0.6951307692307692,0.7027,0.7763,0.7763,completed
36,known_visit,ACBBA,bernoulli,drop_0.25,34,1156,9,10,acbba_g34_d140_bernoulli_drop_0_25,reruns\grid_density\scenarios\cv\known_visit_grid34_targets10_trials50.csv,02,42,0,4,25,18,3,3,1,1,5.0,1,0,161,87,74,924,185,25,24.747600000000002,0.9899040000000001,0.9298,1.2657,1.27,7.1175,0.2847,0.1835,0.5437,0.5677,25,17.6301,0.7052039999999999,0.6952,0.7878,0.8863,completed
36,known_visit,ACBBA,bernoulli,drop_0.25,34,1156,9,10,acbba_g34_d140_bernoulli_drop_0_25,reruns\grid_density\scenarios\cv\known_visit_grid34_targets10_trials50.csv,03,24,0,1,23,2,5,0,0,0,0.0,0,0,114,52,62,931,225,85,77.2714,0.9090752941176471,0.9026,1.1732,1.3459,18.4814,0.21742823529411764,0.1955,0.4309,0.5516,85,58.79,0.6916470588235294,0.6856,0.7978,0.9942,completed
36,known_visit,ACBBA,bernoulli,drop_0.25,34,1156,9,10,acbba_g34_d140_bernoulli_drop_0_25,reruns\grid_density\scenarios\cv\known_visit_grid34_targets10_trials50.csv,04,28,1,1,28,1,5,0,0,0,0.0,0,0,127,59,68,919,224,69,58.3625,0.8458333333333333,0.7894,1.262,1.6759,11.9862,0.17371304347826086,0.153,0.4664,0.548,69,46.3763,0.6721202898550724,0.6506,0.7962,1.5533,completed
36,known_visit,ACBBA,bernoulli,drop_0.25,34,1156,9,10,acbba_g34_d140_bernoulli_drop_0_25,reruns\grid_density\scenarios\cv\known_visit_grid34_targets10_trials50.csv,05,42,2,0,43,0,3,0,0,0,0.0,0,0,154,86,68,907,209,24,19.8229,0.8259541666666667,0.8069500000000001,1.1392,1.2044,4.6514999999999995,0.19381249999999997,0.12304999999999999,0.4512,0.485,24,15.1714,0.6321416666666667,0.6288,0.7513,0.7532,completed
36,known_visit,ACBBA,bernoulli,drop_0.25,34,1156,9,10,acbba_g34_d140_bernoulli_drop_0_25,reruns\grid_density\scenarios\cv\known_visit_grid34_targets10_trials50.csv,06,34,0,2,28,7,4,0,0,0,0.0,0,0,147,71,76,902,221,51,46.9139,0.9198803921568627,0.913,1.2405,1.2644,12.1651,0.23853137254901963,0.2131,0.5066,0.5493,51,34.7488,0.6813490196078432,0.6815,0.8121,0.8316,completed
36,known_visit,ACBBA,bernoulli,drop_0.25,34,1156,9,10,acbba_g34_d140_bernoulli_drop_0_25,reruns\grid_density\scenarios\cv\known_visit_grid34_targets10_trials50.csv,07,43,2,0,42,2,5,0,0,0,0.0,0,0,161,89,72,892,218,22,19.8649,0.9029499999999999,0.9148000000000001,1.2387,1.2858,5.6524,0.2569272727272727,0.2203,0.4685,0.492,22,14.2125,0.6460227272727272,0.60565,0.8763,0.9053,completed
36,known_visit,ACBBA,bernoulli,drop_0.25,34,1156,9,10,acbba_g34_d140_bernoulli_drop_0_25,reruns\grid_density\scenarios\cv\known_visit_grid34_targets10_trials50.csv,08,36,0,0,36,1,6,0,0,0,0.0,0,0,140,76,64,949,181,48,39.5128,0.8231833333333333,0.79365,1.241,1.2845,9.1194,0.1899875,0.13155,0.4936,0.5342,48,30.3934,0.6331958333333333,0.6527499999999999,0.7983,0.8584,completed
37,known_visit,ACBBA,bernoulli,drop_0.25,34,1156,9,10,acbba_g34_d140_bernoulli_drop_0_25,reruns\grid_density\scenarios\cv\known_visit_grid34_targets10_trials50.csv,00,24,0,1,20,5,1,0,0,0,0.0,0,0,104,51,53,774,170,50,41.8553,0.837106,0.8142,1.1981,1.8847,8.738,0.17476,0.14750000000000002,0.4945,0.5402,50,33.1173,0.662346,0.6697,0.8101,1.3445,completed
37,known_visit,ACBBA,bernoulli,drop_0.25,34,1156,9,10,acbba_g34_d140_bernoulli_drop_0_25,reruns\grid_density\scenarios\cv\known_visit_grid34_targets10_trials50.csv,01,9,1,0,10,0,1,0,0,0,0.0,0,0,77,22,55,780,190,99,84.1384,0.8498828282828284,0.8404,1.0335,1.2013,16.9195,0.1709040404040404,0.1631,0.2256,0.4822,99,67.2189,0.678978787878788,0.6758,0.8163,0.9249,completed
37,known_visit,ACBBA,bernoulli,drop_0.25,34,1156,9,10,acbba_g34_d140_bernoulli_drop_0_25,reruns\grid_density\scenarios\cv\known_visit_grid34_targets10_trials50.csv,02,34,2,0,33,2,1,0,0,0,0.0,0,0,129,70,59,736,183,19,20.5347,1.0807736842105264,1.0622,1.4568,1.4568,5.8172,0.3061684210526316,0.2467,0.6358,0.6358,19,14.7175,0.7746052631578947,0.816,0.8632,0.8632,completed
37,known_visit,ACBBA,bernoulli,drop_0.25,34,1156,9,10,acbba_g34_d140_bernoulli_drop_0_25,reruns\grid_density\scenarios\cv\known_visit_grid34_targets10_trials50.csv,03,37,1,0,38,0,2,0,0,0,0.0,0,0,140,75,65,734,173,10,10.6408,1.0640800000000001,1.0584,1.3881,1.3881,3.4671,0.34670999999999996,0.40275,0.588,0.588,10,7.1737,0.7173700000000001,0.71445,0.8333,0.8333,completed
37,known_visit,ACBBA,bernoulli,drop_0.25,34,1156,9,10,acbba_g34_d140_bernoulli_drop_0_25,reruns\grid_density\scenarios\cv\known_visit_grid34_targets10_trials50.csv,04,10,1,0,11,0,3,0,0,0,0.0,0,0,79,24,55,776,192,99,82.831,0.8366767676767677,0.8176,1.1335,1.2375,17.2796,0.17454141414141414,0.1625,0.3728,0.532,99,65.5514,0.6621353535353536,0.6568,0.7945,0.8437,completed
37,known_visit,ACBBA,bernoulli,drop_0.25,34,1156,9,10,acbba_g34_d140_bernoulli_drop_0_25,reruns\grid_density\scenarios\cv\known_visit_grid34_targets10_trials50.csv,05,28,0,1,18,11,4,1,1,0,0.0,0,0,124,61,63,754,170,39,38.262100000000004,0.9810794871794872,0.9398,1.2424,1.4553,10.5375,0.2701923076923077,0.2227,0.4973,0.6091,39,27.7246,0.7108871794871795,0.6679,0.8503,0.853,completed
37,known_visit,ACBBA,bernoulli,drop_0.25,34,1156,9,10,acbba_g34_d140_bernoulli_drop_0_25,reruns\grid_density\scenarios\cv\known_visit_grid34_targets10_trials50.csv,06,37,2,0,38,0,6,0,0,0,0.0,0,0,139,75,64,738,170,14,15.207,1.0862142857142858,1.07905,1.4605,1.4605,4.9835,0.35596428571428573,0.3368,0.6764,0.6764,14,10.2235,0.73025,0.7359,0.8961,0.8961,completed
37,known_visit,ACBBA,bernoulli,drop_0.25,34,1156,9,10,acbba_g34_d140_bernoulli_drop_0_25,reruns\grid_density\scenarios\cv\known_visit_grid34_targets10_trials50.csv,07,27,1,1,21,7,5,1,1,0,0.0,0,0,122,59,63,757,168,42,39.5976,0.9428,0.96685,1.1937,1.4559,9.555,0.22749999999999998,0.17980000000000002,0.5009,0.6,42,30.0426,0.7153,0.7053,0.8559,0.9193,completed
37,known_visit,ACBBA,bernoulli,drop_0.25,34,1156,9,10,acbba_g34_d140_bernoulli_drop_0_25,reruns\grid_density\scenarios\cv\known_visit_grid34_targets10_trials50.csv,08,36,2,1,28,9,5,0,0,0,0.0,0,0,134,74,60,721,193,11,12.063,1.0966363636363636,1.0536,1.4205,1.4205,4.0774,0.37067272727272726,0.3161,0.5918,0.5918,11,7.9856,0.7259636363636364,0.727,0.8287,0.8287,completed
38,known_visit,ACBBA,bernoulli,drop_0.25,34,1156,9,10,acbba_g34_d140_bernoulli_drop_0_25,reruns\grid_density\scenarios\cv\known_visit_grid34_targets10_trials50.csv,00,32,2,0,32,1,0,0,0,0,0.0,0,0,144,66,78,930,240,24,19.9395,0.8308125,0.7542,1.2898,1.3249,4.6061,0.19192083333333332,0.1298,0.4986,0.5119,24,15.3334,0.6388916666666666,0.62645,0.813,0.8195,completed
38,known_visit,ACBBA,bernoulli,drop_0.25,34,1156,9,10,acbba_g34_d140_bernoulli_drop_0_25,reruns\grid_density\scenarios\cv\known_visit_grid34_targets10_trials50.csv,01,18,0,0,19,0,3,0,0,0,0.0,0,0,127,41,86,957,230,72,60.1021,0.8347513888888889,0.83665,1.1924,1.3097,12.7222,0.17669722222222223,0.1462,0.4787,0.6474,72,47.3799,0.6580541666666666,0.6735,0.7307,0.7934,completed
38,known_visit,ACBBA,bernoulli,drop_0.25,34,1156,9,10,acbba_g34_d140_bernoulli_drop_0_25,reruns\grid_density\scenarios\cv\known_visit_grid34_targets10_trials50.csv,02,32,3,0,33,0,6,0,0,0,0.0,0,0,156,67,89,925,233,28,25.655,0.91625,0.88515,1.3085,1.345,6.7536,0.2412,0.19224999999999998,0.5402,0.5948,28,18.9014,0.6750499999999999,0.66535,0.8368,1.0972,completed
38,known_visit,ACBBA,bernoulli,drop_0.25,34,1156,9,10,acbba_g34_d140_bernoulli_drop_0_25,reruns\grid_density\scenarios\cv\known_visit_grid34_targets10_trials50.csv,03,31,1,0,32,0,5,0,0,0,0.0,0,0,154,64,90,914,246,26,23.432199999999998,0.9012384615384614,0.77115,1.3411,1.3903,6.4555,0.24828846153846154,0.1337,0.5446,0.5792,26,16.9767,0.65295,0.629,0.8224,0.8784,completed
38,known_visit,ACBBA,bernoulli,drop_0.25,34,1156,9,10,acbba_g34_d140_bernoulli_drop_0_25,reruns\grid_density\scenarios\cv\known_visit_grid34_targets10_trials50.csv,04,37,2,0,38,0,3,0,0,0,0.0,0,0,157,75,82,914,244,15,15.0577,1.0038466666666668,1.0614,1.3338,1.3338,4.7519,0.3167933333333333,0.3214,0.5783,0.5783,15,10.3058,0.6870533333333333,0.7095,0.7913,0.7913,completed
38,known_visit,ACBBA,bernoulli,drop_0.25,34,1156,9,10,acbba_g34_d140_bernoulli_drop_0_25,reruns\grid_density\scenarios\cv\known_visit_grid34_targets10_trials50.csv,05,26,1,1,24,3,5,0,0,0,0.0,0,0,142,59,83,971,201,45,40.8118,0.9069288888888889,0.882,1.1482,1.2245,9.8833,0.2196288888888889,0.1865,0.4165,0.5163,45,30.9285,0.6873,0.6931,0.7896,0.8464,completed
38,known_visit,ACBBA,bernoulli,drop_0.25,34,1156,9,10,acbba_g34_d140_bernoulli_drop_0_25,reruns\grid_density\scenarios\cv\known_visit_grid34_targets10_trials50.csv,06,33,0,0,34,0,6,3,1,1,5.0,1,0,163,71,92,949,204,22,22.6493,1.0295136363636364,1.06765,1.2246,1.3112,6.7842,0.3083727272727273,0.24495,0.5293,0.5329,22,15.8651,0.7211409090909091,0.70625,0.8524,0.8585,completed
38,known_visit,ACBBA,bernoulli,drop_0.25,34,1156,9,10,acbba_g34_d140_bernoulli_drop_0_25,reruns\grid_density\scenarios\cv\known_visit_grid34_targets10_trials50.csv,07,16,1,0,14,3,0,0,0,0,0.0,0,0,112,35,77,979,224,73,63.1236,0.8647068493150686,0.875,1.0592,1.1762,13.0177,0.17832465753424656,0.1662,0.2535,0.5196,73,50.1059,0.6863821917808219,0.7035,0.8029,0.9227,completed
38,known_visit,ACBBA,bernoulli,drop_0.25,34,1156,9,10,acbba_g34_d140_bernoulli_drop_0_25,reruns\grid_density\scenarios\cv\known_visit_grid34_targets10_trials50.csv,08,36,0,1,31,6,6,0,0,0,0.0,0,0,161,73,88,942,211,14,17.6278,1.2591285714285714,1.19325,3.634,3.634,7.807,0.5576428571428572,0.5097499999999999,2.9022,2.9022,14,9.8208,0.7014857142857143,0.7142,0.7898,0.7898,completed
39,known_visit,ACBBA,bernoulli,drop_0.25,34,1156,9,10,acbba_g34_d140_bernoulli_drop_0_25,reruns\grid_density\scenarios\cv\known_visit_grid34_targets10_trials50.csv,00,31,1,0,32,0,0,0,0,0,0.0,0,0,133,64,69,972,212,55,42.6809,0.7760163636363636,0.7464,1.1229,1.2175,7.9771,0.14503818181818182,0.1198,0.4674,0.4843,55,34.7038,0.6309781818181819,0.6348,0.7249,0.782,completed
39,known_visit,ACBBA,bernoulli,drop_0.25,34,1156,9,10,acbba_g34_d140_bernoulli_drop_0_25,reruns\grid_density\scenarios\cv\known_visit_grid34_targets10_trials50.csv,01,24,1,0,24,1,2,0,0,0,0.0,0,0,119,51,68,974,223,78,61.9137,0.7937653846153846,0.7797499999999999,1.1102,1.2183,11.6311,0.14911666666666668,0.1259,0.3969,0.5032,78,50.2826,0.644648717948718,0.6513,0.732,0.7559,completed
39,known_visit,ACBBA,bernoulli,drop_0.25,34,1156,9,10,acbba_g34_d140_bernoulli_drop_0_25,reruns\grid_density\scenarios\cv\known_visit_grid34_targets10_trials50.csv,02,45,2,1,45,1,1,0,0,0,0.0,0,0,159,91,68,924,233,11,10.49,0.9536363636363636,0.9534,1.1323,1.1323,3.0494,0.2772181818181818,0.268,0.4451,0.4451,11,7.4406,0.6764181818181818,0.6854,0.7213,0.7213,completed
39,known_visit,ACBBA,bernoulli,drop_0.25,34,1156,9,10,acbba_g34_d140_bernoulli_drop_0_25,reruns\grid_density\scenarios\cv\known_visit_grid34_targets10_trials50.csv,03,19,0,0,19,1,5,0,0,0,0.0,0,0,120,42,78,971,225,97,81.5189,0.840401030927835,0.8317,1.1201,1.2369,16.5839,0.1709680412371134,0.1447,0.4325,0.5166,97,64.935,0.6694329896907216,0.6686,0.7553,0.7826,completed
39,known_visit,ACBBA,bernoulli,drop_0.25,34,1156,9,10,acbba_g34_d140_bernoulli_drop_0_25,reruns\grid_density\scenarios\cv\known_visit_grid34_targets10_trials50.csv,04,37,1,1,29,9,1,0,0,0,0.0,0,0,142,76,66,972,203,33,27.555,0.835,0.7934,1.1348,1.1443,5.755,0.17439393939393938,0.1364,0.4066,0.482,33,21.8,0.6606060606060606,0.6526,0.7684,0.7906,completed
39,known_visit,ACBBA,bernoulli,drop_0.25,34,1156,9,10,acbba_g34_d140_bernoulli_drop_0_25,reruns\grid_density\scenarios\cv\known_visit_grid34_targets10_trials50.csv,05,36,2,1,33,4,1,0,0,0,0.0,0,0,144,74,70,946,226,38,31.0689,0.8176026315789473,0.7811,1.1538,1.1648,6.4562,0.1699,0.12185,0.4738,0.4935,38,24.6127,0.6477026315789474,0.6493,0.7528,0.8034,completed
39,known_visit,ACBBA,bernoulli,drop_0.25,34,1156,9,10,acbba_g34_d140_bernoulli_drop_0_25,reruns\grid_density\scenarios\cv\known_visit_grid34_targets10_trials50.csv,06,40,1,2,32,9,4,0,0,0,0.0,0,0,163,82,81,924,229,25,24.5044,0.980176,0.9071,1.4887,1.6214,6.5919,0.263676,0.2084,0.5658,0.627,25,17.9125,0.7165,0.6996,0.9229,0.9944,completed
39,known_visit,ACBBA,bernoulli,drop_0.25,34,1156,9,10,acbba_g34_d140_bernoulli_drop_0_25,reruns\grid_density\scenarios\cv\known_visit_grid34_targets10_trials50.csv,07,40,1,1,30,11,3,0,0,0,0.0,0,0,172,83,89,930,214,29,27.6433,0.9532172413793103,0.9238,1.1588,1.2489,7.1263,0.24573448275862067,0.2089,0.4884,0.501,29,20.517,0.7074827586206897,0.7133,0.7479,0.7517,completed
39,known_visit,ACBBA,bernoulli,drop_0.25,34,1156,9,10,acbba_g34_d140_bernoulli_drop_0_25,reruns\grid_density\scenarios\cv\known_visit_grid34_targets10_trials50.csv,08,41,1,1,38,4,5,0,0,0,0.0,0,0,165,84,81,957,195,27,25.764400000000002,0.9542370370370371,0.922,1.1592,1.1935,6.6891,0.24774444444444443,0.1859,0.4963,0.51,27,19.0753,0.7064925925925926,0.7111,0.768,0.7699,completed
40,known_visit,ACBBA,bernoulli,drop_0.25,34,1156,9,10,acbba_g34_d140_bernoulli_drop_0_25,reruns\grid_density\scenarios\cv\known_visit_grid34_targets10_trials50.csv,00,52,1,2,38,15,1,0,0,0,0.0,0,0,178,105,73,1000,228,8,7.8388,0.97985,0.97275,1.1446,1.1446,2.5836,0.32295,0.28354999999999997,0.4971,0.4971,8,5.2552,0.6569,0.65195,0.7774,0.7774,completed
40,known_visit,ACBBA,bernoulli,drop_0.25,34,1156,9,10,acbba_g34_d140_bernoulli_drop_0_25,reruns\grid_density\scenarios\cv\known_visit_grid34_targets10_trials50.csv,01,44,1,1,39,6,1,0,0,0,0.0,0,0,159,91,68,1009,239,36,28.0272,0.7785333333333333,0.75645,1.1838,1.2465,6.4629,0.17952500000000002,0.14295000000000002,0.5119,0.5435,36,21.5643,0.5990083333333334,0.6243,0.7516,0.769,completed
40,known_visit,ACBBA,bernoulli,drop_0.25,34,1156,9,10,acbba_g34_d140_bernoulli_drop_0_25,reruns\grid_density\scenarios\cv\known_visit_grid34_targets10_trials50.csv,02,37,2,1,34,4,2,0,0,0,0.0,0,0,150,78,72,1014,243,65,57.7903,0.8890815384615385,0.8822,1.0981,1.3295,12.4344,0.19129846153846153,0.1685,0.3398,0.5596,65,45.3559,0.697783076923077,0.7123,0.7939,0.8292,completed
40,known_visit,ACBBA,bernoulli,drop_0.25,34,1156,9,10,acbba_g34_d140_bernoulli_drop_0_25,reruns\grid_density\scenarios\cv\known_visit_grid34_targets10_trials50.csv,03,49,1,1,41,9,4,7,2,2,10.0,1,0,181,102,79,1017,208,20,20.517400000000002,1.02587,1.03395,1.2801,1.322,6.0969,0.304845,0.27444999999999997,0.5145,0.5474,20,14.4205,0.721025,0.7324999999999999,0.7786,0.8044,completed
40,known_visit,ACBBA,bernoulli,drop_0.25,34,1156,9,10,acbba_g34_d140_bernoulli_drop_0_25,reruns\grid_density\scenarios\cv\known_visit_grid34_targets10_trials50.csv,04,34,1,0,35,0,4,0,0,0,0.0,0,0,143,71,72,1035,228,74,57.8573,0.7818554054054054,0.7557,1.0953,1.4036,12.3285,0.16660135135135135,0.1355,0.4389,0.5243,74,45.5288,0.615254054054054,0.61785,0.7353,0.8793,completed
40,known_visit,ACBBA,bernoulli,drop_0.25,34,1156,9,10,acbba_g34_d140_bernoulli_drop_0_25,reruns\grid_density\scenarios\cv\known_visit_grid34_targets10_trials50.csv,05,23,0,0,24,0,3,0,0,0,0.0,0,0,114,49,65,1071,221,108,88.351,0.8180648148148149,0.7861,1.0111,1.2675,17.6636,0.16355185185185184,0.1431,0.2764,0.5479,108,70.6874,0.6545129629629629,0.6504,0.7911,0.8253,completed
40,known_visit,ACBBA,bernoulli,drop_0.25,34,1156,9,10,acbba_g34_d140_bernoulli_drop_0_25,reruns\grid_density\scenarios\cv\known_visit_grid34_targets10_trials50.csv,06,30,2,0,30,1,3,0,0,0,0.0,0,0,129,63,66,1049,229,87,64.662,0.743241379310345,0.7154,1.1138,1.2862,12.7853,0.1469574712643678,0.1169,0.4607,0.5463,87,51.8767,0.596283908045977,0.5979,0.731,0.7598,completed
40,known_visit,ACBBA,bernoulli,drop_0.25,34,1156,9,10,acbba_g34_d140_bernoulli_drop_0_25,reruns\grid_density\scenarios\cv\known_visit_grid34_targets10_trials50.csv,07,50,0,1,25,26,2,0,0,0,0.0,0,0,180,102,78,1008,218,22,20.6916,0.9405272727272728,0.87645,1.2184,1.3213,6.1667000000000005,0.2803045454545455,0.2063,0.4912,0.5107,22,14.5249,0.6602227272727273,0.6515,0.7742,0.8488,completed
40,known_visit,ACBBA,bernoulli,drop_0.25,34,1156,9,10,acbba_g34_d140_bernoulli_drop_0_25,reruns\grid_density\scenarios\cv\known_visit_grid34_targets10_trials50.csv,08,52,2,0,49,4,2,0,0,0,0.0,0,0,173,105,68,1025,208,15,14.8798,0.9919866666666667,0.9095,1.3432,1.3432,4.8845,0.32563333333333333,0.262,0.5759,0.5759,15,9.9953,0.6663533333333334,0.6474,0.7762,0.7762,completed
41,known_visit,ACBBA,bernoulli,drop_0.25,34,1156,9,10,acbba_g34_d140_bernoulli_drop_0_25,reruns\grid_density\scenarios\cv\known_visit_grid34_targets10_trials50.csv,00,37,3,0,38,0,0,0,0,0,0.0,0,0,145,78,67,969,216,46,34.0755,0.7407717391304347,0.6800999999999999,1.0556,1.4785,6.6883,0.14539782608695653,0.1065,0.3984,0.6025,46,27.3872,0.5953739130434783,0.5660499999999999,0.7215,0.876,completed
41,known_visit,ACBBA,bernoulli,drop_0.25,34,1156,9,10,acbba_g34_d140_bernoulli_drop_0_25,reruns\grid_density\scenarios\cv\known_visit_grid34_targets10_trials50.csv,01,47,0,2,39,9,4,0,0,0,0.0,0,0,176,96,80,928,226,12,11.9224,0.9935333333333333,1.08975,1.2417,1.2417,3.8427,0.320225,0.3357,0.5063,0.5063,12,8.0797,0.6733083333333334,0.6432,0.8745,0.8745,completed
41,known_visit,ACBBA,bernoulli,drop_0.25,34,1156,9,10,acbba_g34_d140_bernoulli_drop_0_25,reruns\grid_density\scenarios\cv\known_visit_grid34_targets10_trials50.csv,02,14,0,1,13,2,2,0,0,0,0.0,0,0,105,31,74,988,237,121,95.2377,0.7870884297520662,0.7815,0.9974,1.2539,19.1506,0.1582694214876033,0.1323,0.2991,0.4918,121,76.0871,0.6288190082644629,0.6428,0.7247,0.9637,completed
41,known_visit,ACBBA,bernoulli,drop_0.25,34,1156,9,10,acbba_g34_d140_bernoulli_drop_0_25,reruns\grid_density\scenarios\cv\known_visit_grid34_targets10_trials50.csv,03,47,1,0,40,8,2,1,1,0,0.0,0,0,167,96,71,971,192,11,10.6381,0.9671,0.9536,1.132,1.132,3.5084,0.31894545454545453,0.303,0.4782,0.4782,11,7.1297,0.6481545454545454,0.6358,0.8284,0.8284,completed
41,known_visit,ACBBA,bernoulli,drop_0.25,34,1156,9,10,acbba_g34_d140_bernoulli_drop_0_25,reruns\grid_density\scenarios\cv\known_visit_grid34_targets10_trials50.csv,04,43,0,1,34,10,4,8,8,0,0.0,0,0,171,90,81,909,250,27,27.173099999999998,1.0064111111111111,1.0053,1.4271,1.4361,8.096400000000001,0.2998666666666667,0.2344,0.5278,0.551,27,19.0767,0.7065444444444444,0.6724,0.8761,0.9083,completed
41,known_visit,ACBBA,bernoulli,drop_0.25,34,1156,9,10,acbba_g34_d140_bernoulli_drop_0_25,reruns\grid_density\scenarios\cv\known_visit_grid34_targets10_trials50.csv,05,32,1,0,32,1,3,0,0,0,0.0,0,0,137,67,70,944,250,63,55.4379,0.8799666666666667,0.8694,1.1285,1.388,11.2271,0.1782079365079365,0.1576,0.34,0.4928,63,44.2108,0.7017587301587301,0.6966,0.8363,1.2274,completed
41,known_visit,ACBBA,bernoulli,drop_0.25,34,1156,9,10,acbba_g34_d140_bernoulli_drop_0_25,reruns\grid_density\scenarios\cv\known_visit_grid34_targets10_trials50.csv,06,37,3,0,38,0,4,0,0,0,0.0,0,0,149,77,72,936,246,48,42.9775,0.8953645833333334,0.8699,1.078,1.3845,10.7238,0.2234125,0.19495,0.4565,0.5696,48,32.2537,0.6719520833333333,0.6561,0.8149,0.8563,completed
41,known_visit,ACBBA,bernoulli,drop_0.25,34,1156,9,10,acbba_g34_d140_bernoulli_drop_0_25,reruns\grid_density\scenarios\cv\known_visit_grid34_targets10_trials50.csv,07,30,1,1,22,9,3,0,0,0,0.0,0,0,141,65,76,954,235,72,60.6363,0.8421708333333333,0.812,1.1399,1.3661,14.0742,0.19547499999999998,0.1729,0.4616,0.5889,72,46.5621,0.6466958333333334,0.6455500000000001,0.867,0.8739,completed
41,known_visit,ACBBA,bernoulli,drop_0.25,34,1156,9,10,acbba_g34_d140_bernoulli_drop_0_25,reruns\grid_density\scenarios\cv\known_visit_grid34_targets10_trials50.csv,08,33,1,1,26,8,4,0,0,0,0.0,0,0,140,68,72,961,228,60,46.0536,0.76756,0.75055,1.1671,1.4214,9.4899,0.158165,0.11069999999999999,0.5201,0.634,60,36.5637,0.6093949999999999,0.62205,0.7644,0.7878,completed
42,known_visit,ACBBA,bernoulli,drop_0.25,34,1156,9,10,acbba_g34_d140_bernoulli_drop_0_25,reruns\grid_density\scenarios\cv\known_visit_grid34_targets10_trials50.csv,00,27,1,0,26,2,0,0,0,0,0.0,0,0,118,57,61,678,158,31,25.6748,0.8282193548387097,0.7891,1.2484,1.3466,5.8985,0.1902741935483871,0.1241,0.4982,0.5512,31,19.7763,0.6379451612903225,0.6429,0.7954,0.796,completed
42,known_visit,ACBBA,bernoulli,drop_0.25,34,1156,9,10,acbba_g34_d140_bernoulli_drop_0_25,reruns\grid_density\scenarios\cv\known_visit_grid34_targets10_trials50.csv,01,29,1,1,28,2,1,0,0,0,0.0,0,0,114,60,54,677,163,26,20.9072,0.8041230769230769,0.62595,1.2903,1.4695,4.885,0.18788461538461537,0.0901,0.5294,0.5439,26,16.0222,0.6162384615384616,0.53905,0.821,0.9256,completed
42,known_visit,ACBBA,bernoulli,drop_0.25,34,1156,9,10,acbba_g34_d140_bernoulli_drop_0_25,reruns\grid_density\scenarios\cv\known_visit_grid34_targets10_trials50.csv,02,12,1,0,12,1,2,0,0,0,0.0,0,0,81,27,54,724,149,79,65.6725,0.8312974683544304,0.7962,1.28,1.317,13.7361,0.1738746835443038,0.1345,0.506,0.553,79,51.9364,0.6574227848101266,0.6624,0.8013,0.8457,completed
42,known_visit,ACBBA,bernoulli,drop_0.25,34,1156,9,10,acbba_g34_d140_bernoulli_drop_0_25,reruns\grid_density\scenarios\cv\known_visit_grid34_targets10_trials50.csv,03,27,1,0,28,0,2,0,0,0,0.0,0,0,105,56,49,685,164,33,24.5223,0.7431000000000001,0.6337,1.3289,1.4903,4.9661,0.15048787878787878,0.0968,0.5213,0.5516,33,19.5562,0.5926121212121213,0.5357,0.85,1.0597,completed
42,known_visit,ACBBA,bernoulli,drop_0.25,34,1156,9,10,acbba_g34_d140_bernoulli_drop_0_25,reruns\grid_density\scenarios\cv\known_visit_grid34_targets10_trials50.csv,04,28,0,1,25,4,2,0,0,0,0.0,0,0,117,58,59,694,143,26,25.8948,0.9959538461538462,0.92425,1.2655,1.7147,6.3901,0.24577307692307693,0.1801,0.5133,0.8313,26,19.5047,0.7501807692307693,0.7332000000000001,0.8664,0.8834,completed
42,known_visit,ACBBA,bernoulli,drop_0.25,34,1156,9,10,acbba_g34_d140_bernoulli_drop_0_25,reruns\grid_density\scenarios\cv\known_visit_grid34_targets10_trials50.csv,05,34,3,0,35,0,2,0,0,0,0.0,0,0,125,69,56,677,153,12,12.6008,1.0500666666666667,1.0506000000000002,1.5257,1.5257,3.9245,0.3270416666666667,0.3195,0.6688,0.6688,12,8.6763,0.7230249999999999,0.7142,1.1848,1.1848,completed
42,known_visit,ACBBA,bernoulli,drop_0.25,34,1156,9,10,acbba_g34_d140_bernoulli_drop_0_25,reruns\grid_density\scenarios\cv\known_visit_grid34_targets10_trials50.csv,06,15,2,0,16,0,0,0,0,0,0.0,0,0,86,32,54,709,159,69,55.1682,0.7995391304347826,0.795,1.2399,1.363,10.819700000000001,0.15680724637681162,0.1302,0.49,0.5571,69,44.3485,0.642731884057971,0.6633,0.8059,0.8396,completed
42,known_visit,ACBBA,bernoulli,drop_0.25,34,1156,9,10,acbba_g34_d140_bernoulli_drop_0_25,reruns\grid_density\scenarios\cv\known_visit_grid34_targets10_trials50.csv,07,27,0,1,26,2,2,0,0,0,0.0,0,0,119,58,61,659,177,32,36.3888,1.13715,1.1148,1.4934,1.5932,9.7726,0.30539375,0.2628,0.5049,0.5333,32,26.6162,0.83175625,0.8259,1.1583,1.2042,completed
42,known_visit,ACBBA,bernoulli,drop_0.25,34,1156,9,10,acbba_g34_d140_bernoulli_drop_0_25,reruns\grid_density\scenarios\cv\known_visit_grid34_targets10_trials50.csv,08,14,1,0,15,0,1,0,0,0,0.0,0,0,90,31,59,700,164,69,57.1682,0.8285246376811594,0.8294,1.1102,1.4006,11.4146,0.16542898550724638,0.1464,0.3298,0.5574,69,45.7536,0.663095652173913,0.6827,0.8473,0.8957,completed
43,known_visit,ACBBA,bernoulli,drop_0.25,34,1156,9,10,acbba_g34_d140_bernoulli_drop_0_25,reruns\grid_density\scenarios\cv\known_visit_grid34_targets10_trials50.csv,00,25,1,1,22,4,3,0,0,0,0.0,0,0,121,53,68,833,212,80,61.7915,0.77239375,0.7846,1.1329,1.4473,12.3974,0.15496749999999998,0.12304999999999999,0.4072,0.7584,80,49.3941,0.6174262500000001,0.6309,0.7644,0.8837,completed
43,known_visit,ACBBA,bernoulli,drop_0.25,34,1156,9,10,acbba_g34_d140_bernoulli_drop_0_25,reruns\grid_density\scenarios\cv\known_visit_grid34_targets10_trials50.csv,01,35,2,1,33,3,5,0,0,0,0.0,0,0,147,72,75,821,198,42,32.9867,0.7853976190476191,0.7776000000000001,1.2111,1.3272,6.9389,0.16521190476190478,0.1086,0.491,0.5601,42,26.0478,0.6201857142857142,0.66515,0.7671,0.877,completed
43,known_visit,ACBBA,bernoulli,drop_0.25,34,1156,9,10,acbba_g34_d140_bernoulli_drop_0_25,reruns\grid_density\scenarios\cv\known_visit_grid34_targets10_trials50.csv,02,44,2,0,45,0,2,1,1,0,0.0,0,0,158,89,69,818,190,11,10.7606,0.9782363636363637,0.9701,1.4675,1.4675,3.3853,0.30775454545454545,0.234,0.5709,0.5709,11,7.3753,0.6704818181818182,0.6467,0.8966,0.8966,completed
43,known_visit,ACBBA,bernoulli,drop_0.25,34,1156,9,10,acbba_g34_d140_bernoulli_drop_0_25,reruns\grid_density\scenarios\cv\known_visit_grid34_targets10_trials50.csv,03,42,2,3,33,10,3,0,0,0,0.0,0,0,165,86,79,805,197,23,22.9903,0.9995782608695652,1.0414,1.2087,1.3554,6.6889,0.2908217391304348,0.2459,0.459,0.5818,23,16.3014,0.7087565217391305,0.6887,0.8647,0.9235,completed
43,known_visit,ACBBA,bernoulli,drop_0.25,34,1156,9,10,acbba_g34_d140_bernoulli_drop_0_25,reruns\grid_density\scenarios\cv\known_visit_grid34_targets10_trials50.csv,04,9,0,0,7,3,0,0,0,0,0.0,0,0,88,24,64,852,226,129,103.0192,0.7985984496124031,0.7741,1.121,1.3888,18.3774,0.14246046511627908,0.1069,0.2322,0.7059,129,84.6418,0.656137984496124,0.661,0.8685,1.1964,completed
43,known_visit,ACBBA,bernoulli,drop_0.25,34,1156,9,10,acbba_g34_d140_bernoulli_drop_0_25,reruns\grid_density\scenarios\cv\known_visit_grid34_targets10_trials50.csv,05,16,1,0,17,0,1,0,0,0,0.0,0,0,106,36,70,857,203,107,79.9097,0.7468196261682243,0.7487,1.0344,1.3621,14.1035,0.13180841121495326,0.1065,0.3072,0.6912,107,65.8062,0.615011214953271,0.6208,0.7657,0.84,completed
43,known_visit,ACBBA,bernoulli,drop_0.25,34,1156,9,10,acbba_g34_d140_bernoulli_drop_0_25,reruns\grid_density\scenarios\cv\known_visit_grid34_targets10_trials50.csv,06,36,1,2,29,8,2,0,0,0,0.0,0,0,137,75,62,819,211,37,32.9868,0.8915351351351352,0.9589,1.3101,1.3217,7.593,0.20521621621621622,0.196,0.5717,0.5976,37,25.3938,0.6863189189189189,0.6695,0.9395,0.9616,completed
43,known_visit,ACBBA,bernoulli,drop_0.25,34,1156,9,10,acbba_g34_d140_bernoulli_drop_0_25,reruns\grid_density\scenarios\cv\known_visit_grid34_targets10_trials50.csv,07,15,1,0,16,0,0,0,0,0,0.0,0,0,96,33,63,855,215,108,78.9409,0.7309342592592593,0.7253499999999999,0.9743,1.305,12.9086,0.11952407407407407,0.1053,0.2302,0.5042,108,66.0323,0.6114101851851852,0.62215,0.7663,0.8308,completed
43,known_visit,ACBBA,bernoulli,drop_0.25,34,1156,9,10,acbba_g34_d140_bernoulli_drop_0_25,reruns\grid_density\scenarios\cv\known_visit_grid34_targets10_trials50.csv,08,34,0,1,30,5,3,0,0,0,0.0,0,0,149,71,78,826,192,45,35.5351,0.7896688888888889,0.8128,1.1251,1.2807,7.0752999999999995,0.1572288888888889,0.1259,0.4547,0.5094,45,28.4598,0.63244,0.6656,0.8211,0.9071,completed
44,known_visit,ACBBA,bernoulli,drop_0.25,34,1156,9,10,acbba_g34_d140_bernoulli_drop_0_25,reruns\grid_density\scenarios\cv\known_visit_grid34_targets10_trials50.csv,00,22,2,0,23,0,2,0,0,0,0.0,0,0,111,47,64,794,167,51,45.0936,0.8841882352941177,0.8094,1.2759,1.3677,8.8669,0.17386078431372548,0.1278,0.4813,0.5279,51,36.2267,0.7103274509803922,0.6802,0.9072,0.9782,completed
44,known_visit,ACBBA,bernoulli,drop_0.25,34,1156,9,10,acbba_g34_d140_bernoulli_drop_0_25,reruns\grid_density\scenarios\cv\known_visit_grid34_targets10_trials50.csv,01,33,2,0,28,6,1,1,1,0,0.0,0,0,122,69,53,777,173,12,12.4781,1.0398416666666666,1.0034,1.4775,1.4775,3.3365,0.2780416666666667,0.2227,0.5101,0.5101,12,9.1416,0.7618,0.7701,0.9674,0.9674,completed
44,known_visit,ACBBA,bernoulli,drop_0.25,34,1156,9,10,acbba_g34_d140_bernoulli_drop_0_25,reruns\grid_density\scenarios\cv\known_visit_grid34_targets10_trials50.csv,02,15,1,0,14,2,2,0,0,0,0.0,0,0,95,33,62,795,182,75,69.0594,0.9207919999999999,0.9177,1.2852,1.3063,13.8744,0.184992,0.1528,0.4875,0.5391,75,55.185,0.7358,0.7518,0.9041,0.9352,completed
44,known_visit,ACBBA,bernoulli,drop_0.25,34,1156,9,10,acbba_g34_d140_bernoulli_drop_0_25,reruns\grid_density\scenarios\cv\known_visit_grid34_targets10_trials50.csv,03,23,0,1,20,4,7,7,2,2,10.0,1,0,121,52,69,756,196,48,48.0208,1.0004333333333333,0.9652000000000001,1.3555,1.529,11.8328,0.2465166666666667,0.2071,0.5344,0.5849,48,36.188,0.7539166666666667,0.7557,0.9085,1.0071,completed
44,known_visit,ACBBA,bernoulli,drop_0.25,34,1156,9,10,acbba_g34_d140_bernoulli_drop_0_25,reruns\grid_density\scenarios\cv\known_visit_grid34_targets10_trials50.csv,04,32,0,1,28,5,4,0,0,0,0.0,0,0,136,66,70,735,202,20,22.0963,1.1048149999999999,1.01985,1.3407,1.4242,5.9572,0.29786,0.2242,0.5338,0.5654,20,16.1391,0.806955,0.80565,0.8588,0.9474,completed
44,known_visit,ACBBA,bernoulli,drop_0.25,34,1156,9,10,acbba_g34_d140_bernoulli_drop_0_25,reruns\grid_density\scenarios\cv\known_visit_grid34_targets10_trials50.csv,05,32,0,1,23,10,1,0,0,0,0.0,0,0,130,68,62,753,189,18,19.9029,1.1057166666666667,1.02905,1.4176,1.4176,5.1756,0.28753333333333336,0.24805,0.5222,0.5222,18,14.7273,0.8181833333333333,0.7894,0.9555,0.9555,completed
44,known_visit,ACBBA,bernoulli,drop_0.25,34,1156,9,10,acbba_g34_d140_bernoulli_drop_0_25,reruns\grid_density\scenarios\cv\known_visit_grid34_targets10_trials50.csv,06,35,3,0,36,0,0,0,0,0,0.0,0,0,137,71,66,761,175,12,13.6006,1.1333833333333334,1.12045,1.5553,1.5553,3.7995,0.316625,0.2855,0.6411,0.6411,12,9.8011,0.8167583333333334,0.804,0.9648,0.9648,completed
44,known_visit,ACBBA,bernoulli,drop_0.25,34,1156,9,10,acbba_g34_d140_bernoulli_drop_0_25,reruns\grid_density\scenarios\cv\known_visit_grid34_targets10_trials50.csv,07,30,1,0,29,2,1,1,1,0,0.0,0,0,123,63,60,773,176,29,30.3885,1.0478793103448276,1.0136,1.336,1.5214,7.1848,0.24775172413793103,0.1994,0.5246,0.6049,29,23.2037,0.8001275862068966,0.7922,0.929,0.9756,completed
44,known_visit,ACBBA,bernoulli,drop_0.25,34,1156,9,10,acbba_g34_d140_bernoulli_drop_0_25,reruns\grid_density\scenarios\cv\known_visit_grid34_targets10_trials50.csv,08,17,1,0,18,0,0,0,0,0,0.0,0,0,98,37,61,781,194,67,64.1692,0.9577492537313433,0.8986,1.303,1.3854,14.3247,0.21380149253731343,0.1561,0.5027,0.5959,67,49.8445,0.7439477611940298,0.7321,0.9281,0.9883,completed
45,known_visit,ACBBA,bernoulli,drop_0.25,34,1156,9,10,acbba_g34_d140_bernoulli_drop_0_25,reruns\grid_density\scenarios\cv\known_visit_grid34_targets10_trials50.csv,00,30,1,1,28,3,1,0,0,0,0.0,0,0,141,61,80,866,198,11,12.339,1.1217272727272727,1.1913,1.3613,1.3613,4.1482,0.3771090909090909,0.3953,0.5183,0.5183,11,8.1908,0.7446181818181817,0.7888,0.8832,0.8832,completed
45,known_visit,ACBBA,bernoulli,drop_0.25,34,1156,9,10,acbba_g34_d140_bernoulli_drop_0_25,reruns\grid_density\scenarios\cv\known_visit_grid34_targets10_trials50.csv,01,29,3,0,30,0,6,0,0,0,0.0,0,0,135,60,75,867,203,20,19.7774,0.98887,0.91715,1.3128,1.3765,5.4489,0.272445,0.22655,0.529,0.5615,20,14.3285,0.716425,0.7072,0.815,0.9144,completed
45,known_visit,ACBBA,bernoulli,drop_0.25,34,1156,9,10,acbba_g34_d140_bernoulli_drop_0_25,reruns\grid_density\scenarios\cv\known_visit_grid34_targets10_trials50.csv,02,24,1,0,25,0,5,0,0,0,0.0,0,0,137,53,84,859,210,31,29.5506,0.9532451612903226,0.8485,1.4137,1.4591,7.8104000000000005,0.2519483870967742,0.1601,0.6051,0.6619,31,21.7402,0.7012967741935484,0.706,0.8623,0.8981,completed
45,known_visit,ACBBA,bernoulli,drop_0.25,34,1156,9,10,acbba_g34_d140_bernoulli_drop_0_25,reruns\grid_density\scenarios\cv\known_visit_grid34_targets10_trials50.csv,03,21,0,2,13,9,5,0,0,0,0.0,0,0,126,45,81,876,203,39,37.0167,0.9491461538461539,0.9062,1.3356,1.4064,8.5403,0.21898205128205128,0.1683,0.5634,0.5948,39,28.4764,0.7301641025641026,0.7264,0.843,0.8897,completed
45,known_visit,ACBBA,bernoulli,drop_0.25,34,1156,9,10,acbba_g34_d140_bernoulli_drop_0_25,reruns\grid_density\scenarios\cv\known_visit_grid34_targets10_trials50.csv,04,18,1,1,14,5,3,0,0,0,0.0,0,0,123,41,82,853,230,48,43.0332,0.896525,0.91045,1.0936,1.3185,8.9757,0.18699375,0.16654999999999998,0.3508,0.4957,48,34.0575,0.70953125,0.7383,0.8075,0.9144,completed
45,known_visit,ACBBA,bernoulli,drop_0.25,34,1156,9,10,acbba_g34_d140_bernoulli_drop_0_25,reruns\grid_density\scenarios\cv\known_visit_grid34_targets10_trials50.csv,05,24,2,0,24,1,3,3,1,1,5.0,1,0,130,53,77,861,214,27,26.6084,0.9854962962962963,0.9737,1.2896,1.2969,6.3889,0.2366259259259259,0.211,0.4815,0.4964,27,20.2195,0.7488703703703704,0.7731,0.8652,0.9171,completed
45,known_visit,ACBBA,bernoulli,drop_0.25,34,1156,9,10,acbba_g34_d140_bernoulli_drop_0_25,reruns\grid_density\scenarios\cv\known_visit_grid34_targets10_trials50.csv,06,20,1,1,9,12,2,5,5,0,0.0,0,0,122,43,79,860,223,44,45.4829,1.0337022727272727,1.0247000000000002,1.197,1.3985,10.8116,0.24571818181818184,0.22444999999999998,0.4496,0.6024,44,34.6713,0.7879840909090909,0.79505,0.876,0.9213,completed
45,known_visit,ACBBA,bernoulli,drop_0.25,34,1156,9,10,acbba_g34_d140_bernoulli_drop_0_25,reruns\grid_density\scenarios\cv\known_visit_grid34_targets10_trials50.csv,07,30,1,0,31,0,3,1,1,0,0.0,0,0,154,62,92,831,221,13,13.0447,1.0034384615384615,0.9296,1.4236,1.4236,3.9878,0.30675384615384615,0.2604,0.5877,0.5877,13,9.0569,0.6966846153846155,0.7391,0.8838,0.8838,completed
45,known_visit,ACBBA,bernoulli,drop_0.25,34,1156,9,10,acbba_g34_d140_bernoulli_drop_0_25,reruns\grid_density\scenarios\cv\known_visit_grid34_targets10_trials50.csv,08,24,0,0,21,4,5,1,1,0,0.0,0,0,138,52,86,849,218,30,28.8724,0.9624133333333333,0.9702999999999999,1.3667,1.443,7.6932,0.25644,0.1903,0.5444,0.6609,30,21.1792,0.7059733333333333,0.7331000000000001,0.8325,0.859,completed
46,known_visit,ACBBA,bernoulli,drop_0.25,34,1156,9,10,acbba_g34_d140_bernoulli_drop_0_25,reruns\grid_density\scenarios\cv\known_visit_grid34_targets10_trials50.csv,00,38,2,1,38,1,2,0,0,0,0.0,0,0,152,77,75,895,204,10,11.923,1.1923,1.1732999999999998,1.4843,1.4843,4.147,0.4147,0.3568,0.6032,0.6032,10,7.776,0.7776,0.79935,0.8854,0.8854,completed
46,known_visit,ACBBA,bernoulli,drop_0.25,34,1156,9,10,acbba_g34_d140_bernoulli_drop_0_25,reruns\grid_density\scenarios\cv\known_visit_grid34_targets10_trials50.csv,01,33,2,0,34,0,4,0,0,0,0.0,0,0,143,68,75,887,220,26,23.4057,0.9002192307692307,0.77825,1.4685,1.4769,5.8483,0.2249346153846154,0.128,0.6108,0.611,26,17.5574,0.6752846153846155,0.6394,0.8659,0.87,completed
46,known_visit,ACBBA,bernoulli,drop_0.25,34,1156,9,10,acbba_g34_d140_bernoulli_drop_0_25,reruns\grid_density\scenarios\cv\known_visit_grid34_targets10_trials50.csv,02,31,0,1,29,3,4,0,0,0,0.0,0,0,137,64,73,894,219,30,32.5935,1.08645,1.0558,1.3847,1.4709,8.0473,0.26824333333333333,0.2222,0.5357,0.6027,30,24.5462,0.8182066666666666,0.8361000000000001,0.8901,0.9957,completed
46,known_visit,ACBBA,bernoulli,drop_0.25,34,1156,9,10,acbba_g34_d140_bernoulli_drop_0_25,reruns\grid_density\scenarios\cv\known_visit_grid34_targets10_trials50.csv,03,38,1,0,39,0,6,0,0,0,0.0,0,0,150,77,73,878,222,14,15.4999,1.1071357142857143,1.03465,1.5129,1.5129,5.293,0.37807142857142856,0.34645000000000004,0.632,0.632,14,10.2069,0.7290642857142856,0.6763999999999999,0.8809,0.8809,completed
46,known_visit,ACBBA,bernoulli,drop_0.25,34,1156,9,10,acbba_g34_d140_bernoulli_drop_0_25,reruns\grid_density\scenarios\cv\known_visit_grid34_targets10_trials50.csv,04,37,1,0,37,1,4,1,1,0,0.0,0,0,147,77,70,879,224,12,13.4213,1.1184416666666668,1.1553499999999999,1.4905,1.4905,4.6185,0.384875,0.4077,0.6196,0.6196,12,8.8028,0.7335666666666666,0.6985,0.8709,0.8709,completed
46,known_visit,ACBBA,bernoulli,drop_0.25,34,1156,9,10,acbba_g34_d140_bernoulli_drop_0_25,reruns\grid_density\scenarios\cv\known_visit_grid34_targets10_trials50.csv,05,26,1,0,26,1,1,0,0,0,0.0,0,0,122,56,66,901,227,48,44.7783,0.93288125,0.89105,1.2227,1.4592,10.8874,0.22682083333333333,0.18235,0.5494,0.6262,48,33.8909,0.7060604166666667,0.6543,0.8844,0.9077,completed
46,known_visit,ACBBA,bernoulli,drop_0.25,34,1156,9,10,acbba_g34_d140_bernoulli_drop_0_25,reruns\grid_density\scenarios\cv\known_visit_grid34_targets10_trials50.csv,06,22,1,1,22,1,0,0,0,0,0.0,0,0,123,48,75,922,205,62,62.2657,1.0042854838709678,1.00735,1.2219,1.4415,15.233,0.24569354838709678,0.2287,0.5307,0.5552,62,47.0327,0.7585919354838709,0.80065,0.9065,0.9449,completed
46,known_visit,ACBBA,bernoulli,drop_0.25,34,1156,9,10,acbba_g34_d140_bernoulli_drop_0_25,reruns\grid_density\scenarios\cv\known_visit_grid34_targets10_trials50.csv,07,23,0,0,23,1,1,1,1,0,0.0,0,0,129,50,79,896,225,59,57.8945,0.9812627118644068,0.9844,1.2983,1.4881,13.9056,0.23568813559322033,0.2176,0.5442,0.6079,59,43.9889,0.7455745762711865,0.7823,0.8946,0.9022,completed
46,known_visit,ACBBA,bernoulli,drop_0.25,34,1156,9,10,acbba_g34_d140_bernoulli_drop_0_25,reruns\grid_density\scenarios\cv\known_visit_grid34_targets10_trials50.csv,08,37,2,0,37,1,0,1,1,0,0.0,0,0,148,76,72,875,227,9,9.9766,1.108511111111111,1.2322,1.3855,1.3855,3.3843,0.37603333333333333,0.4241,0.558,0.558,9,6.5923,0.7324777777777778,0.7536,0.8498,0.8498,completed
47,known_visit,ACBBA,bernoulli,drop_0.25,34,1156,9,10,acbba_g34_d140_bernoulli_drop_0_25,reruns\grid_density\scenarios\cv\known_visit_grid34_targets10_trials50.csv,00,28,1,0,24,5,1,0,0,0,0.0,0,0,111,58,53,719,165,48,50.0431,1.0425645833333335,1.0333999999999999,1.1863,1.3716,10.8126,0.2252625,0.21275,0.3353,0.5143,48,39.2305,0.8173020833333333,0.8225,0.9309,0.9936,completed
47,known_visit,ACBBA,bernoulli,drop_0.25,34,1156,9,10,acbba_g34_d140_bernoulli_drop_0_25,reruns\grid_density\scenarios\cv\known_visit_grid34_targets10_trials50.csv,01,27,1,0,28,0,2,4,1,1,5.0,1,0,116,58,58,714,165,50,51.0526,1.021052,1.0191,1.1891,1.3666,10.6428,0.212856,0.1938,0.3118,0.5487,50,40.4098,0.8081959999999999,0.8154,0.9495,0.9784,completed
47,known_visit,ACBBA,bernoulli,drop_0.25,34,1156,9,10,acbba_g34_d140_bernoulli_drop_0_25,reruns\grid_density\scenarios\cv\known_visit_grid34_targets10_trials50.csv,02,22,0,2,15,8,1,0,0,0,0.0,0,0,101,47,54,721,174,69,60.2539,0.873244927536232,0.8298,1.1714,1.224,12.0198,0.1742,0.1848,0.3173,0.4808,69,48.2341,0.6990449275362318,0.6741,0.8876,0.984,completed
47,known_visit,ACBBA,bernoulli,drop_0.25,34,1156,9,10,acbba_g34_d140_bernoulli_drop_0_25,reruns\grid_density\scenarios\cv\known_visit_grid34_targets10_trials50.csv,03,17,2,0,18,0,2,0,0,0,0.0,0,0,82,36,46,771,142,86,64.8354,0.7539000000000001,0.7242500000000001,1.0344,1.4074,11.2855,0.13122674418604652,0.1129,0.1676,0.5939,86,53.5499,0.6226732558139535,0.60425,0.8007,0.8984,completed
47,known_visit,ACBBA,bernoulli,drop_0.25,34,1156,9,10,acbba_g34_d140_bernoulli_drop_0_25,reruns\grid_density\scenarios\cv\known_visit_grid34_targets10_trials50.csv,04,41,3,0,42,0,2,0,0,0,0.0,0,0,143,83,60,703,150,10,10.2136,1.02136,0.9979,1.3265,1.3265,3.2956,0.32955999999999996,0.30265,0.5309,0.5309,10,6.918,0.6918,0.7071000000000001,0.8287,0.8287,completed
47,known_visit,ACBBA,bernoulli,drop_0.25,34,1156,9,10,acbba_g34_d140_bernoulli_drop_0_25,reruns\grid_density\scenarios\cv\known_visit_grid34_targets10_trials50.csv,05,18,1,0,18,1,0,0,0,0,0.0,0,0,84,40,44,728,183,82,73.9528,0.9018634146341463,0.94535,1.119,1.4012,14.3802,0.17536829268292684,0.1759,0.2256,0.5792,82,59.5726,0.7264951219512196,0.76035,0.8843,1.0296,completed
47,known_visit,ACBBA,bernoulli,drop_0.25,34,1156,9,10,acbba_g34_d140_bernoulli_drop_0_25,reruns\grid_density\scenarios\cv\known_visit_grid34_targets10_trials50.csv,06,40,1,0,38,3,3,0,0,0,0.0,0,0,133,82,51,696,166,9,8.9612,0.9956888888888888,0.975,1.2403,1.2403,2.7618,0.3068666666666667,0.3314,0.429,0.429,9,6.1994,0.6888222222222222,0.6948,0.8811,0.8811,completed
47,known_visit,ACBBA,bernoulli,drop_0.25,34,1156,9,10,acbba_g34_d140_bernoulli_drop_0_25,reruns\grid_density\scenarios\cv\known_visit_grid34_targets10_trials50.csv,07,28,1,0,29,0,2,0,0,0,0.0,0,0,111,58,53,720,164,52,40.8307,0.7852057692307692,0.74195,1.1404,1.382,7.8746,0.1514346153846154,0.1175,0.4297,0.5598,52,32.9561,0.6337711538461538,0.6152,0.8447,0.884,completed
47,known_visit,ACBBA,bernoulli,drop_0.25,34,1156,9,10,acbba_g34_d140_bernoulli_drop_0_25,reruns\grid_density\scenarios\cv\known_visit_grid34_targets10_trials50.csv,08,29,0,1,23,7,1,0,0,0,0.0,0,0,115,62,53,712,169,46,35.9527,0.7815804347826087,0.7151000000000001,1.1404,1.3044,7.2749,0.15814999999999999,0.11135,0.4413,0.5192,46,28.6778,0.6234304347826087,0.60615,0.8229,0.8631,completed
48,known_visit,ACBBA,bernoulli,drop_0.25,34,1156,9,10,acbba_g34_d140_bernoulli_drop_0_25,reruns\grid_density\scenarios\cv\known_visit_grid34_targets10_trials50.csv,00,24,1,0,25,0,1,0,0,0,0.0,0,0,119,51,68,1063,253,82,59.0028,0.7195463414634147,0.69005,0.9251,1.2123,10.3572,0.12630731707317075,0.10835,0.2692,0.4943,82,48.6456,0.5932390243902439,0.5828,0.6918,0.8015,completed
48,known_visit,ACBBA,bernoulli,drop_0.25,34,1156,9,10,acbba_g34_d140_bernoulli_drop_0_25,reruns\grid_density\scenarios\cv\known_visit_grid34_targets10_trials50.csv,01,38,3,0,39,0,2,0,0,0,0.0,0,0,160,80,80,1017,258,36,27.4929,0.7636916666666667,0.7183,1.1432,1.2613,5.6776,0.1577111111111111,0.10665,0.4689,0.4719,36,21.8153,0.6059805555555555,0.60195,0.7567,0.7924,completed
48,known_visit,ACBBA,bernoulli,drop_0.25,34,1156,9,10,acbba_g34_d140_bernoulli_drop_0_25,reruns\grid_density\scenarios\cv\known_visit_grid34_targets10_trials50.csv,02,39,1,1,39,1,3,0,0,0,0.0,0,0,155,83,72,1036,244,35,27.975,0.7992857142857144,0.7738,1.1146,1.2123,5.9671,0.17048857142857143,0.1331,0.4516,0.4674,35,22.0079,0.6287971428571428,0.6315,0.7121,0.7449,completed
48,known_visit,ACBBA,bernoulli,drop_0.25,34,1156,9,10,acbba_g34_d140_bernoulli_drop_0_25,reruns\grid_density\scenarios\cv\known_visit_grid34_targets10_trials50.csv,03,32,0,2,25,8,0,0,0,0,0.0,0,0,156,69,87,1029,251,60,46.0386,0.76731,0.7226,1.0284,1.1258,9.277,0.15461666666666665,0.11965,0.365,0.4617,60,36.7616,0.6126933333333333,0.60145,0.6915,0.7826,completed
48,known_visit,ACBBA,bernoulli,drop_0.25,34,1156,9,10,acbba_g34_d140_bernoulli_drop_0_25,reruns\grid_density\scenarios\cv\known_visit_grid34_targets10_trials50.csv,04,41,1,2,28,14,4,1,1,0,0.0,0,0,178,84,94,998,259,27,22.8264,0.8454222222222222,0.7232,1.2029,1.2437,5.8406,0.21631851851851852,0.1109,0.492,0.4937,27,16.9858,0.6291037037037037,0.6116,0.75,0.7747,completed
48,known_visit,ACBBA,bernoulli,drop_0.25,34,1156,9,10,acbba_g34_d140_bernoulli_drop_0_25,reruns\grid_density\scenarios\cv\known_visit_grid34_targets10_trials50.csv,05,38,1,1,35,4,4,1,1,0,0.0,0,0,158,81,77,1032,245,37,29.4375,0.7956081081081081,0.7029,1.2524,1.2592,6.4517999999999995,0.17437297297297297,0.1128,0.5416,0.5423,37,22.9857,0.6212351351351352,0.5967,0.784,0.7973,completed
48,known_visit,ACBBA,bernoulli,drop_0.25,34,1156,9,10,acbba_g34_d140_bernoulli_drop_0_25,reruns\grid_density\scenarios\cv\known_visit_grid34_targets10_trials50.csv,06,38,1,1,35,4,9,3,1,1,5.0,1,0,180,82,98,1037,218,40,33.2203,0.8305075000000001,0.79785,1.173,1.2192,7.8193,0.1954825,0.14065,0.4148,0.4796,40,25.401,0.635025,0.63435,0.7796,0.9047,completed
48,known_visit,ACBBA,bernoulli,drop_0.25,34,1156,9,10,acbba_g34_d140_bernoulli_drop_0_25,reruns\grid_density\scenarios\cv\known_visit_grid34_targets10_trials50.csv,07,35,1,0,36,0,3,5,1,2,20.0,2,0,161,75,86,1048,227,53,48.0666,0.9069169811320755,0.883,1.216,1.2431,12.3088,0.23224150943396227,0.2007,0.4857,0.5271,53,35.7578,0.6746754716981133,0.6694,0.7749,0.7864,completed
48,known_visit,ACBBA,bernoulli,drop_0.25,34,1156,9,10,acbba_g34_d140_bernoulli_drop_0_25,reruns\grid_density\scenarios\cv\known_visit_grid34_targets10_trials50.csv,08,36,1,0,37,0,5,12,12,0,0.0,0,0,169,79,90,1028,239,48,43.4089,0.9043520833333334,0.8948,1.1535,1.2801,10.9243,0.22758958333333335,0.19135,0.4597,0.5362,48,32.4846,0.6767625,0.6883999999999999,0.7847,0.8049,completed
49,known_visit,ACBBA,bernoulli,drop_0.25,34,1156,9,10,acbba_g34_d140_bernoulli_drop_0_25,reruns\grid_density\scenarios\cv\known_visit_grid34_targets10_trials50.csv,00,38,2,1,29,10,0,0,0,0,0.0,0,0,147,77,70,867,189,8,9.0351,1.1293875,1.2033,1.3319,1.3319,2.8983,0.3622875,0.37055000000000005,0.5265,0.5265,8,6.1368,0.7671,0.7912999999999999,0.8605,0.8605,completed
49,known_visit,ACBBA,bernoulli,drop_0.25,34,1156,9,10,acbba_g34_d140_bernoulli_drop_0_25,reruns\grid_density\scenarios\cv\known_visit_grid34_targets10_trials50.csv,01,24,1,1,23,2,3,0,0,0,0.0,0,0,132,53,79,851,221,60,47.8581,0.797635,0.74225,1.2261,1.3987,10.401,0.17335,0.1372,0.432,0.5247,60,37.4571,0.624285,0.58975,0.8513,0.8821,completed
49,known_visit,ACBBA,bernoulli,drop_0.25,34,1156,9,10,acbba_g34_d140_bernoulli_drop_0_25,reruns\grid_density\scenarios\cv\known_visit_grid34_targets10_trials50.csv,02,30,1,1,28,3,3,7,5,1,5.0,1,0,150,70,80,842,211,39,38.314,0.9824102564102564,1.0305,1.4599,1.4664,9.800699999999999,0.25129999999999997,0.2262,0.5426,0.6133,39,28.5133,0.7311102564102564,0.7976,0.9553,0.9555,completed
49,known_visit,ACBBA,bernoulli,drop_0.25,34,1156,9,10,acbba_g34_d140_bernoulli_drop_0_25,reruns\grid_density\scenarios\cv\known_visit_grid34_targets10_trials50.csv,03,19,1,0,20,0,3,0,0,0,0.0,0,0,115,42,73,871,218,77,61.3242,0.7964181818181818,0.7108,1.2576,1.482,12.1856,0.15825454545454545,0.1288,0.4826,0.5926,77,49.1386,0.6381636363636363,0.5818,0.8588,0.9516,completed
49,known_visit,ACBBA,bernoulli,drop_0.25,34,1156,9,10,acbba_g34_d140_bernoulli_drop_0_25,reruns\grid_density\scenarios\cv\known_visit_grid34_targets10_trials50.csv,04,26,1,0,26,1,7,0,0,0,0.0,0,0,128,56,72,860,215,55,49.1194,0.89308,0.9389,1.4241,1.5556,10.8989,0.19816181818181816,0.1709,0.5533,0.606,55,38.2205,0.6949181818181819,0.7686,0.9297,1.0221,completed
49,known_visit,ACBBA,bernoulli,drop_0.25,34,1156,9,10,acbba_g34_d140_bernoulli_drop_0_25,reruns\grid_density\scenarios\cv\known_visit_grid34_targets10_trials50.csv,05,19,1,0,20,0,5,0,0,0,0.0,0,0,115,43,72,883,206,79,63.9822,0.8099012658227848,0.7286,1.3836,1.5763,13.9279,0.1763025316455696,0.137,0.5123,0.6274,79,50.0543,0.6335987341772151,0.5939,0.8686,0.9489,completed
49,known_visit,ACBBA,bernoulli,drop_0.25,34,1156,9,10,acbba_g34_d140_bernoulli_drop_0_25,reruns\grid_density\scenarios\cv\known_visit_grid34_targets10_trials50.csv,06,18,0,0,19,0,6,3,1,1,5.0,1,0,118,42,76,873,212,82,70.4882,0.8596121951219513,0.7309,1.3367,1.544,15.102,0.18417073170731707,0.1361,0.4795,0.5782,82,55.3862,0.6754414634146342,0.59605,0.8911,1.0609,completed
49,known_visit,ACBBA,bernoulli,drop_0.25,34,1156,9,10,acbba_g34_d140_bernoulli_drop_0_25,reruns\grid_density\scenarios\cv\known_visit_grid34_targets10_trials50.csv,07,39,1,1,34,6,2,0,0,0,0.0,0,0,149,79,70,834,220,11,11.2318,1.0210727272727274,1.1011,1.3931,1.3931,3.0703,0.2791181818181818,0.2584,0.554,0.554,11,8.1615,0.7419545454545454,0.7263,1.0022,1.0022,completed
49,known_visit,ACBBA,bernoulli,drop_0.25,34,1156,9,10,acbba_g34_d140_bernoulli_drop_0_25,reruns\grid_density\scenarios\cv\known_visit_grid34_targets10_trials50.csv,08,38,2,0,39,0,1,0,0,0,0.0,0,0,150,78,72,876,178,13,14.4205,1.109269230769231,1.0527,1.4426,1.4426,4.0911,0.3147,0.2884,0.5453,0.5453,13,10.3294,0.7945692307692307,0.8101,0.9588,0.9588,completed
