trial_id,trial_mode,algorithm,comm_model,comm_level,grid_size,grid_cells,robot_count,target_count,condition_id,scenario_file,target_index,target_x,target_y,first_completion_time_s,first_completion_sim_time_s,first_found_by_robot,first_finder_robot_id,total_visits,duplicate_visits,completed,trial_status
0,known_visit,ACBBA,bernoulli,drop_0.25,34,1156,24,10,acbba_g34_d50_bernoulli_drop_0_25,reruns\grid_density\scenarios\cv\known_visit_grid34_targets10_trials50.csv,1,20,5,41.03303713013556,41.03303713013556,07,07,2,1,True,completed
0,known_visit,ACBBA,bernoulli,drop_0.25,34,1156,24,10,acbba_g34_d50_bernoulli_drop_0_25,reruns\grid_density\scenarios\cv\known_visit_grid34_targets10_trials50.csv,2,28,1,45.92926270543799,45.92926270543799,01,01,2,1,True,completed
0,known_visit,ACBBA,bernoulli,drop_0.25,34,1156,24,10,acbba_g34_d50_bernoulli_drop_0_25,reruns\grid_density\scenarios\cv\known_visit_grid34_targets10_trials50.csv,3,11,25,28.060345875165677,28.060345875165677,20,20,3,2,True,completed
0,known_visit,ACBBA,bernoulli,drop_0.25,34,1156,24,10,acbba_g34_d50_bernoulli_drop_0_25,reruns\grid_density\scenarios\cv\known_visit_grid34_targets10_trials50.csv,4,20,24,32.4552396903601,32.4552396903601,17,17,2,1,True,completed
0,known_visit,ACBBA,bernoulli,drop_0.25,34,1156,24,10,acbba_g34_d50_bernoulli_drop_0_25,reruns\grid_density\scenarios\cv\known_visit_grid34_targets10_trials50.csv,5,25,8,108.74601362562733,108.74601362562733,00,00,1,0,True,completed
0,known_visit,ACBBA,bernoulli,drop_0.25,34,1156,24,10,acbba_g34_d50_bernoulli_drop_0_25,reruns\grid_density\scenarios\cv\known_visit_grid34_targets10_trials50.csv,6,3,5,5.628371545330949,5.628371545330949,04,04,3,2,True,completed
0,known_visit,ACBBA,bernoulli,drop_0.25,34,1156,24,10,acbba_g34_d50_bernoulli_drop_0_25,reruns\grid_density\scenarios\cv\known_visit_grid34_targets10_trials50.csv,7,1,16,0.168115077481991,0.168115077481991,11,11,3,2,True,completed
0,known_visit,ACBBA,bernoulli,drop_0.25,34,1156,24,10,acbba_g34_d50_bernoulli_drop_0_25,reruns\grid_density\scenarios\cv\known_visit_grid34_targets10_trials50.csv,8,23,30,71.92358629506006,71.92358629506006,22,22,2,1,True,completed
0,known_visit,ACBBA,bernoulli,drop_0.25,34,1156,24,10,acbba_g34_d50_bernoulli_drop_0_25,reruns\grid_density\scenarios\cv\known_visit_grid34_targets10_trials50.csv,9,33,13,61.42921747744981,61.42921747744981,10,10,1,0,True,completed
0,known_visit,ACBBA,bernoulli,drop_0.25,34,1156,24,10,acbba_g34_d50_bernoulli_drop_0_25,reruns\grid_density\scenarios\cv\known_visit_grid34_targets10_trials50.csv,10,24,22,68.10720072938348,68.10720072938348,15,15,2,1,True,completed
1,known_visit,ACBBA,bernoulli,drop_0.25,34,1156,24,10,acbba_g34_d50_bernoulli_drop_0_25,reruns\grid_density\scenarios\cv\known_visit_grid34_targets10_trials50.csv,1,19,17,34.93228954929335,34.93228954929335,13,13,1,0,True,completed
1,known_visit,ACBBA,bernoulli,drop_0.25,34,1156,24,10,acbba_g34_d50_bernoulli_drop_0_25,reruns\grid_density\scenarios\cv\known_visit_grid34_targets10_trials50.csv,2,14,6,25.842305628709752,25.842305628709752,03,03,2,1,True,completed
1,known_visit,ACBBA,bernoulli,drop_0.25,34,1156,24,10,acbba_g34_d50_bernoulli_drop_0_25,reruns\grid_density\scenarios\cv\known_visit_grid34_targets10_trials50.csv,3,17,16,56.3287558839096,56.3287558839096,00,00,1,0,True,completed
1,known_visit,ACBBA,bernoulli,drop_0.25,34,1156,24,10,acbba_g34_d50_bernoulli_drop_0_25,reruns\grid_density\scenarios\cv\known_visit_grid34_targets10_trials50.csv,4,16,15,44.72902503758248,44.72902503758248,03,03,1,0,True,completed
1,known_visit,ACBBA,bernoulli,drop_0.25,34,1156,24,10,acbba_g34_d50_bernoulli_drop_0_25,reruns\grid_density\scenarios\cv\known_visit_grid34_targets10_trials50.csv,5,5,33,7.115410333013625,7.115410333013625,23,23,2,1,True,completed
1,known_visit,ACBBA,bernoulli,drop_0.25,34,1156,24,10,acbba_g34_d50_bernoulli_drop_0_25,reruns\grid_density\scenarios\cv\known_visit_grid34_targets10_trials50.csv,6,11,30,60.27550229178258,60.27550229178258,04,04,1,0,True,completed
1,known_visit,ACBBA,bernoulli,drop_0.25,34,1156,24,10,acbba_g34_d50_bernoulli_drop_0_25,reruns\grid_density\scenarios\cv\known_visit_grid34_targets10_trials50.csv,7,26,23,45.2534057162893,45.2534057162893,17,17,1,0,True,completed
1,known_visit,ACBBA,bernoulli,drop_0.25,34,1156,24,10,acbba_g34_d50_bernoulli_drop_0_25,reruns\grid_density\scenarios\cv\known_visit_grid34_targets10_trials50.csv,8,24,33,43.512428817714955,43.512428817714955,22,22,1,0,True,completed
1,known_visit,ACBBA,bernoulli,drop_0.25,34,1156,24,10,acbba_g34_d50_bernoulli_drop_0_25,reruns\grid_density\scenarios\cv\known_visit_grid34_targets10_trials50.csv,9,27,21,50.42111936392645,50.42111936392645,17,17,1,0,True,completed
1,known_visit,ACBBA,bernoulli,drop_0.25,34,1156,24,10,acbba_g34_d50_bernoulli_drop_0_25,reruns\grid_density\scenarios\cv\known_visit_grid34_targets10_trials50.csv,10,19,32,33.04177696108968,33.04177696108968,22,22,2,1,True,completed
2,known_visit,ACBBA,bernoulli,drop_0.25,34,1156,24,10,acbba_g34_d50_bernoulli_drop_0_25,reruns\grid_density\scenarios\cv\known_visit_grid34_targets10_trials50.csv,1,3,32,3.500988941304018,3.500988941304018,22,22,3,2,True,completed
2,known_visit,ACBBA,bernoulli,drop_0.25,34,1156,24,10,acbba_g34_d50_bernoulli_drop_0_25,reruns\grid_density\scenarios\cv\known_visit_grid34_targets10_trials50.csv,2,26,0,50.560308632711696,50.560308632711696,00,00,1,0,True,completed
2,known_visit,ACBBA,bernoulli,drop_0.25,34,1156,24,10,acbba_g34_d50_bernoulli_drop_0_25,reruns\grid_density\scenarios\cv\known_visit_grid34_targets10_trials50.csv,3,14,7,29.27056677145977,29.27056677145977,03,03,1,0,True,completed
2,known_visit,ACBBA,bernoulli,drop_0.25,34,1156,24,10,acbba_g34_d50_bernoulli_drop_0_25,reruns\grid_density\scenarios\cv\known_visit_grid34_targets10_trials50.csv,4,19,20,74.54939925812148,74.54939925812148,14,14,1,0,True,completed
2,known_visit,ACBBA,bernoulli,drop_0.25,34,1156,24,10,acbba_g34_d50_bernoulli_drop_0_25,reruns\grid_density\scenarios\cv\known_visit_grid34_targets10_trials50.csv,5,29,15,52.61340095740808,52.61340095740808,12,12,1,0,True,completed
2,known_visit,ACBBA,bernoulli,drop_0.25,34,1156,24,10,acbba_g34_d50_bernoulli_drop_0_25,reruns\grid_density\scenarios\cv\known_visit_grid34_targets10_trials50.csv,6,24,23,46.093607550802,46.093607550802,16,16,1,0,True,completed
2,known_visit,ACBBA,bernoulli,drop_0.25,34,1156,24,10,acbba_g34_d50_bernoulli_drop_0_25,reruns\grid_density\scenarios\cv\known_visit_grid34_targets10_trials50.csv,7,11,8,31.151329617054973,31.151329617054973,02,02,2,1,True,completed
2,known_visit,ACBBA,bernoulli,drop_0.25,34,1156,24,10,acbba_g34_d50_bernoulli_drop_0_25,reruns\grid_density\scenarios\cv\known_visit_grid34_targets10_trials50.csv,8,21,32,56.6983071895572,56.6983071895572,21,21,1,0,True,completed
2,known_visit,ACBBA,bernoulli,drop_0.25,34,1156,24,10,acbba_g34_d50_bernoulli_drop_0_25,reruns\grid_density\scenarios\cv\known_visit_grid34_targets10_trials50.csv,9,22,8,40.477926864113606,40.477926864113606,07,07,1,0,True,completed
2,known_visit,ACBBA,bernoulli,drop_0.25,34,1156,24,10,acbba_g34_d50_bernoulli_drop_0_25,reruns\grid_density\scenarios\cv\known_visit_grid34_targets10_trials50.csv,10,10,12,36.135215669379924,36.135215669379924,10,10,2,1,True,completed
3,known_visit,ACBBA,bernoulli,drop_0.25,34,1156,24,10,acbba_g34_d50_bernoulli_drop_0_25,reruns\grid_density\scenarios\cv\known_visit_grid34_targets10_trials50.csv,1,18,8,74.13200706813629,74.13200706813629,00,00,1,0,True,completed
3,known_visit,ACBBA,bernoulli,drop_0.25,34,1156,24,10,acbba_g34_d50_bernoulli_drop_0_25,reruns\grid_density\scenarios\cv\known_visit_grid34_targets10_trials50.csv,2,19,29,31.56999597839004,31.56999597839004,20,20,2,1,True,completed
3,known_visit,ACBBA,bernoulli,drop_0.25,34,1156,24,10,acbba_g34_d50_bernoulli_drop_0_25,reruns\grid_density\scenarios\cv\known_visit_grid34_targets10_trials50.csv,3,2,31,3.9529833824997023,3.9529833824997023,22,22,3,2,True,completed
3,known_visit,ACBBA,bernoulli,drop_0.25,34,1156,24,10,acbba_g34_d50_bernoulli_drop_0_25,reruns\grid_density\scenarios\cv\known_visit_grid34_targets10_trials50.csv,4,11,10,28.09955610252937,28.09955610252937,03,03,3,2,True,completed
3,known_visit,ACBBA,bernoulli,drop_0.25,34,1156,24,10,acbba_g34_d50_bernoulli_drop_0_25,reruns\grid_density\scenarios\cv\known_visit_grid34_targets10_trials50.csv,5,20,22,37.23943798448756,37.23943798448756,17,17,2,1,True,completed
3,known_visit,ACBBA,bernoulli,drop_0.25,34,1156,24,10,acbba_g34_d50_bernoulli_drop_0_25,reruns\grid_density\scenarios\cv\known_visit_grid34_targets10_trials50.csv,6,32,21,59.52529232665826,59.52529232665826,17,17,1,0,True,completed
3,known_visit,ACBBA,bernoulli,drop_0.25,34,1156,24,10,acbba_g34_d50_bernoulli_drop_0_25,reruns\grid_density\scenarios\cv\known_visit_grid34_targets10_trials50.csv,7,14,23,24.49965194973343,24.49965194973343,15,15,2,1,True,completed
3,known_visit,ACBBA,bernoulli,drop_0.25,34,1156,24,10,acbba_g34_d50_bernoulli_drop_0_25,reruns\grid_density\scenarios\cv\known_visit_grid34_targets10_trials50.csv,8,9,2,16.07843104109176,16.07843104109176,02,02,2,1,True,completed
3,known_visit,ACBBA,bernoulli,drop_0.25,34,1156,24,10,acbba_g34_d50_bernoulli_drop_0_25,reruns\grid_density\scenarios\cv\known_visit_grid34_targets10_trials50.csv,9,6,3,9.125632767772847,9.125632767772847,02,02,2,1,True,completed
3,known_visit,ACBBA,bernoulli,drop_0.25,34,1156,24,10,acbba_g34_d50_bernoulli_drop_0_25,reruns\grid_density\scenarios\cv\known_visit_grid34_targets10_trials50.csv,10,3,22,3.662872211240937,3.662872211240937,15,15,2,1,True,completed
4,known_visit,ACBBA,bernoulli,drop_0.25,34,1156,24,10,acbba_g34_d50_bernoulli_drop_0_25,reruns\grid_density\scenarios\cv\known_visit_grid34_targets10_trials50.csv,1,17,0,38.31056051749313,38.31056051749313,04,04,1,0,True,completed
4,known_visit,ACBBA,bernoulli,drop_0.25,34,1156,24,10,acbba_g34_d50_bernoulli_drop_0_25,reruns\grid_density\scenarios\cv\known_visit_grid34_targets10_trials50.csv,2,33,1,67.89027936122058,67.89027936122058,04,04,1,0,True,completed
4,known_visit,ACBBA,bernoulli,drop_0.25,34,1156,24,10,acbba_g34_d50_bernoulli_drop_0_25,reruns\grid_density\scenarios\cv\known_visit_grid34_targets10_trials50.csv,3,26,29,65.63429727292673,65.63429727292673,14,14,1,0,True,completed
4,known_visit,ACBBA,bernoulli,drop_0.25,34,1156,24,10,acbba_g34_d50_bernoulli_drop_0_25,reruns\grid_density\scenarios\cv\known_visit_grid34_targets10_trials50.csv,4,15,17,37.91376468848063,37.91376468848063,10,10,3,2,True,completed
4,known_visit,ACBBA,bernoulli,drop_0.25,34,1156,24,10,acbba_g34_d50_bernoulli_drop_0_25,reruns\grid_density\scenarios\cv\known_visit_grid34_targets10_trials50.csv,5,9,10,21.760322274653248,21.760322274653248,05,05,2,1,True,completed
4,known_visit,ACBBA,bernoulli,drop_0.25,34,1156,24,10,acbba_g34_d50_bernoulli_drop_0_25,reruns\grid_density\scenarios\cv\known_visit_grid34_targets10_trials50.csv,6,17,18,43.177626148279955,43.177626148279955,10,10,1,0,True,completed
4,known_visit,ACBBA,bernoulli,drop_0.25,34,1156,24,10,acbba_g34_d50_bernoulli_drop_0_25,reruns\grid_density\scenarios\cv\known_visit_grid34_targets10_trials50.csv,7,23,29,60.29950533727096,60.29950533727096,14,14,1,0,True,completed
4,known_visit,ACBBA,bernoulli,drop_0.25,34,1156,24,10,acbba_g34_d50_bernoulli_drop_0_25,reruns\grid_density\scenarios\cv\known_visit_grid34_targets10_trials50.csv,8,13,30,20.500981376406113,20.500981376406113,21,21,2,1,True,completed
4,known_visit,ACBBA,bernoulli,drop_0.25,34,1156,24,10,acbba_g34_d50_bernoulli_drop_0_25,reruns\grid_density\scenarios\cv\known_visit_grid34_targets10_trials50.csv,9,6,0,8.628575975770103,8.628575975770103,00,00,2,1,True,completed
4,known_visit,ACBBA,bernoulli,drop_0.25,34,1156,24,10,acbba_g34_d50_bernoulli_drop_0_25,reruns\grid_density\scenarios\cv\known_visit_grid34_targets10_trials50.csv,10,29,29,70.70968689828153,70.70968689828153,14,14,1,0,True,completed
5,known_visit,ACBBA,bernoulli,drop_0.25,34,1156,24,10,acbba_g34_d50_bernoulli_drop_0_25,reruns\grid_density\scenarios\cv\known_visit_grid34_targets10_trials50.csv,1,21,6,90.80433666208388,90.80433666208388,03,03,1,0,True,completed
5,known_visit,ACBBA,bernoulli,drop_0.25,34,1156,24,10,acbba_g34_d50_bernoulli_drop_0_25,reruns\grid_density\scenarios\cv\known_visit_grid34_targets10_trials50.csv,2,4,2,9.08433807676091,9.08433807676091,01,01,3,2,True,completed
5,known_visit,ACBBA,bernoulli,drop_0.25,34,1156,24,10,acbba_g34_d50_bernoulli_drop_0_25,reruns\grid_density\scenarios\cv\known_visit_grid34_targets10_trials50.csv,3,16,26,89.01460880575951,89.01460880575951,02,02,1,0,True,completed
5,known_visit,ACBBA,bernoulli,drop_0.25,34,1156,24,10,acbba_g34_d50_bernoulli_drop_0_25,reruns\grid_density\scenarios\cv\known_visit_grid34_targets10_trials50.csv,4,9,17,32.20354318946325,32.20354318946325,09,09,2,1,True,completed
5,known_visit,ACBBA,bernoulli,drop_0.25,34,1156,24,10,acbba_g34_d50_bernoulli_drop_0_25,reruns\grid_density\scenarios\cv\known_visit_grid34_targets10_trials50.csv,5,5,0,7.5842066422517895,7.5842066422517895,00,00,3,2,True,completed
5,known_visit,ACBBA,bernoulli,drop_0.25,34,1156,24,10,acbba_g34_d50_bernoulli_drop_0_25,reruns\grid_density\scenarios\cv\known_visit_grid34_targets10_trials50.csv,6,19,7,36.05589678009434,36.05589678009434,03,03,2,1,True,completed
5,known_visit,ACBBA,bernoulli,drop_0.25,34,1156,24,10,acbba_g34_d50_bernoulli_drop_0_25,reruns\grid_density\scenarios\cv\known_visit_grid34_targets10_trials50.csv,7,31,31,94.1666845354777,94.1666845354777,09,09,1,0,True,completed
5,known_visit,ACBBA,bernoulli,drop_0.25,34,1156,24,10,acbba_g34_d50_bernoulli_drop_0_25,reruns\grid_density\scenarios\cv\known_visit_grid34_targets10_trials50.csv,8,15,20,24.19252617319371,24.19252617319371,14,14,2,1,True,completed
5,known_visit,ACBBA,bernoulli,drop_0.25,34,1156,24,10,acbba_g34_d50_bernoulli_drop_0_25,reruns\grid_density\scenarios\cv\known_visit_grid34_targets10_trials50.csv,9,30,27,85.29602878650618,85.29602878650618,09,09,1,0,True,completed
5,known_visit,ACBBA,bernoulli,drop_0.25,34,1156,24,10,acbba_g34_d50_bernoulli_drop_0_25,reruns\grid_density\scenarios\cv\known_visit_grid34_targets10_trials50.csv,10,22,11,36.39759651893979,36.39759651893979,08,08,1,0,True,completed
6,known_visit,ACBBA,bernoulli,drop_0.25,34,1156,24,10,acbba_g34_d50_bernoulli_drop_0_25,reruns\grid_density\scenarios\cv\known_visit_grid34_targets10_trials50.csv,1,21,15,65.25697986610405,65.25697986610405,03,03,1,0,True,completed
6,known_visit,ACBBA,bernoulli,drop_0.25,34,1156,24,10,acbba_g34_d50_bernoulli_drop_0_25,reruns\grid_density\scenarios\cv\known_visit_grid34_targets10_trials50.csv,2,1,18,33.9235903519337,33.9235903519337,05,05,2,1,True,completed
6,known_visit,ACBBA,bernoulli,drop_0.25,34,1156,24,10,acbba_g34_d50_bernoulli_drop_0_25,reruns\grid_density\scenarios\cv\known_visit_grid34_targets10_trials50.csv,3,14,25,26.11899915004019,26.11899915004019,18,18,2,1,True,completed
6,known_visit,ACBBA,bernoulli,drop_0.25,34,1156,24,10,acbba_g34_d50_bernoulli_drop_0_25,reruns\grid_density\scenarios\cv\known_visit_grid34_targets10_trials50.csv,4,6,19,8.792433029157598,8.792433029157598,13,13,2,1,True,completed
6,known_visit,ACBBA,bernoulli,drop_0.25,34,1156,24,10,acbba_g34_d50_bernoulli_drop_0_25,reruns\grid_density\scenarios\cv\known_visit_grid34_targets10_trials50.csv,5,4,11,9.607028357969332,9.607028357969332,06,06,2,1,True,completed
6,known_visit,ACBBA,bernoulli,drop_0.25,34,1156,24,10,acbba_g34_d50_bernoulli_drop_0_25,reruns\grid_density\scenarios\cv\known_visit_grid34_targets10_trials50.csv,6,20,18,35.04046971423833,35.04046971423833,13,13,1,0,True,completed
6,known_visit,ACBBA,bernoulli,drop_0.25,34,1156,24,10,acbba_g34_d50_bernoulli_drop_0_25,reruns\grid_density\scenarios\cv\known_visit_grid34_targets10_trials50.csv,7,16,2,32.699630555375805,32.699630555375805,00,00,1,0,True,completed
6,known_visit,ACBBA,bernoulli,drop_0.25,34,1156,24,10,acbba_g34_d50_bernoulli_drop_0_25,reruns\grid_density\scenarios\cv\known_visit_grid34_targets10_trials50.csv,8,23,22,37.444634280378295,37.444634280378295,15,15,1,0,True,completed
6,known_visit,ACBBA,bernoulli,drop_0.25,34,1156,24,10,acbba_g34_d50_bernoulli_drop_0_25,reruns\grid_density\scenarios\cv\known_visit_grid34_targets10_trials50.csv,9,33,20,58.46809796644723,58.46809796644723,15,15,1,0,True,completed
6,known_visit,ACBBA,bernoulli,drop_0.25,34,1156,24,10,acbba_g34_d50_bernoulli_drop_0_25,reruns\grid_density\scenarios\cv\known_visit_grid34_targets10_trials50.csv,10,23,9,46.84319713692753,46.84319713692753,03,03,1,0,True,completed
7,known_visit,ACBBA,bernoulli,drop_0.25,34,1156,24,10,acbba_g34_d50_bernoulli_drop_0_25,reruns\grid_density\scenarios\cv\known_visit_grid34_targets10_trials50.csv,1,11,6,17.103575942254402,17.103575942254402,04,04,2,1,True,completed
7,known_visit,ACBBA,bernoulli,drop_0.25,34,1156,24,10,acbba_g34_d50_bernoulli_drop_0_25,reruns\grid_density\scenarios\cv\known_visit_grid34_targets10_trials50.csv,2,22,28,39.70581001686367,39.70581001686367,21,21,1,0,True,completed
7,known_visit,ACBBA,bernoulli,drop_0.25,34,1156,24,10,acbba_g34_d50_bernoulli_drop_0_25,reruns\grid_density\scenarios\cv\known_visit_grid34_targets10_trials50.csv,3,9,12,15.71685857635774,15.71685857635774,09,09,2,1,True,completed
7,known_visit,ACBBA,bernoulli,drop_0.25,34,1156,24,10,acbba_g34_d50_bernoulli_drop_0_25,reruns\grid_density\scenarios\cv\known_visit_grid34_targets10_trials50.csv,4,33,20,82.8004736098767,82.8004736098767,23,23,1,0,True,completed
7,known_visit,ACBBA,bernoulli,drop_0.25,34,1156,24,10,acbba_g34_d50_bernoulli_drop_0_25,reruns\grid_density\scenarios\cv\known_visit_grid34_targets10_trials50.csv,5,16,10,70.49524116697019,70.49524116697019,00,00,1,0,True,completed
7,known_visit,ACBBA,bernoulli,drop_0.25,34,1156,24,10,acbba_g34_d50_bernoulli_drop_0_25,reruns\grid_density\scenarios\cv\known_visit_grid34_targets10_trials50.csv,6,15,3,28.81122315777118,28.81122315777118,00,00,2,1,True,completed
7,known_visit,ACBBA,bernoulli,drop_0.25,34,1156,24,10,acbba_g34_d50_bernoulli_drop_0_25,reruns\grid_density\scenarios\cv\known_visit_grid34_targets10_trials50.csv,7,24,5,47.64304162321184,47.64304162321184,00,00,2,1,True,completed
7,known_visit,ACBBA,bernoulli,drop_0.25,34,1156,24,10,acbba_g34_d50_bernoulli_drop_0_25,reruns\grid_density\scenarios\cv\known_visit_grid34_targets10_trials50.csv,8,9,8,22.685624393315592,22.685624393315592,02,02,3,2,True,completed
7,known_visit,ACBBA,bernoulli,drop_0.25,34,1156,24,10,acbba_g34_d50_bernoulli_drop_0_25,reruns\grid_density\scenarios\cv\known_visit_grid34_targets10_trials50.csv,9,18,10,67.02828052855688,67.02828052855688,00,00,2,1,True,completed
7,known_visit,ACBBA,bernoulli,drop_0.25,34,1156,24,10,acbba_g34_d50_bernoulli_drop_0_25,reruns\grid_density\scenarios\cv\known_visit_grid34_targets10_trials50.csv,10,4,26,7.425073323409343,7.425073323409343,19,19,3,2,True,completed
8,known_visit,ACBBA,bernoulli,drop_0.25,34,1156,24,10,acbba_g34_d50_bernoulli_drop_0_25,reruns\grid_density\scenarios\cv\known_visit_grid34_targets10_trials50.csv,1,10,22,19.663884425553626,19.663884425553626,14,14,2,1,True,completed
8,known_visit,ACBBA,bernoulli,drop_0.25,34,1156,24,10,acbba_g34_d50_bernoulli_drop_0_25,reruns\grid_density\scenarios\cv\known_visit_grid34_targets10_trials50.csv,2,29,12,100.88833999866642,100.88833999866642,00,00,1,0,True,completed
8,known_visit,ACBBA,bernoulli,drop_0.25,34,1156,24,10,acbba_g34_d50_bernoulli_drop_0_25,reruns\grid_density\scenarios\cv\known_visit_grid34_targets10_trials50.csv,3,29,17,50.012693080812475,50.012693080812475,12,12,1,0,True,completed
8,known_visit,ACBBA,bernoulli,drop_0.25,34,1156,24,10,acbba_g34_d50_bernoulli_drop_0_25,reruns\grid_density\scenarios\cv\known_visit_grid34_targets10_trials50.csv,4,17,15,53.90180609211706,53.90180609211706,08,08,1,0,True,completed
8,known_visit,ACBBA,bernoulli,drop_0.25,34,1156,24,10,acbba_g34_d50_bernoulli_drop_0_25,reruns\grid_density\scenarios\cv\known_visit_grid34_targets10_trials50.csv,5,11,32,16.981230871648503,16.981230871648503,22,22,3,2,True,completed
8,known_visit,ACBBA,bernoulli,drop_0.25,34,1156,24,10,acbba_g34_d50_bernoulli_drop_0_25,reruns\grid_density\scenarios\cv\known_visit_grid34_targets10_trials50.csv,6,24,29,48.933773564031306,48.933773564031306,19,19,1,0,True,completed
8,known_visit,ACBBA,bernoulli,drop_0.25,34,1156,24,10,acbba_g34_d50_bernoulli_drop_0_25,reruns\grid_density\scenarios\cv\known_visit_grid34_targets10_trials50.csv,7,25,3,57.86529902594342,57.86529902594342,01,01,1,0,True,completed
8,known_visit,ACBBA,bernoulli,drop_0.25,34,1156,24,10,acbba_g34_d50_bernoulli_drop_0_25,reruns\grid_density\scenarios\cv\known_visit_grid34_targets10_trials50.csv,8,5,8,25.37726026204098,25.37726026204098,00,00,2,1,True,completed
8,known_visit,ACBBA,bernoulli,drop_0.25,34,1156,24,10,acbba_g34_d50_bernoulli_drop_0_25,reruns\grid_density\scenarios\cv\known_visit_grid34_targets10_trials50.csv,9,6,23,26.516521086559305,26.516521086559305,16,16,3,2,True,completed
8,known_visit,ACBBA,bernoulli,drop_0.25,34,1156,24,10,acbba_g34_d50_bernoulli_drop_0_25,reruns\grid_density\scenarios\cv\known_visit_grid34_targets10_trials50.csv,10,18,30,36.600695287655405,36.600695287655405,19,19,2,1,True,completed
9,known_visit,ACBBA,bernoulli,drop_0.25,34,1156,24,10,acbba_g34_d50_bernoulli_drop_0_25,reruns\grid_density\scenarios\cv\known_visit_grid34_targets10_trials50.csv,1,18,24,31.554568730170857,31.554568730170857,16,16,2,1,True,completed
9,known_visit,ACBBA,bernoulli,drop_0.25,34,1156,24,10,acbba_g34_d50_bernoulli_drop_0_25,reruns\grid_density\scenarios\cv\known_visit_grid34_targets10_trials50.csv,2,6,0,8.675189284447379,8.675189284447379,00,00,3,2,True,completed
9,known_visit,ACBBA,bernoulli,drop_0.25,34,1156,24,10,acbba_g34_d50_bernoulli_drop_0_25,reruns\grid_density\scenarios\cv\known_visit_grid34_targets10_trials50.csv,3,2,8,17.60400345671068,17.60400345671068,01,01,2,1,True,completed
9,known_visit,ACBBA,bernoulli,drop_0.25,34,1156,24,10,acbba_g34_d50_bernoulli_drop_0_25,reruns\grid_density\scenarios\cv\known_visit_grid34_targets10_trials50.csv,4,22,15,55.93331940453454,55.93331940453454,18,18,2,1,True,completed
9,known_visit,ACBBA,bernoulli,drop_0.25,34,1156,24,10,acbba_g34_d50_bernoulli_drop_0_25,reruns\grid_density\scenarios\cv\known_visit_grid34_targets10_trials50.csv,5,23,3,51.72897961267324,51.72897961267324,04,04,1,0,True,completed
9,known_visit,ACBBA,bernoulli,drop_0.25,34,1156,24,10,acbba_g34_d50_bernoulli_drop_0_25,reruns\grid_density\scenarios\cv\known_visit_grid34_targets10_trials50.csv,6,22,26,36.10934762605024,36.10934762605024,18,18,3,2,True,completed
9,known_visit,ACBBA,bernoulli,drop_0.25,34,1156,24,10,acbba_g34_d50_bernoulli_drop_0_25,reruns\grid_density\scenarios\cv\known_visit_grid34_targets10_trials50.csv,7,14,7,23.424965042209305,23.424965042209305,05,05,2,1,True,completed
9,known_visit,ACBBA,bernoulli,drop_0.25,34,1156,24,10,acbba_g34_d50_bernoulli_drop_0_25,reruns\grid_density\scenarios\cv\known_visit_grid34_targets10_trials50.csv,8,29,27,58.22032079155441,58.22032079155441,19,19,1,0,True,completed
9,known_visit,ACBBA,bernoulli,drop_0.25,34,1156,24,10,acbba_g34_d50_bernoulli_drop_0_25,reruns\grid_density\scenarios\cv\known_visit_grid34_targets10_trials50.csv,9,31,19,75.74300167119898,75.74300167119898,19,19,1,0,True,completed
9,known_visit,ACBBA,bernoulli,drop_0.25,34,1156,24,10,acbba_g34_d50_bernoulli_drop_0_25,reruns\grid_density\scenarios\cv\known_visit_grid34_targets10_trials50.csv,10,17,25,82.25644232832104,82.25644232832104,01,01,1,0,True,completed
10,known_visit,ACBBA,bernoulli,drop_0.25,34,1156,24,10,acbba_g34_d50_bernoulli_drop_0_25,reruns\grid_density\scenarios\cv\known_visit_grid34_targets10_trials50.csv,1,20,19,82.12704872776473,82.12704872776473,01,01,1,0,True,completed
10,known_visit,ACBBA,bernoulli,drop_0.25,34,1156,24,10,acbba_g34_d50_bernoulli_drop_0_25,reruns\grid_density\scenarios\cv\known_visit_grid34_targets10_trials50.csv,2,15,13,27.363064269509362,27.363064269509362,08,08,2,1,True,completed
10,known_visit,ACBBA,bernoulli,drop_0.25,34,1156,24,10,acbba_g34_d50_bernoulli_drop_0_25,reruns\grid_density\scenarios\cv\known_visit_grid34_targets10_trials50.csv,3,2,29,1.8066586017145752,1.8066586017145752,20,20,3,2,True,completed
10,known_visit,ACBBA,bernoulli,drop_0.25,34,1156,24,10,acbba_g34_d50_bernoulli_drop_0_25,reruns\grid_density\scenarios\cv\known_visit_grid34_targets10_trials50.csv,4,13,8,29.677394607699053,29.677394607699053,02,02,2,1,True,completed
10,known_visit,ACBBA,bernoulli,drop_0.25,34,1156,24,10,acbba_g34_d50_bernoulli_drop_0_25,reruns\grid_density\scenarios\cv\known_visit_grid34_targets10_trials50.csv,5,25,22,64.57626058036806,64.57626058036806,15,15,1,0,True,completed
10,known_visit,ACBBA,bernoulli,drop_0.25,34,1156,24,10,acbba_g34_d50_bernoulli_drop_0_25,reruns\grid_density\scenarios\cv\known_visit_grid34_targets10_trials50.csv,6,16,8,39.63625132859813,39.63625132859813,01,01,2,1,True,completed
10,known_visit,ACBBA,bernoulli,drop_0.25,34,1156,24,10,acbba_g34_d50_bernoulli_drop_0_25,reruns\grid_density\scenarios\cv\known_visit_grid34_targets10_trials50.csv,7,33,10,57.54720531554844,57.54720531554844,06,06,1,0,True,completed
10,known_visit,ACBBA,bernoulli,drop_0.25,34,1156,24,10,acbba_g34_d50_bernoulli_drop_0_25,reruns\grid_density\scenarios\cv\known_visit_grid34_targets10_trials50.csv,8,18,14,34.33640421359786,34.33640421359786,08,08,2,1,True,completed
10,known_visit,ACBBA,bernoulli,drop_0.25,34,1156,24,10,acbba_g34_d50_bernoulli_drop_0_25,reruns\grid_density\scenarios\cv\known_visit_grid34_targets10_trials50.csv,9,21,31,55.64569181748609,55.64569181748609,22,22,1,0,True,completed
10,known_visit,ACBBA,bernoulli,drop_0.25,34,1156,24,10,acbba_g34_d50_bernoulli_drop_0_25,reruns\grid_density\scenarios\cv\known_visit_grid34_targets10_trials50.csv,10,22,25,39.41667655327653,39.41667655327653,19,19,1,0,True,completed
11,known_visit,ACBBA,bernoulli,drop_0.25,34,1156,24,10,acbba_g34_d50_bernoulli_drop_0_25,reruns\grid_density\scenarios\cv\known_visit_grid34_targets10_trials50.csv,1,8,17,16.29545771326438,16.29545771326438,13,13,3,2,True,completed
11,known_visit,ACBBA,bernoulli,drop_0.25,34,1156,24,10,acbba_g34_d50_bernoulli_drop_0_25,reruns\grid_density\scenarios\cv\known_visit_grid34_targets10_trials50.csv,2,25,27,40.897822016669274,40.897822016669274,19,19,1,0,True,completed
11,known_visit,ACBBA,bernoulli,drop_0.25,34,1156,24,10,acbba_g34_d50_bernoulli_drop_0_25,reruns\grid_density\scenarios\cv\known_visit_grid34_targets10_trials50.csv,3,1,25,2.270611868566718,2.270611868566718,18,18,3,2,True,completed
11,known_visit,ACBBA,bernoulli,drop_0.25,34,1156,24,10,acbba_g34_d50_bernoulli_drop_0_25,reruns\grid_density\scenarios\cv\known_visit_grid34_targets10_trials50.csv,4,17,1,30.20114597184287,30.20114597184287,00,00,2,1,True,completed
11,known_visit,ACBBA,bernoulli,drop_0.25,34,1156,24,10,acbba_g34_d50_bernoulli_drop_0_25,reruns\grid_density\scenarios\cv\known_visit_grid34_targets10_trials50.csv,5,15,15,58.9690052983591,58.9690052983591,01,01,1,0,True,completed
11,known_visit,ACBBA,bernoulli,drop_0.25,34,1156,24,10,acbba_g34_d50_bernoulli_drop_0_25,reruns\grid_density\scenarios\cv\known_visit_grid34_targets10_trials50.csv,6,3,19,4.213535257643859,4.213535257643859,13,13,2,1,True,completed
11,known_visit,ACBBA,bernoulli,drop_0.25,34,1156,24,10,acbba_g34_d50_bernoulli_drop_0_25,reruns\grid_density\scenarios\cv\known_visit_grid34_targets10_trials50.csv,7,24,17,58.743586913125306,58.743586913125306,12,12,1,0,True,completed
11,known_visit,ACBBA,bernoulli,drop_0.25,34,1156,24,10,acbba_g34_d50_bernoulli_drop_0_25,reruns\grid_density\scenarios\cv\known_visit_grid34_targets10_trials50.csv,8,16,12,43.07029800534826,43.07029800534826,03,03,1,0,True,completed
11,known_visit,ACBBA,bernoulli,drop_0.25,34,1156,24,10,acbba_g34_d50_bernoulli_drop_0_25,reruns\grid_density\scenarios\cv\known_visit_grid34_targets10_trials50.csv,9,29,24,52.98160873070256,52.98160873070256,19,19,1,0,True,completed
11,known_visit,ACBBA,bernoulli,drop_0.25,34,1156,24,10,acbba_g34_d50_bernoulli_drop_0_25,reruns\grid_density\scenarios\cv\known_visit_grid34_targets10_trials50.csv,10,1,26,0.17084297632044676,0.17084297632044676,18,18,3,2,True,completed
12,known_visit,ACBBA,bernoulli,drop_0.25,34,1156,24,10,acbba_g34_d50_bernoulli_drop_0_25,reruns\grid_density\scenarios\cv\known_visit_grid34_targets10_trials50.csv,1,14,20,37.95676757804307,37.95676757804307,08,08,2,1,True,completed
12,known_visit,ACBBA,bernoulli,drop_0.25,34,1156,24,10,acbba_g34_d50_bernoulli_drop_0_25,reruns\grid_density\scenarios\cv\known_visit_grid34_targets10_trials50.csv,2,19,27,34.79139788878499,34.79139788878499,20,20,2,1,True,completed
12,known_visit,ACBBA,bernoulli,drop_0.25,34,1156,24,10,acbba_g34_d50_bernoulli_drop_0_25,reruns\grid_density\scenarios\cv\known_visit_grid34_targets10_trials50.csv,3,26,11,61.82511128782142,61.82511128782142,01,01,1,0,True,completed
12,known_visit,ACBBA,bernoulli,drop_0.25,34,1156,24,10,acbba_g34_d50_bernoulli_drop_0_25,reruns\grid_density\scenarios\cv\known_visit_grid34_targets10_trials50.csv,4,31,30,84.90115690810876,84.90115690810876,21,21,1,0,True,completed
12,known_visit,ACBBA,bernoulli,drop_0.25,34,1156,24,10,acbba_g34_d50_bernoulli_drop_0_25,reruns\grid_density\scenarios\cv\known_visit_grid34_targets10_trials50.csv,5,14,13,26.059257042134796,26.059257042134796,08,08,3,2,True,completed
12,known_visit,ACBBA,bernoulli,drop_0.25,34,1156,24,10,acbba_g34_d50_bernoulli_drop_0_25,reruns\grid_density\scenarios\cv\known_visit_grid34_targets10_trials50.csv,6,20,1,32.493382732296936,32.493382732296936,01,01,2,1,True,completed
12,known_visit,ACBBA,bernoulli,drop_0.25,34,1156,24,10,acbba_g34_d50_bernoulli_drop_0_25,reruns\grid_density\scenarios\cv\known_visit_grid34_targets10_trials50.csv,7,19,12,38.97167449255382,38.97167449255382,05,05,2,1,True,completed
12,known_visit,ACBBA,bernoulli,drop_0.25,34,1156,24,10,acbba_g34_d50_bernoulli_drop_0_25,reruns\grid_density\scenarios\cv\known_visit_grid34_targets10_trials50.csv,8,15,5,26.024710399149242,26.024710399149242,04,04,2,1,True,completed
12,known_visit,ACBBA,bernoulli,drop_0.25,34,1156,24,10,acbba_g34_d50_bernoulli_drop_0_25,reruns\grid_density\scenarios\cv\known_visit_grid34_targets10_trials50.csv,9,9,27,17.40763694570199,17.40763694570199,20,20,3,2,True,completed
12,known_visit,ACBBA,bernoulli,drop_0.25,34,1156,24,10,acbba_g34_d50_bernoulli_drop_0_25,reruns\grid_density\scenarios\cv\known_visit_grid34_targets10_trials50.csv,10,20,0,33.37260012621744,33.37260012621744,00,00,2,1,True,completed
13,known_visit,ACBBA,bernoulli,drop_0.25,34,1156,24,10,acbba_g34_d50_bernoulli_drop_0_25,reruns\grid_density\scenarios\cv\known_visit_grid34_targets10_trials50.csv,1,23,7,37.943855202011754,37.943855202011754,05,05,1,0,True,completed
13,known_visit,ACBBA,bernoulli,drop_0.25,34,1156,24,10,acbba_g34_d50_bernoulli_drop_0_25,reruns\grid_density\scenarios\cv\known_visit_grid34_targets10_trials50.csv,2,10,3,15.363870470530705,15.363870470530705,02,02,2,1,True,completed
13,known_visit,ACBBA,bernoulli,drop_0.25,34,1156,24,10,acbba_g34_d50_bernoulli_drop_0_25,reruns\grid_density\scenarios\cv\known_visit_grid34_targets10_trials50.csv,3,25,1,51.938524416265075,51.938524416265075,05,05,2,1,True,completed
13,known_visit,ACBBA,bernoulli,drop_0.25,34,1156,24,10,acbba_g34_d50_bernoulli_drop_0_25,reruns\grid_density\scenarios\cv\known_visit_grid34_targets10_trials50.csv,4,19,9,30.906920169234404,30.906920169234404,06,06,1,0,True,completed
13,known_visit,ACBBA,bernoulli,drop_0.25,34,1156,24,10,acbba_g34_d50_bernoulli_drop_0_25,reruns\grid_density\scenarios\cv\known_visit_grid34_targets10_trials50.csv,5,30,19,51.84874450988124,51.84874450988124,14,14,1,0,True,completed
13,known_visit,ACBBA,bernoulli,drop_0.25,34,1156,24,10,acbba_g34_d50_bernoulli_drop_0_25,reruns\grid_density\scenarios\cv\known_visit_grid34_targets10_trials50.csv,6,5,13,6.717594878335868,6.717594878335868,09,09,3,2,True,completed
13,known_visit,ACBBA,bernoulli,drop_0.25,34,1156,24,10,acbba_g34_d50_bernoulli_drop_0_25,reruns\grid_density\scenarios\cv\known_visit_grid34_targets10_trials50.csv,7,33,25,67.58623865210758,67.58623865210758,14,14,1,0,True,completed
13,known_visit,ACBBA,bernoulli,drop_0.25,34,1156,24,10,acbba_g34_d50_bernoulli_drop_0_25,reruns\grid_density\scenarios\cv\known_visit_grid34_targets10_trials50.csv,8,27,18,89.57957228719518,89.57957228719518,05,05,1,0,True,completed
13,known_visit,ACBBA,bernoulli,drop_0.25,34,1156,24,10,acbba_g34_d50_bernoulli_drop_0_25,reruns\grid_density\scenarios\cv\known_visit_grid34_targets10_trials50.csv,9,14,17,35.5194516322964,35.5194516322964,08,08,2,1,True,completed
13,known_visit,ACBBA,bernoulli,drop_0.25,34,1156,24,10,acbba_g34_d50_bernoulli_drop_0_25,reruns\grid_density\scenarios\cv\known_visit_grid34_targets10_trials50.csv,10,22,31,38.20040049478217,38.20040049478217,22,22,2,1,True,completed
14,known_visit,ACBBA,bernoulli,drop_0.25,34,1156,24,10,acbba_g34_d50_bernoulli_drop_0_25,reruns\grid_density\scenarios\cv\known_visit_grid34_targets10_trials50.csv,1,26,21,46.164958650111174,46.164958650111174,16,16,2,1,True,completed
14,known_visit,ACBBA,bernoulli,drop_0.25,34,1156,24,10,acbba_g34_d50_bernoulli_drop_0_25,reruns\grid_density\scenarios\cv\known_visit_grid34_targets10_trials50.csv,2,19,17,31.01060397927738,31.01060397927738,12,12,2,1,True,completed
14,known_visit,ACBBA,bernoulli,drop_0.25,34,1156,24,10,acbba_g34_d50_bernoulli_drop_0_25,reruns\grid_density\scenarios\cv\known_visit_grid34_targets10_trials50.csv,3,30,30,49.808199256323206,49.808199256323206,21,21,2,1,True,completed
14,known_visit,ACBBA,bernoulli,drop_0.25,34,1156,24,10,acbba_g34_d50_bernoulli_drop_0_25,reruns\grid_density\scenarios\cv\known_visit_grid34_targets10_trials50.csv,4,23,1,41.89792998881511,41.89792998881511,00,00,2,1,True,completed
14,known_visit,ACBBA,bernoulli,drop_0.25,34,1156,24,10,acbba_g34_d50_bernoulli_drop_0_25,reruns\grid_density\scenarios\cv\known_visit_grid34_targets10_trials50.csv,5,28,33,88.97420949195788,88.97420949195788,23,23,1,0,True,completed
14,known_visit,ACBBA,bernoulli,drop_0.25,34,1156,24,10,acbba_g34_d50_bernoulli_drop_0_25,reruns\grid_density\scenarios\cv\known_visit_grid34_targets10_trials50.csv,6,8,20,14.798443228492507,14.798443228492507,13,13,2,1,True,completed
14,known_visit,ACBBA,bernoulli,drop_0.25,34,1156,24,10,acbba_g34_d50_bernoulli_drop_0_25,reruns\grid_density\scenarios\cv\known_visit_grid34_targets10_trials50.csv,7,30,13,71.16207160313111,71.16207160313111,05,05,1,0,True,completed
14,known_visit,ACBBA,bernoulli,drop_0.25,34,1156,24,10,acbba_g34_d50_bernoulli_drop_0_25,reruns\grid_density\scenarios\cv\known_visit_grid34_targets10_trials50.csv,8,19,15,32.56484948173215,32.56484948173215,11,11,2,1,True,completed
14,known_visit,ACBBA,bernoulli,drop_0.25,34,1156,24,10,acbba_g34_d50_bernoulli_drop_0_25,reruns\grid_density\scenarios\cv\known_visit_grid34_targets10_trials50.csv,9,2,18,35.94978495395573,35.94978495395573,04,04,3,2,True,completed
14,known_visit,ACBBA,bernoulli,drop_0.25,34,1156,24,10,acbba_g34_d50_bernoulli_drop_0_25,reruns\grid_density\scenarios\cv\known_visit_grid34_targets10_trials50.csv,10,33,8,56.927785695494116,56.927785695494116,05,05,2,1,True,completed
15,known_visit,ACBBA,bernoulli,drop_0.25,34,1156,24,10,acbba_g34_d50_bernoulli_drop_0_25,reruns\grid_density\scenarios\cv\known_visit_grid34_targets10_trials50.csv,1,32,18,86.24182733265012,86.24182733265012,21,21,1,0,True,completed
15,known_visit,ACBBA,bernoulli,drop_0.25,34,1156,24,10,acbba_g34_d50_bernoulli_drop_0_25,reruns\grid_density\scenarios\cv\known_visit_grid34_targets10_trials50.csv,2,21,0,65.39286620040777,65.39286620040777,00,00,1,0,True,completed
15,known_visit,ACBBA,bernoulli,drop_0.25,34,1156,24,10,acbba_g34_d50_bernoulli_drop_0_25,reruns\grid_density\scenarios\cv\known_visit_grid34_targets10_trials50.csv,3,3,27,5.297770385703855,5.297770385703855,18,18,3,2,True,completed
15,known_visit,ACBBA,bernoulli,drop_0.25,34,1156,24,10,acbba_g34_d50_bernoulli_drop_0_25,reruns\grid_density\scenarios\cv\known_visit_grid34_targets10_trials50.csv,4,7,8,26.686923207843275,26.686923207843275,01,01,3,2,True,completed
15,known_visit,ACBBA,bernoulli,drop_0.25,34,1156,24,10,acbba_g34_d50_bernoulli_drop_0_25,reruns\grid_density\scenarios\cv\known_visit_grid34_targets10_trials50.csv,5,33,29,56.56042910724915,56.56042910724915,21,21,1,0,True,completed
15,known_visit,ACBBA,bernoulli,drop_0.25,34,1156,24,10,acbba_g34_d50_bernoulli_drop_0_25,reruns\grid_density\scenarios\cv\known_visit_grid34_targets10_trials50.csv,6,20,7,45.824957521243334,45.824957521243334,05,05,2,1,True,completed
15,known_visit,ACBBA,bernoulli,drop_0.25,34,1156,24,10,acbba_g34_d50_bernoulli_drop_0_25,reruns\grid_density\scenarios\cv\known_visit_grid34_targets10_trials50.csv,7,6,0,9.28077040929318,9.28077040929318,00,00,3,2,True,completed
15,known_visit,ACBBA,bernoulli,drop_0.25,34,1156,24,10,acbba_g34_d50_bernoulli_drop_0_25,reruns\grid_density\scenarios\cv\known_visit_grid34_targets10_trials50.csv,8,20,31,41.5662496080819,41.5662496080819,18,18,1,0,True,completed
15,known_visit,ACBBA,bernoulli,drop_0.25,34,1156,24,10,acbba_g34_d50_bernoulli_drop_0_25,reruns\grid_density\scenarios\cv\known_visit_grid34_targets10_trials50.csv,9,24,30,39.375887502353976,39.375887502353976,21,21,1,0,True,completed
15,known_visit,ACBBA,bernoulli,drop_0.25,34,1156,24,10,acbba_g34_d50_bernoulli_drop_0_25,reruns\grid_density\scenarios\cv\known_visit_grid34_targets10_trials50.csv,10,16,32,31.093646107804535,31.093646107804535,23,23,2,1,True,completed
16,known_visit,ACBBA,bernoulli,drop_0.25,34,1156,24,10,acbba_g34_d50_bernoulli_drop_0_25,reruns\grid_density\scenarios\cv\known_visit_grid34_targets10_trials50.csv,1,16,14,25.74184586651348,25.74184586651348,10,10,2,1,True,completed
16,known_visit,ACBBA,bernoulli,drop_0.25,34,1156,24,10,acbba_g34_d50_bernoulli_drop_0_25,reruns\grid_density\scenarios\cv\known_visit_grid34_targets10_trials50.csv,2,9,22,15.993295682827833,15.993295682827833,16,16,1,0,True,completed
16,known_visit,ACBBA,bernoulli,drop_0.25,34,1156,24,10,acbba_g34_d50_bernoulli_drop_0_25,reruns\grid_density\scenarios\cv\known_visit_grid34_targets10_trials50.csv,3,26,13,47.00929828137099,47.00929828137099,08,08,1,0,True,completed
16,known_visit,ACBBA,bernoulli,drop_0.25,34,1156,24,10,acbba_g34_d50_bernoulli_drop_0_25,reruns\grid_density\scenarios\cv\known_visit_grid34_targets10_trials50.csv,4,4,24,5.2064876490344805,5.2064876490344805,17,17,3,2,True,completed
16,known_visit,ACBBA,bernoulli,drop_0.25,34,1156,24,10,acbba_g34_d50_bernoulli_drop_0_25,reruns\grid_density\scenarios\cv\known_visit_grid34_targets10_trials50.csv,5,11,9,32.64734658212921,32.64734658212921,00,00,2,1,True,completed
16,known_visit,ACBBA,bernoulli,drop_0.25,34,1156,24,10,acbba_g34_d50_bernoulli_drop_0_25,reruns\grid_density\scenarios\cv\known_visit_grid34_targets10_trials50.csv,6,20,7,34.44639926400695,34.44639926400695,04,04,1,0,True,completed
16,known_visit,ACBBA,bernoulli,drop_0.25,34,1156,24,10,acbba_g34_d50_bernoulli_drop_0_25,reruns\grid_density\scenarios\cv\known_visit_grid34_targets10_trials50.csv,7,27,16,47.81964541748241,47.81964541748241,10,10,2,1,True,completed
16,known_visit,ACBBA,bernoulli,drop_0.25,34,1156,24,10,acbba_g34_d50_bernoulli_drop_0_25,reruns\grid_density\scenarios\cv\known_visit_grid34_targets10_trials50.csv,8,21,13,38.09102762616008,38.09102762616008,08,08,1,0,True,completed
16,known_visit,ACBBA,bernoulli,drop_0.25,34,1156,24,10,acbba_g34_d50_bernoulli_drop_0_25,reruns\grid_density\scenarios\cv\known_visit_grid34_targets10_trials50.csv,9,22,30,41.372198034253415,41.372198034253415,22,22,1,0,True,completed
16,known_visit,ACBBA,bernoulli,drop_0.25,34,1156,24,10,acbba_g34_d50_bernoulli_drop_0_25,reruns\grid_density\scenarios\cv\known_visit_grid34_targets10_trials50.csv,10,32,17,58.419836549445066,58.419836549445066,10,10,1,0,True,completed
17,known_visit,ACBBA,bernoulli,drop_0.25,34,1156,24,10,acbba_g34_d50_bernoulli_drop_0_25,reruns\grid_density\scenarios\cv\known_visit_grid34_targets10_trials50.csv,1,20,0,32.950020469967846,32.950020469967846,00,00,1,0,True,completed
17,known_visit,ACBBA,bernoulli,drop_0.25,34,1156,24,10,acbba_g34_d50_bernoulli_drop_0_25,reruns\grid_density\scenarios\cv\known_visit_grid34_targets10_trials50.csv,2,19,24,31.14926250784232,31.14926250784232,17,17,2,1,True,completed
17,known_visit,ACBBA,bernoulli,drop_0.25,34,1156,24,10,acbba_g34_d50_bernoulli_drop_0_25,reruns\grid_density\scenarios\cv\known_visit_grid34_targets10_trials50.csv,3,12,18,21.993126720803264,21.993126720803264,12,12,2,1,True,completed
17,known_visit,ACBBA,bernoulli,drop_0.25,34,1156,24,10,acbba_g34_d50_bernoulli_drop_0_25,reruns\grid_density\scenarios\cv\known_visit_grid34_targets10_trials50.csv,4,21,27,41.26827159506349,41.26827159506349,21,21,3,2,True,completed
17,known_visit,ACBBA,bernoulli,drop_0.25,34,1156,24,10,acbba_g34_d50_bernoulli_drop_0_25,reruns\grid_density\scenarios\cv\known_visit_grid34_targets10_trials50.csv,5,17,8,39.918933132867394,39.918933132867394,01,01,2,1,True,completed
17,known_visit,ACBBA,bernoulli,drop_0.25,34,1156,24,10,acbba_g34_d50_bernoulli_drop_0_25,reruns\grid_density\scenarios\cv\known_visit_grid34_targets10_trials50.csv,6,5,23,10.781158927072743,10.781158927072743,16,16,2,1,True,completed
17,known_visit,ACBBA,bernoulli,drop_0.25,34,1156,24,10,acbba_g34_d50_bernoulli_drop_0_25,reruns\grid_density\scenarios\cv\known_visit_grid34_targets10_trials50.csv,7,14,25,37.665595492673674,37.665595492673674,12,12,2,1,True,completed
17,known_visit,ACBBA,bernoulli,drop_0.25,34,1156,24,10,acbba_g34_d50_bernoulli_drop_0_25,reruns\grid_density\scenarios\cv\known_visit_grid34_targets10_trials50.csv,8,33,9,86.80733973871396,86.80733973871396,00,00,1,0,True,completed
17,known_visit,ACBBA,bernoulli,drop_0.25,34,1156,24,10,acbba_g34_d50_bernoulli_drop_0_25,reruns\grid_density\scenarios\cv\known_visit_grid34_targets10_trials50.csv,9,29,21,50.79985617838308,50.79985617838308,14,14,1,0,True,completed
17,known_visit,ACBBA,bernoulli,drop_0.25,34,1156,24,10,acbba_g34_d50_bernoulli_drop_0_25,reruns\grid_density\scenarios\cv\known_visit_grid34_targets10_trials50.csv,10,16,3,29.170349803892325,29.170349803892325,01,01,1,0,True,completed
18,known_visit,ACBBA,bernoulli,drop_0.25,34,1156,24,10,acbba_g34_d50_bernoulli_drop_0_25,reruns\grid_density\scenarios\cv\known_visit_grid34_targets10_trials50.csv,1,24,8,54.00102109158535,54.00102109158535,07,07,1,0,True,completed
18,known_visit,ACBBA,bernoulli,drop_0.25,34,1156,24,10,acbba_g34_d50_bernoulli_drop_0_25,reruns\grid_density\scenarios\cv\known_visit_grid34_targets10_trials50.csv,2,28,25,81.174226422701,81.174226422701,18,18,1,0,True,completed
18,known_visit,ACBBA,bernoulli,drop_0.25,34,1156,24,10,acbba_g34_d50_bernoulli_drop_0_25,reruns\grid_density\scenarios\cv\known_visit_grid34_targets10_trials50.csv,3,26,24,51.1639995808404,51.1639995808404,14,14,2,1,True,completed
18,known_visit,ACBBA,bernoulli,drop_0.25,34,1156,24,10,acbba_g34_d50_bernoulli_drop_0_25,reruns\grid_density\scenarios\cv\known_visit_grid34_targets10_trials50.csv,4,29,0,98.60443025742711,98.60443025742711,01,01,1,0,True,completed
18,known_visit,ACBBA,bernoulli,drop_0.25,34,1156,24,10,acbba_g34_d50_bernoulli_drop_0_25,reruns\grid_density\scenarios\cv\known_visit_grid34_targets10_trials50.csv,5,11,25,19.124054416894605,19.124054416894605,18,18,2,1,True,completed
18,known_visit,ACBBA,bernoulli,drop_0.25,34,1156,24,10,acbba_g34_d50_bernoulli_drop_0_25,reruns\grid_density\scenarios\cv\known_visit_grid34_targets10_trials50.csv,6,24,19,39.946947987578746,39.946947987578746,13,13,2,1,True,completed
18,known_visit,ACBBA,bernoulli,drop_0.25,34,1156,24,10,acbba_g34_d50_bernoulli_drop_0_25,reruns\grid_density\scenarios\cv\known_visit_grid34_targets10_trials50.csv,7,20,9,32.7268607222436,32.7268607222436,06,06,3,2,True,completed
18,known_visit,ACBBA,bernoulli,drop_0.25,34,1156,24,10,acbba_g34_d50_bernoulli_drop_0_25,reruns\grid_density\scenarios\cv\known_visit_grid34_targets10_trials50.csv,8,22,16,53.03664081582352,53.03664081582352,05,05,2,1,True,completed
18,known_visit,ACBBA,bernoulli,drop_0.25,34,1156,24,10,acbba_g34_d50_bernoulli_drop_0_25,reruns\grid_density\scenarios\cv\known_visit_grid34_targets10_trials50.csv,9,12,3,18.616807296236647,18.616807296236647,02,02,3,2,True,completed
18,known_visit,ACBBA,bernoulli,drop_0.25,34,1156,24,10,acbba_g34_d50_bernoulli_drop_0_25,reruns\grid_density\scenarios\cv\known_visit_grid34_targets10_trials50.csv,10,25,17,86.41502106247397,86.41502106247397,12,12,1,0,True,completed
19,known_visit,ACBBA,bernoulli,drop_0.25,34,1156,24,10,acbba_g34_d50_bernoulli_drop_0_25,reruns\grid_density\scenarios\cv\known_visit_grid34_targets10_trials50.csv,1,23,5,41.14010796781706,41.14010796781706,03,03,3,2,True,completed
19,known_visit,ACBBA,bernoulli,drop_0.25,34,1156,24,10,acbba_g34_d50_bernoulli_drop_0_25,reruns\grid_density\scenarios\cv\known_visit_grid34_targets10_trials50.csv,2,13,19,48.559226650231444,48.559226650231444,12,12,3,2,True,completed
19,known_visit,ACBBA,bernoulli,drop_0.25,34,1156,24,10,acbba_g34_d50_bernoulli_drop_0_25,reruns\grid_density\scenarios\cv\known_visit_grid34_targets10_trials50.csv,3,29,20,116.86397417584332,116.86397417584332,09,09,1,0,True,completed
19,known_visit,ACBBA,bernoulli,drop_0.25,34,1156,24,10,acbba_g34_d50_bernoulli_drop_0_25,reruns\grid_density\scenarios\cv\known_visit_grid34_targets10_trials50.csv,4,27,28,63.2852316928553,63.2852316928553,20,20,2,1,True,completed
19,known_visit,ACBBA,bernoulli,drop_0.25,34,1156,24,10,acbba_g34_d50_bernoulli_drop_0_25,reruns\grid_density\scenarios\cv\known_visit_grid34_targets10_trials50.csv,5,8,21,23.218264915208916,23.218264915208916,17,17,2,1,True,completed
19,known_visit,ACBBA,bernoulli,drop_0.25,34,1156,24,10,acbba_g34_d50_bernoulli_drop_0_25,reruns\grid_density\scenarios\cv\known_visit_grid34_targets10_trials50.csv,6,15,14,23.827023676667622,23.827023676667622,10,10,3,2,True,completed
19,known_visit,ACBBA,bernoulli,drop_0.25,34,1156,24,10,acbba_g34_d50_bernoulli_drop_0_25,reruns\grid_density\scenarios\cv\known_visit_grid34_targets10_trials50.csv,7,16,1,27.5352714598981,27.5352714598981,00,00,3,2,True,completed
19,known_visit,ACBBA,bernoulli,drop_0.25,34,1156,24,10,acbba_g34_d50_bernoulli_drop_0_25,reruns\grid_density\scenarios\cv\known_visit_grid34_targets10_trials50.csv,8,3,33,3.608937308124279,3.608937308124279,23,23,3,2,True,completed
19,known_visit,ACBBA,bernoulli,drop_0.25,34,1156,24,10,acbba_g34_d50_bernoulli_drop_0_25,reruns\grid_density\scenarios\cv\known_visit_grid34_targets10_trials50.csv,9,31,23,52.97018797663499,52.97018797663499,16,16,2,1,True,completed
19,known_visit,ACBBA,bernoulli,drop_0.25,34,1156,24,10,acbba_g34_d50_bernoulli_drop_0_25,reruns\grid_density\scenarios\cv\known_visit_grid34_targets10_trials50.csv,10,17,0,31.512576301851016,31.512576301851016,00,00,1,0,True,completed
20,known_visit,ACBBA,bernoulli,drop_0.25,34,1156,24,10,acbba_g34_d50_bernoulli_drop_0_25,reruns\grid_density\scenarios\cv\known_visit_grid34_targets10_trials50.csv,1,25,17,44.117352686163834,44.117352686163834,12,12,1,0,True,completed
20,known_visit,ACBBA,bernoulli,drop_0.25,34,1156,24,10,acbba_g34_d50_bernoulli_drop_0_25,reruns\grid_density\scenarios\cv\known_visit_grid34_targets10_trials50.csv,2,12,20,21.7595640116056,21.7595640116056,13,13,3,2,True,completed
20,known_visit,ACBBA,bernoulli,drop_0.25,34,1156,24,10,acbba_g34_d50_bernoulli_drop_0_25,reruns\grid_density\scenarios\cv\known_visit_grid34_targets10_trials50.csv,3,15,28,27.766597733964158,27.766597733964158,21,21,2,1,True,completed
20,known_visit,ACBBA,bernoulli,drop_0.25,34,1156,24,10,acbba_g34_d50_bernoulli_drop_0_25,reruns\grid_density\scenarios\cv\known_visit_grid34_targets10_trials50.csv,4,23,12,39.50049806331442,39.50049806331442,09,09,1,0,True,completed
20,known_visit,ACBBA,bernoulli,drop_0.25,34,1156,24,10,acbba_g34_d50_bernoulli_drop_0_25,reruns\grid_density\scenarios\cv\known_visit_grid34_targets10_trials50.csv,5,29,15,54.5069881853059,54.5069881853059,12,12,1,0,True,completed
20,known_visit,ACBBA,bernoulli,drop_0.25,34,1156,24,10,acbba_g34_d50_bernoulli_drop_0_25,reruns\grid_density\scenarios\cv\known_visit_grid34_targets10_trials50.csv,6,14,15,38.60584927030242,38.60584927030242,07,07,2,1,True,completed
20,known_visit,ACBBA,bernoulli,drop_0.25,34,1156,24,10,acbba_g34_d50_bernoulli_drop_0_25,reruns\grid_density\scenarios\cv\known_visit_grid34_targets10_trials50.csv,7,22,2,58.61811019437851,58.61811019437851,09,09,1,0,True,completed
20,known_visit,ACBBA,bernoulli,drop_0.25,34,1156,24,10,acbba_g34_d50_bernoulli_drop_0_25,reruns\grid_density\scenarios\cv\known_visit_grid34_targets10_trials50.csv,8,8,23,47.11030985185941,47.11030985185941,17,17,2,1,True,completed
20,known_visit,ACBBA,bernoulli,drop_0.25,34,1156,24,10,acbba_g34_d50_bernoulli_drop_0_25,reruns\grid_density\scenarios\cv\known_visit_grid34_targets10_trials50.csv,9,8,5,15.999981847227563,15.999981847227563,02,02,2,1,True,completed
20,known_visit,ACBBA,bernoulli,drop_0.25,34,1156,24,10,acbba_g34_d50_bernoulli_drop_0_25,reruns\grid_density\scenarios\cv\known_visit_grid34_targets10_trials50.csv,10,6,15,18.31433023347912,18.31433023347912,11,11,2,1,True,completed
21,known_visit,ACBBA,bernoulli,drop_0.25,34,1156,24,10,acbba_g34_d50_bernoulli_drop_0_25,reruns\grid_density\scenarios\cv\known_visit_grid34_targets10_trials50.csv,1,11,8,23.370314212617135,23.370314212617135,04,04,2,1,True,completed
21,known_visit,ACBBA,bernoulli,drop_0.25,34,1156,24,10,acbba_g34_d50_bernoulli_drop_0_25,reruns\grid_density\scenarios\cv\known_visit_grid34_targets10_trials50.csv,2,23,31,40.971127920659285,40.971127920659285,22,22,1,0,True,completed
21,known_visit,ACBBA,bernoulli,drop_0.25,34,1156,24,10,acbba_g34_d50_bernoulli_drop_0_25,reruns\grid_density\scenarios\cv\known_visit_grid34_targets10_trials50.csv,3,2,2,3.889672310689657,3.889672310689657,01,01,2,1,True,completed
21,known_visit,ACBBA,bernoulli,drop_0.25,34,1156,24,10,acbba_g34_d50_bernoulli_drop_0_25,reruns\grid_density\scenarios\cv\known_visit_grid34_targets10_trials50.csv,4,6,23,8.87310889261833,8.87310889261833,16,16,2,1,True,completed
21,known_visit,ACBBA,bernoulli,drop_0.25,34,1156,24,10,acbba_g34_d50_bernoulli_drop_0_25,reruns\grid_density\scenarios\cv\known_visit_grid34_targets10_trials50.csv,5,14,22,24.600901079418236,24.600901079418236,15,15,2,1,True,completed
21,known_visit,ACBBA,bernoulli,drop_0.25,34,1156,24,10,acbba_g34_d50_bernoulli_drop_0_25,reruns\grid_density\scenarios\cv\known_visit_grid34_targets10_trials50.csv,6,4,6,5.280223993798701,5.280223993798701,04,04,3,2,True,completed
21,known_visit,ACBBA,bernoulli,drop_0.25,34,1156,24,10,acbba_g34_d50_bernoulli_drop_0_25,reruns\grid_density\scenarios\cv\known_visit_grid34_targets10_trials50.csv,7,4,29,6.695195968403345,6.695195968403345,20,20,2,1,True,completed
21,known_visit,ACBBA,bernoulli,drop_0.25,34,1156,24,10,acbba_g34_d50_bernoulli_drop_0_25,reruns\grid_density\scenarios\cv\known_visit_grid34_targets10_trials50.csv,8,11,19,27.250198051817563,27.250198051817563,14,14,2,1,True,completed
21,known_visit,ACBBA,bernoulli,drop_0.25,34,1156,24,10,acbba_g34_d50_bernoulli_drop_0_25,reruns\grid_density\scenarios\cv\known_visit_grid34_targets10_trials50.csv,9,21,7,50.495927066440984,50.495927066440984,02,02,1,0,True,completed
21,known_visit,ACBBA,bernoulli,drop_0.25,34,1156,24,10,acbba_g34_d50_bernoulli_drop_0_25,reruns\grid_density\scenarios\cv\known_visit_grid34_targets10_trials50.csv,10,12,20,49.93017689839474,49.93017689839474,12,12,1,0,True,completed
22,known_visit,ACBBA,bernoulli,drop_0.25,34,1156,24,10,acbba_g34_d50_bernoulli_drop_0_25,reruns\grid_density\scenarios\cv\known_visit_grid34_targets10_trials50.csv,1,4,33,5.4485524185377665,5.4485524185377665,23,23,2,1,True,completed
22,known_visit,ACBBA,bernoulli,drop_0.25,34,1156,24,10,acbba_g34_d50_bernoulli_drop_0_25,reruns\grid_density\scenarios\cv\known_visit_grid34_targets10_trials50.csv,2,25,14,43.37271403905719,43.37271403905719,09,09,1,0,True,completed
22,known_visit,ACBBA,bernoulli,drop_0.25,34,1156,24,10,acbba_g34_d50_bernoulli_drop_0_25,reruns\grid_density\scenarios\cv\known_visit_grid34_targets10_trials50.csv,3,3,12,13.699298969351656,13.699298969351656,08,08,2,1,True,completed
22,known_visit,ACBBA,bernoulli,drop_0.25,34,1156,24,10,acbba_g34_d50_bernoulli_drop_0_25,reruns\grid_density\scenarios\cv\known_visit_grid34_targets10_trials50.csv,4,29,19,52.74681231032245,52.74681231032245,13,13,1,0,True,completed
22,known_visit,ACBBA,bernoulli,drop_0.25,34,1156,24,10,acbba_g34_d50_bernoulli_drop_0_25,reruns\grid_density\scenarios\cv\known_visit_grid34_targets10_trials50.csv,5,27,15,63.100494641174166,63.100494641174166,13,13,1,0,True,completed
22,known_visit,ACBBA,bernoulli,drop_0.25,34,1156,24,10,acbba_g34_d50_bernoulli_drop_0_25,reruns\grid_density\scenarios\cv\known_visit_grid34_targets10_trials50.csv,6,23,6,45.3820928131303,45.3820928131303,03,03,1,0,True,completed
22,known_visit,ACBBA,bernoulli,drop_0.25,34,1156,24,10,acbba_g34_d50_bernoulli_drop_0_25,reruns\grid_density\scenarios\cv\known_visit_grid34_targets10_trials50.csv,7,8,32,12.263735559223981,12.263735559223981,22,22,1,0,True,completed
22,known_visit,ACBBA,bernoulli,drop_0.25,34,1156,24,10,acbba_g34_d50_bernoulli_drop_0_25,reruns\grid_density\scenarios\cv\known_visit_grid34_targets10_trials50.csv,8,20,20,34.983657616703965,34.983657616703965,13,13,1,0,True,completed
22,known_visit,ACBBA,bernoulli,drop_0.25,34,1156,24,10,acbba_g34_d50_bernoulli_drop_0_25,reruns\grid_density\scenarios\cv\known_visit_grid34_targets10_trials50.csv,9,1,3,0.1398322111205572,0.1398322111205572,02,02,2,1,True,completed
22,known_visit,ACBBA,bernoulli,drop_0.25,34,1156,24,10,acbba_g34_d50_bernoulli_drop_0_25,reruns\grid_density\scenarios\cv\known_visit_grid34_targets10_trials50.csv,10,11,6,24.57983479454895,24.57983479454895,03,03,2,1,True,completed
23,known_visit,ACBBA,bernoulli,drop_0.25,34,1156,24,10,acbba_g34_d50_bernoulli_drop_0_25,reruns\grid_density\scenarios\cv\known_visit_grid34_targets10_trials50.csv,1,10,9,21.758286264980164,21.758286264980164,04,04,3,2,True,completed
23,known_visit,ACBBA,bernoulli,drop_0.25,34,1156,24,10,acbba_g34_d50_bernoulli_drop_0_25,reruns\grid_density\scenarios\cv\known_visit_grid34_targets10_trials50.csv,2,25,12,45.821339650095,45.821339650095,10,10,2,1,True,completed
23,known_visit,ACBBA,bernoulli,drop_0.25,34,1156,24,10,acbba_g34_d50_bernoulli_drop_0_25,reruns\grid_density\scenarios\cv\known_visit_grid34_targets10_trials50.csv,3,25,5,93.9990530286198,93.9990530286198,02,02,1,0,True,completed
23,known_visit,ACBBA,bernoulli,drop_0.25,34,1156,24,10,acbba_g34_d50_bernoulli_drop_0_25,reruns\grid_density\scenarios\cv\known_visit_grid34_targets10_trials50.csv,4,9,33,18.002064904540763,18.002064904540763,23,23,2,1,True,completed
23,known_visit,ACBBA,bernoulli,drop_0.25,34,1156,24,10,acbba_g34_d50_bernoulli_drop_0_25,reruns\grid_density\scenarios\cv\known_visit_grid34_targets10_trials50.csv,5,21,9,40.73551848609356,40.73551848609356,04,04,2,1,True,completed
23,known_visit,ACBBA,bernoulli,drop_0.25,34,1156,24,10,acbba_g34_d50_bernoulli_drop_0_25,reruns\grid_density\scenarios\cv\known_visit_grid34_targets10_trials50.csv,6,1,11,0.12006403622349603,0.12006403622349603,08,08,2,1,True,completed
23,known_visit,ACBBA,bernoulli,drop_0.25,34,1156,24,10,acbba_g34_d50_bernoulli_drop_0_25,reruns\grid_density\scenarios\cv\known_visit_grid34_targets10_trials50.csv,7,15,22,65.11743411760042,65.11743411760042,01,01,1,0,True,completed
23,known_visit,ACBBA,bernoulli,drop_0.25,34,1156,24,10,acbba_g34_d50_bernoulli_drop_0_25,reruns\grid_density\scenarios\cv\known_visit_grid34_targets10_trials50.csv,8,32,25,56.94376755522222,56.94376755522222,18,18,2,1,True,completed
23,known_visit,ACBBA,bernoulli,drop_0.25,34,1156,24,10,acbba_g34_d50_bernoulli_drop_0_25,reruns\grid_density\scenarios\cv\known_visit_grid34_targets10_trials50.csv,9,21,17,88.45659980156582,88.45659980156582,03,03,1,0,True,completed
23,known_visit,ACBBA,bernoulli,drop_0.25,34,1156,24,10,acbba_g34_d50_bernoulli_drop_0_25,reruns\grid_density\scenarios\cv\known_visit_grid34_targets10_trials50.csv,10,8,30,51.089927011545406,51.089927011545406,22,22,2,1,True,completed
24,known_visit,ACBBA,bernoulli,drop_0.25,34,1156,24,10,acbba_g34_d50_bernoulli_drop_0_25,reruns\grid_density\scenarios\cv\known_visit_grid34_targets10_trials50.csv,1,23,33,39.77890486984087,39.77890486984087,22,22,2,1,True,completed
24,known_visit,ACBBA,bernoulli,drop_0.25,34,1156,24,10,acbba_g34_d50_bernoulli_drop_0_25,reruns\grid_density\scenarios\cv\known_visit_grid34_targets10_trials50.csv,2,33,23,89.66133755114029,89.66133755114029,13,13,1,0,True,completed
24,known_visit,ACBBA,bernoulli,drop_0.25,34,1156,24,10,acbba_g34_d50_bernoulli_drop_0_25,reruns\grid_density\scenarios\cv\known_visit_grid34_targets10_trials50.csv,3,1,17,0.10189475775304978,0.10189475775304978,12,12,2,1,True,completed
24,known_visit,ACBBA,bernoulli,drop_0.25,34,1156,24,10,acbba_g34_d50_bernoulli_drop_0_25,reruns\grid_density\scenarios\cv\known_visit_grid34_targets10_trials50.csv,4,21,0,61.553227467619976,61.553227467619976,01,01,1,0,True,completed
24,known_visit,ACBBA,bernoulli,drop_0.25,34,1156,24,10,acbba_g34_d50_bernoulli_drop_0_25,reruns\grid_density\scenarios\cv\known_visit_grid34_targets10_trials50.csv,5,25,13,73.09491074565082,73.09491074565082,00,00,2,1,True,completed
24,known_visit,ACBBA,bernoulli,drop_0.25,34,1156,24,10,acbba_g34_d50_bernoulli_drop_0_25,reruns\grid_density\scenarios\cv\known_visit_grid34_targets10_trials50.csv,6,27,31,82.16306320290732,82.16306320290732,22,22,1,0,True,completed
24,known_visit,ACBBA,bernoulli,drop_0.25,34,1156,24,10,acbba_g34_d50_bernoulli_drop_0_25,reruns\grid_density\scenarios\cv\known_visit_grid34_targets10_trials50.csv,7,18,4,31.799868648419224,31.799868648419224,02,02,3,2,True,completed
24,known_visit,ACBBA,bernoulli,drop_0.25,34,1156,24,10,acbba_g34_d50_bernoulli_drop_0_25,reruns\grid_density\scenarios\cv\known_visit_grid34_targets10_trials50.csv,8,27,17,78.92272665335098,78.92272665335098,11,11,1,0,True,completed
24,known_visit,ACBBA,bernoulli,drop_0.25,34,1156,24,10,acbba_g34_d50_bernoulli_drop_0_25,reruns\grid_density\scenarios\cv\known_visit_grid34_targets10_trials50.csv,9,32,19,52.74487134637154,52.74487134637154,13,13,1,0,True,completed
24,known_visit,ACBBA,bernoulli,drop_0.25,34,1156,24,10,acbba_g34_d50_bernoulli_drop_0_25,reruns\grid_density\scenarios\cv\known_visit_grid34_targets10_trials50.csv,10,3,31,6.215211159801767,6.215211159801767,21,21,3,2,True,completed
25,known_visit,ACBBA,bernoulli,drop_0.25,34,1156,24,10,acbba_g34_d50_bernoulli_drop_0_25,reruns\grid_density\scenarios\cv\known_visit_grid34_targets10_trials50.csv,1,32,21,90.99979878346025,90.99979878346025,07,07,1,0,True,completed
25,known_visit,ACBBA,bernoulli,drop_0.25,34,1156,24,10,acbba_g34_d50_bernoulli_drop_0_25,reruns\grid_density\scenarios\cv\known_visit_grid34_targets10_trials50.csv,2,8,16,14.46941963191902,14.46941963191902,11,11,3,2,True,completed
25,known_visit,ACBBA,bernoulli,drop_0.25,34,1156,24,10,acbba_g34_d50_bernoulli_drop_0_25,reruns\grid_density\scenarios\cv\known_visit_grid34_targets10_trials50.csv,3,30,7,80.59231720326159,80.59231720326159,00,00,1,0,True,completed
25,known_visit,ACBBA,bernoulli,drop_0.25,34,1156,24,10,acbba_g34_d50_bernoulli_drop_0_25,reruns\grid_density\scenarios\cv\known_visit_grid34_targets10_trials50.csv,4,5,9,8.554038916843556,8.554038916843556,06,06,4,3,True,completed
25,known_visit,ACBBA,bernoulli,drop_0.25,34,1156,24,10,acbba_g34_d50_bernoulli_drop_0_25,reruns\grid_density\scenarios\cv\known_visit_grid34_targets10_trials50.csv,5,22,7,52.50052952876034,52.50052952876034,02,02,2,1,True,completed
25,known_visit,ACBBA,bernoulli,drop_0.25,34,1156,24,10,acbba_g34_d50_bernoulli_drop_0_25,reruns\grid_density\scenarios\cv\known_visit_grid34_targets10_trials50.csv,6,18,25,69.14720432211273,69.14720432211273,03,03,1,0,True,completed
25,known_visit,ACBBA,bernoulli,drop_0.25,34,1156,24,10,acbba_g34_d50_bernoulli_drop_0_25,reruns\grid_density\scenarios\cv\known_visit_grid34_targets10_trials50.csv,7,29,31,62.75721654672955,62.75721654672955,22,22,1,0,True,completed
25,known_visit,ACBBA,bernoulli,drop_0.25,34,1156,24,10,acbba_g34_d50_bernoulli_drop_0_25,reruns\grid_density\scenarios\cv\known_visit_grid34_targets10_trials50.csv,8,27,12,50.03771337200357,50.03771337200357,07,07,1,0,True,completed
25,known_visit,ACBBA,bernoulli,drop_0.25,34,1156,24,10,acbba_g34_d50_bernoulli_drop_0_25,reruns\grid_density\scenarios\cv\known_visit_grid34_targets10_trials50.csv,9,19,0,37.83739275038386,37.83739275038386,00,00,2,1,True,completed
25,known_visit,ACBBA,bernoulli,drop_0.25,34,1156,24,10,acbba_g34_d50_bernoulli_drop_0_25,reruns\grid_density\scenarios\cv\known_visit_grid34_targets10_trials50.csv,10,24,26,69.30692899540314,69.30692899540314,18,18,2,1,True,completed
26,known_visit,ACBBA,bernoulli,drop_0.25,34,1156,24,10,acbba_g34_d50_bernoulli_drop_0_25,reruns\grid_density\scenarios\cv\known_visit_grid34_targets10_trials50.csv,1,14,25,27.963140619170282,27.963140619170282,15,15,3,2,True,completed
26,known_visit,ACBBA,bernoulli,drop_0.25,34,1156,24,10,acbba_g34_d50_bernoulli_drop_0_25,reruns\grid_density\scenarios\cv\known_visit_grid34_targets10_trials50.csv,2,5,4,7.13624384667834,7.13624384667834,03,03,3,2,True,completed
26,known_visit,ACBBA,bernoulli,drop_0.25,34,1156,24,10,acbba_g34_d50_bernoulli_drop_0_25,reruns\grid_density\scenarios\cv\known_visit_grid34_targets10_trials50.csv,3,32,8,85.62230940014847,85.62230940014847,10,10,1,0,True,completed
26,known_visit,ACBBA,bernoulli,drop_0.25,34,1156,24,10,acbba_g34_d50_bernoulli_drop_0_25,reruns\grid_density\scenarios\cv\known_visit_grid34_targets10_trials50.csv,4,33,26,104.0512582437153,104.0512582437153,20,20,1,0,True,completed
26,known_visit,ACBBA,bernoulli,drop_0.25,34,1156,24,10,acbba_g34_d50_bernoulli_drop_0_25,reruns\grid_density\scenarios\cv\known_visit_grid34_targets10_trials50.csv,5,24,17,94.27142975747651,94.27142975747651,08,08,1,0,True,completed
26,known_visit,ACBBA,bernoulli,drop_0.25,34,1156,24,10,acbba_g34_d50_bernoulli_drop_0_25,reruns\grid_density\scenarios\cv\known_visit_grid34_targets10_trials50.csv,6,11,21,21.057703311984632,21.057703311984632,14,14,2,1,True,completed
26,known_visit,ACBBA,bernoulli,drop_0.25,34,1156,24,10,acbba_g34_d50_bernoulli_drop_0_25,reruns\grid_density\scenarios\cv\known_visit_grid34_targets10_trials50.csv,7,11,7,17.782790728847807,17.782790728847807,05,05,3,2,True,completed
26,known_visit,ACBBA,bernoulli,drop_0.25,34,1156,24,10,acbba_g34_d50_bernoulli_drop_0_25,reruns\grid_density\scenarios\cv\known_visit_grid34_targets10_trials50.csv,8,10,4,33.90998766362396,33.90998766362396,00,00,3,2,True,completed
26,known_visit,ACBBA,bernoulli,drop_0.25,34,1156,24,10,acbba_g34_d50_bernoulli_drop_0_25,reruns\grid_density\scenarios\cv\known_visit_grid34_targets10_trials50.csv,9,2,1,1.8481805508542906,1.8481805508542906,01,01,3,2,True,completed
26,known_visit,ACBBA,bernoulli,drop_0.25,34,1156,24,10,acbba_g34_d50_bernoulli_drop_0_25,reruns\grid_density\scenarios\cv\known_visit_grid34_targets10_trials50.csv,10,20,3,49.18063354305818,49.18063354305818,08,08,2,1,True,completed
27,known_visit,ACBBA,bernoulli,drop_0.25,34,1156,24,10,acbba_g34_d50_bernoulli_drop_0_25,reruns\grid_density\scenarios\cv\known_visit_grid34_targets10_trials50.csv,1,15,17,43.07940816474574,43.07940816474574,07,07,1,0,True,completed
27,known_visit,ACBBA,bernoulli,drop_0.25,34,1156,24,10,acbba_g34_d50_bernoulli_drop_0_25,reruns\grid_density\scenarios\cv\known_visit_grid34_targets10_trials50.csv,2,5,32,8.712231562847146,8.712231562847146,23,23,1,0,True,completed
27,known_visit,ACBBA,bernoulli,drop_0.25,34,1156,24,10,acbba_g34_d50_bernoulli_drop_0_25,reruns\grid_density\scenarios\cv\known_visit_grid34_targets10_trials50.csv,3,24,32,42.62280733070134,42.62280733070134,23,23,1,0,True,completed
27,known_visit,ACBBA,bernoulli,drop_0.25,34,1156,24,10,acbba_g34_d50_bernoulli_drop_0_25,reruns\grid_density\scenarios\cv\known_visit_grid34_targets10_trials50.csv,4,22,27,49.52515181415562,49.52515181415562,15,15,1,0,True,completed
27,known_visit,ACBBA,bernoulli,drop_0.25,34,1156,24,10,acbba_g34_d50_bernoulli_drop_0_25,reruns\grid_density\scenarios\cv\known_visit_grid34_targets10_trials50.csv,5,2,14,1.9590106268343703,1.9590106268343703,10,10,5,4,True,completed
27,known_visit,ACBBA,bernoulli,drop_0.25,34,1156,24,10,acbba_g34_d50_bernoulli_drop_0_25,reruns\grid_density\scenarios\cv\known_visit_grid34_targets10_trials50.csv,6,5,15,11.085580379531585,11.085580379531585,10,10,3,2,True,completed
27,known_visit,ACBBA,bernoulli,drop_0.25,34,1156,24,10,acbba_g34_d50_bernoulli_drop_0_25,reruns\grid_density\scenarios\cv\known_visit_grid34_targets10_trials50.csv,7,32,12,74.66451439263957,74.66451439263957,17,17,1,0,True,completed
27,known_visit,ACBBA,bernoulli,drop_0.25,34,1156,24,10,acbba_g34_d50_bernoulli_drop_0_25,reruns\grid_density\scenarios\cv\known_visit_grid34_targets10_trials50.csv,8,8,27,19.5540754007282,19.5540754007282,20,20,2,1,True,completed
27,known_visit,ACBBA,bernoulli,drop_0.25,34,1156,24,10,acbba_g34_d50_bernoulli_drop_0_25,reruns\grid_density\scenarios\cv\known_visit_grid34_targets10_trials50.csv,9,25,24,42.29514428416918,42.29514428416918,17,17,2,1,True,completed
27,known_visit,ACBBA,bernoulli,drop_0.25,34,1156,24,10,acbba_g34_d50_bernoulli_drop_0_25,reruns\grid_density\scenarios\cv\known_visit_grid34_targets10_trials50.csv,10,2,19,1.9144822337229535,1.9144822337229535,13,13,3,2,True,completed
28,known_visit,ACBBA,bernoulli,drop_0.25,34,1156,24,10,acbba_g34_d50_bernoulli_drop_0_25,reruns\grid_density\scenarios\cv\known_visit_grid34_targets10_trials50.csv,1,2,6,1.871917350152946,1.871917350152946,04,04,3,2,True,completed
28,known_visit,ACBBA,bernoulli,drop_0.25,34,1156,24,10,acbba_g34_d50_bernoulli_drop_0_25,reruns\grid_density\scenarios\cv\known_visit_grid34_targets10_trials50.csv,2,25,6,41.31865196930059,41.31865196930059,04,04,2,1,True,completed
28,known_visit,ACBBA,bernoulli,drop_0.25,34,1156,24,10,acbba_g34_d50_bernoulli_drop_0_25,reruns\grid_density\scenarios\cv\known_visit_grid34_targets10_trials50.csv,3,29,4,51.82197377663483,51.82197377663483,04,04,2,1,True,completed
28,known_visit,ACBBA,bernoulli,drop_0.25,34,1156,24,10,acbba_g34_d50_bernoulli_drop_0_25,reruns\grid_density\scenarios\cv\known_visit_grid34_targets10_trials50.csv,4,10,13,41.50542794988729,41.50542794988729,01,01,4,3,True,completed
28,known_visit,ACBBA,bernoulli,drop_0.25,34,1156,24,10,acbba_g34_d50_bernoulli_drop_0_25,reruns\grid_density\scenarios\cv\known_visit_grid34_targets10_trials50.csv,5,23,2,39.89611865775935,39.89611865775935,02,02,2,1,True,completed
28,known_visit,ACBBA,bernoulli,drop_0.25,34,1156,24,10,acbba_g34_d50_bernoulli_drop_0_25,reruns\grid_density\scenarios\cv\known_visit_grid34_targets10_trials50.csv,6,8,33,12.369423035532114,12.369423035532114,23,23,3,2,True,completed
28,known_visit,ACBBA,bernoulli,drop_0.25,34,1156,24,10,acbba_g34_d50_bernoulli_drop_0_25,reruns\grid_density\scenarios\cv\known_visit_grid34_targets10_trials50.csv,7,16,32,28.29849204722675,28.29849204722675,23,23,2,1,True,completed
28,known_visit,ACBBA,bernoulli,drop_0.25,34,1156,24,10,acbba_g34_d50_bernoulli_drop_0_25,reruns\grid_density\scenarios\cv\known_visit_grid34_targets10_trials50.csv,8,26,14,57.32233807250139,57.32233807250139,12,12,1,0,True,completed
28,known_visit,ACBBA,bernoulli,drop_0.25,34,1156,24,10,acbba_g34_d50_bernoulli_drop_0_25,reruns\grid_density\scenarios\cv\known_visit_grid34_targets10_trials50.csv,9,25,17,40.77683493803319,40.77683493803319,12,12,1,0,True,completed
28,known_visit,ACBBA,bernoulli,drop_0.25,34,1156,24,10,acbba_g34_d50_bernoulli_drop_0_25,reruns\grid_density\scenarios\cv\known_visit_grid34_targets10_trials50.csv,10,25,7,78.09099282984364,78.09099282984364,01,01,1,0,True,completed
29,known_visit,ACBBA,bernoulli,drop_0.25,34,1156,24,10,acbba_g34_d50_bernoulli_drop_0_25,reruns\grid_density\scenarios\cv\known_visit_grid34_targets10_trials50.csv,1,18,19,52.209988011039215,52.209988011039215,06,06,1,0,True,completed
29,known_visit,ACBBA,bernoulli,drop_0.25,34,1156,24,10,acbba_g34_d50_bernoulli_drop_0_25,reruns\grid_density\scenarios\cv\known_visit_grid34_targets10_trials50.csv,2,10,33,15.337655035150304,15.337655035150304,23,23,2,1,True,completed
29,known_visit,ACBBA,bernoulli,drop_0.25,34,1156,24,10,acbba_g34_d50_bernoulli_drop_0_25,reruns\grid_density\scenarios\cv\known_visit_grid34_targets10_trials50.csv,3,7,0,10.367677755341436,10.367677755341436,00,00,1,0,True,completed
29,known_visit,ACBBA,bernoulli,drop_0.25,34,1156,24,10,acbba_g34_d50_bernoulli_drop_0_25,reruns\grid_density\scenarios\cv\known_visit_grid34_targets10_trials50.csv,4,1,33,0.2372445028875863,0.2372445028875863,23,23,2,1,True,completed
29,known_visit,ACBBA,bernoulli,drop_0.25,34,1156,24,10,acbba_g34_d50_bernoulli_drop_0_25,reruns\grid_density\scenarios\cv\known_visit_grid34_targets10_trials50.csv,5,14,31,24.30485772863143,24.30485772863143,22,22,1,0,True,completed
29,known_visit,ACBBA,bernoulli,drop_0.25,34,1156,24,10,acbba_g34_d50_bernoulli_drop_0_25,reruns\grid_density\scenarios\cv\known_visit_grid34_targets10_trials50.csv,6,4,1,5.37960891076224,5.37960891076224,01,01,1,0,True,completed
29,known_visit,ACBBA,bernoulli,drop_0.25,34,1156,24,10,acbba_g34_d50_bernoulli_drop_0_25,reruns\grid_density\scenarios\cv\known_visit_grid34_targets10_trials50.csv,7,7,26,22.063660955741987,22.063660955741987,18,18,1,0,True,completed
29,known_visit,ACBBA,bernoulli,drop_0.25,34,1156,24,10,acbba_g34_d50_bernoulli_drop_0_25,reruns\grid_density\scenarios\cv\known_visit_grid34_targets10_trials50.csv,8,14,5,25.094525024072517,25.094525024072517,04,04,1,0,True,completed
29,known_visit,ACBBA,bernoulli,drop_0.25,34,1156,24,10,acbba_g34_d50_bernoulli_drop_0_25,reruns\grid_density\scenarios\cv\known_visit_grid34_targets10_trials50.csv,9,10,12,21.991237906991167,21.991237906991167,06,06,2,1,True,completed
29,known_visit,ACBBA,bernoulli,drop_0.25,34,1156,24,10,acbba_g34_d50_bernoulli_drop_0_25,reruns\grid_density\scenarios\cv\known_visit_grid34_targets10_trials50.csv,10,11,32,17.06359458831606,17.06359458831606,22,22,2,1,True,completed
30,known_visit,ACBBA,bernoulli,drop_0.25,34,1156,24,10,acbba_g34_d50_bernoulli_drop_0_25,reruns\grid_density\scenarios\cv\known_visit_grid34_targets10_trials50.csv,1,28,8,49.51862803714919,49.51862803714919,06,06,1,0,True,completed
30,known_visit,ACBBA,bernoulli,drop_0.25,34,1156,24,10,acbba_g34_d50_bernoulli_drop_0_25,reruns\grid_density\scenarios\cv\known_visit_grid34_targets10_trials50.csv,2,23,15,39.29040190838259,39.29040190838259,10,10,1,0,True,completed
30,known_visit,ACBBA,bernoulli,drop_0.25,34,1156,24,10,acbba_g34_d50_bernoulli_drop_0_25,reruns\grid_density\scenarios\cv\known_visit_grid34_targets10_trials50.csv,3,28,19,64.77867076547685,64.77867076547685,14,14,2,1,True,completed
30,known_visit,ACBBA,bernoulli,drop_0.25,34,1156,24,10,acbba_g34_d50_bernoulli_drop_0_25,reruns\grid_density\scenarios\cv\known_visit_grid34_targets10_trials50.csv,4,29,4,58.29308929320476,58.29308929320476,06,06,1,0,True,completed
30,known_visit,ACBBA,bernoulli,drop_0.25,34,1156,24,10,acbba_g34_d50_bernoulli_drop_0_25,reruns\grid_density\scenarios\cv\known_visit_grid34_targets10_trials50.csv,5,20,7,36.84585328437059,36.84585328437059,04,04,2,1,True,completed
30,known_visit,ACBBA,bernoulli,drop_0.25,34,1156,24,10,acbba_g34_d50_bernoulli_drop_0_25,reruns\grid_density\scenarios\cv\known_visit_grid34_targets10_trials50.csv,6,12,22,19.227756586173925,19.227756586173925,15,15,3,2,True,completed
30,known_visit,ACBBA,bernoulli,drop_0.25,34,1156,24,10,acbba_g34_d50_bernoulli_drop_0_25,reruns\grid_density\scenarios\cv\known_visit_grid34_targets10_trials50.csv,7,24,15,78.84356483054948,78.84356483054948,09,09,1,0,True,completed
30,known_visit,ACBBA,bernoulli,drop_0.25,34,1156,24,10,acbba_g34_d50_bernoulli_drop_0_25,reruns\grid_density\scenarios\cv\known_visit_grid34_targets10_trials50.csv,8,31,25,67.31110452502163,67.31110452502163,23,23,1,0,True,completed
30,known_visit,ACBBA,bernoulli,drop_0.25,34,1156,24,10,acbba_g34_d50_bernoulli_drop_0_25,reruns\grid_density\scenarios\cv\known_visit_grid34_targets10_trials50.csv,9,5,5,20.421293378587873,20.421293378587873,00,00,2,1,True,completed
30,known_visit,ACBBA,bernoulli,drop_0.25,34,1156,24,10,acbba_g34_d50_bernoulli_drop_0_25,reruns\grid_density\scenarios\cv\known_visit_grid34_targets10_trials50.csv,10,16,22,39.74954495893417,39.74954495893417,11,11,1,0,True,completed
31,known_visit,ACBBA,bernoulli,drop_0.25,34,1156,24,10,acbba_g34_d50_bernoulli_drop_0_25,reruns\grid_density\scenarios\cv\known_visit_grid34_targets10_trials50.csv,1,20,2,53.31575790144673,53.31575790144673,01,01,2,1,True,completed
31,known_visit,ACBBA,bernoulli,drop_0.25,34,1156,24,10,acbba_g34_d50_bernoulli_drop_0_25,reruns\grid_density\scenarios\cv\known_visit_grid34_targets10_trials50.csv,2,20,12,36.89838443783036,36.89838443783036,07,07,2,1,True,completed
31,known_visit,ACBBA,bernoulli,drop_0.25,34,1156,24,10,acbba_g34_d50_bernoulli_drop_0_25,reruns\grid_density\scenarios\cv\known_visit_grid34_targets10_trials50.csv,3,17,22,27.406804923083072,27.406804923083072,15,15,2,1,True,completed
31,known_visit,ACBBA,bernoulli,drop_0.25,34,1156,24,10,acbba_g34_d50_bernoulli_drop_0_25,reruns\grid_density\scenarios\cv\known_visit_grid34_targets10_trials50.csv,4,30,16,51.98329657506678,51.98329657506678,12,12,1,0,True,completed
31,known_visit,ACBBA,bernoulli,drop_0.25,34,1156,24,10,acbba_g34_d50_bernoulli_drop_0_25,reruns\grid_density\scenarios\cv\known_visit_grid34_targets10_trials50.csv,5,28,19,48.955004529367194,48.955004529367194,14,14,1,0,True,completed
31,known_visit,ACBBA,bernoulli,drop_0.25,34,1156,24,10,acbba_g34_d50_bernoulli_drop_0_25,reruns\grid_density\scenarios\cv\known_visit_grid34_targets10_trials50.csv,6,16,4,32.783708284217255,32.783708284217255,00,00,1,0,True,completed
31,known_visit,ACBBA,bernoulli,drop_0.25,34,1156,24,10,acbba_g34_d50_bernoulli_drop_0_25,reruns\grid_density\scenarios\cv\known_visit_grid34_targets10_trials50.csv,7,21,16,36.563632170709305,36.563632170709305,12,12,2,1,True,completed
31,known_visit,ACBBA,bernoulli,drop_0.25,34,1156,24,10,acbba_g34_d50_bernoulli_drop_0_25,reruns\grid_density\scenarios\cv\known_visit_grid34_targets10_trials50.csv,8,20,3,32.9856831580928,32.9856831580928,02,02,1,0,True,completed
31,known_visit,ACBBA,bernoulli,drop_0.25,34,1156,24,10,acbba_g34_d50_bernoulli_drop_0_25,reruns\grid_density\scenarios\cv\known_visit_grid34_targets10_trials50.csv,9,29,9,78.42924064573089,78.42924064573089,05,05,1,0,True,completed
31,known_visit,ACBBA,bernoulli,drop_0.25,34,1156,24,10,acbba_g34_d50_bernoulli_drop_0_25,reruns\grid_density\scenarios\cv\known_visit_grid34_targets10_trials50.csv,10,13,22,20.607118255185252,20.607118255185252,15,15,3,2,True,completed
32,known_visit,ACBBA,bernoulli,drop_0.25,34,1156,24,10,acbba_g34_d50_bernoulli_drop_0_25,reruns\grid_density\scenarios\cv\known_visit_grid34_targets10_trials50.csv,1,25,22,65.10349665014813,65.10349665014813,07,07,1,0,True,completed
32,known_visit,ACBBA,bernoulli,drop_0.25,34,1156,24,10,acbba_g34_d50_bernoulli_drop_0_25,reruns\grid_density\scenarios\cv\known_visit_grid34_targets10_trials50.csv,2,19,16,49.31931246648151,49.31931246648151,11,11,3,2,True,completed
32,known_visit,ACBBA,bernoulli,drop_0.25,34,1156,24,10,acbba_g34_d50_bernoulli_drop_0_25,reruns\grid_density\scenarios\cv\known_visit_grid34_targets10_trials50.csv,3,2,33,1.8773776766577939,1.8773776766577939,23,23,3,2,True,completed
32,known_visit,ACBBA,bernoulli,drop_0.25,34,1156,24,10,acbba_g34_d50_bernoulli_drop_0_25,reruns\grid_density\scenarios\cv\known_visit_grid34_targets10_trials50.csv,4,17,21,79.44909629645032,79.44909629645032,03,03,1,0,True,completed
32,known_visit,ACBBA,bernoulli,drop_0.25,34,1156,24,10,acbba_g34_d50_bernoulli_drop_0_25,reruns\grid_density\scenarios\cv\known_visit_grid34_targets10_trials50.csv,5,19,27,37.14813686270365,37.14813686270365,19,19,1,0,True,completed
32,known_visit,ACBBA,bernoulli,drop_0.25,34,1156,24,10,acbba_g34_d50_bernoulli_drop_0_25,reruns\grid_density\scenarios\cv\known_visit_grid34_targets10_trials50.csv,6,24,25,42.47702892343534,42.47702892343534,18,18,2,1,True,completed
32,known_visit,ACBBA,bernoulli,drop_0.25,34,1156,24,10,acbba_g34_d50_bernoulli_drop_0_25,reruns\grid_density\scenarios\cv\known_visit_grid34_targets10_trials50.csv,7,25,6,50.60596423045812,50.60596423045812,01,01,1,0,True,completed
32,known_visit,ACBBA,bernoulli,drop_0.25,34,1156,24,10,acbba_g34_d50_bernoulli_drop_0_25,reruns\grid_density\scenarios\cv\known_visit_grid34_targets10_trials50.csv,8,21,15,46.355777987879385,46.355777987879385,07,07,3,2,True,completed
32,known_visit,ACBBA,bernoulli,drop_0.25,34,1156,24,10,acbba_g34_d50_bernoulli_drop_0_25,reruns\grid_density\scenarios\cv\known_visit_grid34_targets10_trials50.csv,9,25,24,47.178572356734904,47.178572356734904,18,18,1,0,True,completed
32,known_visit,ACBBA,bernoulli,drop_0.25,34,1156,24,10,acbba_g34_d50_bernoulli_drop_0_25,reruns\grid_density\scenarios\cv\known_visit_grid34_targets10_trials50.csv,10,15,28,26.798591739556116,26.798591739556116,20,20,2,1,True,completed
33,known_visit,ACBBA,bernoulli,drop_0.25,34,1156,24,10,acbba_g34_d50_bernoulli_drop_0_25,reruns\grid_density\scenarios\cv\known_visit_grid34_targets10_trials50.csv,1,23,9,40.163324655500176,40.163324655500176,06,06,2,1,True,completed
33,known_visit,ACBBA,bernoulli,drop_0.25,34,1156,24,10,acbba_g34_d50_bernoulli_drop_0_25,reruns\grid_density\scenarios\cv\known_visit_grid34_targets10_trials50.csv,2,4,26,7.23946871466136,7.23946871466136,18,18,2,1,True,completed
33,known_visit,ACBBA,bernoulli,drop_0.25,34,1156,24,10,acbba_g34_d50_bernoulli_drop_0_25,reruns\grid_density\scenarios\cv\known_visit_grid34_targets10_trials50.csv,3,3,32,3.4060234432504957,3.4060234432504957,22,22,2,1,True,completed
33,known_visit,ACBBA,bernoulli,drop_0.25,34,1156,24,10,acbba_g34_d50_bernoulli_drop_0_25,reruns\grid_density\scenarios\cv\known_visit_grid34_targets10_trials50.csv,4,30,6,57.288727898640474,57.288727898640474,06,06,1,0,True,completed
33,known_visit,ACBBA,bernoulli,drop_0.25,34,1156,24,10,acbba_g34_d50_bernoulli_drop_0_25,reruns\grid_density\scenarios\cv\known_visit_grid34_targets10_trials50.csv,5,2,30,1.9970239659839786,1.9970239659839786,21,21,2,1,True,completed
33,known_visit,ACBBA,bernoulli,drop_0.25,34,1156,24,10,acbba_g34_d50_bernoulli_drop_0_25,reruns\grid_density\scenarios\cv\known_visit_grid34_targets10_trials50.csv,6,28,32,48.50821230681892,48.50821230681892,22,22,1,0,True,completed
33,known_visit,ACBBA,bernoulli,drop_0.25,34,1156,24,10,acbba_g34_d50_bernoulli_drop_0_25,reruns\grid_density\scenarios\cv\known_visit_grid34_targets10_trials50.csv,7,17,6,35.095220291048776,35.095220291048776,05,05,3,2,True,completed
33,known_visit,ACBBA,bernoulli,drop_0.25,34,1156,24,10,acbba_g34_d50_bernoulli_drop_0_25,reruns\grid_density\scenarios\cv\known_visit_grid34_targets10_trials50.csv,8,19,11,32.556884200810494,32.556884200810494,08,08,1,0,True,completed
33,known_visit,ACBBA,bernoulli,drop_0.25,34,1156,24,10,acbba_g34_d50_bernoulli_drop_0_25,reruns\grid_density\scenarios\cv\known_visit_grid34_targets10_trials50.csv,9,12,26,20.635004177588556,20.635004177588556,18,18,2,1,True,completed
33,known_visit,ACBBA,bernoulli,drop_0.25,34,1156,24,10,acbba_g34_d50_bernoulli_drop_0_25,reruns\grid_density\scenarios\cv\known_visit_grid34_targets10_trials50.csv,10,32,17,80.11942524226247,80.11942524226247,06,06,1,0,True,completed
34,known_visit,ACBBA,bernoulli,drop_0.25,34,1156,24,10,acbba_g34_d50_bernoulli_drop_0_25,reruns\grid_density\scenarios\cv\known_visit_grid34_targets10_trials50.csv,1,20,6,32.90021643502312,32.90021643502312,04,04,1,0,True,completed
34,known_visit,ACBBA,bernoulli,drop_0.25,34,1156,24,10,acbba_g34_d50_bernoulli_drop_0_25,reruns\grid_density\scenarios\cv\known_visit_grid34_targets10_trials50.csv,2,10,3,17.486145141639362,17.486145141639362,02,02,2,1,True,completed
34,known_visit,ACBBA,bernoulli,drop_0.25,34,1156,24,10,acbba_g34_d50_bernoulli_drop_0_25,reruns\grid_density\scenarios\cv\known_visit_grid34_targets10_trials50.csv,3,14,22,24.342388634308804,24.342388634308804,15,15,2,1,True,completed
34,known_visit,ACBBA,bernoulli,drop_0.25,34,1156,24,10,acbba_g34_d50_bernoulli_drop_0_25,reruns\grid_density\scenarios\cv\known_visit_grid34_targets10_trials50.csv,4,18,33,31.234086419777952,31.234086419777952,23,23,1,0,True,completed
34,known_visit,ACBBA,bernoulli,drop_0.25,34,1156,24,10,acbba_g34_d50_bernoulli_drop_0_25,reruns\grid_density\scenarios\cv\known_visit_grid34_targets10_trials50.csv,5,24,22,41.22798660592489,41.22798660592489,15,15,2,1,True,completed
34,known_visit,ACBBA,bernoulli,drop_0.25,34,1156,24,10,acbba_g34_d50_bernoulli_drop_0_25,reruns\grid_density\scenarios\cv\known_visit_grid34_targets10_trials50.csv,6,31,5,57.852325968998585,57.852325968998585,06,06,1,0,True,completed
34,known_visit,ACBBA,bernoulli,drop_0.25,34,1156,24,10,acbba_g34_d50_bernoulli_drop_0_25,reruns\grid_density\scenarios\cv\known_visit_grid34_targets10_trials50.csv,7,18,6,29.35382397247918,29.35382397247918,04,04,2,1,True,completed
34,known_visit,ACBBA,bernoulli,drop_0.25,34,1156,24,10,acbba_g34_d50_bernoulli_drop_0_25,reruns\grid_density\scenarios\cv\known_visit_grid34_targets10_trials50.csv,8,8,9,12.238572143278091,12.238572143278091,06,06,2,1,True,completed
34,known_visit,ACBBA,bernoulli,drop_0.25,34,1156,24,10,acbba_g34_d50_bernoulli_drop_0_25,reruns\grid_density\scenarios\cv\known_visit_grid34_targets10_trials50.csv,9,25,33,43.51682871998523,43.51682871998523,23,23,1,0,True,completed
34,known_visit,ACBBA,bernoulli,drop_0.25,34,1156,24,10,acbba_g34_d50_bernoulli_drop_0_25,reruns\grid_density\scenarios\cv\known_visit_grid34_targets10_trials50.csv,10,33,2,66.45973137061536,66.45973137061536,06,06,1,0,True,completed
35,known_visit,ACBBA,bernoulli,drop_0.25,34,1156,24,10,acbba_g34_d50_bernoulli_drop_0_25,reruns\grid_density\scenarios\cv\known_visit_grid34_targets10_trials50.csv,1,28,9,48.163517826159406,48.163517826159406,07,07,1,0,True,completed
35,known_visit,ACBBA,bernoulli,drop_0.25,34,1156,24,10,acbba_g34_d50_bernoulli_drop_0_25,reruns\grid_density\scenarios\cv\known_visit_grid34_targets10_trials50.csv,2,30,28,53.08660639268796,53.08660639268796,18,18,1,0,True,completed
35,known_visit,ACBBA,bernoulli,drop_0.25,34,1156,24,10,acbba_g34_d50_bernoulli_drop_0_25,reruns\grid_density\scenarios\cv\known_visit_grid34_targets10_trials50.csv,3,32,28,56.75979296472674,56.75979296472674,18,18,1,0,True,completed
35,known_visit,ACBBA,bernoulli,drop_0.25,34,1156,24,10,acbba_g34_d50_bernoulli_drop_0_25,reruns\grid_density\scenarios\cv\known_visit_grid34_targets10_trials50.csv,4,18,24,32.96693374965673,32.96693374965673,15,15,1,0,True,completed
35,known_visit,ACBBA,bernoulli,drop_0.25,34,1156,24,10,acbba_g34_d50_bernoulli_drop_0_25,reruns\grid_density\scenarios\cv\known_visit_grid34_targets10_trials50.csv,5,17,11,65.71406953713695,65.71406953713695,08,08,1,0,True,completed
35,known_visit,ACBBA,bernoulli,drop_0.25,34,1156,24,10,acbba_g34_d50_bernoulli_drop_0_25,reruns\grid_density\scenarios\cv\known_visit_grid34_targets10_trials50.csv,6,2,10,1.8633498446838077,1.8633498446838077,07,07,2,1,True,completed
35,known_visit,ACBBA,bernoulli,drop_0.25,34,1156,24,10,acbba_g34_d50_bernoulli_drop_0_25,reruns\grid_density\scenarios\cv\known_visit_grid34_targets10_trials50.csv,7,29,33,50.13086696846028,50.13086696846028,23,23,1,0,True,completed
35,known_visit,ACBBA,bernoulli,drop_0.25,34,1156,24,10,acbba_g34_d50_bernoulli_drop_0_25,reruns\grid_density\scenarios\cv\known_visit_grid34_targets10_trials50.csv,8,11,11,19.900823703716156,19.900823703716156,08,08,3,2,True,completed
35,known_visit,ACBBA,bernoulli,drop_0.25,34,1156,24,10,acbba_g34_d50_bernoulli_drop_0_25,reruns\grid_density\scenarios\cv\known_visit_grid34_targets10_trials50.csv,9,7,15,34.43419462445638,34.43419462445638,11,11,2,1,True,completed
35,known_visit,ACBBA,bernoulli,drop_0.25,34,1156,24,10,acbba_g34_d50_bernoulli_drop_0_25,reruns\grid_density\scenarios\cv\known_visit_grid34_targets10_trials50.csv,10,32,5,62.06549335742449,62.06549335742449,07,07,1,0,True,completed
36,known_visit,ACBBA,bernoulli,drop_0.25,34,1156,24,10,acbba_g34_d50_bernoulli_drop_0_25,reruns\grid_density\scenarios\cv\known_visit_grid34_targets10_trials50.csv,1,5,4,7.240739171344878,7.240739171344878,03,03,3,2,True,completed
36,known_visit,ACBBA,bernoulli,drop_0.25,34,1156,24,10,acbba_g34_d50_bernoulli_drop_0_25,reruns\grid_density\scenarios\cv\known_visit_grid34_targets10_trials50.csv,2,26,16,69.86638543296567,69.86638543296567,10,10,1,0,True,completed
36,known_visit,ACBBA,bernoulli,drop_0.25,34,1156,24,10,acbba_g34_d50_bernoulli_drop_0_25,reruns\grid_density\scenarios\cv\known_visit_grid34_targets10_trials50.csv,3,29,17,77.02460907028139,77.02460907028139,10,10,1,0,True,completed
36,known_visit,ACBBA,bernoulli,drop_0.25,34,1156,24,10,acbba_g34_d50_bernoulli_drop_0_25,reruns\grid_density\scenarios\cv\known_visit_grid34_targets10_trials50.csv,4,13,10,27.75197158245596,27.75197158245596,04,04,2,1,True,completed
36,known_visit,ACBBA,bernoulli,drop_0.25,34,1156,24,10,acbba_g34_d50_bernoulli_drop_0_25,reruns\grid_density\scenarios\cv\known_visit_grid34_targets10_trials50.csv,5,4,1,5.1142367291456425,5.1142367291456425,01,01,3,2,True,completed
36,known_visit,ACBBA,bernoulli,drop_0.25,34,1156,24,10,acbba_g34_d50_bernoulli_drop_0_25,reruns\grid_density\scenarios\cv\known_visit_grid34_targets10_trials50.csv,6,2,3,1.9048956666764871,1.9048956666764871,02,02,3,2,True,completed
36,known_visit,ACBBA,bernoulli,drop_0.25,34,1156,24,10,acbba_g34_d50_bernoulli_drop_0_25,reruns\grid_density\scenarios\cv\known_visit_grid34_targets10_trials50.csv,7,15,3,50.49279320944423,50.49279320944423,03,03,1,0,True,completed
36,known_visit,ACBBA,bernoulli,drop_0.25,34,1156,24,10,acbba_g34_d50_bernoulli_drop_0_25,reruns\grid_density\scenarios\cv\known_visit_grid34_targets10_trials50.csv,8,22,12,56.28073198590827,56.28073198590827,12,12,1,0,True,completed
36,known_visit,ACBBA,bernoulli,drop_0.25,34,1156,24,10,acbba_g34_d50_bernoulli_drop_0_25,reruns\grid_density\scenarios\cv\known_visit_grid34_targets10_trials50.csv,9,27,4,54.705129196815506,54.705129196815506,05,05,1,0,True,completed
36,known_visit,ACBBA,bernoulli,drop_0.25,34,1156,24,10,acbba_g34_d50_bernoulli_drop_0_25,reruns\grid_density\scenarios\cv\known_visit_grid34_targets10_trials50.csv,10,20,15,36.66980127064094,36.66980127064094,12,12,1,0,True,completed
37,known_visit,ACBBA,bernoulli,drop_0.25,34,1156,24,10,acbba_g34_d50_bernoulli_drop_0_25,reruns\grid_density\scenarios\cv\known_visit_grid34_targets10_trials50.csv,1,15,29,23.61545507302527,23.61545507302527,20,20,3,2,True,completed
37,known_visit,ACBBA,bernoulli,drop_0.25,34,1156,24,10,acbba_g34_d50_bernoulli_drop_0_25,reruns\grid_density\scenarios\cv\known_visit_grid34_targets10_trials50.csv,2,6,3,14.31991616764004,14.31991616764004,00,00,2,1,True,completed
37,known_visit,ACBBA,bernoulli,drop_0.25,34,1156,24,10,acbba_g34_d50_bernoulli_drop_0_25,reruns\grid_density\scenarios\cv\known_visit_grid34_targets10_trials50.csv,3,21,27,46.9464115243881,46.9464115243881,23,23,2,1,True,completed
37,known_visit,ACBBA,bernoulli,drop_0.25,34,1156,24,10,acbba_g34_d50_bernoulli_drop_0_25,reruns\grid_density\scenarios\cv\known_visit_grid34_targets10_trials50.csv,4,10,13,28.38092964418307,28.38092964418307,04,04,3,2,True,completed
37,known_visit,ACBBA,bernoulli,drop_0.25,34,1156,24,10,acbba_g34_d50_bernoulli_drop_0_25,reruns\grid_density\scenarios\cv\known_visit_grid34_targets10_trials50.csv,5,10,26,52.981023873485924,52.981023873485924,19,19,2,1,True,completed
37,known_visit,ACBBA,bernoulli,drop_0.25,34,1156,24,10,acbba_g34_d50_bernoulli_drop_0_25,reruns\grid_density\scenarios\cv\known_visit_grid34_targets10_trials50.csv,6,2,28,38.410265655134886,38.410265655134886,08,08,2,1,True,completed
37,known_visit,ACBBA,bernoulli,drop_0.25,34,1156,24,10,acbba_g34_d50_bernoulli_drop_0_25,reruns\grid_density\scenarios\cv\known_visit_grid34_targets10_trials50.csv,7,23,10,77.94409732646206,77.94409732646206,03,03,1,0,True,completed
37,known_visit,ACBBA,bernoulli,drop_0.25,34,1156,24,10,acbba_g34_d50_bernoulli_drop_0_25,reruns\grid_density\scenarios\cv\known_visit_grid34_targets10_trials50.csv,8,17,23,32.94308850232592,32.94308850232592,14,14,2,1,True,completed
37,known_visit,ACBBA,bernoulli,drop_0.25,34,1156,24,10,acbba_g34_d50_bernoulli_drop_0_25,reruns\grid_density\scenarios\cv\known_visit_grid34_targets10_trials50.csv,9,4,17,7.358952527066237,7.358952527066237,11,11,2,1,True,completed
37,known_visit,ACBBA,bernoulli,drop_0.25,34,1156,24,10,acbba_g34_d50_bernoulli_drop_0_25,reruns\grid_density\scenarios\cv\known_visit_grid34_targets10_trials50.csv,10,29,22,64.38170560517808,64.38170560517808,15,15,1,0,True,completed
38,known_visit,ACBBA,bernoulli,drop_0.25,34,1156,24,10,acbba_g34_d50_bernoulli_drop_0_25,reruns\grid_density\scenarios\cv\known_visit_grid34_targets10_trials50.csv,1,33,12,63.526291205213795,63.526291205213795,11,11,1,0,True,completed
38,known_visit,ACBBA,bernoulli,drop_0.25,34,1156,24,10,acbba_g34_d50_bernoulli_drop_0_25,reruns\grid_density\scenarios\cv\known_visit_grid34_targets10_trials50.csv,2,33,15,58.281045678839035,58.281045678839035,11,11,1,0,True,completed
38,known_visit,ACBBA,bernoulli,drop_0.25,34,1156,24,10,acbba_g34_d50_bernoulli_drop_0_25,reruns\grid_density\scenarios\cv\known_visit_grid34_targets10_trials50.csv,3,22,7,46.38567706620787,46.38567706620787,03,03,1,0,True,completed
38,known_visit,ACBBA,bernoulli,drop_0.25,34,1156,24,10,acbba_g34_d50_bernoulli_drop_0_25,reruns\grid_density\scenarios\cv\known_visit_grid34_targets10_trials50.csv,4,30,10,55.57905831681537,55.57905831681537,05,05,1,0,True,completed
38,known_visit,ACBBA,bernoulli,drop_0.25,34,1156,24,10,acbba_g34_d50_bernoulli_drop_0_25,reruns\grid_density\scenarios\cv\known_visit_grid34_targets10_trials50.csv,5,5,19,7.012303088516754,7.012303088516754,13,13,3,2,True,completed
38,known_visit,ACBBA,bernoulli,drop_0.25,34,1156,24,10,acbba_g34_d50_bernoulli_drop_0_25,reruns\grid_density\scenarios\cv\known_visit_grid34_targets10_trials50.csv,6,27,13,44.7353510768282,44.7353510768282,09,09,1,0,True,completed
38,known_visit,ACBBA,bernoulli,drop_0.25,34,1156,24,10,acbba_g34_d50_bernoulli_drop_0_25,reruns\grid_density\scenarios\cv\known_visit_grid34_targets10_trials50.csv,7,8,8,14.049300504913836,14.049300504913836,05,05,2,1,True,completed
38,known_visit,ACBBA,bernoulli,drop_0.25,34,1156,24,10,acbba_g34_d50_bernoulli_drop_0_25,reruns\grid_density\scenarios\cv\known_visit_grid34_targets10_trials50.csv,8,12,28,20.81724386012834,20.81724386012834,20,20,2,1,True,completed
38,known_visit,ACBBA,bernoulli,drop_0.25,34,1156,24,10,acbba_g34_d50_bernoulli_drop_0_25,reruns\grid_density\scenarios\cv\known_visit_grid34_targets10_trials50.csv,9,15,2,27.769379067065934,27.769379067065934,00,00,1,0,True,completed
38,known_visit,ACBBA,bernoulli,drop_0.25,34,1156,24,10,acbba_g34_d50_bernoulli_drop_0_25,reruns\grid_density\scenarios\cv\known_visit_grid34_targets10_trials50.csv,10,11,8,19.520534628772253,19.520534628772253,05,05,2,1,True,completed
39,known_visit,ACBBA,bernoulli,drop_0.25,34,1156,24,10,acbba_g34_d50_bernoulli_drop_0_25,reruns\grid_density\scenarios\cv\known_visit_grid34_targets10_trials50.csv,1,16,17,40.413734345498874,40.413734345498874,06,06,2,1,True,completed
39,known_visit,ACBBA,bernoulli,drop_0.25,34,1156,24,10,acbba_g34_d50_bernoulli_drop_0_25,reruns\grid_density\scenarios\cv\known_visit_grid34_targets10_trials50.csv,2,20,16,32.80347688480647,32.80347688480647,11,11,2,1,True,completed
39,known_visit,ACBBA,bernoulli,drop_0.25,34,1156,24,10,acbba_g34_d50_bernoulli_drop_0_25,reruns\grid_density\scenarios\cv\known_visit_grid34_targets10_trials50.csv,3,23,6,51.827422141913665,51.827422141913665,00,00,1,0,True,completed
39,known_visit,ACBBA,bernoulli,drop_0.25,34,1156,24,10,acbba_g34_d50_bernoulli_drop_0_25,reruns\grid_density\scenarios\cv\known_visit_grid34_targets10_trials50.csv,4,25,15,45.68739411177309,45.68739411177309,09,09,1,0,True,completed
39,known_visit,ACBBA,bernoulli,drop_0.25,34,1156,24,10,acbba_g34_d50_bernoulli_drop_0_25,reruns\grid_density\scenarios\cv\known_visit_grid34_targets10_trials50.csv,5,29,27,62.68127371334087,62.68127371334087,16,16,1,0,True,completed
39,known_visit,ACBBA,bernoulli,drop_0.25,34,1156,24,10,acbba_g34_d50_bernoulli_drop_0_25,reruns\grid_density\scenarios\cv\known_visit_grid34_targets10_trials50.csv,6,23,8,59.79231794247907,59.79231794247907,00,00,1,0,True,completed
39,known_visit,ACBBA,bernoulli,drop_0.25,34,1156,24,10,acbba_g34_d50_bernoulli_drop_0_25,reruns\grid_density\scenarios\cv\known_visit_grid34_targets10_trials50.csv,7,31,13,59.42877070048805,59.42877070048805,09,09,1,0,True,completed
39,known_visit,ACBBA,bernoulli,drop_0.25,34,1156,24,10,acbba_g34_d50_bernoulli_drop_0_25,reruns\grid_density\scenarios\cv\known_visit_grid34_targets10_trials50.csv,8,19,24,39.46447586520518,39.46447586520518,16,16,2,1,True,completed
39,known_visit,ACBBA,bernoulli,drop_0.25,34,1156,24,10,acbba_g34_d50_bernoulli_drop_0_25,reruns\grid_density\scenarios\cv\known_visit_grid34_targets10_trials50.csv,9,9,4,16.866535340259574,16.866535340259574,02,02,3,2,True,completed
39,known_visit,ACBBA,bernoulli,drop_0.25,34,1156,24,10,acbba_g34_d50_bernoulli_drop_0_25,reruns\grid_density\scenarios\cv\known_visit_grid34_targets10_trials50.csv,10,2,18,4.413089201289463,4.413089201289463,13,13,3,2,True,completed
40,known_visit,ACBBA,bernoulli,drop_0.25,34,1156,24,10,acbba_g34_d50_bernoulli_drop_0_25,reruns\grid_density\scenarios\cv\known_visit_grid34_targets10_trials50.csv,1,32,32,53.112577413977114,53.112577413977114,22,22,1,0,True,completed
40,known_visit,ACBBA,bernoulli,drop_0.25,34,1156,24,10,acbba_g34_d50_bernoulli_drop_0_25,reruns\grid_density\scenarios\cv\known_visit_grid34_targets10_trials50.csv,2,5,25,33.051133998108014,33.051133998108014,19,19,2,1,True,completed
40,known_visit,ACBBA,bernoulli,drop_0.25,34,1156,24,10,acbba_g34_d50_bernoulli_drop_0_25,reruns\grid_density\scenarios\cv\known_visit_grid34_targets10_trials50.csv,3,3,23,3.5308839792693916,3.5308839792693916,16,16,3,2,True,completed
40,known_visit,ACBBA,bernoulli,drop_0.25,34,1156,24,10,acbba_g34_d50_bernoulli_drop_0_25,reruns\grid_density\scenarios\cv\known_visit_grid34_targets10_trials50.csv,4,6,31,34.209123621299874,34.209123621299874,21,21,3,2,True,completed
40,known_visit,ACBBA,bernoulli,drop_0.25,34,1156,24,10,acbba_g34_d50_bernoulli_drop_0_25,reruns\grid_density\scenarios\cv\known_visit_grid34_targets10_trials50.csv,5,15,13,48.50935291069551,48.50935291069551,00,00,2,1,True,completed
40,known_visit,ACBBA,bernoulli,drop_0.25,34,1156,24,10,acbba_g34_d50_bernoulli_drop_0_25,reruns\grid_density\scenarios\cv\known_visit_grid34_targets10_trials50.csv,6,23,16,40.44258009394708,40.44258009394708,12,12,2,1,True,completed
40,known_visit,ACBBA,bernoulli,drop_0.25,34,1156,24,10,acbba_g34_d50_bernoulli_drop_0_25,reruns\grid_density\scenarios\cv\known_visit_grid34_targets10_trials50.csv,7,32,13,106.6485415120447,106.6485415120447,01,01,1,0,True,completed
40,known_visit,ACBBA,bernoulli,drop_0.25,34,1156,24,10,acbba_g34_d50_bernoulli_drop_0_25,reruns\grid_density\scenarios\cv\known_visit_grid34_targets10_trials50.csv,8,22,26,35.31542787118945,35.31542787118945,18,18,2,1,True,completed
40,known_visit,ACBBA,bernoulli,drop_0.25,34,1156,24,10,acbba_g34_d50_bernoulli_drop_0_25,reruns\grid_density\scenarios\cv\known_visit_grid34_targets10_trials50.csv,9,29,33,47.66355107339357,47.66355107339357,23,23,1,0,True,completed
40,known_visit,ACBBA,bernoulli,drop_0.25,34,1156,24,10,acbba_g34_d50_bernoulli_drop_0_25,reruns\grid_density\scenarios\cv\known_visit_grid34_targets10_trials50.csv,10,12,11,32.16654598599195,32.16654598599195,03,03,3,2,True,completed
41,known_visit,ACBBA,bernoulli,drop_0.25,34,1156,24,10,acbba_g34_d50_bernoulli_drop_0_25,reruns\grid_density\scenarios\cv\known_visit_grid34_targets10_trials50.csv,1,33,3,64.0882716015742,64.0882716015742,01,01,1,0,True,completed
41,known_visit,ACBBA,bernoulli,drop_0.25,34,1156,24,10,acbba_g34_d50_bernoulli_drop_0_25,reruns\grid_density\scenarios\cv\known_visit_grid34_targets10_trials50.csv,2,19,23,85.59675952875516,85.59675952875516,21,21,1,0,True,completed
41,known_visit,ACBBA,bernoulli,drop_0.25,34,1156,24,10,acbba_g34_d50_bernoulli_drop_0_25,reruns\grid_density\scenarios\cv\known_visit_grid34_targets10_trials50.csv,3,29,19,53.92430805457755,53.92430805457755,12,12,1,0,True,completed
41,known_visit,ACBBA,bernoulli,drop_0.25,34,1156,24,10,acbba_g34_d50_bernoulli_drop_0_25,reruns\grid_density\scenarios\cv\known_visit_grid34_targets10_trials50.csv,4,7,29,10.299713902218793,10.299713902218793,20,20,3,2,True,completed
41,known_visit,ACBBA,bernoulli,drop_0.25,34,1156,24,10,acbba_g34_d50_bernoulli_drop_0_25,reruns\grid_density\scenarios\cv\known_visit_grid34_targets10_trials50.csv,5,14,33,22.499737535613765,22.499737535613765,23,23,1,0,True,completed
41,known_visit,ACBBA,bernoulli,drop_0.25,34,1156,24,10,acbba_g34_d50_bernoulli_drop_0_25,reruns\grid_density\scenarios\cv\known_visit_grid34_targets10_trials50.csv,6,20,2,40.13645892731917,40.13645892731917,01,01,2,1,True,completed
41,known_visit,ACBBA,bernoulli,drop_0.25,34,1156,24,10,acbba_g34_d50_bernoulli_drop_0_25,reruns\grid_density\scenarios\cv\known_visit_grid34_targets10_trials50.csv,7,30,25,55.866215252038906,55.866215252038906,19,19,1,0,True,completed
41,known_visit,ACBBA,bernoulli,drop_0.25,34,1156,24,10,acbba_g34_d50_bernoulli_drop_0_25,reruns\grid_density\scenarios\cv\known_visit_grid34_targets10_trials50.csv,8,14,25,28.55370765018466,28.55370765018466,19,19,2,1,True,completed
41,known_visit,ACBBA,bernoulli,drop_0.25,34,1156,24,10,acbba_g34_d50_bernoulli_drop_0_25,reruns\grid_density\scenarios\cv\known_visit_grid34_targets10_trials50.csv,9,7,1,15.555194666719633,15.555194666719633,00,00,2,1,True,completed
41,known_visit,ACBBA,bernoulli,drop_0.25,34,1156,24,10,acbba_g34_d50_bernoulli_drop_0_25,reruns\grid_density\scenarios\cv\known_visit_grid34_targets10_trials50.csv,10,1,27,0.20598057462845987,0.20598057462845987,19,19,3,2,True,completed
42,known_visit,ACBBA,bernoulli,drop_0.25,34,1156,24,10,acbba_g34_d50_bernoulli_drop_0_25,reruns\grid_density\scenarios\cv\known_visit_grid34_targets10_trials50.csv,1,11,32,21.56946032559484,21.56946032559484,22,22,2,1,True,completed
42,known_visit,ACBBA,bernoulli,drop_0.25,34,1156,24,10,acbba_g34_d50_bernoulli_drop_0_25,reruns\grid_density\scenarios\cv\known_visit_grid34_targets10_trials50.csv,2,21,13,36.05849726020461,36.05849726020461,10,10,2,1,True,completed
42,known_visit,ACBBA,bernoulli,drop_0.25,34,1156,24,10,acbba_g34_d50_bernoulli_drop_0_25,reruns\grid_density\scenarios\cv\known_visit_grid34_targets10_trials50.csv,3,10,16,31.01157832767047,31.01157832767047,09,09,2,1,True,completed
42,known_visit,ACBBA,bernoulli,drop_0.25,34,1156,24,10,acbba_g34_d50_bernoulli_drop_0_25,reruns\grid_density\scenarios\cv\known_visit_grid34_targets10_trials50.csv,4,12,22,26.600194356109142,26.600194356109142,15,15,3,2,True,completed
42,known_visit,ACBBA,bernoulli,drop_0.25,34,1156,24,10,acbba_g34_d50_bernoulli_drop_0_25,reruns\grid_density\scenarios\cv\known_visit_grid34_targets10_trials50.csv,5,27,14,80.04020552442351,80.04020552442351,01,01,1,0,True,completed
42,known_visit,ACBBA,bernoulli,drop_0.25,34,1156,24,10,acbba_g34_d50_bernoulli_drop_0_25,reruns\grid_density\scenarios\cv\known_visit_grid34_targets10_trials50.csv,6,2,23,1.8862575891387763,1.8862575891387763,16,16,3,2,True,completed
42,known_visit,ACBBA,bernoulli,drop_0.25,34,1156,24,10,acbba_g34_d50_bernoulli_drop_0_25,reruns\grid_density\scenarios\cv\known_visit_grid34_targets10_trials50.csv,7,27,21,92.86005764817149,92.86005764817149,15,15,1,0,True,completed
42,known_visit,ACBBA,bernoulli,drop_0.25,34,1156,24,10,acbba_g34_d50_bernoulli_drop_0_25,reruns\grid_density\scenarios\cv\known_visit_grid34_targets10_trials50.csv,8,16,7,28.158888648253534,28.158888648253534,04,04,2,1,True,completed
42,known_visit,ACBBA,bernoulli,drop_0.25,34,1156,24,10,acbba_g34_d50_bernoulli_drop_0_25,reruns\grid_density\scenarios\cv\known_visit_grid34_targets10_trials50.csv,9,20,21,34.519962172607414,34.519962172607414,14,14,2,1,True,completed
42,known_visit,ACBBA,bernoulli,drop_0.25,34,1156,24,10,acbba_g34_d50_bernoulli_drop_0_25,reruns\grid_density\scenarios\cv\known_visit_grid34_targets10_trials50.csv,10,8,9,29.994565185923193,29.994565185923193,05,05,3,2,True,completed
43,known_visit,ACBBA,bernoulli,drop_0.25,34,1156,24,10,acbba_g34_d50_bernoulli_drop_0_25,reruns\grid_density\scenarios\cv\known_visit_grid34_targets10_trials50.csv,1,7,22,10.206411402561619,10.206411402561619,15,15,2,1,True,completed
43,known_visit,ACBBA,bernoulli,drop_0.25,34,1156,24,10,acbba_g34_d50_bernoulli_drop_0_25,reruns\grid_density\scenarios\cv\known_visit_grid34_targets10_trials50.csv,2,30,0,50.11399970139253,50.11399970139253,00,00,1,0,True,completed
43,known_visit,ACBBA,bernoulli,drop_0.25,34,1156,24,10,acbba_g34_d50_bernoulli_drop_0_25,reruns\grid_density\scenarios\cv\known_visit_grid34_targets10_trials50.csv,3,14,3,26.19197414519483,26.19197414519483,01,01,1,0,True,completed
43,known_visit,ACBBA,bernoulli,drop_0.25,34,1156,24,10,acbba_g34_d50_bernoulli_drop_0_25,reruns\grid_density\scenarios\cv\known_visit_grid34_targets10_trials50.csv,4,15,1,31.761528248520122,31.761528248520122,01,01,1,0,True,completed
43,known_visit,ACBBA,bernoulli,drop_0.25,34,1156,24,10,acbba_g34_d50_bernoulli_drop_0_25,reruns\grid_density\scenarios\cv\known_visit_grid34_targets10_trials50.csv,5,10,17,32.339721177378856,32.339721177378856,13,13,2,1,True,completed
43,known_visit,ACBBA,bernoulli,drop_0.25,34,1156,24,10,acbba_g34_d50_bernoulli_drop_0_25,reruns\grid_density\scenarios\cv\known_visit_grid34_targets10_trials50.csv,6,9,7,13.496758807612354,13.496758807612354,05,05,2,1,True,completed
43,known_visit,ACBBA,bernoulli,drop_0.25,34,1156,24,10,acbba_g34_d50_bernoulli_drop_0_25,reruns\grid_density\scenarios\cv\known_visit_grid34_targets10_trials50.csv,7,13,30,25.986180507392557,25.986180507392557,21,21,2,1,True,completed
43,known_visit,ACBBA,bernoulli,drop_0.25,34,1156,24,10,acbba_g34_d50_bernoulli_drop_0_25,reruns\grid_density\scenarios\cv\known_visit_grid34_targets10_trials50.csv,8,3,2,12.934713025009083,12.934713025009083,03,03,2,1,True,completed
43,known_visit,ACBBA,bernoulli,drop_0.25,34,1156,24,10,acbba_g34_d50_bernoulli_drop_0_25,reruns\grid_density\scenarios\cv\known_visit_grid34_targets10_trials50.csv,9,15,8,38.255142672320545,38.255142672320545,09,09,1,0,True,completed
43,known_visit,ACBBA,bernoulli,drop_0.25,34,1156,24,10,acbba_g34_d50_bernoulli_drop_0_25,reruns\grid_density\scenarios\cv\known_visit_grid34_targets10_trials50.csv,10,3,9,3.630397167532211,3.630397167532211,06,06,3,2,True,completed
44,known_visit,ACBBA,bernoulli,drop_0.25,34,1156,24,10,acbba_g34_d50_bernoulli_drop_0_25,reruns\grid_density\scenarios\cv\known_visit_grid34_targets10_trials50.csv,1,3,4,3.4783483561614927,3.4783483561614927,03,03,2,1,True,completed
44,known_visit,ACBBA,bernoulli,drop_0.25,34,1156,24,10,acbba_g34_d50_bernoulli_drop_0_25,reruns\grid_density\scenarios\cv\known_visit_grid34_targets10_trials50.csv,2,15,1,26.643661069438306,26.643661069438306,01,01,2,1,True,completed
44,known_visit,ACBBA,bernoulli,drop_0.25,34,1156,24,10,acbba_g34_d50_bernoulli_drop_0_25,reruns\grid_density\scenarios\cv\known_visit_grid34_targets10_trials50.csv,3,20,24,63.90106667013936,63.90106667013936,10,10,1,0,True,completed
44,known_visit,ACBBA,bernoulli,drop_0.25,34,1156,24,10,acbba_g34_d50_bernoulli_drop_0_25,reruns\grid_density\scenarios\cv\known_visit_grid34_targets10_trials50.csv,4,31,27,54.85377600001271,54.85377600001271,19,19,1,0,True,completed
44,known_visit,ACBBA,bernoulli,drop_0.25,34,1156,24,10,acbba_g34_d50_bernoulli_drop_0_25,reruns\grid_density\scenarios\cv\known_visit_grid34_targets10_trials50.csv,5,14,31,38.83874354911222,38.83874354911222,22,22,2,1,True,completed
44,known_visit,ACBBA,bernoulli,drop_0.25,34,1156,24,10,acbba_g34_d50_bernoulli_drop_0_25,reruns\grid_density\scenarios\cv\known_visit_grid34_targets10_trials50.csv,6,10,3,15.510462045462388,15.510462045462388,02,02,2,1,True,completed
44,known_visit,ACBBA,bernoulli,drop_0.25,34,1156,24,10,acbba_g34_d50_bernoulli_drop_0_25,reruns\grid_density\scenarios\cv\known_visit_grid34_targets10_trials50.csv,7,12,24,26.98046472623501,26.98046472623501,17,17,2,1,True,completed
44,known_visit,ACBBA,bernoulli,drop_0.25,34,1156,24,10,acbba_g34_d50_bernoulli_drop_0_25,reruns\grid_density\scenarios\cv\known_visit_grid34_targets10_trials50.csv,8,10,10,22.911882785985455,22.911882785985455,09,09,2,1,True,completed
44,known_visit,ACBBA,bernoulli,drop_0.25,34,1156,24,10,acbba_g34_d50_bernoulli_drop_0_25,reruns\grid_density\scenarios\cv\known_visit_grid34_targets10_trials50.csv,9,19,1,35.48059354270579,35.48059354270579,00,00,1,0,True,completed
44,known_visit,ACBBA,bernoulli,drop_0.25,34,1156,24,10,acbba_g34_d50_bernoulli_drop_0_25,reruns\grid_density\scenarios\cv\known_visit_grid34_targets10_trials50.csv,10,16,16,42.8364230623012,42.8364230623012,10,10,2,1,True,completed
45,known_visit,ACBBA,bernoulli,drop_0.25,34,1156,24,10,acbba_g34_d50_bernoulli_drop_0_25,reruns\grid_density\scenarios\cv\known_visit_grid34_targets10_trials50.csv,1,26,4,45.560694746660936,45.560694746660936,02,02,1,0,True,completed
45,known_visit,ACBBA,bernoulli,drop_0.25,34,1156,24,10,acbba_g34_d50_bernoulli_drop_0_25,reruns\grid_density\scenarios\cv\known_visit_grid34_targets10_trials50.csv,2,12,4,21.75258252936644,21.75258252936644,02,02,2,1,True,completed
45,known_visit,ACBBA,bernoulli,drop_0.25,34,1156,24,10,acbba_g34_d50_bernoulli_drop_0_25,reruns\grid_density\scenarios\cv\known_visit_grid34_targets10_trials50.csv,3,11,3,17.921505582144643,17.921505582144643,02,02,3,2,True,completed
45,known_visit,ACBBA,bernoulli,drop_0.25,34,1156,24,10,acbba_g34_d50_bernoulli_drop_0_25,reruns\grid_density\scenarios\cv\known_visit_grid34_targets10_trials50.csv,4,14,27,23.149447451680622,23.149447451680622,19,19,2,1,True,completed
45,known_visit,ACBBA,bernoulli,drop_0.25,34,1156,24,10,acbba_g34_d50_bernoulli_drop_0_25,reruns\grid_density\scenarios\cv\known_visit_grid34_targets10_trials50.csv,5,2,22,1.8824476687446703,1.8824476687446703,15,15,3,2,True,completed
45,known_visit,ACBBA,bernoulli,drop_0.25,34,1156,24,10,acbba_g34_d50_bernoulli_drop_0_25,reruns\grid_density\scenarios\cv\known_visit_grid34_targets10_trials50.csv,6,3,27,3.435210884545778,3.435210884545778,19,19,2,1,True,completed
45,known_visit,ACBBA,bernoulli,drop_0.25,34,1156,24,10,acbba_g34_d50_bernoulli_drop_0_25,reruns\grid_density\scenarios\cv\known_visit_grid34_targets10_trials50.csv,7,23,24,50.80847468589894,50.80847468589894,18,18,1,0,True,completed
45,known_visit,ACBBA,bernoulli,drop_0.25,34,1156,24,10,acbba_g34_d50_bernoulli_drop_0_25,reruns\grid_density\scenarios\cv\known_visit_grid34_targets10_trials50.csv,8,17,9,40.06457063623078,40.06457063623078,07,07,1,0,True,completed
45,known_visit,ACBBA,bernoulli,drop_0.25,34,1156,24,10,acbba_g34_d50_bernoulli_drop_0_25,reruns\grid_density\scenarios\cv\known_visit_grid34_targets10_trials50.csv,9,3,17,3.6368380568347085,3.6368380568347085,12,12,2,1,True,completed
45,known_visit,ACBBA,bernoulli,drop_0.25,34,1156,24,10,acbba_g34_d50_bernoulli_drop_0_25,reruns\grid_density\scenarios\cv\known_visit_grid34_targets10_trials50.csv,10,5,4,8.689589295423259,8.689589295423259,03,03,2,1,True,completed
46,known_visit,ACBBA,bernoulli,drop_0.25,34,1156,24,10,acbba_g34_d50_bernoulli_drop_0_25,reruns\grid_density\scenarios\cv\known_visit_grid34_targets10_trials50.csv,1,31,2,57.20027741041895,57.20027741041895,02,02,1,0,True,completed
46,known_visit,ACBBA,bernoulli,drop_0.25,34,1156,24,10,acbba_g34_d50_bernoulli_drop_0_25,reruns\grid_density\scenarios\cv\known_visit_grid34_targets10_trials50.csv,2,30,4,51.36155801348006,51.36155801348006,02,02,1,0,True,completed
46,known_visit,ACBBA,bernoulli,drop_0.25,34,1156,24,10,acbba_g34_d50_bernoulli_drop_0_25,reruns\grid_density\scenarios\cv\known_visit_grid34_targets10_trials50.csv,3,6,23,17.754562789687782,17.754562789687782,16,16,2,1,True,completed
46,known_visit,ACBBA,bernoulli,drop_0.25,34,1156,24,10,acbba_g34_d50_bernoulli_drop_0_25,reruns\grid_density\scenarios\cv\known_visit_grid34_targets10_trials50.csv,4,25,14,41.98075724013494,41.98075724013494,10,10,1,0,True,completed
46,known_visit,ACBBA,bernoulli,drop_0.25,34,1156,24,10,acbba_g34_d50_bernoulli_drop_0_25,reruns\grid_density\scenarios\cv\known_visit_grid34_targets10_trials50.csv,5,11,33,17.0968309256427,17.0968309256427,23,23,2,1,True,completed
46,known_visit,ACBBA,bernoulli,drop_0.25,34,1156,24,10,acbba_g34_d50_bernoulli_drop_0_25,reruns\grid_density\scenarios\cv\known_visit_grid34_targets10_trials50.csv,6,30,8,57.76660295704753,57.76660295704753,06,06,1,0,True,completed
46,known_visit,ACBBA,bernoulli,drop_0.25,34,1156,24,10,acbba_g34_d50_bernoulli_drop_0_25,reruns\grid_density\scenarios\cv\known_visit_grid34_targets10_trials50.csv,7,24,32,46.123123989654765,46.123123989654765,21,21,1,0,True,completed
46,known_visit,ACBBA,bernoulli,drop_0.25,34,1156,24,10,acbba_g34_d50_bernoulli_drop_0_25,reruns\grid_density\scenarios\cv\known_visit_grid34_targets10_trials50.csv,8,18,16,29.26835806950881,29.26835806950881,11,11,1,0,True,completed
46,known_visit,ACBBA,bernoulli,drop_0.25,34,1156,24,10,acbba_g34_d50_bernoulli_drop_0_25,reruns\grid_density\scenarios\cv\known_visit_grid34_targets10_trials50.csv,9,22,3,35.963673779016524,35.963673779016524,02,02,2,1,True,completed
46,known_visit,ACBBA,bernoulli,drop_0.25,34,1156,24,10,acbba_g34_d50_bernoulli_drop_0_25,reruns\grid_density\scenarios\cv\known_visit_grid34_targets10_trials50.csv,10,15,22,26.033847209190196,26.033847209190196,15,15,2,1,True,completed
47,known_visit,ACBBA,bernoulli,drop_0.25,34,1156,24,10,acbba_g34_d50_bernoulli_drop_0_25,reruns\grid_density\scenarios\cv\known_visit_grid34_targets10_trials50.csv,1,15,14,23.868081052331426,23.868081052331426,10,10,2,1,True,completed
47,known_visit,ACBBA,bernoulli,drop_0.25,34,1156,24,10,acbba_g34_d50_bernoulli_drop_0_25,reruns\grid_density\scenarios\cv\known_visit_grid34_targets10_trials50.csv,2,27,28,160.50110860345336,160.50110860345336,20,20,1,0,True,completed
47,known_visit,ACBBA,bernoulli,drop_0.25,34,1156,24,10,acbba_g34_d50_bernoulli_drop_0_25,reruns\grid_density\scenarios\cv\known_visit_grid34_targets10_trials50.csv,3,25,15,84.151301536712,84.151301536712,00,00,1,0,True,completed
47,known_visit,ACBBA,bernoulli,drop_0.25,34,1156,24,10,acbba_g34_d50_bernoulli_drop_0_25,reruns\grid_density\scenarios\cv\known_visit_grid34_targets10_trials50.csv,4,13,23,20.925440588131433,20.925440588131433,16,16,2,1,True,completed
47,known_visit,ACBBA,bernoulli,drop_0.25,34,1156,24,10,acbba_g34_d50_bernoulli_drop_0_25,reruns\grid_density\scenarios\cv\known_visit_grid34_targets10_trials50.csv,5,20,25,51.86357783959424,51.86357783959424,10,10,2,1,True,completed
47,known_visit,ACBBA,bernoulli,drop_0.25,34,1156,24,10,acbba_g34_d50_bernoulli_drop_0_25,reruns\grid_density\scenarios\cv\known_visit_grid34_targets10_trials50.csv,6,2,3,1.8741201319838376,1.8741201319838376,02,02,2,1,True,completed
47,known_visit,ACBBA,bernoulli,drop_0.25,34,1156,24,10,acbba_g34_d50_bernoulli_drop_0_25,reruns\grid_density\scenarios\cv\known_visit_grid34_targets10_trials50.csv,7,4,21,21.747916407094124,21.747916407094124,14,14,3,2,True,completed
47,known_visit,ACBBA,bernoulli,drop_0.25,34,1156,24,10,acbba_g34_d50_bernoulli_drop_0_25,reruns\grid_density\scenarios\cv\known_visit_grid34_targets10_trials50.csv,8,6,13,13.836712408135261,13.836712408135261,07,07,3,2,True,completed
47,known_visit,ACBBA,bernoulli,drop_0.25,34,1156,24,10,acbba_g34_d50_bernoulli_drop_0_25,reruns\grid_density\scenarios\cv\known_visit_grid34_targets10_trials50.csv,9,1,2,2.280663777561038,2.280663777561038,01,01,2,1,True,completed
47,known_visit,ACBBA,bernoulli,drop_0.25,34,1156,24,10,acbba_g34_d50_bernoulli_drop_0_25,reruns\grid_density\scenarios\cv\known_visit_grid34_targets10_trials50.csv,10,15,15,25.863125399754235,25.863125399754235,10,10,2,1,True,completed
48,known_visit,ACBBA,bernoulli,drop_0.25,34,1156,24,10,acbba_g34_d50_bernoulli_drop_0_25,reruns\grid_density\scenarios\cv\known_visit_grid34_targets10_trials50.csv,1,22,6,38.40019545217762,38.40019545217762,05,05,2,1,True,completed
48,known_visit,ACBBA,bernoulli,drop_0.25,34,1156,24,10,acbba_g34_d50_bernoulli_drop_0_25,reruns\grid_density\scenarios\cv\known_visit_grid34_targets10_trials50.csv,2,6,16,10.773032004756388,10.773032004756388,11,11,1,0,True,completed
48,known_visit,ACBBA,bernoulli,drop_0.25,34,1156,24,10,acbba_g34_d50_bernoulli_drop_0_25,reruns\grid_density\scenarios\cv\known_visit_grid34_targets10_trials50.csv,3,29,12,60.97396007707833,60.97396007707833,05,05,1,0,True,completed
48,known_visit,ACBBA,bernoulli,drop_0.25,34,1156,24,10,acbba_g34_d50_bernoulli_drop_0_25,reruns\grid_density\scenarios\cv\known_visit_grid34_targets10_trials50.csv,4,27,23,55.08743212793847,55.08743212793847,20,20,1,0,True,completed
48,known_visit,ACBBA,bernoulli,drop_0.25,34,1156,24,10,acbba_g34_d50_bernoulli_drop_0_25,reruns\grid_density\scenarios\cv\known_visit_grid34_targets10_trials50.csv,5,15,4,26.12625301558181,26.12625301558181,02,02,2,1,True,completed
48,known_visit,ACBBA,bernoulli,drop_0.25,34,1156,24,10,acbba_g34_d50_bernoulli_drop_0_25,reruns\grid_density\scenarios\cv\known_visit_grid34_targets10_trials50.csv,6,4,31,7.394770904234686,7.394770904234686,22,22,3,2,True,completed
48,known_visit,ACBBA,bernoulli,drop_0.25,34,1156,24,10,acbba_g34_d50_bernoulli_drop_0_25,reruns\grid_density\scenarios\cv\known_visit_grid34_targets10_trials50.csv,7,13,6,22.954972000236406,22.954972000236406,05,05,2,1,True,completed
48,known_visit,ACBBA,bernoulli,drop_0.25,34,1156,24,10,acbba_g34_d50_bernoulli_drop_0_25,reruns\grid_density\scenarios\cv\known_visit_grid34_targets10_trials50.csv,8,9,23,20.49593982892958,20.49593982892958,13,13,3,2,True,completed
48,known_visit,ACBBA,bernoulli,drop_0.25,34,1156,24,10,acbba_g34_d50_bernoulli_drop_0_25,reruns\grid_density\scenarios\cv\known_visit_grid34_targets10_trials50.csv,9,16,17,74.38961999490726,74.38961999490726,01,01,1,0,True,completed
48,known_visit,ACBBA,bernoulli,drop_0.25,34,1156,24,10,acbba_g34_d50_bernoulli_drop_0_25,reruns\grid_density\scenarios\cv\known_visit_grid34_targets10_trials50.csv,10,20,3,39.05284745273054,39.05284745273054,01,01,2,1,True,completed
49,known_visit,ACBBA,bernoulli,drop_0.25,34,1156,24,10,acbba_g34_d50_bernoulli_drop_0_25,reruns\grid_density\scenarios\cv\known_visit_grid34_targets10_trials50.csv,1,13,7,23.577673621434684,23.577673621434684,05,05,2,1,True,completed
49,known_visit,ACBBA,bernoulli,drop_0.25,34,1156,24,10,acbba_g34_d50_bernoulli_drop_0_25,reruns\grid_density\scenarios\cv\known_visit_grid34_targets10_trials50.csv,2,7,5,12.384381622317905,12.384381622317905,03,03,2,1,True,completed
49,known_visit,ACBBA,bernoulli,drop_0.25,34,1156,24,10,acbba_g34_d50_bernoulli_drop_0_25,reruns\grid_density\scenarios\cv\known_visit_grid34_targets10_trials50.csv,3,30,25,62.9409911062186,62.9409911062186,22,22,1,0,True,completed
49,known_visit,ACBBA,bernoulli,drop_0.25,34,1156,24,10,acbba_g34_d50_bernoulli_drop_0_25,reruns\grid_density\scenarios\cv\known_visit_grid34_targets10_trials50.csv,4,2,21,5.404885197575016,5.404885197575016,14,14,3,2,True,completed
49,known_visit,ACBBA,bernoulli,drop_0.25,34,1156,24,10,acbba_g34_d50_bernoulli_drop_0_25,reruns\grid_density\scenarios\cv\known_visit_grid34_targets10_trials50.csv,5,18,24,53.923725962611776,53.923725962611776,07,07,1,0,True,completed
49,known_visit,ACBBA,bernoulli,drop_0.25,34,1156,24,10,acbba_g34_d50_bernoulli_drop_0_25,reruns\grid_density\scenarios\cv\known_visit_grid34_targets10_trials50.csv,6,2,2,25.494528181178293,25.494528181178293,02,02,1,0,True,completed
49,known_visit,ACBBA,bernoulli,drop_0.25,34,1156,24,10,acbba_g34_d50_bernoulli_drop_0_25,reruns\grid_density\scenarios\cv\known_visit_grid34_targets10_trials50.csv,7,24,30,43.591614449749585,43.591614449749585,22,22,1,0,True,completed
49,known_visit,ACBBA,bernoulli,drop_0.25,34,1156,24,10,acbba_g34_d50_bernoulli_drop_0_25,reruns\grid_density\scenarios\cv\known_visit_grid34_targets10_trials50.csv,8,11,27,50.741552335152,50.741552335152,19,19,2,1,True,completed
49,known_visit,ACBBA,bernoulli,drop_0.25,34,1156,24,10,acbba_g34_d50_bernoulli_drop_0_25,reruns\grid_density\scenarios\cv\known_visit_grid34_targets10_trials50.csv,9,11,1,17.011981633677465,17.011981633677465,01,01,1,0,True,completed
49,known_visit,ACBBA,bernoulli,drop_0.25,34,1156,24,10,acbba_g34_d50_bernoulli_drop_0_25,reruns\grid_density\scenarios\cv\known_visit_grid34_targets10_trials50.csv,10,14,12,26.23094486395036,26.23094486395036,07,07,2,1,True,completed
