trial_id,trial_mode,algorithm,comm_model,comm_level,grid_size,grid_cells,robot_count,target_count,condition_id,scenario_file,target_index,target_x,target_y,first_completion_time_s,first_completion_sim_time_s,first_found_by_robot,first_finder_robot_id,total_visits,duplicate_visits,completed,trial_status
0,known_visit,ACBBA,ideal,1.0,19,361,4,20,targets_20_acbba_h2_ideal,objective_tuning_target_load_pilot_25\scenarios\known_visit_g19_t20_n25.csv,1,11,7,33.99247079045393,33.99247079045393,01,01,1,0,True,completed
0,known_visit,ACBBA,ideal,1.0,19,361,4,20,targets_20_acbba_h2_ideal,objective_tuning_target_load_pilot_25\scenarios\known_visit_g19_t20_n25.csv,2,17,15,37.461309436575085,37.461309436575085,03,03,1,0,True,completed
0,known_visit,ACBBA,ideal,1.0,19,361,4,20,targets_20_acbba_h2_ideal,objective_tuning_target_load_pilot_25\scenarios\known_visit_g19_t20_n25.csv,3,14,5,39.56861523941081,39.56861523941081,00,00,1,0,True,completed
0,known_visit,ACBBA,ideal,1.0,19,361,4,20,targets_20_acbba_h2_ideal,objective_tuning_target_load_pilot_25\scenarios\known_visit_g19_t20_n25.csv,4,8,0,12.153456365011454,12.153456365011454,00,00,1,0,True,completed
0,known_visit,ACBBA,ideal,1.0,19,361,4,20,targets_20_acbba_h2_ideal,objective_tuning_target_load_pilot_25\scenarios\known_visit_g19_t20_n25.csv,5,14,15,31.961356979121017,31.961356979121017,03,03,1,0,True,completed
0,known_visit,ACBBA,ideal,1.0,19,361,4,20,targets_20_acbba_h2_ideal,objective_tuning_target_load_pilot_25\scenarios\known_visit_g19_t20_n25.csv,6,7,5,23.14756182700395,23.14756182700395,00,00,1,0,True,completed
0,known_visit,ACBBA,ideal,1.0,19,361,4,20,targets_20_acbba_h2_ideal,objective_tuning_target_load_pilot_25\scenarios\known_visit_g19_t20_n25.csv,7,2,6,1.8991705545297213,1.8991705545297213,01,01,1,0,True,completed
0,known_visit,ACBBA,ideal,1.0,19,361,4,20,targets_20_acbba_h2_ideal,objective_tuning_target_load_pilot_25\scenarios\known_visit_g19_t20_n25.csv,8,3,8,7.369178352246252,7.369178352246252,01,01,1,0,True,completed
0,known_visit,ACBBA,ideal,1.0,19,361,4,20,targets_20_acbba_h2_ideal,objective_tuning_target_load_pilot_25\scenarios\known_visit_g19_t20_n25.csv,9,12,12,26.94311034790941,26.94311034790941,02,02,1,0,True,completed
0,known_visit,ACBBA,ideal,1.0,19,361,4,20,targets_20_acbba_h2_ideal,objective_tuning_target_load_pilot_25\scenarios\known_visit_g19_t20_n25.csv,10,16,5,43.30829685844078,43.30829685844078,00,00,1,0,True,completed
0,known_visit,ACBBA,ideal,1.0,19,361,4,20,targets_20_acbba_h2_ideal,objective_tuning_target_load_pilot_25\scenarios\known_visit_g19_t20_n25.csv,11,10,14,19.686918402073786,19.686918402073786,02,02,1,0,True,completed
0,known_visit,ACBBA,ideal,1.0,19,361,4,20,targets_20_acbba_h2_ideal,objective_tuning_target_load_pilot_25\scenarios\known_visit_g19_t20_n25.csv,12,3,18,3.510490199807643,3.510490199807643,03,03,1,0,True,completed
0,known_visit,ACBBA,ideal,1.0,19,361,4,20,targets_20_acbba_h2_ideal,objective_tuning_target_load_pilot_25\scenarios\known_visit_g19_t20_n25.csv,13,10,12,23.341373328334562,23.341373328334562,02,02,1,0,True,completed
0,known_visit,ACBBA,ideal,1.0,19,361,4,20,targets_20_acbba_h2_ideal,objective_tuning_target_load_pilot_25\scenarios\known_visit_g19_t20_n25.csv,14,5,18,7.021081478062136,7.021081478062136,03,03,1,0,True,completed
0,known_visit,ACBBA,ideal,1.0,19,361,4,20,targets_20_acbba_h2_ideal,objective_tuning_target_load_pilot_25\scenarios\known_visit_g19_t20_n25.csv,15,13,14,27.899528998281202,27.899528998281202,03,03,1,0,True,completed
0,known_visit,ACBBA,ideal,1.0,19,361,4,20,targets_20_acbba_h2_ideal,objective_tuning_target_load_pilot_25\scenarios\known_visit_g19_t20_n25.csv,16,4,11,14.745799918350711,14.745799918350711,01,01,1,0,True,completed
0,known_visit,ACBBA,ideal,1.0,19,361,4,20,targets_20_acbba_h2_ideal,objective_tuning_target_load_pilot_25\scenarios\known_visit_g19_t20_n25.csv,17,12,18,18.97631755531478,18.97631755531478,03,03,1,0,True,completed
0,known_visit,ACBBA,ideal,1.0,19,361,4,20,targets_20_acbba_h2_ideal,objective_tuning_target_load_pilot_25\scenarios\known_visit_g19_t20_n25.csv,18,1,14,3.951192096718551,3.951192096718551,02,02,1,0,True,completed
0,known_visit,ACBBA,ideal,1.0,19,361,4,20,targets_20_acbba_h2_ideal,objective_tuning_target_load_pilot_25\scenarios\known_visit_g19_t20_n25.csv,19,15,10,35.805362361945996,35.805362361945996,02,02,1,0,True,completed
0,known_visit,ACBBA,ideal,1.0,19,361,4,20,targets_20_acbba_h2_ideal,objective_tuning_target_load_pilot_25\scenarios\known_visit_g19_t20_n25.csv,20,11,10,28.87030051356216,28.87030051356216,01,01,1,0,True,completed
1,known_visit,ACBBA,ideal,1.0,19,361,4,20,targets_20_acbba_h2_ideal,objective_tuning_target_load_pilot_25\scenarios\known_visit_g19_t20_n25.csv,1,10,3,36.32321685575399,36.32321685575399,00,00,1,0,True,completed
1,known_visit,ACBBA,ideal,1.0,19,361,4,20,targets_20_acbba_h2_ideal,objective_tuning_target_load_pilot_25\scenarios\known_visit_g19_t20_n25.csv,2,7,11,12.597169081084196,12.597169081084196,02,02,1,0,True,completed
1,known_visit,ACBBA,ideal,1.0,19,361,4,20,targets_20_acbba_h2_ideal,objective_tuning_target_load_pilot_25\scenarios\known_visit_g19_t20_n25.csv,3,0,1,0.4933977747892714,0.4933977747892714,00,00,1,0,True,completed
1,known_visit,ACBBA,ideal,1.0,19,361,4,20,targets_20_acbba_h2_ideal,objective_tuning_target_load_pilot_25\scenarios\known_visit_g19_t20_n25.csv,4,9,4,29.99701346248902,29.99701346248902,01,01,1,0,True,completed
1,known_visit,ACBBA,ideal,1.0,19,361,4,20,targets_20_acbba_h2_ideal,objective_tuning_target_load_pilot_25\scenarios\known_visit_g19_t20_n25.csv,5,0,3,4.281557023662499,4.281557023662499,00,00,1,0,True,completed
1,known_visit,ACBBA,ideal,1.0,19,361,4,20,targets_20_acbba_h2_ideal,objective_tuning_target_load_pilot_25\scenarios\known_visit_g19_t20_n25.csv,6,3,5,13.259549171502474,13.259549171502474,00,00,1,0,True,completed
1,known_visit,ACBBA,ideal,1.0,19,361,4,20,targets_20_acbba_h2_ideal,objective_tuning_target_load_pilot_25\scenarios\known_visit_g19_t20_n25.csv,7,1,17,2.179672191506959,2.179672191506959,03,03,1,0,True,completed
1,known_visit,ACBBA,ideal,1.0,19,361,4,20,targets_20_acbba_h2_ideal,objective_tuning_target_load_pilot_25\scenarios\known_visit_g19_t20_n25.csv,8,3,17,6.041507705927839,6.041507705927839,03,03,1,0,True,completed
1,known_visit,ACBBA,ideal,1.0,19,361,4,20,targets_20_acbba_h2_ideal,objective_tuning_target_load_pilot_25\scenarios\known_visit_g19_t20_n25.csv,9,12,8,26.868713673588243,26.868713673588243,02,02,1,0,True,completed
1,known_visit,ACBBA,ideal,1.0,19,361,4,20,targets_20_acbba_h2_ideal,objective_tuning_target_load_pilot_25\scenarios\known_visit_g19_t20_n25.csv,10,15,13,44.632890853268066,44.632890853268066,03,03,1,0,True,completed
1,known_visit,ACBBA,ideal,1.0,19,361,4,20,targets_20_acbba_h2_ideal,objective_tuning_target_load_pilot_25\scenarios\known_visit_g19_t20_n25.csv,11,5,5,21.157083145795582,21.157083145795582,01,01,1,0,True,completed
1,known_visit,ACBBA,ideal,1.0,19,361,4,20,targets_20_acbba_h2_ideal,objective_tuning_target_load_pilot_25\scenarios\known_visit_g19_t20_n25.csv,12,18,7,38.94666722705283,38.94666722705283,02,02,1,0,True,completed
1,known_visit,ACBBA,ideal,1.0,19,361,4,20,targets_20_acbba_h2_ideal,objective_tuning_target_load_pilot_25\scenarios\known_visit_g19_t20_n25.csv,13,2,12,1.7897714412108139,1.7897714412108139,02,02,1,0,True,completed
1,known_visit,ACBBA,ideal,1.0,19,361,4,20,targets_20_acbba_h2_ideal,objective_tuning_target_load_pilot_25\scenarios\known_visit_g19_t20_n25.csv,14,1,3,6.302788022287218,6.302788022287218,00,00,1,0,True,completed
1,known_visit,ACBBA,ideal,1.0,19,361,4,20,targets_20_acbba_h2_ideal,objective_tuning_target_load_pilot_25\scenarios\known_visit_g19_t20_n25.csv,15,8,10,16.324050701945676,16.324050701945676,02,02,2,1,True,completed
1,known_visit,ACBBA,ideal,1.0,19,361,4,20,targets_20_acbba_h2_ideal,objective_tuning_target_load_pilot_25\scenarios\known_visit_g19_t20_n25.csv,16,4,1,22.476571883717483,22.476571883717483,00,00,1,0,True,completed
1,known_visit,ACBBA,ideal,1.0,19,361,4,20,targets_20_acbba_h2_ideal,objective_tuning_target_load_pilot_25\scenarios\known_visit_g19_t20_n25.csv,17,4,10,20.39416808172114,20.39416808172114,03,03,1,0,True,completed
1,known_visit,ACBBA,ideal,1.0,19,361,4,20,targets_20_acbba_h2_ideal,objective_tuning_target_load_pilot_25\scenarios\known_visit_g19_t20_n25.csv,18,16,15,50.04316572562953,50.04316572562953,03,03,1,0,True,completed
1,known_visit,ACBBA,ideal,1.0,19,361,4,20,targets_20_acbba_h2_ideal,objective_tuning_target_load_pilot_25\scenarios\known_visit_g19_t20_n25.csv,19,2,7,12.070262120604543,12.070262120604543,01,01,1,0,True,completed
1,known_visit,ACBBA,ideal,1.0,19,361,4,20,targets_20_acbba_h2_ideal,objective_tuning_target_load_pilot_25\scenarios\known_visit_g19_t20_n25.csv,20,10,2,34.69335665976779,34.69335665976779,00,00,1,0,True,completed
2,known_visit,ACBBA,ideal,1.0,19,361,4,20,targets_20_acbba_h2_ideal,objective_tuning_target_load_pilot_25\scenarios\known_visit_g19_t20_n25.csv,1,8,17,14.462791117534573,14.462791117534573,03,03,1,0,True,completed
2,known_visit,ACBBA,ideal,1.0,19,361,4,20,targets_20_acbba_h2_ideal,objective_tuning_target_load_pilot_25\scenarios\known_visit_g19_t20_n25.csv,2,9,7,26.598078646338216,26.598078646338216,02,02,1,0,True,completed
2,known_visit,ACBBA,ideal,1.0,19,361,4,20,targets_20_acbba_h2_ideal,objective_tuning_target_load_pilot_25\scenarios\known_visit_g19_t20_n25.csv,3,13,2,28.261111702698358,28.261111702698358,01,01,1,0,True,completed
2,known_visit,ACBBA,ideal,1.0,19,361,4,20,targets_20_acbba_h2_ideal,objective_tuning_target_load_pilot_25\scenarios\known_visit_g19_t20_n25.csv,4,17,3,37.2288043907014,37.2288043907014,01,01,1,0,True,completed
2,known_visit,ACBBA,ideal,1.0,19,361,4,20,targets_20_acbba_h2_ideal,objective_tuning_target_load_pilot_25\scenarios\known_visit_g19_t20_n25.csv,5,16,16,61.946114330887404,61.946114330887404,02,02,1,0,True,completed
2,known_visit,ACBBA,ideal,1.0,19,361,4,20,targets_20_acbba_h2_ideal,objective_tuning_target_load_pilot_25\scenarios\known_visit_g19_t20_n25.csv,6,10,9,21.01198714515864,21.01198714515864,02,02,1,0,True,completed
2,known_visit,ACBBA,ideal,1.0,19,361,4,20,targets_20_acbba_h2_ideal,objective_tuning_target_load_pilot_25\scenarios\known_visit_g19_t20_n25.csv,7,9,6,28.55346180323014,28.55346180323014,02,02,1,0,True,completed
2,known_visit,ACBBA,ideal,1.0,19,361,4,20,targets_20_acbba_h2_ideal,objective_tuning_target_load_pilot_25\scenarios\known_visit_g19_t20_n25.csv,8,17,15,58.29577323320651,58.29577323320651,02,02,1,0,True,completed
2,known_visit,ACBBA,ideal,1.0,19,361,4,20,targets_20_acbba_h2_ideal,objective_tuning_target_load_pilot_25\scenarios\known_visit_g19_t20_n25.csv,9,6,12,8.452673397088093,8.452673397088093,02,02,1,0,True,completed
2,known_visit,ACBBA,ideal,1.0,19,361,4,20,targets_20_acbba_h2_ideal,objective_tuning_target_load_pilot_25\scenarios\known_visit_g19_t20_n25.csv,10,17,0,36.60757668255597,36.60757668255597,00,00,1,0,True,completed
2,known_visit,ACBBA,ideal,1.0,19,361,4,20,targets_20_acbba_h2_ideal,objective_tuning_target_load_pilot_25\scenarios\known_visit_g19_t20_n25.csv,11,1,17,2.224158939745465,2.224158939745465,03,03,1,0,True,completed
2,known_visit,ACBBA,ideal,1.0,19,361,4,20,targets_20_acbba_h2_ideal,objective_tuning_target_load_pilot_25\scenarios\known_visit_g19_t20_n25.csv,12,7,10,13.852272152192684,13.852272152192684,02,02,1,0,True,completed
2,known_visit,ACBBA,ideal,1.0,19,361,4,20,targets_20_acbba_h2_ideal,objective_tuning_target_load_pilot_25\scenarios\known_visit_g19_t20_n25.csv,13,13,18,39.304795728814796,39.304795728814796,03,03,1,0,True,completed
2,known_visit,ACBBA,ideal,1.0,19,361,4,20,targets_20_acbba_h2_ideal,objective_tuning_target_load_pilot_25\scenarios\known_visit_g19_t20_n25.csv,14,11,15,23.42622404410437,23.42622404410437,03,03,1,0,True,completed
2,known_visit,ACBBA,ideal,1.0,19,361,4,20,targets_20_acbba_h2_ideal,objective_tuning_target_load_pilot_25\scenarios\known_visit_g19_t20_n25.csv,15,0,1,0.502230212216684,0.502230212216684,00,00,1,0,True,completed
2,known_visit,ACBBA,ideal,1.0,19,361,4,20,targets_20_acbba_h2_ideal,objective_tuning_target_load_pilot_25\scenarios\known_visit_g19_t20_n25.csv,16,3,17,5.894284462422213,5.894284462422213,03,03,1,0,True,completed
2,known_visit,ACBBA,ideal,1.0,19,361,4,20,targets_20_acbba_h2_ideal,objective_tuning_target_load_pilot_25\scenarios\known_visit_g19_t20_n25.csv,17,3,0,8.190121937215011,8.190121937215011,00,00,1,0,True,completed
2,known_visit,ACBBA,ideal,1.0,19,361,4,20,targets_20_acbba_h2_ideal,objective_tuning_target_load_pilot_25\scenarios\known_visit_g19_t20_n25.csv,18,13,13,30.536091723262178,30.536091723262178,03,03,1,0,True,completed
2,known_visit,ACBBA,ideal,1.0,19,361,4,20,targets_20_acbba_h2_ideal,objective_tuning_target_load_pilot_25\scenarios\known_visit_g19_t20_n25.csv,19,15,18,43.09657366632782,43.09657366632782,03,03,1,0,True,completed
2,known_visit,ACBBA,ideal,1.0,19,361,4,20,targets_20_acbba_h2_ideal,objective_tuning_target_load_pilot_25\scenarios\known_visit_g19_t20_n25.csv,20,0,2,5.572704455701562,5.572704455701562,01,01,1,0,True,completed
3,known_visit,ACBBA,ideal,1.0,19,361,4,20,targets_20_acbba_h2_ideal,objective_tuning_target_load_pilot_25\scenarios\known_visit_g19_t20_n25.csv,1,12,12,33.727035205527464,33.727035205527464,02,02,1,0,True,completed
3,known_visit,ACBBA,ideal,1.0,19,361,4,20,targets_20_acbba_h2_ideal,objective_tuning_target_load_pilot_25\scenarios\known_visit_g19_t20_n25.csv,2,17,11,50.46938879698877,50.46938879698877,03,03,1,0,True,completed
3,known_visit,ACBBA,ideal,1.0,19,361,4,20,targets_20_acbba_h2_ideal,objective_tuning_target_load_pilot_25\scenarios\known_visit_g19_t20_n25.csv,3,2,6,1.9153919012420264,1.9153919012420264,01,01,1,0,True,completed
3,known_visit,ACBBA,ideal,1.0,19,361,4,20,targets_20_acbba_h2_ideal,objective_tuning_target_load_pilot_25\scenarios\known_visit_g19_t20_n25.csv,4,9,13,26.560175486742533,26.560175486742533,02,02,1,0,True,completed
3,known_visit,ACBBA,ideal,1.0,19,361,4,20,targets_20_acbba_h2_ideal,objective_tuning_target_load_pilot_25\scenarios\known_visit_g19_t20_n25.csv,5,2,17,3.9846393950658734,3.9846393950658734,03,03,1,0,True,completed
3,known_visit,ACBBA,ideal,1.0,19,361,4,20,targets_20_acbba_h2_ideal,objective_tuning_target_load_pilot_25\scenarios\known_visit_g19_t20_n25.csv,6,6,11,10.785109812154966,10.785109812154966,02,02,1,0,True,completed
3,known_visit,ACBBA,ideal,1.0,19,361,4,20,targets_20_acbba_h2_ideal,objective_tuning_target_load_pilot_25\scenarios\known_visit_g19_t20_n25.csv,7,17,3,33.21971590867602,33.21971590867602,00,00,1,0,True,completed
3,known_visit,ACBBA,ideal,1.0,19,361,4,20,targets_20_acbba_h2_ideal,objective_tuning_target_load_pilot_25\scenarios\known_visit_g19_t20_n25.csv,8,5,8,14.709474156934984,14.709474156934984,01,01,1,0,True,completed
3,known_visit,ACBBA,ideal,1.0,19,361,4,20,targets_20_acbba_h2_ideal,objective_tuning_target_load_pilot_25\scenarios\known_visit_g19_t20_n25.csv,9,14,10,34.56649972153404,34.56649972153404,01,01,1,0,True,completed
3,known_visit,ACBBA,ideal,1.0,19,361,4,20,targets_20_acbba_h2_ideal,objective_tuning_target_load_pilot_25\scenarios\known_visit_g19_t20_n25.csv,10,16,4,36.946921058710444,36.946921058710444,00,00,1,0,True,completed
3,known_visit,ACBBA,ideal,1.0,19,361,4,20,targets_20_acbba_h2_ideal,objective_tuning_target_load_pilot_25\scenarios\known_visit_g19_t20_n25.csv,11,8,15,18.056682952905806,18.056682952905806,03,03,1,0,True,completed
3,known_visit,ACBBA,ideal,1.0,19,361,4,20,targets_20_acbba_h2_ideal,objective_tuning_target_load_pilot_25\scenarios\known_visit_g19_t20_n25.csv,12,18,8,57.32643756146395,57.32643756146395,03,03,1,0,True,completed
3,known_visit,ACBBA,ideal,1.0,19,361,4,20,targets_20_acbba_h2_ideal,objective_tuning_target_load_pilot_25\scenarios\known_visit_g19_t20_n25.csv,13,9,8,22.360657773125638,22.360657773125638,01,01,1,0,True,completed
3,known_visit,ACBBA,ideal,1.0,19,361,4,20,targets_20_acbba_h2_ideal,objective_tuning_target_load_pilot_25\scenarios\known_visit_g19_t20_n25.csv,14,6,10,12.410305100226797,12.410305100226797,02,02,1,0,True,completed
3,known_visit,ACBBA,ideal,1.0,19,361,4,20,targets_20_acbba_h2_ideal,objective_tuning_target_load_pilot_25\scenarios\known_visit_g19_t20_n25.csv,15,10,16,23.534800979416243,23.534800979416243,03,03,1,0,True,completed
3,known_visit,ACBBA,ideal,1.0,19,361,4,20,targets_20_acbba_h2_ideal,objective_tuning_target_load_pilot_25\scenarios\known_visit_g19_t20_n25.csv,16,10,8,24.119038683588023,24.119038683588023,01,01,1,0,True,completed
3,known_visit,ACBBA,ideal,1.0,19,361,4,20,targets_20_acbba_h2_ideal,objective_tuning_target_load_pilot_25\scenarios\known_visit_g19_t20_n25.csv,17,12,0,18.944724450616693,18.944724450616693,00,00,1,0,True,completed
3,known_visit,ACBBA,ideal,1.0,19,361,4,20,targets_20_acbba_h2_ideal,objective_tuning_target_load_pilot_25\scenarios\known_visit_g19_t20_n25.csv,18,6,6,8.863379896516241,8.863379896516241,01,01,1,0,True,completed
3,known_visit,ACBBA,ideal,1.0,19,361,4,20,targets_20_acbba_h2_ideal,objective_tuning_target_load_pilot_25\scenarios\known_visit_g19_t20_n25.csv,19,1,18,0.22142777643624778,0.22142777643624778,03,03,1,0,True,completed
3,known_visit,ACBBA,ideal,1.0,19,361,4,20,targets_20_acbba_h2_ideal,objective_tuning_target_load_pilot_25\scenarios\known_visit_g19_t20_n25.csv,20,3,12,3.5131393783029927,3.5131393783029927,02,02,1,0,True,completed
4,known_visit,ACBBA,ideal,1.0,19,361,4,20,targets_20_acbba_h2_ideal,objective_tuning_target_load_pilot_25\scenarios\known_visit_g19_t20_n25.csv,1,10,14,19.704169990040008,19.704169990040008,02,02,1,0,True,completed
4,known_visit,ACBBA,ideal,1.0,19,361,4,20,targets_20_acbba_h2_ideal,objective_tuning_target_load_pilot_25\scenarios\known_visit_g19_t20_n25.csv,2,3,1,5.483650030122376,5.483650030122376,00,00,1,0,True,completed
4,known_visit,ACBBA,ideal,1.0,19,361,4,20,targets_20_acbba_h2_ideal,objective_tuning_target_load_pilot_25\scenarios\known_visit_g19_t20_n25.csv,3,12,5,39.8624269988901,39.8624269988901,00,00,1,0,True,completed
4,known_visit,ACBBA,ideal,1.0,19,361,4,20,targets_20_acbba_h2_ideal,objective_tuning_target_load_pilot_25\scenarios\known_visit_g19_t20_n25.csv,4,12,17,28.812783465716702,28.812783465716702,03,03,1,0,True,completed
4,known_visit,ACBBA,ideal,1.0,19,361,4,20,targets_20_acbba_h2_ideal,objective_tuning_target_load_pilot_25\scenarios\known_visit_g19_t20_n25.csv,5,17,8,46.92856819449624,46.92856819449624,02,02,1,0,True,completed
4,known_visit,ACBBA,ideal,1.0,19,361,4,20,targets_20_acbba_h2_ideal,objective_tuning_target_load_pilot_25\scenarios\known_visit_g19_t20_n25.csv,6,8,7,21.66230444459991,21.66230444459991,01,01,1,0,True,completed
4,known_visit,ACBBA,ideal,1.0,19,361,4,20,targets_20_acbba_h2_ideal,objective_tuning_target_load_pilot_25\scenarios\known_visit_g19_t20_n25.csv,7,17,13,60.06509198663627,60.06509198663627,02,02,1,0,True,completed
4,known_visit,ACBBA,ideal,1.0,19,361,4,20,targets_20_acbba_h2_ideal,objective_tuning_target_load_pilot_25\scenarios\known_visit_g19_t20_n25.csv,8,4,6,5.207397696431578,5.207397696431578,01,01,1,0,True,completed
4,known_visit,ACBBA,ideal,1.0,19,361,4,20,targets_20_acbba_h2_ideal,objective_tuning_target_load_pilot_25\scenarios\known_visit_g19_t20_n25.csv,9,5,18,6.805806825222627,6.805806825222627,03,03,1,0,True,completed
4,known_visit,ACBBA,ideal,1.0,19,361,4,20,targets_20_acbba_h2_ideal,objective_tuning_target_load_pilot_25\scenarios\known_visit_g19_t20_n25.csv,10,10,10,30.4659762978749,30.4659762978749,02,02,1,0,True,completed
4,known_visit,ACBBA,ideal,1.0,19,361,4,20,targets_20_acbba_h2_ideal,objective_tuning_target_load_pilot_25\scenarios\known_visit_g19_t20_n25.csv,11,2,2,9.1015531768354,9.1015531768354,00,00,1,0,True,completed
4,known_visit,ACBBA,ideal,1.0,19,361,4,20,targets_20_acbba_h2_ideal,objective_tuning_target_load_pilot_25\scenarios\known_visit_g19_t20_n25.csv,12,8,1,25.45769573582923,25.45769573582923,00,00,1,0,True,completed
4,known_visit,ACBBA,ideal,1.0,19,361,4,20,targets_20_acbba_h2_ideal,objective_tuning_target_load_pilot_25\scenarios\known_visit_g19_t20_n25.csv,13,2,13,3.9257851832368647,3.9257851832368647,02,02,1,0,True,completed
4,known_visit,ACBBA,ideal,1.0,19,361,4,20,targets_20_acbba_h2_ideal,objective_tuning_target_load_pilot_25\scenarios\known_visit_g19_t20_n25.csv,14,7,8,25.324916012036226,25.324916012036226,01,01,1,0,True,completed
4,known_visit,ACBBA,ideal,1.0,19,361,4,20,targets_20_acbba_h2_ideal,objective_tuning_target_load_pilot_25\scenarios\known_visit_g19_t20_n25.csv,15,4,17,10.909433436282118,10.909433436282118,03,03,1,0,True,completed
4,known_visit,ACBBA,ideal,1.0,19,361,4,20,targets_20_acbba_h2_ideal,objective_tuning_target_load_pilot_25\scenarios\known_visit_g19_t20_n25.csv,16,2,12,1.9094719357399803,1.9094719357399803,02,02,1,0,True,completed
4,known_visit,ACBBA,ideal,1.0,19,361,4,20,targets_20_acbba_h2_ideal,objective_tuning_target_load_pilot_25\scenarios\known_visit_g19_t20_n25.csv,17,5,4,10.882940407955617,10.882940407955617,01,01,1,0,True,completed
4,known_visit,ACBBA,ideal,1.0,19,361,4,20,targets_20_acbba_h2_ideal,objective_tuning_target_load_pilot_25\scenarios\known_visit_g19_t20_n25.csv,18,11,12,25.145315000781217,25.145315000781217,02,02,1,0,True,completed
4,known_visit,ACBBA,ideal,1.0,19,361,4,20,targets_20_acbba_h2_ideal,objective_tuning_target_load_pilot_25\scenarios\known_visit_g19_t20_n25.csv,19,11,2,32.87549685073424,32.87549685073424,00,00,1,0,True,completed
4,known_visit,ACBBA,ideal,1.0,19,361,4,20,targets_20_acbba_h2_ideal,objective_tuning_target_load_pilot_25\scenarios\known_visit_g19_t20_n25.csv,20,13,9,37.96482908024903,37.96482908024903,02,02,1,0,True,completed
5,known_visit,ACBBA,ideal,1.0,19,361,4,20,targets_20_acbba_h2_ideal,objective_tuning_target_load_pilot_25\scenarios\known_visit_g19_t20_n25.csv,1,11,10,25.537986343402792,25.537986343402792,02,02,2,1,True,completed
5,known_visit,ACBBA,ideal,1.0,19,361,4,20,targets_20_acbba_h2_ideal,objective_tuning_target_load_pilot_25\scenarios\known_visit_g19_t20_n25.csv,2,3,13,5.48879338057813,5.48879338057813,02,02,1,0,True,completed
5,known_visit,ACBBA,ideal,1.0,19,361,4,20,targets_20_acbba_h2_ideal,objective_tuning_target_load_pilot_25\scenarios\known_visit_g19_t20_n25.csv,3,17,2,39.86907281187763,39.86907281187763,00,00,1,0,True,completed
5,known_visit,ACBBA,ideal,1.0,19,361,4,20,targets_20_acbba_h2_ideal,objective_tuning_target_load_pilot_25\scenarios\known_visit_g19_t20_n25.csv,4,10,12,20.140696111974712,20.140696111974712,02,02,1,0,True,completed
5,known_visit,ACBBA,ideal,1.0,19,361,4,20,targets_20_acbba_h2_ideal,objective_tuning_target_load_pilot_25\scenarios\known_visit_g19_t20_n25.csv,5,7,0,14.636932826835833,14.636932826835833,00,00,1,0,True,completed
5,known_visit,ACBBA,ideal,1.0,19,361,4,20,targets_20_acbba_h2_ideal,objective_tuning_target_load_pilot_25\scenarios\known_visit_g19_t20_n25.csv,6,1,9,5.483863069429547,5.483863069429547,01,01,1,0,True,completed
5,known_visit,ACBBA,ideal,1.0,19,361,4,20,targets_20_acbba_h2_ideal,objective_tuning_target_load_pilot_25\scenarios\known_visit_g19_t20_n25.csv,7,9,9,34.16377971360657,34.16377971360657,01,01,1,0,True,completed
5,known_visit,ACBBA,ideal,1.0,19,361,4,20,targets_20_acbba_h2_ideal,objective_tuning_target_load_pilot_25\scenarios\known_visit_g19_t20_n25.csv,8,5,1,9.046141974213684,9.046141974213684,00,00,1,0,True,completed
5,known_visit,ACBBA,ideal,1.0,19,361,4,20,targets_20_acbba_h2_ideal,objective_tuning_target_load_pilot_25\scenarios\known_visit_g19_t20_n25.csv,9,12,13,31.398120460390555,31.398120460390555,03,03,1,0,True,completed
5,known_visit,ACBBA,ideal,1.0,19,361,4,20,targets_20_acbba_h2_ideal,objective_tuning_target_load_pilot_25\scenarios\known_visit_g19_t20_n25.csv,10,16,10,49.13257086797329,49.13257086797329,02,02,1,0,True,completed
5,known_visit,ACBBA,ideal,1.0,19,361,4,20,targets_20_acbba_h2_ideal,objective_tuning_target_load_pilot_25\scenarios\known_visit_g19_t20_n25.csv,11,17,5,45.29886613747423,45.29886613747423,00,00,1,0,True,completed
5,known_visit,ACBBA,ideal,1.0,19,361,4,20,targets_20_acbba_h2_ideal,objective_tuning_target_load_pilot_25\scenarios\known_visit_g19_t20_n25.csv,12,18,6,48.88917099507535,48.88917099507535,00,00,1,0,True,completed
5,known_visit,ACBBA,ideal,1.0,19,361,4,20,targets_20_acbba_h2_ideal,objective_tuning_target_load_pilot_25\scenarios\known_visit_g19_t20_n25.csv,13,11,11,23.792870152992162,23.792870152992162,02,02,2,1,True,completed
5,known_visit,ACBBA,ideal,1.0,19,361,4,20,targets_20_acbba_h2_ideal,objective_tuning_target_load_pilot_25\scenarios\known_visit_g19_t20_n25.csv,14,8,9,32.2063404002615,32.2063404002615,01,01,1,0,True,completed
5,known_visit,ACBBA,ideal,1.0,19,361,4,20,targets_20_acbba_h2_ideal,objective_tuning_target_load_pilot_25\scenarios\known_visit_g19_t20_n25.csv,15,12,2,31.1021105509304,31.1021105509304,00,00,1,0,True,completed
5,known_visit,ACBBA,ideal,1.0,19,361,4,20,targets_20_acbba_h2_ideal,objective_tuning_target_load_pilot_25\scenarios\known_visit_g19_t20_n25.csv,16,8,3,21.943953740754708,21.943953740754708,00,00,1,0,True,completed
5,known_visit,ACBBA,ideal,1.0,19,361,4,20,targets_20_acbba_h2_ideal,objective_tuning_target_load_pilot_25\scenarios\known_visit_g19_t20_n25.csv,17,13,16,24.337606572349145,24.337606572349145,03,03,1,0,True,completed
5,known_visit,ACBBA,ideal,1.0,19,361,4,20,targets_20_acbba_h2_ideal,objective_tuning_target_load_pilot_25\scenarios\known_visit_g19_t20_n25.csv,18,1,12,0.1323600403700354,0.1323600403700354,02,02,1,0,True,completed
5,known_visit,ACBBA,ideal,1.0,19,361,4,20,targets_20_acbba_h2_ideal,objective_tuning_target_load_pilot_25\scenarios\known_visit_g19_t20_n25.csv,19,8,12,16.469270804200246,16.469270804200246,02,02,1,0,True,completed
5,known_visit,ACBBA,ideal,1.0,19,361,4,20,targets_20_acbba_h2_ideal,objective_tuning_target_load_pilot_25\scenarios\known_visit_g19_t20_n25.csv,20,4,5,17.967789521334627,17.967789521334627,01,01,1,0,True,completed
6,known_visit,ACBBA,ideal,1.0,19,361,4,20,targets_20_acbba_h2_ideal,objective_tuning_target_load_pilot_25\scenarios\known_visit_g19_t20_n25.csv,1,2,9,7.37344635271354,7.37344635271354,01,01,1,0,True,completed
6,known_visit,ACBBA,ideal,1.0,19,361,4,20,targets_20_acbba_h2_ideal,objective_tuning_target_load_pilot_25\scenarios\known_visit_g19_t20_n25.csv,2,9,11,16.08766719249721,16.08766719249721,02,02,1,0,True,completed
6,known_visit,ACBBA,ideal,1.0,19,361,4,20,targets_20_acbba_h2_ideal,objective_tuning_target_load_pilot_25\scenarios\known_visit_g19_t20_n25.csv,3,17,12,45.40476489629443,45.40476489629443,03,03,1,0,True,completed
6,known_visit,ACBBA,ideal,1.0,19,361,4,20,targets_20_acbba_h2_ideal,objective_tuning_target_load_pilot_25\scenarios\known_visit_g19_t20_n25.csv,4,16,3,32.064067683943506,32.064067683943506,00,00,1,0,True,completed
6,known_visit,ACBBA,ideal,1.0,19,361,4,20,targets_20_acbba_h2_ideal,objective_tuning_target_load_pilot_25\scenarios\known_visit_g19_t20_n25.csv,5,18,4,37.49629879556823,37.49629879556823,00,00,1,0,True,completed
6,known_visit,ACBBA,ideal,1.0,19,361,4,20,targets_20_acbba_h2_ideal,objective_tuning_target_load_pilot_25\scenarios\known_visit_g19_t20_n25.csv,6,12,18,18.55193270632968,18.55193270632968,03,03,1,0,True,completed
6,known_visit,ACBBA,ideal,1.0,19,361,4,20,targets_20_acbba_h2_ideal,objective_tuning_target_load_pilot_25\scenarios\known_visit_g19_t20_n25.csv,7,11,8,25.06157821490768,25.06157821490768,01,01,1,0,True,completed
6,known_visit,ACBBA,ideal,1.0,19,361,4,20,targets_20_acbba_h2_ideal,objective_tuning_target_load_pilot_25\scenarios\known_visit_g19_t20_n25.csv,8,14,6,33.78330061068177,33.78330061068177,02,02,1,0,True,completed
6,known_visit,ACBBA,ideal,1.0,19,361,4,20,targets_20_acbba_h2_ideal,objective_tuning_target_load_pilot_25\scenarios\known_visit_g19_t20_n25.csv,9,13,10,25.069937922690414,25.069937922690414,02,02,1,0,True,completed
6,known_visit,ACBBA,ideal,1.0,19,361,4,20,targets_20_acbba_h2_ideal,objective_tuning_target_load_pilot_25\scenarios\known_visit_g19_t20_n25.csv,10,4,8,12.982890661746103,12.982890661746103,01,01,1,0,True,completed
6,known_visit,ACBBA,ideal,1.0,19,361,4,20,targets_20_acbba_h2_ideal,objective_tuning_target_load_pilot_25\scenarios\known_visit_g19_t20_n25.csv,11,10,16,26.02328059983443,26.02328059983443,03,03,1,0,True,completed
6,known_visit,ACBBA,ideal,1.0,19,361,4,20,targets_20_acbba_h2_ideal,objective_tuning_target_load_pilot_25\scenarios\known_visit_g19_t20_n25.csv,12,10,18,15.161083959643003,15.161083959643003,03,03,1,0,True,completed
6,known_visit,ACBBA,ideal,1.0,19,361,4,20,targets_20_acbba_h2_ideal,objective_tuning_target_load_pilot_25\scenarios\known_visit_g19_t20_n25.csv,13,12,3,24.692904860989053,24.692904860989053,00,00,1,0,True,completed
6,known_visit,ACBBA,ideal,1.0,19,361,4,20,targets_20_acbba_h2_ideal,objective_tuning_target_load_pilot_25\scenarios\known_visit_g19_t20_n25.csv,14,6,11,10.505475529969129,10.505475529969129,02,02,1,0,True,completed
6,known_visit,ACBBA,ideal,1.0,19,361,4,20,targets_20_acbba_h2_ideal,objective_tuning_target_load_pilot_25\scenarios\known_visit_g19_t20_n25.csv,15,5,0,7.1647839769139265,7.1647839769139265,00,00,1,0,True,completed
6,known_visit,ACBBA,ideal,1.0,19,361,4,20,targets_20_acbba_h2_ideal,objective_tuning_target_load_pilot_25\scenarios\known_visit_g19_t20_n25.csv,16,2,6,1.9308043961185557,1.9308043961185557,01,01,1,0,True,completed
6,known_visit,ACBBA,ideal,1.0,19,361,4,20,targets_20_acbba_h2_ideal,objective_tuning_target_load_pilot_25\scenarios\known_visit_g19_t20_n25.csv,17,15,1,48.43619430959692,48.43619430959692,00,00,1,0,True,completed
6,known_visit,ACBBA,ideal,1.0,19,361,4,20,targets_20_acbba_h2_ideal,objective_tuning_target_load_pilot_25\scenarios\known_visit_g19_t20_n25.csv,18,13,3,26.776679092687157,26.776679092687157,00,00,1,0,True,completed
6,known_visit,ACBBA,ideal,1.0,19,361,4,20,targets_20_acbba_h2_ideal,objective_tuning_target_load_pilot_25\scenarios\known_visit_g19_t20_n25.csv,19,13,7,30.105688878293847,30.105688878293847,02,02,1,0,True,completed
6,known_visit,ACBBA,ideal,1.0,19,361,4,20,targets_20_acbba_h2_ideal,objective_tuning_target_load_pilot_25\scenarios\known_visit_g19_t20_n25.csv,20,11,6,28.726954895640866,28.726954895640866,01,01,1,0,True,completed
7,known_visit,ACBBA,ideal,1.0,19,361,4,20,targets_20_acbba_h2_ideal,objective_tuning_target_load_pilot_25\scenarios\known_visit_g19_t20_n25.csv,1,4,7,7.370315930199731,7.370315930199731,01,01,1,0,True,completed
7,known_visit,ACBBA,ideal,1.0,19,361,4,20,targets_20_acbba_h2_ideal,objective_tuning_target_load_pilot_25\scenarios\known_visit_g19_t20_n25.csv,2,11,12,40.04399935300114,40.04399935300114,03,03,1,0,True,completed
7,known_visit,ACBBA,ideal,1.0,19,361,4,20,targets_20_acbba_h2_ideal,objective_tuning_target_load_pilot_25\scenarios\known_visit_g19_t20_n25.csv,3,14,18,33.3699371745767,33.3699371745767,02,02,1,0,True,completed
7,known_visit,ACBBA,ideal,1.0,19,361,4,20,targets_20_acbba_h2_ideal,objective_tuning_target_load_pilot_25\scenarios\known_visit_g19_t20_n25.csv,4,4,5,15.280590220615125,15.280590220615125,01,01,1,0,True,completed
7,known_visit,ACBBA,ideal,1.0,19,361,4,20,targets_20_acbba_h2_ideal,objective_tuning_target_load_pilot_25\scenarios\known_visit_g19_t20_n25.csv,5,9,6,29.582084803701918,29.582084803701918,01,01,1,0,True,completed
7,known_visit,ACBBA,ideal,1.0,19,361,4,20,targets_20_acbba_h2_ideal,objective_tuning_target_load_pilot_25\scenarios\known_visit_g19_t20_n25.csv,6,16,18,36.71855451741097,36.71855451741097,02,02,1,0,True,completed
7,known_visit,ACBBA,ideal,1.0,19,361,4,20,targets_20_acbba_h2_ideal,objective_tuning_target_load_pilot_25\scenarios\known_visit_g19_t20_n25.csv,7,4,17,14.22833646112182,14.22833646112182,02,02,1,0,True,completed
7,known_visit,ACBBA,ideal,1.0,19,361,4,20,targets_20_acbba_h2_ideal,objective_tuning_target_load_pilot_25\scenarios\known_visit_g19_t20_n25.csv,8,5,1,9.2579143020029,9.2579143020029,00,00,1,0,True,completed
7,known_visit,ACBBA,ideal,1.0,19,361,4,20,targets_20_acbba_h2_ideal,objective_tuning_target_load_pilot_25\scenarios\known_visit_g19_t20_n25.csv,9,17,17,40.42125782842234,40.42125782842234,02,02,1,0,True,completed
7,known_visit,ACBBA,ideal,1.0,19,361,4,20,targets_20_acbba_h2_ideal,objective_tuning_target_load_pilot_25\scenarios\known_visit_g19_t20_n25.csv,10,17,3,33.688516176621114,33.688516176621114,00,00,1,0,True,completed
7,known_visit,ACBBA,ideal,1.0,19,361,4,20,targets_20_acbba_h2_ideal,objective_tuning_target_load_pilot_25\scenarios\known_visit_g19_t20_n25.csv,11,11,9,38.357726321258745,38.357726321258745,01,01,1,0,True,completed
7,known_visit,ACBBA,ideal,1.0,19,361,4,20,targets_20_acbba_h2_ideal,objective_tuning_target_load_pilot_25\scenarios\known_visit_g19_t20_n25.csv,12,6,2,12.995713981774028,12.995713981774028,00,00,1,0,True,completed
7,known_visit,ACBBA,ideal,1.0,19,361,4,20,targets_20_acbba_h2_ideal,objective_tuning_target_load_pilot_25\scenarios\known_visit_g19_t20_n25.csv,13,3,12,3.6904335796749814,3.6904335796749814,02,02,1,0,True,completed
7,known_visit,ACBBA,ideal,1.0,19,361,4,20,targets_20_acbba_h2_ideal,objective_tuning_target_load_pilot_25\scenarios\known_visit_g19_t20_n25.csv,14,13,18,31.763247383830247,31.763247383830247,02,02,1,0,True,completed
7,known_visit,ACBBA,ideal,1.0,19,361,4,20,targets_20_acbba_h2_ideal,objective_tuning_target_load_pilot_25\scenarios\known_visit_g19_t20_n25.csv,15,9,16,29.36276227065519,29.36276227065519,03,03,1,0,True,completed
7,known_visit,ACBBA,ideal,1.0,19,361,4,20,targets_20_acbba_h2_ideal,objective_tuning_target_load_pilot_25\scenarios\known_visit_g19_t20_n25.csv,16,14,3,28.430511929195323,28.430511929195323,00,00,1,0,True,completed
7,known_visit,ACBBA,ideal,1.0,19,361,4,20,targets_20_acbba_h2_ideal,objective_tuning_target_load_pilot_25\scenarios\known_visit_g19_t20_n25.csv,17,0,15,3.686422974728902,3.686422974728902,03,03,1,0,True,completed
7,known_visit,ACBBA,ideal,1.0,19,361,4,20,targets_20_acbba_h2_ideal,objective_tuning_target_load_pilot_25\scenarios\known_visit_g19_t20_n25.csv,18,8,14,23.59606669199067,23.59606669199067,03,03,1,0,True,completed
7,known_visit,ACBBA,ideal,1.0,19,361,4,20,targets_20_acbba_h2_ideal,objective_tuning_target_load_pilot_25\scenarios\known_visit_g19_t20_n25.csv,19,18,5,39.19747660984018,39.19747660984018,00,00,1,0,True,completed
7,known_visit,ACBBA,ideal,1.0,19,361,4,20,targets_20_acbba_h2_ideal,objective_tuning_target_load_pilot_25\scenarios\known_visit_g19_t20_n25.csv,20,13,11,45.232621280770076,45.232621280770076,01,01,1,0,True,completed
8,known_visit,ACBBA,ideal,1.0,19,361,4,20,targets_20_acbba_h2_ideal,objective_tuning_target_load_pilot_25\scenarios\known_visit_g19_t20_n25.csv,1,16,2,33.92414587591888,33.92414587591888,00,00,1,0,True,completed
8,known_visit,ACBBA,ideal,1.0,19,361,4,20,targets_20_acbba_h2_ideal,objective_tuning_target_load_pilot_25\scenarios\known_visit_g19_t20_n25.csv,2,8,3,18.219496023928944,18.219496023928944,00,00,1,0,True,completed
8,known_visit,ACBBA,ideal,1.0,19,361,4,20,targets_20_acbba_h2_ideal,objective_tuning_target_load_pilot_25\scenarios\known_visit_g19_t20_n25.csv,3,18,12,43.55939374293573,43.55939374293573,03,03,1,0,True,completed
8,known_visit,ACBBA,ideal,1.0,19,361,4,20,targets_20_acbba_h2_ideal,objective_tuning_target_load_pilot_25\scenarios\known_visit_g19_t20_n25.csv,4,6,1,11.13854845060285,11.13854845060285,00,00,1,0,True,completed
8,known_visit,ACBBA,ideal,1.0,19,361,4,20,targets_20_acbba_h2_ideal,objective_tuning_target_load_pilot_25\scenarios\known_visit_g19_t20_n25.csv,5,17,14,37.92097423775167,37.92097423775167,03,03,1,0,True,completed
8,known_visit,ACBBA,ideal,1.0,19,361,4,20,targets_20_acbba_h2_ideal,objective_tuning_target_load_pilot_25\scenarios\known_visit_g19_t20_n25.csv,6,4,18,5.208573411559351,5.208573411559351,03,03,1,0,True,completed
8,known_visit,ACBBA,ideal,1.0,19,361,4,20,targets_20_acbba_h2_ideal,objective_tuning_target_load_pilot_25\scenarios\known_visit_g19_t20_n25.csv,7,10,17,17.422317779150788,17.422317779150788,03,03,1,0,True,completed
8,known_visit,ACBBA,ideal,1.0,19,361,4,20,targets_20_acbba_h2_ideal,objective_tuning_target_load_pilot_25\scenarios\known_visit_g19_t20_n25.csv,8,4,6,13.507000307932088,13.507000307932088,01,01,1,0,True,completed
8,known_visit,ACBBA,ideal,1.0,19,361,4,20,targets_20_acbba_h2_ideal,objective_tuning_target_load_pilot_25\scenarios\known_visit_g19_t20_n25.csv,9,7,18,10.328054836604084,10.328054836604084,03,03,1,0,True,completed
8,known_visit,ACBBA,ideal,1.0,19,361,4,20,targets_20_acbba_h2_ideal,objective_tuning_target_load_pilot_25\scenarios\known_visit_g19_t20_n25.csv,10,15,9,41.07628669587345,41.07628669587345,02,02,1,0,True,completed
8,known_visit,ACBBA,ideal,1.0,19,361,4,20,targets_20_acbba_h2_ideal,objective_tuning_target_load_pilot_25\scenarios\known_visit_g19_t20_n25.csv,11,4,1,7.644053686212694,7.644053686212694,00,00,1,0,True,completed
8,known_visit,ACBBA,ideal,1.0,19,361,4,20,targets_20_acbba_h2_ideal,objective_tuning_target_load_pilot_25\scenarios\known_visit_g19_t20_n25.csv,12,5,18,6.92964340676365,6.92964340676365,03,03,1,0,True,completed
8,known_visit,ACBBA,ideal,1.0,19,361,4,20,targets_20_acbba_h2_ideal,objective_tuning_target_load_pilot_25\scenarios\known_visit_g19_t20_n25.csv,13,12,13,27.626122099487088,27.626122099487088,03,03,1,0,True,completed
8,known_visit,ACBBA,ideal,1.0,19,361,4,20,targets_20_acbba_h2_ideal,objective_tuning_target_load_pilot_25\scenarios\known_visit_g19_t20_n25.csv,14,0,9,3.793578206103643,3.793578206103643,02,02,1,0,True,completed
8,known_visit,ACBBA,ideal,1.0,19,361,4,20,targets_20_acbba_h2_ideal,objective_tuning_target_load_pilot_25\scenarios\known_visit_g19_t20_n25.csv,15,2,7,10.985045104563442,10.985045104563442,02,02,1,0,True,completed
8,known_visit,ACBBA,ideal,1.0,19,361,4,20,targets_20_acbba_h2_ideal,objective_tuning_target_load_pilot_25\scenarios\known_visit_g19_t20_n25.csv,16,0,4,2.269466666839185,2.269466666839185,01,01,1,0,True,completed
8,known_visit,ACBBA,ideal,1.0,19,361,4,20,targets_20_acbba_h2_ideal,objective_tuning_target_load_pilot_25\scenarios\known_visit_g19_t20_n25.csv,17,4,5,15.492464068191014,15.492464068191014,01,01,1,0,True,completed
8,known_visit,ACBBA,ideal,1.0,19,361,4,20,targets_20_acbba_h2_ideal,objective_tuning_target_load_pilot_25\scenarios\known_visit_g19_t20_n25.csv,18,15,3,30.164321816630157,30.164321816630157,00,00,1,0,True,completed
8,known_visit,ACBBA,ideal,1.0,19,361,4,20,targets_20_acbba_h2_ideal,objective_tuning_target_load_pilot_25\scenarios\known_visit_g19_t20_n25.csv,19,6,6,19.84258630215606,19.84258630215606,02,02,1,0,True,completed
8,known_visit,ACBBA,ideal,1.0,19,361,4,20,targets_20_acbba_h2_ideal,objective_tuning_target_load_pilot_25\scenarios\known_visit_g19_t20_n25.csv,20,9,5,28.02676459275266,28.02676459275266,01,01,1,0,True,completed
9,known_visit,ACBBA,ideal,1.0,19,361,4,20,targets_20_acbba_h2_ideal,objective_tuning_target_load_pilot_25\scenarios\known_visit_g19_t20_n25.csv,1,0,3,4.032695073800933,4.032695073800933,01,01,1,0,True,completed
9,known_visit,ACBBA,ideal,1.0,19,361,4,20,targets_20_acbba_h2_ideal,objective_tuning_target_load_pilot_25\scenarios\known_visit_g19_t20_n25.csv,2,12,1,21.26616982464871,21.26616982464871,00,00,1,0,True,completed
9,known_visit,ACBBA,ideal,1.0,19,361,4,20,targets_20_acbba_h2_ideal,objective_tuning_target_load_pilot_25\scenarios\known_visit_g19_t20_n25.csv,3,6,13,18.156793005298546,18.156793005298546,03,03,1,0,True,completed
9,known_visit,ACBBA,ideal,1.0,19,361,4,20,targets_20_acbba_h2_ideal,objective_tuning_target_load_pilot_25\scenarios\known_visit_g19_t20_n25.csv,4,4,16,9.352703385182865,9.352703385182865,03,03,1,0,True,completed
9,known_visit,ACBBA,ideal,1.0,19,361,4,20,targets_20_acbba_h2_ideal,objective_tuning_target_load_pilot_25\scenarios\known_visit_g19_t20_n25.csv,5,5,4,14.823084700295865,14.823084700295865,01,01,1,0,True,completed
9,known_visit,ACBBA,ideal,1.0,19,361,4,20,targets_20_acbba_h2_ideal,objective_tuning_target_load_pilot_25\scenarios\known_visit_g19_t20_n25.csv,6,10,1,17.56418828574967,17.56418828574967,00,00,1,0,True,completed
9,known_visit,ACBBA,ideal,1.0,19,361,4,20,targets_20_acbba_h2_ideal,objective_tuning_target_load_pilot_25\scenarios\known_visit_g19_t20_n25.csv,7,2,0,1.7814625733937441,1.7814625733937441,00,00,1,0,True,completed
9,known_visit,ACBBA,ideal,1.0,19,361,4,20,targets_20_acbba_h2_ideal,objective_tuning_target_load_pilot_25\scenarios\known_visit_g19_t20_n25.csv,8,14,17,51.70873124876835,51.70873124876835,02,02,1,0,True,completed
9,known_visit,ACBBA,ideal,1.0,19,361,4,20,targets_20_acbba_h2_ideal,objective_tuning_target_load_pilot_25\scenarios\known_visit_g19_t20_n25.csv,9,12,14,33.87176127431241,33.87176127431241,03,03,1,0,True,completed
9,known_visit,ACBBA,ideal,1.0,19,361,4,20,targets_20_acbba_h2_ideal,objective_tuning_target_load_pilot_25\scenarios\known_visit_g19_t20_n25.csv,10,17,2,32.02448876233014,32.02448876233014,00,00,1,0,True,completed
9,known_visit,ACBBA,ideal,1.0,19,361,4,20,targets_20_acbba_h2_ideal,objective_tuning_target_load_pilot_25\scenarios\known_visit_g19_t20_n25.csv,11,9,15,40.91290935682447,40.91290935682447,03,03,1,0,True,completed
9,known_visit,ACBBA,ideal,1.0,19,361,4,20,targets_20_acbba_h2_ideal,objective_tuning_target_load_pilot_25\scenarios\known_visit_g19_t20_n25.csv,12,8,10,20.302092956444394,20.302092956444394,02,02,1,0,True,completed
9,known_visit,ACBBA,ideal,1.0,19,361,4,20,targets_20_acbba_h2_ideal,objective_tuning_target_load_pilot_25\scenarios\known_visit_g19_t20_n25.csv,13,2,16,5.599729847331348,5.599729847331348,03,03,1,0,True,completed
9,known_visit,ACBBA,ideal,1.0,19,361,4,20,targets_20_acbba_h2_ideal,objective_tuning_target_load_pilot_25\scenarios\known_visit_g19_t20_n25.csv,14,12,12,30.049103708684584,30.049103708684584,03,03,1,0,True,completed
9,known_visit,ACBBA,ideal,1.0,19,361,4,20,targets_20_acbba_h2_ideal,objective_tuning_target_load_pilot_25\scenarios\known_visit_g19_t20_n25.csv,15,7,10,18.353242024474504,18.353242024474504,02,02,1,0,True,completed
9,known_visit,ACBBA,ideal,1.0,19,361,4,20,targets_20_acbba_h2_ideal,objective_tuning_target_load_pilot_25\scenarios\known_visit_g19_t20_n25.csv,16,16,12,39.35550197866516,39.35550197866516,02,02,1,0,True,completed
9,known_visit,ACBBA,ideal,1.0,19,361,4,20,targets_20_acbba_h2_ideal,objective_tuning_target_load_pilot_25\scenarios\known_visit_g19_t20_n25.csv,17,14,2,26.60303247780817,26.60303247780817,00,00,1,0,True,completed
9,known_visit,ACBBA,ideal,1.0,19,361,4,20,targets_20_acbba_h2_ideal,objective_tuning_target_load_pilot_25\scenarios\known_visit_g19_t20_n25.csv,18,4,9,10.77452968483313,10.77452968483313,02,02,1,0,True,completed
9,known_visit,ACBBA,ideal,1.0,19,361,4,20,targets_20_acbba_h2_ideal,objective_tuning_target_load_pilot_25\scenarios\known_visit_g19_t20_n25.csv,19,9,12,25.163819217139487,25.163819217139487,03,03,1,0,True,completed
9,known_visit,ACBBA,ideal,1.0,19,361,4,20,targets_20_acbba_h2_ideal,objective_tuning_target_load_pilot_25\scenarios\known_visit_g19_t20_n25.csv,20,14,7,35.872530871458174,35.872530871458174,01,01,1,0,True,completed
10,known_visit,ACBBA,ideal,1.0,19,361,4,20,targets_20_acbba_h2_ideal,objective_tuning_target_load_pilot_25\scenarios\known_visit_g19_t20_n25.csv,1,4,8,9.604568204039635,9.604568204039635,01,01,2,1,True,completed
10,known_visit,ACBBA,ideal,1.0,19,361,4,20,targets_20_acbba_h2_ideal,objective_tuning_target_load_pilot_25\scenarios\known_visit_g19_t20_n25.csv,2,2,6,1.9288463120527704,1.9288463120527704,01,01,1,0,True,completed
10,known_visit,ACBBA,ideal,1.0,19,361,4,20,targets_20_acbba_h2_ideal,objective_tuning_target_load_pilot_25\scenarios\known_visit_g19_t20_n25.csv,3,12,8,30.946246665429445,30.946246665429445,01,01,1,0,True,completed
10,known_visit,ACBBA,ideal,1.0,19,361,4,20,targets_20_acbba_h2_ideal,objective_tuning_target_load_pilot_25\scenarios\known_visit_g19_t20_n25.csv,4,14,13,40.24634342370842,40.24634342370842,03,03,1,0,True,completed
10,known_visit,ACBBA,ideal,1.0,19,361,4,20,targets_20_acbba_h2_ideal,objective_tuning_target_load_pilot_25\scenarios\known_visit_g19_t20_n25.csv,5,16,9,40.0362971906965,40.0362971906965,01,01,1,0,True,completed
10,known_visit,ACBBA,ideal,1.0,19,361,4,20,targets_20_acbba_h2_ideal,objective_tuning_target_load_pilot_25\scenarios\known_visit_g19_t20_n25.csv,6,18,9,43.51523642254016,43.51523642254016,01,01,1,0,True,completed
10,known_visit,ACBBA,ideal,1.0,19,361,4,20,targets_20_acbba_h2_ideal,objective_tuning_target_load_pilot_25\scenarios\known_visit_g19_t20_n25.csv,7,10,0,15.564437849671389,15.564437849671389,00,00,1,0,True,completed
10,known_visit,ACBBA,ideal,1.0,19,361,4,20,targets_20_acbba_h2_ideal,objective_tuning_target_load_pilot_25\scenarios\known_visit_g19_t20_n25.csv,8,8,13,32.26136774777802,32.26136774777802,02,02,1,0,True,completed
10,known_visit,ACBBA,ideal,1.0,19,361,4,20,targets_20_acbba_h2_ideal,objective_tuning_target_load_pilot_25\scenarios\known_visit_g19_t20_n25.csv,9,2,7,3.9796048642587283,3.9796048642587283,01,01,2,1,True,completed
10,known_visit,ACBBA,ideal,1.0,19,361,4,20,targets_20_acbba_h2_ideal,objective_tuning_target_load_pilot_25\scenarios\known_visit_g19_t20_n25.csv,10,18,4,36.38403832848307,36.38403832848307,00,00,1,0,True,completed
10,known_visit,ACBBA,ideal,1.0,19,361,4,20,targets_20_acbba_h2_ideal,objective_tuning_target_load_pilot_25\scenarios\known_visit_g19_t20_n25.csv,11,1,9,5.6482169143769845,5.6482169143769845,02,02,1,0,True,completed
10,known_visit,ACBBA,ideal,1.0,19,361,4,20,targets_20_acbba_h2_ideal,objective_tuning_target_load_pilot_25\scenarios\known_visit_g19_t20_n25.csv,12,10,13,25.694616058282165,25.694616058282165,03,03,1,0,True,completed
10,known_visit,ACBBA,ideal,1.0,19,361,4,20,targets_20_acbba_h2_ideal,objective_tuning_target_load_pilot_25\scenarios\known_visit_g19_t20_n25.csv,13,1,6,0.15208792751119068,0.15208792751119068,01,01,1,0,True,completed
10,known_visit,ACBBA,ideal,1.0,19,361,4,20,targets_20_acbba_h2_ideal,objective_tuning_target_load_pilot_25\scenarios\known_visit_g19_t20_n25.csv,14,12,12,31.110392885686142,31.110392885686142,03,03,1,0,True,completed
10,known_visit,ACBBA,ideal,1.0,19,361,4,20,targets_20_acbba_h2_ideal,objective_tuning_target_load_pilot_25\scenarios\known_visit_g19_t20_n25.csv,15,6,17,11.008730541699247,11.008730541699247,03,03,1,0,True,completed
10,known_visit,ACBBA,ideal,1.0,19,361,4,20,targets_20_acbba_h2_ideal,objective_tuning_target_load_pilot_25\scenarios\known_visit_g19_t20_n25.csv,16,5,6,15.066218823687745,15.066218823687745,01,01,1,0,True,completed
10,known_visit,ACBBA,ideal,1.0,19,361,4,20,targets_20_acbba_h2_ideal,objective_tuning_target_load_pilot_25\scenarios\known_visit_g19_t20_n25.csv,17,13,11,34.70399299754334,34.70399299754334,03,03,1,0,True,completed
10,known_visit,ACBBA,ideal,1.0,19,361,4,20,targets_20_acbba_h2_ideal,objective_tuning_target_load_pilot_25\scenarios\known_visit_g19_t20_n25.csv,18,18,5,38.05582338104814,38.05582338104814,00,00,1,0,True,completed
10,known_visit,ACBBA,ideal,1.0,19,361,4,20,targets_20_acbba_h2_ideal,objective_tuning_target_load_pilot_25\scenarios\known_visit_g19_t20_n25.csv,19,5,0,7.054151899929407,7.054151899929407,00,00,1,0,True,completed
10,known_visit,ACBBA,ideal,1.0,19,361,4,20,targets_20_acbba_h2_ideal,objective_tuning_target_load_pilot_25\scenarios\known_visit_g19_t20_n25.csv,20,10,14,23.636155906460893,23.636155906460893,03,03,1,0,True,completed
11,known_visit,ACBBA,ideal,1.0,19,361,4,20,targets_20_acbba_h2_ideal,objective_tuning_target_load_pilot_25\scenarios\known_visit_g19_t20_n25.csv,1,16,16,55.09418054345217,55.09418054345217,02,02,1,0,True,completed
11,known_visit,ACBBA,ideal,1.0,19,361,4,20,targets_20_acbba_h2_ideal,objective_tuning_target_load_pilot_25\scenarios\known_visit_g19_t20_n25.csv,2,4,17,7.188124133992014,7.188124133992014,03,03,1,0,True,completed
11,known_visit,ACBBA,ideal,1.0,19,361,4,20,targets_20_acbba_h2_ideal,objective_tuning_target_load_pilot_25\scenarios\known_visit_g19_t20_n25.csv,3,8,8,16.25969681542898,16.25969681542898,01,01,1,0,True,completed
11,known_visit,ACBBA,ideal,1.0,19,361,4,20,targets_20_acbba_h2_ideal,objective_tuning_target_load_pilot_25\scenarios\known_visit_g19_t20_n25.csv,4,13,1,40.5759490502265,40.5759490502265,00,00,1,0,True,completed
11,known_visit,ACBBA,ideal,1.0,19,361,4,20,targets_20_acbba_h2_ideal,objective_tuning_target_load_pilot_25\scenarios\known_visit_g19_t20_n25.csv,5,7,6,21.22546498054766,21.22546498054766,00,00,1,0,True,completed
11,known_visit,ACBBA,ideal,1.0,19,361,4,20,targets_20_acbba_h2_ideal,objective_tuning_target_load_pilot_25\scenarios\known_visit_g19_t20_n25.csv,6,13,5,33.84715082998377,33.84715082998377,00,00,1,0,True,completed
11,known_visit,ACBBA,ideal,1.0,19,361,4,20,targets_20_acbba_h2_ideal,objective_tuning_target_load_pilot_25\scenarios\known_visit_g19_t20_n25.csv,7,12,18,26.361928709395755,26.361928709395755,03,03,1,0,True,completed
11,known_visit,ACBBA,ideal,1.0,19,361,4,20,targets_20_acbba_h2_ideal,objective_tuning_target_load_pilot_25\scenarios\known_visit_g19_t20_n25.csv,8,10,6,26.527383902707847,26.527383902707847,00,00,1,0,True,completed
11,known_visit,ACBBA,ideal,1.0,19,361,4,20,targets_20_acbba_h2_ideal,objective_tuning_target_load_pilot_25\scenarios\known_visit_g19_t20_n25.csv,9,15,7,43.71565599410942,43.71565599410942,01,01,1,0,True,completed
11,known_visit,ACBBA,ideal,1.0,19,361,4,20,targets_20_acbba_h2_ideal,objective_tuning_target_load_pilot_25\scenarios\known_visit_g19_t20_n25.csv,10,11,12,28.46795835971074,28.46795835971074,01,01,1,0,True,completed
11,known_visit,ACBBA,ideal,1.0,19,361,4,20,targets_20_acbba_h2_ideal,objective_tuning_target_load_pilot_25\scenarios\known_visit_g19_t20_n25.csv,11,6,7,10.459053249939206,10.459053249939206,01,01,2,1,True,completed
11,known_visit,ACBBA,ideal,1.0,19,361,4,20,targets_20_acbba_h2_ideal,objective_tuning_target_load_pilot_25\scenarios\known_visit_g19_t20_n25.csv,12,18,18,36.95080424498963,36.95080424498963,03,03,1,0,True,completed
11,known_visit,ACBBA,ideal,1.0,19,361,4,20,targets_20_acbba_h2_ideal,objective_tuning_target_load_pilot_25\scenarios\known_visit_g19_t20_n25.csv,13,6,11,29.34960784571748,29.34960784571748,02,02,1,0,True,completed
11,known_visit,ACBBA,ideal,1.0,19,361,4,20,targets_20_acbba_h2_ideal,objective_tuning_target_load_pilot_25\scenarios\known_visit_g19_t20_n25.csv,14,15,8,42.092650729162884,42.092650729162884,01,01,1,0,True,completed
11,known_visit,ACBBA,ideal,1.0,19,361,4,20,targets_20_acbba_h2_ideal,objective_tuning_target_load_pilot_25\scenarios\known_visit_g19_t20_n25.csv,15,15,14,49.70565581870238,49.70565581870238,02,02,1,0,True,completed
11,known_visit,ACBBA,ideal,1.0,19,361,4,20,targets_20_acbba_h2_ideal,objective_tuning_target_load_pilot_25\scenarios\known_visit_g19_t20_n25.csv,16,3,10,7.18723170917302,7.18723170917302,02,02,1,0,True,completed
11,known_visit,ACBBA,ideal,1.0,19,361,4,20,targets_20_acbba_h2_ideal,objective_tuning_target_load_pilot_25\scenarios\known_visit_g19_t20_n25.csv,17,1,12,0.12289163533072878,0.12289163533072878,02,02,1,0,True,completed
11,known_visit,ACBBA,ideal,1.0,19,361,4,20,targets_20_acbba_h2_ideal,objective_tuning_target_load_pilot_25\scenarios\known_visit_g19_t20_n25.csv,18,3,12,3.6311161529550087,3.6311161529550087,02,02,1,0,True,completed
11,known_visit,ACBBA,ideal,1.0,19,361,4,20,targets_20_acbba_h2_ideal,objective_tuning_target_load_pilot_25\scenarios\known_visit_g19_t20_n25.csv,19,3,8,14.856512410294636,14.856512410294636,02,02,1,0,True,completed
11,known_visit,ACBBA,ideal,1.0,19,361,4,20,targets_20_acbba_h2_ideal,objective_tuning_target_load_pilot_25\scenarios\known_visit_g19_t20_n25.csv,20,7,16,14.102245234036177,14.102245234036177,03,03,1,0,True,completed
12,known_visit,ACBBA,ideal,1.0,19,361,4,20,targets_20_acbba_h2_ideal,objective_tuning_target_load_pilot_25\scenarios\known_visit_g19_t20_n25.csv,1,16,8,37.87313474420535,37.87313474420535,02,02,1,0,True,completed
12,known_visit,ACBBA,ideal,1.0,19,361,4,20,targets_20_acbba_h2_ideal,objective_tuning_target_load_pilot_25\scenarios\known_visit_g19_t20_n25.csv,2,15,17,37.52873099466664,37.52873099466664,03,03,1,0,True,completed
12,known_visit,ACBBA,ideal,1.0,19,361,4,20,targets_20_acbba_h2_ideal,objective_tuning_target_load_pilot_25\scenarios\known_visit_g19_t20_n25.csv,3,10,10,22.810556563186417,22.810556563186417,01,01,1,0,True,completed
12,known_visit,ACBBA,ideal,1.0,19,361,4,20,targets_20_acbba_h2_ideal,objective_tuning_target_load_pilot_25\scenarios\known_visit_g19_t20_n25.csv,4,18,13,54.3178736899815,54.3178736899815,01,01,1,0,True,completed
12,known_visit,ACBBA,ideal,1.0,19,361,4,20,targets_20_acbba_h2_ideal,objective_tuning_target_load_pilot_25\scenarios\known_visit_g19_t20_n25.csv,5,4,16,12.952891671749688,12.952891671749688,03,03,1,0,True,completed
12,known_visit,ACBBA,ideal,1.0,19,361,4,20,targets_20_acbba_h2_ideal,objective_tuning_target_load_pilot_25\scenarios\known_visit_g19_t20_n25.csv,6,5,7,8.952733302767978,8.952733302767978,01,01,1,0,True,completed
12,known_visit,ACBBA,ideal,1.0,19,361,4,20,targets_20_acbba_h2_ideal,objective_tuning_target_load_pilot_25\scenarios\known_visit_g19_t20_n25.csv,7,13,3,26.66292565325947,26.66292565325947,00,00,1,0,True,completed
12,known_visit,ACBBA,ideal,1.0,19,361,4,20,targets_20_acbba_h2_ideal,objective_tuning_target_load_pilot_25\scenarios\known_visit_g19_t20_n25.csv,8,9,3,19.728727406645575,19.728727406645575,00,00,1,0,True,completed
12,known_visit,ACBBA,ideal,1.0,19,361,4,20,targets_20_acbba_h2_ideal,objective_tuning_target_load_pilot_25\scenarios\known_visit_g19_t20_n25.csv,9,3,6,3.6077483972051576,3.6077483972051576,01,01,1,0,True,completed
12,known_visit,ACBBA,ideal,1.0,19,361,4,20,targets_20_acbba_h2_ideal,objective_tuning_target_load_pilot_25\scenarios\known_visit_g19_t20_n25.csv,10,4,9,15.16055439905171,15.16055439905171,02,02,1,0,True,completed
12,known_visit,ACBBA,ideal,1.0,19,361,4,20,targets_20_acbba_h2_ideal,objective_tuning_target_load_pilot_25\scenarios\known_visit_g19_t20_n25.csv,11,16,15,46.667397628850026,46.667397628850026,01,01,1,0,True,completed
12,known_visit,ACBBA,ideal,1.0,19,361,4,20,targets_20_acbba_h2_ideal,objective_tuning_target_load_pilot_25\scenarios\known_visit_g19_t20_n25.csv,12,1,8,7.531250656930328,7.531250656930328,02,02,1,0,True,completed
12,known_visit,ACBBA,ideal,1.0,19,361,4,20,targets_20_acbba_h2_ideal,objective_tuning_target_load_pilot_25\scenarios\known_visit_g19_t20_n25.csv,13,9,13,30.386741595286985,30.386741595286985,01,01,1,0,True,completed
12,known_visit,ACBBA,ideal,1.0,19,361,4,20,targets_20_acbba_h2_ideal,objective_tuning_target_load_pilot_25\scenarios\known_visit_g19_t20_n25.csv,14,11,3,23.184151351271762,23.184151351271762,00,00,1,0,True,completed
12,known_visit,ACBBA,ideal,1.0,19,361,4,20,targets_20_acbba_h2_ideal,objective_tuning_target_load_pilot_25\scenarios\known_visit_g19_t20_n25.csv,15,1,12,0.2412559939154062,0.2412559939154062,02,02,1,0,True,completed
12,known_visit,ACBBA,ideal,1.0,19,361,4,20,targets_20_acbba_h2_ideal,objective_tuning_target_load_pilot_25\scenarios\known_visit_g19_t20_n25.csv,16,5,18,7.297762033587607,7.297762033587607,03,03,1,0,True,completed
12,known_visit,ACBBA,ideal,1.0,19,361,4,20,targets_20_acbba_h2_ideal,objective_tuning_target_load_pilot_25\scenarios\known_visit_g19_t20_n25.csv,17,15,2,32.07136224897981,32.07136224897981,00,00,1,0,True,completed
12,known_visit,ACBBA,ideal,1.0,19,361,4,20,targets_20_acbba_h2_ideal,objective_tuning_target_load_pilot_25\scenarios\known_visit_g19_t20_n25.csv,18,17,4,39.518517115973246,39.518517115973246,00,00,1,0,True,completed
12,known_visit,ACBBA,ideal,1.0,19,361,4,20,targets_20_acbba_h2_ideal,objective_tuning_target_load_pilot_25\scenarios\known_visit_g19_t20_n25.csv,19,14,18,41.15846423578019,41.15846423578019,03,03,1,0,True,completed
12,known_visit,ACBBA,ideal,1.0,19,361,4,20,targets_20_acbba_h2_ideal,objective_tuning_target_load_pilot_25\scenarios\known_visit_g19_t20_n25.csv,20,8,1,14.43050050385506,14.43050050385506,00,00,1,0,True,completed
13,known_visit,ACBBA,ideal,1.0,19,361,4,20,targets_20_acbba_h2_ideal,objective_tuning_target_load_pilot_25\scenarios\known_visit_g19_t20_n25.csv,1,3,18,3.5945879923131736,3.5945879923131736,03,03,1,0,True,completed
13,known_visit,ACBBA,ideal,1.0,19,361,4,20,targets_20_acbba_h2_ideal,objective_tuning_target_load_pilot_25\scenarios\known_visit_g19_t20_n25.csv,2,3,5,5.431407434614357,5.431407434614357,01,01,1,0,True,completed
13,known_visit,ACBBA,ideal,1.0,19,361,4,20,targets_20_acbba_h2_ideal,objective_tuning_target_load_pilot_25\scenarios\known_visit_g19_t20_n25.csv,3,9,11,24.186240697990467,24.186240697990467,02,02,1,0,True,completed
13,known_visit,ACBBA,ideal,1.0,19,361,4,20,targets_20_acbba_h2_ideal,objective_tuning_target_load_pilot_25\scenarios\known_visit_g19_t20_n25.csv,4,1,0,0.17931396386578716,0.17931396386578716,00,00,1,0,True,completed
13,known_visit,ACBBA,ideal,1.0,19,361,4,20,targets_20_acbba_h2_ideal,objective_tuning_target_load_pilot_25\scenarios\known_visit_g19_t20_n25.csv,5,12,14,25.983389721067436,25.983389721067436,03,03,1,0,True,completed
13,known_visit,ACBBA,ideal,1.0,19,361,4,20,targets_20_acbba_h2_ideal,objective_tuning_target_load_pilot_25\scenarios\known_visit_g19_t20_n25.csv,6,9,18,13.566985242016829,13.566985242016829,03,03,1,0,True,completed
13,known_visit,ACBBA,ideal,1.0,19,361,4,20,targets_20_acbba_h2_ideal,objective_tuning_target_load_pilot_25\scenarios\known_visit_g19_t20_n25.csv,7,16,9,40.1277475366256,40.1277475366256,02,02,1,0,True,completed
13,known_visit,ACBBA,ideal,1.0,19,361,4,20,targets_20_acbba_h2_ideal,objective_tuning_target_load_pilot_25\scenarios\known_visit_g19_t20_n25.csv,8,0,13,0.5342048234851909,0.5342048234851909,02,02,1,0,True,completed
13,known_visit,ACBBA,ideal,1.0,19,361,4,20,targets_20_acbba_h2_ideal,objective_tuning_target_load_pilot_25\scenarios\known_visit_g19_t20_n25.csv,9,11,14,23.98718449629265,23.98718449629265,03,03,1,0,True,completed
13,known_visit,ACBBA,ideal,1.0,19,361,4,20,targets_20_acbba_h2_ideal,objective_tuning_target_load_pilot_25\scenarios\known_visit_g19_t20_n25.csv,10,13,0,28.690241277901762,28.690241277901762,00,00,1,0,True,completed
13,known_visit,ACBBA,ideal,1.0,19,361,4,20,targets_20_acbba_h2_ideal,objective_tuning_target_load_pilot_25\scenarios\known_visit_g19_t20_n25.csv,11,15,0,32.07020381081896,32.07020381081896,00,00,1,0,True,completed
13,known_visit,ACBBA,ideal,1.0,19,361,4,20,targets_20_acbba_h2_ideal,objective_tuning_target_load_pilot_25\scenarios\known_visit_g19_t20_n25.csv,12,12,6,22.969316854639704,22.969316854639704,01,01,1,0,True,completed
13,known_visit,ACBBA,ideal,1.0,19,361,4,20,targets_20_acbba_h2_ideal,objective_tuning_target_load_pilot_25\scenarios\known_visit_g19_t20_n25.csv,13,10,1,21.33646796093976,21.33646796093976,00,00,1,0,True,completed
13,known_visit,ACBBA,ideal,1.0,19,361,4,20,targets_20_acbba_h2_ideal,objective_tuning_target_load_pilot_25\scenarios\known_visit_g19_t20_n25.csv,14,17,1,37.51590236452917,37.51590236452917,00,00,1,0,True,completed
13,known_visit,ACBBA,ideal,1.0,19,361,4,20,targets_20_acbba_h2_ideal,objective_tuning_target_load_pilot_25\scenarios\known_visit_g19_t20_n25.csv,15,14,17,34.605005789752475,34.605005789752475,03,03,1,0,True,completed
13,known_visit,ACBBA,ideal,1.0,19,361,4,20,targets_20_acbba_h2_ideal,objective_tuning_target_load_pilot_25\scenarios\known_visit_g19_t20_n25.csv,16,11,16,20.609721817353382,20.609721817353382,03,03,1,0,True,completed
13,known_visit,ACBBA,ideal,1.0,19,361,4,20,targets_20_acbba_h2_ideal,objective_tuning_target_load_pilot_25\scenarios\known_visit_g19_t20_n25.csv,17,18,14,52.69222493673899,52.69222493673899,02,02,1,0,True,completed
13,known_visit,ACBBA,ideal,1.0,19,361,4,20,targets_20_acbba_h2_ideal,objective_tuning_target_load_pilot_25\scenarios\known_visit_g19_t20_n25.csv,18,10,11,26.263054318679966,26.263054318679966,02,02,1,0,True,completed
13,known_visit,ACBBA,ideal,1.0,19,361,4,20,targets_20_acbba_h2_ideal,objective_tuning_target_load_pilot_25\scenarios\known_visit_g19_t20_n25.csv,19,6,2,12.334945077873916,12.334945077873916,00,00,1,0,True,completed
13,known_visit,ACBBA,ideal,1.0,19,361,4,20,targets_20_acbba_h2_ideal,objective_tuning_target_load_pilot_25\scenarios\known_visit_g19_t20_n25.csv,20,7,10,18.44587480152408,18.44587480152408,02,02,1,0,True,completed
14,known_visit,ACBBA,ideal,1.0,19,361,4,20,targets_20_acbba_h2_ideal,objective_tuning_target_load_pilot_25\scenarios\known_visit_g19_t20_n25.csv,1,11,12,47.604871751597,47.604871751597,02,02,1,0,True,completed
14,known_visit,ACBBA,ideal,1.0,19,361,4,20,targets_20_acbba_h2_ideal,objective_tuning_target_load_pilot_25\scenarios\known_visit_g19_t20_n25.csv,2,18,14,41.719486644786016,41.719486644786016,03,03,1,0,True,completed
14,known_visit,ACBBA,ideal,1.0,19,361,4,20,targets_20_acbba_h2_ideal,objective_tuning_target_load_pilot_25\scenarios\known_visit_g19_t20_n25.csv,3,14,10,38.666306851283125,38.666306851283125,02,02,1,0,True,completed
14,known_visit,ACBBA,ideal,1.0,19,361,4,20,targets_20_acbba_h2_ideal,objective_tuning_target_load_pilot_25\scenarios\known_visit_g19_t20_n25.csv,4,11,4,32.76793286352048,32.76793286352048,00,00,1,0,True,completed
14,known_visit,ACBBA,ideal,1.0,19,361,4,20,targets_20_acbba_h2_ideal,objective_tuning_target_load_pilot_25\scenarios\known_visit_g19_t20_n25.csv,5,5,3,12.530848264278712,12.530848264278712,01,01,1,0,True,completed
14,known_visit,ACBBA,ideal,1.0,19,361,4,20,targets_20_acbba_h2_ideal,objective_tuning_target_load_pilot_25\scenarios\known_visit_g19_t20_n25.csv,6,11,5,31.164020431616162,31.164020431616162,00,00,1,0,True,completed
14,known_visit,ACBBA,ideal,1.0,19,361,4,20,targets_20_acbba_h2_ideal,objective_tuning_target_load_pilot_25\scenarios\known_visit_g19_t20_n25.csv,7,5,9,16.63802959543882,16.63802959543882,02,02,1,0,True,completed
14,known_visit,ACBBA,ideal,1.0,19,361,4,20,targets_20_acbba_h2_ideal,objective_tuning_target_load_pilot_25\scenarios\known_visit_g19_t20_n25.csv,8,11,18,21.710655420835387,21.710655420835387,03,03,1,0,True,completed
14,known_visit,ACBBA,ideal,1.0,19,361,4,20,targets_20_acbba_h2_ideal,objective_tuning_target_load_pilot_25\scenarios\known_visit_g19_t20_n25.csv,9,12,10,35.275342611943174,35.275342611943174,02,02,1,0,True,completed
14,known_visit,ACBBA,ideal,1.0,19,361,4,20,targets_20_acbba_h2_ideal,objective_tuning_target_load_pilot_25\scenarios\known_visit_g19_t20_n25.csv,10,2,9,11.232387102421207,11.232387102421207,02,02,1,0,True,completed
14,known_visit,ACBBA,ideal,1.0,19,361,4,20,targets_20_acbba_h2_ideal,objective_tuning_target_load_pilot_25\scenarios\known_visit_g19_t20_n25.csv,11,18,6,47.77347454352447,47.77347454352447,01,01,1,0,True,completed
14,known_visit,ACBBA,ideal,1.0,19,361,4,20,targets_20_acbba_h2_ideal,objective_tuning_target_load_pilot_25\scenarios\known_visit_g19_t20_n25.csv,12,18,0,56.033481250183854,56.033481250183854,00,00,1,0,True,completed
14,known_visit,ACBBA,ideal,1.0,19,361,4,20,targets_20_acbba_h2_ideal,objective_tuning_target_load_pilot_25\scenarios\known_visit_g19_t20_n25.csv,13,13,6,39.54728174481903,39.54728174481903,01,01,1,0,True,completed
14,known_visit,ACBBA,ideal,1.0,19,361,4,20,targets_20_acbba_h2_ideal,objective_tuning_target_load_pilot_25\scenarios\known_visit_g19_t20_n25.csv,14,7,8,22.19797418546767,22.19797418546767,02,02,1,0,True,completed
14,known_visit,ACBBA,ideal,1.0,19,361,4,20,targets_20_acbba_h2_ideal,objective_tuning_target_load_pilot_25\scenarios\known_visit_g19_t20_n25.csv,15,12,6,37.54686621803943,37.54686621803943,01,01,1,0,True,completed
14,known_visit,ACBBA,ideal,1.0,19,361,4,20,targets_20_acbba_h2_ideal,objective_tuning_target_load_pilot_25\scenarios\known_visit_g19_t20_n25.csv,16,0,13,0.49397453276721903,0.49397453276721903,02,02,1,0,True,completed
14,known_visit,ACBBA,ideal,1.0,19,361,4,20,targets_20_acbba_h2_ideal,objective_tuning_target_load_pilot_25\scenarios\known_visit_g19_t20_n25.csv,17,10,9,29.715325957051324,29.715325957051324,02,02,1,0,True,completed
14,known_visit,ACBBA,ideal,1.0,19,361,4,20,targets_20_acbba_h2_ideal,objective_tuning_target_load_pilot_25\scenarios\known_visit_g19_t20_n25.csv,18,14,17,29.194068677785026,29.194068677785026,03,03,1,0,True,completed
14,known_visit,ACBBA,ideal,1.0,19,361,4,20,targets_20_acbba_h2_ideal,objective_tuning_target_load_pilot_25\scenarios\known_visit_g19_t20_n25.csv,19,16,15,36.19122516837307,36.19122516837307,03,03,1,0,True,completed
14,known_visit,ACBBA,ideal,1.0,19,361,4,20,targets_20_acbba_h2_ideal,objective_tuning_target_load_pilot_25\scenarios\known_visit_g19_t20_n25.csv,20,3,4,7.155332389988167,7.155332389988167,01,01,1,0,True,completed
15,known_visit,ACBBA,ideal,1.0,19,361,4,20,targets_20_acbba_h2_ideal,objective_tuning_target_load_pilot_25\scenarios\known_visit_g19_t20_n25.csv,1,16,11,46.270149000574456,46.270149000574456,01,01,1,0,True,completed
15,known_visit,ACBBA,ideal,1.0,19,361,4,20,targets_20_acbba_h2_ideal,objective_tuning_target_load_pilot_25\scenarios\known_visit_g19_t20_n25.csv,2,7,16,14.06565648524985,14.06565648524985,03,03,2,1,True,completed
15,known_visit,ACBBA,ideal,1.0,19,361,4,20,targets_20_acbba_h2_ideal,objective_tuning_target_load_pilot_25\scenarios\known_visit_g19_t20_n25.csv,3,7,0,10.427128662205597,10.427128662205597,00,00,1,0,True,completed
15,known_visit,ACBBA,ideal,1.0,19,361,4,20,targets_20_acbba_h2_ideal,objective_tuning_target_load_pilot_25\scenarios\known_visit_g19_t20_n25.csv,4,17,18,38.52152120754025,38.52152120754025,02,02,1,0,True,completed
15,known_visit,ACBBA,ideal,1.0,19,361,4,20,targets_20_acbba_h2_ideal,objective_tuning_target_load_pilot_25\scenarios\known_visit_g19_t20_n25.csv,5,14,14,30.41463251653484,30.41463251653484,03,03,1,0,True,completed
15,known_visit,ACBBA,ideal,1.0,19,361,4,20,targets_20_acbba_h2_ideal,objective_tuning_target_load_pilot_25\scenarios\known_visit_g19_t20_n25.csv,6,16,15,35.62619931435735,35.62619931435735,03,03,1,0,True,completed
15,known_visit,ACBBA,ideal,1.0,19,361,4,20,targets_20_acbba_h2_ideal,objective_tuning_target_load_pilot_25\scenarios\known_visit_g19_t20_n25.csv,7,6,7,10.880557762104454,10.880557762104454,01,01,1,0,True,completed
15,known_visit,ACBBA,ideal,1.0,19,361,4,20,targets_20_acbba_h2_ideal,objective_tuning_target_load_pilot_25\scenarios\known_visit_g19_t20_n25.csv,8,10,3,28.96793423085825,28.96793423085825,00,00,1,0,True,completed
15,known_visit,ACBBA,ideal,1.0,19,361,4,20,targets_20_acbba_h2_ideal,objective_tuning_target_load_pilot_25\scenarios\known_visit_g19_t20_n25.csv,9,6,3,17.943652913390522,17.943652913390522,00,00,1,0,True,completed
15,known_visit,ACBBA,ideal,1.0,19,361,4,20,targets_20_acbba_h2_ideal,objective_tuning_target_load_pilot_25\scenarios\known_visit_g19_t20_n25.csv,10,6,11,17.79505541206458,17.79505541206458,01,01,1,0,True,completed
15,known_visit,ACBBA,ideal,1.0,19,361,4,20,targets_20_acbba_h2_ideal,objective_tuning_target_load_pilot_25\scenarios\known_visit_g19_t20_n25.csv,11,15,1,44.93545326878238,44.93545326878238,00,00,1,0,True,completed
15,known_visit,ACBBA,ideal,1.0,19,361,4,20,targets_20_acbba_h2_ideal,objective_tuning_target_load_pilot_25\scenarios\known_visit_g19_t20_n25.csv,12,17,1,48.58807264615092,48.58807264615092,00,00,1,0,True,completed
15,known_visit,ACBBA,ideal,1.0,19,361,4,20,targets_20_acbba_h2_ideal,objective_tuning_target_load_pilot_25\scenarios\known_visit_g19_t20_n25.csv,13,11,0,35.91194641284519,35.91194641284519,00,00,1,0,True,completed
15,known_visit,ACBBA,ideal,1.0,19,361,4,20,targets_20_acbba_h2_ideal,objective_tuning_target_load_pilot_25\scenarios\known_visit_g19_t20_n25.csv,14,1,14,4.019918033939466,4.019918033939466,02,02,1,0,True,completed
15,known_visit,ACBBA,ideal,1.0,19,361,4,20,targets_20_acbba_h2_ideal,objective_tuning_target_load_pilot_25\scenarios\known_visit_g19_t20_n25.csv,15,17,16,34.90537507565331,34.90537507565331,02,02,1,0,True,completed
15,known_visit,ACBBA,ideal,1.0,19,361,4,20,targets_20_acbba_h2_ideal,objective_tuning_target_load_pilot_25\scenarios\known_visit_g19_t20_n25.csv,16,10,16,19.347098959982844,19.347098959982844,03,03,2,1,True,completed
15,known_visit,ACBBA,ideal,1.0,19,361,4,20,targets_20_acbba_h2_ideal,objective_tuning_target_load_pilot_25\scenarios\known_visit_g19_t20_n25.csv,17,18,2,52.207500832357304,52.207500832357304,00,00,1,0,True,completed
15,known_visit,ACBBA,ideal,1.0,19,361,4,20,targets_20_acbba_h2_ideal,objective_tuning_target_load_pilot_25\scenarios\known_visit_g19_t20_n25.csv,18,10,8,30.270038591453083,30.270038591453083,01,01,1,0,True,completed
15,known_visit,ACBBA,ideal,1.0,19,361,4,20,targets_20_acbba_h2_ideal,objective_tuning_target_load_pilot_25\scenarios\known_visit_g19_t20_n25.csv,19,11,14,24.809527865825522,24.809527865825522,03,03,1,0,True,completed
15,known_visit,ACBBA,ideal,1.0,19,361,4,20,targets_20_acbba_h2_ideal,objective_tuning_target_load_pilot_25\scenarios\known_visit_g19_t20_n25.csv,20,18,11,46.123752407933964,46.123752407933964,03,03,1,0,True,completed
16,known_visit,ACBBA,ideal,1.0,19,361,4,20,targets_20_acbba_h2_ideal,objective_tuning_target_load_pilot_25\scenarios\known_visit_g19_t20_n25.csv,1,1,10,3.922004737412839,3.922004737412839,02,02,1,0,True,completed
16,known_visit,ACBBA,ideal,1.0,19,361,4,20,targets_20_acbba_h2_ideal,objective_tuning_target_load_pilot_25\scenarios\known_visit_g19_t20_n25.csv,2,4,18,5.428659637745939,5.428659637745939,03,03,1,0,True,completed
16,known_visit,ACBBA,ideal,1.0,19,361,4,20,targets_20_acbba_h2_ideal,objective_tuning_target_load_pilot_25\scenarios\known_visit_g19_t20_n25.csv,3,13,14,42.50562291608952,42.50562291608952,03,03,1,0,True,completed
16,known_visit,ACBBA,ideal,1.0,19,361,4,20,targets_20_acbba_h2_ideal,objective_tuning_target_load_pilot_25\scenarios\known_visit_g19_t20_n25.csv,4,8,2,15.738465527519192,15.738465527519192,00,00,1,0,True,completed
16,known_visit,ACBBA,ideal,1.0,19,361,4,20,targets_20_acbba_h2_ideal,objective_tuning_target_load_pilot_25\scenarios\known_visit_g19_t20_n25.csv,5,3,4,7.565459185023763,7.565459185023763,01,01,1,0,True,completed
16,known_visit,ACBBA,ideal,1.0,19,361,4,20,targets_20_acbba_h2_ideal,objective_tuning_target_load_pilot_25\scenarios\known_visit_g19_t20_n25.csv,6,15,3,34.10451092681762,34.10451092681762,00,00,1,0,True,completed
16,known_visit,ACBBA,ideal,1.0,19,361,4,20,targets_20_acbba_h2_ideal,objective_tuning_target_load_pilot_25\scenarios\known_visit_g19_t20_n25.csv,7,14,8,34.4469200059092,34.4469200059092,02,02,1,0,True,completed
16,known_visit,ACBBA,ideal,1.0,19,361,4,20,targets_20_acbba_h2_ideal,objective_tuning_target_load_pilot_25\scenarios\known_visit_g19_t20_n25.csv,8,6,0,8.724790780417802,8.724790780417802,00,00,1,0,True,completed
16,known_visit,ACBBA,ideal,1.0,19,361,4,20,targets_20_acbba_h2_ideal,objective_tuning_target_load_pilot_25\scenarios\known_visit_g19_t20_n25.csv,9,7,7,19.840338700387743,19.840338700387743,02,02,1,0,True,completed
16,known_visit,ACBBA,ideal,1.0,19,361,4,20,targets_20_acbba_h2_ideal,objective_tuning_target_load_pilot_25\scenarios\known_visit_g19_t20_n25.csv,10,14,3,32.06849716158997,32.06849716158997,00,00,1,0,True,completed
16,known_visit,ACBBA,ideal,1.0,19,361,4,20,targets_20_acbba_h2_ideal,objective_tuning_target_load_pilot_25\scenarios\known_visit_g19_t20_n25.csv,11,14,14,40.5636279909936,40.5636279909936,03,03,1,0,True,completed
16,known_visit,ACBBA,ideal,1.0,19,361,4,20,targets_20_acbba_h2_ideal,objective_tuning_target_load_pilot_25\scenarios\known_visit_g19_t20_n25.csv,12,14,13,38.79030819852737,38.79030819852737,03,03,1,0,True,completed
16,known_visit,ACBBA,ideal,1.0,19,361,4,20,targets_20_acbba_h2_ideal,objective_tuning_target_load_pilot_25\scenarios\known_visit_g19_t20_n25.csv,13,3,9,9.329556111628715,9.329556111628715,02,02,1,0,True,completed
16,known_visit,ACBBA,ideal,1.0,19,361,4,20,targets_20_acbba_h2_ideal,objective_tuning_target_load_pilot_25\scenarios\known_visit_g19_t20_n25.csv,14,5,15,12.507018443079108,12.507018443079108,03,03,1,0,True,completed
16,known_visit,ACBBA,ideal,1.0,19,361,4,20,targets_20_acbba_h2_ideal,objective_tuning_target_load_pilot_25\scenarios\known_visit_g19_t20_n25.csv,15,17,1,41.09015471546846,41.09015471546846,00,00,1,0,True,completed
16,known_visit,ACBBA,ideal,1.0,19,361,4,20,targets_20_acbba_h2_ideal,objective_tuning_target_load_pilot_25\scenarios\known_visit_g19_t20_n25.csv,16,9,11,26.62333032757688,26.62333032757688,03,03,1,0,True,completed
16,known_visit,ACBBA,ideal,1.0,19,361,4,20,targets_20_acbba_h2_ideal,objective_tuning_target_load_pilot_25\scenarios\known_visit_g19_t20_n25.csv,17,12,1,24.87675562697954,24.87675562697954,00,00,1,0,True,completed
16,known_visit,ACBBA,ideal,1.0,19,361,4,20,targets_20_acbba_h2_ideal,objective_tuning_target_load_pilot_25\scenarios\known_visit_g19_t20_n25.csv,18,14,2,30.372178501009916,30.372178501009916,00,00,1,0,True,completed
16,known_visit,ACBBA,ideal,1.0,19,361,4,20,targets_20_acbba_h2_ideal,objective_tuning_target_load_pilot_25\scenarios\known_visit_g19_t20_n25.csv,19,2,5,3.962381166287153,3.962381166287153,01,01,1,0,True,completed
16,known_visit,ACBBA,ideal,1.0,19,361,4,20,targets_20_acbba_h2_ideal,objective_tuning_target_load_pilot_25\scenarios\known_visit_g19_t20_n25.csv,20,2,4,5.649960718029595,5.649960718029595,01,01,1,0,True,completed
17,known_visit,ACBBA,ideal,1.0,19,361,4,20,targets_20_acbba_h2_ideal,objective_tuning_target_load_pilot_25\scenarios\known_visit_g19_t20_n25.csv,1,17,8,46.38927418386747,46.38927418386747,02,02,1,0,True,completed
17,known_visit,ACBBA,ideal,1.0,19,361,4,20,targets_20_acbba_h2_ideal,objective_tuning_target_load_pilot_25\scenarios\known_visit_g19_t20_n25.csv,2,3,17,5.709485071887786,5.709485071887786,03,03,1,0,True,completed
17,known_visit,ACBBA,ideal,1.0,19,361,4,20,targets_20_acbba_h2_ideal,objective_tuning_target_load_pilot_25\scenarios\known_visit_g19_t20_n25.csv,3,13,4,36.761683480941706,36.761683480941706,00,00,1,0,True,completed
17,known_visit,ACBBA,ideal,1.0,19,361,4,20,targets_20_acbba_h2_ideal,objective_tuning_target_load_pilot_25\scenarios\known_visit_g19_t20_n25.csv,4,15,14,32.22076583339409,32.22076583339409,02,02,1,0,True,completed
17,known_visit,ACBBA,ideal,1.0,19,361,4,20,targets_20_acbba_h2_ideal,objective_tuning_target_load_pilot_25\scenarios\known_visit_g19_t20_n25.csv,5,2,14,5.6846571710542655,5.6846571710542655,02,02,1,0,True,completed
17,known_visit,ACBBA,ideal,1.0,19,361,4,20,targets_20_acbba_h2_ideal,objective_tuning_target_load_pilot_25\scenarios\known_visit_g19_t20_n25.csv,6,13,3,34.85474767001559,34.85474767001559,00,00,1,0,True,completed
17,known_visit,ACBBA,ideal,1.0,19,361,4,20,targets_20_acbba_h2_ideal,objective_tuning_target_load_pilot_25\scenarios\known_visit_g19_t20_n25.csv,7,17,6,47.82493880461345,47.82493880461345,00,00,1,0,True,completed
17,known_visit,ACBBA,ideal,1.0,19,361,4,20,targets_20_acbba_h2_ideal,objective_tuning_target_load_pilot_25\scenarios\known_visit_g19_t20_n25.csv,8,13,14,28.492282210847815,28.492282210847815,02,02,1,0,True,completed
17,known_visit,ACBBA,ideal,1.0,19,361,4,20,targets_20_acbba_h2_ideal,objective_tuning_target_load_pilot_25\scenarios\known_visit_g19_t20_n25.csv,9,7,10,28.176309544203303,28.176309544203303,01,01,1,0,True,completed
17,known_visit,ACBBA,ideal,1.0,19,361,4,20,targets_20_acbba_h2_ideal,objective_tuning_target_load_pilot_25\scenarios\known_visit_g19_t20_n25.csv,10,18,0,60.08324642260233,60.08324642260233,00,00,1,0,True,completed
17,known_visit,ACBBA,ideal,1.0,19,361,4,20,targets_20_acbba_h2_ideal,objective_tuning_target_load_pilot_25\scenarios\known_visit_g19_t20_n25.csv,11,14,6,42.068341774887,42.068341774887,00,00,1,0,True,completed
17,known_visit,ACBBA,ideal,1.0,19,361,4,20,targets_20_acbba_h2_ideal,objective_tuning_target_load_pilot_25\scenarios\known_visit_g19_t20_n25.csv,12,6,1,10.921245426781796,10.921245426781796,00,00,1,0,True,completed
17,known_visit,ACBBA,ideal,1.0,19,361,4,20,targets_20_acbba_h2_ideal,objective_tuning_target_load_pilot_25\scenarios\known_visit_g19_t20_n25.csv,13,5,0,15.002295974249447,15.002295974249447,00,00,1,0,True,completed
17,known_visit,ACBBA,ideal,1.0,19,361,4,20,targets_20_acbba_h2_ideal,objective_tuning_target_load_pilot_25\scenarios\known_visit_g19_t20_n25.csv,14,9,16,18.19838401442077,18.19838401442077,03,03,1,0,True,completed
17,known_visit,ACBBA,ideal,1.0,19,361,4,20,targets_20_acbba_h2_ideal,objective_tuning_target_load_pilot_25\scenarios\known_visit_g19_t20_n25.csv,15,6,17,11.2251514926715,11.2251514926715,03,03,1,0,True,completed
17,known_visit,ACBBA,ideal,1.0,19,361,4,20,targets_20_acbba_h2_ideal,objective_tuning_target_load_pilot_25\scenarios\known_visit_g19_t20_n25.csv,16,1,5,2.2549598757393485,2.2549598757393485,01,01,1,0,True,completed
17,known_visit,ACBBA,ideal,1.0,19,361,4,20,targets_20_acbba_h2_ideal,objective_tuning_target_load_pilot_25\scenarios\known_visit_g19_t20_n25.csv,17,16,13,35.839368644764704,35.839368644764704,02,02,1,0,True,completed
17,known_visit,ACBBA,ideal,1.0,19,361,4,20,targets_20_acbba_h2_ideal,objective_tuning_target_load_pilot_25\scenarios\known_visit_g19_t20_n25.csv,18,13,18,29.13147558080613,29.13147558080613,03,03,1,0,True,completed
17,known_visit,ACBBA,ideal,1.0,19,361,4,20,targets_20_acbba_h2_ideal,objective_tuning_target_load_pilot_25\scenarios\known_visit_g19_t20_n25.csv,19,2,1,3.9790787728980663,3.9790787728980663,00,00,1,0,True,completed
17,known_visit,ACBBA,ideal,1.0,19,361,4,20,targets_20_acbba_h2_ideal,objective_tuning_target_load_pilot_25\scenarios\known_visit_g19_t20_n25.csv,20,12,1,29.5467465043683,29.5467465043683,00,00,1,0,True,completed
18,known_visit,ACBBA,ideal,1.0,19,361,4,20,targets_20_acbba_h2_ideal,objective_tuning_target_load_pilot_25\scenarios\known_visit_g19_t20_n25.csv,1,12,13,32.02727284673986,32.02727284673986,03,03,1,0,True,completed
18,known_visit,ACBBA,ideal,1.0,19,361,4,20,targets_20_acbba_h2_ideal,objective_tuning_target_load_pilot_25\scenarios\known_visit_g19_t20_n25.csv,2,4,12,5.184610026963918,5.184610026963918,02,02,1,0,True,completed
18,known_visit,ACBBA,ideal,1.0,19,361,4,20,targets_20_acbba_h2_ideal,objective_tuning_target_load_pilot_25\scenarios\known_visit_g19_t20_n25.csv,3,3,14,10.93990191016472,10.93990191016472,02,02,1,0,True,completed
18,known_visit,ACBBA,ideal,1.0,19,361,4,20,targets_20_acbba_h2_ideal,objective_tuning_target_load_pilot_25\scenarios\known_visit_g19_t20_n25.csv,4,18,2,47.49029130080406,47.49029130080406,00,00,1,0,True,completed
18,known_visit,ACBBA,ideal,1.0,19,361,4,20,targets_20_acbba_h2_ideal,objective_tuning_target_load_pilot_25\scenarios\known_visit_g19_t20_n25.csv,5,3,12,3.5138455693922457,3.5138455693922457,02,02,1,0,True,completed
18,known_visit,ACBBA,ideal,1.0,19,361,4,20,targets_20_acbba_h2_ideal,objective_tuning_target_load_pilot_25\scenarios\known_visit_g19_t20_n25.csv,6,3,0,3.6699725315963523,3.6699725315963523,00,00,1,0,True,completed
18,known_visit,ACBBA,ideal,1.0,19,361,4,20,targets_20_acbba_h2_ideal,objective_tuning_target_load_pilot_25\scenarios\known_visit_g19_t20_n25.csv,7,9,15,23.084517007708563,23.084517007708563,03,03,1,0,True,completed
18,known_visit,ACBBA,ideal,1.0,19,361,4,20,targets_20_acbba_h2_ideal,objective_tuning_target_load_pilot_25\scenarios\known_visit_g19_t20_n25.csv,8,10,18,15.554971911997413,15.554971911997413,03,03,1,0,True,completed
18,known_visit,ACBBA,ideal,1.0,19,361,4,20,targets_20_acbba_h2_ideal,objective_tuning_target_load_pilot_25\scenarios\known_visit_g19_t20_n25.csv,9,4,7,11.69894132257393,11.69894132257393,01,01,1,0,True,completed
18,known_visit,ACBBA,ideal,1.0,19,361,4,20,targets_20_acbba_h2_ideal,objective_tuning_target_load_pilot_25\scenarios\known_visit_g19_t20_n25.csv,10,12,5,27.911834050824318,27.911834050824318,00,00,1,0,True,completed
18,known_visit,ACBBA,ideal,1.0,19,361,4,20,targets_20_acbba_h2_ideal,objective_tuning_target_load_pilot_25\scenarios\known_visit_g19_t20_n25.csv,11,16,16,44.33634388969561,44.33634388969561,03,03,1,0,True,completed
18,known_visit,ACBBA,ideal,1.0,19,361,4,20,targets_20_acbba_h2_ideal,objective_tuning_target_load_pilot_25\scenarios\known_visit_g19_t20_n25.csv,12,0,5,0.46013711253073974,0.46013711253073974,01,01,1,0,True,completed
18,known_visit,ACBBA,ideal,1.0,19,361,4,20,targets_20_acbba_h2_ideal,objective_tuning_target_load_pilot_25\scenarios\known_visit_g19_t20_n25.csv,13,13,10,32.75553249668922,32.75553249668922,01,01,1,0,True,completed
18,known_visit,ACBBA,ideal,1.0,19,361,4,20,targets_20_acbba_h2_ideal,objective_tuning_target_load_pilot_25\scenarios\known_visit_g19_t20_n25.csv,14,7,5,19.12310102387704,19.12310102387704,00,00,1,0,True,completed
18,known_visit,ACBBA,ideal,1.0,19,361,4,20,targets_20_acbba_h2_ideal,objective_tuning_target_load_pilot_25\scenarios\known_visit_g19_t20_n25.csv,15,15,13,37.20929420953119,37.20929420953119,03,03,1,0,True,completed
18,known_visit,ACBBA,ideal,1.0,19,361,4,20,targets_20_acbba_h2_ideal,objective_tuning_target_load_pilot_25\scenarios\known_visit_g19_t20_n25.csv,16,16,6,36.58099109811838,36.58099109811838,00,00,1,0,True,completed
18,known_visit,ACBBA,ideal,1.0,19,361,4,20,targets_20_acbba_h2_ideal,objective_tuning_target_load_pilot_25\scenarios\known_visit_g19_t20_n25.csv,17,9,9,24.03179715424619,24.03179715424619,01,01,1,0,True,completed
18,known_visit,ACBBA,ideal,1.0,19,361,4,20,targets_20_acbba_h2_ideal,objective_tuning_target_load_pilot_25\scenarios\known_visit_g19_t20_n25.csv,18,11,13,30.37810672123377,30.37810672123377,03,03,1,0,True,completed
18,known_visit,ACBBA,ideal,1.0,19,361,4,20,targets_20_acbba_h2_ideal,objective_tuning_target_load_pilot_25\scenarios\known_visit_g19_t20_n25.csv,19,5,9,17.01546912112301,17.01546912112301,01,01,1,0,True,completed
18,known_visit,ACBBA,ideal,1.0,19,361,4,20,targets_20_acbba_h2_ideal,objective_tuning_target_load_pilot_25\scenarios\known_visit_g19_t20_n25.csv,20,2,7,7.899572613994158,7.899572613994158,01,01,1,0,True,completed
19,known_visit,ACBBA,ideal,1.0,19,361,4,20,targets_20_acbba_h2_ideal,objective_tuning_target_load_pilot_25\scenarios\known_visit_g19_t20_n25.csv,1,6,15,14.869493191287358,14.869493191287358,02,02,1,0,True,completed
19,known_visit,ACBBA,ideal,1.0,19,361,4,20,targets_20_acbba_h2_ideal,objective_tuning_target_load_pilot_25\scenarios\known_visit_g19_t20_n25.csv,2,9,9,31.297577851749733,31.297577851749733,02,02,1,0,True,completed
19,known_visit,ACBBA,ideal,1.0,19,361,4,20,targets_20_acbba_h2_ideal,objective_tuning_target_load_pilot_25\scenarios\known_visit_g19_t20_n25.csv,3,16,2,45.18654038022408,45.18654038022408,00,00,1,0,True,completed
19,known_visit,ACBBA,ideal,1.0,19,361,4,20,targets_20_acbba_h2_ideal,objective_tuning_target_load_pilot_25\scenarios\known_visit_g19_t20_n25.csv,4,9,4,25.326384863627652,25.326384863627652,00,00,1,0,True,completed
19,known_visit,ACBBA,ideal,1.0,19,361,4,20,targets_20_acbba_h2_ideal,objective_tuning_target_load_pilot_25\scenarios\known_visit_g19_t20_n25.csv,5,4,13,7.53563222080187,7.53563222080187,02,02,1,0,True,completed
19,known_visit,ACBBA,ideal,1.0,19,361,4,20,targets_20_acbba_h2_ideal,objective_tuning_target_load_pilot_25\scenarios\known_visit_g19_t20_n25.csv,6,8,13,22.069246595526558,22.069246595526558,02,02,1,0,True,completed
19,known_visit,ACBBA,ideal,1.0,19,361,4,20,targets_20_acbba_h2_ideal,objective_tuning_target_load_pilot_25\scenarios\known_visit_g19_t20_n25.csv,7,4,17,7.755140930933578,7.755140930933578,03,03,1,0,True,completed
19,known_visit,ACBBA,ideal,1.0,19,361,4,20,targets_20_acbba_h2_ideal,objective_tuning_target_load_pilot_25\scenarios\known_visit_g19_t20_n25.csv,8,10,1,17.88145614489303,17.88145614489303,00,00,1,0,True,completed
19,known_visit,ACBBA,ideal,1.0,19,361,4,20,targets_20_acbba_h2_ideal,objective_tuning_target_load_pilot_25\scenarios\known_visit_g19_t20_n25.csv,9,4,16,9.732411116413095,9.732411116413095,03,03,1,0,True,completed
19,known_visit,ACBBA,ideal,1.0,19,361,4,20,targets_20_acbba_h2_ideal,objective_tuning_target_load_pilot_25\scenarios\known_visit_g19_t20_n25.csv,10,5,7,23.214740945892064,23.214740945892064,01,01,1,0,True,completed
19,known_visit,ACBBA,ideal,1.0,19,361,4,20,targets_20_acbba_h2_ideal,objective_tuning_target_load_pilot_25\scenarios\known_visit_g19_t20_n25.csv,11,0,9,3.7576689168358377,3.7576689168358377,01,01,1,0,True,completed
19,known_visit,ACBBA,ideal,1.0,19,361,4,20,targets_20_acbba_h2_ideal,objective_tuning_target_load_pilot_25\scenarios\known_visit_g19_t20_n25.csv,12,1,11,9.197112658575023,9.197112658575023,01,01,1,0,True,completed
19,known_visit,ACBBA,ideal,1.0,19,361,4,20,targets_20_acbba_h2_ideal,objective_tuning_target_load_pilot_25\scenarios\known_visit_g19_t20_n25.csv,13,0,13,0.4422107229785983,0.4422107229785983,02,02,1,0,True,completed
19,known_visit,ACBBA,ideal,1.0,19,361,4,20,targets_20_acbba_h2_ideal,objective_tuning_target_load_pilot_25\scenarios\known_visit_g19_t20_n25.csv,14,17,13,39.43811637761388,39.43811637761388,03,03,1,0,True,completed
19,known_visit,ACBBA,ideal,1.0,19,361,4,20,targets_20_acbba_h2_ideal,objective_tuning_target_load_pilot_25\scenarios\known_visit_g19_t20_n25.csv,15,5,16,11.653901798028256,11.653901798028256,03,03,1,0,True,completed
19,known_visit,ACBBA,ideal,1.0,19,361,4,20,targets_20_acbba_h2_ideal,objective_tuning_target_load_pilot_25\scenarios\known_visit_g19_t20_n25.csv,16,12,13,30.571498788167464,30.571498788167464,03,03,1,0,True,completed
19,known_visit,ACBBA,ideal,1.0,19,361,4,20,targets_20_acbba_h2_ideal,objective_tuning_target_load_pilot_25\scenarios\known_visit_g19_t20_n25.csv,17,12,8,37.58823908242466,37.58823908242466,01,01,1,0,True,completed
19,known_visit,ACBBA,ideal,1.0,19,361,4,20,targets_20_acbba_h2_ideal,objective_tuning_target_load_pilot_25\scenarios\known_visit_g19_t20_n25.csv,18,9,1,16.179241427287565,16.179241427287565,00,00,1,0,True,completed
19,known_visit,ACBBA,ideal,1.0,19,361,4,20,targets_20_acbba_h2_ideal,objective_tuning_target_load_pilot_25\scenarios\known_visit_g19_t20_n25.csv,19,10,2,19.819166979108687,19.819166979108687,00,00,1,0,True,completed
19,known_visit,ACBBA,ideal,1.0,19,361,4,20,targets_20_acbba_h2_ideal,objective_tuning_target_load_pilot_25\scenarios\known_visit_g19_t20_n25.csv,20,16,3,43.565300615609196,43.565300615609196,00,00,1,0,True,completed
20,known_visit,ACBBA,ideal,1.0,19,361,4,20,targets_20_acbba_h2_ideal,objective_tuning_target_load_pilot_25\scenarios\known_visit_g19_t20_n25.csv,1,1,18,0.12465004190899699,0.12465004190899699,03,03,1,0,True,completed
20,known_visit,ACBBA,ideal,1.0,19,361,4,20,targets_20_acbba_h2_ideal,objective_tuning_target_load_pilot_25\scenarios\known_visit_g19_t20_n25.csv,2,13,1,44.918204337532295,44.918204337532295,01,01,1,0,True,completed
20,known_visit,ACBBA,ideal,1.0,19,361,4,20,targets_20_acbba_h2_ideal,objective_tuning_target_load_pilot_25\scenarios\known_visit_g19_t20_n25.csv,3,6,8,23.20802757965142,23.20802757965142,00,00,1,0,True,completed
20,known_visit,ACBBA,ideal,1.0,19,361,4,20,targets_20_acbba_h2_ideal,objective_tuning_target_load_pilot_25\scenarios\known_visit_g19_t20_n25.csv,4,14,3,39.44873924359017,39.44873924359017,01,01,1,0,True,completed
20,known_visit,ACBBA,ideal,1.0,19,361,4,20,targets_20_acbba_h2_ideal,objective_tuning_target_load_pilot_25\scenarios\known_visit_g19_t20_n25.csv,5,3,15,8.947592856275458,8.947592856275458,02,02,1,0,True,completed
20,known_visit,ACBBA,ideal,1.0,19,361,4,20,targets_20_acbba_h2_ideal,objective_tuning_target_load_pilot_25\scenarios\known_visit_g19_t20_n25.csv,6,1,7,2.31763696512184,2.31763696512184,01,01,1,0,True,completed
20,known_visit,ACBBA,ideal,1.0,19,361,4,20,targets_20_acbba_h2_ideal,objective_tuning_target_load_pilot_25\scenarios\known_visit_g19_t20_n25.csv,7,1,4,7.3691656751115975,7.3691656751115975,00,00,1,0,True,completed
20,known_visit,ACBBA,ideal,1.0,19,361,4,20,targets_20_acbba_h2_ideal,objective_tuning_target_load_pilot_25\scenarios\known_visit_g19_t20_n25.csv,8,15,13,34.43091005623685,34.43091005623685,03,03,1,0,True,completed
20,known_visit,ACBBA,ideal,1.0,19,361,4,20,targets_20_acbba_h2_ideal,objective_tuning_target_load_pilot_25\scenarios\known_visit_g19_t20_n25.csv,9,7,5,20.599709796156425,20.599709796156425,01,01,1,0,True,completed
20,known_visit,ACBBA,ideal,1.0,19,361,4,20,targets_20_acbba_h2_ideal,objective_tuning_target_load_pilot_25\scenarios\known_visit_g19_t20_n25.csv,10,17,2,57.680156066625145,57.680156066625145,01,01,1,0,True,completed
20,known_visit,ACBBA,ideal,1.0,19,361,4,20,targets_20_acbba_h2_ideal,objective_tuning_target_load_pilot_25\scenarios\known_visit_g19_t20_n25.csv,11,13,9,37.426214147833605,37.426214147833605,00,00,1,0,True,completed
20,known_visit,ACBBA,ideal,1.0,19,361,4,20,targets_20_acbba_h2_ideal,objective_tuning_target_load_pilot_25\scenarios\known_visit_g19_t20_n25.csv,12,12,8,33.793647673593625,33.793647673593625,00,00,1,0,True,completed
20,known_visit,ACBBA,ideal,1.0,19,361,4,20,targets_20_acbba_h2_ideal,objective_tuning_target_load_pilot_25\scenarios\known_visit_g19_t20_n25.csv,13,4,17,7.184506726389325,7.184506726389325,03,03,1,0,True,completed
20,known_visit,ACBBA,ideal,1.0,19,361,4,20,targets_20_acbba_h2_ideal,objective_tuning_target_load_pilot_25\scenarios\known_visit_g19_t20_n25.csv,14,11,16,20.968741322075328,20.968741322075328,03,03,1,0,True,completed
20,known_visit,ACBBA,ideal,1.0,19,361,4,20,targets_20_acbba_h2_ideal,objective_tuning_target_load_pilot_25\scenarios\known_visit_g19_t20_n25.csv,15,4,15,10.993087520337854,10.993087520337854,02,02,1,0,True,completed
20,known_visit,ACBBA,ideal,1.0,19,361,4,20,targets_20_acbba_h2_ideal,objective_tuning_target_load_pilot_25\scenarios\known_visit_g19_t20_n25.csv,16,1,5,9.142899792872937,9.142899792872937,00,00,1,0,True,completed
20,known_visit,ACBBA,ideal,1.0,19,361,4,20,targets_20_acbba_h2_ideal,objective_tuning_target_load_pilot_25\scenarios\known_visit_g19_t20_n25.csv,17,13,12,35.50987491010889,35.50987491010889,02,02,1,0,True,completed
20,known_visit,ACBBA,ideal,1.0,19,361,4,20,targets_20_acbba_h2_ideal,objective_tuning_target_load_pilot_25\scenarios\known_visit_g19_t20_n25.csv,18,9,16,17.453218878170826,17.453218878170826,03,03,1,0,True,completed
20,known_visit,ACBBA,ideal,1.0,19,361,4,20,targets_20_acbba_h2_ideal,objective_tuning_target_load_pilot_25\scenarios\known_visit_g19_t20_n25.csv,19,3,4,11.817042472948318,11.817042472948318,01,01,1,0,True,completed
20,known_visit,ACBBA,ideal,1.0,19,361,4,20,targets_20_acbba_h2_ideal,objective_tuning_target_load_pilot_25\scenarios\known_visit_g19_t20_n25.csv,20,14,14,29.995591240924643,29.995591240924643,02,02,1,0,True,completed
21,known_visit,ACBBA,ideal,1.0,19,361,4,20,targets_20_acbba_h2_ideal,objective_tuning_target_load_pilot_25\scenarios\known_visit_g19_t20_n25.csv,1,0,1,0.42507864954731134,0.42507864954731134,00,00,1,0,True,completed
21,known_visit,ACBBA,ideal,1.0,19,361,4,20,targets_20_acbba_h2_ideal,objective_tuning_target_load_pilot_25\scenarios\known_visit_g19_t20_n25.csv,2,0,11,0.6599752343182073,0.6599752343182073,02,02,1,0,True,completed
21,known_visit,ACBBA,ideal,1.0,19,361,4,20,targets_20_acbba_h2_ideal,objective_tuning_target_load_pilot_25\scenarios\known_visit_g19_t20_n25.csv,3,2,4,9.159945909634233,9.159945909634233,00,00,1,0,True,completed
21,known_visit,ACBBA,ideal,1.0,19,361,4,20,targets_20_acbba_h2_ideal,objective_tuning_target_load_pilot_25\scenarios\known_visit_g19_t20_n25.csv,4,18,8,48.756836062798364,48.756836062798364,02,02,1,0,True,completed
21,known_visit,ACBBA,ideal,1.0,19,361,4,20,targets_20_acbba_h2_ideal,objective_tuning_target_load_pilot_25\scenarios\known_visit_g19_t20_n25.csv,5,11,3,33.81376587250546,33.81376587250546,01,01,1,0,True,completed
21,known_visit,ACBBA,ideal,1.0,19,361,4,20,targets_20_acbba_h2_ideal,objective_tuning_target_load_pilot_25\scenarios\known_visit_g19_t20_n25.csv,6,5,9,12.827450409210938,12.827450409210938,02,02,1,0,True,completed
21,known_visit,ACBBA,ideal,1.0,19,361,4,20,targets_20_acbba_h2_ideal,objective_tuning_target_load_pilot_25\scenarios\known_visit_g19_t20_n25.csv,7,0,10,2.314107224236324,2.314107224236324,02,02,1,0,True,completed
21,known_visit,ACBBA,ideal,1.0,19,361,4,20,targets_20_acbba_h2_ideal,objective_tuning_target_load_pilot_25\scenarios\known_visit_g19_t20_n25.csv,8,10,8,23.31110443987435,23.31110443987435,01,01,1,0,True,completed
21,known_visit,ACBBA,ideal,1.0,19,361,4,20,targets_20_acbba_h2_ideal,objective_tuning_target_load_pilot_25\scenarios\known_visit_g19_t20_n25.csv,9,0,17,0.4656507492388966,0.4656507492388966,03,03,1,0,True,completed
21,known_visit,ACBBA,ideal,1.0,19,361,4,20,targets_20_acbba_h2_ideal,objective_tuning_target_load_pilot_25\scenarios\known_visit_g19_t20_n25.csv,10,14,4,41.35612295067901,41.35612295067901,01,01,1,0,True,completed
21,known_visit,ACBBA,ideal,1.0,19,361,4,20,targets_20_acbba_h2_ideal,objective_tuning_target_load_pilot_25\scenarios\known_visit_g19_t20_n25.csv,11,5,8,14.905961407536854,14.905961407536854,01,01,1,0,True,completed
21,known_visit,ACBBA,ideal,1.0,19,361,4,20,targets_20_acbba_h2_ideal,objective_tuning_target_load_pilot_25\scenarios\known_visit_g19_t20_n25.csv,12,0,7,4.026986584464029,4.026986584464029,01,01,1,0,True,completed
21,known_visit,ACBBA,ideal,1.0,19,361,4,20,targets_20_acbba_h2_ideal,objective_tuning_target_load_pilot_25\scenarios\known_visit_g19_t20_n25.csv,13,0,3,3.8377944511866735,3.8377944511866735,00,00,1,0,True,completed
21,known_visit,ACBBA,ideal,1.0,19,361,4,20,targets_20_acbba_h2_ideal,objective_tuning_target_load_pilot_25\scenarios\known_visit_g19_t20_n25.csv,14,17,7,61.194203697351725,61.194203697351725,00,00,1,0,True,completed
21,known_visit,ACBBA,ideal,1.0,19,361,4,20,targets_20_acbba_h2_ideal,objective_tuning_target_load_pilot_25\scenarios\known_visit_g19_t20_n25.csv,15,1,0,18.46014357929993,18.46014357929993,00,00,1,0,True,completed
21,known_visit,ACBBA,ideal,1.0,19,361,4,20,targets_20_acbba_h2_ideal,objective_tuning_target_load_pilot_25\scenarios\known_visit_g19_t20_n25.csv,16,12,0,37.653066615257536,37.653066615257536,00,00,1,0,True,completed
21,known_visit,ACBBA,ideal,1.0,19,361,4,20,targets_20_acbba_h2_ideal,objective_tuning_target_load_pilot_25\scenarios\known_visit_g19_t20_n25.csv,17,12,18,29.68609763890334,29.68609763890334,03,03,1,0,True,completed
21,known_visit,ACBBA,ideal,1.0,19,361,4,20,targets_20_acbba_h2_ideal,objective_tuning_target_load_pilot_25\scenarios\known_visit_g19_t20_n25.csv,18,6,11,18.228990089097636,18.228990089097636,02,02,1,0,True,completed
21,known_visit,ACBBA,ideal,1.0,19,361,4,20,targets_20_acbba_h2_ideal,objective_tuning_target_load_pilot_25\scenarios\known_visit_g19_t20_n25.csv,19,18,7,63.27433321246658,63.27433321246658,00,00,1,0,True,completed
21,known_visit,ACBBA,ideal,1.0,19,361,4,20,targets_20_acbba_h2_ideal,objective_tuning_target_load_pilot_25\scenarios\known_visit_g19_t20_n25.csv,20,1,6,0.18983074934501937,0.18983074934501937,01,01,1,0,True,completed
22,known_visit,ACBBA,ideal,1.0,19,361,4,20,targets_20_acbba_h2_ideal,objective_tuning_target_load_pilot_25\scenarios\known_visit_g19_t20_n25.csv,1,13,4,39.87161910163226,39.87161910163226,01,01,1,0,True,completed
22,known_visit,ACBBA,ideal,1.0,19,361,4,20,targets_20_acbba_h2_ideal,objective_tuning_target_load_pilot_25\scenarios\known_visit_g19_t20_n25.csv,2,7,6,25.566060557499522,25.566060557499522,01,01,1,0,True,completed
22,known_visit,ACBBA,ideal,1.0,19,361,4,20,targets_20_acbba_h2_ideal,objective_tuning_target_load_pilot_25\scenarios\known_visit_g19_t20_n25.csv,3,5,18,14.819279892626927,14.819279892626927,03,03,1,0,True,completed
22,known_visit,ACBBA,ideal,1.0,19,361,4,20,targets_20_acbba_h2_ideal,objective_tuning_target_load_pilot_25\scenarios\known_visit_g19_t20_n25.csv,4,15,7,37.50310240701318,37.50310240701318,02,02,1,0,True,completed
22,known_visit,ACBBA,ideal,1.0,19,361,4,20,targets_20_acbba_h2_ideal,objective_tuning_target_load_pilot_25\scenarios\known_visit_g19_t20_n25.csv,5,11,4,36.34212135377472,36.34212135377472,01,01,1,0,True,completed
22,known_visit,ACBBA,ideal,1.0,19,361,4,20,targets_20_acbba_h2_ideal,objective_tuning_target_load_pilot_25\scenarios\known_visit_g19_t20_n25.csv,6,5,9,12.125502931210793,12.125502931210793,02,02,1,0,True,completed
22,known_visit,ACBBA,ideal,1.0,19,361,4,20,targets_20_acbba_h2_ideal,objective_tuning_target_load_pilot_25\scenarios\known_visit_g19_t20_n25.csv,7,12,7,32.08100862489367,32.08100862489367,02,02,1,0,True,completed
22,known_visit,ACBBA,ideal,1.0,19,361,4,20,targets_20_acbba_h2_ideal,objective_tuning_target_load_pilot_25\scenarios\known_visit_g19_t20_n25.csv,8,2,12,1.7429943466086932,1.7429943466086932,02,02,1,0,True,completed
22,known_visit,ACBBA,ideal,1.0,19,361,4,20,targets_20_acbba_h2_ideal,objective_tuning_target_load_pilot_25\scenarios\known_visit_g19_t20_n25.csv,9,14,13,39.173785797268664,39.173785797268664,03,03,1,0,True,completed
22,known_visit,ACBBA,ideal,1.0,19,361,4,20,targets_20_acbba_h2_ideal,objective_tuning_target_load_pilot_25\scenarios\known_visit_g19_t20_n25.csv,10,2,2,5.542674337749627,5.542674337749627,00,00,1,0,True,completed
22,known_visit,ACBBA,ideal,1.0,19,361,4,20,targets_20_acbba_h2_ideal,objective_tuning_target_load_pilot_25\scenarios\known_visit_g19_t20_n25.csv,11,2,16,5.775660599518502,5.775660599518502,03,03,1,0,True,completed
22,known_visit,ACBBA,ideal,1.0,19,361,4,20,targets_20_acbba_h2_ideal,objective_tuning_target_load_pilot_25\scenarios\known_visit_g19_t20_n25.csv,12,8,10,19.67656668011787,19.67656668011787,02,02,1,0,True,completed
22,known_visit,ACBBA,ideal,1.0,19,361,4,20,targets_20_acbba_h2_ideal,objective_tuning_target_load_pilot_25\scenarios\known_visit_g19_t20_n25.csv,13,16,12,44.65901735067937,44.65901735067937,03,03,1,0,True,completed
22,known_visit,ACBBA,ideal,1.0,19,361,4,20,targets_20_acbba_h2_ideal,objective_tuning_target_load_pilot_25\scenarios\known_visit_g19_t20_n25.csv,14,4,12,5.006540412720757,5.006540412720757,02,02,1,0,True,completed
22,known_visit,ACBBA,ideal,1.0,19,361,4,20,targets_20_acbba_h2_ideal,objective_tuning_target_load_pilot_25\scenarios\known_visit_g19_t20_n25.csv,15,5,1,13.032773086283747,13.032773086283747,00,00,1,0,True,completed
22,known_visit,ACBBA,ideal,1.0,19,361,4,20,targets_20_acbba_h2_ideal,objective_tuning_target_load_pilot_25\scenarios\known_visit_g19_t20_n25.csv,16,8,6,27.608880939112733,27.608880939112733,01,01,1,0,True,completed
22,known_visit,ACBBA,ideal,1.0,19,361,4,20,targets_20_acbba_h2_ideal,objective_tuning_target_load_pilot_25\scenarios\known_visit_g19_t20_n25.csv,17,9,2,22.326676720088713,22.326676720088713,00,00,1,0,True,completed
22,known_visit,ACBBA,ideal,1.0,19,361,4,20,targets_20_acbba_h2_ideal,objective_tuning_target_load_pilot_25\scenarios\known_visit_g19_t20_n25.csv,18,9,0,29.932281438768285,29.932281438768285,00,00,1,0,True,completed
22,known_visit,ACBBA,ideal,1.0,19,361,4,20,targets_20_acbba_h2_ideal,objective_tuning_target_load_pilot_25\scenarios\known_visit_g19_t20_n25.csv,19,0,9,3.7578577718498845,3.7578577718498845,01,01,1,0,True,completed
22,known_visit,ACBBA,ideal,1.0,19,361,4,20,targets_20_acbba_h2_ideal,objective_tuning_target_load_pilot_25\scenarios\known_visit_g19_t20_n25.csv,20,14,12,40.96186761818713,40.96186761818713,03,03,1,0,True,completed
23,known_visit,ACBBA,ideal,1.0,19,361,4,20,targets_20_acbba_h2_ideal,objective_tuning_target_load_pilot_25\scenarios\known_visit_g19_t20_n25.csv,1,14,4,33.83023922419136,33.83023922419136,00,00,1,0,True,completed
23,known_visit,ACBBA,ideal,1.0,19,361,4,20,targets_20_acbba_h2_ideal,objective_tuning_target_load_pilot_25\scenarios\known_visit_g19_t20_n25.csv,2,4,17,7.252996588894841,7.252996588894841,03,03,1,0,True,completed
23,known_visit,ACBBA,ideal,1.0,19,361,4,20,targets_20_acbba_h2_ideal,objective_tuning_target_load_pilot_25\scenarios\known_visit_g19_t20_n25.csv,3,17,5,54.14526125008401,54.14526125008401,03,03,1,0,True,completed
23,known_visit,ACBBA,ideal,1.0,19,361,4,20,targets_20_acbba_h2_ideal,objective_tuning_target_load_pilot_25\scenarios\known_visit_g19_t20_n25.csv,4,8,9,21.69422210930341,21.69422210930341,01,01,1,0,True,completed
23,known_visit,ACBBA,ideal,1.0,19,361,4,20,targets_20_acbba_h2_ideal,objective_tuning_target_load_pilot_25\scenarios\known_visit_g19_t20_n25.csv,5,7,11,19.940381268658296,19.940381268658296,02,02,1,0,True,completed
23,known_visit,ACBBA,ideal,1.0,19,361,4,20,targets_20_acbba_h2_ideal,objective_tuning_target_load_pilot_25\scenarios\known_visit_g19_t20_n25.csv,6,14,12,33.66952412401126,33.66952412401126,02,02,1,0,True,completed
23,known_visit,ACBBA,ideal,1.0,19,361,4,20,targets_20_acbba_h2_ideal,objective_tuning_target_load_pilot_25\scenarios\known_visit_g19_t20_n25.csv,7,1,1,2.115732836330113,2.115732836330113,00,00,1,0,True,completed
23,known_visit,ACBBA,ideal,1.0,19,361,4,20,targets_20_acbba_h2_ideal,objective_tuning_target_load_pilot_25\scenarios\known_visit_g19_t20_n25.csv,8,5,12,14.34847378598679,14.34847378598679,02,02,1,0,True,completed
23,known_visit,ACBBA,ideal,1.0,19,361,4,20,targets_20_acbba_h2_ideal,objective_tuning_target_load_pilot_25\scenarios\known_visit_g19_t20_n25.csv,9,14,2,37.488924754011826,37.488924754011826,00,00,1,0,True,completed
23,known_visit,ACBBA,ideal,1.0,19,361,4,20,targets_20_acbba_h2_ideal,objective_tuning_target_load_pilot_25\scenarios\known_visit_g19_t20_n25.csv,10,14,16,26.30290037925578,26.30290037925578,03,03,1,0,True,completed
23,known_visit,ACBBA,ideal,1.0,19,361,4,20,targets_20_acbba_h2_ideal,objective_tuning_target_load_pilot_25\scenarios\known_visit_g19_t20_n25.csv,11,9,4,25.071536028791083,25.071536028791083,00,00,1,0,True,completed
23,known_visit,ACBBA,ideal,1.0,19,361,4,20,targets_20_acbba_h2_ideal,objective_tuning_target_load_pilot_25\scenarios\known_visit_g19_t20_n25.csv,12,10,9,25.220340147523437,25.220340147523437,01,01,1,0,True,completed
23,known_visit,ACBBA,ideal,1.0,19,361,4,20,targets_20_acbba_h2_ideal,objective_tuning_target_load_pilot_25\scenarios\known_visit_g19_t20_n25.csv,13,0,5,0.5095021945275511,0.5095021945275511,01,01,1,0,True,completed
23,known_visit,ACBBA,ideal,1.0,19,361,4,20,targets_20_acbba_h2_ideal,objective_tuning_target_load_pilot_25\scenarios\known_visit_g19_t20_n25.csv,14,18,16,33.056682158911435,33.056682158911435,03,03,1,0,True,completed
23,known_visit,ACBBA,ideal,1.0,19,361,4,20,targets_20_acbba_h2_ideal,objective_tuning_target_load_pilot_25\scenarios\known_visit_g19_t20_n25.csv,15,6,5,17.893593584539744,17.893593584539744,00,00,1,0,True,completed
23,known_visit,ACBBA,ideal,1.0,19,361,4,20,targets_20_acbba_h2_ideal,objective_tuning_target_load_pilot_25\scenarios\known_visit_g19_t20_n25.csv,16,2,7,7.994291619477229,7.994291619477229,01,01,1,0,True,completed
23,known_visit,ACBBA,ideal,1.0,19,361,4,20,targets_20_acbba_h2_ideal,objective_tuning_target_load_pilot_25\scenarios\known_visit_g19_t20_n25.csv,17,16,0,44.58860184456373,44.58860184456373,00,00,1,0,True,completed
23,known_visit,ACBBA,ideal,1.0,19,361,4,20,targets_20_acbba_h2_ideal,objective_tuning_target_load_pilot_25\scenarios\known_visit_g19_t20_n25.csv,18,1,14,3.7654715251862716,3.7654715251862716,02,02,1,0,True,completed
23,known_visit,ACBBA,ideal,1.0,19,361,4,20,targets_20_acbba_h2_ideal,objective_tuning_target_load_pilot_25\scenarios\known_visit_g19_t20_n25.csv,19,17,6,49.712749756688154,49.712749756688154,02,02,1,0,True,completed
23,known_visit,ACBBA,ideal,1.0,19,361,4,20,targets_20_acbba_h2_ideal,objective_tuning_target_load_pilot_25\scenarios\known_visit_g19_t20_n25.csv,20,13,8,32.32604553097181,32.32604553097181,01,01,1,0,True,completed
24,known_visit,ACBBA,ideal,1.0,19,361,4,20,targets_20_acbba_h2_ideal,objective_tuning_target_load_pilot_25\scenarios\known_visit_g19_t20_n25.csv,1,18,2,51.600315185861604,51.600315185861604,00,00,1,0,True,completed
24,known_visit,ACBBA,ideal,1.0,19,361,4,20,targets_20_acbba_h2_ideal,objective_tuning_target_load_pilot_25\scenarios\known_visit_g19_t20_n25.csv,2,8,7,25.52656970436485,25.52656970436485,00,00,1,0,True,completed
24,known_visit,ACBBA,ideal,1.0,19,361,4,20,targets_20_acbba_h2_ideal,objective_tuning_target_load_pilot_25\scenarios\known_visit_g19_t20_n25.csv,3,4,9,10.924776401022704,10.924776401022704,01,01,1,0,True,completed
24,known_visit,ACBBA,ideal,1.0,19,361,4,20,targets_20_acbba_h2_ideal,objective_tuning_target_load_pilot_25\scenarios\known_visit_g19_t20_n25.csv,4,5,16,11.14916119058545,11.14916119058545,03,03,1,0,True,completed
24,known_visit,ACBBA,ideal,1.0,19,361,4,20,targets_20_acbba_h2_ideal,objective_tuning_target_load_pilot_25\scenarios\known_visit_g19_t20_n25.csv,5,4,12,5.243463677520754,5.243463677520754,02,02,1,0,True,completed
24,known_visit,ACBBA,ideal,1.0,19,361,4,20,targets_20_acbba_h2_ideal,objective_tuning_target_load_pilot_25\scenarios\known_visit_g19_t20_n25.csv,6,7,7,23.562180756915957,23.562180756915957,00,00,1,0,True,completed
24,known_visit,ACBBA,ideal,1.0,19,361,4,20,targets_20_acbba_h2_ideal,objective_tuning_target_load_pilot_25\scenarios\known_visit_g19_t20_n25.csv,7,7,18,18.032340798965834,18.032340798965834,03,03,1,0,True,completed
24,known_visit,ACBBA,ideal,1.0,19,361,4,20,targets_20_acbba_h2_ideal,objective_tuning_target_load_pilot_25\scenarios\known_visit_g19_t20_n25.csv,8,16,17,36.14076804415226,36.14076804415226,03,03,1,0,True,completed
24,known_visit,ACBBA,ideal,1.0,19,361,4,20,targets_20_acbba_h2_ideal,objective_tuning_target_load_pilot_25\scenarios\known_visit_g19_t20_n25.csv,9,1,17,2.2571615423187814,2.2571615423187814,03,03,1,0,True,completed
24,known_visit,ACBBA,ideal,1.0,19,361,4,20,targets_20_acbba_h2_ideal,objective_tuning_target_load_pilot_25\scenarios\known_visit_g19_t20_n25.csv,10,3,8,7.369164246757301,7.369164246757301,01,01,1,0,True,completed
24,known_visit,ACBBA,ideal,1.0,19,361,4,20,targets_20_acbba_h2_ideal,objective_tuning_target_load_pilot_25\scenarios\known_visit_g19_t20_n25.csv,11,10,14,22.971855032854055,22.971855032854055,02,02,1,0,True,completed
24,known_visit,ACBBA,ideal,1.0,19,361,4,20,targets_20_acbba_h2_ideal,objective_tuning_target_load_pilot_25\scenarios\known_visit_g19_t20_n25.csv,12,14,10,33.71269130917613,33.71269130917613,01,01,1,0,True,completed
24,known_visit,ACBBA,ideal,1.0,19,361,4,20,targets_20_acbba_h2_ideal,objective_tuning_target_load_pilot_25\scenarios\known_visit_g19_t20_n25.csv,13,13,9,30.190000221076698,30.190000221076698,01,01,2,1,True,completed
24,known_visit,ACBBA,ideal,1.0,19,361,4,20,targets_20_acbba_h2_ideal,objective_tuning_target_load_pilot_25\scenarios\known_visit_g19_t20_n25.csv,14,5,4,14.672789027334954,14.672789027334954,00,00,1,0,True,completed
24,known_visit,ACBBA,ideal,1.0,19,361,4,20,targets_20_acbba_h2_ideal,objective_tuning_target_load_pilot_25\scenarios\known_visit_g19_t20_n25.csv,15,18,7,42.79772318679509,42.79772318679509,00,00,1,0,True,completed
24,known_visit,ACBBA,ideal,1.0,19,361,4,20,targets_20_acbba_h2_ideal,objective_tuning_target_load_pilot_25\scenarios\known_visit_g19_t20_n25.csv,16,13,0,57.58497227996066,57.58497227996066,01,01,1,0,True,completed
24,known_visit,ACBBA,ideal,1.0,19,361,4,20,targets_20_acbba_h2_ideal,objective_tuning_target_load_pilot_25\scenarios\known_visit_g19_t20_n25.csv,17,14,1,53.85050614522667,53.85050614522667,01,01,1,0,True,completed
24,known_visit,ACBBA,ideal,1.0,19,361,4,20,targets_20_acbba_h2_ideal,objective_tuning_target_load_pilot_25\scenarios\known_visit_g19_t20_n25.csv,18,2,1,3.864318024800101,3.864318024800101,00,00,1,0,True,completed
24,known_visit,ACBBA,ideal,1.0,19,361,4,20,targets_20_acbba_h2_ideal,objective_tuning_target_load_pilot_25\scenarios\known_visit_g19_t20_n25.csv,19,12,3,49.520488701863464,49.520488701863464,02,02,1,0,True,completed
24,known_visit,ACBBA,ideal,1.0,19,361,4,20,targets_20_acbba_h2_ideal,objective_tuning_target_load_pilot_25\scenarios\known_visit_g19_t20_n25.csv,20,8,15,17.430115958517824,17.430115958517824,02,02,1,0,True,completed
