trial_id,trial_mode,algorithm,comm_model,comm_level,grid_size,grid_cells,robot_count,target_count,condition_id,scenario_file,target_index,target_x,target_y,first_completion_time_s,first_completion_sim_time_s,first_found_by_robot,first_finder_robot_id,total_visits,duplicate_visits,completed,trial_status
0,known_visit,HIPC,ideal,1.0,34,1156,14,10,hipc_g34_d85_ideal,reruns\grid_density\scenarios\cv\known_visit_grid34_targets10_trials50.csv,1,20,5,32.40923597345381,32.40923597345381,02,02,1,0,True,completed
0,known_visit,HIPC,ideal,1.0,34,1156,14,10,hipc_g34_d85_ideal,reruns\grid_density\scenarios\cv\known_visit_grid34_targets10_trials50.csv,2,28,1,64.36031549064884,64.36031549064884,02,02,1,0,True,completed
0,known_visit,HIPC,ideal,1.0,34,1156,14,10,hipc_g34_d85_ideal,reruns\grid_density\scenarios\cv\known_visit_grid34_targets10_trials50.csv,3,11,25,17.452453330129266,17.452453330129266,10,10,1,0,True,completed
0,known_visit,HIPC,ideal,1.0,34,1156,14,10,hipc_g34_d85_ideal,reruns\grid_density\scenarios\cv\known_visit_grid34_targets10_trials50.csv,4,20,24,34.77689909824052,34.77689909824052,10,10,1,0,True,completed
0,known_visit,HIPC,ideal,1.0,34,1156,14,10,hipc_g34_d85_ideal,reruns\grid_density\scenarios\cv\known_visit_grid34_targets10_trials50.csv,5,25,8,46.56398128592074,46.56398128592074,02,02,1,0,True,completed
0,known_visit,HIPC,ideal,1.0,34,1156,14,10,hipc_g34_d85_ideal,reruns\grid_density\scenarios\cv\known_visit_grid34_targets10_trials50.csv,6,3,5,3.5761091190250927,3.5761091190250927,02,02,1,0,True,completed
0,known_visit,HIPC,ideal,1.0,34,1156,14,10,hipc_g34_d85_ideal,reruns\grid_density\scenarios\cv\known_visit_grid34_targets10_trials50.csv,7,1,16,2.0538125126771365,2.0538125126771365,06,06,1,0,True,completed
0,known_visit,HIPC,ideal,1.0,34,1156,14,10,hipc_g34_d85_ideal,reruns\grid_density\scenarios\cv\known_visit_grid34_targets10_trials50.csv,8,23,30,37.26936280916567,37.26936280916567,12,12,1,0,True,completed
0,known_visit,HIPC,ideal,1.0,34,1156,14,10,hipc_g34_d85_ideal,reruns\grid_density\scenarios\cv\known_visit_grid34_targets10_trials50.csv,9,33,13,93.59202316771609,93.59202316771609,02,02,1,0,True,completed
0,known_visit,HIPC,ideal,1.0,34,1156,14,10,hipc_g34_d85_ideal,reruns\grid_density\scenarios\cv\known_visit_grid34_targets10_trials50.csv,10,24,22,45.367134274333125,45.367134274333125,10,10,1,0,True,completed
1,known_visit,HIPC,ideal,1.0,34,1156,14,10,hipc_g34_d85_ideal,reruns\grid_density\scenarios\cv\known_visit_grid34_targets10_trials50.csv,1,19,17,36.7798567831938,36.7798567831938,06,06,1,0,True,completed
1,known_visit,HIPC,ideal,1.0,34,1156,14,10,hipc_g34_d85_ideal,reruns\grid_density\scenarios\cv\known_visit_grid34_targets10_trials50.csv,2,14,6,24.22375682371258,24.22375682371258,02,02,1,0,True,completed
1,known_visit,HIPC,ideal,1.0,34,1156,14,10,hipc_g34_d85_ideal,reruns\grid_density\scenarios\cv\known_visit_grid34_targets10_trials50.csv,3,17,16,31.50753097931408,31.50753097931408,06,06,1,0,True,completed
1,known_visit,HIPC,ideal,1.0,34,1156,14,10,hipc_g34_d85_ideal,reruns\grid_density\scenarios\cv\known_visit_grid34_targets10_trials50.csv,4,16,15,27.818806490834056,27.818806490834056,06,06,1,0,True,completed
1,known_visit,HIPC,ideal,1.0,34,1156,14,10,hipc_g34_d85_ideal,reruns\grid_density\scenarios\cv\known_visit_grid34_targets10_trials50.csv,5,5,33,6.938813515252564,6.938813515252564,13,13,1,0,True,completed
1,known_visit,HIPC,ideal,1.0,34,1156,14,10,hipc_g34_d85_ideal,reruns\grid_density\scenarios\cv\known_visit_grid34_targets10_trials50.csv,6,11,30,16.95495956553243,16.95495956553243,12,12,1,0,True,completed
1,known_visit,HIPC,ideal,1.0,34,1156,14,10,hipc_g34_d85_ideal,reruns\grid_density\scenarios\cv\known_visit_grid34_targets10_trials50.csv,7,26,23,42.942404339497244,42.942404339497244,09,09,1,0,True,completed
1,known_visit,HIPC,ideal,1.0,34,1156,14,10,hipc_g34_d85_ideal,reruns\grid_density\scenarios\cv\known_visit_grid34_targets10_trials50.csv,8,24,33,43.60516116102354,43.60516116102354,13,13,1,0,True,completed
1,known_visit,HIPC,ideal,1.0,34,1156,14,10,hipc_g34_d85_ideal,reruns\grid_density\scenarios\cv\known_visit_grid34_targets10_trials50.csv,9,27,21,48.44641352414067,48.44641352414067,09,09,1,0,True,completed
1,known_visit,HIPC,ideal,1.0,34,1156,14,10,hipc_g34_d85_ideal,reruns\grid_density\scenarios\cv\known_visit_grid34_targets10_trials50.csv,10,19,32,32.86465296432413,32.86465296432413,13,13,1,0,True,completed
2,known_visit,HIPC,ideal,1.0,34,1156,14,10,hipc_g34_d85_ideal,reruns\grid_density\scenarios\cv\known_visit_grid34_targets10_trials50.csv,1,3,32,5.524606140859058,5.524606140859058,13,13,1,0,True,completed
2,known_visit,HIPC,ideal,1.0,34,1156,14,10,hipc_g34_d85_ideal,reruns\grid_density\scenarios\cv\known_visit_grid34_targets10_trials50.csv,2,26,0,42.62641805258228,42.62641805258228,00,00,1,0,True,completed
2,known_visit,HIPC,ideal,1.0,34,1156,14,10,hipc_g34_d85_ideal,reruns\grid_density\scenarios\cv\known_visit_grid34_targets10_trials50.csv,3,14,7,30.851651382634643,30.851651382634643,02,02,1,0,True,completed
2,known_visit,HIPC,ideal,1.0,34,1156,14,10,hipc_g34_d85_ideal,reruns\grid_density\scenarios\cv\known_visit_grid34_targets10_trials50.csv,4,19,20,30.59405339497232,30.59405339497232,08,08,1,0,True,completed
2,known_visit,HIPC,ideal,1.0,34,1156,14,10,hipc_g34_d85_ideal,reruns\grid_density\scenarios\cv\known_visit_grid34_targets10_trials50.csv,5,29,15,67.18170424284956,67.18170424284956,08,08,1,0,True,completed
2,known_visit,HIPC,ideal,1.0,34,1156,14,10,hipc_g34_d85_ideal,reruns\grid_density\scenarios\cv\known_visit_grid34_targets10_trials50.csv,6,24,23,44.419525859874646,44.419525859874646,08,08,1,0,True,completed
2,known_visit,HIPC,ideal,1.0,34,1156,14,10,hipc_g34_d85_ideal,reruns\grid_density\scenarios\cv\known_visit_grid34_targets10_trials50.csv,7,11,8,23.19629274733107,23.19629274733107,02,02,1,0,True,completed
2,known_visit,HIPC,ideal,1.0,34,1156,14,10,hipc_g34_d85_ideal,reruns\grid_density\scenarios\cv\known_visit_grid34_targets10_trials50.csv,8,21,32,36.16556047860948,36.16556047860948,13,13,1,0,True,completed
2,known_visit,HIPC,ideal,1.0,34,1156,14,10,hipc_g34_d85_ideal,reruns\grid_density\scenarios\cv\known_visit_grid34_targets10_trials50.csv,9,22,8,46.6409831887485,46.6409831887485,02,02,1,0,True,completed
2,known_visit,HIPC,ideal,1.0,34,1156,14,10,hipc_g34_d85_ideal,reruns\grid_density\scenarios\cv\known_visit_grid34_targets10_trials50.csv,10,10,12,17.519238488040067,17.519238488040067,05,05,1,0,True,completed
3,known_visit,HIPC,ideal,1.0,34,1156,14,10,hipc_g34_d85_ideal,reruns\grid_density\scenarios\cv\known_visit_grid34_targets10_trials50.csv,1,18,8,32.94168071036849,32.94168071036849,04,04,1,0,True,completed
3,known_visit,HIPC,ideal,1.0,34,1156,14,10,hipc_g34_d85_ideal,reruns\grid_density\scenarios\cv\known_visit_grid34_targets10_trials50.csv,2,19,29,37.296664318391734,37.296664318391734,12,12,1,0,True,completed
3,known_visit,HIPC,ideal,1.0,34,1156,14,10,hipc_g34_d85_ideal,reruns\grid_density\scenarios\cv\known_visit_grid34_targets10_trials50.csv,3,2,31,3.842754592977204,3.842754592977204,12,12,1,0,True,completed
3,known_visit,HIPC,ideal,1.0,34,1156,14,10,hipc_g34_d85_ideal,reruns\grid_density\scenarios\cv\known_visit_grid34_targets10_trials50.csv,4,11,10,17.347164499949628,17.347164499949628,04,04,1,0,True,completed
3,known_visit,HIPC,ideal,1.0,34,1156,14,10,hipc_g34_d85_ideal,reruns\grid_density\scenarios\cv\known_visit_grid34_targets10_trials50.csv,5,20,22,39.34095180052739,39.34095180052739,09,09,1,0,True,completed
3,known_visit,HIPC,ideal,1.0,34,1156,14,10,hipc_g34_d85_ideal,reruns\grid_density\scenarios\cv\known_visit_grid34_targets10_trials50.csv,6,32,21,61.3171254613132,61.3171254613132,09,09,1,0,True,completed
3,known_visit,HIPC,ideal,1.0,34,1156,14,10,hipc_g34_d85_ideal,reruns\grid_density\scenarios\cv\known_visit_grid34_targets10_trials50.csv,7,14,23,26.747921801290342,26.747921801290342,09,09,1,0,True,completed
3,known_visit,HIPC,ideal,1.0,34,1156,14,10,hipc_g34_d85_ideal,reruns\grid_density\scenarios\cv\known_visit_grid34_targets10_trials50.csv,8,9,2,16.0018695972442,16.0018695972442,01,01,1,0,True,completed
3,known_visit,HIPC,ideal,1.0,34,1156,14,10,hipc_g34_d85_ideal,reruns\grid_density\scenarios\cv\known_visit_grid34_targets10_trials50.csv,9,6,3,8.669142550654087,8.669142550654087,01,01,1,0,True,completed
3,known_visit,HIPC,ideal,1.0,34,1156,14,10,hipc_g34_d85_ideal,reruns\grid_density\scenarios\cv\known_visit_grid34_targets10_trials50.csv,10,3,22,5.596397882179024,5.596397882179024,09,09,1,0,True,completed
4,known_visit,HIPC,ideal,1.0,34,1156,14,10,hipc_g34_d85_ideal,reruns\grid_density\scenarios\cv\known_visit_grid34_targets10_trials50.csv,1,17,0,27.009970215540896,27.009970215540896,00,00,1,0,True,completed
4,known_visit,HIPC,ideal,1.0,34,1156,14,10,hipc_g34_d85_ideal,reruns\grid_density\scenarios\cv\known_visit_grid34_targets10_trials50.csv,2,33,1,56.820613278829505,56.820613278829505,00,00,1,0,True,completed
4,known_visit,HIPC,ideal,1.0,34,1156,14,10,hipc_g34_d85_ideal,reruns\grid_density\scenarios\cv\known_visit_grid34_targets10_trials50.csv,3,26,29,45.08108341994243,45.08108341994243,11,11,1,0,True,completed
4,known_visit,HIPC,ideal,1.0,34,1156,14,10,hipc_g34_d85_ideal,reruns\grid_density\scenarios\cv\known_visit_grid34_targets10_trials50.csv,4,15,17,26.2561383915392,26.2561383915392,07,07,1,0,True,completed
4,known_visit,HIPC,ideal,1.0,34,1156,14,10,hipc_g34_d85_ideal,reruns\grid_density\scenarios\cv\known_visit_grid34_targets10_trials50.csv,5,9,10,13.64359609693045,13.64359609693045,04,04,1,0,True,completed
4,known_visit,HIPC,ideal,1.0,34,1156,14,10,hipc_g34_d85_ideal,reruns\grid_density\scenarios\cv\known_visit_grid34_targets10_trials50.csv,6,17,18,32.00580166576815,32.00580166576815,07,07,1,0,True,completed
4,known_visit,HIPC,ideal,1.0,34,1156,14,10,hipc_g34_d85_ideal,reruns\grid_density\scenarios\cv\known_visit_grid34_targets10_trials50.csv,7,23,29,39.730919113312616,39.730919113312616,11,11,1,0,True,completed
4,known_visit,HIPC,ideal,1.0,34,1156,14,10,hipc_g34_d85_ideal,reruns\grid_density\scenarios\cv\known_visit_grid34_targets10_trials50.csv,8,13,30,20.81812362936969,20.81812362936969,12,12,1,0,True,completed
4,known_visit,HIPC,ideal,1.0,34,1156,14,10,hipc_g34_d85_ideal,reruns\grid_density\scenarios\cv\known_visit_grid34_targets10_trials50.csv,9,6,0,8.377648785004231,8.377648785004231,00,00,1,0,True,completed
4,known_visit,HIPC,ideal,1.0,34,1156,14,10,hipc_g34_d85_ideal,reruns\grid_density\scenarios\cv\known_visit_grid34_targets10_trials50.csv,10,29,29,50.231594142205594,50.231594142205594,11,11,1,0,True,completed
5,known_visit,HIPC,ideal,1.0,34,1156,14,10,hipc_g34_d85_ideal,reruns\grid_density\scenarios\cv\known_visit_grid34_targets10_trials50.csv,1,21,6,38.349822454265315,38.349822454265315,03,03,1,0,True,completed
5,known_visit,HIPC,ideal,1.0,34,1156,14,10,hipc_g34_d85_ideal,reruns\grid_density\scenarios\cv\known_visit_grid34_targets10_trials50.csv,2,4,2,12.875169170758301,12.875169170758301,00,00,1,0,True,completed
5,known_visit,HIPC,ideal,1.0,34,1156,14,10,hipc_g34_d85_ideal,reruns\grid_density\scenarios\cv\known_visit_grid34_targets10_trials50.csv,3,16,26,27.655182327391916,27.655182327391916,10,10,1,0,True,completed
5,known_visit,HIPC,ideal,1.0,34,1156,14,10,hipc_g34_d85_ideal,reruns\grid_density\scenarios\cv\known_visit_grid34_targets10_trials50.csv,4,9,17,15.713960416325225,15.713960416325225,07,07,1,0,True,completed
5,known_visit,HIPC,ideal,1.0,34,1156,14,10,hipc_g34_d85_ideal,reruns\grid_density\scenarios\cv\known_visit_grid34_targets10_trials50.csv,5,5,0,7.049778681567608,7.049778681567608,00,00,1,0,True,completed
5,known_visit,HIPC,ideal,1.0,34,1156,14,10,hipc_g34_d85_ideal,reruns\grid_density\scenarios\cv\known_visit_grid34_targets10_trials50.csv,6,19,7,32.888042255503386,32.888042255503386,03,03,1,0,True,completed
5,known_visit,HIPC,ideal,1.0,34,1156,14,10,hipc_g34_d85_ideal,reruns\grid_density\scenarios\cv\known_visit_grid34_targets10_trials50.csv,7,31,31,70.29682034373403,70.29682034373403,12,12,1,0,True,completed
5,known_visit,HIPC,ideal,1.0,34,1156,14,10,hipc_g34_d85_ideal,reruns\grid_density\scenarios\cv\known_visit_grid34_targets10_trials50.csv,8,15,20,43.80253540089049,43.80253540089049,10,10,1,0,True,completed
5,known_visit,HIPC,ideal,1.0,34,1156,14,10,hipc_g34_d85_ideal,reruns\grid_density\scenarios\cv\known_visit_grid34_targets10_trials50.csv,9,30,27,83.22642305324858,83.22642305324858,12,12,1,0,True,completed
5,known_visit,HIPC,ideal,1.0,34,1156,14,10,hipc_g34_d85_ideal,reruns\grid_density\scenarios\cv\known_visit_grid34_targets10_trials50.csv,10,22,11,38.5729755773946,38.5729755773946,04,04,1,0,True,completed
6,known_visit,HIPC,ideal,1.0,34,1156,14,10,hipc_g34_d85_ideal,reruns\grid_density\scenarios\cv\known_visit_grid34_targets10_trials50.csv,1,21,15,43.901697711081766,43.901697711081766,07,07,1,0,True,completed
6,known_visit,HIPC,ideal,1.0,34,1156,14,10,hipc_g34_d85_ideal,reruns\grid_density\scenarios\cv\known_visit_grid34_targets10_trials50.csv,2,1,18,0.18244641767441822,0.18244641767441822,07,07,1,0,True,completed
6,known_visit,HIPC,ideal,1.0,34,1156,14,10,hipc_g34_d85_ideal,reruns\grid_density\scenarios\cv\known_visit_grid34_targets10_trials50.csv,3,14,25,22.045121423326574,22.045121423326574,10,10,1,0,True,completed
6,known_visit,HIPC,ideal,1.0,34,1156,14,10,hipc_g34_d85_ideal,reruns\grid_density\scenarios\cv\known_visit_grid34_targets10_trials50.csv,4,6,19,10.88322951788635,10.88322951788635,07,07,1,0,True,completed
6,known_visit,HIPC,ideal,1.0,34,1156,14,10,hipc_g34_d85_ideal,reruns\grid_density\scenarios\cv\known_visit_grid34_targets10_trials50.csv,5,4,11,7.301946938280696,7.301946938280696,04,04,1,0,True,completed
6,known_visit,HIPC,ideal,1.0,34,1156,14,10,hipc_g34_d85_ideal,reruns\grid_density\scenarios\cv\known_visit_grid34_targets10_trials50.csv,6,20,18,36.781456319566345,36.781456319566345,07,07,1,0,True,completed
6,known_visit,HIPC,ideal,1.0,34,1156,14,10,hipc_g34_d85_ideal,reruns\grid_density\scenarios\cv\known_visit_grid34_targets10_trials50.csv,7,16,2,27.510736117847053,27.510736117847053,01,01,1,0,True,completed
6,known_visit,HIPC,ideal,1.0,34,1156,14,10,hipc_g34_d85_ideal,reruns\grid_density\scenarios\cv\known_visit_grid34_targets10_trials50.csv,8,23,22,42.68540442347316,42.68540442347316,10,10,1,0,True,completed
6,known_visit,HIPC,ideal,1.0,34,1156,14,10,hipc_g34_d85_ideal,reruns\grid_density\scenarios\cv\known_visit_grid34_targets10_trials50.csv,9,33,20,63.64690313865372,63.64690313865372,10,10,1,0,True,completed
6,known_visit,HIPC,ideal,1.0,34,1156,14,10,hipc_g34_d85_ideal,reruns\grid_density\scenarios\cv\known_visit_grid34_targets10_trials50.csv,10,23,9,57.49483206319311,57.49483206319311,07,07,1,0,True,completed
7,known_visit,HIPC,ideal,1.0,34,1156,14,10,hipc_g34_d85_ideal,reruns\grid_density\scenarios\cv\known_visit_grid34_targets10_trials50.csv,1,11,6,19.273898584391503,19.273898584391503,02,02,1,0,True,completed
7,known_visit,HIPC,ideal,1.0,34,1156,14,10,hipc_g34_d85_ideal,reruns\grid_density\scenarios\cv\known_visit_grid34_targets10_trials50.csv,2,22,28,41.56243835517817,41.56243835517817,10,10,1,0,True,completed
7,known_visit,HIPC,ideal,1.0,34,1156,14,10,hipc_g34_d85_ideal,reruns\grid_density\scenarios\cv\known_visit_grid34_targets10_trials50.csv,3,9,12,17.159557876917894,17.159557876917894,04,04,1,0,True,completed
7,known_visit,HIPC,ideal,1.0,34,1156,14,10,hipc_g34_d85_ideal,reruns\grid_density\scenarios\cv\known_visit_grid34_targets10_trials50.csv,4,33,20,74.2760890002947,74.2760890002947,10,10,1,0,True,completed
7,known_visit,HIPC,ideal,1.0,34,1156,14,10,hipc_g34_d85_ideal,reruns\grid_density\scenarios\cv\known_visit_grid34_targets10_trials50.csv,5,16,10,29.59781181139525,29.59781181139525,03,03,1,0,True,completed
7,known_visit,HIPC,ideal,1.0,34,1156,14,10,hipc_g34_d85_ideal,reruns\grid_density\scenarios\cv\known_visit_grid34_targets10_trials50.csv,6,15,3,23.881672884521677,23.881672884521677,01,01,1,0,True,completed
7,known_visit,HIPC,ideal,1.0,34,1156,14,10,hipc_g34_d85_ideal,reruns\grid_density\scenarios\cv\known_visit_grid34_targets10_trials50.csv,7,24,5,42.877084323877696,42.877084323877696,01,01,1,0,True,completed
7,known_visit,HIPC,ideal,1.0,34,1156,14,10,hipc_g34_d85_ideal,reruns\grid_density\scenarios\cv\known_visit_grid34_targets10_trials50.csv,8,9,8,13.883830960660887,13.883830960660887,03,03,1,0,True,completed
7,known_visit,HIPC,ideal,1.0,34,1156,14,10,hipc_g34_d85_ideal,reruns\grid_density\scenarios\cv\known_visit_grid34_targets10_trials50.csv,9,18,10,33.284007427835,33.284007427835,03,03,1,0,True,completed
7,known_visit,HIPC,ideal,1.0,34,1156,14,10,hipc_g34_d85_ideal,reruns\grid_density\scenarios\cv\known_visit_grid34_targets10_trials50.csv,10,4,26,7.166796422868344,7.166796422868344,10,10,1,0,True,completed
8,known_visit,HIPC,ideal,1.0,34,1156,14,10,hipc_g34_d85_ideal,reruns\grid_density\scenarios\cv\known_visit_grid34_targets10_trials50.csv,1,10,22,17.448437434507696,17.448437434507696,09,09,1,0,True,completed
8,known_visit,HIPC,ideal,1.0,34,1156,14,10,hipc_g34_d85_ideal,reruns\grid_density\scenarios\cv\known_visit_grid34_targets10_trials50.csv,2,29,12,64.5757853729632,64.5757853729632,06,06,1,0,True,completed
8,known_visit,HIPC,ideal,1.0,34,1156,14,10,hipc_g34_d85_ideal,reruns\grid_density\scenarios\cv\known_visit_grid34_targets10_trials50.csv,3,29,17,51.73741675792698,51.73741675792698,06,06,1,0,True,completed
8,known_visit,HIPC,ideal,1.0,34,1156,14,10,hipc_g34_d85_ideal,reruns\grid_density\scenarios\cv\known_visit_grid34_targets10_trials50.csv,4,17,15,27.42921158814351,27.42921158814351,06,06,1,0,True,completed
8,known_visit,HIPC,ideal,1.0,34,1156,14,10,hipc_g34_d85_ideal,reruns\grid_density\scenarios\cv\known_visit_grid34_targets10_trials50.csv,5,11,32,18.756672535412047,18.756672535412047,13,13,1,0,True,completed
8,known_visit,HIPC,ideal,1.0,34,1156,14,10,hipc_g34_d85_ideal,reruns\grid_density\scenarios\cv\known_visit_grid34_targets10_trials50.csv,6,24,29,45.61411013512375,45.61411013512375,11,11,1,0,True,completed
8,known_visit,HIPC,ideal,1.0,34,1156,14,10,hipc_g34_d85_ideal,reruns\grid_density\scenarios\cv\known_visit_grid34_targets10_trials50.csv,7,25,3,40.54828544628929,40.54828544628929,01,01,1,0,True,completed
8,known_visit,HIPC,ideal,1.0,34,1156,14,10,hipc_g34_d85_ideal,reruns\grid_density\scenarios\cv\known_visit_grid34_targets10_trials50.csv,8,5,8,7.083018144398418,7.083018144398418,03,03,1,0,True,completed
8,known_visit,HIPC,ideal,1.0,34,1156,14,10,hipc_g34_d85_ideal,reruns\grid_density\scenarios\cv\known_visit_grid34_targets10_trials50.csv,9,6,23,8.602894183695375,8.602894183695375,09,09,1,0,True,completed
8,known_visit,HIPC,ideal,1.0,34,1156,14,10,hipc_g34_d85_ideal,reruns\grid_density\scenarios\cv\known_visit_grid34_targets10_trials50.csv,10,18,30,33.19555343070254,33.19555343070254,11,11,1,0,True,completed
9,known_visit,HIPC,ideal,1.0,34,1156,14,10,hipc_g34_d85_ideal,reruns\grid_density\scenarios\cv\known_visit_grid34_targets10_trials50.csv,1,18,24,30.873944035107662,30.873944035107662,10,10,1,0,True,completed
9,known_visit,HIPC,ideal,1.0,34,1156,14,10,hipc_g34_d85_ideal,reruns\grid_density\scenarios\cv\known_visit_grid34_targets10_trials50.csv,2,6,0,8.402090207907879,8.402090207907879,00,00,1,0,True,completed
9,known_visit,HIPC,ideal,1.0,34,1156,14,10,hipc_g34_d85_ideal,reruns\grid_density\scenarios\cv\known_visit_grid34_targets10_trials50.csv,3,2,8,1.9177319052164894,1.9177319052164894,03,03,1,0,True,completed
9,known_visit,HIPC,ideal,1.0,34,1156,14,10,hipc_g34_d85_ideal,reruns\grid_density\scenarios\cv\known_visit_grid34_targets10_trials50.csv,4,22,15,35.57425668197865,35.57425668197865,06,06,1,0,True,completed
9,known_visit,HIPC,ideal,1.0,34,1156,14,10,hipc_g34_d85_ideal,reruns\grid_density\scenarios\cv\known_visit_grid34_targets10_trials50.csv,5,23,3,46.8179804584458,46.8179804584458,03,03,1,0,True,completed
9,known_visit,HIPC,ideal,1.0,34,1156,14,10,hipc_g34_d85_ideal,reruns\grid_density\scenarios\cv\known_visit_grid34_targets10_trials50.csv,6,22,26,39.79839336538843,39.79839336538843,11,11,1,0,True,completed
9,known_visit,HIPC,ideal,1.0,34,1156,14,10,hipc_g34_d85_ideal,reruns\grid_density\scenarios\cv\known_visit_grid34_targets10_trials50.csv,7,14,7,24.552780799591776,24.552780799591776,03,03,1,0,True,completed
9,known_visit,HIPC,ideal,1.0,34,1156,14,10,hipc_g34_d85_ideal,reruns\grid_density\scenarios\cv\known_visit_grid34_targets10_trials50.csv,8,29,27,53.80516759468291,53.80516759468291,11,11,1,0,True,completed
9,known_visit,HIPC,ideal,1.0,34,1156,14,10,hipc_g34_d85_ideal,reruns\grid_density\scenarios\cv\known_visit_grid34_targets10_trials50.csv,9,31,19,71.06216579794028,71.06216579794028,11,11,1,0,True,completed
9,known_visit,HIPC,ideal,1.0,34,1156,14,10,hipc_g34_d85_ideal,reruns\grid_density\scenarios\cv\known_visit_grid34_targets10_trials50.csv,10,17,25,27.204576858076273,27.204576858076273,10,10,1,0,True,completed
10,known_visit,HIPC,ideal,1.0,34,1156,14,10,hipc_g34_d85_ideal,reruns\grid_density\scenarios\cv\known_visit_grid34_targets10_trials50.csv,1,20,19,34.428700175558326,34.428700175558326,07,07,1,0,True,completed
10,known_visit,HIPC,ideal,1.0,34,1156,14,10,hipc_g34_d85_ideal,reruns\grid_density\scenarios\cv\known_visit_grid34_targets10_trials50.csv,2,15,13,24.158524149355014,24.158524149355014,05,05,1,0,True,completed
10,known_visit,HIPC,ideal,1.0,34,1156,14,10,hipc_g34_d85_ideal,reruns\grid_density\scenarios\cv\known_visit_grid34_targets10_trials50.csv,3,2,29,3.7974609028878312,3.7974609028878312,11,11,1,0,True,completed
10,known_visit,HIPC,ideal,1.0,34,1156,14,10,hipc_g34_d85_ideal,reruns\grid_density\scenarios\cv\known_visit_grid34_targets10_trials50.csv,4,13,8,20.540676161164832,20.540676161164832,03,03,1,0,True,completed
10,known_visit,HIPC,ideal,1.0,34,1156,14,10,hipc_g34_d85_ideal,reruns\grid_density\scenarios\cv\known_visit_grid34_targets10_trials50.csv,5,25,22,58.509583792059374,58.509583792059374,07,07,1,0,True,completed
10,known_visit,HIPC,ideal,1.0,34,1156,14,10,hipc_g34_d85_ideal,reruns\grid_density\scenarios\cv\known_visit_grid34_targets10_trials50.csv,6,16,8,25.378172259637825,25.378172259637825,03,03,1,0,True,completed
10,known_visit,HIPC,ideal,1.0,34,1156,14,10,hipc_g34_d85_ideal,reruns\grid_density\scenarios\cv\known_visit_grid34_targets10_trials50.csv,7,33,10,57.725156656949565,57.725156656949565,03,03,1,0,True,completed
10,known_visit,HIPC,ideal,1.0,34,1156,14,10,hipc_g34_d85_ideal,reruns\grid_density\scenarios\cv\known_visit_grid34_targets10_trials50.csv,8,18,14,31.365423794905325,31.365423794905325,05,05,1,0,True,completed
10,known_visit,HIPC,ideal,1.0,34,1156,14,10,hipc_g34_d85_ideal,reruns\grid_density\scenarios\cv\known_visit_grid34_targets10_trials50.csv,9,21,31,39.9333041792185,39.9333041792185,11,11,1,0,True,completed
10,known_visit,HIPC,ideal,1.0,34,1156,14,10,hipc_g34_d85_ideal,reruns\grid_density\scenarios\cv\known_visit_grid34_targets10_trials50.csv,10,22,25,48.09578034368369,48.09578034368369,07,07,1,0,True,completed
11,known_visit,HIPC,ideal,1.0,34,1156,14,10,hipc_g34_d85_ideal,reruns\grid_density\scenarios\cv\known_visit_grid34_targets10_trials50.csv,1,8,17,15.844633578729518,15.844633578729518,06,06,1,0,True,completed
11,known_visit,HIPC,ideal,1.0,34,1156,14,10,hipc_g34_d85_ideal,reruns\grid_density\scenarios\cv\known_visit_grid34_targets10_trials50.csv,2,25,27,45.08509977687684,45.08509977687684,10,10,1,0,True,completed
11,known_visit,HIPC,ideal,1.0,34,1156,14,10,hipc_g34_d85_ideal,reruns\grid_density\scenarios\cv\known_visit_grid34_targets10_trials50.csv,3,1,25,0.22354130328536945,0.22354130328536945,10,10,1,0,True,completed
11,known_visit,HIPC,ideal,1.0,34,1156,14,10,hipc_g34_d85_ideal,reruns\grid_density\scenarios\cv\known_visit_grid34_targets10_trials50.csv,4,17,1,29.368446773720294,29.368446773720294,00,00,1,0,True,completed
11,known_visit,HIPC,ideal,1.0,34,1156,14,10,hipc_g34_d85_ideal,reruns\grid_density\scenarios\cv\known_visit_grid34_targets10_trials50.csv,5,15,15,31.771143376696212,31.771143376696212,06,06,1,0,True,completed
11,known_visit,HIPC,ideal,1.0,34,1156,14,10,hipc_g34_d85_ideal,reruns\grid_density\scenarios\cv\known_visit_grid34_targets10_trials50.csv,6,3,19,5.323198969343178,5.323198969343178,07,07,1,0,True,completed
11,known_visit,HIPC,ideal,1.0,34,1156,14,10,hipc_g34_d85_ideal,reruns\grid_density\scenarios\cv\known_visit_grid34_targets10_trials50.csv,7,24,17,48.926549067923226,48.926549067923226,07,07,1,0,True,completed
11,known_visit,HIPC,ideal,1.0,34,1156,14,10,hipc_g34_d85_ideal,reruns\grid_density\scenarios\cv\known_visit_grid34_targets10_trials50.csv,8,16,12,39.00260245700017,39.00260245700017,06,06,1,0,True,completed
11,known_visit,HIPC,ideal,1.0,34,1156,14,10,hipc_g34_d85_ideal,reruns\grid_density\scenarios\cv\known_visit_grid34_targets10_trials50.csv,9,29,24,57.480282471241885,57.480282471241885,10,10,1,0,True,completed
11,known_visit,HIPC,ideal,1.0,34,1156,14,10,hipc_g34_d85_ideal,reruns\grid_density\scenarios\cv\known_visit_grid34_targets10_trials50.csv,10,1,26,2.156154237493493,2.156154237493493,10,10,1,0,True,completed
12,known_visit,HIPC,ideal,1.0,34,1156,14,10,hipc_g34_d85_ideal,reruns\grid_density\scenarios\cv\known_visit_grid34_targets10_trials50.csv,1,14,20,22.63375595350643,22.63375595350643,08,08,1,0,True,completed
12,known_visit,HIPC,ideal,1.0,34,1156,14,10,hipc_g34_d85_ideal,reruns\grid_density\scenarios\cv\known_visit_grid34_targets10_trials50.csv,2,19,27,32.96269274662596,32.96269274662596,11,11,1,0,True,completed
12,known_visit,HIPC,ideal,1.0,34,1156,14,10,hipc_g34_d85_ideal,reruns\grid_density\scenarios\cv\known_visit_grid34_targets10_trials50.csv,3,26,11,52.19948328946673,52.19948328946673,04,04,1,0,True,completed
12,known_visit,HIPC,ideal,1.0,34,1156,14,10,hipc_g34_d85_ideal,reruns\grid_density\scenarios\cv\known_visit_grid34_targets10_trials50.csv,4,31,30,58.71577153490522,58.71577153490522,11,11,1,0,True,completed
12,known_visit,HIPC,ideal,1.0,34,1156,14,10,hipc_g34_d85_ideal,reruns\grid_density\scenarios\cv\known_visit_grid34_targets10_trials50.csv,5,14,13,27.517042459698516,27.517042459698516,04,04,1,0,True,completed
12,known_visit,HIPC,ideal,1.0,34,1156,14,10,hipc_g34_d85_ideal,reruns\grid_density\scenarios\cv\known_visit_grid34_targets10_trials50.csv,6,20,1,34.82801785343172,34.82801785343172,00,00,1,0,True,completed
12,known_visit,HIPC,ideal,1.0,34,1156,14,10,hipc_g34_d85_ideal,reruns\grid_density\scenarios\cv\known_visit_grid34_targets10_trials50.csv,7,19,12,38.34505363783516,38.34505363783516,04,04,1,0,True,completed
12,known_visit,HIPC,ideal,1.0,34,1156,14,10,hipc_g34_d85_ideal,reruns\grid_density\scenarios\cv\known_visit_grid34_targets10_trials50.csv,8,15,5,23.726114684915963,23.726114684915963,02,02,1,0,True,completed
12,known_visit,HIPC,ideal,1.0,34,1156,14,10,hipc_g34_d85_ideal,reruns\grid_density\scenarios\cv\known_visit_grid34_targets10_trials50.csv,9,9,27,15.801275405980858,15.801275405980858,11,11,1,0,True,completed
12,known_visit,HIPC,ideal,1.0,34,1156,14,10,hipc_g34_d85_ideal,reruns\grid_density\scenarios\cv\known_visit_grid34_targets10_trials50.csv,10,20,0,32.738577132111025,32.738577132111025,00,00,1,0,True,completed
13,known_visit,HIPC,ideal,1.0,34,1156,14,10,hipc_g34_d85_ideal,reruns\grid_density\scenarios\cv\known_visit_grid34_targets10_trials50.csv,1,23,7,48.56765475379401,48.56765475379401,02,02,1,0,True,completed
13,known_visit,HIPC,ideal,1.0,34,1156,14,10,hipc_g34_d85_ideal,reruns\grid_density\scenarios\cv\known_visit_grid34_targets10_trials50.csv,2,10,3,15.314417147932426,15.314417147932426,01,01,1,0,True,completed
13,known_visit,HIPC,ideal,1.0,34,1156,14,10,hipc_g34_d85_ideal,reruns\grid_density\scenarios\cv\known_visit_grid34_targets10_trials50.csv,3,25,1,62.267382023454054,62.267382023454054,02,02,1,0,True,completed
13,known_visit,HIPC,ideal,1.0,34,1156,14,10,hipc_g34_d85_ideal,reruns\grid_density\scenarios\cv\known_visit_grid34_targets10_trials50.csv,4,19,9,37.47778730820882,37.47778730820882,02,02,1,0,True,completed
13,known_visit,HIPC,ideal,1.0,34,1156,14,10,hipc_g34_d85_ideal,reruns\grid_density\scenarios\cv\known_visit_grid34_targets10_trials50.csv,5,30,19,55.688421312636436,55.688421312636436,07,07,1,0,True,completed
13,known_visit,HIPC,ideal,1.0,34,1156,14,10,hipc_g34_d85_ideal,reruns\grid_density\scenarios\cv\known_visit_grid34_targets10_trials50.csv,6,5,13,7.0109536680059,7.0109536680059,05,05,1,0,True,completed
13,known_visit,HIPC,ideal,1.0,34,1156,14,10,hipc_g34_d85_ideal,reruns\grid_density\scenarios\cv\known_visit_grid34_targets10_trials50.csv,7,33,25,71.1565634960532,71.1565634960532,07,07,1,0,True,completed
13,known_visit,HIPC,ideal,1.0,34,1156,14,10,hipc_g34_d85_ideal,reruns\grid_density\scenarios\cv\known_visit_grid34_targets10_trials50.csv,8,27,18,48.74817516700969,48.74817516700969,07,07,1,0,True,completed
13,known_visit,HIPC,ideal,1.0,34,1156,14,10,hipc_g34_d85_ideal,reruns\grid_density\scenarios\cv\known_visit_grid34_targets10_trials50.csv,9,14,17,24.25175368191668,24.25175368191668,07,07,1,0,True,completed
13,known_visit,HIPC,ideal,1.0,34,1156,14,10,hipc_g34_d85_ideal,reruns\grid_density\scenarios\cv\known_visit_grid34_targets10_trials50.csv,10,22,31,38.31061418049068,38.31061418049068,12,12,1,0,True,completed
14,known_visit,HIPC,ideal,1.0,34,1156,14,10,hipc_g34_d85_ideal,reruns\grid_density\scenarios\cv\known_visit_grid34_targets10_trials50.csv,1,26,21,44.59124638306849,44.59124638306849,08,08,1,0,True,completed
14,known_visit,HIPC,ideal,1.0,34,1156,14,10,hipc_g34_d85_ideal,reruns\grid_density\scenarios\cv\known_visit_grid34_targets10_trials50.csv,2,19,17,33.27932512690789,33.27932512690789,07,07,1,0,True,completed
14,known_visit,HIPC,ideal,1.0,34,1156,14,10,hipc_g34_d85_ideal,reruns\grid_density\scenarios\cv\known_visit_grid34_targets10_trials50.csv,3,30,30,55.13128703807222,55.13128703807222,13,13,1,0,True,completed
14,known_visit,HIPC,ideal,1.0,34,1156,14,10,hipc_g34_d85_ideal,reruns\grid_density\scenarios\cv\known_visit_grid34_targets10_trials50.csv,4,23,1,39.38127849602752,39.38127849602752,00,00,1,0,True,completed
14,known_visit,HIPC,ideal,1.0,34,1156,14,10,hipc_g34_d85_ideal,reruns\grid_density\scenarios\cv\known_visit_grid34_targets10_trials50.csv,5,28,33,46.56988826963148,46.56988826963148,13,13,1,0,True,completed
14,known_visit,HIPC,ideal,1.0,34,1156,14,10,hipc_g34_d85_ideal,reruns\grid_density\scenarios\cv\known_visit_grid34_targets10_trials50.csv,6,8,20,11.931026556647657,11.931026556647657,08,08,1,0,True,completed
14,known_visit,HIPC,ideal,1.0,34,1156,14,10,hipc_g34_d85_ideal,reruns\grid_density\scenarios\cv\known_visit_grid34_targets10_trials50.csv,7,30,13,65.62726198792205,65.62726198792205,08,08,1,0,True,completed
14,known_visit,HIPC,ideal,1.0,34,1156,14,10,hipc_g34_d85_ideal,reruns\grid_density\scenarios\cv\known_visit_grid34_targets10_trials50.csv,8,19,15,36.67760594430894,36.67760594430894,07,07,1,0,True,completed
14,known_visit,HIPC,ideal,1.0,34,1156,14,10,hipc_g34_d85_ideal,reruns\grid_density\scenarios\cv\known_visit_grid34_targets10_trials50.csv,9,2,18,1.8519587635673755,1.8519587635673755,07,07,1,0,True,completed
14,known_visit,HIPC,ideal,1.0,34,1156,14,10,hipc_g34_d85_ideal,reruns\grid_density\scenarios\cv\known_visit_grid34_targets10_trials50.csv,10,33,8,79.50248731158437,79.50248731158437,08,08,1,0,True,completed
15,known_visit,HIPC,ideal,1.0,34,1156,14,10,hipc_g34_d85_ideal,reruns\grid_density\scenarios\cv\known_visit_grid34_targets10_trials50.csv,1,32,18,53.39339638815661,53.39339638815661,07,07,1,0,True,completed
15,known_visit,HIPC,ideal,1.0,34,1156,14,10,hipc_g34_d85_ideal,reruns\grid_density\scenarios\cv\known_visit_grid34_targets10_trials50.csv,2,21,0,33.85401690484132,33.85401690484132,00,00,1,0,True,completed
15,known_visit,HIPC,ideal,1.0,34,1156,14,10,hipc_g34_d85_ideal,reruns\grid_density\scenarios\cv\known_visit_grid34_targets10_trials50.csv,3,3,27,5.419318336279415,5.419318336279415,11,11,1,0,True,completed
15,known_visit,HIPC,ideal,1.0,34,1156,14,10,hipc_g34_d85_ideal,reruns\grid_density\scenarios\cv\known_visit_grid34_targets10_trials50.csv,4,7,8,10.253941945206089,10.253941945206089,03,03,1,0,True,completed
15,known_visit,HIPC,ideal,1.0,34,1156,14,10,hipc_g34_d85_ideal,reruns\grid_density\scenarios\cv\known_visit_grid34_targets10_trials50.csv,5,33,29,64.05169531611918,64.05169531611918,12,12,1,0,True,completed
15,known_visit,HIPC,ideal,1.0,34,1156,14,10,hipc_g34_d85_ideal,reruns\grid_density\scenarios\cv\known_visit_grid34_targets10_trials50.csv,6,20,7,48.04357229191556,48.04357229191556,00,00,1,0,True,completed
15,known_visit,HIPC,ideal,1.0,34,1156,14,10,hipc_g34_d85_ideal,reruns\grid_density\scenarios\cv\known_visit_grid34_targets10_trials50.csv,7,6,0,8.7282763142613,8.7282763142613,00,00,1,0,True,completed
15,known_visit,HIPC,ideal,1.0,34,1156,14,10,hipc_g34_d85_ideal,reruns\grid_density\scenarios\cv\known_visit_grid34_targets10_trials50.csv,8,20,31,37.91964386505279,37.91964386505279,12,12,1,0,True,completed
15,known_visit,HIPC,ideal,1.0,34,1156,14,10,hipc_g34_d85_ideal,reruns\grid_density\scenarios\cv\known_visit_grid34_targets10_trials50.csv,9,24,30,46.70092614250193,46.70092614250193,12,12,1,0,True,completed
15,known_visit,HIPC,ideal,1.0,34,1156,14,10,hipc_g34_d85_ideal,reruns\grid_density\scenarios\cv\known_visit_grid34_targets10_trials50.csv,10,16,32,29.170914344721833,29.170914344721833,12,12,1,0,True,completed
16,known_visit,HIPC,ideal,1.0,34,1156,14,10,hipc_g34_d85_ideal,reruns\grid_density\scenarios\cv\known_visit_grid34_targets10_trials50.csv,1,16,14,27.458701769327842,27.458701769327842,05,05,1,0,True,completed
16,known_visit,HIPC,ideal,1.0,34,1156,14,10,hipc_g34_d85_ideal,reruns\grid_density\scenarios\cv\known_visit_grid34_targets10_trials50.csv,2,9,22,19.728037943728012,19.728037943728012,09,09,1,0,True,completed
16,known_visit,HIPC,ideal,1.0,34,1156,14,10,hipc_g34_d85_ideal,reruns\grid_density\scenarios\cv\known_visit_grid34_targets10_trials50.csv,3,26,13,46.810973257523216,46.810973257523216,05,05,1,0,True,completed
16,known_visit,HIPC,ideal,1.0,34,1156,14,10,hipc_g34_d85_ideal,reruns\grid_density\scenarios\cv\known_visit_grid34_targets10_trials50.csv,4,4,24,7.270148015568851,7.270148015568851,09,09,1,0,True,completed
16,known_visit,HIPC,ideal,1.0,34,1156,14,10,hipc_g34_d85_ideal,reruns\grid_density\scenarios\cv\known_visit_grid34_targets10_trials50.csv,5,11,9,19.366789497354763,19.366789497354763,03,03,1,0,True,completed
16,known_visit,HIPC,ideal,1.0,34,1156,14,10,hipc_g34_d85_ideal,reruns\grid_density\scenarios\cv\known_visit_grid34_targets10_trials50.csv,6,20,7,38.461507104268875,38.461507104268875,03,03,1,0,True,completed
16,known_visit,HIPC,ideal,1.0,34,1156,14,10,hipc_g34_d85_ideal,reruns\grid_density\scenarios\cv\known_visit_grid34_targets10_trials50.csv,7,27,16,53.79035984374963,53.79035984374963,05,05,1,0,True,completed
16,known_visit,HIPC,ideal,1.0,34,1156,14,10,hipc_g34_d85_ideal,reruns\grid_density\scenarios\cv\known_visit_grid34_targets10_trials50.csv,8,21,13,38.30157362010695,38.30157362010695,05,05,1,0,True,completed
16,known_visit,HIPC,ideal,1.0,34,1156,14,10,hipc_g34_d85_ideal,reruns\grid_density\scenarios\cv\known_visit_grid34_targets10_trials50.csv,9,22,30,35.99114813580038,35.99114813580038,12,12,1,0,True,completed
16,known_visit,HIPC,ideal,1.0,34,1156,14,10,hipc_g34_d85_ideal,reruns\grid_density\scenarios\cv\known_visit_grid34_targets10_trials50.csv,10,32,17,64.09086298271083,64.09086298271083,05,05,1,0,True,completed
17,known_visit,HIPC,ideal,1.0,34,1156,14,10,hipc_g34_d85_ideal,reruns\grid_density\scenarios\cv\known_visit_grid34_targets10_trials50.csv,1,20,0,32.47353759383125,32.47353759383125,00,00,1,0,True,completed
17,known_visit,HIPC,ideal,1.0,34,1156,14,10,hipc_g34_d85_ideal,reruns\grid_density\scenarios\cv\known_visit_grid34_targets10_trials50.csv,2,19,24,36.751696230164676,36.751696230164676,09,09,1,0,True,completed
17,known_visit,HIPC,ideal,1.0,34,1156,14,10,hipc_g34_d85_ideal,reruns\grid_density\scenarios\cv\known_visit_grid34_targets10_trials50.csv,3,12,18,18.85914094063551,18.85914094063551,07,07,1,0,True,completed
17,known_visit,HIPC,ideal,1.0,34,1156,14,10,hipc_g34_d85_ideal,reruns\grid_density\scenarios\cv\known_visit_grid34_targets10_trials50.csv,4,21,27,46.143948006506854,46.143948006506854,09,09,1,0,True,completed
17,known_visit,HIPC,ideal,1.0,34,1156,14,10,hipc_g34_d85_ideal,reruns\grid_density\scenarios\cv\known_visit_grid34_targets10_trials50.csv,5,17,8,36.394735625946964,36.394735625946964,01,01,1,0,True,completed
17,known_visit,HIPC,ideal,1.0,34,1156,14,10,hipc_g34_d85_ideal,reruns\grid_density\scenarios\cv\known_visit_grid34_targets10_trials50.csv,6,5,23,6.962941832389413,6.962941832389413,09,09,1,0,True,completed
17,known_visit,HIPC,ideal,1.0,34,1156,14,10,hipc_g34_d85_ideal,reruns\grid_density\scenarios\cv\known_visit_grid34_targets10_trials50.csv,7,14,25,26.012808748264888,26.012808748264888,09,09,1,0,True,completed
17,known_visit,HIPC,ideal,1.0,34,1156,14,10,hipc_g34_d85_ideal,reruns\grid_density\scenarios\cv\known_visit_grid34_targets10_trials50.csv,8,33,9,87.75638467336849,87.75638467336849,07,07,1,0,True,completed
17,known_visit,HIPC,ideal,1.0,34,1156,14,10,hipc_g34_d85_ideal,reruns\grid_density\scenarios\cv\known_visit_grid34_targets10_trials50.csv,9,29,21,59.76699253678526,59.76699253678526,07,07,1,0,True,completed
17,known_visit,HIPC,ideal,1.0,34,1156,14,10,hipc_g34_d85_ideal,reruns\grid_density\scenarios\cv\known_visit_grid34_targets10_trials50.csv,10,16,3,26.016690484553564,26.016690484553564,01,01,1,0,True,completed
18,known_visit,HIPC,ideal,1.0,34,1156,14,10,hipc_g34_d85_ideal,reruns\grid_density\scenarios\cv\known_visit_grid34_targets10_trials50.csv,1,24,8,43.619785235530806,43.619785235530806,03,03,1,0,True,completed
18,known_visit,HIPC,ideal,1.0,34,1156,14,10,hipc_g34_d85_ideal,reruns\grid_density\scenarios\cv\known_visit_grid34_targets10_trials50.csv,2,28,25,50.78088772698464,50.78088772698464,10,10,1,0,True,completed
18,known_visit,HIPC,ideal,1.0,34,1156,14,10,hipc_g34_d85_ideal,reruns\grid_density\scenarios\cv\known_visit_grid34_targets10_trials50.csv,3,26,24,45.256034849937365,45.256034849937365,10,10,1,0,True,completed
18,known_visit,HIPC,ideal,1.0,34,1156,14,10,hipc_g34_d85_ideal,reruns\grid_density\scenarios\cv\known_visit_grid34_targets10_trials50.csv,4,29,0,47.60612589127552,47.60612589127552,00,00,1,0,True,completed
18,known_visit,HIPC,ideal,1.0,34,1156,14,10,hipc_g34_d85_ideal,reruns\grid_density\scenarios\cv\known_visit_grid34_targets10_trials50.csv,5,11,25,17.50153812716782,17.50153812716782,10,10,1,0,True,completed
18,known_visit,HIPC,ideal,1.0,34,1156,14,10,hipc_g34_d85_ideal,reruns\grid_density\scenarios\cv\known_visit_grid34_targets10_trials50.csv,6,24,19,50.98653145759573,50.98653145759573,06,06,1,0,True,completed
18,known_visit,HIPC,ideal,1.0,34,1156,14,10,hipc_g34_d85_ideal,reruns\grid_density\scenarios\cv\known_visit_grid34_targets10_trials50.csv,7,20,9,34.478101210831575,34.478101210831575,03,03,1,0,True,completed
18,known_visit,HIPC,ideal,1.0,34,1156,14,10,hipc_g34_d85_ideal,reruns\grid_density\scenarios\cv\known_visit_grid34_targets10_trials50.csv,8,22,16,37.93468348059623,37.93468348059623,06,06,1,0,True,completed
18,known_visit,HIPC,ideal,1.0,34,1156,14,10,hipc_g34_d85_ideal,reruns\grid_density\scenarios\cv\known_visit_grid34_targets10_trials50.csv,9,12,3,19.079193043085994,19.079193043085994,01,01,1,0,True,completed
18,known_visit,HIPC,ideal,1.0,34,1156,14,10,hipc_g34_d85_ideal,reruns\grid_density\scenarios\cv\known_visit_grid34_targets10_trials50.csv,10,25,17,45.03596405447214,45.03596405447214,06,06,1,0,True,completed
19,known_visit,HIPC,ideal,1.0,34,1156,14,10,hipc_g34_d85_ideal,reruns\grid_density\scenarios\cv\known_visit_grid34_targets10_trials50.csv,1,23,5,51.01229943700771,51.01229943700771,00,00,1,0,True,completed
19,known_visit,HIPC,ideal,1.0,34,1156,14,10,hipc_g34_d85_ideal,reruns\grid_density\scenarios\cv\known_visit_grid34_targets10_trials50.csv,2,13,19,22.793699898977582,22.793699898977582,07,07,1,0,True,completed
19,known_visit,HIPC,ideal,1.0,34,1156,14,10,hipc_g34_d85_ideal,reruns\grid_density\scenarios\cv\known_visit_grid34_targets10_trials50.csv,3,29,20,52.023668088385364,52.023668088385364,07,07,1,0,True,completed
19,known_visit,HIPC,ideal,1.0,34,1156,14,10,hipc_g34_d85_ideal,reruns\grid_density\scenarios\cv\known_visit_grid34_targets10_trials50.csv,4,27,28,44.97677044607021,44.97677044607021,11,11,1,0,True,completed
19,known_visit,HIPC,ideal,1.0,34,1156,14,10,hipc_g34_d85_ideal,reruns\grid_density\scenarios\cv\known_visit_grid34_targets10_trials50.csv,5,8,21,14.12337534458569,14.12337534458569,08,08,1,0,True,completed
19,known_visit,HIPC,ideal,1.0,34,1156,14,10,hipc_g34_d85_ideal,reruns\grid_density\scenarios\cv\known_visit_grid34_targets10_trials50.csv,6,15,14,26.00114645810074,26.00114645810074,06,06,1,0,True,completed
19,known_visit,HIPC,ideal,1.0,34,1156,14,10,hipc_g34_d85_ideal,reruns\grid_density\scenarios\cv\known_visit_grid34_targets10_trials50.csv,7,16,1,27.71802040314924,27.71802040314924,00,00,1,0,True,completed
19,known_visit,HIPC,ideal,1.0,34,1156,14,10,hipc_g34_d85_ideal,reruns\grid_density\scenarios\cv\known_visit_grid34_targets10_trials50.csv,8,3,33,3.5494113894797947,3.5494113894797947,13,13,1,0,True,completed
19,known_visit,HIPC,ideal,1.0,34,1156,14,10,hipc_g34_d85_ideal,reruns\grid_density\scenarios\cv\known_visit_grid34_targets10_trials50.csv,9,31,23,60.78978093718184,60.78978093718184,07,07,1,0,True,completed
19,known_visit,HIPC,ideal,1.0,34,1156,14,10,hipc_g34_d85_ideal,reruns\grid_density\scenarios\cv\known_visit_grid34_targets10_trials50.csv,10,17,0,31.752045798259747,31.752045798259747,00,00,1,0,True,completed
20,known_visit,HIPC,ideal,1.0,34,1156,14,10,hipc_g34_d85_ideal,reruns\grid_density\scenarios\cv\known_visit_grid34_targets10_trials50.csv,1,25,17,52.69000396928318,52.69000396928318,05,05,1,0,True,completed
20,known_visit,HIPC,ideal,1.0,34,1156,14,10,hipc_g34_d85_ideal,reruns\grid_density\scenarios\cv\known_visit_grid34_targets10_trials50.csv,2,12,20,35.06460475000219,35.06460475000219,06,06,1,0,True,completed
20,known_visit,HIPC,ideal,1.0,34,1156,14,10,hipc_g34_d85_ideal,reruns\grid_density\scenarios\cv\known_visit_grid34_targets10_trials50.csv,3,15,28,23.829842805692262,23.829842805692262,11,11,1,0,True,completed
20,known_visit,HIPC,ideal,1.0,34,1156,14,10,hipc_g34_d85_ideal,reruns\grid_density\scenarios\cv\known_visit_grid34_targets10_trials50.csv,4,23,12,40.359269965347636,40.359269965347636,05,05,1,0,True,completed
20,known_visit,HIPC,ideal,1.0,34,1156,14,10,hipc_g34_d85_ideal,reruns\grid_density\scenarios\cv\known_visit_grid34_targets10_trials50.csv,5,29,15,63.73151803823717,63.73151803823717,05,05,1,0,True,completed
20,known_visit,HIPC,ideal,1.0,34,1156,14,10,hipc_g34_d85_ideal,reruns\grid_density\scenarios\cv\known_visit_grid34_targets10_trials50.csv,6,14,15,22.665229919794946,22.665229919794946,06,06,1,0,True,completed
20,known_visit,HIPC,ideal,1.0,34,1156,14,10,hipc_g34_d85_ideal,reruns\grid_density\scenarios\cv\known_visit_grid34_targets10_trials50.csv,7,22,2,41.659971701656154,41.659971701656154,02,02,1,0,True,completed
20,known_visit,HIPC,ideal,1.0,34,1156,14,10,hipc_g34_d85_ideal,reruns\grid_density\scenarios\cv\known_visit_grid34_targets10_trials50.csv,8,8,23,12.08253400641508,12.08253400641508,09,09,1,0,True,completed
20,known_visit,HIPC,ideal,1.0,34,1156,14,10,hipc_g34_d85_ideal,reruns\grid_density\scenarios\cv\known_visit_grid34_targets10_trials50.csv,9,8,5,12.265261907919687,12.265261907919687,02,02,1,0,True,completed
20,known_visit,HIPC,ideal,1.0,34,1156,14,10,hipc_g34_d85_ideal,reruns\grid_density\scenarios\cv\known_visit_grid34_targets10_trials50.csv,10,6,15,8.717262114932089,8.717262114932089,06,06,1,0,True,completed
21,known_visit,HIPC,ideal,1.0,34,1156,14,10,hipc_g34_d85_ideal,reruns\grid_density\scenarios\cv\known_visit_grid34_targets10_trials50.csv,1,11,8,17.314015041294596,17.314015041294596,03,03,1,0,True,completed
21,known_visit,HIPC,ideal,1.0,34,1156,14,10,hipc_g34_d85_ideal,reruns\grid_density\scenarios\cv\known_visit_grid34_targets10_trials50.csv,2,23,31,55.726348303175264,55.726348303175264,09,09,1,0,True,completed
21,known_visit,HIPC,ideal,1.0,34,1156,14,10,hipc_g34_d85_ideal,reruns\grid_density\scenarios\cv\known_visit_grid34_targets10_trials50.csv,3,2,2,3.903760754994655,3.903760754994655,01,01,1,0,True,completed
21,known_visit,HIPC,ideal,1.0,34,1156,14,10,hipc_g34_d85_ideal,reruns\grid_density\scenarios\cv\known_visit_grid34_targets10_trials50.csv,4,6,23,8.811139293163619,8.811139293163619,09,09,1,0,True,completed
21,known_visit,HIPC,ideal,1.0,34,1156,14,10,hipc_g34_d85_ideal,reruns\grid_density\scenarios\cv\known_visit_grid34_targets10_trials50.csv,5,14,22,24.474664975547945,24.474664975547945,09,09,1,0,True,completed
21,known_visit,HIPC,ideal,1.0,34,1156,14,10,hipc_g34_d85_ideal,reruns\grid_density\scenarios\cv\known_visit_grid34_targets10_trials50.csv,6,4,6,7.299101725447126,7.299101725447126,02,02,1,0,True,completed
21,known_visit,HIPC,ideal,1.0,34,1156,14,10,hipc_g34_d85_ideal,reruns\grid_density\scenarios\cv\known_visit_grid34_targets10_trials50.csv,7,4,29,7.5036598033645,7.5036598033645,11,11,1,0,True,completed
21,known_visit,HIPC,ideal,1.0,34,1156,14,10,hipc_g34_d85_ideal,reruns\grid_density\scenarios\cv\known_visit_grid34_targets10_trials50.csv,8,11,19,19.075587693894708,19.075587693894708,08,08,1,0,True,completed
21,known_visit,HIPC,ideal,1.0,34,1156,14,10,hipc_g34_d85_ideal,reruns\grid_density\scenarios\cv\known_visit_grid34_targets10_trials50.csv,9,21,7,36.23621867038864,36.23621867038864,03,03,1,0,True,completed
21,known_visit,HIPC,ideal,1.0,34,1156,14,10,hipc_g34_d85_ideal,reruns\grid_density\scenarios\cv\known_visit_grid34_targets10_trials50.csv,10,12,20,23.067780932556296,23.067780932556296,08,08,1,0,True,completed
22,known_visit,HIPC,ideal,1.0,34,1156,14,10,hipc_g34_d85_ideal,reruns\grid_density\scenarios\cv\known_visit_grid34_targets10_trials50.csv,1,4,33,5.149238907134945,5.149238907134945,13,13,1,0,True,completed
22,known_visit,HIPC,ideal,1.0,34,1156,14,10,hipc_g34_d85_ideal,reruns\grid_density\scenarios\cv\known_visit_grid34_targets10_trials50.csv,2,25,14,43.51366606665945,43.51366606665945,06,06,1,0,True,completed
22,known_visit,HIPC,ideal,1.0,34,1156,14,10,hipc_g34_d85_ideal,reruns\grid_density\scenarios\cv\known_visit_grid34_targets10_trials50.csv,3,3,12,5.629904996405395,5.629904996405395,05,05,1,0,True,completed
22,known_visit,HIPC,ideal,1.0,34,1156,14,10,hipc_g34_d85_ideal,reruns\grid_density\scenarios\cv\known_visit_grid34_targets10_trials50.csv,4,29,19,49.85171660246507,49.85171660246507,08,08,1,0,True,completed
22,known_visit,HIPC,ideal,1.0,34,1156,14,10,hipc_g34_d85_ideal,reruns\grid_density\scenarios\cv\known_visit_grid34_targets10_trials50.csv,5,27,15,49.18163301925287,49.18163301925287,06,06,1,0,True,completed
22,known_visit,HIPC,ideal,1.0,34,1156,14,10,hipc_g34_d85_ideal,reruns\grid_density\scenarios\cv\known_visit_grid34_targets10_trials50.csv,6,23,6,40.301881145157296,40.301881145157296,02,02,1,0,True,completed
22,known_visit,HIPC,ideal,1.0,34,1156,14,10,hipc_g34_d85_ideal,reruns\grid_density\scenarios\cv\known_visit_grid34_targets10_trials50.csv,7,8,32,13.674956765162383,13.674956765162383,13,13,1,0,True,completed
22,known_visit,HIPC,ideal,1.0,34,1156,14,10,hipc_g34_d85_ideal,reruns\grid_density\scenarios\cv\known_visit_grid34_targets10_trials50.csv,8,20,20,32.41328945908701,32.41328945908701,08,08,1,0,True,completed
22,known_visit,HIPC,ideal,1.0,34,1156,14,10,hipc_g34_d85_ideal,reruns\grid_density\scenarios\cv\known_visit_grid34_targets10_trials50.csv,9,1,3,0.198632888378579,0.198632888378579,01,01,1,0,True,completed
22,known_visit,HIPC,ideal,1.0,34,1156,14,10,hipc_g34_d85_ideal,reruns\grid_density\scenarios\cv\known_visit_grid34_targets10_trials50.csv,10,11,6,19.515082213488622,19.515082213488622,02,02,1,0,True,completed
23,known_visit,HIPC,ideal,1.0,34,1156,14,10,hipc_g34_d85_ideal,reruns\grid_density\scenarios\cv\known_visit_grid34_targets10_trials50.csv,1,10,9,17.291637804766335,17.291637804766335,03,03,1,0,True,completed
23,known_visit,HIPC,ideal,1.0,34,1156,14,10,hipc_g34_d85_ideal,reruns\grid_density\scenarios\cv\known_visit_grid34_targets10_trials50.csv,2,25,12,52.794090123745555,52.794090123745555,02,02,1,0,True,completed
23,known_visit,HIPC,ideal,1.0,34,1156,14,10,hipc_g34_d85_ideal,reruns\grid_density\scenarios\cv\known_visit_grid34_targets10_trials50.csv,3,25,5,40.7903738645957,40.7903738645957,02,02,1,0,True,completed
23,known_visit,HIPC,ideal,1.0,34,1156,14,10,hipc_g34_d85_ideal,reruns\grid_density\scenarios\cv\known_visit_grid34_targets10_trials50.csv,4,9,33,19.09135695041303,19.09135695041303,12,12,1,0,True,completed
23,known_visit,HIPC,ideal,1.0,34,1156,14,10,hipc_g34_d85_ideal,reruns\grid_density\scenarios\cv\known_visit_grid34_targets10_trials50.csv,5,21,9,36.41177597769274,36.41177597769274,03,03,1,0,True,completed
23,known_visit,HIPC,ideal,1.0,34,1156,14,10,hipc_g34_d85_ideal,reruns\grid_density\scenarios\cv\known_visit_grid34_targets10_trials50.csv,6,1,11,2.1176044378879233,2.1176044378879233,04,04,1,0,True,completed
23,known_visit,HIPC,ideal,1.0,34,1156,14,10,hipc_g34_d85_ideal,reruns\grid_density\scenarios\cv\known_visit_grid34_targets10_trials50.csv,7,15,22,25.71573616934226,25.71573616934226,09,09,1,0,True,completed
23,known_visit,HIPC,ideal,1.0,34,1156,14,10,hipc_g34_d85_ideal,reruns\grid_density\scenarios\cv\known_visit_grid34_targets10_trials50.csv,8,32,25,52.94136392802695,52.94136392802695,10,10,1,0,True,completed
23,known_visit,HIPC,ideal,1.0,34,1156,14,10,hipc_g34_d85_ideal,reruns\grid_density\scenarios\cv\known_visit_grid34_targets10_trials50.csv,9,21,17,44.68678484974279,44.68678484974279,09,09,1,0,True,completed
23,known_visit,HIPC,ideal,1.0,34,1156,14,10,hipc_g34_d85_ideal,reruns\grid_density\scenarios\cv\known_visit_grid34_targets10_trials50.csv,10,8,30,12.033872402214806,12.033872402214806,12,12,1,0,True,completed
24,known_visit,HIPC,ideal,1.0,34,1156,14,10,hipc_g34_d85_ideal,reruns\grid_density\scenarios\cv\known_visit_grid34_targets10_trials50.csv,1,23,33,39.50174501771533,39.50174501771533,13,13,1,0,True,completed
24,known_visit,HIPC,ideal,1.0,34,1156,14,10,hipc_g34_d85_ideal,reruns\grid_density\scenarios\cv\known_visit_grid34_targets10_trials50.csv,2,33,23,71.9385422449059,71.9385422449059,08,08,1,0,True,completed
24,known_visit,HIPC,ideal,1.0,34,1156,14,10,hipc_g34_d85_ideal,reruns\grid_density\scenarios\cv\known_visit_grid34_targets10_trials50.csv,3,1,17,2.1978275715821676,2.1978275715821676,07,07,1,0,True,completed
24,known_visit,HIPC,ideal,1.0,34,1156,14,10,hipc_g34_d85_ideal,reruns\grid_density\scenarios\cv\known_visit_grid34_targets10_trials50.csv,4,21,0,43.883478702841394,43.883478702841394,01,01,1,0,True,completed
24,known_visit,HIPC,ideal,1.0,34,1156,14,10,hipc_g34_d85_ideal,reruns\grid_density\scenarios\cv\known_visit_grid34_targets10_trials50.csv,5,25,13,40.86567520770456,40.86567520770456,05,05,1,0,True,completed
24,known_visit,HIPC,ideal,1.0,34,1156,14,10,hipc_g34_d85_ideal,reruns\grid_density\scenarios\cv\known_visit_grid34_targets10_trials50.csv,6,27,31,50.04559311750125,50.04559311750125,13,13,1,0,True,completed
24,known_visit,HIPC,ideal,1.0,34,1156,14,10,hipc_g34_d85_ideal,reruns\grid_density\scenarios\cv\known_visit_grid34_targets10_trials50.csv,7,18,4,31.401893909693285,31.401893909693285,01,01,1,0,True,completed
24,known_visit,HIPC,ideal,1.0,34,1156,14,10,hipc_g34_d85_ideal,reruns\grid_density\scenarios\cv\known_visit_grid34_targets10_trials50.csv,8,27,17,50.489205643740696,50.489205643740696,08,08,1,0,True,completed
24,known_visit,HIPC,ideal,1.0,34,1156,14,10,hipc_g34_d85_ideal,reruns\grid_density\scenarios\cv\known_visit_grid34_targets10_trials50.csv,9,32,19,63.05762767655129,63.05762767655129,08,08,1,0,True,completed
24,known_visit,HIPC,ideal,1.0,34,1156,14,10,hipc_g34_d85_ideal,reruns\grid_density\scenarios\cv\known_visit_grid34_targets10_trials50.csv,10,3,31,5.760448467290541,5.760448467290541,12,12,1,0,True,completed
25,known_visit,HIPC,ideal,1.0,34,1156,14,10,hipc_g34_d85_ideal,reruns\grid_density\scenarios\cv\known_visit_grid34_targets10_trials50.csv,1,32,21,81.08515882736516,81.08515882736516,10,10,1,0,True,completed
25,known_visit,HIPC,ideal,1.0,34,1156,14,10,hipc_g34_d85_ideal,reruns\grid_density\scenarios\cv\known_visit_grid34_targets10_trials50.csv,2,8,16,14.183669000048495,14.183669000048495,06,06,1,0,True,completed
25,known_visit,HIPC,ideal,1.0,34,1156,14,10,hipc_g34_d85_ideal,reruns\grid_density\scenarios\cv\known_visit_grid34_targets10_trials50.csv,3,30,7,56.68404644087392,56.68404644087392,03,03,1,0,True,completed
25,known_visit,HIPC,ideal,1.0,34,1156,14,10,hipc_g34_d85_ideal,reruns\grid_density\scenarios\cv\known_visit_grid34_targets10_trials50.csv,4,5,9,9.17650146756691,9.17650146756691,03,03,1,0,True,completed
25,known_visit,HIPC,ideal,1.0,34,1156,14,10,hipc_g34_d85_ideal,reruns\grid_density\scenarios\cv\known_visit_grid34_targets10_trials50.csv,5,22,7,42.69446209782128,42.69446209782128,03,03,1,0,True,completed
25,known_visit,HIPC,ideal,1.0,34,1156,14,10,hipc_g34_d85_ideal,reruns\grid_density\scenarios\cv\known_visit_grid34_targets10_trials50.csv,6,18,25,29.13658173853141,29.13658173853141,10,10,1,0,True,completed
25,known_visit,HIPC,ideal,1.0,34,1156,14,10,hipc_g34_d85_ideal,reruns\grid_density\scenarios\cv\known_visit_grid34_targets10_trials50.csv,7,29,31,58.48983904957423,58.48983904957423,10,10,1,0,True,completed
25,known_visit,HIPC,ideal,1.0,34,1156,14,10,hipc_g34_d85_ideal,reruns\grid_density\scenarios\cv\known_visit_grid34_targets10_trials50.csv,8,27,12,71.00932201016087,71.00932201016087,03,03,1,0,True,completed
25,known_visit,HIPC,ideal,1.0,34,1156,14,10,hipc_g34_d85_ideal,reruns\grid_density\scenarios\cv\known_visit_grid34_targets10_trials50.csv,9,19,0,30.5254256010925,30.5254256010925,00,00,1,0,True,completed
25,known_visit,HIPC,ideal,1.0,34,1156,14,10,hipc_g34_d85_ideal,reruns\grid_density\scenarios\cv\known_visit_grid34_targets10_trials50.csv,10,24,26,41.30939052074494,41.30939052074494,10,10,1,0,True,completed
26,known_visit,HIPC,ideal,1.0,34,1156,14,10,hipc_g34_d85_ideal,reruns\grid_density\scenarios\cv\known_visit_grid34_targets10_trials50.csv,1,14,25,31.415784018767525,31.415784018767525,08,08,1,0,True,completed
26,known_visit,HIPC,ideal,1.0,34,1156,14,10,hipc_g34_d85_ideal,reruns\grid_density\scenarios\cv\known_visit_grid34_targets10_trials50.csv,2,5,4,9.128425037609537,9.128425037609537,01,01,1,0,True,completed
26,known_visit,HIPC,ideal,1.0,34,1156,14,10,hipc_g34_d85_ideal,reruns\grid_density\scenarios\cv\known_visit_grid34_targets10_trials50.csv,3,32,8,66.49573049960344,66.49573049960344,01,01,1,0,True,completed
26,known_visit,HIPC,ideal,1.0,34,1156,14,10,hipc_g34_d85_ideal,reruns\grid_density\scenarios\cv\known_visit_grid34_targets10_trials50.csv,4,33,26,72.47615277691759,72.47615277691759,07,07,1,0,True,completed
26,known_visit,HIPC,ideal,1.0,34,1156,14,10,hipc_g34_d85_ideal,reruns\grid_density\scenarios\cv\known_visit_grid34_targets10_trials50.csv,5,24,17,41.37550602137952,41.37550602137952,07,07,1,0,True,completed
26,known_visit,HIPC,ideal,1.0,34,1156,14,10,hipc_g34_d85_ideal,reruns\grid_density\scenarios\cv\known_visit_grid34_targets10_trials50.csv,6,11,21,19.5021794617338,19.5021794617338,08,08,1,0,True,completed
26,known_visit,HIPC,ideal,1.0,34,1156,14,10,hipc_g34_d85_ideal,reruns\grid_density\scenarios\cv\known_visit_grid34_targets10_trials50.csv,7,11,7,25.646147609683002,25.646147609683002,02,02,1,0,True,completed
26,known_visit,HIPC,ideal,1.0,34,1156,14,10,hipc_g34_d85_ideal,reruns\grid_density\scenarios\cv\known_visit_grid34_targets10_trials50.csv,8,10,4,18.242812359997814,18.242812359997814,02,02,1,0,True,completed
26,known_visit,HIPC,ideal,1.0,34,1156,14,10,hipc_g34_d85_ideal,reruns\grid_density\scenarios\cv\known_visit_grid34_targets10_trials50.csv,9,2,1,4.002896001342109,4.002896001342109,00,00,1,0,True,completed
26,known_visit,HIPC,ideal,1.0,34,1156,14,10,hipc_g34_d85_ideal,reruns\grid_density\scenarios\cv\known_visit_grid34_targets10_trials50.csv,10,20,3,37.24841429259801,37.24841429259801,01,01,1,0,True,completed
27,known_visit,HIPC,ideal,1.0,34,1156,14,10,hipc_g34_d85_ideal,reruns\grid_density\scenarios\cv\known_visit_grid34_targets10_trials50.csv,1,15,17,28.376024782767246,28.376024782767246,06,06,1,0,True,completed
27,known_visit,HIPC,ideal,1.0,34,1156,14,10,hipc_g34_d85_ideal,reruns\grid_density\scenarios\cv\known_visit_grid34_targets10_trials50.csv,2,5,32,9.040908317446267,9.040908317446267,13,13,1,0,True,completed
27,known_visit,HIPC,ideal,1.0,34,1156,14,10,hipc_g34_d85_ideal,reruns\grid_density\scenarios\cv\known_visit_grid34_targets10_trials50.csv,3,24,32,41.81284153450394,41.81284153450394,13,13,1,0,True,completed
27,known_visit,HIPC,ideal,1.0,34,1156,14,10,hipc_g34_d85_ideal,reruns\grid_density\scenarios\cv\known_visit_grid34_targets10_trials50.csv,4,22,27,38.217207889639205,38.217207889639205,11,11,1,0,True,completed
27,known_visit,HIPC,ideal,1.0,34,1156,14,10,hipc_g34_d85_ideal,reruns\grid_density\scenarios\cv\known_visit_grid34_targets10_trials50.csv,5,2,14,3.8441760383106818,3.8441760383106818,05,05,1,0,True,completed
27,known_visit,HIPC,ideal,1.0,34,1156,14,10,hipc_g34_d85_ideal,reruns\grid_density\scenarios\cv\known_visit_grid34_targets10_trials50.csv,6,5,15,7.586264233484464,7.586264233484464,06,06,1,0,True,completed
27,known_visit,HIPC,ideal,1.0,34,1156,14,10,hipc_g34_d85_ideal,reruns\grid_density\scenarios\cv\known_visit_grid34_targets10_trials50.csv,7,32,12,66.22738856908174,66.22738856908174,06,06,1,0,True,completed
27,known_visit,HIPC,ideal,1.0,34,1156,14,10,hipc_g34_d85_ideal,reruns\grid_density\scenarios\cv\known_visit_grid34_targets10_trials50.csv,8,8,27,14.007150668397818,14.007150668397818,11,11,1,0,True,completed
27,known_visit,HIPC,ideal,1.0,34,1156,14,10,hipc_g34_d85_ideal,reruns\grid_density\scenarios\cv\known_visit_grid34_targets10_trials50.csv,9,25,24,48.53299888225215,48.53299888225215,11,11,1,0,True,completed
27,known_visit,HIPC,ideal,1.0,34,1156,14,10,hipc_g34_d85_ideal,reruns\grid_density\scenarios\cv\known_visit_grid34_targets10_trials50.csv,10,2,19,9.222381763663034,9.222381763663034,07,07,1,0,True,completed
28,known_visit,HIPC,ideal,1.0,34,1156,14,10,hipc_g34_d85_ideal,reruns\grid_density\scenarios\cv\known_visit_grid34_targets10_trials50.csv,1,2,6,3.935640603247273,3.935640603247273,02,02,1,0,True,completed
28,known_visit,HIPC,ideal,1.0,34,1156,14,10,hipc_g34_d85_ideal,reruns\grid_density\scenarios\cv\known_visit_grid34_targets10_trials50.csv,2,25,6,43.960976691996656,43.960976691996656,02,02,1,0,True,completed
28,known_visit,HIPC,ideal,1.0,34,1156,14,10,hipc_g34_d85_ideal,reruns\grid_density\scenarios\cv\known_visit_grid34_targets10_trials50.csv,3,29,4,53.4651666629567,53.4651666629567,01,01,1,0,True,completed
28,known_visit,HIPC,ideal,1.0,34,1156,14,10,hipc_g34_d85_ideal,reruns\grid_density\scenarios\cv\known_visit_grid34_targets10_trials50.csv,4,10,13,15.462713533170682,15.462713533170682,05,05,1,0,True,completed
28,known_visit,HIPC,ideal,1.0,34,1156,14,10,hipc_g34_d85_ideal,reruns\grid_density\scenarios\cv\known_visit_grid34_targets10_trials50.csv,5,23,2,39.12324447781578,39.12324447781578,01,01,1,0,True,completed
28,known_visit,HIPC,ideal,1.0,34,1156,14,10,hipc_g34_d85_ideal,reruns\grid_density\scenarios\cv\known_visit_grid34_targets10_trials50.csv,6,8,33,12.242970321105028,12.242970321105028,13,13,1,0,True,completed
28,known_visit,HIPC,ideal,1.0,34,1156,14,10,hipc_g34_d85_ideal,reruns\grid_density\scenarios\cv\known_visit_grid34_targets10_trials50.csv,7,16,32,27.86828952278375,27.86828952278375,13,13,1,0,True,completed
28,known_visit,HIPC,ideal,1.0,34,1156,14,10,hipc_g34_d85_ideal,reruns\grid_density\scenarios\cv\known_visit_grid34_targets10_trials50.csv,8,26,14,49.48868268326852,49.48868268326852,07,07,1,0,True,completed
28,known_visit,HIPC,ideal,1.0,34,1156,14,10,hipc_g34_d85_ideal,reruns\grid_density\scenarios\cv\known_visit_grid34_targets10_trials50.csv,9,25,17,42.484150774791864,42.484150774791864,07,07,1,0,True,completed
28,known_visit,HIPC,ideal,1.0,34,1156,14,10,hipc_g34_d85_ideal,reruns\grid_density\scenarios\cv\known_visit_grid34_targets10_trials50.csv,10,25,7,45.883345265265625,45.883345265265625,02,02,1,0,True,completed
29,known_visit,HIPC,ideal,1.0,34,1156,14,10,hipc_g34_d85_ideal,reruns\grid_density\scenarios\cv\known_visit_grid34_targets10_trials50.csv,1,18,19,31.085476982088228,31.085476982088228,08,08,1,0,True,completed
29,known_visit,HIPC,ideal,1.0,34,1156,14,10,hipc_g34_d85_ideal,reruns\grid_density\scenarios\cv\known_visit_grid34_targets10_trials50.csv,2,10,33,15.634141821230477,15.634141821230477,13,13,1,0,True,completed
29,known_visit,HIPC,ideal,1.0,34,1156,14,10,hipc_g34_d85_ideal,reruns\grid_density\scenarios\cv\known_visit_grid34_targets10_trials50.csv,3,7,0,14.953804777899869,14.953804777899869,00,00,1,0,True,completed
29,known_visit,HIPC,ideal,1.0,34,1156,14,10,hipc_g34_d85_ideal,reruns\grid_density\scenarios\cv\known_visit_grid34_targets10_trials50.csv,4,1,33,0.1434583235543193,0.1434583235543193,13,13,1,0,True,completed
29,known_visit,HIPC,ideal,1.0,34,1156,14,10,hipc_g34_d85_ideal,reruns\grid_density\scenarios\cv\known_visit_grid34_targets10_trials50.csv,5,14,31,26.516779994621455,26.516779994621455,13,13,1,0,True,completed
29,known_visit,HIPC,ideal,1.0,34,1156,14,10,hipc_g34_d85_ideal,reruns\grid_density\scenarios\cv\known_visit_grid34_targets10_trials50.csv,6,4,1,7.3332685232163515,7.3332685232163515,00,00,1,0,True,completed
29,known_visit,HIPC,ideal,1.0,34,1156,14,10,hipc_g34_d85_ideal,reruns\grid_density\scenarios\cv\known_visit_grid34_targets10_trials50.csv,7,7,26,12.620514077420355,12.620514077420355,10,10,1,0,True,completed
29,known_visit,HIPC,ideal,1.0,34,1156,14,10,hipc_g34_d85_ideal,reruns\grid_density\scenarios\cv\known_visit_grid34_targets10_trials50.csv,8,14,5,36.03980516424699,36.03980516424699,05,05,1,0,True,completed
29,known_visit,HIPC,ideal,1.0,34,1156,14,10,hipc_g34_d85_ideal,reruns\grid_density\scenarios\cv\known_visit_grid34_targets10_trials50.csv,9,10,12,17.290115444422895,17.290115444422895,05,05,1,0,True,completed
29,known_visit,HIPC,ideal,1.0,34,1156,14,10,hipc_g34_d85_ideal,reruns\grid_density\scenarios\cv\known_visit_grid34_targets10_trials50.csv,10,11,32,19.392279797931234,19.392279797931234,13,13,1,0,True,completed
30,known_visit,HIPC,ideal,1.0,34,1156,14,10,hipc_g34_d85_ideal,reruns\grid_density\scenarios\cv\known_visit_grid34_targets10_trials50.csv,1,28,8,49.90231903237501,49.90231903237501,03,03,1,0,True,completed
30,known_visit,HIPC,ideal,1.0,34,1156,14,10,hipc_g34_d85_ideal,reruns\grid_density\scenarios\cv\known_visit_grid34_targets10_trials50.csv,2,23,15,37.776765789997405,37.776765789997405,06,06,1,0,True,completed
30,known_visit,HIPC,ideal,1.0,34,1156,14,10,hipc_g34_d85_ideal,reruns\grid_density\scenarios\cv\known_visit_grid34_targets10_trials50.csv,3,28,19,53.39373087985978,53.39373087985978,06,06,1,0,True,completed
30,known_visit,HIPC,ideal,1.0,34,1156,14,10,hipc_g34_d85_ideal,reruns\grid_density\scenarios\cv\known_visit_grid34_targets10_trials50.csv,4,29,4,59.04749637891823,59.04749637891823,03,03,1,0,True,completed
30,known_visit,HIPC,ideal,1.0,34,1156,14,10,hipc_g34_d85_ideal,reruns\grid_density\scenarios\cv\known_visit_grid34_targets10_trials50.csv,5,20,7,34.16215260801693,34.16215260801693,03,03,1,0,True,completed
30,known_visit,HIPC,ideal,1.0,34,1156,14,10,hipc_g34_d85_ideal,reruns\grid_density\scenarios\cv\known_visit_grid34_targets10_trials50.csv,6,12,22,20.889696529148363,20.889696529148363,09,09,1,0,True,completed
30,known_visit,HIPC,ideal,1.0,34,1156,14,10,hipc_g34_d85_ideal,reruns\grid_density\scenarios\cv\known_visit_grid34_targets10_trials50.csv,7,24,15,39.46700977946386,39.46700977946386,06,06,1,0,True,completed
30,known_visit,HIPC,ideal,1.0,34,1156,14,10,hipc_g34_d85_ideal,reruns\grid_density\scenarios\cv\known_visit_grid34_targets10_trials50.csv,8,31,25,69.32563524730062,69.32563524730062,06,06,1,0,True,completed
30,known_visit,HIPC,ideal,1.0,34,1156,14,10,hipc_g34_d85_ideal,reruns\grid_density\scenarios\cv\known_visit_grid34_targets10_trials50.csv,9,5,5,6.842514703686966,6.842514703686966,02,02,1,0,True,completed
30,known_visit,HIPC,ideal,1.0,34,1156,14,10,hipc_g34_d85_ideal,reruns\grid_density\scenarios\cv\known_visit_grid34_targets10_trials50.csv,10,16,22,28.02974126912599,28.02974126912599,09,09,1,0,True,completed
31,known_visit,HIPC,ideal,1.0,34,1156,14,10,hipc_g34_d85_ideal,reruns\grid_density\scenarios\cv\known_visit_grid34_targets10_trials50.csv,1,20,2,36.03964959065298,36.03964959065298,00,00,1,0,True,completed
31,known_visit,HIPC,ideal,1.0,34,1156,14,10,hipc_g34_d85_ideal,reruns\grid_density\scenarios\cv\known_visit_grid34_targets10_trials50.csv,2,20,12,34.03432524217003,34.03432524217003,05,05,1,0,True,completed
31,known_visit,HIPC,ideal,1.0,34,1156,14,10,hipc_g34_d85_ideal,reruns\grid_density\scenarios\cv\known_visit_grid34_targets10_trials50.csv,3,17,22,30.148169868314547,30.148169868314547,09,09,1,0,True,completed
31,known_visit,HIPC,ideal,1.0,34,1156,14,10,hipc_g34_d85_ideal,reruns\grid_density\scenarios\cv\known_visit_grid34_targets10_trials50.csv,4,30,16,53.13968158238918,53.13968158238918,07,07,1,0,True,completed
31,known_visit,HIPC,ideal,1.0,34,1156,14,10,hipc_g34_d85_ideal,reruns\grid_density\scenarios\cv\known_visit_grid34_targets10_trials50.csv,5,28,19,62.45607713487789,62.45607713487789,07,07,1,0,True,completed
31,known_visit,HIPC,ideal,1.0,34,1156,14,10,hipc_g34_d85_ideal,reruns\grid_density\scenarios\cv\known_visit_grid34_targets10_trials50.csv,6,16,4,27.67644371752514,27.67644371752514,01,01,1,0,True,completed
31,known_visit,HIPC,ideal,1.0,34,1156,14,10,hipc_g34_d85_ideal,reruns\grid_density\scenarios\cv\known_visit_grid34_targets10_trials50.csv,7,21,16,37.65561704404435,37.65561704404435,07,07,1,0,True,completed
31,known_visit,HIPC,ideal,1.0,34,1156,14,10,hipc_g34_d85_ideal,reruns\grid_density\scenarios\cv\known_visit_grid34_targets10_trials50.csv,8,20,3,37.83531518929038,37.83531518929038,00,00,1,0,True,completed
31,known_visit,HIPC,ideal,1.0,34,1156,14,10,hipc_g34_d85_ideal,reruns\grid_density\scenarios\cv\known_visit_grid34_targets10_trials50.csv,9,29,9,54.40116614250673,54.40116614250673,05,05,1,0,True,completed
31,known_visit,HIPC,ideal,1.0,34,1156,14,10,hipc_g34_d85_ideal,reruns\grid_density\scenarios\cv\known_visit_grid34_targets10_trials50.csv,10,13,22,22.996338343830157,22.996338343830157,09,09,1,0,True,completed
32,known_visit,HIPC,ideal,1.0,34,1156,14,10,hipc_g34_d85_ideal,reruns\grid_density\scenarios\cv\known_visit_grid34_targets10_trials50.csv,1,25,22,46.32314015477233,46.32314015477233,10,10,1,0,True,completed
32,known_visit,HIPC,ideal,1.0,34,1156,14,10,hipc_g34_d85_ideal,reruns\grid_density\scenarios\cv\known_visit_grid34_targets10_trials50.csv,2,19,16,33.11853278642669,33.11853278642669,06,06,1,0,True,completed
32,known_visit,HIPC,ideal,1.0,34,1156,14,10,hipc_g34_d85_ideal,reruns\grid_density\scenarios\cv\known_visit_grid34_targets10_trials50.csv,3,2,33,1.9058656973886663,1.9058656973886663,13,13,1,0,True,completed
32,known_visit,HIPC,ideal,1.0,34,1156,14,10,hipc_g34_d85_ideal,reruns\grid_density\scenarios\cv\known_visit_grid34_targets10_trials50.csv,4,17,21,29.215178760697402,29.215178760697402,08,08,1,0,True,completed
32,known_visit,HIPC,ideal,1.0,34,1156,14,10,hipc_g34_d85_ideal,reruns\grid_density\scenarios\cv\known_visit_grid34_targets10_trials50.csv,5,19,27,32.787337897962956,32.787337897962956,11,11,1,0,True,completed
32,known_visit,HIPC,ideal,1.0,34,1156,14,10,hipc_g34_d85_ideal,reruns\grid_density\scenarios\cv\known_visit_grid34_targets10_trials50.csv,6,24,25,39.329864497395754,39.329864497395754,10,10,1,0,True,completed
32,known_visit,HIPC,ideal,1.0,34,1156,14,10,hipc_g34_d85_ideal,reruns\grid_density\scenarios\cv\known_visit_grid34_targets10_trials50.csv,7,25,6,43.36307668815878,43.36307668815878,02,02,1,0,True,completed
32,known_visit,HIPC,ideal,1.0,34,1156,14,10,hipc_g34_d85_ideal,reruns\grid_density\scenarios\cv\known_visit_grid34_targets10_trials50.csv,8,21,15,39.01830149669673,39.01830149669673,06,06,1,0,True,completed
32,known_visit,HIPC,ideal,1.0,34,1156,14,10,hipc_g34_d85_ideal,reruns\grid_density\scenarios\cv\known_visit_grid34_targets10_trials50.csv,9,25,24,42.90840463286109,42.90840463286109,10,10,1,0,True,completed
32,known_visit,HIPC,ideal,1.0,34,1156,14,10,hipc_g34_d85_ideal,reruns\grid_density\scenarios\cv\known_visit_grid34_targets10_trials50.csv,10,15,28,23.998527290478652,23.998527290478652,11,11,1,0,True,completed
33,known_visit,HIPC,ideal,1.0,34,1156,14,10,hipc_g34_d85_ideal,reruns\grid_density\scenarios\cv\known_visit_grid34_targets10_trials50.csv,1,23,9,45.03097868533352,45.03097868533352,02,02,1,0,True,completed
33,known_visit,HIPC,ideal,1.0,34,1156,14,10,hipc_g34_d85_ideal,reruns\grid_density\scenarios\cv\known_visit_grid34_targets10_trials50.csv,2,4,26,7.210727323558031,7.210727323558031,10,10,1,0,True,completed
33,known_visit,HIPC,ideal,1.0,34,1156,14,10,hipc_g34_d85_ideal,reruns\grid_density\scenarios\cv\known_visit_grid34_targets10_trials50.csv,3,3,32,5.8547104698024075,5.8547104698024075,13,13,1,0,True,completed
33,known_visit,HIPC,ideal,1.0,34,1156,14,10,hipc_g34_d85_ideal,reruns\grid_density\scenarios\cv\known_visit_grid34_targets10_trials50.csv,4,30,6,62.86447825685874,62.86447825685874,02,02,1,0,True,completed
33,known_visit,HIPC,ideal,1.0,34,1156,14,10,hipc_g34_d85_ideal,reruns\grid_density\scenarios\cv\known_visit_grid34_targets10_trials50.csv,5,2,30,1.8381500708958038,1.8381500708958038,12,12,1,0,True,completed
33,known_visit,HIPC,ideal,1.0,34,1156,14,10,hipc_g34_d85_ideal,reruns\grid_density\scenarios\cv\known_visit_grid34_targets10_trials50.csv,6,28,32,66.43690642336034,66.43690642336034,10,10,1,0,True,completed
33,known_visit,HIPC,ideal,1.0,34,1156,14,10,hipc_g34_d85_ideal,reruns\grid_density\scenarios\cv\known_visit_grid34_targets10_trials50.csv,7,17,6,29.20677396727127,29.20677396727127,02,02,1,0,True,completed
33,known_visit,HIPC,ideal,1.0,34,1156,14,10,hipc_g34_d85_ideal,reruns\grid_density\scenarios\cv\known_visit_grid34_targets10_trials50.csv,8,19,11,36.44998987150193,36.44998987150193,03,03,1,0,True,completed
33,known_visit,HIPC,ideal,1.0,34,1156,14,10,hipc_g34_d85_ideal,reruns\grid_density\scenarios\cv\known_visit_grid34_targets10_trials50.csv,9,12,26,21.148919437911616,21.148919437911616,10,10,1,0,True,completed
33,known_visit,HIPC,ideal,1.0,34,1156,14,10,hipc_g34_d85_ideal,reruns\grid_density\scenarios\cv\known_visit_grid34_targets10_trials50.csv,10,32,17,62.25708040120466,62.25708040120466,07,07,1,0,True,completed
34,known_visit,HIPC,ideal,1.0,34,1156,14,10,hipc_g34_d85_ideal,reruns\grid_density\scenarios\cv\known_visit_grid34_targets10_trials50.csv,1,20,6,34.64246285655577,34.64246285655577,02,02,1,0,True,completed
34,known_visit,HIPC,ideal,1.0,34,1156,14,10,hipc_g34_d85_ideal,reruns\grid_density\scenarios\cv\known_visit_grid34_targets10_trials50.csv,2,10,3,15.266179973858542,15.266179973858542,01,01,1,0,True,completed
34,known_visit,HIPC,ideal,1.0,34,1156,14,10,hipc_g34_d85_ideal,reruns\grid_density\scenarios\cv\known_visit_grid34_targets10_trials50.csv,3,14,22,24.037491800349972,24.037491800349972,09,09,1,0,True,completed
34,known_visit,HIPC,ideal,1.0,34,1156,14,10,hipc_g34_d85_ideal,reruns\grid_density\scenarios\cv\known_visit_grid34_targets10_trials50.csv,4,18,33,29.235956172824498,29.235956172824498,13,13,1,0,True,completed
34,known_visit,HIPC,ideal,1.0,34,1156,14,10,hipc_g34_d85_ideal,reruns\grid_density\scenarios\cv\known_visit_grid34_targets10_trials50.csv,5,24,22,41.38302991329453,41.38302991329453,09,09,1,0,True,completed
34,known_visit,HIPC,ideal,1.0,34,1156,14,10,hipc_g34_d85_ideal,reruns\grid_density\scenarios\cv\known_visit_grid34_targets10_trials50.csv,6,31,5,54.83813337278044,54.83813337278044,01,01,1,0,True,completed
34,known_visit,HIPC,ideal,1.0,34,1156,14,10,hipc_g34_d85_ideal,reruns\grid_density\scenarios\cv\known_visit_grid34_targets10_trials50.csv,7,18,6,31.059223115566972,31.059223115566972,02,02,1,0,True,completed
34,known_visit,HIPC,ideal,1.0,34,1156,14,10,hipc_g34_d85_ideal,reruns\grid_density\scenarios\cv\known_visit_grid34_targets10_trials50.csv,8,8,9,18.48581077977663,18.48581077977663,03,03,1,0,True,completed
34,known_visit,HIPC,ideal,1.0,34,1156,14,10,hipc_g34_d85_ideal,reruns\grid_density\scenarios\cv\known_visit_grid34_targets10_trials50.csv,9,25,33,40.99971487209803,40.99971487209803,13,13,1,0,True,completed
34,known_visit,HIPC,ideal,1.0,34,1156,14,10,hipc_g34_d85_ideal,reruns\grid_density\scenarios\cv\known_visit_grid34_targets10_trials50.csv,10,33,2,63.97878779949648,63.97878779949648,01,01,1,0,True,completed
35,known_visit,HIPC,ideal,1.0,34,1156,14,10,hipc_g34_d85_ideal,reruns\grid_density\scenarios\cv\known_visit_grid34_targets10_trials50.csv,1,28,9,51.91363794541077,51.91363794541077,04,04,1,0,True,completed
35,known_visit,HIPC,ideal,1.0,34,1156,14,10,hipc_g34_d85_ideal,reruns\grid_density\scenarios\cv\known_visit_grid34_targets10_trials50.csv,2,30,28,58.36021439172774,58.36021439172774,13,13,1,0,True,completed
35,known_visit,HIPC,ideal,1.0,34,1156,14,10,hipc_g34_d85_ideal,reruns\grid_density\scenarios\cv\known_visit_grid34_targets10_trials50.csv,3,32,28,62.12251603611228,62.12251603611228,13,13,1,0,True,completed
35,known_visit,HIPC,ideal,1.0,34,1156,14,10,hipc_g34_d85_ideal,reruns\grid_density\scenarios\cv\known_visit_grid34_targets10_trials50.csv,4,18,24,30.91142348829099,30.91142348829099,09,09,1,0,True,completed
35,known_visit,HIPC,ideal,1.0,34,1156,14,10,hipc_g34_d85_ideal,reruns\grid_density\scenarios\cv\known_visit_grid34_targets10_trials50.csv,5,17,11,29.792387972053668,29.792387972053668,04,04,1,0,True,completed
35,known_visit,HIPC,ideal,1.0,34,1156,14,10,hipc_g34_d85_ideal,reruns\grid_density\scenarios\cv\known_visit_grid34_targets10_trials50.csv,6,2,10,2.0215119688145293,2.0215119688145293,04,04,1,0,True,completed
35,known_visit,HIPC,ideal,1.0,34,1156,14,10,hipc_g34_d85_ideal,reruns\grid_density\scenarios\cv\known_visit_grid34_targets10_trials50.csv,7,29,33,47.698322183201604,47.698322183201604,13,13,1,0,True,completed
35,known_visit,HIPC,ideal,1.0,34,1156,14,10,hipc_g34_d85_ideal,reruns\grid_density\scenarios\cv\known_visit_grid34_targets10_trials50.csv,8,11,11,19.251294857993585,19.251294857993585,04,04,1,0,True,completed
35,known_visit,HIPC,ideal,1.0,34,1156,14,10,hipc_g34_d85_ideal,reruns\grid_density\scenarios\cv\known_visit_grid34_targets10_trials50.csv,9,7,15,10.417227508989301,10.417227508989301,06,06,1,0,True,completed
35,known_visit,HIPC,ideal,1.0,34,1156,14,10,hipc_g34_d85_ideal,reruns\grid_density\scenarios\cv\known_visit_grid34_targets10_trials50.csv,10,32,5,65.76938901247708,65.76938901247708,04,04,1,0,True,completed
36,known_visit,HIPC,ideal,1.0,34,1156,14,10,hipc_g34_d85_ideal,reruns\grid_density\scenarios\cv\known_visit_grid34_targets10_trials50.csv,1,5,4,9.134718579720264,9.134718579720264,02,02,1,0,True,completed
36,known_visit,HIPC,ideal,1.0,34,1156,14,10,hipc_g34_d85_ideal,reruns\grid_density\scenarios\cv\known_visit_grid34_targets10_trials50.csv,2,26,16,45.91980651668739,45.91980651668739,07,07,1,0,True,completed
36,known_visit,HIPC,ideal,1.0,34,1156,14,10,hipc_g34_d85_ideal,reruns\grid_density\scenarios\cv\known_visit_grid34_targets10_trials50.csv,3,29,17,53.526120943094945,53.526120943094945,07,07,1,0,True,completed
36,known_visit,HIPC,ideal,1.0,34,1156,14,10,hipc_g34_d85_ideal,reruns\grid_density\scenarios\cv\known_visit_grid34_targets10_trials50.csv,4,13,10,20.370061866505278,20.370061866505278,04,04,1,0,True,completed
36,known_visit,HIPC,ideal,1.0,34,1156,14,10,hipc_g34_d85_ideal,reruns\grid_density\scenarios\cv\known_visit_grid34_targets10_trials50.csv,5,4,1,8.930108821134194,8.930108821134194,01,01,1,0,True,completed
36,known_visit,HIPC,ideal,1.0,34,1156,14,10,hipc_g34_d85_ideal,reruns\grid_density\scenarios\cv\known_visit_grid34_targets10_trials50.csv,6,2,3,1.850343381579175,1.850343381579175,01,01,1,0,True,completed
36,known_visit,HIPC,ideal,1.0,34,1156,14,10,hipc_g34_d85_ideal,reruns\grid_density\scenarios\cv\known_visit_grid34_targets10_trials50.csv,7,15,3,28.401093431137348,28.401093431137348,02,02,1,0,True,completed
36,known_visit,HIPC,ideal,1.0,34,1156,14,10,hipc_g34_d85_ideal,reruns\grid_density\scenarios\cv\known_visit_grid34_targets10_trials50.csv,8,22,12,41.00462687673015,41.00462687673015,06,06,1,0,True,completed
36,known_visit,HIPC,ideal,1.0,34,1156,14,10,hipc_g34_d85_ideal,reruns\grid_density\scenarios\cv\known_visit_grid34_targets10_trials50.csv,9,27,4,51.04290299681433,51.04290299681433,02,02,1,0,True,completed
36,known_visit,HIPC,ideal,1.0,34,1156,14,10,hipc_g34_d85_ideal,reruns\grid_density\scenarios\cv\known_visit_grid34_targets10_trials50.csv,10,20,15,32.18842701171783,32.18842701171783,06,06,1,0,True,completed
37,known_visit,HIPC,ideal,1.0,34,1156,14,10,hipc_g34_d85_ideal,reruns\grid_density\scenarios\cv\known_visit_grid34_targets10_trials50.csv,1,15,29,31.685802506496852,31.685802506496852,10,10,1,0,True,completed
37,known_visit,HIPC,ideal,1.0,34,1156,14,10,hipc_g34_d85_ideal,reruns\grid_density\scenarios\cv\known_visit_grid34_targets10_trials50.csv,2,6,3,8.617728270100036,8.617728270100036,01,01,1,0,True,completed
37,known_visit,HIPC,ideal,1.0,34,1156,14,10,hipc_g34_d85_ideal,reruns\grid_density\scenarios\cv\known_visit_grid34_targets10_trials50.csv,3,21,27,59.96239813714614,59.96239813714614,10,10,1,0,True,completed
37,known_visit,HIPC,ideal,1.0,34,1156,14,10,hipc_g34_d85_ideal,reruns\grid_density\scenarios\cv\known_visit_grid34_targets10_trials50.csv,4,10,13,16.09119168917659,16.09119168917659,05,05,1,0,True,completed
37,known_visit,HIPC,ideal,1.0,34,1156,14,10,hipc_g34_d85_ideal,reruns\grid_density\scenarios\cv\known_visit_grid34_targets10_trials50.csv,5,10,26,17.52303665550272,17.52303665550272,10,10,1,0,True,completed
37,known_visit,HIPC,ideal,1.0,34,1156,14,10,hipc_g34_d85_ideal,reruns\grid_density\scenarios\cv\known_visit_grid34_targets10_trials50.csv,6,2,28,1.913755511500537,1.913755511500537,11,11,1,0,True,completed
37,known_visit,HIPC,ideal,1.0,34,1156,14,10,hipc_g34_d85_ideal,reruns\grid_density\scenarios\cv\known_visit_grid34_targets10_trials50.csv,7,23,10,43.61939389296259,43.61939389296259,05,05,1,0,True,completed
37,known_visit,HIPC,ideal,1.0,34,1156,14,10,hipc_g34_d85_ideal,reruns\grid_density\scenarios\cv\known_visit_grid34_targets10_trials50.csv,8,17,23,45.54521984619809,45.54521984619809,10,10,1,0,True,completed
37,known_visit,HIPC,ideal,1.0,34,1156,14,10,hipc_g34_d85_ideal,reruns\grid_density\scenarios\cv\known_visit_grid34_targets10_trials50.csv,9,4,17,7.271221088588344,7.271221088588344,07,07,1,0,True,completed
37,known_visit,HIPC,ideal,1.0,34,1156,14,10,hipc_g34_d85_ideal,reruns\grid_density\scenarios\cv\known_visit_grid34_targets10_trials50.csv,10,29,22,82.62583724989143,82.62583724989143,10,10,1,0,True,completed
38,known_visit,HIPC,ideal,1.0,34,1156,14,10,hipc_g34_d85_ideal,reruns\grid_density\scenarios\cv\known_visit_grid34_targets10_trials50.csv,1,33,12,63.65640247017775,63.65640247017775,05,05,1,0,True,completed
38,known_visit,HIPC,ideal,1.0,34,1156,14,10,hipc_g34_d85_ideal,reruns\grid_density\scenarios\cv\known_visit_grid34_targets10_trials50.csv,2,33,15,68.97159647321439,68.97159647321439,05,05,1,0,True,completed
38,known_visit,HIPC,ideal,1.0,34,1156,14,10,hipc_g34_d85_ideal,reruns\grid_density\scenarios\cv\known_visit_grid34_targets10_trials50.csv,3,22,7,41.896723970568516,41.896723970568516,04,04,1,0,True,completed
38,known_visit,HIPC,ideal,1.0,34,1156,14,10,hipc_g34_d85_ideal,reruns\grid_density\scenarios\cv\known_visit_grid34_targets10_trials50.csv,4,30,10,54.57911503095366,54.57911503095366,05,05,1,0,True,completed
38,known_visit,HIPC,ideal,1.0,34,1156,14,10,hipc_g34_d85_ideal,reruns\grid_density\scenarios\cv\known_visit_grid34_targets10_trials50.csv,5,5,19,8.862413278379979,8.862413278379979,07,07,1,0,True,completed
38,known_visit,HIPC,ideal,1.0,34,1156,14,10,hipc_g34_d85_ideal,reruns\grid_density\scenarios\cv\known_visit_grid34_targets10_trials50.csv,6,27,13,44.33797639855555,44.33797639855555,05,05,1,0,True,completed
38,known_visit,HIPC,ideal,1.0,34,1156,14,10,hipc_g34_d85_ideal,reruns\grid_density\scenarios\cv\known_visit_grid34_targets10_trials50.csv,7,8,8,12.028234132042927,12.028234132042927,03,03,1,0,True,completed
38,known_visit,HIPC,ideal,1.0,34,1156,14,10,hipc_g34_d85_ideal,reruns\grid_density\scenarios\cv\known_visit_grid34_targets10_trials50.csv,8,12,28,18.773421931458863,18.773421931458863,11,11,1,0,True,completed
38,known_visit,HIPC,ideal,1.0,34,1156,14,10,hipc_g34_d85_ideal,reruns\grid_density\scenarios\cv\known_visit_grid34_targets10_trials50.csv,9,15,2,26.337478124348706,26.337478124348706,01,01,1,0,True,completed
38,known_visit,HIPC,ideal,1.0,34,1156,14,10,hipc_g34_d85_ideal,reruns\grid_density\scenarios\cv\known_visit_grid34_targets10_trials50.csv,10,11,8,17.102418101791702,17.102418101791702,03,03,1,0,True,completed
39,known_visit,HIPC,ideal,1.0,34,1156,14,10,hipc_g34_d85_ideal,reruns\grid_density\scenarios\cv\known_visit_grid34_targets10_trials50.csv,1,16,17,27.925584513041898,27.925584513041898,07,07,1,0,True,completed
39,known_visit,HIPC,ideal,1.0,34,1156,14,10,hipc_g34_d85_ideal,reruns\grid_density\scenarios\cv\known_visit_grid34_targets10_trials50.csv,2,20,16,36.66328067031544,36.66328067031544,07,07,1,0,True,completed
39,known_visit,HIPC,ideal,1.0,34,1156,14,10,hipc_g34_d85_ideal,reruns\grid_density\scenarios\cv\known_visit_grid34_targets10_trials50.csv,3,23,6,41.46961209150296,41.46961209150296,03,03,1,0,True,completed
39,known_visit,HIPC,ideal,1.0,34,1156,14,10,hipc_g34_d85_ideal,reruns\grid_density\scenarios\cv\known_visit_grid34_targets10_trials50.csv,4,25,15,47.36925493735619,47.36925493735619,07,07,1,0,True,completed
39,known_visit,HIPC,ideal,1.0,34,1156,14,10,hipc_g34_d85_ideal,reruns\grid_density\scenarios\cv\known_visit_grid34_targets10_trials50.csv,5,29,27,55.421761776218844,55.421761776218844,09,09,1,0,True,completed
39,known_visit,HIPC,ideal,1.0,34,1156,14,10,hipc_g34_d85_ideal,reruns\grid_density\scenarios\cv\known_visit_grid34_targets10_trials50.csv,6,23,8,37.91491815791625,37.91491815791625,03,03,1,0,True,completed
39,known_visit,HIPC,ideal,1.0,34,1156,14,10,hipc_g34_d85_ideal,reruns\grid_density\scenarios\cv\known_visit_grid34_targets10_trials50.csv,7,31,13,61.087158176191124,61.087158176191124,07,07,1,0,True,completed
39,known_visit,HIPC,ideal,1.0,34,1156,14,10,hipc_g34_d85_ideal,reruns\grid_density\scenarios\cv\known_visit_grid34_targets10_trials50.csv,8,19,24,33.03998761796492,33.03998761796492,09,09,1,0,True,completed
39,known_visit,HIPC,ideal,1.0,34,1156,14,10,hipc_g34_d85_ideal,reruns\grid_density\scenarios\cv\known_visit_grid34_targets10_trials50.csv,9,9,4,15.636933036329946,15.636933036329946,01,01,1,0,True,completed
39,known_visit,HIPC,ideal,1.0,34,1156,14,10,hipc_g34_d85_ideal,reruns\grid_density\scenarios\cv\known_visit_grid34_targets10_trials50.csv,10,2,18,1.9415079518957774,1.9415079518957774,07,07,1,0,True,completed
40,known_visit,HIPC,ideal,1.0,34,1156,14,10,hipc_g34_d85_ideal,reruns\grid_density\scenarios\cv\known_visit_grid34_targets10_trials50.csv,1,32,32,54.572052621404126,54.572052621404126,13,13,1,0,True,completed
40,known_visit,HIPC,ideal,1.0,34,1156,14,10,hipc_g34_d85_ideal,reruns\grid_density\scenarios\cv\known_visit_grid34_targets10_trials50.csv,2,5,25,10.6551633084316,10.6551633084316,09,09,1,0,True,completed
40,known_visit,HIPC,ideal,1.0,34,1156,14,10,hipc_g34_d85_ideal,reruns\grid_density\scenarios\cv\known_visit_grid34_targets10_trials50.csv,3,3,23,3.586531335075064,3.586531335075064,09,09,1,0,True,completed
40,known_visit,HIPC,ideal,1.0,34,1156,14,10,hipc_g34_d85_ideal,reruns\grid_density\scenarios\cv\known_visit_grid34_targets10_trials50.csv,4,6,31,10.670018613920174,10.670018613920174,12,12,1,0,True,completed
40,known_visit,HIPC,ideal,1.0,34,1156,14,10,hipc_g34_d85_ideal,reruns\grid_density\scenarios\cv\known_visit_grid34_targets10_trials50.csv,5,15,13,27.504795313073426,27.504795313073426,06,06,1,0,True,completed
40,known_visit,HIPC,ideal,1.0,34,1156,14,10,hipc_g34_d85_ideal,reruns\grid_density\scenarios\cv\known_visit_grid34_targets10_trials50.csv,6,23,16,46.84643232289535,46.84643232289535,06,06,1,0,True,completed
40,known_visit,HIPC,ideal,1.0,34,1156,14,10,hipc_g34_d85_ideal,reruns\grid_density\scenarios\cv\known_visit_grid34_targets10_trials50.csv,7,32,13,63.027023848457084,63.027023848457084,04,04,1,0,True,completed
40,known_visit,HIPC,ideal,1.0,34,1156,14,10,hipc_g34_d85_ideal,reruns\grid_density\scenarios\cv\known_visit_grid34_targets10_trials50.csv,8,22,26,66.13745875861898,66.13745875861898,06,06,1,0,True,completed
40,known_visit,HIPC,ideal,1.0,34,1156,14,10,hipc_g34_d85_ideal,reruns\grid_density\scenarios\cv\known_visit_grid34_targets10_trials50.csv,9,29,33,47.33862398055344,47.33862398055344,13,13,1,0,True,completed
40,known_visit,HIPC,ideal,1.0,34,1156,14,10,hipc_g34_d85_ideal,reruns\grid_density\scenarios\cv\known_visit_grid34_targets10_trials50.csv,10,12,11,20.818320927546942,20.818320927546942,04,04,1,0,True,completed
41,known_visit,HIPC,ideal,1.0,34,1156,14,10,hipc_g34_d85_ideal,reruns\grid_density\scenarios\cv\known_visit_grid34_targets10_trials50.csv,1,33,3,60.74247132829575,60.74247132829575,00,00,1,0,True,completed
41,known_visit,HIPC,ideal,1.0,34,1156,14,10,hipc_g34_d85_ideal,reruns\grid_density\scenarios\cv\known_visit_grid34_targets10_trials50.csv,2,19,23,47.10103400763202,47.10103400763202,07,07,1,0,True,completed
41,known_visit,HIPC,ideal,1.0,34,1156,14,10,hipc_g34_d85_ideal,reruns\grid_density\scenarios\cv\known_visit_grid34_targets10_trials50.csv,3,29,19,86.15546056126398,86.15546056126398,07,07,1,0,True,completed
41,known_visit,HIPC,ideal,1.0,34,1156,14,10,hipc_g34_d85_ideal,reruns\grid_density\scenarios\cv\known_visit_grid34_targets10_trials50.csv,4,7,29,17.70854211719211,17.70854211719211,10,10,1,0,True,completed
41,known_visit,HIPC,ideal,1.0,34,1156,14,10,hipc_g34_d85_ideal,reruns\grid_density\scenarios\cv\known_visit_grid34_targets10_trials50.csv,5,14,33,22.330483733202087,22.330483733202087,13,13,1,0,True,completed
41,known_visit,HIPC,ideal,1.0,34,1156,14,10,hipc_g34_d85_ideal,reruns\grid_density\scenarios\cv\known_visit_grid34_targets10_trials50.csv,6,20,2,36.96932785744707,36.96932785744707,00,00,1,0,True,completed
41,known_visit,HIPC,ideal,1.0,34,1156,14,10,hipc_g34_d85_ideal,reruns\grid_density\scenarios\cv\known_visit_grid34_targets10_trials50.csv,7,30,25,70.05600025126418,70.05600025126418,07,07,1,0,True,completed
41,known_visit,HIPC,ideal,1.0,34,1156,14,10,hipc_g34_d85_ideal,reruns\grid_density\scenarios\cv\known_visit_grid34_targets10_trials50.csv,8,14,25,34.829769618106454,34.829769618106454,07,07,1,0,True,completed
41,known_visit,HIPC,ideal,1.0,34,1156,14,10,hipc_g34_d85_ideal,reruns\grid_density\scenarios\cv\known_visit_grid34_targets10_trials50.csv,9,7,1,12.556493211534486,12.556493211534486,00,00,1,0,True,completed
41,known_visit,HIPC,ideal,1.0,34,1156,14,10,hipc_g34_d85_ideal,reruns\grid_density\scenarios\cv\known_visit_grid34_targets10_trials50.csv,10,1,27,2.3409548291247275,2.3409548291247275,11,11,1,0,True,completed
42,known_visit,HIPC,ideal,1.0,34,1156,14,10,hipc_g34_d85_ideal,reruns\grid_density\scenarios\cv\known_visit_grid34_targets10_trials50.csv,1,11,32,19.05819908447993,19.05819908447993,13,13,1,0,True,completed
42,known_visit,HIPC,ideal,1.0,34,1156,14,10,hipc_g34_d85_ideal,reruns\grid_density\scenarios\cv\known_visit_grid34_targets10_trials50.csv,2,21,13,45.433792687165784,45.433792687165784,05,05,1,0,True,completed
42,known_visit,HIPC,ideal,1.0,34,1156,14,10,hipc_g34_d85_ideal,reruns\grid_density\scenarios\cv\known_visit_grid34_targets10_trials50.csv,3,10,16,20.885738899007265,20.885738899007265,05,05,1,0,True,completed
42,known_visit,HIPC,ideal,1.0,34,1156,14,10,hipc_g34_d85_ideal,reruns\grid_density\scenarios\cv\known_visit_grid34_targets10_trials50.csv,4,12,22,20.909950576819742,20.909950576819742,09,09,1,0,True,completed
42,known_visit,HIPC,ideal,1.0,34,1156,14,10,hipc_g34_d85_ideal,reruns\grid_density\scenarios\cv\known_visit_grid34_targets10_trials50.csv,5,27,14,57.82331464664372,57.82331464664372,05,05,1,0,True,completed
42,known_visit,HIPC,ideal,1.0,34,1156,14,10,hipc_g34_d85_ideal,reruns\grid_density\scenarios\cv\known_visit_grid34_targets10_trials50.csv,6,2,23,1.9963455658986107,1.9963455658986107,09,09,1,0,True,completed
42,known_visit,HIPC,ideal,1.0,34,1156,14,10,hipc_g34_d85_ideal,reruns\grid_density\scenarios\cv\known_visit_grid34_targets10_trials50.csv,7,27,21,48.114303085343806,48.114303085343806,09,09,1,0,True,completed
42,known_visit,HIPC,ideal,1.0,34,1156,14,10,hipc_g34_d85_ideal,reruns\grid_density\scenarios\cv\known_visit_grid34_targets10_trials50.csv,8,16,7,29.544181352031472,29.544181352031472,02,02,1,0,True,completed
42,known_visit,HIPC,ideal,1.0,34,1156,14,10,hipc_g34_d85_ideal,reruns\grid_density\scenarios\cv\known_visit_grid34_targets10_trials50.csv,9,20,21,36.36511423578505,36.36511423578505,09,09,1,0,True,completed
42,known_visit,HIPC,ideal,1.0,34,1156,14,10,hipc_g34_d85_ideal,reruns\grid_density\scenarios\cv\known_visit_grid34_targets10_trials50.csv,10,8,9,13.92858447080495,13.92858447080495,03,03,1,0,True,completed
43,known_visit,HIPC,ideal,1.0,34,1156,14,10,hipc_g34_d85_ideal,reruns\grid_density\scenarios\cv\known_visit_grid34_targets10_trials50.csv,1,7,22,12.401050748353962,12.401050748353962,09,09,1,0,True,completed
43,known_visit,HIPC,ideal,1.0,34,1156,14,10,hipc_g34_d85_ideal,reruns\grid_density\scenarios\cv\known_visit_grid34_targets10_trials50.csv,2,30,0,68.0728050528797,68.0728050528797,00,00,1,0,True,completed
43,known_visit,HIPC,ideal,1.0,34,1156,14,10,hipc_g34_d85_ideal,reruns\grid_density\scenarios\cv\known_visit_grid34_targets10_trials50.csv,3,14,3,31.57069021959792,31.57069021959792,00,00,1,0,True,completed
43,known_visit,HIPC,ideal,1.0,34,1156,14,10,hipc_g34_d85_ideal,reruns\grid_density\scenarios\cv\known_visit_grid34_targets10_trials50.csv,4,15,1,26.26547602217834,26.26547602217834,00,00,1,0,True,completed
43,known_visit,HIPC,ideal,1.0,34,1156,14,10,hipc_g34_d85_ideal,reruns\grid_density\scenarios\cv\known_visit_grid34_targets10_trials50.csv,5,10,17,26.270238560494096,26.270238560494096,09,09,1,0,True,completed
43,known_visit,HIPC,ideal,1.0,34,1156,14,10,hipc_g34_d85_ideal,reruns\grid_density\scenarios\cv\known_visit_grid34_targets10_trials50.csv,6,9,7,17.362406315869812,17.362406315869812,02,02,1,0,True,completed
43,known_visit,HIPC,ideal,1.0,34,1156,14,10,hipc_g34_d85_ideal,reruns\grid_density\scenarios\cv\known_visit_grid34_targets10_trials50.csv,7,13,30,20.726386409963172,20.726386409963172,12,12,1,0,True,completed
43,known_visit,HIPC,ideal,1.0,34,1156,14,10,hipc_g34_d85_ideal,reruns\grid_density\scenarios\cv\known_visit_grid34_targets10_trials50.csv,8,3,2,5.59357138382207,5.59357138382207,01,01,1,0,True,completed
43,known_visit,HIPC,ideal,1.0,34,1156,14,10,hipc_g34_d85_ideal,reruns\grid_density\scenarios\cv\known_visit_grid34_targets10_trials50.csv,9,15,8,29.74843574379605,29.74843574379605,02,02,1,0,True,completed
43,known_visit,HIPC,ideal,1.0,34,1156,14,10,hipc_g34_d85_ideal,reruns\grid_density\scenarios\cv\known_visit_grid34_targets10_trials50.csv,10,3,9,5.3933139534573025,5.3933139534573025,04,04,1,0,True,completed
44,known_visit,HIPC,ideal,1.0,34,1156,14,10,hipc_g34_d85_ideal,reruns\grid_density\scenarios\cv\known_visit_grid34_targets10_trials50.csv,1,3,4,5.654059559593052,5.654059559593052,01,01,1,0,True,completed
44,known_visit,HIPC,ideal,1.0,34,1156,14,10,hipc_g34_d85_ideal,reruns\grid_density\scenarios\cv\known_visit_grid34_targets10_trials50.csv,2,15,1,33.367421109306825,33.367421109306825,00,00,1,0,True,completed
44,known_visit,HIPC,ideal,1.0,34,1156,14,10,hipc_g34_d85_ideal,reruns\grid_density\scenarios\cv\known_visit_grid34_targets10_trials50.csv,3,20,24,35.080125000987,35.080125000987,09,09,1,0,True,completed
44,known_visit,HIPC,ideal,1.0,34,1156,14,10,hipc_g34_d85_ideal,reruns\grid_density\scenarios\cv\known_visit_grid34_targets10_trials50.csv,4,31,27,59.224403146531216,59.224403146531216,09,09,1,0,True,completed
44,known_visit,HIPC,ideal,1.0,34,1156,14,10,hipc_g34_d85_ideal,reruns\grid_density\scenarios\cv\known_visit_grid34_targets10_trials50.csv,5,14,31,23.944842661544218,23.944842661544218,12,12,1,0,True,completed
44,known_visit,HIPC,ideal,1.0,34,1156,14,10,hipc_g34_d85_ideal,reruns\grid_density\scenarios\cv\known_visit_grid34_targets10_trials50.csv,6,10,3,20.825544949825876,20.825544949825876,00,00,1,0,True,completed
44,known_visit,HIPC,ideal,1.0,34,1156,14,10,hipc_g34_d85_ideal,reruns\grid_density\scenarios\cv\known_visit_grid34_targets10_trials50.csv,7,12,24,21.05754737391324,21.05754737391324,09,09,1,0,True,completed
44,known_visit,HIPC,ideal,1.0,34,1156,14,10,hipc_g34_d85_ideal,reruns\grid_density\scenarios\cv\known_visit_grid34_targets10_trials50.csv,8,10,10,15.401904033450577,15.401904033450577,04,04,1,0,True,completed
44,known_visit,HIPC,ideal,1.0,34,1156,14,10,hipc_g34_d85_ideal,reruns\grid_density\scenarios\cv\known_visit_grid34_targets10_trials50.csv,9,19,1,40.692569949634056,40.692569949634056,00,00,1,0,True,completed
44,known_visit,HIPC,ideal,1.0,34,1156,14,10,hipc_g34_d85_ideal,reruns\grid_density\scenarios\cv\known_visit_grid34_targets10_trials50.csv,10,16,16,35.90464122332349,35.90464122332349,04,04,1,0,True,completed
45,known_visit,HIPC,ideal,1.0,34,1156,14,10,hipc_g34_d85_ideal,reruns\grid_density\scenarios\cv\known_visit_grid34_targets10_trials50.csv,1,26,4,46.240153840852834,46.240153840852834,01,01,1,0,True,completed
45,known_visit,HIPC,ideal,1.0,34,1156,14,10,hipc_g34_d85_ideal,reruns\grid_density\scenarios\cv\known_visit_grid34_targets10_trials50.csv,2,12,4,22.02193186932456,22.02193186932456,01,01,1,0,True,completed
45,known_visit,HIPC,ideal,1.0,34,1156,14,10,hipc_g34_d85_ideal,reruns\grid_density\scenarios\cv\known_visit_grid34_targets10_trials50.csv,3,11,3,18.178154654504535,18.178154654504535,01,01,1,0,True,completed
45,known_visit,HIPC,ideal,1.0,34,1156,14,10,hipc_g34_d85_ideal,reruns\grid_density\scenarios\cv\known_visit_grid34_targets10_trials50.csv,4,14,27,24.77039748963525,24.77039748963525,11,11,1,0,True,completed
45,known_visit,HIPC,ideal,1.0,34,1156,14,10,hipc_g34_d85_ideal,reruns\grid_density\scenarios\cv\known_visit_grid34_targets10_trials50.csv,5,2,22,3.820331944814219,3.820331944814219,09,09,1,0,True,completed
45,known_visit,HIPC,ideal,1.0,34,1156,14,10,hipc_g34_d85_ideal,reruns\grid_density\scenarios\cv\known_visit_grid34_targets10_trials50.csv,6,3,27,5.62445746005933,5.62445746005933,11,11,1,0,True,completed
45,known_visit,HIPC,ideal,1.0,34,1156,14,10,hipc_g34_d85_ideal,reruns\grid_density\scenarios\cv\known_visit_grid34_targets10_trials50.csv,7,23,24,45.24517796000582,45.24517796000582,11,11,1,0,True,completed
45,known_visit,HIPC,ideal,1.0,34,1156,14,10,hipc_g34_d85_ideal,reruns\grid_density\scenarios\cv\known_visit_grid34_targets10_trials50.csv,8,17,9,32.22059739849811,32.22059739849811,03,03,1,0,True,completed
45,known_visit,HIPC,ideal,1.0,34,1156,14,10,hipc_g34_d85_ideal,reruns\grid_density\scenarios\cv\known_visit_grid34_targets10_trials50.csv,9,3,17,5.800084680287307,5.800084680287307,07,07,1,0,True,completed
45,known_visit,HIPC,ideal,1.0,34,1156,14,10,hipc_g34_d85_ideal,reruns\grid_density\scenarios\cv\known_visit_grid34_targets10_trials50.csv,10,5,4,9.09562981541636,9.09562981541636,02,02,1,0,True,completed
46,known_visit,HIPC,ideal,1.0,34,1156,14,10,hipc_g34_d85_ideal,reruns\grid_density\scenarios\cv\known_visit_grid34_targets10_trials50.csv,1,31,2,57.1948450680277,57.1948450680277,01,01,1,0,True,completed
46,known_visit,HIPC,ideal,1.0,34,1156,14,10,hipc_g34_d85_ideal,reruns\grid_density\scenarios\cv\known_visit_grid34_targets10_trials50.csv,2,30,4,51.66269566280006,51.66269566280006,01,01,1,0,True,completed
46,known_visit,HIPC,ideal,1.0,34,1156,14,10,hipc_g34_d85_ideal,reruns\grid_density\scenarios\cv\known_visit_grid34_targets10_trials50.csv,3,6,23,8.456065598739471,8.456065598739471,09,09,1,0,True,completed
46,known_visit,HIPC,ideal,1.0,34,1156,14,10,hipc_g34_d85_ideal,reruns\grid_density\scenarios\cv\known_visit_grid34_targets10_trials50.csv,4,25,14,46.69989088385591,46.69989088385591,06,06,1,0,True,completed
46,known_visit,HIPC,ideal,1.0,34,1156,14,10,hipc_g34_d85_ideal,reruns\grid_density\scenarios\cv\known_visit_grid34_targets10_trials50.csv,5,11,33,16.99697717204964,16.99697717204964,13,13,1,0,True,completed
46,known_visit,HIPC,ideal,1.0,34,1156,14,10,hipc_g34_d85_ideal,reruns\grid_density\scenarios\cv\known_visit_grid34_targets10_trials50.csv,6,30,8,50.340874809637995,50.340874809637995,03,03,1,0,True,completed
46,known_visit,HIPC,ideal,1.0,34,1156,14,10,hipc_g34_d85_ideal,reruns\grid_density\scenarios\cv\known_visit_grid34_targets10_trials50.csv,7,24,32,41.2688277087172,41.2688277087172,13,13,1,0,True,completed
46,known_visit,HIPC,ideal,1.0,34,1156,14,10,hipc_g34_d85_ideal,reruns\grid_density\scenarios\cv\known_visit_grid34_targets10_trials50.csv,8,18,16,30.949184950631135,30.949184950631135,06,06,1,0,True,completed
46,known_visit,HIPC,ideal,1.0,34,1156,14,10,hipc_g34_d85_ideal,reruns\grid_density\scenarios\cv\known_visit_grid34_targets10_trials50.csv,9,22,3,36.04760322904317,36.04760322904317,01,01,1,0,True,completed
46,known_visit,HIPC,ideal,1.0,34,1156,14,10,hipc_g34_d85_ideal,reruns\grid_density\scenarios\cv\known_visit_grid34_targets10_trials50.csv,10,15,22,25.873220364878073,25.873220364878073,09,09,1,0,True,completed
47,known_visit,HIPC,ideal,1.0,34,1156,14,10,hipc_g34_d85_ideal,reruns\grid_density\scenarios\cv\known_visit_grid34_targets10_trials50.csv,1,15,14,26.093680434908926,26.093680434908926,05,05,1,0,True,completed
47,known_visit,HIPC,ideal,1.0,34,1156,14,10,hipc_g34_d85_ideal,reruns\grid_density\scenarios\cv\known_visit_grid34_targets10_trials50.csv,2,27,28,49.8279194722113,49.8279194722113,10,10,1,0,True,completed
47,known_visit,HIPC,ideal,1.0,34,1156,14,10,hipc_g34_d85_ideal,reruns\grid_density\scenarios\cv\known_visit_grid34_targets10_trials50.csv,3,25,15,44.91097178266523,44.91097178266523,05,05,1,0,True,completed
47,known_visit,HIPC,ideal,1.0,34,1156,14,10,hipc_g34_d85_ideal,reruns\grid_density\scenarios\cv\known_visit_grid34_targets10_trials50.csv,4,13,23,38.32338572476687,38.32338572476687,11,11,1,0,True,completed
47,known_visit,HIPC,ideal,1.0,34,1156,14,10,hipc_g34_d85_ideal,reruns\grid_density\scenarios\cv\known_visit_grid34_targets10_trials50.csv,5,20,25,32.48698552362015,32.48698552362015,10,10,1,0,True,completed
47,known_visit,HIPC,ideal,1.0,34,1156,14,10,hipc_g34_d85_ideal,reruns\grid_density\scenarios\cv\known_visit_grid34_targets10_trials50.csv,6,2,3,6.213535833056293,6.213535833056293,01,01,1,0,True,completed
47,known_visit,HIPC,ideal,1.0,34,1156,14,10,hipc_g34_d85_ideal,reruns\grid_density\scenarios\cv\known_visit_grid34_targets10_trials50.csv,7,4,21,7.169146743258816,7.169146743258816,08,08,1,0,True,completed
47,known_visit,HIPC,ideal,1.0,34,1156,14,10,hipc_g34_d85_ideal,reruns\grid_density\scenarios\cv\known_visit_grid34_targets10_trials50.csv,8,6,13,8.552861968790019,8.552861968790019,05,05,1,0,True,completed
47,known_visit,HIPC,ideal,1.0,34,1156,14,10,hipc_g34_d85_ideal,reruns\grid_density\scenarios\cv\known_visit_grid34_targets10_trials50.csv,9,1,2,2.2316962225656476,2.2316962225656476,01,01,1,0,True,completed
47,known_visit,HIPC,ideal,1.0,34,1156,14,10,hipc_g34_d85_ideal,reruns\grid_density\scenarios\cv\known_visit_grid34_targets10_trials50.csv,10,15,15,27.88594335903063,27.88594335903063,05,05,1,0,True,completed
48,known_visit,HIPC,ideal,1.0,34,1156,14,10,hipc_g34_d85_ideal,reruns\grid_density\scenarios\cv\known_visit_grid34_targets10_trials50.csv,1,22,6,45.91642024434702,45.91642024434702,01,01,1,0,True,completed
48,known_visit,HIPC,ideal,1.0,34,1156,14,10,hipc_g34_d85_ideal,reruns\grid_density\scenarios\cv\known_visit_grid34_targets10_trials50.csv,2,6,16,10.781401694686307,10.781401694686307,06,06,1,0,True,completed
48,known_visit,HIPC,ideal,1.0,34,1156,14,10,hipc_g34_d85_ideal,reruns\grid_density\scenarios\cv\known_visit_grid34_targets10_trials50.csv,3,29,12,52.8409333300341,52.8409333300341,05,05,1,0,True,completed
48,known_visit,HIPC,ideal,1.0,34,1156,14,10,hipc_g34_d85_ideal,reruns\grid_density\scenarios\cv\known_visit_grid34_targets10_trials50.csv,4,27,23,79.08687336648539,79.08687336648539,05,05,1,0,True,completed
48,known_visit,HIPC,ideal,1.0,34,1156,14,10,hipc_g34_d85_ideal,reruns\grid_density\scenarios\cv\known_visit_grid34_targets10_trials50.csv,5,15,4,25.732756947630882,25.732756947630882,01,01,1,0,True,completed
48,known_visit,HIPC,ideal,1.0,34,1156,14,10,hipc_g34_d85_ideal,reruns\grid_density\scenarios\cv\known_visit_grid34_targets10_trials50.csv,6,4,31,7.1163020624551585,7.1163020624551585,12,12,1,0,True,completed
48,known_visit,HIPC,ideal,1.0,34,1156,14,10,hipc_g34_d85_ideal,reruns\grid_density\scenarios\cv\known_visit_grid34_targets10_trials50.csv,7,13,6,23.137246352003892,23.137246352003892,02,02,1,0,True,completed
48,known_visit,HIPC,ideal,1.0,34,1156,14,10,hipc_g34_d85_ideal,reruns\grid_density\scenarios\cv\known_visit_grid34_targets10_trials50.csv,8,9,23,13.710548882069006,13.710548882069006,09,09,1,0,True,completed
48,known_visit,HIPC,ideal,1.0,34,1156,14,10,hipc_g34_d85_ideal,reruns\grid_density\scenarios\cv\known_visit_grid34_targets10_trials50.csv,9,16,17,29.53239024726586,29.53239024726586,06,06,1,0,True,completed
48,known_visit,HIPC,ideal,1.0,34,1156,14,10,hipc_g34_d85_ideal,reruns\grid_density\scenarios\cv\known_visit_grid34_targets10_trials50.csv,10,20,3,36.72791698574685,36.72791698574685,01,01,1,0,True,completed
49,known_visit,HIPC,ideal,1.0,34,1156,14,10,hipc_g34_d85_ideal,reruns\grid_density\scenarios\cv\known_visit_grid34_targets10_trials50.csv,1,13,7,22.89910352774255,22.89910352774255,03,03,1,0,True,completed
49,known_visit,HIPC,ideal,1.0,34,1156,14,10,hipc_g34_d85_ideal,reruns\grid_density\scenarios\cv\known_visit_grid34_targets10_trials50.csv,2,7,5,10.476197226244224,10.476197226244224,02,02,1,0,True,completed
49,known_visit,HIPC,ideal,1.0,34,1156,14,10,hipc_g34_d85_ideal,reruns\grid_density\scenarios\cv\known_visit_grid34_targets10_trials50.csv,3,30,25,58.566633287641004,58.566633287641004,12,12,1,0,True,completed
49,known_visit,HIPC,ideal,1.0,34,1156,14,10,hipc_g34_d85_ideal,reruns\grid_density\scenarios\cv\known_visit_grid34_targets10_trials50.csv,4,2,21,3.9424329583734927,3.9424329583734927,08,08,1,0,True,completed
49,known_visit,HIPC,ideal,1.0,34,1156,14,10,hipc_g34_d85_ideal,reruns\grid_density\scenarios\cv\known_visit_grid34_targets10_trials50.csv,5,18,24,36.1971359099483,36.1971359099483,11,11,1,0,True,completed
49,known_visit,HIPC,ideal,1.0,34,1156,14,10,hipc_g34_d85_ideal,reruns\grid_density\scenarios\cv\known_visit_grid34_targets10_trials50.csv,6,2,2,3.9470483746521254,3.9470483746521254,01,01,1,0,True,completed
49,known_visit,HIPC,ideal,1.0,34,1156,14,10,hipc_g34_d85_ideal,reruns\grid_density\scenarios\cv\known_visit_grid34_targets10_trials50.csv,7,24,30,39.71214995557239,39.71214995557239,12,12,1,0,True,completed
49,known_visit,HIPC,ideal,1.0,34,1156,14,10,hipc_g34_d85_ideal,reruns\grid_density\scenarios\cv\known_visit_grid34_targets10_trials50.csv,8,11,27,19.212360496716126,19.212360496716126,11,11,1,0,True,completed
49,known_visit,HIPC,ideal,1.0,34,1156,14,10,hipc_g34_d85_ideal,reruns\grid_density\scenarios\cv\known_visit_grid34_targets10_trials50.csv,9,11,1,24.517331904625635,24.517331904625635,02,02,1,0,True,completed
49,known_visit,HIPC,ideal,1.0,34,1156,14,10,hipc_g34_d85_ideal,reruns\grid_density\scenarios\cv\known_visit_grid34_targets10_trials50.csv,10,14,12,33.63765407392913,33.63765407392913,03,03,1,0,True,completed
