trial_id,trial_mode,algorithm,comm_model,comm_level,grid_size,grid_cells,robot_count,target_count,condition_id,scenario_file,robot_id,steps_total,targets_found,task_cell_revisits,unique_cells_contributed,system_revisits_by_robot,task_cell_replans,path_replans,collision_prevention_events,blocked_task_quarantines,blocked_task_quarantine_time_s,maximum_quarantine_level,stall_recoveries,messages_sent,core_messages_sent,allocation_messages_sent,messages_delivered_to_robot,messages_dropped_to_robot,allocator_calls,allocator_time_ms_total,allocator_time_ms_mean,allocator_time_ms_median,allocator_time_ms_p95,allocator_time_ms_max,allocator_solve_time_ms_total,allocator_solve_time_ms_mean,allocator_solve_time_ms_median,allocator_solve_time_ms_p95,allocator_solve_time_ms_max,candidate_filter_calls,candidate_filter_time_ms_total,candidate_filter_time_ms_mean,candidate_filter_time_ms_median,candidate_filter_time_ms_p95,candidate_filter_time_ms_max,trial_status
0,known_visit,PI,bernoulli,drop_0.25,25,625,8,10,pi_g25_d85_bernoulli_drop_0_25,reruns\grid_density\scenarios\cv\known_visit_grid25_targets10_trials50.csv,00,20,2,0,19,2,0,0,0,0,0.0,0,0,46,42,4,365,64,38,19.9457,0.5248868421052632,0.4664,1.066,1.4021,13.453,0.3540263157894737,0.28325,0.9406,1.066,35,6.4927,0.1855057142857143,0.1805,0.23,0.2315,completed
0,known_visit,PI,bernoulli,drop_0.25,25,625,8,10,pi_g25_d85_bernoulli_drop_0_25,reruns\grid_density\scenarios\cv\known_visit_grid25_targets10_trials50.csv,01,29,4,0,30,0,1,0,0,0,0.0,0,0,71,59,12,342,61,8,7.1339,0.8917375,0.79535,1.5706,1.5706,5.2118,0.651475,0.5388999999999999,1.096,1.096,8,1.9221,0.2402625,0.22395,0.3915,0.3915,completed
0,known_visit,PI,bernoulli,drop_0.25,25,625,8,10,pi_g25_d85_bernoulli_drop_0_25,reruns\grid_density\scenarios\cv\known_visit_grid25_targets10_trials50.csv,02,22,0,1,18,5,2,0,0,0,0.0,0,0,57,47,10,348,70,31,19.3897,0.6254741935483872,0.5068,1.392,1.4365,13.1783,0.4251064516129032,0.3234,0.939,0.9628,31,6.2114,0.20036774193548387,0.1897,0.239,0.2741,completed
0,known_visit,PI,bernoulli,drop_0.25,25,625,8,10,pi_g25_d85_bernoulli_drop_0_25,reruns\grid_density\scenarios\cv\known_visit_grid25_targets10_trials50.csv,03,24,0,2,16,9,1,0,0,0,0.0,0,0,64,52,12,345,65,25,21.8711,0.874844,0.799,1.4161,1.4938,15.0633,0.602532,0.5549,0.9507,1.1651,29,6.8078,0.23475172413793105,0.2339,0.2757,0.3287,completed
0,known_visit,PI,bernoulli,drop_0.25,25,625,8,10,pi_g25_d85_bernoulli_drop_0_25,reruns\grid_density\scenarios\cv\known_visit_grid25_targets10_trials50.csv,04,25,0,1,22,4,0,3,1,1,5.0,1,0,59,52,7,358,58,19,12.9663,0.6824368421052632,0.5407,1.4044,1.4044,8.7423,0.46012105263157893,0.3347,0.9436,0.9436,20,4.224,0.2112,0.1895,0.2601,0.3248,completed
0,known_visit,PI,bernoulli,drop_0.25,25,625,8,10,pi_g25_d85_bernoulli_drop_0_25,reruns\grid_density\scenarios\cv\known_visit_grid25_targets10_trials50.csv,05,29,2,0,30,0,2,0,0,0,0.0,0,0,67,59,8,343,65,8,6.0091,0.7511375,0.5685,1.6513,1.6513,4.632,0.579,0.48385,1.1171,1.1171,6,1.3771,0.22951666666666667,0.23120000000000002,0.27,0.27,completed
0,known_visit,PI,bernoulli,drop_0.25,25,625,8,10,pi_g25_d85_bernoulli_drop_0_25,reruns\grid_density\scenarios\cv\known_visit_grid25_targets10_trials50.csv,06,21,1,0,22,0,0,0,0,0,0.0,0,0,53,44,9,361,61,34,19.6313,0.5773911764705882,0.50265,0.993,1.3987,13.3262,0.3919470588235294,0.31925000000000003,0.9402,0.9476,32,6.3051,0.197034375,0.18805,0.2442,0.345,completed
0,known_visit,PI,bernoulli,drop_0.25,25,625,8,10,pi_g25_d85_bernoulli_drop_0_25,reruns\grid_density\scenarios\cv\known_visit_grid25_targets10_trials50.csv,07,26,1,0,27,0,0,0,0,0,0.0,0,0,58,54,4,365,51,20,10.7846,0.53923,0.49429999999999996,0.6608,1.4122,7.8731,0.393655,0.33145,0.5293,0.9482,15,2.9115,0.19410000000000002,0.1828,0.2728,0.2728,completed
1,known_visit,PI,bernoulli,drop_0.25,25,625,8,10,pi_g25_d85_bernoulli_drop_0_25,reruns\grid_density\scenarios\cv\known_visit_grid25_targets10_trials50.csv,00,23,1,0,16,8,0,5,5,0,0.0,0,0,54,49,5,325,52,8,5.8515,0.7314375,0.5296000000000001,1.3997,1.3997,4.517,0.564625,0.51805,0.9421,0.9421,6,1.3345,0.22241666666666668,0.2288,0.2487,0.2487,completed
1,known_visit,PI,bernoulli,drop_0.25,25,625,8,10,pi_g25_d85_bernoulli_drop_0_25,reruns\grid_density\scenarios\cv\known_visit_grid25_targets10_trials50.csv,01,23,2,0,24,0,2,0,0,0,0.0,0,0,57,48,9,320,54,11,7.3989,0.6726272727272727,0.5394,1.3806,1.3806,5.7403,0.5218454545454546,0.4519,0.9233,0.9233,8,1.6586,0.207325,0.19425,0.2405,0.2405,completed
1,known_visit,PI,bernoulli,drop_0.25,25,625,8,10,pi_g25_d85_bernoulli_drop_0_25,reruns\grid_density\scenarios\cv\known_visit_grid25_targets10_trials50.csv,02,23,1,0,24,0,0,0,0,0,0.0,0,0,60,47,13,314,56,9,7.5168,0.8351999999999999,0.8765,1.3587,1.3587,5.7008,0.6334222222222222,0.6804,0.9018,0.9018,8,1.816,0.227,0.2302,0.2583,0.2583,completed
1,known_visit,PI,bernoulli,drop_0.25,25,625,8,10,pi_g25_d85_bernoulli_drop_0_25,reruns\grid_density\scenarios\cv\known_visit_grid25_targets10_trials50.csv,03,23,1,1,22,2,0,0,0,0,0.0,0,0,54,47,7,324,52,9,7.1917,0.7990777777777778,0.6309,1.8144,1.8144,5.925800000000001,0.6584222222222222,0.6309,1.3357,1.3357,5,1.2659,0.25318,0.2346,0.3708,0.3708,completed
1,known_visit,PI,bernoulli,drop_0.25,25,625,8,10,pi_g25_d85_bernoulli_drop_0_25,reruns\grid_density\scenarios\cv\known_visit_grid25_targets10_trials50.csv,04,13,3,0,13,1,0,0,0,0,0.0,0,0,36,28,8,343,51,43,32.5946,0.7580139534883721,0.6609,1.1666,1.3673,21.6506,0.5035023255813954,0.4381,0.7897,0.9125,44,10.944,0.24872727272727274,0.22135,0.3856,0.3958,completed
1,known_visit,PI,bernoulli,drop_0.25,25,625,8,10,pi_g25_d85_bernoulli_drop_0_25,reruns\grid_density\scenarios\cv\known_visit_grid25_targets10_trials50.csv,05,23,0,1,17,7,0,0,0,0,0.0,0,0,58,47,11,326,47,8,7.8372,0.97965,0.90615,1.5475,1.5475,6.0342,0.754275,0.7888999999999999,1.1418,1.1418,7,1.803,0.25757142857142856,0.238,0.4057,0.4057,completed
1,known_visit,PI,bernoulli,drop_0.25,25,625,8,10,pi_g25_d85_bernoulli_drop_0_25,reruns\grid_density\scenarios\cv\known_visit_grid25_targets10_trials50.csv,06,23,0,1,20,4,0,0,0,0,0.0,0,0,55,47,8,323,53,7,7.1507000000000005,1.0215285714285716,1.1559,1.3847,1.3847,4.9381,0.7054428571428571,0.7142,0.927,0.927,7,2.2126,0.3160857142857143,0.236,0.5593,0.5593,completed
1,known_visit,PI,bernoulli,drop_0.25,25,625,8,10,pi_g25_d85_bernoulli_drop_0_25,reruns\grid_density\scenarios\cv\known_visit_grid25_targets10_trials50.csv,07,24,2,0,25,0,1,0,0,0,0.0,0,0,58,49,9,324,50,8,7.298,0.91225,0.714,2.1788,2.1788,5.7553,0.7194125,0.57135,1.4911,1.4911,6,1.5427,0.25711666666666666,0.235,0.3477,0.3477,completed
2,known_visit,PI,bernoulli,drop_0.25,25,625,8,10,pi_g25_d85_bernoulli_drop_0_25,reruns\grid_density\scenarios\cv\known_visit_grid25_targets10_trials50.csv,00,36,3,0,36,1,0,1,1,0,0.0,0,0,83,73,10,476,75,8,7.0219000000000005,0.8777375000000001,0.8911,1.4658,1.4658,5.0776,0.6347,0.58665,0.9783,0.9783,8,1.9443,0.2430375,0.2412,0.296,0.296,completed
2,known_visit,PI,bernoulli,drop_0.25,25,625,8,10,pi_g25_d85_bernoulli_drop_0_25,reruns\grid_density\scenarios\cv\known_visit_grid25_targets10_trials50.csv,01,36,1,0,36,1,2,3,1,1,5.0,1,0,92,74,18,464,78,11,9.6388,0.8762545454545454,0.77,1.4717,1.4717,6.9601,0.6327363636363637,0.5444,0.981,0.981,10,2.6787,0.26787,0.2392,0.4479,0.4479,completed
2,known_visit,PI,bernoulli,drop_0.25,25,625,8,10,pi_g25_d85_bernoulli_drop_0_25,reruns\grid_density\scenarios\cv\known_visit_grid25_targets10_trials50.csv,02,34,2,1,31,4,1,0,0,0,0.0,0,0,85,71,14,466,84,16,13.9759,0.87349375,0.75295,1.7391,1.7391,9.6319,0.60199375,0.51595,1.0432,1.0432,16,4.344,0.2715,0.24764999999999998,0.3485,0.3485,completed
2,known_visit,PI,bernoulli,drop_0.25,25,625,8,10,pi_g25_d85_bernoulli_drop_0_25,reruns\grid_density\scenarios\cv\known_visit_grid25_targets10_trials50.csv,03,35,2,1,32,4,0,0,0,0,0.0,0,0,83,71,12,466,86,7,6.8106,0.9729428571428571,0.9302,1.5887,1.5887,4.9725,0.7103571428571429,0.6858,1.0597,1.0597,7,1.8380999999999998,0.26258571428571426,0.2585,0.3267,0.3267,completed
2,known_visit,PI,bernoulli,drop_0.25,25,625,8,10,pi_g25_d85_bernoulli_drop_0_25,reruns\grid_density\scenarios\cv\known_visit_grid25_targets10_trials50.csv,04,34,0,1,25,10,2,1,1,0,0.0,0,0,85,71,14,470,80,12,11.3682,0.94735,0.7798499999999999,2.0717,2.0717,7.8505,0.6542083333333334,0.52025,1.5238,1.5238,14,3.5177,0.2512642857142857,0.24155,0.3574,0.3574,completed
2,known_visit,PI,bernoulli,drop_0.25,25,625,8,10,pi_g25_d85_bernoulli_drop_0_25,reruns\grid_density\scenarios\cv\known_visit_grid25_targets10_trials50.csv,05,27,2,0,28,0,0,0,0,0,0.0,0,0,68,56,12,488,78,38,23.3953,0.6156657894736842,0.51835,1.1208,1.4214,15.2045,0.40011842105263157,0.33825,0.8675,0.9373,37,8.1908,0.22137297297297295,0.2025,0.3117,0.3507,completed
2,known_visit,PI,bernoulli,drop_0.25,25,625,8,10,pi_g25_d85_bernoulli_drop_0_25,reruns\grid_density\scenarios\cv\known_visit_grid25_targets10_trials50.csv,06,36,0,1,29,8,1,1,1,0,0.0,0,0,87,74,13,465,83,9,8.1346,0.9038444444444446,0.8536,1.7907,1.7907,5.8563,0.6507000000000001,0.5061,1.185,1.185,9,2.2782999999999998,0.2531444444444444,0.2399,0.3658,0.3658,completed
2,known_visit,PI,bernoulli,drop_0.25,25,625,8,10,pi_g25_d85_bernoulli_drop_0_25,reruns\grid_density\scenarios\cv\known_visit_grid25_targets10_trials50.csv,07,18,0,0,18,1,2,0,0,0,0.0,0,0,53,40,13,485,96,69,47.4043,0.6870188405797102,0.6292,1.0167,1.5461,31.2972,0.4535826086956522,0.4156,0.6796,1.1468,70,16.1071,0.23010142857142857,0.21155000000000002,0.3237,0.4146,completed
3,known_visit,PI,bernoulli,drop_0.25,25,625,8,10,pi_g25_d85_bernoulli_drop_0_25,reruns\grid_density\scenarios\cv\known_visit_grid25_targets10_trials50.csv,00,29,2,0,28,2,0,0,0,0,0.0,0,0,65,60,5,352,50,12,9.2287,0.7690583333333333,0.6998,1.9548,1.9548,6.8852,0.5737666666666666,0.49005,1.276,1.276,9,2.3435,0.2603888888888889,0.2287,0.4305,0.4305,completed
3,known_visit,PI,bernoulli,drop_0.25,25,625,8,10,pi_g25_d85_bernoulli_drop_0_25,reruns\grid_density\scenarios\cv\known_visit_grid25_targets10_trials50.csv,01,28,0,1,24,5,4,7,2,2,10.0,1,0,78,59,19,319,69,11,10.9957,0.9996090909090909,0.923,1.5282,1.5282,7.6962,0.6996545454545454,0.6349,1.0263,1.0263,14,3.2995,0.23567857142857143,0.23199999999999998,0.2602,0.2602,completed
3,known_visit,PI,bernoulli,drop_0.25,25,625,8,10,pi_g25_d85_bernoulli_drop_0_25,reruns\grid_density\scenarios\cv\known_visit_grid25_targets10_trials50.csv,02,30,1,0,31,0,1,0,0,0,0.0,0,0,69,61,8,331,67,9,7.9041,0.8782333333333333,0.861,1.5055,1.5055,5.3378,0.5930888888888889,0.5868,1.0068,1.0068,11,2.5663,0.2333,0.2283,0.2537,0.2537,completed
3,known_visit,PI,bernoulli,drop_0.25,25,625,8,10,pi_g25_d85_bernoulli_drop_0_25,reruns\grid_density\scenarios\cv\known_visit_grid25_targets10_trials50.csv,03,2,1,0,3,0,0,0,0,0,0.0,0,0,10,6,4,389,67,96,67.4384,0.7024833333333333,0.6856,0.9226,1.5623,45.4496,0.4734333333333333,0.47095,0.6318,0.9932,96,21.9888,0.22905,0.22885,0.2671,0.3845,completed
3,known_visit,PI,bernoulli,drop_0.25,25,625,8,10,pi_g25_d85_bernoulli_drop_0_25,reruns\grid_density\scenarios\cv\known_visit_grid25_targets10_trials50.csv,04,29,2,0,30,0,0,2,2,0,0.0,0,0,69,60,9,334,63,5,5.4235,1.0847,1.1464,1.5486,1.5486,3.6778,0.73556,0.6926,1.0388,1.0388,7,1.7457,0.2493857142857143,0.2478,0.2872,0.2872,completed
3,known_visit,PI,bernoulli,drop_0.25,25,625,8,10,pi_g25_d85_bernoulli_drop_0_25,reruns\grid_density\scenarios\cv\known_visit_grid25_targets10_trials50.csv,05,30,2,0,31,0,2,1,1,0,0.0,0,0,73,61,12,332,61,7,6.9186,0.9883714285714286,1.0984,1.5523,1.5523,4.767,0.681,0.6438,1.0511,1.0511,9,2.1516,0.23906666666666668,0.2343,0.2579,0.2579,completed
3,known_visit,PI,bernoulli,drop_0.25,25,625,8,10,pi_g25_d85_bernoulli_drop_0_25,reruns\grid_density\scenarios\cv\known_visit_grid25_targets10_trials50.csv,06,18,1,0,17,2,1,0,0,0,0.0,0,0,49,38,11,370,47,46,29.1721,0.6341760869565217,0.5805,0.8564,1.6139,19.3755,0.4212065217391304,0.37970000000000004,0.5825,1.1052,45,9.7966,0.2177022222222222,0.2071,0.2713,0.3772,completed
3,known_visit,PI,bernoulli,drop_0.25,25,625,8,10,pi_g25_d85_bernoulli_drop_0_25,reruns\grid_density\scenarios\cv\known_visit_grid25_targets10_trials50.csv,07,21,1,1,14,8,1,0,0,0,0.0,0,0,54,44,10,348,64,35,23.6299,0.67514,0.6201,1.0918,1.507,15.6632,0.44752,0.4037,0.8359,1.0151,36,7.9667,0.22129722222222223,0.2165,0.3094,0.3329,completed
4,known_visit,PI,bernoulli,drop_0.25,25,625,8,10,pi_g25_d85_bernoulli_drop_0_25,reruns\grid_density\scenarios\cv\known_visit_grid25_targets10_trials50.csv,00,30,2,0,31,0,0,0,0,0,0.0,0,0,67,62,5,359,67,7,4.8807,0.6972428571428572,0.5268,1.4154,1.4154,3.9499,0.5642714285714285,0.515,0.9278,0.9278,4,0.9308,0.2327,0.23865,0.2512,0.2512,completed
4,known_visit,PI,bernoulli,drop_0.25,25,625,8,10,pi_g25_d85_bernoulli_drop_0_25,reruns\grid_density\scenarios\cv\known_visit_grid25_targets10_trials50.csv,01,22,1,0,22,1,0,1,1,0,0.0,0,0,53,47,6,373,67,33,18.676,0.5659393939393939,0.4841,1.311,1.4281,12.3765,0.37504545454545457,0.3248,0.8156,0.9525,32,6.2995,0.196859375,0.189,0.2454,0.25,completed
4,known_visit,PI,bernoulli,drop_0.25,25,625,8,10,pi_g25_d85_bernoulli_drop_0_25,reruns\grid_density\scenarios\cv\known_visit_grid25_targets10_trials50.csv,02,25,2,0,26,0,1,1,1,0,0.0,0,0,67,53,14,363,63,23,15.8562,0.6894,0.5213,1.3691,1.4331,10.3583,0.45036086956521737,0.3275,0.8868,0.9473,26,5.4979000000000005,0.21145769230769232,0.1943,0.2572,0.2622,completed
4,known_visit,PI,bernoulli,drop_0.25,25,625,8,10,pi_g25_d85_bernoulli_drop_0_25,reruns\grid_density\scenarios\cv\known_visit_grid25_targets10_trials50.csv,03,24,0,1,19,6,2,1,1,0,0.0,0,0,62,50,12,374,57,25,16.7278,0.6691119999999999,0.4765,1.4109,1.7828,10.8997,0.435988,0.2915,0.9259,1.2012,28,5.8281,0.20814642857142857,0.1918,0.2572,0.3457,completed
4,known_visit,PI,bernoulli,drop_0.25,25,625,8,10,pi_g25_d85_bernoulli_drop_0_25,reruns\grid_density\scenarios\cv\known_visit_grid25_targets10_trials50.csv,04,24,1,1,16,9,0,0,0,0,0.0,0,0,61,50,11,379,53,26,24.4256,0.9394461538461538,0.852,1.359,1.5045,17.0289,0.6549576923076923,0.60175,0.8555,1.0121,28,7.3967,0.2641678571428571,0.25105,0.3546,0.3727,completed
4,known_visit,PI,bernoulli,drop_0.25,25,625,8,10,pi_g25_d85_bernoulli_drop_0_25,reruns\grid_density\scenarios\cv\known_visit_grid25_targets10_trials50.csv,05,29,1,0,28,2,1,3,1,1,5.0,1,0,73,60,13,356,65,10,8.126,0.8126,0.63955,1.4578,1.4578,6.2162,0.62162,0.50275,0.9437,0.9437,8,1.9098,0.238725,0.24855,0.2626,0.2626,completed
4,known_visit,PI,bernoulli,drop_0.25,25,625,8,10,pi_g25_d85_bernoulli_drop_0_25,reruns\grid_density\scenarios\cv\known_visit_grid25_targets10_trials50.csv,06,23,3,0,24,0,0,0,0,0,0.0,0,0,56,48,8,382,56,33,25.3491,0.7681545454545454,0.7067,1.2608,1.5189,17.062,0.5170303030303031,0.4888,0.7621,1.0435,36,8.2871,0.23019722222222225,0.22775,0.2505,0.2541,completed
4,known_visit,PI,bernoulli,drop_0.25,25,625,8,10,pi_g25_d85_bernoulli_drop_0_25,reruns\grid_density\scenarios\cv\known_visit_grid25_targets10_trials50.csv,07,19,0,1,15,5,2,5,2,1,5.0,1,0,55,43,12,380,59,42,35.5459,0.8463309523809525,0.8392999999999999,1.2064,1.4114,24.2406,0.5771571428571429,0.5805,0.8546,0.9483,46,11.3053,0.24576739130434785,0.2396,0.3523,0.4124,completed
5,known_visit,PI,bernoulli,drop_0.25,25,625,8,10,pi_g25_d85_bernoulli_drop_0_25,reruns\grid_density\scenarios\cv\known_visit_grid25_targets10_trials50.csv,00,25,3,0,26,0,1,0,0,0,0.0,0,0,61,52,9,339,52,34,18.8306,0.5538411764705883,0.48550000000000004,1.4276,1.4378,12.6451,0.3719147058823529,0.29915,0.9605,0.965,31,6.1855,0.19953225806451613,0.1878,0.24,0.3217,completed
5,known_visit,PI,bernoulli,drop_0.25,25,625,8,10,pi_g25_d85_bernoulli_drop_0_25,reruns\grid_density\scenarios\cv\known_visit_grid25_targets10_trials50.csv,01,25,0,3,20,6,0,8,3,2,20.0,2,0,70,53,17,324,59,29,18.6382,0.642696551724138,0.5288,1.1745,1.4628,12.0886,0.41684827586206896,0.3336,0.8511,0.9858,32,6.5496,0.204675,0.19640000000000002,0.2434,0.2471,completed
5,known_visit,PI,bernoulli,drop_0.25,25,625,8,10,pi_g25_d85_bernoulli_drop_0_25,reruns\grid_density\scenarios\cv\known_visit_grid25_targets10_trials50.csv,02,12,3,0,13,0,0,0,0,0,0.0,0,0,30,26,4,356,67,73,41.1443,0.5636205479452054,0.5236,0.8765,1.4252,26.5315,0.3634452054794521,0.3309,0.5387,0.9496,72,14.6128,0.20295555555555556,0.19025,0.3134,0.3378,completed
5,known_visit,PI,bernoulli,drop_0.25,25,625,8,10,pi_g25_d85_bernoulli_drop_0_25,reruns\grid_density\scenarios\cv\known_visit_grid25_targets10_trials50.csv,03,27,1,0,24,4,1,0,0,0,0.0,0,0,65,56,9,336,52,28,18.4018,0.6572071428571429,0.5501,1.4185,1.4546,12.7112,0.4539714285714286,0.37034999999999996,0.9474,0.9783,27,5.6906,0.21076296296296296,0.1927,0.3173,0.3243,completed
5,known_visit,PI,bernoulli,drop_0.25,25,625,8,10,pi_g25_d85_bernoulli_drop_0_25,reruns\grid_density\scenarios\cv\known_visit_grid25_targets10_trials50.csv,04,31,0,1,21,11,2,3,1,1,5.0,1,0,79,64,15,320,54,11,9.0305,0.8209545454545455,0.6493,1.4689,1.4689,6.7901,0.6172818181818182,0.5384,0.9974,0.9974,10,2.2404,0.22404000000000002,0.23365,0.2428,0.2428,completed
5,known_visit,PI,bernoulli,drop_0.25,25,625,8,10,pi_g25_d85_bernoulli_drop_0_25,reruns\grid_density\scenarios\cv\known_visit_grid25_targets10_trials50.csv,05,33,2,0,34,0,1,0,0,0,0.0,0,0,77,67,10,316,60,8,5.8957,0.7369625,0.5785,1.4294,1.4294,4.6081,0.5760125,0.49139999999999995,0.9604,0.9604,5,1.2876,0.25752,0.2348,0.3401,0.3401,completed
5,known_visit,PI,bernoulli,drop_0.25,25,625,8,10,pi_g25_d85_bernoulli_drop_0_25,reruns\grid_density\scenarios\cv\known_visit_grid25_targets10_trials50.csv,06,11,1,0,11,1,0,0,0,0,0.0,0,0,34,24,10,359,59,79,54.5796,0.6908810126582279,0.6615,0.9502,1.4318,36.2638,0.4590354430379747,0.438,0.6132,0.9568,81,18.3158,0.22612098765432098,0.2224,0.3206,0.3456,completed
5,known_visit,PI,bernoulli,drop_0.25,25,625,8,10,pi_g25_d85_bernoulli_drop_0_25,reruns\grid_density\scenarios\cv\known_visit_grid25_targets10_trials50.csv,07,13,0,0,14,0,2,0,0,0,0.0,0,0,37,28,9,356,60,71,50.295,0.7083802816901409,0.6748,0.9852,1.6222,33.3871,0.47024084507042246,0.4389,0.66,1.1226,73,16.9079,0.2316150684931507,0.2269,0.3318,0.4691,completed
6,known_visit,PI,bernoulli,drop_0.25,25,625,8,10,pi_g25_d85_bernoulli_drop_0_25,reruns\grid_density\scenarios\cv\known_visit_grid25_targets10_trials50.csv,00,19,2,1,17,3,0,0,0,0,0.0,0,0,57,41,16,518,102,78,46.0229,0.5900371794871795,0.5181,1.0785,2.0219,29.3786,0.37664871794871796,0.3248,0.6882,1.3809,81,16.6443,0.2054851851851852,0.1922,0.2899,0.3871,completed
6,known_visit,PI,bernoulli,drop_0.25,25,625,8,10,pi_g25_d85_bernoulli_drop_0_25,reruns\grid_density\scenarios\cv\known_visit_grid25_targets10_trials50.csv,01,38,1,0,36,3,3,4,1,1,5.0,1,0,98,79,19,494,86,17,12.6858,0.7462235294117647,0.7338,1.5606,1.5606,8.7333,0.5137235294117647,0.3905,1.074,1.074,18,3.9525,0.21958333333333335,0.21675,0.3254,0.3254,completed
6,known_visit,PI,bernoulli,drop_0.25,25,625,8,10,pi_g25_d85_bernoulli_drop_0_25,reruns\grid_density\scenarios\cv\known_visit_grid25_targets10_trials50.csv,02,20,1,2,15,6,1,4,2,1,5.0,1,0,65,45,20,510,102,74,46.796,0.6323783783783784,0.5394000000000001,1.3329,1.5083,29.2812,0.39569189189189186,0.34155,0.7503,1.0187,81,17.5148,0.21623209876543212,0.2051,0.3287,0.3475,completed
6,known_visit,PI,bernoulli,drop_0.25,25,625,8,10,pi_g25_d85_bernoulli_drop_0_25,reruns\grid_density\scenarios\cv\known_visit_grid25_targets10_trials50.csv,03,38,2,1,31,8,4,1,1,0,0.0,0,0,98,80,18,487,92,14,13.2656,0.9475428571428571,0.7981,1.6925,1.6925,9.029,0.6449285714285714,0.565,1.1765,1.1765,18,4.2366,0.23536666666666667,0.21895,0.3461,0.3461,completed
6,known_visit,PI,bernoulli,drop_0.25,25,625,8,10,pi_g25_d85_bernoulli_drop_0_25,reruns\grid_density\scenarios\cv\known_visit_grid25_targets10_trials50.csv,04,34,2,0,35,0,1,0,0,0,0.0,0,0,86,71,15,511,81,32,19.6214,0.61316875,0.4934,1.2137,1.3327,12.7821,0.399440625,0.3019,0.8886,0.9317,33,6.8393,0.20725151515151513,0.1937,0.2434,0.3259,completed
6,known_visit,PI,bernoulli,drop_0.25,25,625,8,10,pi_g25_d85_bernoulli_drop_0_25,reruns\grid_density\scenarios\cv\known_visit_grid25_targets10_trials50.csv,05,37,1,1,34,4,2,0,0,0,0.0,0,0,95,77,18,502,80,18,15.2806,0.8489222222222222,0.73105,1.6059,1.6059,9.9204,0.5511333333333334,0.5114,0.9013,0.9013,23,5.3602,0.23305217391304348,0.2172,0.3519,0.3527,completed
6,known_visit,PI,bernoulli,drop_0.25,25,625,8,10,pi_g25_d85_bernoulli_drop_0_25,reruns\grid_density\scenarios\cv\known_visit_grid25_targets10_trials50.csv,06,38,1,0,36,3,2,0,0,0,0.0,0,0,92,78,14,505,81,16,15.618,0.976125,0.8914500000000001,2.3124,2.3124,10.378300000000001,0.6486437500000001,0.61345,1.5537,1.5537,20,5.2397,0.261985,0.2275,0.3725,0.3862,completed
6,known_visit,PI,bernoulli,drop_0.25,25,625,8,10,pi_g25_d85_bernoulli_drop_0_25,reruns\grid_density\scenarios\cv\known_visit_grid25_targets10_trials50.csv,07,35,0,2,21,15,1,0,0,0,0.0,0,0,87,73,14,505,85,26,17.8053,0.6848192307692307,0.53825,1.2511,1.7087,11.8091,0.45419615384615386,0.34165,0.8032,1.1324,28,5.9962,0.21415,0.1989,0.291,0.3598,completed
7,known_visit,PI,bernoulli,drop_0.25,25,625,8,10,pi_g25_d85_bernoulli_drop_0_25,reruns\grid_density\scenarios\cv\known_visit_grid25_targets10_trials50.csv,00,19,0,1,6,14,2,0,0,0,0.0,0,0,53,40,13,450,65,40,25.999200000000002,0.64998,0.5994,0.9834,1.4378,17.2534,0.43133499999999997,0.39475,0.7429,0.9664,41,8.7458,0.2133121951219512,0.2071,0.2405,0.243,completed
7,known_visit,PI,bernoulli,drop_0.25,25,625,8,10,pi_g25_d85_bernoulli_drop_0_25,reruns\grid_density\scenarios\cv\known_visit_grid25_targets10_trials50.csv,01,29,1,2,16,14,3,3,1,1,5.0,1,0,76,60,16,412,81,10,10.1844,1.01844,1.0592000000000001,1.4173,1.4173,6.5305,0.65305,0.6796500000000001,0.9457,0.9457,16,3.6539,0.22836875,0.22965,0.2487,0.2487,completed
7,known_visit,PI,bernoulli,drop_0.25,25,625,8,10,pi_g25_d85_bernoulli_drop_0_25,reruns\grid_density\scenarios\cv\known_visit_grid25_targets10_trials50.csv,02,30,1,0,31,0,4,0,0,0,0.0,0,0,76,61,15,421,72,8,7.8072,0.9759,0.8939999999999999,1.4351,1.4351,5.6867,0.7108375,0.65305,0.9743,0.9743,9,2.1205,0.2356111111111111,0.2329,0.2511,0.2511,completed
7,known_visit,PI,bernoulli,drop_0.25,25,625,8,10,pi_g25_d85_bernoulli_drop_0_25,reruns\grid_density\scenarios\cv\known_visit_grid25_targets10_trials50.csv,03,29,0,0,28,2,4,2,2,0,0.0,0,0,77,61,16,414,78,12,10.4233,0.8686083333333333,0.7138,1.4362,1.4362,7.4348,0.6195666666666667,0.5371,0.9719,0.9719,13,2.9885,0.2298846153846154,0.231,0.2596,0.2596,completed
7,known_visit,PI,bernoulli,drop_0.25,25,625,8,10,pi_g25_d85_bernoulli_drop_0_25,reruns\grid_density\scenarios\cv\known_visit_grid25_targets10_trials50.csv,04,28,3,1,25,4,1,2,2,0,0.0,0,0,75,59,16,424,69,13,11.244,0.8649230769230769,0.757,1.4542,1.4542,7.6229,0.586376923076923,0.4527,0.9884,0.9884,16,3.6211,0.22631875,0.22685,0.2458,0.2458,completed
7,known_visit,PI,bernoulli,drop_0.25,25,625,8,10,pi_g25_d85_bernoulli_drop_0_25,reruns\grid_density\scenarios\cv\known_visit_grid25_targets10_trials50.csv,05,29,1,0,30,0,4,2,1,1,5.0,1,0,79,62,17,409,80,11,10.6035,0.9639545454545455,1.053,1.4688,1.4688,7.2233,0.6566636363636363,0.5925,0.9939,0.9939,15,3.3802,0.22534666666666667,0.2314,0.2436,0.2436,completed
7,known_visit,PI,bernoulli,drop_0.25,25,625,8,10,pi_g25_d85_bernoulli_drop_0_25,reruns\grid_density\scenarios\cv\known_visit_grid25_targets10_trials50.csv,06,25,3,0,26,0,3,2,2,0,0.0,0,0,70,53,17,422,76,21,14.1049,0.6716619047619048,0.5384,1.3905,1.4285,9.1097,0.4337952380952381,0.3305,0.9041,0.9586,24,4.9952,0.2081333333333333,0.20515,0.2429,0.2435,completed
7,known_visit,PI,bernoulli,drop_0.25,25,625,8,10,pi_g25_d85_bernoulli_drop_0_25,reruns\grid_density\scenarios\cv\known_visit_grid25_targets10_trials50.csv,07,24,1,0,22,3,3,0,0,0,0.0,0,0,63,50,13,439,67,25,15.9499,0.637996,0.5143,1.4374,1.451,10.7352,0.429408,0.3344,0.9643,0.9707,25,5.2147,0.208588,0.1947,0.2448,0.2919,completed
8,known_visit,PI,bernoulli,drop_0.25,25,625,8,10,pi_g25_d85_bernoulli_drop_0_25,reruns\grid_density\scenarios\cv\known_visit_grid25_targets10_trials50.csv,00,23,1,2,19,5,0,0,0,0,0.0,0,0,57,48,9,404,66,48,28.6028,0.5958916666666666,0.50405,1.0722,1.4111,18.4117,0.38357708333333335,0.32455,0.8102,0.9361,49,10.1911,0.20798163265306124,0.1867,0.3149,0.3254,completed
8,known_visit,PI,bernoulli,drop_0.25,25,625,8,10,pi_g25_d85_bernoulli_drop_0_25,reruns\grid_density\scenarios\cv\known_visit_grid25_targets10_trials50.csv,01,28,0,1,23,6,2,0,0,0,0.0,0,0,68,58,10,394,64,31,18.061700000000002,0.5826354838709678,0.4969,1.4367,1.5018,11.6565,0.37601612903225806,0.3121,0.9563,0.9659,32,6.4052,0.2001625,0.18669999999999998,0.2708,0.2751,completed
8,known_visit,PI,bernoulli,drop_0.25,25,625,8,10,pi_g25_d85_bernoulli_drop_0_25,reruns\grid_density\scenarios\cv\known_visit_grid25_targets10_trials50.csv,02,30,5,0,28,3,1,1,1,0,0.0,0,0,77,63,14,388,61,24,15.5575,0.6482291666666666,0.5388,1.2952,1.4269,10.4505,0.4354375,0.3534,0.7882,0.9585,24,5.107,0.21279166666666668,0.19945000000000002,0.2544,0.4002,completed
8,known_visit,PI,bernoulli,drop_0.25,25,625,8,10,pi_g25_d85_bernoulli_drop_0_25,reruns\grid_density\scenarios\cv\known_visit_grid25_targets10_trials50.csv,03,36,2,1,34,3,0,0,0,0,0.0,0,0,85,73,12,388,54,8,7.012,0.8765,0.8674999999999999,1.4254,1.4254,4.8246,0.603075,0.5502499999999999,0.9411,0.9411,9,2.1874,0.24304444444444442,0.2413,0.3287,0.3287,completed
8,known_visit,PI,bernoulli,drop_0.25,25,625,8,10,pi_g25_d85_bernoulli_drop_0_25,reruns\grid_density\scenarios\cv\known_visit_grid25_targets10_trials50.csv,04,18,1,0,19,0,1,0,0,0,0.0,0,0,48,38,10,418,60,66,42.1818,0.6391181818181818,0.5536,1.0631,1.5015,27.8562,0.42206363636363636,0.36729999999999996,0.6911,0.9696,65,14.3256,0.22039384615384616,0.2024,0.3193,0.3865,completed
8,known_visit,PI,bernoulli,drop_0.25,25,625,8,10,pi_g25_d85_bernoulli_drop_0_25,reruns\grid_density\scenarios\cv\known_visit_grid25_targets10_trials50.csv,05,19,1,2,17,3,0,3,1,1,5.0,1,0,51,42,9,385,90,63,38.1036,0.6048190476190476,0.5414,0.9234,1.4471,24.7324,0.39257777777777775,0.3409,0.5804,0.973,64,13.3712,0.208925,0.20375,0.3019,0.3198,completed
8,known_visit,PI,bernoulli,drop_0.25,25,625,8,10,pi_g25_d85_bernoulli_drop_0_25,reruns\grid_density\scenarios\cv\known_visit_grid25_targets10_trials50.csv,06,32,0,2,23,10,3,2,2,0,0.0,0,0,81,67,14,382,63,22,16.5964,0.7543818181818182,0.65505,1.4299,1.451,10.9972,0.49987272727272725,0.46099999999999997,0.9467,0.9795,25,5.5992,0.223968,0.2186,0.2552,0.3311,completed
8,known_visit,PI,bernoulli,drop_0.25,25,625,8,10,pi_g25_d85_bernoulli_drop_0_25,reruns\grid_density\scenarios\cv\known_visit_grid25_targets10_trials50.csv,07,22,0,0,17,6,5,0,0,0,0.0,0,0,60,46,14,409,57,57,38.0331,0.6672473684210526,0.578,1.1149,1.4564,25.1296,0.44087017543859647,0.3762,0.8332,0.9561,59,12.9035,0.21870338983050847,0.1948,0.3386,0.3498,completed
9,known_visit,PI,bernoulli,drop_0.25,25,625,8,10,pi_g25_d85_bernoulli_drop_0_25,reruns\grid_density\scenarios\cv\known_visit_grid25_targets10_trials50.csv,00,31,0,1,23,9,0,0,0,0,0.0,0,0,73,64,9,364,61,14,11.0927,0.7923357142857144,0.6386499999999999,1.5628,1.5628,7.539,0.5385,0.4304,1.05,1.05,16,3.5537,0.22210625,0.21315,0.2579,0.2579,completed
9,known_visit,PI,bernoulli,drop_0.25,25,625,8,10,pi_g25_d85_bernoulli_drop_0_25,reruns\grid_density\scenarios\cv\known_visit_grid25_targets10_trials50.csv,01,25,1,0,25,1,0,0,0,0,0.0,0,0,60,52,8,368,69,35,22.9622,0.6560628571428572,0.6204,1.0615,1.5408,15.4107,0.4403057142857143,0.4121,0.8024,1.0418,35,7.5515,0.21575714285714284,0.2102,0.2591,0.2592,completed
9,known_visit,PI,bernoulli,drop_0.25,25,625,8,10,pi_g25_d85_bernoulli_drop_0_25,reruns\grid_density\scenarios\cv\known_visit_grid25_targets10_trials50.csv,02,17,1,1,15,3,1,0,0,0,0.0,0,0,43,36,7,400,54,62,34.565599999999996,0.5575096774193548,0.52295,0.7882,1.5044,22.4079,0.36141774193548387,0.312,0.5614,1.0182,61,12.1577,0.1993065573770492,0.1947,0.2548,0.312,completed
9,known_visit,PI,bernoulli,drop_0.25,25,625,8,10,pi_g25_d85_bernoulli_drop_0_25,reruns\grid_density\scenarios\cv\known_visit_grid25_targets10_trials50.csv,03,33,3,0,34,0,0,0,0,0,0.0,0,0,74,67,7,367,57,7,5.6799,0.8114142857142858,0.5715,1.5581,1.5581,4.4147,0.6306714285714285,0.5318,1.0184,1.0184,5,1.2652,0.25304000000000004,0.2678,0.273,0.273,completed
9,known_visit,PI,bernoulli,drop_0.25,25,625,8,10,pi_g25_d85_bernoulli_drop_0_25,reruns\grid_density\scenarios\cv\known_visit_grid25_targets10_trials50.csv,04,13,1,0,14,0,0,0,0,0,0.0,0,0,31,28,3,386,81,72,41.8877,0.5817736111111111,0.5650999999999999,0.8247,1.5333,27.7936,0.38602222222222227,0.36555,0.5687,1.0049,69,14.0941,0.2042623188405797,0.2005,0.2719,0.3376,completed
9,known_visit,PI,bernoulli,drop_0.25,25,625,8,10,pi_g25_d85_bernoulli_drop_0_25,reruns\grid_density\scenarios\cv\known_visit_grid25_targets10_trials50.csv,05,32,0,1,30,3,3,4,1,1,5.0,1,0,80,67,13,352,65,8,7.0998,0.887475,0.9773499999999999,1.4559,1.4559,5.2835,0.6604375,0.64255,0.9986,0.9986,8,1.8163,0.2270375,0.22865000000000002,0.2471,0.2471,completed
9,known_visit,PI,bernoulli,drop_0.25,25,625,8,10,pi_g25_d85_bernoulli_drop_0_25,reruns\grid_density\scenarios\cv\known_visit_grid25_targets10_trials50.csv,06,33,2,0,29,5,1,0,0,0,0.0,0,0,76,67,9,360,61,5,5.1416,1.0283200000000001,0.9695,1.6362,1.6362,3.8497,0.76994,0.697,1.1006,1.1006,5,1.2919,0.25838,0.2665,0.2725,0.2725,completed
9,known_visit,PI,bernoulli,drop_0.25,25,625,8,10,pi_g25_d85_bernoulli_drop_0_25,reruns\grid_density\scenarios\cv\known_visit_grid25_targets10_trials50.csv,07,24,2,1,20,5,0,1,1,0,0.0,0,0,61,51,10,372,64,37,22.3804,0.6048756756756757,0.4946,1.3842,1.5628,14.9534,0.40414594594594594,0.3287,0.8988,1.0465,36,7.4270000000000005,0.20630555555555558,0.19469999999999998,0.294,0.3194,completed
10,known_visit,PI,bernoulli,drop_0.25,25,625,8,10,pi_g25_d85_bernoulli_drop_0_25,reruns\grid_density\scenarios\cv\known_visit_grid25_targets10_trials50.csv,00,42,3,1,39,4,1,0,0,0,0.0,0,0,97,85,12,439,80,9,7.3942,0.8215777777777777,0.8723,1.4156,1.4156,5.6127,0.6236333333333334,0.6501,0.9546,0.9546,8,1.7815,0.2226875,0.2257,0.2691,0.2691,completed
10,known_visit,PI,bernoulli,drop_0.25,25,625,8,10,pi_g25_d85_bernoulli_drop_0_25,reruns\grid_density\scenarios\cv\known_visit_grid25_targets10_trials50.csv,01,41,2,1,33,9,1,0,0,0,0.0,0,0,100,84,16,433,84,8,7.2598,0.907475,0.9378,1.3411,1.3411,4.8687,0.6085875,0.58045,0.8881,0.8881,11,2.3911,0.21737272727272725,0.221,0.297,0.297,completed
10,known_visit,PI,bernoulli,drop_0.25,25,625,8,10,pi_g25_d85_bernoulli_drop_0_25,reruns\grid_density\scenarios\cv\known_visit_grid25_targets10_trials50.csv,02,35,1,1,33,3,1,0,0,0,0.0,0,0,85,72,13,447,84,28,17.2669,0.616675,0.5216000000000001,0.9712,1.3551,11.2275,0.40098214285714284,0.33,0.7127,0.9054,30,6.0394,0.20131333333333332,0.19005,0.298,0.2994,completed
10,known_visit,PI,bernoulli,drop_0.25,25,625,8,10,pi_g25_d85_bernoulli_drop_0_25,reruns\grid_density\scenarios\cv\known_visit_grid25_targets10_trials50.csv,03,24,0,1,20,5,2,0,0,0,0.0,0,0,63,51,12,474,78,69,40.3585,0.5849057971014493,0.511,1.0049,1.6976,26.573999999999998,0.38513043478260867,0.3282,0.5829,1.2286,70,13.7845,0.19692142857142855,0.18975,0.2448,0.3048,completed
10,known_visit,PI,bernoulli,drop_0.25,25,625,8,10,pi_g25_d85_bernoulli_drop_0_25,reruns\grid_density\scenarios\cv\known_visit_grid25_targets10_trials50.csv,04,26,2,0,27,0,0,1,1,0,0.0,0,0,66,56,10,479,70,58,31.2579,0.5389293103448276,0.47425,1.1331,1.3532,20.1704,0.34776551724137933,0.29845,0.7129,0.9142,59,11.0875,0.18792372881355932,0.1827,0.2211,0.3534,completed
10,known_visit,PI,bernoulli,drop_0.25,25,625,8,10,pi_g25_d85_bernoulli_drop_0_25,reruns\grid_density\scenarios\cv\known_visit_grid25_targets10_trials50.csv,05,29,1,2,25,5,1,0,0,0,0.0,0,0,74,61,13,454,87,49,33.4364,0.6823755102040816,0.5108,1.3837,1.4165,22.1925,0.4529081632653061,0.3286,0.9581,0.9635,50,11.2439,0.224878,0.19025,0.4256,0.437,completed
10,known_visit,PI,bernoulli,drop_0.25,25,625,8,10,pi_g25_d85_bernoulli_drop_0_25,reruns\grid_density\scenarios\cv\known_visit_grid25_targets10_trials50.csv,06,29,0,1,26,4,3,4,1,1,5.0,1,0,80,63,17,460,75,52,43.8572,0.8434076923076923,0.78945,1.4007,2.2996,30.1569,0.5799403846153847,0.5710500000000001,0.9648,1.539,56,13.7003,0.2446482142857143,0.21810000000000002,0.3861,0.4359,completed
10,known_visit,PI,bernoulli,drop_0.25,25,625,8,10,pi_g25_d85_bernoulli_drop_0_25,reruns\grid_density\scenarios\cv\known_visit_grid25_targets10_trials50.csv,07,18,1,0,13,6,1,2,1,1,5.0,1,0,52,41,11,490,74,89,54.0577,0.6073898876404494,0.5468,1.0408,1.4627,35.3289,0.39695393258426964,0.3563,0.6798,1.0945,92,18.7288,0.20357391304347824,0.19035000000000002,0.3398,0.3682,completed
11,known_visit,PI,bernoulli,drop_0.25,25,625,8,10,pi_g25_d85_bernoulli_drop_0_25,reruns\grid_density\scenarios\cv\known_visit_grid25_targets10_trials50.csv,00,24,1,0,25,0,0,0,0,0,0.0,0,0,56,49,7,367,67,7,4.6303,0.6614714285714286,0.5621,1.2561,1.2561,3.841,0.5487142857142857,0.4574,0.8377,0.8377,4,0.7893,0.197325,0.2015,0.2122,0.2122,completed
11,known_visit,PI,bernoulli,drop_0.25,25,625,8,10,pi_g25_d85_bernoulli_drop_0_25,reruns\grid_density\scenarios\cv\known_visit_grid25_targets10_trials50.csv,01,21,1,1,16,6,1,0,0,0,0.0,0,0,59,45,14,365,65,19,11.7769,0.6198368421052631,0.4931,1.4288,1.4288,7.9914000000000005,0.42060000000000003,0.3194,1.0579,1.0579,20,3.7855,0.189275,0.1739,0.2342,0.3509,completed
11,known_visit,PI,bernoulli,drop_0.25,25,625,8,10,pi_g25_d85_bernoulli_drop_0_25,reruns\grid_density\scenarios\cv\known_visit_grid25_targets10_trials50.csv,02,24,1,0,25,0,0,0,0,0,0.0,0,0,59,50,9,378,52,8,5.0817,0.6352125,0.49125,1.2704,1.2704,3.7589,0.4698625,0.44395,0.8607,0.8607,7,1.3228,0.18897142857142857,0.1824,0.208,0.208,completed
11,known_visit,PI,bernoulli,drop_0.25,25,625,8,10,pi_g25_d85_bernoulli_drop_0_25,reruns\grid_density\scenarios\cv\known_visit_grid25_targets10_trials50.csv,03,23,1,0,24,0,2,4,2,1,5.0,1,0,68,49,19,355,67,10,9.104,0.9103999999999999,0.7822,2.1209,2.1209,6.027,0.6027,0.5096,1.3629,1.3629,14,3.077,0.21978571428571428,0.19965,0.3882,0.3882,completed
11,known_visit,PI,bernoulli,drop_0.25,25,625,8,10,pi_g25_d85_bernoulli_drop_0_25,reruns\grid_density\scenarios\cv\known_visit_grid25_targets10_trials50.csv,04,20,2,1,20,1,2,0,0,0,0.0,0,0,55,43,12,371,63,22,12.9321,0.5878227272727273,0.45430000000000004,1.4415,1.4853,8.8533,0.4024227272727273,0.2908,1.0158,1.089,22,4.0788,0.1854,0.16735,0.2185,0.3963,completed
11,known_visit,PI,bernoulli,drop_0.25,25,625,8,10,pi_g25_d85_bernoulli_drop_0_25,reruns\grid_density\scenarios\cv\known_visit_grid25_targets10_trials50.csv,05,24,0,3,17,8,2,0,0,0,0.0,0,0,68,49,19,346,75,8,7.3346,0.916825,0.9037999999999999,1.3424,1.3424,5.0277,0.6284625,0.61745,0.8951,0.8951,11,2.3069,0.20971818181818183,0.2154,0.2269,0.2269,completed
11,known_visit,PI,bernoulli,drop_0.25,25,625,8,10,pi_g25_d85_bernoulli_drop_0_25,reruns\grid_density\scenarios\cv\known_visit_grid25_targets10_trials50.csv,06,25,4,0,26,0,2,0,0,0,0.0,0,0,62,51,11,375,53,9,7.1153,0.7905888888888889,0.7481,1.2708,1.2708,4.9235,0.5470555555555555,0.536,0.8501,0.8501,11,2.1918,0.19925454545454546,0.2013,0.2187,0.2187,completed
11,known_visit,PI,bernoulli,drop_0.25,25,625,8,10,pi_g25_d85_bernoulli_drop_0_25,reruns\grid_density\scenarios\cv\known_visit_grid25_targets10_trials50.csv,07,24,0,1,21,4,0,0,0,0,0.0,0,0,63,49,14,355,72,9,7.5154,0.8350444444444444,0.7013,1.6267,1.6267,5.708,0.6342222222222222,0.5004,1.2548,1.2548,8,1.8074,0.225925,0.20450000000000002,0.3719,0.3719,completed
12,known_visit,PI,bernoulli,drop_0.25,25,625,8,10,pi_g25_d85_bernoulli_drop_0_25,reruns\grid_density\scenarios\cv\known_visit_grid25_targets10_trials50.csv,00,19,1,0,20,0,0,0,0,0,0.0,0,0,47,40,7,276,39,21,15.3667,0.7317476190476191,0.5189,1.5518,1.66,10.5434,0.5020666666666667,0.3419,1.1431,1.2551,22,4.8233,0.21924090909090907,0.19145,0.4049,0.4087,completed
12,known_visit,PI,bernoulli,drop_0.25,25,625,8,10,pi_g25_d85_bernoulli_drop_0_25,reruns\grid_density\scenarios\cv\known_visit_grid25_targets10_trials50.csv,01,22,0,1,15,8,0,0,0,0,0.0,0,0,56,45,11,267,39,7,7.1678,1.0239714285714285,0.8869,2.2905,2.2905,5.2585,0.7512142857142857,0.6721,1.472,1.472,7,1.9093,0.27275714285714286,0.2219,0.411,0.411,completed
12,known_visit,PI,bernoulli,drop_0.25,25,625,8,10,pi_g25_d85_bernoulli_drop_0_25,reruns\grid_density\scenarios\cv\known_visit_grid25_targets10_trials50.csv,02,14,1,0,15,0,1,0,0,0,0.0,0,0,40,30,10,270,52,35,21.6278,0.6179371428571429,0.5394,1.2507,1.2631,14.592,0.41691428571428574,0.3488,0.843,0.8533,35,7.0358,0.20102285714285714,0.1904,0.2295,0.3492,completed
12,known_visit,PI,bernoulli,drop_0.25,25,625,8,10,pi_g25_d85_bernoulli_drop_0_25,reruns\grid_density\scenarios\cv\known_visit_grid25_targets10_trials50.csv,03,15,1,0,16,0,1,0,0,0,0.0,0,0,40,32,8,273,49,32,19.5392,0.6106,0.5439499999999999,1.2029,1.2526,13.3844,0.4182625,0.37895,0.8335,0.8634,31,6.1548,0.19854193548387097,0.1946,0.2278,0.2386,completed
12,known_visit,PI,bernoulli,drop_0.25,25,625,8,10,pi_g25_d85_bernoulli_drop_0_25,reruns\grid_density\scenarios\cv\known_visit_grid25_targets10_trials50.csv,04,16,3,0,17,0,0,0,0,0,0.0,0,0,43,34,9,274,45,27,18.5197,0.6859148148148149,0.5943,1.2535,1.7388,12.5102,0.4633407407407407,0.3876,0.8345,1.3323,28,6.0095,0.214625,0.19665,0.3569,0.4065,completed
12,known_visit,PI,bernoulli,drop_0.25,25,625,8,10,pi_g25_d85_bernoulli_drop_0_25,reruns\grid_density\scenarios\cv\known_visit_grid25_targets10_trials50.csv,05,22,2,0,23,0,0,2,2,0,0.0,0,0,53,46,7,254,55,8,6.3086,0.788575,0.76335,1.2727,1.2727,5.0108,0.62635,0.6315,0.8597,0.8597,6,1.2978,0.21630000000000002,0.20655,0.2386,0.2386,completed
12,known_visit,PI,bernoulli,drop_0.25,25,625,8,10,pi_g25_d85_bernoulli_drop_0_25,reruns\grid_density\scenarios\cv\known_visit_grid25_targets10_trials50.csv,06,5,0,0,5,1,1,0,0,0,0.0,0,0,21,13,8,294,47,65,47.7144,0.7340676923076923,0.7383,1.254,1.6904,32.544,0.500676923076923,0.5118,0.8363,1.2987,67,15.1704,0.22642388059701493,0.2255,0.2533,0.4076,completed
12,known_visit,PI,bernoulli,drop_0.25,25,625,8,10,pi_g25_d85_bernoulli_drop_0_25,reruns\grid_density\scenarios\cv\known_visit_grid25_targets10_trials50.csv,07,23,2,0,24,0,0,0,0,0,0.0,0,0,63,47,16,250,50,7,7.331300000000001,1.0473285714285716,0.9777,1.6408,1.6408,5.303,0.7575714285714286,0.6964,1.2505,1.2505,8,2.0282999999999998,0.25353749999999997,0.22935,0.3903,0.3903,completed
13,known_visit,PI,bernoulli,drop_0.25,25,625,8,10,pi_g25_d85_bernoulli_drop_0_25,reruns\grid_density\scenarios\cv\known_visit_grid25_targets10_trials50.csv,00,27,0,0,26,2,1,0,0,0,0.0,0,0,62,55,7,377,65,8,7.1559,0.8944875,0.6698999999999999,1.8394,1.8394,5.7573,0.7196625,0.6698999999999999,1.1744,1.1744,5,1.3986,0.27972,0.2474,0.3358,0.3358,completed
13,known_visit,PI,bernoulli,drop_0.25,25,625,8,10,pi_g25_d85_bernoulli_drop_0_25,reruns\grid_density\scenarios\cv\known_visit_grid25_targets10_trials50.csv,01,26,2,0,27,0,1,0,0,0,0.0,0,0,61,54,7,373,70,13,11.1237,0.8556692307692307,0.8714,1.4179,1.4179,8.0188,0.6168307692307693,0.5719,0.9243,0.9243,10,3.1049,0.31049000000000004,0.3013,0.4542,0.4542,completed
13,known_visit,PI,bernoulli,drop_0.25,25,625,8,10,pi_g25_d85_bernoulli_drop_0_25,reruns\grid_density\scenarios\cv\known_visit_grid25_targets10_trials50.csv,02,27,2,0,28,0,0,1,1,0,0.0,0,0,66,55,11,362,76,7,7.1443,1.0206142857142857,1.0904,1.4164,1.4164,5.2554,0.7507714285714285,0.7715,0.9274,0.9274,7,1.8889,0.26984285714285716,0.2476,0.3242,0.3242,completed
13,known_visit,PI,bernoulli,drop_0.25,25,625,8,10,pi_g25_d85_bernoulli_drop_0_25,reruns\grid_density\scenarios\cv\known_visit_grid25_targets10_trials50.csv,03,27,1,0,28,0,3,2,2,0,0.0,0,0,69,57,12,366,69,10,9.1813,0.91813,0.7326,1.4803,1.4803,6.9251,0.69251,0.616,0.9722,0.9722,9,2.2561999999999998,0.25068888888888885,0.2421,0.2913,0.2913,completed
13,known_visit,PI,bernoulli,drop_0.25,25,625,8,10,pi_g25_d85_bernoulli_drop_0_25,reruns\grid_density\scenarios\cv\known_visit_grid25_targets10_trials50.csv,04,28,2,0,27,2,0,0,0,0,0.0,0,0,68,57,11,364,73,9,8.8364,0.9818222222222222,0.9529,1.7449,1.7449,6.4510000000000005,0.7167777777777778,0.7131,1.0778,1.0778,8,2.3854,0.298175,0.3243,0.3452,0.3452,completed
13,known_visit,PI,bernoulli,drop_0.25,25,625,8,10,pi_g25_d85_bernoulli_drop_0_25,reruns\grid_density\scenarios\cv\known_visit_grid25_targets10_trials50.csv,05,15,1,1,14,2,0,0,0,0,0.0,0,0,44,33,11,409,52,52,46.760600000000004,0.8992423076923077,0.7452,1.4105,1.7043,31.5238,0.606226923076923,0.5124500000000001,0.9392,1.0598,54,15.2368,0.28216296296296295,0.2358,0.3776,0.4905,completed
13,known_visit,PI,bernoulli,drop_0.25,25,625,8,10,pi_g25_d85_bernoulli_drop_0_25,reruns\grid_density\scenarios\cv\known_visit_grid25_targets10_trials50.csv,06,27,1,1,23,5,0,1,1,0,0.0,0,0,66,56,10,366,72,7,8.5601,1.2228714285714286,1.1352,1.779,1.779,5.9163,0.8451857142857142,0.8165,1.1092,1.1092,9,2.6438,0.29375555555555555,0.3187,0.3368,0.3368,completed
13,known_visit,PI,bernoulli,drop_0.25,25,625,8,10,pi_g25_d85_bernoulli_drop_0_25,reruns\grid_density\scenarios\cv\known_visit_grid25_targets10_trials50.csv,07,27,1,0,25,3,2,0,0,0,0.0,0,0,69,56,13,379,56,10,10.5749,1.05749,1.1571,1.7523,1.7523,7.6141000000000005,0.76141,0.8157,1.078,1.078,10,2.9608,0.29608,0.3278,0.3373,0.3373,completed
14,known_visit,PI,bernoulli,drop_0.25,25,625,8,10,pi_g25_d85_bernoulli_drop_0_25,reruns\grid_density\scenarios\cv\known_visit_grid25_targets10_trials50.csv,00,35,1,1,28,8,1,0,0,0,0.0,0,0,80,71,9,402,61,9,11.1005,1.2333888888888889,0.9535,2.4126,2.4126,8.7705,0.9745,0.8535,1.614,1.614,6,2.33,0.38833333333333336,0.39905,0.4012,0.4012,completed
14,known_visit,PI,bernoulli,drop_0.25,25,625,8,10,pi_g25_d85_bernoulli_drop_0_25,reruns\grid_density\scenarios\cv\known_visit_grid25_targets10_trials50.csv,01,18,2,0,19,0,2,0,0,0,0.0,0,0,51,38,13,417,75,63,65.2083,1.0350523809523808,1.028,1.4881,2.3945,42.848,0.6801269841269841,0.6615,0.8329,1.5928,64,22.3603,0.3493796875,0.35795,0.4032,0.411,completed
14,known_visit,PI,bernoulli,drop_0.25,25,625,8,10,pi_g25_d85_bernoulli_drop_0_25,reruns\grid_density\scenarios\cv\known_visit_grid25_targets10_trials50.csv,02,12,2,0,10,3,1,0,0,0,0.0,0,0,37,27,10,430,78,82,97.6737,1.1911426829268292,1.1588500000000002,1.4284,2.4204,65.1912,0.7950146341463414,0.76415,1.0001,1.6176,85,32.4825,0.38214705882352945,0.3875,0.4238,0.445,completed
14,known_visit,PI,bernoulli,drop_0.25,25,625,8,10,pi_g25_d85_bernoulli_drop_0_25,reruns\grid_density\scenarios\cv\known_visit_grid25_targets10_trials50.csv,03,28,0,2,13,16,1,3,1,1,5.0,1,0,75,60,15,404,63,29,32.3115,1.114189655172414,0.8776,2.4248,2.4809,21.7775,0.7509482758620689,0.556,1.5706,1.6271,29,10.534,0.36324137931034484,0.3382,0.4467,0.4538,completed
14,known_visit,PI,bernoulli,drop_0.25,25,625,8,10,pi_g25_d85_bernoulli_drop_0_25,reruns\grid_density\scenarios\cv\known_visit_grid25_targets10_trials50.csv,04,31,0,0,28,4,2,0,0,0,0.0,0,0,76,64,12,396,70,17,18.8395,1.1082058823529413,0.9395,2.3711,2.3711,13.2664,0.7803764705882353,0.6176,1.5737,1.5737,16,5.5731,0.34831875,0.33815,0.4566,0.4566,completed
14,known_visit,PI,bernoulli,drop_0.25,25,625,8,10,pi_g25_d85_bernoulli_drop_0_25,reruns\grid_density\scenarios\cv\known_visit_grid25_targets10_trials50.csv,05,31,1,1,31,1,2,0,0,0,0.0,0,0,74,64,10,401,68,19,21.7346,1.1439263157894737,0.9158,2.4121,2.4121,15.1653,0.7981736842105264,0.6336,1.5983,1.5983,18,6.5693,0.3649611111111111,0.34319999999999995,0.4717,0.4717,completed
14,known_visit,PI,bernoulli,drop_0.25,25,625,8,10,pi_g25_d85_bernoulli_drop_0_25,reruns\grid_density\scenarios\cv\known_visit_grid25_targets10_trials50.csv,06,34,2,0,34,1,1,0,0,0,0.0,0,0,79,70,9,392,74,7,8.5673,1.2239,1.0931,2.3689,2.3689,6.641,0.9487142857142857,0.8891,1.5768,1.5768,5,1.9263000000000001,0.38526000000000005,0.3931,0.404,0.404,completed
14,known_visit,PI,bernoulli,drop_0.25,25,625,8,10,pi_g25_d85_bernoulli_drop_0_25,reruns\grid_density\scenarios\cv\known_visit_grid25_targets10_trials50.csv,07,31,2,0,30,2,0,0,0,0,0.0,0,0,74,64,10,403,66,18,17.5787,0.9765944444444445,0.8594999999999999,1.7932,1.7932,11.7661,0.6536722222222222,0.5413,1.2139,1.2139,18,5.8126,0.3229222222222222,0.32995,0.41,0.41,completed
15,known_visit,PI,bernoulli,drop_0.25,25,625,8,10,pi_g25_d85_bernoulli_drop_0_25,reruns\grid_density\scenarios\cv\known_visit_grid25_targets10_trials50.csv,00,29,2,1,29,1,0,0,0,0,0.0,0,0,71,61,10,438,65,19,22.4802,1.1831684210526316,1.0482,2.5707,2.5707,15.1726,0.798557894736842,0.714,1.7206,1.7206,19,7.3076,0.38461052631578946,0.3782,0.4485,0.4485,completed
15,known_visit,PI,bernoulli,drop_0.25,25,625,8,10,pi_g25_d85_bernoulli_drop_0_25,reruns\grid_density\scenarios\cv\known_visit_grid25_targets10_trials50.csv,01,30,1,0,29,2,1,0,0,0,0.0,0,0,71,62,9,436,67,12,13.2064,1.1005333333333334,0.9597,2.4169,2.4169,9.4553,0.7879416666666667,0.7215499999999999,1.6303,1.6303,11,3.7511,0.34100909090909093,0.3568,0.3982,0.3982,completed
15,known_visit,PI,bernoulli,drop_0.25,25,625,8,10,pi_g25_d85_bernoulli_drop_0_25,reruns\grid_density\scenarios\cv\known_visit_grid25_targets10_trials50.csv,02,31,1,0,31,1,1,0,0,0,0.0,0,0,72,64,8,435,67,11,14.2913,1.299209090909091,1.1385,2.5115,2.5115,10.2566,0.9324181818181819,0.7899,1.708,1.708,10,4.0347,0.40347,0.39925,0.4911,0.4911,completed
15,known_visit,PI,bernoulli,drop_0.25,25,625,8,10,pi_g25_d85_bernoulli_drop_0_25,reruns\grid_density\scenarios\cv\known_visit_grid25_targets10_trials50.csv,03,30,0,1,25,6,0,1,1,0,0.0,0,0,78,63,15,427,69,10,14.9705,1.49705,1.3402500000000002,2.49,2.49,10.0843,1.0084300000000002,0.8903000000000001,1.6872,1.6872,13,4.8862000000000005,0.3758615384615385,0.3966,0.4348,0.4348,completed
15,known_visit,PI,bernoulli,drop_0.25,25,625,8,10,pi_g25_d85_bernoulli_drop_0_25,reruns\grid_density\scenarios\cv\known_visit_grid25_targets10_trials50.csv,04,18,1,0,13,6,2,0,0,0,0.0,0,0,53,40,13,442,79,53,67.9807,1.282654716981132,1.2363,1.9967,2.5169,46.0608,0.8690716981132075,0.821,1.257,1.5405,58,21.9199,0.3779293103448276,0.36660000000000004,0.4796,0.5368,completed
15,known_visit,PI,bernoulli,drop_0.25,25,625,8,10,pi_g25_d85_bernoulli_drop_0_25,reruns\grid_density\scenarios\cv\known_visit_grid25_targets10_trials50.csv,05,32,0,1,23,10,2,1,1,0,0.0,0,0,77,66,11,429,70,8,12.9842,1.623025,1.6280999999999999,2.5191,2.5191,9.1606,1.145075,1.0468,1.7267,1.7267,10,3.8236,0.38236,0.38935,0.4057,0.4057,completed
15,known_visit,PI,bernoulli,drop_0.25,25,625,8,10,pi_g25_d85_bernoulli_drop_0_25,reruns\grid_density\scenarios\cv\known_visit_grid25_targets10_trials50.csv,06,30,2,0,27,4,2,1,1,0,0.0,0,0,79,62,17,435,62,9,14.9471,1.6607888888888889,1.4859,2.5164,2.5164,10.3854,1.1539333333333335,1.0448,1.6997,1.6997,12,4.5617,0.38014166666666666,0.37795,0.4305,0.4305,completed
15,known_visit,PI,bernoulli,drop_0.25,25,625,8,10,pi_g25_d85_bernoulli_drop_0_25,reruns\grid_density\scenarios\cv\known_visit_grid25_targets10_trials50.csv,07,31,3,1,31,1,1,4,2,1,5.0,1,0,75,64,11,425,75,9,11.4912,1.2768,1.1635,2.3663,2.3663,8.7513,0.9723666666666667,0.8126,1.5788,1.5788,8,2.7399,0.3424875,0.35914999999999997,0.4055,0.4055,completed
16,known_visit,PI,bernoulli,drop_0.25,25,625,8,10,pi_g25_d85_bernoulli_drop_0_25,reruns\grid_density\scenarios\cv\known_visit_grid25_targets10_trials50.csv,00,23,0,1,20,4,0,1,1,0,0.0,0,0,58,48,10,340,58,6,9.1051,1.5175166666666666,1.66865,2.2584,2.2584,6.7779,1.12965,1.2286000000000001,1.4966,1.4966,6,2.3272,0.38786666666666664,0.38385,0.4146,0.4146,completed
16,known_visit,PI,bernoulli,drop_0.25,25,625,8,10,pi_g25_d85_bernoulli_drop_0_25,reruns\grid_density\scenarios\cv\known_visit_grid25_targets10_trials50.csv,01,23,1,0,24,0,3,0,0,0,0.0,0,0,58,49,9,337,60,9,11.3043,1.2560333333333333,0.8396,2.4671,2.4671,8.8802,0.986688888888889,0.8396,1.6675,1.6675,6,2.4241,0.4040166666666667,0.3998,0.4296,0.4296,completed
16,known_visit,PI,bernoulli,drop_0.25,25,625,8,10,pi_g25_d85_bernoulli_drop_0_25,reruns\grid_density\scenarios\cv\known_visit_grid25_targets10_trials50.csv,02,23,1,1,22,2,2,0,0,0,0.0,0,0,60,48,12,320,76,8,11.4242,1.428025,1.2885,2.4853,2.4853,8.72,1.09,0.913,1.6924,1.6924,7,2.7042,0.3863142857142857,0.3849,0.3972,0.3972,completed
16,known_visit,PI,bernoulli,drop_0.25,25,625,8,10,pi_g25_d85_bernoulli_drop_0_25,reruns\grid_density\scenarios\cv\known_visit_grid25_targets10_trials50.csv,03,23,2,0,24,0,1,2,1,1,5.0,1,0,59,49,10,339,57,9,12.8743,1.4304777777777777,1.2774,2.4747,2.4747,9.2898,1.0322,0.881,1.68,1.68,9,3.5845,0.39827777777777773,0.3964,0.4815,0.4815,completed
16,known_visit,PI,bernoulli,drop_0.25,25,625,8,10,pi_g25_d85_bernoulli_drop_0_25,reruns\grid_density\scenarios\cv\known_visit_grid25_targets10_trials50.csv,04,23,1,0,24,0,2,2,2,0,0.0,0,0,54,47,7,344,57,8,12.3189,1.5398625,1.4861499999999999,2.2695,2.2695,8.2302,1.028775,1.00865,1.5071,1.5071,11,4.0887,0.37170000000000003,0.3788,0.4063,0.4063,completed
16,known_visit,PI,bernoulli,drop_0.25,25,625,8,10,pi_g25_d85_bernoulli_drop_0_25,reruns\grid_density\scenarios\cv\known_visit_grid25_targets10_trials50.csv,05,18,2,0,19,0,3,0,0,0,0.0,0,0,50,38,12,346,59,26,23.6281,0.908773076923077,0.82985,2.1786,2.2399,15.9361,0.6129269230769231,0.5209,1.4675,1.4776,26,7.692,0.29584615384615387,0.3151,0.3924,0.4026,completed
16,known_visit,PI,bernoulli,drop_0.25,25,625,8,10,pi_g25_d85_bernoulli_drop_0_25,reruns\grid_density\scenarios\cv\known_visit_grid25_targets10_trials50.csv,06,23,1,1,14,10,0,1,1,0,0.0,0,0,58,49,9,340,57,8,11.402,1.42525,1.4285999999999999,2.2714,2.2714,8.2295,1.0286875,1.0489000000000002,1.4849,1.4849,8,3.1725,0.3965625,0.38595,0.4708,0.4708,completed
16,known_visit,PI,bernoulli,drop_0.25,25,625,8,10,pi_g25_d85_bernoulli_drop_0_25,reruns\grid_density\scenarios\cv\known_visit_grid25_targets10_trials50.csv,07,24,2,0,24,1,1,0,0,0,0.0,0,0,59,49,10,334,63,8,10.5752,1.3219,1.10755,2.4921,2.4921,8.2596,1.03245,0.8935500000000001,1.7031,1.7031,6,2.3156,0.3859333333333333,0.38805,0.4034,0.4034,completed
17,known_visit,PI,bernoulli,drop_0.25,25,625,8,10,pi_g25_d85_bernoulli_drop_0_25,reruns\grid_density\scenarios\cv\known_visit_grid25_targets10_trials50.csv,00,37,0,3,25,13,1,0,0,0,0.0,0,0,88,75,13,321,66,11,14.0365,1.2760454545454545,0.8883,2.7926,2.7926,10.4846,0.9531454545454546,0.7737,1.9373,1.9373,9,3.5519,0.39465555555555554,0.4199,0.4479,0.4479,completed
17,known_visit,PI,bernoulli,drop_0.25,25,625,8,10,pi_g25_d85_bernoulli_drop_0_25,reruns\grid_density\scenarios\cv\known_visit_grid25_targets10_trials50.csv,01,28,0,2,23,6,1,0,0,0,0.0,0,0,68,58,10,345,61,41,46.3022,1.129321951219512,1.0057,1.7185,2.8007,30.842200000000002,0.752248780487805,0.6605,1.2979,1.921,43,15.459999999999999,0.35953488372093023,0.3697,0.4387,0.4634,completed
17,known_visit,PI,bernoulli,drop_0.25,25,625,8,10,pi_g25_d85_bernoulli_drop_0_25,reruns\grid_density\scenarios\cv\known_visit_grid25_targets10_trials50.csv,02,37,1,2,30,8,1,0,0,0,0.0,0,0,84,75,9,320,70,9,11.1973,1.2441444444444445,0.9025,2.4389,2.4389,8.4634,0.9403777777777778,0.8357,1.6019,1.6019,7,2.7338999999999998,0.3905571428571428,0.3867,0.4609,0.4609,completed
17,known_visit,PI,bernoulli,drop_0.25,25,625,8,10,pi_g25_d85_bernoulli_drop_0_25,reruns\grid_density\scenarios\cv\known_visit_grid25_targets10_trials50.csv,03,22,2,0,23,0,3,0,0,0,0.0,0,0,59,47,12,358,57,59,53.166,0.9011186440677965,0.8026,1.6528,2.62,33.8321,0.5734254237288136,0.4831,1.2654,1.7753,59,19.3339,0.32769322033898307,0.3166,0.4181,0.4266,completed
17,known_visit,PI,bernoulli,drop_0.25,25,625,8,10,pi_g25_d85_bernoulli_drop_0_25,reruns\grid_density\scenarios\cv\known_visit_grid25_targets10_trials50.csv,04,37,6,0,38,0,2,0,0,0,0.0,0,0,89,75,14,336,50,10,13.987400000000001,1.39874,0.9759500000000001,2.9274,2.9274,10.3164,1.03164,0.7775000000000001,1.9711,1.9711,9,3.671,0.40788888888888886,0.4151,0.5021,0.5021,completed
17,known_visit,PI,bernoulli,drop_0.25,25,625,8,10,pi_g25_d85_bernoulli_drop_0_25,reruns\grid_density\scenarios\cv\known_visit_grid25_targets10_trials50.csv,05,5,1,0,5,1,1,0,0,0,0.0,0,0,19,12,7,386,69,114,108.1992,0.9491157894736842,0.8996,1.2573,2.7599,69.3298,0.6081561403508773,0.57575,0.9199,1.8471,113,38.8694,0.34397699115044245,0.3286,0.4309,0.5455,completed
17,known_visit,PI,bernoulli,drop_0.25,25,625,8,10,pi_g25_d85_bernoulli_drop_0_25,reruns\grid_density\scenarios\cv\known_visit_grid25_targets10_trials50.csv,06,19,0,2,10,10,0,0,0,0,0.0,0,0,49,41,8,365,61,67,69.038,1.030417910447761,0.916,1.3447,2.6833,45.2324,0.675110447761194,0.5835,0.9317,1.8377,68,23.8056,0.35008235294117646,0.33015,0.4479,0.5121,completed
17,known_visit,PI,bernoulli,drop_0.25,25,625,8,10,pi_g25_d85_bernoulli_drop_0_25,reruns\grid_density\scenarios\cv\known_visit_grid25_targets10_trials50.csv,07,4,0,0,4,1,0,0,0,0,0.0,0,0,19,11,8,396,59,116,115.0688,0.9919724137931034,0.9680500000000001,1.3927,2.2096,73.78190000000001,0.6360508620689656,0.6214,0.9523,1.4798,118,41.2869,0.3498889830508475,0.33815,0.4479,0.4991,completed
18,known_visit,PI,bernoulli,drop_0.25,25,625,8,10,pi_g25_d85_bernoulli_drop_0_25,reruns\grid_density\scenarios\cv\known_visit_grid25_targets10_trials50.csv,00,37,0,1,27,11,0,0,0,0,0.0,0,0,84,76,8,452,85,25,22.3592,0.894368,0.8521,1.0924,2.4777,15.5192,0.620768,0.5652,0.8967,1.7206,20,6.84,0.34199999999999997,0.34865,0.3851,0.4001,completed
18,known_visit,PI,bernoulli,drop_0.25,25,625,8,10,pi_g25_d85_bernoulli_drop_0_25,reruns\grid_density\scenarios\cv\known_visit_grid25_targets10_trials50.csv,01,12,0,0,13,0,0,0,0,0,0.0,0,0,34,26,8,500,88,108,107.979,0.9998055555555555,0.9417,1.335,2.2878,69.1179,0.6399805555555557,0.5891,0.8861,1.5507,109,38.8611,0.35652385321100916,0.3586,0.4239,0.4701,completed
18,known_visit,PI,bernoulli,drop_0.25,25,625,8,10,pi_g25_d85_bernoulli_drop_0_25,reruns\grid_density\scenarios\cv\known_visit_grid25_targets10_trials50.csv,02,35,1,1,30,6,0,0,0,0,0.0,0,0,87,73,14,446,88,31,32.8129,1.0584806451612903,0.9408,1.994,2.2636,20.6948,0.6675741935483871,0.5764,1.5043,1.5278,34,12.1181,0.35641470588235297,0.3476,0.4259,0.4662,completed
18,known_visit,PI,bernoulli,drop_0.25,25,625,8,10,pi_g25_d85_bernoulli_drop_0_25,reruns\grid_density\scenarios\cv\known_visit_grid25_targets10_trials50.csv,03,26,2,0,27,0,1,0,0,0,0.0,0,0,73,56,17,472,76,63,64.2654,1.0200857142857143,0.9914,1.4754,2.3382,41.845,0.6642063492063491,0.6317,0.8583,1.6019,63,22.4204,0.3558793650793651,0.3626,0.3963,0.4595,completed
18,known_visit,PI,bernoulli,drop_0.25,25,625,8,10,pi_g25_d85_bernoulli_drop_0_25,reruns\grid_density\scenarios\cv\known_visit_grid25_targets10_trials50.csv,04,29,1,1,25,5,1,0,0,0,0.0,0,0,73,60,13,476,72,51,50.0077,0.9805431372549019,0.926,1.6352,2.4238,32.3178,0.6336823529411765,0.5759,1.1888,1.6821,50,17.6899,0.35379800000000006,0.35635,0.3859,0.4464,completed
18,known_visit,PI,bernoulli,drop_0.25,25,625,8,10,pi_g25_d85_bernoulli_drop_0_25,reruns\grid_density\scenarios\cv\known_visit_grid25_targets10_trials50.csv,05,41,2,1,38,4,1,3,1,1,5.0,1,0,96,84,12,449,77,11,14.6727,1.3338818181818182,1.1109,2.2829,2.2829,10.6531,0.9684636363636364,0.9045,1.5378,1.5378,11,4.0196,0.3654181818181818,0.3626,0.4543,0.4543,completed
18,known_visit,PI,bernoulli,drop_0.25,25,625,8,10,pi_g25_d85_bernoulli_drop_0_25,reruns\grid_density\scenarios\cv\known_visit_grid25_targets10_trials50.csv,06,36,3,2,20,17,0,0,0,0,0.0,0,0,85,74,11,472,65,29,38.5283,1.3285620689655173,1.3252,1.6437,2.3469,26.6806,0.9200206896551724,0.926,1.1636,1.6083,32,11.8477,0.370240625,0.37485,0.4801,0.5884,completed
18,known_visit,PI,bernoulli,drop_0.25,25,625,8,10,pi_g25_d85_bernoulli_drop_0_25,reruns\grid_density\scenarios\cv\known_visit_grid25_targets10_trials50.csv,07,41,1,2,30,12,1,0,0,0,0.0,0,0,90,83,7,446,85,9,10.5653,1.1739222222222223,0.9292,2.3548,2.3548,7.9872,0.8874666666666666,0.8549,1.5624,1.5624,7,2.5781,0.3683,0.3723,0.4259,0.4259,completed
19,known_visit,PI,bernoulli,drop_0.25,25,625,8,10,pi_g25_d85_bernoulli_drop_0_25,reruns\grid_density\scenarios\cv\known_visit_grid25_targets10_trials50.csv,00,28,1,1,25,4,1,0,0,0,0.0,0,0,69,58,11,361,69,12,13.7585,1.1465416666666666,0.8685499999999999,2.5323,2.5323,10.08,0.84,0.7678,1.6799,1.6799,10,3.6785,0.36785,0.367,0.4325,0.4325,completed
19,known_visit,PI,bernoulli,drop_0.25,25,625,8,10,pi_g25_d85_bernoulli_drop_0_25,reruns\grid_density\scenarios\cv\known_visit_grid25_targets10_trials50.csv,01,7,1,0,6,2,0,0,0,0,0.0,0,0,28,17,11,387,83,82,101.1115,1.2330670731707318,1.1836,1.5835,2.5045,68.1268,0.8308146341463415,0.8160000000000001,1.0672,1.6774,85,32.9847,0.388055294117647,0.3748,0.4762,0.5305,completed
19,known_visit,PI,bernoulli,drop_0.25,25,625,8,10,pi_g25_d85_bernoulli_drop_0_25,reruns\grid_density\scenarios\cv\known_visit_grid25_targets10_trials50.csv,02,30,2,0,31,0,1,0,0,0,0.0,0,0,71,61,10,360,67,8,10.5945,1.3243125,1.1064500000000002,2.4771,2.4771,8.1965,1.0245625,0.9123,1.6435,1.6435,6,2.398,0.39966666666666667,0.40149999999999997,0.4299,0.4299,completed
19,known_visit,PI,bernoulli,drop_0.25,25,625,8,10,pi_g25_d85_bernoulli_drop_0_25,reruns\grid_density\scenarios\cv\known_visit_grid25_targets10_trials50.csv,03,20,0,1,16,5,2,0,0,0,0.0,0,0,54,43,11,368,76,39,48.771,1.2505384615384616,1.1728,2.5561,2.5792,32.7059,0.8386128205128205,0.78,1.7004,1.7234,41,16.0651,0.3918317073170732,0.3901,0.4318,0.5063,completed
19,known_visit,PI,bernoulli,drop_0.25,25,625,8,10,pi_g25_d85_bernoulli_drop_0_25,reruns\grid_density\scenarios\cv\known_visit_grid25_targets10_trials50.csv,04,22,1,0,23,0,3,0,0,0,0.0,0,0,60,47,13,365,73,32,35.388600000000004,1.1058937500000001,1.00915,2.5223,2.6896,23.8959,0.746746875,0.64165,1.6971,1.8129,31,11.4927,0.3707322580645161,0.3686,0.4299,0.4538,completed
19,known_visit,PI,bernoulli,drop_0.25,25,625,8,10,pi_g25_d85_bernoulli_drop_0_25,reruns\grid_density\scenarios\cv\known_visit_grid25_targets10_trials50.csv,05,30,3,0,30,1,1,0,0,0,0.0,0,0,73,61,12,371,56,9,12.0366,1.3374,1.3483,2.6941,2.6941,9.3865,1.0429444444444445,0.9139,1.806,1.806,6,2.6501,0.44168333333333337,0.43835,0.5131,0.5131,completed
19,known_visit,PI,bernoulli,drop_0.25,25,625,8,10,pi_g25_d85_bernoulli_drop_0_25,reruns\grid_density\scenarios\cv\known_visit_grid25_targets10_trials50.csv,06,30,1,1,29,2,3,0,0,0,0.0,0,0,71,61,10,364,64,10,14.8315,1.48315,0.94905,2.6402,2.6402,11.5112,1.1511200000000001,0.94905,1.7978,1.7978,8,3.3203,0.4150375,0.41875,0.4255,0.4255,completed
19,known_visit,PI,bernoulli,drop_0.25,25,625,8,10,pi_g25_d85_bernoulli_drop_0_25,reruns\grid_density\scenarios\cv\known_visit_grid25_targets10_trials50.csv,07,30,1,1,29,2,0,0,0,0,0.0,0,0,75,61,14,356,70,7,10.9024,1.5574857142857144,1.4172,2.7445,2.7445,7.7666,1.1095142857142857,0.9861,1.8586,1.8586,8,3.1358,0.391975,0.37645,0.4445,0.4445,completed
20,known_visit,PI,bernoulli,drop_0.25,25,625,8,10,pi_g25_d85_bernoulli_drop_0_25,reruns\grid_density\scenarios\cv\known_visit_grid25_targets10_trials50.csv,00,29,0,3,22,8,0,0,0,0,0.0,0,0,74,59,15,325,68,8,12.7511,1.5938875,1.62635,2.5576,2.5576,9.3535,1.1691875,1.1684999999999999,1.7084,1.7084,8,3.3976,0.4247,0.4394,0.4582,0.4582,completed
20,known_visit,PI,bernoulli,drop_0.25,25,625,8,10,pi_g25_d85_bernoulli_drop_0_25,reruns\grid_density\scenarios\cv\known_visit_grid25_targets10_trials50.csv,01,28,5,0,28,1,1,0,0,0,0.0,0,0,71,58,13,337,59,12,15.2641,1.2720083333333332,1.0648499999999999,2.5575,2.5575,10.8333,0.902775,0.79915,1.7117,1.7117,12,4.4308,0.3692333333333333,0.35105,0.4762,0.4762,completed
20,known_visit,PI,bernoulli,drop_0.25,25,625,8,10,pi_g25_d85_bernoulli_drop_0_25,reruns\grid_density\scenarios\cv\known_visit_grid25_targets10_trials50.csv,02,29,2,0,30,0,1,0,0,0,0.0,0,0,66,59,7,341,61,8,10.8163,1.3520375,0.90825,2.8701,2.8701,8.6713,1.0839125,0.8764000000000001,1.9683,1.9683,5,2.145,0.429,0.4343,0.4539,0.4539,completed
20,known_visit,PI,bernoulli,drop_0.25,25,625,8,10,pi_g25_d85_bernoulli_drop_0_25,reruns\grid_density\scenarios\cv\known_visit_grid25_targets10_trials50.csv,03,6,0,0,7,0,0,0,0,0,0.0,0,0,19,14,5,394,54,84,117.8287,1.402722619047619,1.3456000000000001,1.7301,2.671,82.4127,0.9811035714285714,0.9209,1.2823,1.7928,86,35.416,0.4118139534883721,0.4253,0.4638,0.4985,completed
20,known_visit,PI,bernoulli,drop_0.25,25,625,8,10,pi_g25_d85_bernoulli_drop_0_25,reruns\grid_density\scenarios\cv\known_visit_grid25_targets10_trials50.csv,04,27,1,0,28,0,2,0,0,0,0.0,0,0,68,56,12,344,55,12,15.3946,1.2828833333333334,0.84745,2.7233,2.7233,10.2219,0.8518249999999999,0.751,1.8468,1.8468,14,5.1727,0.36947857142857143,0.38465000000000005,0.4448,0.4448,completed
20,known_visit,PI,bernoulli,drop_0.25,25,625,8,10,pi_g25_d85_bernoulli_drop_0_25,reruns\grid_density\scenarios\cv\known_visit_grid25_targets10_trials50.csv,05,12,0,0,13,0,1,0,0,0,0.0,0,0,37,28,9,380,51,63,88.0275,1.3972619047619048,1.4818,1.8301,2.6799,61.3085,0.9731507936507937,1.036,1.2615,1.8032,66,26.719,0.4048333333333334,0.42779999999999996,0.4615,0.4963,completed
20,known_visit,PI,bernoulli,drop_0.25,25,625,8,10,pi_g25_d85_bernoulli_drop_0_25,reruns\grid_density\scenarios\cv\known_visit_grid25_targets10_trials50.csv,06,28,2,0,29,0,0,0,0,0,0.0,0,0,65,58,7,346,57,9,10.686499999999999,1.1873888888888888,0.9471,2.5496,2.5496,8.3801,0.9311222222222223,0.8966,1.703,1.703,6,2.3064,0.3844,0.40545,0.428,0.428,completed
20,known_visit,PI,bernoulli,drop_0.25,25,625,8,10,pi_g25_d85_bernoulli_drop_0_25,reruns\grid_density\scenarios\cv\known_visit_grid25_targets10_trials50.csv,07,28,0,1,27,2,0,0,0,0,0.0,0,0,69,58,11,337,61,10,11.9088,1.19088,0.88745,2.5548,2.5548,8.9736,0.8973599999999999,0.8448,1.7067,1.7067,8,2.9352,0.3669,0.3571,0.427,0.427,completed
21,known_visit,PI,bernoulli,drop_0.25,25,625,8,10,pi_g25_d85_bernoulli_drop_0_25,reruns\grid_density\scenarios\cv\known_visit_grid25_targets10_trials50.csv,00,39,4,1,36,4,1,0,0,0,0.0,0,0,92,79,13,342,59,6,10.6072,1.7678666666666667,1.6961,2.8508,2.8508,6.728,1.1213333333333333,1.0598,1.8968,1.8968,10,3.8792,0.38792,0.38344999999999996,0.4948,0.4948,completed
21,known_visit,PI,bernoulli,drop_0.25,25,625,8,10,pi_g25_d85_bernoulli_drop_0_25,reruns\grid_density\scenarios\cv\known_visit_grid25_targets10_trials50.csv,01,30,1,1,21,10,3,3,1,1,5.0,1,0,81,64,17,356,56,35,46.6285,1.3322428571428573,1.3259,2.5744,2.6708,31.4422,0.8983485714285714,0.8821,1.668,1.7798,39,15.1863,0.38939230769230765,0.4193,0.4744,0.479,completed
21,known_visit,PI,bernoulli,drop_0.25,25,625,8,10,pi_g25_d85_bernoulli_drop_0_25,reruns\grid_density\scenarios\cv\known_visit_grid25_targets10_trials50.csv,02,27,0,1,27,1,1,0,0,0,0.0,0,0,65,56,9,362,65,50,46.7321,0.9346420000000001,0.90935,1.0575,2.7053,30.2521,0.605042,0.5542,0.9652,1.8089,47,16.48,0.3506382978723404,0.3605,0.4413,0.4806,completed
21,known_visit,PI,bernoulli,drop_0.25,25,625,8,10,pi_g25_d85_bernoulli_drop_0_25,reruns\grid_density\scenarios\cv\known_visit_grid25_targets10_trials50.csv,03,5,1,0,5,1,0,0,0,0,0.0,0,0,21,13,8,404,67,120,121.8074,1.0150616666666668,0.91465,1.4839,2.646,77.4134,0.6451116666666666,0.5538000000000001,1.0139,1.7672,122,44.394,0.36388524590163934,0.36315,0.4694,0.5066,completed
21,known_visit,PI,bernoulli,drop_0.25,25,625,8,10,pi_g25_d85_bernoulli_drop_0_25,reruns\grid_density\scenarios\cv\known_visit_grid25_targets10_trials50.csv,04,16,2,0,17,0,2,0,0,0,0.0,0,0,47,35,12,381,64,86,77.3932,0.899920930232558,0.8353999999999999,1.6055,2.6584,48.854,0.5680697674418604,0.50745,1.1034,1.7934,86,28.5392,0.3318511627906977,0.32865,0.4329,0.5021,completed
21,known_visit,PI,bernoulli,drop_0.25,25,625,8,10,pi_g25_d85_bernoulli_drop_0_25,reruns\grid_density\scenarios\cv\known_visit_grid25_targets10_trials50.csv,05,8,0,0,9,0,0,0,0,0,0.0,0,0,27,19,8,399,67,111,110.0865,0.9917702702702703,0.956,1.334,2.9417,70.3511,0.6337936936936938,0.5974,0.9008,1.9635,111,39.7354,0.35797657657657656,0.3637,0.4709,0.5067,completed
21,known_visit,PI,bernoulli,drop_0.25,25,625,8,10,pi_g25_d85_bernoulli_drop_0_25,reruns\grid_density\scenarios\cv\known_visit_grid25_targets10_trials50.csv,06,32,2,0,33,0,1,0,0,0,0.0,0,0,73,66,7,358,62,33,32.2949,0.9786333333333332,0.9499,2.7028,2.7273,21.8963,0.6635242424242425,0.5996,1.8021,1.8259,29,10.3986,0.35857241379310345,0.3665,0.4572,0.468,completed
21,known_visit,PI,bernoulli,drop_0.25,25,625,8,10,pi_g25_d85_bernoulli_drop_0_25,reruns\grid_density\scenarios\cv\known_visit_grid25_targets10_trials50.csv,07,39,0,2,26,14,0,0,0,0,0.0,0,0,88,79,9,346,58,7,9.9082,1.415457142857143,1.165,2.8664,2.8664,7.8045,1.1149285714285715,1.0223,1.9221,1.9221,5,2.1037,0.42074,0.4422,0.4846,0.4846,completed
22,known_visit,PI,bernoulli,drop_0.25,25,625,8,10,pi_g25_d85_bernoulli_drop_0_25,reruns\grid_density\scenarios\cv\known_visit_grid25_targets10_trials50.csv,00,31,2,0,32,0,3,0,0,0,0.0,0,0,77,63,14,388,60,11,14.5741,1.3249181818181819,0.9499,2.5018,2.5018,11.0601,1.0054636363636364,0.8032,1.6801,1.6801,9,3.514,0.3904444444444444,0.3932,0.4118,0.4118,completed
22,known_visit,PI,bernoulli,drop_0.25,25,625,8,10,pi_g25_d85_bernoulli_drop_0_25,reruns\grid_density\scenarios\cv\known_visit_grid25_targets10_trials50.csv,01,22,2,0,23,0,1,0,0,0,0.0,0,0,54,46,8,403,67,37,42.8459,1.1579972972972974,1.0251,2.2887,2.4026,28.0916,0.7592324324324324,0.6963,1.4722,1.5914,39,14.7543,0.3783153846153846,0.3673,0.4439,0.4661,completed
22,known_visit,PI,bernoulli,drop_0.25,25,625,8,10,pi_g25_d85_bernoulli_drop_0_25,reruns\grid_density\scenarios\cv\known_visit_grid25_targets10_trials50.csv,02,20,1,1,19,2,4,0,0,0,0.0,0,0,59,43,16,404,61,42,47.8257,1.1387071428571427,1.0059,1.7382,2.4958,30.4554,0.7251285714285715,0.6333,1.3104,1.6349,46,17.3703,0.3776152173913044,0.3689,0.417,0.483,completed
22,known_visit,PI,bernoulli,drop_0.25,25,625,8,10,pi_g25_d85_bernoulli_drop_0_25,reruns\grid_density\scenarios\cv\known_visit_grid25_targets10_trials50.csv,03,29,2,0,28,2,1,0,0,0,0.0,0,0,72,60,12,397,55,10,13.7846,1.37846,1.3046,2.3157,2.3157,10.0656,1.00656,0.8901,1.6175,1.6175,10,3.719,0.3719,0.3625,0.4525,0.4525,completed
22,known_visit,PI,bernoulli,drop_0.25,25,625,8,10,pi_g25_d85_bernoulli_drop_0_25,reruns\grid_density\scenarios\cv\known_visit_grid25_targets10_trials50.csv,04,29,0,1,22,8,2,0,0,0,0.0,0,0,70,59,11,379,75,9,13.386800000000001,1.4874222222222224,1.2319,2.4468,2.4468,9.7644,1.0849333333333333,0.8873,1.5787,1.5787,9,3.6224,0.4024888888888889,0.3911,0.4843,0.4843,completed
22,known_visit,PI,bernoulli,drop_0.25,25,625,8,10,pi_g25_d85_bernoulli_drop_0_25,reruns\grid_density\scenarios\cv\known_visit_grid25_targets10_trials50.csv,05,20,1,0,21,0,1,0,0,0,0.0,0,0,57,42,15,390,77,43,47.8995,1.1139418604651163,1.0214,1.9035,2.4529,31.5165,0.7329418604651163,0.6485,1.2755,1.6028,43,16.383,0.381,0.3714,0.4229,0.4474,completed
22,known_visit,PI,bernoulli,drop_0.25,25,625,8,10,pi_g25_d85_bernoulli_drop_0_25,reruns\grid_density\scenarios\cv\known_visit_grid25_targets10_trials50.csv,06,29,1,0,29,1,0,0,0,0,0.0,0,0,67,60,7,388,69,11,12.2134,1.110309090909091,0.8868,2.4952,2.4952,9.5486,0.8680545454545455,0.8092,1.7008,1.7008,7,2.6648,0.3806857142857143,0.37,0.3996,0.3996,completed
22,known_visit,PI,bernoulli,drop_0.25,25,625,8,10,pi_g25_d85_bernoulli_drop_0_25,reruns\grid_density\scenarios\cv\known_visit_grid25_targets10_trials50.csv,07,31,1,1,26,6,0,0,0,0,0.0,0,0,69,63,6,377,78,8,11.5707,1.4463375,1.1831,2.5083,2.5083,8.614700000000001,1.0768375000000001,0.9841500000000001,1.6704,1.6704,7,2.956,0.42228571428571426,0.4129,0.483,0.483,completed
23,known_visit,PI,bernoulli,drop_0.25,25,625,8,10,pi_g25_d85_bernoulli_drop_0_25,reruns\grid_density\scenarios\cv\known_visit_grid25_targets10_trials50.csv,00,32,2,0,33,0,1,0,0,0,0.0,0,0,74,65,9,395,77,6,7.856,1.3093333333333332,1.11385,2.3224,2.3224,5.9455,0.9909166666666667,0.8627,1.5336,1.5336,5,1.9104999999999999,0.3821,0.3898,0.4014,0.4014,completed
23,known_visit,PI,bernoulli,drop_0.25,25,625,8,10,pi_g25_d85_bernoulli_drop_0_25,reruns\grid_density\scenarios\cv\known_visit_grid25_targets10_trials50.csv,01,30,0,1,23,8,1,0,0,0,0.0,0,0,71,62,9,402,72,11,15.1423,1.3765727272727273,1.1119,2.3462,2.3462,10.1397,0.921790909090909,0.8119,1.5614,1.5614,13,5.0026,0.3848153846153846,0.3799,0.4632,0.4632,completed
23,known_visit,PI,bernoulli,drop_0.25,25,625,8,10,pi_g25_d85_bernoulli_drop_0_25,reruns\grid_density\scenarios\cv\known_visit_grid25_targets10_trials50.csv,02,31,3,0,32,0,1,0,0,0,0.0,0,0,74,63,11,408,63,9,11.1885,1.2431666666666665,1.0232,2.3587,2.3587,8.5112,0.9456888888888889,0.89,1.5841,1.5841,7,2.6773,0.3824714285714285,0.3905,0.4264,0.4264,completed
23,known_visit,PI,bernoulli,drop_0.25,25,625,8,10,pi_g25_d85_bernoulli_drop_0_25,reruns\grid_density\scenarios\cv\known_visit_grid25_targets10_trials50.csv,03,24,1,1,23,2,0,0,0,0,0.0,0,0,64,52,12,412,69,30,28.0854,0.93618,0.8381000000000001,2.3128,2.4583,18.4596,0.61532,0.5203,1.4857,1.5444,30,9.6258,0.32086,0.34055,0.4862,0.4864,completed
23,known_visit,PI,bernoulli,drop_0.25,25,625,8,10,pi_g25_d85_bernoulli_drop_0_25,reruns\grid_density\scenarios\cv\known_visit_grid25_targets10_trials50.csv,04,28,2,0,26,3,1,2,2,0,0.0,0,0,76,60,16,386,83,14,20.7534,1.4823857142857142,1.3134,2.4106,2.4106,13.8915,0.9922500000000001,0.9076,1.5594,1.5594,18,6.8618999999999994,0.38121666666666665,0.38255,0.4301,0.4301,completed
23,known_visit,PI,bernoulli,drop_0.25,25,625,8,10,pi_g25_d85_bernoulli_drop_0_25,reruns\grid_density\scenarios\cv\known_visit_grid25_targets10_trials50.csv,05,24,1,0,24,1,2,0,0,0,0.0,0,0,64,51,13,417,64,32,30.1804,0.9431375,0.7439,2.4219,2.8088,20.1976,0.631175,0.52555,1.5853,1.8826,31,9.9828,0.3220258064516129,0.3401,0.5353,0.5354,completed
23,known_visit,PI,bernoulli,drop_0.25,25,625,8,10,pi_g25_d85_bernoulli_drop_0_25,reruns\grid_density\scenarios\cv\known_visit_grid25_targets10_trials50.csv,06,15,0,0,16,0,1,0,0,0,0.0,0,0,45,32,13,431,70,62,58.5057,0.9436403225806451,0.94485,1.6337,2.3238,37.6913,0.6079241935483871,0.60375,1.2,1.5489,63,20.8144,0.33038730158730156,0.3416,0.4243,0.509,completed
23,known_visit,PI,bernoulli,drop_0.25,25,625,8,10,pi_g25_d85_bernoulli_drop_0_25,reruns\grid_density\scenarios\cv\known_visit_grid25_targets10_trials50.csv,07,31,1,1,26,6,1,0,0,0,0.0,0,0,78,64,14,408,59,9,13.6787,1.5198555555555555,1.3788,2.4982,2.4982,9.4168,1.0463111111111112,0.9376,1.6666,1.6666,11,4.2619,0.38744545454545454,0.3901,0.4171,0.4171,completed
24,known_visit,PI,bernoulli,drop_0.25,25,625,8,10,pi_g25_d85_bernoulli_drop_0_25,reruns\grid_density\scenarios\cv\known_visit_grid25_targets10_trials50.csv,00,17,1,0,17,1,1,0,0,0,0.0,0,0,43,36,7,364,66,52,55.8972,1.0749461538461538,0.99275,1.7098,2.4426,36.2038,0.6962269230769231,0.6293,1.1254,1.4697,54,19.6934,0.3646925925925926,0.3616,0.4771,0.499,completed
24,known_visit,PI,bernoulli,drop_0.25,25,625,8,10,pi_g25_d85_bernoulli_drop_0_25,reruns\grid_density\scenarios\cv\known_visit_grid25_targets10_trials50.csv,01,23,1,1,21,3,1,0,0,0,0.0,0,0,58,48,10,357,58,31,29.2548,0.9437032258064516,0.8082,2.1212,2.2849,18.6099,0.6003193548387097,0.519,1.2137,1.3777,32,10.6449,0.332653125,0.31715000000000004,0.4591,0.4653,completed
24,known_visit,PI,bernoulli,drop_0.25,25,625,8,10,pi_g25_d85_bernoulli_drop_0_25,reruns\grid_density\scenarios\cv\known_visit_grid25_targets10_trials50.csv,02,26,2,0,13,14,2,0,0,0,0.0,0,0,68,54,14,332,73,26,35.7462,1.3748538461538462,1.3513,1.9932,2.0318,24.6405,0.9477115384615384,0.92015,1.189,1.3959,27,11.1057,0.41132222222222226,0.4276,0.4902,0.5239,completed
24,known_visit,PI,bernoulli,drop_0.25,25,625,8,10,pi_g25_d85_bernoulli_drop_0_25,reruns\grid_density\scenarios\cv\known_visit_grid25_targets10_trials50.csv,03,20,0,1,18,3,0,1,1,0,0.0,0,0,56,44,12,368,50,38,38.2881,1.0075815789473683,0.8889499999999999,1.9298,1.9874,24.0923,0.6340078947368422,0.53255,1.3644,1.3655,41,14.1958,0.3462390243902439,0.3503,0.4383,0.4409,completed
24,known_visit,PI,bernoulli,drop_0.25,25,625,8,10,pi_g25_d85_bernoulli_drop_0_25,reruns\grid_density\scenarios\cv\known_visit_grid25_targets10_trials50.csv,04,30,3,0,31,0,1,0,0,0,0.0,0,0,69,61,8,353,52,8,8.9358,1.116975,0.9873000000000001,1.6419,1.6419,6.585,0.823125,0.8804000000000001,1.054,1.054,7,2.3508,0.3358285714285714,0.3613,0.3694,0.3694,completed
24,known_visit,PI,bernoulli,drop_0.25,25,625,8,10,pi_g25_d85_bernoulli_drop_0_25,reruns\grid_density\scenarios\cv\known_visit_grid25_targets10_trials50.csv,05,30,1,2,28,3,2,3,1,1,5.0,1,0,70,62,8,344,60,10,10.2933,1.02933,0.9097,1.7457,1.7457,8.2571,0.8257099999999999,0.8122499999999999,1.1682,1.1682,7,2.0362,0.2908857142857143,0.2919,0.326,0.326,completed
24,known_visit,PI,bernoulli,drop_0.25,25,625,8,10,pi_g25_d85_bernoulli_drop_0_25,reruns\grid_density\scenarios\cv\known_visit_grid25_targets10_trials50.csv,06,16,0,2,8,9,2,0,0,0,0.0,0,0,50,36,14,356,67,58,67.7845,1.1686982758620688,1.0166,1.7071,2.5436,46.0626,0.7941827586206898,0.6987,1.2651,1.632,63,21.7219,0.34479206349206354,0.3507,0.4747,0.5344,completed
24,known_visit,PI,bernoulli,drop_0.25,25,625,8,10,pi_g25_d85_bernoulli_drop_0_25,reruns\grid_density\scenarios\cv\known_visit_grid25_targets10_trials50.csv,07,24,2,0,25,0,1,0,0,0,0.0,0,0,60,51,9,354,59,27,23.1168,0.8561777777777778,0.7371,1.56,1.5636,15.2356,0.5642814814814815,0.4451,1.025,1.0457,26,7.8812,0.30312307692307694,0.2887,0.435,0.4476,completed
25,known_visit,PI,bernoulli,drop_0.25,25,625,8,10,pi_g25_d85_bernoulli_drop_0_25,reruns\grid_density\scenarios\cv\known_visit_grid25_targets10_trials50.csv,00,25,0,1,23,3,1,0,0,0,0.0,0,0,59,52,7,337,63,16,16.5594,1.0349625,0.8307,2.9141,2.9141,12.4445,0.77778125,0.58965,1.9138,1.9138,11,4.1149000000000004,0.37408181818181824,0.352,0.5131,0.5131,completed
25,known_visit,PI,bernoulli,drop_0.25,25,625,8,10,pi_g25_d85_bernoulli_drop_0_25,reruns\grid_density\scenarios\cv\known_visit_grid25_targets10_trials50.csv,01,24,2,0,23,2,2,1,1,0,0.0,0,0,61,51,10,340,58,16,17.4591,1.09119375,0.8487,2.7393,2.7393,12.43,0.776875,0.6388,1.8458,1.8458,14,5.0291,0.3592214285714285,0.33704999999999996,0.4635,0.4635,completed
25,known_visit,PI,bernoulli,drop_0.25,25,625,8,10,pi_g25_d85_bernoulli_drop_0_25,reruns\grid_density\scenarios\cv\known_visit_grid25_targets10_trials50.csv,02,27,2,0,28,0,0,1,1,0,0.0,0,0,67,55,12,328,65,9,14.7786,1.6420666666666668,1.4891,2.6004,2.6004,9.591099999999999,1.0656777777777777,1.089,1.7277,1.7277,13,5.1875,0.39903846153846156,0.4286,0.4849,0.4849,completed
25,known_visit,PI,bernoulli,drop_0.25,25,625,8,10,pi_g25_d85_bernoulli_drop_0_25,reruns\grid_density\scenarios\cv\known_visit_grid25_targets10_trials50.csv,03,26,3,0,27,0,2,1,1,0,0.0,0,0,67,55,12,333,59,10,13.6089,1.36089,1.017,3.1499,3.1499,9.6834,0.9683400000000001,0.8056000000000001,2.0882,2.0882,10,3.9255,0.39255,0.3604,0.5401,0.5401,completed
25,known_visit,PI,bernoulli,drop_0.25,25,625,8,10,pi_g25_d85_bernoulli_drop_0_25,reruns\grid_density\scenarios\cv\known_visit_grid25_targets10_trials50.csv,04,26,0,0,26,1,1,3,1,1,5.0,1,0,71,54,17,322,66,10,17.2689,1.7268899999999998,1.7189,2.6606,2.6606,11.819,1.1819000000000002,1.1089,1.7641,1.7641,13,5.4498999999999995,0.41922307692307686,0.4244,0.4622,0.4622,completed
25,known_visit,PI,bernoulli,drop_0.25,25,625,8,10,pi_g25_d85_bernoulli_drop_0_25,reruns\grid_density\scenarios\cv\known_visit_grid25_targets10_trials50.csv,05,5,0,0,6,0,0,0,0,0,0.0,0,0,17,12,5,377,65,78,101.2449,1.2980115384615385,1.3276,1.5822,2.6106,68.9222,0.8836179487179487,0.9025000000000001,1.1171,1.7057,80,32.3227,0.40403374999999997,0.41845,0.4709,0.5018,completed
25,known_visit,PI,bernoulli,drop_0.25,25,625,8,10,pi_g25_d85_bernoulli_drop_0_25,reruns\grid_density\scenarios\cv\known_visit_grid25_targets10_trials50.csv,06,22,1,0,23,0,1,0,0,0,0.0,0,0,62,49,13,336,61,24,27.9593,1.1649708333333333,0.9196,2.5467,2.9447,18.7731,0.7822125,0.62115,1.7177,1.9915,25,9.1862,0.367448,0.3462,0.4742,0.479,completed
25,known_visit,PI,bernoulli,drop_0.25,25,625,8,10,pi_g25_d85_bernoulli_drop_0_25,reruns\grid_density\scenarios\cv\known_visit_grid25_targets10_trials50.csv,07,22,2,0,23,0,1,0,0,0,0.0,0,0,56,46,10,350,54,20,21.376,1.0688,0.88305,1.8677,2.5132,14.6305,0.731525,0.55375,1.4047,1.679,19,6.7455,0.3550263157894737,0.332,0.463,0.463,completed
26,known_visit,PI,bernoulli,drop_0.25,25,625,8,10,pi_g25_d85_bernoulli_drop_0_25,reruns\grid_density\scenarios\cv\known_visit_grid25_targets10_trials50.csv,00,24,1,1,23,2,0,0,0,0,0.0,0,0,57,49,8,324,62,7,8.6701,1.2385857142857142,1.0024,2.394,2.394,6.6126000000000005,0.944657142857143,0.9864,1.6371,1.6371,6,2.0575,0.3429166666666667,0.35724999999999996,0.4329,0.4329,completed
26,known_visit,PI,bernoulli,drop_0.25,25,625,8,10,pi_g25_d85_bernoulli_drop_0_25,reruns\grid_density\scenarios\cv\known_visit_grid25_targets10_trials50.csv,01,23,2,0,24,0,2,1,1,0,0.0,0,0,61,49,12,324,58,8,10.8504,1.3563,1.4460000000000002,2.5437,2.5437,7.4775,0.9346875,0.90895,1.6908,1.6908,10,3.3729,0.33729,0.33915,0.4267,0.4267,completed
26,known_visit,PI,bernoulli,drop_0.25,25,625,8,10,pi_g25_d85_bernoulli_drop_0_25,reruns\grid_density\scenarios\cv\known_visit_grid25_targets10_trials50.csv,02,24,3,0,25,0,2,0,0,0,0.0,0,0,61,49,12,326,58,7,10.4799,1.4971285714285716,1.5896,2.4904,2.4904,7.7051,1.1007285714285715,1.1895,1.684,1.684,7,2.7748,0.3964,0.4001,0.4188,0.4188,completed
26,known_visit,PI,bernoulli,drop_0.25,25,625,8,10,pi_g25_d85_bernoulli_drop_0_25,reruns\grid_density\scenarios\cv\known_visit_grid25_targets10_trials50.csv,03,20,1,0,17,4,2,0,0,0,0.0,0,0,55,43,12,334,54,18,22.704,1.2613333333333334,1.0225499999999998,2.4412,2.4412,15.3466,0.852588888888889,0.7356499999999999,1.6457,1.6457,20,7.3574,0.36787000000000003,0.352,0.4225,0.4359,completed
26,known_visit,PI,bernoulli,drop_0.25,25,625,8,10,pi_g25_d85_bernoulli_drop_0_25,reruns\grid_density\scenarios\cv\known_visit_grid25_targets10_trials50.csv,04,17,1,1,15,3,1,0,0,0,0.0,0,0,44,37,7,345,54,28,32.3196,1.1542714285714286,1.1141,1.6748,2.3334,21.9109,0.7825321428571429,0.75185,0.9474,1.5506,29,10.4087,0.3589206896551724,0.381,0.4014,0.4044,completed
26,known_visit,PI,bernoulli,drop_0.25,25,625,8,10,pi_g25_d85_bernoulli_drop_0_25,reruns\grid_density\scenarios\cv\known_visit_grid25_targets10_trials50.csv,05,21,1,1,20,2,0,0,0,0,0.0,0,0,56,45,11,326,61,15,19.3616,1.2907733333333333,1.0158,2.5402,2.5402,13.2376,0.8825066666666667,0.6752,1.7115,1.7115,17,6.124,0.36023529411764704,0.342,0.4187,0.4187,completed
26,known_visit,PI,bernoulli,drop_0.25,25,625,8,10,pi_g25_d85_bernoulli_drop_0_25,reruns\grid_density\scenarios\cv\known_visit_grid25_targets10_trials50.csv,06,20,0,0,20,1,1,0,0,0,0.0,0,0,49,42,7,338,57,20,19.6562,0.98281,0.8745499999999999,2.3817,2.5155,13.9916,0.69958,0.5853999999999999,1.5525,1.6975,18,5.6646,0.3147,0.31110000000000004,0.4181,0.4181,completed
26,known_visit,PI,bernoulli,drop_0.25,25,625,8,10,pi_g25_d85_bernoulli_drop_0_25,reruns\grid_density\scenarios\cv\known_visit_grid25_targets10_trials50.csv,07,24,1,0,25,0,0,0,0,0,0.0,0,0,62,49,13,312,69,10,15.6379,1.56379,1.6071499999999999,2.605,2.605,11.1512,1.11512,1.1653,1.7643,1.7643,11,4.4867,0.4078818181818182,0.4152,0.4609,0.4609,completed
27,known_visit,PI,bernoulli,drop_0.25,25,625,8,10,pi_g25_d85_bernoulli_drop_0_25,reruns\grid_density\scenarios\cv\known_visit_grid25_targets10_trials50.csv,00,25,1,0,24,2,1,1,1,0,0.0,0,0,69,53,16,273,55,11,13.4154,1.219581818181818,1.1745,2.4183,2.4183,9.0154,0.8195818181818182,0.8538,1.5784,1.5784,13,4.4,0.3384615384615385,0.3194,0.4669,0.4669,completed
27,known_visit,PI,bernoulli,drop_0.25,25,625,8,10,pi_g25_d85_bernoulli_drop_0_25,reruns\grid_density\scenarios\cv\known_visit_grid25_targets10_trials50.csv,01,27,3,0,28,0,1,0,0,0,0.0,0,0,64,55,9,285,49,6,7.4608,1.2434666666666667,1.2298,2.218,2.218,5.702,0.9503333333333334,0.8956,1.4944,1.4944,5,1.7588,0.35175999999999996,0.358,0.3668,0.3668,completed
27,known_visit,PI,bernoulli,drop_0.25,25,625,8,10,pi_g25_d85_bernoulli_drop_0_25,reruns\grid_density\scenarios\cv\known_visit_grid25_targets10_trials50.csv,02,14,1,1,10,5,3,0,0,0,0.0,0,0,44,30,14,302,51,47,42.6292,0.9070042553191489,0.8697,1.3973,2.2046,27.4232,0.583472340425532,0.5465,1.0448,1.4662,47,15.206,0.323531914893617,0.3238,0.3709,0.3869,completed
27,known_visit,PI,bernoulli,drop_0.25,25,625,8,10,pi_g25_d85_bernoulli_drop_0_25,reruns\grid_density\scenarios\cv\known_visit_grid25_targets10_trials50.csv,03,12,2,0,13,0,3,0,0,0,0.0,0,0,37,26,11,313,47,55,50.6335,0.9206090909090908,0.812,2.0262,2.4225,31.8307,0.57874,0.4957,1.2845,1.695,58,18.8028,0.32418620689655175,0.31589999999999996,0.3787,0.3953,completed
27,known_visit,PI,bernoulli,drop_0.25,25,625,8,10,pi_g25_d85_bernoulli_drop_0_25,reruns\grid_density\scenarios\cv\known_visit_grid25_targets10_trials50.csv,04,20,1,1,16,5,1,1,1,0,0.0,0,0,51,43,8,287,59,26,24.9554,0.959823076923077,0.85175,1.3585,2.1931,16.339,0.6284230769230769,0.55425,1.0063,1.4797,26,8.6164,0.33140000000000003,0.31945,0.3684,0.4824,completed
27,known_visit,PI,bernoulli,drop_0.25,25,625,8,10,pi_g25_d85_bernoulli_drop_0_25,reruns\grid_density\scenarios\cv\known_visit_grid25_targets10_trials50.csv,05,22,1,0,22,1,0,1,1,0,0.0,0,0,56,47,9,277,64,21,22.5666,1.0746,0.9,2.0286,2.2918,14.5075,0.6908333333333333,0.5643,1.3015,1.5663,24,8.0591,0.33579583333333335,0.33005,0.3648,0.3662,completed
27,known_visit,PI,bernoulli,drop_0.25,25,625,8,10,pi_g25_d85_bernoulli_drop_0_25,reruns\grid_density\scenarios\cv\known_visit_grid25_targets10_trials50.csv,06,16,1,2,11,6,2,0,0,0,0.0,0,0,44,34,10,295,59,42,38.4119,0.9145690476190477,0.81945,1.3721,2.1629,24.8724,0.5922,0.51,1.0026,1.469,42,13.5395,0.3223690476190476,0.31835,0.3695,0.4222,completed
27,known_visit,PI,bernoulli,drop_0.25,25,625,8,10,pi_g25_d85_bernoulli_drop_0_25,reruns\grid_density\scenarios\cv\known_visit_grid25_targets10_trials50.csv,07,9,0,2,6,4,1,3,1,1,5.0,1,0,33,22,11,308,56,62,58.5986,0.9451387096774193,0.8767,1.3001,2.3664,36.4194,0.5874096774193549,0.55065,0.7384,1.6544,67,22.1792,0.33103283582089554,0.3281,0.3701,0.4457,completed
28,known_visit,PI,bernoulli,drop_0.25,25,625,8,10,pi_g25_d85_bernoulli_drop_0_25,reruns\grid_density\scenarios\cv\known_visit_grid25_targets10_trials50.csv,00,42,1,1,30,13,1,0,0,0,0.0,0,0,106,87,19,523,99,11,16.1882,1.4716545454545453,1.1966,2.868,2.868,10.9005,0.9909545454545454,0.7241,1.9102,1.9102,14,5.2877,0.37769285714285716,0.38185,0.4853,0.4853,completed
28,known_visit,PI,bernoulli,drop_0.25,25,625,8,10,pi_g25_d85_bernoulli_drop_0_25,reruns\grid_density\scenarios\cv\known_visit_grid25_targets10_trials50.csv,01,42,2,2,34,9,2,7,3,2,20.0,2,0,102,88,14,507,118,11,15.2959,1.3905363636363637,1.1307,2.791,2.791,11.2762,1.0251090909090907,0.8504,1.8431,1.8431,9,4.0197,0.4466333333333334,0.4333,0.5912,0.5912,completed
28,known_visit,PI,bernoulli,drop_0.25,25,625,8,10,pi_g25_d85_bernoulli_drop_0_25,reruns\grid_density\scenarios\cv\known_visit_grid25_targets10_trials50.csv,02,28,1,0,20,9,0,0,0,0,0.0,0,0,76,59,17,559,92,60,62.0984,1.0349733333333333,0.9319500000000001,1.47,2.6072,40.5949,0.6765816666666667,0.5825,1.1022,1.7106,61,21.5035,0.3525163934426229,0.3513,0.4333,0.4581,completed
28,known_visit,PI,bernoulli,drop_0.25,25,625,8,10,pi_g25_d85_bernoulli_drop_0_25,reruns\grid_density\scenarios\cv\known_visit_grid25_targets10_trials50.csv,03,43,1,1,37,7,2,3,3,0,0.0,0,0,101,87,14,519,107,9,15.906,1.7673333333333334,1.9445,2.5558,2.5558,10.6311,1.1812333333333334,1.206,1.6927,1.6927,13,5.2749,0.40576153846153845,0.4262,0.4505,0.4505,completed
28,known_visit,PI,bernoulli,drop_0.25,25,625,8,10,pi_g25_d85_bernoulli_drop_0_25,reruns\grid_density\scenarios\cv\known_visit_grid25_targets10_trials50.csv,04,34,2,0,33,2,1,0,0,0,0.0,0,0,82,70,12,551,93,39,38.5188,0.9876615384615385,0.8431,1.9745,2.8481,24.8538,0.6372769230769231,0.5087,1.4525,1.9108,40,13.665,0.34162499999999996,0.33675,0.4613,0.522,completed
28,known_visit,PI,bernoulli,drop_0.25,25,625,8,10,pi_g25_d85_bernoulli_drop_0_25,reruns\grid_density\scenarios\cv\known_visit_grid25_targets10_trials50.csv,05,21,1,0,22,0,3,0,0,0,0.0,0,0,57,44,13,579,91,84,81.0275,0.9646130952380952,0.9074,1.4134,2.808,51.8695,0.6174940476190477,0.5581,1.0284,1.8662,86,29.158,0.339046511627907,0.34809999999999997,0.4645,0.5586,completed
28,known_visit,PI,bernoulli,drop_0.25,25,625,8,10,pi_g25_d85_bernoulli_drop_0_25,reruns\grid_density\scenarios\cv\known_visit_grid25_targets10_trials50.csv,06,42,2,0,43,0,2,4,1,1,5.0,1,0,104,87,17,533,89,11,16.3635,1.487590909090909,1.5066,2.7478,2.7478,11.3217,1.0292454545454546,0.9395,1.7609,1.7609,12,5.0418,0.42015,0.39765,0.5605,0.5605,completed
28,known_visit,PI,bernoulli,drop_0.25,25,625,8,10,pi_g25_d85_bernoulli_drop_0_25,reruns\grid_density\scenarios\cv\known_visit_grid25_targets10_trials50.csv,07,43,0,1,27,17,2,0,0,0,0.0,0,0,100,87,13,531,95,9,13.6883,1.5209222222222223,1.3999,2.6508,2.6508,10.339,1.148777777777778,1.0467,1.7709,1.7709,8,3.3493,0.4186625,0.44115000000000004,0.479,0.479,completed
29,known_visit,PI,bernoulli,drop_0.25,25,625,8,10,pi_g25_d85_bernoulli_drop_0_25,reruns\grid_density\scenarios\cv\known_visit_grid25_targets10_trials50.csv,00,24,0,0,24,1,0,0,0,0,0.0,0,0,57,49,8,297,60,6,9.5254,1.5875666666666666,1.4537499999999999,2.6567,2.6567,6.7889,1.1314833333333334,1.0614999999999999,1.8076,1.8076,7,2.7365,0.3909285714285714,0.3978,0.4366,0.4366,completed
29,known_visit,PI,bernoulli,drop_0.25,25,625,8,10,pi_g25_d85_bernoulli_drop_0_25,reruns\grid_density\scenarios\cv\known_visit_grid25_targets10_trials50.csv,01,23,1,0,24,0,0,0,0,0,0.0,0,0,57,47,10,304,53,7,10.6646,1.5235142857142858,1.4205,2.3811,2.3811,7.408,1.0582857142857143,1.0162,1.5664,1.5664,9,3.2566,0.36184444444444447,0.3954,0.4228,0.4228,completed
29,known_visit,PI,bernoulli,drop_0.25,25,625,8,10,pi_g25_d85_bernoulli_drop_0_25,reruns\grid_density\scenarios\cv\known_visit_grid25_targets10_trials50.csv,02,16,0,0,17,0,2,0,0,0,0.0,0,0,46,34,12,323,45,37,47.1283,1.273737837837838,1.3426,2.3373,2.524,32.6914,0.8835513513513514,0.9164,1.5131,1.6971,39,14.4369,0.37017692307692307,0.4014,0.438,0.4439,completed
29,known_visit,PI,bernoulli,drop_0.25,25,625,8,10,pi_g25_d85_bernoulli_drop_0_25,reruns\grid_density\scenarios\cv\known_visit_grid25_targets10_trials50.csv,03,23,1,1,16,8,2,1,1,0,0.0,0,0,56,48,8,299,59,8,10.7759,1.3469875,0.95215,2.6966,2.6966,8.4126,1.051575,0.90865,1.8456,1.8456,6,2.3633,0.39388333333333336,0.41305000000000003,0.4339,0.4339,completed
29,known_visit,PI,bernoulli,drop_0.25,25,625,8,10,pi_g25_d85_bernoulli_drop_0_25,reruns\grid_density\scenarios\cv\known_visit_grid25_targets10_trials50.csv,04,18,1,0,17,2,1,2,2,0,0.0,0,0,44,38,6,317,54,27,34.7328,1.2864,1.2768,1.7838,2.6214,24.0484,0.8906814814814815,0.8738,1.0631,1.7614,27,10.6844,0.3957185185185185,0.403,0.4341,0.4358,completed
29,known_visit,PI,bernoulli,drop_0.25,25,625,8,10,pi_g25_d85_bernoulli_drop_0_25,reruns\grid_density\scenarios\cv\known_visit_grid25_targets10_trials50.csv,05,24,3,0,25,0,1,0,0,0,0.0,0,0,59,49,10,306,50,7,9.542,1.3631428571428572,1.0579,2.5561,2.5561,7.1795,1.025642857142857,0.8252,1.6666,1.6666,6,2.3625,0.39375,0.39755,0.448,0.448,completed
29,known_visit,PI,bernoulli,drop_0.25,25,625,8,10,pi_g25_d85_bernoulli_drop_0_25,reruns\grid_density\scenarios\cv\known_visit_grid25_targets10_trials50.csv,06,24,4,0,25,0,1,0,0,0,0.0,0,0,61,49,12,293,60,9,12.389899999999999,1.3766555555555555,1.2607,2.7459,2.7459,8.8337,0.9815222222222223,0.7839,1.8311,1.8311,9,3.5562,0.39513333333333334,0.3828,0.4665,0.4665,completed
29,known_visit,PI,bernoulli,drop_0.25,25,625,8,10,pi_g25_d85_bernoulli_drop_0_25,reruns\grid_density\scenarios\cv\known_visit_grid25_targets10_trials50.csv,07,12,0,0,13,0,1,0,0,0,0.0,0,0,35,26,9,321,59,45,52.9013,1.1755844444444443,1.0339,1.7833,2.7188,35.4447,0.7876599999999999,0.7031,1.3555,1.8584,46,17.4566,0.37949130434782613,0.3799,0.435,0.4829,completed
30,known_visit,PI,bernoulli,drop_0.25,25,625,8,10,pi_g25_d85_bernoulli_drop_0_25,reruns\grid_density\scenarios\cv\known_visit_grid25_targets10_trials50.csv,00,35,5,0,33,3,0,1,1,0,0.0,0,0,80,72,8,431,70,10,12.3013,1.23013,0.89595,2.563,2.563,9.2098,0.9209799999999999,0.8392999999999999,1.6759,1.6759,8,3.0915,0.3864375,0.40225,0.4567,0.4567,completed
30,known_visit,PI,bernoulli,drop_0.25,25,625,8,10,pi_g25_d85_bernoulli_drop_0_25,reruns\grid_density\scenarios\cv\known_visit_grid25_targets10_trials50.csv,01,26,1,2,20,7,1,6,2,2,20.0,2,0,73,56,17,437,71,37,43.0929,1.164672972972973,1.0203,2.6101,2.7166,28.1025,0.759527027027027,0.6709,1.6966,1.8113,42,14.9904,0.3569142857142857,0.34765,0.4625,0.4712,completed
30,known_visit,PI,bernoulli,drop_0.25,25,625,8,10,pi_g25_d85_bernoulli_drop_0_25,reruns\grid_density\scenarios\cv\known_visit_grid25_targets10_trials50.csv,02,16,0,1,15,2,0,0,0,0,0.0,0,0,42,35,7,463,76,70,77.3396,1.1048514285714286,1.08995,1.3864,2.4915,51.8619,0.7408842857142857,0.73915,0.9482,1.6822,70,25.4777,0.3639671428571428,0.35435,0.4602,0.4994,completed
30,known_visit,PI,bernoulli,drop_0.25,25,625,8,10,pi_g25_d85_bernoulli_drop_0_25,reruns\grid_density\scenarios\cv\known_visit_grid25_targets10_trials50.csv,03,25,1,0,26,0,0,0,0,0,0.0,0,0,65,53,12,445,70,41,41.1326,1.0032341463414634,0.9114,1.9013,2.5342,26.7531,0.6525146341463415,0.6004,1.3415,1.6937,43,14.3795,0.33440697674418607,0.3239,0.4361,0.4481,completed
30,known_visit,PI,bernoulli,drop_0.25,25,625,8,10,pi_g25_d85_bernoulli_drop_0_25,reruns\grid_density\scenarios\cv\known_visit_grid25_targets10_trials50.csv,04,32,0,2,24,9,1,0,0,0,0.0,0,0,76,66,10,427,77,14,15.6861,1.1204357142857142,0.8317000000000001,2.6497,2.6497,10.974,0.7838571428571429,0.6998500000000001,1.7732,1.7732,14,4.7120999999999995,0.3365785714285714,0.3122,0.4423,0.4423,completed
30,known_visit,PI,bernoulli,drop_0.25,25,625,8,10,pi_g25_d85_bernoulli_drop_0_25,reruns\grid_density\scenarios\cv\known_visit_grid25_targets10_trials50.csv,05,26,1,0,24,3,4,6,1,2,20.0,2,0,76,54,22,436,68,43,52.6967,1.2255046511627907,1.0093,2.5737,2.6936,33.1793,0.7716116279069767,0.6514,1.6834,1.799,54,19.5174,0.36143333333333333,0.35035,0.4634,0.4678,completed
30,known_visit,PI,bernoulli,drop_0.25,25,625,8,10,pi_g25_d85_bernoulli_drop_0_25,reruns\grid_density\scenarios\cv\known_visit_grid25_targets10_trials50.csv,06,31,0,2,30,2,1,3,1,1,5.0,1,0,87,65,22,427,67,25,32.7738,1.3109520000000001,1.0222,2.5118,2.8103,21.1579,0.8463160000000001,0.6665,1.6835,1.8496,32,11.6159,0.362996875,0.3383,0.4843,0.5178,completed
30,known_visit,PI,bernoulli,drop_0.25,25,625,8,10,pi_g25_d85_bernoulli_drop_0_25,reruns\grid_density\scenarios\cv\known_visit_grid25_targets10_trials50.csv,07,35,2,0,36,0,1,0,0,0,0.0,0,0,82,71,11,411,87,11,13.130600000000001,1.1936909090909091,0.9618,2.6876,2.6876,10.0966,0.9178727272727273,0.7435,1.8076,1.8076,8,3.034,0.37925,0.39395,0.4453,0.4453,completed
31,known_visit,PI,bernoulli,drop_0.25,25,625,8,10,pi_g25_d85_bernoulli_drop_0_25,reruns\grid_density\scenarios\cv\known_visit_grid25_targets10_trials50.csv,00,23,1,1,11,13,1,7,2,2,20.0,2,0,61,49,12,343,47,24,23.9986,0.9999416666666666,0.9087000000000001,1.7024,1.891,15.3849,0.6410375,0.5857,1.0893,1.2782,26,8.6137,0.33129615384615385,0.3188,0.4049,0.4242,completed
31,known_visit,PI,bernoulli,drop_0.25,25,625,8,10,pi_g25_d85_bernoulli_drop_0_25,reruns\grid_density\scenarios\cv\known_visit_grid25_targets10_trials50.csv,01,21,1,2,17,5,1,0,0,0,0.0,0,0,54,44,10,335,62,33,29.8423,0.9043121212121212,0.8248,1.8928,2.5786,19.5956,0.5938060606060607,0.527,1.38,1.7372,31,10.2467,0.3305387096774194,0.3362,0.4307,0.5128,completed
31,known_visit,PI,bernoulli,drop_0.25,25,625,8,10,pi_g25_d85_bernoulli_drop_0_25,reruns\grid_density\scenarios\cv\known_visit_grid25_targets10_trials50.csv,02,13,2,0,14,0,0,0,0,0,0.0,0,0,36,29,7,350,66,56,50.0993,0.8946303571428571,0.8049999999999999,1.4234,2.5235,31.4135,0.5609553571428572,0.4909,0.8474,1.7172,58,18.6858,0.3221689655172414,0.31345,0.4048,0.4182,completed
31,known_visit,PI,bernoulli,drop_0.25,25,625,8,10,pi_g25_d85_bernoulli_drop_0_25,reruns\grid_density\scenarios\cv\known_visit_grid25_targets10_trials50.csv,03,29,3,0,30,0,1,0,0,0,0.0,0,0,67,59,8,324,61,8,10.165,1.270625,0.8180000000000001,2.7131,2.7131,7.7284,0.96605,0.79535,1.8146,1.8146,6,2.4366,0.40609999999999996,0.41595,0.4791,0.4791,completed
31,known_visit,PI,bernoulli,drop_0.25,25,625,8,10,pi_g25_d85_bernoulli_drop_0_25,reruns\grid_density\scenarios\cv\known_visit_grid25_targets10_trials50.csv,04,27,0,1,20,8,1,1,1,0,0.0,0,0,66,56,10,338,47,8,11.6251,1.4531375,1.412,2.5842,2.5842,8.3067,1.0383375,0.9377,1.7708,1.7708,9,3.3184,0.3687111111111111,0.3909,0.4299,0.4299,completed
31,known_visit,PI,bernoulli,drop_0.25,25,625,8,10,pi_g25_d85_bernoulli_drop_0_25,reruns\grid_density\scenarios\cv\known_visit_grid25_targets10_trials50.csv,05,21,1,1,16,6,0,0,0,0,0.0,0,0,52,45,7,348,51,31,30.3708,0.9797032258064516,0.8724,2.1284,2.5759,19.0368,0.6140903225806451,0.5288,1.3273,1.7329,34,11.334,0.3333529411764706,0.34375,0.4296,0.4596,completed
31,known_visit,PI,bernoulli,drop_0.25,25,625,8,10,pi_g25_d85_bernoulli_drop_0_25,reruns\grid_density\scenarios\cv\known_visit_grid25_targets10_trials50.csv,06,25,0,1,18,8,1,0,0,0,0.0,0,0,63,52,11,324,64,19,22.5916,1.1890315789473684,1.049,2.5304,2.5304,14.9332,0.7859578947368421,0.6756,1.6835,1.6835,22,7.6584,0.3481090909090909,0.33895,0.4271,0.446,completed
31,known_visit,PI,bernoulli,drop_0.25,25,625,8,10,pi_g25_d85_bernoulli_drop_0_25,reruns\grid_density\scenarios\cv\known_visit_grid25_targets10_trials50.csv,07,22,2,0,23,0,0,1,1,0,0.0,0,0,53,47,6,337,62,27,24.7318,0.9159925925925926,0.8012,1.38,2.5793,16.6666,0.6172814814814814,0.502,0.8653,1.7388,25,8.0652,0.322608,0.3049,0.4191,0.4214,completed
32,known_visit,PI,bernoulli,drop_0.25,25,625,8,10,pi_g25_d85_bernoulli_drop_0_25,reruns\grid_density\scenarios\cv\known_visit_grid25_targets10_trials50.csv,00,29,1,0,28,2,1,3,1,1,5.0,1,0,72,60,12,409,73,7,10.3599,1.4799857142857142,1.5452,2.1217,2.1217,7.4234,1.0604857142857143,0.9894,1.4422,1.4422,8,2.9365,0.3670625,0.35945000000000005,0.4096,0.4096,completed
32,known_visit,PI,bernoulli,drop_0.25,25,625,8,10,pi_g25_d85_bernoulli_drop_0_25,reruns\grid_density\scenarios\cv\known_visit_grid25_targets10_trials50.csv,01,30,3,0,31,0,2,1,1,0,0.0,0,0,71,62,9,415,68,8,9.3873,1.1734125,1.01495,2.1299,2.1299,7.3995999999999995,0.9249499999999999,0.8397,1.4392,1.4392,6,1.9876999999999998,0.3312833333333333,0.34535,0.411,0.411,completed
32,known_visit,PI,bernoulli,drop_0.25,25,625,8,10,pi_g25_d85_bernoulli_drop_0_25,reruns\grid_density\scenarios\cv\known_visit_grid25_targets10_trials50.csv,02,20,2,0,21,0,0,0,0,0,0.0,0,0,51,42,9,448,54,38,34.990700000000004,0.9208078947368422,0.8462000000000001,1.7169,1.7977,22.2702,0.5860578947368421,0.52895,1.0638,1.0784,40,12.7205,0.3180125,0.31610000000000005,0.3702,0.3818,completed
32,known_visit,PI,bernoulli,drop_0.25,25,625,8,10,pi_g25_d85_bernoulli_drop_0_25,reruns\grid_density\scenarios\cv\known_visit_grid25_targets10_trials50.csv,03,30,0,0,23,8,2,3,3,0,0.0,0,0,74,61,13,411,68,7,10.807,1.5438571428571428,1.4215,2.3713,2.3713,7.4661,1.0665857142857142,1.0421,1.5589,1.5589,9,3.3409,0.3712111111111111,0.355,0.4598,0.4598,completed
32,known_visit,PI,bernoulli,drop_0.25,25,625,8,10,pi_g25_d85_bernoulli_drop_0_25,reruns\grid_density\scenarios\cv\known_visit_grid25_targets10_trials50.csv,04,29,1,0,25,5,1,3,3,0,0.0,0,0,71,61,10,416,66,7,11.030000000000001,1.5757142857142858,1.5357,2.3976,2.3976,7.61,1.0871428571428572,1.1479,1.6249,1.6249,9,3.42,0.38,0.3878,0.425,0.425,completed
32,known_visit,PI,bernoulli,drop_0.25,25,625,8,10,pi_g25_d85_bernoulli_drop_0_25,reruns\grid_density\scenarios\cv\known_visit_grid25_targets10_trials50.csv,05,30,0,0,31,0,3,0,0,0,0.0,0,0,73,61,12,405,75,8,9.8633,1.2329125,1.22665,2.152,2.152,7.3601,0.9200125,0.8599,1.475,1.475,8,2.5032,0.3129,0.33415,0.3553,0.3553,completed
32,known_visit,PI,bernoulli,drop_0.25,25,625,8,10,pi_g25_d85_bernoulli_drop_0_25,reruns\grid_density\scenarios\cv\known_visit_grid25_targets10_trials50.csv,06,30,1,2,17,14,0,0,0,0,0.0,0,0,74,61,13,409,70,9,11.0357,1.226188888888889,1.0883,2.1635,2.1635,8.3902,0.9322444444444444,0.7592,1.4758,1.4758,8,2.6455,0.3306875,0.33345,0.4351,0.4351,completed
32,known_visit,PI,bernoulli,drop_0.25,25,625,8,10,pi_g25_d85_bernoulli_drop_0_25,reruns\grid_density\scenarios\cv\known_visit_grid25_targets10_trials50.csv,07,29,2,0,30,0,3,0,0,0,0.0,0,0,68,60,8,413,72,12,15.6897,1.307475,1.32645,1.984,1.984,11.0352,0.9196,0.94565,1.3596,1.3596,14,4.6545,0.3324642857142857,0.3315,0.3982,0.3982,completed
33,known_visit,PI,bernoulli,drop_0.25,25,625,8,10,pi_g25_d85_bernoulli_drop_0_25,reruns\grid_density\scenarios\cv\known_visit_grid25_targets10_trials50.csv,00,28,0,2,17,12,0,0,0,0,0.0,0,0,70,59,11,414,71,37,34.2062,0.924491891891892,0.846,1.8243,2.3544,21.7197,0.5870189189189189,0.501,1.4225,1.6008,38,12.4865,0.3285921052631579,0.3211,0.3787,0.4018,completed
33,known_visit,PI,bernoulli,drop_0.25,25,625,8,10,pi_g25_d85_bernoulli_drop_0_25,reruns\grid_density\scenarios\cv\known_visit_grid25_targets10_trials50.csv,01,28,2,1,24,5,1,0,0,0,0.0,0,0,69,58,11,410,76,40,36.362,0.90905,0.7821,1.4696,2.3495,23.5672,0.58918,0.4687,1.0768,1.5786,39,12.7948,0.3280717948717949,0.3136,0.4082,0.4098,completed
33,known_visit,PI,bernoulli,drop_0.25,25,625,8,10,pi_g25_d85_bernoulli_drop_0_25,reruns\grid_density\scenarios\cv\known_visit_grid25_targets10_trials50.csv,02,22,0,2,14,9,0,2,2,0,0.0,0,0,60,48,12,439,57,54,57.0666,1.056788888888889,1.0008,1.6588,2.3531,37.0937,0.6869203703703703,0.65445,1.2542,1.5681,57,19.9729,0.3504017543859649,0.3473,0.4025,0.4494,completed
33,known_visit,PI,bernoulli,drop_0.25,25,625,8,10,pi_g25_d85_bernoulli_drop_0_25,reruns\grid_density\scenarios\cv\known_visit_grid25_targets10_trials50.csv,03,37,3,0,38,0,0,0,0,0,0.0,0,0,82,75,7,391,83,9,9.092600000000001,1.010288888888889,0.8548,2.3645,2.3645,7.3398,0.8155333333333333,0.732,1.594,1.594,5,1.7528000000000001,0.35056000000000004,0.336,0.3891,0.3891,completed
33,known_visit,PI,bernoulli,drop_0.25,25,625,8,10,pi_g25_d85_bernoulli_drop_0_25,reruns\grid_density\scenarios\cv\known_visit_grid25_targets10_trials50.csv,04,20,2,1,17,4,0,0,0,0,0.0,0,0,54,44,10,443,58,66,61.1179,0.9260287878787878,0.8753,1.5638,2.2641,38.7242,0.586730303030303,0.5341,1.1243,1.5286,67,22.3937,0.33423432835820893,0.3294,0.4012,0.4248,completed
33,known_visit,PI,bernoulli,drop_0.25,25,625,8,10,pi_g25_d85_bernoulli_drop_0_25,reruns\grid_density\scenarios\cv\known_visit_grid25_targets10_trials50.csv,05,32,1,1,28,5,2,0,0,0,0.0,0,0,76,67,9,410,70,26,27.2847,1.0494115384615386,0.9238999999999999,2.2817,2.3711,18.4439,0.7093807692307692,0.6009,1.5492,1.6156,26,8.8408,0.34003076923076925,0.3343,0.376,0.3795,completed
33,known_visit,PI,bernoulli,drop_0.25,25,625,8,10,pi_g25_d85_bernoulli_drop_0_25,reruns\grid_density\scenarios\cv\known_visit_grid25_targets10_trials50.csv,06,33,2,1,30,4,0,0,0,0,0.0,0,0,77,68,9,403,75,21,20.7899,0.989995238095238,0.8635,1.565,2.3233,14.0337,0.6682714285714285,0.521,1.1788,1.5692,20,6.7562,0.33781,0.3382,0.3791,0.3862,completed
33,known_visit,PI,bernoulli,drop_0.25,25,625,8,10,pi_g25_d85_bernoulli_drop_0_25,reruns\grid_density\scenarios\cv\known_visit_grid25_targets10_trials50.csv,07,27,0,1,23,5,2,0,0,0,0.0,0,0,69,56,13,406,81,44,48.2379,1.0963159090909091,1.00095,1.6932,2.2512,32.4537,0.7375840909090908,0.6567000000000001,1.3008,1.5099,44,15.7842,0.3587318181818182,0.34565,0.4247,0.4331,completed
34,known_visit,PI,bernoulli,drop_0.25,25,625,8,10,pi_g25_d85_bernoulli_drop_0_25,reruns\grid_density\scenarios\cv\known_visit_grid25_targets10_trials50.csv,00,19,1,0,20,0,2,0,0,0,0.0,0,0,55,42,13,357,57,38,42.14,1.1089473684210527,1.04545,1.8973,2.2884,27.0721,0.7124236842105263,0.6812,1.2755,1.5262,42,15.0679,0.3587595238095238,0.35835,0.4165,0.4928,completed
34,known_visit,PI,bernoulli,drop_0.25,25,625,8,10,pi_g25_d85_bernoulli_drop_0_25,reruns\grid_density\scenarios\cv\known_visit_grid25_targets10_trials50.csv,01,19,3,1,18,2,2,3,1,1,5.0,1,0,58,44,14,350,61,34,35.8028,1.0530235294117647,0.96265,1.8122,2.2526,23.3943,0.6880676470588236,0.6288,0.9766,1.5018,36,12.4085,0.34468055555555555,0.33614999999999995,0.4327,0.4419,completed
34,known_visit,PI,bernoulli,drop_0.25,25,625,8,10,pi_g25_d85_bernoulli_drop_0_25,reruns\grid_density\scenarios\cv\known_visit_grid25_targets10_trials50.csv,02,23,2,0,24,0,0,0,0,0,0.0,0,0,55,49,6,360,54,23,21.2151,0.9223956521739131,0.833,1.4437,2.2822,14.3058,0.6219913043478261,0.579,0.8777,1.522,21,6.9093,0.3290142857142857,0.3268,0.3748,0.3854,completed
34,known_visit,PI,bernoulli,drop_0.25,25,625,8,10,pi_g25_d85_bernoulli_drop_0_25,reruns\grid_density\scenarios\cv\known_visit_grid25_targets10_trials50.csv,03,28,1,1,19,10,1,0,0,0,0.0,0,0,70,57,13,353,47,10,13.3301,1.33301,1.0676999999999999,2.3804,2.3804,9.6838,0.96838,0.7756000000000001,1.5775,1.5775,10,3.6463,0.36463,0.37495,0.4062,0.4062,completed
34,known_visit,PI,bernoulli,drop_0.25,25,625,8,10,pi_g25_d85_bernoulli_drop_0_25,reruns\grid_density\scenarios\cv\known_visit_grid25_targets10_trials50.csv,04,14,0,0,15,0,2,0,0,0,0.0,0,0,40,30,10,368,61,53,57.9853,1.0940622641509434,1.0334,1.4411,2.3533,38.4786,0.726011320754717,0.6721,1.0397,1.5794,54,19.5067,0.36123518518518516,0.36124999999999996,0.4203,0.4311,completed
34,known_visit,PI,bernoulli,drop_0.25,25,625,8,10,pi_g25_d85_bernoulli_drop_0_25,reruns\grid_density\scenarios\cv\known_visit_grid25_targets10_trials50.csv,05,27,2,0,28,0,0,0,0,0,0.0,0,0,64,56,8,339,67,11,14.4429,1.312990909090909,1.1273,2.2754,2.2754,9.9626,0.9056909090909091,0.7608,1.5104,1.5104,12,4.4803,0.3733583333333333,0.37565000000000004,0.3966,0.3966,completed
34,known_visit,PI,bernoulli,drop_0.25,25,625,8,10,pi_g25_d85_bernoulli_drop_0_25,reruns\grid_density\scenarios\cv\known_visit_grid25_targets10_trials50.csv,06,29,0,0,24,6,0,0,0,0,0.0,0,0,66,59,7,344,60,8,9.0675,1.1334375,0.85895,2.2281,2.2281,7.196,0.8995,0.85895,1.4833,1.4833,5,1.8715000000000002,0.3743,0.3734,0.3778,0.3778,completed
34,known_visit,PI,bernoulli,drop_0.25,25,625,8,10,pi_g25_d85_bernoulli_drop_0_25,reruns\grid_density\scenarios\cv\known_visit_grid25_targets10_trials50.csv,07,24,1,0,24,1,1,0,0,0,0.0,0,0,62,50,12,360,47,22,22.9909,1.0450409090909092,0.9136500000000001,1.6743,2.2946,15.515,0.7052272727272727,0.59135,1.2779,1.5113,22,7.4759,0.3398136363636364,0.3288,0.3891,0.4009,completed
35,known_visit,PI,bernoulli,drop_0.25,25,625,8,10,pi_g25_d85_bernoulli_drop_0_25,reruns\grid_density\scenarios\cv\known_visit_grid25_targets10_trials50.csv,00,22,0,1,21,2,0,0,0,0,0.0,0,0,56,46,10,365,54,24,23.124,0.9634999999999999,0.7807,2.185,2.3756,15.0931,0.6288791666666667,0.47004999999999997,1.4011,1.5918,24,8.0309,0.33462083333333337,0.3145,0.4007,0.4013,completed
35,known_visit,PI,bernoulli,drop_0.25,25,625,8,10,pi_g25_d85_bernoulli_drop_0_25,reruns\grid_density\scenarios\cv\known_visit_grid25_targets10_trials50.csv,01,21,4,0,22,0,0,0,0,0,0.0,0,0,52,44,8,353,71,26,23.9296,0.9203692307692308,0.77945,1.7449,2.3652,15.6744,0.6028615384615384,0.4716,1.3412,1.5758,25,8.2552,0.330208,0.3132,0.4037,0.4041,completed
35,known_visit,PI,bernoulli,drop_0.25,25,625,8,10,pi_g25_d85_bernoulli_drop_0_25,reruns\grid_density\scenarios\cv\known_visit_grid25_targets10_trials50.csv,02,26,1,1,23,4,0,0,0,0,0.0,0,0,65,54,11,351,59,11,13.6127,1.2375181818181817,1.0339,2.364,2.364,9.5788,0.8707999999999999,0.8338,1.5689,1.5689,11,4.0339,0.36671818181818183,0.3809,0.4317,0.4317,completed
35,known_visit,PI,bernoulli,drop_0.25,25,625,8,10,pi_g25_d85_bernoulli_drop_0_25,reruns\grid_density\scenarios\cv\known_visit_grid25_targets10_trials50.csv,03,27,0,1,23,5,2,0,0,0,0.0,0,0,67,55,12,347,61,8,12.6837,1.5854625,1.58805,2.4164,2.4164,8.7901,1.0987625,1.0208,1.6047,1.6047,10,3.8936,0.38936000000000004,0.39125,0.4435,0.4435,completed
35,known_visit,PI,bernoulli,drop_0.25,25,625,8,10,pi_g25_d85_bernoulli_drop_0_25,reruns\grid_density\scenarios\cv\known_visit_grid25_targets10_trials50.csv,04,26,1,1,26,1,2,0,0,0,0.0,0,0,68,53,15,353,54,9,11.8935,1.3215,1.0338,2.3823,2.3823,8.8361,0.9817888888888889,0.8562,1.6106,1.6106,8,3.0574,0.382175,0.38605,0.4416,0.4416,completed
35,known_visit,PI,bernoulli,drop_0.25,25,625,8,10,pi_g25_d85_bernoulli_drop_0_25,reruns\grid_density\scenarios\cv\known_visit_grid25_targets10_trials50.csv,05,27,2,0,28,0,1,0,0,0,0.0,0,0,66,55,11,356,54,8,10.3424,1.2928,0.99895,2.3772,2.3772,8.0209,1.0026125,0.8535,1.6056,1.6056,6,2.3215,0.38691666666666663,0.38480000000000003,0.443,0.443,completed
35,known_visit,PI,bernoulli,drop_0.25,25,625,8,10,pi_g25_d85_bernoulli_drop_0_25,reruns\grid_density\scenarios\cv\known_visit_grid25_targets10_trials50.csv,06,21,1,1,18,4,2,0,0,0,0.0,0,0,52,44,8,360,63,27,24.1752,0.8953777777777778,0.7769,1.6922,2.3694,16.4066,0.6076518518518519,0.4697,1.284,1.5949,24,7.7686,0.32369166666666666,0.31165,0.3898,0.4082,completed
35,known_visit,PI,bernoulli,drop_0.25,25,625,8,10,pi_g25_d85_bernoulli_drop_0_25,reruns\grid_density\scenarios\cv\known_visit_grid25_targets10_trials50.csv,07,17,1,1,16,2,1,0,0,0,0.0,0,0,50,37,13,366,60,39,41.2491,1.0576692307692308,0.8722,2.3427,2.3592,26.735,0.6855128205128205,0.6348,1.5736,1.5866,41,14.514100000000001,0.35400243902439027,0.3619,0.4291,0.4468,completed
36,known_visit,PI,bernoulli,drop_0.25,25,625,8,10,pi_g25_d85_bernoulli_drop_0_25,reruns\grid_density\scenarios\cv\known_visit_grid25_targets10_trials50.csv,00,28,0,1,23,6,3,3,1,1,5.0,1,0,75,58,17,377,70,11,15.8453,1.4404818181818182,1.2018,2.3124,2.3124,11.7053,1.0641181818181817,0.8973,1.5388,1.5388,11,4.140000000000001,0.3763636363636364,0.3885,0.4026,0.4026,completed
36,known_visit,PI,bernoulli,drop_0.25,25,625,8,10,pi_g25_d85_bernoulli_drop_0_25,reruns\grid_density\scenarios\cv\known_visit_grid25_targets10_trials50.csv,01,29,0,1,28,2,0,0,0,0,0.0,0,0,66,59,7,376,80,8,9.4835,1.1854375,0.9690000000000001,2.3106,2.3106,7.5309,0.9413625,0.86805,1.5443,1.5443,5,1.9526,0.39052,0.381,0.456,0.456,completed
36,known_visit,PI,bernoulli,drop_0.25,25,625,8,10,pi_g25_d85_bernoulli_drop_0_25,reruns\grid_density\scenarios\cv\known_visit_grid25_targets10_trials50.csv,02,29,4,0,30,0,1,0,0,0,0.0,0,0,65,59,6,392,66,10,10.6824,1.0682399999999999,0.8303,2.3136,2.3136,8.8391,0.88391,0.7645,1.551,1.551,5,1.8433,0.36866,0.3804,0.3822,0.3822,completed
36,known_visit,PI,bernoulli,drop_0.25,25,625,8,10,pi_g25_d85_bernoulli_drop_0_25,reruns\grid_density\scenarios\cv\known_visit_grid25_targets10_trials50.csv,03,14,1,0,10,5,0,0,0,0,0.0,0,0,39,30,9,417,67,55,72.3195,1.3149000000000002,1.3427,1.4074,2.2996,50.208,0.9128727272727273,0.9215,0.9864,1.5304,56,22.1115,0.39484821428571426,0.39585000000000004,0.4374,0.4634,completed
36,known_visit,PI,bernoulli,drop_0.25,25,625,8,10,pi_g25_d85_bernoulli_drop_0_25,reruns\grid_density\scenarios\cv\known_visit_grid25_targets10_trials50.csv,04,28,3,0,28,1,1,1,1,0,0.0,0,0,67,57,10,402,53,10,13.7832,1.37832,1.0798999999999999,2.406,2.406,9.6926,0.96926,0.8188500000000001,1.5799,1.5799,11,4.0906,0.3718727272727273,0.3759,0.4147,0.4147,completed
36,known_visit,PI,bernoulli,drop_0.25,25,625,8,10,pi_g25_d85_bernoulli_drop_0_25,reruns\grid_density\scenarios\cv\known_visit_grid25_targets10_trials50.csv,05,28,0,0,29,0,0,2,2,0,0.0,0,0,72,59,13,377,73,9,12.7789,1.4198777777777778,1.2699,2.4025,2.4025,9.0391,1.0043444444444445,0.8879,1.5873,1.5873,10,3.7398,0.37398,0.37685,0.4496,0.4496,completed
36,known_visit,PI,bernoulli,drop_0.25,25,625,8,10,pi_g25_d85_bernoulli_drop_0_25,reruns\grid_density\scenarios\cv\known_visit_grid25_targets10_trials50.csv,06,27,2,1,24,4,3,0,0,0,0.0,0,0,71,56,15,381,70,11,13.5668,1.2333454545454545,1.0884,2.3088,2.3088,9.2844,0.8440363636363636,0.7506,1.532,1.532,12,4.2824,0.35686666666666667,0.35935,0.4085,0.4085,completed
36,known_visit,PI,bernoulli,drop_0.25,25,625,8,10,pi_g25_d85_bernoulli_drop_0_25,reruns\grid_density\scenarios\cv\known_visit_grid25_targets10_trials50.csv,07,27,0,0,14,14,2,0,0,0,0.0,0,0,68,56,12,369,85,11,15.7133,1.4284818181818182,1.2102,2.3295,2.3295,10.9967,0.9997,0.8556,1.5519,1.5519,12,4.7166,0.39304999999999995,0.39325,0.4432,0.4432,completed
37,known_visit,PI,bernoulli,drop_0.25,25,625,8,10,pi_g25_d85_bernoulli_drop_0_25,reruns\grid_density\scenarios\cv\known_visit_grid25_targets10_trials50.csv,00,33,4,0,34,0,0,0,0,0,0.0,0,0,76,68,8,481,91,32,39.4628,1.2332125,1.1577000000000002,2.3307,2.4066,26.7946,0.83733125,0.7965,1.5038,1.5525,34,12.6682,0.37259411764705885,0.3547,0.4613,0.5034,completed
37,known_visit,PI,bernoulli,drop_0.25,25,625,8,10,pi_g25_d85_bernoulli_drop_0_25,reruns\grid_density\scenarios\cv\known_visit_grid25_targets10_trials50.csv,01,40,0,3,29,12,2,0,0,0,0.0,0,0,99,81,18,479,69,10,15.1488,1.51488,1.43675,2.469,2.469,11.0183,1.10183,1.073,1.6696,1.6696,11,4.1305,0.37549999999999994,0.3721,0.4063,0.4063,completed
37,known_visit,PI,bernoulli,drop_0.25,25,625,8,10,pi_g25_d85_bernoulli_drop_0_25,reruns\grid_density\scenarios\cv\known_visit_grid25_targets10_trials50.csv,02,40,2,0,41,0,0,0,0,0,0.0,0,0,88,81,7,477,82,8,9.9261,1.2407625,0.9028999999999999,2.4049,2.4049,7.5685,0.9460625,0.7690999999999999,1.6316,1.6316,6,2.3576,0.39293333333333336,0.38665,0.4673,0.4673,completed
37,known_visit,PI,bernoulli,drop_0.25,25,625,8,10,pi_g25_d85_bernoulli_drop_0_25,reruns\grid_density\scenarios\cv\known_visit_grid25_targets10_trials50.csv,03,37,1,0,30,8,1,4,4,0,0.0,0,0,97,80,17,476,74,12,20.471799999999998,1.7059833333333332,1.8578000000000001,2.408,2.408,13.386,1.1155,1.13815,1.6331,1.6331,19,7.0858,0.3729368421052632,0.3623,0.4722,0.4722,completed
37,known_visit,PI,bernoulli,drop_0.25,25,625,8,10,pi_g25_d85_bernoulli_drop_0_25,reruns\grid_density\scenarios\cv\known_visit_grid25_targets10_trials50.csv,04,40,0,0,41,0,2,3,3,0,0.0,0,0,101,82,19,473,74,9,16.1316,1.7923999999999998,1.6927,2.4291,2.4291,11.504999999999999,1.2783333333333333,1.3472,1.6456,1.6456,12,4.6266,0.38555,0.3862,0.4653,0.4653,completed
37,known_visit,PI,bernoulli,drop_0.25,25,625,8,10,pi_g25_d85_bernoulli_drop_0_25,reruns\grid_density\scenarios\cv\known_visit_grid25_targets10_trials50.csv,05,25,2,0,26,0,1,0,0,0,0.0,0,0,59,52,7,501,87,59,57.9144,0.9816,0.9604,1.083,2.5807,37.8247,0.6410966101694915,0.6006,1.027,1.7295,55,20.0897,0.3652672727272727,0.3634,0.4101,0.4275,completed
37,known_visit,PI,bernoulli,drop_0.25,25,625,8,10,pi_g25_d85_bernoulli_drop_0_25,reruns\grid_density\scenarios\cv\known_visit_grid25_targets10_trials50.csv,06,20,0,1,20,1,1,0,0,0,0.0,0,0,49,42,7,517,81,76,76.1158,1.0015236842105262,0.9614,1.3696,2.5127,49.0892,0.6459105263157895,0.6028,1.0741,1.7284,76,27.026600000000002,0.35561315789473685,0.36125,0.4006,0.4805,completed
37,known_visit,PI,bernoulli,drop_0.25,25,625,8,10,pi_g25_d85_bernoulli_drop_0_25,reruns\grid_density\scenarios\cv\known_visit_grid25_targets10_trials50.csv,07,34,1,0,32,3,0,1,1,0,0.0,0,0,79,71,8,491,77,29,31.9346,1.1011931034482758,0.9518,2.0247,2.4216,21.433,0.7390689655172413,0.6175,1.5597,1.6346,30,10.5016,0.3500533333333333,0.32885,0.447,0.465,completed
38,known_visit,PI,bernoulli,drop_0.25,25,625,8,10,pi_g25_d85_bernoulli_drop_0_25,reruns\grid_density\scenarios\cv\known_visit_grid25_targets10_trials50.csv,00,26,1,0,25,2,1,0,0,0,0.0,0,0,69,55,14,429,77,69,70.8477,1.0267782608695653,0.9997,1.4594,2.2032,44.9742,0.6518,0.6269,0.9139,1.48,70,25.8735,0.36962142857142855,0.3664,0.4422,0.5297,completed
38,known_visit,PI,bernoulli,drop_0.25,25,625,8,10,pi_g25_d85_bernoulli_drop_0_25,reruns\grid_density\scenarios\cv\known_visit_grid25_targets10_trials50.csv,01,37,2,0,38,0,1,0,0,0,0.0,0,0,90,77,13,417,69,33,37.1076,1.1244727272727273,1.0392,1.7535,2.2396,23.9924,0.7270424242424243,0.6755,1.2288,1.5106,34,13.1152,0.38574117647058825,0.37145,0.4398,0.4876,completed
38,known_visit,PI,bernoulli,drop_0.25,25,625,8,10,pi_g25_d85_bernoulli_drop_0_25,reruns\grid_density\scenarios\cv\known_visit_grid25_targets10_trials50.csv,02,16,2,0,15,2,0,1,1,0,0.0,0,0,45,35,10,447,83,98,99.7546,1.017904081632653,0.9591000000000001,1.377,2.2241,62.6925,0.6397193877551021,0.594,0.8803,1.4981,99,37.0621,0.37436464646464646,0.3667,0.4204,0.5416,completed
38,known_visit,PI,bernoulli,drop_0.25,25,625,8,10,pi_g25_d85_bernoulli_drop_0_25,reruns\grid_density\scenarios\cv\known_visit_grid25_targets10_trials50.csv,03,38,0,4,19,20,0,0,0,0,0.0,0,0,94,79,15,415,66,22,24.9892,1.1358727272727274,0.9033500000000001,2.2717,2.3754,16.7077,0.759440909090909,0.6059,1.4845,1.5335,22,8.2815,0.37643181818181815,0.3653,0.446,0.4676,completed
38,known_visit,PI,bernoulli,drop_0.25,25,625,8,10,pi_g25_d85_bernoulli_drop_0_25,reruns\grid_density\scenarios\cv\known_visit_grid25_targets10_trials50.csv,04,39,2,1,33,7,2,2,2,0,0.0,0,0,102,81,21,410,63,23,27.681,1.203521739130435,0.9186,2.2018,2.3036,17.6392,0.7669217391304347,0.5528,1.4871,1.5851,27,10.0418,0.37191851851851854,0.3604,0.4283,0.4403,completed
38,known_visit,PI,bernoulli,drop_0.25,25,625,8,10,pi_g25_d85_bernoulli_drop_0_25,reruns\grid_density\scenarios\cv\known_visit_grid25_targets10_trials50.csv,05,13,0,1,12,2,2,3,3,0,0.0,0,0,43,28,15,452,81,108,110.1334,1.0197537037037037,0.9617,1.3319,2.3927,68.703,0.6361388888888889,0.5921000000000001,0.8686,1.6037,111,41.4304,0.37324684684684684,0.3685,0.4255,0.4633,completed
38,known_visit,PI,bernoulli,drop_0.25,25,625,8,10,pi_g25_d85_bernoulli_drop_0_25,reruns\grid_density\scenarios\cv\known_visit_grid25_targets10_trials50.csv,06,26,3,0,26,1,0,0,0,0,0.0,0,0,64,54,10,438,74,66,64.8377,0.982389393939394,0.9554,1.1485,2.2415,41.1539,0.6235439393939394,0.5864,0.7988,1.5041,64,23.6838,0.370059375,0.36525,0.4213,0.44,completed
38,known_visit,PI,bernoulli,drop_0.25,25,625,8,10,pi_g25_d85_bernoulli_drop_0_25,reruns\grid_density\scenarios\cv\known_visit_grid25_targets10_trials50.csv,07,24,0,2,19,6,2,0,0,0,0.0,0,0,69,53,16,431,75,73,87.0276,1.192158904109589,1.0705,1.7186,2.2961,57.2857,0.7847356164383561,0.6837,1.1807,1.5592,78,29.7419,0.38130641025641027,0.3768,0.4353,0.4904,completed
39,known_visit,PI,bernoulli,drop_0.25,25,625,8,10,pi_g25_d85_bernoulli_drop_0_25,reruns\grid_density\scenarios\cv\known_visit_grid25_targets10_trials50.csv,00,23,0,1,18,6,0,0,0,0,0.0,0,0,52,48,4,298,60,15,16.2849,1.08566,0.9595,2.7156,2.7156,11.3583,0.75722,0.623,1.7775,1.7775,13,4.9266,0.3789692307692307,0.3666,0.4808,0.4808,completed
39,known_visit,PI,bernoulli,drop_0.25,25,625,8,10,pi_g25_d85_bernoulli_drop_0_25,reruns\grid_density\scenarios\cv\known_visit_grid25_targets10_trials50.csv,01,14,1,0,15,0,0,0,0,0,0.0,0,0,36,30,6,326,48,43,49.7854,1.1578000000000002,1.09,1.8431,3.0074,32.8471,0.7638860465116278,0.7143,1.3438,2.0776,43,16.9383,0.39391395348837216,0.387,0.4613,0.4993,completed
39,known_visit,PI,bernoulli,drop_0.25,25,625,8,10,pi_g25_d85_bernoulli_drop_0_25,reruns\grid_density\scenarios\cv\known_visit_grid25_targets10_trials50.csv,02,26,1,0,27,0,2,0,0,0,0.0,0,0,62,53,9,296,52,8,12.7357,1.5919625,1.10465,3.0166,3.0166,9.520199999999999,1.1900249999999999,0.9471,2.0065,2.0065,7,3.2155,0.45935714285714285,0.4492,0.5228,0.5228,completed
39,known_visit,PI,bernoulli,drop_0.25,25,625,8,10,pi_g25_d85_bernoulli_drop_0_25,reruns\grid_density\scenarios\cv\known_visit_grid25_targets10_trials50.csv,03,26,2,0,27,0,0,0,0,0,0.0,0,0,59,53,6,297,53,8,10.316699999999999,1.2895874999999999,1.0524499999999999,3.0473,3.0473,8.4927,1.0615875,0.97665,2.0518,2.0518,4,1.824,0.456,0.4579,0.5022,0.5022,completed
39,known_visit,PI,bernoulli,drop_0.25,25,625,8,10,pi_g25_d85_bernoulli_drop_0_25,reruns\grid_density\scenarios\cv\known_visit_grid25_targets10_trials50.csv,04,16,2,0,17,0,0,0,0,0,0.0,0,0,45,34,11,308,56,39,44.3544,1.1372923076923076,1.0161,2.8288,3.056,29.2063,0.7488794871794872,0.6502,1.9236,2.0242,39,15.1481,0.3884128205128205,0.3735,0.5022,0.5296,completed
39,known_visit,PI,bernoulli,drop_0.25,25,625,8,10,pi_g25_d85_bernoulli_drop_0_25,reruns\grid_density\scenarios\cv\known_visit_grid25_targets10_trials50.csv,05,21,3,0,22,0,0,0,0,0,0.0,0,0,48,44,4,310,52,21,22.1925,1.0567857142857142,0.9679,1.2663,2.6029,14.9534,0.7120666666666666,0.6021,1.019,1.732,19,7.2391,0.38100526315789474,0.3693,0.4602,0.4602,completed
39,known_visit,PI,bernoulli,drop_0.25,25,625,8,10,pi_g25_d85_bernoulli_drop_0_25,reruns\grid_density\scenarios\cv\known_visit_grid25_targets10_trials50.csv,06,17,1,0,18,0,1,0,0,0,0.0,0,0,46,36,10,309,55,33,40.5854,1.229860606060606,1.1164,2.5219,2.9835,26.1124,0.7912848484848485,0.7261,1.6072,2.0046,36,14.473,0.4020277777777778,0.39080000000000004,0.4858,0.4931,completed
39,known_visit,PI,bernoulli,drop_0.25,25,625,8,10,pi_g25_d85_bernoulli_drop_0_25,reruns\grid_density\scenarios\cv\known_visit_grid25_targets10_trials50.csv,07,24,0,1,21,4,0,1,1,0,0.0,0,0,62,50,12,293,54,14,21.3585,1.5256071428571427,1.2553,2.6699,2.6699,14.1911,1.01365,0.84465,1.7812,1.7812,17,7.1674,0.42161176470588235,0.4187,0.4804,0.4804,completed
40,known_visit,PI,bernoulli,drop_0.25,25,625,8,10,pi_g25_d85_bernoulli_drop_0_25,reruns\grid_density\scenarios\cv\known_visit_grid25_targets10_trials50.csv,00,24,0,1,20,5,1,4,4,0,0.0,0,0,64,50,14,405,54,33,33.0736,1.002230303030303,0.8649,2.0008,2.4285,21.674,0.6567878787878788,0.5375,1.5073,1.6064,33,11.3996,0.3454424242424242,0.3293,0.4808,0.4935,completed
40,known_visit,PI,bernoulli,drop_0.25,25,625,8,10,pi_g25_d85_bernoulli_drop_0_25,reruns\grid_density\scenarios\cv\known_visit_grid25_targets10_trials50.csv,01,32,4,0,33,0,0,0,0,0,0.0,0,0,73,65,8,378,71,8,11.0732,1.38415,1.2871000000000001,2.5499,2.5499,8.4507,1.0563375,1.0373999999999999,1.7228,1.7228,6,2.6225,0.4370833333333333,0.43379999999999996,0.4725,0.4725,completed
40,known_visit,PI,bernoulli,drop_0.25,25,625,8,10,pi_g25_d85_bernoulli_drop_0_25,reruns\grid_density\scenarios\cv\known_visit_grid25_targets10_trials50.csv,02,22,0,1,11,12,1,1,1,0,0.0,0,0,58,47,11,404,60,39,46.6773,1.1968538461538463,1.1069,2.607,2.6874,30.8422,0.790825641025641,0.7216,1.6517,1.8613,41,15.8351,0.3862219512195122,0.3972,0.4924,0.4987,completed
40,known_visit,PI,bernoulli,drop_0.25,25,625,8,10,pi_g25_d85_bernoulli_drop_0_25,reruns\grid_density\scenarios\cv\known_visit_grid25_targets10_trials50.csv,03,32,3,0,33,0,0,4,4,0,0.0,0,0,80,68,12,369,74,9,13.0432,1.4492444444444446,1.7253,2.5112,2.5112,9.6892,1.0765777777777776,1.1075,1.684,1.684,8,3.354,0.41925,0.41359999999999997,0.4921,0.4921,completed
40,known_visit,PI,bernoulli,drop_0.25,25,625,8,10,pi_g25_d85_bernoulli_drop_0_25,reruns\grid_density\scenarios\cv\known_visit_grid25_targets10_trials50.csv,04,32,2,1,29,4,0,2,2,0,0.0,0,0,77,65,12,396,49,7,12.7035,1.8147857142857142,1.791,2.5525,2.5525,8.2173,1.1739,0.9841,1.7117,1.7117,11,4.4862,0.40783636363636366,0.4047,0.4741,0.4741,completed
40,known_visit,PI,bernoulli,drop_0.25,25,625,8,10,pi_g25_d85_bernoulli_drop_0_25,reruns\grid_density\scenarios\cv\known_visit_grid25_targets10_trials50.csv,05,21,0,1,12,10,2,1,1,0,0.0,0,0,64,46,18,387,71,47,56.4783,1.2016659574468085,1.1567,2.5413,2.7525,37.3258,0.7941659574468085,0.7679,1.7006,1.8073,50,19.1525,0.38305,0.39890000000000003,0.4787,0.4859,completed
40,known_visit,PI,bernoulli,drop_0.25,25,625,8,10,pi_g25_d85_bernoulli_drop_0_25,reruns\grid_density\scenarios\cv\known_visit_grid25_targets10_trials50.csv,06,16,0,1,16,1,1,0,0,0,0.0,0,0,42,35,7,405,75,62,75.7161,1.2212274193548387,1.14785,1.5538,2.5371,50.9714,0.8221193548387097,0.75515,1.0628,1.6758,62,24.7447,0.39910806451612907,0.3977,0.4798,0.5069,completed
40,known_visit,PI,bernoulli,drop_0.25,25,625,8,10,pi_g25_d85_bernoulli_drop_0_25,reruns\grid_density\scenarios\cv\known_visit_grid25_targets10_trials50.csv,07,25,1,1,24,2,0,0,0,0,0.0,0,0,65,53,12,405,52,33,35.5753,1.078039393939394,0.8619,2.5326,2.8525,23.2272,0.7038545454545454,0.5428,1.6939,1.9277,35,12.3481,0.35280285714285714,0.3284,0.4621,0.4627,completed
41,known_visit,PI,bernoulli,drop_0.25,25,625,8,10,pi_g25_d85_bernoulli_drop_0_25,reruns\grid_density\scenarios\cv\known_visit_grid25_targets10_trials50.csv,00,23,0,0,21,3,0,6,1,2,20.0,2,0,61,49,12,377,51,37,38.8391,1.0497054054054054,0.9592,1.4864,2.2347,25.359,0.6853783783783785,0.615,1.0072,1.4428,38,13.4801,0.35473947368421055,0.35095,0.4111,0.47,completed
41,known_visit,PI,bernoulli,drop_0.25,25,625,8,10,pi_g25_d85_bernoulli_drop_0_25,reruns\grid_density\scenarios\cv\known_visit_grid25_targets10_trials50.csv,01,28,1,2,20,9,2,0,0,0,0.0,0,0,67,58,9,366,56,22,24.4818,1.1128090909090909,0.9849,2.0269,2.4602,16.4934,0.7497,0.63295,1.2323,1.6533,22,7.9883999999999995,0.3631090909090909,0.35605,0.4023,0.4046,completed
41,known_visit,PI,bernoulli,drop_0.25,25,625,8,10,pi_g25_d85_bernoulli_drop_0_25,reruns\grid_density\scenarios\cv\known_visit_grid25_targets10_trials50.csv,02,20,0,1,17,4,3,3,1,1,5.0,1,0,55,43,12,371,63,47,43.5973,0.9276021276595744,0.8293,1.7961,2.0494,27.6082,0.5874085106382979,0.4961,1.276,1.3959,47,15.9891,0.3401936170212766,0.3321,0.4047,0.415,completed
41,known_visit,PI,bernoulli,drop_0.25,25,625,8,10,pi_g25_d85_bernoulli_drop_0_25,reruns\grid_density\scenarios\cv\known_visit_grid25_targets10_trials50.csv,03,31,1,1,25,7,2,0,0,0,0.0,0,0,75,63,12,357,57,9,11.8978,1.3219777777777777,1.218,2.4984,2.4984,9.2065,1.0229444444444444,0.8848,1.6901,1.6901,7,2.6913,0.3844714285714286,0.3964,0.4432,0.4432,completed
41,known_visit,PI,bernoulli,drop_0.25,25,625,8,10,pi_g25_d85_bernoulli_drop_0_25,reruns\grid_density\scenarios\cv\known_visit_grid25_targets10_trials50.csv,04,14,3,0,15,0,0,0,0,0,0.0,0,0,40,30,10,400,49,68,61.5934,0.9057852941176471,0.8297,1.4783,2.2378,38.2183,0.5620338235294118,0.49515,1.0139,1.3769,68,23.3751,0.3437514705882353,0.3322,0.4186,0.4507,completed
41,known_visit,PI,bernoulli,drop_0.25,25,625,8,10,pi_g25_d85_bernoulli_drop_0_25,reruns\grid_density\scenarios\cv\known_visit_grid25_targets10_trials50.csv,05,32,2,1,31,2,2,0,0,0,0.0,0,0,77,65,12,343,70,9,11.3601,1.2622333333333333,1.4466,1.9889,1.9889,8.4574,0.939711111111111,0.9029,1.3899,1.3899,8,2.9027,0.3628375,0.35225,0.4124,0.4124,completed
41,known_visit,PI,bernoulli,drop_0.25,25,625,8,10,pi_g25_d85_bernoulli_drop_0_25,reruns\grid_density\scenarios\cv\known_visit_grid25_targets10_trials50.csv,06,32,1,2,22,11,2,0,0,0,0.0,0,0,80,65,15,353,57,8,10.9223,1.3652875,1.38895,2.0209,2.0209,7.9254999999999995,0.9906874999999999,0.996,1.3892,1.3892,8,2.9968,0.3746,0.3758,0.4252,0.4252,completed
41,known_visit,PI,bernoulli,drop_0.25,25,625,8,10,pi_g25_d85_bernoulli_drop_0_25,reruns\grid_density\scenarios\cv\known_visit_grid25_targets10_trials50.csv,07,12,2,0,13,0,0,0,0,0,0.0,0,0,35,26,9,387,68,71,62.7138,0.8832929577464789,0.8275,0.9915,2.2572,38.4396,0.5414028169014085,0.4941,0.835,1.4519,72,24.2742,0.3371416666666667,0.33075,0.3982,0.4186,completed
42,known_visit,PI,bernoulli,drop_0.25,25,625,8,10,pi_g25_d85_bernoulli_drop_0_25,reruns\grid_density\scenarios\cv\known_visit_grid25_targets10_trials50.csv,00,27,2,0,28,0,0,0,0,0,0.0,0,0,60,56,4,395,79,21,15.9976,0.7617904761904762,0.6744,0.9351,2.2013,11.0655,0.5269285714285714,0.4059,0.7372,1.4612,17,4.9321,0.2901235294117647,0.2759,0.3818,0.3818,completed
42,known_visit,PI,bernoulli,drop_0.25,25,625,8,10,pi_g25_d85_bernoulli_drop_0_25,reruns\grid_density\scenarios\cv\known_visit_grid25_targets10_trials50.csv,01,25,0,2,20,6,0,0,0,0,0.0,0,0,60,52,8,393,80,27,21.6004,0.8000148148148148,0.6948,1.5649,2.2093,14.285,0.529074074074074,0.4206,0.9755,1.517,25,7.3154,0.292616,0.2802,0.3387,0.3602,completed
42,known_visit,PI,bernoulli,drop_0.25,25,625,8,10,pi_g25_d85_bernoulli_drop_0_25,reruns\grid_density\scenarios\cv\known_visit_grid25_targets10_trials50.csv,02,31,1,0,29,3,1,0,0,0,0.0,0,0,71,63,8,397,65,9,10.6401,1.1822333333333335,1.0877,2.1317,2.1317,7.6768,0.8529777777777778,0.7508,1.4556,1.4556,9,2.9633,0.3292555555555555,0.3367,0.3897,0.3897,completed
42,known_visit,PI,bernoulli,drop_0.25,25,625,8,10,pi_g25_d85_bernoulli_drop_0_25,reruns\grid_density\scenarios\cv\known_visit_grid25_targets10_trials50.csv,03,28,1,0,27,2,2,0,0,0,0.0,0,0,68,58,10,396,70,21,20.4636,0.9744571428571428,0.8755,1.6381,2.2357,14.6195,0.6961666666666667,0.5849,1.0936,1.567,19,5.8441,0.3075842105263158,0.3028,0.3618,0.3618,completed
42,known_visit,PI,bernoulli,drop_0.25,25,625,8,10,pi_g25_d85_bernoulli_drop_0_25,reruns\grid_density\scenarios\cv\known_visit_grid25_targets10_trials50.csv,04,19,0,1,12,8,1,2,2,0,0.0,0,0,54,41,13,399,82,44,43.1794,0.9813500000000001,0.7695000000000001,1.7757,2.2302,28.2225,0.6414204545454546,0.48255000000000003,1.1714,1.5089,47,14.9569,0.318231914893617,0.3005,0.376,0.4232,completed
42,known_visit,PI,bernoulli,drop_0.25,25,625,8,10,pi_g25_d85_bernoulli_drop_0_25,reruns\grid_density\scenarios\cv\known_visit_grid25_targets10_trials50.csv,05,29,0,2,16,14,2,4,4,0,0.0,0,0,74,61,13,391,69,8,11.9256,1.4907,1.59575,2.1753,2.1753,8.4641,1.0580125,1.0935000000000001,1.5035,1.5035,10,3.4615,0.34615,0.3472,0.3738,0.3738,completed
42,known_visit,PI,bernoulli,drop_0.25,25,625,8,10,pi_g25_d85_bernoulli_drop_0_25,reruns\grid_density\scenarios\cv\known_visit_grid25_targets10_trials50.csv,06,28,4,0,28,1,1,1,1,0,0.0,0,0,72,59,13,401,62,17,16.2056,0.9532705882352941,0.7532,2.1682,2.1682,11.0144,0.6479058823529412,0.4993,1.4481,1.4481,17,5.1912,0.305364705882353,0.2838,0.3677,0.3677,completed
42,known_visit,PI,bernoulli,drop_0.25,25,625,8,10,pi_g25_d85_bernoulli_drop_0_25,reruns\grid_density\scenarios\cv\known_visit_grid25_targets10_trials50.csv,07,31,2,0,32,0,1,0,0,0,0.0,0,0,76,63,13,398,60,9,11.533999999999999,1.2815555555555553,1.1288,2.2113,2.2113,8.4476,0.9386222222222221,0.816,1.5089,1.5089,9,3.0864000000000003,0.34293333333333337,0.3428,0.3698,0.3698,completed
43,known_visit,PI,bernoulli,drop_0.25,25,625,8,10,pi_g25_d85_bernoulli_drop_0_25,reruns\grid_density\scenarios\cv\known_visit_grid25_targets10_trials50.csv,00,31,0,1,30,2,1,0,0,0,0.0,0,0,74,63,11,374,64,7,9.0911,1.2987285714285715,1.3369,2.1514,2.1514,6.9697,0.9956714285714285,1.0003,1.4635,1.4635,6,2.1214,0.35356666666666664,0.3515,0.3722,0.3722,completed
43,known_visit,PI,bernoulli,drop_0.25,25,625,8,10,pi_g25_d85_bernoulli_drop_0_25,reruns\grid_density\scenarios\cv\known_visit_grid25_targets10_trials50.csv,01,18,1,0,19,0,0,0,0,0,0.0,0,0,44,38,6,395,73,50,45.7819,0.915638,0.889,1.1365,2.1446,30.108,0.60216,0.57725,0.7833,1.4516,48,15.6739,0.3265395833333333,0.33365,0.36,0.3615,completed
43,known_visit,PI,bernoulli,drop_0.25,25,625,8,10,pi_g25_d85_bernoulli_drop_0_25,reruns\grid_density\scenarios\cv\known_visit_grid25_targets10_trials50.csv,02,23,2,0,23,1,0,6,1,2,20.0,2,0,66,49,17,378,68,35,34.3175,0.9805,0.8525,1.7788,2.1961,21.9692,0.6276914285714286,0.5322,1.2017,1.4986,38,12.3483,0.32495526315789475,0.32475,0.3919,0.5771,completed
43,known_visit,PI,bernoulli,drop_0.25,25,625,8,10,pi_g25_d85_bernoulli_drop_0_25,reruns\grid_density\scenarios\cv\known_visit_grid25_targets10_trials50.csv,03,31,3,1,29,3,0,0,0,0,0.0,0,0,73,63,10,387,52,10,11.08,1.108,0.76305,2.358,2.358,8.6952,0.86952,0.6925,1.6707,1.6707,7,2.3848,0.34068571428571426,0.3437,0.3628,0.3628,completed
43,known_visit,PI,bernoulli,drop_0.25,25,625,8,10,pi_g25_d85_bernoulli_drop_0_25,reruns\grid_density\scenarios\cv\known_visit_grid25_targets10_trials50.csv,04,21,1,0,22,0,2,0,0,0,0.0,0,0,53,45,8,397,61,42,37.3189,0.8885452380952381,0.83355,1.4377,2.2701,24.526699999999998,0.5839690476190476,0.5332,0.8009,1.5144,40,12.7922,0.319805,0.32335,0.357,0.3779,completed
43,known_visit,PI,bernoulli,drop_0.25,25,625,8,10,pi_g25_d85_bernoulli_drop_0_25,reruns\grid_density\scenarios\cv\known_visit_grid25_targets10_trials50.csv,05,30,1,2,20,11,2,1,1,0,0.0,0,0,77,61,16,370,64,9,13.0925,1.4547222222222222,1.3302,2.2766,2.2766,8.917300000000001,0.9908111111111112,0.8576,1.5882,1.5882,12,4.1752,0.34793333333333337,0.348,0.4024,0.4024,completed
43,known_visit,PI,bernoulli,drop_0.25,25,625,8,10,pi_g25_d85_bernoulli_drop_0_25,reruns\grid_density\scenarios\cv\known_visit_grid25_targets10_trials50.csv,06,30,2,0,29,2,0,1,1,0,0.0,0,0,70,62,8,369,72,8,8.8457,1.1057125,0.9551000000000001,2.1705,2.1705,6.7339,0.8417375,0.7654000000000001,1.4809,1.4809,7,2.1118,0.3016857142857143,0.343,0.3688,0.3688,completed
43,known_visit,PI,bernoulli,drop_0.25,25,625,8,10,pi_g25_d85_bernoulli_drop_0_25,reruns\grid_density\scenarios\cv\known_visit_grid25_targets10_trials50.csv,07,19,0,1,14,6,1,0,0,0,0.0,0,0,55,42,13,397,59,46,43.9211,0.9548065217391305,0.8723,1.4675,2.3319,28.1656,0.612295652173913,0.5415,1.1088,1.5556,49,15.7555,0.3215408163265306,0.3256,0.3628,0.4135,completed
44,known_visit,PI,bernoulli,drop_0.25,25,625,8,10,pi_g25_d85_bernoulli_drop_0_25,reruns\grid_density\scenarios\cv\known_visit_grid25_targets10_trials50.csv,00,28,2,0,29,0,1,0,0,0,0.0,0,0,73,58,15,387,59,23,22.8294,0.9925826086956522,0.8085,2.2586,2.5327,15.7172,0.6833565217391304,0.4909,1.5058,1.7114,21,7.1122,0.33867619047619046,0.3275,0.3914,0.4299,completed
44,known_visit,PI,bernoulli,drop_0.25,25,625,8,10,pi_g25_d85_bernoulli_drop_0_25,reruns\grid_density\scenarios\cv\known_visit_grid25_targets10_trials50.csv,01,32,0,1,31,2,1,0,0,0,0.0,0,0,73,65,8,378,68,7,9.5519,1.3645571428571428,0.9311,2.5635,2.5635,7.3058,1.0436857142857143,0.9019,1.7603,1.7603,6,2.2461,0.37435,0.3715,0.4119,0.4119,completed
44,known_visit,PI,bernoulli,drop_0.25,25,625,8,10,pi_g25_d85_bernoulli_drop_0_25,reruns\grid_density\scenarios\cv\known_visit_grid25_targets10_trials50.csv,02,29,0,2,20,10,0,1,1,0,0.0,0,0,69,60,9,375,75,15,17.4062,1.1604133333333333,0.8874,2.2237,2.2237,11.4573,0.76382,0.6586,1.4965,1.4965,17,5.9489,0.34993529411764707,0.356,0.3844,0.3844,completed
44,known_visit,PI,bernoulli,drop_0.25,25,625,8,10,pi_g25_d85_bernoulli_drop_0_25,reruns\grid_density\scenarios\cv\known_visit_grid25_targets10_trials50.csv,03,12,1,0,13,0,1,0,0,0,0.0,0,0,33,26,7,419,67,72,78.6501,1.0923625,0.98935,1.3372,2.3373,52.0538,0.7229694444444444,0.6526000000000001,0.9055,1.5235,73,26.5963,0.3643328767123288,0.3553,0.4309,0.4696,completed
44,known_visit,PI,bernoulli,drop_0.25,25,625,8,10,pi_g25_d85_bernoulli_drop_0_25,reruns\grid_density\scenarios\cv\known_visit_grid25_targets10_trials50.csv,04,31,3,0,32,0,2,0,0,0,0.0,0,0,76,64,12,375,69,10,15.7444,1.57444,1.45885,2.5464,2.5464,10.9504,1.09504,1.0145,1.6352,1.6352,12,4.7940000000000005,0.3995,0.388,0.4647,0.4647,completed
44,known_visit,PI,bernoulli,drop_0.25,25,625,8,10,pi_g25_d85_bernoulli_drop_0_25,reruns\grid_density\scenarios\cv\known_visit_grid25_targets10_trials50.csv,05,31,0,2,19,13,1,0,0,0,0.0,0,0,81,63,18,385,53,11,16.3577,1.4870636363636365,1.4829,2.3367,2.3367,11.3758,1.0341636363636364,1.0755,1.5669,1.5669,14,4.9819,0.35585000000000006,0.3762,0.4294,0.4294,completed
44,known_visit,PI,bernoulli,drop_0.25,25,625,8,10,pi_g25_d85_bernoulli_drop_0_25,reruns\grid_density\scenarios\cv\known_visit_grid25_targets10_trials50.csv,06,29,3,0,30,0,3,0,0,0,0.0,0,0,77,62,15,379,64,20,25.0835,1.254175,1.0356,2.2621,2.4819,16.8459,0.842295,0.67945,1.5088,1.68,23,8.2376,0.35815652173913043,0.3565,0.3921,0.4154,completed
44,known_visit,PI,bernoulli,drop_0.25,25,625,8,10,pi_g25_d85_bernoulli_drop_0_25,reruns\grid_density\scenarios\cv\known_visit_grid25_targets10_trials50.csv,07,16,1,0,17,0,0,0,0,0,0.0,0,0,38,34,4,425,56,57,56.2306,0.986501754385965,0.8998,1.2897,2.2606,36.6211,0.6424754385964913,0.5681,0.9027,1.4992,56,19.6095,0.35016964285714286,0.33845000000000003,0.413,0.4418,completed
45,known_visit,PI,bernoulli,drop_0.25,25,625,8,10,pi_g25_d85_bernoulli_drop_0_25,reruns\grid_density\scenarios\cv\known_visit_grid25_targets10_trials50.csv,00,25,0,0,25,1,0,0,0,0,0.0,0,0,65,52,13,304,54,11,13.0554,1.1868545454545456,0.9041,2.4366,2.4366,8.8452,0.8041090909090909,0.6295,1.644,1.644,12,4.2102,0.35085000000000005,0.33899999999999997,0.3967,0.3967,completed
45,known_visit,PI,bernoulli,drop_0.25,25,625,8,10,pi_g25_d85_bernoulli_drop_0_25,reruns\grid_density\scenarios\cv\known_visit_grid25_targets10_trials50.csv,01,26,1,1,25,2,1,0,0,0,0.0,0,0,64,53,11,305,55,6,7.7566999999999995,1.2927833333333332,1.1905999999999999,2.3406,2.3406,5.8656,0.9775999999999999,0.87305,1.5604,1.5604,5,1.8911,0.37822,0.3778,0.3927,0.3927,completed
45,known_visit,PI,bernoulli,drop_0.25,25,625,8,10,pi_g25_d85_bernoulli_drop_0_25,reruns\grid_density\scenarios\cv\known_visit_grid25_targets10_trials50.csv,02,21,2,0,22,0,1,0,0,0,0.0,0,0,52,44,8,322,49,24,23.5245,0.9801875,0.7968,2.262,2.4504,15.233,0.6347083333333333,0.4805,1.5022,1.6578,25,8.2915,0.33165999999999995,0.3212,0.3962,0.3964,completed
45,known_visit,PI,bernoulli,drop_0.25,25,625,8,10,pi_g25_d85_bernoulli_drop_0_25,reruns\grid_density\scenarios\cv\known_visit_grid25_targets10_trials50.csv,03,24,2,0,25,0,1,0,0,0,0.0,0,0,62,50,12,304,57,14,16.3866,1.1704714285714286,0.8418,2.3571,2.3571,11.2089,0.8006357142857142,0.6125499999999999,1.5761,1.5761,15,5.1777,0.34518,0.3218,0.3948,0.3948,completed
45,known_visit,PI,bernoulli,drop_0.25,25,625,8,10,pi_g25_d85_bernoulli_drop_0_25,reruns\grid_density\scenarios\cv\known_visit_grid25_targets10_trials50.csv,04,22,2,1,17,6,0,0,0,0,0.0,0,0,54,46,8,320,50,18,19.4414,1.080077777777778,0.8724000000000001,2.4491,2.4491,12.8365,0.7131388888888889,0.5398499999999999,1.6492,1.6492,19,6.6049,0.34762631578947367,0.3309,0.4043,0.4043,completed
45,known_visit,PI,bernoulli,drop_0.25,25,625,8,10,pi_g25_d85_bernoulli_drop_0_25,reruns\grid_density\scenarios\cv\known_visit_grid25_targets10_trials50.csv,05,9,0,0,10,0,5,0,0,0,0.0,0,0,35,21,14,340,48,63,64.8648,1.0296,0.981,1.7205,2.4855,41.4924,0.6586095238095239,0.6424,1.1143,1.6675,68,23.3724,0.34371176470588233,0.3433,0.3907,0.4139,completed
45,known_visit,PI,bernoulli,drop_0.25,25,625,8,10,pi_g25_d85_bernoulli_drop_0_25,reruns\grid_density\scenarios\cv\known_visit_grid25_targets10_trials50.csv,06,26,2,0,27,0,0,0,0,0,0.0,0,0,63,53,10,292,70,7,9.5335,1.3619285714285714,1.4201,2.4949,2.4949,7.4723,1.0674714285714286,1.0312,1.6734,1.6734,5,2.0612,0.41224,0.4076,0.4451,0.4451,completed
45,known_visit,PI,bernoulli,drop_0.25,25,625,8,10,pi_g25_d85_bernoulli_drop_0_25,reruns\grid_density\scenarios\cv\known_visit_grid25_targets10_trials50.csv,07,8,1,1,6,3,1,1,1,0,0.0,0,0,30,19,11,335,58,64,64.1418,1.002215625,0.9933000000000001,1.3756,2.331,40.6913,0.6358015625,0.6496999999999999,0.7812,1.5553,68,23.4505,0.34486029411764707,0.3469,0.3931,0.4092,completed
46,known_visit,PI,bernoulli,drop_0.25,25,625,8,10,pi_g25_d85_bernoulli_drop_0_25,reruns\grid_density\scenarios\cv\known_visit_grid25_targets10_trials50.csv,00,23,0,1,17,7,1,0,0,0,0.0,0,0,58,48,10,381,60,32,45.4321,1.419753125,1.3864999999999998,2.2547,2.3467,32.8917,1.027865625,1.00655,1.4916,1.5914,33,12.5404,0.3800121212121212,0.3809,0.4028,0.407,completed
46,known_visit,PI,bernoulli,drop_0.25,25,625,8,10,pi_g25_d85_bernoulli_drop_0_25,reruns\grid_density\scenarios\cv\known_visit_grid25_targets10_trials50.csv,01,29,3,0,30,0,1,0,0,0,0.0,0,0,69,59,10,362,68,10,12.774000000000001,1.2774,1.0439500000000002,2.4173,2.4173,9.5673,0.95673,0.8703,1.6413,1.6413,9,3.2067,0.3563,0.3768,0.3898,0.3898,completed
46,known_visit,PI,bernoulli,drop_0.25,25,625,8,10,pi_g25_d85_bernoulli_drop_0_25,reruns\grid_density\scenarios\cv\known_visit_grid25_targets10_trials50.csv,02,23,2,0,24,0,1,1,1,0,0.0,0,0,63,50,13,373,64,26,28.4119,1.0927653846153846,1.0530499999999998,1.6701,2.3899,18.9388,0.7284153846153847,0.6956,1.2686,1.6045,27,9.4731,0.3508555555555556,0.3537,0.3982,0.4239,completed
46,known_visit,PI,bernoulli,drop_0.25,25,625,8,10,pi_g25_d85_bernoulli_drop_0_25,reruns\grid_density\scenarios\cv\known_visit_grid25_targets10_trials50.csv,03,24,0,1,22,3,0,0,0,0,0.0,0,0,61,50,11,378,60,25,24.0741,0.962964,0.775,2.2395,2.4066,16.1248,0.644992,0.4681,1.4738,1.6313,24,7.9493,0.33122083333333335,0.31194999999999995,0.4011,0.4021,completed
46,known_visit,PI,bernoulli,drop_0.25,25,625,8,10,pi_g25_d85_bernoulli_drop_0_25,reruns\grid_density\scenarios\cv\known_visit_grid25_targets10_trials50.csv,04,29,1,0,29,1,1,0,0,0,0.0,0,0,64,59,5,382,54,8,10.094,1.26175,0.9744999999999999,2.4345,2.4345,7.1541,0.8942625,0.80575,1.6355,1.6355,8,2.9399,0.3674875,0.37725,0.4084,0.4084,completed
46,known_visit,PI,bernoulli,drop_0.25,25,625,8,10,pi_g25_d85_bernoulli_drop_0_25,reruns\grid_density\scenarios\cv\known_visit_grid25_targets10_trials50.csv,05,21,2,0,22,0,0,0,0,0,0.0,0,0,55,45,10,378,66,35,35.6115,1.0174714285714286,0.9015,1.7561,2.27,22.9434,0.6555257142857143,0.5716,1.2975,1.4966,37,12.6681,0.3423810810810811,0.3271,0.428,0.4586,completed
46,known_visit,PI,bernoulli,drop_0.25,25,625,8,10,pi_g25_d85_bernoulli_drop_0_25,reruns\grid_density\scenarios\cv\known_visit_grid25_targets10_trials50.csv,06,30,2,0,31,0,0,0,0,0,0.0,0,0,67,61,6,370,63,7,7.6893,1.0984714285714285,0.837,2.3816,2.3816,6.2645,0.8949285714285714,0.8164,1.6102,1.6102,4,1.4248,0.3562,0.3552,0.388,0.388,completed
46,known_visit,PI,bernoulli,drop_0.25,25,625,8,10,pi_g25_d85_bernoulli_drop_0_25,reruns\grid_density\scenarios\cv\known_visit_grid25_targets10_trials50.csv,07,24,0,0,22,3,1,0,0,0,0.0,0,0,64,51,13,375,60,25,25.9515,1.03806,0.8555,2.2321,2.2437,16.7945,0.6717799999999999,0.5429,1.4284,1.4776,27,9.157,0.33914814814814814,0.3213,0.4126,0.4355,completed
47,known_visit,PI,bernoulli,drop_0.25,25,625,8,10,pi_g25_d85_bernoulli_drop_0_25,reruns\grid_density\scenarios\cv\known_visit_grid25_targets10_trials50.csv,00,28,1,1,25,4,1,2,2,0,0.0,0,0,75,61,14,421,57,26,31.8985,1.2268653846153845,1.0925500000000001,1.8169,2.4034,21.2347,0.8167192307692308,0.7229000000000001,1.405,1.6353,29,10.6638,0.36771724137931033,0.3698,0.4044,0.4119,completed
47,known_visit,PI,bernoulli,drop_0.25,25,625,8,10,pi_g25_d85_bernoulli_drop_0_25,reruns\grid_density\scenarios\cv\known_visit_grid25_targets10_trials50.csv,01,33,3,0,30,4,0,0,0,0,0.0,0,0,79,67,12,401,73,9,13.9238,1.547088888888889,1.4314,2.6086,2.6086,9.3569,1.0396555555555556,0.9753,1.7657,1.7657,12,4.5669,0.38057500000000005,0.3888,0.4222,0.4222,completed
47,known_visit,PI,bernoulli,drop_0.25,25,625,8,10,pi_g25_d85_bernoulli_drop_0_25,reruns\grid_density\scenarios\cv\known_visit_grid25_targets10_trials50.csv,02,24,1,1,22,3,2,0,0,0,0.0,0,0,61,51,10,427,66,41,42.1986,1.0292341463414634,0.9426,1.5083,2.6828,27.6326,0.6739658536585366,0.6342,0.9519,1.7682,41,14.566,0.35526829268292687,0.3439,0.3914,0.5306,completed
47,known_visit,PI,bernoulli,drop_0.25,25,625,8,10,pi_g25_d85_bernoulli_drop_0_25,reruns\grid_density\scenarios\cv\known_visit_grid25_targets10_trials50.csv,03,23,1,0,24,0,1,0,0,0,0.0,0,0,55,48,7,426,72,44,45.4921,1.0339113636363637,0.9645,1.4425,2.614,30.0777,0.6835840909090909,0.6194,1.0334,1.822,42,15.4144,0.36700952380952384,0.35665,0.4319,0.6294,completed
47,known_visit,PI,bernoulli,drop_0.25,25,625,8,10,pi_g25_d85_bernoulli_drop_0_25,reruns\grid_density\scenarios\cv\known_visit_grid25_targets10_trials50.csv,04,18,0,0,19,0,4,0,0,0,0.0,0,0,52,39,13,441,60,58,62.5439,1.0783431034482758,1.0112999999999999,1.6668,2.4284,40.4543,0.6974879310344828,0.65355,1.224,1.6609,61,22.0896,0.36212459016393445,0.3643,0.3999,0.4313,completed
47,known_visit,PI,bernoulli,drop_0.25,25,625,8,10,pi_g25_d85_bernoulli_drop_0_25,reruns\grid_density\scenarios\cv\known_visit_grid25_targets10_trials50.csv,05,34,2,1,29,6,0,0,0,0,0.0,0,0,75,70,5,402,77,9,9.3558,1.0395333333333334,0.8707,2.3686,2.3686,7.8844,0.8760444444444445,0.8661,1.6266,1.6266,4,1.4714,0.36785,0.371,0.4136,0.4136,completed
47,known_visit,PI,bernoulli,drop_0.25,25,625,8,10,pi_g25_d85_bernoulli_drop_0_25,reruns\grid_density\scenarios\cv\known_visit_grid25_targets10_trials50.csv,06,33,0,1,28,6,1,0,0,0,0.0,0,0,76,67,9,397,81,10,12.3701,1.2370100000000002,0.90415,2.3937,2.3937,9.7048,0.97048,0.81225,1.6149,1.6149,7,2.6653,0.38075714285714285,0.376,0.413,0.413,completed
47,known_visit,PI,bernoulli,drop_0.25,25,625,8,10,pi_g25_d85_bernoulli_drop_0_25,reruns\grid_density\scenarios\cv\known_visit_grid25_targets10_trials50.csv,07,33,2,0,25,9,4,0,0,0,0.0,0,0,81,67,14,403,69,11,14.7486,1.340781818181818,1.1858,2.373,2.373,10.7604,0.9782181818181819,0.8391,1.6132,1.6132,11,3.9882,0.36256363636363637,0.3627,0.4599,0.4599,completed
48,known_visit,PI,bernoulli,drop_0.25,25,625,8,10,pi_g25_d85_bernoulli_drop_0_25,reruns\grid_density\scenarios\cv\known_visit_grid25_targets10_trials50.csv,00,37,1,0,34,4,1,0,0,0,0.0,0,0,88,75,13,461,80,9,14.0508,1.5612000000000001,1.6677,2.2594,2.2594,9.8303,1.0922555555555555,1.179,1.5493,1.5493,10,4.2205,0.42205000000000004,0.4118,0.4982,0.4982,completed
48,known_visit,PI,bernoulli,drop_0.25,25,625,8,10,pi_g25_d85_bernoulli_drop_0_25,reruns\grid_density\scenarios\cv\known_visit_grid25_targets10_trials50.csv,01,30,2,0,27,4,0,1,1,0,0.0,0,0,74,62,12,462,93,30,36.9438,1.23146,1.07145,2.3065,2.5277,24.2088,0.80696,0.68675,1.4994,1.5568,32,12.735,0.39796875,0.38805,0.4749,0.496,completed
48,known_visit,PI,bernoulli,drop_0.25,25,625,8,10,pi_g25_d85_bernoulli_drop_0_25,reruns\grid_density\scenarios\cv\known_visit_grid25_targets10_trials50.csv,02,37,1,1,26,12,1,0,0,0,0.0,0,0,82,75,7,459,88,8,14.2582,1.782275,1.7662,2.3824,2.3824,9.424,1.178,1.1505,1.4847,1.4847,12,4.8342,0.40285,0.4296,0.4751,0.4751,completed
48,known_visit,PI,bernoulli,drop_0.25,25,625,8,10,pi_g25_d85_bernoulli_drop_0_25,reruns\grid_density\scenarios\cv\known_visit_grid25_targets10_trials50.csv,03,37,2,1,36,2,1,0,0,0,0.0,0,0,92,75,17,466,72,10,13.4017,1.34017,1.5119,1.8357,1.8357,10.0411,1.00411,1.0329000000000002,1.2935,1.2935,9,3.3606,0.37339999999999995,0.3663,0.5158,0.5158,completed
48,known_visit,PI,bernoulli,drop_0.25,25,625,8,10,pi_g25_d85_bernoulli_drop_0_25,reruns\grid_density\scenarios\cv\known_visit_grid25_targets10_trials50.csv,04,35,0,2,22,14,0,0,0,0,0.0,0,0,84,72,12,467,78,16,24.9108,1.556925,1.4151,2.252,2.252,17.183699999999998,1.0739812499999999,0.9675,1.4796,1.4796,19,7.7271,0.40668947368421055,0.4096,0.4828,0.4828,completed
48,known_visit,PI,bernoulli,drop_0.25,25,625,8,10,pi_g25_d85_bernoulli_drop_0_25,reruns\grid_density\scenarios\cv\known_visit_grid25_targets10_trials50.csv,05,29,3,0,30,0,2,0,0,0,0.0,0,0,73,60,13,480,76,36,36.8517,1.0236583333333333,0.90065,2.1735,2.407,23.9793,0.6660916666666666,0.5501499999999999,1.4571,1.48,35,12.8724,0.3677828571428572,0.3592,0.4794,0.4809,completed
48,known_visit,PI,bernoulli,drop_0.25,25,625,8,10,pi_g25_d85_bernoulli_drop_0_25,reruns\grid_density\scenarios\cv\known_visit_grid25_targets10_trials50.csv,06,20,1,0,20,1,0,0,0,0,0.0,0,0,48,43,5,509,72,64,63.6933,0.9952078125,0.9492,1.2404,1.5819,41.0179,0.6409046875,0.60345,0.9087,1.0606,62,22.6754,0.36573225806451615,0.363,0.3986,0.4469,completed
48,known_visit,PI,bernoulli,drop_0.25,25,625,8,10,pi_g25_d85_bernoulli_drop_0_25,reruns\grid_density\scenarios\cv\known_visit_grid25_targets10_trials50.csv,07,37,0,1,36,2,3,5,2,1,5.0,1,0,89,76,13,462,78,9,14.6024,1.6224888888888889,1.4307,2.4867,2.4867,10.4809,1.1645444444444444,1.0114,1.6722,1.6722,10,4.1215,0.41215,0.41855,0.4681,0.4681,completed
49,known_visit,PI,bernoulli,drop_0.25,25,625,8,10,pi_g25_d85_bernoulli_drop_0_25,reruns\grid_density\scenarios\cv\known_visit_grid25_targets10_trials50.csv,00,28,2,1,19,10,0,0,0,0,0.0,0,0,66,58,8,434,75,26,38.1209,1.4661884615384615,1.4062999999999999,2.1357,2.7461,26.4615,1.01775,0.9753000000000001,1.423,1.84,27,11.6594,0.4318296296296296,0.4357,0.4627,0.4752,completed
49,known_visit,PI,bernoulli,drop_0.25,25,625,8,10,pi_g25_d85_bernoulli_drop_0_25,reruns\grid_density\scenarios\cv\known_visit_grid25_targets10_trials50.csv,01,34,3,0,31,4,2,0,0,0,0.0,0,0,78,69,9,415,82,7,11.4881,1.6411571428571428,1.631,2.6993,2.6993,8.4837,1.211957142857143,1.1738,1.8785,1.8785,7,3.0044,0.42919999999999997,0.4375,0.4822,0.4822,completed
49,known_visit,PI,bernoulli,drop_0.25,25,625,8,10,pi_g25_d85_bernoulli_drop_0_25,reruns\grid_density\scenarios\cv\known_visit_grid25_targets10_trials50.csv,02,24,1,1,23,2,0,0,0,0,0.0,0,0,57,50,7,450,67,39,42.7186,1.095348717948718,1.0218,1.8773,2.5414,28.1308,0.7213025641025641,0.6597,1.358,1.5687,40,14.5878,0.364695,0.35705,0.4422,0.4921,completed
49,known_visit,PI,bernoulli,drop_0.25,25,625,8,10,pi_g25_d85_bernoulli_drop_0_25,reruns\grid_density\scenarios\cv\known_visit_grid25_targets10_trials50.csv,03,32,2,0,33,0,1,0,0,0,0.0,0,0,77,66,11,432,65,13,15.9393,1.2261,0.9359,2.5584,2.5584,11.6859,0.8989153846153847,0.702,1.7424,1.7424,11,4.2534,0.3866727272727273,0.3617,0.4666,0.4666,completed
49,known_visit,PI,bernoulli,drop_0.25,25,625,8,10,pi_g25_d85_bernoulli_drop_0_25,reruns\grid_density\scenarios\cv\known_visit_grid25_targets10_trials50.csv,04,33,0,0,33,1,3,3,3,0,0.0,0,0,81,71,10,422,71,7,13.6999,1.9571285714285713,2.2607,2.7754,2.7754,9.3295,1.3327857142857142,1.3888,1.8333,1.8333,10,4.3704,0.43704,0.43595,0.4775,0.4775,completed
49,known_visit,PI,bernoulli,drop_0.25,25,625,8,10,pi_g25_d85_bernoulli_drop_0_25,reruns\grid_density\scenarios\cv\known_visit_grid25_targets10_trials50.csv,05,33,2,0,31,3,2,1,1,0,0.0,0,0,80,68,12,426,68,7,13.4366,1.9195142857142857,1.853,2.6771,2.6771,9.0908,1.2986857142857142,1.1653,1.7796,1.7796,10,4.3458,0.43457999999999997,0.4364,0.5264,0.5264,completed
49,known_visit,PI,bernoulli,drop_0.25,25,625,8,10,pi_g25_d85_bernoulli_drop_0_25,reruns\grid_density\scenarios\cv\known_visit_grid25_targets10_trials50.csv,06,33,0,0,23,11,2,0,0,0,0.0,0,0,77,67,10,428,70,9,14.8156,1.6461777777777777,1.857,2.9085,2.9085,10.1783,1.1309222222222222,1.0646,1.9835,1.9835,11,4.6373,0.42157272727272727,0.4307,0.4749,0.4749,completed
49,known_visit,PI,bernoulli,drop_0.25,25,625,8,10,pi_g25_d85_bernoulli_drop_0_25,reruns\grid_density\scenarios\cv\known_visit_grid25_targets10_trials50.csv,07,22,0,1,10,13,1,0,0,0,0.0,0,0,59,47,12,455,60,47,55.0912,1.1721531914893617,1.0198,2.3154,2.8277,35.95,0.7648936170212767,0.6594,1.376,1.9281,50,19.1412,0.38282400000000005,0.36005,0.4542,0.5001,completed
