trial_id,trial_mode,algorithm,comm_model,comm_level,grid_size,grid_cells,robot_count,target_count,condition_id,scenario_file,target_index,target_x,target_y,first_completion_time_s,first_completion_sim_time_s,first_found_by_robot,first_finder_robot_id,total_visits,duplicate_visits,completed,trial_status
0,known_visit,PI,bernoulli,drop_0.25,14,196,3,10,pi_g14_d85_bernoulli_drop_0_25,reruns\grid_density\scenarios\cv\known_visit_grid14_targets10_trials50.csv,1,1,3,5.86672630847618,5.86672630847618,00,00,1,0,True,completed
0,known_visit,PI,bernoulli,drop_0.25,14,196,3,10,pi_g14_d85_bernoulli_drop_0_25,reruns\grid_density\scenarios\cv\known_visit_grid14_targets10_trials50.csv,2,11,7,30.098689048174204,30.098689048174204,00,00,1,0,True,completed
0,known_visit,PI,bernoulli,drop_0.25,14,196,3,10,pi_g14_d85_bernoulli_drop_0_25,reruns\grid_density\scenarios\cv\known_visit_grid14_targets10_trials50.csv,3,6,7,14.941444411139948,14.941444411139948,01,01,1,0,True,completed
0,known_visit,PI,bernoulli,drop_0.25,14,196,3,10,pi_g14_d85_bernoulli_drop_0_25,reruns\grid_density\scenarios\cv\known_visit_grid14_targets10_trials50.csv,4,5,8,11.071745742846659,11.071745742846659,01,01,1,0,True,completed
0,known_visit,PI,bernoulli,drop_0.25,14,196,3,10,pi_g14_d85_bernoulli_drop_0_25,reruns\grid_density\scenarios\cv\known_visit_grid14_targets10_trials50.csv,5,6,3,14.744843715896726,14.744843715896726,00,00,2,1,True,completed
0,known_visit,PI,bernoulli,drop_0.25,14,196,3,10,pi_g14_d85_bernoulli_drop_0_25,reruns\grid_density\scenarios\cv\known_visit_grid14_targets10_trials50.csv,6,13,10,38.99002705018227,38.99002705018227,00,00,1,0,True,completed
0,known_visit,PI,bernoulli,drop_0.25,14,196,3,10,pi_g14_d85_bernoulli_drop_0_25,reruns\grid_density\scenarios\cv\known_visit_grid14_targets10_trials50.csv,7,0,8,2.1207310681010934,2.1207310681010934,01,01,1,0,True,completed
0,known_visit,PI,bernoulli,drop_0.25,14,196,3,10,pi_g14_d85_bernoulli_drop_0_25,reruns\grid_density\scenarios\cv\known_visit_grid14_targets10_trials50.csv,8,0,10,3.947087970431105,3.947087970431105,02,02,1,0,True,completed
0,known_visit,PI,bernoulli,drop_0.25,14,196,3,10,pi_g14_d85_bernoulli_drop_0_25,reruns\grid_density\scenarios\cv\known_visit_grid14_targets10_trials50.csv,9,4,3,11.328656029440232,11.328656029440232,00,00,2,1,True,completed
0,known_visit,PI,bernoulli,drop_0.25,14,196,3,10,pi_g14_d85_bernoulli_drop_0_25,reruns\grid_density\scenarios\cv\known_visit_grid14_targets10_trials50.csv,10,4,9,12.590982184431661,12.590982184431661,02,02,1,0,True,completed
1,known_visit,PI,bernoulli,drop_0.25,14,196,3,10,pi_g14_d85_bernoulli_drop_0_25,reruns\grid_density\scenarios\cv\known_visit_grid14_targets10_trials50.csv,1,10,8,24.48871814309616,24.48871814309616,02,02,1,0,True,completed
1,known_visit,PI,bernoulli,drop_0.25,14,196,3,10,pi_g14_d85_bernoulli_drop_0_25,reruns\grid_density\scenarios\cv\known_visit_grid14_targets10_trials50.csv,2,3,9,10.530668555617844,10.530668555617844,02,02,1,0,True,completed
1,known_visit,PI,bernoulli,drop_0.25,14,196,3,10,pi_g14_d85_bernoulli_drop_0_25,reruns\grid_density\scenarios\cv\known_visit_grid14_targets10_trials50.csv,3,6,2,12.72878901221563,12.72878901221563,00,00,1,0,True,completed
1,known_visit,PI,bernoulli,drop_0.25,14,196,3,10,pi_g14_d85_bernoulli_drop_0_25,reruns\grid_density\scenarios\cv\known_visit_grid14_targets10_trials50.csv,4,13,10,33.269347907393765,33.269347907393765,02,02,1,0,True,completed
1,known_visit,PI,bernoulli,drop_0.25,14,196,3,10,pi_g14_d85_bernoulli_drop_0_25,reruns\grid_density\scenarios\cv\known_visit_grid14_targets10_trials50.csv,5,10,2,20.197660976333854,20.197660976333854,00,00,2,1,True,completed
1,known_visit,PI,bernoulli,drop_0.25,14,196,3,10,pi_g14_d85_bernoulli_drop_0_25,reruns\grid_density\scenarios\cv\known_visit_grid14_targets10_trials50.csv,6,11,2,21.817486795779022,21.817486795779022,00,00,1,0,True,completed
1,known_visit,PI,bernoulli,drop_0.25,14,196,3,10,pi_g14_d85_bernoulli_drop_0_25,reruns\grid_density\scenarios\cv\known_visit_grid14_targets10_trials50.csv,7,1,5,2.1686078289041717,2.1686078289041717,01,01,1,0,True,completed
1,known_visit,PI,bernoulli,drop_0.25,14,196,3,10,pi_g14_d85_bernoulli_drop_0_25,reruns\grid_density\scenarios\cv\known_visit_grid14_targets10_trials50.csv,8,11,3,23.214453576536997,23.214453576536997,01,01,1,0,True,completed
1,known_visit,PI,bernoulli,drop_0.25,14,196,3,10,pi_g14_d85_bernoulli_drop_0_25,reruns\grid_density\scenarios\cv\known_visit_grid14_targets10_trials50.csv,9,8,3,17.84565789929599,17.84565789929599,01,01,1,0,True,completed
1,known_visit,PI,bernoulli,drop_0.25,14,196,3,10,pi_g14_d85_bernoulli_drop_0_25,reruns\grid_density\scenarios\cv\known_visit_grid14_targets10_trials50.csv,10,3,4,7.525326456665212,7.525326456665212,01,01,1,0,True,completed
2,known_visit,PI,bernoulli,drop_0.25,14,196,3,10,pi_g14_d85_bernoulli_drop_0_25,reruns\grid_density\scenarios\cv\known_visit_grid14_targets10_trials50.csv,1,9,5,35.531500633026575,35.531500633026575,00,00,1,0,True,completed
2,known_visit,PI,bernoulli,drop_0.25,14,196,3,10,pi_g14_d85_bernoulli_drop_0_25,reruns\grid_density\scenarios\cv\known_visit_grid14_targets10_trials50.csv,2,1,6,0.23567041897009305,0.23567041897009305,01,01,1,0,True,completed
2,known_visit,PI,bernoulli,drop_0.25,14,196,3,10,pi_g14_d85_bernoulli_drop_0_25,reruns\grid_density\scenarios\cv\known_visit_grid14_targets10_trials50.csv,3,3,2,7.823370926277223,7.823370926277223,00,00,1,0,True,completed
2,known_visit,PI,bernoulli,drop_0.25,14,196,3,10,pi_g14_d85_bernoulli_drop_0_25,reruns\grid_density\scenarios\cv\known_visit_grid14_targets10_trials50.csv,4,12,7,39.62988172543012,39.62988172543012,01,01,1,0,True,completed
2,known_visit,PI,bernoulli,drop_0.25,14,196,3,10,pi_g14_d85_bernoulli_drop_0_25,reruns\grid_density\scenarios\cv\known_visit_grid14_targets10_trials50.csv,5,9,13,28.9031449299535,28.9031449299535,02,02,1,0,True,completed
2,known_visit,PI,bernoulli,drop_0.25,14,196,3,10,pi_g14_d85_bernoulli_drop_0_25,reruns\grid_density\scenarios\cv\known_visit_grid14_targets10_trials50.csv,6,9,10,23.490662305368666,23.490662305368666,02,02,2,1,True,completed
2,known_visit,PI,bernoulli,drop_0.25,14,196,3,10,pi_g14_d85_bernoulli_drop_0_25,reruns\grid_density\scenarios\cv\known_visit_grid14_targets10_trials50.csv,7,4,1,62.24691517654317,62.24691517654317,02,02,1,0,True,completed
2,known_visit,PI,bernoulli,drop_0.25,14,196,3,10,pi_g14_d85_bernoulli_drop_0_25,reruns\grid_density\scenarios\cv\known_visit_grid14_targets10_trials50.csv,8,2,13,1.8541143058950083,1.8541143058950083,02,02,1,0,True,completed
2,known_visit,PI,bernoulli,drop_0.25,14,196,3,10,pi_g14_d85_bernoulli_drop_0_25,reruns\grid_density\scenarios\cv\known_visit_grid14_targets10_trials50.csv,9,2,2,5.886789106443063,5.886789106443063,00,00,1,0,True,completed
2,known_visit,PI,bernoulli,drop_0.25,14,196,3,10,pi_g14_d85_bernoulli_drop_0_25,reruns\grid_density\scenarios\cv\known_visit_grid14_targets10_trials50.csv,10,1,11,7.622032116736451,7.622032116736451,02,02,1,0,True,completed
3,known_visit,PI,bernoulli,drop_0.25,14,196,3,10,pi_g14_d85_bernoulli_drop_0_25,reruns\grid_density\scenarios\cv\known_visit_grid14_targets10_trials50.csv,1,0,12,0.4064540397242129,0.4064540397242129,02,02,2,1,True,completed
3,known_visit,PI,bernoulli,drop_0.25,14,196,3,10,pi_g14_d85_bernoulli_drop_0_25,reruns\grid_density\scenarios\cv\known_visit_grid14_targets10_trials50.csv,2,7,11,14.184710379984113,14.184710379984113,02,02,1,0,True,completed
3,known_visit,PI,bernoulli,drop_0.25,14,196,3,10,pi_g14_d85_bernoulli_drop_0_25,reruns\grid_density\scenarios\cv\known_visit_grid14_targets10_trials50.csv,3,9,6,27.099894210920453,27.099894210920453,02,02,1,0,True,completed
3,known_visit,PI,bernoulli,drop_0.25,14,196,3,10,pi_g14_d85_bernoulli_drop_0_25,reruns\grid_density\scenarios\cv\known_visit_grid14_targets10_trials50.csv,4,12,13,42.81549040066922,42.81549040066922,01,01,1,0,True,completed
3,known_visit,PI,bernoulli,drop_0.25,14,196,3,10,pi_g14_d85_bernoulli_drop_0_25,reruns\grid_density\scenarios\cv\known_visit_grid14_targets10_trials50.csv,5,1,5,2.1990204446757455,2.1990204446757455,01,01,2,1,True,completed
3,known_visit,PI,bernoulli,drop_0.25,14,196,3,10,pi_g14_d85_bernoulli_drop_0_25,reruns\grid_density\scenarios\cv\known_visit_grid14_targets10_trials50.csv,6,8,8,21.27254361108581,21.27254361108581,02,02,1,0,True,completed
3,known_visit,PI,bernoulli,drop_0.25,14,196,3,10,pi_g14_d85_bernoulli_drop_0_25,reruns\grid_density\scenarios\cv\known_visit_grid14_targets10_trials50.csv,7,12,6,32.50486856862575,32.50486856862575,02,02,1,0,True,completed
3,known_visit,PI,bernoulli,drop_0.25,14,196,3,10,pi_g14_d85_bernoulli_drop_0_25,reruns\grid_density\scenarios\cv\known_visit_grid14_targets10_trials50.csv,8,5,2,21.40981733108084,21.40981733108084,00,00,1,0,True,completed
3,known_visit,PI,bernoulli,drop_0.25,14,196,3,10,pi_g14_d85_bernoulli_drop_0_25,reruns\grid_density\scenarios\cv\known_visit_grid14_targets10_trials50.csv,9,13,11,43.394231336809774,43.394231336809774,02,02,1,0,True,completed
3,known_visit,PI,bernoulli,drop_0.25,14,196,3,10,pi_g14_d85_bernoulli_drop_0_25,reruns\grid_density\scenarios\cv\known_visit_grid14_targets10_trials50.csv,10,9,8,23.328289171088535,23.328289171088535,02,02,2,1,True,completed
4,known_visit,PI,bernoulli,drop_0.25,14,196,3,10,pi_g14_d85_bernoulli_drop_0_25,reruns\grid_density\scenarios\cv\known_visit_grid14_targets10_trials50.csv,1,6,0,20.550215426296585,20.550215426296585,00,00,1,0,True,completed
4,known_visit,PI,bernoulli,drop_0.25,14,196,3,10,pi_g14_d85_bernoulli_drop_0_25,reruns\grid_density\scenarios\cv\known_visit_grid14_targets10_trials50.csv,2,12,4,36.00987909958049,36.00987909958049,02,02,1,0,True,completed
4,known_visit,PI,bernoulli,drop_0.25,14,196,3,10,pi_g14_d85_bernoulli_drop_0_25,reruns\grid_density\scenarios\cv\known_visit_grid14_targets10_trials50.csv,3,0,10,3.836491200894397,3.836491200894397,02,02,2,1,True,completed
4,known_visit,PI,bernoulli,drop_0.25,14,196,3,10,pi_g14_d85_bernoulli_drop_0_25,reruns\grid_density\scenarios\cv\known_visit_grid14_targets10_trials50.csv,4,6,10,14.24837660720753,14.24837660720753,02,02,2,1,True,completed
4,known_visit,PI,bernoulli,drop_0.25,14,196,3,10,pi_g14_d85_bernoulli_drop_0_25,reruns\grid_density\scenarios\cv\known_visit_grid14_targets10_trials50.csv,5,10,8,25.6962235060642,25.6962235060642,02,02,1,0,True,completed
4,known_visit,PI,bernoulli,drop_0.25,14,196,3,10,pi_g14_d85_bernoulli_drop_0_25,reruns\grid_density\scenarios\cv\known_visit_grid14_targets10_trials50.csv,6,7,2,26.427833550661372,26.427833550661372,00,00,1,0,True,completed
4,known_visit,PI,bernoulli,drop_0.25,14,196,3,10,pi_g14_d85_bernoulli_drop_0_25,reruns\grid_density\scenarios\cv\known_visit_grid14_targets10_trials50.csv,7,3,0,3.6724657814813315,3.6724657814813315,00,00,1,0,True,completed
4,known_visit,PI,bernoulli,drop_0.25,14,196,3,10,pi_g14_d85_bernoulli_drop_0_25,reruns\grid_density\scenarios\cv\known_visit_grid14_targets10_trials50.csv,8,2,1,7.639772331817326,7.639772331817326,00,00,1,0,True,completed
4,known_visit,PI,bernoulli,drop_0.25,14,196,3,10,pi_g14_d85_bernoulli_drop_0_25,reruns\grid_density\scenarios\cv\known_visit_grid14_targets10_trials50.csv,9,6,9,16.34588248831761,16.34588248831761,02,02,2,1,True,completed
4,known_visit,PI,bernoulli,drop_0.25,14,196,3,10,pi_g14_d85_bernoulli_drop_0_25,reruns\grid_density\scenarios\cv\known_visit_grid14_targets10_trials50.csv,10,3,5,5.762227669879017,5.762227669879017,01,01,1,0,True,completed
5,known_visit,PI,bernoulli,drop_0.25,14,196,3,10,pi_g14_d85_bernoulli_drop_0_25,reruns\grid_density\scenarios\cv\known_visit_grid14_targets10_trials50.csv,1,6,3,29.152892988900508,29.152892988900508,01,01,1,0,True,completed
5,known_visit,PI,bernoulli,drop_0.25,14,196,3,10,pi_g14_d85_bernoulli_drop_0_25,reruns\grid_density\scenarios\cv\known_visit_grid14_targets10_trials50.csv,2,11,2,28.977455867831836,28.977455867831836,00,00,1,0,True,completed
5,known_visit,PI,bernoulli,drop_0.25,14,196,3,10,pi_g14_d85_bernoulli_drop_0_25,reruns\grid_density\scenarios\cv\known_visit_grid14_targets10_trials50.csv,3,4,7,20.08817403315506,20.08817403315506,02,02,1,0,True,completed
5,known_visit,PI,bernoulli,drop_0.25,14,196,3,10,pi_g14_d85_bernoulli_drop_0_25,reruns\grid_density\scenarios\cv\known_visit_grid14_targets10_trials50.csv,4,0,7,0.49104297198387103,0.49104297198387103,01,01,1,0,True,completed
5,known_visit,PI,bernoulli,drop_0.25,14,196,3,10,pi_g14_d85_bernoulli_drop_0_25,reruns\grid_density\scenarios\cv\known_visit_grid14_targets10_trials50.csv,5,8,0,12.134733767402679,12.134733767402679,00,00,1,0,True,completed
5,known_visit,PI,bernoulli,drop_0.25,14,196,3,10,pi_g14_d85_bernoulli_drop_0_25,reruns\grid_density\scenarios\cv\known_visit_grid14_targets10_trials50.csv,6,1,0,0.1677779418608698,0.1677779418608698,00,00,2,1,True,completed
5,known_visit,PI,bernoulli,drop_0.25,14,196,3,10,pi_g14_d85_bernoulli_drop_0_25,reruns\grid_density\scenarios\cv\known_visit_grid14_targets10_trials50.csv,7,5,12,9.21816728138227,9.21816728138227,02,02,1,0,True,completed
5,known_visit,PI,bernoulli,drop_0.25,14,196,3,10,pi_g14_d85_bernoulli_drop_0_25,reruns\grid_density\scenarios\cv\known_visit_grid14_targets10_trials50.csv,8,10,9,47.02345247762754,47.02345247762754,00,00,1,0,True,completed
5,known_visit,PI,bernoulli,drop_0.25,14,196,3,10,pi_g14_d85_bernoulli_drop_0_25,reruns\grid_density\scenarios\cv\known_visit_grid14_targets10_trials50.csv,9,7,2,17.89130713996434,17.89130713996434,00,00,2,1,True,completed
5,known_visit,PI,bernoulli,drop_0.25,14,196,3,10,pi_g14_d85_bernoulli_drop_0_25,reruns\grid_density\scenarios\cv\known_visit_grid14_targets10_trials50.csv,10,12,5,36.55674364195634,36.55674364195634,00,00,1,0,True,completed
6,known_visit,PI,bernoulli,drop_0.25,14,196,3,10,pi_g14_d85_bernoulli_drop_0_25,reruns\grid_density\scenarios\cv\known_visit_grid14_targets10_trials50.csv,1,8,9,23.853370013857408,23.853370013857408,02,02,1,0,True,completed
6,known_visit,PI,bernoulli,drop_0.25,14,196,3,10,pi_g14_d85_bernoulli_drop_0_25,reruns\grid_density\scenarios\cv\known_visit_grid14_targets10_trials50.csv,2,2,9,9.222493752052845,9.222493752052845,02,02,1,0,True,completed
6,known_visit,PI,bernoulli,drop_0.25,14,196,3,10,pi_g14_d85_bernoulli_drop_0_25,reruns\grid_density\scenarios\cv\known_visit_grid14_targets10_trials50.csv,3,1,9,7.178519624506599,7.178519624506599,02,02,1,0,True,completed
6,known_visit,PI,bernoulli,drop_0.25,14,196,3,10,pi_g14_d85_bernoulli_drop_0_25,reruns\grid_density\scenarios\cv\known_visit_grid14_targets10_trials50.csv,4,5,3,16.989490540576725,16.989490540576725,01,01,1,0,True,completed
6,known_visit,PI,bernoulli,drop_0.25,14,196,3,10,pi_g14_d85_bernoulli_drop_0_25,reruns\grid_density\scenarios\cv\known_visit_grid14_targets10_trials50.csv,5,2,10,11.21604805913412,11.21604805913412,02,02,1,0,True,completed
6,known_visit,PI,bernoulli,drop_0.25,14,196,3,10,pi_g14_d85_bernoulli_drop_0_25,reruns\grid_density\scenarios\cv\known_visit_grid14_targets10_trials50.csv,6,1,0,0.15664484698199438,0.15664484698199438,00,00,1,0,True,completed
6,known_visit,PI,bernoulli,drop_0.25,14,196,3,10,pi_g14_d85_bernoulli_drop_0_25,reruns\grid_density\scenarios\cv\known_visit_grid14_targets10_trials50.csv,7,2,0,1.9344038257739775,1.9344038257739775,00,00,1,0,True,completed
6,known_visit,PI,bernoulli,drop_0.25,14,196,3,10,pi_g14_d85_bernoulli_drop_0_25,reruns\grid_density\scenarios\cv\known_visit_grid14_targets10_trials50.csv,8,1,11,3.7511241539300113,3.7511241539300113,02,02,1,0,True,completed
6,known_visit,PI,bernoulli,drop_0.25,14,196,3,10,pi_g14_d85_bernoulli_drop_0_25,reruns\grid_density\scenarios\cv\known_visit_grid14_targets10_trials50.csv,9,0,5,0.4460319996940063,0.4460319996940063,01,01,2,1,True,completed
6,known_visit,PI,bernoulli,drop_0.25,14,196,3,10,pi_g14_d85_bernoulli_drop_0_25,reruns\grid_density\scenarios\cv\known_visit_grid14_targets10_trials50.csv,10,4,6,9.692024803822656,9.692024803822656,01,01,1,0,True,completed
7,known_visit,PI,bernoulli,drop_0.25,14,196,3,10,pi_g14_d85_bernoulli_drop_0_25,reruns\grid_density\scenarios\cv\known_visit_grid14_targets10_trials50.csv,1,4,0,5.300911007878102,5.300911007878102,00,00,1,0,True,completed
7,known_visit,PI,bernoulli,drop_0.25,14,196,3,10,pi_g14_d85_bernoulli_drop_0_25,reruns\grid_density\scenarios\cv\known_visit_grid14_targets10_trials50.csv,2,2,13,2.0213356191368783,2.0213356191368783,02,02,1,0,True,completed
7,known_visit,PI,bernoulli,drop_0.25,14,196,3,10,pi_g14_d85_bernoulli_drop_0_25,reruns\grid_density\scenarios\cv\known_visit_grid14_targets10_trials50.csv,3,8,0,12.329078584928485,12.329078584928485,00,00,1,0,True,completed
7,known_visit,PI,bernoulli,drop_0.25,14,196,3,10,pi_g14_d85_bernoulli_drop_0_25,reruns\grid_density\scenarios\cv\known_visit_grid14_targets10_trials50.csv,4,6,13,23.96901926922214,23.96901926922214,02,02,2,1,True,completed
7,known_visit,PI,bernoulli,drop_0.25,14,196,3,10,pi_g14_d85_bernoulli_drop_0_25,reruns\grid_density\scenarios\cv\known_visit_grid14_targets10_trials50.csv,5,4,6,5.522061124994051,5.522061124994051,01,01,2,1,True,completed
7,known_visit,PI,bernoulli,drop_0.25,14,196,3,10,pi_g14_d85_bernoulli_drop_0_25,reruns\grid_density\scenarios\cv\known_visit_grid14_targets10_trials50.csv,6,9,12,35.40042339585211,35.40042339585211,02,02,1,0,True,completed
7,known_visit,PI,bernoulli,drop_0.25,14,196,3,10,pi_g14_d85_bernoulli_drop_0_25,reruns\grid_density\scenarios\cv\known_visit_grid14_targets10_trials50.csv,7,3,0,3.530834172766005,3.530834172766005,00,00,1,0,True,completed
7,known_visit,PI,bernoulli,drop_0.25,14,196,3,10,pi_g14_d85_bernoulli_drop_0_25,reruns\grid_density\scenarios\cv\known_visit_grid14_targets10_trials50.csv,8,6,12,22.320808339240813,22.320808339240813,02,02,2,1,True,completed
7,known_visit,PI,bernoulli,drop_0.25,14,196,3,10,pi_g14_d85_bernoulli_drop_0_25,reruns\grid_density\scenarios\cv\known_visit_grid14_targets10_trials50.csv,9,1,11,7.865600796973962,7.865600796973962,02,02,1,0,True,completed
7,known_visit,PI,bernoulli,drop_0.25,14,196,3,10,pi_g14_d85_bernoulli_drop_0_25,reruns\grid_density\scenarios\cv\known_visit_grid14_targets10_trials50.csv,10,7,9,16.134388714159115,16.134388714159115,01,01,1,0,True,completed
8,known_visit,PI,bernoulli,drop_0.25,14,196,3,10,pi_g14_d85_bernoulli_drop_0_25,reruns\grid_density\scenarios\cv\known_visit_grid14_targets10_trials50.csv,1,11,5,23.49306325142183,23.49306325142183,01,01,1,0,True,completed
8,known_visit,PI,bernoulli,drop_0.25,14,196,3,10,pi_g14_d85_bernoulli_drop_0_25,reruns\grid_density\scenarios\cv\known_visit_grid14_targets10_trials50.csv,2,1,6,0.10703869894111717,0.10703869894111717,01,01,1,0,True,completed
8,known_visit,PI,bernoulli,drop_0.25,14,196,3,10,pi_g14_d85_bernoulli_drop_0_25,reruns\grid_density\scenarios\cv\known_visit_grid14_targets10_trials50.csv,3,5,7,9.46254168904276,9.46254168904276,01,01,1,0,True,completed
8,known_visit,PI,bernoulli,drop_0.25,14,196,3,10,pi_g14_d85_bernoulli_drop_0_25,reruns\grid_density\scenarios\cv\known_visit_grid14_targets10_trials50.csv,4,13,5,27.271696326366815,27.271696326366815,01,01,1,0,True,completed
8,known_visit,PI,bernoulli,drop_0.25,14,196,3,10,pi_g14_d85_bernoulli_drop_0_25,reruns\grid_density\scenarios\cv\known_visit_grid14_targets10_trials50.csv,5,4,2,9.081776010433552,9.081776010433552,00,00,1,0,True,completed
8,known_visit,PI,bernoulli,drop_0.25,14,196,3,10,pi_g14_d85_bernoulli_drop_0_25,reruns\grid_density\scenarios\cv\known_visit_grid14_targets10_trials50.csv,6,11,0,25.371866020814196,25.371866020814196,00,00,1,0,True,completed
8,known_visit,PI,bernoulli,drop_0.25,14,196,3,10,pi_g14_d85_bernoulli_drop_0_25,reruns\grid_density\scenarios\cv\known_visit_grid14_targets10_trials50.csv,7,1,7,2.178071076941147,2.178071076941147,01,01,1,0,True,completed
8,known_visit,PI,bernoulli,drop_0.25,14,196,3,10,pi_g14_d85_bernoulli_drop_0_25,reruns\grid_density\scenarios\cv\known_visit_grid14_targets10_trials50.csv,8,8,13,12.151683463110437,12.151683463110437,02,02,1,0,True,completed
8,known_visit,PI,bernoulli,drop_0.25,14,196,3,10,pi_g14_d85_bernoulli_drop_0_25,reruns\grid_density\scenarios\cv\known_visit_grid14_targets10_trials50.csv,9,7,1,16.512083868435646,16.512083868435646,00,00,1,0,True,completed
8,known_visit,PI,bernoulli,drop_0.25,14,196,3,10,pi_g14_d85_bernoulli_drop_0_25,reruns\grid_density\scenarios\cv\known_visit_grid14_targets10_trials50.csv,10,12,13,19.15701674901453,19.15701674901453,02,02,1,0,True,completed
9,known_visit,PI,bernoulli,drop_0.25,14,196,3,10,pi_g14_d85_bernoulli_drop_0_25,reruns\grid_density\scenarios\cv\known_visit_grid14_targets10_trials50.csv,1,10,8,24.39068050662478,24.39068050662478,02,02,1,0,True,completed
9,known_visit,PI,bernoulli,drop_0.25,14,196,3,10,pi_g14_d85_bernoulli_drop_0_25,reruns\grid_density\scenarios\cv\known_visit_grid14_targets10_trials50.csv,2,8,13,12.224953437559995,12.224953437559995,02,02,2,1,True,completed
9,known_visit,PI,bernoulli,drop_0.25,14,196,3,10,pi_g14_d85_bernoulli_drop_0_25,reruns\grid_density\scenarios\cv\known_visit_grid14_targets10_trials50.csv,3,2,13,1.8069633150891473,1.8069633150891473,02,02,1,0,True,completed
9,known_visit,PI,bernoulli,drop_0.25,14,196,3,10,pi_g14_d85_bernoulli_drop_0_25,reruns\grid_density\scenarios\cv\known_visit_grid14_targets10_trials50.csv,4,10,6,37.301009327139084,37.301009327139084,02,02,1,0,True,completed
9,known_visit,PI,bernoulli,drop_0.25,14,196,3,10,pi_g14_d85_bernoulli_drop_0_25,reruns\grid_density\scenarios\cv\known_visit_grid14_targets10_trials50.csv,5,13,4,28.621941593420274,28.621941593420274,00,00,1,0,True,completed
9,known_visit,PI,bernoulli,drop_0.25,14,196,3,10,pi_g14_d85_bernoulli_drop_0_25,reruns\grid_density\scenarios\cv\known_visit_grid14_targets10_trials50.csv,6,13,7,33.74722801865979,33.74722801865979,00,00,1,0,True,completed
9,known_visit,PI,bernoulli,drop_0.25,14,196,3,10,pi_g14_d85_bernoulli_drop_0_25,reruns\grid_density\scenarios\cv\known_visit_grid14_targets10_trials50.csv,7,6,7,10.501648769881557,10.501648769881557,01,01,1,0,True,completed
9,known_visit,PI,bernoulli,drop_0.25,14,196,3,10,pi_g14_d85_bernoulli_drop_0_25,reruns\grid_density\scenarios\cv\known_visit_grid14_targets10_trials50.csv,8,9,2,18.234126953641955,18.234126953641955,00,00,1,0,True,completed
9,known_visit,PI,bernoulli,drop_0.25,14,196,3,10,pi_g14_d85_bernoulli_drop_0_25,reruns\grid_density\scenarios\cv\known_visit_grid14_targets10_trials50.csv,9,6,2,12.721988930677593,12.721988930677593,00,00,1,0,True,completed
9,known_visit,PI,bernoulli,drop_0.25,14,196,3,10,pi_g14_d85_bernoulli_drop_0_25,reruns\grid_density\scenarios\cv\known_visit_grid14_targets10_trials50.csv,10,7,9,15.650865654432847,15.650865654432847,01,01,1,0,True,completed
10,known_visit,PI,bernoulli,drop_0.25,14,196,3,10,pi_g14_d85_bernoulli_drop_0_25,reruns\grid_density\scenarios\cv\known_visit_grid14_targets10_trials50.csv,1,2,4,12.46009018492288,12.46009018492288,00,00,1,0,True,completed
10,known_visit,PI,bernoulli,drop_0.25,14,196,3,10,pi_g14_d85_bernoulli_drop_0_25,reruns\grid_density\scenarios\cv\known_visit_grid14_targets10_trials50.csv,2,12,12,33.97087571975107,33.97087571975107,01,01,1,0,True,completed
10,known_visit,PI,bernoulli,drop_0.25,14,196,3,10,pi_g14_d85_bernoulli_drop_0_25,reruns\grid_density\scenarios\cv\known_visit_grid14_targets10_trials50.csv,3,11,9,35.570366768334054,35.570366768334054,02,02,1,0,True,completed
10,known_visit,PI,bernoulli,drop_0.25,14,196,3,10,pi_g14_d85_bernoulli_drop_0_25,reruns\grid_density\scenarios\cv\known_visit_grid14_targets10_trials50.csv,4,7,13,23.530343137513096,23.530343137513096,01,01,1,0,True,completed
10,known_visit,PI,bernoulli,drop_0.25,14,196,3,10,pi_g14_d85_bernoulli_drop_0_25,reruns\grid_density\scenarios\cv\known_visit_grid14_targets10_trials50.csv,5,9,8,31.780069728799095,31.780069728799095,00,00,1,0,True,completed
10,known_visit,PI,bernoulli,drop_0.25,14,196,3,10,pi_g14_d85_bernoulli_drop_0_25,reruns\grid_density\scenarios\cv\known_visit_grid14_targets10_trials50.csv,6,4,10,10.93980031399846,10.93980031399846,02,02,1,0,True,completed
10,known_visit,PI,bernoulli,drop_0.25,14,196,3,10,pi_g14_d85_bernoulli_drop_0_25,reruns\grid_density\scenarios\cv\known_visit_grid14_targets10_trials50.csv,7,2,8,18.079864033646757,18.079864033646757,02,02,1,0,True,completed
10,known_visit,PI,bernoulli,drop_0.25,14,196,3,10,pi_g14_d85_bernoulli_drop_0_25,reruns\grid_density\scenarios\cv\known_visit_grid14_targets10_trials50.csv,8,3,2,7.17601627919268,7.17601627919268,00,00,1,0,True,completed
10,known_visit,PI,bernoulli,drop_0.25,14,196,3,10,pi_g14_d85_bernoulli_drop_0_25,reruns\grid_density\scenarios\cv\known_visit_grid14_targets10_trials50.csv,9,12,9,38.24260253724879,38.24260253724879,02,02,1,0,True,completed
10,known_visit,PI,bernoulli,drop_0.25,14,196,3,10,pi_g14_d85_bernoulli_drop_0_25,reruns\grid_density\scenarios\cv\known_visit_grid14_targets10_trials50.csv,10,5,6,7.334074793141372,7.334074793141372,01,01,1,0,True,completed
11,known_visit,PI,bernoulli,drop_0.25,14,196,3,10,pi_g14_d85_bernoulli_drop_0_25,reruns\grid_density\scenarios\cv\known_visit_grid14_targets10_trials50.csv,1,5,6,7.143538259294002,7.143538259294002,01,01,1,0,True,completed
11,known_visit,PI,bernoulli,drop_0.25,14,196,3,10,pi_g14_d85_bernoulli_drop_0_25,reruns\grid_density\scenarios\cv\known_visit_grid14_targets10_trials50.csv,2,11,1,26.310596665066043,26.310596665066043,01,01,1,0,True,completed
11,known_visit,PI,bernoulli,drop_0.25,14,196,3,10,pi_g14_d85_bernoulli_drop_0_25,reruns\grid_density\scenarios\cv\known_visit_grid14_targets10_trials50.csv,3,7,4,14.012251429617814,14.012251429617814,01,01,1,0,True,completed
11,known_visit,PI,bernoulli,drop_0.25,14,196,3,10,pi_g14_d85_bernoulli_drop_0_25,reruns\grid_density\scenarios\cv\known_visit_grid14_targets10_trials50.csv,4,7,5,12.403727195638462,12.403727195638462,01,01,2,1,True,completed
11,known_visit,PI,bernoulli,drop_0.25,14,196,3,10,pi_g14_d85_bernoulli_drop_0_25,reruns\grid_density\scenarios\cv\known_visit_grid14_targets10_trials50.csv,5,2,4,9.028389637536197,9.028389637536197,00,00,1,0,True,completed
11,known_visit,PI,bernoulli,drop_0.25,14,196,3,10,pi_g14_d85_bernoulli_drop_0_25,reruns\grid_density\scenarios\cv\known_visit_grid14_targets10_trials50.csv,6,13,2,31.672122233373464,31.672122233373464,01,01,1,0,True,completed
11,known_visit,PI,bernoulli,drop_0.25,14,196,3,10,pi_g14_d85_bernoulli_drop_0_25,reruns\grid_density\scenarios\cv\known_visit_grid14_targets10_trials50.csv,7,12,13,30.218259198582853,30.218259198582853,02,02,1,0,True,completed
11,known_visit,PI,bernoulli,drop_0.25,14,196,3,10,pi_g14_d85_bernoulli_drop_0_25,reruns\grid_density\scenarios\cv\known_visit_grid14_targets10_trials50.csv,8,5,11,10.972584621386813,10.972584621386813,02,02,1,0,True,completed
11,known_visit,PI,bernoulli,drop_0.25,14,196,3,10,pi_g14_d85_bernoulli_drop_0_25,reruns\grid_density\scenarios\cv\known_visit_grid14_targets10_trials50.csv,9,10,10,21.32776158400803,21.32776158400803,02,02,1,0,True,completed
11,known_visit,PI,bernoulli,drop_0.25,14,196,3,10,pi_g14_d85_bernoulli_drop_0_25,reruns\grid_density\scenarios\cv\known_visit_grid14_targets10_trials50.csv,10,4,5,14.384657402384287,14.384657402384287,00,00,1,0,True,completed
12,known_visit,PI,bernoulli,drop_0.25,14,196,3,10,pi_g14_d85_bernoulli_drop_0_25,reruns\grid_density\scenarios\cv\known_visit_grid14_targets10_trials50.csv,1,11,0,25.06192124150305,25.06192124150305,00,00,1,0,True,completed
12,known_visit,PI,bernoulli,drop_0.25,14,196,3,10,pi_g14_d85_bernoulli_drop_0_25,reruns\grid_density\scenarios\cv\known_visit_grid14_targets10_trials50.csv,2,6,2,12.409690111076186,12.409690111076186,00,00,1,0,True,completed
12,known_visit,PI,bernoulli,drop_0.25,14,196,3,10,pi_g14_d85_bernoulli_drop_0_25,reruns\grid_density\scenarios\cv\known_visit_grid14_targets10_trials50.csv,3,6,7,15.175603263619719,15.175603263619719,01,01,1,0,True,completed
12,known_visit,PI,bernoulli,drop_0.25,14,196,3,10,pi_g14_d85_bernoulli_drop_0_25,reruns\grid_density\scenarios\cv\known_visit_grid14_targets10_trials50.csv,4,9,9,21.368972771892494,21.368972771892494,02,02,2,1,True,completed
12,known_visit,PI,bernoulli,drop_0.25,14,196,3,10,pi_g14_d85_bernoulli_drop_0_25,reruns\grid_density\scenarios\cv\known_visit_grid14_targets10_trials50.csv,5,10,7,22.24958922503187,22.24958922503187,01,01,1,0,True,completed
12,known_visit,PI,bernoulli,drop_0.25,14,196,3,10,pi_g14_d85_bernoulli_drop_0_25,reruns\grid_density\scenarios\cv\known_visit_grid14_targets10_trials50.csv,6,1,7,2.1879776822960344,2.1879776822960344,01,01,1,0,True,completed
12,known_visit,PI,bernoulli,drop_0.25,14,196,3,10,pi_g14_d85_bernoulli_drop_0_25,reruns\grid_density\scenarios\cv\known_visit_grid14_targets10_trials50.csv,7,12,4,33.98858041717014,33.98858041717014,00,00,1,0,True,completed
12,known_visit,PI,bernoulli,drop_0.25,14,196,3,10,pi_g14_d85_bernoulli_drop_0_25,reruns\grid_density\scenarios\cv\known_visit_grid14_targets10_trials50.csv,8,6,9,16.235858406734785,16.235858406734785,02,02,2,1,True,completed
12,known_visit,PI,bernoulli,drop_0.25,14,196,3,10,pi_g14_d85_bernoulli_drop_0_25,reruns\grid_density\scenarios\cv\known_visit_grid14_targets10_trials50.csv,9,1,12,2.1151345620961526,2.1151345620961526,02,02,1,0,True,completed
12,known_visit,PI,bernoulli,drop_0.25,14,196,3,10,pi_g14_d85_bernoulli_drop_0_25,reruns\grid_density\scenarios\cv\known_visit_grid14_targets10_trials50.csv,10,4,6,9.453664790121369,9.453664790121369,01,01,1,0,True,completed
13,known_visit,PI,bernoulli,drop_0.25,14,196,3,10,pi_g14_d85_bernoulli_drop_0_25,reruns\grid_density\scenarios\cv\known_visit_grid14_targets10_trials50.csv,1,5,13,7.109864511888848,7.109864511888848,02,02,1,0,True,completed
13,known_visit,PI,bernoulli,drop_0.25,14,196,3,10,pi_g14_d85_bernoulli_drop_0_25,reruns\grid_density\scenarios\cv\known_visit_grid14_targets10_trials50.csv,2,11,13,24.866075328442196,24.866075328442196,02,02,1,0,True,completed
13,known_visit,PI,bernoulli,drop_0.25,14,196,3,10,pi_g14_d85_bernoulli_drop_0_25,reruns\grid_density\scenarios\cv\known_visit_grid14_targets10_trials50.csv,3,13,13,28.64752869932952,28.64752869932952,02,02,1,0,True,completed
13,known_visit,PI,bernoulli,drop_0.25,14,196,3,10,pi_g14_d85_bernoulli_drop_0_25,reruns\grid_density\scenarios\cv\known_visit_grid14_targets10_trials50.csv,4,8,10,29.574116795229155,29.574116795229155,00,00,1,0,True,completed
13,known_visit,PI,bernoulli,drop_0.25,14,196,3,10,pi_g14_d85_bernoulli_drop_0_25,reruns\grid_density\scenarios\cv\known_visit_grid14_targets10_trials50.csv,5,2,7,7.560481300448855,7.560481300448855,01,01,1,0,True,completed
13,known_visit,PI,bernoulli,drop_0.25,14,196,3,10,pi_g14_d85_bernoulli_drop_0_25,reruns\grid_density\scenarios\cv\known_visit_grid14_targets10_trials50.csv,6,6,3,14.112908818188245,14.112908818188245,00,00,2,1,True,completed
13,known_visit,PI,bernoulli,drop_0.25,14,196,3,10,pi_g14_d85_bernoulli_drop_0_25,reruns\grid_density\scenarios\cv\known_visit_grid14_targets10_trials50.csv,7,12,3,36.38969174157039,36.38969174157039,01,01,1,0,True,completed
13,known_visit,PI,bernoulli,drop_0.25,14,196,3,10,pi_g14_d85_bernoulli_drop_0_25,reruns\grid_density\scenarios\cv\known_visit_grid14_targets10_trials50.csv,8,5,3,12.059156919553198,12.059156919553198,00,00,2,1,True,completed
13,known_visit,PI,bernoulli,drop_0.25,14,196,3,10,pi_g14_d85_bernoulli_drop_0_25,reruns\grid_density\scenarios\cv\known_visit_grid14_targets10_trials50.csv,9,8,11,15.771895152994041,15.771895152994041,02,02,1,0,True,completed
13,known_visit,PI,bernoulli,drop_0.25,14,196,3,10,pi_g14_d85_bernoulli_drop_0_25,reruns\grid_density\scenarios\cv\known_visit_grid14_targets10_trials50.csv,10,3,6,3.57967621598715,3.57967621598715,01,01,1,0,True,completed
14,known_visit,PI,bernoulli,drop_0.25,14,196,3,10,pi_g14_d85_bernoulli_drop_0_25,reruns\grid_density\scenarios\cv\known_visit_grid14_targets10_trials50.csv,1,9,0,28.86391195480446,28.86391195480446,00,00,2,1,True,completed
14,known_visit,PI,bernoulli,drop_0.25,14,196,3,10,pi_g14_d85_bernoulli_drop_0_25,reruns\grid_density\scenarios\cv\known_visit_grid14_targets10_trials50.csv,2,8,8,23.26892061915466,23.26892061915466,01,01,2,1,True,completed
14,known_visit,PI,bernoulli,drop_0.25,14,196,3,10,pi_g14_d85_bernoulli_drop_0_25,reruns\grid_density\scenarios\cv\known_visit_grid14_targets10_trials50.csv,3,0,11,2.3430089935510314,2.3430089935510314,02,02,1,0,True,completed
14,known_visit,PI,bernoulli,drop_0.25,14,196,3,10,pi_g14_d85_bernoulli_drop_0_25,reruns\grid_density\scenarios\cv\known_visit_grid14_targets10_trials50.csv,4,1,3,9.32175829559772,9.32175829559772,00,00,1,0,True,completed
14,known_visit,PI,bernoulli,drop_0.25,14,196,3,10,pi_g14_d85_bernoulli_drop_0_25,reruns\grid_density\scenarios\cv\known_visit_grid14_targets10_trials50.csv,5,2,2,5.628454822584086,5.628454822584086,00,00,1,0,True,completed
14,known_visit,PI,bernoulli,drop_0.25,14,196,3,10,pi_g14_d85_bernoulli_drop_0_25,reruns\grid_density\scenarios\cv\known_visit_grid14_targets10_trials50.csv,6,7,10,53.8456279360855,53.8456279360855,00,00,1,0,True,completed
14,known_visit,PI,bernoulli,drop_0.25,14,196,3,10,pi_g14_d85_bernoulli_drop_0_25,reruns\grid_density\scenarios\cv\known_visit_grid14_targets10_trials50.csv,7,7,13,59.25142575815344,59.25142575815344,00,00,1,0,True,completed
14,known_visit,PI,bernoulli,drop_0.25,14,196,3,10,pi_g14_d85_bernoulli_drop_0_25,reruns\grid_density\scenarios\cv\known_visit_grid14_targets10_trials50.csv,8,3,4,7.802827589154675,7.802827589154675,01,01,1,0,True,completed
14,known_visit,PI,bernoulli,drop_0.25,14,196,3,10,pi_g14_d85_bernoulli_drop_0_25,reruns\grid_density\scenarios\cv\known_visit_grid14_targets10_trials50.csv,9,0,5,0.4621630135772552,0.4621630135772552,01,01,2,1,True,completed
14,known_visit,PI,bernoulli,drop_0.25,14,196,3,10,pi_g14_d85_bernoulli_drop_0_25,reruns\grid_density\scenarios\cv\known_visit_grid14_targets10_trials50.csv,10,9,1,26.915888632910963,26.915888632910963,00,00,2,1,True,completed
15,known_visit,PI,bernoulli,drop_0.25,14,196,3,10,pi_g14_d85_bernoulli_drop_0_25,reruns\grid_density\scenarios\cv\known_visit_grid14_targets10_trials50.csv,1,5,0,7.051550185210656,7.051550185210656,00,00,1,0,True,completed
15,known_visit,PI,bernoulli,drop_0.25,14,196,3,10,pi_g14_d85_bernoulli_drop_0_25,reruns\grid_density\scenarios\cv\known_visit_grid14_targets10_trials50.csv,2,2,10,7.01412155131196,7.01412155131196,02,02,1,0,True,completed
15,known_visit,PI,bernoulli,drop_0.25,14,196,3,10,pi_g14_d85_bernoulli_drop_0_25,reruns\grid_density\scenarios\cv\known_visit_grid14_targets10_trials50.csv,3,7,8,19.35120062945523,19.35120062945523,02,02,1,0,True,completed
15,known_visit,PI,bernoulli,drop_0.25,14,196,3,10,pi_g14_d85_bernoulli_drop_0_25,reruns\grid_density\scenarios\cv\known_visit_grid14_targets10_trials50.csv,4,9,1,20.742684692216198,20.742684692216198,00,00,1,0,True,completed
15,known_visit,PI,bernoulli,drop_0.25,14,196,3,10,pi_g14_d85_bernoulli_drop_0_25,reruns\grid_density\scenarios\cv\known_visit_grid14_targets10_trials50.csv,5,12,1,25.96252110381716,25.96252110381716,00,00,2,1,True,completed
15,known_visit,PI,bernoulli,drop_0.25,14,196,3,10,pi_g14_d85_bernoulli_drop_0_25,reruns\grid_density\scenarios\cv\known_visit_grid14_targets10_trials50.csv,6,12,0,29.994321799949784,29.994321799949784,01,01,1,0,True,completed
15,known_visit,PI,bernoulli,drop_0.25,14,196,3,10,pi_g14_d85_bernoulli_drop_0_25,reruns\grid_density\scenarios\cv\known_visit_grid14_targets10_trials50.csv,7,9,6,48.425583024731594,48.425583024731594,02,02,1,0,True,completed
15,known_visit,PI,bernoulli,drop_0.25,14,196,3,10,pi_g14_d85_bernoulli_drop_0_25,reruns\grid_density\scenarios\cv\known_visit_grid14_targets10_trials50.csv,8,4,2,12.357039290007897,12.357039290007897,01,01,2,1,True,completed
15,known_visit,PI,bernoulli,drop_0.25,14,196,3,10,pi_g14_d85_bernoulli_drop_0_25,reruns\grid_density\scenarios\cv\known_visit_grid14_targets10_trials50.csv,9,11,10,33.691051450553076,33.691051450553076,02,02,1,0,True,completed
15,known_visit,PI,bernoulli,drop_0.25,14,196,3,10,pi_g14_d85_bernoulli_drop_0_25,reruns\grid_density\scenarios\cv\known_visit_grid14_targets10_trials50.csv,10,10,7,26.422713688464537,26.422713688464537,02,02,1,0,True,completed
16,known_visit,PI,bernoulli,drop_0.25,14,196,3,10,pi_g14_d85_bernoulli_drop_0_25,reruns\grid_density\scenarios\cv\known_visit_grid14_targets10_trials50.csv,1,7,12,25.49435133933342,25.49435133933342,01,01,1,0,True,completed
16,known_visit,PI,bernoulli,drop_0.25,14,196,3,10,pi_g14_d85_bernoulli_drop_0_25,reruns\grid_density\scenarios\cv\known_visit_grid14_targets10_trials50.csv,2,0,12,0.5355391992192681,0.5355391992192681,02,02,1,0,True,completed
16,known_visit,PI,bernoulli,drop_0.25,14,196,3,10,pi_g14_d85_bernoulli_drop_0_25,reruns\grid_density\scenarios\cv\known_visit_grid14_targets10_trials50.csv,3,9,0,13.820140877917796,13.820140877917796,00,00,1,0,True,completed
16,known_visit,PI,bernoulli,drop_0.25,14,196,3,10,pi_g14_d85_bernoulli_drop_0_25,reruns\grid_density\scenarios\cv\known_visit_grid14_targets10_trials50.csv,4,9,1,15.888614511429713,15.888614511429713,00,00,1,0,True,completed
16,known_visit,PI,bernoulli,drop_0.25,14,196,3,10,pi_g14_d85_bernoulli_drop_0_25,reruns\grid_density\scenarios\cv\known_visit_grid14_targets10_trials50.csv,5,11,10,35.28649238261526,35.28649238261526,02,02,1,0,True,completed
16,known_visit,PI,bernoulli,drop_0.25,14,196,3,10,pi_g14_d85_bernoulli_drop_0_25,reruns\grid_density\scenarios\cv\known_visit_grid14_targets10_trials50.csv,6,12,3,28.64600597668871,28.64600597668871,00,00,1,0,True,completed
16,known_visit,PI,bernoulli,drop_0.25,14,196,3,10,pi_g14_d85_bernoulli_drop_0_25,reruns\grid_density\scenarios\cv\known_visit_grid14_targets10_trials50.csv,7,4,9,10.960037144261202,10.960037144261202,01,01,2,1,True,completed
16,known_visit,PI,bernoulli,drop_0.25,14,196,3,10,pi_g14_d85_bernoulli_drop_0_25,reruns\grid_density\scenarios\cv\known_visit_grid14_targets10_trials50.csv,8,9,4,21.124112023508516,21.124112023508516,00,00,1,0,True,completed
16,known_visit,PI,bernoulli,drop_0.25,14,196,3,10,pi_g14_d85_bernoulli_drop_0_25,reruns\grid_density\scenarios\cv\known_visit_grid14_targets10_trials50.csv,9,5,13,19.866088760824734,19.866088760824734,01,01,1,0,True,completed
16,known_visit,PI,bernoulli,drop_0.25,14,196,3,10,pi_g14_d85_bernoulli_drop_0_25,reruns\grid_density\scenarios\cv\known_visit_grid14_targets10_trials50.csv,10,7,7,23.012709023115704,23.012709023115704,02,02,1,0,True,completed
17,known_visit,PI,bernoulli,drop_0.25,14,196,3,10,pi_g14_d85_bernoulli_drop_0_25,reruns\grid_density\scenarios\cv\known_visit_grid14_targets10_trials50.csv,1,6,9,15.997394512451956,15.997394512451956,02,02,1,0,True,completed
17,known_visit,PI,bernoulli,drop_0.25,14,196,3,10,pi_g14_d85_bernoulli_drop_0_25,reruns\grid_density\scenarios\cv\known_visit_grid14_targets10_trials50.csv,2,0,5,0.5312683978412347,0.5312683978412347,01,01,1,0,True,completed
17,known_visit,PI,bernoulli,drop_0.25,14,196,3,10,pi_g14_d85_bernoulli_drop_0_25,reruns\grid_density\scenarios\cv\known_visit_grid14_targets10_trials50.csv,3,4,4,9.433867942988174,9.433867942988174,01,01,1,0,True,completed
17,known_visit,PI,bernoulli,drop_0.25,14,196,3,10,pi_g14_d85_bernoulli_drop_0_25,reruns\grid_density\scenarios\cv\known_visit_grid14_targets10_trials50.csv,4,9,9,21.38881441896893,21.38881441896893,02,02,1,0,True,completed
17,known_visit,PI,bernoulli,drop_0.25,14,196,3,10,pi_g14_d85_bernoulli_drop_0_25,reruns\grid_density\scenarios\cv\known_visit_grid14_targets10_trials50.csv,5,12,11,30.75795919626723,30.75795919626723,02,02,1,0,True,completed
17,known_visit,PI,bernoulli,drop_0.25,14,196,3,10,pi_g14_d85_bernoulli_drop_0_25,reruns\grid_density\scenarios\cv\known_visit_grid14_targets10_trials50.csv,6,4,0,9.462982132466578,9.462982132466578,00,00,1,0,True,completed
17,known_visit,PI,bernoulli,drop_0.25,14,196,3,10,pi_g14_d85_bernoulli_drop_0_25,reruns\grid_density\scenarios\cv\known_visit_grid14_targets10_trials50.csv,7,2,1,3.881348850157654,3.881348850157654,00,00,1,0,True,completed
17,known_visit,PI,bernoulli,drop_0.25,14,196,3,10,pi_g14_d85_bernoulli_drop_0_25,reruns\grid_density\scenarios\cv\known_visit_grid14_targets10_trials50.csv,8,10,11,26.993376354680414,26.993376354680414,02,02,1,0,True,completed
17,known_visit,PI,bernoulli,drop_0.25,14,196,3,10,pi_g14_d85_bernoulli_drop_0_25,reruns\grid_density\scenarios\cv\known_visit_grid14_targets10_trials50.csv,9,12,8,29.98536381579205,29.98536381579205,01,01,1,0,True,completed
17,known_visit,PI,bernoulli,drop_0.25,14,196,3,10,pi_g14_d85_bernoulli_drop_0_25,reruns\grid_density\scenarios\cv\known_visit_grid14_targets10_trials50.csv,10,13,8,32.081265376560324,32.081265376560324,01,01,1,0,True,completed
18,known_visit,PI,bernoulli,drop_0.25,14,196,3,10,pi_g14_d85_bernoulli_drop_0_25,reruns\grid_density\scenarios\cv\known_visit_grid14_targets10_trials50.csv,1,2,4,9.016563863988535,9.016563863988535,00,00,1,0,True,completed
18,known_visit,PI,bernoulli,drop_0.25,14,196,3,10,pi_g14_d85_bernoulli_drop_0_25,reruns\grid_density\scenarios\cv\known_visit_grid14_targets10_trials50.csv,2,6,13,20.285850815658296,20.285850815658296,02,02,1,0,True,completed
18,known_visit,PI,bernoulli,drop_0.25,14,196,3,10,pi_g14_d85_bernoulli_drop_0_25,reruns\grid_density\scenarios\cv\known_visit_grid14_targets10_trials50.csv,3,10,11,29.99710098122975,29.99710098122975,01,01,1,0,True,completed
18,known_visit,PI,bernoulli,drop_0.25,14,196,3,10,pi_g14_d85_bernoulli_drop_0_25,reruns\grid_density\scenarios\cv\known_visit_grid14_targets10_trials50.csv,4,2,3,7.36451603132782,7.36451603132782,00,00,1,0,True,completed
18,known_visit,PI,bernoulli,drop_0.25,14,196,3,10,pi_g14_d85_bernoulli_drop_0_25,reruns\grid_density\scenarios\cv\known_visit_grid14_targets10_trials50.csv,5,3,10,9.667322793018085,9.667322793018085,02,02,1,0,True,completed
18,known_visit,PI,bernoulli,drop_0.25,14,196,3,10,pi_g14_d85_bernoulli_drop_0_25,reruns\grid_density\scenarios\cv\known_visit_grid14_targets10_trials50.csv,6,0,12,0.40864043783768744,0.40864043783768744,02,02,1,0,True,completed
18,known_visit,PI,bernoulli,drop_0.25,14,196,3,10,pi_g14_d85_bernoulli_drop_0_25,reruns\grid_density\scenarios\cv\known_visit_grid14_targets10_trials50.csv,7,10,5,24.669821273755776,24.669821273755776,00,00,1,0,True,completed
18,known_visit,PI,bernoulli,drop_0.25,14,196,3,10,pi_g14_d85_bernoulli_drop_0_25,reruns\grid_density\scenarios\cv\known_visit_grid14_targets10_trials50.csv,8,2,9,7.050065664258692,7.050065664258692,01,01,1,0,True,completed
18,known_visit,PI,bernoulli,drop_0.25,14,196,3,10,pi_g14_d85_bernoulli_drop_0_25,reruns\grid_density\scenarios\cv\known_visit_grid14_targets10_trials50.csv,9,8,0,37.097775832725134,37.097775832725134,00,00,1,0,True,completed
18,known_visit,PI,bernoulli,drop_0.25,14,196,3,10,pi_g14_d85_bernoulli_drop_0_25,reruns\grid_density\scenarios\cv\known_visit_grid14_targets10_trials50.csv,10,8,13,23.9515110231472,23.9515110231472,02,02,1,0,True,completed
19,known_visit,PI,bernoulli,drop_0.25,14,196,3,10,pi_g14_d85_bernoulli_drop_0_25,reruns\grid_density\scenarios\cv\known_visit_grid14_targets10_trials50.csv,1,12,11,38.59748961020919,38.59748961020919,00,00,1,0,True,completed
19,known_visit,PI,bernoulli,drop_0.25,14,196,3,10,pi_g14_d85_bernoulli_drop_0_25,reruns\grid_density\scenarios\cv\known_visit_grid14_targets10_trials50.csv,2,9,2,17.658826551791446,17.658826551791446,00,00,1,0,True,completed
19,known_visit,PI,bernoulli,drop_0.25,14,196,3,10,pi_g14_d85_bernoulli_drop_0_25,reruns\grid_density\scenarios\cv\known_visit_grid14_targets10_trials50.csv,3,8,8,20.034308680686735,20.034308680686735,01,01,2,1,True,completed
19,known_visit,PI,bernoulli,drop_0.25,14,196,3,10,pi_g14_d85_bernoulli_drop_0_25,reruns\grid_density\scenarios\cv\known_visit_grid14_targets10_trials50.csv,4,4,9,11.137262348809411,11.137262348809411,01,01,2,1,True,completed
19,known_visit,PI,bernoulli,drop_0.25,14,196,3,10,pi_g14_d85_bernoulli_drop_0_25,reruns\grid_density\scenarios\cv\known_visit_grid14_targets10_trials50.csv,5,2,8,5.656571384362258,5.656571384362258,01,01,2,1,True,completed
19,known_visit,PI,bernoulli,drop_0.25,14,196,3,10,pi_g14_d85_bernoulli_drop_0_25,reruns\grid_density\scenarios\cv\known_visit_grid14_targets10_trials50.csv,6,12,10,36.60985227363055,36.60985227363055,00,00,1,0,True,completed
19,known_visit,PI,bernoulli,drop_0.25,14,196,3,10,pi_g14_d85_bernoulli_drop_0_25,reruns\grid_density\scenarios\cv\known_visit_grid14_targets10_trials50.csv,7,10,10,32.98674460660351,32.98674460660351,00,00,1,0,True,completed
19,known_visit,PI,bernoulli,drop_0.25,14,196,3,10,pi_g14_d85_bernoulli_drop_0_25,reruns\grid_density\scenarios\cv\known_visit_grid14_targets10_trials50.csv,8,0,2,2.1522098745642473,2.1522098745642473,00,00,1,0,True,completed
19,known_visit,PI,bernoulli,drop_0.25,14,196,3,10,pi_g14_d85_bernoulli_drop_0_25,reruns\grid_density\scenarios\cv\known_visit_grid14_targets10_trials50.csv,9,7,12,33.240481618433925,33.240481618433925,01,01,1,0,True,completed
19,known_visit,PI,bernoulli,drop_0.25,14,196,3,10,pi_g14_d85_bernoulli_drop_0_25,reruns\grid_density\scenarios\cv\known_visit_grid14_targets10_trials50.csv,10,2,10,7.394230116763115,7.394230116763115,02,02,1,0,True,completed
20,known_visit,PI,bernoulli,drop_0.25,14,196,3,10,pi_g14_d85_bernoulli_drop_0_25,reruns\grid_density\scenarios\cv\known_visit_grid14_targets10_trials50.csv,1,6,13,8.619936961602892,8.619936961602892,02,02,1,0,True,completed
20,known_visit,PI,bernoulli,drop_0.25,14,196,3,10,pi_g14_d85_bernoulli_drop_0_25,reruns\grid_density\scenarios\cv\known_visit_grid14_targets10_trials50.csv,2,7,2,18.29559335972502,18.29559335972502,00,00,1,0,True,completed
20,known_visit,PI,bernoulli,drop_0.25,14,196,3,10,pi_g14_d85_bernoulli_drop_0_25,reruns\grid_density\scenarios\cv\known_visit_grid14_targets10_trials50.csv,3,1,5,2.172461546271137,2.172461546271137,01,01,1,0,True,completed
20,known_visit,PI,bernoulli,drop_0.25,14,196,3,10,pi_g14_d85_bernoulli_drop_0_25,reruns\grid_density\scenarios\cv\known_visit_grid14_targets10_trials50.csv,4,10,1,25.45724760173543,25.45724760173543,00,00,1,0,True,completed
20,known_visit,PI,bernoulli,drop_0.25,14,196,3,10,pi_g14_d85_bernoulli_drop_0_25,reruns\grid_density\scenarios\cv\known_visit_grid14_targets10_trials50.csv,5,13,1,30.589175235545852,30.589175235545852,00,00,1,0,True,completed
20,known_visit,PI,bernoulli,drop_0.25,14,196,3,10,pi_g14_d85_bernoulli_drop_0_25,reruns\grid_density\scenarios\cv\known_visit_grid14_targets10_trials50.csv,6,0,3,3.8300732378020874,3.8300732378020874,00,00,1,0,True,completed
20,known_visit,PI,bernoulli,drop_0.25,14,196,3,10,pi_g14_d85_bernoulli_drop_0_25,reruns\grid_density\scenarios\cv\known_visit_grid14_targets10_trials50.csv,7,13,12,30.557463135745486,30.557463135745486,02,02,1,0,True,completed
20,known_visit,PI,bernoulli,drop_0.25,14,196,3,10,pi_g14_d85_bernoulli_drop_0_25,reruns\grid_density\scenarios\cv\known_visit_grid14_targets10_trials50.csv,8,6,11,12.395301787459267,12.395301787459267,02,02,2,1,True,completed
20,known_visit,PI,bernoulli,drop_0.25,14,196,3,10,pi_g14_d85_bernoulli_drop_0_25,reruns\grid_density\scenarios\cv\known_visit_grid14_targets10_trials50.csv,9,11,13,24.81259966511769,24.81259966511769,02,02,1,0,True,completed
20,known_visit,PI,bernoulli,drop_0.25,14,196,3,10,pi_g14_d85_bernoulli_drop_0_25,reruns\grid_density\scenarios\cv\known_visit_grid14_targets10_trials50.csv,10,7,5,12.58061451504321,12.58061451504321,01,01,1,0,True,completed
21,known_visit,PI,bernoulli,drop_0.25,14,196,3,10,pi_g14_d85_bernoulli_drop_0_25,reruns\grid_density\scenarios\cv\known_visit_grid14_targets10_trials50.csv,1,11,13,40.12383619011733,40.12383619011733,00,00,1,0,True,completed
21,known_visit,PI,bernoulli,drop_0.25,14,196,3,10,pi_g14_d85_bernoulli_drop_0_25,reruns\grid_density\scenarios\cv\known_visit_grid14_targets10_trials50.csv,2,11,4,24.451062367546452,24.451062367546452,00,00,2,1,True,completed
21,known_visit,PI,bernoulli,drop_0.25,14,196,3,10,pi_g14_d85_bernoulli_drop_0_25,reruns\grid_density\scenarios\cv\known_visit_grid14_targets10_trials50.csv,3,10,4,22.765515749225838,22.765515749225838,00,00,2,1,True,completed
21,known_visit,PI,bernoulli,drop_0.25,14,196,3,10,pi_g14_d85_bernoulli_drop_0_25,reruns\grid_density\scenarios\cv\known_visit_grid14_targets10_trials50.csv,4,3,13,3.5429809003538524,3.5429809003538524,02,02,2,1,True,completed
21,known_visit,PI,bernoulli,drop_0.25,14,196,3,10,pi_g14_d85_bernoulli_drop_0_25,reruns\grid_density\scenarios\cv\known_visit_grid14_targets10_trials50.csv,5,3,4,10.691778527346116,10.691778527346116,00,00,1,0,True,completed
21,known_visit,PI,bernoulli,drop_0.25,14,196,3,10,pi_g14_d85_bernoulli_drop_0_25,reruns\grid_density\scenarios\cv\known_visit_grid14_targets10_trials50.csv,6,1,8,4.015190432331001,4.015190432331001,01,01,1,0,True,completed
21,known_visit,PI,bernoulli,drop_0.25,14,196,3,10,pi_g14_d85_bernoulli_drop_0_25,reruns\grid_density\scenarios\cv\known_visit_grid14_targets10_trials50.csv,7,6,6,21.90413570114913,21.90413570114913,02,02,1,0,True,completed
21,known_visit,PI,bernoulli,drop_0.25,14,196,3,10,pi_g14_d85_bernoulli_drop_0_25,reruns\grid_density\scenarios\cv\known_visit_grid14_targets10_trials50.csv,8,4,13,5.1983643651888745,5.1983643651888745,02,02,2,1,True,completed
21,known_visit,PI,bernoulli,drop_0.25,14,196,3,10,pi_g14_d85_bernoulli_drop_0_25,reruns\grid_density\scenarios\cv\known_visit_grid14_targets10_trials50.csv,9,4,6,13.217850510583034,13.217850510583034,01,01,2,1,True,completed
21,known_visit,PI,bernoulli,drop_0.25,14,196,3,10,pi_g14_d85_bernoulli_drop_0_25,reruns\grid_density\scenarios\cv\known_visit_grid14_targets10_trials50.csv,10,4,7,11.418657700117448,11.418657700117448,01,01,2,1,True,completed
22,known_visit,PI,bernoulli,drop_0.25,14,196,3,10,pi_g14_d85_bernoulli_drop_0_25,reruns\grid_density\scenarios\cv\known_visit_grid14_targets10_trials50.csv,1,9,3,18.920036824992014,18.920036824992014,00,00,1,0,True,completed
22,known_visit,PI,bernoulli,drop_0.25,14,196,3,10,pi_g14_d85_bernoulli_drop_0_25,reruns\grid_density\scenarios\cv\known_visit_grid14_targets10_trials50.csv,2,6,13,8.711365414179177,8.711365414179177,02,02,2,1,True,completed
22,known_visit,PI,bernoulli,drop_0.25,14,196,3,10,pi_g14_d85_bernoulli_drop_0_25,reruns\grid_density\scenarios\cv\known_visit_grid14_targets10_trials50.csv,3,6,9,14.1238203426995,14.1238203426995,01,01,1,0,True,completed
22,known_visit,PI,bernoulli,drop_0.25,14,196,3,10,pi_g14_d85_bernoulli_drop_0_25,reruns\grid_density\scenarios\cv\known_visit_grid14_targets10_trials50.csv,4,7,1,33.10182001360566,33.10182001360566,00,00,1,0,True,completed
22,known_visit,PI,bernoulli,drop_0.25,14,196,3,10,pi_g14_d85_bernoulli_drop_0_25,reruns\grid_density\scenarios\cv\known_visit_grid14_targets10_trials50.csv,5,9,10,20.994256803605644,20.994256803605644,01,01,1,0,True,completed
22,known_visit,PI,bernoulli,drop_0.25,14,196,3,10,pi_g14_d85_bernoulli_drop_0_25,reruns\grid_density\scenarios\cv\known_visit_grid14_targets10_trials50.csv,6,7,13,10.50399741710818,10.50399741710818,02,02,2,1,True,completed
22,known_visit,PI,bernoulli,drop_0.25,14,196,3,10,pi_g14_d85_bernoulli_drop_0_25,reruns\grid_density\scenarios\cv\known_visit_grid14_targets10_trials50.csv,7,11,3,22.348718245226475,22.348718245226475,00,00,1,0,True,completed
22,known_visit,PI,bernoulli,drop_0.25,14,196,3,10,pi_g14_d85_bernoulli_drop_0_25,reruns\grid_density\scenarios\cv\known_visit_grid14_targets10_trials50.csv,8,13,12,22.518358708307062,22.518358708307062,02,02,1,0,True,completed
22,known_visit,PI,bernoulli,drop_0.25,14,196,3,10,pi_g14_d85_bernoulli_drop_0_25,reruns\grid_density\scenarios\cv\known_visit_grid14_targets10_trials50.csv,9,8,3,17.123747116792956,17.123747116792956,00,00,1,0,True,completed
22,known_visit,PI,bernoulli,drop_0.25,14,196,3,10,pi_g14_d85_bernoulli_drop_0_25,reruns\grid_density\scenarios\cv\known_visit_grid14_targets10_trials50.csv,10,1,3,5.389523072691734,5.389523072691734,00,00,1,0,True,completed
23,known_visit,PI,bernoulli,drop_0.25,14,196,3,10,pi_g14_d85_bernoulli_drop_0_25,reruns\grid_density\scenarios\cv\known_visit_grid14_targets10_trials50.csv,1,1,12,2.2867189906122887,2.2867189906122887,02,02,1,0,True,completed
23,known_visit,PI,bernoulli,drop_0.25,14,196,3,10,pi_g14_d85_bernoulli_drop_0_25,reruns\grid_density\scenarios\cv\known_visit_grid14_targets10_trials50.csv,2,12,4,44.93090171856673,44.93090171856673,00,00,1,0,True,completed
23,known_visit,PI,bernoulli,drop_0.25,14,196,3,10,pi_g14_d85_bernoulli_drop_0_25,reruns\grid_density\scenarios\cv\known_visit_grid14_targets10_trials50.csv,3,13,3,48.71077350813748,48.71077350813748,00,00,1,0,True,completed
23,known_visit,PI,bernoulli,drop_0.25,14,196,3,10,pi_g14_d85_bernoulli_drop_0_25,reruns\grid_density\scenarios\cv\known_visit_grid14_targets10_trials50.csv,4,7,10,16.59095162450849,16.59095162450849,02,02,1,0,True,completed
23,known_visit,PI,bernoulli,drop_0.25,14,196,3,10,pi_g14_d85_bernoulli_drop_0_25,reruns\grid_density\scenarios\cv\known_visit_grid14_targets10_trials50.csv,5,11,8,28.13800407875368,28.13800407875368,01,01,1,0,True,completed
23,known_visit,PI,bernoulli,drop_0.25,14,196,3,10,pi_g14_d85_bernoulli_drop_0_25,reruns\grid_density\scenarios\cv\known_visit_grid14_targets10_trials50.csv,6,10,5,24.88543417375266,24.88543417375266,00,00,2,1,True,completed
23,known_visit,PI,bernoulli,drop_0.25,14,196,3,10,pi_g14_d85_bernoulli_drop_0_25,reruns\grid_density\scenarios\cv\known_visit_grid14_targets10_trials50.csv,7,5,12,9.536187325167893,9.536187325167893,02,02,1,0,True,completed
23,known_visit,PI,bernoulli,drop_0.25,14,196,3,10,pi_g14_d85_bernoulli_drop_0_25,reruns\grid_density\scenarios\cv\known_visit_grid14_targets10_trials50.csv,8,8,6,19.260684673743235,19.260684673743235,01,01,2,1,True,completed
23,known_visit,PI,bernoulli,drop_0.25,14,196,3,10,pi_g14_d85_bernoulli_drop_0_25,reruns\grid_density\scenarios\cv\known_visit_grid14_targets10_trials50.csv,9,1,4,3.8417718234886,3.8417718234886,01,01,1,0,True,completed
23,known_visit,PI,bernoulli,drop_0.25,14,196,3,10,pi_g14_d85_bernoulli_drop_0_25,reruns\grid_density\scenarios\cv\known_visit_grid14_targets10_trials50.csv,10,10,9,23.705030830840766,23.705030830840766,02,02,1,0,True,completed
24,known_visit,PI,bernoulli,drop_0.25,14,196,3,10,pi_g14_d85_bernoulli_drop_0_25,reruns\grid_density\scenarios\cv\known_visit_grid14_targets10_trials50.csv,1,12,9,41.62936474691644,41.62936474691644,01,01,1,0,True,completed
24,known_visit,PI,bernoulli,drop_0.25,14,196,3,10,pi_g14_d85_bernoulli_drop_0_25,reruns\grid_density\scenarios\cv\known_visit_grid14_targets10_trials50.csv,2,8,2,16.416103729356987,16.416103729356987,00,00,1,0,True,completed
24,known_visit,PI,bernoulli,drop_0.25,14,196,3,10,pi_g14_d85_bernoulli_drop_0_25,reruns\grid_density\scenarios\cv\known_visit_grid14_targets10_trials50.csv,3,6,8,27.563402641465355,27.563402641465355,01,01,1,0,True,completed
24,known_visit,PI,bernoulli,drop_0.25,14,196,3,10,pi_g14_d85_bernoulli_drop_0_25,reruns\grid_density\scenarios\cv\known_visit_grid14_targets10_trials50.csv,4,2,3,7.477414904786529,7.477414904786529,01,01,1,0,True,completed
24,known_visit,PI,bernoulli,drop_0.25,14,196,3,10,pi_g14_d85_bernoulli_drop_0_25,reruns\grid_density\scenarios\cv\known_visit_grid14_targets10_trials50.csv,5,5,13,11.448704368168393,11.448704368168393,02,02,1,0,True,completed
24,known_visit,PI,bernoulli,drop_0.25,14,196,3,10,pi_g14_d85_bernoulli_drop_0_25,reruns\grid_density\scenarios\cv\known_visit_grid14_targets10_trials50.csv,6,4,1,7.625500701137504,7.625500701137504,00,00,1,0,True,completed
24,known_visit,PI,bernoulli,drop_0.25,14,196,3,10,pi_g14_d85_bernoulli_drop_0_25,reruns\grid_density\scenarios\cv\known_visit_grid14_targets10_trials50.csv,7,9,13,18.434111737192186,18.434111737192186,02,02,1,0,True,completed
24,known_visit,PI,bernoulli,drop_0.25,14,196,3,10,pi_g14_d85_bernoulli_drop_0_25,reruns\grid_density\scenarios\cv\known_visit_grid14_targets10_trials50.csv,8,2,12,4.041831349084655,4.041831349084655,02,02,1,0,True,completed
24,known_visit,PI,bernoulli,drop_0.25,14,196,3,10,pi_g14_d85_bernoulli_drop_0_25,reruns\grid_density\scenarios\cv\known_visit_grid14_targets10_trials50.csv,9,7,10,37.90110962014635,37.90110962014635,02,02,1,0,True,completed
24,known_visit,PI,bernoulli,drop_0.25,14,196,3,10,pi_g14_d85_bernoulli_drop_0_25,reruns\grid_density\scenarios\cv\known_visit_grid14_targets10_trials50.csv,10,13,1,27.03198757792593,27.03198757792593,00,00,1,0,True,completed
25,known_visit,PI,bernoulli,drop_0.25,14,196,3,10,pi_g14_d85_bernoulli_drop_0_25,reruns\grid_density\scenarios\cv\known_visit_grid14_targets10_trials50.csv,1,10,0,15.537672482957891,15.537672482957891,00,00,1,0,True,completed
25,known_visit,PI,bernoulli,drop_0.25,14,196,3,10,pi_g14_d85_bernoulli_drop_0_25,reruns\grid_density\scenarios\cv\known_visit_grid14_targets10_trials50.csv,2,10,12,28.86526718042898,28.86526718042898,02,02,1,0,True,completed
25,known_visit,PI,bernoulli,drop_0.25,14,196,3,10,pi_g14_d85_bernoulli_drop_0_25,reruns\grid_density\scenarios\cv\known_visit_grid14_targets10_trials50.csv,3,7,13,10.631778065235578,10.631778065235578,02,02,1,0,True,completed
25,known_visit,PI,bernoulli,drop_0.25,14,196,3,10,pi_g14_d85_bernoulli_drop_0_25,reruns\grid_density\scenarios\cv\known_visit_grid14_targets10_trials50.csv,4,6,5,11.05024745823993,11.05024745823993,01,01,1,0,True,completed
25,known_visit,PI,bernoulli,drop_0.25,14,196,3,10,pi_g14_d85_bernoulli_drop_0_25,reruns\grid_density\scenarios\cv\known_visit_grid14_targets10_trials50.csv,5,11,7,22.989441001948695,22.989441001948695,01,01,1,0,True,completed
25,known_visit,PI,bernoulli,drop_0.25,14,196,3,10,pi_g14_d85_bernoulli_drop_0_25,reruns\grid_density\scenarios\cv\known_visit_grid14_targets10_trials50.csv,6,2,13,1.956405139734934,1.956405139734934,02,02,1,0,True,completed
25,known_visit,PI,bernoulli,drop_0.25,14,196,3,10,pi_g14_d85_bernoulli_drop_0_25,reruns\grid_density\scenarios\cv\known_visit_grid14_targets10_trials50.csv,7,5,0,7.0367060022353645,7.0367060022353645,00,00,1,0,True,completed
25,known_visit,PI,bernoulli,drop_0.25,14,196,3,10,pi_g14_d85_bernoulli_drop_0_25,reruns\grid_density\scenarios\cv\known_visit_grid14_targets10_trials50.csv,8,7,10,16.043495085205464,16.043495085205464,02,02,1,0,True,completed
25,known_visit,PI,bernoulli,drop_0.25,14,196,3,10,pi_g14_d85_bernoulli_drop_0_25,reruns\grid_density\scenarios\cv\known_visit_grid14_targets10_trials50.csv,9,4,5,7.488972143302406,7.488972143302406,01,01,1,0,True,completed
25,known_visit,PI,bernoulli,drop_0.25,14,196,3,10,pi_g14_d85_bernoulli_drop_0_25,reruns\grid_density\scenarios\cv\known_visit_grid14_targets10_trials50.csv,10,11,10,23.128842295529868,23.128842295529868,02,02,2,1,True,completed
26,known_visit,PI,bernoulli,drop_0.25,14,196,3,10,pi_g14_d85_bernoulli_drop_0_25,reruns\grid_density\scenarios\cv\known_visit_grid14_targets10_trials50.csv,1,12,11,22.455992357575152,22.455992357575152,02,02,1,0,True,completed
26,known_visit,PI,bernoulli,drop_0.25,14,196,3,10,pi_g14_d85_bernoulli_drop_0_25,reruns\grid_density\scenarios\cv\known_visit_grid14_targets10_trials50.csv,2,13,2,39.564861661821595,39.564861661821595,02,02,1,0,True,completed
26,known_visit,PI,bernoulli,drop_0.25,14,196,3,10,pi_g14_d85_bernoulli_drop_0_25,reruns\grid_density\scenarios\cv\known_visit_grid14_targets10_trials50.csv,3,11,1,26.25947641291377,26.25947641291377,01,01,1,0,True,completed
26,known_visit,PI,bernoulli,drop_0.25,14,196,3,10,pi_g14_d85_bernoulli_drop_0_25,reruns\grid_density\scenarios\cv\known_visit_grid14_targets10_trials50.csv,4,4,5,7.2270181603762556,7.2270181603762556,01,01,2,1,True,completed
26,known_visit,PI,bernoulli,drop_0.25,14,196,3,10,pi_g14_d85_bernoulli_drop_0_25,reruns\grid_density\scenarios\cv\known_visit_grid14_targets10_trials50.csv,5,5,4,10.843954682730901,10.843954682730901,01,01,2,1,True,completed
26,known_visit,PI,bernoulli,drop_0.25,14,196,3,10,pi_g14_d85_bernoulli_drop_0_25,reruns\grid_density\scenarios\cv\known_visit_grid14_targets10_trials50.csv,6,5,2,10.600793668545073,10.600793668545073,00,00,1,0,True,completed
26,known_visit,PI,bernoulli,drop_0.25,14,196,3,10,pi_g14_d85_bernoulli_drop_0_25,reruns\grid_density\scenarios\cv\known_visit_grid14_targets10_trials50.csv,7,13,8,29.260156566752887,29.260156566752887,02,02,1,0,True,completed
26,known_visit,PI,bernoulli,drop_0.25,14,196,3,10,pi_g14_d85_bernoulli_drop_0_25,reruns\grid_density\scenarios\cv\known_visit_grid14_targets10_trials50.csv,8,11,11,20.397960798921506,20.397960798921506,02,02,1,0,True,completed
26,known_visit,PI,bernoulli,drop_0.25,14,196,3,10,pi_g14_d85_bernoulli_drop_0_25,reruns\grid_density\scenarios\cv\known_visit_grid14_targets10_trials50.csv,9,9,3,19.333646339076804,19.333646339076804,01,01,1,0,True,completed
26,known_visit,PI,bernoulli,drop_0.25,14,196,3,10,pi_g14_d85_bernoulli_drop_0_25,reruns\grid_density\scenarios\cv\known_visit_grid14_targets10_trials50.csv,10,6,2,12.622811962958002,12.622811962958002,00,00,1,0,True,completed
27,known_visit,PI,bernoulli,drop_0.25,14,196,3,10,pi_g14_d85_bernoulli_drop_0_25,reruns\grid_density\scenarios\cv\known_visit_grid14_targets10_trials50.csv,1,3,1,5.637728319911342,5.637728319911342,00,00,1,0,True,completed
27,known_visit,PI,bernoulli,drop_0.25,14,196,3,10,pi_g14_d85_bernoulli_drop_0_25,reruns\grid_density\scenarios\cv\known_visit_grid14_targets10_trials50.csv,2,2,9,7.712921340922199,7.712921340922199,01,01,1,0,True,completed
27,known_visit,PI,bernoulli,drop_0.25,14,196,3,10,pi_g14_d85_bernoulli_drop_0_25,reruns\grid_density\scenarios\cv\known_visit_grid14_targets10_trials50.csv,3,5,12,9.242399613359146,9.242399613359146,02,02,2,1,True,completed
27,known_visit,PI,bernoulli,drop_0.25,14,196,3,10,pi_g14_d85_bernoulli_drop_0_25,reruns\grid_density\scenarios\cv\known_visit_grid14_targets10_trials50.csv,4,0,7,0.5081273497085003,0.5081273497085003,01,01,1,0,True,completed
27,known_visit,PI,bernoulli,drop_0.25,14,196,3,10,pi_g14_d85_bernoulli_drop_0_25,reruns\grid_density\scenarios\cv\known_visit_grid14_targets10_trials50.csv,5,10,6,26.945747315839235,26.945747315839235,00,00,1,0,True,completed
27,known_visit,PI,bernoulli,drop_0.25,14,196,3,10,pi_g14_d85_bernoulli_drop_0_25,reruns\grid_density\scenarios\cv\known_visit_grid14_targets10_trials50.csv,6,8,2,32.03888238933487,32.03888238933487,02,02,1,0,True,completed
27,known_visit,PI,bernoulli,drop_0.25,14,196,3,10,pi_g14_d85_bernoulli_drop_0_25,reruns\grid_density\scenarios\cv\known_visit_grid14_targets10_trials50.csv,7,6,4,15.974625111009596,15.974625111009596,00,00,2,1,True,completed
27,known_visit,PI,bernoulli,drop_0.25,14,196,3,10,pi_g14_d85_bernoulli_drop_0_25,reruns\grid_density\scenarios\cv\known_visit_grid14_targets10_trials50.csv,8,6,6,19.782815197144433,19.782815197144433,00,00,1,0,True,completed
27,known_visit,PI,bernoulli,drop_0.25,14,196,3,10,pi_g14_d85_bernoulli_drop_0_25,reruns\grid_density\scenarios\cv\known_visit_grid14_targets10_trials50.csv,9,5,7,17.816572019443292,17.816572019443292,02,02,1,0,True,completed
27,known_visit,PI,bernoulli,drop_0.25,14,196,3,10,pi_g14_d85_bernoulli_drop_0_25,reruns\grid_density\scenarios\cv\known_visit_grid14_targets10_trials50.csv,10,7,7,30.754584923563826,30.754584923563826,01,01,1,0,True,completed
28,known_visit,PI,bernoulli,drop_0.25,14,196,3,10,pi_g14_d85_bernoulli_drop_0_25,reruns\grid_density\scenarios\cv\known_visit_grid14_targets10_trials50.csv,1,5,13,6.86776536744186,6.86776536744186,02,02,2,1,True,completed
28,known_visit,PI,bernoulli,drop_0.25,14,196,3,10,pi_g14_d85_bernoulli_drop_0_25,reruns\grid_density\scenarios\cv\known_visit_grid14_targets10_trials50.csv,2,1,1,71.33636999888338,71.33636999888338,00,00,1,0,True,completed
28,known_visit,PI,bernoulli,drop_0.25,14,196,3,10,pi_g14_d85_bernoulli_drop_0_25,reruns\grid_density\scenarios\cv\known_visit_grid14_targets10_trials50.csv,3,2,13,1.8271416184146605,1.8271416184146605,02,02,2,1,True,completed
28,known_visit,PI,bernoulli,drop_0.25,14,196,3,10,pi_g14_d85_bernoulli_drop_0_25,reruns\grid_density\scenarios\cv\known_visit_grid14_targets10_trials50.csv,4,0,3,3.8966316110449792,3.8966316110449792,00,00,1,0,True,completed
28,known_visit,PI,bernoulli,drop_0.25,14,196,3,10,pi_g14_d85_bernoulli_drop_0_25,reruns\grid_density\scenarios\cv\known_visit_grid14_targets10_trials50.csv,5,13,0,36.88774622429688,36.88774622429688,01,01,1,0,True,completed
28,known_visit,PI,bernoulli,drop_0.25,14,196,3,10,pi_g14_d85_bernoulli_drop_0_25,reruns\grid_density\scenarios\cv\known_visit_grid14_targets10_trials50.csv,6,12,8,27.612175362700484,27.612175362700484,02,02,1,0,True,completed
28,known_visit,PI,bernoulli,drop_0.25,14,196,3,10,pi_g14_d85_bernoulli_drop_0_25,reruns\grid_density\scenarios\cv\known_visit_grid14_targets10_trials50.csv,7,2,4,9.237134937366934,9.237134937366934,00,00,1,0,True,completed
28,known_visit,PI,bernoulli,drop_0.25,14,196,3,10,pi_g14_d85_bernoulli_drop_0_25,reruns\grid_density\scenarios\cv\known_visit_grid14_targets10_trials50.csv,8,3,6,7.7607919331224275,7.7607919331224275,01,01,1,0,True,completed
28,known_visit,PI,bernoulli,drop_0.25,14,196,3,10,pi_g14_d85_bernoulli_drop_0_25,reruns\grid_density\scenarios\cv\known_visit_grid14_targets10_trials50.csv,9,8,13,12.007716020313202,12.007716020313202,02,02,2,1,True,completed
28,known_visit,PI,bernoulli,drop_0.25,14,196,3,10,pi_g14_d85_bernoulli_drop_0_25,reruns\grid_density\scenarios\cv\known_visit_grid14_targets10_trials50.csv,10,8,5,19.58188474727908,19.58188474727908,01,01,1,0,True,completed
29,known_visit,PI,bernoulli,drop_0.25,14,196,3,10,pi_g14_d85_bernoulli_drop_0_25,reruns\grid_density\scenarios\cv\known_visit_grid14_targets10_trials50.csv,1,12,8,45.91079467345751,45.91079467345751,01,01,1,0,True,completed
29,known_visit,PI,bernoulli,drop_0.25,14,196,3,10,pi_g14_d85_bernoulli_drop_0_25,reruns\grid_density\scenarios\cv\known_visit_grid14_targets10_trials50.csv,2,9,11,34.90173637990502,34.90173637990502,01,01,1,0,True,completed
29,known_visit,PI,bernoulli,drop_0.25,14,196,3,10,pi_g14_d85_bernoulli_drop_0_25,reruns\grid_density\scenarios\cv\known_visit_grid14_targets10_trials50.csv,3,4,4,13.39881663697655,13.39881663697655,01,01,3,2,True,completed
29,known_visit,PI,bernoulli,drop_0.25,14,196,3,10,pi_g14_d85_bernoulli_drop_0_25,reruns\grid_density\scenarios\cv\known_visit_grid14_targets10_trials50.csv,4,4,6,17.155034647033784,17.155034647033784,01,01,2,1,True,completed
29,known_visit,PI,bernoulli,drop_0.25,14,196,3,10,pi_g14_d85_bernoulli_drop_0_25,reruns\grid_density\scenarios\cv\known_visit_grid14_targets10_trials50.csv,5,13,0,43.636810563520825,43.636810563520825,00,00,1,0,True,completed
29,known_visit,PI,bernoulli,drop_0.25,14,196,3,10,pi_g14_d85_bernoulli_drop_0_25,reruns\grid_density\scenarios\cv\known_visit_grid14_targets10_trials50.csv,6,11,10,40.315580812537675,40.315580812537675,01,01,1,0,True,completed
29,known_visit,PI,bernoulli,drop_0.25,14,196,3,10,pi_g14_d85_bernoulli_drop_0_25,reruns\grid_density\scenarios\cv\known_visit_grid14_targets10_trials50.csv,7,6,7,22.651125759922824,22.651125759922824,01,01,1,0,True,completed
29,known_visit,PI,bernoulli,drop_0.25,14,196,3,10,pi_g14_d85_bernoulli_drop_0_25,reruns\grid_density\scenarios\cv\known_visit_grid14_targets10_trials50.csv,8,2,3,7.598376608903233,7.598376608903233,01,01,2,1,True,completed
29,known_visit,PI,bernoulli,drop_0.25,14,196,3,10,pi_g14_d85_bernoulli_drop_0_25,reruns\grid_density\scenarios\cv\known_visit_grid14_targets10_trials50.csv,9,4,8,13.97954184856893,13.97954184856893,02,02,1,0,True,completed
29,known_visit,PI,bernoulli,drop_0.25,14,196,3,10,pi_g14_d85_bernoulli_drop_0_25,reruns\grid_density\scenarios\cv\known_visit_grid14_targets10_trials50.csv,10,1,4,3.8867391838654513,3.8867391838654513,01,01,2,1,True,completed
30,known_visit,PI,bernoulli,drop_0.25,14,196,3,10,pi_g14_d85_bernoulli_drop_0_25,reruns\grid_density\scenarios\cv\known_visit_grid14_targets10_trials50.csv,1,1,12,2.2785958642855233,2.2785958642855233,02,02,1,0,True,completed
30,known_visit,PI,bernoulli,drop_0.25,14,196,3,10,pi_g14_d85_bernoulli_drop_0_25,reruns\grid_density\scenarios\cv\known_visit_grid14_targets10_trials50.csv,2,10,2,23.334104992621565,23.334104992621565,01,01,1,0,True,completed
30,known_visit,PI,bernoulli,drop_0.25,14,196,3,10,pi_g14_d85_bernoulli_drop_0_25,reruns\grid_density\scenarios\cv\known_visit_grid14_targets10_trials50.csv,3,10,12,35.645010912534104,35.645010912534104,02,02,1,0,True,completed
30,known_visit,PI,bernoulli,drop_0.25,14,196,3,10,pi_g14_d85_bernoulli_drop_0_25,reruns\grid_density\scenarios\cv\known_visit_grid14_targets10_trials50.csv,4,11,9,41.64801796465226,41.64801796465226,00,00,1,0,True,completed
30,known_visit,PI,bernoulli,drop_0.25,14,196,3,10,pi_g14_d85_bernoulli_drop_0_25,reruns\grid_density\scenarios\cv\known_visit_grid14_targets10_trials50.csv,5,3,8,12.699358749999494,12.699358749999494,02,02,1,0,True,completed
30,known_visit,PI,bernoulli,drop_0.25,14,196,3,10,pi_g14_d85_bernoulli_drop_0_25,reruns\grid_density\scenarios\cv\known_visit_grid14_targets10_trials50.csv,6,0,5,0.5002320487871813,0.5002320487871813,01,01,1,0,True,completed
30,known_visit,PI,bernoulli,drop_0.25,14,196,3,10,pi_g14_d85_bernoulli_drop_0_25,reruns\grid_density\scenarios\cv\known_visit_grid14_targets10_trials50.csv,7,7,13,28.340032309152317,28.340032309152317,02,02,1,0,True,completed
30,known_visit,PI,bernoulli,drop_0.25,14,196,3,10,pi_g14_d85_bernoulli_drop_0_25,reruns\grid_density\scenarios\cv\known_visit_grid14_targets10_trials50.csv,8,11,1,23.56412329071894,23.56412329071894,00,00,1,0,True,completed
30,known_visit,PI,bernoulli,drop_0.25,14,196,3,10,pi_g14_d85_bernoulli_drop_0_25,reruns\grid_density\scenarios\cv\known_visit_grid14_targets10_trials50.csv,9,6,0,12.84725595864357,12.84725595864357,00,00,1,0,True,completed
30,known_visit,PI,bernoulli,drop_0.25,14,196,3,10,pi_g14_d85_bernoulli_drop_0_25,reruns\grid_density\scenarios\cv\known_visit_grid14_targets10_trials50.csv,10,12,8,37.69913138427835,37.69913138427835,00,00,1,0,True,completed
31,known_visit,PI,bernoulli,drop_0.25,14,196,3,10,pi_g14_d85_bernoulli_drop_0_25,reruns\grid_density\scenarios\cv\known_visit_grid14_targets10_trials50.csv,1,4,6,12.694527479983849,12.694527479983849,01,01,1,0,True,completed
31,known_visit,PI,bernoulli,drop_0.25,14,196,3,10,pi_g14_d85_bernoulli_drop_0_25,reruns\grid_density\scenarios\cv\known_visit_grid14_targets10_trials50.csv,2,2,5,3.882311914905317,3.882311914905317,01,01,2,1,True,completed
31,known_visit,PI,bernoulli,drop_0.25,14,196,3,10,pi_g14_d85_bernoulli_drop_0_25,reruns\grid_density\scenarios\cv\known_visit_grid14_targets10_trials50.csv,3,13,10,37.139578801550684,37.139578801550684,01,01,1,0,True,completed
31,known_visit,PI,bernoulli,drop_0.25,14,196,3,10,pi_g14_d85_bernoulli_drop_0_25,reruns\grid_density\scenarios\cv\known_visit_grid14_targets10_trials50.csv,4,8,8,31.61555490290529,31.61555490290529,00,00,1,0,True,completed
31,known_visit,PI,bernoulli,drop_0.25,14,196,3,10,pi_g14_d85_bernoulli_drop_0_25,reruns\grid_density\scenarios\cv\known_visit_grid14_targets10_trials50.csv,5,11,10,33.28169191798872,33.28169191798872,01,01,1,0,True,completed
31,known_visit,PI,bernoulli,drop_0.25,14,196,3,10,pi_g14_d85_bernoulli_drop_0_25,reruns\grid_density\scenarios\cv\known_visit_grid14_targets10_trials50.csv,6,5,8,15.470262123404128,15.470262123404128,02,02,2,1,True,completed
31,known_visit,PI,bernoulli,drop_0.25,14,196,3,10,pi_g14_d85_bernoulli_drop_0_25,reruns\grid_density\scenarios\cv\known_visit_grid14_targets10_trials50.csv,7,4,7,14.356493749625388,14.356493749625388,01,01,2,1,True,completed
31,known_visit,PI,bernoulli,drop_0.25,14,196,3,10,pi_g14_d85_bernoulli_drop_0_25,reruns\grid_density\scenarios\cv\known_visit_grid14_targets10_trials50.csv,8,12,6,46.18255758825508,46.18255758825508,01,01,1,0,True,completed
31,known_visit,PI,bernoulli,drop_0.25,14,196,3,10,pi_g14_d85_bernoulli_drop_0_25,reruns\grid_density\scenarios\cv\known_visit_grid14_targets10_trials50.csv,9,3,4,7.493374991902912,7.493374991902912,01,01,3,2,True,completed
31,known_visit,PI,bernoulli,drop_0.25,14,196,3,10,pi_g14_d85_bernoulli_drop_0_25,reruns\grid_density\scenarios\cv\known_visit_grid14_targets10_trials50.csv,10,9,11,38.914272631691,38.914272631691,00,00,1,0,True,completed
32,known_visit,PI,bernoulli,drop_0.25,14,196,3,10,pi_g14_d85_bernoulli_drop_0_25,reruns\grid_density\scenarios\cv\known_visit_grid14_targets10_trials50.csv,1,4,1,7.4414868314636635,7.4414868314636635,00,00,2,1,True,completed
32,known_visit,PI,bernoulli,drop_0.25,14,196,3,10,pi_g14_d85_bernoulli_drop_0_25,reruns\grid_density\scenarios\cv\known_visit_grid14_targets10_trials50.csv,2,1,11,3.8378403182042717,3.8378403182042717,02,02,1,0,True,completed
32,known_visit,PI,bernoulli,drop_0.25,14,196,3,10,pi_g14_d85_bernoulli_drop_0_25,reruns\grid_density\scenarios\cv\known_visit_grid14_targets10_trials50.csv,3,4,7,7.239241862402922,7.239241862402922,01,01,1,0,True,completed
32,known_visit,PI,bernoulli,drop_0.25,14,196,3,10,pi_g14_d85_bernoulli_drop_0_25,reruns\grid_density\scenarios\cv\known_visit_grid14_targets10_trials50.csv,4,3,6,3.5749018012754727,3.5749018012754727,01,01,1,0,True,completed
32,known_visit,PI,bernoulli,drop_0.25,14,196,3,10,pi_g14_d85_bernoulli_drop_0_25,reruns\grid_density\scenarios\cv\known_visit_grid14_targets10_trials50.csv,5,13,6,32.200081018779365,32.200081018779365,00,00,1,0,True,completed
32,known_visit,PI,bernoulli,drop_0.25,14,196,3,10,pi_g14_d85_bernoulli_drop_0_25,reruns\grid_density\scenarios\cv\known_visit_grid14_targets10_trials50.csv,6,6,6,12.967003389215078,12.967003389215078,01,01,1,0,True,completed
32,known_visit,PI,bernoulli,drop_0.25,14,196,3,10,pi_g14_d85_bernoulli_drop_0_25,reruns\grid_density\scenarios\cv\known_visit_grid14_targets10_trials50.csv,7,2,0,1.987434085683871,1.987434085683871,00,00,2,1,True,completed
32,known_visit,PI,bernoulli,drop_0.25,14,196,3,10,pi_g14_d85_bernoulli_drop_0_25,reruns\grid_density\scenarios\cv\known_visit_grid14_targets10_trials50.csv,8,7,2,14.67626220815307,14.67626220815307,00,00,1,0,True,completed
32,known_visit,PI,bernoulli,drop_0.25,14,196,3,10,pi_g14_d85_bernoulli_drop_0_25,reruns\grid_density\scenarios\cv\known_visit_grid14_targets10_trials50.csv,9,9,13,47.352718018583175,47.352718018583175,01,01,1,0,True,completed
32,known_visit,PI,bernoulli,drop_0.25,14,196,3,10,pi_g14_d85_bernoulli_drop_0_25,reruns\grid_density\scenarios\cv\known_visit_grid14_targets10_trials50.csv,10,9,1,26.710241589068836,26.710241589068836,01,01,2,1,True,completed
33,known_visit,PI,bernoulli,drop_0.25,14,196,3,10,pi_g14_d85_bernoulli_drop_0_25,reruns\grid_density\scenarios\cv\known_visit_grid14_targets10_trials50.csv,1,6,9,15.967416592790245,15.967416592790245,02,02,1,0,True,completed
33,known_visit,PI,bernoulli,drop_0.25,14,196,3,10,pi_g14_d85_bernoulli_drop_0_25,reruns\grid_density\scenarios\cv\known_visit_grid14_targets10_trials50.csv,2,12,0,19.17284880119579,19.17284880119579,00,00,1,0,True,completed
33,known_visit,PI,bernoulli,drop_0.25,14,196,3,10,pi_g14_d85_bernoulli_drop_0_25,reruns\grid_density\scenarios\cv\known_visit_grid14_targets10_trials50.csv,3,11,9,32.86597799575859,32.86597799575859,02,02,2,1,True,completed
33,known_visit,PI,bernoulli,drop_0.25,14,196,3,10,pi_g14_d85_bernoulli_drop_0_25,reruns\grid_density\scenarios\cv\known_visit_grid14_targets10_trials50.csv,4,11,1,23.185075885853028,23.185075885853028,00,00,2,1,True,completed
33,known_visit,PI,bernoulli,drop_0.25,14,196,3,10,pi_g14_d85_bernoulli_drop_0_25,reruns\grid_density\scenarios\cv\known_visit_grid14_targets10_trials50.csv,5,10,10,28.707673041709835,28.707673041709835,02,02,1,0,True,completed
33,known_visit,PI,bernoulli,drop_0.25,14,196,3,10,pi_g14_d85_bernoulli_drop_0_25,reruns\grid_density\scenarios\cv\known_visit_grid14_targets10_trials50.csv,6,8,8,21.552146627132277,21.552146627132277,02,02,2,1,True,completed
33,known_visit,PI,bernoulli,drop_0.25,14,196,3,10,pi_g14_d85_bernoulli_drop_0_25,reruns\grid_density\scenarios\cv\known_visit_grid14_targets10_trials50.csv,7,4,0,5.499090288673932,5.499090288673932,00,00,2,1,True,completed
33,known_visit,PI,bernoulli,drop_0.25,14,196,3,10,pi_g14_d85_bernoulli_drop_0_25,reruns\grid_density\scenarios\cv\known_visit_grid14_targets10_trials50.csv,8,11,12,49.42533840051832,49.42533840051832,01,01,1,0,True,completed
33,known_visit,PI,bernoulli,drop_0.25,14,196,3,10,pi_g14_d85_bernoulli_drop_0_25,reruns\grid_density\scenarios\cv\known_visit_grid14_targets10_trials50.csv,9,4,5,7.108687993568622,7.108687993568622,01,01,2,1,True,completed
33,known_visit,PI,bernoulli,drop_0.25,14,196,3,10,pi_g14_d85_bernoulli_drop_0_25,reruns\grid_density\scenarios\cv\known_visit_grid14_targets10_trials50.csv,10,4,1,14.00999520890247,14.00999520890247,01,01,2,1,True,completed
34,known_visit,PI,bernoulli,drop_0.25,14,196,3,10,pi_g14_d85_bernoulli_drop_0_25,reruns\grid_density\scenarios\cv\known_visit_grid14_targets10_trials50.csv,1,12,13,37.9175647321366,37.9175647321366,02,02,1,0,True,completed
34,known_visit,PI,bernoulli,drop_0.25,14,196,3,10,pi_g14_d85_bernoulli_drop_0_25,reruns\grid_density\scenarios\cv\known_visit_grid14_targets10_trials50.csv,2,12,9,26.892004904535717,26.892004904535717,02,02,1,0,True,completed
34,known_visit,PI,bernoulli,drop_0.25,14,196,3,10,pi_g14_d85_bernoulli_drop_0_25,reruns\grid_density\scenarios\cv\known_visit_grid14_targets10_trials50.csv,3,5,10,12.769175013311445,12.769175013311445,02,02,2,1,True,completed
34,known_visit,PI,bernoulli,drop_0.25,14,196,3,10,pi_g14_d85_bernoulli_drop_0_25,reruns\grid_density\scenarios\cv\known_visit_grid14_targets10_trials50.csv,4,3,11,7.132270460255407,7.132270460255407,02,02,1,0,True,completed
34,known_visit,PI,bernoulli,drop_0.25,14,196,3,10,pi_g14_d85_bernoulli_drop_0_25,reruns\grid_density\scenarios\cv\known_visit_grid14_targets10_trials50.csv,5,7,5,12.20772351658043,12.20772351658043,01,01,2,1,True,completed
34,known_visit,PI,bernoulli,drop_0.25,14,196,3,10,pi_g14_d85_bernoulli_drop_0_25,reruns\grid_density\scenarios\cv\known_visit_grid14_targets10_trials50.csv,6,8,4,15.785010062075784,15.785010062075784,01,01,1,0,True,completed
34,known_visit,PI,bernoulli,drop_0.25,14,196,3,10,pi_g14_d85_bernoulli_drop_0_25,reruns\grid_density\scenarios\cv\known_visit_grid14_targets10_trials50.csv,7,6,1,14.91971763587003,14.91971763587003,00,00,2,1,True,completed
34,known_visit,PI,bernoulli,drop_0.25,14,196,3,10,pi_g14_d85_bernoulli_drop_0_25,reruns\grid_density\scenarios\cv\known_visit_grid14_targets10_trials50.csv,8,3,2,7.742992477623074,7.742992477623074,00,00,2,1,True,completed
34,known_visit,PI,bernoulli,drop_0.25,14,196,3,10,pi_g14_d85_bernoulli_drop_0_25,reruns\grid_density\scenarios\cv\known_visit_grid14_targets10_trials50.csv,9,3,6,3.5978077461092433,3.5978077461092433,01,01,1,0,True,completed
34,known_visit,PI,bernoulli,drop_0.25,14,196,3,10,pi_g14_d85_bernoulli_drop_0_25,reruns\grid_density\scenarios\cv\known_visit_grid14_targets10_trials50.csv,10,0,2,2.148463387182019,2.148463387182019,00,00,1,0,True,completed
35,known_visit,PI,bernoulli,drop_0.25,14,196,3,10,pi_g14_d85_bernoulli_drop_0_25,reruns\grid_density\scenarios\cv\known_visit_grid14_targets10_trials50.csv,1,4,12,7.439466242963055,7.439466242963055,02,02,1,0,True,completed
35,known_visit,PI,bernoulli,drop_0.25,14,196,3,10,pi_g14_d85_bernoulli_drop_0_25,reruns\grid_density\scenarios\cv\known_visit_grid14_targets10_trials50.csv,2,13,13,25.017600792837186,25.017600792837186,02,02,1,0,True,completed
35,known_visit,PI,bernoulli,drop_0.25,14,196,3,10,pi_g14_d85_bernoulli_drop_0_25,reruns\grid_density\scenarios\cv\known_visit_grid14_targets10_trials50.csv,3,2,3,7.203488752780643,7.203488752780643,00,00,1,0,True,completed
35,known_visit,PI,bernoulli,drop_0.25,14,196,3,10,pi_g14_d85_bernoulli_drop_0_25,reruns\grid_density\scenarios\cv\known_visit_grid14_targets10_trials50.csv,4,5,8,35.588667365017905,35.588667365017905,00,00,1,0,True,completed
35,known_visit,PI,bernoulli,drop_0.25,14,196,3,10,pi_g14_d85_bernoulli_drop_0_25,reruns\grid_density\scenarios\cv\known_visit_grid14_targets10_trials50.csv,5,8,7,26.488901405710884,26.488901405710884,01,01,1,0,True,completed
35,known_visit,PI,bernoulli,drop_0.25,14,196,3,10,pi_g14_d85_bernoulli_drop_0_25,reruns\grid_density\scenarios\cv\known_visit_grid14_targets10_trials50.csv,6,10,5,33.892440405224946,33.892440405224946,01,01,1,0,True,completed
35,known_visit,PI,bernoulli,drop_0.25,14,196,3,10,pi_g14_d85_bernoulli_drop_0_25,reruns\grid_density\scenarios\cv\known_visit_grid14_targets10_trials50.csv,7,9,12,16.211334128660532,16.211334128660532,02,02,1,0,True,completed
35,known_visit,PI,bernoulli,drop_0.25,14,196,3,10,pi_g14_d85_bernoulli_drop_0_25,reruns\grid_density\scenarios\cv\known_visit_grid14_targets10_trials50.csv,8,2,2,5.599177911221754,5.599177911221754,00,00,1,0,True,completed
35,known_visit,PI,bernoulli,drop_0.25,14,196,3,10,pi_g14_d85_bernoulli_drop_0_25,reruns\grid_density\scenarios\cv\known_visit_grid14_targets10_trials50.csv,9,12,4,39.36113581187223,39.36113581187223,01,01,1,0,True,completed
35,known_visit,PI,bernoulli,drop_0.25,14,196,3,10,pi_g14_d85_bernoulli_drop_0_25,reruns\grid_density\scenarios\cv\known_visit_grid14_targets10_trials50.csv,10,0,5,0.4154851623885697,0.4154851623885697,01,01,2,1,True,completed
36,known_visit,PI,bernoulli,drop_0.25,14,196,3,10,pi_g14_d85_bernoulli_drop_0_25,reruns\grid_density\scenarios\cv\known_visit_grid14_targets10_trials50.csv,1,3,6,8.041912538085235,8.041912538085235,01,01,1,0,True,completed
36,known_visit,PI,bernoulli,drop_0.25,14,196,3,10,pi_g14_d85_bernoulli_drop_0_25,reruns\grid_density\scenarios\cv\known_visit_grid14_targets10_trials50.csv,2,0,7,0.529417640273041,0.529417640273041,01,01,2,1,True,completed
36,known_visit,PI,bernoulli,drop_0.25,14,196,3,10,pi_g14_d85_bernoulli_drop_0_25,reruns\grid_density\scenarios\cv\known_visit_grid14_targets10_trials50.csv,3,13,2,45.8522145742112,45.8522145742112,00,00,1,0,True,completed
36,known_visit,PI,bernoulli,drop_0.25,14,196,3,10,pi_g14_d85_bernoulli_drop_0_25,reruns\grid_density\scenarios\cv\known_visit_grid14_targets10_trials50.csv,4,7,4,17.69452584572053,17.69452584572053,00,00,1,0,True,completed
36,known_visit,PI,bernoulli,drop_0.25,14,196,3,10,pi_g14_d85_bernoulli_drop_0_25,reruns\grid_density\scenarios\cv\known_visit_grid14_targets10_trials50.csv,5,10,9,25.873244125299788,25.873244125299788,01,01,1,0,True,completed
36,known_visit,PI,bernoulli,drop_0.25,14,196,3,10,pi_g14_d85_bernoulli_drop_0_25,reruns\grid_density\scenarios\cv\known_visit_grid14_targets10_trials50.csv,6,5,12,26.360474763344495,26.360474763344495,02,02,1,0,True,completed
36,known_visit,PI,bernoulli,drop_0.25,14,196,3,10,pi_g14_d85_bernoulli_drop_0_25,reruns\grid_density\scenarios\cv\known_visit_grid14_targets10_trials50.csv,7,7,6,15.106975802798495,15.106975802798495,01,01,2,1,True,completed
36,known_visit,PI,bernoulli,drop_0.25,14,196,3,10,pi_g14_d85_bernoulli_drop_0_25,reruns\grid_density\scenarios\cv\known_visit_grid14_targets10_trials50.csv,8,4,6,10.021492624300974,10.021492624300974,01,01,1,0,True,completed
36,known_visit,PI,bernoulli,drop_0.25,14,196,3,10,pi_g14_d85_bernoulli_drop_0_25,reruns\grid_density\scenarios\cv\known_visit_grid14_targets10_trials50.csv,9,9,9,23.92335624436566,23.92335624436566,01,01,2,1,True,completed
36,known_visit,PI,bernoulli,drop_0.25,14,196,3,10,pi_g14_d85_bernoulli_drop_0_25,reruns\grid_density\scenarios\cv\known_visit_grid14_targets10_trials50.csv,10,2,1,3.885014877800002,3.885014877800002,00,00,1,0,True,completed
37,known_visit,PI,bernoulli,drop_0.25,14,196,3,10,pi_g14_d85_bernoulli_drop_0_25,reruns\grid_density\scenarios\cv\known_visit_grid14_targets10_trials50.csv,1,0,7,0.491147212580473,0.491147212580473,01,01,1,0,True,completed
37,known_visit,PI,bernoulli,drop_0.25,14,196,3,10,pi_g14_d85_bernoulli_drop_0_25,reruns\grid_density\scenarios\cv\known_visit_grid14_targets10_trials50.csv,2,9,11,17.876680739569935,17.876680739569935,02,02,2,1,True,completed
37,known_visit,PI,bernoulli,drop_0.25,14,196,3,10,pi_g14_d85_bernoulli_drop_0_25,reruns\grid_density\scenarios\cv\known_visit_grid14_targets10_trials50.csv,3,1,13,0.12669550301165644,0.12669550301165644,02,02,1,0,True,completed
37,known_visit,PI,bernoulli,drop_0.25,14,196,3,10,pi_g14_d85_bernoulli_drop_0_25,reruns\grid_density\scenarios\cv\known_visit_grid14_targets10_trials50.csv,4,7,11,14.382362841541003,14.382362841541003,02,02,2,1,True,completed
37,known_visit,PI,bernoulli,drop_0.25,14,196,3,10,pi_g14_d85_bernoulli_drop_0_25,reruns\grid_density\scenarios\cv\known_visit_grid14_targets10_trials50.csv,5,1,11,3.9421034204962995,3.9421034204962995,02,02,1,0,True,completed
37,known_visit,PI,bernoulli,drop_0.25,14,196,3,10,pi_g14_d85_bernoulli_drop_0_25,reruns\grid_density\scenarios\cv\known_visit_grid14_targets10_trials50.csv,6,9,9,20.06994596581391,20.06994596581391,01,01,2,1,True,completed
37,known_visit,PI,bernoulli,drop_0.25,14,196,3,10,pi_g14_d85_bernoulli_drop_0_25,reruns\grid_density\scenarios\cv\known_visit_grid14_targets10_trials50.csv,7,7,5,19.787388349281066,19.787388349281066,00,00,1,0,True,completed
37,known_visit,PI,bernoulli,drop_0.25,14,196,3,10,pi_g14_d85_bernoulli_drop_0_25,reruns\grid_density\scenarios\cv\known_visit_grid14_targets10_trials50.csv,8,6,1,10.94810193719281,10.94810193719281,00,00,1,0,True,completed
37,known_visit,PI,bernoulli,drop_0.25,14,196,3,10,pi_g14_d85_bernoulli_drop_0_25,reruns\grid_density\scenarios\cv\known_visit_grid14_targets10_trials50.csv,9,8,8,16.364465851943645,16.364465851943645,01,01,2,1,True,completed
37,known_visit,PI,bernoulli,drop_0.25,14,196,3,10,pi_g14_d85_bernoulli_drop_0_25,reruns\grid_density\scenarios\cv\known_visit_grid14_targets10_trials50.csv,10,11,0,41.16193198020507,41.16193198020507,02,02,1,0,True,completed
38,known_visit,PI,bernoulli,drop_0.25,14,196,3,10,pi_g14_d85_bernoulli_drop_0_25,reruns\grid_density\scenarios\cv\known_visit_grid14_targets10_trials50.csv,1,7,6,10.529041670948217,10.529041670948217,01,01,2,1,True,completed
38,known_visit,PI,bernoulli,drop_0.25,14,196,3,10,pi_g14_d85_bernoulli_drop_0_25,reruns\grid_density\scenarios\cv\known_visit_grid14_targets10_trials50.csv,2,0,7,8.650267892528605,8.650267892528605,02,02,1,0,True,completed
38,known_visit,PI,bernoulli,drop_0.25,14,196,3,10,pi_g14_d85_bernoulli_drop_0_25,reruns\grid_density\scenarios\cv\known_visit_grid14_targets10_trials50.csv,3,5,10,25.44529096155826,25.44529096155826,00,00,1,0,True,completed
38,known_visit,PI,bernoulli,drop_0.25,14,196,3,10,pi_g14_d85_bernoulli_drop_0_25,reruns\grid_density\scenarios\cv\known_visit_grid14_targets10_trials50.csv,4,11,13,41.17705079346852,41.17705079346852,00,00,1,0,True,completed
38,known_visit,PI,bernoulli,drop_0.25,14,196,3,10,pi_g14_d85_bernoulli_drop_0_25,reruns\grid_density\scenarios\cv\known_visit_grid14_targets10_trials50.csv,5,3,9,19.987366714074636,19.987366714074636,00,00,2,1,True,completed
38,known_visit,PI,bernoulli,drop_0.25,14,196,3,10,pi_g14_d85_bernoulli_drop_0_25,reruns\grid_density\scenarios\cv\known_visit_grid14_targets10_trials50.csv,6,13,2,28.380221112851604,28.380221112851604,01,01,1,0,True,completed
38,known_visit,PI,bernoulli,drop_0.25,14,196,3,10,pi_g14_d85_bernoulli_drop_0_25,reruns\grid_density\scenarios\cv\known_visit_grid14_targets10_trials50.csv,7,7,4,14.236958120892522,14.236958120892522,01,01,1,0,True,completed
38,known_visit,PI,bernoulli,drop_0.25,14,196,3,10,pi_g14_d85_bernoulli_drop_0_25,reruns\grid_density\scenarios\cv\known_visit_grid14_targets10_trials50.csv,8,8,0,41.117570632249375,41.117570632249375,01,01,1,0,True,completed
38,known_visit,PI,bernoulli,drop_0.25,14,196,3,10,pi_g14_d85_bernoulli_drop_0_25,reruns\grid_density\scenarios\cv\known_visit_grid14_targets10_trials50.csv,9,12,1,32.36639746057342,32.36639746057342,01,01,1,0,True,completed
38,known_visit,PI,bernoulli,drop_0.25,14,196,3,10,pi_g14_d85_bernoulli_drop_0_25,reruns\grid_density\scenarios\cv\known_visit_grid14_targets10_trials50.csv,10,9,12,35.89687994676619,35.89687994676619,00,00,1,0,True,completed
39,known_visit,PI,bernoulli,drop_0.25,14,196,3,10,pi_g14_d85_bernoulli_drop_0_25,reruns\grid_density\scenarios\cv\known_visit_grid14_targets10_trials50.csv,1,2,10,7.477232353143846,7.477232353143846,02,02,2,1,True,completed
39,known_visit,PI,bernoulli,drop_0.25,14,196,3,10,pi_g14_d85_bernoulli_drop_0_25,reruns\grid_density\scenarios\cv\known_visit_grid14_targets10_trials50.csv,2,6,5,17.69493381451474,17.69493381451474,00,00,1,0,True,completed
39,known_visit,PI,bernoulli,drop_0.25,14,196,3,10,pi_g14_d85_bernoulli_drop_0_25,reruns\grid_density\scenarios\cv\known_visit_grid14_targets10_trials50.csv,3,0,10,3.751586908962518,3.751586908962518,02,02,1,0,True,completed
39,known_visit,PI,bernoulli,drop_0.25,14,196,3,10,pi_g14_d85_bernoulli_drop_0_25,reruns\grid_density\scenarios\cv\known_visit_grid14_targets10_trials50.csv,4,0,7,0.5522524707758514,0.5522524707758514,01,01,1,0,True,completed
39,known_visit,PI,bernoulli,drop_0.25,14,196,3,10,pi_g14_d85_bernoulli_drop_0_25,reruns\grid_density\scenarios\cv\known_visit_grid14_targets10_trials50.csv,5,8,2,59.27963077275649,59.27963077275649,01,01,1,0,True,completed
39,known_visit,PI,bernoulli,drop_0.25,14,196,3,10,pi_g14_d85_bernoulli_drop_0_25,reruns\grid_density\scenarios\cv\known_visit_grid14_targets10_trials50.csv,6,9,8,28.18973214001689,28.18973214001689,00,00,2,1,True,completed
39,known_visit,PI,bernoulli,drop_0.25,14,196,3,10,pi_g14_d85_bernoulli_drop_0_25,reruns\grid_density\scenarios\cv\known_visit_grid14_targets10_trials50.csv,7,9,12,27.28890393862169,27.28890393862169,02,02,2,1,True,completed
39,known_visit,PI,bernoulli,drop_0.25,14,196,3,10,pi_g14_d85_bernoulli_drop_0_25,reruns\grid_density\scenarios\cv\known_visit_grid14_targets10_trials50.csv,8,2,11,9.469195697371095,9.469195697371095,02,02,3,2,True,completed
39,known_visit,PI,bernoulli,drop_0.25,14,196,3,10,pi_g14_d85_bernoulli_drop_0_25,reruns\grid_density\scenarios\cv\known_visit_grid14_targets10_trials50.csv,9,8,13,23.581003513062388,23.581003513062388,02,02,2,1,True,completed
39,known_visit,PI,bernoulli,drop_0.25,14,196,3,10,pi_g14_d85_bernoulli_drop_0_25,reruns\grid_density\scenarios\cv\known_visit_grid14_targets10_trials50.csv,10,6,13,20.13338637179655,20.13338637179655,02,02,2,1,True,completed
40,known_visit,PI,bernoulli,drop_0.25,14,196,3,10,pi_g14_d85_bernoulli_drop_0_25,reruns\grid_density\scenarios\cv\known_visit_grid14_targets10_trials50.csv,1,3,7,5.7637364404004625,5.7637364404004625,01,01,2,1,True,completed
40,known_visit,PI,bernoulli,drop_0.25,14,196,3,10,pi_g14_d85_bernoulli_drop_0_25,reruns\grid_density\scenarios\cv\known_visit_grid14_targets10_trials50.csv,2,0,7,0.4152844053285486,0.4152844053285486,01,01,2,1,True,completed
40,known_visit,PI,bernoulli,drop_0.25,14,196,3,10,pi_g14_d85_bernoulli_drop_0_25,reruns\grid_density\scenarios\cv\known_visit_grid14_targets10_trials50.csv,3,3,10,11.282169198898787,11.282169198898787,01,01,2,1,True,completed
40,known_visit,PI,bernoulli,drop_0.25,14,196,3,10,pi_g14_d85_bernoulli_drop_0_25,reruns\grid_density\scenarios\cv\known_visit_grid14_targets10_trials50.csv,4,8,3,31.997354424505765,31.997354424505765,00,00,1,0,True,completed
40,known_visit,PI,bernoulli,drop_0.25,14,196,3,10,pi_g14_d85_bernoulli_drop_0_25,reruns\grid_density\scenarios\cv\known_visit_grid14_targets10_trials50.csv,5,3,13,11.297728682683342,11.297728682683342,02,02,1,0,True,completed
40,known_visit,PI,bernoulli,drop_0.25,14,196,3,10,pi_g14_d85_bernoulli_drop_0_25,reruns\grid_density\scenarios\cv\known_visit_grid14_targets10_trials50.csv,6,13,8,49.90097123494229,49.90097123494229,00,00,1,0,True,completed
40,known_visit,PI,bernoulli,drop_0.25,14,196,3,10,pi_g14_d85_bernoulli_drop_0_25,reruns\grid_density\scenarios\cv\known_visit_grid14_targets10_trials50.csv,7,12,6,44.524547910889325,44.524547910889325,00,00,1,0,True,completed
40,known_visit,PI,bernoulli,drop_0.25,14,196,3,10,pi_g14_d85_bernoulli_drop_0_25,reruns\grid_density\scenarios\cv\known_visit_grid14_targets10_trials50.csv,8,7,9,25.342679193589635,25.342679193589635,02,02,1,0,True,completed
40,known_visit,PI,bernoulli,drop_0.25,14,196,3,10,pi_g14_d85_bernoulli_drop_0_25,reruns\grid_density\scenarios\cv\known_visit_grid14_targets10_trials50.csv,9,3,11,7.660003619832298,7.660003619832298,02,02,2,1,True,completed
40,known_visit,PI,bernoulli,drop_0.25,14,196,3,10,pi_g14_d85_bernoulli_drop_0_25,reruns\grid_density\scenarios\cv\known_visit_grid14_targets10_trials50.csv,10,0,11,2.2454383597120744,2.2454383597120744,02,02,2,1,True,completed
41,known_visit,PI,bernoulli,drop_0.25,14,196,3,10,pi_g14_d85_bernoulli_drop_0_25,reruns\grid_density\scenarios\cv\known_visit_grid14_targets10_trials50.csv,1,8,8,26.541380818088353,26.541380818088353,00,00,1,0,True,completed
41,known_visit,PI,bernoulli,drop_0.25,14,196,3,10,pi_g14_d85_bernoulli_drop_0_25,reruns\grid_density\scenarios\cv\known_visit_grid14_targets10_trials50.csv,2,4,5,7.433205429528317,7.433205429528317,01,01,1,0,True,completed
41,known_visit,PI,bernoulli,drop_0.25,14,196,3,10,pi_g14_d85_bernoulli_drop_0_25,reruns\grid_density\scenarios\cv\known_visit_grid14_targets10_trials50.csv,3,1,2,4.058314765399024,4.058314765399024,00,00,2,1,True,completed
41,known_visit,PI,bernoulli,drop_0.25,14,196,3,10,pi_g14_d85_bernoulli_drop_0_25,reruns\grid_density\scenarios\cv\known_visit_grid14_targets10_trials50.csv,4,8,4,19.787078509788284,19.787078509788284,00,00,2,1,True,completed
41,known_visit,PI,bernoulli,drop_0.25,14,196,3,10,pi_g14_d85_bernoulli_drop_0_25,reruns\grid_density\scenarios\cv\known_visit_grid14_targets10_trials50.csv,5,5,1,20.32024274456328,20.32024274456328,01,01,1,0,True,completed
41,known_visit,PI,bernoulli,drop_0.25,14,196,3,10,pi_g14_d85_bernoulli_drop_0_25,reruns\grid_density\scenarios\cv\known_visit_grid14_targets10_trials50.csv,6,12,13,42.0671117681906,42.0671117681906,00,00,1,0,True,completed
41,known_visit,PI,bernoulli,drop_0.25,14,196,3,10,pi_g14_d85_bernoulli_drop_0_25,reruns\grid_density\scenarios\cv\known_visit_grid14_targets10_trials50.csv,7,0,11,2.3863328487332547,2.3863328487332547,02,02,1,0,True,completed
41,known_visit,PI,bernoulli,drop_0.25,14,196,3,10,pi_g14_d85_bernoulli_drop_0_25,reruns\grid_density\scenarios\cv\known_visit_grid14_targets10_trials50.csv,8,6,4,12.884486917514499,12.884486917514499,01,01,2,1,True,completed
41,known_visit,PI,bernoulli,drop_0.25,14,196,3,10,pi_g14_d85_bernoulli_drop_0_25,reruns\grid_density\scenarios\cv\known_visit_grid14_targets10_trials50.csv,9,8,12,18.27853603252433,18.27853603252433,02,02,2,1,True,completed
41,known_visit,PI,bernoulli,drop_0.25,14,196,3,10,pi_g14_d85_bernoulli_drop_0_25,reruns\grid_density\scenarios\cv\known_visit_grid14_targets10_trials50.csv,10,0,1,0.40021581337827283,0.40021581337827283,00,00,1,0,True,completed
42,known_visit,PI,bernoulli,drop_0.25,14,196,3,10,pi_g14_d85_bernoulli_drop_0_25,reruns\grid_density\scenarios\cv\known_visit_grid14_targets10_trials50.csv,1,4,10,23.08536897496683,23.08536897496683,00,00,1,0,True,completed
42,known_visit,PI,bernoulli,drop_0.25,14,196,3,10,pi_g14_d85_bernoulli_drop_0_25,reruns\grid_density\scenarios\cv\known_visit_grid14_targets10_trials50.csv,2,1,2,3.859700929222717,3.859700929222717,00,00,1,0,True,completed
42,known_visit,PI,bernoulli,drop_0.25,14,196,3,10,pi_g14_d85_bernoulli_drop_0_25,reruns\grid_density\scenarios\cv\known_visit_grid14_targets10_trials50.csv,3,0,5,0.4942410438542846,0.4942410438542846,01,01,1,0,True,completed
42,known_visit,PI,bernoulli,drop_0.25,14,196,3,10,pi_g14_d85_bernoulli_drop_0_25,reruns\grid_density\scenarios\cv\known_visit_grid14_targets10_trials50.csv,4,12,9,26.134454538511168,26.134454538511168,02,02,1,0,True,completed
42,known_visit,PI,bernoulli,drop_0.25,14,196,3,10,pi_g14_d85_bernoulli_drop_0_25,reruns\grid_density\scenarios\cv\known_visit_grid14_targets10_trials50.csv,5,11,12,33.617372979762294,33.617372979762294,02,02,1,0,True,completed
42,known_visit,PI,bernoulli,drop_0.25,14,196,3,10,pi_g14_d85_bernoulli_drop_0_25,reruns\grid_density\scenarios\cv\known_visit_grid14_targets10_trials50.csv,6,12,5,21.480635596051176,21.480635596051176,01,01,1,0,True,completed
42,known_visit,PI,bernoulli,drop_0.25,14,196,3,10,pi_g14_d85_bernoulli_drop_0_25,reruns\grid_density\scenarios\cv\known_visit_grid14_targets10_trials50.csv,7,2,11,5.555714231102188,5.555714231102188,02,02,1,0,True,completed
42,known_visit,PI,bernoulli,drop_0.25,14,196,3,10,pi_g14_d85_bernoulli_drop_0_25,reruns\grid_density\scenarios\cv\known_visit_grid14_targets10_trials50.csv,8,2,9,8.991444861724618,8.991444861724618,02,02,1,0,True,completed
42,known_visit,PI,bernoulli,drop_0.25,14,196,3,10,pi_g14_d85_bernoulli_drop_0_25,reruns\grid_density\scenarios\cv\known_visit_grid14_targets10_trials50.csv,9,11,3,27.21260739497509,27.21260739497509,01,01,1,0,True,completed
42,known_visit,PI,bernoulli,drop_0.25,14,196,3,10,pi_g14_d85_bernoulli_drop_0_25,reruns\grid_density\scenarios\cv\known_visit_grid14_targets10_trials50.csv,10,10,9,22.693201522177013,22.693201522177013,02,02,1,0,True,completed
43,known_visit,PI,bernoulli,drop_0.25,14,196,3,10,pi_g14_d85_bernoulli_drop_0_25,reruns\grid_density\scenarios\cv\known_visit_grid14_targets10_trials50.csv,1,10,3,21.13453129764984,21.13453129764984,01,01,2,1,True,completed
43,known_visit,PI,bernoulli,drop_0.25,14,196,3,10,pi_g14_d85_bernoulli_drop_0_25,reruns\grid_density\scenarios\cv\known_visit_grid14_targets10_trials50.csv,2,7,8,36.9353450085034,36.9353450085034,00,00,1,0,True,completed
43,known_visit,PI,bernoulli,drop_0.25,14,196,3,10,pi_g14_d85_bernoulli_drop_0_25,reruns\grid_density\scenarios\cv\known_visit_grid14_targets10_trials50.csv,3,2,10,7.214477275480641,7.214477275480641,02,02,1,0,True,completed
43,known_visit,PI,bernoulli,drop_0.25,14,196,3,10,pi_g14_d85_bernoulli_drop_0_25,reruns\grid_density\scenarios\cv\known_visit_grid14_targets10_trials50.csv,4,9,0,31.884923923765392,31.884923923765392,01,01,1,0,True,completed
43,known_visit,PI,bernoulli,drop_0.25,14,196,3,10,pi_g14_d85_bernoulli_drop_0_25,reruns\grid_density\scenarios\cv\known_visit_grid14_targets10_trials50.csv,5,6,10,14.458775477841622,14.458775477841622,02,02,1,0,True,completed
43,known_visit,PI,bernoulli,drop_0.25,14,196,3,10,pi_g14_d85_bernoulli_drop_0_25,reruns\grid_density\scenarios\cv\known_visit_grid14_targets10_trials50.csv,6,12,0,41.168592394766904,41.168592394766904,01,01,1,0,True,completed
43,known_visit,PI,bernoulli,drop_0.25,14,196,3,10,pi_g14_d85_bernoulli_drop_0_25,reruns\grid_density\scenarios\cv\known_visit_grid14_targets10_trials50.csv,7,4,9,43.94773698433873,43.94773698433873,00,00,1,0,True,completed
43,known_visit,PI,bernoulli,drop_0.25,14,196,3,10,pi_g14_d85_bernoulli_drop_0_25,reruns\grid_density\scenarios\cv\known_visit_grid14_targets10_trials50.csv,8,1,1,2.2615447709545116,2.2615447709545116,00,00,1,0,True,completed
43,known_visit,PI,bernoulli,drop_0.25,14,196,3,10,pi_g14_d85_bernoulli_drop_0_25,reruns\grid_density\scenarios\cv\known_visit_grid14_targets10_trials50.csv,9,13,13,35.93766066998503,35.93766066998503,02,02,1,0,True,completed
43,known_visit,PI,bernoulli,drop_0.25,14,196,3,10,pi_g14_d85_bernoulli_drop_0_25,reruns\grid_density\scenarios\cv\known_visit_grid14_targets10_trials50.csv,10,10,9,23.4823743948494,23.4823743948494,02,02,1,0,True,completed
44,known_visit,PI,bernoulli,drop_0.25,14,196,3,10,pi_g14_d85_bernoulli_drop_0_25,reruns\grid_density\scenarios\cv\known_visit_grid14_targets10_trials50.csv,1,2,10,9.107579432514232,9.107579432514232,01,01,2,1,True,completed
44,known_visit,PI,bernoulli,drop_0.25,14,196,3,10,pi_g14_d85_bernoulli_drop_0_25,reruns\grid_density\scenarios\cv\known_visit_grid14_targets10_trials50.csv,2,7,12,12.453550850873103,12.453550850873103,02,02,1,0,True,completed
44,known_visit,PI,bernoulli,drop_0.25,14,196,3,10,pi_g14_d85_bernoulli_drop_0_25,reruns\grid_density\scenarios\cv\known_visit_grid14_targets10_trials50.csv,3,9,9,23.465850023453196,23.465850023453196,01,01,2,1,True,completed
44,known_visit,PI,bernoulli,drop_0.25,14,196,3,10,pi_g14_d85_bernoulli_drop_0_25,reruns\grid_density\scenarios\cv\known_visit_grid14_targets10_trials50.csv,4,2,1,3.992315673219976,3.992315673219976,00,00,2,1,True,completed
44,known_visit,PI,bernoulli,drop_0.25,14,196,3,10,pi_g14_d85_bernoulli_drop_0_25,reruns\grid_density\scenarios\cv\known_visit_grid14_targets10_trials50.csv,5,6,5,17.672280050985385,17.672280050985385,00,00,1,0,True,completed
44,known_visit,PI,bernoulli,drop_0.25,14,196,3,10,pi_g14_d85_bernoulli_drop_0_25,reruns\grid_density\scenarios\cv\known_visit_grid14_targets10_trials50.csv,6,9,13,18.349647702573286,18.349647702573286,02,02,1,0,True,completed
44,known_visit,PI,bernoulli,drop_0.25,14,196,3,10,pi_g14_d85_bernoulli_drop_0_25,reruns\grid_density\scenarios\cv\known_visit_grid14_targets10_trials50.csv,7,1,13,0.22555924039577369,0.22555924039577369,02,02,1,0,True,completed
44,known_visit,PI,bernoulli,drop_0.25,14,196,3,10,pi_g14_d85_bernoulli_drop_0_25,reruns\grid_density\scenarios\cv\known_visit_grid14_targets10_trials50.csv,8,13,10,32.93445446673906,32.93445446673906,01,01,1,0,True,completed
44,known_visit,PI,bernoulli,drop_0.25,14,196,3,10,pi_g14_d85_bernoulli_drop_0_25,reruns\grid_density\scenarios\cv\known_visit_grid14_targets10_trials50.csv,9,12,1,56.16253827421596,56.16253827421596,01,01,1,0,True,completed
44,known_visit,PI,bernoulli,drop_0.25,14,196,3,10,pi_g14_d85_bernoulli_drop_0_25,reruns\grid_density\scenarios\cv\known_visit_grid14_targets10_trials50.csv,10,8,6,23.153360490155794,23.153360490155794,00,00,1,0,True,completed
45,known_visit,PI,bernoulli,drop_0.25,14,196,3,10,pi_g14_d85_bernoulli_drop_0_25,reruns\grid_density\scenarios\cv\known_visit_grid14_targets10_trials50.csv,1,12,12,51.54253226622146,51.54253226622146,00,00,1,0,True,completed
45,known_visit,PI,bernoulli,drop_0.25,14,196,3,10,pi_g14_d85_bernoulli_drop_0_25,reruns\grid_density\scenarios\cv\known_visit_grid14_targets10_trials50.csv,2,6,8,17.694963291250133,17.694963291250133,02,02,1,0,True,completed
45,known_visit,PI,bernoulli,drop_0.25,14,196,3,10,pi_g14_d85_bernoulli_drop_0_25,reruns\grid_density\scenarios\cv\known_visit_grid14_targets10_trials50.csv,3,8,8,21.40606631672918,21.40606631672918,02,02,2,1,True,completed
45,known_visit,PI,bernoulli,drop_0.25,14,196,3,10,pi_g14_d85_bernoulli_drop_0_25,reruns\grid_density\scenarios\cv\known_visit_grid14_targets10_trials50.csv,4,2,10,9.011953001973943,9.011953001973943,01,01,1,0,True,completed
45,known_visit,PI,bernoulli,drop_0.25,14,196,3,10,pi_g14_d85_bernoulli_drop_0_25,reruns\grid_density\scenarios\cv\known_visit_grid14_targets10_trials50.csv,5,8,1,21.837349330106868,21.837349330106868,00,00,2,1,True,completed
45,known_visit,PI,bernoulli,drop_0.25,14,196,3,10,pi_g14_d85_bernoulli_drop_0_25,reruns\grid_density\scenarios\cv\known_visit_grid14_targets10_trials50.csv,6,0,1,0.478266650633439,0.478266650633439,00,00,1,0,True,completed
45,known_visit,PI,bernoulli,drop_0.25,14,196,3,10,pi_g14_d85_bernoulli_drop_0_25,reruns\grid_density\scenarios\cv\known_visit_grid14_targets10_trials50.csv,7,4,13,5.400918664055024,5.400918664055024,02,02,1,0,True,completed
45,known_visit,PI,bernoulli,drop_0.25,14,196,3,10,pi_g14_d85_bernoulli_drop_0_25,reruns\grid_density\scenarios\cv\known_visit_grid14_targets10_trials50.csv,8,11,0,28.986363511991634,28.986363511991634,00,00,1,0,True,completed
45,known_visit,PI,bernoulli,drop_0.25,14,196,3,10,pi_g14_d85_bernoulli_drop_0_25,reruns\grid_density\scenarios\cv\known_visit_grid14_targets10_trials50.csv,9,2,1,4.003161374582101,4.003161374582101,00,00,1,0,True,completed
45,known_visit,PI,bernoulli,drop_0.25,14,196,3,10,pi_g14_d85_bernoulli_drop_0_25,reruns\grid_density\scenarios\cv\known_visit_grid14_targets10_trials50.csv,10,3,3,9.311601334263175,9.311601334263175,00,00,1,0,True,completed
46,known_visit,PI,bernoulli,drop_0.25,14,196,3,10,pi_g14_d85_bernoulli_drop_0_25,reruns\grid_density\scenarios\cv\known_visit_grid14_targets10_trials50.csv,1,13,3,26.658526955135144,26.658526955135144,00,00,1,0,True,completed
46,known_visit,PI,bernoulli,drop_0.25,14,196,3,10,pi_g14_d85_bernoulli_drop_0_25,reruns\grid_density\scenarios\cv\known_visit_grid14_targets10_trials50.csv,2,10,11,23.494935673830813,23.494935673830813,02,02,2,1,True,completed
46,known_visit,PI,bernoulli,drop_0.25,14,196,3,10,pi_g14_d85_bernoulli_drop_0_25,reruns\grid_density\scenarios\cv\known_visit_grid14_targets10_trials50.csv,3,4,13,5.402585589647632,5.402585589647632,02,02,1,0,True,completed
46,known_visit,PI,bernoulli,drop_0.25,14,196,3,10,pi_g14_d85_bernoulli_drop_0_25,reruns\grid_density\scenarios\cv\known_visit_grid14_targets10_trials50.csv,4,3,12,9.339788860414924,9.339788860414924,02,02,1,0,True,completed
46,known_visit,PI,bernoulli,drop_0.25,14,196,3,10,pi_g14_d85_bernoulli_drop_0_25,reruns\grid_density\scenarios\cv\known_visit_grid14_targets10_trials50.csv,5,11,9,36.14536479372944,36.14536479372944,02,02,1,0,True,completed
46,known_visit,PI,bernoulli,drop_0.25,14,196,3,10,pi_g14_d85_bernoulli_drop_0_25,reruns\grid_density\scenarios\cv\known_visit_grid14_targets10_trials50.csv,6,9,1,16.122782124732673,16.122782124732673,00,00,1,0,True,completed
46,known_visit,PI,bernoulli,drop_0.25,14,196,3,10,pi_g14_d85_bernoulli_drop_0_25,reruns\grid_density\scenarios\cv\known_visit_grid14_targets10_trials50.csv,7,4,3,10.568865864806295,10.568865864806295,01,01,1,0,True,completed
46,known_visit,PI,bernoulli,drop_0.25,14,196,3,10,pi_g14_d85_bernoulli_drop_0_25,reruns\grid_density\scenarios\cv\known_visit_grid14_targets10_trials50.csv,8,12,6,33.93422468688974,33.93422468688974,00,00,1,0,True,completed
46,known_visit,PI,bernoulli,drop_0.25,14,196,3,10,pi_g14_d85_bernoulli_drop_0_25,reruns\grid_density\scenarios\cv\known_visit_grid14_targets10_trials50.csv,9,6,9,24.790400713604765,24.790400713604765,01,01,1,0,True,completed
46,known_visit,PI,bernoulli,drop_0.25,14,196,3,10,pi_g14_d85_bernoulli_drop_0_25,reruns\grid_density\scenarios\cv\known_visit_grid14_targets10_trials50.csv,10,13,11,28.610837884294167,28.610837884294167,02,02,1,0,True,completed
47,known_visit,PI,bernoulli,drop_0.25,14,196,3,10,pi_g14_d85_bernoulli_drop_0_25,reruns\grid_density\scenarios\cv\known_visit_grid14_targets10_trials50.csv,1,3,2,7.824315005540979,7.824315005540979,00,00,1,0,True,completed
47,known_visit,PI,bernoulli,drop_0.25,14,196,3,10,pi_g14_d85_bernoulli_drop_0_25,reruns\grid_density\scenarios\cv\known_visit_grid14_targets10_trials50.csv,2,7,13,31.447001303583896,31.447001303583896,02,02,1,0,True,completed
47,known_visit,PI,bernoulli,drop_0.25,14,196,3,10,pi_g14_d85_bernoulli_drop_0_25,reruns\grid_density\scenarios\cv\known_visit_grid14_targets10_trials50.csv,3,2,5,3.867757999100777,3.867757999100777,01,01,1,0,True,completed
47,known_visit,PI,bernoulli,drop_0.25,14,196,3,10,pi_g14_d85_bernoulli_drop_0_25,reruns\grid_density\scenarios\cv\known_visit_grid14_targets10_trials50.csv,4,4,2,9.553049483571813,9.553049483571813,00,00,1,0,True,completed
47,known_visit,PI,bernoulli,drop_0.25,14,196,3,10,pi_g14_d85_bernoulli_drop_0_25,reruns\grid_density\scenarios\cv\known_visit_grid14_targets10_trials50.csv,5,0,10,3.9299155294356716,3.9299155294356716,02,02,1,0,True,completed
47,known_visit,PI,bernoulli,drop_0.25,14,196,3,10,pi_g14_d85_bernoulli_drop_0_25,reruns\grid_density\scenarios\cv\known_visit_grid14_targets10_trials50.csv,6,11,0,25.37770455943196,25.37770455943196,00,00,1,0,True,completed
47,known_visit,PI,bernoulli,drop_0.25,14,196,3,10,pi_g14_d85_bernoulli_drop_0_25,reruns\grid_density\scenarios\cv\known_visit_grid14_targets10_trials50.csv,7,10,1,21.6325040552834,21.6325040552834,00,00,1,0,True,completed
47,known_visit,PI,bernoulli,drop_0.25,14,196,3,10,pi_g14_d85_bernoulli_drop_0_25,reruns\grid_density\scenarios\cv\known_visit_grid14_targets10_trials50.csv,8,9,5,23.813593482323434,23.813593482323434,01,01,1,0,True,completed
47,known_visit,PI,bernoulli,drop_0.25,14,196,3,10,pi_g14_d85_bernoulli_drop_0_25,reruns\grid_density\scenarios\cv\known_visit_grid14_targets10_trials50.csv,9,2,2,5.897930430202564,5.897930430202564,00,00,1,0,True,completed
47,known_visit,PI,bernoulli,drop_0.25,14,196,3,10,pi_g14_d85_bernoulli_drop_0_25,reruns\grid_density\scenarios\cv\known_visit_grid14_targets10_trials50.csv,10,10,10,20.77143853493616,20.77143853493616,02,02,1,0,True,completed
48,known_visit,PI,bernoulli,drop_0.25,14,196,3,10,pi_g14_d85_bernoulli_drop_0_25,reruns\grid_density\scenarios\cv\known_visit_grid14_targets10_trials50.csv,1,1,2,3.750114952469124,3.750114952469124,00,00,1,0,True,completed
48,known_visit,PI,bernoulli,drop_0.25,14,196,3,10,pi_g14_d85_bernoulli_drop_0_25,reruns\grid_density\scenarios\cv\known_visit_grid14_targets10_trials50.csv,2,4,0,12.677124626247524,12.677124626247524,00,00,1,0,True,completed
48,known_visit,PI,bernoulli,drop_0.25,14,196,3,10,pi_g14_d85_bernoulli_drop_0_25,reruns\grid_density\scenarios\cv\known_visit_grid14_targets10_trials50.csv,3,6,0,16.309829483280424,16.309829483280424,00,00,1,0,True,completed
48,known_visit,PI,bernoulli,drop_0.25,14,196,3,10,pi_g14_d85_bernoulli_drop_0_25,reruns\grid_density\scenarios\cv\known_visit_grid14_targets10_trials50.csv,4,9,13,26.06466980969336,26.06466980969336,02,02,1,0,True,completed
48,known_visit,PI,bernoulli,drop_0.25,14,196,3,10,pi_g14_d85_bernoulli_drop_0_25,reruns\grid_density\scenarios\cv\known_visit_grid14_targets10_trials50.csv,5,5,13,18.55161678085119,18.55161678085119,02,02,1,0,True,completed
48,known_visit,PI,bernoulli,drop_0.25,14,196,3,10,pi_g14_d85_bernoulli_drop_0_25,reruns\grid_density\scenarios\cv\known_visit_grid14_targets10_trials50.csv,6,6,7,10.635837784794562,10.635837784794562,01,01,1,0,True,completed
48,known_visit,PI,bernoulli,drop_0.25,14,196,3,10,pi_g14_d85_bernoulli_drop_0_25,reruns\grid_density\scenarios\cv\known_visit_grid14_targets10_trials50.csv,7,13,1,30.42112250189808,30.42112250189808,00,00,1,0,True,completed
48,known_visit,PI,bernoulli,drop_0.25,14,196,3,10,pi_g14_d85_bernoulli_drop_0_25,reruns\grid_density\scenarios\cv\known_visit_grid14_targets10_trials50.csv,8,2,11,5.709246347372396,5.709246347372396,02,02,1,0,True,completed
48,known_visit,PI,bernoulli,drop_0.25,14,196,3,10,pi_g14_d85_bernoulli_drop_0_25,reruns\grid_density\scenarios\cv\known_visit_grid14_targets10_trials50.csv,9,6,12,14.904322321781567,14.904322321781567,02,02,1,0,True,completed
48,known_visit,PI,bernoulli,drop_0.25,14,196,3,10,pi_g14_d85_bernoulli_drop_0_25,reruns\grid_density\scenarios\cv\known_visit_grid14_targets10_trials50.csv,10,11,1,26.71947316311971,26.71947316311971,00,00,1,0,True,completed
49,known_visit,PI,bernoulli,drop_0.25,14,196,3,10,pi_g14_d85_bernoulli_drop_0_25,reruns\grid_density\scenarios\cv\known_visit_grid14_targets10_trials50.csv,1,3,12,5.723207854768908,5.723207854768908,02,02,1,0,True,completed
49,known_visit,PI,bernoulli,drop_0.25,14,196,3,10,pi_g14_d85_bernoulli_drop_0_25,reruns\grid_density\scenarios\cv\known_visit_grid14_targets10_trials50.csv,2,2,1,3.9018469313134694,3.9018469313134694,00,00,2,1,True,completed
49,known_visit,PI,bernoulli,drop_0.25,14,196,3,10,pi_g14_d85_bernoulli_drop_0_25,reruns\grid_density\scenarios\cv\known_visit_grid14_targets10_trials50.csv,3,5,3,12.655527556761783,12.655527556761783,00,00,1,0,True,completed
49,known_visit,PI,bernoulli,drop_0.25,14,196,3,10,pi_g14_d85_bernoulli_drop_0_25,reruns\grid_density\scenarios\cv\known_visit_grid14_targets10_trials50.csv,4,7,11,14.812758828205007,14.812758828205007,02,02,1,0,True,completed
49,known_visit,PI,bernoulli,drop_0.25,14,196,3,10,pi_g14_d85_bernoulli_drop_0_25,reruns\grid_density\scenarios\cv\known_visit_grid14_targets10_trials50.csv,5,8,5,21.483196941483232,21.483196941483232,00,00,1,0,True,completed
49,known_visit,PI,bernoulli,drop_0.25,14,196,3,10,pi_g14_d85_bernoulli_drop_0_25,reruns\grid_density\scenarios\cv\known_visit_grid14_targets10_trials50.csv,6,1,0,0.12049550500414208,0.12049550500414208,00,00,2,1,True,completed
49,known_visit,PI,bernoulli,drop_0.25,14,196,3,10,pi_g14_d85_bernoulli_drop_0_25,reruns\grid_density\scenarios\cv\known_visit_grid14_targets10_trials50.csv,7,5,12,9.412179697366998,9.412179697366998,02,02,1,0,True,completed
49,known_visit,PI,bernoulli,drop_0.25,14,196,3,10,pi_g14_d85_bernoulli_drop_0_25,reruns\grid_density\scenarios\cv\known_visit_grid14_targets10_trials50.csv,8,11,0,35.609118078871234,35.609118078871234,00,00,1,0,True,completed
49,known_visit,PI,bernoulli,drop_0.25,14,196,3,10,pi_g14_d85_bernoulli_drop_0_25,reruns\grid_density\scenarios\cv\known_visit_grid14_targets10_trials50.csv,9,2,5,3.76623558548783,3.76623558548783,01,01,1,0,True,completed
49,known_visit,PI,bernoulli,drop_0.25,14,196,3,10,pi_g14_d85_bernoulli_drop_0_25,reruns\grid_density\scenarios\cv\known_visit_grid14_targets10_trials50.csv,10,1,8,15.272801165681875,15.272801165681875,01,01,1,0,True,completed
