trial_id,trial_mode,algorithm,comm_model,comm_level,grid_size,grid_cells,robot_count,target_count,condition_id,scenario_file,target_index,target_x,target_y,first_completion_time_s,first_completion_sim_time_s,first_found_by_robot,first_finder_robot_id,total_visits,duplicate_visits,completed,trial_status
0,known_visit,HIPC,bernoulli,drop_0.25,14,196,4,10,hipc_g14_d50_bernoulli_drop_0_25,reruns\grid_density\scenarios\cv\known_visit_grid14_targets10_trials50.csv,1,1,3,2.156593811318828,2.156593811318828,01,01,1,0,True,completed
0,known_visit,HIPC,bernoulli,drop_0.25,14,196,4,10,hipc_g14_d50_bernoulli_drop_0_25,reruns\grid_density\scenarios\cv\known_visit_grid14_targets10_trials50.csv,2,11,7,25.944540049879215,25.944540049879215,02,02,1,0,True,completed
0,known_visit,HIPC,bernoulli,drop_0.25,14,196,4,10,hipc_g14_d50_bernoulli_drop_0_25,reruns\grid_density\scenarios\cv\known_visit_grid14_targets10_trials50.csv,3,6,7,17.578402461353484,17.578402461353484,02,02,2,1,True,completed
0,known_visit,HIPC,bernoulli,drop_0.25,14,196,4,10,hipc_g14_d50_bernoulli_drop_0_25,reruns\grid_density\scenarios\cv\known_visit_grid14_targets10_trials50.csv,4,5,8,13.84245477874755,13.84245477874755,02,02,1,0,True,completed
0,known_visit,HIPC,bernoulli,drop_0.25,14,196,4,10,hipc_g14_d50_bernoulli_drop_0_25,reruns\grid_density\scenarios\cv\known_visit_grid14_targets10_trials50.csv,5,6,3,10.930061621029084,10.930061621029084,01,01,1,0,True,completed
0,known_visit,HIPC,bernoulli,drop_0.25,14,196,4,10,hipc_g14_d50_bernoulli_drop_0_25,reruns\grid_density\scenarios\cv\known_visit_grid14_targets10_trials50.csv,6,13,10,34.79929803568731,34.79929803568731,02,02,1,0,True,completed
0,known_visit,HIPC,bernoulli,drop_0.25,14,196,4,10,hipc_g14_d50_bernoulli_drop_0_25,reruns\grid_density\scenarios\cv\known_visit_grid14_targets10_trials50.csv,7,0,8,0.5193985578532481,0.5193985578532481,02,02,1,0,True,completed
0,known_visit,HIPC,bernoulli,drop_0.25,14,196,4,10,hipc_g14_d50_bernoulli_drop_0_25,reruns\grid_density\scenarios\cv\known_visit_grid14_targets10_trials50.csv,8,0,10,3.867016732278244,3.867016732278244,03,03,1,0,True,completed
0,known_visit,HIPC,bernoulli,drop_0.25,14,196,4,10,hipc_g14_d50_bernoulli_drop_0_25,reruns\grid_density\scenarios\cv\known_visit_grid14_targets10_trials50.csv,9,4,3,7.552055030175056,7.552055030175056,01,01,1,0,True,completed
0,known_visit,HIPC,bernoulli,drop_0.25,14,196,4,10,hipc_g14_d50_bernoulli_drop_0_25,reruns\grid_density\scenarios\cv\known_visit_grid14_targets10_trials50.csv,10,4,9,9.793591776192445,9.793591776192445,02,02,2,1,True,completed
1,known_visit,HIPC,bernoulli,drop_0.25,14,196,4,10,hipc_g14_d50_bernoulli_drop_0_25,reruns\grid_density\scenarios\cv\known_visit_grid14_targets10_trials50.csv,1,10,8,17.42134159954651,17.42134159954651,02,02,2,1,True,completed
1,known_visit,HIPC,bernoulli,drop_0.25,14,196,4,10,hipc_g14_d50_bernoulli_drop_0_25,reruns\grid_density\scenarios\cv\known_visit_grid14_targets10_trials50.csv,2,3,9,3.48623203606571,3.48623203606571,02,02,1,0,True,completed
1,known_visit,HIPC,bernoulli,drop_0.25,14,196,4,10,hipc_g14_d50_bernoulli_drop_0_25,reruns\grid_density\scenarios\cv\known_visit_grid14_targets10_trials50.csv,3,6,2,12.442581689296206,12.442581689296206,00,00,2,1,True,completed
1,known_visit,HIPC,bernoulli,drop_0.25,14,196,4,10,hipc_g14_d50_bernoulli_drop_0_25,reruns\grid_density\scenarios\cv\known_visit_grid14_targets10_trials50.csv,4,13,10,26.501169504903412,26.501169504903412,02,02,1,0,True,completed
1,known_visit,HIPC,bernoulli,drop_0.25,14,196,4,10,hipc_g14_d50_bernoulli_drop_0_25,reruns\grid_density\scenarios\cv\known_visit_grid14_targets10_trials50.csv,5,10,2,23.230253438138018,23.230253438138018,00,00,1,0,True,completed
1,known_visit,HIPC,bernoulli,drop_0.25,14,196,4,10,hipc_g14_d50_bernoulli_drop_0_25,reruns\grid_density\scenarios\cv\known_visit_grid14_targets10_trials50.csv,6,11,2,25.14057044010832,25.14057044010832,00,00,1,0,True,completed
1,known_visit,HIPC,bernoulli,drop_0.25,14,196,4,10,hipc_g14_d50_bernoulli_drop_0_25,reruns\grid_density\scenarios\cv\known_visit_grid14_targets10_trials50.csv,7,1,5,2.237240496035285,2.237240496035285,01,01,1,0,True,completed
1,known_visit,HIPC,bernoulli,drop_0.25,14,196,4,10,hipc_g14_d50_bernoulli_drop_0_25,reruns\grid_density\scenarios\cv\known_visit_grid14_targets10_trials50.csv,8,11,3,27.11149962815912,27.11149962815912,00,00,1,0,True,completed
1,known_visit,HIPC,bernoulli,drop_0.25,14,196,4,10,hipc_g14_d50_bernoulli_drop_0_25,reruns\grid_density\scenarios\cv\known_visit_grid14_targets10_trials50.csv,9,8,3,17.859787831423557,17.859787831423557,00,00,1,0,True,completed
1,known_visit,HIPC,bernoulli,drop_0.25,14,196,4,10,hipc_g14_d50_bernoulli_drop_0_25,reruns\grid_density\scenarios\cv\known_visit_grid14_targets10_trials50.csv,10,3,4,7.907166777150782,7.907166777150782,01,01,1,0,True,completed
2,known_visit,HIPC,bernoulli,drop_0.25,14,196,4,10,hipc_g14_d50_bernoulli_drop_0_25,reruns\grid_density\scenarios\cv\known_visit_grid14_targets10_trials50.csv,1,9,5,20.100262910504128,20.100262910504128,01,01,1,0,True,completed
2,known_visit,HIPC,bernoulli,drop_0.25,14,196,4,10,hipc_g14_d50_bernoulli_drop_0_25,reruns\grid_density\scenarios\cv\known_visit_grid14_targets10_trials50.csv,2,1,6,3.8302152290289526,3.8302152290289526,01,01,1,0,True,completed
2,known_visit,HIPC,bernoulli,drop_0.25,14,196,4,10,hipc_g14_d50_bernoulli_drop_0_25,reruns\grid_density\scenarios\cv\known_visit_grid14_targets10_trials50.csv,3,3,2,7.750495735902176,7.750495735902176,00,00,1,0,True,completed
2,known_visit,HIPC,bernoulli,drop_0.25,14,196,4,10,hipc_g14_d50_bernoulli_drop_0_25,reruns\grid_density\scenarios\cv\known_visit_grid14_targets10_trials50.csv,4,12,7,28.973722912644334,28.973722912644334,01,01,1,0,True,completed
2,known_visit,HIPC,bernoulli,drop_0.25,14,196,4,10,hipc_g14_d50_bernoulli_drop_0_25,reruns\grid_density\scenarios\cv\known_visit_grid14_targets10_trials50.csv,5,9,13,13.74730060178881,13.74730060178881,03,03,1,0,True,completed
2,known_visit,HIPC,bernoulli,drop_0.25,14,196,4,10,hipc_g14_d50_bernoulli_drop_0_25,reruns\grid_density\scenarios\cv\known_visit_grid14_targets10_trials50.csv,6,9,10,19.146560563385172,19.146560563385172,03,03,1,0,True,completed
2,known_visit,HIPC,bernoulli,drop_0.25,14,196,4,10,hipc_g14_d50_bernoulli_drop_0_25,reruns\grid_density\scenarios\cv\known_visit_grid14_targets10_trials50.csv,7,4,1,11.405340462009663,11.405340462009663,00,00,1,0,True,completed
2,known_visit,HIPC,bernoulli,drop_0.25,14,196,4,10,hipc_g14_d50_bernoulli_drop_0_25,reruns\grid_density\scenarios\cv\known_visit_grid14_targets10_trials50.csv,8,2,13,1.7820644559392873,1.7820644559392873,03,03,1,0,True,completed
2,known_visit,HIPC,bernoulli,drop_0.25,14,196,4,10,hipc_g14_d50_bernoulli_drop_0_25,reruns\grid_density\scenarios\cv\known_visit_grid14_targets10_trials50.csv,9,2,2,5.8274620385883775,5.8274620385883775,00,00,1,0,True,completed
2,known_visit,HIPC,bernoulli,drop_0.25,14,196,4,10,hipc_g14_d50_bernoulli_drop_0_25,reruns\grid_density\scenarios\cv\known_visit_grid14_targets10_trials50.csv,10,1,11,3.8200419521739004,3.8200419521739004,02,02,1,0,True,completed
3,known_visit,HIPC,bernoulli,drop_0.25,14,196,4,10,hipc_g14_d50_bernoulli_drop_0_25,reruns\grid_density\scenarios\cv\known_visit_grid14_targets10_trials50.csv,1,0,12,0.5410654687976648,0.5410654687976648,03,03,1,0,True,completed
3,known_visit,HIPC,bernoulli,drop_0.25,14,196,4,10,hipc_g14_d50_bernoulli_drop_0_25,reruns\grid_density\scenarios\cv\known_visit_grid14_targets10_trials50.csv,2,7,11,14.274586407355049,14.274586407355049,02,02,1,0,True,completed
3,known_visit,HIPC,bernoulli,drop_0.25,14,196,4,10,hipc_g14_d50_bernoulli_drop_0_25,reruns\grid_density\scenarios\cv\known_visit_grid14_targets10_trials50.csv,3,9,6,18.10183155559609,18.10183155559609,01,01,1,0,True,completed
3,known_visit,HIPC,bernoulli,drop_0.25,14,196,4,10,hipc_g14_d50_bernoulli_drop_0_25,reruns\grid_density\scenarios\cv\known_visit_grid14_targets10_trials50.csv,4,12,13,24.12932256920476,24.12932256920476,03,03,1,0,True,completed
3,known_visit,HIPC,bernoulli,drop_0.25,14,196,4,10,hipc_g14_d50_bernoulli_drop_0_25,reruns\grid_density\scenarios\cv\known_visit_grid14_targets10_trials50.csv,5,1,5,2.1385934257237134,2.1385934257237134,01,01,1,0,True,completed
3,known_visit,HIPC,bernoulli,drop_0.25,14,196,4,10,hipc_g14_d50_bernoulli_drop_0_25,reruns\grid_density\scenarios\cv\known_visit_grid14_targets10_trials50.csv,6,8,8,21.728141240672525,21.728141240672525,02,02,1,0,True,completed
3,known_visit,HIPC,bernoulli,drop_0.25,14,196,4,10,hipc_g14_d50_bernoulli_drop_0_25,reruns\grid_density\scenarios\cv\known_visit_grid14_targets10_trials50.csv,7,12,6,31.80154082264116,31.80154082264116,01,01,1,0,True,completed
3,known_visit,HIPC,bernoulli,drop_0.25,14,196,4,10,hipc_g14_d50_bernoulli_drop_0_25,reruns\grid_density\scenarios\cv\known_visit_grid14_targets10_trials50.csv,8,5,2,10.795851434607691,10.795851434607691,00,00,1,0,True,completed
3,known_visit,HIPC,bernoulli,drop_0.25,14,196,4,10,hipc_g14_d50_bernoulli_drop_0_25,reruns\grid_density\scenarios\cv\known_visit_grid14_targets10_trials50.csv,9,13,11,29.801843493469967,29.801843493469967,03,03,1,0,True,completed
3,known_visit,HIPC,bernoulli,drop_0.25,14,196,4,10,hipc_g14_d50_bernoulli_drop_0_25,reruns\grid_density\scenarios\cv\known_visit_grid14_targets10_trials50.csv,10,9,8,21.878760136891458,21.878760136891458,01,01,1,0,True,completed
4,known_visit,HIPC,bernoulli,drop_0.25,14,196,4,10,hipc_g14_d50_bernoulli_drop_0_25,reruns\grid_density\scenarios\cv\known_visit_grid14_targets10_trials50.csv,1,6,0,13.517158808818582,13.517158808818582,00,00,1,0,True,completed
4,known_visit,HIPC,bernoulli,drop_0.25,14,196,4,10,hipc_g14_d50_bernoulli_drop_0_25,reruns\grid_density\scenarios\cv\known_visit_grid14_targets10_trials50.csv,2,12,4,23.576867720026147,23.576867720026147,01,01,1,0,True,completed
4,known_visit,HIPC,bernoulli,drop_0.25,14,196,4,10,hipc_g14_d50_bernoulli_drop_0_25,reruns\grid_density\scenarios\cv\known_visit_grid14_targets10_trials50.csv,3,0,10,0.5147233577821082,0.5147233577821082,02,02,1,0,True,completed
4,known_visit,HIPC,bernoulli,drop_0.25,14,196,4,10,hipc_g14_d50_bernoulli_drop_0_25,reruns\grid_density\scenarios\cv\known_visit_grid14_targets10_trials50.csv,4,6,10,10.849014380676087,10.849014380676087,02,02,2,1,True,completed
4,known_visit,HIPC,bernoulli,drop_0.25,14,196,4,10,hipc_g14_d50_bernoulli_drop_0_25,reruns\grid_density\scenarios\cv\known_visit_grid14_targets10_trials50.csv,5,10,8,22.092477353695983,22.092477353695983,02,02,1,0,True,completed
4,known_visit,HIPC,bernoulli,drop_0.25,14,196,4,10,hipc_g14_d50_bernoulli_drop_0_25,reruns\grid_density\scenarios\cv\known_visit_grid14_targets10_trials50.csv,6,7,2,18.872944351893594,18.872944351893594,00,00,1,0,True,completed
4,known_visit,HIPC,bernoulli,drop_0.25,14,196,4,10,hipc_g14_d50_bernoulli_drop_0_25,reruns\grid_density\scenarios\cv\known_visit_grid14_targets10_trials50.csv,7,3,0,7.90522071309653,7.90522071309653,00,00,1,0,True,completed
4,known_visit,HIPC,bernoulli,drop_0.25,14,196,4,10,hipc_g14_d50_bernoulli_drop_0_25,reruns\grid_density\scenarios\cv\known_visit_grid14_targets10_trials50.csv,8,2,1,3.830962212187202,3.830962212187202,00,00,1,0,True,completed
4,known_visit,HIPC,bernoulli,drop_0.25,14,196,4,10,hipc_g14_d50_bernoulli_drop_0_25,reruns\grid_density\scenarios\cv\known_visit_grid14_targets10_trials50.csv,9,6,9,12.948804279394187,12.948804279394187,02,02,1,0,True,completed
4,known_visit,HIPC,bernoulli,drop_0.25,14,196,4,10,hipc_g14_d50_bernoulli_drop_0_25,reruns\grid_density\scenarios\cv\known_visit_grid14_targets10_trials50.csv,10,3,5,5.609979362233143,5.609979362233143,01,01,1,0,True,completed
5,known_visit,HIPC,bernoulli,drop_0.25,14,196,4,10,hipc_g14_d50_bernoulli_drop_0_25,reruns\grid_density\scenarios\cv\known_visit_grid14_targets10_trials50.csv,1,6,3,10.82068983973612,10.82068983973612,01,01,1,0,True,completed
5,known_visit,HIPC,bernoulli,drop_0.25,14,196,4,10,hipc_g14_d50_bernoulli_drop_0_25,reruns\grid_density\scenarios\cv\known_visit_grid14_targets10_trials50.csv,2,11,2,21.388341955973942,21.388341955973942,01,01,1,0,True,completed
5,known_visit,HIPC,bernoulli,drop_0.25,14,196,4,10,hipc_g14_d50_bernoulli_drop_0_25,reruns\grid_density\scenarios\cv\known_visit_grid14_targets10_trials50.csv,3,4,7,9.39284393886233,9.39284393886233,02,02,1,0,True,completed
5,known_visit,HIPC,bernoulli,drop_0.25,14,196,4,10,hipc_g14_d50_bernoulli_drop_0_25,reruns\grid_density\scenarios\cv\known_visit_grid14_targets10_trials50.csv,4,0,7,2.2160282986581223,2.2160282986581223,02,02,1,0,True,completed
5,known_visit,HIPC,bernoulli,drop_0.25,14,196,4,10,hipc_g14_d50_bernoulli_drop_0_25,reruns\grid_density\scenarios\cv\known_visit_grid14_targets10_trials50.csv,5,8,0,11.951300103870516,11.951300103870516,00,00,1,0,True,completed
5,known_visit,HIPC,bernoulli,drop_0.25,14,196,4,10,hipc_g14_d50_bernoulli_drop_0_25,reruns\grid_density\scenarios\cv\known_visit_grid14_targets10_trials50.csv,6,1,0,0.1775499295992622,0.1775499295992622,00,00,1,0,True,completed
5,known_visit,HIPC,bernoulli,drop_0.25,14,196,4,10,hipc_g14_d50_bernoulli_drop_0_25,reruns\grid_density\scenarios\cv\known_visit_grid14_targets10_trials50.csv,7,5,12,8.872177871279671,8.872177871279671,03,03,1,0,True,completed
5,known_visit,HIPC,bernoulli,drop_0.25,14,196,4,10,hipc_g14_d50_bernoulli_drop_0_25,reruns\grid_density\scenarios\cv\known_visit_grid14_targets10_trials50.csv,8,10,9,22.614894486984532,22.614894486984532,03,03,1,0,True,completed
5,known_visit,HIPC,bernoulli,drop_0.25,14,196,4,10,hipc_g14_d50_bernoulli_drop_0_25,reruns\grid_density\scenarios\cv\known_visit_grid14_targets10_trials50.csv,9,7,2,14.454628133574452,14.454628133574452,01,01,2,1,True,completed
5,known_visit,HIPC,bernoulli,drop_0.25,14,196,4,10,hipc_g14_d50_bernoulli_drop_0_25,reruns\grid_density\scenarios\cv\known_visit_grid14_targets10_trials50.csv,10,12,5,28.492573745076935,28.492573745076935,01,01,1,0,True,completed
6,known_visit,HIPC,bernoulli,drop_0.25,14,196,4,10,hipc_g14_d50_bernoulli_drop_0_25,reruns\grid_density\scenarios\cv\known_visit_grid14_targets10_trials50.csv,1,8,9,16.548260911207034,16.548260911207034,02,02,1,0,True,completed
6,known_visit,HIPC,bernoulli,drop_0.25,14,196,4,10,hipc_g14_d50_bernoulli_drop_0_25,reruns\grid_density\scenarios\cv\known_visit_grid14_targets10_trials50.csv,2,2,9,2.0318792185885703,2.0318792185885703,02,02,1,0,True,completed
6,known_visit,HIPC,bernoulli,drop_0.25,14,196,4,10,hipc_g14_d50_bernoulli_drop_0_25,reruns\grid_density\scenarios\cv\known_visit_grid14_targets10_trials50.csv,3,1,9,0.3330565747841277,0.3330565747841277,02,02,1,0,True,completed
6,known_visit,HIPC,bernoulli,drop_0.25,14,196,4,10,hipc_g14_d50_bernoulli_drop_0_25,reruns\grid_density\scenarios\cv\known_visit_grid14_targets10_trials50.csv,4,5,3,16.473242875568097,16.473242875568097,01,01,1,0,True,completed
6,known_visit,HIPC,bernoulli,drop_0.25,14,196,4,10,hipc_g14_d50_bernoulli_drop_0_25,reruns\grid_density\scenarios\cv\known_visit_grid14_targets10_trials50.csv,5,2,10,3.9983683711931555,3.9983683711931555,02,02,1,0,True,completed
6,known_visit,HIPC,bernoulli,drop_0.25,14,196,4,10,hipc_g14_d50_bernoulli_drop_0_25,reruns\grid_density\scenarios\cv\known_visit_grid14_targets10_trials50.csv,6,1,0,0.14105398728767113,0.14105398728767113,00,00,1,0,True,completed
6,known_visit,HIPC,bernoulli,drop_0.25,14,196,4,10,hipc_g14_d50_bernoulli_drop_0_25,reruns\grid_density\scenarios\cv\known_visit_grid14_targets10_trials50.csv,7,2,0,1.824015843772664,1.824015843772664,00,00,1,0,True,completed
6,known_visit,HIPC,bernoulli,drop_0.25,14,196,4,10,hipc_g14_d50_bernoulli_drop_0_25,reruns\grid_density\scenarios\cv\known_visit_grid14_targets10_trials50.csv,8,1,11,5.526067552873024,5.526067552873024,03,03,1,0,True,completed
6,known_visit,HIPC,bernoulli,drop_0.25,14,196,4,10,hipc_g14_d50_bernoulli_drop_0_25,reruns\grid_density\scenarios\cv\known_visit_grid14_targets10_trials50.csv,9,0,5,0.5617525599200913,0.5617525599200913,01,01,1,0,True,completed
6,known_visit,HIPC,bernoulli,drop_0.25,14,196,4,10,hipc_g14_d50_bernoulli_drop_0_25,reruns\grid_density\scenarios\cv\known_visit_grid14_targets10_trials50.csv,10,4,6,9.55234303115852,9.55234303115852,01,01,1,0,True,completed
7,known_visit,HIPC,bernoulli,drop_0.25,14,196,4,10,hipc_g14_d50_bernoulli_drop_0_25,reruns\grid_density\scenarios\cv\known_visit_grid14_targets10_trials50.csv,1,4,0,5.346142435961664,5.346142435961664,00,00,1,0,True,completed
7,known_visit,HIPC,bernoulli,drop_0.25,14,196,4,10,hipc_g14_d50_bernoulli_drop_0_25,reruns\grid_density\scenarios\cv\known_visit_grid14_targets10_trials50.csv,2,2,13,1.8826019901599889,1.8826019901599889,03,03,1,0,True,completed
7,known_visit,HIPC,bernoulli,drop_0.25,14,196,4,10,hipc_g14_d50_bernoulli_drop_0_25,reruns\grid_density\scenarios\cv\known_visit_grid14_targets10_trials50.csv,3,8,0,12.198607240472354,12.198607240472354,00,00,1,0,True,completed
7,known_visit,HIPC,bernoulli,drop_0.25,14,196,4,10,hipc_g14_d50_bernoulli_drop_0_25,reruns\grid_density\scenarios\cv\known_visit_grid14_targets10_trials50.csv,4,6,13,8.838691329417786,8.838691329417786,03,03,1,0,True,completed
7,known_visit,HIPC,bernoulli,drop_0.25,14,196,4,10,hipc_g14_d50_bernoulli_drop_0_25,reruns\grid_density\scenarios\cv\known_visit_grid14_targets10_trials50.csv,5,4,6,9.301353265252805,9.301353265252805,01,01,1,0,True,completed
7,known_visit,HIPC,bernoulli,drop_0.25,14,196,4,10,hipc_g14_d50_bernoulli_drop_0_25,reruns\grid_density\scenarios\cv\known_visit_grid14_targets10_trials50.csv,6,9,12,16.189907320804476,16.189907320804476,03,03,1,0,True,completed
7,known_visit,HIPC,bernoulli,drop_0.25,14,196,4,10,hipc_g14_d50_bernoulli_drop_0_25,reruns\grid_density\scenarios\cv\known_visit_grid14_targets10_trials50.csv,7,3,0,3.735879630081047,3.735879630081047,00,00,1,0,True,completed
7,known_visit,HIPC,bernoulli,drop_0.25,14,196,4,10,hipc_g14_d50_bernoulli_drop_0_25,reruns\grid_density\scenarios\cv\known_visit_grid14_targets10_trials50.csv,8,6,12,10.916857637574628,10.916857637574628,03,03,1,0,True,completed
7,known_visit,HIPC,bernoulli,drop_0.25,14,196,4,10,hipc_g14_d50_bernoulli_drop_0_25,reruns\grid_density\scenarios\cv\known_visit_grid14_targets10_trials50.csv,9,1,11,3.956922677816164,3.956922677816164,02,02,1,0,True,completed
7,known_visit,HIPC,bernoulli,drop_0.25,14,196,4,10,hipc_g14_d50_bernoulli_drop_0_25,reruns\grid_density\scenarios\cv\known_visit_grid14_targets10_trials50.csv,10,7,9,25.572166622236903,25.572166622236903,03,03,1,0,True,completed
8,known_visit,HIPC,bernoulli,drop_0.25,14,196,4,10,hipc_g14_d50_bernoulli_drop_0_25,reruns\grid_density\scenarios\cv\known_visit_grid14_targets10_trials50.csv,1,11,5,25.082655127650742,25.082655127650742,02,02,1,0,True,completed
8,known_visit,HIPC,bernoulli,drop_0.25,14,196,4,10,hipc_g14_d50_bernoulli_drop_0_25,reruns\grid_density\scenarios\cv\known_visit_grid14_targets10_trials50.csv,2,1,6,3.8802611648716625,3.8802611648716625,01,01,1,0,True,completed
8,known_visit,HIPC,bernoulli,drop_0.25,14,196,4,10,hipc_g14_d50_bernoulli_drop_0_25,reruns\grid_density\scenarios\cv\known_visit_grid14_targets10_trials50.csv,3,5,7,11.268947374687635,11.268947374687635,02,02,1,0,True,completed
8,known_visit,HIPC,bernoulli,drop_0.25,14,196,4,10,hipc_g14_d50_bernoulli_drop_0_25,reruns\grid_density\scenarios\cv\known_visit_grid14_targets10_trials50.csv,4,13,5,28.729964966510472,28.729964966510472,02,02,1,0,True,completed
8,known_visit,HIPC,bernoulli,drop_0.25,14,196,4,10,hipc_g14_d50_bernoulli_drop_0_25,reruns\grid_density\scenarios\cv\known_visit_grid14_targets10_trials50.csv,5,4,2,9.181501201705704,9.181501201705704,00,00,1,0,True,completed
8,known_visit,HIPC,bernoulli,drop_0.25,14,196,4,10,hipc_g14_d50_bernoulli_drop_0_25,reruns\grid_density\scenarios\cv\known_visit_grid14_targets10_trials50.csv,6,11,0,25.251374046201448,25.251374046201448,00,00,1,0,True,completed
8,known_visit,HIPC,bernoulli,drop_0.25,14,196,4,10,hipc_g14_d50_bernoulli_drop_0_25,reruns\grid_density\scenarios\cv\known_visit_grid14_targets10_trials50.csv,7,1,7,4.100704125613121,4.100704125613121,02,02,1,0,True,completed
8,known_visit,HIPC,bernoulli,drop_0.25,14,196,4,10,hipc_g14_d50_bernoulli_drop_0_25,reruns\grid_density\scenarios\cv\known_visit_grid14_targets10_trials50.csv,8,8,13,12.152539487781377,12.152539487781377,03,03,1,0,True,completed
8,known_visit,HIPC,bernoulli,drop_0.25,14,196,4,10,hipc_g14_d50_bernoulli_drop_0_25,reruns\grid_density\scenarios\cv\known_visit_grid14_targets10_trials50.csv,9,7,1,16.580294830796444,16.580294830796444,00,00,1,0,True,completed
8,known_visit,HIPC,bernoulli,drop_0.25,14,196,4,10,hipc_g14_d50_bernoulli_drop_0_25,reruns\grid_density\scenarios\cv\known_visit_grid14_targets10_trials50.csv,10,12,13,19.018623176298266,19.018623176298266,03,03,1,0,True,completed
9,known_visit,HIPC,bernoulli,drop_0.25,14,196,4,10,hipc_g14_d50_bernoulli_drop_0_25,reruns\grid_density\scenarios\cv\known_visit_grid14_targets10_trials50.csv,1,10,8,17.90813439186118,17.90813439186118,02,02,1,0,True,completed
9,known_visit,HIPC,bernoulli,drop_0.25,14,196,4,10,hipc_g14_d50_bernoulli_drop_0_25,reruns\grid_density\scenarios\cv\known_visit_grid14_targets10_trials50.csv,2,8,13,11.9432744616065,11.9432744616065,03,03,1,0,True,completed
9,known_visit,HIPC,bernoulli,drop_0.25,14,196,4,10,hipc_g14_d50_bernoulli_drop_0_25,reruns\grid_density\scenarios\cv\known_visit_grid14_targets10_trials50.csv,3,2,13,1.919937423894314,1.919937423894314,03,03,1,0,True,completed
9,known_visit,HIPC,bernoulli,drop_0.25,14,196,4,10,hipc_g14_d50_bernoulli_drop_0_25,reruns\grid_density\scenarios\cv\known_visit_grid14_targets10_trials50.csv,4,10,6,21.720862590837008,21.720862590837008,02,02,1,0,True,completed
9,known_visit,HIPC,bernoulli,drop_0.25,14,196,4,10,hipc_g14_d50_bernoulli_drop_0_25,reruns\grid_density\scenarios\cv\known_visit_grid14_targets10_trials50.csv,5,13,4,28.25913285489943,28.25913285489943,00,00,1,0,True,completed
9,known_visit,HIPC,bernoulli,drop_0.25,14,196,4,10,hipc_g14_d50_bernoulli_drop_0_25,reruns\grid_density\scenarios\cv\known_visit_grid14_targets10_trials50.csv,6,13,7,33.291895525683216,33.291895525683216,00,00,1,0,True,completed
9,known_visit,HIPC,bernoulli,drop_0.25,14,196,4,10,hipc_g14_d50_bernoulli_drop_0_25,reruns\grid_density\scenarios\cv\known_visit_grid14_targets10_trials50.csv,7,6,7,14.793868263357496,14.793868263357496,01,01,1,0,True,completed
9,known_visit,HIPC,bernoulli,drop_0.25,14,196,4,10,hipc_g14_d50_bernoulli_drop_0_25,reruns\grid_density\scenarios\cv\known_visit_grid14_targets10_trials50.csv,8,9,2,17.95096978175174,17.95096978175174,00,00,1,0,True,completed
9,known_visit,HIPC,bernoulli,drop_0.25,14,196,4,10,hipc_g14_d50_bernoulli_drop_0_25,reruns\grid_density\scenarios\cv\known_visit_grid14_targets10_trials50.csv,9,6,2,12.595713494982798,12.595713494982798,00,00,1,0,True,completed
9,known_visit,HIPC,bernoulli,drop_0.25,14,196,4,10,hipc_g14_d50_bernoulli_drop_0_25,reruns\grid_density\scenarios\cv\known_visit_grid14_targets10_trials50.csv,10,7,9,10.491992604748853,10.491992604748853,02,02,1,0,True,completed
10,known_visit,HIPC,bernoulli,drop_0.25,14,196,4,10,hipc_g14_d50_bernoulli_drop_0_25,reruns\grid_density\scenarios\cv\known_visit_grid14_targets10_trials50.csv,1,2,4,1.8952187238270974,1.8952187238270974,01,01,1,0,True,completed
10,known_visit,HIPC,bernoulli,drop_0.25,14,196,4,10,hipc_g14_d50_bernoulli_drop_0_25,reruns\grid_density\scenarios\cv\known_visit_grid14_targets10_trials50.csv,2,12,12,20.593884170791554,20.593884170791554,03,03,1,0,True,completed
10,known_visit,HIPC,bernoulli,drop_0.25,14,196,4,10,hipc_g14_d50_bernoulli_drop_0_25,reruns\grid_density\scenarios\cv\known_visit_grid14_targets10_trials50.csv,3,11,9,27.854880801726996,27.854880801726996,03,03,1,0,True,completed
10,known_visit,HIPC,bernoulli,drop_0.25,14,196,4,10,hipc_g14_d50_bernoulli_drop_0_25,reruns\grid_density\scenarios\cv\known_visit_grid14_targets10_trials50.csv,4,7,13,10.185587876491653,10.185587876491653,03,03,1,0,True,completed
10,known_visit,HIPC,bernoulli,drop_0.25,14,196,4,10,hipc_g14_d50_bernoulli_drop_0_25,reruns\grid_density\scenarios\cv\known_visit_grid14_targets10_trials50.csv,5,9,8,25.667153493648513,25.667153493648513,01,01,1,0,True,completed
10,known_visit,HIPC,bernoulli,drop_0.25,14,196,4,10,hipc_g14_d50_bernoulli_drop_0_25,reruns\grid_density\scenarios\cv\known_visit_grid14_targets10_trials50.csv,6,4,10,11.213323552190788,11.213323552190788,02,02,1,0,True,completed
10,known_visit,HIPC,bernoulli,drop_0.25,14,196,4,10,hipc_g14_d50_bernoulli_drop_0_25,reruns\grid_density\scenarios\cv\known_visit_grid14_targets10_trials50.csv,7,2,8,3.9979669497287875,3.9979669497287875,02,02,2,1,True,completed
10,known_visit,HIPC,bernoulli,drop_0.25,14,196,4,10,hipc_g14_d50_bernoulli_drop_0_25,reruns\grid_density\scenarios\cv\known_visit_grid14_targets10_trials50.csv,8,3,2,7.658057488846288,7.658057488846288,00,00,1,0,True,completed
10,known_visit,HIPC,bernoulli,drop_0.25,14,196,4,10,hipc_g14_d50_bernoulli_drop_0_25,reruns\grid_density\scenarios\cv\known_visit_grid14_targets10_trials50.csv,9,12,9,25.87952107071659,25.87952107071659,03,03,1,0,True,completed
10,known_visit,HIPC,bernoulli,drop_0.25,14,196,4,10,hipc_g14_d50_bernoulli_drop_0_25,reruns\grid_density\scenarios\cv\known_visit_grid14_targets10_trials50.csv,10,5,6,15.067728096587704,15.067728096587704,01,01,1,0,True,completed
11,known_visit,HIPC,bernoulli,drop_0.25,14,196,4,10,hipc_g14_d50_bernoulli_drop_0_25,reruns\grid_density\scenarios\cv\known_visit_grid14_targets10_trials50.csv,1,5,6,11.008313752365298,11.008313752365298,01,01,1,0,True,completed
11,known_visit,HIPC,bernoulli,drop_0.25,14,196,4,10,hipc_g14_d50_bernoulli_drop_0_25,reruns\grid_density\scenarios\cv\known_visit_grid14_targets10_trials50.csv,2,11,1,31.303472981791785,31.303472981791785,01,01,1,0,True,completed
11,known_visit,HIPC,bernoulli,drop_0.25,14,196,4,10,hipc_g14_d50_bernoulli_drop_0_25,reruns\grid_density\scenarios\cv\known_visit_grid14_targets10_trials50.csv,3,7,4,24.264146121478085,24.264146121478085,00,00,1,0,True,completed
11,known_visit,HIPC,bernoulli,drop_0.25,14,196,4,10,hipc_g14_d50_bernoulli_drop_0_25,reruns\grid_density\scenarios\cv\known_visit_grid14_targets10_trials50.csv,4,7,5,16.480656142352757,16.480656142352757,01,01,2,1,True,completed
11,known_visit,HIPC,bernoulli,drop_0.25,14,196,4,10,hipc_g14_d50_bernoulli_drop_0_25,reruns\grid_density\scenarios\cv\known_visit_grid14_targets10_trials50.csv,5,2,4,1.9655489830780875,1.9655489830780875,01,01,2,1,True,completed
11,known_visit,HIPC,bernoulli,drop_0.25,14,196,4,10,hipc_g14_d50_bernoulli_drop_0_25,reruns\grid_density\scenarios\cv\known_visit_grid14_targets10_trials50.csv,6,13,2,36.831851935208,36.831851935208,01,01,1,0,True,completed
11,known_visit,HIPC,bernoulli,drop_0.25,14,196,4,10,hipc_g14_d50_bernoulli_drop_0_25,reruns\grid_density\scenarios\cv\known_visit_grid14_targets10_trials50.csv,7,12,13,30.92744666437412,30.92744666437412,02,02,1,0,True,completed
11,known_visit,HIPC,bernoulli,drop_0.25,14,196,4,10,hipc_g14_d50_bernoulli_drop_0_25,reruns\grid_density\scenarios\cv\known_visit_grid14_targets10_trials50.csv,8,5,11,10.840314814072874,10.840314814072874,02,02,1,0,True,completed
11,known_visit,HIPC,bernoulli,drop_0.25,14,196,4,10,hipc_g14_d50_bernoulli_drop_0_25,reruns\grid_density\scenarios\cv\known_visit_grid14_targets10_trials50.csv,9,10,10,21.60805452903353,21.60805452903353,02,02,1,0,True,completed
11,known_visit,HIPC,bernoulli,drop_0.25,14,196,4,10,hipc_g14_d50_bernoulli_drop_0_25,reruns\grid_density\scenarios\cv\known_visit_grid14_targets10_trials50.csv,10,4,5,7.334512992690494,7.334512992690494,01,01,1,0,True,completed
12,known_visit,HIPC,bernoulli,drop_0.25,14,196,4,10,hipc_g14_d50_bernoulli_drop_0_25,reruns\grid_density\scenarios\cv\known_visit_grid14_targets10_trials50.csv,1,11,0,46.86328758158393,46.86328758158393,00,00,1,0,True,completed
12,known_visit,HIPC,bernoulli,drop_0.25,14,196,4,10,hipc_g14_d50_bernoulli_drop_0_25,reruns\grid_density\scenarios\cv\known_visit_grid14_targets10_trials50.csv,2,6,2,12.635434431784832,12.635434431784832,00,00,1,0,True,completed
12,known_visit,HIPC,bernoulli,drop_0.25,14,196,4,10,hipc_g14_d50_bernoulli_drop_0_25,reruns\grid_density\scenarios\cv\known_visit_grid14_targets10_trials50.csv,3,6,7,12.797774141958781,12.797774141958781,02,02,2,1,True,completed
12,known_visit,HIPC,bernoulli,drop_0.25,14,196,4,10,hipc_g14_d50_bernoulli_drop_0_25,reruns\grid_density\scenarios\cv\known_visit_grid14_targets10_trials50.csv,4,9,9,25.629793418185745,25.629793418185745,02,02,1,0,True,completed
12,known_visit,HIPC,bernoulli,drop_0.25,14,196,4,10,hipc_g14_d50_bernoulli_drop_0_25,reruns\grid_density\scenarios\cv\known_visit_grid14_targets10_trials50.csv,5,10,7,20.040118794311624,20.040118794311624,02,02,1,0,True,completed
12,known_visit,HIPC,bernoulli,drop_0.25,14,196,4,10,hipc_g14_d50_bernoulli_drop_0_25,reruns\grid_density\scenarios\cv\known_visit_grid14_targets10_trials50.csv,6,1,7,3.8944949375190125,3.8944949375190125,02,02,2,1,True,completed
12,known_visit,HIPC,bernoulli,drop_0.25,14,196,4,10,hipc_g14_d50_bernoulli_drop_0_25,reruns\grid_density\scenarios\cv\known_visit_grid14_targets10_trials50.csv,7,12,4,43.719959979825575,43.719959979825575,02,02,1,0,True,completed
12,known_visit,HIPC,bernoulli,drop_0.25,14,196,4,10,hipc_g14_d50_bernoulli_drop_0_25,reruns\grid_density\scenarios\cv\known_visit_grid14_targets10_trials50.csv,8,6,9,15.973246236094049,15.973246236094049,03,03,1,0,True,completed
12,known_visit,HIPC,bernoulli,drop_0.25,14,196,4,10,hipc_g14_d50_bernoulli_drop_0_25,reruns\grid_density\scenarios\cv\known_visit_grid14_targets10_trials50.csv,9,1,12,2.102318207490005,2.102318207490005,03,03,2,1,True,completed
12,known_visit,HIPC,bernoulli,drop_0.25,14,196,4,10,hipc_g14_d50_bernoulli_drop_0_25,reruns\grid_density\scenarios\cv\known_visit_grid14_targets10_trials50.csv,10,4,6,9.387642581800206,9.387642581800206,01,01,2,1,True,completed
13,known_visit,HIPC,bernoulli,drop_0.25,14,196,4,10,hipc_g14_d50_bernoulli_drop_0_25,reruns\grid_density\scenarios\cv\known_visit_grid14_targets10_trials50.csv,1,5,13,6.972228895484623,6.972228895484623,03,03,1,0,True,completed
13,known_visit,HIPC,bernoulli,drop_0.25,14,196,4,10,hipc_g14_d50_bernoulli_drop_0_25,reruns\grid_density\scenarios\cv\known_visit_grid14_targets10_trials50.csv,2,11,13,28.303681936956803,28.303681936956803,03,03,1,0,True,completed
13,known_visit,HIPC,bernoulli,drop_0.25,14,196,4,10,hipc_g14_d50_bernoulli_drop_0_25,reruns\grid_density\scenarios\cv\known_visit_grid14_targets10_trials50.csv,3,13,13,32.04326529125949,32.04326529125949,03,03,1,0,True,completed
13,known_visit,HIPC,bernoulli,drop_0.25,14,196,4,10,hipc_g14_d50_bernoulli_drop_0_25,reruns\grid_density\scenarios\cv\known_visit_grid14_targets10_trials50.csv,4,8,10,17.339905964931585,17.339905964931585,03,03,1,0,True,completed
13,known_visit,HIPC,bernoulli,drop_0.25,14,196,4,10,hipc_g14_d50_bernoulli_drop_0_25,reruns\grid_density\scenarios\cv\known_visit_grid14_targets10_trials50.csv,5,2,7,5.415924805505087,5.415924805505087,02,02,1,0,True,completed
13,known_visit,HIPC,bernoulli,drop_0.25,14,196,4,10,hipc_g14_d50_bernoulli_drop_0_25,reruns\grid_density\scenarios\cv\known_visit_grid14_targets10_trials50.csv,6,6,3,10.827160316434187,10.827160316434187,01,01,1,0,True,completed
13,known_visit,HIPC,bernoulli,drop_0.25,14,196,4,10,hipc_g14_d50_bernoulli_drop_0_25,reruns\grid_density\scenarios\cv\known_visit_grid14_targets10_trials50.csv,7,12,3,20.982175373350323,20.982175373350323,01,01,1,0,True,completed
13,known_visit,HIPC,bernoulli,drop_0.25,14,196,4,10,hipc_g14_d50_bernoulli_drop_0_25,reruns\grid_density\scenarios\cv\known_visit_grid14_targets10_trials50.csv,8,5,3,8.865791296475738,8.865791296475738,01,01,2,1,True,completed
13,known_visit,HIPC,bernoulli,drop_0.25,14,196,4,10,hipc_g14_d50_bernoulli_drop_0_25,reruns\grid_density\scenarios\cv\known_visit_grid14_targets10_trials50.csv,9,8,11,15.611617762583425,15.611617762583425,03,03,1,0,True,completed
13,known_visit,HIPC,bernoulli,drop_0.25,14,196,4,10,hipc_g14_d50_bernoulli_drop_0_25,reruns\grid_density\scenarios\cv\known_visit_grid14_targets10_trials50.csv,10,3,6,9.088493601067421,9.088493601067421,02,02,1,0,True,completed
14,known_visit,HIPC,bernoulli,drop_0.25,14,196,4,10,hipc_g14_d50_bernoulli_drop_0_25,reruns\grid_density\scenarios\cv\known_visit_grid14_targets10_trials50.csv,1,9,0,29.34302322915139,29.34302322915139,01,01,1,0,True,completed
14,known_visit,HIPC,bernoulli,drop_0.25,14,196,4,10,hipc_g14_d50_bernoulli_drop_0_25,reruns\grid_density\scenarios\cv\known_visit_grid14_targets10_trials50.csv,2,8,8,21.236166005096546,21.236166005096546,03,03,1,0,True,completed
14,known_visit,HIPC,bernoulli,drop_0.25,14,196,4,10,hipc_g14_d50_bernoulli_drop_0_25,reruns\grid_density\scenarios\cv\known_visit_grid14_targets10_trials50.csv,3,0,11,2.1510837032585504,2.1510837032585504,02,02,1,0,True,completed
14,known_visit,HIPC,bernoulli,drop_0.25,14,196,4,10,hipc_g14_d50_bernoulli_drop_0_25,reruns\grid_density\scenarios\cv\known_visit_grid14_targets10_trials50.csv,4,1,3,9.260819623746789,9.260819623746789,00,00,1,0,True,completed
14,known_visit,HIPC,bernoulli,drop_0.25,14,196,4,10,hipc_g14_d50_bernoulli_drop_0_25,reruns\grid_density\scenarios\cv\known_visit_grid14_targets10_trials50.csv,5,2,2,5.564200105622971,5.564200105622971,00,00,2,1,True,completed
14,known_visit,HIPC,bernoulli,drop_0.25,14,196,4,10,hipc_g14_d50_bernoulli_drop_0_25,reruns\grid_density\scenarios\cv\known_visit_grid14_targets10_trials50.csv,6,7,10,15.840643717190673,15.840643717190673,03,03,1,0,True,completed
14,known_visit,HIPC,bernoulli,drop_0.25,14,196,4,10,hipc_g14_d50_bernoulli_drop_0_25,reruns\grid_density\scenarios\cv\known_visit_grid14_targets10_trials50.csv,7,7,13,10.474814944240952,10.474814944240952,03,03,1,0,True,completed
14,known_visit,HIPC,bernoulli,drop_0.25,14,196,4,10,hipc_g14_d50_bernoulli_drop_0_25,reruns\grid_density\scenarios\cv\known_visit_grid14_targets10_trials50.csv,8,3,4,7.9010031161090675,7.9010031161090675,01,01,1,0,True,completed
14,known_visit,HIPC,bernoulli,drop_0.25,14,196,4,10,hipc_g14_d50_bernoulli_drop_0_25,reruns\grid_density\scenarios\cv\known_visit_grid14_targets10_trials50.csv,9,0,5,0.5361291153378765,0.5361291153378765,01,01,1,0,True,completed
14,known_visit,HIPC,bernoulli,drop_0.25,14,196,4,10,hipc_g14_d50_bernoulli_drop_0_25,reruns\grid_density\scenarios\cv\known_visit_grid14_targets10_trials50.csv,10,9,1,27.440636691737872,27.440636691737872,01,01,1,0,True,completed
15,known_visit,HIPC,bernoulli,drop_0.25,14,196,4,10,hipc_g14_d50_bernoulli_drop_0_25,reruns\grid_density\scenarios\cv\known_visit_grid14_targets10_trials50.csv,1,5,0,6.977203253830801,6.977203253830801,00,00,2,1,True,completed
15,known_visit,HIPC,bernoulli,drop_0.25,14,196,4,10,hipc_g14_d50_bernoulli_drop_0_25,reruns\grid_density\scenarios\cv\known_visit_grid14_targets10_trials50.csv,2,2,10,3.7696014389228867,3.7696014389228867,02,02,1,0,True,completed
15,known_visit,HIPC,bernoulli,drop_0.25,14,196,4,10,hipc_g14_d50_bernoulli_drop_0_25,reruns\grid_density\scenarios\cv\known_visit_grid14_targets10_trials50.csv,3,7,8,16.082893570695944,16.082893570695944,02,02,1,0,True,completed
15,known_visit,HIPC,bernoulli,drop_0.25,14,196,4,10,hipc_g14_d50_bernoulli_drop_0_25,reruns\grid_density\scenarios\cv\known_visit_grid14_targets10_trials50.csv,4,9,1,15.760250824591461,15.760250824591461,00,00,1,0,True,completed
15,known_visit,HIPC,bernoulli,drop_0.25,14,196,4,10,hipc_g14_d50_bernoulli_drop_0_25,reruns\grid_density\scenarios\cv\known_visit_grid14_targets10_trials50.csv,5,12,1,21.159743968326122,21.159743968326122,00,00,1,0,True,completed
15,known_visit,HIPC,bernoulli,drop_0.25,14,196,4,10,hipc_g14_d50_bernoulli_drop_0_25,reruns\grid_density\scenarios\cv\known_visit_grid14_targets10_trials50.csv,6,12,0,23.06889160793873,23.06889160793873,00,00,1,0,True,completed
15,known_visit,HIPC,bernoulli,drop_0.25,14,196,4,10,hipc_g14_d50_bernoulli_drop_0_25,reruns\grid_density\scenarios\cv\known_visit_grid14_targets10_trials50.csv,7,9,6,23.31339250381576,23.31339250381576,02,02,1,0,True,completed
15,known_visit,HIPC,bernoulli,drop_0.25,14,196,4,10,hipc_g14_d50_bernoulli_drop_0_25,reruns\grid_density\scenarios\cv\known_visit_grid14_targets10_trials50.csv,8,4,2,8.919531183912289,8.919531183912289,01,01,1,0,True,completed
15,known_visit,HIPC,bernoulli,drop_0.25,14,196,4,10,hipc_g14_d50_bernoulli_drop_0_25,reruns\grid_density\scenarios\cv\known_visit_grid14_targets10_trials50.csv,9,11,10,23.527483813525595,23.527483813525595,03,03,1,0,True,completed
15,known_visit,HIPC,bernoulli,drop_0.25,14,196,4,10,hipc_g14_d50_bernoulli_drop_0_25,reruns\grid_density\scenarios\cv\known_visit_grid14_targets10_trials50.csv,10,10,7,27.02211029185509,27.02211029185509,02,02,1,0,True,completed
16,known_visit,HIPC,bernoulli,drop_0.25,14,196,4,10,hipc_g14_d50_bernoulli_drop_0_25,reruns\grid_density\scenarios\cv\known_visit_grid14_targets10_trials50.csv,1,7,12,16.947726226393087,16.947726226393087,03,03,1,0,True,completed
16,known_visit,HIPC,bernoulli,drop_0.25,14,196,4,10,hipc_g14_d50_bernoulli_drop_0_25,reruns\grid_density\scenarios\cv\known_visit_grid14_targets10_trials50.csv,2,0,12,0.47109935557558735,0.47109935557558735,03,03,1,0,True,completed
16,known_visit,HIPC,bernoulli,drop_0.25,14,196,4,10,hipc_g14_d50_bernoulli_drop_0_25,reruns\grid_density\scenarios\cv\known_visit_grid14_targets10_trials50.csv,3,9,0,13.61659610957989,13.61659610957989,00,00,1,0,True,completed
16,known_visit,HIPC,bernoulli,drop_0.25,14,196,4,10,hipc_g14_d50_bernoulli_drop_0_25,reruns\grid_density\scenarios\cv\known_visit_grid14_targets10_trials50.csv,4,9,1,15.708706999689086,15.708706999689086,00,00,1,0,True,completed
16,known_visit,HIPC,bernoulli,drop_0.25,14,196,4,10,hipc_g14_d50_bernoulli_drop_0_25,reruns\grid_density\scenarios\cv\known_visit_grid14_targets10_trials50.csv,5,11,10,41.85572391846572,41.85572391846572,03,03,1,0,True,completed
16,known_visit,HIPC,bernoulli,drop_0.25,14,196,4,10,hipc_g14_d50_bernoulli_drop_0_25,reruns\grid_density\scenarios\cv\known_visit_grid14_targets10_trials50.csv,6,12,3,21.053602433423816,21.053602433423816,01,01,1,0,True,completed
16,known_visit,HIPC,bernoulli,drop_0.25,14,196,4,10,hipc_g14_d50_bernoulli_drop_0_25,reruns\grid_density\scenarios\cv\known_visit_grid14_targets10_trials50.csv,7,4,9,5.238824050667761,5.238824050667761,02,02,1,0,True,completed
16,known_visit,HIPC,bernoulli,drop_0.25,14,196,4,10,hipc_g14_d50_bernoulli_drop_0_25,reruns\grid_density\scenarios\cv\known_visit_grid14_targets10_trials50.csv,8,9,4,14.008822989952622,14.008822989952622,01,01,1,0,True,completed
16,known_visit,HIPC,bernoulli,drop_0.25,14,196,4,10,hipc_g14_d50_bernoulli_drop_0_25,reruns\grid_density\scenarios\cv\known_visit_grid14_targets10_trials50.csv,9,5,13,11.270518358917524,11.270518358917524,03,03,1,0,True,completed
16,known_visit,HIPC,bernoulli,drop_0.25,14,196,4,10,hipc_g14_d50_bernoulli_drop_0_25,reruns\grid_density\scenarios\cv\known_visit_grid14_targets10_trials50.csv,10,7,7,14.04366356555201,14.04366356555201,02,02,1,0,True,completed
17,known_visit,HIPC,bernoulli,drop_0.25,14,196,4,10,hipc_g14_d50_bernoulli_drop_0_25,reruns\grid_density\scenarios\cv\known_visit_grid14_targets10_trials50.csv,1,6,9,12.983695505142464,12.983695505142464,02,02,1,0,True,completed
17,known_visit,HIPC,bernoulli,drop_0.25,14,196,4,10,hipc_g14_d50_bernoulli_drop_0_25,reruns\grid_density\scenarios\cv\known_visit_grid14_targets10_trials50.csv,2,0,5,0.4554385636628768,0.4554385636628768,01,01,1,0,True,completed
17,known_visit,HIPC,bernoulli,drop_0.25,14,196,4,10,hipc_g14_d50_bernoulli_drop_0_25,reruns\grid_density\scenarios\cv\known_visit_grid14_targets10_trials50.csv,3,4,4,9.491788459323246,9.491788459323246,01,01,1,0,True,completed
17,known_visit,HIPC,bernoulli,drop_0.25,14,196,4,10,hipc_g14_d50_bernoulli_drop_0_25,reruns\grid_density\scenarios\cv\known_visit_grid14_targets10_trials50.csv,4,9,9,18.41486906961563,18.41486906961563,02,02,1,0,True,completed
17,known_visit,HIPC,bernoulli,drop_0.25,14,196,4,10,hipc_g14_d50_bernoulli_drop_0_25,reruns\grid_density\scenarios\cv\known_visit_grid14_targets10_trials50.csv,5,12,11,23.045338457048814,23.045338457048814,03,03,1,0,True,completed
17,known_visit,HIPC,bernoulli,drop_0.25,14,196,4,10,hipc_g14_d50_bernoulli_drop_0_25,reruns\grid_density\scenarios\cv\known_visit_grid14_targets10_trials50.csv,6,4,0,9.549967602040361,9.549967602040361,00,00,1,0,True,completed
17,known_visit,HIPC,bernoulli,drop_0.25,14,196,4,10,hipc_g14_d50_bernoulli_drop_0_25,reruns\grid_density\scenarios\cv\known_visit_grid14_targets10_trials50.csv,7,2,1,3.8390376259097354,3.8390376259097354,00,00,1,0,True,completed
17,known_visit,HIPC,bernoulli,drop_0.25,14,196,4,10,hipc_g14_d50_bernoulli_drop_0_25,reruns\grid_density\scenarios\cv\known_visit_grid14_targets10_trials50.csv,8,10,11,19.334032403660327,19.334032403660327,03,03,1,0,True,completed
17,known_visit,HIPC,bernoulli,drop_0.25,14,196,4,10,hipc_g14_d50_bernoulli_drop_0_25,reruns\grid_density\scenarios\cv\known_visit_grid14_targets10_trials50.csv,9,12,8,25.60902557838748,25.60902557838748,02,02,1,0,True,completed
17,known_visit,HIPC,bernoulli,drop_0.25,14,196,4,10,hipc_g14_d50_bernoulli_drop_0_25,reruns\grid_density\scenarios\cv\known_visit_grid14_targets10_trials50.csv,10,13,8,27.69063743303239,27.69063743303239,02,02,1,0,True,completed
18,known_visit,HIPC,bernoulli,drop_0.25,14,196,4,10,hipc_g14_d50_bernoulli_drop_0_25,reruns\grid_density\scenarios\cv\known_visit_grid14_targets10_trials50.csv,1,2,4,1.9954764430311278,1.9954764430311278,01,01,1,0,True,completed
18,known_visit,HIPC,bernoulli,drop_0.25,14,196,4,10,hipc_g14_d50_bernoulli_drop_0_25,reruns\grid_density\scenarios\cv\known_visit_grid14_targets10_trials50.csv,2,6,13,13.052755707124314,13.052755707124314,03,03,1,0,True,completed
18,known_visit,HIPC,bernoulli,drop_0.25,14,196,4,10,hipc_g14_d50_bernoulli_drop_0_25,reruns\grid_density\scenarios\cv\known_visit_grid14_targets10_trials50.csv,3,10,11,19.438883120254836,19.438883120254836,02,02,1,0,True,completed
18,known_visit,HIPC,bernoulli,drop_0.25,14,196,4,10,hipc_g14_d50_bernoulli_drop_0_25,reruns\grid_density\scenarios\cv\known_visit_grid14_targets10_trials50.csv,4,2,3,3.932728320517571,3.932728320517571,01,01,1,0,True,completed
18,known_visit,HIPC,bernoulli,drop_0.25,14,196,4,10,hipc_g14_d50_bernoulli_drop_0_25,reruns\grid_density\scenarios\cv\known_visit_grid14_targets10_trials50.csv,5,3,10,5.671225645411329,5.671225645411329,02,02,1,0,True,completed
18,known_visit,HIPC,bernoulli,drop_0.25,14,196,4,10,hipc_g14_d50_bernoulli_drop_0_25,reruns\grid_density\scenarios\cv\known_visit_grid14_targets10_trials50.csv,6,0,12,0.49648263767136724,0.49648263767136724,03,03,1,0,True,completed
18,known_visit,HIPC,bernoulli,drop_0.25,14,196,4,10,hipc_g14_d50_bernoulli_drop_0_25,reruns\grid_density\scenarios\cv\known_visit_grid14_targets10_trials50.csv,7,10,5,24.292829952126283,24.292829952126283,00,00,1,0,True,completed
18,known_visit,HIPC,bernoulli,drop_0.25,14,196,4,10,hipc_g14_d50_bernoulli_drop_0_25,reruns\grid_density\scenarios\cv\known_visit_grid14_targets10_trials50.csv,8,2,9,1.8603047608472263,1.8603047608472263,02,02,1,0,True,completed
18,known_visit,HIPC,bernoulli,drop_0.25,14,196,4,10,hipc_g14_d50_bernoulli_drop_0_25,reruns\grid_density\scenarios\cv\known_visit_grid14_targets10_trials50.csv,9,8,0,12.057071973933704,12.057071973933704,00,00,1,0,True,completed
18,known_visit,HIPC,bernoulli,drop_0.25,14,196,4,10,hipc_g14_d50_bernoulli_drop_0_25,reruns\grid_density\scenarios\cv\known_visit_grid14_targets10_trials50.csv,10,8,13,16.800685090996392,16.800685090996392,03,03,1,0,True,completed
19,known_visit,HIPC,bernoulli,drop_0.25,14,196,4,10,hipc_g14_d50_bernoulli_drop_0_25,reruns\grid_density\scenarios\cv\known_visit_grid14_targets10_trials50.csv,1,12,11,27.482079183462712,27.482079183462712,03,03,1,0,True,completed
19,known_visit,HIPC,bernoulli,drop_0.25,14,196,4,10,hipc_g14_d50_bernoulli_drop_0_25,reruns\grid_density\scenarios\cv\known_visit_grid14_targets10_trials50.csv,2,9,2,17.80714582457544,17.80714582457544,00,00,1,0,True,completed
19,known_visit,HIPC,bernoulli,drop_0.25,14,196,4,10,hipc_g14_d50_bernoulli_drop_0_25,reruns\grid_density\scenarios\cv\known_visit_grid14_targets10_trials50.csv,3,8,8,23.16448438788895,23.16448438788895,01,01,1,0,True,completed
19,known_visit,HIPC,bernoulli,drop_0.25,14,196,4,10,hipc_g14_d50_bernoulli_drop_0_25,reruns\grid_density\scenarios\cv\known_visit_grid14_targets10_trials50.csv,4,4,9,14.365327216731224,14.365327216731224,01,01,1,0,True,completed
19,known_visit,HIPC,bernoulli,drop_0.25,14,196,4,10,hipc_g14_d50_bernoulli_drop_0_25,reruns\grid_density\scenarios\cv\known_visit_grid14_targets10_trials50.csv,5,2,8,3.739706286211351,3.739706286211351,02,02,2,1,True,completed
19,known_visit,HIPC,bernoulli,drop_0.25,14,196,4,10,hipc_g14_d50_bernoulli_drop_0_25,reruns\grid_density\scenarios\cv\known_visit_grid14_targets10_trials50.csv,6,12,10,25.406966517095984,25.406966517095984,03,03,1,0,True,completed
19,known_visit,HIPC,bernoulli,drop_0.25,14,196,4,10,hipc_g14_d50_bernoulli_drop_0_25,reruns\grid_density\scenarios\cv\known_visit_grid14_targets10_trials50.csv,7,10,10,21.74565900364315,21.74565900364315,03,03,1,0,True,completed
19,known_visit,HIPC,bernoulli,drop_0.25,14,196,4,10,hipc_g14_d50_bernoulli_drop_0_25,reruns\grid_density\scenarios\cv\known_visit_grid14_targets10_trials50.csv,8,0,2,2.170508638793079,2.170508638793079,00,00,1,0,True,completed
19,known_visit,HIPC,bernoulli,drop_0.25,14,196,4,10,hipc_g14_d50_bernoulli_drop_0_25,reruns\grid_density\scenarios\cv\known_visit_grid14_targets10_trials50.csv,9,7,12,12.901491442922024,12.901491442922024,03,03,1,0,True,completed
19,known_visit,HIPC,bernoulli,drop_0.25,14,196,4,10,hipc_g14_d50_bernoulli_drop_0_25,reruns\grid_density\scenarios\cv\known_visit_grid14_targets10_trials50.csv,10,2,10,11.535517007416425,11.535517007416425,02,02,1,0,True,completed
20,known_visit,HIPC,bernoulli,drop_0.25,14,196,4,10,hipc_g14_d50_bernoulli_drop_0_25,reruns\grid_density\scenarios\cv\known_visit_grid14_targets10_trials50.csv,1,6,13,8.909278542312526,8.909278542312526,03,03,1,0,True,completed
20,known_visit,HIPC,bernoulli,drop_0.25,14,196,4,10,hipc_g14_d50_bernoulli_drop_0_25,reruns\grid_density\scenarios\cv\known_visit_grid14_targets10_trials50.csv,2,7,2,13.983509281004245,13.983509281004245,00,00,1,0,True,completed
20,known_visit,HIPC,bernoulli,drop_0.25,14,196,4,10,hipc_g14_d50_bernoulli_drop_0_25,reruns\grid_density\scenarios\cv\known_visit_grid14_targets10_trials50.csv,3,1,5,6.124590070284201,6.124590070284201,01,01,1,0,True,completed
20,known_visit,HIPC,bernoulli,drop_0.25,14,196,4,10,hipc_g14_d50_bernoulli_drop_0_25,reruns\grid_density\scenarios\cv\known_visit_grid14_targets10_trials50.csv,4,10,1,21.478207220667866,21.478207220667866,00,00,1,0,True,completed
20,known_visit,HIPC,bernoulli,drop_0.25,14,196,4,10,hipc_g14_d50_bernoulli_drop_0_25,reruns\grid_density\scenarios\cv\known_visit_grid14_targets10_trials50.csv,5,13,1,26.709841735879092,26.709841735879092,00,00,1,0,True,completed
20,known_visit,HIPC,bernoulli,drop_0.25,14,196,4,10,hipc_g14_d50_bernoulli_drop_0_25,reruns\grid_density\scenarios\cv\known_visit_grid14_targets10_trials50.csv,6,0,3,0.4430831963026862,0.4430831963026862,01,01,1,0,True,completed
20,known_visit,HIPC,bernoulli,drop_0.25,14,196,4,10,hipc_g14_d50_bernoulli_drop_0_25,reruns\grid_density\scenarios\cv\known_visit_grid14_targets10_trials50.csv,7,13,12,22.89784155186873,22.89784155186873,03,03,1,0,True,completed
20,known_visit,HIPC,bernoulli,drop_0.25,14,196,4,10,hipc_g14_d50_bernoulli_drop_0_25,reruns\grid_density\scenarios\cv\known_visit_grid14_targets10_trials50.csv,8,6,11,12.488147260167343,12.488147260167343,02,02,1,0,True,completed
20,known_visit,HIPC,bernoulli,drop_0.25,14,196,4,10,hipc_g14_d50_bernoulli_drop_0_25,reruns\grid_density\scenarios\cv\known_visit_grid14_targets10_trials50.csv,9,11,13,17.632352902586312,17.632352902586312,03,03,1,0,True,completed
20,known_visit,HIPC,bernoulli,drop_0.25,14,196,4,10,hipc_g14_d50_bernoulli_drop_0_25,reruns\grid_density\scenarios\cv\known_visit_grid14_targets10_trials50.csv,10,7,5,16.545156600297126,16.545156600297126,01,01,1,0,True,completed
21,known_visit,HIPC,bernoulli,drop_0.25,14,196,4,10,hipc_g14_d50_bernoulli_drop_0_25,reruns\grid_density\scenarios\cv\known_visit_grid14_targets10_trials50.csv,1,11,13,17.248161535409043,17.248161535409043,03,03,1,0,True,completed
21,known_visit,HIPC,bernoulli,drop_0.25,14,196,4,10,hipc_g14_d50_bernoulli_drop_0_25,reruns\grid_density\scenarios\cv\known_visit_grid14_targets10_trials50.csv,2,11,4,25.43330974790255,25.43330974790255,01,01,1,0,True,completed
21,known_visit,HIPC,bernoulli,drop_0.25,14,196,4,10,hipc_g14_d50_bernoulli_drop_0_25,reruns\grid_density\scenarios\cv\known_visit_grid14_targets10_trials50.csv,3,10,4,23.377893525179584,23.377893525179584,01,01,1,0,True,completed
21,known_visit,HIPC,bernoulli,drop_0.25,14,196,4,10,hipc_g14_d50_bernoulli_drop_0_25,reruns\grid_density\scenarios\cv\known_visit_grid14_targets10_trials50.csv,4,3,13,3.578242865374522,3.578242865374522,03,03,1,0,True,completed
21,known_visit,HIPC,bernoulli,drop_0.25,14,196,4,10,hipc_g14_d50_bernoulli_drop_0_25,reruns\grid_density\scenarios\cv\known_visit_grid14_targets10_trials50.csv,5,3,4,3.743006463890487,3.743006463890487,01,01,1,0,True,completed
21,known_visit,HIPC,bernoulli,drop_0.25,14,196,4,10,hipc_g14_d50_bernoulli_drop_0_25,reruns\grid_density\scenarios\cv\known_visit_grid14_targets10_trials50.csv,6,1,8,2.269920464010172,2.269920464010172,02,02,1,0,True,completed
21,known_visit,HIPC,bernoulli,drop_0.25,14,196,4,10,hipc_g14_d50_bernoulli_drop_0_25,reruns\grid_density\scenarios\cv\known_visit_grid14_targets10_trials50.csv,7,6,6,13.14063496283531,13.14063496283531,01,01,1,0,True,completed
21,known_visit,HIPC,bernoulli,drop_0.25,14,196,4,10,hipc_g14_d50_bernoulli_drop_0_25,reruns\grid_density\scenarios\cv\known_visit_grid14_targets10_trials50.csv,8,4,13,5.291148208914825,5.291148208914825,03,03,1,0,True,completed
21,known_visit,HIPC,bernoulli,drop_0.25,14,196,4,10,hipc_g14_d50_bernoulli_drop_0_25,reruns\grid_density\scenarios\cv\known_visit_grid14_targets10_trials50.csv,9,4,6,9.07144623170096,9.07144623170096,01,01,1,0,True,completed
21,known_visit,HIPC,bernoulli,drop_0.25,14,196,4,10,hipc_g14_d50_bernoulli_drop_0_25,reruns\grid_density\scenarios\cv\known_visit_grid14_targets10_trials50.csv,10,4,7,9.246982118635417,9.246982118635417,02,02,1,0,True,completed
22,known_visit,HIPC,bernoulli,drop_0.25,14,196,4,10,hipc_g14_d50_bernoulli_drop_0_25,reruns\grid_density\scenarios\cv\known_visit_grid14_targets10_trials50.csv,1,9,3,16.13547733729648,16.13547733729648,01,01,1,0,True,completed
22,known_visit,HIPC,bernoulli,drop_0.25,14,196,4,10,hipc_g14_d50_bernoulli_drop_0_25,reruns\grid_density\scenarios\cv\known_visit_grid14_targets10_trials50.csv,2,6,13,8.515101611618965,8.515101611618965,03,03,1,0,True,completed
22,known_visit,HIPC,bernoulli,drop_0.25,14,196,4,10,hipc_g14_d50_bernoulli_drop_0_25,reruns\grid_density\scenarios\cv\known_visit_grid14_targets10_trials50.csv,3,6,9,8.965759662475346,8.965759662475346,02,02,1,0,True,completed
22,known_visit,HIPC,bernoulli,drop_0.25,14,196,4,10,hipc_g14_d50_bernoulli_drop_0_25,reruns\grid_density\scenarios\cv\known_visit_grid14_targets10_trials50.csv,4,7,1,12.806796480947865,12.806796480947865,00,00,1,0,True,completed
22,known_visit,HIPC,bernoulli,drop_0.25,14,196,4,10,hipc_g14_d50_bernoulli_drop_0_25,reruns\grid_density\scenarios\cv\known_visit_grid14_targets10_trials50.csv,5,9,10,16.16439523877518,16.16439523877518,02,02,1,0,True,completed
22,known_visit,HIPC,bernoulli,drop_0.25,14,196,4,10,hipc_g14_d50_bernoulli_drop_0_25,reruns\grid_density\scenarios\cv\known_visit_grid14_targets10_trials50.csv,6,7,13,10.225794840880006,10.225794840880006,03,03,1,0,True,completed
22,known_visit,HIPC,bernoulli,drop_0.25,14,196,4,10,hipc_g14_d50_bernoulli_drop_0_25,reruns\grid_density\scenarios\cv\known_visit_grid14_targets10_trials50.csv,7,11,3,19.497620224148356,19.497620224148356,01,01,1,0,True,completed
22,known_visit,HIPC,bernoulli,drop_0.25,14,196,4,10,hipc_g14_d50_bernoulli_drop_0_25,reruns\grid_density\scenarios\cv\known_visit_grid14_targets10_trials50.csv,8,13,12,26.72506595136516,26.72506595136516,02,02,1,0,True,completed
22,known_visit,HIPC,bernoulli,drop_0.25,14,196,4,10,hipc_g14_d50_bernoulli_drop_0_25,reruns\grid_density\scenarios\cv\known_visit_grid14_targets10_trials50.csv,9,8,3,14.3725456206976,14.3725456206976,01,01,1,0,True,completed
22,known_visit,HIPC,bernoulli,drop_0.25,14,196,4,10,hipc_g14_d50_bernoulli_drop_0_25,reruns\grid_density\scenarios\cv\known_visit_grid14_targets10_trials50.csv,10,1,3,2.2576646774048865,2.2576646774048865,01,01,1,0,True,completed
23,known_visit,HIPC,bernoulli,drop_0.25,14,196,4,10,hipc_g14_d50_bernoulli_drop_0_25,reruns\grid_density\scenarios\cv\known_visit_grid14_targets10_trials50.csv,1,1,12,2.141653189937457,2.141653189937457,03,03,1,0,True,completed
23,known_visit,HIPC,bernoulli,drop_0.25,14,196,4,10,hipc_g14_d50_bernoulli_drop_0_25,reruns\grid_density\scenarios\cv\known_visit_grid14_targets10_trials50.csv,2,12,4,29.948293365015985,29.948293365015985,00,00,1,0,True,completed
23,known_visit,HIPC,bernoulli,drop_0.25,14,196,4,10,hipc_g14_d50_bernoulli_drop_0_25,reruns\grid_density\scenarios\cv\known_visit_grid14_targets10_trials50.csv,3,13,3,26.265178084873764,26.265178084873764,00,00,1,0,True,completed
23,known_visit,HIPC,bernoulli,drop_0.25,14,196,4,10,hipc_g14_d50_bernoulli_drop_0_25,reruns\grid_density\scenarios\cv\known_visit_grid14_targets10_trials50.csv,4,7,10,13.230927660179972,13.230927660179972,02,02,1,0,True,completed
23,known_visit,HIPC,bernoulli,drop_0.25,14,196,4,10,hipc_g14_d50_bernoulli_drop_0_25,reruns\grid_density\scenarios\cv\known_visit_grid14_targets10_trials50.csv,5,11,8,24.260643771729285,24.260643771729285,02,02,1,0,True,completed
23,known_visit,HIPC,bernoulli,drop_0.25,14,196,4,10,hipc_g14_d50_bernoulli_drop_0_25,reruns\grid_density\scenarios\cv\known_visit_grid14_targets10_trials50.csv,6,10,5,21.25086779193797,21.25086779193797,01,01,1,0,True,completed
23,known_visit,HIPC,bernoulli,drop_0.25,14,196,4,10,hipc_g14_d50_bernoulli_drop_0_25,reruns\grid_density\scenarios\cv\known_visit_grid14_targets10_trials50.csv,7,5,12,9.207960379035177,9.207960379035177,03,03,1,0,True,completed
23,known_visit,HIPC,bernoulli,drop_0.25,14,196,4,10,hipc_g14_d50_bernoulli_drop_0_25,reruns\grid_density\scenarios\cv\known_visit_grid14_targets10_trials50.csv,8,8,6,15.684016339929796,15.684016339929796,01,01,1,0,True,completed
23,known_visit,HIPC,bernoulli,drop_0.25,14,196,4,10,hipc_g14_d50_bernoulli_drop_0_25,reruns\grid_density\scenarios\cv\known_visit_grid14_targets10_trials50.csv,9,1,4,0.19404621561247515,0.19404621561247515,01,01,1,0,True,completed
23,known_visit,HIPC,bernoulli,drop_0.25,14,196,4,10,hipc_g14_d50_bernoulli_drop_0_25,reruns\grid_density\scenarios\cv\known_visit_grid14_targets10_trials50.csv,10,10,9,20.4666143892573,20.4666143892573,02,02,1,0,True,completed
24,known_visit,HIPC,bernoulli,drop_0.25,14,196,4,10,hipc_g14_d50_bernoulli_drop_0_25,reruns\grid_density\scenarios\cv\known_visit_grid14_targets10_trials50.csv,1,12,9,27.112284736848213,27.112284736848213,02,02,1,0,True,completed
24,known_visit,HIPC,bernoulli,drop_0.25,14,196,4,10,hipc_g14_d50_bernoulli_drop_0_25,reruns\grid_density\scenarios\cv\known_visit_grid14_targets10_trials50.csv,2,8,2,16.229763758126186,16.229763758126186,00,00,1,0,True,completed
24,known_visit,HIPC,bernoulli,drop_0.25,14,196,4,10,hipc_g14_d50_bernoulli_drop_0_25,reruns\grid_density\scenarios\cv\known_visit_grid14_targets10_trials50.csv,3,6,8,10.723484708193265,10.723484708193265,02,02,1,0,True,completed
24,known_visit,HIPC,bernoulli,drop_0.25,14,196,4,10,hipc_g14_d50_bernoulli_drop_0_25,reruns\grid_density\scenarios\cv\known_visit_grid14_targets10_trials50.csv,4,2,3,3.9778978242327563,3.9778978242327563,01,01,1,0,True,completed
24,known_visit,HIPC,bernoulli,drop_0.25,14,196,4,10,hipc_g14_d50_bernoulli_drop_0_25,reruns\grid_density\scenarios\cv\known_visit_grid14_targets10_trials50.csv,5,5,13,11.393043625051058,11.393043625051058,03,03,1,0,True,completed
24,known_visit,HIPC,bernoulli,drop_0.25,14,196,4,10,hipc_g14_d50_bernoulli_drop_0_25,reruns\grid_density\scenarios\cv\known_visit_grid14_targets10_trials50.csv,6,4,1,7.32499481865291,7.32499481865291,00,00,2,1,True,completed
24,known_visit,HIPC,bernoulli,drop_0.25,14,196,4,10,hipc_g14_d50_bernoulli_drop_0_25,reruns\grid_density\scenarios\cv\known_visit_grid14_targets10_trials50.csv,7,9,13,18.551104130346403,18.551104130346403,03,03,1,0,True,completed
24,known_visit,HIPC,bernoulli,drop_0.25,14,196,4,10,hipc_g14_d50_bernoulli_drop_0_25,reruns\grid_density\scenarios\cv\known_visit_grid14_targets10_trials50.csv,8,2,12,3.9364617400849333,3.9364617400849333,03,03,1,0,True,completed
24,known_visit,HIPC,bernoulli,drop_0.25,14,196,4,10,hipc_g14_d50_bernoulli_drop_0_25,reruns\grid_density\scenarios\cv\known_visit_grid14_targets10_trials50.csv,9,7,10,16.4181151099033,16.4181151099033,02,02,1,0,True,completed
24,known_visit,HIPC,bernoulli,drop_0.25,14,196,4,10,hipc_g14_d50_bernoulli_drop_0_25,reruns\grid_density\scenarios\cv\known_visit_grid14_targets10_trials50.csv,10,13,1,26.77659595040497,26.77659595040497,00,00,1,0,True,completed
25,known_visit,HIPC,bernoulli,drop_0.25,14,196,4,10,hipc_g14_d50_bernoulli_drop_0_25,reruns\grid_density\scenarios\cv\known_visit_grid14_targets10_trials50.csv,1,10,0,15.553089969615344,15.553089969615344,00,00,1,0,True,completed
25,known_visit,HIPC,bernoulli,drop_0.25,14,196,4,10,hipc_g14_d50_bernoulli_drop_0_25,reruns\grid_density\scenarios\cv\known_visit_grid14_targets10_trials50.csv,2,10,12,17.55190271093704,17.55190271093704,03,03,1,0,True,completed
25,known_visit,HIPC,bernoulli,drop_0.25,14,196,4,10,hipc_g14_d50_bernoulli_drop_0_25,reruns\grid_density\scenarios\cv\known_visit_grid14_targets10_trials50.csv,3,7,13,10.593783325589062,10.593783325589062,03,03,1,0,True,completed
25,known_visit,HIPC,bernoulli,drop_0.25,14,196,4,10,hipc_g14_d50_bernoulli_drop_0_25,reruns\grid_density\scenarios\cv\known_visit_grid14_targets10_trials50.csv,4,6,5,10.838975913875059,10.838975913875059,01,01,1,0,True,completed
25,known_visit,HIPC,bernoulli,drop_0.25,14,196,4,10,hipc_g14_d50_bernoulli_drop_0_25,reruns\grid_density\scenarios\cv\known_visit_grid14_targets10_trials50.csv,5,11,7,28.580693696264817,28.580693696264817,01,01,1,0,True,completed
25,known_visit,HIPC,bernoulli,drop_0.25,14,196,4,10,hipc_g14_d50_bernoulli_drop_0_25,reruns\grid_density\scenarios\cv\known_visit_grid14_targets10_trials50.csv,6,2,13,1.9556351610033293,1.9556351610033293,03,03,1,0,True,completed
25,known_visit,HIPC,bernoulli,drop_0.25,14,196,4,10,hipc_g14_d50_bernoulli_drop_0_25,reruns\grid_density\scenarios\cv\known_visit_grid14_targets10_trials50.csv,7,5,0,7.116149113639483,7.116149113639483,00,00,1,0,True,completed
25,known_visit,HIPC,bernoulli,drop_0.25,14,196,4,10,hipc_g14_d50_bernoulli_drop_0_25,reruns\grid_density\scenarios\cv\known_visit_grid14_targets10_trials50.csv,8,7,10,12.33390098311902,12.33390098311902,02,02,1,0,True,completed
25,known_visit,HIPC,bernoulli,drop_0.25,14,196,4,10,hipc_g14_d50_bernoulli_drop_0_25,reruns\grid_density\scenarios\cv\known_visit_grid14_targets10_trials50.csv,9,4,5,7.259692904902594,7.259692904902594,01,01,1,0,True,completed
25,known_visit,HIPC,bernoulli,drop_0.25,14,196,4,10,hipc_g14_d50_bernoulli_drop_0_25,reruns\grid_density\scenarios\cv\known_visit_grid14_targets10_trials50.csv,10,11,10,22.976656295709713,22.976656295709713,03,03,1,0,True,completed
26,known_visit,HIPC,bernoulli,drop_0.25,14,196,4,10,hipc_g14_d50_bernoulli_drop_0_25,reruns\grid_density\scenarios\cv\known_visit_grid14_targets10_trials50.csv,1,12,11,22.99623196386184,22.99623196386184,03,03,1,0,True,completed
26,known_visit,HIPC,bernoulli,drop_0.25,14,196,4,10,hipc_g14_d50_bernoulli_drop_0_25,reruns\grid_density\scenarios\cv\known_visit_grid14_targets10_trials50.csv,2,13,2,33.413076884777226,33.413076884777226,00,00,1,0,True,completed
26,known_visit,HIPC,bernoulli,drop_0.25,14,196,4,10,hipc_g14_d50_bernoulli_drop_0_25,reruns\grid_density\scenarios\cv\known_visit_grid14_targets10_trials50.csv,3,11,1,27.635627988178307,27.635627988178307,00,00,1,0,True,completed
26,known_visit,HIPC,bernoulli,drop_0.25,14,196,4,10,hipc_g14_d50_bernoulli_drop_0_25,reruns\grid_density\scenarios\cv\known_visit_grid14_targets10_trials50.csv,4,4,5,7.250421271903837,7.250421271903837,01,01,1,0,True,completed
26,known_visit,HIPC,bernoulli,drop_0.25,14,196,4,10,hipc_g14_d50_bernoulli_drop_0_25,reruns\grid_density\scenarios\cv\known_visit_grid14_targets10_trials50.csv,5,5,4,11.235392109213548,11.235392109213548,01,01,1,0,True,completed
26,known_visit,HIPC,bernoulli,drop_0.25,14,196,4,10,hipc_g14_d50_bernoulli_drop_0_25,reruns\grid_density\scenarios\cv\known_visit_grid14_targets10_trials50.csv,6,5,2,10.95382651241722,10.95382651241722,00,00,2,1,True,completed
26,known_visit,HIPC,bernoulli,drop_0.25,14,196,4,10,hipc_g14_d50_bernoulli_drop_0_25,reruns\grid_density\scenarios\cv\known_visit_grid14_targets10_trials50.csv,7,13,8,27.43306567146216,27.43306567146216,02,02,1,0,True,completed
26,known_visit,HIPC,bernoulli,drop_0.25,14,196,4,10,hipc_g14_d50_bernoulli_drop_0_25,reruns\grid_density\scenarios\cv\known_visit_grid14_targets10_trials50.csv,8,11,11,20.900748074948265,20.900748074948265,03,03,1,0,True,completed
26,known_visit,HIPC,bernoulli,drop_0.25,14,196,4,10,hipc_g14_d50_bernoulli_drop_0_25,reruns\grid_density\scenarios\cv\known_visit_grid14_targets10_trials50.csv,9,9,3,20.047396354952113,20.047396354952113,00,00,1,0,True,completed
26,known_visit,HIPC,bernoulli,drop_0.25,14,196,4,10,hipc_g14_d50_bernoulli_drop_0_25,reruns\grid_density\scenarios\cv\known_visit_grid14_targets10_trials50.csv,10,6,2,12.904030975282298,12.904030975282298,00,00,1,0,True,completed
27,known_visit,HIPC,bernoulli,drop_0.25,14,196,4,10,hipc_g14_d50_bernoulli_drop_0_25,reruns\grid_density\scenarios\cv\known_visit_grid14_targets10_trials50.csv,1,3,1,5.638965051326417,5.638965051326417,00,00,1,0,True,completed
27,known_visit,HIPC,bernoulli,drop_0.25,14,196,4,10,hipc_g14_d50_bernoulli_drop_0_25,reruns\grid_density\scenarios\cv\known_visit_grid14_targets10_trials50.csv,2,2,9,9.500092238265538,9.500092238265538,02,02,1,0,True,completed
27,known_visit,HIPC,bernoulli,drop_0.25,14,196,4,10,hipc_g14_d50_bernoulli_drop_0_25,reruns\grid_density\scenarios\cv\known_visit_grid14_targets10_trials50.csv,3,5,12,12.729283487992706,12.729283487992706,03,03,1,0,True,completed
27,known_visit,HIPC,bernoulli,drop_0.25,14,196,4,10,hipc_g14_d50_bernoulli_drop_0_25,reruns\grid_density\scenarios\cv\known_visit_grid14_targets10_trials50.csv,4,0,7,2.185216308014629,2.185216308014629,02,02,1,0,True,completed
27,known_visit,HIPC,bernoulli,drop_0.25,14,196,4,10,hipc_g14_d50_bernoulli_drop_0_25,reruns\grid_density\scenarios\cv\known_visit_grid14_targets10_trials50.csv,5,10,6,30.795258387430902,30.795258387430902,01,01,1,0,True,completed
27,known_visit,HIPC,bernoulli,drop_0.25,14,196,4,10,hipc_g14_d50_bernoulli_drop_0_25,reruns\grid_density\scenarios\cv\known_visit_grid14_targets10_trials50.csv,6,8,2,16.29998641780831,16.29998641780831,00,00,1,0,True,completed
27,known_visit,HIPC,bernoulli,drop_0.25,14,196,4,10,hipc_g14_d50_bernoulli_drop_0_25,reruns\grid_density\scenarios\cv\known_visit_grid14_targets10_trials50.csv,7,6,4,8.537014907191713,8.537014907191713,01,01,1,0,True,completed
27,known_visit,HIPC,bernoulli,drop_0.25,14,196,4,10,hipc_g14_d50_bernoulli_drop_0_25,reruns\grid_density\scenarios\cv\known_visit_grid14_targets10_trials50.csv,8,6,6,12.175542775734982,12.175542775734982,01,01,1,0,True,completed
27,known_visit,HIPC,bernoulli,drop_0.25,14,196,4,10,hipc_g14_d50_bernoulli_drop_0_25,reruns\grid_density\scenarios\cv\known_visit_grid14_targets10_trials50.csv,9,5,7,15.914324190754607,15.914324190754607,01,01,1,0,True,completed
27,known_visit,HIPC,bernoulli,drop_0.25,14,196,4,10,hipc_g14_d50_bernoulli_drop_0_25,reruns\grid_density\scenarios\cv\known_visit_grid14_targets10_trials50.csv,10,7,7,23.628510401186464,23.628510401186464,01,01,1,0,True,completed
28,known_visit,HIPC,bernoulli,drop_0.25,14,196,4,10,hipc_g14_d50_bernoulli_drop_0_25,reruns\grid_density\scenarios\cv\known_visit_grid14_targets10_trials50.csv,1,5,13,6.9788135272075325,6.9788135272075325,03,03,1,0,True,completed
28,known_visit,HIPC,bernoulli,drop_0.25,14,196,4,10,hipc_g14_d50_bernoulli_drop_0_25,reruns\grid_density\scenarios\cv\known_visit_grid14_targets10_trials50.csv,2,1,1,2.0316586842519455,2.0316586842519455,00,00,1,0,True,completed
28,known_visit,HIPC,bernoulli,drop_0.25,14,196,4,10,hipc_g14_d50_bernoulli_drop_0_25,reruns\grid_density\scenarios\cv\known_visit_grid14_targets10_trials50.csv,3,2,13,1.8600568535119169,1.8600568535119169,03,03,1,0,True,completed
28,known_visit,HIPC,bernoulli,drop_0.25,14,196,4,10,hipc_g14_d50_bernoulli_drop_0_25,reruns\grid_density\scenarios\cv\known_visit_grid14_targets10_trials50.csv,4,0,3,0.4123953424547451,0.4123953424547451,01,01,1,0,True,completed
28,known_visit,HIPC,bernoulli,drop_0.25,14,196,4,10,hipc_g14_d50_bernoulli_drop_0_25,reruns\grid_density\scenarios\cv\known_visit_grid14_targets10_trials50.csv,5,13,0,24.672614496055658,24.672614496055658,00,00,1,0,True,completed
28,known_visit,HIPC,bernoulli,drop_0.25,14,196,4,10,hipc_g14_d50_bernoulli_drop_0_25,reruns\grid_density\scenarios\cv\known_visit_grid14_targets10_trials50.csv,6,12,8,31.734686825823836,31.734686825823836,02,02,1,0,True,completed
28,known_visit,HIPC,bernoulli,drop_0.25,14,196,4,10,hipc_g14_d50_bernoulli_drop_0_25,reruns\grid_density\scenarios\cv\known_visit_grid14_targets10_trials50.csv,7,2,4,6.040537071930795,6.040537071930795,01,01,1,0,True,completed
28,known_visit,HIPC,bernoulli,drop_0.25,14,196,4,10,hipc_g14_d50_bernoulli_drop_0_25,reruns\grid_density\scenarios\cv\known_visit_grid14_targets10_trials50.csv,8,3,6,9.00490633902999,9.00490633902999,02,02,2,1,True,completed
28,known_visit,HIPC,bernoulli,drop_0.25,14,196,4,10,hipc_g14_d50_bernoulli_drop_0_25,reruns\grid_density\scenarios\cv\known_visit_grid14_targets10_trials50.csv,9,8,13,12.025179385021952,12.025179385021952,03,03,1,0,True,completed
28,known_visit,HIPC,bernoulli,drop_0.25,14,196,4,10,hipc_g14_d50_bernoulli_drop_0_25,reruns\grid_density\scenarios\cv\known_visit_grid14_targets10_trials50.csv,10,8,5,19.61567291701714,19.61567291701714,02,02,2,1,True,completed
29,known_visit,HIPC,bernoulli,drop_0.25,14,196,4,10,hipc_g14_d50_bernoulli_drop_0_25,reruns\grid_density\scenarios\cv\known_visit_grid14_targets10_trials50.csv,1,12,8,28.25161524069039,28.25161524069039,03,03,1,0,True,completed
29,known_visit,HIPC,bernoulli,drop_0.25,14,196,4,10,hipc_g14_d50_bernoulli_drop_0_25,reruns\grid_density\scenarios\cv\known_visit_grid14_targets10_trials50.csv,2,9,11,17.573001102704282,17.573001102704282,03,03,1,0,True,completed
29,known_visit,HIPC,bernoulli,drop_0.25,14,196,4,10,hipc_g14_d50_bernoulli_drop_0_25,reruns\grid_density\scenarios\cv\known_visit_grid14_targets10_trials50.csv,3,4,4,9.785768451871004,9.785768451871004,01,01,1,0,True,completed
29,known_visit,HIPC,bernoulli,drop_0.25,14,196,4,10,hipc_g14_d50_bernoulli_drop_0_25,reruns\grid_density\scenarios\cv\known_visit_grid14_targets10_trials50.csv,4,4,6,10.62014835194274,10.62014835194274,02,02,1,0,True,completed
29,known_visit,HIPC,bernoulli,drop_0.25,14,196,4,10,hipc_g14_d50_bernoulli_drop_0_25,reruns\grid_density\scenarios\cv\known_visit_grid14_targets10_trials50.csv,5,13,0,25.009721787714177,25.009721787714177,00,00,1,0,True,completed
29,known_visit,HIPC,bernoulli,drop_0.25,14,196,4,10,hipc_g14_d50_bernoulli_drop_0_25,reruns\grid_density\scenarios\cv\known_visit_grid14_targets10_trials50.csv,6,11,10,22.854228820373308,22.854228820373308,03,03,1,0,True,completed
29,known_visit,HIPC,bernoulli,drop_0.25,14,196,4,10,hipc_g14_d50_bernoulli_drop_0_25,reruns\grid_density\scenarios\cv\known_visit_grid14_targets10_trials50.csv,7,6,7,16.430608187847692,16.430608187847692,02,02,1,0,True,completed
29,known_visit,HIPC,bernoulli,drop_0.25,14,196,4,10,hipc_g14_d50_bernoulli_drop_0_25,reruns\grid_density\scenarios\cv\known_visit_grid14_targets10_trials50.csv,8,2,3,4.052042751069312,4.052042751069312,01,01,1,0,True,completed
29,known_visit,HIPC,bernoulli,drop_0.25,14,196,4,10,hipc_g14_d50_bernoulli_drop_0_25,reruns\grid_density\scenarios\cv\known_visit_grid14_targets10_trials50.csv,9,4,8,7.254870218028553,7.254870218028553,02,02,1,0,True,completed
29,known_visit,HIPC,bernoulli,drop_0.25,14,196,4,10,hipc_g14_d50_bernoulli_drop_0_25,reruns\grid_density\scenarios\cv\known_visit_grid14_targets10_trials50.csv,10,1,4,0.20787344892935955,0.20787344892935955,01,01,1,0,True,completed
30,known_visit,HIPC,bernoulli,drop_0.25,14,196,4,10,hipc_g14_d50_bernoulli_drop_0_25,reruns\grid_density\scenarios\cv\known_visit_grid14_targets10_trials50.csv,1,1,12,2.0992248521986165,2.0992248521986165,03,03,1,0,True,completed
30,known_visit,HIPC,bernoulli,drop_0.25,14,196,4,10,hipc_g14_d50_bernoulli_drop_0_25,reruns\grid_density\scenarios\cv\known_visit_grid14_targets10_trials50.csv,2,10,2,18.85494959633294,18.85494959633294,00,00,1,0,True,completed
30,known_visit,HIPC,bernoulli,drop_0.25,14,196,4,10,hipc_g14_d50_bernoulli_drop_0_25,reruns\grid_density\scenarios\cv\known_visit_grid14_targets10_trials50.csv,3,10,12,22.436733408946687,22.436733408946687,03,03,1,0,True,completed
30,known_visit,HIPC,bernoulli,drop_0.25,14,196,4,10,hipc_g14_d50_bernoulli_drop_0_25,reruns\grid_density\scenarios\cv\known_visit_grid14_targets10_trials50.csv,4,11,9,21.977880739010693,21.977880739010693,02,02,1,0,True,completed
30,known_visit,HIPC,bernoulli,drop_0.25,14,196,4,10,hipc_g14_d50_bernoulli_drop_0_25,reruns\grid_density\scenarios\cv\known_visit_grid14_targets10_trials50.csv,5,3,8,5.809472829510529,5.809472829510529,02,02,1,0,True,completed
30,known_visit,HIPC,bernoulli,drop_0.25,14,196,4,10,hipc_g14_d50_bernoulli_drop_0_25,reruns\grid_density\scenarios\cv\known_visit_grid14_targets10_trials50.csv,6,0,5,0.44057650063157827,0.44057650063157827,01,01,1,0,True,completed
30,known_visit,HIPC,bernoulli,drop_0.25,14,196,4,10,hipc_g14_d50_bernoulli_drop_0_25,reruns\grid_density\scenarios\cv\known_visit_grid14_targets10_trials50.csv,7,7,13,14.77680195272246,14.77680195272246,03,03,1,0,True,completed
30,known_visit,HIPC,bernoulli,drop_0.25,14,196,4,10,hipc_g14_d50_bernoulli_drop_0_25,reruns\grid_density\scenarios\cv\known_visit_grid14_targets10_trials50.csv,8,11,1,22.99790718007008,22.99790718007008,00,00,1,0,True,completed
30,known_visit,HIPC,bernoulli,drop_0.25,14,196,4,10,hipc_g14_d50_bernoulli_drop_0_25,reruns\grid_density\scenarios\cv\known_visit_grid14_targets10_trials50.csv,9,6,0,8.549995838785497,8.549995838785497,00,00,1,0,True,completed
30,known_visit,HIPC,bernoulli,drop_0.25,14,196,4,10,hipc_g14_d50_bernoulli_drop_0_25,reruns\grid_density\scenarios\cv\known_visit_grid14_targets10_trials50.csv,10,12,8,26.034727178835606,26.034727178835606,02,02,1,0,True,completed
31,known_visit,HIPC,bernoulli,drop_0.25,14,196,4,10,hipc_g14_d50_bernoulli_drop_0_25,reruns\grid_density\scenarios\cv\known_visit_grid14_targets10_trials50.csv,1,4,6,10.6220878364449,10.6220878364449,02,02,1,0,True,completed
31,known_visit,HIPC,bernoulli,drop_0.25,14,196,4,10,hipc_g14_d50_bernoulli_drop_0_25,reruns\grid_density\scenarios\cv\known_visit_grid14_targets10_trials50.csv,2,2,5,3.8415871456671122,3.8415871456671122,01,01,1,0,True,completed
31,known_visit,HIPC,bernoulli,drop_0.25,14,196,4,10,hipc_g14_d50_bernoulli_drop_0_25,reruns\grid_density\scenarios\cv\known_visit_grid14_targets10_trials50.csv,3,13,10,26.069118205427678,26.069118205427678,03,03,1,0,True,completed
31,known_visit,HIPC,bernoulli,drop_0.25,14,196,4,10,hipc_g14_d50_bernoulli_drop_0_25,reruns\grid_density\scenarios\cv\known_visit_grid14_targets10_trials50.csv,4,8,8,21.880208401215803,21.880208401215803,02,02,1,0,True,completed
31,known_visit,HIPC,bernoulli,drop_0.25,14,196,4,10,hipc_g14_d50_bernoulli_drop_0_25,reruns\grid_density\scenarios\cv\known_visit_grid14_targets10_trials50.csv,5,11,10,22.739939004284444,22.739939004284444,03,03,1,0,True,completed
31,known_visit,HIPC,bernoulli,drop_0.25,14,196,4,10,hipc_g14_d50_bernoulli_drop_0_25,reruns\grid_density\scenarios\cv\known_visit_grid14_targets10_trials50.csv,6,5,8,16.427018259098745,16.427018259098745,02,02,1,0,True,completed
31,known_visit,HIPC,bernoulli,drop_0.25,14,196,4,10,hipc_g14_d50_bernoulli_drop_0_25,reruns\grid_density\scenarios\cv\known_visit_grid14_targets10_trials50.csv,7,4,7,8.901736384349393,8.901736384349393,02,02,1,0,True,completed
31,known_visit,HIPC,bernoulli,drop_0.25,14,196,4,10,hipc_g14_d50_bernoulli_drop_0_25,reruns\grid_density\scenarios\cv\known_visit_grid14_targets10_trials50.csv,8,12,6,35.15956713109497,35.15956713109497,03,03,1,0,True,completed
31,known_visit,HIPC,bernoulli,drop_0.25,14,196,4,10,hipc_g14_d50_bernoulli_drop_0_25,reruns\grid_density\scenarios\cv\known_visit_grid14_targets10_trials50.csv,9,3,4,7.807214209140686,7.807214209140686,01,01,2,1,True,completed
31,known_visit,HIPC,bernoulli,drop_0.25,14,196,4,10,hipc_g14_d50_bernoulli_drop_0_25,reruns\grid_density\scenarios\cv\known_visit_grid14_targets10_trials50.csv,10,9,11,17.33743988386246,17.33743988386246,03,03,1,0,True,completed
32,known_visit,HIPC,bernoulli,drop_0.25,14,196,4,10,hipc_g14_d50_bernoulli_drop_0_25,reruns\grid_density\scenarios\cv\known_visit_grid14_targets10_trials50.csv,1,4,1,7.217999320186441,7.217999320186441,00,00,1,0,True,completed
32,known_visit,HIPC,bernoulli,drop_0.25,14,196,4,10,hipc_g14_d50_bernoulli_drop_0_25,reruns\grid_density\scenarios\cv\known_visit_grid14_targets10_trials50.csv,2,1,11,3.9199185526115667,3.9199185526115667,02,02,1,0,True,completed
32,known_visit,HIPC,bernoulli,drop_0.25,14,196,4,10,hipc_g14_d50_bernoulli_drop_0_25,reruns\grid_density\scenarios\cv\known_visit_grid14_targets10_trials50.csv,3,4,7,11.392318322199758,11.392318322199758,01,01,2,1,True,completed
32,known_visit,HIPC,bernoulli,drop_0.25,14,196,4,10,hipc_g14_d50_bernoulli_drop_0_25,reruns\grid_density\scenarios\cv\known_visit_grid14_targets10_trials50.csv,4,3,6,7.6347150247360425,7.6347150247360425,01,01,2,1,True,completed
32,known_visit,HIPC,bernoulli,drop_0.25,14,196,4,10,hipc_g14_d50_bernoulli_drop_0_25,reruns\grid_density\scenarios\cv\known_visit_grid14_targets10_trials50.csv,5,13,6,28.836896006854104,28.836896006854104,01,01,1,0,True,completed
32,known_visit,HIPC,bernoulli,drop_0.25,14,196,4,10,hipc_g14_d50_bernoulli_drop_0_25,reruns\grid_density\scenarios\cv\known_visit_grid14_targets10_trials50.csv,6,6,6,16.748886914642277,16.748886914642277,01,01,1,0,True,completed
32,known_visit,HIPC,bernoulli,drop_0.25,14,196,4,10,hipc_g14_d50_bernoulli_drop_0_25,reruns\grid_density\scenarios\cv\known_visit_grid14_targets10_trials50.csv,7,2,0,1.8756058006497311,1.8756058006497311,00,00,1,0,True,completed
32,known_visit,HIPC,bernoulli,drop_0.25,14,196,4,10,hipc_g14_d50_bernoulli_drop_0_25,reruns\grid_density\scenarios\cv\known_visit_grid14_targets10_trials50.csv,8,7,2,14.229329132032758,14.229329132032758,00,00,1,0,True,completed
32,known_visit,HIPC,bernoulli,drop_0.25,14,196,4,10,hipc_g14_d50_bernoulli_drop_0_25,reruns\grid_density\scenarios\cv\known_visit_grid14_targets10_trials50.csv,9,9,13,13.863398987769658,13.863398987769658,03,03,1,0,True,completed
32,known_visit,HIPC,bernoulli,drop_0.25,14,196,4,10,hipc_g14_d50_bernoulli_drop_0_25,reruns\grid_density\scenarios\cv\known_visit_grid14_targets10_trials50.csv,10,9,1,19.692157719568666,19.692157719568666,00,00,1,0,True,completed
33,known_visit,HIPC,bernoulli,drop_0.25,14,196,4,10,hipc_g14_d50_bernoulli_drop_0_25,reruns\grid_density\scenarios\cv\known_visit_grid14_targets10_trials50.csv,1,6,9,8.807558913152524,8.807558913152524,02,02,1,0,True,completed
33,known_visit,HIPC,bernoulli,drop_0.25,14,196,4,10,hipc_g14_d50_bernoulli_drop_0_25,reruns\grid_density\scenarios\cv\known_visit_grid14_targets10_trials50.csv,2,12,0,23.24412314915161,23.24412314915161,00,00,1,0,True,completed
33,known_visit,HIPC,bernoulli,drop_0.25,14,196,4,10,hipc_g14_d50_bernoulli_drop_0_25,reruns\grid_density\scenarios\cv\known_visit_grid14_targets10_trials50.csv,3,11,9,25.48822906208613,25.48822906208613,02,02,1,0,True,completed
33,known_visit,HIPC,bernoulli,drop_0.25,14,196,4,10,hipc_g14_d50_bernoulli_drop_0_25,reruns\grid_density\scenarios\cv\known_visit_grid14_targets10_trials50.csv,4,11,1,19.411417303622382,19.411417303622382,00,00,1,0,True,completed
33,known_visit,HIPC,bernoulli,drop_0.25,14,196,4,10,hipc_g14_d50_bernoulli_drop_0_25,reruns\grid_density\scenarios\cv\known_visit_grid14_targets10_trials50.csv,5,10,10,21.47760616059407,21.47760616059407,02,02,1,0,True,completed
33,known_visit,HIPC,bernoulli,drop_0.25,14,196,4,10,hipc_g14_d50_bernoulli_drop_0_25,reruns\grid_density\scenarios\cv\known_visit_grid14_targets10_trials50.csv,6,8,8,14.25296734522816,14.25296734522816,02,02,1,0,True,completed
33,known_visit,HIPC,bernoulli,drop_0.25,14,196,4,10,hipc_g14_d50_bernoulli_drop_0_25,reruns\grid_density\scenarios\cv\known_visit_grid14_targets10_trials50.csv,7,4,0,5.266573180984587,5.266573180984587,00,00,1,0,True,completed
33,known_visit,HIPC,bernoulli,drop_0.25,14,196,4,10,hipc_g14_d50_bernoulli_drop_0_25,reruns\grid_density\scenarios\cv\known_visit_grid14_targets10_trials50.csv,8,11,12,19.123790323250017,19.123790323250017,03,03,1,0,True,completed
33,known_visit,HIPC,bernoulli,drop_0.25,14,196,4,10,hipc_g14_d50_bernoulli_drop_0_25,reruns\grid_density\scenarios\cv\known_visit_grid14_targets10_trials50.csv,9,4,5,7.100470756022639,7.100470756022639,01,01,1,0,True,completed
33,known_visit,HIPC,bernoulli,drop_0.25,14,196,4,10,hipc_g14_d50_bernoulli_drop_0_25,reruns\grid_density\scenarios\cv\known_visit_grid14_targets10_trials50.csv,10,4,1,7.279188994249028,7.279188994249028,00,00,1,0,True,completed
34,known_visit,HIPC,bernoulli,drop_0.25,14,196,4,10,hipc_g14_d50_bernoulli_drop_0_25,reruns\grid_density\scenarios\cv\known_visit_grid14_targets10_trials50.csv,1,12,13,18.787034116324016,18.787034116324016,03,03,1,0,True,completed
34,known_visit,HIPC,bernoulli,drop_0.25,14,196,4,10,hipc_g14_d50_bernoulli_drop_0_25,reruns\grid_density\scenarios\cv\known_visit_grid14_targets10_trials50.csv,2,12,9,25.77845492334825,25.77845492334825,03,03,1,0,True,completed
34,known_visit,HIPC,bernoulli,drop_0.25,14,196,4,10,hipc_g14_d50_bernoulli_drop_0_25,reruns\grid_density\scenarios\cv\known_visit_grid14_targets10_trials50.csv,3,5,10,8.856318089659123,8.856318089659123,02,02,1,0,True,completed
34,known_visit,HIPC,bernoulli,drop_0.25,14,196,4,10,hipc_g14_d50_bernoulli_drop_0_25,reruns\grid_density\scenarios\cv\known_visit_grid14_targets10_trials50.csv,4,3,11,14.301527109880173,14.301527109880173,02,02,1,0,True,completed
34,known_visit,HIPC,bernoulli,drop_0.25,14,196,4,10,hipc_g14_d50_bernoulli_drop_0_25,reruns\grid_density\scenarios\cv\known_visit_grid14_targets10_trials50.csv,5,7,5,16.176877266844674,16.176877266844674,01,01,1,0,True,completed
34,known_visit,HIPC,bernoulli,drop_0.25,14,196,4,10,hipc_g14_d50_bernoulli_drop_0_25,reruns\grid_density\scenarios\cv\known_visit_grid14_targets10_trials50.csv,6,8,4,19.79893059435619,19.79893059435619,01,01,1,0,True,completed
34,known_visit,HIPC,bernoulli,drop_0.25,14,196,4,10,hipc_g14_d50_bernoulli_drop_0_25,reruns\grid_density\scenarios\cv\known_visit_grid14_targets10_trials50.csv,7,6,1,14.776154275184924,14.776154275184924,00,00,1,0,True,completed
34,known_visit,HIPC,bernoulli,drop_0.25,14,196,4,10,hipc_g14_d50_bernoulli_drop_0_25,reruns\grid_density\scenarios\cv\known_visit_grid14_targets10_trials50.csv,8,3,2,7.44979534995267,7.44979534995267,00,00,1,0,True,completed
34,known_visit,HIPC,bernoulli,drop_0.25,14,196,4,10,hipc_g14_d50_bernoulli_drop_0_25,reruns\grid_density\scenarios\cv\known_visit_grid14_targets10_trials50.csv,9,3,6,7.302385510624618,7.302385510624618,01,01,1,0,True,completed
34,known_visit,HIPC,bernoulli,drop_0.25,14,196,4,10,hipc_g14_d50_bernoulli_drop_0_25,reruns\grid_density\scenarios\cv\known_visit_grid14_targets10_trials50.csv,10,0,2,2.073858634185249,2.073858634185249,00,00,1,0,True,completed
35,known_visit,HIPC,bernoulli,drop_0.25,14,196,4,10,hipc_g14_d50_bernoulli_drop_0_25,reruns\grid_density\scenarios\cv\known_visit_grid14_targets10_trials50.csv,1,4,12,7.188514359212205,7.188514359212205,03,03,1,0,True,completed
35,known_visit,HIPC,bernoulli,drop_0.25,14,196,4,10,hipc_g14_d50_bernoulli_drop_0_25,reruns\grid_density\scenarios\cv\known_visit_grid14_targets10_trials50.csv,2,13,13,24.802314975709475,24.802314975709475,03,03,1,0,True,completed
35,known_visit,HIPC,bernoulli,drop_0.25,14,196,4,10,hipc_g14_d50_bernoulli_drop_0_25,reruns\grid_density\scenarios\cv\known_visit_grid14_targets10_trials50.csv,3,2,3,7.203963386953941,7.203963386953941,00,00,1,0,True,completed
35,known_visit,HIPC,bernoulli,drop_0.25,14,196,4,10,hipc_g14_d50_bernoulli_drop_0_25,reruns\grid_density\scenarios\cv\known_visit_grid14_targets10_trials50.csv,4,5,8,8.92008305869269,8.92008305869269,02,02,1,0,True,completed
35,known_visit,HIPC,bernoulli,drop_0.25,14,196,4,10,hipc_g14_d50_bernoulli_drop_0_25,reruns\grid_density\scenarios\cv\known_visit_grid14_targets10_trials50.csv,5,8,7,16.083887563613867,16.083887563613867,02,02,1,0,True,completed
35,known_visit,HIPC,bernoulli,drop_0.25,14,196,4,10,hipc_g14_d50_bernoulli_drop_0_25,reruns\grid_density\scenarios\cv\known_visit_grid14_targets10_trials50.csv,6,10,5,17.947786159470404,17.947786159470404,01,01,1,0,True,completed
35,known_visit,HIPC,bernoulli,drop_0.25,14,196,4,10,hipc_g14_d50_bernoulli_drop_0_25,reruns\grid_density\scenarios\cv\known_visit_grid14_targets10_trials50.csv,7,9,12,15.902740410329477,15.902740410329477,03,03,1,0,True,completed
35,known_visit,HIPC,bernoulli,drop_0.25,14,196,4,10,hipc_g14_d50_bernoulli_drop_0_25,reruns\grid_density\scenarios\cv\known_visit_grid14_targets10_trials50.csv,8,2,2,5.427237854367943,5.427237854367943,00,00,1,0,True,completed
35,known_visit,HIPC,bernoulli,drop_0.25,14,196,4,10,hipc_g14_d50_bernoulli_drop_0_25,reruns\grid_density\scenarios\cv\known_visit_grid14_targets10_trials50.csv,9,12,4,23.44212550514471,23.44212550514471,01,01,1,0,True,completed
35,known_visit,HIPC,bernoulli,drop_0.25,14,196,4,10,hipc_g14_d50_bernoulli_drop_0_25,reruns\grid_density\scenarios\cv\known_visit_grid14_targets10_trials50.csv,10,0,5,0.5524224886920525,0.5524224886920525,01,01,1,0,True,completed
36,known_visit,HIPC,bernoulli,drop_0.25,14,196,4,10,hipc_g14_d50_bernoulli_drop_0_25,reruns\grid_density\scenarios\cv\known_visit_grid14_targets10_trials50.csv,1,3,6,7.214313008581153,7.214313008581153,01,01,2,1,True,completed
36,known_visit,HIPC,bernoulli,drop_0.25,14,196,4,10,hipc_g14_d50_bernoulli_drop_0_25,reruns\grid_density\scenarios\cv\known_visit_grid14_targets10_trials50.csv,2,0,7,2.147167780044169,2.147167780044169,02,02,1,0,True,completed
36,known_visit,HIPC,bernoulli,drop_0.25,14,196,4,10,hipc_g14_d50_bernoulli_drop_0_25,reruns\grid_density\scenarios\cv\known_visit_grid14_targets10_trials50.csv,3,13,2,31.734050119732128,31.734050119732128,01,01,1,0,True,completed
36,known_visit,HIPC,bernoulli,drop_0.25,14,196,4,10,hipc_g14_d50_bernoulli_drop_0_25,reruns\grid_density\scenarios\cv\known_visit_grid14_targets10_trials50.csv,4,7,4,17.909842095115703,17.909842095115703,01,01,1,0,True,completed
36,known_visit,HIPC,bernoulli,drop_0.25,14,196,4,10,hipc_g14_d50_bernoulli_drop_0_25,reruns\grid_density\scenarios\cv\known_visit_grid14_targets10_trials50.csv,5,10,9,22.764534903786604,22.764534903786604,03,03,1,0,True,completed
36,known_visit,HIPC,bernoulli,drop_0.25,14,196,4,10,hipc_g14_d50_bernoulli_drop_0_25,reruns\grid_density\scenarios\cv\known_visit_grid14_targets10_trials50.csv,6,5,12,8.98400552761008,8.98400552761008,03,03,1,0,True,completed
36,known_visit,HIPC,bernoulli,drop_0.25,14,196,4,10,hipc_g14_d50_bernoulli_drop_0_25,reruns\grid_density\scenarios\cv\known_visit_grid14_targets10_trials50.csv,7,7,6,14.29722369740986,14.29722369740986,01,01,1,0,True,completed
36,known_visit,HIPC,bernoulli,drop_0.25,14,196,4,10,hipc_g14_d50_bernoulli_drop_0_25,reruns\grid_density\scenarios\cv\known_visit_grid14_targets10_trials50.csv,8,4,6,9.25576765516389,9.25576765516389,01,01,2,1,True,completed
36,known_visit,HIPC,bernoulli,drop_0.25,14,196,4,10,hipc_g14_d50_bernoulli_drop_0_25,reruns\grid_density\scenarios\cv\known_visit_grid14_targets10_trials50.csv,9,9,9,20.967681325423513,20.967681325423513,03,03,1,0,True,completed
36,known_visit,HIPC,bernoulli,drop_0.25,14,196,4,10,hipc_g14_d50_bernoulli_drop_0_25,reruns\grid_density\scenarios\cv\known_visit_grid14_targets10_trials50.csv,10,2,1,3.887171120173026,3.887171120173026,00,00,1,0,True,completed
37,known_visit,HIPC,bernoulli,drop_0.25,14,196,4,10,hipc_g14_d50_bernoulli_drop_0_25,reruns\grid_density\scenarios\cv\known_visit_grid14_targets10_trials50.csv,1,0,7,2.1229796402165,2.1229796402165,02,02,2,1,True,completed
37,known_visit,HIPC,bernoulli,drop_0.25,14,196,4,10,hipc_g14_d50_bernoulli_drop_0_25,reruns\grid_density\scenarios\cv\known_visit_grid14_targets10_trials50.csv,2,9,11,17.653801271107874,17.653801271107874,03,03,1,0,True,completed
37,known_visit,HIPC,bernoulli,drop_0.25,14,196,4,10,hipc_g14_d50_bernoulli_drop_0_25,reruns\grid_density\scenarios\cv\known_visit_grid14_targets10_trials50.csv,3,1,13,0.12487130996355732,0.12487130996355732,03,03,1,0,True,completed
37,known_visit,HIPC,bernoulli,drop_0.25,14,196,4,10,hipc_g14_d50_bernoulli_drop_0_25,reruns\grid_density\scenarios\cv\known_visit_grid14_targets10_trials50.csv,4,7,11,14.376207205558694,14.376207205558694,03,03,1,0,True,completed
37,known_visit,HIPC,bernoulli,drop_0.25,14,196,4,10,hipc_g14_d50_bernoulli_drop_0_25,reruns\grid_density\scenarios\cv\known_visit_grid14_targets10_trials50.csv,5,1,11,3.9063514144035882,3.9063514144035882,03,03,1,0,True,completed
37,known_visit,HIPC,bernoulli,drop_0.25,14,196,4,10,hipc_g14_d50_bernoulli_drop_0_25,reruns\grid_density\scenarios\cv\known_visit_grid14_targets10_trials50.csv,6,9,9,21.365390986124115,21.365390986124115,03,03,1,0,True,completed
37,known_visit,HIPC,bernoulli,drop_0.25,14,196,4,10,hipc_g14_d50_bernoulli_drop_0_25,reruns\grid_density\scenarios\cv\known_visit_grid14_targets10_trials50.csv,7,7,5,17.98391113880384,17.98391113880384,02,02,1,0,True,completed
37,known_visit,HIPC,bernoulli,drop_0.25,14,196,4,10,hipc_g14_d50_bernoulli_drop_0_25,reruns\grid_density\scenarios\cv\known_visit_grid14_targets10_trials50.csv,8,6,1,10.763838169031642,10.763838169031642,00,00,1,0,True,completed
37,known_visit,HIPC,bernoulli,drop_0.25,14,196,4,10,hipc_g14_d50_bernoulli_drop_0_25,reruns\grid_density\scenarios\cv\known_visit_grid14_targets10_trials50.csv,9,8,8,25.11365734537885,25.11365734537885,03,03,1,0,True,completed
37,known_visit,HIPC,bernoulli,drop_0.25,14,196,4,10,hipc_g14_d50_bernoulli_drop_0_25,reruns\grid_density\scenarios\cv\known_visit_grid14_targets10_trials50.csv,10,11,0,31.676669498201505,31.676669498201505,00,00,1,0,True,completed
38,known_visit,HIPC,bernoulli,drop_0.25,14,196,4,10,hipc_g14_d50_bernoulli_drop_0_25,reruns\grid_density\scenarios\cv\known_visit_grid14_targets10_trials50.csv,1,7,6,13.98581072869841,13.98581072869841,01,01,1,0,True,completed
38,known_visit,HIPC,bernoulli,drop_0.25,14,196,4,10,hipc_g14_d50_bernoulli_drop_0_25,reruns\grid_density\scenarios\cv\known_visit_grid14_targets10_trials50.csv,2,0,7,2.289774712662297,2.289774712662297,02,02,1,0,True,completed
38,known_visit,HIPC,bernoulli,drop_0.25,14,196,4,10,hipc_g14_d50_bernoulli_drop_0_25,reruns\grid_density\scenarios\cv\known_visit_grid14_targets10_trials50.csv,3,5,10,17.112334589929215,17.112334589929215,02,02,1,0,True,completed
38,known_visit,HIPC,bernoulli,drop_0.25,14,196,4,10,hipc_g14_d50_bernoulli_drop_0_25,reruns\grid_density\scenarios\cv\known_visit_grid14_targets10_trials50.csv,4,11,13,21.84603932390718,21.84603932390718,03,03,1,0,True,completed
38,known_visit,HIPC,bernoulli,drop_0.25,14,196,4,10,hipc_g14_d50_bernoulli_drop_0_25,reruns\grid_density\scenarios\cv\known_visit_grid14_targets10_trials50.csv,5,3,9,11.482368597113807,11.482368597113807,02,02,1,0,True,completed
38,known_visit,HIPC,bernoulli,drop_0.25,14,196,4,10,hipc_g14_d50_bernoulli_drop_0_25,reruns\grid_density\scenarios\cv\known_visit_grid14_targets10_trials50.csv,6,13,2,24.479608952836646,24.479608952836646,00,00,1,0,True,completed
38,known_visit,HIPC,bernoulli,drop_0.25,14,196,4,10,hipc_g14_d50_bernoulli_drop_0_25,reruns\grid_density\scenarios\cv\known_visit_grid14_targets10_trials50.csv,7,7,4,10.306693849272902,10.306693849272902,01,01,1,0,True,completed
38,known_visit,HIPC,bernoulli,drop_0.25,14,196,4,10,hipc_g14_d50_bernoulli_drop_0_25,reruns\grid_density\scenarios\cv\known_visit_grid14_targets10_trials50.csv,8,8,0,12.19832979775983,12.19832979775983,00,00,1,0,True,completed
38,known_visit,HIPC,bernoulli,drop_0.25,14,196,4,10,hipc_g14_d50_bernoulli_drop_0_25,reruns\grid_density\scenarios\cv\known_visit_grid14_targets10_trials50.csv,9,12,1,20.765426822654447,20.765426822654447,00,00,1,0,True,completed
38,known_visit,HIPC,bernoulli,drop_0.25,14,196,4,10,hipc_g14_d50_bernoulli_drop_0_25,reruns\grid_density\scenarios\cv\known_visit_grid14_targets10_trials50.csv,10,9,12,16.040037827980125,16.040037827980125,03,03,1,0,True,completed
39,known_visit,HIPC,bernoulli,drop_0.25,14,196,4,10,hipc_g14_d50_bernoulli_drop_0_25,reruns\grid_density\scenarios\cv\known_visit_grid14_targets10_trials50.csv,1,2,10,7.5777929441447975,7.5777929441447975,03,03,1,0,True,completed
39,known_visit,HIPC,bernoulli,drop_0.25,14,196,4,10,hipc_g14_d50_bernoulli_drop_0_25,reruns\grid_density\scenarios\cv\known_visit_grid14_targets10_trials50.csv,2,6,5,10.873664090696872,10.873664090696872,01,01,1,0,True,completed
39,known_visit,HIPC,bernoulli,drop_0.25,14,196,4,10,hipc_g14_d50_bernoulli_drop_0_25,reruns\grid_density\scenarios\cv\known_visit_grid14_targets10_trials50.csv,3,0,10,3.8810619894636913,3.8810619894636913,03,03,1,0,True,completed
39,known_visit,HIPC,bernoulli,drop_0.25,14,196,4,10,hipc_g14_d50_bernoulli_drop_0_25,reruns\grid_density\scenarios\cv\known_visit_grid14_targets10_trials50.csv,4,0,7,2.205241107911403,2.205241107911403,02,02,1,0,True,completed
39,known_visit,HIPC,bernoulli,drop_0.25,14,196,4,10,hipc_g14_d50_bernoulli_drop_0_25,reruns\grid_density\scenarios\cv\known_visit_grid14_targets10_trials50.csv,5,8,2,16.342276049800656,16.342276049800656,00,00,1,0,True,completed
39,known_visit,HIPC,bernoulli,drop_0.25,14,196,4,10,hipc_g14_d50_bernoulli_drop_0_25,reruns\grid_density\scenarios\cv\known_visit_grid14_targets10_trials50.csv,6,9,8,19.844945677747898,19.844945677747898,02,02,1,0,True,completed
39,known_visit,HIPC,bernoulli,drop_0.25,14,196,4,10,hipc_g14_d50_bernoulli_drop_0_25,reruns\grid_density\scenarios\cv\known_visit_grid14_targets10_trials50.csv,7,9,12,26.70015504720516,26.70015504720516,02,02,1,0,True,completed
39,known_visit,HIPC,bernoulli,drop_0.25,14,196,4,10,hipc_g14_d50_bernoulli_drop_0_25,reruns\grid_density\scenarios\cv\known_visit_grid14_targets10_trials50.csv,8,2,11,9.668502593741161,9.668502593741161,03,03,1,0,True,completed
39,known_visit,HIPC,bernoulli,drop_0.25,14,196,4,10,hipc_g14_d50_bernoulli_drop_0_25,reruns\grid_density\scenarios\cv\known_visit_grid14_targets10_trials50.csv,9,8,13,23.55455619268474,23.55455619268474,03,03,1,0,True,completed
39,known_visit,HIPC,bernoulli,drop_0.25,14,196,4,10,hipc_g14_d50_bernoulli_drop_0_25,reruns\grid_density\scenarios\cv\known_visit_grid14_targets10_trials50.csv,10,6,13,20.003529759930128,20.003529759930128,03,03,1,0,True,completed
40,known_visit,HIPC,bernoulli,drop_0.25,14,196,4,10,hipc_g14_d50_bernoulli_drop_0_25,reruns\grid_density\scenarios\cv\known_visit_grid14_targets10_trials50.csv,1,3,7,7.657721066453133,7.657721066453133,02,02,2,1,True,completed
40,known_visit,HIPC,bernoulli,drop_0.25,14,196,4,10,hipc_g14_d50_bernoulli_drop_0_25,reruns\grid_density\scenarios\cv\known_visit_grid14_targets10_trials50.csv,2,0,7,2.325250245147014,2.325250245147014,02,02,2,1,True,completed
40,known_visit,HIPC,bernoulli,drop_0.25,14,196,4,10,hipc_g14_d50_bernoulli_drop_0_25,reruns\grid_density\scenarios\cv\known_visit_grid14_targets10_trials50.csv,3,3,10,9.598551338186622,9.598551338186622,03,03,2,1,True,completed
40,known_visit,HIPC,bernoulli,drop_0.25,14,196,4,10,hipc_g14_d50_bernoulli_drop_0_25,reruns\grid_density\scenarios\cv\known_visit_grid14_targets10_trials50.csv,4,8,3,17.571599549964464,17.571599549964464,00,00,1,0,True,completed
40,known_visit,HIPC,bernoulli,drop_0.25,14,196,4,10,hipc_g14_d50_bernoulli_drop_0_25,reruns\grid_density\scenarios\cv\known_visit_grid14_targets10_trials50.csv,5,3,13,18.639585230954545,18.639585230954545,03,03,1,0,True,completed
40,known_visit,HIPC,bernoulli,drop_0.25,14,196,4,10,hipc_g14_d50_bernoulli_drop_0_25,reruns\grid_density\scenarios\cv\known_visit_grid14_targets10_trials50.csv,6,13,8,35.434409511356684,35.434409511356684,00,00,1,0,True,completed
40,known_visit,HIPC,bernoulli,drop_0.25,14,196,4,10,hipc_g14_d50_bernoulli_drop_0_25,reruns\grid_density\scenarios\cv\known_visit_grid14_targets10_trials50.csv,7,12,6,29.845110638145186,29.845110638145186,00,00,1,0,True,completed
40,known_visit,HIPC,bernoulli,drop_0.25,14,196,4,10,hipc_g14_d50_bernoulli_drop_0_25,reruns\grid_density\scenarios\cv\known_visit_grid14_targets10_trials50.csv,8,7,9,18.390147709196732,18.390147709196732,02,02,1,0,True,completed
40,known_visit,HIPC,bernoulli,drop_0.25,14,196,4,10,hipc_g14_d50_bernoulli_drop_0_25,reruns\grid_density\scenarios\cv\known_visit_grid14_targets10_trials50.csv,9,3,11,7.507754881153823,7.507754881153823,03,03,2,1,True,completed
40,known_visit,HIPC,bernoulli,drop_0.25,14,196,4,10,hipc_g14_d50_bernoulli_drop_0_25,reruns\grid_density\scenarios\cv\known_visit_grid14_targets10_trials50.csv,10,0,11,2.220099281104561,2.220099281104561,03,03,1,0,True,completed
41,known_visit,HIPC,bernoulli,drop_0.25,14,196,4,10,hipc_g14_d50_bernoulli_drop_0_25,reruns\grid_density\scenarios\cv\known_visit_grid14_targets10_trials50.csv,1,8,8,23.808020473350865,23.808020473350865,01,01,1,0,True,completed
41,known_visit,HIPC,bernoulli,drop_0.25,14,196,4,10,hipc_g14_d50_bernoulli_drop_0_25,reruns\grid_density\scenarios\cv\known_visit_grid14_targets10_trials50.csv,2,4,5,7.472426942132496,7.472426942132496,01,01,1,0,True,completed
41,known_visit,HIPC,bernoulli,drop_0.25,14,196,4,10,hipc_g14_d50_bernoulli_drop_0_25,reruns\grid_density\scenarios\cv\known_visit_grid14_targets10_trials50.csv,3,1,2,4.050544163670445,4.050544163670445,00,00,1,0,True,completed
41,known_visit,HIPC,bernoulli,drop_0.25,14,196,4,10,hipc_g14_d50_bernoulli_drop_0_25,reruns\grid_density\scenarios\cv\known_visit_grid14_targets10_trials50.csv,4,8,4,16.667289097945186,16.667289097945186,01,01,1,0,True,completed
41,known_visit,HIPC,bernoulli,drop_0.25,14,196,4,10,hipc_g14_d50_bernoulli_drop_0_25,reruns\grid_density\scenarios\cv\known_visit_grid14_targets10_trials50.csv,5,5,1,12.657770460867988,12.657770460867988,00,00,1,0,True,completed
41,known_visit,HIPC,bernoulli,drop_0.25,14,196,4,10,hipc_g14_d50_bernoulli_drop_0_25,reruns\grid_density\scenarios\cv\known_visit_grid14_targets10_trials50.csv,6,12,13,23.062089694707787,23.062089694707787,03,03,1,0,True,completed
41,known_visit,HIPC,bernoulli,drop_0.25,14,196,4,10,hipc_g14_d50_bernoulli_drop_0_25,reruns\grid_density\scenarios\cv\known_visit_grid14_targets10_trials50.csv,7,0,11,2.2332785874761805,2.2332785874761805,02,02,1,0,True,completed
41,known_visit,HIPC,bernoulli,drop_0.25,14,196,4,10,hipc_g14_d50_bernoulli_drop_0_25,reruns\grid_density\scenarios\cv\known_visit_grid14_targets10_trials50.csv,8,6,4,13.067600594113047,13.067600594113047,01,01,1,0,True,completed
41,known_visit,HIPC,bernoulli,drop_0.25,14,196,4,10,hipc_g14_d50_bernoulli_drop_0_25,reruns\grid_density\scenarios\cv\known_visit_grid14_targets10_trials50.csv,9,8,12,14.133394646817838,14.133394646817838,03,03,1,0,True,completed
41,known_visit,HIPC,bernoulli,drop_0.25,14,196,4,10,hipc_g14_d50_bernoulli_drop_0_25,reruns\grid_density\scenarios\cv\known_visit_grid14_targets10_trials50.csv,10,0,1,0.5006499400858793,0.5006499400858793,00,00,1,0,True,completed
42,known_visit,HIPC,bernoulli,drop_0.25,14,196,4,10,hipc_g14_d50_bernoulli_drop_0_25,reruns\grid_density\scenarios\cv\known_visit_grid14_targets10_trials50.csv,1,4,10,11.41697373118894,11.41697373118894,02,02,1,0,True,completed
42,known_visit,HIPC,bernoulli,drop_0.25,14,196,4,10,hipc_g14_d50_bernoulli_drop_0_25,reruns\grid_density\scenarios\cv\known_visit_grid14_targets10_trials50.csv,2,1,2,3.804518944986303,3.804518944986303,00,00,1,0,True,completed
42,known_visit,HIPC,bernoulli,drop_0.25,14,196,4,10,hipc_g14_d50_bernoulli_drop_0_25,reruns\grid_density\scenarios\cv\known_visit_grid14_targets10_trials50.csv,3,0,5,0.5488564326917398,0.5488564326917398,01,01,1,0,True,completed
42,known_visit,HIPC,bernoulli,drop_0.25,14,196,4,10,hipc_g14_d50_bernoulli_drop_0_25,reruns\grid_density\scenarios\cv\known_visit_grid14_targets10_trials50.csv,4,12,9,27.316524993726183,27.316524993726183,02,02,1,0,True,completed
42,known_visit,HIPC,bernoulli,drop_0.25,14,196,4,10,hipc_g14_d50_bernoulli_drop_0_25,reruns\grid_density\scenarios\cv\known_visit_grid14_targets10_trials50.csv,5,11,12,19.450969319683615,19.450969319683615,03,03,1,0,True,completed
42,known_visit,HIPC,bernoulli,drop_0.25,14,196,4,10,hipc_g14_d50_bernoulli_drop_0_25,reruns\grid_density\scenarios\cv\known_visit_grid14_targets10_trials50.csv,6,12,5,21.40880626187423,21.40880626187423,01,01,1,0,True,completed
42,known_visit,HIPC,bernoulli,drop_0.25,14,196,4,10,hipc_g14_d50_bernoulli_drop_0_25,reruns\grid_density\scenarios\cv\known_visit_grid14_targets10_trials50.csv,7,2,11,5.6010093531437075,5.6010093531437075,02,02,1,0,True,completed
42,known_visit,HIPC,bernoulli,drop_0.25,14,196,4,10,hipc_g14_d50_bernoulli_drop_0_25,reruns\grid_density\scenarios\cv\known_visit_grid14_targets10_trials50.csv,8,2,9,1.9202618997637935,1.9202618997637935,02,02,1,0,True,completed
42,known_visit,HIPC,bernoulli,drop_0.25,14,196,4,10,hipc_g14_d50_bernoulli_drop_0_25,reruns\grid_density\scenarios\cv\known_visit_grid14_targets10_trials50.csv,9,11,3,22.7706244120179,22.7706244120179,00,00,1,0,True,completed
42,known_visit,HIPC,bernoulli,drop_0.25,14,196,4,10,hipc_g14_d50_bernoulli_drop_0_25,reruns\grid_density\scenarios\cv\known_visit_grid14_targets10_trials50.csv,10,10,9,23.730595015284614,23.730595015284614,02,02,1,0,True,completed
43,known_visit,HIPC,bernoulli,drop_0.25,14,196,4,10,hipc_g14_d50_bernoulli_drop_0_25,reruns\grid_density\scenarios\cv\known_visit_grid14_targets10_trials50.csv,1,10,3,17.604915517074158,17.604915517074158,01,01,2,1,True,completed
43,known_visit,HIPC,bernoulli,drop_0.25,14,196,4,10,hipc_g14_d50_bernoulli_drop_0_25,reruns\grid_density\scenarios\cv\known_visit_grid14_targets10_trials50.csv,2,7,8,17.089502927214905,17.089502927214905,02,02,1,0,True,completed
43,known_visit,HIPC,bernoulli,drop_0.25,14,196,4,10,hipc_g14_d50_bernoulli_drop_0_25,reruns\grid_density\scenarios\cv\known_visit_grid14_targets10_trials50.csv,3,2,10,4.02444990491035,4.02444990491035,02,02,1,0,True,completed
43,known_visit,HIPC,bernoulli,drop_0.25,14,196,4,10,hipc_g14_d50_bernoulli_drop_0_25,reruns\grid_density\scenarios\cv\known_visit_grid14_targets10_trials50.csv,4,9,0,17.871637665038097,17.871637665038097,00,00,1,0,True,completed
43,known_visit,HIPC,bernoulli,drop_0.25,14,196,4,10,hipc_g14_d50_bernoulli_drop_0_25,reruns\grid_density\scenarios\cv\known_visit_grid14_targets10_trials50.csv,5,6,10,14.637760830045588,14.637760830045588,03,03,1,0,True,completed
43,known_visit,HIPC,bernoulli,drop_0.25,14,196,4,10,hipc_g14_d50_bernoulli_drop_0_25,reruns\grid_density\scenarios\cv\known_visit_grid14_targets10_trials50.csv,6,12,0,23.123032724735836,23.123032724735836,00,00,1,0,True,completed
43,known_visit,HIPC,bernoulli,drop_0.25,14,196,4,10,hipc_g14_d50_bernoulli_drop_0_25,reruns\grid_density\scenarios\cv\known_visit_grid14_targets10_trials50.csv,7,4,9,9.588484504289532,9.588484504289532,02,02,1,0,True,completed
43,known_visit,HIPC,bernoulli,drop_0.25,14,196,4,10,hipc_g14_d50_bernoulli_drop_0_25,reruns\grid_density\scenarios\cv\known_visit_grid14_targets10_trials50.csv,8,1,1,2.142999863972084,2.142999863972084,00,00,1,0,True,completed
43,known_visit,HIPC,bernoulli,drop_0.25,14,196,4,10,hipc_g14_d50_bernoulli_drop_0_25,reruns\grid_density\scenarios\cv\known_visit_grid14_targets10_trials50.csv,9,13,13,36.61634072973461,36.61634072973461,02,02,1,0,True,completed
43,known_visit,HIPC,bernoulli,drop_0.25,14,196,4,10,hipc_g14_d50_bernoulli_drop_0_25,reruns\grid_density\scenarios\cv\known_visit_grid14_targets10_trials50.csv,10,10,9,24.284796438499825,24.284796438499825,02,02,1,0,True,completed
44,known_visit,HIPC,bernoulli,drop_0.25,14,196,4,10,hipc_g14_d50_bernoulli_drop_0_25,reruns\grid_density\scenarios\cv\known_visit_grid14_targets10_trials50.csv,1,2,10,3.9673832865760734,3.9673832865760734,02,02,1,0,True,completed
44,known_visit,HIPC,bernoulli,drop_0.25,14,196,4,10,hipc_g14_d50_bernoulli_drop_0_25,reruns\grid_density\scenarios\cv\known_visit_grid14_targets10_trials50.csv,2,7,12,12.404566156272793,12.404566156272793,03,03,1,0,True,completed
44,known_visit,HIPC,bernoulli,drop_0.25,14,196,4,10,hipc_g14_d50_bernoulli_drop_0_25,reruns\grid_density\scenarios\cv\known_visit_grid14_targets10_trials50.csv,3,9,9,18.218813940678686,18.218813940678686,02,02,1,0,True,completed
44,known_visit,HIPC,bernoulli,drop_0.25,14,196,4,10,hipc_g14_d50_bernoulli_drop_0_25,reruns\grid_density\scenarios\cv\known_visit_grid14_targets10_trials50.csv,4,2,1,3.9627588679387427,3.9627588679387427,00,00,1,0,True,completed
44,known_visit,HIPC,bernoulli,drop_0.25,14,196,4,10,hipc_g14_d50_bernoulli_drop_0_25,reruns\grid_density\scenarios\cv\known_visit_grid14_targets10_trials50.csv,5,6,5,10.784242546521465,10.784242546521465,01,01,1,0,True,completed
44,known_visit,HIPC,bernoulli,drop_0.25,14,196,4,10,hipc_g14_d50_bernoulli_drop_0_25,reruns\grid_density\scenarios\cv\known_visit_grid14_targets10_trials50.csv,6,9,13,18.02699971071186,18.02699971071186,03,03,1,0,True,completed
44,known_visit,HIPC,bernoulli,drop_0.25,14,196,4,10,hipc_g14_d50_bernoulli_drop_0_25,reruns\grid_density\scenarios\cv\known_visit_grid14_targets10_trials50.csv,7,1,13,0.11813682206848182,0.11813682206848182,03,03,1,0,True,completed
44,known_visit,HIPC,bernoulli,drop_0.25,14,196,4,10,hipc_g14_d50_bernoulli_drop_0_25,reruns\grid_density\scenarios\cv\known_visit_grid14_targets10_trials50.csv,8,13,10,27.292306184571387,27.292306184571387,02,02,1,0,True,completed
44,known_visit,HIPC,bernoulli,drop_0.25,14,196,4,10,hipc_g14_d50_bernoulli_drop_0_25,reruns\grid_density\scenarios\cv\known_visit_grid14_targets10_trials50.csv,9,12,1,21.36692850034781,21.36692850034781,00,00,1,0,True,completed
44,known_visit,HIPC,bernoulli,drop_0.25,14,196,4,10,hipc_g14_d50_bernoulli_drop_0_25,reruns\grid_density\scenarios\cv\known_visit_grid14_targets10_trials50.csv,10,8,6,16.102393985930217,16.102393985930217,01,01,1,0,True,completed
45,known_visit,HIPC,bernoulli,drop_0.25,14,196,4,10,hipc_g14_d50_bernoulli_drop_0_25,reruns\grid_density\scenarios\cv\known_visit_grid14_targets10_trials50.csv,1,12,12,20.50353993593298,20.50353993593298,03,03,1,0,True,completed
45,known_visit,HIPC,bernoulli,drop_0.25,14,196,4,10,hipc_g14_d50_bernoulli_drop_0_25,reruns\grid_density\scenarios\cv\known_visit_grid14_targets10_trials50.csv,2,6,8,14.885594883477514,14.885594883477514,02,02,1,0,True,completed
45,known_visit,HIPC,bernoulli,drop_0.25,14,196,4,10,hipc_g14_d50_bernoulli_drop_0_25,reruns\grid_density\scenarios\cv\known_visit_grid14_targets10_trials50.csv,3,8,8,18.565255487141386,18.565255487141386,02,02,1,0,True,completed
45,known_visit,HIPC,bernoulli,drop_0.25,14,196,4,10,hipc_g14_d50_bernoulli_drop_0_25,reruns\grid_density\scenarios\cv\known_visit_grid14_targets10_trials50.csv,4,2,10,3.935773687884819,3.935773687884819,02,02,1,0,True,completed
45,known_visit,HIPC,bernoulli,drop_0.25,14,196,4,10,hipc_g14_d50_bernoulli_drop_0_25,reruns\grid_density\scenarios\cv\known_visit_grid14_targets10_trials50.csv,5,8,1,22.233095754541818,22.233095754541818,00,00,1,0,True,completed
45,known_visit,HIPC,bernoulli,drop_0.25,14,196,4,10,hipc_g14_d50_bernoulli_drop_0_25,reruns\grid_density\scenarios\cv\known_visit_grid14_targets10_trials50.csv,6,0,1,0.5526003380591711,0.5526003380591711,00,00,1,0,True,completed
45,known_visit,HIPC,bernoulli,drop_0.25,14,196,4,10,hipc_g14_d50_bernoulli_drop_0_25,reruns\grid_density\scenarios\cv\known_visit_grid14_targets10_trials50.csv,7,4,13,5.249737584939061,5.249737584939061,03,03,1,0,True,completed
45,known_visit,HIPC,bernoulli,drop_0.25,14,196,4,10,hipc_g14_d50_bernoulli_drop_0_25,reruns\grid_density\scenarios\cv\known_visit_grid14_targets10_trials50.csv,8,11,0,29.39854414633932,29.39854414633932,00,00,1,0,True,completed
45,known_visit,HIPC,bernoulli,drop_0.25,14,196,4,10,hipc_g14_d50_bernoulli_drop_0_25,reruns\grid_density\scenarios\cv\known_visit_grid14_targets10_trials50.csv,9,2,1,4.118300564852611,4.118300564852611,00,00,1,0,True,completed
45,known_visit,HIPC,bernoulli,drop_0.25,14,196,4,10,hipc_g14_d50_bernoulli_drop_0_25,reruns\grid_density\scenarios\cv\known_visit_grid14_targets10_trials50.csv,10,3,3,9.673453730731291,9.673453730731291,00,00,2,1,True,completed
46,known_visit,HIPC,bernoulli,drop_0.25,14,196,4,10,hipc_g14_d50_bernoulli_drop_0_25,reruns\grid_density\scenarios\cv\known_visit_grid14_targets10_trials50.csv,1,13,3,23.01473965527241,23.01473965527241,01,01,1,0,True,completed
46,known_visit,HIPC,bernoulli,drop_0.25,14,196,4,10,hipc_g14_d50_bernoulli_drop_0_25,reruns\grid_density\scenarios\cv\known_visit_grid14_targets10_trials50.csv,2,10,11,22.791918554855794,22.791918554855794,02,02,1,0,True,completed
46,known_visit,HIPC,bernoulli,drop_0.25,14,196,4,10,hipc_g14_d50_bernoulli_drop_0_25,reruns\grid_density\scenarios\cv\known_visit_grid14_targets10_trials50.csv,3,4,13,9.682446247703414,9.682446247703414,03,03,1,0,True,completed
46,known_visit,HIPC,bernoulli,drop_0.25,14,196,4,10,hipc_g14_d50_bernoulli_drop_0_25,reruns\grid_density\scenarios\cv\known_visit_grid14_targets10_trials50.csv,4,3,12,5.539346380680224,5.539346380680224,03,03,1,0,True,completed
46,known_visit,HIPC,bernoulli,drop_0.25,14,196,4,10,hipc_g14_d50_bernoulli_drop_0_25,reruns\grid_density\scenarios\cv\known_visit_grid14_targets10_trials50.csv,5,11,9,17.19298318988115,17.19298318988115,02,02,1,0,True,completed
46,known_visit,HIPC,bernoulli,drop_0.25,14,196,4,10,hipc_g14_d50_bernoulli_drop_0_25,reruns\grid_density\scenarios\cv\known_visit_grid14_targets10_trials50.csv,6,9,1,15.552666979535067,15.552666979535067,00,00,1,0,True,completed
46,known_visit,HIPC,bernoulli,drop_0.25,14,196,4,10,hipc_g14_d50_bernoulli_drop_0_25,reruns\grid_density\scenarios\cv\known_visit_grid14_targets10_trials50.csv,7,4,3,7.3447901973586855,7.3447901973586855,01,01,1,0,True,completed
46,known_visit,HIPC,bernoulli,drop_0.25,14,196,4,10,hipc_g14_d50_bernoulli_drop_0_25,reruns\grid_density\scenarios\cv\known_visit_grid14_targets10_trials50.csv,8,12,6,30.36632694840216,30.36632694840216,01,01,1,0,True,completed
46,known_visit,HIPC,bernoulli,drop_0.25,14,196,4,10,hipc_g14_d50_bernoulli_drop_0_25,reruns\grid_density\scenarios\cv\known_visit_grid14_targets10_trials50.csv,9,6,9,8.596750798713744,8.596750798713744,02,02,1,0,True,completed
46,known_visit,HIPC,bernoulli,drop_0.25,14,196,4,10,hipc_g14_d50_bernoulli_drop_0_25,reruns\grid_density\scenarios\cv\known_visit_grid14_targets10_trials50.csv,10,13,11,32.17449476126625,32.17449476126625,02,02,1,0,True,completed
47,known_visit,HIPC,bernoulli,drop_0.25,14,196,4,10,hipc_g14_d50_bernoulli_drop_0_25,reruns\grid_density\scenarios\cv\known_visit_grid14_targets10_trials50.csv,1,3,2,7.551393737743628,7.551393737743628,00,00,1,0,True,completed
47,known_visit,HIPC,bernoulli,drop_0.25,14,196,4,10,hipc_g14_d50_bernoulli_drop_0_25,reruns\grid_density\scenarios\cv\known_visit_grid14_targets10_trials50.csv,2,7,13,14.692415062092888,14.692415062092888,03,03,1,0,True,completed
47,known_visit,HIPC,bernoulli,drop_0.25,14,196,4,10,hipc_g14_d50_bernoulli_drop_0_25,reruns\grid_density\scenarios\cv\known_visit_grid14_targets10_trials50.csv,3,2,5,3.947903378878102,3.947903378878102,01,01,1,0,True,completed
47,known_visit,HIPC,bernoulli,drop_0.25,14,196,4,10,hipc_g14_d50_bernoulli_drop_0_25,reruns\grid_density\scenarios\cv\known_visit_grid14_targets10_trials50.csv,4,4,2,9.288224980568089,9.288224980568089,00,00,1,0,True,completed
47,known_visit,HIPC,bernoulli,drop_0.25,14,196,4,10,hipc_g14_d50_bernoulli_drop_0_25,reruns\grid_density\scenarios\cv\known_visit_grid14_targets10_trials50.csv,5,0,10,0.5074297149947957,0.5074297149947957,02,02,1,0,True,completed
47,known_visit,HIPC,bernoulli,drop_0.25,14,196,4,10,hipc_g14_d50_bernoulli_drop_0_25,reruns\grid_density\scenarios\cv\known_visit_grid14_targets10_trials50.csv,6,11,0,25.217804825374543,25.217804825374543,00,00,1,0,True,completed
47,known_visit,HIPC,bernoulli,drop_0.25,14,196,4,10,hipc_g14_d50_bernoulli_drop_0_25,reruns\grid_density\scenarios\cv\known_visit_grid14_targets10_trials50.csv,7,10,1,21.542765111719525,21.542765111719525,00,00,1,0,True,completed
47,known_visit,HIPC,bernoulli,drop_0.25,14,196,4,10,hipc_g14_d50_bernoulli_drop_0_25,reruns\grid_density\scenarios\cv\known_visit_grid14_targets10_trials50.csv,8,9,5,16.02281942908377,16.02281942908377,01,01,1,0,True,completed
47,known_visit,HIPC,bernoulli,drop_0.25,14,196,4,10,hipc_g14_d50_bernoulli_drop_0_25,reruns\grid_density\scenarios\cv\known_visit_grid14_targets10_trials50.csv,9,2,2,5.5562839894768885,5.5562839894768885,00,00,1,0,True,completed
47,known_visit,HIPC,bernoulli,drop_0.25,14,196,4,10,hipc_g14_d50_bernoulli_drop_0_25,reruns\grid_density\scenarios\cv\known_visit_grid14_targets10_trials50.csv,10,10,10,26.6312777846328,26.6312777846328,01,01,1,0,True,completed
48,known_visit,HIPC,bernoulli,drop_0.25,14,196,4,10,hipc_g14_d50_bernoulli_drop_0_25,reruns\grid_density\scenarios\cv\known_visit_grid14_targets10_trials50.csv,1,1,2,3.8391652505544456,3.8391652505544456,00,00,1,0,True,completed
48,known_visit,HIPC,bernoulli,drop_0.25,14,196,4,10,hipc_g14_d50_bernoulli_drop_0_25,reruns\grid_density\scenarios\cv\known_visit_grid14_targets10_trials50.csv,2,4,0,12.443097320090843,12.443097320090843,01,01,1,0,True,completed
48,known_visit,HIPC,bernoulli,drop_0.25,14,196,4,10,hipc_g14_d50_bernoulli_drop_0_25,reruns\grid_density\scenarios\cv\known_visit_grid14_targets10_trials50.csv,3,6,0,16.2089859320351,16.2089859320351,01,01,1,0,True,completed
48,known_visit,HIPC,bernoulli,drop_0.25,14,196,4,10,hipc_g14_d50_bernoulli_drop_0_25,reruns\grid_density\scenarios\cv\known_visit_grid14_targets10_trials50.csv,4,9,13,17.732071757244153,17.732071757244153,03,03,1,0,True,completed
48,known_visit,HIPC,bernoulli,drop_0.25,14,196,4,10,hipc_g14_d50_bernoulli_drop_0_25,reruns\grid_density\scenarios\cv\known_visit_grid14_targets10_trials50.csv,5,5,13,6.855531300525136,6.855531300525136,03,03,2,1,True,completed
48,known_visit,HIPC,bernoulli,drop_0.25,14,196,4,10,hipc_g14_d50_bernoulli_drop_0_25,reruns\grid_density\scenarios\cv\known_visit_grid14_targets10_trials50.csv,6,6,7,27.182574117707805,27.182574117707805,02,02,1,0,True,completed
48,known_visit,HIPC,bernoulli,drop_0.25,14,196,4,10,hipc_g14_d50_bernoulli_drop_0_25,reruns\grid_density\scenarios\cv\known_visit_grid14_targets10_trials50.csv,7,13,1,35.556553723494886,35.556553723494886,00,00,1,0,True,completed
48,known_visit,HIPC,bernoulli,drop_0.25,14,196,4,10,hipc_g14_d50_bernoulli_drop_0_25,reruns\grid_density\scenarios\cv\known_visit_grid14_targets10_trials50.csv,8,2,11,5.691753272899923,5.691753272899923,02,02,1,0,True,completed
48,known_visit,HIPC,bernoulli,drop_0.25,14,196,4,10,hipc_g14_d50_bernoulli_drop_0_25,reruns\grid_density\scenarios\cv\known_visit_grid14_targets10_trials50.csv,9,6,12,10.410677622828535,10.410677622828535,03,03,2,1,True,completed
48,known_visit,HIPC,bernoulli,drop_0.25,14,196,4,10,hipc_g14_d50_bernoulli_drop_0_25,reruns\grid_density\scenarios\cv\known_visit_grid14_targets10_trials50.csv,10,11,1,31.891777294238825,31.891777294238825,00,00,1,0,True,completed
49,known_visit,HIPC,bernoulli,drop_0.25,14,196,4,10,hipc_g14_d50_bernoulli_drop_0_25,reruns\grid_density\scenarios\cv\known_visit_grid14_targets10_trials50.csv,1,3,12,5.525442520739083,5.525442520739083,03,03,1,0,True,completed
49,known_visit,HIPC,bernoulli,drop_0.25,14,196,4,10,hipc_g14_d50_bernoulli_drop_0_25,reruns\grid_density\scenarios\cv\known_visit_grid14_targets10_trials50.csv,2,2,1,4.069736924594197,4.069736924594197,00,00,1,0,True,completed
49,known_visit,HIPC,bernoulli,drop_0.25,14,196,4,10,hipc_g14_d50_bernoulli_drop_0_25,reruns\grid_density\scenarios\cv\known_visit_grid14_targets10_trials50.csv,3,5,3,12.855558199009549,12.855558199009549,00,00,1,0,True,completed
49,known_visit,HIPC,bernoulli,drop_0.25,14,196,4,10,hipc_g14_d50_bernoulli_drop_0_25,reruns\grid_density\scenarios\cv\known_visit_grid14_targets10_trials50.csv,4,7,11,14.769743312702184,14.769743312702184,03,03,1,0,True,completed
49,known_visit,HIPC,bernoulli,drop_0.25,14,196,4,10,hipc_g14_d50_bernoulli_drop_0_25,reruns\grid_density\scenarios\cv\known_visit_grid14_targets10_trials50.csv,5,8,5,18.93001991647373,18.93001991647373,01,01,1,0,True,completed
49,known_visit,HIPC,bernoulli,drop_0.25,14,196,4,10,hipc_g14_d50_bernoulli_drop_0_25,reruns\grid_density\scenarios\cv\known_visit_grid14_targets10_trials50.csv,6,1,0,0.20499065037705888,0.20499065037705888,00,00,1,0,True,completed
49,known_visit,HIPC,bernoulli,drop_0.25,14,196,4,10,hipc_g14_d50_bernoulli_drop_0_25,reruns\grid_density\scenarios\cv\known_visit_grid14_targets10_trials50.csv,7,5,12,9.292063158444334,9.292063158444334,03,03,1,0,True,completed
49,known_visit,HIPC,bernoulli,drop_0.25,14,196,4,10,hipc_g14_d50_bernoulli_drop_0_25,reruns\grid_density\scenarios\cv\known_visit_grid14_targets10_trials50.csv,8,11,0,33.36254308023713,33.36254308023713,01,01,1,0,True,completed
49,known_visit,HIPC,bernoulli,drop_0.25,14,196,4,10,hipc_g14_d50_bernoulli_drop_0_25,reruns\grid_density\scenarios\cv\known_visit_grid14_targets10_trials50.csv,9,2,5,3.8578665274823707,3.8578665274823707,01,01,2,1,True,completed
49,known_visit,HIPC,bernoulli,drop_0.25,14,196,4,10,hipc_g14_d50_bernoulli_drop_0_25,reruns\grid_density\scenarios\cv\known_visit_grid14_targets10_trials50.csv,10,1,8,2.119578075819914,2.119578075819914,02,02,1,0,True,completed
