trial_id,trial_mode,algorithm,comm_model,comm_level,grid_size,grid_cells,robot_count,target_count,condition_id,scenario_file,target_index,target_x,target_y,first_completion_time_s,first_completion_sim_time_s,first_found_by_robot,first_finder_robot_id,total_visits,duplicate_visits,completed,trial_status
0,known_visit,DMCHBA,ideal,1.0,19,361,4,20,targets_20_dmchba_h1_ideal,objective_tuning_target_load_pilot_25\scenarios\known_visit_g19_t20_n25.csv,1,11,7,33.28522315661138,33.28522315661138,00,00,1,0,True,completed
0,known_visit,DMCHBA,ideal,1.0,19,361,4,20,targets_20_dmchba_h1_ideal,objective_tuning_target_load_pilot_25\scenarios\known_visit_g19_t20_n25.csv,2,17,15,36.94681289397476,36.94681289397476,03,03,1,0,True,completed
0,known_visit,DMCHBA,ideal,1.0,19,361,4,20,targets_20_dmchba_h1_ideal,objective_tuning_target_load_pilot_25\scenarios\known_visit_g19_t20_n25.csv,3,14,5,41.89427350733742,41.89427350733742,00,00,1,0,True,completed
0,known_visit,DMCHBA,ideal,1.0,19,361,4,20,targets_20_dmchba_h1_ideal,objective_tuning_target_load_pilot_25\scenarios\known_visit_g19_t20_n25.csv,4,8,0,11.931318945012379,11.931318945012379,00,00,1,0,True,completed
0,known_visit,DMCHBA,ideal,1.0,19,361,4,20,targets_20_dmchba_h1_ideal,objective_tuning_target_load_pilot_25\scenarios\known_visit_g19_t20_n25.csv,5,14,15,31.469469248847844,31.469469248847844,03,03,1,0,True,completed
0,known_visit,DMCHBA,ideal,1.0,19,361,4,20,targets_20_dmchba_h1_ideal,objective_tuning_target_load_pilot_25\scenarios\known_visit_g19_t20_n25.csv,6,7,5,22.671065798805515,22.671065798805515,00,00,1,0,True,completed
0,known_visit,DMCHBA,ideal,1.0,19,361,4,20,targets_20_dmchba_h1_ideal,objective_tuning_target_load_pilot_25\scenarios\known_visit_g19_t20_n25.csv,7,2,6,1.8697108480425824,1.8697108480425824,01,01,1,0,True,completed
0,known_visit,DMCHBA,ideal,1.0,19,361,4,20,targets_20_dmchba_h1_ideal,objective_tuning_target_load_pilot_25\scenarios\known_visit_g19_t20_n25.csv,8,3,8,7.376563925090544,7.376563925090544,01,01,1,0,True,completed
0,known_visit,DMCHBA,ideal,1.0,19,361,4,20,targets_20_dmchba_h1_ideal,objective_tuning_target_load_pilot_25\scenarios\known_visit_g19_t20_n25.csv,9,12,12,34.45775092193224,34.45775092193224,02,02,1,0,True,completed
0,known_visit,DMCHBA,ideal,1.0,19,361,4,20,targets_20_dmchba_h1_ideal,objective_tuning_target_load_pilot_25\scenarios\known_visit_g19_t20_n25.csv,10,16,5,45.46514969424187,45.46514969424187,00,00,1,0,True,completed
0,known_visit,DMCHBA,ideal,1.0,19,361,4,20,targets_20_dmchba_h1_ideal,objective_tuning_target_load_pilot_25\scenarios\known_visit_g19_t20_n25.csv,11,10,14,27.124376892840477,27.124376892840477,02,02,1,0,True,completed
0,known_visit,DMCHBA,ideal,1.0,19,361,4,20,targets_20_dmchba_h1_ideal,objective_tuning_target_load_pilot_25\scenarios\known_visit_g19_t20_n25.csv,12,3,18,3.5901232293668506,3.5901232293668506,03,03,1,0,True,completed
0,known_visit,DMCHBA,ideal,1.0,19,361,4,20,targets_20_dmchba_h1_ideal,objective_tuning_target_load_pilot_25\scenarios\known_visit_g19_t20_n25.csv,13,10,12,23.431341643484906,23.431341643484906,02,02,1,0,True,completed
0,known_visit,DMCHBA,ideal,1.0,19,361,4,20,targets_20_dmchba_h1_ideal,objective_tuning_target_load_pilot_25\scenarios\known_visit_g19_t20_n25.csv,14,5,18,7.105248849364637,7.105248849364637,03,03,1,0,True,completed
0,known_visit,DMCHBA,ideal,1.0,19,361,4,20,targets_20_dmchba_h1_ideal,objective_tuning_target_load_pilot_25\scenarios\known_visit_g19_t20_n25.csv,15,13,14,27.466446705296153,27.466446705296153,03,03,1,0,True,completed
0,known_visit,DMCHBA,ideal,1.0,19,361,4,20,targets_20_dmchba_h1_ideal,objective_tuning_target_load_pilot_25\scenarios\known_visit_g19_t20_n25.csv,16,4,11,14.484155118671891,14.484155118671891,01,01,1,0,True,completed
0,known_visit,DMCHBA,ideal,1.0,19,361,4,20,targets_20_dmchba_h1_ideal,objective_tuning_target_load_pilot_25\scenarios\known_visit_g19_t20_n25.csv,17,12,18,18.665981851381343,18.665981851381343,03,03,1,0,True,completed
0,known_visit,DMCHBA,ideal,1.0,19,361,4,20,targets_20_dmchba_h1_ideal,objective_tuning_target_load_pilot_25\scenarios\known_visit_g19_t20_n25.csv,18,1,14,3.8699155853655345,3.8699155853655345,02,02,1,0,True,completed
0,known_visit,DMCHBA,ideal,1.0,19,361,4,20,targets_20_dmchba_h1_ideal,objective_tuning_target_load_pilot_25\scenarios\known_visit_g19_t20_n25.csv,19,15,10,35.56456140823397,35.56456140823397,01,01,1,0,True,completed
0,known_visit,DMCHBA,ideal,1.0,19,361,4,20,targets_20_dmchba_h1_ideal,objective_tuning_target_load_pilot_25\scenarios\known_visit_g19_t20_n25.csv,20,11,10,28.508700156648327,28.508700156648327,01,01,1,0,True,completed
1,known_visit,DMCHBA,ideal,1.0,19,361,4,20,targets_20_dmchba_h1_ideal,objective_tuning_target_load_pilot_25\scenarios\known_visit_g19_t20_n25.csv,1,10,3,21.984543106284146,21.984543106284146,01,01,1,0,True,completed
1,known_visit,DMCHBA,ideal,1.0,19,361,4,20,targets_20_dmchba_h1_ideal,objective_tuning_target_load_pilot_25\scenarios\known_visit_g19_t20_n25.csv,2,7,11,16.260577151771223,16.260577151771223,02,02,1,0,True,completed
1,known_visit,DMCHBA,ideal,1.0,19,361,4,20,targets_20_dmchba_h1_ideal,objective_tuning_target_load_pilot_25\scenarios\known_visit_g19_t20_n25.csv,3,0,1,0.4933977747892714,0.4933977747892714,00,00,1,0,True,completed
1,known_visit,DMCHBA,ideal,1.0,19,361,4,20,targets_20_dmchba_h1_ideal,objective_tuning_target_load_pilot_25\scenarios\known_visit_g19_t20_n25.csv,4,9,4,18.227890316513772,18.227890316513772,01,01,1,0,True,completed
1,known_visit,DMCHBA,ideal,1.0,19,361,4,20,targets_20_dmchba_h1_ideal,objective_tuning_target_load_pilot_25\scenarios\known_visit_g19_t20_n25.csv,5,0,3,3.8880160546067675,3.8880160546067675,00,00,1,0,True,completed
1,known_visit,DMCHBA,ideal,1.0,19,361,4,20,targets_20_dmchba_h1_ideal,objective_tuning_target_load_pilot_25\scenarios\known_visit_g19_t20_n25.csv,6,3,5,5.64400160173139,5.64400160173139,01,01,1,0,True,completed
1,known_visit,DMCHBA,ideal,1.0,19,361,4,20,targets_20_dmchba_h1_ideal,objective_tuning_target_load_pilot_25\scenarios\known_visit_g19_t20_n25.csv,7,1,17,2.2285902977280423,2.2285902977280423,03,03,1,0,True,completed
1,known_visit,DMCHBA,ideal,1.0,19,361,4,20,targets_20_dmchba_h1_ideal,objective_tuning_target_load_pilot_25\scenarios\known_visit_g19_t20_n25.csv,8,3,17,5.874928583763125,5.874928583763125,03,03,1,0,True,completed
1,known_visit,DMCHBA,ideal,1.0,19,361,4,20,targets_20_dmchba_h1_ideal,objective_tuning_target_load_pilot_25\scenarios\known_visit_g19_t20_n25.csv,9,12,8,30.98588730744155,30.98588730744155,02,02,1,0,True,completed
1,known_visit,DMCHBA,ideal,1.0,19,361,4,20,targets_20_dmchba_h1_ideal,objective_tuning_target_load_pilot_25\scenarios\known_visit_g19_t20_n25.csv,10,15,13,37.38604235915509,37.38604235915509,03,03,1,0,True,completed
1,known_visit,DMCHBA,ideal,1.0,19,361,4,20,targets_20_dmchba_h1_ideal,objective_tuning_target_load_pilot_25\scenarios\known_visit_g19_t20_n25.csv,11,5,5,9.218302578779602,9.218302578779602,01,01,1,0,True,completed
1,known_visit,DMCHBA,ideal,1.0,19,361,4,20,targets_20_dmchba_h1_ideal,objective_tuning_target_load_pilot_25\scenarios\known_visit_g19_t20_n25.csv,12,18,7,43.48676824080044,43.48676824080044,02,02,1,0,True,completed
1,known_visit,DMCHBA,ideal,1.0,19,361,4,20,targets_20_dmchba_h1_ideal,objective_tuning_target_load_pilot_25\scenarios\known_visit_g19_t20_n25.csv,13,2,12,1.8084902015052298,1.8084902015052298,02,02,1,0,True,completed
1,known_visit,DMCHBA,ideal,1.0,19,361,4,20,targets_20_dmchba_h1_ideal,objective_tuning_target_load_pilot_25\scenarios\known_visit_g19_t20_n25.csv,14,1,3,6.016036853189006,6.016036853189006,00,00,1,0,True,completed
1,known_visit,DMCHBA,ideal,1.0,19,361,4,20,targets_20_dmchba_h1_ideal,objective_tuning_target_load_pilot_25\scenarios\known_visit_g19_t20_n25.csv,15,8,10,20.39115020480603,20.39115020480603,02,02,1,0,True,completed
1,known_visit,DMCHBA,ideal,1.0,19,361,4,20,targets_20_dmchba_h1_ideal,objective_tuning_target_load_pilot_25\scenarios\known_visit_g19_t20_n25.csv,16,4,1,29.22646163757048,29.22646163757048,00,00,1,0,True,completed
1,known_visit,DMCHBA,ideal,1.0,19,361,4,20,targets_20_dmchba_h1_ideal,objective_tuning_target_load_pilot_25\scenarios\known_visit_g19_t20_n25.csv,17,4,10,9.055159256221687,9.055159256221687,02,02,1,0,True,completed
1,known_visit,DMCHBA,ideal,1.0,19,361,4,20,targets_20_dmchba_h1_ideal,objective_tuning_target_load_pilot_25\scenarios\known_visit_g19_t20_n25.csv,18,16,15,31.789497571600347,31.789497571600347,03,03,1,0,True,completed
1,known_visit,DMCHBA,ideal,1.0,19,361,4,20,targets_20_dmchba_h1_ideal,objective_tuning_target_load_pilot_25\scenarios\known_visit_g19_t20_n25.csv,19,2,7,14.793002961139285,14.793002961139285,00,00,1,0,True,completed
1,known_visit,DMCHBA,ideal,1.0,19,361,4,20,targets_20_dmchba_h1_ideal,objective_tuning_target_load_pilot_25\scenarios\known_visit_g19_t20_n25.csv,20,10,2,24.052118438769124,24.052118438769124,01,01,1,0,True,completed
2,known_visit,DMCHBA,ideal,1.0,19,361,4,20,targets_20_dmchba_h1_ideal,objective_tuning_target_load_pilot_25\scenarios\known_visit_g19_t20_n25.csv,1,8,17,14.40245766055373,14.40245766055373,03,03,1,0,True,completed
2,known_visit,DMCHBA,ideal,1.0,19,361,4,20,targets_20_dmchba_h1_ideal,objective_tuning_target_load_pilot_25\scenarios\known_visit_g19_t20_n25.csv,2,9,7,15.779535851440402,15.779535851440402,01,01,1,0,True,completed
2,known_visit,DMCHBA,ideal,1.0,19,361,4,20,targets_20_dmchba_h1_ideal,objective_tuning_target_load_pilot_25\scenarios\known_visit_g19_t20_n25.csv,3,13,2,32.57246046651443,32.57246046651443,00,00,1,0,True,completed
2,known_visit,DMCHBA,ideal,1.0,19,361,4,20,targets_20_dmchba_h1_ideal,objective_tuning_target_load_pilot_25\scenarios\known_visit_g19_t20_n25.csv,4,17,3,41.52297605154625,41.52297605154625,00,00,1,0,True,completed
2,known_visit,DMCHBA,ideal,1.0,19,361,4,20,targets_20_dmchba_h1_ideal,objective_tuning_target_load_pilot_25\scenarios\known_visit_g19_t20_n25.csv,5,16,16,34.188790273702544,34.188790273702544,03,03,1,0,True,completed
2,known_visit,DMCHBA,ideal,1.0,19,361,4,20,targets_20_dmchba_h1_ideal,objective_tuning_target_load_pilot_25\scenarios\known_visit_g19_t20_n25.csv,6,10,9,20.93811132821462,20.93811132821462,01,01,1,0,True,completed
2,known_visit,DMCHBA,ideal,1.0,19,361,4,20,targets_20_dmchba_h1_ideal,objective_tuning_target_load_pilot_25\scenarios\known_visit_g19_t20_n25.csv,7,9,6,13.71488194339862,13.71488194339862,01,01,1,0,True,completed
2,known_visit,DMCHBA,ideal,1.0,19,361,4,20,targets_20_dmchba_h1_ideal,objective_tuning_target_load_pilot_25\scenarios\known_visit_g19_t20_n25.csv,8,17,15,37.820491396544185,37.820491396544185,03,03,1,0,True,completed
2,known_visit,DMCHBA,ideal,1.0,19,361,4,20,targets_20_dmchba_h1_ideal,objective_tuning_target_load_pilot_25\scenarios\known_visit_g19_t20_n25.csv,9,6,12,9.332749744156693,9.332749744156693,02,02,1,0,True,completed
2,known_visit,DMCHBA,ideal,1.0,19,361,4,20,targets_20_dmchba_h1_ideal,objective_tuning_target_load_pilot_25\scenarios\known_visit_g19_t20_n25.csv,10,17,0,46.9561970517744,46.9561970517744,00,00,1,0,True,completed
2,known_visit,DMCHBA,ideal,1.0,19,361,4,20,targets_20_dmchba_h1_ideal,objective_tuning_target_load_pilot_25\scenarios\known_visit_g19_t20_n25.csv,11,1,17,2.055182807283964,2.055182807283964,03,03,1,0,True,completed
2,known_visit,DMCHBA,ideal,1.0,19,361,4,20,targets_20_dmchba_h1_ideal,objective_tuning_target_load_pilot_25\scenarios\known_visit_g19_t20_n25.csv,12,7,10,14.88572086658074,14.88572086658074,02,02,1,0,True,completed
2,known_visit,DMCHBA,ideal,1.0,19,361,4,20,targets_20_dmchba_h1_ideal,objective_tuning_target_load_pilot_25\scenarios\known_visit_g19_t20_n25.csv,13,13,18,24.97761569619799,24.97761569619799,03,03,1,0,True,completed
2,known_visit,DMCHBA,ideal,1.0,19,361,4,20,targets_20_dmchba_h1_ideal,objective_tuning_target_load_pilot_25\scenarios\known_visit_g19_t20_n25.csv,14,11,15,31.020895981069554,31.020895981069554,02,02,1,0,True,completed
2,known_visit,DMCHBA,ideal,1.0,19,361,4,20,targets_20_dmchba_h1_ideal,objective_tuning_target_load_pilot_25\scenarios\known_visit_g19_t20_n25.csv,15,0,1,0.502230212216684,0.502230212216684,00,00,1,0,True,completed
2,known_visit,DMCHBA,ideal,1.0,19,361,4,20,targets_20_dmchba_h1_ideal,objective_tuning_target_load_pilot_25\scenarios\known_visit_g19_t20_n25.csv,16,3,17,5.792772941851979,5.792772941851979,03,03,1,0,True,completed
2,known_visit,DMCHBA,ideal,1.0,19,361,4,20,targets_20_dmchba_h1_ideal,objective_tuning_target_load_pilot_25\scenarios\known_visit_g19_t20_n25.csv,17,3,0,11.56353305634377,11.56353305634377,00,00,1,0,True,completed
2,known_visit,DMCHBA,ideal,1.0,19,361,4,20,targets_20_dmchba_h1_ideal,objective_tuning_target_load_pilot_25\scenarios\known_visit_g19_t20_n25.csv,18,13,13,38.162120782244536,38.162120782244536,02,02,1,0,True,completed
2,known_visit,DMCHBA,ideal,1.0,19,361,4,20,targets_20_dmchba_h1_ideal,objective_tuning_target_load_pilot_25\scenarios\known_visit_g19_t20_n25.csv,19,15,18,28.798639307523796,28.798639307523796,03,03,1,0,True,completed
2,known_visit,DMCHBA,ideal,1.0,19,361,4,20,targets_20_dmchba_h1_ideal,objective_tuning_target_load_pilot_25\scenarios\known_visit_g19_t20_n25.csv,20,0,2,2.228612258615343,2.228612258615343,00,00,1,0,True,completed
3,known_visit,DMCHBA,ideal,1.0,19,361,4,20,targets_20_dmchba_h1_ideal,objective_tuning_target_load_pilot_25\scenarios\known_visit_g19_t20_n25.csv,1,12,12,30.146413568550248,30.146413568550248,01,01,1,0,True,completed
3,known_visit,DMCHBA,ideal,1.0,19,361,4,20,targets_20_dmchba_h1_ideal,objective_tuning_target_load_pilot_25\scenarios\known_visit_g19_t20_n25.csv,2,17,11,44.930804368452094,44.930804368452094,01,01,1,0,True,completed
3,known_visit,DMCHBA,ideal,1.0,19,361,4,20,targets_20_dmchba_h1_ideal,objective_tuning_target_load_pilot_25\scenarios\known_visit_g19_t20_n25.csv,3,2,6,1.8745745374644414,1.8745745374644414,01,01,1,0,True,completed
3,known_visit,DMCHBA,ideal,1.0,19,361,4,20,targets_20_dmchba_h1_ideal,objective_tuning_target_load_pilot_25\scenarios\known_visit_g19_t20_n25.csv,4,9,13,22.83194981840081,22.83194981840081,03,03,1,0,True,completed
3,known_visit,DMCHBA,ideal,1.0,19,361,4,20,targets_20_dmchba_h1_ideal,objective_tuning_target_load_pilot_25\scenarios\known_visit_g19_t20_n25.csv,5,2,17,3.783345499289848,3.783345499289848,03,03,1,0,True,completed
3,known_visit,DMCHBA,ideal,1.0,19,361,4,20,targets_20_dmchba_h1_ideal,objective_tuning_target_load_pilot_25\scenarios\known_visit_g19_t20_n25.csv,6,6,11,11.010973919491935,11.010973919491935,02,02,1,0,True,completed
3,known_visit,DMCHBA,ideal,1.0,19,361,4,20,targets_20_dmchba_h1_ideal,objective_tuning_target_load_pilot_25\scenarios\known_visit_g19_t20_n25.csv,7,17,3,36.755027660206736,36.755027660206736,00,00,1,0,True,completed
3,known_visit,DMCHBA,ideal,1.0,19,361,4,20,targets_20_dmchba_h1_ideal,objective_tuning_target_load_pilot_25\scenarios\known_visit_g19_t20_n25.csv,8,5,8,18.15835050333971,18.15835050333971,02,02,1,0,True,completed
3,known_visit,DMCHBA,ideal,1.0,19,361,4,20,targets_20_dmchba_h1_ideal,objective_tuning_target_load_pilot_25\scenarios\known_visit_g19_t20_n25.csv,9,14,10,37.40890621397796,37.40890621397796,01,01,1,0,True,completed
3,known_visit,DMCHBA,ideal,1.0,19,361,4,20,targets_20_dmchba_h1_ideal,objective_tuning_target_load_pilot_25\scenarios\known_visit_g19_t20_n25.csv,10,16,4,32.722589184953364,32.722589184953364,00,00,1,0,True,completed
3,known_visit,DMCHBA,ideal,1.0,19,361,4,20,targets_20_dmchba_h1_ideal,objective_tuning_target_load_pilot_25\scenarios\known_visit_g19_t20_n25.csv,11,8,15,17.648308827318548,17.648308827318548,03,03,1,0,True,completed
3,known_visit,DMCHBA,ideal,1.0,19,361,4,20,targets_20_dmchba_h1_ideal,objective_tuning_target_load_pilot_25\scenarios\known_visit_g19_t20_n25.csv,12,18,8,45.14360503236281,45.14360503236281,02,02,1,0,True,completed
3,known_visit,DMCHBA,ideal,1.0,19,361,4,20,targets_20_dmchba_h1_ideal,objective_tuning_target_load_pilot_25\scenarios\known_visit_g19_t20_n25.csv,13,9,8,17.465988777177603,17.465988777177603,01,01,1,0,True,completed
3,known_visit,DMCHBA,ideal,1.0,19,361,4,20,targets_20_dmchba_h1_ideal,objective_tuning_target_load_pilot_25\scenarios\known_visit_g19_t20_n25.csv,14,6,10,12.7926851963933,12.7926851963933,02,02,1,0,True,completed
3,known_visit,DMCHBA,ideal,1.0,19,361,4,20,targets_20_dmchba_h1_ideal,objective_tuning_target_load_pilot_25\scenarios\known_visit_g19_t20_n25.csv,15,10,16,30.30601559663646,30.30601559663646,03,03,1,0,True,completed
3,known_visit,DMCHBA,ideal,1.0,19,361,4,20,targets_20_dmchba_h1_ideal,objective_tuning_target_load_pilot_25\scenarios\known_visit_g19_t20_n25.csv,16,10,8,19.548873061175566,19.548873061175566,01,01,1,0,True,completed
3,known_visit,DMCHBA,ideal,1.0,19,361,4,20,targets_20_dmchba_h1_ideal,objective_tuning_target_load_pilot_25\scenarios\known_visit_g19_t20_n25.csv,17,12,0,18.705388535954896,18.705388535954896,00,00,1,0,True,completed
3,known_visit,DMCHBA,ideal,1.0,19,361,4,20,targets_20_dmchba_h1_ideal,objective_tuning_target_load_pilot_25\scenarios\known_visit_g19_t20_n25.csv,18,6,6,8.591241674275684,8.591241674275684,01,01,1,0,True,completed
3,known_visit,DMCHBA,ideal,1.0,19,361,4,20,targets_20_dmchba_h1_ideal,objective_tuning_target_load_pilot_25\scenarios\known_visit_g19_t20_n25.csv,19,1,18,0.22142777643624778,0.22142777643624778,03,03,1,0,True,completed
3,known_visit,DMCHBA,ideal,1.0,19,361,4,20,targets_20_dmchba_h1_ideal,objective_tuning_target_load_pilot_25\scenarios\known_visit_g19_t20_n25.csv,20,3,12,3.7716459254585346,3.7716459254585346,02,02,1,0,True,completed
4,known_visit,DMCHBA,ideal,1.0,19,361,4,20,targets_20_dmchba_h1_ideal,objective_tuning_target_load_pilot_25\scenarios\known_visit_g19_t20_n25.csv,1,10,14,19.14876218514269,19.14876218514269,02,02,1,0,True,completed
4,known_visit,DMCHBA,ideal,1.0,19,361,4,20,targets_20_dmchba_h1_ideal,objective_tuning_target_load_pilot_25\scenarios\known_visit_g19_t20_n25.csv,2,3,1,9.623683116553464,9.623683116553464,00,00,1,0,True,completed
4,known_visit,DMCHBA,ideal,1.0,19,361,4,20,targets_20_dmchba_h1_ideal,objective_tuning_target_load_pilot_25\scenarios\known_visit_g19_t20_n25.csv,3,12,5,29.08780880727382,29.08780880727382,01,01,1,0,True,completed
4,known_visit,DMCHBA,ideal,1.0,19,361,4,20,targets_20_dmchba_h1_ideal,objective_tuning_target_load_pilot_25\scenarios\known_visit_g19_t20_n25.csv,4,12,17,25.638182025742093,25.638182025742093,03,03,1,0,True,completed
4,known_visit,DMCHBA,ideal,1.0,19,361,4,20,targets_20_dmchba_h1_ideal,objective_tuning_target_load_pilot_25\scenarios\known_visit_g19_t20_n25.csv,5,17,8,43.12145055355109,43.12145055355109,01,01,1,0,True,completed
4,known_visit,DMCHBA,ideal,1.0,19,361,4,20,targets_20_dmchba_h1_ideal,objective_tuning_target_load_pilot_25\scenarios\known_visit_g19_t20_n25.csv,6,8,7,18.270219284015617,18.270219284015617,01,01,1,0,True,completed
4,known_visit,DMCHBA,ideal,1.0,19,361,4,20,targets_20_dmchba_h1_ideal,objective_tuning_target_load_pilot_25\scenarios\known_visit_g19_t20_n25.csv,7,17,13,41.30699127451261,41.30699127451261,03,03,1,0,True,completed
4,known_visit,DMCHBA,ideal,1.0,19,361,4,20,targets_20_dmchba_h1_ideal,objective_tuning_target_load_pilot_25\scenarios\known_visit_g19_t20_n25.csv,8,4,6,5.331327687018149,5.331327687018149,01,01,1,0,True,completed
4,known_visit,DMCHBA,ideal,1.0,19,361,4,20,targets_20_dmchba_h1_ideal,objective_tuning_target_load_pilot_25\scenarios\known_visit_g19_t20_n25.csv,9,5,18,11.320894120936662,11.320894120936662,03,03,1,0,True,completed
4,known_visit,DMCHBA,ideal,1.0,19,361,4,20,targets_20_dmchba_h1_ideal,objective_tuning_target_load_pilot_25\scenarios\known_visit_g19_t20_n25.csv,10,10,10,30.04011138477412,30.04011138477412,02,02,1,0,True,completed
4,known_visit,DMCHBA,ideal,1.0,19,361,4,20,targets_20_dmchba_h1_ideal,objective_tuning_target_load_pilot_25\scenarios\known_visit_g19_t20_n25.csv,11,2,2,5.736817106154046,5.736817106154046,00,00,1,0,True,completed
4,known_visit,DMCHBA,ideal,1.0,19,361,4,20,targets_20_dmchba_h1_ideal,objective_tuning_target_load_pilot_25\scenarios\known_visit_g19_t20_n25.csv,12,8,1,30.22181736065195,30.22181736065195,00,00,1,0,True,completed
4,known_visit,DMCHBA,ideal,1.0,19,361,4,20,targets_20_dmchba_h1_ideal,objective_tuning_target_load_pilot_25\scenarios\known_visit_g19_t20_n25.csv,13,2,13,3.9024855148619237,3.9024855148619237,02,02,1,0,True,completed
4,known_visit,DMCHBA,ideal,1.0,19,361,4,20,targets_20_dmchba_h1_ideal,objective_tuning_target_load_pilot_25\scenarios\known_visit_g19_t20_n25.csv,14,7,8,14.167192082146306,14.167192082146306,01,01,1,0,True,completed
4,known_visit,DMCHBA,ideal,1.0,19,361,4,20,targets_20_dmchba_h1_ideal,objective_tuning_target_load_pilot_25\scenarios\known_visit_g19_t20_n25.csv,15,4,17,7.299712736263786,7.299712736263786,03,03,1,0,True,completed
4,known_visit,DMCHBA,ideal,1.0,19,361,4,20,targets_20_dmchba_h1_ideal,objective_tuning_target_load_pilot_25\scenarios\known_visit_g19_t20_n25.csv,16,2,12,1.826418903444137,1.826418903444137,02,02,1,0,True,completed
4,known_visit,DMCHBA,ideal,1.0,19,361,4,20,targets_20_dmchba_h1_ideal,objective_tuning_target_load_pilot_25\scenarios\known_visit_g19_t20_n25.csv,17,5,4,18.969625404679782,18.969625404679782,00,00,1,0,True,completed
4,known_visit,DMCHBA,ideal,1.0,19,361,4,20,targets_20_dmchba_h1_ideal,objective_tuning_target_load_pilot_25\scenarios\known_visit_g19_t20_n25.csv,18,11,12,24.61006725538001,24.61006725538001,02,02,1,0,True,completed
4,known_visit,DMCHBA,ideal,1.0,19,361,4,20,targets_20_dmchba_h1_ideal,objective_tuning_target_load_pilot_25\scenarios\known_visit_g19_t20_n25.csv,19,11,2,37.474898598388215,37.474898598388215,00,00,1,0,True,completed
4,known_visit,DMCHBA,ideal,1.0,19,361,4,20,targets_20_dmchba_h1_ideal,objective_tuning_target_load_pilot_25\scenarios\known_visit_g19_t20_n25.csv,20,13,9,37.44165556644295,37.44165556644295,02,02,1,0,True,completed
5,known_visit,DMCHBA,ideal,1.0,19,361,4,20,targets_20_dmchba_h1_ideal,objective_tuning_target_load_pilot_25\scenarios\known_visit_g19_t20_n25.csv,1,11,10,20.338983286870395,20.338983286870395,02,02,1,0,True,completed
5,known_visit,DMCHBA,ideal,1.0,19,361,4,20,targets_20_dmchba_h1_ideal,objective_tuning_target_load_pilot_25\scenarios\known_visit_g19_t20_n25.csv,2,3,13,12.72114032070001,12.72114032070001,03,03,1,0,True,completed
5,known_visit,DMCHBA,ideal,1.0,19,361,4,20,targets_20_dmchba_h1_ideal,objective_tuning_target_load_pilot_25\scenarios\known_visit_g19_t20_n25.csv,3,17,2,39.69273981588778,39.69273981588778,00,00,1,0,True,completed
5,known_visit,DMCHBA,ideal,1.0,19,361,4,20,targets_20_dmchba_h1_ideal,objective_tuning_target_load_pilot_25\scenarios\known_visit_g19_t20_n25.csv,4,10,12,15.058470250171926,15.058470250171926,02,02,1,0,True,completed
5,known_visit,DMCHBA,ideal,1.0,19,361,4,20,targets_20_dmchba_h1_ideal,objective_tuning_target_load_pilot_25\scenarios\known_visit_g19_t20_n25.csv,5,7,0,14.554853158645477,14.554853158645477,00,00,1,0,True,completed
5,known_visit,DMCHBA,ideal,1.0,19,361,4,20,targets_20_dmchba_h1_ideal,objective_tuning_target_load_pilot_25\scenarios\known_visit_g19_t20_n25.csv,6,1,9,5.550971254346855,5.550971254346855,01,01,1,0,True,completed
5,known_visit,DMCHBA,ideal,1.0,19,361,4,20,targets_20_dmchba_h1_ideal,objective_tuning_target_load_pilot_25\scenarios\known_visit_g19_t20_n25.csv,7,9,9,25.64400765561073,25.64400765561073,02,02,1,0,True,completed
5,known_visit,DMCHBA,ideal,1.0,19,361,4,20,targets_20_dmchba_h1_ideal,objective_tuning_target_load_pilot_25\scenarios\known_visit_g19_t20_n25.csv,8,5,1,8.927089622345704,8.927089622345704,00,00,1,0,True,completed
5,known_visit,DMCHBA,ideal,1.0,19,361,4,20,targets_20_dmchba_h1_ideal,objective_tuning_target_load_pilot_25\scenarios\known_visit_g19_t20_n25.csv,9,12,13,28.437906805544806,28.437906805544806,03,03,1,0,True,completed
5,known_visit,DMCHBA,ideal,1.0,19,361,4,20,targets_20_dmchba_h1_ideal,objective_tuning_target_load_pilot_25\scenarios\known_visit_g19_t20_n25.csv,10,16,10,51.563589989511264,51.563589989511264,03,03,1,0,True,completed
5,known_visit,DMCHBA,ideal,1.0,19,361,4,20,targets_20_dmchba_h1_ideal,objective_tuning_target_load_pilot_25\scenarios\known_visit_g19_t20_n25.csv,11,17,5,40.76672974368246,40.76672974368246,01,01,1,0,True,completed
5,known_visit,DMCHBA,ideal,1.0,19,361,4,20,targets_20_dmchba_h1_ideal,objective_tuning_target_load_pilot_25\scenarios\known_visit_g19_t20_n25.csv,12,18,6,44.537488640118276,44.537488640118276,01,01,1,0,True,completed
5,known_visit,DMCHBA,ideal,1.0,19,361,4,20,targets_20_dmchba_h1_ideal,objective_tuning_target_load_pilot_25\scenarios\known_visit_g19_t20_n25.csv,13,11,11,18.705469736365647,18.705469736365647,02,02,1,0,True,completed
5,known_visit,DMCHBA,ideal,1.0,19,361,4,20,targets_20_dmchba_h1_ideal,objective_tuning_target_load_pilot_25\scenarios\known_visit_g19_t20_n25.csv,14,8,9,27.375243828974213,27.375243828974213,02,02,1,0,True,completed
5,known_visit,DMCHBA,ideal,1.0,19,361,4,20,targets_20_dmchba_h1_ideal,objective_tuning_target_load_pilot_25\scenarios\known_visit_g19_t20_n25.csv,15,12,2,30.819233255140336,30.819233255140336,00,00,1,0,True,completed
5,known_visit,DMCHBA,ideal,1.0,19,361,4,20,targets_20_dmchba_h1_ideal,objective_tuning_target_load_pilot_25\scenarios\known_visit_g19_t20_n25.csv,16,8,3,21.744883919589157,21.744883919589157,00,00,1,0,True,completed
5,known_visit,DMCHBA,ideal,1.0,19,361,4,20,targets_20_dmchba_h1_ideal,objective_tuning_target_load_pilot_25\scenarios\known_visit_g19_t20_n25.csv,17,13,16,35.77250164196815,35.77250164196815,03,03,1,0,True,completed
5,known_visit,DMCHBA,ideal,1.0,19,361,4,20,targets_20_dmchba_h1_ideal,objective_tuning_target_load_pilot_25\scenarios\known_visit_g19_t20_n25.csv,18,1,12,0.1323600403700354,0.1323600403700354,02,02,1,0,True,completed
5,known_visit,DMCHBA,ideal,1.0,19,361,4,20,targets_20_dmchba_h1_ideal,objective_tuning_target_load_pilot_25\scenarios\known_visit_g19_t20_n25.csv,19,8,12,11.714312674503471,11.714312674503471,02,02,1,0,True,completed
5,known_visit,DMCHBA,ideal,1.0,19,361,4,20,targets_20_dmchba_h1_ideal,objective_tuning_target_load_pilot_25\scenarios\known_visit_g19_t20_n25.csv,20,4,5,18.248126979061063,18.248126979061063,01,01,1,0,True,completed
6,known_visit,DMCHBA,ideal,1.0,19,361,4,20,targets_20_dmchba_h1_ideal,objective_tuning_target_load_pilot_25\scenarios\known_visit_g19_t20_n25.csv,1,2,9,7.192127385396864,7.192127385396864,02,02,1,0,True,completed
6,known_visit,DMCHBA,ideal,1.0,19,361,4,20,targets_20_dmchba_h1_ideal,objective_tuning_target_load_pilot_25\scenarios\known_visit_g19_t20_n25.csv,2,9,11,23.278048093489588,23.278048093489588,02,02,1,0,True,completed
6,known_visit,DMCHBA,ideal,1.0,19,361,4,20,targets_20_dmchba_h1_ideal,objective_tuning_target_load_pilot_25\scenarios\known_visit_g19_t20_n25.csv,3,17,12,45.886208276791265,45.886208276791265,03,03,1,0,True,completed
6,known_visit,DMCHBA,ideal,1.0,19,361,4,20,targets_20_dmchba_h1_ideal,objective_tuning_target_load_pilot_25\scenarios\known_visit_g19_t20_n25.csv,4,16,3,31.47117735081406,31.47117735081406,00,00,1,0,True,completed
6,known_visit,DMCHBA,ideal,1.0,19,361,4,20,targets_20_dmchba_h1_ideal,objective_tuning_target_load_pilot_25\scenarios\known_visit_g19_t20_n25.csv,5,18,4,51.72891119125068,51.72891119125068,00,00,1,0,True,completed
6,known_visit,DMCHBA,ideal,1.0,19,361,4,20,targets_20_dmchba_h1_ideal,objective_tuning_target_load_pilot_25\scenarios\known_visit_g19_t20_n25.csv,6,12,18,26.492585539939007,26.492585539939007,03,03,1,0,True,completed
6,known_visit,DMCHBA,ideal,1.0,19,361,4,20,targets_20_dmchba_h1_ideal,objective_tuning_target_load_pilot_25\scenarios\known_visit_g19_t20_n25.csv,7,11,8,21.340478136653843,21.340478136653843,01,01,1,0,True,completed
6,known_visit,DMCHBA,ideal,1.0,19,361,4,20,targets_20_dmchba_h1_ideal,objective_tuning_target_load_pilot_25\scenarios\known_visit_g19_t20_n25.csv,8,14,6,30.288326274924348,30.288326274924348,01,01,1,0,True,completed
6,known_visit,DMCHBA,ideal,1.0,19,361,4,20,targets_20_dmchba_h1_ideal,objective_tuning_target_load_pilot_25\scenarios\known_visit_g19_t20_n25.csv,9,13,10,32.102071437122376,32.102071437122376,02,02,1,0,True,completed
6,known_visit,DMCHBA,ideal,1.0,19,361,4,20,targets_20_dmchba_h1_ideal,objective_tuning_target_load_pilot_25\scenarios\known_visit_g19_t20_n25.csv,10,4,8,9.153849802461016,9.153849802461016,01,01,1,0,True,completed
6,known_visit,DMCHBA,ideal,1.0,19,361,4,20,targets_20_dmchba_h1_ideal,objective_tuning_target_load_pilot_25\scenarios\known_visit_g19_t20_n25.csv,11,10,16,19.040332813806994,19.040332813806994,03,03,1,0,True,completed
6,known_visit,DMCHBA,ideal,1.0,19,361,4,20,targets_20_dmchba_h1_ideal,objective_tuning_target_load_pilot_25\scenarios\known_visit_g19_t20_n25.csv,12,10,18,15.474771496238532,15.474771496238532,03,03,1,0,True,completed
6,known_visit,DMCHBA,ideal,1.0,19,361,4,20,targets_20_dmchba_h1_ideal,objective_tuning_target_load_pilot_25\scenarios\known_visit_g19_t20_n25.csv,13,12,3,24.395222655556292,24.395222655556292,00,00,1,0,True,completed
6,known_visit,DMCHBA,ideal,1.0,19,361,4,20,targets_20_dmchba_h1_ideal,objective_tuning_target_load_pilot_25\scenarios\known_visit_g19_t20_n25.csv,14,6,11,18.036711349391958,18.036711349391958,02,02,1,0,True,completed
6,known_visit,DMCHBA,ideal,1.0,19,361,4,20,targets_20_dmchba_h1_ideal,objective_tuning_target_load_pilot_25\scenarios\known_visit_g19_t20_n25.csv,15,5,0,6.932948323145307,6.932948323145307,00,00,1,0,True,completed
6,known_visit,DMCHBA,ideal,1.0,19,361,4,20,targets_20_dmchba_h1_ideal,objective_tuning_target_load_pilot_25\scenarios\known_visit_g19_t20_n25.csv,16,2,6,1.9302111169272242,1.9302111169272242,01,01,1,0,True,completed
6,known_visit,DMCHBA,ideal,1.0,19,361,4,20,targets_20_dmchba_h1_ideal,objective_tuning_target_load_pilot_25\scenarios\known_visit_g19_t20_n25.csv,17,15,1,37.16988521451037,37.16988521451037,00,00,1,0,True,completed
6,known_visit,DMCHBA,ideal,1.0,19,361,4,20,targets_20_dmchba_h1_ideal,objective_tuning_target_load_pilot_25\scenarios\known_visit_g19_t20_n25.csv,18,13,3,26.2977769253894,26.2977769253894,00,00,1,0,True,completed
6,known_visit,DMCHBA,ideal,1.0,19,361,4,20,targets_20_dmchba_h1_ideal,objective_tuning_target_load_pilot_25\scenarios\known_visit_g19_t20_n25.csv,19,13,7,26.714746021338215,26.714746021338215,01,01,2,1,True,completed
6,known_visit,DMCHBA,ideal,1.0,19,361,4,20,targets_20_dmchba_h1_ideal,objective_tuning_target_load_pilot_25\scenarios\known_visit_g19_t20_n25.csv,20,11,6,40.01140087619381,40.01140087619381,01,01,1,0,True,completed
7,known_visit,DMCHBA,ideal,1.0,19,361,4,20,targets_20_dmchba_h1_ideal,objective_tuning_target_load_pilot_25\scenarios\known_visit_g19_t20_n25.csv,1,4,7,15.356247383419607,15.356247383419607,01,01,1,0,True,completed
7,known_visit,DMCHBA,ideal,1.0,19,361,4,20,targets_20_dmchba_h1_ideal,objective_tuning_target_load_pilot_25\scenarios\known_visit_g19_t20_n25.csv,2,11,12,39.98910126881224,39.98910126881224,02,02,1,0,True,completed
7,known_visit,DMCHBA,ideal,1.0,19,361,4,20,targets_20_dmchba_h1_ideal,objective_tuning_target_load_pilot_25\scenarios\known_visit_g19_t20_n25.csv,3,14,18,33.652826361400635,33.652826361400635,03,03,1,0,True,completed
7,known_visit,DMCHBA,ideal,1.0,19,361,4,20,targets_20_dmchba_h1_ideal,objective_tuning_target_load_pilot_25\scenarios\known_visit_g19_t20_n25.csv,4,4,5,7.401994360685005,7.401994360685005,01,01,1,0,True,completed
7,known_visit,DMCHBA,ideal,1.0,19,361,4,20,targets_20_dmchba_h1_ideal,objective_tuning_target_load_pilot_25\scenarios\known_visit_g19_t20_n25.csv,5,9,6,53.77593949765685,53.77593949765685,02,02,1,0,True,completed
7,known_visit,DMCHBA,ideal,1.0,19,361,4,20,targets_20_dmchba_h1_ideal,objective_tuning_target_load_pilot_25\scenarios\known_visit_g19_t20_n25.csv,6,16,18,37.200904307107606,37.200904307107606,03,03,1,0,True,completed
7,known_visit,DMCHBA,ideal,1.0,19,361,4,20,targets_20_dmchba_h1_ideal,objective_tuning_target_load_pilot_25\scenarios\known_visit_g19_t20_n25.csv,7,4,17,14.812578290887314,14.812578290887314,03,03,1,0,True,completed
7,known_visit,DMCHBA,ideal,1.0,19,361,4,20,targets_20_dmchba_h1_ideal,objective_tuning_target_load_pilot_25\scenarios\known_visit_g19_t20_n25.csv,8,5,1,9.124830964800989,9.124830964800989,00,00,1,0,True,completed
7,known_visit,DMCHBA,ideal,1.0,19,361,4,20,targets_20_dmchba_h1_ideal,objective_tuning_target_load_pilot_25\scenarios\known_visit_g19_t20_n25.csv,9,17,17,40.90207409939063,40.90207409939063,03,03,1,0,True,completed
7,known_visit,DMCHBA,ideal,1.0,19,361,4,20,targets_20_dmchba_h1_ideal,objective_tuning_target_load_pilot_25\scenarios\known_visit_g19_t20_n25.csv,10,17,3,34.00496596129685,34.00496596129685,00,00,1,0,True,completed
7,known_visit,DMCHBA,ideal,1.0,19,361,4,20,targets_20_dmchba_h1_ideal,objective_tuning_target_load_pilot_25\scenarios\known_visit_g19_t20_n25.csv,11,11,9,31.26121612294472,31.26121612294472,01,01,2,1,True,completed
7,known_visit,DMCHBA,ideal,1.0,19,361,4,20,targets_20_dmchba_h1_ideal,objective_tuning_target_load_pilot_25\scenarios\known_visit_g19_t20_n25.csv,12,6,2,12.871124365788804,12.871124365788804,00,00,1,0,True,completed
7,known_visit,DMCHBA,ideal,1.0,19,361,4,20,targets_20_dmchba_h1_ideal,objective_tuning_target_load_pilot_25\scenarios\known_visit_g19_t20_n25.csv,13,3,12,11.522841482340809,11.522841482340809,02,02,1,0,True,completed
7,known_visit,DMCHBA,ideal,1.0,19,361,4,20,targets_20_dmchba_h1_ideal,objective_tuning_target_load_pilot_25\scenarios\known_visit_g19_t20_n25.csv,14,13,18,32.04130664520001,32.04130664520001,03,03,1,0,True,completed
7,known_visit,DMCHBA,ideal,1.0,19,361,4,20,targets_20_dmchba_h1_ideal,objective_tuning_target_load_pilot_25\scenarios\known_visit_g19_t20_n25.csv,15,9,16,29.315643058904207,29.315643058904207,02,02,1,0,True,completed
7,known_visit,DMCHBA,ideal,1.0,19,361,4,20,targets_20_dmchba_h1_ideal,objective_tuning_target_load_pilot_25\scenarios\known_visit_g19_t20_n25.csv,16,14,3,28.785109733978466,28.785109733978466,00,00,1,0,True,completed
7,known_visit,DMCHBA,ideal,1.0,19,361,4,20,targets_20_dmchba_h1_ideal,objective_tuning_target_load_pilot_25\scenarios\known_visit_g19_t20_n25.csv,17,0,15,3.8603946020325486,3.8603946020325486,03,03,1,0,True,completed
7,known_visit,DMCHBA,ideal,1.0,19,361,4,20,targets_20_dmchba_h1_ideal,objective_tuning_target_load_pilot_25\scenarios\known_visit_g19_t20_n25.csv,18,8,14,23.99468114151064,23.99468114151064,02,02,1,0,True,completed
7,known_visit,DMCHBA,ideal,1.0,19,361,4,20,targets_20_dmchba_h1_ideal,objective_tuning_target_load_pilot_25\scenarios\known_visit_g19_t20_n25.csv,19,18,5,39.4830315006531,39.4830315006531,00,00,1,0,True,completed
7,known_visit,DMCHBA,ideal,1.0,19,361,4,20,targets_20_dmchba_h1_ideal,objective_tuning_target_load_pilot_25\scenarios\known_visit_g19_t20_n25.csv,20,13,11,38.35181302459751,38.35181302459751,01,01,1,0,True,completed
8,known_visit,DMCHBA,ideal,1.0,19,361,4,20,targets_20_dmchba_h1_ideal,objective_tuning_target_load_pilot_25\scenarios\known_visit_g19_t20_n25.csv,1,16,2,38.0824150374531,38.0824150374531,00,00,1,0,True,completed
8,known_visit,DMCHBA,ideal,1.0,19,361,4,20,targets_20_dmchba_h1_ideal,objective_tuning_target_load_pilot_25\scenarios\known_visit_g19_t20_n25.csv,2,8,3,22.007555677587586,22.007555677587586,00,00,1,0,True,completed
8,known_visit,DMCHBA,ideal,1.0,19,361,4,20,targets_20_dmchba_h1_ideal,objective_tuning_target_load_pilot_25\scenarios\known_visit_g19_t20_n25.csv,3,18,12,44.00839932710988,44.00839932710988,03,03,1,0,True,completed
8,known_visit,DMCHBA,ideal,1.0,19,361,4,20,targets_20_dmchba_h1_ideal,objective_tuning_target_load_pilot_25\scenarios\known_visit_g19_t20_n25.csv,4,6,1,15.135128762477487,15.135128762477487,00,00,1,0,True,completed
8,known_visit,DMCHBA,ideal,1.0,19,361,4,20,targets_20_dmchba_h1_ideal,objective_tuning_target_load_pilot_25\scenarios\known_visit_g19_t20_n25.csv,5,17,14,38.32790550806997,38.32790550806997,03,03,1,0,True,completed
8,known_visit,DMCHBA,ideal,1.0,19,361,4,20,targets_20_dmchba_h1_ideal,objective_tuning_target_load_pilot_25\scenarios\known_visit_g19_t20_n25.csv,6,4,18,5.312683261578499,5.312683261578499,03,03,1,0,True,completed
8,known_visit,DMCHBA,ideal,1.0,19,361,4,20,targets_20_dmchba_h1_ideal,objective_tuning_target_load_pilot_25\scenarios\known_visit_g19_t20_n25.csv,7,10,17,17.488052486045056,17.488052486045056,03,03,1,0,True,completed
8,known_visit,DMCHBA,ideal,1.0,19,361,4,20,targets_20_dmchba_h1_ideal,objective_tuning_target_load_pilot_25\scenarios\known_visit_g19_t20_n25.csv,8,4,6,13.168301786789597,13.168301786789597,01,01,1,0,True,completed
8,known_visit,DMCHBA,ideal,1.0,19,361,4,20,targets_20_dmchba_h1_ideal,objective_tuning_target_load_pilot_25\scenarios\known_visit_g19_t20_n25.csv,9,7,18,10.352155814625073,10.352155814625073,03,03,1,0,True,completed
8,known_visit,DMCHBA,ideal,1.0,19,361,4,20,targets_20_dmchba_h1_ideal,objective_tuning_target_load_pilot_25\scenarios\known_visit_g19_t20_n25.csv,10,15,9,36.90330222918982,36.90330222918982,02,02,1,0,True,completed
8,known_visit,DMCHBA,ideal,1.0,19,361,4,20,targets_20_dmchba_h1_ideal,objective_tuning_target_load_pilot_25\scenarios\known_visit_g19_t20_n25.csv,11,4,1,11.312556747282441,11.312556747282441,00,00,1,0,True,completed
8,known_visit,DMCHBA,ideal,1.0,19,361,4,20,targets_20_dmchba_h1_ideal,objective_tuning_target_load_pilot_25\scenarios\known_visit_g19_t20_n25.csv,12,5,18,6.978865690053355,6.978865690053355,03,03,1,0,True,completed
8,known_visit,DMCHBA,ideal,1.0,19,361,4,20,targets_20_dmchba_h1_ideal,objective_tuning_target_load_pilot_25\scenarios\known_visit_g19_t20_n25.csv,13,12,13,27.870821790916487,27.870821790916487,03,03,1,0,True,completed
8,known_visit,DMCHBA,ideal,1.0,19,361,4,20,targets_20_dmchba_h1_ideal,objective_tuning_target_load_pilot_25\scenarios\known_visit_g19_t20_n25.csv,14,0,9,3.7536804627253306,3.7536804627253306,02,02,1,0,True,completed
8,known_visit,DMCHBA,ideal,1.0,19,361,4,20,targets_20_dmchba_h1_ideal,objective_tuning_target_load_pilot_25\scenarios\known_visit_g19_t20_n25.csv,15,2,7,10.862353443933069,10.862353443933069,02,02,1,0,True,completed
8,known_visit,DMCHBA,ideal,1.0,19,361,4,20,targets_20_dmchba_h1_ideal,objective_tuning_target_load_pilot_25\scenarios\known_visit_g19_t20_n25.csv,16,0,4,2.2895065384483586,2.2895065384483586,01,01,1,0,True,completed
8,known_visit,DMCHBA,ideal,1.0,19,361,4,20,targets_20_dmchba_h1_ideal,objective_tuning_target_load_pilot_25\scenarios\known_visit_g19_t20_n25.csv,17,4,5,15.28861823121522,15.28861823121522,01,01,1,0,True,completed
8,known_visit,DMCHBA,ideal,1.0,19,361,4,20,targets_20_dmchba_h1_ideal,objective_tuning_target_load_pilot_25\scenarios\known_visit_g19_t20_n25.csv,18,15,3,34.49431596057671,34.49431596057671,00,00,1,0,True,completed
8,known_visit,DMCHBA,ideal,1.0,19,361,4,20,targets_20_dmchba_h1_ideal,objective_tuning_target_load_pilot_25\scenarios\known_visit_g19_t20_n25.csv,19,6,6,20.86424954179346,20.86424954179346,01,01,1,0,True,completed
8,known_visit,DMCHBA,ideal,1.0,19,361,4,20,targets_20_dmchba_h1_ideal,objective_tuning_target_load_pilot_25\scenarios\known_visit_g19_t20_n25.csv,20,9,5,28.159378965964695,28.159378965964695,01,01,1,0,True,completed
9,known_visit,DMCHBA,ideal,1.0,19,361,4,20,targets_20_dmchba_h1_ideal,objective_tuning_target_load_pilot_25\scenarios\known_visit_g19_t20_n25.csv,1,0,3,3.86716821917137,3.86716821917137,01,01,1,0,True,completed
9,known_visit,DMCHBA,ideal,1.0,19,361,4,20,targets_20_dmchba_h1_ideal,objective_tuning_target_load_pilot_25\scenarios\known_visit_g19_t20_n25.csv,2,12,1,21.36530616354362,21.36530616354362,00,00,1,0,True,completed
9,known_visit,DMCHBA,ideal,1.0,19,361,4,20,targets_20_dmchba_h1_ideal,objective_tuning_target_load_pilot_25\scenarios\known_visit_g19_t20_n25.csv,3,6,13,11.112827316043319,11.112827316043319,02,02,1,0,True,completed
9,known_visit,DMCHBA,ideal,1.0,19,361,4,20,targets_20_dmchba_h1_ideal,objective_tuning_target_load_pilot_25\scenarios\known_visit_g19_t20_n25.csv,4,4,16,9.215470641060584,9.215470641060584,03,03,1,0,True,completed
9,known_visit,DMCHBA,ideal,1.0,19,361,4,20,targets_20_dmchba_h1_ideal,objective_tuning_target_load_pilot_25\scenarios\known_visit_g19_t20_n25.csv,5,5,4,14.478584246746777,14.478584246746777,01,01,1,0,True,completed
9,known_visit,DMCHBA,ideal,1.0,19,361,4,20,targets_20_dmchba_h1_ideal,objective_tuning_target_load_pilot_25\scenarios\known_visit_g19_t20_n25.csv,6,10,1,17.633585442164918,17.633585442164918,00,00,1,0,True,completed
9,known_visit,DMCHBA,ideal,1.0,19,361,4,20,targets_20_dmchba_h1_ideal,objective_tuning_target_load_pilot_25\scenarios\known_visit_g19_t20_n25.csv,7,2,0,1.8263001775240009,1.8263001775240009,00,00,1,0,True,completed
9,known_visit,DMCHBA,ideal,1.0,19,361,4,20,targets_20_dmchba_h1_ideal,objective_tuning_target_load_pilot_25\scenarios\known_visit_g19_t20_n25.csv,8,14,17,42.626793413599934,42.626793413599934,03,03,1,0,True,completed
9,known_visit,DMCHBA,ideal,1.0,19,361,4,20,targets_20_dmchba_h1_ideal,objective_tuning_target_load_pilot_25\scenarios\known_visit_g19_t20_n25.csv,9,12,14,33.859201611122764,33.859201611122764,03,03,1,0,True,completed
9,known_visit,DMCHBA,ideal,1.0,19,361,4,20,targets_20_dmchba_h1_ideal,objective_tuning_target_load_pilot_25\scenarios\known_visit_g19_t20_n25.csv,10,17,2,32.213475247019254,32.213475247019254,00,00,1,0,True,completed
9,known_visit,DMCHBA,ideal,1.0,19,361,4,20,targets_20_dmchba_h1_ideal,objective_tuning_target_load_pilot_25\scenarios\known_visit_g19_t20_n25.csv,11,9,15,19.70558986576195,19.70558986576195,03,03,1,0,True,completed
9,known_visit,DMCHBA,ideal,1.0,19,361,4,20,targets_20_dmchba_h1_ideal,objective_tuning_target_load_pilot_25\scenarios\known_visit_g19_t20_n25.csv,12,8,10,19.93839518453265,19.93839518453265,02,02,1,0,True,completed
9,known_visit,DMCHBA,ideal,1.0,19,361,4,20,targets_20_dmchba_h1_ideal,objective_tuning_target_load_pilot_25\scenarios\known_visit_g19_t20_n25.csv,13,2,16,5.522449276959589,5.522449276959589,03,03,1,0,True,completed
9,known_visit,DMCHBA,ideal,1.0,19,361,4,20,targets_20_dmchba_h1_ideal,objective_tuning_target_load_pilot_25\scenarios\known_visit_g19_t20_n25.csv,14,12,12,30.21682820761988,30.21682820761988,03,03,1,0,True,completed
9,known_visit,DMCHBA,ideal,1.0,19,361,4,20,targets_20_dmchba_h1_ideal,objective_tuning_target_load_pilot_25\scenarios\known_visit_g19_t20_n25.csv,15,7,10,17.95478412546505,17.95478412546505,02,02,1,0,True,completed
9,known_visit,DMCHBA,ideal,1.0,19,361,4,20,targets_20_dmchba_h1_ideal,objective_tuning_target_load_pilot_25\scenarios\known_visit_g19_t20_n25.csv,16,16,12,52.060144605274374,52.060144605274374,00,00,1,0,True,completed
9,known_visit,DMCHBA,ideal,1.0,19,361,4,20,targets_20_dmchba_h1_ideal,objective_tuning_target_load_pilot_25\scenarios\known_visit_g19_t20_n25.csv,17,14,2,26.620394735960843,26.620394735960843,00,00,1,0,True,completed
9,known_visit,DMCHBA,ideal,1.0,19,361,4,20,targets_20_dmchba_h1_ideal,objective_tuning_target_load_pilot_25\scenarios\known_visit_g19_t20_n25.csv,18,4,9,25.097118123880332,25.097118123880332,01,01,1,0,True,completed
9,known_visit,DMCHBA,ideal,1.0,19,361,4,20,targets_20_dmchba_h1_ideal,objective_tuning_target_load_pilot_25\scenarios\known_visit_g19_t20_n25.csv,19,9,12,24.83033236636073,24.83033236636073,03,03,1,0,True,completed
9,known_visit,DMCHBA,ideal,1.0,19,361,4,20,targets_20_dmchba_h1_ideal,objective_tuning_target_load_pilot_25\scenarios\known_visit_g19_t20_n25.csv,20,14,7,39.71685406291322,39.71685406291322,02,02,1,0,True,completed
10,known_visit,DMCHBA,ideal,1.0,19,361,4,20,targets_20_dmchba_h1_ideal,objective_tuning_target_load_pilot_25\scenarios\known_visit_g19_t20_n25.csv,1,4,8,9.450252680828239,9.450252680828239,01,01,1,0,True,completed
10,known_visit,DMCHBA,ideal,1.0,19,361,4,20,targets_20_dmchba_h1_ideal,objective_tuning_target_load_pilot_25\scenarios\known_visit_g19_t20_n25.csv,2,2,6,1.8983733753890752,1.8983733753890752,01,01,1,0,True,completed
10,known_visit,DMCHBA,ideal,1.0,19,361,4,20,targets_20_dmchba_h1_ideal,objective_tuning_target_load_pilot_25\scenarios\known_visit_g19_t20_n25.csv,3,12,8,30.654626795849218,30.654626795849218,01,01,1,0,True,completed
10,known_visit,DMCHBA,ideal,1.0,19,361,4,20,targets_20_dmchba_h1_ideal,objective_tuning_target_load_pilot_25\scenarios\known_visit_g19_t20_n25.csv,4,14,13,35.839607493456896,35.839607493456896,03,03,1,0,True,completed
10,known_visit,DMCHBA,ideal,1.0,19,361,4,20,targets_20_dmchba_h1_ideal,objective_tuning_target_load_pilot_25\scenarios\known_visit_g19_t20_n25.csv,5,16,9,39.26997582226134,39.26997582226134,01,01,1,0,True,completed
10,known_visit,DMCHBA,ideal,1.0,19,361,4,20,targets_20_dmchba_h1_ideal,objective_tuning_target_load_pilot_25\scenarios\known_visit_g19_t20_n25.csv,6,18,9,42.696505700730675,42.696505700730675,01,01,1,0,True,completed
10,known_visit,DMCHBA,ideal,1.0,19,361,4,20,targets_20_dmchba_h1_ideal,objective_tuning_target_load_pilot_25\scenarios\known_visit_g19_t20_n25.csv,7,10,0,15.43000970201968,15.43000970201968,00,00,1,0,True,completed
10,known_visit,DMCHBA,ideal,1.0,19,361,4,20,targets_20_dmchba_h1_ideal,objective_tuning_target_load_pilot_25\scenarios\known_visit_g19_t20_n25.csv,8,8,13,21.4708004830395,21.4708004830395,03,03,1,0,True,completed
10,known_visit,DMCHBA,ideal,1.0,19,361,4,20,targets_20_dmchba_h1_ideal,objective_tuning_target_load_pilot_25\scenarios\known_visit_g19_t20_n25.csv,9,2,7,3.9571908321290663,3.9571908321290663,01,01,1,0,True,completed
10,known_visit,DMCHBA,ideal,1.0,19,361,4,20,targets_20_dmchba_h1_ideal,objective_tuning_target_load_pilot_25\scenarios\known_visit_g19_t20_n25.csv,10,18,4,36.3489902681459,36.3489902681459,00,00,1,0,True,completed
10,known_visit,DMCHBA,ideal,1.0,19,361,4,20,targets_20_dmchba_h1_ideal,objective_tuning_target_load_pilot_25\scenarios\known_visit_g19_t20_n25.csv,11,1,9,5.517724255611217,5.517724255611217,02,02,1,0,True,completed
10,known_visit,DMCHBA,ideal,1.0,19,361,4,20,targets_20_dmchba_h1_ideal,objective_tuning_target_load_pilot_25\scenarios\known_visit_g19_t20_n25.csv,12,10,13,24.856292547556293,24.856292547556293,03,03,1,0,True,completed
10,known_visit,DMCHBA,ideal,1.0,19,361,4,20,targets_20_dmchba_h1_ideal,objective_tuning_target_load_pilot_25\scenarios\known_visit_g19_t20_n25.csv,13,1,6,0.15208792751119068,0.15208792751119068,01,01,1,0,True,completed
10,known_visit,DMCHBA,ideal,1.0,19,361,4,20,targets_20_dmchba_h1_ideal,objective_tuning_target_load_pilot_25\scenarios\known_visit_g19_t20_n25.csv,14,12,12,30.45407158972076,30.45407158972076,02,02,1,0,True,completed
10,known_visit,DMCHBA,ideal,1.0,19,361,4,20,targets_20_dmchba_h1_ideal,objective_tuning_target_load_pilot_25\scenarios\known_visit_g19_t20_n25.csv,15,6,17,10.964961872156668,10.964961872156668,03,03,1,0,True,completed
10,known_visit,DMCHBA,ideal,1.0,19,361,4,20,targets_20_dmchba_h1_ideal,objective_tuning_target_load_pilot_25\scenarios\known_visit_g19_t20_n25.csv,16,5,6,14.761147077874318,14.761147077874318,01,01,1,0,True,completed
10,known_visit,DMCHBA,ideal,1.0,19,361,4,20,targets_20_dmchba_h1_ideal,objective_tuning_target_load_pilot_25\scenarios\known_visit_g19_t20_n25.csv,17,13,11,34.24255574421993,34.24255574421993,02,02,1,0,True,completed
10,known_visit,DMCHBA,ideal,1.0,19,361,4,20,targets_20_dmchba_h1_ideal,objective_tuning_target_load_pilot_25\scenarios\known_visit_g19_t20_n25.csv,18,18,5,38.12071214153065,38.12071214153065,00,00,1,0,True,completed
10,known_visit,DMCHBA,ideal,1.0,19,361,4,20,targets_20_dmchba_h1_ideal,objective_tuning_target_load_pilot_25\scenarios\known_visit_g19_t20_n25.csv,19,5,0,7.042308212678385,7.042308212678385,00,00,1,0,True,completed
10,known_visit,DMCHBA,ideal,1.0,19,361,4,20,targets_20_dmchba_h1_ideal,objective_tuning_target_load_pilot_25\scenarios\known_visit_g19_t20_n25.csv,20,10,14,26.851945760218378,26.851945760218378,03,03,1,0,True,completed
11,known_visit,DMCHBA,ideal,1.0,19,361,4,20,targets_20_dmchba_h1_ideal,objective_tuning_target_load_pilot_25\scenarios\known_visit_g19_t20_n25.csv,1,16,16,37.68920292438797,37.68920292438797,03,03,1,0,True,completed
11,known_visit,DMCHBA,ideal,1.0,19,361,4,20,targets_20_dmchba_h1_ideal,objective_tuning_target_load_pilot_25\scenarios\known_visit_g19_t20_n25.csv,2,4,17,7.429782077316318,7.429782077316318,03,03,1,0,True,completed
11,known_visit,DMCHBA,ideal,1.0,19,361,4,20,targets_20_dmchba_h1_ideal,objective_tuning_target_load_pilot_25\scenarios\known_visit_g19_t20_n25.csv,3,8,8,20.163992468414943,20.163992468414943,01,01,1,0,True,completed
11,known_visit,DMCHBA,ideal,1.0,19,361,4,20,targets_20_dmchba_h1_ideal,objective_tuning_target_load_pilot_25\scenarios\known_visit_g19_t20_n25.csv,4,13,1,40.40772491982888,40.40772491982888,00,00,1,0,True,completed
11,known_visit,DMCHBA,ideal,1.0,19,361,4,20,targets_20_dmchba_h1_ideal,objective_tuning_target_load_pilot_25\scenarios\known_visit_g19_t20_n25.csv,5,7,6,21.506027635366234,21.506027635366234,00,00,1,0,True,completed
11,known_visit,DMCHBA,ideal,1.0,19,361,4,20,targets_20_dmchba_h1_ideal,objective_tuning_target_load_pilot_25\scenarios\known_visit_g19_t20_n25.csv,6,13,5,33.745293988393676,33.745293988393676,00,00,1,0,True,completed
11,known_visit,DMCHBA,ideal,1.0,19,361,4,20,targets_20_dmchba_h1_ideal,objective_tuning_target_load_pilot_25\scenarios\known_visit_g19_t20_n25.csv,7,12,18,26.510981851656098,26.510981851656098,03,03,1,0,True,completed
11,known_visit,DMCHBA,ideal,1.0,19,361,4,20,targets_20_dmchba_h1_ideal,objective_tuning_target_load_pilot_25\scenarios\known_visit_g19_t20_n25.csv,8,10,6,26.76178769228234,26.76178769228234,00,00,1,0,True,completed
11,known_visit,DMCHBA,ideal,1.0,19,361,4,20,targets_20_dmchba_h1_ideal,objective_tuning_target_load_pilot_25\scenarios\known_visit_g19_t20_n25.csv,9,15,7,34.448461535763194,34.448461535763194,01,01,1,0,True,completed
11,known_visit,DMCHBA,ideal,1.0,19,361,4,20,targets_20_dmchba_h1_ideal,objective_tuning_target_load_pilot_25\scenarios\known_visit_g19_t20_n25.csv,10,11,12,25.168688289385305,25.168688289385305,02,02,1,0,True,completed
11,known_visit,DMCHBA,ideal,1.0,19,361,4,20,targets_20_dmchba_h1_ideal,objective_tuning_target_load_pilot_25\scenarios\known_visit_g19_t20_n25.csv,11,6,7,14.393522802273548,14.393522802273548,01,01,1,0,True,completed
11,known_visit,DMCHBA,ideal,1.0,19,361,4,20,targets_20_dmchba_h1_ideal,objective_tuning_target_load_pilot_25\scenarios\known_visit_g19_t20_n25.csv,12,18,18,45.21844483688601,45.21844483688601,03,03,1,0,True,completed
11,known_visit,DMCHBA,ideal,1.0,19,361,4,20,targets_20_dmchba_h1_ideal,objective_tuning_target_load_pilot_25\scenarios\known_visit_g19_t20_n25.csv,13,6,11,14.717045725699224,14.717045725699224,02,02,1,0,True,completed
11,known_visit,DMCHBA,ideal,1.0,19,361,4,20,targets_20_dmchba_h1_ideal,objective_tuning_target_load_pilot_25\scenarios\known_visit_g19_t20_n25.csv,14,15,8,32.403425284286264,32.403425284286264,01,01,1,0,True,completed
11,known_visit,DMCHBA,ideal,1.0,19,361,4,20,targets_20_dmchba_h1_ideal,objective_tuning_target_load_pilot_25\scenarios\known_visit_g19_t20_n25.csv,15,15,14,35.56235424423871,35.56235424423871,02,02,1,0,True,completed
11,known_visit,DMCHBA,ideal,1.0,19,361,4,20,targets_20_dmchba_h1_ideal,objective_tuning_target_load_pilot_25\scenarios\known_visit_g19_t20_n25.csv,16,3,10,7.255262974727631,7.255262974727631,02,02,1,0,True,completed
11,known_visit,DMCHBA,ideal,1.0,19,361,4,20,targets_20_dmchba_h1_ideal,objective_tuning_target_load_pilot_25\scenarios\known_visit_g19_t20_n25.csv,17,1,12,0.12289163533072878,0.12289163533072878,02,02,1,0,True,completed
11,known_visit,DMCHBA,ideal,1.0,19,361,4,20,targets_20_dmchba_h1_ideal,objective_tuning_target_load_pilot_25\scenarios\known_visit_g19_t20_n25.csv,18,3,12,3.5342496633968445,3.5342496633968445,02,02,1,0,True,completed
11,known_visit,DMCHBA,ideal,1.0,19,361,4,20,targets_20_dmchba_h1_ideal,objective_tuning_target_load_pilot_25\scenarios\known_visit_g19_t20_n25.csv,19,3,8,7.078239564914329,7.078239564914329,01,01,1,0,True,completed
11,known_visit,DMCHBA,ideal,1.0,19,361,4,20,targets_20_dmchba_h1_ideal,objective_tuning_target_load_pilot_25\scenarios\known_visit_g19_t20_n25.csv,20,7,16,14.54629409811539,14.54629409811539,03,03,1,0,True,completed
12,known_visit,DMCHBA,ideal,1.0,19,361,4,20,targets_20_dmchba_h1_ideal,objective_tuning_target_load_pilot_25\scenarios\known_visit_g19_t20_n25.csv,1,16,8,37.49241431276974,37.49241431276974,02,02,1,0,True,completed
12,known_visit,DMCHBA,ideal,1.0,19,361,4,20,targets_20_dmchba_h1_ideal,objective_tuning_target_load_pilot_25\scenarios\known_visit_g19_t20_n25.csv,2,15,17,48.465915694090164,48.465915694090164,03,03,1,0,True,completed
12,known_visit,DMCHBA,ideal,1.0,19,361,4,20,targets_20_dmchba_h1_ideal,objective_tuning_target_load_pilot_25\scenarios\known_visit_g19_t20_n25.csv,3,10,10,23.33482817573199,23.33482817573199,02,02,1,0,True,completed
12,known_visit,DMCHBA,ideal,1.0,19,361,4,20,targets_20_dmchba_h1_ideal,objective_tuning_target_load_pilot_25\scenarios\known_visit_g19_t20_n25.csv,4,18,13,57.1316267608327,57.1316267608327,00,00,1,0,True,completed
12,known_visit,DMCHBA,ideal,1.0,19,361,4,20,targets_20_dmchba_h1_ideal,objective_tuning_target_load_pilot_25\scenarios\known_visit_g19_t20_n25.csv,5,4,16,12.682460004526748,12.682460004526748,03,03,1,0,True,completed
12,known_visit,DMCHBA,ideal,1.0,19,361,4,20,targets_20_dmchba_h1_ideal,objective_tuning_target_load_pilot_25\scenarios\known_visit_g19_t20_n25.csv,6,5,7,27.435252718967472,27.435252718967472,01,01,1,0,True,completed
12,known_visit,DMCHBA,ideal,1.0,19,361,4,20,targets_20_dmchba_h1_ideal,objective_tuning_target_load_pilot_25\scenarios\known_visit_g19_t20_n25.csv,7,13,3,26.87042267709891,26.87042267709891,00,00,1,0,True,completed
12,known_visit,DMCHBA,ideal,1.0,19,361,4,20,targets_20_dmchba_h1_ideal,objective_tuning_target_load_pilot_25\scenarios\known_visit_g19_t20_n25.csv,8,9,3,19.95716729760205,19.95716729760205,00,00,1,0,True,completed
12,known_visit,DMCHBA,ideal,1.0,19,361,4,20,targets_20_dmchba_h1_ideal,objective_tuning_target_load_pilot_25\scenarios\known_visit_g19_t20_n25.csv,9,3,6,11.400414873937818,11.400414873937818,01,01,1,0,True,completed
12,known_visit,DMCHBA,ideal,1.0,19,361,4,20,targets_20_dmchba_h1_ideal,objective_tuning_target_load_pilot_25\scenarios\known_visit_g19_t20_n25.csv,10,4,9,10.865848136785017,10.865848136785017,02,02,1,0,True,completed
12,known_visit,DMCHBA,ideal,1.0,19,361,4,20,targets_20_dmchba_h1_ideal,objective_tuning_target_load_pilot_25\scenarios\known_visit_g19_t20_n25.csv,11,16,15,59.22094351847907,59.22094351847907,02,02,1,0,True,completed
12,known_visit,DMCHBA,ideal,1.0,19,361,4,20,targets_20_dmchba_h1_ideal,objective_tuning_target_load_pilot_25\scenarios\known_visit_g19_t20_n25.csv,12,1,8,3.860325244316731,3.860325244316731,01,01,1,0,True,completed
12,known_visit,DMCHBA,ideal,1.0,19,361,4,20,targets_20_dmchba_h1_ideal,objective_tuning_target_load_pilot_25\scenarios\known_visit_g19_t20_n25.csv,13,9,13,27.0867710156136,27.0867710156136,03,03,1,0,True,completed
12,known_visit,DMCHBA,ideal,1.0,19,361,4,20,targets_20_dmchba_h1_ideal,objective_tuning_target_load_pilot_25\scenarios\known_visit_g19_t20_n25.csv,14,11,3,23.300777515339867,23.300777515339867,00,00,1,0,True,completed
12,known_visit,DMCHBA,ideal,1.0,19,361,4,20,targets_20_dmchba_h1_ideal,objective_tuning_target_load_pilot_25\scenarios\known_visit_g19_t20_n25.csv,15,1,12,0.2412559939154062,0.2412559939154062,02,02,1,0,True,completed
12,known_visit,DMCHBA,ideal,1.0,19,361,4,20,targets_20_dmchba_h1_ideal,objective_tuning_target_load_pilot_25\scenarios\known_visit_g19_t20_n25.csv,16,5,18,7.0235991830280255,7.0235991830280255,03,03,1,0,True,completed
12,known_visit,DMCHBA,ideal,1.0,19,361,4,20,targets_20_dmchba_h1_ideal,objective_tuning_target_load_pilot_25\scenarios\known_visit_g19_t20_n25.csv,17,15,2,32.35846768020346,32.35846768020346,00,00,1,0,True,completed
12,known_visit,DMCHBA,ideal,1.0,19,361,4,20,targets_20_dmchba_h1_ideal,objective_tuning_target_load_pilot_25\scenarios\known_visit_g19_t20_n25.csv,18,17,4,39.8246270739456,39.8246270739456,00,00,1,0,True,completed
12,known_visit,DMCHBA,ideal,1.0,19,361,4,20,targets_20_dmchba_h1_ideal,objective_tuning_target_load_pilot_25\scenarios\known_visit_g19_t20_n25.csv,19,14,18,44.45019208542717,44.45019208542717,03,03,1,0,True,completed
12,known_visit,DMCHBA,ideal,1.0,19,361,4,20,targets_20_dmchba_h1_ideal,objective_tuning_target_load_pilot_25\scenarios\known_visit_g19_t20_n25.csv,20,8,1,14.33040680549546,14.33040680549546,00,00,1,0,True,completed
13,known_visit,DMCHBA,ideal,1.0,19,361,4,20,targets_20_dmchba_h1_ideal,objective_tuning_target_load_pilot_25\scenarios\known_visit_g19_t20_n25.csv,1,3,18,3.6077971423434954,3.6077971423434954,03,03,1,0,True,completed
13,known_visit,DMCHBA,ideal,1.0,19,361,4,20,targets_20_dmchba_h1_ideal,objective_tuning_target_load_pilot_25\scenarios\known_visit_g19_t20_n25.csv,2,3,5,5.627353090756172,5.627353090756172,01,01,1,0,True,completed
13,known_visit,DMCHBA,ideal,1.0,19,361,4,20,targets_20_dmchba_h1_ideal,objective_tuning_target_load_pilot_25\scenarios\known_visit_g19_t20_n25.csv,3,9,11,20.135173085803597,20.135173085803597,02,02,1,0,True,completed
13,known_visit,DMCHBA,ideal,1.0,19,361,4,20,targets_20_dmchba_h1_ideal,objective_tuning_target_load_pilot_25\scenarios\known_visit_g19_t20_n25.csv,4,1,0,0.17931396386578716,0.17931396386578716,00,00,1,0,True,completed
13,known_visit,DMCHBA,ideal,1.0,19,361,4,20,targets_20_dmchba_h1_ideal,objective_tuning_target_load_pilot_25\scenarios\known_visit_g19_t20_n25.csv,5,12,14,26.522750048408202,26.522750048408202,03,03,1,0,True,completed
13,known_visit,DMCHBA,ideal,1.0,19,361,4,20,targets_20_dmchba_h1_ideal,objective_tuning_target_load_pilot_25\scenarios\known_visit_g19_t20_n25.csv,6,9,18,14.076604789904657,14.076604789904657,03,03,1,0,True,completed
13,known_visit,DMCHBA,ideal,1.0,19,361,4,20,targets_20_dmchba_h1_ideal,objective_tuning_target_load_pilot_25\scenarios\known_visit_g19_t20_n25.csv,7,16,9,46.9700616074495,46.9700616074495,02,02,1,0,True,completed
13,known_visit,DMCHBA,ideal,1.0,19,361,4,20,targets_20_dmchba_h1_ideal,objective_tuning_target_load_pilot_25\scenarios\known_visit_g19_t20_n25.csv,8,0,13,0.5342048234851909,0.5342048234851909,02,02,1,0,True,completed
13,known_visit,DMCHBA,ideal,1.0,19,361,4,20,targets_20_dmchba_h1_ideal,objective_tuning_target_load_pilot_25\scenarios\known_visit_g19_t20_n25.csv,9,11,14,24.616666294634864,24.616666294634864,03,03,1,0,True,completed
13,known_visit,DMCHBA,ideal,1.0,19,361,4,20,targets_20_dmchba_h1_ideal,objective_tuning_target_load_pilot_25\scenarios\known_visit_g19_t20_n25.csv,10,13,0,28.8011532558613,28.8011532558613,00,00,1,0,True,completed
13,known_visit,DMCHBA,ideal,1.0,19,361,4,20,targets_20_dmchba_h1_ideal,objective_tuning_target_load_pilot_25\scenarios\known_visit_g19_t20_n25.csv,11,15,0,32.16453674530333,32.16453674530333,00,00,1,0,True,completed
13,known_visit,DMCHBA,ideal,1.0,19,361,4,20,targets_20_dmchba_h1_ideal,objective_tuning_target_load_pilot_25\scenarios\known_visit_g19_t20_n25.csv,12,12,6,37.84244939277843,37.84244939277843,01,01,1,0,True,completed
13,known_visit,DMCHBA,ideal,1.0,19,361,4,20,targets_20_dmchba_h1_ideal,objective_tuning_target_load_pilot_25\scenarios\known_visit_g19_t20_n25.csv,13,10,1,21.616094844843193,21.616094844843193,00,00,1,0,True,completed
13,known_visit,DMCHBA,ideal,1.0,19,361,4,20,targets_20_dmchba_h1_ideal,objective_tuning_target_load_pilot_25\scenarios\known_visit_g19_t20_n25.csv,14,17,1,37.536897136959475,37.536897136959475,00,00,1,0,True,completed
13,known_visit,DMCHBA,ideal,1.0,19,361,4,20,targets_20_dmchba_h1_ideal,objective_tuning_target_load_pilot_25\scenarios\known_visit_g19_t20_n25.csv,15,14,17,35.360089816172845,35.360089816172845,03,03,1,0,True,completed
13,known_visit,DMCHBA,ideal,1.0,19,361,4,20,targets_20_dmchba_h1_ideal,objective_tuning_target_load_pilot_25\scenarios\known_visit_g19_t20_n25.csv,16,11,16,21.242546482423574,21.242546482423574,03,03,1,0,True,completed
13,known_visit,DMCHBA,ideal,1.0,19,361,4,20,targets_20_dmchba_h1_ideal,objective_tuning_target_load_pilot_25\scenarios\known_visit_g19_t20_n25.csv,17,18,14,47.540782808949835,47.540782808949835,03,03,1,0,True,completed
13,known_visit,DMCHBA,ideal,1.0,19,361,4,20,targets_20_dmchba_h1_ideal,objective_tuning_target_load_pilot_25\scenarios\known_visit_g19_t20_n25.csv,18,10,11,22.165821249075897,22.165821249075897,02,02,1,0,True,completed
13,known_visit,DMCHBA,ideal,1.0,19,361,4,20,targets_20_dmchba_h1_ideal,objective_tuning_target_load_pilot_25\scenarios\known_visit_g19_t20_n25.csv,19,6,2,12.530424979618443,12.530424979618443,00,00,1,0,True,completed
13,known_visit,DMCHBA,ideal,1.0,19,361,4,20,targets_20_dmchba_h1_ideal,objective_tuning_target_load_pilot_25\scenarios\known_visit_g19_t20_n25.csv,20,7,10,29.65005410758559,29.65005410758559,02,02,1,0,True,completed
14,known_visit,DMCHBA,ideal,1.0,19,361,4,20,targets_20_dmchba_h1_ideal,objective_tuning_target_load_pilot_25\scenarios\known_visit_g19_t20_n25.csv,1,11,12,42.71336226522657,42.71336226522657,00,00,1,0,True,completed
14,known_visit,DMCHBA,ideal,1.0,19,361,4,20,targets_20_dmchba_h1_ideal,objective_tuning_target_load_pilot_25\scenarios\known_visit_g19_t20_n25.csv,2,18,14,48.40655726541302,48.40655726541302,02,02,1,0,True,completed
14,known_visit,DMCHBA,ideal,1.0,19,361,4,20,targets_20_dmchba_h1_ideal,objective_tuning_target_load_pilot_25\scenarios\known_visit_g19_t20_n25.csv,3,14,10,30.417876185324555,30.417876185324555,02,02,1,0,True,completed
14,known_visit,DMCHBA,ideal,1.0,19,361,4,20,targets_20_dmchba_h1_ideal,objective_tuning_target_load_pilot_25\scenarios\known_visit_g19_t20_n25.csv,4,11,4,29.00828438633345,29.00828438633345,00,00,1,0,True,completed
14,known_visit,DMCHBA,ideal,1.0,19,361,4,20,targets_20_dmchba_h1_ideal,objective_tuning_target_load_pilot_25\scenarios\known_visit_g19_t20_n25.csv,5,5,3,16.39533001578115,16.39533001578115,00,00,1,0,True,completed
14,known_visit,DMCHBA,ideal,1.0,19,361,4,20,targets_20_dmchba_h1_ideal,objective_tuning_target_load_pilot_25\scenarios\known_visit_g19_t20_n25.csv,6,11,5,30.671947675636513,30.671947675636513,00,00,1,0,True,completed
14,known_visit,DMCHBA,ideal,1.0,19,361,4,20,targets_20_dmchba_h1_ideal,objective_tuning_target_load_pilot_25\scenarios\known_visit_g19_t20_n25.csv,7,5,9,12.68248021180404,12.68248021180404,02,02,1,0,True,completed
14,known_visit,DMCHBA,ideal,1.0,19,361,4,20,targets_20_dmchba_h1_ideal,objective_tuning_target_load_pilot_25\scenarios\known_visit_g19_t20_n25.csv,8,11,18,34.92033770640079,34.92033770640079,03,03,1,0,True,completed
14,known_visit,DMCHBA,ideal,1.0,19,361,4,20,targets_20_dmchba_h1_ideal,objective_tuning_target_load_pilot_25\scenarios\known_visit_g19_t20_n25.csv,9,12,10,26.763893146184923,26.763893146184923,02,02,1,0,True,completed
14,known_visit,DMCHBA,ideal,1.0,19,361,4,20,targets_20_dmchba_h1_ideal,objective_tuning_target_load_pilot_25\scenarios\known_visit_g19_t20_n25.csv,10,2,9,7.249464822245317,7.249464822245317,02,02,1,0,True,completed
14,known_visit,DMCHBA,ideal,1.0,19,361,4,20,targets_20_dmchba_h1_ideal,objective_tuning_target_load_pilot_25\scenarios\known_visit_g19_t20_n25.csv,11,18,6,36.941473897682464,36.941473897682464,01,01,1,0,True,completed
14,known_visit,DMCHBA,ideal,1.0,19,361,4,20,targets_20_dmchba_h1_ideal,objective_tuning_target_load_pilot_25\scenarios\known_visit_g19_t20_n25.csv,12,18,0,47.644614570963334,47.644614570963334,01,01,1,0,True,completed
14,known_visit,DMCHBA,ideal,1.0,19,361,4,20,targets_20_dmchba_h1_ideal,objective_tuning_target_load_pilot_25\scenarios\known_visit_g19_t20_n25.csv,13,13,6,28.309061987791473,28.309061987791473,01,01,1,0,True,completed
14,known_visit,DMCHBA,ideal,1.0,19,361,4,20,targets_20_dmchba_h1_ideal,objective_tuning_target_load_pilot_25\scenarios\known_visit_g19_t20_n25.csv,14,7,8,13.803534888916992,13.803534888916992,01,01,1,0,True,completed
14,known_visit,DMCHBA,ideal,1.0,19,361,4,20,targets_20_dmchba_h1_ideal,objective_tuning_target_load_pilot_25\scenarios\known_visit_g19_t20_n25.csv,15,12,6,26.232295514741118,26.232295514741118,01,01,1,0,True,completed
14,known_visit,DMCHBA,ideal,1.0,19,361,4,20,targets_20_dmchba_h1_ideal,objective_tuning_target_load_pilot_25\scenarios\known_visit_g19_t20_n25.csv,16,0,13,7.113498852521236,7.113498852521236,03,03,1,0,True,completed
14,known_visit,DMCHBA,ideal,1.0,19,361,4,20,targets_20_dmchba_h1_ideal,objective_tuning_target_load_pilot_25\scenarios\known_visit_g19_t20_n25.csv,17,10,9,21.504994201677896,21.504994201677896,02,02,1,0,True,completed
14,known_visit,DMCHBA,ideal,1.0,19,361,4,20,targets_20_dmchba_h1_ideal,objective_tuning_target_load_pilot_25\scenarios\known_visit_g19_t20_n25.csv,18,14,17,42.23725087437721,42.23725087437721,03,03,1,0,True,completed
14,known_visit,DMCHBA,ideal,1.0,19,361,4,20,targets_20_dmchba_h1_ideal,objective_tuning_target_load_pilot_25\scenarios\known_visit_g19_t20_n25.csv,19,16,15,42.57135834829257,42.57135834829257,02,02,1,0,True,completed
14,known_visit,DMCHBA,ideal,1.0,19,361,4,20,targets_20_dmchba_h1_ideal,objective_tuning_target_load_pilot_25\scenarios\known_visit_g19_t20_n25.csv,20,3,4,10.66977788543457,10.66977788543457,00,00,1,0,True,completed
15,known_visit,DMCHBA,ideal,1.0,19,361,4,20,targets_20_dmchba_h1_ideal,objective_tuning_target_load_pilot_25\scenarios\known_visit_g19_t20_n25.csv,1,16,11,35.43922804173842,35.43922804173842,02,02,1,0,True,completed
15,known_visit,DMCHBA,ideal,1.0,19,361,4,20,targets_20_dmchba_h1_ideal,objective_tuning_target_load_pilot_25\scenarios\known_visit_g19_t20_n25.csv,2,7,16,13.915857500836246,13.915857500836246,03,03,1,0,True,completed
15,known_visit,DMCHBA,ideal,1.0,19,361,4,20,targets_20_dmchba_h1_ideal,objective_tuning_target_load_pilot_25\scenarios\known_visit_g19_t20_n25.csv,3,7,0,10.593411328641656,10.593411328641656,00,00,1,0,True,completed
15,known_visit,DMCHBA,ideal,1.0,19,361,4,20,targets_20_dmchba_h1_ideal,objective_tuning_target_load_pilot_25\scenarios\known_visit_g19_t20_n25.csv,4,17,18,42.694577364101285,42.694577364101285,03,03,1,0,True,completed
15,known_visit,DMCHBA,ideal,1.0,19,361,4,20,targets_20_dmchba_h1_ideal,objective_tuning_target_load_pilot_25\scenarios\known_visit_g19_t20_n25.csv,5,14,14,29.858240704894087,29.858240704894087,03,03,1,0,True,completed
15,known_visit,DMCHBA,ideal,1.0,19,361,4,20,targets_20_dmchba_h1_ideal,objective_tuning_target_load_pilot_25\scenarios\known_visit_g19_t20_n25.csv,6,16,15,35.16931063231138,35.16931063231138,03,03,1,0,True,completed
15,known_visit,DMCHBA,ideal,1.0,19,361,4,20,targets_20_dmchba_h1_ideal,objective_tuning_target_load_pilot_25\scenarios\known_visit_g19_t20_n25.csv,7,6,7,10.788133756890526,10.788133756890526,01,01,1,0,True,completed
15,known_visit,DMCHBA,ideal,1.0,19,361,4,20,targets_20_dmchba_h1_ideal,objective_tuning_target_load_pilot_25\scenarios\known_visit_g19_t20_n25.csv,8,10,3,25.008882480024376,25.008882480024376,00,00,1,0,True,completed
15,known_visit,DMCHBA,ideal,1.0,19,361,4,20,targets_20_dmchba_h1_ideal,objective_tuning_target_load_pilot_25\scenarios\known_visit_g19_t20_n25.csv,9,6,3,21.579282574107346,21.579282574107346,01,01,1,0,True,completed
15,known_visit,DMCHBA,ideal,1.0,19,361,4,20,targets_20_dmchba_h1_ideal,objective_tuning_target_load_pilot_25\scenarios\known_visit_g19_t20_n25.csv,10,6,11,18.348230422092918,18.348230422092918,02,02,1,0,True,completed
15,known_visit,DMCHBA,ideal,1.0,19,361,4,20,targets_20_dmchba_h1_ideal,objective_tuning_target_load_pilot_25\scenarios\known_visit_g19_t20_n25.csv,11,15,1,48.78373544481701,48.78373544481701,01,01,1,0,True,completed
15,known_visit,DMCHBA,ideal,1.0,19,361,4,20,targets_20_dmchba_h1_ideal,objective_tuning_target_load_pilot_25\scenarios\known_visit_g19_t20_n25.csv,12,17,1,52.464112784313386,52.464112784313386,01,01,1,0,True,completed
15,known_visit,DMCHBA,ideal,1.0,19,361,4,20,targets_20_dmchba_h1_ideal,objective_tuning_target_load_pilot_25\scenarios\known_visit_g19_t20_n25.csv,13,11,0,17.37370223284499,17.37370223284499,00,00,1,0,True,completed
15,known_visit,DMCHBA,ideal,1.0,19,361,4,20,targets_20_dmchba_h1_ideal,objective_tuning_target_load_pilot_25\scenarios\known_visit_g19_t20_n25.csv,14,1,14,4.099795695288642,4.099795695288642,02,02,1,0,True,completed
15,known_visit,DMCHBA,ideal,1.0,19,361,4,20,targets_20_dmchba_h1_ideal,objective_tuning_target_load_pilot_25\scenarios\known_visit_g19_t20_n25.csv,15,17,16,39.00308048439949,39.00308048439949,03,03,1,0,True,completed
15,known_visit,DMCHBA,ideal,1.0,19,361,4,20,targets_20_dmchba_h1_ideal,objective_tuning_target_load_pilot_25\scenarios\known_visit_g19_t20_n25.csv,16,10,16,19.12764193354608,19.12764193354608,03,03,1,0,True,completed
15,known_visit,DMCHBA,ideal,1.0,19,361,4,20,targets_20_dmchba_h1_ideal,objective_tuning_target_load_pilot_25\scenarios\known_visit_g19_t20_n25.csv,17,18,2,54.363879171076604,54.363879171076604,02,02,1,0,True,completed
15,known_visit,DMCHBA,ideal,1.0,19,361,4,20,targets_20_dmchba_h1_ideal,objective_tuning_target_load_pilot_25\scenarios\known_visit_g19_t20_n25.csv,18,10,8,33.8259767093533,33.8259767093533,00,00,1,0,True,completed
15,known_visit,DMCHBA,ideal,1.0,19,361,4,20,targets_20_dmchba_h1_ideal,objective_tuning_target_load_pilot_25\scenarios\known_visit_g19_t20_n25.csv,19,11,14,24.489827837772474,24.489827837772474,03,03,1,0,True,completed
15,known_visit,DMCHBA,ideal,1.0,19,361,4,20,targets_20_dmchba_h1_ideal,objective_tuning_target_load_pilot_25\scenarios\known_visit_g19_t20_n25.csv,20,18,11,38.81372852345491,38.81372852345491,02,02,1,0,True,completed
16,known_visit,DMCHBA,ideal,1.0,19,361,4,20,targets_20_dmchba_h1_ideal,objective_tuning_target_load_pilot_25\scenarios\known_visit_g19_t20_n25.csv,1,1,10,3.998227726315176,3.998227726315176,02,02,1,0,True,completed
16,known_visit,DMCHBA,ideal,1.0,19,361,4,20,targets_20_dmchba_h1_ideal,objective_tuning_target_load_pilot_25\scenarios\known_visit_g19_t20_n25.csv,2,4,18,5.244974969327878,5.244974969327878,03,03,1,0,True,completed
16,known_visit,DMCHBA,ideal,1.0,19,361,4,20,targets_20_dmchba_h1_ideal,objective_tuning_target_load_pilot_25\scenarios\known_visit_g19_t20_n25.csv,3,13,14,28.208620450713802,28.208620450713802,03,03,1,0,True,completed
16,known_visit,DMCHBA,ideal,1.0,19,361,4,20,targets_20_dmchba_h1_ideal,objective_tuning_target_load_pilot_25\scenarios\known_visit_g19_t20_n25.csv,4,8,2,15.953607112320732,15.953607112320732,00,00,1,0,True,completed
16,known_visit,DMCHBA,ideal,1.0,19,361,4,20,targets_20_dmchba_h1_ideal,objective_tuning_target_load_pilot_25\scenarios\known_visit_g19_t20_n25.csv,5,3,4,7.645108729771163,7.645108729771163,01,01,1,0,True,completed
16,known_visit,DMCHBA,ideal,1.0,19,361,4,20,targets_20_dmchba_h1_ideal,objective_tuning_target_load_pilot_25\scenarios\known_visit_g19_t20_n25.csv,6,15,3,40.735105852344944,40.735105852344944,01,01,1,0,True,completed
16,known_visit,DMCHBA,ideal,1.0,19,361,4,20,targets_20_dmchba_h1_ideal,objective_tuning_target_load_pilot_25\scenarios\known_visit_g19_t20_n25.csv,7,14,8,40.2081767642749,40.2081767642749,03,03,1,0,True,completed
16,known_visit,DMCHBA,ideal,1.0,19,361,4,20,targets_20_dmchba_h1_ideal,objective_tuning_target_load_pilot_25\scenarios\known_visit_g19_t20_n25.csv,8,6,0,8.857200588357255,8.857200588357255,00,00,1,0,True,completed
16,known_visit,DMCHBA,ideal,1.0,19,361,4,20,targets_20_dmchba_h1_ideal,objective_tuning_target_load_pilot_25\scenarios\known_visit_g19_t20_n25.csv,9,7,7,19.639605250974057,19.639605250974057,01,01,1,0,True,completed
16,known_visit,DMCHBA,ideal,1.0,19,361,4,20,targets_20_dmchba_h1_ideal,objective_tuning_target_load_pilot_25\scenarios\known_visit_g19_t20_n25.csv,10,14,3,38.78392740622514,38.78392740622514,01,01,1,0,True,completed
16,known_visit,DMCHBA,ideal,1.0,19,361,4,20,targets_20_dmchba_h1_ideal,objective_tuning_target_load_pilot_25\scenarios\known_visit_g19_t20_n25.csv,11,14,14,29.823349316081586,29.823349316081586,03,03,1,0,True,completed
16,known_visit,DMCHBA,ideal,1.0,19,361,4,20,targets_20_dmchba_h1_ideal,objective_tuning_target_load_pilot_25\scenarios\known_visit_g19_t20_n25.csv,12,14,13,31.73496173641586,31.73496173641586,03,03,1,0,True,completed
16,known_visit,DMCHBA,ideal,1.0,19,361,4,20,targets_20_dmchba_h1_ideal,objective_tuning_target_load_pilot_25\scenarios\known_visit_g19_t20_n25.csv,13,3,9,9.51682689545403,9.51682689545403,02,02,1,0,True,completed
16,known_visit,DMCHBA,ideal,1.0,19,361,4,20,targets_20_dmchba_h1_ideal,objective_tuning_target_load_pilot_25\scenarios\known_visit_g19_t20_n25.csv,14,5,15,12.320496147169484,12.320496147169484,03,03,1,0,True,completed
16,known_visit,DMCHBA,ideal,1.0,19,361,4,20,targets_20_dmchba_h1_ideal,objective_tuning_target_load_pilot_25\scenarios\known_visit_g19_t20_n25.csv,15,17,1,37.80269827449696,37.80269827449696,00,00,1,0,True,completed
16,known_visit,DMCHBA,ideal,1.0,19,361,4,20,targets_20_dmchba_h1_ideal,objective_tuning_target_load_pilot_25\scenarios\known_visit_g19_t20_n25.csv,16,9,11,23.358941527747007,23.358941527747007,02,02,1,0,True,completed
16,known_visit,DMCHBA,ideal,1.0,19,361,4,20,targets_20_dmchba_h1_ideal,objective_tuning_target_load_pilot_25\scenarios\known_visit_g19_t20_n25.csv,17,12,1,24.79338977938492,24.79338977938492,00,00,1,0,True,completed
16,known_visit,DMCHBA,ideal,1.0,19,361,4,20,targets_20_dmchba_h1_ideal,objective_tuning_target_load_pilot_25\scenarios\known_visit_g19_t20_n25.csv,18,14,2,30.584451789215844,30.584451789215844,00,00,1,0,True,completed
16,known_visit,DMCHBA,ideal,1.0,19,361,4,20,targets_20_dmchba_h1_ideal,objective_tuning_target_load_pilot_25\scenarios\known_visit_g19_t20_n25.csv,19,2,5,3.8499852632038842,3.8499852632038842,01,01,1,0,True,completed
16,known_visit,DMCHBA,ideal,1.0,19,361,4,20,targets_20_dmchba_h1_ideal,objective_tuning_target_load_pilot_25\scenarios\known_visit_g19_t20_n25.csv,20,2,4,5.639824542976139,5.639824542976139,01,01,1,0,True,completed
17,known_visit,DMCHBA,ideal,1.0,19,361,4,20,targets_20_dmchba_h1_ideal,objective_tuning_target_load_pilot_25\scenarios\known_visit_g19_t20_n25.csv,1,17,8,39.07054624651409,39.07054624651409,01,01,1,0,True,completed
17,known_visit,DMCHBA,ideal,1.0,19,361,4,20,targets_20_dmchba_h1_ideal,objective_tuning_target_load_pilot_25\scenarios\known_visit_g19_t20_n25.csv,2,3,17,5.723391390546026,5.723391390546026,03,03,1,0,True,completed
17,known_visit,DMCHBA,ideal,1.0,19,361,4,20,targets_20_dmchba_h1_ideal,objective_tuning_target_load_pilot_25\scenarios\known_visit_g19_t20_n25.csv,3,13,4,24.710931109079606,24.710931109079606,01,01,1,0,True,completed
17,known_visit,DMCHBA,ideal,1.0,19,361,4,20,targets_20_dmchba_h1_ideal,objective_tuning_target_load_pilot_25\scenarios\known_visit_g19_t20_n25.csv,4,15,14,32.27395583657595,32.27395583657595,03,03,1,0,True,completed
17,known_visit,DMCHBA,ideal,1.0,19,361,4,20,targets_20_dmchba_h1_ideal,objective_tuning_target_load_pilot_25\scenarios\known_visit_g19_t20_n25.csv,5,2,14,5.716110393117003,5.716110393117003,02,02,1,0,True,completed
17,known_visit,DMCHBA,ideal,1.0,19,361,4,20,targets_20_dmchba_h1_ideal,objective_tuning_target_load_pilot_25\scenarios\known_visit_g19_t20_n25.csv,6,13,3,31.251586625256046,31.251586625256046,00,00,1,0,True,completed
17,known_visit,DMCHBA,ideal,1.0,19,361,4,20,targets_20_dmchba_h1_ideal,objective_tuning_target_load_pilot_25\scenarios\known_visit_g19_t20_n25.csv,7,17,6,35.47651085797899,35.47651085797899,01,01,1,0,True,completed
17,known_visit,DMCHBA,ideal,1.0,19,361,4,20,targets_20_dmchba_h1_ideal,objective_tuning_target_load_pilot_25\scenarios\known_visit_g19_t20_n25.csv,8,13,14,29.015818489972727,29.015818489972727,03,03,1,0,True,completed
17,known_visit,DMCHBA,ideal,1.0,19,361,4,20,targets_20_dmchba_h1_ideal,objective_tuning_target_load_pilot_25\scenarios\known_visit_g19_t20_n25.csv,9,7,10,21.772873760107093,21.772873760107093,02,02,1,0,True,completed
17,known_visit,DMCHBA,ideal,1.0,19,361,4,20,targets_20_dmchba_h1_ideal,objective_tuning_target_load_pilot_25\scenarios\known_visit_g19_t20_n25.csv,10,18,0,45.13084394934428,45.13084394934428,00,00,1,0,True,completed
17,known_visit,DMCHBA,ideal,1.0,19,361,4,20,targets_20_dmchba_h1_ideal,objective_tuning_target_load_pilot_25\scenarios\known_visit_g19_t20_n25.csv,11,14,6,30.21885475138127,30.21885475138127,01,01,1,0,True,completed
17,known_visit,DMCHBA,ideal,1.0,19,361,4,20,targets_20_dmchba_h1_ideal,objective_tuning_target_load_pilot_25\scenarios\known_visit_g19_t20_n25.csv,12,6,1,15.315967526779296,15.315967526779296,00,00,1,0,True,completed
17,known_visit,DMCHBA,ideal,1.0,19,361,4,20,targets_20_dmchba_h1_ideal,objective_tuning_target_load_pilot_25\scenarios\known_visit_g19_t20_n25.csv,13,5,0,11.329243684063258,11.329243684063258,00,00,1,0,True,completed
17,known_visit,DMCHBA,ideal,1.0,19,361,4,20,targets_20_dmchba_h1_ideal,objective_tuning_target_load_pilot_25\scenarios\known_visit_g19_t20_n25.csv,14,9,16,18.394534705328542,18.394534705328542,03,03,1,0,True,completed
17,known_visit,DMCHBA,ideal,1.0,19,361,4,20,targets_20_dmchba_h1_ideal,objective_tuning_target_load_pilot_25\scenarios\known_visit_g19_t20_n25.csv,15,6,17,11.096508501576588,11.096508501576588,03,03,1,0,True,completed
17,known_visit,DMCHBA,ideal,1.0,19,361,4,20,targets_20_dmchba_h1_ideal,objective_tuning_target_load_pilot_25\scenarios\known_visit_g19_t20_n25.csv,16,1,5,2.2436083482072315,2.2436083482072315,01,01,1,0,True,completed
17,known_visit,DMCHBA,ideal,1.0,19,361,4,20,targets_20_dmchba_h1_ideal,objective_tuning_target_load_pilot_25\scenarios\known_visit_g19_t20_n25.csv,17,16,13,35.87252588377111,35.87252588377111,03,03,1,0,True,completed
17,known_visit,DMCHBA,ideal,1.0,19,361,4,20,targets_20_dmchba_h1_ideal,objective_tuning_target_load_pilot_25\scenarios\known_visit_g19_t20_n25.csv,18,13,18,53.72862938561072,53.72862938561072,03,03,1,0,True,completed
17,known_visit,DMCHBA,ideal,1.0,19,361,4,20,targets_20_dmchba_h1_ideal,objective_tuning_target_load_pilot_25\scenarios\known_visit_g19_t20_n25.csv,19,2,1,3.8664180752055315,3.8664180752055315,00,00,1,0,True,completed
17,known_visit,DMCHBA,ideal,1.0,19,361,4,20,targets_20_dmchba_h1_ideal,objective_tuning_target_load_pilot_25\scenarios\known_visit_g19_t20_n25.csv,20,12,1,25.635445507178517,25.635445507178517,00,00,1,0,True,completed
18,known_visit,DMCHBA,ideal,1.0,19,361,4,20,targets_20_dmchba_h1_ideal,objective_tuning_target_load_pilot_25\scenarios\known_visit_g19_t20_n25.csv,1,12,13,21.18210911387538,21.18210911387538,02,02,1,0,True,completed
18,known_visit,DMCHBA,ideal,1.0,19,361,4,20,targets_20_dmchba_h1_ideal,objective_tuning_target_load_pilot_25\scenarios\known_visit_g19_t20_n25.csv,2,4,12,5.259490869965285,5.259490869965285,02,02,1,0,True,completed
18,known_visit,DMCHBA,ideal,1.0,19,361,4,20,targets_20_dmchba_h1_ideal,objective_tuning_target_load_pilot_25\scenarios\known_visit_g19_t20_n25.csv,3,3,14,10.935396792956775,10.935396792956775,03,03,1,0,True,completed
18,known_visit,DMCHBA,ideal,1.0,19,361,4,20,targets_20_dmchba_h1_ideal,objective_tuning_target_load_pilot_25\scenarios\known_visit_g19_t20_n25.csv,4,18,2,44.05791196454416,44.05791196454416,00,00,1,0,True,completed
18,known_visit,DMCHBA,ideal,1.0,19,361,4,20,targets_20_dmchba_h1_ideal,objective_tuning_target_load_pilot_25\scenarios\known_visit_g19_t20_n25.csv,5,3,12,3.4742002082932797,3.4742002082932797,02,02,1,0,True,completed
18,known_visit,DMCHBA,ideal,1.0,19,361,4,20,targets_20_dmchba_h1_ideal,objective_tuning_target_load_pilot_25\scenarios\known_visit_g19_t20_n25.csv,6,3,0,3.667270016813422,3.667270016813422,00,00,1,0,True,completed
18,known_visit,DMCHBA,ideal,1.0,19,361,4,20,targets_20_dmchba_h1_ideal,objective_tuning_target_load_pilot_25\scenarios\known_visit_g19_t20_n25.csv,7,9,15,23.523136980098418,23.523136980098418,03,03,1,0,True,completed
18,known_visit,DMCHBA,ideal,1.0,19,361,4,20,targets_20_dmchba_h1_ideal,objective_tuning_target_load_pilot_25\scenarios\known_visit_g19_t20_n25.csv,8,10,18,30.57713573589416,30.57713573589416,03,03,1,0,True,completed
18,known_visit,DMCHBA,ideal,1.0,19,361,4,20,targets_20_dmchba_h1_ideal,objective_tuning_target_load_pilot_25\scenarios\known_visit_g19_t20_n25.csv,9,4,7,7.381838501895937,7.381838501895937,01,01,1,0,True,completed
18,known_visit,DMCHBA,ideal,1.0,19,361,4,20,targets_20_dmchba_h1_ideal,objective_tuning_target_load_pilot_25\scenarios\known_visit_g19_t20_n25.csv,10,12,5,28.331546624891644,28.331546624891644,00,00,2,1,True,completed
18,known_visit,DMCHBA,ideal,1.0,19,361,4,20,targets_20_dmchba_h1_ideal,objective_tuning_target_load_pilot_25\scenarios\known_visit_g19_t20_n25.csv,11,16,16,33.15926204972829,33.15926204972829,02,02,1,0,True,completed
18,known_visit,DMCHBA,ideal,1.0,19,361,4,20,targets_20_dmchba_h1_ideal,objective_tuning_target_load_pilot_25\scenarios\known_visit_g19_t20_n25.csv,12,0,5,70.41392551609616,70.41392551609616,03,03,1,0,True,completed
18,known_visit,DMCHBA,ideal,1.0,19,361,4,20,targets_20_dmchba_h1_ideal,objective_tuning_target_load_pilot_25\scenarios\known_visit_g19_t20_n25.csv,13,13,10,29.037066273496986,29.037066273496986,01,01,1,0,True,completed
18,known_visit,DMCHBA,ideal,1.0,19,361,4,20,targets_20_dmchba_h1_ideal,objective_tuning_target_load_pilot_25\scenarios\known_visit_g19_t20_n25.csv,14,7,5,19.54270602907491,19.54270602907491,00,00,2,1,True,completed
18,known_visit,DMCHBA,ideal,1.0,19,361,4,20,targets_20_dmchba_h1_ideal,objective_tuning_target_load_pilot_25\scenarios\known_visit_g19_t20_n25.csv,15,15,13,26.23620289285774,26.23620289285774,02,02,1,0,True,completed
18,known_visit,DMCHBA,ideal,1.0,19,361,4,20,targets_20_dmchba_h1_ideal,objective_tuning_target_load_pilot_25\scenarios\known_visit_g19_t20_n25.csv,16,16,6,41.48692041415666,41.48692041415666,01,01,1,0,True,completed
18,known_visit,DMCHBA,ideal,1.0,19,361,4,20,targets_20_dmchba_h1_ideal,objective_tuning_target_load_pilot_25\scenarios\known_visit_g19_t20_n25.csv,17,9,9,19.93353417345863,19.93353417345863,01,01,1,0,True,completed
18,known_visit,DMCHBA,ideal,1.0,19,361,4,20,targets_20_dmchba_h1_ideal,objective_tuning_target_load_pilot_25\scenarios\known_visit_g19_t20_n25.csv,18,11,13,19.1645307001851,19.1645307001851,02,02,1,0,True,completed
18,known_visit,DMCHBA,ideal,1.0,19,361,4,20,targets_20_dmchba_h1_ideal,objective_tuning_target_load_pilot_25\scenarios\known_visit_g19_t20_n25.csv,19,5,9,12.766710616749531,12.766710616749531,01,01,1,0,True,completed
18,known_visit,DMCHBA,ideal,1.0,19,361,4,20,targets_20_dmchba_h1_ideal,objective_tuning_target_load_pilot_25\scenarios\known_visit_g19_t20_n25.csv,20,2,7,3.8348762975560047,3.8348762975560047,01,01,1,0,True,completed
19,known_visit,DMCHBA,ideal,1.0,19,361,4,20,targets_20_dmchba_h1_ideal,objective_tuning_target_load_pilot_25\scenarios\known_visit_g19_t20_n25.csv,1,6,15,25.93461920217406,25.93461920217406,02,02,1,0,True,completed
19,known_visit,DMCHBA,ideal,1.0,19,361,4,20,targets_20_dmchba_h1_ideal,objective_tuning_target_load_pilot_25\scenarios\known_visit_g19_t20_n25.csv,2,9,9,27.303904165153714,27.303904165153714,01,01,1,0,True,completed
19,known_visit,DMCHBA,ideal,1.0,19,361,4,20,targets_20_dmchba_h1_ideal,objective_tuning_target_load_pilot_25\scenarios\known_visit_g19_t20_n25.csv,3,16,2,48.81966020977378,48.81966020977378,00,00,1,0,True,completed
19,known_visit,DMCHBA,ideal,1.0,19,361,4,20,targets_20_dmchba_h1_ideal,objective_tuning_target_load_pilot_25\scenarios\known_visit_g19_t20_n25.csv,4,9,4,29.130361082280828,29.130361082280828,00,00,1,0,True,completed
19,known_visit,DMCHBA,ideal,1.0,19,361,4,20,targets_20_dmchba_h1_ideal,objective_tuning_target_load_pilot_25\scenarios\known_visit_g19_t20_n25.csv,5,4,13,11.27512648882589,11.27512648882589,02,02,2,1,True,completed
19,known_visit,DMCHBA,ideal,1.0,19,361,4,20,targets_20_dmchba_h1_ideal,objective_tuning_target_load_pilot_25\scenarios\known_visit_g19_t20_n25.csv,6,8,13,32.998246747641694,32.998246747641694,02,02,1,0,True,completed
19,known_visit,DMCHBA,ideal,1.0,19,361,4,20,targets_20_dmchba_h1_ideal,objective_tuning_target_load_pilot_25\scenarios\known_visit_g19_t20_n25.csv,7,4,17,18.215002072771913,18.215002072771913,02,02,1,0,True,completed
19,known_visit,DMCHBA,ideal,1.0,19,361,4,20,targets_20_dmchba_h1_ideal,objective_tuning_target_load_pilot_25\scenarios\known_visit_g19_t20_n25.csv,8,10,1,21.681106819492015,21.681106819492015,00,00,1,0,True,completed
19,known_visit,DMCHBA,ideal,1.0,19,361,4,20,targets_20_dmchba_h1_ideal,objective_tuning_target_load_pilot_25\scenarios\known_visit_g19_t20_n25.csv,9,4,16,16.44223369161724,16.44223369161724,02,02,2,1,True,completed
19,known_visit,DMCHBA,ideal,1.0,19,361,4,20,targets_20_dmchba_h1_ideal,objective_tuning_target_load_pilot_25\scenarios\known_visit_g19_t20_n25.csv,10,5,7,16.608981381322224,16.608981381322224,01,01,1,0,True,completed
19,known_visit,DMCHBA,ideal,1.0,19,361,4,20,targets_20_dmchba_h1_ideal,objective_tuning_target_load_pilot_25\scenarios\known_visit_g19_t20_n25.csv,11,0,9,3.8431611447521887,3.8431611447521887,01,01,1,0,True,completed
19,known_visit,DMCHBA,ideal,1.0,19,361,4,20,targets_20_dmchba_h1_ideal,objective_tuning_target_load_pilot_25\scenarios\known_visit_g19_t20_n25.csv,12,1,11,2.217714981385474,2.217714981385474,02,02,1,0,True,completed
19,known_visit,DMCHBA,ideal,1.0,19,361,4,20,targets_20_dmchba_h1_ideal,objective_tuning_target_load_pilot_25\scenarios\known_visit_g19_t20_n25.csv,13,0,13,7.201987333992382,7.201987333992382,03,03,1,0,True,completed
19,known_visit,DMCHBA,ideal,1.0,19,361,4,20,targets_20_dmchba_h1_ideal,objective_tuning_target_load_pilot_25\scenarios\known_visit_g19_t20_n25.csv,14,17,13,48.566590411335866,48.566590411335866,02,02,1,0,True,completed
19,known_visit,DMCHBA,ideal,1.0,19,361,4,20,targets_20_dmchba_h1_ideal,objective_tuning_target_load_pilot_25\scenarios\known_visit_g19_t20_n25.csv,15,5,16,22.17549855406123,22.17549855406123,02,02,1,0,True,completed
19,known_visit,DMCHBA,ideal,1.0,19,361,4,20,targets_20_dmchba_h1_ideal,objective_tuning_target_load_pilot_25\scenarios\known_visit_g19_t20_n25.csv,16,12,13,40.0006879329309,40.0006879329309,02,02,1,0,True,completed
19,known_visit,DMCHBA,ideal,1.0,19,361,4,20,targets_20_dmchba_h1_ideal,objective_tuning_target_load_pilot_25\scenarios\known_visit_g19_t20_n25.csv,17,12,8,34.5274215198065,34.5274215198065,01,01,1,0,True,completed
19,known_visit,DMCHBA,ideal,1.0,19,361,4,20,targets_20_dmchba_h1_ideal,objective_tuning_target_load_pilot_25\scenarios\known_visit_g19_t20_n25.csv,18,9,1,19.7529978771405,19.7529978771405,00,00,1,0,True,completed
19,known_visit,DMCHBA,ideal,1.0,19,361,4,20,targets_20_dmchba_h1_ideal,objective_tuning_target_load_pilot_25\scenarios\known_visit_g19_t20_n25.csv,19,10,2,23.647155713592813,23.647155713592813,00,00,1,0,True,completed
19,known_visit,DMCHBA,ideal,1.0,19,361,4,20,targets_20_dmchba_h1_ideal,objective_tuning_target_load_pilot_25\scenarios\known_visit_g19_t20_n25.csv,20,16,3,47.07628829191934,47.07628829191934,00,00,1,0,True,completed
20,known_visit,DMCHBA,ideal,1.0,19,361,4,20,targets_20_dmchba_h1_ideal,objective_tuning_target_load_pilot_25\scenarios\known_visit_g19_t20_n25.csv,1,1,18,0.12465004190899699,0.12465004190899699,03,03,1,0,True,completed
20,known_visit,DMCHBA,ideal,1.0,19,361,4,20,targets_20_dmchba_h1_ideal,objective_tuning_target_load_pilot_25\scenarios\known_visit_g19_t20_n25.csv,2,13,1,26.587186996964128,26.587186996964128,00,00,1,0,True,completed
20,known_visit,DMCHBA,ideal,1.0,19,361,4,20,targets_20_dmchba_h1_ideal,objective_tuning_target_load_pilot_25\scenarios\known_visit_g19_t20_n25.csv,3,6,8,27.740829538550738,27.740829538550738,01,01,1,0,True,completed
20,known_visit,DMCHBA,ideal,1.0,19,361,4,20,targets_20_dmchba_h1_ideal,objective_tuning_target_load_pilot_25\scenarios\known_visit_g19_t20_n25.csv,4,14,3,32.1718095175224,32.1718095175224,00,00,1,0,True,completed
20,known_visit,DMCHBA,ideal,1.0,19,361,4,20,targets_20_dmchba_h1_ideal,objective_tuning_target_load_pilot_25\scenarios\known_visit_g19_t20_n25.csv,5,3,15,9.146200966413096,9.146200966413096,02,02,1,0,True,completed
20,known_visit,DMCHBA,ideal,1.0,19,361,4,20,targets_20_dmchba_h1_ideal,objective_tuning_target_load_pilot_25\scenarios\known_visit_g19_t20_n25.csv,6,1,7,16.998005743339423,16.998005743339423,01,01,1,0,True,completed
20,known_visit,DMCHBA,ideal,1.0,19,361,4,20,targets_20_dmchba_h1_ideal,objective_tuning_target_load_pilot_25\scenarios\known_visit_g19_t20_n25.csv,7,1,4,4.032264386864271,4.032264386864271,01,01,1,0,True,completed
20,known_visit,DMCHBA,ideal,1.0,19,361,4,20,targets_20_dmchba_h1_ideal,objective_tuning_target_load_pilot_25\scenarios\known_visit_g19_t20_n25.csv,8,15,13,41.792581314383476,41.792581314383476,02,02,1,0,True,completed
20,known_visit,DMCHBA,ideal,1.0,19,361,4,20,targets_20_dmchba_h1_ideal,objective_tuning_target_load_pilot_25\scenarios\known_visit_g19_t20_n25.csv,9,7,5,34.80557047263696,34.80557047263696,01,01,1,0,True,completed
20,known_visit,DMCHBA,ideal,1.0,19,361,4,20,targets_20_dmchba_h1_ideal,objective_tuning_target_load_pilot_25\scenarios\known_visit_g19_t20_n25.csv,10,17,2,39.56580259330937,39.56580259330937,00,00,1,0,True,completed
20,known_visit,DMCHBA,ideal,1.0,19,361,4,20,targets_20_dmchba_h1_ideal,objective_tuning_target_load_pilot_25\scenarios\known_visit_g19_t20_n25.csv,11,13,9,40.16508806377862,40.16508806377862,03,03,1,0,True,completed
20,known_visit,DMCHBA,ideal,1.0,19,361,4,20,targets_20_dmchba_h1_ideal,objective_tuning_target_load_pilot_25\scenarios\known_visit_g19_t20_n25.csv,12,12,8,44.08533298840321,44.08533298840321,03,03,1,0,True,completed
20,known_visit,DMCHBA,ideal,1.0,19,361,4,20,targets_20_dmchba_h1_ideal,objective_tuning_target_load_pilot_25\scenarios\known_visit_g19_t20_n25.csv,13,4,17,7.235319200704125,7.235319200704125,03,03,1,0,True,completed
20,known_visit,DMCHBA,ideal,1.0,19,361,4,20,targets_20_dmchba_h1_ideal,objective_tuning_target_load_pilot_25\scenarios\known_visit_g19_t20_n25.csv,14,11,16,24.77702654147055,24.77702654147055,03,03,1,0,True,completed
20,known_visit,DMCHBA,ideal,1.0,19,361,4,20,targets_20_dmchba_h1_ideal,objective_tuning_target_load_pilot_25\scenarios\known_visit_g19_t20_n25.csv,15,4,15,10.527411118643574,10.527411118643574,03,03,1,0,True,completed
20,known_visit,DMCHBA,ideal,1.0,19,361,4,20,targets_20_dmchba_h1_ideal,objective_tuning_target_load_pilot_25\scenarios\known_visit_g19_t20_n25.csv,16,1,5,2.274960682595663,2.274960682595663,01,01,1,0,True,completed
20,known_visit,DMCHBA,ideal,1.0,19,361,4,20,targets_20_dmchba_h1_ideal,objective_tuning_target_load_pilot_25\scenarios\known_visit_g19_t20_n25.csv,17,13,12,35.0143332535458,35.0143332535458,03,03,1,0,True,completed
20,known_visit,DMCHBA,ideal,1.0,19,361,4,20,targets_20_dmchba_h1_ideal,objective_tuning_target_load_pilot_25\scenarios\known_visit_g19_t20_n25.csv,18,9,16,21.154952731109447,21.154952731109447,03,03,1,0,True,completed
20,known_visit,DMCHBA,ideal,1.0,19,361,4,20,targets_20_dmchba_h1_ideal,objective_tuning_target_load_pilot_25\scenarios\known_visit_g19_t20_n25.csv,19,3,4,7.74248614362808,7.74248614362808,01,01,1,0,True,completed
20,known_visit,DMCHBA,ideal,1.0,19,361,4,20,targets_20_dmchba_h1_ideal,objective_tuning_target_load_pilot_25\scenarios\known_visit_g19_t20_n25.csv,20,14,14,38.156501278778364,38.156501278778364,02,02,1,0,True,completed
21,known_visit,DMCHBA,ideal,1.0,19,361,4,20,targets_20_dmchba_h1_ideal,objective_tuning_target_load_pilot_25\scenarios\known_visit_g19_t20_n25.csv,1,0,1,0.42507864954731134,0.42507864954731134,00,00,1,0,True,completed
21,known_visit,DMCHBA,ideal,1.0,19,361,4,20,targets_20_dmchba_h1_ideal,objective_tuning_target_load_pilot_25\scenarios\known_visit_g19_t20_n25.csv,2,0,11,0.6599752343182073,0.6599752343182073,02,02,2,1,True,completed
21,known_visit,DMCHBA,ideal,1.0,19,361,4,20,targets_20_dmchba_h1_ideal,objective_tuning_target_load_pilot_25\scenarios\known_visit_g19_t20_n25.csv,3,2,4,5.722812609349399,5.722812609349399,01,01,1,0,True,completed
21,known_visit,DMCHBA,ideal,1.0,19,361,4,20,targets_20_dmchba_h1_ideal,objective_tuning_target_load_pilot_25\scenarios\known_visit_g19_t20_n25.csv,4,18,8,37.6752299282953,37.6752299282953,02,02,1,0,True,completed
21,known_visit,DMCHBA,ideal,1.0,19,361,4,20,targets_20_dmchba_h1_ideal,objective_tuning_target_load_pilot_25\scenarios\known_visit_g19_t20_n25.csv,5,11,3,23.090678814642125,23.090678814642125,01,01,1,0,True,completed
21,known_visit,DMCHBA,ideal,1.0,19,361,4,20,targets_20_dmchba_h1_ideal,objective_tuning_target_load_pilot_25\scenarios\known_visit_g19_t20_n25.csv,6,5,9,22.829092187086527,22.829092187086527,03,03,1,0,True,completed
21,known_visit,DMCHBA,ideal,1.0,19,361,4,20,targets_20_dmchba_h1_ideal,objective_tuning_target_load_pilot_25\scenarios\known_visit_g19_t20_n25.csv,7,0,10,12.46493285217048,12.46493285217048,03,03,1,0,True,completed
21,known_visit,DMCHBA,ideal,1.0,19,361,4,20,targets_20_dmchba_h1_ideal,objective_tuning_target_load_pilot_25\scenarios\known_visit_g19_t20_n25.csv,8,10,8,23.507059374219285,23.507059374219285,02,02,1,0,True,completed
21,known_visit,DMCHBA,ideal,1.0,19,361,4,20,targets_20_dmchba_h1_ideal,objective_tuning_target_load_pilot_25\scenarios\known_visit_g19_t20_n25.csv,9,0,17,0.4656507492388966,0.4656507492388966,03,03,1,0,True,completed
21,known_visit,DMCHBA,ideal,1.0,19,361,4,20,targets_20_dmchba_h1_ideal,objective_tuning_target_load_pilot_25\scenarios\known_visit_g19_t20_n25.csv,10,14,4,30.084863657003286,30.084863657003286,01,01,1,0,True,completed
21,known_visit,DMCHBA,ideal,1.0,19,361,4,20,targets_20_dmchba_h1_ideal,objective_tuning_target_load_pilot_25\scenarios\known_visit_g19_t20_n25.csv,11,5,8,24.7579174315686,24.7579174315686,03,03,1,0,True,completed
21,known_visit,DMCHBA,ideal,1.0,19,361,4,20,targets_20_dmchba_h1_ideal,objective_tuning_target_load_pilot_25\scenarios\known_visit_g19_t20_n25.csv,12,0,7,10.622194531022192,10.622194531022192,00,00,1,0,True,completed
21,known_visit,DMCHBA,ideal,1.0,19,361,4,20,targets_20_dmchba_h1_ideal,objective_tuning_target_load_pilot_25\scenarios\known_visit_g19_t20_n25.csv,13,0,3,3.775368527289641,3.775368527289641,00,00,1,0,True,completed
21,known_visit,DMCHBA,ideal,1.0,19,361,4,20,targets_20_dmchba_h1_ideal,objective_tuning_target_load_pilot_25\scenarios\known_visit_g19_t20_n25.csv,14,17,7,40.423486995949006,40.423486995949006,01,01,1,0,True,completed
21,known_visit,DMCHBA,ideal,1.0,19,361,4,20,targets_20_dmchba_h1_ideal,objective_tuning_target_load_pilot_25\scenarios\known_visit_g19_t20_n25.csv,15,1,0,25.0039846335073,25.0039846335073,00,00,1,0,True,completed
21,known_visit,DMCHBA,ideal,1.0,19,361,4,20,targets_20_dmchba_h1_ideal,objective_tuning_target_load_pilot_25\scenarios\known_visit_g19_t20_n25.csv,16,12,0,55.4420332431825,55.4420332431825,00,00,1,0,True,completed
21,known_visit,DMCHBA,ideal,1.0,19,361,4,20,targets_20_dmchba_h1_ideal,objective_tuning_target_load_pilot_25\scenarios\known_visit_g19_t20_n25.csv,17,12,18,58.075225808652,58.075225808652,03,03,1,0,True,completed
21,known_visit,DMCHBA,ideal,1.0,19,361,4,20,targets_20_dmchba_h1_ideal,objective_tuning_target_load_pilot_25\scenarios\known_visit_g19_t20_n25.csv,18,6,11,11.27065808071903,11.27065808071903,02,02,1,0,True,completed
21,known_visit,DMCHBA,ideal,1.0,19,361,4,20,targets_20_dmchba_h1_ideal,objective_tuning_target_load_pilot_25\scenarios\known_visit_g19_t20_n25.csv,19,18,7,39.772764010981646,39.772764010981646,02,02,1,0,True,completed
21,known_visit,DMCHBA,ideal,1.0,19,361,4,20,targets_20_dmchba_h1_ideal,objective_tuning_target_load_pilot_25\scenarios\known_visit_g19_t20_n25.csv,20,1,6,0.18983074934501937,0.18983074934501937,01,01,2,1,True,completed
22,known_visit,DMCHBA,ideal,1.0,19,361,4,20,targets_20_dmchba_h1_ideal,objective_tuning_target_load_pilot_25\scenarios\known_visit_g19_t20_n25.csv,1,13,4,35.81207342649376,35.81207342649376,00,00,1,0,True,completed
22,known_visit,DMCHBA,ideal,1.0,19,361,4,20,targets_20_dmchba_h1_ideal,objective_tuning_target_load_pilot_25\scenarios\known_visit_g19_t20_n25.csv,2,7,6,21.57389148997529,21.57389148997529,01,01,1,0,True,completed
22,known_visit,DMCHBA,ideal,1.0,19,361,4,20,targets_20_dmchba_h1_ideal,objective_tuning_target_load_pilot_25\scenarios\known_visit_g19_t20_n25.csv,3,5,18,14.703264849312172,14.703264849312172,03,03,1,0,True,completed
22,known_visit,DMCHBA,ideal,1.0,19,361,4,20,targets_20_dmchba_h1_ideal,objective_tuning_target_load_pilot_25\scenarios\known_visit_g19_t20_n25.csv,4,15,7,36.90772856679842,36.90772856679842,02,02,1,0,True,completed
22,known_visit,DMCHBA,ideal,1.0,19,361,4,20,targets_20_dmchba_h1_ideal,objective_tuning_target_load_pilot_25\scenarios\known_visit_g19_t20_n25.csv,5,11,4,32.584360597968356,32.584360597968356,00,00,1,0,True,completed
22,known_visit,DMCHBA,ideal,1.0,19,361,4,20,targets_20_dmchba_h1_ideal,objective_tuning_target_load_pilot_25\scenarios\known_visit_g19_t20_n25.csv,6,5,9,12.718167084756134,12.718167084756134,01,01,1,0,True,completed
22,known_visit,DMCHBA,ideal,1.0,19,361,4,20,targets_20_dmchba_h1_ideal,objective_tuning_target_load_pilot_25\scenarios\known_visit_g19_t20_n25.csv,7,12,7,31.44332770750874,31.44332770750874,02,02,1,0,True,completed
22,known_visit,DMCHBA,ideal,1.0,19,361,4,20,targets_20_dmchba_h1_ideal,objective_tuning_target_load_pilot_25\scenarios\known_visit_g19_t20_n25.csv,8,2,12,1.8237208609021454,1.8237208609021454,02,02,1,0,True,completed
22,known_visit,DMCHBA,ideal,1.0,19,361,4,20,targets_20_dmchba_h1_ideal,objective_tuning_target_load_pilot_25\scenarios\known_visit_g19_t20_n25.csv,9,14,13,39.18074888695172,39.18074888695172,03,03,1,0,True,completed
22,known_visit,DMCHBA,ideal,1.0,19,361,4,20,targets_20_dmchba_h1_ideal,objective_tuning_target_load_pilot_25\scenarios\known_visit_g19_t20_n25.csv,10,2,2,5.953260881056051,5.953260881056051,00,00,1,0,True,completed
22,known_visit,DMCHBA,ideal,1.0,19,361,4,20,targets_20_dmchba_h1_ideal,objective_tuning_target_load_pilot_25\scenarios\known_visit_g19_t20_n25.csv,11,2,16,5.752456958188562,5.752456958188562,03,03,1,0,True,completed
22,known_visit,DMCHBA,ideal,1.0,19,361,4,20,targets_20_dmchba_h1_ideal,objective_tuning_target_load_pilot_25\scenarios\known_visit_g19_t20_n25.csv,12,8,10,15.686603808171741,15.686603808171741,02,02,1,0,True,completed
22,known_visit,DMCHBA,ideal,1.0,19,361,4,20,targets_20_dmchba_h1_ideal,objective_tuning_target_load_pilot_25\scenarios\known_visit_g19_t20_n25.csv,13,16,12,44.69642459352149,44.69642459352149,03,03,1,0,True,completed
22,known_visit,DMCHBA,ideal,1.0,19,361,4,20,targets_20_dmchba_h1_ideal,objective_tuning_target_load_pilot_25\scenarios\known_visit_g19_t20_n25.csv,14,4,12,5.230772475994209,5.230772475994209,02,02,1,0,True,completed
22,known_visit,DMCHBA,ideal,1.0,19,361,4,20,targets_20_dmchba_h1_ideal,objective_tuning_target_load_pilot_25\scenarios\known_visit_g19_t20_n25.csv,15,5,1,13.303254991964145,13.303254991964145,00,00,1,0,True,completed
22,known_visit,DMCHBA,ideal,1.0,19,361,4,20,targets_20_dmchba_h1_ideal,objective_tuning_target_load_pilot_25\scenarios\known_visit_g19_t20_n25.csv,16,8,6,22.29308898315312,22.29308898315312,02,02,1,0,True,completed
22,known_visit,DMCHBA,ideal,1.0,19,361,4,20,targets_20_dmchba_h1_ideal,objective_tuning_target_load_pilot_25\scenarios\known_visit_g19_t20_n25.csv,17,9,2,25.47330612058922,25.47330612058922,00,00,1,0,True,completed
22,known_visit,DMCHBA,ideal,1.0,19,361,4,20,targets_20_dmchba_h1_ideal,objective_tuning_target_load_pilot_25\scenarios\known_visit_g19_t20_n25.csv,18,9,0,21.84166634839892,21.84166634839892,00,00,1,0,True,completed
22,known_visit,DMCHBA,ideal,1.0,19,361,4,20,targets_20_dmchba_h1_ideal,objective_tuning_target_load_pilot_25\scenarios\known_visit_g19_t20_n25.csv,19,0,9,3.8077144299574415,3.8077144299574415,01,01,1,0,True,completed
22,known_visit,DMCHBA,ideal,1.0,19,361,4,20,targets_20_dmchba_h1_ideal,objective_tuning_target_load_pilot_25\scenarios\known_visit_g19_t20_n25.csv,20,14,12,40.90960298284771,40.90960298284771,03,03,1,0,True,completed
23,known_visit,DMCHBA,ideal,1.0,19,361,4,20,targets_20_dmchba_h1_ideal,objective_tuning_target_load_pilot_25\scenarios\known_visit_g19_t20_n25.csv,1,14,4,29.53313518742296,29.53313518742296,00,00,1,0,True,completed
23,known_visit,DMCHBA,ideal,1.0,19,361,4,20,targets_20_dmchba_h1_ideal,objective_tuning_target_load_pilot_25\scenarios\known_visit_g19_t20_n25.csv,2,4,17,18.066696193693158,18.066696193693158,03,03,1,0,True,completed
23,known_visit,DMCHBA,ideal,1.0,19,361,4,20,targets_20_dmchba_h1_ideal,objective_tuning_target_load_pilot_25\scenarios\known_visit_g19_t20_n25.csv,3,17,5,37.845519290943905,37.845519290943905,01,01,1,0,True,completed
23,known_visit,DMCHBA,ideal,1.0,19,361,4,20,targets_20_dmchba_h1_ideal,objective_tuning_target_load_pilot_25\scenarios\known_visit_g19_t20_n25.csv,4,8,9,17.598008498311504,17.598008498311504,02,02,1,0,True,completed
23,known_visit,DMCHBA,ideal,1.0,19,361,4,20,targets_20_dmchba_h1_ideal,objective_tuning_target_load_pilot_25\scenarios\known_visit_g19_t20_n25.csv,5,7,11,12.139091824596571,12.139091824596571,02,02,1,0,True,completed
23,known_visit,DMCHBA,ideal,1.0,19,361,4,20,targets_20_dmchba_h1_ideal,objective_tuning_target_load_pilot_25\scenarios\known_visit_g19_t20_n25.csv,6,14,12,37.21318412501378,37.21318412501378,02,02,1,0,True,completed
23,known_visit,DMCHBA,ideal,1.0,19,361,4,20,targets_20_dmchba_h1_ideal,objective_tuning_target_load_pilot_25\scenarios\known_visit_g19_t20_n25.csv,7,1,1,2.2043907774113842,2.2043907774113842,00,00,1,0,True,completed
23,known_visit,DMCHBA,ideal,1.0,19,361,4,20,targets_20_dmchba_h1_ideal,objective_tuning_target_load_pilot_25\scenarios\known_visit_g19_t20_n25.csv,8,5,12,6.751054510688241,6.751054510688241,02,02,1,0,True,completed
23,known_visit,DMCHBA,ideal,1.0,19,361,4,20,targets_20_dmchba_h1_ideal,objective_tuning_target_load_pilot_25\scenarios\known_visit_g19_t20_n25.csv,9,14,2,33.22544438129582,33.22544438129582,00,00,1,0,True,completed
23,known_visit,DMCHBA,ideal,1.0,19,361,4,20,targets_20_dmchba_h1_ideal,objective_tuning_target_load_pilot_25\scenarios\known_visit_g19_t20_n25.csv,10,14,16,37.42439374022917,37.42439374022917,03,03,1,0,True,completed
23,known_visit,DMCHBA,ideal,1.0,19,361,4,20,targets_20_dmchba_h1_ideal,objective_tuning_target_load_pilot_25\scenarios\known_visit_g19_t20_n25.csv,11,9,4,20.920511398941688,20.920511398941688,00,00,1,0,True,completed
23,known_visit,DMCHBA,ideal,1.0,19,361,4,20,targets_20_dmchba_h1_ideal,objective_tuning_target_load_pilot_25\scenarios\known_visit_g19_t20_n25.csv,12,10,9,21.10866981012646,21.10866981012646,02,02,1,0,True,completed
23,known_visit,DMCHBA,ideal,1.0,19,361,4,20,targets_20_dmchba_h1_ideal,objective_tuning_target_load_pilot_25\scenarios\known_visit_g19_t20_n25.csv,13,0,5,0.5095021945275511,0.5095021945275511,01,01,1,0,True,completed
23,known_visit,DMCHBA,ideal,1.0,19,361,4,20,targets_20_dmchba_h1_ideal,objective_tuning_target_load_pilot_25\scenarios\known_visit_g19_t20_n25.csv,14,18,16,44.39263512809915,44.39263512809915,03,03,1,0,True,completed
23,known_visit,DMCHBA,ideal,1.0,19,361,4,20,targets_20_dmchba_h1_ideal,objective_tuning_target_load_pilot_25\scenarios\known_visit_g19_t20_n25.csv,15,6,5,18.80283241785043,18.80283241785043,01,01,1,0,True,completed
23,known_visit,DMCHBA,ideal,1.0,19,361,4,20,targets_20_dmchba_h1_ideal,objective_tuning_target_load_pilot_25\scenarios\known_visit_g19_t20_n25.csv,16,2,7,8.008234540392753,8.008234540392753,01,01,1,0,True,completed
23,known_visit,DMCHBA,ideal,1.0,19,361,4,20,targets_20_dmchba_h1_ideal,objective_tuning_target_load_pilot_25\scenarios\known_visit_g19_t20_n25.csv,17,16,0,40.19294577503145,40.19294577503145,00,00,1,0,True,completed
23,known_visit,DMCHBA,ideal,1.0,19,361,4,20,targets_20_dmchba_h1_ideal,objective_tuning_target_load_pilot_25\scenarios\known_visit_g19_t20_n25.csv,18,1,14,7.335296471402838,7.335296471402838,03,03,1,0,True,completed
23,known_visit,DMCHBA,ideal,1.0,19,361,4,20,targets_20_dmchba_h1_ideal,objective_tuning_target_load_pilot_25\scenarios\known_visit_g19_t20_n25.csv,19,17,6,39.8866553097042,39.8866553097042,01,01,1,0,True,completed
23,known_visit,DMCHBA,ideal,1.0,19,361,4,20,targets_20_dmchba_h1_ideal,objective_tuning_target_load_pilot_25\scenarios\known_visit_g19_t20_n25.csv,20,13,8,28.24419734031594,28.24419734031594,02,02,1,0,True,completed
24,known_visit,DMCHBA,ideal,1.0,19,361,4,20,targets_20_dmchba_h1_ideal,objective_tuning_target_load_pilot_25\scenarios\known_visit_g19_t20_n25.csv,1,18,2,44.97759037490264,44.97759037490264,00,00,1,0,True,completed
24,known_visit,DMCHBA,ideal,1.0,19,361,4,20,targets_20_dmchba_h1_ideal,objective_tuning_target_load_pilot_25\scenarios\known_visit_g19_t20_n25.csv,2,8,7,18.05265409858271,18.05265409858271,01,01,1,0,True,completed
24,known_visit,DMCHBA,ideal,1.0,19,361,4,20,targets_20_dmchba_h1_ideal,objective_tuning_target_load_pilot_25\scenarios\known_visit_g19_t20_n25.csv,3,4,9,10.890482193207555,10.890482193207555,02,02,1,0,True,completed
24,known_visit,DMCHBA,ideal,1.0,19,361,4,20,targets_20_dmchba_h1_ideal,objective_tuning_target_load_pilot_25\scenarios\known_visit_g19_t20_n25.csv,4,5,16,11.123401371267613,11.123401371267613,03,03,1,0,True,completed
24,known_visit,DMCHBA,ideal,1.0,19,361,4,20,targets_20_dmchba_h1_ideal,objective_tuning_target_load_pilot_25\scenarios\known_visit_g19_t20_n25.csv,5,4,12,5.266911313287233,5.266911313287233,02,02,1,0,True,completed
24,known_visit,DMCHBA,ideal,1.0,19,361,4,20,targets_20_dmchba_h1_ideal,objective_tuning_target_load_pilot_25\scenarios\known_visit_g19_t20_n25.csv,6,7,7,16.068746446806657,16.068746446806657,01,01,1,0,True,completed
24,known_visit,DMCHBA,ideal,1.0,19,361,4,20,targets_20_dmchba_h1_ideal,objective_tuning_target_load_pilot_25\scenarios\known_visit_g19_t20_n25.csv,7,7,18,18.037791121009366,18.037791121009366,03,03,1,0,True,completed
24,known_visit,DMCHBA,ideal,1.0,19,361,4,20,targets_20_dmchba_h1_ideal,objective_tuning_target_load_pilot_25\scenarios\known_visit_g19_t20_n25.csv,8,16,17,46.47993766869068,46.47993766869068,03,03,1,0,True,completed
24,known_visit,DMCHBA,ideal,1.0,19,361,4,20,targets_20_dmchba_h1_ideal,objective_tuning_target_load_pilot_25\scenarios\known_visit_g19_t20_n25.csv,9,1,17,2.252768121508177,2.252768121508177,03,03,1,0,True,completed
24,known_visit,DMCHBA,ideal,1.0,19,361,4,20,targets_20_dmchba_h1_ideal,objective_tuning_target_load_pilot_25\scenarios\known_visit_g19_t20_n25.csv,10,3,8,7.30282874566101,7.30282874566101,01,01,1,0,True,completed
24,known_visit,DMCHBA,ideal,1.0,19,361,4,20,targets_20_dmchba_h1_ideal,objective_tuning_target_load_pilot_25\scenarios\known_visit_g19_t20_n25.csv,11,10,14,30.878539238445924,30.878539238445924,03,03,1,0,True,completed
24,known_visit,DMCHBA,ideal,1.0,19,361,4,20,targets_20_dmchba_h1_ideal,objective_tuning_target_load_pilot_25\scenarios\known_visit_g19_t20_n25.csv,12,14,10,30.146912218246754,30.146912218246754,02,02,1,0,True,completed
24,known_visit,DMCHBA,ideal,1.0,19,361,4,20,targets_20_dmchba_h1_ideal,objective_tuning_target_load_pilot_25\scenarios\known_visit_g19_t20_n25.csv,13,13,9,26.433072419442258,26.433072419442258,02,02,1,0,True,completed
24,known_visit,DMCHBA,ideal,1.0,19,361,4,20,targets_20_dmchba_h1_ideal,objective_tuning_target_load_pilot_25\scenarios\known_visit_g19_t20_n25.csv,14,5,4,29.21113329221374,29.21113329221374,01,01,1,0,True,completed
24,known_visit,DMCHBA,ideal,1.0,19,361,4,20,targets_20_dmchba_h1_ideal,objective_tuning_target_load_pilot_25\scenarios\known_visit_g19_t20_n25.csv,15,18,7,42.80144648488225,42.80144648488225,02,02,1,0,True,completed
24,known_visit,DMCHBA,ideal,1.0,19,361,4,20,targets_20_dmchba_h1_ideal,objective_tuning_target_load_pilot_25\scenarios\known_visit_g19_t20_n25.csv,16,13,0,31.93212415625662,31.93212415625662,00,00,1,0,True,completed
24,known_visit,DMCHBA,ideal,1.0,19,361,4,20,targets_20_dmchba_h1_ideal,objective_tuning_target_load_pilot_25\scenarios\known_visit_g19_t20_n25.csv,17,14,1,36.04746693141304,36.04746693141304,00,00,1,0,True,completed
24,known_visit,DMCHBA,ideal,1.0,19,361,4,20,targets_20_dmchba_h1_ideal,objective_tuning_target_load_pilot_25\scenarios\known_visit_g19_t20_n25.csv,18,2,1,3.8817176038180583,3.8817176038180583,00,00,1,0,True,completed
24,known_visit,DMCHBA,ideal,1.0,19,361,4,20,targets_20_dmchba_h1_ideal,objective_tuning_target_load_pilot_25\scenarios\known_visit_g19_t20_n25.csv,19,12,3,24.763218318116415,24.763218318116415,00,00,1,0,True,completed
24,known_visit,DMCHBA,ideal,1.0,19,361,4,20,targets_20_dmchba_h1_ideal,objective_tuning_target_load_pilot_25\scenarios\known_visit_g19_t20_n25.csv,20,8,15,25.491694196315972,25.491694196315972,03,03,1,0,True,completed
