trial_id,trial_mode,algorithm,comm_model,comm_level,grid_size,grid_cells,robot_count,target_count,condition_id,scenario_file,robot_id,steps_total,targets_found,task_cell_revisits,unique_cells_contributed,system_revisits_by_robot,task_cell_replans,path_replans,collision_prevention_events,blocked_task_quarantines,blocked_task_quarantine_time_s,maximum_quarantine_level,stall_recoveries,messages_sent,core_messages_sent,allocation_messages_sent,messages_delivered_to_robot,messages_dropped_to_robot,allocator_calls,allocator_time_ms_total,allocator_time_ms_mean,allocator_time_ms_median,allocator_time_ms_p95,allocator_time_ms_max,allocator_solve_time_ms_total,allocator_solve_time_ms_mean,allocator_solve_time_ms_median,allocator_solve_time_ms_p95,allocator_solve_time_ms_max,candidate_filter_calls,candidate_filter_time_ms_total,candidate_filter_time_ms_mean,candidate_filter_time_ms_median,candidate_filter_time_ms_p95,candidate_filter_time_ms_max,trial_status,failure_type,failure_message,targets_completed
0,known_visit,HIPC,bernoulli,drop_0.25,34,1156,14,10,hipc_g34_d85_bernoulli_drop_0_25,reruns\grid_density\scenarios\cv\known_visit_grid34_targets10_trials50.csv,00,16,0,0,17,0,0,0,0,0,0.0,0,0,37,34,3,321,41,76,121.5865,1.5998223684210526,1.36685,3.7513,4.5065,86.6734,1.1404394736842105,0.962,3.2629,3.7621,76,34.9131,0.45938289473684213,0.42355,0.6982,0.7616,completed,,,
0,known_visit,HIPC,bernoulli,drop_0.25,34,1156,14,10,hipc_g34_d85_bernoulli_drop_0_25,reruns\grid_density\scenarios\cv\known_visit_grid34_targets10_trials50.csv,01,1,0,0,2,0,0,0,0,0,0.0,0,0,8,4,4,345,46,126,213.7729,1.6966103174603173,1.66265,3.5159,4.6654,153.0328,1.2145460317460317,1.263,2.7877,3.8932,126,60.7401,0.4820642857142857,0.43515000000000004,0.7548,0.811,completed,,,
0,known_visit,HIPC,bernoulli,drop_0.25,34,1156,14,10,hipc_g34_d85_bernoulli_drop_0_25,reruns\grid_density\scenarios\cv\known_visit_grid34_targets10_trials50.csv,02,38,4,0,39,0,0,0,0,0,0.0,0,0,87,77,10,265,48,9,15.2094,1.6899333333333333,1.4512,3.4091,3.4091,10.7472,1.1941333333333333,0.9397,2.651,2.651,9,4.4622,0.4958,0.4404,0.7954,0.7954,completed,,,
0,known_visit,HIPC,bernoulli,drop_0.25,34,1156,14,10,hipc_g34_d85_bernoulli_drop_0_25,reruns\grid_density\scenarios\cv\known_visit_grid34_targets10_trials50.csv,03,4,0,0,5,0,1,0,0,0,0.0,0,0,16,10,6,329,54,117,325.9899,2.786238461538461,2.9241,5.3267,6.0565,267.0925,2.28284188034188,2.5119,4.6173,5.2589,117,58.8974,0.5033965811965811,0.4633,0.7536,0.8993,completed,,,
0,known_visit,HIPC,bernoulli,drop_0.25,34,1156,14,10,hipc_g34_d85_bernoulli_drop_0_25,reruns\grid_density\scenarios\cv\known_visit_grid34_targets10_trials50.csv,04,0,0,0,1,0,0,0,0,0,0.0,0,0,1,1,0,343,55,129,266.2449,2.0639139534883717,2.092,3.8812,5.1454,204.4754,1.585080620155039,1.6867,3.1299,4.602,129,61.7695,0.47883333333333333,0.4523,0.7157,0.7517,completed,,,
0,known_visit,HIPC,bernoulli,drop_0.25,34,1156,14,10,hipc_g34_d85_bernoulli_drop_0_25,reruns\grid_density\scenarios\cv\known_visit_grid34_targets10_trials50.csv,05,33,1,0,34,0,4,0,0,0,0.0,0,0,78,68,10,277,44,26,31.1912,1.1996615384615383,0.74505,3.0349,3.8805,19.4987,0.74995,0.33315,2.5732,3.1211,26,11.6925,0.4497115384615385,0.4033,0.6895,0.7594,completed,,,
0,known_visit,HIPC,bernoulli,drop_0.25,34,1156,14,10,hipc_g34_d85_bernoulli_drop_0_25,reruns\grid_density\scenarios\cv\known_visit_grid34_targets10_trials50.csv,06,2,1,0,3,0,0,0,0,0,0.0,0,0,10,6,4,334,55,122,250.6313,2.054354918032787,2.1910499999999997,3.9561,4.1813,190.0408,1.557711475409836,1.7762,3.2251,3.5359,122,60.5905,0.4966434426229508,0.44655,0.7642,0.8861,completed,,,
0,known_visit,HIPC,bernoulli,drop_0.25,34,1156,14,10,hipc_g34_d85_bernoulli_drop_0_25,reruns\grid_density\scenarios\cv\known_visit_grid34_targets10_trials50.csv,07,0,0,0,1,0,0,0,0,0,0.0,0,0,1,1,0,341,57,129,249.0995,1.9310038759689923,1.8734,4.1662,4.4659,187.7792,1.4556527131782946,1.4657,3.4457,3.9642,129,61.3203,0.4753511627906977,0.4374,0.7289,0.8235,completed,,,
0,known_visit,HIPC,bernoulli,drop_0.25,34,1156,14,10,hipc_g34_d85_bernoulli_drop_0_25,reruns\grid_density\scenarios\cv\known_visit_grid34_targets10_trials50.csv,08,12,0,0,13,0,0,0,0,0,0.0,0,0,32,27,5,318,50,89,201.3952,2.262867415730337,2.2011,3.8792,4.7211,156.6304,1.7598921348314607,1.7715,3.1165,3.9474,89,44.7648,0.5029752808988764,0.4579,0.7627,0.8267,completed,,,
0,known_visit,HIPC,bernoulli,drop_0.25,34,1156,14,10,hipc_g34_d85_bernoulli_drop_0_25,reruns\grid_density\scenarios\cv\known_visit_grid34_targets10_trials50.csv,09,0,0,0,1,0,0,0,0,0,0.0,0,0,1,1,0,348,51,128,238.5406,1.8635984375,1.7886,3.91,4.7134,176.8615,1.38173046875,1.3834499999999998,3.1767,4.1322,128,61.6791,0.48186796875,0.441,0.7443,0.8139,completed,,,
0,known_visit,HIPC,bernoulli,drop_0.25,34,1156,14,10,hipc_g34_d85_bernoulli_drop_0_25,reruns\grid_density\scenarios\cv\known_visit_grid34_targets10_trials50.csv,10,27,3,0,28,0,0,0,0,0,0.0,0,0,62,56,6,294,44,41,46.6009,1.1366073170731708,0.9387,2.3163,4.1634,27.7341,0.6764414634146342,0.5229,1.8531,3.378,41,18.8668,0.4601658536585366,0.4188,0.661,0.7854,completed,,,
0,known_visit,HIPC,bernoulli,drop_0.25,34,1156,14,10,hipc_g34_d85_bernoulli_drop_0_25,reruns\grid_density\scenarios\cv\known_visit_grid34_targets10_trials50.csv,11,0,0,0,1,0,0,0,0,0,0.0,0,0,1,1,0,348,50,128,281.3577,2.19810703125,2.17455,3.9667,5.3082,217.0161,1.69543828125,1.69965,3.2518,4.5681,128,64.3416,0.50266875,0.45265,0.7632,0.8291,completed,,,
0,known_visit,HIPC,bernoulli,drop_0.25,34,1156,14,10,hipc_g34_d85_bernoulli_drop_0_25,reruns\grid_density\scenarios\cv\known_visit_grid34_targets10_trials50.csv,12,28,1,0,29,0,0,0,0,0,0.0,0,0,65,58,7,279,55,41,34.753099999999996,0.8476365853658536,0.6464,1.6131,2.9105,17.6839,0.43131463414634147,0.2873,1.2105,2.4538,41,17.0692,0.41632195121951215,0.394,0.599,0.698,completed,,,
0,known_visit,HIPC,bernoulli,drop_0.25,34,1156,14,10,hipc_g34_d85_bernoulli_drop_0_25,reruns\grid_density\scenarios\cv\known_visit_grid34_targets10_trials50.csv,13,0,0,0,1,0,0,0,0,0,0.0,0,0,1,1,0,332,66,129,313.4487,2.42983488372093,2.7657,4.6909,5.2839,249.9721,1.9377682170542636,2.3429,4.0682,4.5702,129,63.4766,0.49206666666666665,0.4574,0.7536,0.8543,completed,,,
1,known_visit,HIPC,bernoulli,drop_0.25,34,1156,14,10,hipc_g34_d85_bernoulli_drop_0_25,reruns\grid_density\scenarios\cv\known_visit_grid34_targets10_trials50.csv,00,0,0,0,1,0,0,0,0,0,0.0,0,0,1,1,0,318,54,106,418.7256,3.9502415094339622,3.7856,6.3149,6.4811,339.6329,3.204083962264151,3.1726,5.5348,5.6993,106,79.0927,0.7461575471698113,0.763,0.865,0.972,completed,,,
1,known_visit,HIPC,bernoulli,drop_0.25,34,1156,14,10,hipc_g34_d85_bernoulli_drop_0_25,reruns\grid_density\scenarios\cv\known_visit_grid34_targets10_trials50.csv,01,0,0,0,1,0,0,0,0,0,0.0,0,0,1,1,0,312,60,106,334.7965,3.158457547169811,3.24975,5.9051,6.1537,258.1271,2.435161320754717,2.52175,5.1303,5.2709,106,76.6694,0.7232962264150943,0.7009000000000001,0.8821,0.959,completed,,,
1,known_visit,HIPC,bernoulli,drop_0.25,34,1156,14,10,hipc_g34_d85_bernoulli_drop_0_25,reruns\grid_density\scenarios\cv\known_visit_grid34_targets10_trials50.csv,02,15,1,0,16,0,0,0,0,0,0.0,0,0,36,32,4,283,54,55,103.4317,1.8805763636363637,1.2587,4.9855,5.51,65.7514,1.19548,0.5526,4.1218,4.783,55,37.6803,0.6850963636363637,0.6734,0.8413,0.9494,completed,,,
1,known_visit,HIPC,bernoulli,drop_0.25,34,1156,14,10,hipc_g34_d85_bernoulli_drop_0_25,reruns\grid_density\scenarios\cv\known_visit_grid34_targets10_trials50.csv,03,1,0,0,2,0,0,0,0,0,0.0,0,0,7,4,3,306,61,103,311.9649,3.028785436893204,3.4163,5.9601,6.3604,238.3541,2.314117475728155,2.5814,5.1767,5.5478,103,73.6108,0.7146679611650485,0.6866,0.8776,0.9517,completed,,,
1,known_visit,HIPC,bernoulli,drop_0.25,34,1156,14,10,hipc_g34_d85_bernoulli_drop_0_25,reruns\grid_density\scenarios\cv\known_visit_grid34_targets10_trials50.csv,04,1,0,0,2,0,0,0,0,0,0.0,0,0,7,4,3,303,63,104,366.7541,3.526481730769231,3.3598,5.9231,6.2469,288.6665,2.775639423076923,2.53505,5.1368,5.4406,104,78.0876,0.7508423076923076,0.7488,0.9225,0.9571,completed,,,
1,known_visit,HIPC,bernoulli,drop_0.25,34,1156,14,10,hipc_g34_d85_bernoulli_drop_0_25,reruns\grid_density\scenarios\cv\known_visit_grid34_targets10_trials50.csv,05,0,0,0,1,0,0,0,0,0,0.0,0,0,1,1,0,319,53,106,315.9389,2.9805556603773584,2.9034,5.9239,6.3277,240.8046,2.271741509433962,2.083,5.1466,5.511,106,75.1343,0.7088141509433962,0.685,0.8699,0.9378,completed,,,
1,known_visit,HIPC,bernoulli,drop_0.25,34,1156,14,10,hipc_g34_d85_bernoulli_drop_0_25,reruns\grid_density\scenarios\cv\known_visit_grid34_targets10_trials50.csv,06,21,3,0,22,0,1,0,0,0,0.0,0,0,53,44,9,263,58,39,59.9212,1.5364410256410257,1.4196,3.8529,4.5138,33.592,0.8613333333333333,0.7614,3.1592,3.7983,39,26.3292,0.6751076923076923,0.6745,0.7767,0.8405,completed,,,
1,known_visit,HIPC,bernoulli,drop_0.25,34,1156,14,10,hipc_g34_d85_bernoulli_drop_0_25,reruns\grid_density\scenarios\cv\known_visit_grid34_targets10_trials50.csv,07,19,0,1,19,1,3,0,0,0,0.0,0,0,52,42,10,268,54,47,95.7776,2.0378212765957446,1.405,4.5473,4.7047,63.0332,1.341131914893617,0.742,3.7444,3.9118,47,32.7444,0.6966893617021276,0.6763,0.8345,0.917,completed,,,
1,known_visit,HIPC,bernoulli,drop_0.25,34,1156,14,10,hipc_g34_d85_bernoulli_drop_0_25,reruns\grid_density\scenarios\cv\known_visit_grid34_targets10_trials50.csv,08,31,2,0,32,0,2,0,0,0,0.0,0,0,77,65,12,244,53,12,45.4224,3.7852,2.7538,6.623,6.623,37.1806,3.098383333333333,2.0868,5.8329,5.8329,12,8.2418,0.6868166666666666,0.7000500000000001,0.8171,0.8171,completed,,,
1,known_visit,HIPC,bernoulli,drop_0.25,34,1156,14,10,hipc_g34_d85_bernoulli_drop_0_25,reruns\grid_density\scenarios\cv\known_visit_grid34_targets10_trials50.csv,09,1,0,0,2,0,0,0,0,0,0.0,0,0,7,4,3,310,56,104,388.6281,3.736808653846154,4.0968,6.8272,7.2181,313.0042,3.0096557692307693,3.41395,6.0873,6.3914,104,75.6239,0.7271528846153846,0.7175,0.8612,0.9635,completed,,,
1,known_visit,HIPC,bernoulli,drop_0.25,34,1156,14,10,hipc_g34_d85_bernoulli_drop_0_25,reruns\grid_density\scenarios\cv\known_visit_grid34_targets10_trials50.csv,10,0,0,0,1,0,0,0,0,0,0.0,0,0,1,1,0,322,50,106,398.6623,3.760965094339623,2.89665,6.9578,7.4919,320.3138,3.0218283018867926,2.1407499999999997,6.1446,6.5457,106,78.3485,0.7391367924528301,0.7342,0.8924,0.9545,completed,,,
1,known_visit,HIPC,bernoulli,drop_0.25,34,1156,14,10,hipc_g34_d85_bernoulli_drop_0_25,reruns\grid_density\scenarios\cv\known_visit_grid34_targets10_trials50.csv,11,1,0,0,2,0,0,0,0,0,0.0,0,0,8,4,4,307,58,103,302.6614,2.9384601941747572,2.6838,5.9589,6.9766,229.0322,2.2236135922330096,1.8852,5.1756,6.0914,103,73.6292,0.7148466019417475,0.6903,0.8762,0.9699,completed,,,
1,known_visit,HIPC,bernoulli,drop_0.25,34,1156,14,10,hipc_g34_d85_bernoulli_drop_0_25,reruns\grid_density\scenarios\cv\known_visit_grid34_targets10_trials50.csv,12,18,1,0,19,0,1,0,0,0,0.0,0,0,54,38,16,278,42,52,119.7288,2.3024769230769233,2.14675,5.0365,5.7434,82.6467,1.5893596153846152,1.4151500000000001,4.2139,4.9269,52,37.0821,0.7131173076923076,0.7140500000000001,0.8226,0.8901,completed,,,
1,known_visit,HIPC,bernoulli,drop_0.25,34,1156,14,10,hipc_g34_d85_bernoulli_drop_0_25,reruns\grid_density\scenarios\cv\known_visit_grid34_targets10_trials50.csv,13,26,3,0,27,0,1,0,0,0,0.0,0,0,69,54,15,257,47,26,39.3239,1.5124576923076924,1.01345,2.8881,4.9701,22.4945,0.8651730769230769,0.3198,2.2217,4.2544,26,16.8294,0.6472846153846153,0.6518999999999999,0.7873,0.8181,completed,,,
2,known_visit,HIPC,bernoulli,drop_0.25,34,1156,14,10,hipc_g34_d85_bernoulli_drop_0_25,reruns\grid_density\scenarios\cv\known_visit_grid34_targets10_trials50.csv,00,26,1,0,27,0,0,0,0,0,0.0,0,0,61,54,7,266,47,54,70.1384,1.2988592592592594,0.9773000000000001,4.4487,5.4818,34.9058,0.6464037037037037,0.33155,3.7735,4.6082,54,35.2326,0.6524555555555556,0.64385,0.7903,0.8736,completed,,,
2,known_visit,HIPC,bernoulli,drop_0.25,34,1156,14,10,hipc_g34_d85_bernoulli_drop_0_25,reruns\grid_density\scenarios\cv\known_visit_grid34_targets10_trials50.csv,01,0,0,0,1,0,0,0,0,0,0.0,0,0,1,1,0,329,44,135,434.92,3.22162962962963,2.8032,7.077,7.5334,337.9492,2.5033274074074074,2.0641,6.2842,6.617,135,96.9708,0.7183022222222222,0.701,0.8589,0.9164,completed,,,
2,known_visit,HIPC,bernoulli,drop_0.25,34,1156,14,10,hipc_g34_d85_bernoulli_drop_0_25,reruns\grid_density\scenarios\cv\known_visit_grid34_targets10_trials50.csv,02,0,0,0,1,0,0,0,0,0,0.0,0,0,1,1,0,323,50,135,416.6499,3.0862955555555556,3.3977,5.6776,6.2375,318.0083,2.355617037037037,2.7281,4.8658,5.4214,135,98.6416,0.7306785185185185,0.7342,0.8723,0.9431,completed,,,
2,known_visit,HIPC,bernoulli,drop_0.25,34,1156,14,10,hipc_g34_d85_bernoulli_drop_0_25,reruns\grid_density\scenarios\cv\known_visit_grid34_targets10_trials50.csv,03,24,3,0,25,0,1,0,0,0,0.0,0,0,60,50,10,266,48,60,68.7913,1.1465216666666669,0.8005,3.3923,6.9041,29.7877,0.4964616666666667,0.16715000000000002,2.5331,5.9964,60,39.0036,0.65006,0.6326,0.8065,0.9077,completed,,,
2,known_visit,HIPC,bernoulli,drop_0.25,34,1156,14,10,hipc_g34_d85_bernoulli_drop_0_25,reruns\grid_density\scenarios\cv\known_visit_grid34_targets10_trials50.csv,04,0,0,0,1,0,0,0,0,0,0.0,0,0,1,1,0,315,58,135,316.9073,2.347461481481482,2.2412,4.3958,5.1114,218.2101,1.6163711111111112,1.5024,3.5418,4.3333,135,98.6972,0.7310903703703703,0.7312,0.8545,0.9981,completed,,,
2,known_visit,HIPC,bernoulli,drop_0.25,34,1156,14,10,hipc_g34_d85_bernoulli_drop_0_25,reruns\grid_density\scenarios\cv\known_visit_grid34_targets10_trials50.csv,05,24,1,2,22,3,1,0,0,0,0.0,0,0,61,52,9,270,43,58,107.2469,1.8490844827586206,1.1731500000000001,3.9424,4.1868,67.0997,1.1568913793103448,0.493,3.0999,3.3149,58,40.1472,0.6921931034482758,0.6668499999999999,0.8838,0.9272,completed,,,
2,known_visit,HIPC,bernoulli,drop_0.25,34,1156,14,10,hipc_g34_d85_bernoulli_drop_0_25,reruns\grid_density\scenarios\cv\known_visit_grid34_targets10_trials50.csv,06,0,0,0,1,0,0,0,0,0,0.0,0,0,1,1,0,314,60,135,404.1916,2.9940118518518517,2.2628,6.8565,7.5211,307.0091,2.2741414814814815,1.5059,6.0416,6.6673,135,97.1825,0.7198703703703704,0.7121,0.8489,0.9039,completed,,,
2,known_visit,HIPC,bernoulli,drop_0.25,34,1156,14,10,hipc_g34_d85_bernoulli_drop_0_25,reruns\grid_density\scenarios\cv\known_visit_grid34_targets10_trials50.csv,07,1,0,0,2,0,0,0,0,0,0.0,0,0,7,4,3,317,50,133,446.7563,3.3590699248120304,3.3273,6.9466,8.1034,348.2295,2.6182669172932327,2.6026,6.1621,7.278,133,98.5268,0.7408030075187969,0.7452,0.8652,1.1422,completed,,,
2,known_visit,HIPC,bernoulli,drop_0.25,34,1156,14,10,hipc_g34_d85_bernoulli_drop_0_25,reruns\grid_density\scenarios\cv\known_visit_grid34_targets10_trials50.csv,08,40,3,0,41,0,0,0,0,0,0.0,0,0,89,81,8,247,39,10,24.6344,2.46344,2.17725,5.337,5.337,17.320899999999998,1.73209,1.50265,4.4693,4.4693,10,7.3135,0.7313500000000001,0.72335,0.8677,0.8677,completed,,,
2,known_visit,HIPC,bernoulli,drop_0.25,34,1156,14,10,hipc_g34_d85_bernoulli_drop_0_25,reruns\grid_density\scenarios\cv\known_visit_grid34_targets10_trials50.csv,09,4,0,0,5,0,1,0,0,0,0.0,0,0,17,11,6,308,49,124,294.8429,2.377765322580645,2.058,4.9887,6.0016,205.9561,1.6609362903225806,1.3079,4.1952,5.1904,124,88.8868,0.7168290322580645,0.7047,0.857,0.943,completed,,,
2,known_visit,HIPC,bernoulli,drop_0.25,34,1156,14,10,hipc_g34_d85_bernoulli_drop_0_25,reruns\grid_density\scenarios\cv\known_visit_grid34_targets10_trials50.csv,10,4,0,0,5,0,0,0,0,0,0.0,0,0,13,10,3,309,53,122,268.054,2.1971639344262295,1.6004,5.4054,6.0063,183.7408,1.5060721311475411,0.8976500000000001,4.546,5.1948,122,84.3132,0.6910918032786885,0.67415,0.8581,0.9585,completed,,,
2,known_visit,HIPC,bernoulli,drop_0.25,34,1156,14,10,hipc_g34_d85_bernoulli_drop_0_25,reruns\grid_density\scenarios\cv\known_visit_grid34_targets10_trials50.csv,11,0,0,0,1,0,0,0,0,0,0.0,0,0,1,1,0,323,50,135,359.1838,2.660620740740741,2.0785,6.5504,7.327,263.7049,1.9533696296296297,1.3111,5.6763,6.4191,135,95.4789,0.707251111111111,0.6927,0.8786,1.0496,completed,,,
2,known_visit,HIPC,bernoulli,drop_0.25,34,1156,14,10,hipc_g34_d85_bernoulli_drop_0_25,reruns\grid_density\scenarios\cv\known_visit_grid34_targets10_trials50.csv,12,0,0,0,1,0,0,0,0,0,0.0,0,0,1,1,0,322,52,135,405.932,3.0069037037037036,2.7963,6.5141,7.464,307.7918,2.2799392592592596,2.0567,5.723,6.5787,135,98.14020000000001,0.7269644444444445,0.7143,0.8828,1.0203,completed,,,
2,known_visit,HIPC,bernoulli,drop_0.25,34,1156,14,10,hipc_g34_d85_bernoulli_drop_0_25,reruns\grid_density\scenarios\cv\known_visit_grid34_targets10_trials50.csv,13,28,2,0,29,0,0,0,0,0,0.0,0,0,61,58,3,269,45,44,61.8769,1.4062931818181819,0.97365,4.9795,5.5082,32.0917,0.7293568181818183,0.31705,4.1748,4.6131,44,29.7852,0.6769363636363637,0.65595,0.8047,0.8951,completed,,,
3,known_visit,HIPC,bernoulli,drop_0.25,34,1156,14,10,hipc_g34_d85_bernoulli_drop_0_25,reruns\grid_density\scenarios\cv\known_visit_grid34_targets10_trials50.csv,00,0,0,0,1,0,0,0,0,0,0.0,0,0,1,1,0,227,35,124,311.1683,2.5094217741935485,1.8466,5.9846,7.118,223.7601,1.8045169354838708,1.2576,5.1476,6.1938,124,87.4082,0.7049048387096774,0.6917500000000001,0.8611,1.0219,completed,,,
3,known_visit,HIPC,bernoulli,drop_0.25,34,1156,14,10,hipc_g34_d85_bernoulli_drop_0_25,reruns\grid_density\scenarios\cv\known_visit_grid34_targets10_trials50.csv,01,10,2,0,11,0,0,0,0,0,0.0,0,0,26,22,4,200,38,92,174.0686,1.89205,1.4614,3.4817,4.3139,110.9113,1.205557608695652,0.77105,2.6641,3.6241,92,63.1573,0.6864923913043478,0.6910000000000001,0.8176,0.8639,completed,,,
3,known_visit,HIPC,bernoulli,drop_0.25,34,1156,14,10,hipc_g34_d85_bernoulli_drop_0_25,reruns\grid_density\scenarios\cv\known_visit_grid34_targets10_trials50.csv,02,1,0,0,2,0,0,0,0,0,0.0,0,0,7,4,3,219,37,122,382.6029,3.136089344262295,2.7487,5.8875,7.3468,293.14209999999997,2.4028040983606553,1.9840499999999999,5.1056,6.537,122,89.4608,0.7332852459016393,0.72635,0.8695,1.1517,completed,,,
3,known_visit,HIPC,bernoulli,drop_0.25,34,1156,14,10,hipc_g34_d85_bernoulli_drop_0_25,reruns\grid_density\scenarios\cv\known_visit_grid34_targets10_trials50.csv,03,0,0,0,1,0,0,0,0,0,0.0,0,0,1,1,0,225,37,124,344.8158,2.7807725806451615,2.0673500000000002,6.144,7.9933,254.0695,2.0489475806451614,1.4058000000000002,5.4741,7.1641,124,90.7463,0.7318250000000001,0.7269,0.8539,0.9714,completed,,,
3,known_visit,HIPC,bernoulli,drop_0.25,34,1156,14,10,hipc_g34_d85_bernoulli_drop_0_25,reruns\grid_density\scenarios\cv\known_visit_grid34_targets10_trials50.csv,04,20,2,0,21,0,0,0,0,0,0.0,0,0,46,42,4,177,41,62,88.0844,1.420716129032258,1.35905,1.7567,3.4816,45.5917,0.7353500000000001,0.65595,1.041,2.7902,62,42.4927,0.685366129032258,0.70305,0.7881,0.8195,completed,,,
3,known_visit,HIPC,bernoulli,drop_0.25,34,1156,14,10,hipc_g34_d85_bernoulli_drop_0_25,reruns\grid_density\scenarios\cv\known_visit_grid34_targets10_trials50.csv,05,0,0,0,1,0,0,0,0,0,0.0,0,0,1,1,0,227,36,124,418.6689,3.3763620967741934,2.7836,6.2068,7.95,325.9561,2.6286782258064516,2.0359,5.3623,7.1287,124,92.7128,0.7476838709677419,0.76115,0.8611,0.9302,completed,,,
3,known_visit,HIPC,bernoulli,drop_0.25,34,1156,14,10,hipc_g34_d85_bernoulli_drop_0_25,reruns\grid_density\scenarios\cv\known_visit_grid34_targets10_trials50.csv,06,1,0,0,2,0,0,0,0,0,0.0,0,0,7,4,3,210,46,121,242.32319999999999,2.002671074380165,1.2875,4.6339,7.6493,158.5534,1.3103586776859506,0.8166,3.952,6.6758,121,83.7698,0.692312396694215,0.6761,0.8268,0.9735,completed,,,
3,known_visit,HIPC,bernoulli,drop_0.25,34,1156,14,10,hipc_g34_d85_bernoulli_drop_0_25,reruns\grid_density\scenarios\cv\known_visit_grid34_targets10_trials50.csv,07,0,0,0,1,0,0,0,0,0,0.0,0,0,1,1,0,228,34,124,288.3651,2.325525,1.91185,5.0073,6.8219,199.8163,1.6114217741935486,1.2318,4.2068,6.0075,124,88.5488,0.7141032258064516,0.70555,0.8419,0.9841,completed,,,
3,known_visit,HIPC,bernoulli,drop_0.25,34,1156,14,10,hipc_g34_d85_bernoulli_drop_0_25,reruns\grid_density\scenarios\cv\known_visit_grid34_targets10_trials50.csv,08,4,0,0,5,0,0,0,0,0,0.0,0,0,16,10,6,213,35,112,196.5023,1.7544848214285713,1.39235,3.5174,4.0397,117.7211,1.05108125,0.72495,2.597,3.147,112,78.7812,0.7034035714285715,0.69155,0.8467,0.9441,completed,,,
3,known_visit,HIPC,bernoulli,drop_0.25,34,1156,14,10,hipc_g34_d85_bernoulli_drop_0_25,reruns\grid_density\scenarios\cv\known_visit_grid34_targets10_trials50.csv,09,36,4,0,37,0,0,0,0,0,0.0,0,0,81,73,8,156,27,8,27.0661,3.3832625,3.4471,5.4811,5.4811,21.2784,2.6598,2.7164,4.6137,4.6137,8,5.7877,0.7234625,0.72305,0.8674,0.8674,completed,,,
3,known_visit,HIPC,bernoulli,drop_0.25,34,1156,14,10,hipc_g34_d85_bernoulli_drop_0_25,reruns\grid_density\scenarios\cv\known_visit_grid34_targets10_trials50.csv,10,0,0,0,1,0,0,0,0,0,0.0,0,0,1,1,0,230,33,124,363.3924,2.930583870967742,2.5999499999999998,6.0385,7.6328,273.7595,2.2077379032258064,1.8876499999999998,5.2907,6.6776,124,89.6329,0.7228459677419355,0.7121999999999999,0.867,0.987,completed,,,
3,known_visit,HIPC,bernoulli,drop_0.25,34,1156,14,10,hipc_g34_d85_bernoulli_drop_0_25,reruns\grid_density\scenarios\cv\known_visit_grid34_targets10_trials50.csv,11,0,0,0,1,0,0,0,0,0,0.0,0,0,1,1,0,228,35,124,390.9139,3.1525314516129033,2.35995,6.4724,7.4967,297.8699,2.4021766129032254,1.5518999999999998,5.703,6.6729,124,93.044,0.7503548387096773,0.7656000000000001,0.8756,1.0352,completed,,,
3,known_visit,HIPC,bernoulli,drop_0.25,34,1156,14,10,hipc_g34_d85_bernoulli_drop_0_25,reruns\grid_density\scenarios\cv\known_visit_grid34_targets10_trials50.csv,12,28,2,0,28,1,0,0,0,0,0.0,0,0,68,59,9,166,30,33,50.1841,1.520730303030303,1.2172,4.2705,4.8774,27.7448,0.8407515151515152,0.5288,3.4419,4.0697,33,22.4393,0.6799787878787878,0.6849,0.838,0.9175,completed,,,
3,known_visit,HIPC,bernoulli,drop_0.25,34,1156,14,10,hipc_g34_d85_bernoulli_drop_0_25,reruns\grid_density\scenarios\cv\known_visit_grid34_targets10_trials50.csv,13,1,0,0,2,0,0,0,0,0,0.0,0,0,7,4,3,224,33,122,256.9651,2.10627131147541,1.6184,4.7234,6.8289,171.5739,1.4063434426229509,1.1319,3.7838,5.9621,122,85.3912,0.699927868852459,0.69075,0.8442,1.0537,completed,,,
4,known_visit,HIPC,bernoulli,drop_0.25,34,1156,14,10,hipc_g34_d85_bernoulli_drop_0_25,reruns\grid_density\scenarios\cv\known_visit_grid34_targets10_trials50.csv,00,34,3,0,35,0,0,0,0,0,0.0,0,0,74,69,5,264,45,7,24.9474,3.5639142857142856,3.7762,5.7088,5.7088,19.5713,2.7959,2.9973,4.9171,4.9171,7,5.3761,0.7680142857142858,0.7745,0.8132,0.8132,completed,,,
4,known_visit,HIPC,bernoulli,drop_0.25,34,1156,14,10,hipc_g34_d85_bernoulli_drop_0_25,reruns\grid_density\scenarios\cv\known_visit_grid34_targets10_trials50.csv,01,9,0,1,9,1,0,0,0,0,0.0,0,0,22,20,2,308,52,84,322.0596,3.834042857142857,3.32015,6.4543,6.7585,257.0305,3.059886904761905,2.53845,5.6243,5.9209,84,65.0291,0.7741559523809524,0.7866500000000001,0.8504,0.9028,completed,,,
4,known_visit,HIPC,bernoulli,drop_0.25,34,1156,14,10,hipc_g34_d85_bernoulli_drop_0_25,reruns\grid_density\scenarios\cv\known_visit_grid34_targets10_trials50.csv,02,0,0,0,1,0,0,0,0,0,0.0,0,0,1,1,0,328,54,113,356.9288,3.158661946902655,2.5655,5.9545,6.2165,272.1967,2.408820353982301,1.776,5.12,5.3684,113,84.7321,0.749841592920354,0.7635,0.871,1.0243,completed,,,
4,known_visit,HIPC,bernoulli,drop_0.25,34,1156,14,10,hipc_g34_d85_bernoulli_drop_0_25,reruns\grid_density\scenarios\cv\known_visit_grid34_targets10_trials50.csv,03,0,0,0,1,0,0,0,0,0,0.0,0,0,1,1,0,333,49,113,355.1486,3.1429079646017697,2.683,6.2977,7.1406,269.732,2.3870088495575223,1.8996,5.4766,6.2088,113,85.4166,0.7558991150442478,0.7686,0.9122,0.9353,completed,,,
4,known_visit,HIPC,bernoulli,drop_0.25,34,1156,14,10,hipc_g34_d85_bernoulli_drop_0_25,reruns\grid_density\scenarios\cv\known_visit_grid34_targets10_trials50.csv,04,9,1,0,10,0,0,0,0,0,0.0,0,0,24,20,4,310,48,85,165.7486,1.949983529411765,1.4339,4.0227,4.7301,105.0277,1.23562,0.7385,3.1714,3.8905,85,60.7209,0.7143635294117647,0.7003,0.8499,0.9375,completed,,,
4,known_visit,HIPC,bernoulli,drop_0.25,34,1156,14,10,hipc_g34_d85_bernoulli_drop_0_25,reruns\grid_density\scenarios\cv\known_visit_grid34_targets10_trials50.csv,05,1,0,0,2,0,0,0,0,0,0.0,0,0,7,4,3,316,59,111,397.6342,3.5822900900900905,3.8629,5.7832,6.2558,309.9526,2.792365765765766,3.0607,4.9749,5.3694,111,87.6816,0.7899243243243244,0.8025,0.9164,0.9838,completed,,,
4,known_visit,HIPC,bernoulli,drop_0.25,34,1156,14,10,hipc_g34_d85_bernoulli_drop_0_25,reruns\grid_density\scenarios\cv\known_visit_grid34_targets10_trials50.csv,06,0,0,0,1,0,0,0,0,0,0.0,0,0,1,1,0,325,56,113,376.2787,3.3299000000000003,2.2675,7.4233,8.1294,292.9961,2.592885840707965,1.4879,6.6162,7.2943,113,83.2826,0.7370141592920354,0.7476,0.8884,0.9125,completed,,,
4,known_visit,HIPC,bernoulli,drop_0.25,34,1156,14,10,hipc_g34_d85_bernoulli_drop_0_25,reruns\grid_density\scenarios\cv\known_visit_grid34_targets10_trials50.csv,07,31,2,0,30,2,1,0,0,0,0.0,0,0,72,65,7,261,51,13,31.772399999999998,2.444030769230769,1.9482,5.2095,5.2095,22.1421,1.7032384615384615,1.2018,4.4099,4.4099,13,9.6303,0.7407923076923077,0.7464,0.8656,0.8656,completed,,,
4,known_visit,HIPC,bernoulli,drop_0.25,34,1156,14,10,hipc_g34_d85_bernoulli_drop_0_25,reruns\grid_density\scenarios\cv\known_visit_grid34_targets10_trials50.csv,08,0,0,0,1,0,0,0,0,0,0.0,0,0,1,1,0,314,67,113,338.0198,2.9913256637168137,3.2272,4.54,5.1815,251.0416,2.2216070796460174,2.5401,3.7334,4.2282,113,86.9782,0.7697185840707965,0.7892,0.8802,1.0095,completed,,,
4,known_visit,HIPC,bernoulli,drop_0.25,34,1156,14,10,hipc_g34_d85_bernoulli_drop_0_25,reruns\grid_density\scenarios\cv\known_visit_grid34_targets10_trials50.csv,09,1,0,0,2,0,0,0,0,0,0.0,0,0,7,4,3,313,62,111,294.8408,2.6562234234234237,1.8897,5.8271,6.7125,212.4683,1.9141288288288287,1.1709,5.002,5.7584,111,82.3725,0.7420945945945946,0.7444,0.8951,0.9541,completed,,,
4,known_visit,HIPC,bernoulli,drop_0.25,34,1156,14,10,hipc_g34_d85_bernoulli_drop_0_25,reruns\grid_density\scenarios\cv\known_visit_grid34_targets10_trials50.csv,10,1,0,0,2,0,0,0,0,0,0.0,0,0,7,4,3,323,52,111,468.8045,4.223463963963964,3.7841,7.285,8.6279,382.1721,3.442991891891892,2.9721,6.475,7.7079,111,86.6324,0.7804720720720721,0.779,0.8669,0.92,completed,,,
4,known_visit,HIPC,bernoulli,drop_0.25,34,1156,14,10,hipc_g34_d85_bernoulli_drop_0_25,reruns\grid_density\scenarios\cv\known_visit_grid34_targets10_trials50.csv,11,30,0,1,27,4,4,4,2,1,5.0,1,0,85,65,20,260,38,16,30.240499999999997,1.8900312499999998,1.33145,5.3649,5.3649,19.4902,1.2181375,0.65265,4.5778,4.5778,16,10.750300000000001,0.6718937500000001,0.6788000000000001,0.8159,0.8159,completed,,,
4,known_visit,HIPC,bernoulli,drop_0.25,34,1156,14,10,hipc_g34_d85_bernoulli_drop_0_25,reruns\grid_density\scenarios\cv\known_visit_grid34_targets10_trials50.csv,12,30,4,0,31,0,0,0,0,0,0.0,0,0,75,62,13,257,51,19,46.348,2.4393684210526314,1.3947,5.7858,5.7858,32.9125,1.7322368421052632,0.6638,4.9698,4.9698,19,13.4355,0.7071315789473683,0.7164,0.8752,0.8752,completed,,,
4,known_visit,HIPC,bernoulli,drop_0.25,34,1156,14,10,hipc_g34_d85_bernoulli_drop_0_25,reruns\grid_density\scenarios\cv\known_visit_grid34_targets10_trials50.csv,13,1,0,0,2,0,0,0,0,0,0.0,0,0,7,4,3,330,45,111,354.3956,3.192753153153153,2.1701,7.1933,7.751,272.4852,2.4548216216216217,1.4132,6.3879,6.8643,111,81.9104,0.7379315315315315,0.7362,0.8728,1.0123,completed,,,
5,known_visit,HIPC,bernoulli,drop_0.25,34,1156,14,10,hipc_g34_d85_bernoulli_drop_0_25,reruns\grid_density\scenarios\cv\known_visit_grid34_targets10_trials50.csv,00,0,0,0,1,0,0,0,0,0,0.0,0,0,1,1,0,276,42,176,382.3777,2.172600568181818,1.02565,5.7022,6.8358,259.4269,1.474016477272727,0.43135,4.9343,5.9544,176,122.9508,0.6985840909090909,0.67045,0.8986,1.0269,completed,,,
5,known_visit,HIPC,bernoulli,drop_0.25,34,1156,14,10,hipc_g34_d85_bernoulli_drop_0_25,reruns\grid_density\scenarios\cv\known_visit_grid34_targets10_trials50.csv,01,8,2,0,9,0,0,0,0,0,0.0,0,0,22,18,4,248,50,150,276.1501,1.8410006666666667,1.2375500000000001,3.638,5.1883,171.7479,1.1449859999999998,0.55935,2.7828,4.2233,150,104.4022,0.6960146666666667,0.6709,0.8534,0.965,completed,,,
5,known_visit,HIPC,bernoulli,drop_0.25,34,1156,14,10,hipc_g34_d85_bernoulli_drop_0_25,reruns\grid_density\scenarios\cv\known_visit_grid34_targets10_trials50.csv,02,0,0,0,1,0,0,0,0,0,0.0,0,0,1,1,0,279,40,176,650.0785,3.6936278409090906,2.5355499999999997,6.6015,7.59,517.783,2.9419488636363638,1.86815,5.6685,6.718,176,132.2955,0.7516789772727273,0.7463,0.8867,1.0063,completed,,,
5,known_visit,HIPC,bernoulli,drop_0.25,34,1156,14,10,hipc_g34_d85_bernoulli_drop_0_25,reruns\grid_density\scenarios\cv\known_visit_grid34_targets10_trials50.csv,03,23,2,0,24,0,0,0,0,0,0.0,0,0,52,48,4,219,48,102,145.3542,1.4250411764705881,1.21395,3.1035,6.4929,78.0467,0.7651637254901961,0.5487,2.2717,5.7046,102,67.3075,0.6598774509803922,0.6656,0.7837,0.8471,completed,,,
5,known_visit,HIPC,bernoulli,drop_0.25,34,1156,14,10,hipc_g34_d85_bernoulli_drop_0_25,reruns\grid_density\scenarios\cv\known_visit_grid34_targets10_trials50.csv,04,52,3,0,53,0,1,0,0,0,0.0,0,0,114,105,9,176,30,10,33.8007,3.38007,3.24695,6.8523,6.8523,26.6337,2.66337,2.47165,6.0703,6.0703,10,7.167,0.7167,0.7309,0.8161,0.8161,completed,,,
5,known_visit,HIPC,bernoulli,drop_0.25,34,1156,14,10,hipc_g34_d85_bernoulli_drop_0_25,reruns\grid_density\scenarios\cv\known_visit_grid34_targets10_trials50.csv,05,5,0,0,6,0,0,0,0,0,0.0,0,0,15,12,3,258,46,160,329.7438,2.0608987500000002,1.2751000000000001,4.7283,5.8452,216.359,1.35224375,0.5814999999999999,4.0439,5.0502,160,113.3848,0.708655,0.68745,0.8488,0.9489,completed,,,
5,known_visit,HIPC,bernoulli,drop_0.25,34,1156,14,10,hipc_g34_d85_bernoulli_drop_0_25,reruns\grid_density\scenarios\cv\known_visit_grid34_targets10_trials50.csv,06,0,0,0,1,0,0,0,0,0,0.0,0,0,1,1,0,267,51,176,704.3613,4.002052840909091,3.0053,6.5337,7.4858,570.2144,3.2398545454545453,2.2131,5.7252,6.6272,176,134.1469,0.7621982954545454,0.76915,0.8855,1.0533,completed,,,
5,known_visit,HIPC,bernoulli,drop_0.25,34,1156,14,10,hipc_g34_d85_bernoulli_drop_0_25,reruns\grid_density\scenarios\cv\known_visit_grid34_targets10_trials50.csv,07,10,1,0,11,0,0,0,0,0,0.0,0,0,25,22,3,248,46,144,245.5206,1.7050041666666667,1.16225,3.2228,4.6031,144.2515,1.0017465277777777,0.48295,2.3624,3.8078,144,101.2691,0.7032576388888888,0.6694,0.8596,1.0608,completed,,,
5,known_visit,HIPC,bernoulli,drop_0.25,34,1156,14,10,hipc_g34_d85_bernoulli_drop_0_25,reruns\grid_density\scenarios\cv\known_visit_grid34_targets10_trials50.csv,08,0,0,0,1,0,0,0,0,0,0.0,0,0,1,1,0,266,52,176,553.0018,3.142055681818182,2.3447,5.5188,6.0361,418.4948,2.3778113636363636,1.5899,4.6398,5.0814,176,134.507,0.7642443181818183,0.7596,0.9397,1.0335,completed,,,
5,known_visit,HIPC,bernoulli,drop_0.25,34,1156,14,10,hipc_g34_d85_bernoulli_drop_0_25,reruns\grid_density\scenarios\cv\known_visit_grid34_targets10_trials50.csv,09,0,0,0,1,0,0,0,0,0,0.0,0,0,1,1,0,273,45,176,544.7095,3.094940340909091,1.8422,6.5574,7.4325,416.2946,2.3653102272727273,1.16105,5.6704,6.39,176,128.4149,0.7296301136363635,0.70835,0.8932,1.0425,completed,,,
5,known_visit,HIPC,bernoulli,drop_0.25,34,1156,14,10,hipc_g34_d85_bernoulli_drop_0_25,reruns\grid_density\scenarios\cv\known_visit_grid34_targets10_trials50.csv,10,26,2,0,27,0,3,0,0,0,0.0,0,0,65,55,10,215,39,93,123.7032,1.3301419354838708,1.18,3.676,5.9685,61.7859,0.6643645161290322,0.5132,2.8257,5.1762,93,61.9173,0.6657774193548387,0.6673,0.7923,0.8503,completed,,,
5,known_visit,HIPC,bernoulli,drop_0.25,34,1156,14,10,hipc_g34_d85_bernoulli_drop_0_25,reruns\grid_density\scenarios\cv\known_visit_grid34_targets10_trials50.csv,11,2,0,0,3,0,0,0,0,0,0.0,0,0,9,6,3,258,53,170,540.4908,3.179357647058824,2.0831,5.8969,6.3967,410.7562,2.4162129411764703,1.30755,5.0966,5.7094,170,129.7346,0.763144705882353,0.7572,0.8788,1.0105,completed,,,
5,known_visit,HIPC,bernoulli,drop_0.25,34,1156,14,10,hipc_g34_d85_bernoulli_drop_0_25,reruns\grid_density\scenarios\cv\known_visit_grid34_targets10_trials50.csv,12,1,0,0,2,0,0,0,0,0,0.0,0,0,6,4,2,267,47,173,458.3345,2.6493323699421967,1.3603,6.2773,6.4802,335.1846,1.9374832369942196,0.7475,5.32,5.677,173,123.1499,0.7118491329479769,0.6863,0.8642,1.0219,completed,,,
5,known_visit,HIPC,bernoulli,drop_0.25,34,1156,14,10,hipc_g34_d85_bernoulli_drop_0_25,reruns\grid_density\scenarios\cv\known_visit_grid34_targets10_trials50.csv,13,1,0,0,2,0,0,0,0,0,0.0,0,0,7,4,3,262,51,173,409.8544,2.369100578034682,1.6367,4.8091,5.5653,284.5849,1.644999421965318,0.9139,4.1628,4.7581,173,125.2695,0.7241011560693641,0.7006,0.8592,0.9663,completed,,,
6,known_visit,HIPC,bernoulli,drop_0.25,34,1156,14,10,hipc_g34_d85_bernoulli_drop_0_25,reruns\grid_density\scenarios\cv\known_visit_grid34_targets10_trials50.csv,00,0,0,0,1,0,0,0,0,0,0.0,0,0,1,1,0,317,65,125,370.3427,2.9627415999999998,2.9403,6.1504,7.3362,281.1986,2.2495888,2.1539,5.4271,6.5175,125,89.1441,0.7131527999999999,0.6884,0.8613,0.8866,completed,,,
6,known_visit,HIPC,bernoulli,drop_0.25,34,1156,14,10,hipc_g34_d85_bernoulli_drop_0_25,reruns\grid_density\scenarios\cv\known_visit_grid34_targets10_trials50.csv,01,22,1,0,23,0,1,0,0,0,0.0,0,0,53,46,7,285,45,55,75.5801,1.3741836363636364,1.0994,2.6718,4.4345,41.5423,0.7553145454545455,0.4877,1.9226,3.5787,55,34.0378,0.6188690909090908,0.6022,0.8079,0.8558,completed,,,
6,known_visit,HIPC,bernoulli,drop_0.25,34,1156,14,10,hipc_g34_d85_bernoulli_drop_0_25,reruns\grid_density\scenarios\cv\known_visit_grid34_targets10_trials50.csv,02,0,0,0,1,0,0,0,0,0,0.0,0,0,1,1,0,331,52,125,290.597,2.324776,2.3953,4.2818,5.0685,203.105,1.6248399999999998,1.6466,3.5791,4.2119,125,87.492,0.699936,0.6915,0.8473,0.9519,completed,,,
6,known_visit,HIPC,bernoulli,drop_0.25,34,1156,14,10,hipc_g34_d85_bernoulli_drop_0_25,reruns\grid_density\scenarios\cv\known_visit_grid34_targets10_trials50.csv,03,0,0,0,1,0,0,0,0,0,0.0,0,0,1,1,0,334,48,125,410.2831,3.2822648,3.3864,6.0975,8.1809,320.8852,2.5670816,2.6911,5.1578,6.7,125,89.39789999999999,0.7151831999999999,0.6891,0.8681,3.0231,completed,,,
6,known_visit,HIPC,bernoulli,drop_0.25,34,1156,14,10,hipc_g34_d85_bernoulli_drop_0_25,reruns\grid_density\scenarios\cv\known_visit_grid34_targets10_trials50.csv,04,8,1,0,9,0,1,0,0,0,0.0,0,0,25,18,7,307,52,101,183.557,1.8173960396039603,1.4842,3.5714,5.4463,116.4013,1.1524881188118812,0.9002,2.7576,4.5487,101,67.1557,0.6649079207920792,0.6397,0.8218,0.8976,completed,,,
6,known_visit,HIPC,bernoulli,drop_0.25,34,1156,14,10,hipc_g34_d85_bernoulli_drop_0_25,reruns\grid_density\scenarios\cv\known_visit_grid34_targets10_trials50.csv,05,0,0,0,1,0,0,0,0,0,0.0,0,0,1,1,0,311,71,125,419.5022,3.3560176,3.4366,5.1845,5.8926,328.9528,2.6316224000000004,2.6634,4.3996,5.0853,125,90.5494,0.7243952,0.712,0.8684,1.0439,completed,,,
6,known_visit,HIPC,bernoulli,drop_0.25,34,1156,14,10,hipc_g34_d85_bernoulli_drop_0_25,reruns\grid_density\scenarios\cv\known_visit_grid34_targets10_trials50.csv,06,10,0,1,9,2,0,0,0,0,0.0,0,0,28,23,5,305,50,94,293.5462,3.122831914893617,3.926,5.1793,5.4415,224.5236,2.3885489361702126,3.11645,4.3069,4.5236,94,69.0226,0.7342829787234042,0.71065,0.8824,0.999,completed,,,
6,known_visit,HIPC,bernoulli,drop_0.25,34,1156,14,10,hipc_g34_d85_bernoulli_drop_0_25,reruns\grid_density\scenarios\cv\known_visit_grid34_targets10_trials50.csv,07,34,5,0,35,0,1,0,0,0,0.0,0,0,84,70,14,252,47,14,27.4683,1.9620214285714286,1.40185,3.9288,3.9288,18.2164,1.3011714285714286,0.8862,3.1455,3.1455,14,9.251900000000001,0.66085,0.6414500000000001,0.8863,0.8863,completed,,,
6,known_visit,HIPC,bernoulli,drop_0.25,34,1156,14,10,hipc_g34_d85_bernoulli_drop_0_25,reruns\grid_density\scenarios\cv\known_visit_grid34_targets10_trials50.csv,08,35,1,0,36,0,3,3,2,1,5.0,1,0,101,75,26,244,39,19,65.733,3.4596315789473686,3.5721,5.7456,5.7456,51.7324,2.722757894736842,2.7683,4.898,4.898,19,14.0006,0.7368736842105263,0.7499,0.8881,0.8881,completed,,,
6,known_visit,HIPC,bernoulli,drop_0.25,34,1156,14,10,hipc_g34_d85_bernoulli_drop_0_25,reruns\grid_density\scenarios\cv\known_visit_grid34_targets10_trials50.csv,09,6,0,1,5,2,0,0,0,0,0.0,0,0,20,15,5,305,59,106,341.8455,3.2249575471698115,3.5345000000000004,5.2178,5.4794,264.874,2.4988113207547173,2.76485,4.3183,4.6506,106,76.9715,0.7261462264150944,0.7020500000000001,0.8735,0.9709,completed,,,
6,known_visit,HIPC,bernoulli,drop_0.25,34,1156,14,10,hipc_g34_d85_bernoulli_drop_0_25,reruns\grid_density\scenarios\cv\known_visit_grid34_targets10_trials50.csv,10,26,2,0,27,0,0,0,0,0,0.0,0,0,66,54,12,259,58,48,85.3648,1.7784333333333333,1.147,4.647,6.1817,54.2385,1.12996875,0.5363,3.8438,5.267,48,31.1263,0.6484645833333333,0.6173500000000001,0.8759,1.1896,completed,,,
6,known_visit,HIPC,bernoulli,drop_0.25,34,1156,14,10,hipc_g34_d85_bernoulli_drop_0_25,reruns\grid_density\scenarios\cv\known_visit_grid34_targets10_trials50.csv,11,0,0,0,1,0,0,0,0,0,0.0,0,0,1,1,0,323,59,125,282.1322,2.2570576,1.9048,4.6129,5.3644,196.4314,1.5714512,1.1734,3.8222,4.5083,125,85.7008,0.6856064000000001,0.6791,0.8577,0.9308,completed,,,
6,known_visit,HIPC,bernoulli,drop_0.25,34,1156,14,10,hipc_g34_d85_bernoulli_drop_0_25,reruns\grid_density\scenarios\cv\known_visit_grid34_targets10_trials50.csv,12,0,0,0,1,0,0,0,0,0,0.0,0,0,1,1,0,332,50,125,258.16949999999997,2.065356,1.4199,5.1607,5.7144,172.271,1.3781679999999998,0.8066,4.433,4.8751,125,85.8985,0.687188,0.6811,0.8402,0.8712,completed,,,
6,known_visit,HIPC,bernoulli,drop_0.25,34,1156,14,10,hipc_g34_d85_bernoulli_drop_0_25,reruns\grid_density\scenarios\cv\known_visit_grid34_targets10_trials50.csv,13,0,0,0,1,0,0,0,0,0,0.0,0,0,1,1,0,324,59,125,292.6941,2.3415528,1.926,4.6191,6.0328,206.5319,1.6522552000000001,1.1975,3.8714,5.1597,125,86.1622,0.6892976,0.6744,0.8528,0.9001,completed,,,
7,known_visit,HIPC,bernoulli,drop_0.25,34,1156,14,10,hipc_g34_d85_bernoulli_drop_0_25,reruns\grid_density\scenarios\cv\known_visit_grid34_targets10_trials50.csv,00,0,0,0,1,0,0,0,0,0,0.0,0,0,1,1,0,295,38,148,600.5398,4.057701351351351,3.5788,6.8719,7.1686,480.8169,3.2487628378378375,2.77635,6.0428,6.3257,148,119.7229,0.8089385135135135,0.82195,0.9353,1.0155,completed,,,
7,known_visit,HIPC,bernoulli,drop_0.25,34,1156,14,10,hipc_g34_d85_bernoulli_drop_0_25,reruns\grid_density\scenarios\cv\known_visit_grid34_targets10_trials50.csv,01,26,2,0,27,0,2,0,0,0,0.0,0,0,68,54,14,222,44,69,81.2156,1.1770376811594203,0.8578,3.7209,5.4563,33.4958,0.48544637681159425,0.1795,3.0676,4.5974,69,47.7198,0.6915913043478261,0.6776,0.7874,0.9072,completed,,,
7,known_visit,HIPC,bernoulli,drop_0.25,34,1156,14,10,hipc_g34_d85_bernoulli_drop_0_25,reruns\grid_density\scenarios\cv\known_visit_grid34_targets10_trials50.csv,02,23,3,0,24,0,1,0,0,0,0.0,0,0,58,48,10,235,41,75,79.4186,1.0589146666666667,0.8547,2.178,4.8564,27.5571,0.367428,0.163,1.465,4.1419,75,51.8615,0.6914866666666667,0.6877,0.8004,0.8303,completed,,,
7,known_visit,HIPC,bernoulli,drop_0.25,34,1156,14,10,hipc_g34_d85_bernoulli_drop_0_25,reruns\grid_density\scenarios\cv\known_visit_grid34_targets10_trials50.csv,03,1,0,0,2,0,0,0,0,0,0.0,0,0,7,4,3,280,47,145,345.5755,2.3832793103448275,1.595,6.7538,7.5413,239.0893,1.648891724137931,0.8999,6.0891,6.7114,145,106.4862,0.7343875862068965,0.7089,0.8625,0.9288,completed,,,
7,known_visit,HIPC,bernoulli,drop_0.25,34,1156,14,10,hipc_g34_d85_bernoulli_drop_0_25,reruns\grid_density\scenarios\cv\known_visit_grid34_targets10_trials50.csv,04,15,1,1,15,1,3,0,0,0,0.0,0,0,46,33,13,252,36,102,148.5049,1.4559303921568627,0.88655,3.2077,5.5717,77.0781,0.7556676470588236,0.18925,2.4596,4.7177,102,71.4268,0.7002627450980392,0.6857,0.822,0.8544,completed,,,
7,known_visit,HIPC,bernoulli,drop_0.25,34,1156,14,10,hipc_g34_d85_bernoulli_drop_0_25,reruns\grid_density\scenarios\cv\known_visit_grid34_targets10_trials50.csv,05,10,1,0,11,0,0,0,0,0,0.0,0,0,27,22,5,255,52,116,237.3566,2.0461775862068965,1.7199499999999999,3.264,4.7758,148.101,1.2767327586206896,0.89795,2.5569,3.9372,116,89.2556,0.7694448275862069,0.75205,0.9022,0.9855,completed,,,
7,known_visit,HIPC,bernoulli,drop_0.25,34,1156,14,10,hipc_g34_d85_bernoulli_drop_0_25,reruns\grid_density\scenarios\cv\known_visit_grid34_targets10_trials50.csv,06,0,0,0,1,0,0,0,0,0,0.0,0,0,1,1,0,261,72,148,497.086,3.3586891891891892,3.4161,5.9068,6.3443,379.2411,2.562439864864865,2.6391,5.1102,5.519,148,117.8449,0.7962493243243243,0.8064,0.9366,0.9756,completed,,,
7,known_visit,HIPC,bernoulli,drop_0.25,34,1156,14,10,hipc_g34_d85_bernoulli_drop_0_25,reruns\grid_density\scenarios\cv\known_visit_grid34_targets10_trials50.csv,07,0,0,0,1,0,0,0,0,0,0.0,0,0,1,1,0,277,57,148,473.8729,3.201843918918919,3.016,5.7845,6.2092,356.5559,2.4091614864864868,2.32665,4.8742,5.3829,148,117.31700000000001,0.7926824324324325,0.80295,0.912,0.9922,completed,,,
7,known_visit,HIPC,bernoulli,drop_0.25,34,1156,14,10,hipc_g34_d85_bernoulli_drop_0_25,reruns\grid_density\scenarios\cv\known_visit_grid34_targets10_trials50.csv,08,1,0,0,2,0,0,0,0,0,0.0,0,0,8,4,4,283,44,146,402.0553,2.753803424657534,2.3383,6.1738,7.1804,293.3709,2.0093897260273974,1.55,5.3494,6.1021,146,108.6844,0.744413698630137,0.7323,0.8588,1.0783,completed,,,
7,known_visit,HIPC,bernoulli,drop_0.25,34,1156,14,10,hipc_g34_d85_bernoulli_drop_0_25,reruns\grid_density\scenarios\cv\known_visit_grid34_targets10_trials50.csv,09,2,0,0,3,0,0,0,0,0,0.0,0,0,8,6,2,272,55,142,322.6814,2.272404225352113,1.55795,5.4519,5.8766,215.8714,1.5202211267605634,0.8935,4.6683,5.0505,142,106.81,0.7521830985915493,0.7366,0.8642,1.0377,completed,,,
7,known_visit,HIPC,bernoulli,drop_0.25,34,1156,14,10,hipc_g34_d85_bernoulli_drop_0_25,reruns\grid_density\scenarios\cv\known_visit_grid34_targets10_trials50.csv,10,5,1,0,6,0,0,0,0,0,0.0,0,0,15,12,3,283,36,131,243.0371,1.855245038167939,1.213,4.9571,5.9859,148.3628,1.1325404580152671,0.5204,4.1051,5.1905,131,94.6743,0.7227045801526718,0.7104,0.8596,0.9357,completed,,,
7,known_visit,HIPC,bernoulli,drop_0.25,34,1156,14,10,hipc_g34_d85_bernoulli_drop_0_25,reruns\grid_density\scenarios\cv\known_visit_grid34_targets10_trials50.csv,11,43,2,0,44,0,0,0,0,0,0.0,0,0,93,87,6,207,35,9,28.4117,3.1568555555555555,2.585,5.9681,5.9681,21.525100000000002,2.391677777777778,1.8468,5.1668,5.1668,9,6.8866,0.7651777777777777,0.7641,0.8606,0.8606,completed,,,
7,known_visit,HIPC,bernoulli,drop_0.25,34,1156,14,10,hipc_g34_d85_bernoulli_drop_0_25,reruns\grid_density\scenarios\cv\known_visit_grid34_targets10_trials50.csv,12,0,0,0,1,0,0,0,0,0,0.0,0,0,1,1,0,291,42,148,404.1838,2.7309716216216215,2.2661,6.4042,6.9652,292.536,1.9765945945945946,1.4548,5.5937,6.0827,148,111.6478,0.754377027027027,0.7433000000000001,0.8747,0.9089,completed,,,
7,known_visit,HIPC,bernoulli,drop_0.25,34,1156,14,10,hipc_g34_d85_bernoulli_drop_0_25,reruns\grid_density\scenarios\cv\known_visit_grid34_targets10_trials50.csv,13,0,0,0,1,0,0,0,0,0,0.0,0,0,1,1,0,290,43,148,474.2481,3.204379054054054,2.31985,7.198,8.0437,362.2627,2.447720945945946,1.5181,6.3766,7.0787,148,111.9854,0.7566581081081081,0.74885,0.8871,1.0971,completed,,,
8,known_visit,HIPC,bernoulli,drop_0.25,34,1156,14,10,hipc_g34_d85_bernoulli_drop_0_25,reruns\grid_density\scenarios\cv\known_visit_grid34_targets10_trials50.csv,00,1,0,0,2,0,0,0,0,0,0.0,0,0,7,4,3,274,49,126,474.4615,3.7655674603174605,3.68465,7.0669,7.3844,383.386,3.0427460317460318,3.00195,6.2823,6.5334,126,91.0755,0.7228214285714286,0.72255,0.8883,0.9708,completed,,,
8,known_visit,HIPC,bernoulli,drop_0.25,34,1156,14,10,hipc_g34_d85_bernoulli_drop_0_25,reruns\grid_density\scenarios\cv\known_visit_grid34_targets10_trials50.csv,01,25,1,0,26,0,0,0,0,0,0.0,0,0,56,52,4,246,29,50,67.6036,1.352072,1.0501999999999998,4.1779,5.6862,36.8703,0.737406,0.3831,3.47,4.8993,50,30.7333,0.614666,0.6387,0.7778,0.9204,completed,,,
8,known_visit,HIPC,bernoulli,drop_0.25,34,1156,14,10,hipc_g34_d85_bernoulli_drop_0_25,reruns\grid_density\scenarios\cv\known_visit_grid34_targets10_trials50.csv,02,0,0,0,1,0,0,0,0,0,0.0,0,0,1,1,0,296,34,128,456.4464,3.5659875,2.6477500000000003,7.0774,7.9263,364.8028,2.850021875,1.9665,6.2706,7.0799,128,91.6436,0.715965625,0.73375,0.8462,0.9241,completed,,,
8,known_visit,HIPC,bernoulli,drop_0.25,34,1156,14,10,hipc_g34_d85_bernoulli_drop_0_25,reruns\grid_density\scenarios\cv\known_visit_grid34_targets10_trials50.csv,03,5,1,0,6,0,0,0,0,0,0.0,0,0,14,12,2,279,37,112,216.9111,1.93670625,1.44165,4.3406,5.5383,143.22729999999999,1.2788151785714283,0.78865,3.5203,4.7533,112,73.6838,0.6578910714285715,0.6649499999999999,0.8203,0.9238,completed,,,
8,known_visit,HIPC,bernoulli,drop_0.25,34,1156,14,10,hipc_g34_d85_bernoulli_drop_0_25,reruns\grid_density\scenarios\cv\known_visit_grid34_targets10_trials50.csv,04,4,0,0,5,0,0,0,0,0,0.0,0,0,13,11,2,280,38,115,324.6782,2.823288695652174,2.2189,5.9461,6.6815,244.5753,2.1267417391304346,1.4231,5.0753,5.6657,115,80.1029,0.6965469565217391,0.6947,0.872,1.0158,completed,,,
8,known_visit,HIPC,bernoulli,drop_0.25,34,1156,14,10,hipc_g34_d85_bernoulli_drop_0_25,reruns\grid_density\scenarios\cv\known_visit_grid34_targets10_trials50.csv,05,0,0,0,1,0,0,0,0,0,0.0,0,0,1,1,0,283,46,129,344.5167,2.670672093023256,2.6452,4.6687,5.1734,251.4915,1.949546511627907,1.961,3.864,4.2629,129,93.0252,0.7211255813953488,0.7481,0.8646,1.0224,completed,,,
8,known_visit,HIPC,bernoulli,drop_0.25,34,1156,14,10,hipc_g34_d85_bernoulli_drop_0_25,reruns\grid_density\scenarios\cv\known_visit_grid34_targets10_trials50.csv,06,38,3,0,39,0,0,0,0,0,0.0,0,0,83,77,6,213,35,9,26.292,2.9213333333333336,2.4768,6.2989,6.2989,19.8921,2.210233333333333,1.79,5.4895,5.4895,9,6.3999,0.7111,0.6868,0.8103,0.8103,completed,,,
8,known_visit,HIPC,bernoulli,drop_0.25,34,1156,14,10,hipc_g34_d85_bernoulli_drop_0_25,reruns\grid_density\scenarios\cv\known_visit_grid34_targets10_trials50.csv,07,1,0,0,2,0,0,0,0,0,0.0,0,0,6,4,2,272,52,126,446.801,3.5460396825396825,3.53765,6.2324,6.5442,353.7241,2.807334126984127,2.7037500000000003,5.4215,5.7075,126,93.0769,0.7387055555555555,0.7519,0.8887,0.9846,completed,,,
8,known_visit,HIPC,bernoulli,drop_0.25,34,1156,14,10,hipc_g34_d85_bernoulli_drop_0_25,reruns\grid_density\scenarios\cv\known_visit_grid34_targets10_trials50.csv,08,1,0,0,2,0,0,0,0,0,0.0,0,0,7,4,3,280,44,126,552.939,4.388404761904762,4.3294999999999995,6.8053,7.1062,459.9228,3.6501809523809525,3.56665,6.0013,6.2451,126,93.0162,0.7382238095238095,0.76885,0.8466,0.9858,completed,,,
8,known_visit,HIPC,bernoulli,drop_0.25,34,1156,14,10,hipc_g34_d85_bernoulli_drop_0_25,reruns\grid_density\scenarios\cv\known_visit_grid34_targets10_trials50.csv,09,13,2,0,14,0,1,0,0,0,0.0,0,0,33,28,5,248,49,87,139.4015,1.602316091954023,1.1862,3.0444,6.5685,82.585,0.9492528735632183,0.5464,2.2475,5.7628,87,56.8165,0.6530632183908046,0.6617,0.7957,0.899,completed,,,
8,known_visit,HIPC,bernoulli,drop_0.25,34,1156,14,10,hipc_g34_d85_bernoulli_drop_0_25,reruns\grid_density\scenarios\cv\known_visit_grid34_targets10_trials50.csv,10,5,0,0,6,0,0,0,0,0,0.0,0,0,15,12,3,271,44,113,285.179,2.5237079646017695,2.0422,4.7809,5.4887,207.9976,1.840686725663717,1.3581,3.9864,4.6768,113,77.1814,0.6830212389380531,0.6921,0.8625,0.9312,completed,,,
8,known_visit,HIPC,bernoulli,drop_0.25,34,1156,14,10,hipc_g34_d85_bernoulli_drop_0_25,reruns\grid_density\scenarios\cv\known_visit_grid34_targets10_trials50.csv,11,27,2,0,28,0,2,0,0,0,0.0,0,0,65,57,8,235,31,42,69.514,1.655095238095238,1.2595,4.6729,7.1781,42.7204,1.0171523809523808,0.57145,3.8957,6.3608,42,26.7936,0.6379428571428571,0.6609499999999999,0.7772,0.8173,completed,,,
8,known_visit,HIPC,bernoulli,drop_0.25,34,1156,14,10,hipc_g34_d85_bernoulli_drop_0_25,reruns\grid_density\scenarios\cv\known_visit_grid34_targets10_trials50.csv,12,0,0,0,1,0,0,0,0,0,0.0,0,0,1,1,0,281,49,128,416.3404,3.252659375,2.6881500000000003,6.5832,6.7968,325.4244,2.542378125,1.9412,5.7582,5.9869,128,90.916,0.71028125,0.72185,0.8859,1.0161,completed,,,
8,known_visit,HIPC,bernoulli,drop_0.25,34,1156,14,10,hipc_g34_d85_bernoulli_drop_0_25,reruns\grid_density\scenarios\cv\known_visit_grid34_targets10_trials50.csv,13,12,1,0,13,0,0,0,0,0,0.0,0,0,29,26,3,267,34,90,279.6957,3.1077299999999997,3.3558,4.3623,6.4528,215.1886,2.3909844444444444,2.6447000000000003,3.572,5.6537,90,64.5071,0.7167455555555555,0.75775,0.8287,1.0468,completed,,,
9,known_visit,HIPC,bernoulli,drop_0.25,34,1156,14,10,hipc_g34_d85_bernoulli_drop_0_25,reruns\grid_density\scenarios\cv\known_visit_grid34_targets10_trials50.csv,00,6,1,0,7,0,0,0,0,0,0.0,0,0,18,14,4,237,51,98,263.8916,2.6927714285714286,2.58355,4.5514,4.7418,192.7169,1.9664989795918368,1.88635,3.7274,3.8488,98,71.1747,0.7262724489795919,0.7171000000000001,0.8762,0.933,completed,,,
9,known_visit,HIPC,bernoulli,drop_0.25,34,1156,14,10,hipc_g34_d85_bernoulli_drop_0_25,reruns\grid_density\scenarios\cv\known_visit_grid34_targets10_trials50.csv,01,0,0,0,1,0,0,0,0,0,0.0,0,0,1,1,0,261,43,117,468.2607,4.002228205128205,3.7787,6.5729,7.501,382.2489,3.2670846153846154,3.0579,5.7559,6.5261,117,86.0118,0.7351435897435897,0.7331,0.8513,0.9749,completed,,,
9,known_visit,HIPC,bernoulli,drop_0.25,34,1156,14,10,hipc_g34_d85_bernoulli_drop_0_25,reruns\grid_density\scenarios\cv\known_visit_grid34_targets10_trials50.csv,02,1,0,0,2,0,0,0,0,0,0.0,0,0,7,4,3,246,52,115,288.9942,2.512993043478261,2.1529,4.3937,5.2338,205.9582,1.7909408695652174,1.4949,3.5477,4.2668,115,83.036,0.7220521739130434,0.7142,0.8737,0.991,completed,,,
9,known_visit,HIPC,bernoulli,drop_0.25,34,1156,14,10,hipc_g34_d85_bernoulli_drop_0_25,reruns\grid_density\scenarios\cv\known_visit_grid34_targets10_trials50.csv,03,28,3,0,29,0,0,0,0,0,0.0,0,0,65,58,7,209,32,29,41.1223,1.4180103448275863,0.8779,4.925,5.2378,23.1864,0.7995310344827586,0.2793,4.2431,4.4016,29,17.9359,0.6184793103448276,0.5963,0.7232,0.8362,completed,,,
9,known_visit,HIPC,bernoulli,drop_0.25,34,1156,14,10,hipc_g34_d85_bernoulli_drop_0_25,reruns\grid_density\scenarios\cv\known_visit_grid34_targets10_trials50.csv,04,0,0,0,1,0,0,0,0,0,0.0,0,0,1,1,0,255,49,117,339.3302,2.9002581196581194,2.5144,5.506,5.728,256.7867,2.1947581196581196,1.8193,4.6612,4.9146,117,82.5435,0.7054999999999999,0.6958,0.8674,1.0262,completed,,,
9,known_visit,HIPC,bernoulli,drop_0.25,34,1156,14,10,hipc_g34_d85_bernoulli_drop_0_25,reruns\grid_density\scenarios\cv\known_visit_grid34_targets10_trials50.csv,05,0,0,0,1,0,0,0,0,0,0.0,0,0,1,1,0,261,43,117,389.3783,3.328019658119658,3.1368,5.9705,7.5065,305.6793,2.61264358974359,2.5259,5.1986,6.688,117,83.699,0.7153760683760684,0.7069,0.8649,0.9623,completed,,,
9,known_visit,HIPC,bernoulli,drop_0.25,34,1156,14,10,hipc_g34_d85_bernoulli_drop_0_25,reruns\grid_density\scenarios\cv\known_visit_grid34_targets10_trials50.csv,06,35,2,0,36,0,0,0,0,0,0.0,0,0,77,71,6,198,31,8,23.6858,2.960725,2.92155,4.8548,4.8548,18.2929,2.2866125,2.2173499999999997,4.1768,4.1768,8,5.3929,0.6741125,0.683,0.7355,0.7355,completed,,,
9,known_visit,HIPC,bernoulli,drop_0.25,34,1156,14,10,hipc_g34_d85_bernoulli_drop_0_25,reruns\grid_density\scenarios\cv\known_visit_grid34_targets10_trials50.csv,07,0,0,0,1,0,0,0,0,0,0.0,0,0,1,1,0,264,41,117,364.6395,3.116576923076923,2.9966,5.3877,7.1785,280.2381,2.3951974358974355,2.2732,4.4951,6.3567,117,84.4014,0.7213794871794872,0.711,0.8838,1.0307,completed,,,
9,known_visit,HIPC,bernoulli,drop_0.25,34,1156,14,10,hipc_g34_d85_bernoulli_drop_0_25,reruns\grid_density\scenarios\cv\known_visit_grid34_targets10_trials50.csv,08,2,0,0,3,0,0,0,0,0,0.0,0,0,13,7,6,252,41,112,375.3573,3.3514044642857144,3.0415,5.691,6.4367,293.8857,2.623979464285714,2.34405,4.8167,5.425,112,81.4716,0.727425,0.71905,0.8795,1.0117,completed,,,
9,known_visit,HIPC,bernoulli,drop_0.25,34,1156,14,10,hipc_g34_d85_bernoulli_drop_0_25,reruns\grid_density\scenarios\cv\known_visit_grid34_targets10_trials50.csv,09,0,0,0,1,0,0,0,0,0,0.0,0,0,1,1,0,258,46,117,320.13779999999997,2.7362205128205126,2.3306,5.2536,7.0438,237.1376,2.026817094017094,1.63,4.349,6.1644,117,83.0002,0.7094034188034188,0.7006,0.8731,0.9567,completed,,,
9,known_visit,HIPC,bernoulli,drop_0.25,34,1156,14,10,hipc_g34_d85_bernoulli_drop_0_25,reruns\grid_density\scenarios\cv\known_visit_grid34_targets10_trials50.csv,10,19,2,0,20,0,0,0,0,0,0.0,0,0,45,40,5,209,51,55,156.1556,2.839192727272727,2.706,3.7108,4.7125,116.9698,2.1267236363636366,1.9672,3.0288,4.0159,55,39.1858,0.7124690909090909,0.7004,0.9153,0.9793,completed,,,
9,known_visit,HIPC,bernoulli,drop_0.25,34,1156,14,10,hipc_g34_d85_bernoulli_drop_0_25,reruns\grid_density\scenarios\cv\known_visit_grid34_targets10_trials50.csv,11,32,2,0,33,0,1,0,0,0,0.0,0,0,74,66,8,203,29,15,33.2391,2.2159400000000002,1.2726,5.9907,5.9907,23.4879,1.56586,0.6016,5.143,5.143,15,9.7512,0.6500800000000001,0.6335,0.8477,0.8477,completed,,,
9,known_visit,HIPC,bernoulli,drop_0.25,34,1156,14,10,hipc_g34_d85_bernoulli_drop_0_25,reruns\grid_density\scenarios\cv\known_visit_grid34_targets10_trials50.csv,12,0,0,0,1,0,0,0,0,0,0.0,0,0,1,1,0,248,57,117,503.9548,4.307305982905983,3.7856,6.5129,6.7763,416.9359,3.563554700854701,3.0751,5.6692,5.9156,117,87.0189,0.743751282051282,0.7429,0.8607,1.0994,completed,,,
9,known_visit,HIPC,bernoulli,drop_0.25,34,1156,14,10,hipc_g34_d85_bernoulli_drop_0_25,reruns\grid_density\scenarios\cv\known_visit_grid34_targets10_trials50.csv,13,0,0,0,1,0,0,0,0,0,0.0,0,0,1,1,0,266,38,117,432.8703,3.699746153846154,3.2813,5.7629,6.7343,346.302,2.9598461538461542,2.5346,4.9437,5.8897,117,86.5683,0.7398999999999999,0.7356,0.8739,0.9355,completed,,,
10,known_visit,HIPC,bernoulli,drop_0.25,34,1156,14,10,hipc_g34_d85_bernoulli_drop_0_25,reruns\grid_density\scenarios\cv\known_visit_grid34_targets10_trials50.csv,00,1,0,0,2,0,0,0,0,0,0.0,0,0,7,4,3,288,52,115,354.8853,3.0859591304347824,3.0746,5.4712,6.3365,274.932,2.390713043478261,2.3586,4.6705,5.5842,115,79.9533,0.6952460869565217,0.7073,0.8184,0.8694,completed,,,
10,known_visit,HIPC,bernoulli,drop_0.25,34,1156,14,10,hipc_g34_d85_bernoulli_drop_0_25,reruns\grid_density\scenarios\cv\known_visit_grid34_targets10_trials50.csv,01,0,0,0,1,0,0,0,0,0,0.0,0,0,1,1,0,300,45,117,426.7328,3.647288888888889,3.9848,5.915,6.2749,342.1531,2.92438547008547,3.2525,5.196,5.5113,117,84.5797,0.7229034188034188,0.7267,0.8332,0.9789,completed,,,
10,known_visit,HIPC,bernoulli,drop_0.25,34,1156,14,10,hipc_g34_d85_bernoulli_drop_0_25,reruns\grid_density\scenarios\cv\known_visit_grid34_targets10_trials50.csv,02,1,0,0,2,0,0,0,0,0,0.0,0,0,8,4,4,301,37,115,351.104,3.0530782608695652,2.5673,5.9294,6.8313,271.2804,2.3589599999999997,1.8656,5.0866,6.2468,115,79.8236,0.6941182608695652,0.7043,0.8531,0.9434,completed,,,
10,known_visit,HIPC,bernoulli,drop_0.25,34,1156,14,10,hipc_g34_d85_bernoulli_drop_0_25,reruns\grid_density\scenarios\cv\known_visit_grid34_targets10_trials50.csv,03,35,3,0,36,0,0,0,0,0,0.0,0,0,78,71,7,236,33,7,24.3779,3.482557142857143,3.3246,5.5574,5.5574,19.16,2.737142857142857,2.6071,4.7684,4.7684,7,5.2179,0.7454142857142857,0.7288,0.899,0.899,completed,,,
10,known_visit,HIPC,bernoulli,drop_0.25,34,1156,14,10,hipc_g34_d85_bernoulli_drop_0_25,reruns\grid_density\scenarios\cv\known_visit_grid34_targets10_trials50.csv,04,14,0,0,15,0,1,0,0,0,0.0,0,0,35,30,5,265,46,71,154.5991,2.177452112676056,1.7204,5.3568,6.8827,106.7768,1.5038985915492957,1.0014,4.607,6.0984,71,47.8223,0.6735535211267606,0.6714,0.8238,0.9153,completed,,,
10,known_visit,HIPC,bernoulli,drop_0.25,34,1156,14,10,hipc_g34_d85_bernoulli_drop_0_25,reruns\grid_density\scenarios\cv\known_visit_grid34_targets10_trials50.csv,05,34,3,0,34,1,0,0,0,0,0.0,0,0,76,70,6,239,31,8,20.3531,2.5441375,2.2003500000000003,4.5872,4.5872,14.677999999999999,1.8347499999999999,1.46915,3.8442,3.8442,8,5.6751,0.7093875,0.7171000000000001,0.8158,0.8158,completed,,,
10,known_visit,HIPC,bernoulli,drop_0.25,34,1156,14,10,hipc_g34_d85_bernoulli_drop_0_25,reruns\grid_density\scenarios\cv\known_visit_grid34_targets10_trials50.csv,06,1,0,0,2,0,0,0,0,0,0.0,0,0,7,4,3,302,37,115,437.4481,3.8038965217391305,3.2942,7.0518,7.5602,355.1744,3.088473043478261,2.5687,6.2988,6.736,115,82.2737,0.7154234782608696,0.7142,0.8242,2.046,completed,,,
10,known_visit,HIPC,bernoulli,drop_0.25,34,1156,14,10,hipc_g34_d85_bernoulli_drop_0_25,reruns\grid_density\scenarios\cv\known_visit_grid34_targets10_trials50.csv,07,1,0,0,2,0,0,0,0,0,0.0,0,0,7,4,3,290,49,115,342.3701,2.977131304347826,3.1077,5.3929,5.9719,262.6677,2.2840669565217393,2.3986,4.5751,5.1849,115,79.7024,0.693064347826087,0.7123,0.8195,0.9306,completed,,,
10,known_visit,HIPC,bernoulli,drop_0.25,34,1156,14,10,hipc_g34_d85_bernoulli_drop_0_25,reruns\grid_density\scenarios\cv\known_visit_grid34_targets10_trials50.csv,08,0,0,0,1,0,0,0,0,0,0.0,0,0,1,1,0,295,50,117,385.2989,3.2931529914529913,3.2286,5.4519,5.9687,303.0398,2.590083760683761,2.593,4.5898,5.2455,117,82.2591,0.7030692307692308,0.7222,0.8508,0.879,completed,,,
10,known_visit,HIPC,bernoulli,drop_0.25,34,1156,14,10,hipc_g34_d85_bernoulli_drop_0_25,reruns\grid_density\scenarios\cv\known_visit_grid34_targets10_trials50.csv,09,1,0,0,2,0,0,0,0,0,0.0,0,0,7,4,3,295,44,115,490.2706,4.263222608695652,4.1055,7.0267,8.1674,407.9062,3.547010434782609,3.415,6.2296,7.2856,115,82.3644,0.7162121739130435,0.721,0.8303,1.3416,completed,,,
10,known_visit,HIPC,bernoulli,drop_0.25,34,1156,14,10,hipc_g34_d85_bernoulli_drop_0_25,reruns\grid_density\scenarios\cv\known_visit_grid34_targets10_trials50.csv,10,28,2,0,29,0,0,0,0,0,0.0,0,0,62,58,4,235,49,28,53.9205,1.9257321428571428,1.1968999999999999,5.9365,6.5361,35.5463,1.2695107142857143,0.53915,5.1583,5.7392,28,18.3742,0.6562214285714285,0.6487,0.7969,0.8767,completed,,,
10,known_visit,HIPC,bernoulli,drop_0.25,34,1156,14,10,hipc_g34_d85_bernoulli_drop_0_25,reruns\grid_density\scenarios\cv\known_visit_grid34_targets10_trials50.csv,11,24,2,0,25,0,0,0,0,0,0.0,0,0,56,50,6,249,42,41,62.8602,1.5331756097560976,1.0313,4.5684,6.2392,36.1259,0.881119512195122,0.3661,3.7384,5.5063,41,26.7343,0.6520560975609756,0.6329,0.83,1.2657,completed,,,
10,known_visit,HIPC,bernoulli,drop_0.25,34,1156,14,10,hipc_g34_d85_bernoulli_drop_0_25,reruns\grid_density\scenarios\cv\known_visit_grid34_targets10_trials50.csv,12,0,0,0,1,0,0,0,0,0,0.0,0,0,1,1,0,304,41,117,382.8248,3.2720068376068374,3.188,5.8904,6.3808,300.4472,2.5679247863247863,2.4676,5.1684,5.6642,117,82.3776,0.7040820512820513,0.7206,0.8176,0.9035,completed,,,
10,known_visit,HIPC,bernoulli,drop_0.25,34,1156,14,10,hipc_g34_d85_bernoulli_drop_0_25,reruns\grid_density\scenarios\cv\known_visit_grid34_targets10_trials50.csv,13,0,0,0,1,0,0,0,0,0,0.0,0,0,1,1,0,307,38,117,344.1039,2.9410589743589743,2.9663,5.4051,5.9236,263.2342,2.249864957264957,2.2767,4.6849,5.1394,117,80.8697,0.6911940170940171,0.7125,0.8192,0.8692,completed,,,
11,known_visit,HIPC,bernoulli,drop_0.25,34,1156,14,10,hipc_g34_d85_bernoulli_drop_0_25,reruns\grid_density\scenarios\cv\known_visit_grid34_targets10_trials50.csv,00,18,1,0,19,0,0,0,0,0,0.0,0,0,41,38,3,197,50,89,136.8741,1.5379112359550562,1.4245,2.3004,3.0919,73.6985,0.8280730337078651,0.7285,1.5507,2.3202,89,63.1756,0.7098382022471911,0.7173,0.8114,0.8496,completed,,,
11,known_visit,HIPC,bernoulli,drop_0.25,34,1156,14,10,hipc_g34_d85_bernoulli_drop_0_25,reruns\grid_density\scenarios\cv\known_visit_grid34_targets10_trials50.csv,01,0,0,0,1,0,0,0,0,0,0.0,0,0,1,1,0,235,52,147,354.8285,2.4137993197278913,2.6365,4.1761,5.454,246.8849,1.6794891156462584,1.8887,3.39,4.6052,147,107.9436,0.7343102040816327,0.741,0.8609,0.951,completed,,,
11,known_visit,HIPC,bernoulli,drop_0.25,34,1156,14,10,hipc_g34_d85_bernoulli_drop_0_25,reruns\grid_density\scenarios\cv\known_visit_grid34_targets10_trials50.csv,02,0,0,0,1,0,0,0,0,0,0.0,0,0,1,1,0,244,43,147,348.7717,2.372596598639456,2.5939,3.9735,5.5945,242.6751,1.6508510204081632,1.8652,3.2853,4.7615,147,106.0966,0.7217455782312925,0.7275,0.8274,0.8626,completed,,,
11,known_visit,HIPC,bernoulli,drop_0.25,34,1156,14,10,hipc_g34_d85_bernoulli_drop_0_25,reruns\grid_density\scenarios\cv\known_visit_grid34_targets10_trials50.csv,03,1,0,0,2,0,0,0,0,0,0.0,0,0,7,4,3,241,40,144,372.2306,2.584934722222222,2.1951,4.6371,5.2372,266.3762,1.849834722222222,1.4178,3.9012,4.4421,144,105.8544,0.7351,0.7412000000000001,0.8526,0.9289,completed,,,
11,known_visit,HIPC,bernoulli,drop_0.25,34,1156,14,10,hipc_g34_d85_bernoulli_drop_0_25,reruns\grid_density\scenarios\cv\known_visit_grid34_targets10_trials50.csv,04,0,0,0,1,0,0,0,0,0,0.0,0,0,1,1,0,234,53,147,415.3804,2.825717006802721,2.9197,4.943,5.8439,308.0795,2.0957789115646257,2.1916,4.0907,5.0388,147,107.3009,0.7299380952380953,0.7472,0.8406,0.8967,completed,,,
11,known_visit,HIPC,bernoulli,drop_0.25,34,1156,14,10,hipc_g34_d85_bernoulli_drop_0_25,reruns\grid_density\scenarios\cv\known_visit_grid34_targets10_trials50.csv,05,0,0,0,1,0,0,0,0,0,0.0,0,0,1,1,0,246,41,147,279.8457,1.9037122448979593,1.5679,3.9561,4.966,175.9267,1.1967802721088436,0.8457,3.1639,4.1479,147,103.919,0.7069319727891156,0.7019,0.8454,0.9828,completed,,,
11,known_visit,HIPC,bernoulli,drop_0.25,34,1156,14,10,hipc_g34_d85_bernoulli_drop_0_25,reruns\grid_density\scenarios\cv\known_visit_grid34_targets10_trials50.csv,06,23,3,0,24,0,1,0,0,0,0.0,0,0,56,48,8,197,35,71,126.3787,1.779981690140845,1.6085,3.8747,5.6575,77.5174,1.091794366197183,0.9217,3.0647,4.8537,71,48.8613,0.688187323943662,0.7028,0.8038,0.8143,completed,,,
11,known_visit,HIPC,bernoulli,drop_0.25,34,1156,14,10,hipc_g34_d85_bernoulli_drop_0_25,reruns\grid_density\scenarios\cv\known_visit_grid34_targets10_trials50.csv,07,27,2,0,28,0,0,0,0,0,0.0,0,0,62,56,6,203,23,58,81.1044,1.398351724137931,1.18545,4.3379,6.1284,42.3512,0.7301931034482758,0.53325,3.5829,5.2339,58,38.7532,0.6681586206896551,0.6742,0.8689,0.8945,completed,,,
11,known_visit,HIPC,bernoulli,drop_0.25,34,1156,14,10,hipc_g34_d85_bernoulli_drop_0_25,reruns\grid_density\scenarios\cv\known_visit_grid34_targets10_trials50.csv,08,0,0,0,1,0,0,0,0,0,0.0,0,0,1,1,0,242,45,147,305.4411,2.077830612244898,1.9404,3.7232,5.1145,199.9786,1.3603986394557823,1.2052,2.995,4.2732,147,105.4625,0.7174319727891156,0.7259,0.8233,0.9271,completed,,,
11,known_visit,HIPC,bernoulli,drop_0.25,34,1156,14,10,hipc_g34_d85_bernoulli_drop_0_25,reruns\grid_density\scenarios\cv\known_visit_grid34_targets10_trials50.csv,09,36,2,0,37,0,1,0,0,0,0.0,0,0,83,74,9,182,24,32,120.8899,3.777809375,3.94755,4.779,5.692,97.69030000000001,3.0528218750000002,3.2342500000000003,3.8572,4.9154,32,23.1996,0.7249875,0.7159500000000001,0.8616,0.9837,completed,,,
11,known_visit,HIPC,bernoulli,drop_0.25,34,1156,14,10,hipc_g34_d85_bernoulli_drop_0_25,reruns\grid_density\scenarios\cv\known_visit_grid34_targets10_trials50.csv,10,5,2,0,6,0,0,0,0,0,0.0,0,0,20,12,8,233,35,132,386.4397,2.927573484848485,2.45985,4.3874,5.618,286.3864,2.1695939393939394,1.6376,3.6512,4.8356,132,100.0533,0.7579795454545454,0.76875,0.8669,0.9517,completed,,,
11,known_visit,HIPC,bernoulli,drop_0.25,34,1156,14,10,hipc_g34_d85_bernoulli_drop_0_25,reruns\grid_density\scenarios\cv\known_visit_grid34_targets10_trials50.csv,11,1,0,0,2,0,0,0,0,0,0.0,0,0,7,4,3,250,31,144,361.9745,2.5137118055555554,2.6658999999999997,4.0077,5.2134,256.3047,1.7798937500000003,1.9158,3.2071,4.4193,144,105.6698,0.7338180555555556,0.7425999999999999,0.8489,0.8903,completed,,,
11,known_visit,HIPC,bernoulli,drop_0.25,34,1156,14,10,hipc_g34_d85_bernoulli_drop_0_25,reruns\grid_density\scenarios\cv\known_visit_grid34_targets10_trials50.csv,12,0,0,0,1,0,0,0,0,0,0.0,0,0,1,1,0,245,42,147,450.5378,3.064882993197279,2.8779,5.3427,6.3261,341.5956,2.3237795918367348,2.0769,4.5334,5.4675,147,108.9422,0.7411034013605442,0.7549,0.8604,1.1378,completed,,,
11,known_visit,HIPC,bernoulli,drop_0.25,34,1156,14,10,hipc_g34_d85_bernoulli_drop_0_25,reruns\grid_density\scenarios\cv\known_visit_grid34_targets10_trials50.csv,13,1,0,0,2,0,0,0,0,0,0.0,0,0,7,4,3,244,37,145,435.5236,3.0036110344827587,2.5377,4.9964,5.9103,326.3111,2.2504213793103447,1.7866,4.1906,5.1006,145,109.2125,0.7531896551724139,0.7663,0.8526,0.9668,completed,,,
12,known_visit,HIPC,bernoulli,drop_0.25,34,1156,14,10,hipc_g34_d85_bernoulli_drop_0_25,reruns\grid_density\scenarios\cv\known_visit_grid34_targets10_trials50.csv,00,21,2,0,22,0,0,0,0,0,0.0,0,0,50,44,6,225,36,51,117.9833,2.313398039215686,2.2579,3.0118,5.3605,83.6298,1.6398000000000001,1.5347,2.3845,4.6288,51,34.3535,0.6735980392156862,0.6592,0.7669,0.7892,completed,,,
12,known_visit,HIPC,bernoulli,drop_0.25,34,1156,14,10,hipc_g34_d85_bernoulli_drop_0_25,reruns\grid_density\scenarios\cv\known_visit_grid34_targets10_trials50.csv,01,13,0,0,14,0,1,0,0,0,0.0,0,0,33,28,5,237,40,78,143.4403,1.8389782051282053,1.4257,3.8148,4.7854,92.7333,1.1888884615384616,0.76955,3.0921,3.9767,78,50.707,0.6500897435897436,0.6317,0.814,0.9002,completed,,,
12,known_visit,HIPC,bernoulli,drop_0.25,34,1156,14,10,hipc_g34_d85_bernoulli_drop_0_25,reruns\grid_density\scenarios\cv\known_visit_grid34_targets10_trials50.csv,02,15,1,0,16,0,0,0,0,0,0.0,0,0,38,32,6,231,41,72,115.8182,1.6085861111111113,1.1372,3.7265,5.3106,70.8935,0.9846319444444445,0.51735,2.9438,4.5204,72,44.9247,0.6239541666666667,0.6162,0.7881,0.8598,completed,,,
12,known_visit,HIPC,bernoulli,drop_0.25,34,1156,14,10,hipc_g34_d85_bernoulli_drop_0_25,reruns\grid_density\scenarios\cv\known_visit_grid34_targets10_trials50.csv,03,1,0,0,2,0,0,0,0,0,0.0,0,0,7,4,3,272,32,117,350.814,2.9984102564102564,2.1942,6.3855,6.9861,270.6641,2.313368376068376,1.5493,5.551,6.0624,117,80.1499,0.6850418803418804,0.6791,0.8534,0.9427,completed,,,
12,known_visit,HIPC,bernoulli,drop_0.25,34,1156,14,10,hipc_g34_d85_bernoulli_drop_0_25,reruns\grid_density\scenarios\cv\known_visit_grid34_targets10_trials50.csv,04,0,0,0,1,0,0,0,0,0,0.0,0,0,1,1,0,272,38,120,444.2064,3.70172,4.0513,7.2527,8.0747,361.6247,3.013539166666667,3.39445,6.4321,7.3873,120,82.5817,0.6881808333333334,0.6706,0.8351,0.9152,completed,,,
12,known_visit,HIPC,bernoulli,drop_0.25,34,1156,14,10,hipc_g34_d85_bernoulli_drop_0_25,reruns\grid_density\scenarios\cv\known_visit_grid34_targets10_trials50.csv,05,28,3,0,29,0,1,0,0,0,0.0,0,0,66,58,8,202,43,29,37.9172,1.3074896551724138,0.8446,3.9936,4.6632,20.6068,0.7105793103448276,0.2683,3.2631,3.9268,29,17.3104,0.5969103448275862,0.5649,0.7364,0.7438,completed,,,
12,known_visit,HIPC,bernoulli,drop_0.25,34,1156,14,10,hipc_g34_d85_bernoulli_drop_0_25,reruns\grid_density\scenarios\cv\known_visit_grid34_targets10_trials50.csv,06,0,0,0,1,0,0,0,0,0,0.0,0,0,1,1,0,265,44,120,343.8924,2.86577,2.67915,5.9941,6.8917,263.7297,2.1977474999999997,1.9783499999999998,5.1587,5.9346,120,80.1627,0.6680225,0.64795,0.8301,0.9571,completed,,,
12,known_visit,HIPC,bernoulli,drop_0.25,34,1156,14,10,hipc_g34_d85_bernoulli_drop_0_25,reruns\grid_density\scenarios\cv\known_visit_grid34_targets10_trials50.csv,07,0,0,0,1,0,0,0,0,0,0.0,0,0,1,1,0,267,42,120,340.7772,2.83981,2.09425,5.8269,6.4728,258.9191,2.157659166666667,1.44795,5.0088,5.6325,120,81.8581,0.6821508333333333,0.6668499999999999,0.8498,0.9102,completed,,,
12,known_visit,HIPC,bernoulli,drop_0.25,34,1156,14,10,hipc_g34_d85_bernoulli_drop_0_25,reruns\grid_density\scenarios\cv\known_visit_grid34_targets10_trials50.csv,08,14,1,0,15,0,0,0,0,0,0.0,0,0,34,30,4,232,44,75,165.7524,2.210032,1.9697,3.8865,5.8952,115.4596,1.5394613333333333,1.2855,3.0014,4.9805,75,50.2928,0.6705706666666666,0.6725,0.8254,0.9147,completed,,,
12,known_visit,HIPC,bernoulli,drop_0.25,34,1156,14,10,hipc_g34_d85_bernoulli_drop_0_25,reruns\grid_density\scenarios\cv\known_visit_grid34_targets10_trials50.csv,09,0,0,0,1,0,0,0,0,0,0.0,0,0,1,1,0,262,47,120,309.7123,2.5809358333333337,2.21365,5.7564,6.6152,230.8231,1.9235258333333334,1.5114,4.9696,5.6979,120,78.8892,0.65741,0.6386499999999999,0.8315,0.9173,completed,,,
12,known_visit,HIPC,bernoulli,drop_0.25,34,1156,14,10,hipc_g34_d85_bernoulli_drop_0_25,reruns\grid_density\scenarios\cv\known_visit_grid34_targets10_trials50.csv,10,0,0,0,1,0,0,0,0,0,0.0,0,0,1,1,0,266,43,120,385.6911,3.2140925,2.44265,6.8945,7.7285,303.6986,2.5308216666666667,1.7732,6.0989,6.8103,120,81.9925,0.6832708333333334,0.6653,0.8537,0.9182,completed,,,
12,known_visit,HIPC,bernoulli,drop_0.25,34,1156,14,10,hipc_g34_d85_bernoulli_drop_0_25,reruns\grid_density\scenarios\cv\known_visit_grid34_targets10_trials50.csv,11,35,3,0,36,0,0,0,0,0,0.0,0,0,76,71,5,193,42,7,17.621199999999998,2.5173142857142854,2.3036,4.6825,4.6825,13.0942,1.8706,1.842,3.8668,3.8668,7,4.527,0.6467142857142857,0.634,0.8157,0.8157,completed,,,
12,known_visit,HIPC,bernoulli,drop_0.25,34,1156,14,10,hipc_g34_d85_bernoulli_drop_0_25,reruns\grid_density\scenarios\cv\known_visit_grid34_targets10_trials50.csv,12,0,0,0,1,0,0,0,0,0,0.0,0,0,1,1,0,280,30,120,366.0645,3.0505375,2.9498499999999996,6.3237,7.2748,285.9113,2.3825941666666663,2.2504999999999997,5.5275,6.3201,120,80.1532,0.6679433333333333,0.65225,0.852,0.9547,completed,,,
12,known_visit,HIPC,bernoulli,drop_0.25,34,1156,14,10,hipc_g34_d85_bernoulli_drop_0_25,reruns\grid_density\scenarios\cv\known_visit_grid34_targets10_trials50.csv,13,0,0,0,1,0,0,0,0,0,0.0,0,0,1,1,0,265,45,120,411.4829,3.4290241666666663,3.5141,6.5125,7.1141,329.6646,2.747205,2.8785,5.6925,6.1819,120,81.8183,0.6818191666666666,0.66305,0.8433,0.9322,completed,,,
13,known_visit,HIPC,bernoulli,drop_0.25,34,1156,14,10,hipc_g34_d85_bernoulli_drop_0_25,reruns\grid_density\scenarios\cv\known_visit_grid34_targets10_trials50.csv,00,0,0,0,1,0,0,0,0,0,0.0,0,0,1,1,0,312,58,143,533.312,3.7294545454545456,4.0571,6.6925,7.0295,428.21750000000003,2.994527972027972,3.3307,5.8851,6.1741,143,105.0945,0.7349265734265734,0.7259,0.8707,1.0203,completed,,,
13,known_visit,HIPC,bernoulli,drop_0.25,34,1156,14,10,hipc_g34_d85_bernoulli_drop_0_25,reruns\grid_density\scenarios\cv\known_visit_grid34_targets10_trials50.csv,01,27,2,0,28,0,0,0,0,0,0.0,0,0,63,56,7,262,47,55,91.54260000000001,1.6644109090909092,1.336,3.6885,5.3775,54.1862,0.9852036363636364,0.6246,2.8849,4.6391,55,37.3564,0.6792072727272728,0.6828,0.8329,0.9416,completed,,,
13,known_visit,HIPC,bernoulli,drop_0.25,34,1156,14,10,hipc_g34_d85_bernoulli_drop_0_25,reruns\grid_density\scenarios\cv\known_visit_grid34_targets10_trials50.csv,02,9,0,0,10,0,2,0,0,0,0.0,0,0,34,21,13,279,58,119,311.5563,2.618120168067227,2.3406,4.0983,5.7593,224.4616,1.8862319327731092,1.6104,3.238,4.959,119,87.0947,0.7318882352941177,0.736,0.859,0.9215,completed,,,
13,known_visit,HIPC,bernoulli,drop_0.25,34,1156,14,10,hipc_g34_d85_bernoulli_drop_0_25,reruns\grid_density\scenarios\cv\known_visit_grid34_targets10_trials50.csv,03,26,2,0,27,0,2,0,0,0,0.0,0,0,69,56,13,257,45,60,103.0742,1.7179033333333333,1.09665,5.0986,6.5419,62.5992,1.04332,0.3556,4.635,5.7383,60,40.475,0.6745833333333333,0.66215,0.8039,0.8786,completed,,,
13,known_visit,HIPC,bernoulli,drop_0.25,34,1156,14,10,hipc_g34_d85_bernoulli_drop_0_25,reruns\grid_density\scenarios\cv\known_visit_grid34_targets10_trials50.csv,04,0,0,0,1,0,0,0,0,0,0.0,0,0,1,1,0,322,48,143,686.4831,4.800581118881119,5.2958,7.0761,7.7522,577.1742,4.0361832167832175,4.5295,6.2475,6.9256,143,109.3089,0.764397902097902,0.778,0.8858,1.0465,completed,,,
13,known_visit,HIPC,bernoulli,drop_0.25,34,1156,14,10,hipc_g34_d85_bernoulli_drop_0_25,reruns\grid_density\scenarios\cv\known_visit_grid34_targets10_trials50.csv,05,9,1,0,10,0,0,0,0,0,0.0,0,0,23,20,3,297,51,114,309.9691,2.7190271929824563,2.14895,4.6089,5.3318,225.2673,1.9760289473684212,1.38315,3.7646,4.664,114,84.7018,0.7429982456140352,0.7478,0.8635,0.9636,completed,,,
13,known_visit,HIPC,bernoulli,drop_0.25,34,1156,14,10,hipc_g34_d85_bernoulli_drop_0_25,reruns\grid_density\scenarios\cv\known_visit_grid34_targets10_trials50.csv,06,0,0,0,1,0,0,0,0,0,0.0,0,0,1,1,0,309,61,143,597.3387,4.177193706293706,4.4391,5.8747,6.7211,487.0802,3.4061552447552446,3.6973,4.947,5.8694,143,110.2585,0.7710384615384616,0.7851,0.9225,0.9967,completed,,,
13,known_visit,HIPC,bernoulli,drop_0.25,34,1156,14,10,hipc_g34_d85_bernoulli_drop_0_25,reruns\grid_density\scenarios\cv\known_visit_grid34_targets10_trials50.csv,07,42,4,0,43,0,1,0,0,0,0.0,0,0,95,85,10,229,48,7,24.7257,3.5322428571428572,3.7573,5.9368,5.9368,19.5883,2.7983285714285713,2.9216,5.0964,5.0964,7,5.1373999999999995,0.7339142857142856,0.7249,0.8404,0.8404,completed,,,
13,known_visit,HIPC,bernoulli,drop_0.25,34,1156,14,10,hipc_g34_d85_bernoulli_drop_0_25,reruns\grid_density\scenarios\cv\known_visit_grid34_targets10_trials50.csv,08,0,0,0,1,0,0,0,0,0,0.0,0,0,1,1,0,317,53,143,513.0082,3.58746993006993,3.435,6.1995,7.0124,405.3871,2.834874825174825,2.6459,5.3791,6.047,143,107.6211,0.7525951048951048,0.7509,0.8632,0.9894,completed,,,
13,known_visit,HIPC,bernoulli,drop_0.25,34,1156,14,10,hipc_g34_d85_bernoulli_drop_0_25,reruns\grid_density\scenarios\cv\known_visit_grid34_targets10_trials50.csv,09,1,0,0,2,0,0,0,0,0,0.0,0,0,7,4,3,305,59,141,677.7533,4.806760992907801,5.3241,7.6174,8.1699,570.1457,4.043586524822695,4.5816,6.8198,7.2737,141,107.6076,0.7631744680851065,0.7755,0.8676,0.9534,completed,,,
13,known_visit,HIPC,bernoulli,drop_0.25,34,1156,14,10,hipc_g34_d85_bernoulli_drop_0_25,reruns\grid_density\scenarios\cv\known_visit_grid34_targets10_trials50.csv,10,0,0,0,1,0,0,0,0,0,0.0,0,0,1,1,0,305,65,143,448.438,3.13593006993007,2.7885,5.8147,7.1597,343.6349,2.403041258741259,2.0208,5.1575,6.2409,143,104.8031,0.7328888111888112,0.7251,0.8859,0.9911,completed,,,
13,known_visit,HIPC,bernoulli,drop_0.25,34,1156,14,10,hipc_g34_d85_bernoulli_drop_0_25,reruns\grid_density\scenarios\cv\known_visit_grid34_targets10_trials50.csv,11,1,0,0,2,0,0,0,0,0,0.0,0,0,7,4,3,296,68,141,541.6781,3.841688652482269,4.5146,5.6127,6.4708,433.5183,3.0745978723404255,3.7848,4.9008,5.6288,141,108.1598,0.767090780141844,0.7653,0.8857,0.9558,completed,,,
13,known_visit,HIPC,bernoulli,drop_0.25,34,1156,14,10,hipc_g34_d85_bernoulli_drop_0_25,reruns\grid_density\scenarios\cv\known_visit_grid34_targets10_trials50.csv,12,28,1,0,29,0,0,0,0,0,0.0,0,0,62,58,4,263,46,53,72.4631,1.3672283018867923,0.9861,4.1101,4.9916,37.3703,0.7051000000000001,0.3143,3.3139,4.2414,53,35.092800000000004,0.6621283018867925,0.6571,0.8182,0.8761,completed,,,
13,known_visit,HIPC,bernoulli,drop_0.25,34,1156,14,10,hipc_g34_d85_bernoulli_drop_0_25,reruns\grid_density\scenarios\cv\known_visit_grid34_targets10_trials50.csv,13,1,0,0,2,0,0,0,0,0,0.0,0,0,7,4,3,318,46,141,572.169,4.057936170212765,4.696,6.3109,7.2232,465.4693,3.301200709219858,3.9997,5.3749,6.4179,141,106.69969999999999,0.7567354609929078,0.7696,0.8628,0.9691,completed,,,
14,known_visit,HIPC,bernoulli,drop_0.25,34,1156,14,10,hipc_g34_d85_bernoulli_drop_0_25,reruns\grid_density\scenarios\cv\known_visit_grid34_targets10_trials50.csv,00,26,1,0,27,0,0,0,0,0,0.0,0,0,58,54,4,269,53,76,84.9662,1.1179763157894738,0.88045,3.6621,4.2726,37.5284,0.49379473684210523,0.27815,2.8218,3.5619,76,47.4378,0.6241815789473685,0.62395,0.7278,0.8403,completed,,,
14,known_visit,HIPC,bernoulli,drop_0.25,34,1156,14,10,hipc_g34_d85_bernoulli_drop_0_25,reruns\grid_density\scenarios\cv\known_visit_grid34_targets10_trials50.csv,01,0,0,0,1,0,0,0,0,0,0.0,0,0,1,1,0,335,43,160,468.915,2.93071875,2.86865,5.1733,5.8659,357.6017,2.235010625,2.2096,4.3827,5.1721,160,111.3133,0.695708125,0.684,0.8454,0.8852,completed,,,
14,known_visit,HIPC,bernoulli,drop_0.25,34,1156,14,10,hipc_g34_d85_bernoulli_drop_0_25,reruns\grid_density\scenarios\cv\known_visit_grid34_targets10_trials50.csv,02,1,0,0,2,0,0,0,0,0,0.0,0,0,7,4,3,315,57,158,581.9203,3.6830398734177217,3.3656499999999996,5.9757,6.6842,468.7557,2.966808227848101,2.7174,5.3006,5.8964,158,113.16460000000001,0.7162316455696203,0.70665,0.8498,0.9141,completed,,,
14,known_visit,HIPC,bernoulli,drop_0.25,34,1156,14,10,hipc_g34_d85_bernoulli_drop_0_25,reruns\grid_density\scenarios\cv\known_visit_grid34_targets10_trials50.csv,03,0,0,0,1,0,0,0,0,0,0.0,0,0,1,1,0,314,65,160,469.5784,2.934865,2.8472999999999997,5.1935,5.8901,358.1458,2.23841125,2.2028,4.351,4.8715,160,111.4326,0.69645375,0.68725,0.8659,1.0186,completed,,,
14,known_visit,HIPC,bernoulli,drop_0.25,34,1156,14,10,hipc_g34_d85_bernoulli_drop_0_25,reruns\grid_density\scenarios\cv\known_visit_grid34_targets10_trials50.csv,04,1,0,0,2,0,0,0,0,0,0.0,0,0,7,4,3,321,52,157,516.6651,3.2908605095541406,3.1776,5.3268,5.6299,402.6578,2.5646993630573247,2.5978,4.4581,4.7207,157,114.0073,0.7261611464968153,0.7107,0.8644,0.9346,completed,,,
14,known_visit,HIPC,bernoulli,drop_0.25,34,1156,14,10,hipc_g34_d85_bernoulli_drop_0_25,reruns\grid_density\scenarios\cv\known_visit_grid34_targets10_trials50.csv,05,30,2,0,31,0,3,0,0,0,0.0,0,0,74,63,11,255,50,62,104.9303,1.6924241935483872,1.27725,4.4407,6.3377,62.164,1.0026451612903227,0.58765,3.6482,5.6179,62,42.7663,0.6897790322580646,0.68485,0.7928,0.9094,completed,,,
14,known_visit,HIPC,bernoulli,drop_0.25,34,1156,14,10,hipc_g34_d85_bernoulli_drop_0_25,reruns\grid_density\scenarios\cv\known_visit_grid34_targets10_trials50.csv,06,10,0,0,11,0,0,0,0,0,0.0,0,0,26,22,4,301,52,129,438.265,3.3974031007751937,3.1482,5.3708,5.701,342.8607,2.6578348837209305,2.4137,4.5011,4.7933,129,95.4043,0.7395682170542636,0.7351,0.8665,0.9089,completed,,,
14,known_visit,HIPC,bernoulli,drop_0.25,34,1156,14,10,hipc_g34_d85_bernoulli_drop_0_25,reruns\grid_density\scenarios\cv\known_visit_grid34_targets10_trials50.csv,07,2,1,0,3,0,0,0,0,0,0.0,0,0,8,6,2,323,48,154,418.3917,2.716829220779221,2.2072000000000003,5.4375,6.5282,312.9513,2.0321512987012986,1.4497,4.6647,5.7323,154,105.4404,0.6846779220779221,0.6823,0.8382,0.9112,completed,,,
14,known_visit,HIPC,bernoulli,drop_0.25,34,1156,14,10,hipc_g34_d85_bernoulli_drop_0_25,reruns\grid_density\scenarios\cv\known_visit_grid34_targets10_trials50.csv,08,47,4,0,48,0,1,0,0,0,0.0,0,0,105,95,10,229,46,9,27.7911,3.0879,3.2301,5.1754,5.1754,21.4065,2.3785000000000003,2.489,4.4098,4.4098,9,6.3846,0.7094,0.7411,0.7656,0.7656,completed,,,
14,known_visit,HIPC,bernoulli,drop_0.25,34,1156,14,10,hipc_g34_d85_bernoulli_drop_0_25,reruns\grid_density\scenarios\cv\known_visit_grid34_targets10_trials50.csv,09,6,0,0,6,1,0,2,1,0,0.0,0,0,18,14,4,313,48,139,430.8557,3.0996812949640287,2.5375,5.8871,6.9429,332.9758,2.3955093525179856,1.8344,5.0562,6.1346,139,97.8799,0.7041719424460432,0.6885,0.8671,0.9593,completed,,,
14,known_visit,HIPC,bernoulli,drop_0.25,34,1156,14,10,hipc_g34_d85_bernoulli_drop_0_25,reruns\grid_density\scenarios\cv\known_visit_grid34_targets10_trials50.csv,10,0,0,0,1,0,0,0,0,0,0.0,0,0,1,1,0,331,47,160,554.5828,3.4661425,3.5054,5.7057,6.1573,437.229,2.7326812499999997,2.8607500000000003,4.8445,5.2722,160,117.3538,0.7334612500000001,0.7286,0.8575,0.9875,completed,,,
14,known_visit,HIPC,bernoulli,drop_0.25,34,1156,14,10,hipc_g34_d85_bernoulli_drop_0_25,reruns\grid_density\scenarios\cv\known_visit_grid34_targets10_trials50.csv,11,0,0,0,1,0,0,0,0,0,0.0,0,0,1,1,0,324,54,160,444.0573,2.775358125,2.8841,4.8367,6.0608,331.8256,2.07391,2.2279,4.06,5.206,160,112.2317,0.701448125,0.6880999999999999,0.8548,1.0068,completed,,,
14,known_visit,HIPC,bernoulli,drop_0.25,34,1156,14,10,hipc_g34_d85_bernoulli_drop_0_25,reruns\grid_density\scenarios\cv\known_visit_grid34_targets10_trials50.csv,12,0,0,0,1,0,0,0,0,0,0.0,0,0,1,1,0,321,57,160,488.2703,3.051689375,2.9532499999999997,5.2384,5.6169,375.2385,2.3452406249999997,2.25035,4.3864,4.6941,160,113.0318,0.7064487500000001,0.6962,0.8457,0.9228,completed,,,
14,known_visit,HIPC,bernoulli,drop_0.25,34,1156,14,10,hipc_g34_d85_bernoulli_drop_0_25,reruns\grid_density\scenarios\cv\known_visit_grid34_targets10_trials50.csv,13,33,2,0,34,0,0,0,0,0,0.0,0,0,72,68,4,263,44,53,66.5214,1.2551207547169811,1.0485,3.9355,4.7319,33.3844,0.6298943396226415,0.3591,3.0738,3.9876,53,33.137,0.6252264150943396,0.612,0.7443,0.8617,completed,,,
15,known_visit,HIPC,bernoulli,drop_0.25,34,1156,14,10,hipc_g34_d85_bernoulli_drop_0_25,reruns\grid_density\scenarios\cv\known_visit_grid34_targets10_trials50.csv,00,29,3,0,30,0,0,0,0,0,0.0,0,0,68,60,8,206,40,35,53.0933,1.5169514285714285,1.1935,4.9541,5.7443,32.4734,0.9278114285714285,0.5521,4.1357,4.9587,35,20.6199,0.58914,0.6208,0.8184,0.8268,completed,,,
15,known_visit,HIPC,bernoulli,drop_0.25,34,1156,14,10,hipc_g34_d85_bernoulli_drop_0_25,reruns\grid_density\scenarios\cv\known_visit_grid34_targets10_trials50.csv,01,0,0,0,1,0,0,0,0,0,0.0,0,0,1,1,0,262,51,128,377.5706,2.9497703125,2.8926499999999997,6.1787,6.7188,289.8527,2.26447421875,2.1914,5.3844,5.8569,128,87.7179,0.68529609375,0.71375,0.8279,0.8695,completed,,,
15,known_visit,HIPC,bernoulli,drop_0.25,34,1156,14,10,hipc_g34_d85_bernoulli_drop_0_25,reruns\grid_density\scenarios\cv\known_visit_grid34_targets10_trials50.csv,02,0,0,0,1,0,0,0,0,0,0.0,0,0,1,1,0,262,51,128,367.7513,2.87305703125,3.1315,5.2682,5.9235,279.4707,2.18336484375,2.4589999999999996,4.5813,5.0935,128,88.2806,0.6896921875,0.71065,0.83,0.8763,completed,,,
15,known_visit,HIPC,bernoulli,drop_0.25,34,1156,14,10,hipc_g34_d85_bernoulli_drop_0_25,reruns\grid_density\scenarios\cv\known_visit_grid34_targets10_trials50.csv,03,7,1,0,8,0,0,0,0,0,0.0,0,0,19,16,3,257,38,107,211.1856,1.9736971962616823,1.8971,3.0087,4.4353,141.5306,1.3227158878504672,1.1749,2.2651,3.7369,107,69.655,0.6509813084112149,0.6925,0.7471,0.8156,completed,,,
15,known_visit,HIPC,bernoulli,drop_0.25,34,1156,14,10,hipc_g34_d85_bernoulli_drop_0_25,reruns\grid_density\scenarios\cv\known_visit_grid34_targets10_trials50.csv,04,0,0,0,1,0,0,0,0,0,0.0,0,0,1,1,0,278,36,128,285.0031,2.22658671875,2.144,5.2249,5.9356,201.5132,1.574321875,1.48435,4.5461,5.1008,128,83.4899,0.65226484375,0.6775,0.8265,0.8849,completed,,,
15,known_visit,HIPC,bernoulli,drop_0.25,34,1156,14,10,hipc_g34_d85_bernoulli_drop_0_25,reruns\grid_density\scenarios\cv\known_visit_grid34_targets10_trials50.csv,05,0,0,0,1,0,0,0,0,0,0.0,0,0,1,1,0,260,53,128,329.7201,2.57593828125,2.6071,5.0269,6.667,242.7706,1.8966453125,1.8989500000000001,4.363,5.9812,128,86.9495,0.67929296875,0.69905,0.8245,0.9491,completed,,,
15,known_visit,HIPC,bernoulli,drop_0.25,34,1156,14,10,hipc_g34_d85_bernoulli_drop_0_25,reruns\grid_density\scenarios\cv\known_visit_grid34_targets10_trials50.csv,06,0,0,0,1,0,0,0,0,0,0.0,0,0,1,1,0,269,44,128,366.4884,2.863190625,3.0159000000000002,6.2631,7.752,281.1375,2.19638671875,2.3602,5.6073,6.8807,128,85.3509,0.66680390625,0.69895,0.8232,0.9715,completed,,,
15,known_visit,HIPC,bernoulli,drop_0.25,34,1156,14,10,hipc_g34_d85_bernoulli_drop_0_25,reruns\grid_density\scenarios\cv\known_visit_grid34_targets10_trials50.csv,07,32,1,0,33,0,0,0,0,0,0.0,0,0,76,67,9,202,36,26,40.753,1.567423076923077,1.11235,4.2188,4.3319,25.8833,0.9955115384615384,0.4862,3.4017,3.6451,26,14.8697,0.5719115384615384,0.6261,0.7362,0.8171,completed,,,
15,known_visit,HIPC,bernoulli,drop_0.25,34,1156,14,10,hipc_g34_d85_bernoulli_drop_0_25,reruns\grid_density\scenarios\cv\known_visit_grid34_targets10_trials50.csv,08,0,0,0,1,0,0,0,0,0,0.0,0,0,1,1,0,258,55,128,307.0735,2.39901171875,2.3023499999999997,5.3144,5.9784,221.6356,1.731528125,1.589,4.5613,5.148,128,85.4379,0.66748359375,0.6981,0.8213,0.8375,completed,,,
15,known_visit,HIPC,bernoulli,drop_0.25,34,1156,14,10,hipc_g34_d85_bernoulli_drop_0_25,reruns\grid_density\scenarios\cv\known_visit_grid34_targets10_trials50.csv,09,0,0,0,1,0,0,0,0,0,0.0,0,0,1,1,0,272,41,128,331.2859,2.58817109375,2.56135,5.2319,5.9102,246.4491,1.92538359375,1.88095,4.7356,5.1012,128,84.8368,0.6627875,0.70605,0.8142,0.8571,completed,,,
15,known_visit,HIPC,bernoulli,drop_0.25,34,1156,14,10,hipc_g34_d85_bernoulli_drop_0_25,reruns\grid_density\scenarios\cv\known_visit_grid34_targets10_trials50.csv,10,4,0,0,5,0,0,0,0,0,0.0,0,0,14,10,4,252,49,115,231.91049999999998,2.0166130434782605,1.8493,3.8744,5.0718,157.4119,1.3687991304347826,1.1401,3.1015,4.2251,115,74.4986,0.6478139130434782,0.6767,0.7911,0.9094,completed,,,
15,known_visit,HIPC,bernoulli,drop_0.25,34,1156,14,10,hipc_g34_d85_bernoulli_drop_0_25,reruns\grid_density\scenarios\cv\known_visit_grid34_targets10_trials50.csv,11,18,1,0,19,0,1,0,0,0,0.0,0,0,44,38,6,231,39,71,99.3543,1.3993563380281688,1.4063,2.9698,4.9731,55.4743,0.7813281690140845,0.7655,2.258,4.3011,71,43.88,0.6180281690140845,0.6344,0.7831,0.8603,completed,,,
15,known_visit,HIPC,bernoulli,drop_0.25,34,1156,14,10,hipc_g34_d85_bernoulli_drop_0_25,reruns\grid_density\scenarios\cv\known_visit_grid34_targets10_trials50.csv,12,38,4,0,39,0,1,0,0,0,0.0,0,0,86,77,9,199,30,9,22.3323,2.4813666666666667,2.3774,4.9161,4.9161,16.2426,1.8047333333333333,1.7521,4.1191,4.1191,9,6.0897,0.6766333333333333,0.6792,0.8125,0.8125,completed,,,
15,known_visit,HIPC,bernoulli,drop_0.25,34,1156,14,10,hipc_g34_d85_bernoulli_drop_0_25,reruns\grid_density\scenarios\cv\known_visit_grid34_targets10_trials50.csv,13,0,0,0,1,0,0,0,0,0,0.0,0,0,1,1,0,273,40,128,456.8953,3.56949453125,3.6126,6.4405,7.1218,367.4321,2.87056328125,2.9092000000000002,5.6492,6.2626,128,89.4632,0.69893125,0.7184,0.8234,1.0183,completed,,,
16,known_visit,HIPC,bernoulli,drop_0.25,34,1156,14,10,hipc_g34_d85_bernoulli_drop_0_25,reruns\grid_density\scenarios\cv\known_visit_grid34_targets10_trials50.csv,00,2,0,0,3,0,0,0,0,0,0.0,0,0,9,6,3,262,36,136,478.6622,3.5195749999999997,2.90045,6.8359,7.673,383.4585,2.819547794117647,2.15195,6.0457,6.7844,136,95.2037,0.7000272058823529,0.74045,0.83,0.8886,completed,,,
16,known_visit,HIPC,bernoulli,drop_0.25,34,1156,14,10,hipc_g34_d85_bernoulli_drop_0_25,reruns\grid_density\scenarios\cv\known_visit_grid34_targets10_trials50.csv,01,0,0,0,1,0,0,0,0,0,0.0,0,0,1,1,0,269,36,141,542.7095,3.8490035460992913,3.5988,6.3395,8.828,442.6242,3.139178723404255,2.9133,5.5786,7.8993,141,100.0853,0.7098248226950354,0.7505,0.8394,0.9287,completed,,,
16,known_visit,HIPC,bernoulli,drop_0.25,34,1156,14,10,hipc_g34_d85_bernoulli_drop_0_25,reruns\grid_density\scenarios\cv\known_visit_grid34_targets10_trials50.csv,02,30,1,1,28,3,0,0,0,0,0.0,0,0,68,62,6,201,37,43,77.77,1.8086046511627907,1.46,4.2403,5.3428,50.1005,1.1651279069767442,0.7652,3.458,4.6846,43,27.6695,0.6434767441860465,0.6664,0.7823,0.8021,completed,,,
16,known_visit,HIPC,bernoulli,drop_0.25,34,1156,14,10,hipc_g34_d85_bernoulli_drop_0_25,reruns\grid_density\scenarios\cv\known_visit_grid34_targets10_trials50.csv,03,12,1,0,13,0,0,0,0,0,0.0,0,0,29,26,3,234,43,101,296.7722,2.938338613861386,2.2497,5.8688,6.0623,226.6117,2.2436801980198022,1.4969,5.0431,5.2345,101,70.1605,0.6946584158415842,0.7066,0.8365,0.9403,completed,,,
16,known_visit,HIPC,bernoulli,drop_0.25,34,1156,14,10,hipc_g34_d85_bernoulli_drop_0_25,reruns\grid_density\scenarios\cv\known_visit_grid34_targets10_trials50.csv,04,1,0,0,2,0,0,0,0,0,0.0,0,0,7,4,3,250,49,139,374.4122,2.6936129496402876,2.2392,6.0433,6.5061,279.6013,2.011520143884892,1.6296,5.1604,5.6948,139,94.8109,0.6820928057553957,0.6802,0.8728,0.951,completed,,,
16,known_visit,HIPC,bernoulli,drop_0.25,34,1156,14,10,hipc_g34_d85_bernoulli_drop_0_25,reruns\grid_density\scenarios\cv\known_visit_grid34_targets10_trials50.csv,05,1,0,0,2,0,0,0,0,0,0.0,0,0,7,4,3,253,46,139,455.892,3.279798561151079,2.906,6.7034,8.0833,359.3441,2.585209352517986,2.2684,5.9574,7.0496,139,96.5479,0.6945892086330935,0.7107,0.8633,1.0337,completed,,,
16,known_visit,HIPC,bernoulli,drop_0.25,34,1156,14,10,hipc_g34_d85_bernoulli_drop_0_25,reruns\grid_density\scenarios\cv\known_visit_grid34_targets10_trials50.csv,06,0,0,0,1,0,0,0,0,0,0.0,0,0,1,1,0,259,46,141,391.0099,2.7731198581560284,2.1037,6.0406,7.2309,296.6654,2.104009929078014,1.6006,5.3002,6.3628,141,94.3445,0.6691099290780141,0.6743,0.8107,0.9149,completed,,,
16,known_visit,HIPC,bernoulli,drop_0.25,34,1156,14,10,hipc_g34_d85_bernoulli_drop_0_25,reruns\grid_density\scenarios\cv\known_visit_grid34_targets10_trials50.csv,07,41,5,0,42,0,1,0,0,0,0.0,0,0,90,83,7,186,31,9,20.958199999999998,2.328688888888889,2.2254,4.0065,4.0065,15.6849,1.7427666666666668,1.7175,3.5461,3.5461,9,5.2733,0.5859222222222222,0.6222,0.7558,0.7558,completed,,,
16,known_visit,HIPC,bernoulli,drop_0.25,34,1156,14,10,hipc_g34_d85_bernoulli_drop_0_25,reruns\grid_density\scenarios\cv\known_visit_grid34_targets10_trials50.csv,08,0,0,0,1,0,0,0,0,0,0.0,0,0,1,1,0,263,42,141,505.858,3.587645390070922,3.5606,6.2646,6.458,405.2191,2.873894326241135,2.8364,5.4108,5.6585,141,100.6389,0.7137510638297873,0.7543,0.8672,0.9644,completed,,,
16,known_visit,HIPC,bernoulli,drop_0.25,34,1156,14,10,hipc_g34_d85_bernoulli_drop_0_25,reruns\grid_density\scenarios\cv\known_visit_grid34_targets10_trials50.csv,09,12,2,0,13,0,0,0,0,0,0.0,0,0,33,26,7,229,44,102,196.6802,1.9282372549019609,1.62485,3.2584,4.8228,128.3998,1.2588215686274509,0.9091,2.4673,4.0442,102,68.2804,0.6694156862745098,0.6912,0.7855,0.9234,completed,,,
16,known_visit,HIPC,bernoulli,drop_0.25,34,1156,14,10,hipc_g34_d85_bernoulli_drop_0_25,reruns\grid_density\scenarios\cv\known_visit_grid34_targets10_trials50.csv,10,0,0,0,1,0,0,0,0,0,0.0,0,0,1,1,0,262,43,141,435.82280000000003,3.0909418439716316,2.7711,6.1205,6.5228,338.5912,2.4013560283687942,2.1407,5.3313,5.7265,141,97.2316,0.6895858156028368,0.6863,0.8281,0.9208,completed,,,
16,known_visit,HIPC,bernoulli,drop_0.25,34,1156,14,10,hipc_g34_d85_bernoulli_drop_0_25,reruns\grid_density\scenarios\cv\known_visit_grid34_targets10_trials50.csv,11,0,0,0,1,0,0,0,0,0,0.0,0,0,1,1,0,262,44,141,518.1249,3.674644680851064,3.9184,5.6386,6.1278,415.3799,2.9459567375886526,3.1846,4.8861,5.3165,141,102.745,0.7286879432624114,0.7628,0.8359,0.9855,completed,,,
16,known_visit,HIPC,bernoulli,drop_0.25,34,1156,14,10,hipc_g34_d85_bernoulli_drop_0_25,reruns\grid_density\scenarios\cv\known_visit_grid34_targets10_trials50.csv,12,22,1,0,23,0,0,0,0,0,0.0,0,0,52,46,6,212,42,69,76.4364,1.1077739130434783,0.9582,1.8457,4.7297,33.6141,0.4871608695652174,0.2952,1.1302,3.9427,69,42.8223,0.6206130434782609,0.6469,0.7623,0.787,completed,,,
16,known_visit,HIPC,bernoulli,drop_0.25,34,1156,14,10,hipc_g34_d85_bernoulli_drop_0_25,reruns\grid_density\scenarios\cv\known_visit_grid34_targets10_trials50.csv,13,1,0,0,2,0,0,0,0,0,0.0,0,0,7,4,3,254,45,139,461.5608,3.3205812949640285,3.5759,6.1008,6.4955,361.8789,2.603445323741007,2.8347,5.2461,5.6794,139,99.6819,0.7171359712230215,0.7546,0.8717,0.9738,completed,,,
17,known_visit,HIPC,bernoulli,drop_0.25,34,1156,14,10,hipc_g34_d85_bernoulli_drop_0_25,reruns\grid_density\scenarios\cv\known_visit_grid34_targets10_trials50.csv,00,20,1,0,21,0,0,0,0,0,0.0,0,0,46,42,4,277,47,109,171.9263,1.577305504587156,1.4113,2.553,5.1414,100.9274,0.9259394495412845,0.666,1.8752,4.4024,109,70.9989,0.6513660550458716,0.634,0.7818,0.8137,completed,,,
17,known_visit,HIPC,bernoulli,drop_0.25,34,1156,14,10,hipc_g34_d85_bernoulli_drop_0_25,reruns\grid_density\scenarios\cv\known_visit_grid34_targets10_trials50.csv,01,22,2,0,23,0,0,0,0,0,0.0,0,0,51,46,5,261,57,103,132.5773,1.2871582524271845,1.1348,1.6917,4.5323,65.7263,0.6381194174757281,0.4903,0.872,3.8014,103,66.851,0.6490388349514563,0.6326,0.7651,0.8285,completed,,,
17,known_visit,HIPC,bernoulli,drop_0.25,34,1156,14,10,hipc_g34_d85_bernoulli_drop_0_25,reruns\grid_density\scenarios\cv\known_visit_grid34_targets10_trials50.csv,02,0,0,0,1,0,0,0,0,0,0.0,0,0,1,1,0,297,72,174,465.0373,2.6726281609195404,1.70695,5.3085,5.9105,343.3104,1.973048275862069,1.03485,4.5268,5.0968,174,121.7269,0.6995798850574713,0.6871499999999999,0.8599,0.9626,completed,,,
17,known_visit,HIPC,bernoulli,drop_0.25,34,1156,14,10,hipc_g34_d85_bernoulli_drop_0_25,reruns\grid_density\scenarios\cv\known_visit_grid34_targets10_trials50.csv,03,0,0,0,1,0,0,0,0,0,0.0,0,0,1,1,0,324,44,174,487.774,2.8032988505747127,2.1317500000000003,5.576,6.2868,364.0719,2.0923672413793106,1.35255,4.6509,5.5324,174,123.7021,0.7109316091954023,0.7083,0.8602,1.0156,completed,,,
17,known_visit,HIPC,bernoulli,drop_0.25,34,1156,14,10,hipc_g34_d85_bernoulli_drop_0_25,reruns\grid_density\scenarios\cv\known_visit_grid34_targets10_trials50.csv,04,0,0,0,1,0,0,0,0,0,0.0,0,0,1,1,0,328,40,174,419.3096,2.409825287356322,1.11565,6.2613,6.603,303.8369,1.7461890804597702,0.5218499999999999,5.5358,5.8455,174,115.4727,0.6636362068965518,0.6489,0.8197,0.9802,completed,,,
17,known_visit,HIPC,bernoulli,drop_0.25,34,1156,14,10,hipc_g34_d85_bernoulli_drop_0_25,reruns\grid_density\scenarios\cv\known_visit_grid34_targets10_trials50.csv,05,0,0,0,1,0,0,0,0,0,0.0,0,0,1,1,0,317,51,174,537.991,3.0919022988505747,2.19455,6.3737,6.5881,412.0103,2.3678752873563216,1.4343,5.6504,5.8445,174,125.9807,0.7240270114942529,0.72695,0.834,0.9472,completed,,,
17,known_visit,HIPC,bernoulli,drop_0.25,34,1156,14,10,hipc_g34_d85_bernoulli_drop_0_25,reruns\grid_density\scenarios\cv\known_visit_grid34_targets10_trials50.csv,06,0,0,0,1,0,0,0,0,0,0.0,0,0,1,1,0,316,53,174,492.9864,2.8332551724137933,1.9392,6.3814,6.7177,371.5502,2.1353459770114944,1.29585,5.6628,5.9555,174,121.4362,0.6979091954022989,0.6897,0.8407,0.9453,completed,,,
17,known_visit,HIPC,bernoulli,drop_0.25,34,1156,14,10,hipc_g34_d85_bernoulli_drop_0_25,reruns\grid_density\scenarios\cv\known_visit_grid34_targets10_trials50.csv,07,48,3,0,49,0,0,0,0,0,0.0,0,0,105,98,7,240,25,19,81.0139,4.263889473684211,5.335,6.7854,6.7854,66.5313,3.5016473684210525,4.5999,5.9104,5.9104,19,14.4826,0.7622421052631578,0.8049,0.8956,0.8956,completed,,,
17,known_visit,HIPC,bernoulli,drop_0.25,34,1156,14,10,hipc_g34_d85_bernoulli_drop_0_25,reruns\grid_density\scenarios\cv\known_visit_grid34_targets10_trials50.csv,08,8,0,1,8,1,2,0,0,0,0.0,0,0,25,19,6,307,37,151,333.9262,2.2114317880794703,1.2697,6.1188,6.2573,234.3757,1.552156953642384,0.5617,5.3828,5.4587,151,99.5505,0.6592748344370861,0.6351,0.7914,0.8591,completed,,,
17,known_visit,HIPC,bernoulli,drop_0.25,34,1156,14,10,hipc_g34_d85_bernoulli_drop_0_25,reruns\grid_density\scenarios\cv\known_visit_grid34_targets10_trials50.csv,09,34,4,0,35,0,2,0,0,0,0.0,0,0,83,70,13,241,46,66,80.5304,1.2201575757575758,0.9115,3.4697,5.4047,38.46,0.5827272727272728,0.28159999999999996,2.9526,4.6736,66,42.0704,0.637430303030303,0.61805,0.7776,0.8113,completed,,,
17,known_visit,HIPC,bernoulli,drop_0.25,34,1156,14,10,hipc_g34_d85_bernoulli_drop_0_25,reruns\grid_density\scenarios\cv\known_visit_grid34_targets10_trials50.csv,10,1,0,0,2,0,0,0,0,0,0.0,0,0,6,4,2,315,48,171,426.7804,2.495791812865497,1.4448,6.3849,7.0885,310.0093,1.8129198830409357,0.8283,5.6534,6.2679,171,116.7711,0.6828719298245615,0.6649,0.8193,0.9757,completed,,,
17,known_visit,HIPC,bernoulli,drop_0.25,34,1156,14,10,hipc_g34_d85_bernoulli_drop_0_25,reruns\grid_density\scenarios\cv\known_visit_grid34_targets10_trials50.csv,11,16,0,0,17,0,1,0,0,0,0.0,0,0,41,34,7,274,55,123,203.9704,1.6582959349593498,1.3658,3.4807,5.9088,123.3225,1.0026219512195123,0.7808,2.6657,5.0412,123,80.64789999999999,0.6556739837398373,0.6373,0.7961,0.8745,completed,,,
17,known_visit,HIPC,bernoulli,drop_0.25,34,1156,14,10,hipc_g34_d85_bernoulli_drop_0_25,reruns\grid_density\scenarios\cv\known_visit_grid34_targets10_trials50.csv,12,0,0,0,1,0,0,0,0,0,0.0,0,0,1,1,0,311,57,174,409.0412,2.3508114942528735,1.3300999999999998,5.5569,6.0881,290.4123,1.6690362068965519,0.7332,4.7929,5.3335,174,118.6289,0.6817752873563219,0.6675500000000001,0.8157,0.9305,completed,,,
17,known_visit,HIPC,bernoulli,drop_0.25,34,1156,14,10,hipc_g34_d85_bernoulli_drop_0_25,reruns\grid_density\scenarios\cv\known_visit_grid34_targets10_trials50.csv,13,1,0,0,2,0,0,0,0,0,0.0,0,0,7,4,3,313,49,171,416.3692,2.434907602339181,1.3936,6.0486,7.1693,299.5297,1.7516356725146198,0.7814,5.249,6.3569,171,116.8395,0.6832719298245614,0.6591,0.8292,1.0211,completed,,,
18,known_visit,HIPC,bernoulli,drop_0.25,34,1156,14,10,hipc_g34_d85_bernoulli_drop_0_25,reruns\grid_density\scenarios\cv\known_visit_grid34_targets10_trials50.csv,00,29,1,0,30,0,1,0,0,0,0.0,0,0,64,60,4,253,36,19,30.122799999999998,1.5854105263157894,1.1345,4.237,4.237,17.7531,0.9343736842105264,0.4744,3.4941,3.4941,19,12.3697,0.6510368421052631,0.6449,0.7909,0.7909,completed,,,
18,known_visit,HIPC,bernoulli,drop_0.25,34,1156,14,10,hipc_g34_d85_bernoulli_drop_0_25,reruns\grid_density\scenarios\cv\known_visit_grid34_targets10_trials50.csv,01,12,1,0,13,0,0,0,0,0,0.0,0,0,31,26,5,272,51,72,184.6928,2.565177777777778,2.90735,3.7344,4.2892,135.9732,1.8885166666666666,2.1622,2.9485,3.5534,72,48.7196,0.6766611111111112,0.6778500000000001,0.8091,0.9212,completed,,,
18,known_visit,HIPC,bernoulli,drop_0.25,34,1156,14,10,hipc_g34_d85_bernoulli_drop_0_25,reruns\grid_density\scenarios\cv\known_visit_grid34_targets10_trials50.csv,02,0,0,0,1,0,0,0,0,0,0.0,0,0,1,1,0,309,43,111,520.3352,4.687704504504504,5.1398,6.7952,6.997,442.3829,3.9854315315315314,4.4079,6.0411,6.1882,111,77.9523,0.7022729729729729,0.7322,0.8038,0.8226,completed,,,
18,known_visit,HIPC,bernoulli,drop_0.25,34,1156,14,10,hipc_g34_d85_bernoulli_drop_0_25,reruns\grid_density\scenarios\cv\known_visit_grid34_targets10_trials50.csv,03,26,2,0,27,0,2,0,0,0,0.0,0,0,65,54,11,245,43,27,43.0932,1.5960444444444446,0.9531,4.9263,6.2119,25.8448,0.9572148148148147,0.3173,4.1743,5.4375,27,17.2484,0.6388296296296296,0.6359,0.752,0.7744,completed,,,
18,known_visit,HIPC,bernoulli,drop_0.25,34,1156,14,10,hipc_g34_d85_bernoulli_drop_0_25,reruns\grid_density\scenarios\cv\known_visit_grid34_targets10_trials50.csv,04,1,0,0,2,0,0,0,0,0,0.0,0,0,7,4,3,292,54,109,422.4138,3.875355963302752,4.2494,5.4673,5.7745,344.7191,3.162560550458716,3.5084,4.6712,4.9945,109,77.6947,0.7127954128440367,0.7349,0.831,0.9642,completed,,,
18,known_visit,HIPC,bernoulli,drop_0.25,34,1156,14,10,hipc_g34_d85_bernoulli_drop_0_25,reruns\grid_density\scenarios\cv\known_visit_grid34_targets10_trials50.csv,05,0,0,0,1,0,0,0,0,0,0.0,0,0,1,1,0,305,47,111,479.6089,4.320800900900901,4.1339,6.9804,7.2899,400.0303,3.603876576576577,3.3875,6.1708,6.497,111,79.5786,0.7169243243243243,0.7304,0.8282,0.9457,completed,,,
18,known_visit,HIPC,bernoulli,drop_0.25,34,1156,14,10,hipc_g34_d85_bernoulli_drop_0_25,reruns\grid_density\scenarios\cv\known_visit_grid34_targets10_trials50.csv,06,10,0,0,11,0,0,0,0,0,0.0,0,0,29,24,5,274,50,79,312.7108,3.9583645569620254,3.5658,7.0025,7.4092,258.0694,3.2667012658227845,2.7757,6.2014,6.5879,79,54.6414,0.6916632911392405,0.7234,0.8213,0.8681,completed,,,
18,known_visit,HIPC,bernoulli,drop_0.25,34,1156,14,10,hipc_g34_d85_bernoulli_drop_0_25,reruns\grid_density\scenarios\cv\known_visit_grid34_targets10_trials50.csv,07,0,0,0,1,0,0,0,0,0,0.0,0,0,1,1,0,314,38,111,415.4317,3.7426279279279275,3.611,5.9326,6.5949,337.3322,3.0390288288288287,2.8797,5.1446,5.5476,111,78.0995,0.7035990990990991,0.7275,0.8179,1.0473,completed,,,
18,known_visit,HIPC,bernoulli,drop_0.25,34,1156,14,10,hipc_g34_d85_bernoulli_drop_0_25,reruns\grid_density\scenarios\cv\known_visit_grid34_targets10_trials50.csv,08,32,3,0,33,0,1,0,0,0,0.0,0,0,74,66,8,241,39,10,31.1529,3.11529,2.70775,5.919,5.919,24.1002,2.4100200000000003,2.01895,5.1546,5.1546,10,7.0527,0.70527,0.7206999999999999,0.7798,0.7798,completed,,,
18,known_visit,HIPC,bernoulli,drop_0.25,34,1156,14,10,hipc_g34_d85_bernoulli_drop_0_25,reruns\grid_density\scenarios\cv\known_visit_grid34_targets10_trials50.csv,09,0,0,0,1,0,0,0,0,0,0.0,0,0,1,1,0,309,43,111,459.9537,4.143727027027027,4.1406,6.8315,7.034,382.1652,3.44292972972973,3.4239,6.0445,6.2073,111,77.7885,0.7007972972972973,0.7262,0.8287,0.8775,completed,,,
18,known_visit,HIPC,bernoulli,drop_0.25,34,1156,14,10,hipc_g34_d85_bernoulli_drop_0_25,reruns\grid_density\scenarios\cv\known_visit_grid34_targets10_trials50.csv,10,31,3,0,32,0,0,0,0,0,0.0,0,0,71,65,6,247,35,9,21.4899,2.3877666666666664,1.9928,4.7141,4.7141,15.5776,1.7308444444444444,1.5779,3.9802,3.9802,9,5.9123,0.6569222222222222,0.6614,0.7339,0.7339,completed,,,
18,known_visit,HIPC,bernoulli,drop_0.25,34,1156,14,10,hipc_g34_d85_bernoulli_drop_0_25,reruns\grid_density\scenarios\cv\known_visit_grid34_targets10_trials50.csv,11,0,0,0,1,0,0,0,0,0,0.0,0,0,1,1,0,310,43,111,465.263,4.191558558558558,4.1328,6.9758,7.0839,386.09680000000003,3.47834954954955,3.4007,6.1902,6.2701,111,79.1662,0.7132090090090091,0.7305,0.8137,0.9328,completed,,,
18,known_visit,HIPC,bernoulli,drop_0.25,34,1156,14,10,hipc_g34_d85_bernoulli_drop_0_25,reruns\grid_density\scenarios\cv\known_visit_grid34_targets10_trials50.csv,12,0,0,0,1,0,0,0,0,0,0.0,0,0,1,1,0,304,48,111,482.8884,4.3503459459459455,4.1864,6.8813,7.379,404.2372,3.6417765765765764,3.4544,6.1022,6.5381,111,78.6512,0.7085693693693694,0.7339,0.8389,0.9417,completed,,,
18,known_visit,HIPC,bernoulli,drop_0.25,34,1156,14,10,hipc_g34_d85_bernoulli_drop_0_25,reruns\grid_density\scenarios\cv\known_visit_grid34_targets10_trials50.csv,13,1,0,0,2,0,0,0,0,0,0.0,0,0,7,4,3,296,50,108,411.9729,3.814563888888889,3.5868,6.0251,6.4221,334.1514,3.0939944444444447,2.8863,5.2528,5.475,108,77.8215,0.7205694444444445,0.7335,0.8208,0.9471,completed,,,
19,known_visit,HIPC,bernoulli,drop_0.25,34,1156,14,10,hipc_g34_d85_bernoulli_drop_0_25,reruns\grid_density\scenarios\cv\known_visit_grid34_targets10_trials50.csv,00,30,3,0,31,0,1,0,0,0,0.0,0,0,70,62,8,241,31,24,29.970100000000002,1.2487541666666668,0.6973499999999999,4.2332,4.5616,16.4913,0.6871375,0.10375,3.5648,3.9397,24,13.4788,0.5616166666666667,0.5429999999999999,0.6998,0.7989,completed,,,
19,known_visit,HIPC,bernoulli,drop_0.25,34,1156,14,10,hipc_g34_d85_bernoulli_drop_0_25,reruns\grid_density\scenarios\cv\known_visit_grid34_targets10_trials50.csv,01,0,0,0,1,0,0,0,0,0,0.0,0,0,1,1,0,295,47,122,387.3091,3.1746647540983606,2.43595,5.7279,6.1462,307.2158,2.518162295081967,1.7755,4.8957,5.4913,122,80.0933,0.6565024590163935,0.6539999999999999,0.8062,1.1702,completed,,,
19,known_visit,HIPC,bernoulli,drop_0.25,34,1156,14,10,hipc_g34_d85_bernoulli_drop_0_25,reruns\grid_density\scenarios\cv\known_visit_grid34_targets10_trials50.csv,02,3,0,0,4,0,0,0,0,0,0.0,0,0,12,8,4,298,33,113,322.5927,2.8548026548672563,2.2868,5.7266,6.0508,247.1775,2.187411504424779,1.517,5.1095,5.4003,113,75.4152,0.6673911504424779,0.6764,0.8107,0.8927,completed,,,
19,known_visit,HIPC,bernoulli,drop_0.25,34,1156,14,10,hipc_g34_d85_bernoulli_drop_0_25,reruns\grid_density\scenarios\cv\known_visit_grid34_targets10_trials50.csv,03,0,0,0,1,0,0,0,0,0,0.0,0,0,1,1,0,283,59,121,355.5478,2.9384115702479336,2.5883,5.4087,6.0485,275.3518,2.2756347107438017,1.9447,4.6359,5.4129,121,80.196,0.6627768595041322,0.6683,0.8037,0.8935,completed,,,
19,known_visit,HIPC,bernoulli,drop_0.25,34,1156,14,10,hipc_g34_d85_bernoulli_drop_0_25,reruns\grid_density\scenarios\cv\known_visit_grid34_targets10_trials50.csv,04,0,0,0,1,0,0,0,0,0,0.0,0,0,1,1,0,295,46,121,425.6683,3.5179198347107437,3.4391,5.0466,6.2724,341.9292,2.8258611570247933,2.6372,4.4031,5.4038,121,83.7391,0.6920586776859503,0.6748,0.8629,0.98,completed,,,
19,known_visit,HIPC,bernoulli,drop_0.25,34,1156,14,10,hipc_g34_d85_bernoulli_drop_0_25,reruns\grid_density\scenarios\cv\known_visit_grid34_targets10_trials50.csv,05,1,0,0,2,0,0,0,0,0,0.0,0,0,7,4,3,295,41,119,290.2199,2.4388226890756304,1.9662,4.78,5.2969,212.4128,1.7849815126050421,1.2398,4.0888,4.6607,119,77.8071,0.6538411764705883,0.6679,0.7957,0.8997,completed,,,
19,known_visit,HIPC,bernoulli,drop_0.25,34,1156,14,10,hipc_g34_d85_bernoulli_drop_0_25,reruns\grid_density\scenarios\cv\known_visit_grid34_targets10_trials50.csv,06,18,1,0,19,0,1,0,0,0,0.0,0,0,43,38,5,255,44,63,146.1207,2.3193761904761905,2.3533,3.5882,5.0171,104.2737,1.6551380952380954,1.7271,2.7911,4.3734,63,41.847,0.6642380952380953,0.6591,0.8208,0.8591,completed,,,
19,known_visit,HIPC,bernoulli,drop_0.25,34,1156,14,10,hipc_g34_d85_bernoulli_drop_0_25,reruns\grid_density\scenarios\cv\known_visit_grid34_targets10_trials50.csv,07,36,3,0,37,0,3,0,0,0,0.0,0,0,87,73,14,223,33,11,29.7891,2.7081,2.3431,5.7129,5.7129,22.0141,2.001281818181818,1.5526,4.9424,4.9424,11,7.7749999999999995,0.7068181818181818,0.6686,0.9508,0.9508,completed,,,
19,known_visit,HIPC,bernoulli,drop_0.25,34,1156,14,10,hipc_g34_d85_bernoulli_drop_0_25,reruns\grid_density\scenarios\cv\known_visit_grid34_targets10_trials50.csv,08,9,1,0,10,0,0,0,0,0,0.0,0,0,24,20,4,271,47,91,202.1933,2.2219043956043953,1.8944,4.149,4.4347,141.5893,1.5559263736263738,1.1485,3.4867,3.7265,91,60.604,0.6659780219780219,0.6651,0.8112,0.9091,completed,,,
19,known_visit,HIPC,bernoulli,drop_0.25,34,1156,14,10,hipc_g34_d85_bernoulli_drop_0_25,reruns\grid_density\scenarios\cv\known_visit_grid34_targets10_trials50.csv,09,5,0,0,6,0,0,0,0,0,0.0,0,0,14,12,2,283,45,105,245.2619,2.335827619047619,2.111,5.0369,5.918,172.5987,1.643797142857143,1.3368,4.4241,5.1328,105,72.6632,0.6920304761904762,0.6917,0.8195,0.9116,completed,,,
19,known_visit,HIPC,bernoulli,drop_0.25,34,1156,14,10,hipc_g34_d85_bernoulli_drop_0_25,reruns\grid_density\scenarios\cv\known_visit_grid34_targets10_trials50.csv,10,0,0,0,1,0,0,0,0,0,0.0,0,0,1,1,0,292,49,122,383.0032,3.1393704918032785,2.4949,5.3931,6.2841,300.1195,2.4599959016393442,1.8604500000000002,4.6388,5.3161,122,82.8837,0.6793745901639344,0.6768,0.8257,0.968,completed,,,
19,known_visit,HIPC,bernoulli,drop_0.25,34,1156,14,10,hipc_g34_d85_bernoulli_drop_0_25,reruns\grid_density\scenarios\cv\known_visit_grid34_targets10_trials50.csv,11,32,1,0,33,0,0,0,0,0,0.0,0,0,70,66,4,229,43,20,28.9066,1.44533,0.861,4.1215,4.4399,16.2885,0.814425,0.17835,3.4446,3.7721,20,12.6181,0.630905,0.6442000000000001,0.7697,0.7788,completed,,,
19,known_visit,HIPC,bernoulli,drop_0.25,34,1156,14,10,hipc_g34_d85_bernoulli_drop_0_25,reruns\grid_density\scenarios\cv\known_visit_grid34_targets10_trials50.csv,12,0,0,0,1,0,0,0,0,0,0.0,0,0,1,1,0,296,45,122,449.8093,3.686961475409836,3.73485,5.4688,5.7082,367.2568,3.010301639344262,2.9217500000000003,4.8356,5.0284,122,82.5525,0.6766598360655738,0.67125,0.816,0.8637,completed,,,
19,known_visit,HIPC,bernoulli,drop_0.25,34,1156,14,10,hipc_g34_d85_bernoulli_drop_0_25,reruns\grid_density\scenarios\cv\known_visit_grid34_targets10_trials50.csv,13,3,1,0,4,0,0,0,0,0,0.0,0,0,11,8,3,280,51,112,303.5358,2.710141071428571,2.19685,5.0097,5.2515,227.0638,2.027355357142857,1.4125999999999999,4.2768,4.4055,112,76.472,0.6827857142857142,0.6764,0.846,0.8801,completed,,,
20,known_visit,HIPC,bernoulli,drop_0.25,34,1156,14,10,hipc_g34_d85_bernoulli_drop_0_25,reruns\grid_density\scenarios\cv\known_visit_grid34_targets10_trials50.csv,00,1,0,0,2,0,0,0,0,0,0.0,0,0,7,4,3,276,53,116,483.322,4.166568965517241,4.41075,6.6195,7.3677,400.6106,3.453539655172414,3.6582999999999997,5.87,6.5824,116,82.7114,0.7130293103448275,0.7405,0.8581,0.9195,completed,,,
20,known_visit,HIPC,bernoulli,drop_0.25,34,1156,14,10,hipc_g34_d85_bernoulli_drop_0_25,reruns\grid_density\scenarios\cv\known_visit_grid34_targets10_trials50.csv,01,1,0,0,2,0,0,0,0,0,0.0,0,0,8,4,4,289,40,116,332.4879,2.8662750000000004,2.05145,6.9691,7.357,255.6068,2.203506896551724,1.347,6.1736,6.5071,116,76.8811,0.6627681034482759,0.6753,0.8394,0.9784,completed,,,
20,known_visit,HIPC,bernoulli,drop_0.25,34,1156,14,10,hipc_g34_d85_bernoulli_drop_0_25,reruns\grid_density\scenarios\cv\known_visit_grid34_targets10_trials50.csv,02,25,2,0,26,0,0,0,0,0,0.0,0,0,58,52,6,233,45,38,49.1654,1.2938263157894736,0.99815,3.9202,4.0704,25.146,0.6617368421052632,0.32689999999999997,3.1785,3.2705,38,24.0194,0.6320894736842105,0.6198,0.7999,0.8092,completed,,,
20,known_visit,HIPC,bernoulli,drop_0.25,34,1156,14,10,hipc_g34_d85_bernoulli_drop_0_25,reruns\grid_density\scenarios\cv\known_visit_grid34_targets10_trials50.csv,03,1,0,0,2,0,0,0,0,0,0.0,0,0,7,4,3,288,42,116,277.4294,2.3916327586206894,1.47865,6.4308,7.1492,202.62030000000001,1.7467267241379312,0.82975,5.6486,6.2968,116,74.8091,0.6449060344827586,0.63845,0.8663,0.9614,completed,,,
20,known_visit,HIPC,bernoulli,drop_0.25,34,1156,14,10,hipc_g34_d85_bernoulli_drop_0_25,reruns\grid_density\scenarios\cv\known_visit_grid34_targets10_trials50.csv,04,11,0,1,10,2,0,0,0,0,0.0,0,0,30,25,5,271,35,83,148.0998,1.784334939759036,1.4649,4.3397,4.945,94.8843,1.1431843373493975,0.8255,3.5762,4.0357,83,53.2155,0.6411506024096385,0.6394,0.7936,0.9211,completed,,,
20,known_visit,HIPC,bernoulli,drop_0.25,34,1156,14,10,hipc_g34_d85_bernoulli_drop_0_25,reruns\grid_density\scenarios\cv\known_visit_grid34_targets10_trials50.csv,05,24,1,0,25,0,2,0,0,0,0.0,0,0,57,50,7,231,49,41,73.4924,1.7924975609756097,1.3174,5.5934,7.2446,47.2509,1.1524609756097561,0.591,4.7553,6.4635,41,26.2415,0.6400365853658536,0.6265,0.7811,0.8381,completed,,,
20,known_visit,HIPC,bernoulli,drop_0.25,34,1156,14,10,hipc_g34_d85_bernoulli_drop_0_25,reruns\grid_density\scenarios\cv\known_visit_grid34_targets10_trials50.csv,06,35,4,0,36,0,0,0,0,0,0.0,0,0,79,71,8,220,38,6,17.0047,2.8341166666666666,2.6481500000000002,5.5582,5.5582,12.7144,2.1190666666666664,1.9629,4.6922,4.6922,6,4.2903,0.7150500000000001,0.72375,0.866,0.866,completed,,,
20,known_visit,HIPC,bernoulli,drop_0.25,34,1156,14,10,hipc_g34_d85_bernoulli_drop_0_25,reruns\grid_density\scenarios\cv\known_visit_grid34_targets10_trials50.csv,07,0,0,0,1,0,0,0,0,0,0.0,0,0,1,1,0,291,44,118,308.8573,2.617434745762712,1.96,6.4151,6.8682,231.2053,1.9593669491525423,1.271,5.6223,6.0377,118,77.652,0.6580677966101695,0.6769499999999999,0.8039,0.9225,completed,,,
20,known_visit,HIPC,bernoulli,drop_0.25,34,1156,14,10,hipc_g34_d85_bernoulli_drop_0_25,reruns\grid_density\scenarios\cv\known_visit_grid34_targets10_trials50.csv,08,1,0,0,2,0,0,0,0,0,0.0,0,0,7,4,3,284,45,116,276.0878,2.3800672413793107,1.89205,5.9551,6.3939,198.4812,1.711044827586207,1.1851500000000001,5.1435,5.5552,116,77.6066,0.6690224137931035,0.67545,0.8727,0.9541,completed,,,
20,known_visit,HIPC,bernoulli,drop_0.25,34,1156,14,10,hipc_g34_d85_bernoulli_drop_0_25,reruns\grid_density\scenarios\cv\known_visit_grid34_targets10_trials50.csv,09,15,2,0,16,0,0,0,0,0,0.0,0,0,38,32,6,253,45,71,136.9672,1.9291154929577463,1.4718,3.4493,5.7679,90.6343,1.2765394366197182,1.0572,2.6924,4.9505,71,46.3329,0.6525760563380282,0.663,0.7631,0.8956,completed,,,
20,known_visit,HIPC,bernoulli,drop_0.25,34,1156,14,10,hipc_g34_d85_bernoulli_drop_0_25,reruns\grid_density\scenarios\cv\known_visit_grid34_targets10_trials50.csv,10,0,0,0,1,0,0,0,0,0,0.0,0,0,1,1,0,290,46,118,420.431,3.5629745762711864,3.5277000000000003,6.8775,7.4313,339.5106,2.877208474576271,2.7997,6.093,6.5938,118,80.9204,0.6857661016949153,0.7228,0.8386,0.931,completed,,,
20,known_visit,HIPC,bernoulli,drop_0.25,34,1156,14,10,hipc_g34_d85_bernoulli_drop_0_25,reruns\grid_density\scenarios\cv\known_visit_grid34_targets10_trials50.csv,11,15,1,0,16,0,0,0,0,0,0.0,0,0,36,32,4,252,48,71,126.358,1.7796901408450705,1.3929,2.6461,3.7472,80.3322,1.1314394366197182,0.9903,1.9092,3.0381,71,46.0258,0.648250704225352,0.664,0.7515,0.8398,completed,,,
20,known_visit,HIPC,bernoulli,drop_0.25,34,1156,14,10,hipc_g34_d85_bernoulli_drop_0_25,reruns\grid_density\scenarios\cv\known_visit_grid34_targets10_trials50.csv,12,0,0,0,1,0,0,0,0,0,0.0,0,0,1,1,0,286,49,119,288.9129,2.4278394957983194,1.486,6.1661,6.8452,211.4232,1.7766655462184875,0.835,5.4063,6.0039,119,77.4897,0.6511739495798319,0.6433,0.831,0.9806,completed,,,
20,known_visit,HIPC,bernoulli,drop_0.25,34,1156,14,10,hipc_g34_d85_bernoulli_drop_0_25,reruns\grid_density\scenarios\cv\known_visit_grid34_targets10_trials50.csv,13,1,0,0,2,0,0,0,0,0,0.0,0,0,7,4,3,285,44,116,290.7217,2.506221551724138,1.8733499999999998,5.8409,6.5464,213.6704,1.8419862068965518,1.1740499999999998,5.0123,5.5471,116,77.0513,0.6642353448275862,0.68255,0.8497,0.9993,completed,,,
21,known_visit,HIPC,bernoulli,drop_0.25,34,1156,14,10,hipc_g34_d85_bernoulli_drop_0_25,reruns\grid_density\scenarios\cv\known_visit_grid34_targets10_trials50.csv,00,0,0,0,1,0,0,0,0,0,0.0,0,0,1,1,0,256,51,96,338.7561,3.528709375,2.61815,7.5394,7.902,271.1968,2.8249666666666666,1.9365,6.7471,7.0134,96,67.5593,0.7037427083333333,0.68085,0.8835,0.9474,completed,,,
21,known_visit,HIPC,bernoulli,drop_0.25,34,1156,14,10,hipc_g34_d85_bernoulli_drop_0_25,reruns\grid_density\scenarios\cv\known_visit_grid34_targets10_trials50.csv,01,3,1,0,4,0,0,0,0,0,0.0,0,0,10,8,2,260,37,87,151.5046,1.741432183908046,0.9143,5.4125,6.5145,95.5459,1.098228735632184,0.3052,4.6604,5.7649,87,55.9587,0.6432034482758621,0.6101,0.8184,0.8857,completed,,,
21,known_visit,HIPC,bernoulli,drop_0.25,34,1156,14,10,hipc_g34_d85_bernoulli_drop_0_25,reruns\grid_density\scenarios\cv\known_visit_grid34_targets10_trials50.csv,02,5,1,0,6,0,1,0,0,0,0.0,0,0,18,12,6,243,46,82,134.3972,1.638990243902439,1.1375000000000002,3.5506,4.8475,81.1687,0.9898621951219513,0.51655,2.746,4.0375,82,53.2285,0.6491280487804878,0.6206,0.8107,0.8333,completed,,,
21,known_visit,HIPC,bernoulli,drop_0.25,34,1156,14,10,hipc_g34_d85_bernoulli_drop_0_25,reruns\grid_density\scenarios\cv\known_visit_grid34_targets10_trials50.csv,03,22,2,0,23,0,2,0,0,0,0.0,0,0,54,46,8,215,38,30,41.8105,1.3936833333333332,0.7252000000000001,4.2616,5.792,23.5876,0.7862533333333332,0.15739999999999998,3.5163,4.9753,30,18.2229,0.60743,0.5622,0.7918,0.8167,completed,,,
21,known_visit,HIPC,bernoulli,drop_0.25,34,1156,14,10,hipc_g34_d85_bernoulli_drop_0_25,reruns\grid_density\scenarios\cv\known_visit_grid34_targets10_trials50.csv,04,0,0,0,1,0,0,0,0,0,0.0,0,0,1,1,0,262,44,97,333.2075,3.4351288659793813,2.1506,7.467,7.7152,265.2562,2.7346,1.4364,6.71,6.8669,97,67.9513,0.7005288659793815,0.6848,0.8483,1.0162,completed,,,
21,known_visit,HIPC,bernoulli,drop_0.25,34,1156,14,10,hipc_g34_d85_bernoulli_drop_0_25,reruns\grid_density\scenarios\cv\known_visit_grid34_targets10_trials50.csv,05,1,0,0,2,0,0,0,0,0,0.0,0,0,7,4,3,254,47,94,363.6654,3.8687808510638297,3.3228999999999997,6.5753,6.7899,293.7871,3.125394680851064,2.5717499999999998,5.7686,6.0008,94,69.8783,0.7433861702127659,0.7202999999999999,0.8993,0.9896,completed,,,
21,known_visit,HIPC,bernoulli,drop_0.25,34,1156,14,10,hipc_g34_d85_bernoulli_drop_0_25,reruns\grid_density\scenarios\cv\known_visit_grid34_targets10_trials50.csv,06,0,0,0,1,0,0,0,0,0,0.0,0,0,1,1,0,260,46,97,271.2861,2.796763917525773,1.9793,6.4949,6.8469,200.7111,2.069186597938144,1.2534,5.6995,6.0557,97,70.575,0.727577319587629,0.705,0.8641,1.0193,completed,,,
21,known_visit,HIPC,bernoulli,drop_0.25,34,1156,14,10,hipc_g34_d85_bernoulli_drop_0_25,reruns\grid_density\scenarios\cv\known_visit_grid34_targets10_trials50.csv,07,12,1,0,13,0,2,0,0,0,0.0,0,0,37,26,11,221,50,61,131.2514,2.151662295081967,1.862,3.5358,5.9219,89.004,1.4590819672131148,1.1956,2.7711,5.0868,61,42.2474,0.6925803278688525,0.6683,0.8313,0.8519,completed,,,
21,known_visit,HIPC,bernoulli,drop_0.25,34,1156,14,10,hipc_g34_d85_bernoulli_drop_0_25,reruns\grid_density\scenarios\cv\known_visit_grid34_targets10_trials50.csv,08,15,1,0,16,0,3,0,0,0,0.0,0,0,46,32,14,222,39,52,90.2056,1.734723076923077,1.4682499999999998,4.1253,5.0591,56.2284,1.0813153846153847,0.8067500000000001,3.4467,4.3749,52,33.9772,0.6534076923076924,0.6610499999999999,0.7379,0.8012,completed,,,
21,known_visit,HIPC,bernoulli,drop_0.25,34,1156,14,10,hipc_g34_d85_bernoulli_drop_0_25,reruns\grid_density\scenarios\cv\known_visit_grid34_targets10_trials50.csv,09,15,2,0,16,0,0,0,0,0,0.0,0,0,42,32,10,213,52,51,105.5313,2.0692411764705883,1.9309,5.0247,6.7212,71.9515,1.410813725490196,1.2634,4.1304,6.0272,51,33.5798,0.6584274509803921,0.6596,0.7613,0.8943,completed,,,
21,known_visit,HIPC,bernoulli,drop_0.25,34,1156,14,10,hipc_g34_d85_bernoulli_drop_0_25,reruns\grid_density\scenarios\cv\known_visit_grid34_targets10_trials50.csv,10,1,0,0,2,0,0,0,0,0,0.0,0,0,7,4,3,259,41,94,196.6529,2.0920521276595743,1.0916000000000001,5.9051,6.8841,134.7197,1.4331882978723403,0.4899,5.1449,6.0872,94,61.9332,0.658863829787234,0.63405,0.8207,0.857,completed,,,
21,known_visit,HIPC,bernoulli,drop_0.25,34,1156,14,10,hipc_g34_d85_bernoulli_drop_0_25,reruns\grid_density\scenarios\cv\known_visit_grid34_targets10_trials50.csv,11,5,1,0,6,0,0,3,1,1,5.0,1,0,24,14,10,246,37,83,202.3024,2.4373783132530122,2.0397,4.0442,6.2801,144.1681,1.7369650602409639,1.35,3.5956,5.4441,83,58.1343,0.7004132530120483,0.6783,0.841,0.9191,completed,,,
21,known_visit,HIPC,bernoulli,drop_0.25,34,1156,14,10,hipc_g34_d85_bernoulli_drop_0_25,reruns\grid_density\scenarios\cv\known_visit_grid34_targets10_trials50.csv,12,24,1,0,25,0,1,0,0,0,0.0,0,0,59,52,7,208,41,22,64.5767,2.9353045454545454,2.90075,4.4434,5.7018,48.3576,2.198072727272727,2.0901,3.6332,4.8732,22,16.2191,0.7372318181818183,0.7256499999999999,0.8413,0.8489,completed,,,
21,known_visit,HIPC,bernoulli,drop_0.25,34,1156,14,10,hipc_g34_d85_bernoulli_drop_0_25,reruns\grid_density\scenarios\cv\known_visit_grid34_targets10_trials50.csv,13,0,0,0,1,0,0,0,0,0,0.0,0,0,1,1,0,251,55,97,352.1298,3.6302041237113403,2.7062,6.7498,7.1264,281.8917,2.9061000000000003,2.0194,5.9701,6.3173,97,70.2381,0.7241041237113403,0.7174,0.8576,0.8837,completed,,,
22,known_visit,HIPC,bernoulli,drop_0.25,34,1156,14,10,hipc_g34_d85_bernoulli_drop_0_25,reruns\grid_density\scenarios\cv\known_visit_grid34_targets10_trials50.csv,00,2,0,0,3,0,1,0,0,0,0.0,0,0,10,6,4,219,34,101,194.7552,1.928269306930693,1.7387,3.7179,4.6016,127.84779999999999,1.2658198019801978,1.0893,3.0074,3.8682,101,66.9074,0.662449504950495,0.6729,0.7545,0.809,completed,,,
22,known_visit,HIPC,bernoulli,drop_0.25,34,1156,14,10,hipc_g34_d85_bernoulli_drop_0_25,reruns\grid_density\scenarios\cv\known_visit_grid34_targets10_trials50.csv,01,1,1,0,2,0,0,0,0,0,0.0,0,0,6,4,2,224,33,103,291.0007,2.8252495145631067,2.6152,4.72,5.3314,220.3999,2.139804854368932,1.8944,4.0216,4.6521,103,70.6008,0.6854446601941748,0.6955,0.7758,0.8458,completed,,,
22,known_visit,HIPC,bernoulli,drop_0.25,34,1156,14,10,hipc_g34_d85_bernoulli_drop_0_25,reruns\grid_density\scenarios\cv\known_visit_grid34_targets10_trials50.csv,02,24,2,0,25,0,0,0,0,0,0.0,0,0,59,50,9,170,34,28,40.248,1.4374285714285713,1.10855,3.2242,4.9619,22.4462,0.8016500000000001,0.47775,2.5364,4.2433,28,17.8018,0.6357785714285714,0.6278,0.7186,0.8062,completed,,,
22,known_visit,HIPC,bernoulli,drop_0.25,34,1156,14,10,hipc_g34_d85_bernoulli_drop_0_25,reruns\grid_density\scenarios\cv\known_visit_grid34_targets10_trials50.csv,03,0,0,0,1,0,0,0,0,0,0.0,0,0,1,1,0,225,37,105,526.5753,5.015002857142857,5.1569,6.6062,7.2169,452.0853,4.305574285714286,4.4761,5.8924,6.4559,105,74.49,0.7094285714285714,0.7057,0.8305,0.9221,completed,,,
22,known_visit,HIPC,bernoulli,drop_0.25,34,1156,14,10,hipc_g34_d85_bernoulli_drop_0_25,reruns\grid_density\scenarios\cv\known_visit_grid34_targets10_trials50.csv,04,0,0,0,1,0,0,0,0,0,0.0,0,0,1,1,0,229,33,105,299.0635,2.8482238095238093,2.5837,5.7691,6.6083,227.9536,2.1709866666666664,1.9102,5.0832,5.8596,105,71.1099,0.6772371428571429,0.6824,0.7693,0.8181,completed,,,
22,known_visit,HIPC,bernoulli,drop_0.25,34,1156,14,10,hipc_g34_d85_bernoulli_drop_0_25,reruns\grid_density\scenarios\cv\known_visit_grid34_targets10_trials50.csv,05,31,3,0,32,0,2,0,0,0,0.0,0,0,71,63,8,160,33,10,23.2909,2.32909,2.14775,4.2837,4.2837,16.6068,1.66068,1.4589,3.5558,3.5558,10,6.6841,0.66841,0.691,0.7279,0.7279,completed,,,
22,known_visit,HIPC,bernoulli,drop_0.25,34,1156,14,10,hipc_g34_d85_bernoulli_drop_0_25,reruns\grid_density\scenarios\cv\known_visit_grid34_targets10_trials50.csv,06,2,0,0,3,0,0,0,0,0,0.0,0,0,8,6,2,213,43,99,346.4209,3.4992010101010105,3.1708,5.3842,5.488,276.0292,2.788173737373737,2.4298,4.7007,4.7899,99,70.3917,0.7110272727272727,0.7107,0.8093,0.9196,completed,,,
22,known_visit,HIPC,bernoulli,drop_0.25,34,1156,14,10,hipc_g34_d85_bernoulli_drop_0_25,reruns\grid_density\scenarios\cv\known_visit_grid34_targets10_trials50.csv,07,2,0,0,3,0,1,0,0,0,0.0,0,0,12,7,5,208,43,101,214.8349,2.1270782178217824,1.9088,3.4777,4.9962,146.9539,1.454989108910891,1.249,2.7587,4.2548,101,67.881,0.6720891089108911,0.6808,0.7558,0.8148,completed,,,
22,known_visit,HIPC,bernoulli,drop_0.25,34,1156,14,10,hipc_g34_d85_bernoulli_drop_0_25,reruns\grid_density\scenarios\cv\known_visit_grid34_targets10_trials50.csv,08,30,2,0,31,0,0,0,0,0,0.0,0,0,68,62,6,165,31,8,21.9257,2.7407125,2.4021,6.0078,6.0078,16.773600000000002,2.0967000000000002,1.72855,5.3355,5.3355,8,5.1521,0.6440125,0.64785,0.7237,0.7237,completed,,,
22,known_visit,HIPC,bernoulli,drop_0.25,34,1156,14,10,hipc_g34_d85_bernoulli_drop_0_25,reruns\grid_density\scenarios\cv\known_visit_grid34_targets10_trials50.csv,09,0,0,0,1,0,0,0,0,0,0.0,0,0,1,1,0,211,52,105,331.8839,3.1607990476190473,2.9643,5.005,5.6995,258.4225,2.4611666666666667,2.2717,4.3027,4.977,105,73.4614,0.6996323809523809,0.6988,0.7964,0.9832,completed,,,
22,known_visit,HIPC,bernoulli,drop_0.25,34,1156,14,10,hipc_g34_d85_bernoulli_drop_0_25,reruns\grid_density\scenarios\cv\known_visit_grid34_targets10_trials50.csv,10,0,0,0,1,0,0,0,0,0,0.0,0,0,1,1,0,225,37,105,288.9624,2.7520228571428573,2.4473,5.3042,5.3996,218.1044,2.077184761904762,1.8,4.6307,4.7232,105,70.858,0.6748380952380952,0.6841,0.7724,0.8737,completed,,,
22,known_visit,HIPC,bernoulli,drop_0.25,34,1156,14,10,hipc_g34_d85_bernoulli_drop_0_25,reruns\grid_density\scenarios\cv\known_visit_grid34_targets10_trials50.csv,11,0,0,0,1,0,0,0,0,0,0.0,0,0,1,1,0,223,39,105,391.3185,3.7268428571428567,3.3585,6.3865,6.598,317.273,3.021647619047619,2.6683,5.6641,5.8869,105,74.0455,0.7051952380952381,0.7066,0.805,0.905,completed,,,
22,known_visit,HIPC,bernoulli,drop_0.25,34,1156,14,10,hipc_g34_d85_bernoulli_drop_0_25,reruns\grid_density\scenarios\cv\known_visit_grid34_targets10_trials50.csv,12,0,0,0,1,0,0,0,0,0,0.0,0,0,1,1,0,224,38,105,338.8907,3.227530476190476,2.9767,5.494,5.7332,265.1323,2.5250695238095235,2.2983,4.807,5.0376,105,73.7584,0.7024609523809523,0.7029,0.7912,0.8445,completed,,,
22,known_visit,HIPC,bernoulli,drop_0.25,34,1156,14,10,hipc_g34_d85_bernoulli_drop_0_25,reruns\grid_density\scenarios\cv\known_visit_grid34_targets10_trials50.csv,13,9,2,0,10,0,0,0,0,0,0.0,0,0,24,20,4,212,27,77,135.5179,1.7599727272727272,1.8185,2.4792,3.1389,84.6976,1.0999688311688312,1.1824,1.7963,2.4426,77,50.8203,0.6600038961038961,0.6418,0.7613,0.8159,completed,,,
23,known_visit,HIPC,bernoulli,drop_0.25,34,1156,14,10,hipc_g34_d85_bernoulli_drop_0_25,reruns\grid_density\scenarios\cv\known_visit_grid34_targets10_trials50.csv,00,0,0,0,1,0,0,0,0,0,0.0,0,0,1,1,0,261,47,106,337.1886,3.181024528301887,3.0905,4.8621,6.0904,260.8891,2.461217924528302,2.34535,4.0655,5.293,106,76.2995,0.7198066037735849,0.7311,0.8212,0.9153,completed,,,
23,known_visit,HIPC,bernoulli,drop_0.25,34,1156,14,10,hipc_g34_d85_bernoulli_drop_0_25,reruns\grid_density\scenarios\cv\known_visit_grid34_targets10_trials50.csv,01,1,0,0,2,0,0,0,0,0,0.0,0,0,7,4,3,262,39,104,325.6866,3.131601923076923,2.71045,5.6393,5.9774,253.2218,2.434825,1.9824,4.8283,5.0228,104,72.4648,0.6967769230769231,0.7101,0.842,0.9546,completed,,,
23,known_visit,HIPC,bernoulli,drop_0.25,34,1156,14,10,hipc_g34_d85_bernoulli_drop_0_25,reruns\grid_density\scenarios\cv\known_visit_grid34_targets10_trials50.csv,02,32,2,0,33,0,0,0,0,0,0.0,0,0,71,65,6,202,36,8,22.2795,2.7849375,2.2476,4.9794,4.9794,17.141199999999998,2.1426499999999997,1.6414499999999999,4.3808,4.3808,8,5.1383,0.6422875,0.6512,0.765,0.765,completed,,,
23,known_visit,HIPC,bernoulli,drop_0.25,34,1156,14,10,hipc_g34_d85_bernoulli_drop_0_25,reruns\grid_density\scenarios\cv\known_visit_grid34_targets10_trials50.csv,03,22,2,0,23,0,1,0,0,0,0.0,0,0,52,46,6,218,38,36,49.8056,1.3834888888888888,1.08585,3.8999,4.0693,27.1727,0.7547972222222222,0.4698,3.2773,3.2797,36,22.6329,0.6286916666666666,0.618,0.7833,0.792,completed,,,
23,known_visit,HIPC,bernoulli,drop_0.25,34,1156,14,10,hipc_g34_d85_bernoulli_drop_0_25,reruns\grid_density\scenarios\cv\known_visit_grid34_targets10_trials50.csv,04,2,1,0,3,0,0,0,0,0,0.0,0,0,10,6,4,255,43,100,310.8489,3.108489,2.6161000000000003,5.1988,5.3886,240.2302,2.402302,1.8906,4.4019,4.6127,100,70.6187,0.706187,0.70985,0.8036,0.896,completed,,,
23,known_visit,HIPC,bernoulli,drop_0.25,34,1156,14,10,hipc_g34_d85_bernoulli_drop_0_25,reruns\grid_density\scenarios\cv\known_visit_grid34_targets10_trials50.csv,05,0,0,0,1,0,0,0,0,0,0.0,0,0,1,1,0,269,38,106,337.3135,3.182202830188679,2.51465,6.0406,6.5956,264.11129999999997,2.4916160377358487,1.7810000000000001,5.28,5.8506,106,73.2022,0.6905867924528303,0.70905,0.8027,0.8888,completed,,,
23,known_visit,HIPC,bernoulli,drop_0.25,34,1156,14,10,hipc_g34_d85_bernoulli_drop_0_25,reruns\grid_density\scenarios\cv\known_visit_grid34_targets10_trials50.csv,06,0,0,0,1,0,0,0,0,0,0.0,0,0,1,1,0,263,44,106,274.2462,2.5872283018867925,1.8937,4.9827,6.5694,201.9373,1.9050688679245282,1.1773,4.1632,5.6978,106,72.3089,0.6821594339622641,0.69435,0.8106,0.8716,completed,,,
23,known_visit,HIPC,bernoulli,drop_0.25,34,1156,14,10,hipc_g34_d85_bernoulli_drop_0_25,reruns\grid_density\scenarios\cv\known_visit_grid34_targets10_trials50.csv,07,0,0,0,1,0,0,0,0,0,0.0,0,0,1,1,0,260,47,106,275.5086,2.5991377358490566,2.3055,4.5043,4.8652,201.0173,1.8963896226415096,1.57805,3.695,3.9849,106,74.4913,0.7027481132075472,0.724,0.8093,0.8803,completed,,,
23,known_visit,HIPC,bernoulli,drop_0.25,34,1156,14,10,hipc_g34_d85_bernoulli_drop_0_25,reruns\grid_density\scenarios\cv\known_visit_grid34_targets10_trials50.csv,08,0,0,0,1,0,0,0,0,0,0.0,0,0,1,1,0,261,46,106,299.1569,2.8222349056603773,2.33025,4.5249,5.5456,223.3978,2.1075264150943394,1.59275,3.7272,4.8072,106,75.7591,0.7147084905660378,0.7235,0.8132,1.0331,completed,,,
23,known_visit,HIPC,bernoulli,drop_0.25,34,1156,14,10,hipc_g34_d85_bernoulli_drop_0_25,reruns\grid_density\scenarios\cv\known_visit_grid34_targets10_trials50.csv,09,27,2,0,28,0,0,0,0,0,0.0,0,0,64,56,8,205,39,19,44.849,2.3604736842105263,1.8542,5.1555,5.1555,31.5872,1.6624842105263158,1.173,4.3572,4.3572,19,13.261800000000001,0.6979894736842106,0.6871,0.8887,0.8887,completed,,,
23,known_visit,HIPC,bernoulli,drop_0.25,34,1156,14,10,hipc_g34_d85_bernoulli_drop_0_25,reruns\grid_density\scenarios\cv\known_visit_grid34_targets10_trials50.csv,10,32,1,0,33,0,2,0,0,0,0.0,0,0,68,65,3,202,38,6,20.3589,3.39315,3.30065,5.3283,5.3283,16.1566,2.692766666666667,2.6847000000000003,4.5203,4.5203,6,4.2023,0.7003833333333334,0.7086,0.808,0.808,completed,,,
23,known_visit,HIPC,bernoulli,drop_0.25,34,1156,14,10,hipc_g34_d85_bernoulli_drop_0_25,reruns\grid_density\scenarios\cv\known_visit_grid34_targets10_trials50.csv,11,0,0,0,1,0,0,0,0,0,0.0,0,0,1,1,0,259,49,106,307.9305,2.905004716981132,2.2605,5.1268,5.8053,232.7609,2.1958575471698114,1.5326,4.3612,5.0067,106,75.1696,0.7091471698113208,0.7123999999999999,0.81,0.8524,completed,,,
23,known_visit,HIPC,bernoulli,drop_0.25,34,1156,14,10,hipc_g34_d85_bernoulli_drop_0_25,reruns\grid_density\scenarios\cv\known_visit_grid34_targets10_trials50.csv,12,12,2,0,13,0,0,0,0,0,0.0,0,0,30,26,4,233,46,69,143.5726,2.0807623188405797,1.9323,3.3472,4.9998,97.2458,1.4093594202898552,1.2409,2.6054,4.3821,69,46.3268,0.6714028985507247,0.6944,0.7867,0.8229,completed,,,
23,known_visit,HIPC,bernoulli,drop_0.25,34,1156,14,10,hipc_g34_d85_bernoulli_drop_0_25,reruns\grid_density\scenarios\cv\known_visit_grid34_targets10_trials50.csv,13,0,0,0,1,0,0,0,0,0,0.0,0,0,1,1,0,263,44,106,402.1607,3.7939688679245287,3.95145,5.9722,6.4696,325.5477,3.071204716981132,3.19955,5.2149,5.6941,106,76.613,0.7227641509433962,0.7375,0.8148,0.882,completed,,,
24,known_visit,HIPC,bernoulli,drop_0.25,34,1156,14,10,hipc_g34_d85_bernoulli_drop_0_25,reruns\grid_density\scenarios\cv\known_visit_grid34_targets10_trials50.csv,00,1,0,0,2,0,0,0,0,0,0.0,0,0,7,4,3,307,47,135,333.7917,2.472531111111111,2.813,4.167,5.246,241.6122,1.78972,2.0912,3.423,4.5653,135,92.1795,0.6828111111111111,0.6888,0.8106,0.8848,completed,,,
24,known_visit,HIPC,bernoulli,drop_0.25,34,1156,14,10,hipc_g34_d85_bernoulli_drop_0_25,reruns\grid_density\scenarios\cv\known_visit_grid34_targets10_trials50.csv,01,26,2,0,27,0,0,0,0,0,0.0,0,0,58,54,4,256,47,52,81.41760000000001,1.565723076923077,1.424,3.0316,4.4625,47.36,0.9107692307692308,0.7719,2.3273,3.7319,52,34.0576,0.6549538461538462,0.65015,0.744,0.7592,completed,,,
24,known_visit,HIPC,bernoulli,drop_0.25,34,1156,14,10,hipc_g34_d85_bernoulli_drop_0_25,reruns\grid_density\scenarios\cv\known_visit_grid34_targets10_trials50.csv,02,0,0,0,1,0,0,0,0,0,0.0,0,0,1,1,0,315,45,137,386.3592,2.8201401459854014,3.209,4.4795,5.7157,292.5823,2.135637226277372,2.6004,3.7462,4.7343,137,93.7769,0.6845029197080292,0.6949,0.8036,0.9814,completed,,,
24,known_visit,HIPC,bernoulli,drop_0.25,34,1156,14,10,hipc_g34_d85_bernoulli_drop_0_25,reruns\grid_density\scenarios\cv\known_visit_grid34_targets10_trials50.csv,03,0,0,0,1,0,0,0,0,0,0.0,0,0,1,1,0,305,55,138,378.1543,2.7402485507246377,3.1184000000000003,4.9161,7.0135,285.8309,2.0712384057971014,2.4055,4.1745,6.2951,138,92.3234,0.6690101449275363,0.6652,0.8017,0.9239,completed,,,
24,known_visit,HIPC,bernoulli,drop_0.25,34,1156,14,10,hipc_g34_d85_bernoulli_drop_0_25,reruns\grid_density\scenarios\cv\known_visit_grid34_targets10_trials50.csv,04,0,0,0,1,0,0,0,0,0,0.0,0,0,1,1,0,314,46,138,475.1981,3.4434644927536233,3.8398,5.862,6.3641,380.4442,2.7568420289855076,3.15805,5.1125,5.5215,138,94.7539,0.686622463768116,0.6998500000000001,0.7846,1.0086,completed,,,
24,known_visit,HIPC,bernoulli,drop_0.25,34,1156,14,10,hipc_g34_d85_bernoulli_drop_0_25,reruns\grid_density\scenarios\cv\known_visit_grid34_targets10_trials50.csv,05,27,1,0,28,0,0,0,0,0,0.0,0,0,60,56,4,271,30,51,75.7024,1.4843607843137254,1.3705,2.9672,4.4451,42.0038,0.8236039215686274,0.7073,2.366,3.6998,51,33.6986,0.660756862745098,0.6525,0.7615,0.7835,completed,,,
24,known_visit,HIPC,bernoulli,drop_0.25,34,1156,14,10,hipc_g34_d85_bernoulli_drop_0_25,reruns\grid_density\scenarios\cv\known_visit_grid34_targets10_trials50.csv,06,0,0,0,1,0,0,0,0,0,0.0,0,0,1,1,0,299,61,138,386.1087,2.7978891304347826,3.03875,4.6559,5.7865,291.7593,2.1141978260869565,2.30635,3.9006,5.0744,138,94.3494,0.6836913043478261,0.6839,0.7979,0.9275,completed,,,
24,known_visit,HIPC,bernoulli,drop_0.25,34,1156,14,10,hipc_g34_d85_bernoulli_drop_0_25,reruns\grid_density\scenarios\cv\known_visit_grid34_targets10_trials50.csv,07,40,4,0,41,0,3,0,0,0,0.0,0,0,94,81,13,234,34,7,21.848300000000002,3.1211857142857147,3.0042,5.1957,5.1957,17.0031,2.4290142857142856,2.3898,4.457,4.457,7,4.8452,0.6921714285714285,0.7031,0.7387,0.7387,completed,,,
24,known_visit,HIPC,bernoulli,drop_0.25,34,1156,14,10,hipc_g34_d85_bernoulli_drop_0_25,reruns\grid_density\scenarios\cv\known_visit_grid34_targets10_trials50.csv,08,0,0,0,1,0,0,0,0,0,0.0,0,0,1,1,0,311,50,138,445.1621,3.2258123188405796,3.6873,5.3011,6.8276,349.6542,2.5337260869565217,3.04065,4.5389,6.0467,138,95.5079,0.692086231884058,0.68815,0.7809,0.9177,completed,,,
24,known_visit,HIPC,bernoulli,drop_0.25,34,1156,14,10,hipc_g34_d85_bernoulli_drop_0_25,reruns\grid_density\scenarios\cv\known_visit_grid34_targets10_trials50.csv,09,0,0,0,1,0,0,0,0,0,0.0,0,0,1,1,0,309,51,138,348.4384,2.5249159420289855,2.93425,4.5188,5.1013,255.7955,1.8535905797101448,2.2264,3.7821,4.2573,138,92.6429,0.6713253623188405,0.68205,0.7781,0.8478,completed,,,
24,known_visit,HIPC,bernoulli,drop_0.25,34,1156,14,10,hipc_g34_d85_bernoulli_drop_0_25,reruns\grid_density\scenarios\cv\known_visit_grid34_targets10_trials50.csv,10,0,0,0,1,0,0,0,0,0,0.0,0,0,1,1,0,321,39,137,411.5729,3.0041817518248175,3.3769,5.2065,6.8519,318.6437,2.3258664233576645,2.6503,4.4697,6.0802,137,92.9292,0.6783153284671533,0.6826,0.821,0.8593,completed,,,
24,known_visit,HIPC,bernoulli,drop_0.25,34,1156,14,10,hipc_g34_d85_bernoulli_drop_0_25,reruns\grid_density\scenarios\cv\known_visit_grid34_targets10_trials50.csv,11,20,0,0,21,0,2,0,0,0,0.0,0,0,51,42,9,268,43,73,170.4865,2.335431506849315,1.9193,3.9977,4.6448,120.073,1.644835616438356,1.2005,3.2086,3.9241,73,50.4135,0.6905958904109589,0.699,0.7891,0.835,completed,,,
24,known_visit,HIPC,bernoulli,drop_0.25,34,1156,14,10,hipc_g34_d85_bernoulli_drop_0_25,reruns\grid_density\scenarios\cv\known_visit_grid34_targets10_trials50.csv,12,4,1,0,5,0,0,0,0,0,0.0,0,0,13,10,3,298,50,125,349.485,2.79588,3.1948,4.176,4.769,264.3598,2.1148784000000003,2.4613,3.4016,4.0377,125,85.1252,0.6810016000000001,0.6905,0.797,0.868,completed,,,
24,known_visit,HIPC,bernoulli,drop_0.25,34,1156,14,10,hipc_g34_d85_bernoulli_drop_0_25,reruns\grid_density\scenarios\cv\known_visit_grid34_targets10_trials50.csv,13,29,2,0,30,0,2,0,0,0,0.0,0,0,72,60,12,242,47,45,60.9348,1.3541066666666668,1.061,3.8908,4.3025,32.7586,0.7279688888888889,0.4574,3.1633,3.554,45,28.1762,0.6261377777777778,0.619,0.7331,0.7769,completed,,,
25,known_visit,HIPC,bernoulli,drop_0.25,34,1156,14,10,hipc_g34_d85_bernoulli_drop_0_25,reruns\grid_density\scenarios\cv\known_visit_grid34_targets10_trials50.csv,00,25,1,0,26,0,0,0,0,0,0.0,0,0,57,52,5,274,55,81,116.0891,1.4331987654320988,1.0805,2.2668,4.9659,66.3255,0.8188333333333334,0.4778,1.6387,4.2124,81,49.7636,0.6143654320987654,0.6001,0.745,0.812,completed,,,
25,known_visit,HIPC,bernoulli,drop_0.25,34,1156,14,10,hipc_g34_d85_bernoulli_drop_0_25,reruns\grid_density\scenarios\cv\known_visit_grid34_targets10_trials50.csv,01,0,0,0,1,0,0,0,0,0,0.0,0,0,1,1,0,322,63,162,447.1586,2.7602382716049383,2.34025,6.3203,6.7632,339.2419,2.094085802469136,1.67625,5.5758,5.9837,162,107.9167,0.6661524691358025,0.6496999999999999,0.7984,0.8768,completed,,,
25,known_visit,HIPC,bernoulli,drop_0.25,34,1156,14,10,hipc_g34_d85_bernoulli_drop_0_25,reruns\grid_density\scenarios\cv\known_visit_grid34_targets10_trials50.csv,02,1,0,0,2,0,0,0,0,0,0.0,0,0,7,4,3,318,60,159,486.8816,3.062148427672956,2.7957,6.2746,6.7672,378.4347,2.3800924528301888,2.1635,5.5467,5.9691,159,108.4469,0.6820559748427673,0.6777,0.808,0.9086,completed,,,
25,known_visit,HIPC,bernoulli,drop_0.25,34,1156,14,10,hipc_g34_d85_bernoulli_drop_0_25,reruns\grid_density\scenarios\cv\known_visit_grid34_targets10_trials50.csv,03,41,4,0,42,0,2,0,0,0,0.0,0,0,97,84,13,249,39,27,42.3192,1.5673777777777778,0.8877,5.0865,5.6396,26.0771,0.9658185185185185,0.3025,4.3445,4.8581,27,16.2421,0.6015592592592592,0.577,0.7685,0.7815,completed,,,
25,known_visit,HIPC,bernoulli,drop_0.25,34,1156,14,10,hipc_g34_d85_bernoulli_drop_0_25,reruns\grid_density\scenarios\cv\known_visit_grid34_targets10_trials50.csv,04,6,0,1,6,1,0,0,0,0,0.0,0,0,16,14,2,312,57,142,393.8715,2.773742957746479,1.87135,5.2381,5.8521,293.045,2.0636971830985917,1.1094499999999998,4.4824,5.0874,142,100.8265,0.7100457746478873,0.70025,0.8307,0.962,completed,,,
25,known_visit,HIPC,bernoulli,drop_0.25,34,1156,14,10,hipc_g34_d85_bernoulli_drop_0_25,reruns\grid_density\scenarios\cv\known_visit_grid34_targets10_trials50.csv,05,0,0,0,1,0,0,0,0,0,0.0,0,0,1,1,0,323,62,162,372.7662,2.3010259259259263,1.8338,4.6865,5.1981,264.7662,1.6343592592592595,1.17895,3.9309,4.3609,162,108.0,0.6666666666666666,0.6642,0.812,0.9196,completed,,,
25,known_visit,HIPC,bernoulli,drop_0.25,34,1156,14,10,hipc_g34_d85_bernoulli_drop_0_25,reruns\grid_density\scenarios\cv\known_visit_grid34_targets10_trials50.csv,06,9,1,0,10,0,0,0,0,0,0.0,0,0,26,20,6,310,49,132,338.9374,2.567707575757576,2.3016,4.4832,5.3093,246.9831,1.871084090909091,1.64675,3.6632,4.5283,132,91.9543,0.6966234848484849,0.68305,0.8113,0.9756,completed,,,
25,known_visit,HIPC,bernoulli,drop_0.25,34,1156,14,10,hipc_g34_d85_bernoulli_drop_0_25,reruns\grid_density\scenarios\cv\known_visit_grid34_targets10_trials50.csv,07,0,0,0,1,0,0,0,0,0,0.0,0,0,1,1,0,322,63,162,404.8485,2.499064814814815,2.17895,5.8053,6.3356,298.1215,1.8402561728395064,1.53305,5.0677,5.5746,162,106.727,0.6588086419753086,0.6527499999999999,0.8027,0.9148,completed,,,
25,known_visit,HIPC,bernoulli,drop_0.25,34,1156,14,10,hipc_g34_d85_bernoulli_drop_0_25,reruns\grid_density\scenarios\cv\known_visit_grid34_targets10_trials50.csv,08,0,0,0,1,0,0,0,0,0,0.0,0,0,1,1,0,335,49,162,537.3532,3.316995061728395,2.94895,6.9553,8.7482,422.9985,2.611101851851852,2.33535,6.044,6.599,162,114.3547,0.7058932098765431,0.6798,0.8073,4.7832,completed,,,
25,known_visit,HIPC,bernoulli,drop_0.25,34,1156,14,10,hipc_g34_d85_bernoulli_drop_0_25,reruns\grid_density\scenarios\cv\known_visit_grid34_targets10_trials50.csv,09,0,0,0,1,0,0,0,0,0,0.0,0,0,1,1,0,340,44,162,419.3458,2.5885543209876545,2.061,5.571,6.4961,312.7232,1.9303901234567902,1.40875,4.8145,5.6573,162,106.6226,0.6581641975308642,0.6517999999999999,0.8115,0.9546,completed,,,
25,known_visit,HIPC,bernoulli,drop_0.25,34,1156,14,10,hipc_g34_d85_bernoulli_drop_0_25,reruns\grid_density\scenarios\cv\known_visit_grid34_targets10_trials50.csv,10,48,4,0,49,0,0,0,0,0,0.0,0,0,104,97,7,241,41,8,24.4015,3.0501875,3.02095,5.277,5.277,18.9764,2.37205,2.2916499999999997,4.599,4.599,8,5.4251000000000005,0.6781375000000001,0.6759,0.7924,0.7924,completed,,,
25,known_visit,HIPC,bernoulli,drop_0.25,34,1156,14,10,hipc_g34_d85_bernoulli_drop_0_25,reruns\grid_density\scenarios\cv\known_visit_grid34_targets10_trials50.csv,11,0,0,0,1,0,0,0,0,0,0.0,0,0,1,1,0,333,52,162,505.6493,3.1212919753086417,2.8392,5.8965,6.4042,394.7763,2.4368907407407407,2.1513,5.1592,5.5788,162,110.873,0.6844012345679013,0.68525,0.82,0.9237,completed,,,
25,known_visit,HIPC,bernoulli,drop_0.25,34,1156,14,10,hipc_g34_d85_bernoulli_drop_0_25,reruns\grid_density\scenarios\cv\known_visit_grid34_targets10_trials50.csv,12,19,0,0,20,0,2,0,0,0,0.0,0,0,47,40,7,299,40,101,179.3138,1.7753841584158414,1.398,3.3867,5.2231,114.7434,1.1360732673267326,0.786,2.6371,4.4418,101,64.57039999999999,0.6393108910891089,0.612,0.7916,0.9012,completed,,,
25,known_visit,HIPC,bernoulli,drop_0.25,34,1156,14,10,hipc_g34_d85_bernoulli_drop_0_25,reruns\grid_density\scenarios\cv\known_visit_grid34_targets10_trials50.csv,13,9,0,0,10,0,1,0,0,0,0.0,0,0,26,20,6,297,62,133,373.6747,2.8095842105263156,2.3871,4.5777,5.4866,282.303,2.122578947368421,1.7009,3.8865,4.6054,133,91.3717,0.6870052631578948,0.671,0.82,0.9456,completed,,,
26,known_visit,HIPC,bernoulli,drop_0.25,34,1156,14,10,hipc_g34_d85_bernoulli_drop_0_25,reruns\grid_density\scenarios\cv\known_visit_grid34_targets10_trials50.csv,00,3,1,0,4,0,0,0,0,0,0.0,0,0,10,8,2,279,57,135,278.446,2.0625629629629634,1.7915,4.2718,4.6297,192.1166,1.4230859259259259,1.0917,3.515,3.7885,135,86.3294,0.6394770370370371,0.6564,0.7669,0.8412,completed,,,
26,known_visit,HIPC,bernoulli,drop_0.25,34,1156,14,10,hipc_g34_d85_bernoulli_drop_0_25,reruns\grid_density\scenarios\cv\known_visit_grid34_targets10_trials50.csv,01,37,2,0,38,0,1,0,0,0,0.0,0,0,86,77,9,226,34,26,40.5281,1.558773076923077,0.6612,5.5386,5.9841,25.5843,0.9840115384615384,0.1423,4.8195,5.2218,26,14.9438,0.5747615384615384,0.51685,0.7639,0.7679,completed,,,
26,known_visit,HIPC,bernoulli,drop_0.25,34,1156,14,10,hipc_g34_d85_bernoulli_drop_0_25,reruns\grid_density\scenarios\cv\known_visit_grid34_targets10_trials50.csv,02,15,3,0,16,0,1,0,0,0,0.0,0,0,39,32,7,258,49,99,163.5273,1.651790909090909,1.5404,2.6483,5.5595,101.2821,1.0230515151515152,0.8886,2.181,4.7997,99,62.2452,0.6287393939393939,0.6462,0.7598,0.8315,completed,,,
26,known_visit,HIPC,bernoulli,drop_0.25,34,1156,14,10,hipc_g34_d85_bernoulli_drop_0_25,reruns\grid_density\scenarios\cv\known_visit_grid34_targets10_trials50.csv,03,6,0,0,7,0,1,0,0,0,0.0,0,0,19,14,5,279,48,127,341.5513,2.6893803149606303,2.2458,4.6329,5.3949,257.185,2.0250787401574804,1.5038,4.016,4.636,127,84.3663,0.6643015748031496,0.6804,0.7597,0.8659,completed,,,
26,known_visit,HIPC,bernoulli,drop_0.25,34,1156,14,10,hipc_g34_d85_bernoulli_drop_0_25,reruns\grid_density\scenarios\cv\known_visit_grid34_targets10_trials50.csv,04,0,0,0,1,0,0,0,0,0,0.0,0,0,1,1,0,287,58,145,383.9022,2.647601379310345,2.0097,6.5168,7.4363,290.5972,2.0041186206896553,1.3203,5.8264,6.696,145,93.305,0.6434827586206897,0.6478,0.7736,0.9151,completed,,,
26,known_visit,HIPC,bernoulli,drop_0.25,34,1156,14,10,hipc_g34_d85_bernoulli_drop_0_25,reruns\grid_density\scenarios\cv\known_visit_grid34_targets10_trials50.csv,05,0,0,0,1,0,0,0,0,0,0.0,0,0,1,1,0,289,56,145,274.197,1.8910137931034483,1.131,5.4654,6.0967,185.3542,1.2783048275862068,0.498,4.7557,5.2945,145,88.8428,0.6127089655172414,0.6138,0.7752,0.8963,completed,,,
26,known_visit,HIPC,bernoulli,drop_0.25,34,1156,14,10,hipc_g34_d85_bernoulli_drop_0_25,reruns\grid_density\scenarios\cv\known_visit_grid34_targets10_trials50.csv,06,0,0,0,1,0,0,0,0,0,0.0,0,0,1,1,0,288,57,145,303.6602,2.094208275862069,1.4402,5.3446,6.2931,212.7339,1.4671303448275863,0.7832,4.6607,5.5406,145,90.9263,0.6270779310344827,0.6363,0.7645,0.8267,completed,,,
26,known_visit,HIPC,bernoulli,drop_0.25,34,1156,14,10,hipc_g34_d85_bernoulli_drop_0_25,reruns\grid_density\scenarios\cv\known_visit_grid34_targets10_trials50.csv,07,43,2,0,44,0,2,0,0,0,0.0,0,0,99,87,12,200,48,7,21.7805,3.1115,2.7776,4.4428,4.4428,17.0122,2.4303142857142856,2.0744,3.7565,3.7565,7,4.7683,0.6811857142857143,0.7292,0.7598,0.7598,completed,,,
26,known_visit,HIPC,bernoulli,drop_0.25,34,1156,14,10,hipc_g34_d85_bernoulli_drop_0_25,reruns\grid_density\scenarios\cv\known_visit_grid34_targets10_trials50.csv,08,0,0,0,1,0,0,0,0,0,0.0,0,0,1,1,0,290,55,145,266.0732,1.8349875862068965,1.1367,4.6238,5.9048,175.9485,1.2134379310344827,0.4914,3.8626,5.1453,145,90.1247,0.6215496551724138,0.6309,0.7638,0.797,completed,,,
26,known_visit,HIPC,bernoulli,drop_0.25,34,1156,14,10,hipc_g34_d85_bernoulli_drop_0_25,reruns\grid_density\scenarios\cv\known_visit_grid34_targets10_trials50.csv,09,13,1,0,14,0,2,0,0,0,0.0,0,0,37,28,9,264,46,106,207.5994,1.9584849056603775,1.91855,2.5271,5.9868,137.8062,1.3000584905660377,1.2416,1.8161,5.228,106,69.7932,0.6584264150943396,0.68715,0.7704,0.8147,completed,,,
26,known_visit,HIPC,bernoulli,drop_0.25,34,1156,14,10,hipc_g34_d85_bernoulli_drop_0_25,reruns\grid_density\scenarios\cv\known_visit_grid34_targets10_trials50.csv,10,14,1,0,15,0,2,0,0,0,0.0,0,0,39,31,8,272,35,103,149.7619,1.4539990291262135,1.1696,2.8728,6.4626,87.0956,0.8455883495145632,0.5366,2.4294,5.698,103,62.6663,0.6084106796116505,0.6345,0.7646,0.9105,completed,,,
26,known_visit,HIPC,bernoulli,drop_0.25,34,1156,14,10,hipc_g34_d85_bernoulli_drop_0_25,reruns\grid_density\scenarios\cv\known_visit_grid34_targets10_trials50.csv,11,1,0,0,2,0,0,0,0,0,0.0,0,0,6,4,2,289,52,143,366.7607,2.5647601398601396,1.9703,5.3164,6.512,275.6903,1.9279041958041956,1.2656,4.559,5.7515,143,91.0704,0.6368559440559441,0.6507,0.7605,0.9118,completed,,,
26,known_visit,HIPC,bernoulli,drop_0.25,34,1156,14,10,hipc_g34_d85_bernoulli_drop_0_25,reruns\grid_density\scenarios\cv\known_visit_grid34_targets10_trials50.csv,12,0,0,0,1,0,0,0,0,0,0.0,0,0,1,1,0,286,60,145,300.4405,2.072003448275862,1.4906,4.9514,6.2447,209.3808,1.4440055172413793,0.8405,4.1908,5.4081,145,91.0597,0.6279979310344828,0.6378,0.7835,0.8876,completed,,,
26,known_visit,HIPC,bernoulli,drop_0.25,34,1156,14,10,hipc_g34_d85_bernoulli_drop_0_25,reruns\grid_density\scenarios\cv\known_visit_grid34_targets10_trials50.csv,13,1,0,0,2,0,0,0,0,0,0.0,0,0,7,4,3,286,53,143,359.8636,2.5165286713286714,1.9714,5.0829,6.3688,267.6621,1.8717629370629372,1.2713,4.2797,5.6091,143,92.2015,0.6447657342657342,0.6686,0.7672,0.8133,completed,,,
27,known_visit,HIPC,bernoulli,drop_0.25,34,1156,14,10,hipc_g34_d85_bernoulli_drop_0_25,reruns\grid_density\scenarios\cv\known_visit_grid34_targets10_trials50.csv,00,1,0,0,2,0,0,0,0,0,0.0,0,0,7,4,3,292,47,138,248.5081,1.8007833333333334,1.7805,3.9097,6.6273,160.3966,1.1622942028985508,1.1393,3.1967,5.8435,138,88.1115,0.6384891304347826,0.64,0.7236,0.7966,completed,,,
27,known_visit,HIPC,bernoulli,drop_0.25,34,1156,14,10,hipc_g34_d85_bernoulli_drop_0_25,reruns\grid_density\scenarios\cv\known_visit_grid34_targets10_trials50.csv,01,0,0,0,1,0,0,0,0,0,0.0,0,0,1,1,0,292,53,140,288.3667,2.0597621428571427,1.9450500000000002,4.1364,6.079,199.3377,1.4238407142857143,1.2706499999999998,3.4607,5.3623,140,89.029,0.6359214285714285,0.64725,0.7167,0.8303,completed,,,
27,known_visit,HIPC,bernoulli,drop_0.25,34,1156,14,10,hipc_g34_d85_bernoulli_drop_0_25,reruns\grid_density\scenarios\cv\known_visit_grid34_targets10_trials50.csv,02,0,0,0,1,0,0,0,0,0,0.0,0,0,1,1,0,283,62,140,258.2713,1.844795,1.71065,3.9287,5.7438,169.2128,1.208662857142857,1.064,3.2237,5.0569,140,89.0585,0.6361321428571428,0.64365,0.732,0.8397,completed,,,
27,known_visit,HIPC,bernoulli,drop_0.25,34,1156,14,10,hipc_g34_d85_bernoulli_drop_0_25,reruns\grid_density\scenarios\cv\known_visit_grid34_targets10_trials50.csv,03,0,0,0,1,0,0,0,0,0,0.0,0,0,1,1,0,299,46,140,228.8256,1.6344685714285714,1.6141999999999999,3.5668,5.0992,140.8954,1.0063957142857143,0.9744999999999999,2.8046,4.4834,140,87.9302,0.6280728571428571,0.6349,0.7175,0.8093,completed,,,
27,known_visit,HIPC,bernoulli,drop_0.25,34,1156,14,10,hipc_g34_d85_bernoulli_drop_0_25,reruns\grid_density\scenarios\cv\known_visit_grid34_targets10_trials50.csv,04,0,0,0,1,0,0,0,0,0,0.0,0,0,1,1,0,287,58,140,311.8241,2.227315,2.2061,4.3962,5.6479,218.9219,1.563727857142857,1.5245,3.7797,4.8227,140,92.9022,0.6635871428571428,0.66435,0.7281,0.8252,completed,,,
27,known_visit,HIPC,bernoulli,drop_0.25,34,1156,14,10,hipc_g34_d85_bernoulli_drop_0_25,reruns\grid_density\scenarios\cv\known_visit_grid34_targets10_trials50.csv,05,41,4,0,42,0,0,0,0,0,0.0,0,0,92,83,9,213,42,6,12.5516,2.0919333333333334,1.902,3.4716,3.4716,8.5339,1.4223166666666665,1.2435,2.7515,2.7515,6,4.0177,0.6696166666666666,0.67155,0.7201,0.7201,completed,,,
27,known_visit,HIPC,bernoulli,drop_0.25,34,1156,14,10,hipc_g34_d85_bernoulli_drop_0_25,reruns\grid_density\scenarios\cv\known_visit_grid34_targets10_trials50.csv,06,5,0,1,2,4,0,0,0,0,0.0,0,0,14,12,2,282,51,124,240.047,1.9358629032258063,1.1632,5.0595,6.2424,163.4133,1.3178491935483871,0.55135,4.4477,5.5592,124,76.6337,0.6180137096774194,0.6044499999999999,0.7065,0.7194,completed,,,
27,known_visit,HIPC,bernoulli,drop_0.25,34,1156,14,10,hipc_g34_d85_bernoulli_drop_0_25,reruns\grid_density\scenarios\cv\known_visit_grid34_targets10_trials50.csv,07,3,1,0,4,0,0,0,0,0,0.0,0,0,11,8,3,285,51,130,234.0538,1.8004138461538461,1.7056,4.3071,4.5911,151.5232,1.165563076923077,1.05745,3.6291,3.9731,130,82.5306,0.6348507692307693,0.647,0.7222,0.7935,completed,,,
27,known_visit,HIPC,bernoulli,drop_0.25,34,1156,14,10,hipc_g34_d85_bernoulli_drop_0_25,reruns\grid_density\scenarios\cv\known_visit_grid34_targets10_trials50.csv,08,0,0,0,1,0,0,0,0,0,0.0,0,0,1,1,0,289,56,140,352.5886,2.51849,2.5321499999999997,4.9348,5.4932,261.6276,1.8687685714285713,1.86745,4.2393,4.8046,140,90.961,0.6497214285714286,0.66305,0.7189,0.8478,completed,,,
27,known_visit,HIPC,bernoulli,drop_0.25,34,1156,14,10,hipc_g34_d85_bernoulli_drop_0_25,reruns\grid_density\scenarios\cv\known_visit_grid34_targets10_trials50.csv,09,3,0,0,4,0,1,0,0,0,0.0,0,0,12,8,4,284,50,131,401.9298,3.0681664122137406,3.1347,5.8553,6.598,315.0634,2.4050641221374045,2.4815,5.1794,5.8952,131,86.8664,0.6631022900763359,0.6745,0.7312,0.7938,completed,,,
27,known_visit,HIPC,bernoulli,drop_0.25,34,1156,14,10,hipc_g34_d85_bernoulli_drop_0_25,reruns\grid_density\scenarios\cv\known_visit_grid34_targets10_trials50.csv,10,11,0,0,12,0,5,1,1,0,0.0,0,0,44,24,20,256,47,110,174.601,1.5872818181818182,1.4271,2.6015,5.1773,105.7661,0.96151,0.82165,1.9293,4.5133,110,68.8349,0.6257718181818183,0.6124499999999999,0.7046,0.7854,completed,,,
27,known_visit,HIPC,bernoulli,drop_0.25,34,1156,14,10,hipc_g34_d85_bernoulli_drop_0_25,reruns\grid_density\scenarios\cv\known_visit_grid34_targets10_trials50.csv,11,29,3,0,30,0,1,0,0,0,0.0,0,0,75,60,15,229,42,49,59.2247,1.2086673469387754,0.8572,3.4015,4.1138,29.6154,0.604395918367347,0.2623,2.663,3.4297,49,29.6093,0.6042714285714286,0.5926,0.709,0.7385,completed,,,
27,known_visit,HIPC,bernoulli,drop_0.25,34,1156,14,10,hipc_g34_d85_bernoulli_drop_0_25,reruns\grid_density\scenarios\cv\known_visit_grid34_targets10_trials50.csv,12,3,0,0,4,0,0,0,0,0,0.0,0,0,11,8,3,281,54,130,224.8571,1.72967,1.40055,3.9595,4.5525,144.1785,1.1090653846153846,0.8048500000000001,3.2442,3.9354,130,80.6786,0.6206046153846154,0.613,0.7157,0.7681,completed,,,
27,known_visit,HIPC,bernoulli,drop_0.25,34,1156,14,10,hipc_g34_d85_bernoulli_drop_0_25,reruns\grid_density\scenarios\cv\known_visit_grid34_targets10_trials50.csv,13,32,2,1,30,3,0,0,0,0,0.0,0,0,76,67,9,230,41,36,51.2374,1.423261111111111,1.07295,3.7537,4.5921,29.2701,0.8130583333333333,0.4656,3.0509,3.9016,36,21.967299999999998,0.6102027777777778,0.60075,0.6982,0.7028,completed,,,
28,known_visit,HIPC,bernoulli,drop_0.25,34,1156,14,10,hipc_g34_d85_bernoulli_drop_0_25,reruns\grid_density\scenarios\cv\known_visit_grid34_targets10_trials50.csv,00,0,0,0,1,0,0,0,0,0,0.0,0,0,1,1,0,262,48,129,393.5191,3.0505356589147286,2.6029,5.6849,6.4283,307.485,2.383604651162791,1.8794,5.0404,5.6721,129,86.0341,0.6669310077519379,0.6814,0.7825,0.8686,completed,,,
28,known_visit,HIPC,bernoulli,drop_0.25,34,1156,14,10,hipc_g34_d85_bernoulli_drop_0_25,reruns\grid_density\scenarios\cv\known_visit_grid34_targets10_trials50.csv,01,38,4,0,39,0,0,0,0,0,0.0,0,0,86,77,9,195,30,9,23.479499999999998,2.608833333333333,2.3042,4.7002,4.7002,17.394,1.9326666666666665,1.6317,3.9542,3.9542,9,6.0855,0.6761666666666666,0.6725,0.746,0.746,completed,,,
28,known_visit,HIPC,bernoulli,drop_0.25,34,1156,14,10,hipc_g34_d85_bernoulli_drop_0_25,reruns\grid_density\scenarios\cv\known_visit_grid34_targets10_trials50.csv,02,17,1,0,18,0,2,0,0,0,0.0,0,0,47,37,10,225,39,74,153.8158,2.0785918918918918,1.35535,4.6305,5.3689,106.2846,1.4362783783783784,0.72855,3.8428,4.5028,74,47.5312,0.6423135135135135,0.62155,0.8363,0.8661,completed,,,
28,known_visit,HIPC,bernoulli,drop_0.25,34,1156,14,10,hipc_g34_d85_bernoulli_drop_0_25,reruns\grid_density\scenarios\cv\known_visit_grid34_targets10_trials50.csv,03,4,0,1,4,1,0,0,0,0,0.0,0,0,16,11,5,257,37,118,340.7936,2.888081355932204,2.61615,6.0677,6.5884,263.3445,2.2317330508474575,1.8809,5.358,5.8248,118,77.4491,0.6563483050847457,0.6602,0.7806,0.8302,completed,,,
28,known_visit,HIPC,bernoulli,drop_0.25,34,1156,14,10,hipc_g34_d85_bernoulli_drop_0_25,reruns\grid_density\scenarios\cv\known_visit_grid34_targets10_trials50.csv,04,0,0,0,1,0,0,0,0,0,0.0,0,0,1,1,0,258,51,129,392.6757,3.0439976744186046,2.614,5.9869,6.6708,306.3826,2.3750589147286822,1.8708,5.2397,5.9313,129,86.2931,0.6689387596899224,0.6825,0.7913,0.891,completed,,,
28,known_visit,HIPC,bernoulli,drop_0.25,34,1156,14,10,hipc_g34_d85_bernoulli_drop_0_25,reruns\grid_density\scenarios\cv\known_visit_grid34_targets10_trials50.csv,05,12,1,0,13,0,0,0,0,0,0.0,0,0,31,26,5,233,46,92,210.9041,2.2924358695652174,1.94915,3.9279,5.3111,149.0641,1.620261956521739,1.3955,3.1239,4.6669,92,61.84,0.6721739130434783,0.66845,0.8307,0.905,completed,,,
28,known_visit,HIPC,bernoulli,drop_0.25,34,1156,14,10,hipc_g34_d85_bernoulli_drop_0_25,reruns\grid_density\scenarios\cv\known_visit_grid34_targets10_trials50.csv,06,0,0,0,1,0,0,0,0,0,0.0,0,0,1,1,0,267,42,129,441.8878,3.4254868217054266,3.6939,5.4937,5.8103,355.9762,2.759505426356589,2.9391,4.7504,5.0504,129,85.91159999999999,0.6659813953488372,0.6866,0.7753,0.9282,completed,,,
28,known_visit,HIPC,bernoulli,drop_0.25,34,1156,14,10,hipc_g34_d85_bernoulli_drop_0_25,reruns\grid_density\scenarios\cv\known_visit_grid34_targets10_trials50.csv,07,31,2,0,32,0,0,0,0,0,0.0,0,0,72,64,8,199,39,31,41.5295,1.3396612903225806,0.9098,4.043,4.0667,22.9406,0.7400193548387096,0.2989,3.4354,3.4454,31,18.5889,0.5996419354838709,0.5976,0.7014,0.8185,completed,,,
28,known_visit,HIPC,bernoulli,drop_0.25,34,1156,14,10,hipc_g34_d85_bernoulli_drop_0_25,reruns\grid_density\scenarios\cv\known_visit_grid34_targets10_trials50.csv,08,0,0,0,1,0,0,0,0,0,0.0,0,0,1,1,0,263,47,129,421.2909,3.2658209302325583,3.0893,4.9975,5.1838,330.5191,2.5621635658914728,2.3486,4.3554,4.5471,129,90.7718,0.7036573643410853,0.7222,0.7906,0.887,completed,,,
28,known_visit,HIPC,bernoulli,drop_0.25,34,1156,14,10,hipc_g34_d85_bernoulli_drop_0_25,reruns\grid_density\scenarios\cv\known_visit_grid34_targets10_trials50.csv,09,0,0,0,1,0,0,0,0,0,0.0,0,0,1,1,0,267,42,129,352.9936,2.7363844961240313,2.7544,5.4162,5.8131,266.2978,2.064324031007752,2.0109,4.6289,5.1854,129,86.6958,0.6720604651162791,0.6479,0.7845,1.6757,completed,,,
28,known_visit,HIPC,bernoulli,drop_0.25,34,1156,14,10,hipc_g34_d85_bernoulli_drop_0_25,reruns\grid_density\scenarios\cv\known_visit_grid34_targets10_trials50.csv,10,1,0,0,2,0,0,0,0,0,0.0,0,0,7,4,3,260,43,127,332.2827,2.616399212598425,2.443,4.8029,5.0482,245.951,1.9366220472440945,1.7057,3.9979,4.4329,127,86.3317,0.6797771653543306,0.6952,0.7899,0.8426,completed,,,
28,known_visit,HIPC,bernoulli,drop_0.25,34,1156,14,10,hipc_g34_d85_bernoulli_drop_0_25,reruns\grid_density\scenarios\cv\known_visit_grid34_targets10_trials50.csv,11,1,0,0,2,0,0,0,0,0,0.0,0,0,6,4,2,259,45,127,421.7349,3.320747244094488,3.859,5.2179,5.5127,334.5997,2.634643307086614,3.203,4.4295,4.88,127,87.1352,0.686103937007874,0.6995,0.8243,0.9118,completed,,,
28,known_visit,HIPC,bernoulli,drop_0.25,34,1156,14,10,hipc_g34_d85_bernoulli_drop_0_25,reruns\grid_density\scenarios\cv\known_visit_grid34_targets10_trials50.csv,12,0,0,0,1,0,0,0,0,0,0.0,0,0,1,1,0,268,42,129,468.7452,3.633683720930233,3.5875,6.2082,6.9082,382.2322,2.963040310077519,2.8286,5.4387,6.1452,129,86.513,0.6706434108527132,0.6829,0.7813,0.8229,completed,,,
28,known_visit,HIPC,bernoulli,drop_0.25,34,1156,14,10,hipc_g34_d85_bernoulli_drop_0_25,reruns\grid_density\scenarios\cv\known_visit_grid34_targets10_trials50.csv,13,17,2,0,18,0,0,0,0,0,0.0,0,0,40,36,4,229,41,73,151.2232,2.071550684931507,1.8649,3.5754,5.7678,102.4467,1.4033794520547946,1.1904,2.764,4.8852,73,48.7765,0.6681712328767123,0.6667,0.8299,0.8826,completed,,,
29,known_visit,HIPC,bernoulli,drop_0.25,34,1156,14,10,hipc_g34_d85_bernoulli_drop_0_25,reruns\grid_density\scenarios\cv\known_visit_grid34_targets10_trials50.csv,00,9,2,0,10,0,0,0,0,0,0.0,0,0,24,20,4,223,53,96,130.9637,1.3642052083333331,0.9339500000000001,2.9466,4.1271,74.3443,0.7744197916666667,0.30974999999999997,2.1896,3.4898,96,56.6194,0.5897854166666666,0.60515,0.7453,0.9131,completed,,,
29,known_visit,HIPC,bernoulli,drop_0.25,34,1156,14,10,hipc_g34_d85_bernoulli_drop_0_25,reruns\grid_density\scenarios\cv\known_visit_grid34_targets10_trials50.csv,01,0,0,0,1,0,0,0,0,0,0.0,0,0,1,1,0,263,37,126,341.2763,2.7085420634920636,2.36965,4.6957,5.5558,261.1468,2.072593650793651,1.7408000000000001,3.9939,4.7021,126,80.12950000000001,0.6359484126984127,0.63995,0.7862,0.8537,completed,,,
29,known_visit,HIPC,bernoulli,drop_0.25,34,1156,14,10,hipc_g34_d85_bernoulli_drop_0_25,reruns\grid_density\scenarios\cv\known_visit_grid34_targets10_trials50.csv,02,0,0,0,1,0,0,0,0,0,0.0,0,0,1,1,0,262,37,126,275.8088,2.1889587301587303,1.5522,4.8457,5.6739,198.6876,1.5768857142857142,0.90165,4.2222,4.8917,126,77.1212,0.6120730158730159,0.6357999999999999,0.7678,0.8795,completed,,,
29,known_visit,HIPC,bernoulli,drop_0.25,34,1156,14,10,hipc_g34_d85_bernoulli_drop_0_25,reruns\grid_density\scenarios\cv\known_visit_grid34_targets10_trials50.csv,03,0,0,0,1,0,0,0,0,0,0.0,0,0,1,1,0,250,49,126,322.535,2.5598015873015876,2.54125,4.6563,5.6851,242.1157,1.9215531746031747,1.8367499999999999,3.9754,4.7955,126,80.4193,0.6382484126984127,0.64105,0.7695,0.8896,completed,,,
29,known_visit,HIPC,bernoulli,drop_0.25,34,1156,14,10,hipc_g34_d85_bernoulli_drop_0_25,reruns\grid_density\scenarios\cv\known_visit_grid34_targets10_trials50.csv,04,5,0,0,6,0,0,0,0,0,0.0,0,0,21,12,9,240,39,113,270.0607,2.389917699115044,1.6199,4.9473,5.7577,199.0934,1.7618884955752212,0.9831,4.3078,5.1527,113,70.9673,0.6280292035398229,0.6418,0.772,0.8505,completed,,,
29,known_visit,HIPC,bernoulli,drop_0.25,34,1156,14,10,hipc_g34_d85_bernoulli_drop_0_25,reruns\grid_density\scenarios\cv\known_visit_grid34_targets10_trials50.csv,05,22,2,0,23,0,0,0,0,0,0.0,0,0,56,46,10,212,33,59,87.8856,1.489586440677966,1.17,4.6328,5.8099,53.3523,0.9042762711864407,0.5481,4.0079,5.196,59,34.5333,0.5853101694915254,0.6212,0.7372,0.766,completed,,,
29,known_visit,HIPC,bernoulli,drop_0.25,34,1156,14,10,hipc_g34_d85_bernoulli_drop_0_25,reruns\grid_density\scenarios\cv\known_visit_grid34_targets10_trials50.csv,06,1,0,0,2,0,0,0,0,0,0.0,0,0,7,4,3,256,37,124,294.7225,2.37679435483871,1.8927,4.5902,5.3473,218.3478,1.7608693548387098,1.3130000000000002,3.9661,4.5775,124,76.3747,0.6159250000000001,0.6295999999999999,0.7698,0.8549,completed,,,
29,known_visit,HIPC,bernoulli,drop_0.25,34,1156,14,10,hipc_g34_d85_bernoulli_drop_0_25,reruns\grid_density\scenarios\cv\known_visit_grid34_targets10_trials50.csv,07,0,0,0,1,0,0,0,0,0,0.0,0,0,1,1,0,246,53,126,263.5728,2.091847619047619,1.53415,4.7134,6.1507,187.0936,1.4848698412698413,0.89135,4.0418,5.3489,126,76.4792,0.6069777777777778,0.615,0.7653,0.8167,completed,,,
29,known_visit,HIPC,bernoulli,drop_0.25,34,1156,14,10,hipc_g34_d85_bernoulli_drop_0_25,reruns\grid_density\scenarios\cv\known_visit_grid34_targets10_trials50.csv,08,13,0,1,12,2,2,0,0,0,0.0,0,0,40,30,10,211,49,87,159.7137,1.8357896551724138,0.908,4.3999,5.002,108.2259,1.2439758620689654,0.3003,3.7381,4.2268,87,51.4878,0.5918137931034483,0.6098,0.7458,0.7752,completed,,,
29,known_visit,HIPC,bernoulli,drop_0.25,34,1156,14,10,hipc_g34_d85_bernoulli_drop_0_25,reruns\grid_density\scenarios\cv\known_visit_grid34_targets10_trials50.csv,09,1,0,0,2,0,0,0,0,0,0.0,0,0,8,4,4,257,35,124,245.7929,1.982200806451613,1.482,4.6654,5.3547,170.8159,1.3775475806451614,0.85285,4.0339,4.592,124,74.977,0.6046532258064516,0.61275,0.7431,0.8115,completed,,,
29,known_visit,HIPC,bernoulli,drop_0.25,34,1156,14,10,hipc_g34_d85_bernoulli_drop_0_25,reruns\grid_density\scenarios\cv\known_visit_grid34_targets10_trials50.csv,10,14,1,0,14,1,0,0,0,0,0.0,0,0,40,30,10,219,41,82,104.7726,1.2777146341463415,1.1224,2.149,3.6403,56.7717,0.6923378048780489,0.49275,1.5457,2.9736,82,48.0009,0.5853768292682927,0.62305,0.7373,0.8005,completed,,,
29,known_visit,HIPC,bernoulli,drop_0.25,34,1156,14,10,hipc_g34_d85_bernoulli_drop_0_25,reruns\grid_density\scenarios\cv\known_visit_grid34_targets10_trials50.csv,11,37,4,0,38,0,2,0,0,0,0.0,0,0,86,75,11,180,35,9,25.3594,2.817711111111111,2.7497,5.1616,5.1616,19.4729,2.1636555555555557,2.124,4.4991,4.4991,9,5.8865,0.6540555555555555,0.6257,0.7544,0.7544,completed,,,
29,known_visit,HIPC,bernoulli,drop_0.25,34,1156,14,10,hipc_g34_d85_bernoulli_drop_0_25,reruns\grid_density\scenarios\cv\known_visit_grid34_targets10_trials50.csv,12,2,0,0,3,0,0,0,0,0,0.0,0,0,9,6,3,247,44,121,207.9249,1.7183876033057852,1.147,4.0259,5.0387,134.5594,1.1120611570247936,0.5035,3.3978,4.2452,121,73.3655,0.6063264462809917,0.625,0.7554,0.7983,completed,,,
29,known_visit,HIPC,bernoulli,drop_0.25,34,1156,14,10,hipc_g34_d85_bernoulli_drop_0_25,reruns\grid_density\scenarios\cv\known_visit_grid34_targets10_trials50.csv,13,1,1,0,2,0,0,0,0,0,0.0,0,0,6,4,2,244,51,123,301.0091,2.4472284552845527,2.3432,3.6188,4.1993,220.3783,1.7916934959349593,1.6974,2.9342,3.4173,123,80.6308,0.6555349593495935,0.6726,0.7748,0.8923,completed,,,
30,known_visit,HIPC,bernoulli,drop_0.25,34,1156,14,10,hipc_g34_d85_bernoulli_drop_0_25,reruns\grid_density\scenarios\cv\known_visit_grid34_targets10_trials50.csv,00,0,0,0,1,0,0,0,0,0,0.0,0,0,1,1,0,326,59,127,383.2784,3.017940157480315,2.6764,5.6989,6.1478,302.5995,2.3826732283464565,2.1225,4.9786,5.4835,127,80.6789,0.6352669291338583,0.6327,0.7813,0.8071,completed,,,
30,known_visit,HIPC,bernoulli,drop_0.25,34,1156,14,10,hipc_g34_d85_bernoulli_drop_0_25,reruns\grid_density\scenarios\cv\known_visit_grid34_targets10_trials50.csv,01,20,0,0,21,0,1,3,1,1,5.0,1,0,50,43,7,281,56,61,189.8924,3.1129901639344264,2.9887,4.2181,5.9397,148.78979999999999,2.4391770491803277,2.3126,3.3918,5.2283,61,41.1026,0.6738131147540984,0.6712,0.7514,0.8543,completed,,,
30,known_visit,HIPC,bernoulli,drop_0.25,34,1156,14,10,hipc_g34_d85_bernoulli_drop_0_25,reruns\grid_density\scenarios\cv\known_visit_grid34_targets10_trials50.csv,02,5,1,0,6,0,0,0,0,0,0.0,0,0,14,12,2,323,49,111,340.2831,3.0656135135135134,2.8243,4.9474,5.3946,267.0593,2.4059396396396395,2.3275,4.2104,4.5575,111,73.2238,0.6596738738738739,0.6458,0.7851,0.8578,completed,,,
30,known_visit,HIPC,bernoulli,drop_0.25,34,1156,14,10,hipc_g34_d85_bernoulli_drop_0_25,reruns\grid_density\scenarios\cv\known_visit_grid34_targets10_trials50.csv,03,35,3,0,36,0,2,0,0,0,0.0,0,0,83,72,11,259,44,15,28.2633,1.88422,1.0984,5.5196,5.5196,18.8085,1.2539,0.4569,4.7623,4.7623,15,9.4548,0.63032,0.6183,0.7573,0.7573,completed,,,
30,known_visit,HIPC,bernoulli,drop_0.25,34,1156,14,10,hipc_g34_d85_bernoulli_drop_0_25,reruns\grid_density\scenarios\cv\known_visit_grid34_targets10_trials50.csv,04,0,0,0,1,0,0,0,0,0,0.0,0,0,1,1,0,324,62,127,374.9782,2.952584251968504,2.7067,5.8104,6.2625,295.1693,2.3241677165354333,2.1456,5.0864,5.541,127,79.8089,0.6284165354330709,0.6075,0.7878,0.9196,completed,,,
30,known_visit,HIPC,bernoulli,drop_0.25,34,1156,14,10,hipc_g34_d85_bernoulli_drop_0_25,reruns\grid_density\scenarios\cv\known_visit_grid34_targets10_trials50.csv,05,0,0,0,1,0,0,0,0,0,0.0,0,0,1,1,0,334,52,127,369.4921,2.9093866141732283,2.7741,5.6189,6.4029,289.0421,2.2759220472440944,2.1905,4.9464,5.5569,127,80.45,0.6334645669291339,0.6148,0.7795,0.8778,completed,,,
30,known_visit,HIPC,bernoulli,drop_0.25,34,1156,14,10,hipc_g34_d85_bernoulli_drop_0_25,reruns\grid_density\scenarios\cv\known_visit_grid34_targets10_trials50.csv,06,28,2,0,29,0,3,0,0,0,0.0,0,0,72,59,13,269,45,41,82.2112,2.005151219512195,1.7973,3.8762,6.3249,56.4466,1.3767463414634145,1.1822,3.2601,5.5934,41,25.764599999999998,0.6284048780487804,0.6177,0.7092,0.7315,completed,,,
30,known_visit,HIPC,bernoulli,drop_0.25,34,1156,14,10,hipc_g34_d85_bernoulli_drop_0_25,reruns\grid_density\scenarios\cv\known_visit_grid34_targets10_trials50.csv,07,38,2,0,39,0,0,0,0,0,0.0,0,0,86,77,9,253,48,9,28.2178,3.135311111111111,3.1911,5.6766,5.6766,22.8235,2.5359444444444446,2.4773,5.1815,5.1815,9,5.3943,0.5993666666666667,0.6082,0.7333,0.7333,completed,,,
30,known_visit,HIPC,bernoulli,drop_0.25,34,1156,14,10,hipc_g34_d85_bernoulli_drop_0_25,reruns\grid_density\scenarios\cv\known_visit_grid34_targets10_trials50.csv,08,18,2,0,19,0,0,0,0,0,0.0,0,0,45,38,7,297,44,68,118.3028,1.7397470588235295,1.65465,3.3032,4.6925,76.5833,1.1262249999999998,1.0814499999999998,2.5582,3.9649,68,41.7195,0.6135220588235294,0.5953999999999999,0.7276,0.8336,completed,,,
30,known_visit,HIPC,bernoulli,drop_0.25,34,1156,14,10,hipc_g34_d85_bernoulli_drop_0_25,reruns\grid_density\scenarios\cv\known_visit_grid34_targets10_trials50.csv,09,0,0,0,1,0,0,0,0,0,0.0,0,0,1,1,0,322,64,127,444.8391,3.5026700787401572,3.674,6.0044,6.4187,361.2354,2.844373228346457,3.0761,5.3276,5.6938,127,83.6037,0.6582968503937008,0.6482,0.785,0.9977,completed,,,
30,known_visit,HIPC,bernoulli,drop_0.25,34,1156,14,10,hipc_g34_d85_bernoulli_drop_0_25,reruns\grid_density\scenarios\cv\known_visit_grid34_targets10_trials50.csv,10,5,0,0,6,0,1,0,0,0,0.0,0,0,19,13,6,311,57,114,350.1519,3.0715078947368424,3.13625,5.4477,5.8691,277.157,2.431201754385965,2.5763499999999997,4.6671,5.1175,114,72.9949,0.6403061403508772,0.6226,0.78,0.8863,completed,,,
30,known_visit,HIPC,bernoulli,drop_0.25,34,1156,14,10,hipc_g34_d85_bernoulli_drop_0_25,reruns\grid_density\scenarios\cv\known_visit_grid34_targets10_trials50.csv,11,0,0,0,1,0,0,0,0,0,0.0,0,0,1,1,0,336,49,127,387.2108,3.048903937007874,2.6865,6.1037,7.0766,306.9079,2.4165976377952756,2.2888,5.4227,6.2875,127,80.3029,0.6323062992125984,0.6111,0.7891,0.9015,completed,,,
30,known_visit,HIPC,bernoulli,drop_0.25,34,1156,14,10,hipc_g34_d85_bernoulli_drop_0_25,reruns\grid_density\scenarios\cv\known_visit_grid34_targets10_trials50.csv,12,1,0,0,2,0,0,0,0,0,0.0,0,0,6,4,2,318,62,125,414.6192,3.3169535999999997,2.9751,5.6642,6.6043,331.9065,2.655252,2.3742,4.9881,5.7788,125,82.7127,0.6617016,0.6651,0.7812,0.8931,completed,,,
30,known_visit,HIPC,bernoulli,drop_0.25,34,1156,14,10,hipc_g34_d85_bernoulli_drop_0_25,reruns\grid_density\scenarios\cv\known_visit_grid34_targets10_trials50.csv,13,1,0,0,2,0,0,0,0,0,0.0,0,0,7,4,3,331,48,125,415.8437,3.3267496000000003,3.4918,5.6066,6.0184,333.9803,2.6718424,2.8733,4.9181,5.2967,125,81.8634,0.6549072,0.6552,0.7773,0.9095,completed,,,
31,known_visit,HIPC,bernoulli,drop_0.25,34,1156,14,10,hipc_g34_d85_bernoulli_drop_0_25,reruns\grid_density\scenarios\cv\known_visit_grid34_targets10_trials50.csv,00,1,0,0,2,0,0,0,0,0,0.0,0,0,7,4,3,323,56,122,457.3419,3.7487040983606557,3.6094999999999997,6.2408,7.3827,374.8764,3.07275737704918,3.03565,5.4864,6.5631,122,82.4655,0.6759467213114755,0.69015,0.8048,0.9719,completed,,,
31,known_visit,HIPC,bernoulli,drop_0.25,34,1156,14,10,hipc_g34_d85_bernoulli_drop_0_25,reruns\grid_density\scenarios\cv\known_visit_grid34_targets10_trials50.csv,01,23,3,0,24,0,0,0,0,0,0.0,0,0,57,48,9,283,46,50,59.5997,1.191994,1.02565,3.6517,4.5802,28.9789,0.579578,0.42755,2.928,3.7872,50,30.6208,0.612416,0.6075999999999999,0.7675,0.8279,completed,,,
31,known_visit,HIPC,bernoulli,drop_0.25,34,1156,14,10,hipc_g34_d85_bernoulli_drop_0_25,reruns\grid_density\scenarios\cv\known_visit_grid34_targets10_trials50.csv,02,32,0,0,33,0,3,0,0,0,0.0,0,0,82,67,15,257,48,23,40.0248,1.7402086956521738,0.8796,4.3763,5.5804,25.982599999999998,1.129678260869565,0.2796,3.6403,4.8026,23,14.0422,0.6105304347826087,0.5957,0.7778,0.7908,completed,,,
31,known_visit,HIPC,bernoulli,drop_0.25,34,1156,14,10,hipc_g34_d85_bernoulli_drop_0_25,reruns\grid_density\scenarios\cv\known_visit_grid34_targets10_trials50.csv,03,12,0,0,13,0,0,0,0,0,0.0,0,0,30,26,4,306,51,85,188.4908,2.217538823529412,1.4363,4.9403,5.3195,134.0898,1.5775270588235293,0.7831,4.1874,4.5857,85,54.401,0.6400117647058824,0.622,0.7652,0.8602,completed,,,
31,known_visit,HIPC,bernoulli,drop_0.25,34,1156,14,10,hipc_g34_d85_bernoulli_drop_0_25,reruns\grid_density\scenarios\cv\known_visit_grid34_targets10_trials50.csv,04,0,0,0,1,0,0,0,0,0,0.0,0,0,1,1,0,346,40,124,438.9368,3.5398129032258066,3.8122,6.1477,6.8543,357.458,2.8827258064516132,3.17955,5.3969,5.9629,124,81.4788,0.6570870967741936,0.63385,0.7899,0.9361,completed,,,
31,known_visit,HIPC,bernoulli,drop_0.25,34,1156,14,10,hipc_g34_d85_bernoulli_drop_0_25,reruns\grid_density\scenarios\cv\known_visit_grid34_targets10_trials50.csv,05,33,2,0,34,0,0,0,0,0,0.0,0,0,74,68,6,271,41,20,28.9564,1.4478199999999999,0.78865,4.3477,5.5979,17.1202,0.85601,0.17525,3.6267,4.8393,20,11.8362,0.59181,0.5915,0.721,0.7586,completed,,,
31,known_visit,HIPC,bernoulli,drop_0.25,34,1156,14,10,hipc_g34_d85_bernoulli_drop_0_25,reruns\grid_density\scenarios\cv\known_visit_grid34_targets10_trials50.csv,06,0,0,0,1,0,0,0,0,0,0.0,0,0,1,1,0,320,65,124,417.211,3.3646048387096776,3.08505,6.3011,6.5298,336.7816,2.7159806451612907,2.3879,5.5182,5.6906,124,80.4294,0.6486241935483871,0.62415,0.7716,0.8394,completed,,,
31,known_visit,HIPC,bernoulli,drop_0.25,34,1156,14,10,hipc_g34_d85_bernoulli_drop_0_25,reruns\grid_density\scenarios\cv\known_visit_grid34_targets10_trials50.csv,07,37,3,0,38,0,4,0,0,0,0.0,0,0,88,75,13,261,38,10,35.8574,3.58574,3.6612,6.1889,6.1889,28.9071,2.89071,2.9337,5.421,5.421,10,6.9503,0.69503,0.73685,0.7876,0.7876,completed,,,
31,known_visit,HIPC,bernoulli,drop_0.25,34,1156,14,10,hipc_g34_d85_bernoulli_drop_0_25,reruns\grid_density\scenarios\cv\known_visit_grid34_targets10_trials50.csv,08,0,0,0,1,0,0,0,0,0,0.0,0,0,1,1,0,336,49,125,456.7044,3.6536352,3.3444,6.2188,6.9329,372.6183,2.9809463999999997,2.6468,5.4627,6.1831,125,84.0861,0.6726888,0.6919,0.7815,0.8223,completed,,,
31,known_visit,HIPC,bernoulli,drop_0.25,34,1156,14,10,hipc_g34_d85_bernoulli_drop_0_25,reruns\grid_density\scenarios\cv\known_visit_grid34_targets10_trials50.csv,09,18,2,0,19,0,0,0,0,0,0.0,0,0,42,38,4,303,41,64,172.8182,2.700284375,2.548,3.7333,4.9219,128.4852,2.00758125,1.8771499999999999,2.976,4.1275,64,44.333,0.692703125,0.6980999999999999,0.8246,0.9637,completed,,,
31,known_visit,HIPC,bernoulli,drop_0.25,34,1156,14,10,hipc_g34_d85_bernoulli_drop_0_25,reruns\grid_density\scenarios\cv\known_visit_grid34_targets10_trials50.csv,10,0,0,0,1,0,0,0,0,0,0.0,0,0,1,1,0,337,48,125,550.8743,4.406994399999999,4.2782,6.7561,7.4986,462.7744,3.7021952000000002,3.5462,5.9648,6.6724,125,88.0999,0.7047992000000001,0.7083,0.8262,1.6338,completed,,,
31,known_visit,HIPC,bernoulli,drop_0.25,34,1156,14,10,hipc_g34_d85_bernoulli_drop_0_25,reruns\grid_density\scenarios\cv\known_visit_grid34_targets10_trials50.csv,11,0,0,0,1,0,0,0,0,0,0.0,0,0,1,1,0,336,49,125,516.9442,4.135553600000001,3.899,6.6706,7.1266,431.5319,3.4522552,3.3086,5.8986,6.2772,125,85.4123,0.6832984,0.7026,0.7989,0.8877,completed,,,
31,known_visit,HIPC,bernoulli,drop_0.25,34,1156,14,10,hipc_g34_d85_bernoulli_drop_0_25,reruns\grid_density\scenarios\cv\known_visit_grid34_targets10_trials50.csv,12,0,0,0,1,0,0,0,0,0,0.0,0,0,1,1,0,327,58,125,402.6598,3.2212784,2.9326,5.7574,6.2382,320.2914,2.5623312,2.2318,5.0057,5.3826,125,82.3684,0.6589472,0.6477,0.7763,0.8556,completed,,,
31,known_visit,HIPC,bernoulli,drop_0.25,34,1156,14,10,hipc_g34_d85_bernoulli_drop_0_25,reruns\grid_density\scenarios\cv\known_visit_grid34_targets10_trials50.csv,13,0,0,0,1,0,0,0,0,0,0.0,0,0,1,1,0,338,47,125,388.8499,3.1107991999999998,2.9619,5.7442,5.9644,307.2156,2.4577248,2.2414,5.0025,5.2235,125,81.6343,0.6530743999999999,0.6262,0.7794,0.8899,completed,,,
32,known_visit,HIPC,bernoulli,drop_0.25,34,1156,14,10,hipc_g34_d85_bernoulli_drop_0_25,reruns\grid_density\scenarios\cv\known_visit_grid34_targets10_trials50.csv,00,0,0,0,1,0,0,0,0,0,0.0,0,0,1,1,0,293,59,105,353.1468,3.363302857142857,3.9268,5.1089,5.4588,282.281,2.6883904761904764,3.2053,4.3155,4.836,105,70.86580000000001,0.674912380952381,0.7143,0.7622,0.8871,completed,,,
32,known_visit,HIPC,bernoulli,drop_0.25,34,1156,14,10,hipc_g34_d85_bernoulli_drop_0_25,reruns\grid_density\scenarios\cv\known_visit_grid34_targets10_trials50.csv,01,0,0,0,1,0,0,0,0,0,0.0,0,0,1,1,0,294,58,105,403.0102,3.838192380952381,4.5725,5.2685,5.4455,330.8745,3.1511857142857145,3.906,4.481,4.8103,105,72.1357,0.6870066666666667,0.7208,0.7799,0.8321,completed,,,
32,known_visit,HIPC,bernoulli,drop_0.25,34,1156,14,10,hipc_g34_d85_bernoulli_drop_0_25,reruns\grid_density\scenarios\cv\known_visit_grid34_targets10_trials50.csv,02,26,1,0,27,0,0,0,0,0,0.0,0,0,62,54,8,242,50,20,35.949,1.79745,1.8216,3.6576,4.3722,23.896,1.1948,1.1881,2.9228,3.6286,20,12.053,0.60265,0.60405,0.7348,0.7436,completed,,,
32,known_visit,HIPC,bernoulli,drop_0.25,34,1156,14,10,hipc_g34_d85_bernoulli_drop_0_25,reruns\grid_density\scenarios\cv\known_visit_grid34_targets10_trials50.csv,03,1,0,0,2,0,0,0,0,0,0.0,0,0,7,4,3,294,52,102,407.5353,3.9954441176470588,4.67515,5.1122,6.5486,335.6259,3.29045,3.9411500000000004,4.3794,5.5562,102,71.9094,0.7049941176470589,0.72675,0.8261,0.9924,completed,,,
32,known_visit,HIPC,bernoulli,drop_0.25,34,1156,14,10,hipc_g34_d85_bernoulli_drop_0_25,reruns\grid_density\scenarios\cv\known_visit_grid34_targets10_trials50.csv,04,1,0,0,2,0,0,0,0,0,0.0,0,0,7,4,3,293,53,103,380.5725,3.694878640776699,3.9508,4.9605,5.3444,309.3448,3.0033475728155343,3.2258,4.17,4.7225,103,71.2277,0.691531067961165,0.7178,0.7953,1.0032,completed,,,
32,known_visit,HIPC,bernoulli,drop_0.25,34,1156,14,10,hipc_g34_d85_bernoulli_drop_0_25,reruns\grid_density\scenarios\cv\known_visit_grid34_targets10_trials50.csv,05,1,0,0,2,0,0,0,0,0,0.0,0,0,7,4,3,289,57,102,366.518,3.5933137254901957,4.13655,5.3086,5.5804,297.4068,2.9157529411764704,3.43945,4.6023,4.8129,102,69.1112,0.6775607843137255,0.7132000000000001,0.777,0.8562,completed,,,
32,known_visit,HIPC,bernoulli,drop_0.25,34,1156,14,10,hipc_g34_d85_bernoulli_drop_0_25,reruns\grid_density\scenarios\cv\known_visit_grid34_targets10_trials50.csv,06,1,0,0,2,0,0,0,0,0,0.0,0,0,8,4,4,290,56,103,414.9644,4.028780582524272,4.6358,5.0749,5.573,342.9757,3.329861165048544,3.929,4.2681,4.6973,103,71.9887,0.698919417475728,0.7216,0.8107,0.8964,completed,,,
32,known_visit,HIPC,bernoulli,drop_0.25,34,1156,14,10,hipc_g34_d85_bernoulli_drop_0_25,reruns\grid_density\scenarios\cv\known_visit_grid34_targets10_trials50.csv,07,2,0,0,3,0,1,0,0,0,0.0,0,0,11,6,5,277,66,100,375.2035,3.7520350000000002,4.0928,5.4689,5.6759,307.2107,3.072107,3.37725,4.6818,4.8298,100,67.9928,0.679928,0.71315,0.7953,0.8658,completed,,,
32,known_visit,HIPC,bernoulli,drop_0.25,34,1156,14,10,hipc_g34_d85_bernoulli_drop_0_25,reruns\grid_density\scenarios\cv\known_visit_grid34_targets10_trials50.csv,08,2,0,0,3,0,0,0,0,0,0.0,0,0,10,6,4,291,52,99,363.8548,3.6753010101010104,4.1162,5.2801,5.6436,296.1543,2.9914575757575754,3.3985,4.4911,4.8683,99,67.7005,0.6838434343434344,0.7116,0.8105,0.9411,completed,,,
32,known_visit,HIPC,bernoulli,drop_0.25,34,1156,14,10,hipc_g34_d85_bernoulli_drop_0_25,reruns\grid_density\scenarios\cv\known_visit_grid34_targets10_trials50.csv,09,24,0,0,25,0,4,2,2,0,0.0,0,0,74,53,21,247,32,31,83.5928,2.6965419354838707,2.1429,5.1527,5.2171,64.65690000000001,2.0857064516129036,1.4688,4.4359,4.5933,31,18.9359,0.6108354838709678,0.6248,0.732,0.7334,completed,,,
32,known_visit,HIPC,bernoulli,drop_0.25,34,1156,14,10,hipc_g34_d85_bernoulli_drop_0_25,reruns\grid_density\scenarios\cv\known_visit_grid34_targets10_trials50.csv,10,31,3,0,32,0,2,0,0,0,0.0,0,0,79,63,16,235,40,13,44.8165,3.447423076923077,4.1079,4.8415,4.8415,35.6347,2.7411307692307694,3.3702,3.7655,3.7655,13,9.1818,0.7062923076923078,0.7174,1.076,1.076,completed,,,
32,known_visit,HIPC,bernoulli,drop_0.25,34,1156,14,10,hipc_g34_d85_bernoulli_drop_0_25,reruns\grid_density\scenarios\cv\known_visit_grid34_targets10_trials50.csv,11,31,5,0,32,0,0,0,0,0,0.0,0,0,72,63,9,240,41,8,21.5168,2.6896,2.1173,5.4791,5.4791,16.265,2.033125,1.4266,4.7569,4.7569,8,5.2518,0.656475,0.65115,0.7456,0.7456,completed,,,
32,known_visit,HIPC,bernoulli,drop_0.25,34,1156,14,10,hipc_g34_d85_bernoulli_drop_0_25,reruns\grid_density\scenarios\cv\known_visit_grid34_targets10_trials50.csv,12,1,0,0,2,0,0,0,0,0,0.0,0,0,7,4,3,289,57,102,410.8034,4.02748431372549,4.5379000000000005,5.6919,5.9859,341.0437,3.34356568627451,3.8016,4.9542,5.2644,102,69.7597,0.6839186274509803,0.704,0.7923,0.9024,completed,,,
32,known_visit,HIPC,bernoulli,drop_0.25,34,1156,14,10,hipc_g34_d85_bernoulli_drop_0_25,reruns\grid_density\scenarios\cv\known_visit_grid34_targets10_trials50.csv,13,2,1,0,3,0,0,0,0,0,0.0,0,0,8,6,2,287,58,99,369.2823,3.7301242424242425,4.6199,5.2439,5.4455,301.8842,3.0493353535353536,3.8825,4.3766,4.8113,99,67.3981,0.6807888888888889,0.7207,0.8291,0.9467,completed,,,
33,known_visit,HIPC,bernoulli,drop_0.25,34,1156,14,10,hipc_g34_d85_bernoulli_drop_0_25,reruns\grid_density\scenarios\cv\known_visit_grid34_targets10_trials50.csv,00,0,0,0,1,0,0,0,0,0,0.0,0,0,1,1,0,328,64,161,359.5733,2.233374534161491,1.6893,4.3372,5.6501,254.0086,1.5776931677018633,1.0347,3.6522,4.9455,161,105.5647,0.6556813664596274,0.6772,0.7869,0.9311,completed,,,
33,known_visit,HIPC,bernoulli,drop_0.25,34,1156,14,10,hipc_g34_d85_bernoulli_drop_0_25,reruns\grid_density\scenarios\cv\known_visit_grid34_targets10_trials50.csv,01,0,0,0,1,0,0,0,0,0,0.0,0,0,1,1,0,336,56,161,331.3393,2.0580080745341616,1.466,4.1783,4.979,230.7092,1.432976397515528,0.8216,3.5102,4.3692,161,100.6301,0.6250316770186335,0.6386,0.7696,0.8602,completed,,,
33,known_visit,HIPC,bernoulli,drop_0.25,34,1156,14,10,hipc_g34_d85_bernoulli_drop_0_25,reruns\grid_density\scenarios\cv\known_visit_grid34_targets10_trials50.csv,02,19,1,0,20,0,0,0,0,0,0.0,0,0,51,40,11,283,59,103,226.4146,2.1982,2.1952,3.979,4.9648,158.9552,1.5432543689320388,1.5652,3.2574,4.1766,103,67.4594,0.6549456310679612,0.663,0.7634,0.9201,completed,,,
33,known_visit,HIPC,bernoulli,drop_0.25,34,1156,14,10,hipc_g34_d85_bernoulli_drop_0_25,reruns\grid_density\scenarios\cv\known_visit_grid34_targets10_trials50.csv,03,47,3,0,48,0,9,0,0,0,0.0,0,0,125,95,30,221,48,17,43.444,2.555529411764706,2.7775,3.8867,3.8867,32.175200000000004,1.892658823529412,2.0263,3.1602,3.1602,17,11.2688,0.6628705882352941,0.6495,0.9696,0.9696,completed,,,
33,known_visit,HIPC,bernoulli,drop_0.25,34,1156,14,10,hipc_g34_d85_bernoulli_drop_0_25,reruns\grid_density\scenarios\cv\known_visit_grid34_targets10_trials50.csv,04,20,1,0,21,0,2,0,0,0,0.0,0,0,60,42,18,273,60,106,147.4317,1.3908650943396228,1.20925,3.008,3.9848,83.8676,0.7912037735849056,0.64385,2.2474,3.3278,106,63.5641,0.599661320754717,0.6212,0.7489,0.7849,completed,,,
33,known_visit,HIPC,bernoulli,drop_0.25,34,1156,14,10,hipc_g34_d85_bernoulli_drop_0_25,reruns\grid_density\scenarios\cv\known_visit_grid34_targets10_trials50.csv,05,0,0,0,1,0,0,0,0,0,0.0,0,0,1,1,0,341,51,161,396.4569,2.4624652173913044,1.9847,4.6018,5.8517,293.2839,1.8216391304347828,1.2776,3.8759,5.2031,161,103.173,0.6408260869565218,0.6528,0.7792,0.885,completed,,,
33,known_visit,HIPC,bernoulli,drop_0.25,34,1156,14,10,hipc_g34_d85_bernoulli_drop_0_25,reruns\grid_density\scenarios\cv\known_visit_grid34_targets10_trials50.csv,06,0,0,0,1,0,0,0,0,0,0.0,0,0,1,1,0,324,68,161,407.0809,2.528452795031056,2.113,4.643,5.6607,301.7284,1.874089440993789,1.3802,3.9273,5.0518,161,105.35249999999999,0.6543633540372671,0.6709,0.7945,0.896,completed,,,
33,known_visit,HIPC,bernoulli,drop_0.25,34,1156,14,10,hipc_g34_d85_bernoulli_drop_0_25,reruns\grid_density\scenarios\cv\known_visit_grid34_targets10_trials50.csv,07,9,0,0,10,0,0,0,0,0,0.0,0,0,22,20,2,312,60,133,258.539,1.9439022556390977,1.4969,5.3777,6.2802,178.3675,1.341109022556391,0.8415,4.7305,5.5258,133,80.1715,0.6027932330827067,0.6121,0.7582,0.8359,completed,,,
33,known_visit,HIPC,bernoulli,drop_0.25,34,1156,14,10,hipc_g34_d85_bernoulli_drop_0_25,reruns\grid_density\scenarios\cv\known_visit_grid34_targets10_trials50.csv,08,2,0,0,3,0,0,0,0,0,0.0,0,0,10,6,4,316,67,156,281.5418,1.8047551282051284,1.3779,3.7861,4.4526,183.2351,1.1745839743589743,0.7238,3.0655,3.6707,156,98.3067,0.6301711538461539,0.6394,0.7849,0.8897,completed,,,
33,known_visit,HIPC,bernoulli,drop_0.25,34,1156,14,10,hipc_g34_d85_bernoulli_drop_0_25,reruns\grid_density\scenarios\cv\known_visit_grid34_targets10_trials50.csv,09,0,0,0,1,0,0,0,0,0,0.0,0,0,1,1,0,329,64,161,386.3563,2.399728571428571,2.3929,3.7744,4.7794,281.1352,1.7461813664596273,1.6698,3.0598,4.0127,161,105.22109999999999,0.653547204968944,0.6642,0.7811,0.952,completed,,,
33,known_visit,HIPC,bernoulli,drop_0.25,34,1156,14,10,hipc_g34_d85_bernoulli_drop_0_25,reruns\grid_density\scenarios\cv\known_visit_grid34_targets10_trials50.csv,10,35,3,0,36,0,0,0,0,0,0.0,0,0,80,72,8,271,43,49,54.9428,1.1212816326530612,0.7955,4.0632,5.1586,28.6401,0.5844918367346938,0.2704,3.2978,4.4103,49,26.3027,0.5367897959183674,0.5251,0.7483,0.7682,completed,,,
33,known_visit,HIPC,bernoulli,drop_0.25,34,1156,14,10,hipc_g34_d85_bernoulli_drop_0_25,reruns\grid_density\scenarios\cv\known_visit_grid34_targets10_trials50.csv,11,0,0,0,1,0,0,0,0,0,0.0,0,0,1,1,0,326,66,161,385.9064,2.3969341614906834,2.474,3.9528,5.2755,281.4245,1.7479782608695653,1.7532,3.3316,4.5618,161,104.4819,0.648955900621118,0.6665,0.7966,0.8649,completed,,,
33,known_visit,HIPC,bernoulli,drop_0.25,34,1156,14,10,hipc_g34_d85_bernoulli_drop_0_25,reruns\grid_density\scenarios\cv\known_visit_grid34_targets10_trials50.csv,12,5,1,1,5,1,0,3,1,1,5.0,1,0,21,13,8,311,61,147,313.8066,2.134738775510204,1.3296,4.5268,5.2195,215.4287,1.4655013605442175,0.6975,3.7159,4.4556,147,98.3779,0.6692374149659863,0.6952,0.8123,0.9139,completed,,,
33,known_visit,HIPC,bernoulli,drop_0.25,34,1156,14,10,hipc_g34_d85_bernoulli_drop_0_25,reruns\grid_density\scenarios\cv\known_visit_grid34_targets10_trials50.csv,13,5,1,0,6,0,2,0,0,0,0.0,0,0,19,12,7,312,63,147,482.7269,3.283856462585034,3.5828,4.7355,5.6577,384.0971,2.6129054421768707,2.8502,3.9312,4.8753,147,98.6298,0.6709510204081632,0.7138,0.8076,0.8702,completed,,,
34,known_visit,HIPC,bernoulli,drop_0.25,34,1156,14,10,hipc_g34_d85_bernoulli_drop_0_25,reruns\grid_density\scenarios\cv\known_visit_grid34_targets10_trials50.csv,00,5,0,0,6,0,0,0,0,0,0.0,0,0,20,13,7,262,50,115,374.0437,3.2525539130434784,2.5637,6.6681,6.8565,295.3198,2.5679982608695653,1.9715,5.9125,6.1067,115,78.7239,0.684555652173913,0.6954,0.7812,0.9343,completed,,,
34,known_visit,HIPC,bernoulli,drop_0.25,34,1156,14,10,hipc_g34_d85_bernoulli_drop_0_25,reruns\grid_density\scenarios\cv\known_visit_grid34_targets10_trials50.csv,01,38,3,0,39,0,4,0,0,0,0.0,0,0,94,77,17,200,39,13,38.6792,2.975323076923077,2.5935,5.7553,5.7553,29.8836,2.298738461538462,1.8683,5.0311,5.0311,13,8.7956,0.6765846153846155,0.7085,0.7722,0.7722,completed,,,
34,known_visit,HIPC,bernoulli,drop_0.25,34,1156,14,10,hipc_g34_d85_bernoulli_drop_0_25,reruns\grid_density\scenarios\cv\known_visit_grid34_targets10_trials50.csv,02,24,2,0,25,0,2,0,0,0,0.0,0,0,62,51,11,232,38,52,99.307,1.90975,1.8294000000000001,3.94,5.5428,63.1986,1.2153576923076923,1.14635,3.1894,4.8212,52,36.1084,0.6943923076923078,0.6885,0.8272,0.862,completed,,,
34,known_visit,HIPC,bernoulli,drop_0.25,34,1156,14,10,hipc_g34_d85_bernoulli_drop_0_25,reruns\grid_density\scenarios\cv\known_visit_grid34_targets10_trials50.csv,03,10,1,0,11,0,0,0,0,0,0.0,0,0,30,23,7,256,46,97,114.47579999999999,1.180162886597938,0.8313,3.2998,5.709,52.6071,0.5423412371134021,0.2744,2.5301,5.0319,97,61.868700000000004,0.6378216494845361,0.6336,0.7621,0.8308,completed,,,
34,known_visit,HIPC,bernoulli,drop_0.25,34,1156,14,10,hipc_g34_d85_bernoulli_drop_0_25,reruns\grid_density\scenarios\cv\known_visit_grid34_targets10_trials50.csv,04,0,0,0,1,0,0,0,0,0,0.0,0,0,1,1,0,277,54,128,392.0207,3.06266171875,3.51305,5.3145,5.5131,302.2831,2.36158671875,2.77865,4.5776,4.7558,128,89.7376,0.701075,0.7053499999999999,0.794,0.8877,completed,,,
34,known_visit,HIPC,bernoulli,drop_0.25,34,1156,14,10,hipc_g34_d85_bernoulli_drop_0_25,reruns\grid_density\scenarios\cv\known_visit_grid34_targets10_trials50.csv,05,0,0,0,1,0,0,0,0,0,0.0,0,0,1,1,0,279,52,128,474.806,3.709421875,2.9365,6.2276,6.3549,384.5182,3.0040484375,2.3025,5.4795,5.5906,128,90.2878,0.7053734375,0.721,0.7937,0.8807,completed,,,
34,known_visit,HIPC,bernoulli,drop_0.25,34,1156,14,10,hipc_g34_d85_bernoulli_drop_0_25,reruns\grid_density\scenarios\cv\known_visit_grid34_targets10_trials50.csv,06,0,0,0,1,0,0,0,0,0,0.0,0,0,1,1,0,277,54,128,453.9319,3.54634296875,3.4156500000000003,5.8471,6.5493,364.8039,2.85003046875,2.7468500000000002,5.1113,5.6858,128,89.128,0.6963125,0.7063999999999999,0.7925,0.8659,completed,,,
34,known_visit,HIPC,bernoulli,drop_0.25,34,1156,14,10,hipc_g34_d85_bernoulli_drop_0_25,reruns\grid_density\scenarios\cv\known_visit_grid34_targets10_trials50.csv,07,0,0,0,1,0,0,0,0,0,0.0,0,0,1,1,0,282,49,128,402.9969,3.14841328125,2.44645,6.2321,6.5107,316.4777,2.47248203125,1.78395,5.4959,5.7701,128,86.5192,0.67593125,0.6637500000000001,0.8213,0.847,completed,,,
34,known_visit,HIPC,bernoulli,drop_0.25,34,1156,14,10,hipc_g34_d85_bernoulli_drop_0_25,reruns\grid_density\scenarios\cv\known_visit_grid34_targets10_trials50.csv,08,0,0,0,1,0,0,0,0,0,0.0,0,0,1,1,0,275,56,128,516.0231,4.03143046875,3.8849,6.8354,7.3602,426.6472,3.33318125,3.3077,6.0851,6.5605,128,89.3759,0.69824921875,0.71265,0.7895,0.9205,completed,,,
34,known_visit,HIPC,bernoulli,drop_0.25,34,1156,14,10,hipc_g34_d85_bernoulli_drop_0_25,reruns\grid_density\scenarios\cv\known_visit_grid34_targets10_trials50.csv,09,25,2,0,26,0,0,0,0,0,0.0,0,0,56,52,4,237,39,48,72.9432,1.5196500000000002,1.43175,3.0747,5.3598,41.9833,0.8746520833333333,0.8037,2.3959,4.5726,48,30.9599,0.6449979166666667,0.62565,0.7872,0.8538,completed,,,
34,known_visit,HIPC,bernoulli,drop_0.25,34,1156,14,10,hipc_g34_d85_bernoulli_drop_0_25,reruns\grid_density\scenarios\cv\known_visit_grid34_targets10_trials50.csv,10,0,0,0,1,0,0,0,0,0,0.0,0,0,1,1,0,290,41,128,411.2024,3.21251875,2.58855,6.6942,6.9342,324.6472,2.53630625,1.94835,5.9012,6.0957,128,86.5552,0.6762125,0.6674,0.7883,0.9324,completed,,,
34,known_visit,HIPC,bernoulli,drop_0.25,34,1156,14,10,hipc_g34_d85_bernoulli_drop_0_25,reruns\grid_density\scenarios\cv\known_visit_grid34_targets10_trials50.csv,11,1,0,0,2,0,0,0,0,0,0.0,0,0,7,4,3,266,59,126,414.337,3.2883888888888886,2.63485,6.2193,6.5468,327.0825,2.595892857142857,2.0730500000000003,5.4874,5.7737,126,87.25450000000001,0.6924960317460318,0.70055,0.7911,1.0022,completed,,,
34,known_visit,HIPC,bernoulli,drop_0.25,34,1156,14,10,hipc_g34_d85_bernoulli_drop_0_25,reruns\grid_density\scenarios\cv\known_visit_grid34_targets10_trials50.csv,12,0,0,0,1,0,0,0,0,0,0.0,0,0,1,1,0,283,48,128,384.2634,3.0020578125,2.0387,6.6433,7.0227,300.316,2.34621875,1.3352,5.8982,6.2101,128,83.9474,0.6558390625,0.6454,0.776,0.8514,completed,,,
34,known_visit,HIPC,bernoulli,drop_0.25,34,1156,14,10,hipc_g34_d85_bernoulli_drop_0_25,reruns\grid_density\scenarios\cv\known_visit_grid34_targets10_trials50.csv,13,25,2,0,26,0,1,0,0,0,0.0,0,0,57,52,5,240,35,49,48.0099,0.9797938775510204,0.7782,2.6395,3.7332,17.2446,0.3519306122448979,0.1691,1.9102,2.8958,49,30.7653,0.6278632653061225,0.616,0.7419,0.8374,completed,,,
35,known_visit,HIPC,bernoulli,drop_0.25,34,1156,14,10,hipc_g34_d85_bernoulli_drop_0_25,reruns\grid_density\scenarios\cv\known_visit_grid34_targets10_trials50.csv,00,20,0,0,21,0,2,0,0,0,0.0,0,1,48,42,6,721,122,301,665.7574,2.2118186046511625,1.5235,5.241,6.3958,475.5002,1.5797348837209302,0.8721,4.4823,5.5886,301,190.2572,0.6320837209302326,0.6333,0.7599,0.8865,completed,,,
35,known_visit,HIPC,bernoulli,drop_0.25,34,1156,14,10,hipc_g34_d85_bernoulli_drop_0_25,reruns\grid_density\scenarios\cv\known_visit_grid34_targets10_trials50.csv,01,36,0,0,33,4,1,1,1,0,0.0,0,1,80,75,5,708,102,244,505.3284,2.0710180327868852,1.18215,4.9624,5.9781,354.9516,1.4547196721311475,0.53325,4.212,5.2018,244,150.3768,0.6162983606557377,0.6244,0.7643,0.9574,completed,,,
35,known_visit,HIPC,bernoulli,drop_0.25,34,1156,14,10,hipc_g34_d85_bernoulli_drop_0_25,reruns\grid_density\scenarios\cv\known_visit_grid34_targets10_trials50.csv,02,34,0,0,33,2,3,0,0,0,0.0,0,1,84,71,13,701,106,256,385.0926,1.50426796875,1.1452499999999999,3.0876,6.1524,233.3263,0.911430859375,0.527,2.2166,5.3625,256,151.7663,0.592837109375,0.6099,0.7449,0.871,completed,,,
35,known_visit,HIPC,bernoulli,drop_0.25,34,1156,14,10,hipc_g34_d85_bernoulli_drop_0_25,reruns\grid_density\scenarios\cv\known_visit_grid34_targets10_trials50.csv,03,20,0,0,21,0,1,0,0,0,0.0,0,1,51,43,8,725,114,301,426.3197,1.4163445182724252,0.7642,3.8869,5.6044,249.5416,0.8290418604651162,0.1732,3.2388,4.7941,301,176.7781,0.587302657807309,0.5899,0.7446,0.8815,completed,,,
35,known_visit,HIPC,bernoulli,drop_0.25,34,1156,14,10,hipc_g34_d85_bernoulli_drop_0_25,reruns\grid_density\scenarios\cv\known_visit_grid34_targets10_trials50.csv,04,39,5,0,40,0,1,0,0,0,0.0,0,0,92,80,12,680,118,236,216.3395,0.9166927966101694,0.89315,1.0349,5.8904,82.6296,0.35012542372881356,0.29735,0.3598,5.1209,236,133.7099,0.566567372881356,0.58905,0.6701,0.8509,completed,,,
35,known_visit,HIPC,bernoulli,drop_0.25,34,1156,14,10,hipc_g34_d85_bernoulli_drop_0_25,reruns\grid_density\scenarios\cv\known_visit_grid34_targets10_trials50.csv,05,7,0,0,8,0,0,0,0,0,0.0,0,1,22,17,5,731,137,343,449.5554,1.310657142857143,0.7397,4.5279,5.5998,249.4385,0.7272259475218659,0.1541,3.7616,4.8686,343,200.1169,0.5834311953352769,0.5863,0.7598,0.9062,completed,,,
35,known_visit,HIPC,bernoulli,drop_0.25,34,1156,14,10,hipc_g34_d85_bernoulli_drop_0_25,reruns\grid_density\scenarios\cv\known_visit_grid34_targets10_trials50.csv,06,18,1,0,19,0,1,0,0,0,0.0,0,1,48,39,9,724,118,308,366.0688,1.188535064935065,0.7459,3.2904,5.4545,187.8567,0.6099243506493506,0.162,2.7058,4.7422,308,178.2121,0.5786107142857143,0.5846,0.741,0.8299,completed,,,
35,known_visit,HIPC,bernoulli,drop_0.25,34,1156,14,10,hipc_g34_d85_bernoulli_drop_0_25,reruns\grid_density\scenarios\cv\known_visit_grid34_targets10_trials50.csv,07,36,0,2,29,8,0,3,3,0,0.0,0,1,83,75,8,684,124,244,529.0596,2.168277049180328,1.4858500000000001,4.5351,4.9278,373.7411,1.5317258196721313,0.80965,3.7762,4.129,244,155.3185,0.6365512295081968,0.6399,0.7708,0.8974,completed,,,
35,known_visit,HIPC,bernoulli,drop_0.25,34,1156,14,10,hipc_g34_d85_bernoulli_drop_0_25,reruns\grid_density\scenarios\cv\known_visit_grid34_targets10_trials50.csv,08,36,0,1,33,4,0,0,0,0,0.0,0,1,78,73,5,689,123,245,659.5375,2.6919897959183676,2.2013,4.9515,5.3351,498.2676,2.033745306122449,1.6125,4.1983,4.5424,245,161.2699,0.6582444897959184,0.673,0.7821,0.9246,completed,,,
35,known_visit,HIPC,bernoulli,drop_0.25,34,1156,14,10,hipc_g34_d85_bernoulli_drop_0_25,reruns\grid_density\scenarios\cv\known_visit_grid34_targets10_trials50.csv,09,35,1,0,36,0,2,0,0,0,0.0,0,1,90,74,16,691,109,256,193.6391,0.756402734375,0.7358,0.8835,4.0334,53.3732,0.2084890625,0.16115000000000002,0.2631,3.2252,256,140.2659,0.547913671875,0.5681499999999999,0.6488,0.8082,completed,,,
35,known_visit,HIPC,bernoulli,drop_0.25,34,1156,14,10,hipc_g34_d85_bernoulli_drop_0_25,reruns\grid_density\scenarios\cv\known_visit_grid34_targets10_trials50.csv,10,19,0,1,13,7,0,0,0,0,0.0,0,1,44,40,4,720,126,300,577.3353,1.924451,0.92445,6.1815,6.6389,395.3087,1.3176956666666666,0.31795,5.4447,5.8869,300,182.0266,0.6067553333333333,0.59985,0.7536,0.9497,completed,,,
35,known_visit,HIPC,bernoulli,drop_0.25,34,1156,14,10,hipc_g34_d85_bernoulli_drop_0_25,reruns\grid_density\scenarios\cv\known_visit_grid34_targets10_trials50.csv,11,17,0,0,17,1,0,0,0,0,0.0,0,1,44,37,7,735,111,309,527.1814,1.7060886731391587,0.9324,4.8103,5.507,341.3825,1.1047977346278317,0.3163,4.1555,4.7334,309,185.7989,0.6012909385113269,0.6041,0.7532,0.8545,completed,,,
35,known_visit,HIPC,bernoulli,drop_0.25,34,1156,14,10,hipc_g34_d85_bernoulli_drop_0_25,reruns\grid_density\scenarios\cv\known_visit_grid34_targets10_trials50.csv,12,18,0,0,19,0,0,0,0,0,0.0,0,1,41,38,3,740,109,305,507.8077,1.6649432786885245,1.1328,4.2043,4.9106,319.2121,1.046597049180328,0.5055,3.4485,4.1417,305,188.5956,0.6183462295081967,0.6201,0.7592,0.9025,completed,,,
35,known_visit,HIPC,bernoulli,drop_0.25,34,1156,14,10,hipc_g34_d85_bernoulli_drop_0_25,reruns\grid_density\scenarios\cv\known_visit_grid34_targets10_trials50.csv,13,37,3,0,38,0,0,0,0,0,0.0,0,1,87,76,11,666,138,249,321.2576,1.2901911646586346,1.2804,1.6025,4.5582,174.232,0.699726907630522,0.7178,0.9577,3.783,249,147.0256,0.5904642570281124,0.5986,0.6869,0.8528,completed,,,
36,known_visit,HIPC,bernoulli,drop_0.25,34,1156,14,10,hipc_g34_d85_bernoulli_drop_0_25,reruns\grid_density\scenarios\cv\known_visit_grid34_targets10_trials50.csv,00,5,1,0,6,0,1,0,0,0,0.0,0,0,17,12,5,243,32,98,177.3508,1.8097020408163265,1.4564,3.1524,3.8244,115.1612,1.1751142857142856,0.8003499999999999,2.4005,3.1738,98,62.1896,0.6345877551020408,0.6335500000000001,0.7733,0.9267,completed,,,
36,known_visit,HIPC,bernoulli,drop_0.25,34,1156,14,10,hipc_g34_d85_bernoulli_drop_0_25,reruns\grid_density\scenarios\cv\known_visit_grid34_targets10_trials50.csv,01,30,4,0,31,0,3,0,0,0,0.0,0,0,75,62,13,189,28,18,29.6678,1.648211111111111,0.77565,4.1322,4.1322,18.8138,1.045211111111111,0.1794,3.3928,3.3928,18,10.854,0.603,0.61885,0.7513,0.7513,completed,,,
36,known_visit,HIPC,bernoulli,drop_0.25,34,1156,14,10,hipc_g34_d85_bernoulli_drop_0_25,reruns\grid_density\scenarios\cv\known_visit_grid34_targets10_trials50.csv,02,4,0,1,4,1,0,0,0,0,0.0,0,0,14,10,4,242,36,100,197.2413,1.972413,1.6043500000000002,3.4894,4.6248,134.052,1.34052,1.0766,2.7378,3.7554,100,63.1893,0.631893,0.63715,0.7591,0.8694,completed,,,
36,known_visit,HIPC,bernoulli,drop_0.25,34,1156,14,10,hipc_g34_d85_bernoulli_drop_0_25,reruns\grid_density\scenarios\cv\known_visit_grid34_targets10_trials50.csv,03,0,0,0,1,0,0,0,0,0,0.0,0,0,1,1,0,262,29,113,321.1371,2.841921238938053,3.0756,4.6507,5.4554,248.0053,2.194737168141593,2.4543,3.9989,4.8449,113,73.1318,0.6471840707964601,0.6486,0.7823,0.8854,completed,,,
36,known_visit,HIPC,bernoulli,drop_0.25,34,1156,14,10,hipc_g34_d85_bernoulli_drop_0_25,reruns\grid_density\scenarios\cv\known_visit_grid34_targets10_trials50.csv,04,13,1,0,14,0,1,0,0,0,0.0,0,0,36,28,8,213,43,73,186.0821,2.5490698630136985,2.3247,4.458,4.8739,137.9449,1.8896561643835614,1.7023,3.6411,3.966,73,48.1372,0.659413698630137,0.6668,0.8445,0.9363,completed,,,
36,known_visit,HIPC,bernoulli,drop_0.25,34,1156,14,10,hipc_g34_d85_bernoulli_drop_0_25,reruns\grid_density\scenarios\cv\known_visit_grid34_targets10_trials50.csv,05,0,0,0,1,0,0,0,0,0,0.0,0,0,1,1,0,252,40,113,346.3945,3.065438053097345,3.3959,4.9125,6.184,272.9335,2.4153407079646017,2.6927,4.2646,5.3172,113,73.461,0.6500973451327433,0.6451,0.778,0.8925,completed,,,
36,known_visit,HIPC,bernoulli,drop_0.25,34,1156,14,10,hipc_g34_d85_bernoulli_drop_0_25,reruns\grid_density\scenarios\cv\known_visit_grid34_targets10_trials50.csv,06,25,2,0,26,0,0,0,0,0,0.0,0,0,59,52,7,194,40,34,53.9612,1.5870941176470588,1.32005,4.4048,4.7143,33.5777,0.9875794117647059,0.7749,3.7034,4.0577,34,20.3835,0.599514705882353,0.6013,0.7352,0.7406,completed,,,
36,known_visit,HIPC,bernoulli,drop_0.25,34,1156,14,10,hipc_g34_d85_bernoulli_drop_0_25,reruns\grid_density\scenarios\cv\known_visit_grid34_targets10_trials50.csv,07,32,2,0,33,0,4,0,0,0,0.0,0,0,78,66,12,186,29,12,29.5345,2.4612083333333334,2.36205,4.0882,4.0882,22.1467,1.8455583333333332,1.7821,3.4114,3.4114,12,7.3878,0.61565,0.67175,0.7586,0.7586,completed,,,
36,known_visit,HIPC,bernoulli,drop_0.25,34,1156,14,10,hipc_g34_d85_bernoulli_drop_0_25,reruns\grid_density\scenarios\cv\known_visit_grid34_targets10_trials50.csv,08,0,0,0,1,0,0,0,0,0,0.0,0,0,1,1,0,250,41,113,297.8788,2.636095575221239,2.5726,4.3779,5.1427,225.5735,1.996225663716814,2.0084,3.7335,4.5361,113,72.3053,0.6398699115044248,0.6397,0.7828,0.8551,completed,,,
36,known_visit,HIPC,bernoulli,drop_0.25,34,1156,14,10,hipc_g34_d85_bernoulli_drop_0_25,reruns\grid_density\scenarios\cv\known_visit_grid34_targets10_trials50.csv,09,0,0,0,1,0,0,0,0,0,0.0,0,0,1,1,0,244,47,113,328.4638,2.906759292035398,3.0191,4.8029,6.4538,255.0296,2.2568991150442477,2.4138,4.141,5.7138,113,73.4342,0.6498601769911505,0.6565,0.7816,0.8789,completed,,,
36,known_visit,HIPC,bernoulli,drop_0.25,34,1156,14,10,hipc_g34_d85_bernoulli_drop_0_25,reruns\grid_density\scenarios\cv\known_visit_grid34_targets10_trials50.csv,10,1,0,0,2,0,0,0,0,0,0.0,0,0,7,4,3,240,45,111,277.2584,2.4978234234234233,2.3621,4.3397,4.7313,205.1495,1.8481936936936936,1.7384,3.6169,3.9509,111,72.1089,0.6496297297297298,0.6527,0.7846,0.874,completed,,,
36,known_visit,HIPC,bernoulli,drop_0.25,34,1156,14,10,hipc_g34_d85_bernoulli_drop_0_25,reruns\grid_density\scenarios\cv\known_visit_grid34_targets10_trials50.csv,11,0,0,0,1,0,0,0,0,0,0.0,0,0,1,1,0,243,49,113,263.5022,2.3318778761061947,2.0279,4.6262,5.2075,192.0628,1.6996707964601772,1.2844,3.9365,4.5866,113,71.4394,0.6322070796460177,0.6462,0.7737,0.841,completed,,,
36,known_visit,HIPC,bernoulli,drop_0.25,34,1156,14,10,hipc_g34_d85_bernoulli_drop_0_25,reruns\grid_density\scenarios\cv\known_visit_grid34_targets10_trials50.csv,12,0,0,0,1,0,0,0,0,0,0.0,0,0,1,1,0,249,42,114,294.8324,2.5862491228070175,2.70245,4.2924,5.1972,220.9545,1.9381973684210525,2.0900999999999996,3.5845,4.4598,114,73.8779,0.6480517543859649,0.6665,0.7616,0.801,completed,,,
36,known_visit,HIPC,bernoulli,drop_0.25,34,1156,14,10,hipc_g34_d85_bernoulli_drop_0_25,reruns\grid_density\scenarios\cv\known_visit_grid34_targets10_trials50.csv,13,0,0,0,1,0,0,0,0,0,0.0,0,0,1,1,0,248,43,114,259.6496,2.277628070175439,1.9805000000000001,4.5276,8.5002,188.2332,1.6511684210526316,1.25915,3.8588,7.7395,114,71.4164,0.6264596491228069,0.6412,0.7635,0.8346,completed,,,
37,known_visit,HIPC,bernoulli,drop_0.25,34,1156,14,10,hipc_g34_d85_bernoulli_drop_0_25,reruns\grid_density\scenarios\cv\known_visit_grid34_targets10_trials50.csv,00,0,0,0,1,0,0,0,0,0,0.0,0,0,1,1,0,249,37,133,307.1276,2.3092300751879695,2.03,5.1796,6.0793,220.3579,1.6568263157894736,1.2751,4.4633,5.3823,133,86.7697,0.6524037593984963,0.6355,0.7781,0.8842,completed,,,
37,known_visit,HIPC,bernoulli,drop_0.25,34,1156,14,10,hipc_g34_d85_bernoulli_drop_0_25,reruns\grid_density\scenarios\cv\known_visit_grid34_targets10_trials50.csv,01,6,1,0,7,0,0,0,0,0,0.0,0,0,16,14,2,234,38,114,237.4984,2.083319298245614,1.9101,4.3106,5.3855,164.3507,1.4416728070175437,1.25605,3.571,4.6401,114,73.1477,0.6416464912280702,0.6273,0.752,0.8089,completed,,,
37,known_visit,HIPC,bernoulli,drop_0.25,34,1156,14,10,hipc_g34_d85_bernoulli_drop_0_25,reruns\grid_density\scenarios\cv\known_visit_grid34_targets10_trials50.csv,02,0,0,0,1,0,0,0,0,0,0.0,0,0,1,1,0,240,46,133,391.84590000000003,2.9462097744360904,2.4989,5.3678,6.6967,300.5234,2.2595744360902255,1.8239,4.6897,5.8349,133,91.3225,0.6866353383458647,0.6695,0.8007,0.8703,completed,,,
37,known_visit,HIPC,bernoulli,drop_0.25,34,1156,14,10,hipc_g34_d85_bernoulli_drop_0_25,reruns\grid_density\scenarios\cv\known_visit_grid34_targets10_trials50.csv,03,0,0,0,1,0,0,0,0,0,0.0,0,0,1,1,0,243,43,133,516.3941,3.8826624060150374,3.1047,6.0563,6.5048,424.5278,3.1919383458646617,2.3788,5.3128,5.711,133,91.8663,0.6907240601503759,0.6942,0.7843,0.8116,completed,,,
37,known_visit,HIPC,bernoulli,drop_0.25,34,1156,14,10,hipc_g34_d85_bernoulli_drop_0_25,reruns\grid_density\scenarios\cv\known_visit_grid34_targets10_trials50.csv,04,0,0,0,1,0,0,0,0,0,0.0,0,0,1,1,0,251,35,133,258.3599,1.9425556390977443,1.3566,4.7561,5.8625,174.7854,1.3141759398496242,0.7466,4.0077,5.1385,133,83.5745,0.6283796992481203,0.6014,0.7577,0.8433,completed,,,
37,known_visit,HIPC,bernoulli,drop_0.25,34,1156,14,10,hipc_g34_d85_bernoulli_drop_0_25,reruns\grid_density\scenarios\cv\known_visit_grid34_targets10_trials50.csv,05,26,2,0,27,0,0,0,0,0,0.0,0,0,60,54,6,191,36,49,66.9421,1.3661653061224488,1.0758,3.6565,5.2481,37.454,0.7643673469387755,0.4863,3.0275,4.477,49,29.4881,0.6017979591836734,0.5892,0.721,0.7711,completed,,,
37,known_visit,HIPC,bernoulli,drop_0.25,34,1156,14,10,hipc_g34_d85_bernoulli_drop_0_25,reruns\grid_density\scenarios\cv\known_visit_grid34_targets10_trials50.csv,06,1,0,0,2,0,0,0,0,0,0.0,0,0,11,5,6,235,42,131,234.1337,1.7872801526717557,1.0974,4.8905,5.6076,152.9666,1.167683969465649,0.5106,4.1631,4.7671,131,81.1671,0.6195961832061069,0.5968,0.7872,0.8405,completed,,,
37,known_visit,HIPC,bernoulli,drop_0.25,34,1156,14,10,hipc_g34_d85_bernoulli_drop_0_25,reruns\grid_density\scenarios\cv\known_visit_grid34_targets10_trials50.csv,07,15,1,1,15,1,1,0,0,0,0.0,0,0,42,33,9,212,33,84,159.8955,1.903517857142857,1.6743999999999999,2.4956,4.1041,103.6697,1.2341630952380953,0.9775,1.8506,3.3622,84,56.2258,0.669354761904762,0.66275,0.7427,0.8099,completed,,,
37,known_visit,HIPC,bernoulli,drop_0.25,34,1156,14,10,hipc_g34_d85_bernoulli_drop_0_25,reruns\grid_density\scenarios\cv\known_visit_grid34_targets10_trials50.csv,08,0,0,0,1,0,0,0,0,0,0.0,0,0,1,1,0,241,45,133,238.6118,1.7940736842105263,1.0589,4.587,5.3012,155.5369,1.1694503759398496,0.4735,3.8427,4.458,133,83.0749,0.6246233082706767,0.5951,0.7939,0.8521,completed,,,
37,known_visit,HIPC,bernoulli,drop_0.25,34,1156,14,10,hipc_g34_d85_bernoulli_drop_0_25,reruns\grid_density\scenarios\cv\known_visit_grid34_targets10_trials50.csv,09,38,3,0,39,0,0,0,0,0,0.0,0,0,84,77,7,177,27,13,41.3059,3.177376923076923,2.9493,5.4138,5.4138,32.5889,2.506838461538462,2.3499,4.6773,4.6773,13,8.717,0.6705384615384615,0.7058,0.8008,0.8008,completed,,,
37,known_visit,HIPC,bernoulli,drop_0.25,34,1156,14,10,hipc_g34_d85_bernoulli_drop_0_25,reruns\grid_density\scenarios\cv\known_visit_grid34_targets10_trials50.csv,10,19,2,0,20,0,2,0,0,0,0.0,0,0,52,41,11,205,30,74,84.9131,1.1474743243243244,0.86815,2.9961,5.1117,41.5318,0.5612405405405405,0.285,2.3035,4.289,74,43.3813,0.5862337837837839,0.5730500000000001,0.715,0.8227,completed,,,
37,known_visit,HIPC,bernoulli,drop_0.25,34,1156,14,10,hipc_g34_d85_bernoulli_drop_0_25,reruns\grid_density\scenarios\cv\known_visit_grid34_targets10_trials50.csv,11,2,1,0,3,0,0,0,0,0,0.0,0,0,10,6,4,237,40,127,246.2805,1.9392165354330708,1.4405,5.1473,5.7192,167.0546,1.3153905511811024,0.8302,4.4144,4.9869,127,79.2259,0.6238259842519684,0.6001,0.7529,0.8109,completed,,,
37,known_visit,HIPC,bernoulli,drop_0.25,34,1156,14,10,hipc_g34_d85_bernoulli_drop_0_25,reruns\grid_density\scenarios\cv\known_visit_grid34_targets10_trials50.csv,12,1,0,0,2,0,0,0,0,0,0.0,0,0,7,4,3,242,39,130,276.8599,2.1296915384615382,1.4841,5.3401,5.996,195.0247,1.50019,0.8815500000000001,4.6236,5.1475,130,81.8352,0.6295015384615384,0.611,0.7686,0.8485,completed,,,
37,known_visit,HIPC,bernoulli,drop_0.25,34,1156,14,10,hipc_g34_d85_bernoulli_drop_0_25,reruns\grid_density\scenarios\cv\known_visit_grid34_targets10_trials50.csv,13,0,0,0,1,0,0,0,0,0,0.0,0,0,1,1,0,241,45,133,351.6268,2.6438105263157894,1.7371,5.3085,5.9317,264.1057,1.985757142857143,1.0639,4.589,5.1972,133,87.5211,0.6580533834586466,0.6421,0.7717,0.8646,completed,,,
38,known_visit,HIPC,bernoulli,drop_0.25,34,1156,14,10,hipc_g34_d85_bernoulli_drop_0_25,reruns\grid_density\scenarios\cv\known_visit_grid34_targets10_trials50.csv,00,0,0,0,1,0,0,0,0,0,0.0,0,0,1,1,0,318,39,120,340.9349,2.841124166666667,2.5046999999999997,5.386,6.1216,266.5318,2.221098333333333,1.81665,4.7769,5.381,120,74.4031,0.6200258333333333,0.6144000000000001,0.77,0.8545,completed,,,
38,known_visit,HIPC,bernoulli,drop_0.25,34,1156,14,10,hipc_g34_d85_bernoulli_drop_0_25,reruns\grid_density\scenarios\cv\known_visit_grid34_targets10_trials50.csv,01,28,2,0,29,0,0,0,0,0,0.0,0,0,63,58,5,256,39,28,36.0094,1.28605,1.1455000000000002,3.5354,3.6051,20.9959,0.7498535714285713,0.61035,2.8211,2.9893,28,15.0135,0.5361964285714286,0.5361499999999999,0.7021,0.7143,completed,,,
38,known_visit,HIPC,bernoulli,drop_0.25,34,1156,14,10,hipc_g34_d85_bernoulli_drop_0_25,reruns\grid_density\scenarios\cv\known_visit_grid34_targets10_trials50.csv,02,0,0,0,1,0,0,0,0,0,0.0,0,0,1,1,0,299,58,120,362.2639,3.0188658333333334,2.7816,4.9638,5.6726,286.8389,2.390324166666667,2.1408,4.3714,4.9562,120,75.425,0.6285416666666667,0.6252,0.7547,0.7914,completed,,,
38,known_visit,HIPC,bernoulli,drop_0.25,34,1156,14,10,hipc_g34_d85_bernoulli_drop_0_25,reruns\grid_density\scenarios\cv\known_visit_grid34_targets10_trials50.csv,03,21,2,1,20,2,0,0,0,0,0.0,0,0,51,45,6,270,37,54,114.6258,2.1227,2.26125,4.2295,5.7343,82.0781,1.5199648148148148,1.64855,3.6149,4.9084,54,32.5477,0.6027351851851852,0.6094999999999999,0.7271,0.9595,completed,,,
38,known_visit,HIPC,bernoulli,drop_0.25,34,1156,14,10,hipc_g34_d85_bernoulli_drop_0_25,reruns\grid_density\scenarios\cv\known_visit_grid34_targets10_trials50.csv,04,13,0,2,10,4,1,0,0,0,0.0,0,0,33,28,5,282,43,78,328.2681,4.208565384615385,3.98575,5.8708,6.2284,277.0065,3.551365384615385,3.2679,5.1449,5.5227,78,51.2616,0.6572,0.64775,0.7867,0.8753,completed,,,
38,known_visit,HIPC,bernoulli,drop_0.25,34,1156,14,10,hipc_g34_d85_bernoulli_drop_0_25,reruns\grid_density\scenarios\cv\known_visit_grid34_targets10_trials50.csv,05,33,2,0,34,0,1,0,0,0,0.0,0,0,76,68,8,238,44,14,21.6989,1.5499214285714285,1.0776,3.9553,3.9553,13.9079,0.9934214285714286,0.41945,3.3493,3.3493,14,7.791,0.5565,0.6094999999999999,0.7086,0.7086,completed,,,
38,known_visit,HIPC,bernoulli,drop_0.25,34,1156,14,10,hipc_g34_d85_bernoulli_drop_0_25,reruns\grid_density\scenarios\cv\known_visit_grid34_targets10_trials50.csv,06,36,2,0,37,0,3,0,0,0,0.0,0,0,83,73,10,233,43,10,26.5882,2.65882,3.1500500000000002,4.3947,4.3947,20.0225,2.00225,2.4657,3.7738,3.7738,10,6.5657,0.65657,0.63,0.7614,0.7614,completed,,,
38,known_visit,HIPC,bernoulli,drop_0.25,34,1156,14,10,hipc_g34_d85_bernoulli_drop_0_25,reruns\grid_density\scenarios\cv\known_visit_grid34_targets10_trials50.csv,07,6,1,0,7,0,0,0,0,0,0.0,0,0,18,14,4,297,43,101,192.3544,1.9044990099009902,1.6949,3.7007,4.3035,129.1139,1.2783554455445545,1.063,2.9995,3.6287,101,63.2405,0.6261435643564356,0.6181,0.7654,0.8245,completed,,,
38,known_visit,HIPC,bernoulli,drop_0.25,34,1156,14,10,hipc_g34_d85_bernoulli_drop_0_25,reruns\grid_density\scenarios\cv\known_visit_grid34_targets10_trials50.csv,08,0,0,0,1,0,0,0,0,0,0.0,0,0,1,1,0,317,40,120,299.3619,2.4946825,1.90125,5.4919,6.9048,226.9934,1.8916116666666667,1.22905,4.8713,6.0877,120,72.3685,0.6030708333333333,0.6071,0.7527,0.8171,completed,,,
38,known_visit,HIPC,bernoulli,drop_0.25,34,1156,14,10,hipc_g34_d85_bernoulli_drop_0_25,reruns\grid_density\scenarios\cv\known_visit_grid34_targets10_trials50.csv,09,0,0,0,1,0,0,0,0,0,0.0,0,0,1,1,0,299,59,120,350.5243,2.9210358333333333,2.48175,5.5364,6.2752,277.122,2.3093500000000002,1.7972000000000001,4.8639,5.4763,120,73.4023,0.6116858333333333,0.61185,0.7526,0.8398,completed,,,
38,known_visit,HIPC,bernoulli,drop_0.25,34,1156,14,10,hipc_g34_d85_bernoulli_drop_0_25,reruns\grid_density\scenarios\cv\known_visit_grid34_targets10_trials50.csv,10,0,0,0,1,0,0,0,0,0,0.0,0,0,1,1,0,306,51,120,403.3552,3.3612933333333337,3.22045,5.4209,6.7205,327.57529999999997,2.7297941666666663,2.54035,4.837,5.9566,120,75.7799,0.6314991666666666,0.6195999999999999,0.7717,0.8139,completed,,,
38,known_visit,HIPC,bernoulli,drop_0.25,34,1156,14,10,hipc_g34_d85_bernoulli_drop_0_25,reruns\grid_density\scenarios\cv\known_visit_grid34_targets10_trials50.csv,11,12,1,0,13,0,0,0,0,0,0.0,0,0,28,26,2,279,51,84,119.8457,1.4267345238095237,1.43485,2.2021,3.4898,70.5023,0.8393130952380953,0.8634999999999999,1.5359,2.8536,84,49.3434,0.5874214285714286,0.5978000000000001,0.7418,0.7926,completed,,,
38,known_visit,HIPC,bernoulli,drop_0.25,34,1156,14,10,hipc_g34_d85_bernoulli_drop_0_25,reruns\grid_density\scenarios\cv\known_visit_grid34_targets10_trials50.csv,12,0,0,0,1,0,0,0,0,0,0.0,0,0,1,1,0,302,55,120,427.2537,3.5604475,3.36085,5.9551,6.6731,351.5676,2.92973,2.6645,5.2895,5.8822,120,75.6861,0.6307174999999999,0.6216,0.7641,0.8047,completed,,,
38,known_visit,HIPC,bernoulli,drop_0.25,34,1156,14,10,hipc_g34_d85_bernoulli_drop_0_25,reruns\grid_density\scenarios\cv\known_visit_grid34_targets10_trials50.csv,13,0,0,0,1,0,0,0,0,0,0.0,0,0,1,1,0,308,49,120,339.2546,2.8271216666666663,2.4398999999999997,5.2399,5.9165,264.1286,2.2010716666666665,1.75075,4.5536,5.1916,120,75.126,0.62605,0.6175999999999999,0.7513,0.8165,completed,,,
39,known_visit,HIPC,bernoulli,drop_0.25,34,1156,14,10,hipc_g34_d85_bernoulli_drop_0_25,reruns\grid_density\scenarios\cv\known_visit_grid34_targets10_trials50.csv,00,0,0,0,1,0,0,0,0,0,0.0,0,0,1,1,0,275,54,118,376.4258,3.1900491525423726,3.33995,5.3948,6.0768,296.2842,2.5108830508474576,2.59525,4.692,5.0979,118,80.1416,0.6791661016949152,0.66295,0.8093,0.9789,completed,,,
39,known_visit,HIPC,bernoulli,drop_0.25,34,1156,14,10,hipc_g34_d85_bernoulli_drop_0_25,reruns\grid_density\scenarios\cv\known_visit_grid34_targets10_trials50.csv,01,10,1,0,11,0,0,0,0,0,0.0,0,0,25,22,3,269,37,86,164.0996,1.9081348837209304,1.32995,3.5965,4.3036,111.7319,1.2992081395348836,0.70635,2.823,3.5356,86,52.3677,0.6089267441860465,0.6135999999999999,0.7625,0.8637,completed,,,
39,known_visit,HIPC,bernoulli,drop_0.25,34,1156,14,10,hipc_g34_d85_bernoulli_drop_0_25,reruns\grid_density\scenarios\cv\known_visit_grid34_targets10_trials50.csv,02,0,0,0,1,0,0,0,0,0,0.0,0,0,1,1,0,280,49,118,364.8213,3.0917059322033897,3.1732500000000003,4.6104,5.1449,282.3267,2.392599152542373,2.5123,3.8617,4.3907,118,82.4946,0.699106779661017,0.7066,0.8435,1.0373,completed,,,
39,known_visit,HIPC,bernoulli,drop_0.25,34,1156,14,10,hipc_g34_d85_bernoulli_drop_0_25,reruns\grid_density\scenarios\cv\known_visit_grid34_targets10_trials50.csv,03,25,2,0,26,0,0,0,0,0,0.0,0,0,58,52,6,232,40,38,65.4624,1.7226947368421053,1.42585,3.9759,4.2585,41.2827,1.0863868421052632,0.79,3.2185,3.5848,38,24.1797,0.6363078947368421,0.63495,0.7925,0.8687,completed,,,
39,known_visit,HIPC,bernoulli,drop_0.25,34,1156,14,10,hipc_g34_d85_bernoulli_drop_0_25,reruns\grid_density\scenarios\cv\known_visit_grid34_targets10_trials50.csv,04,0,0,0,1,0,0,0,0,0,0.0,0,0,1,1,0,276,53,118,373.4256,3.164623728813559,3.36665,5.4084,5.9624,293.3658,2.486150847457627,2.6873,4.6796,5.201,118,80.0598,0.6784728813559322,0.6589,0.7972,0.9085,completed,,,
39,known_visit,HIPC,bernoulli,drop_0.25,34,1156,14,10,hipc_g34_d85_bernoulli_drop_0_25,reruns\grid_density\scenarios\cv\known_visit_grid34_targets10_trials50.csv,05,10,0,0,11,0,0,0,0,0,0.0,0,0,24,22,2,260,46,86,221.4776,2.575320930232558,2.5126,3.805,4.1528,165.029,1.9189418604651163,1.7867000000000002,3.0743,3.5102,86,56.4486,0.6563790697674419,0.67475,0.7696,0.8576,completed,,,
39,known_visit,HIPC,bernoulli,drop_0.25,34,1156,14,10,hipc_g34_d85_bernoulli_drop_0_25,reruns\grid_density\scenarios\cv\known_visit_grid34_targets10_trials50.csv,06,35,3,0,36,0,4,0,0,0,0.0,0,0,85,71,14,211,35,7,23.5479,3.363985714285714,3.4843,5.8793,5.8793,18.4676,2.6382285714285714,2.8636,5.273,5.273,7,5.0803,0.7257571428571429,0.7627,0.8564,0.8564,completed,,,
39,known_visit,HIPC,bernoulli,drop_0.25,34,1156,14,10,hipc_g34_d85_bernoulli_drop_0_25,reruns\grid_density\scenarios\cv\known_visit_grid34_targets10_trials50.csv,07,20,2,0,21,0,0,0,0,0,0.0,0,0,48,42,6,241,42,52,81.0074,1.5578346153846154,1.34335,3.4974,4.1773,49.5062,0.9520423076923077,0.70295,2.7944,3.4914,52,31.5012,0.6057923076923077,0.62195,0.7072,0.7554,completed,,,
39,known_visit,HIPC,bernoulli,drop_0.25,34,1156,14,10,hipc_g34_d85_bernoulli_drop_0_25,reruns\grid_density\scenarios\cv\known_visit_grid34_targets10_trials50.csv,08,2,0,0,3,0,0,0,0,0,0.0,0,0,10,6,4,279,41,113,452.1493,4.001321238938053,4.8131,5.8017,6.3557,373.7661,3.3076646017699116,4.167,5.0471,5.4076,113,78.3832,0.6936566371681416,0.7067,0.8014,0.9481,completed,,,
39,known_visit,HIPC,bernoulli,drop_0.25,34,1156,14,10,hipc_g34_d85_bernoulli_drop_0_25,reruns\grid_density\scenarios\cv\known_visit_grid34_targets10_trials50.csv,09,33,2,0,34,0,0,0,0,0,0.0,0,0,74,68,6,226,31,14,42.6646,3.0474714285714284,3.8106,4.4507,4.4507,33.2056,2.3718285714285714,3.0949999999999998,3.6762,3.6762,14,9.459,0.6756428571428571,0.6453500000000001,0.7745,0.7745,completed,,,
39,known_visit,HIPC,bernoulli,drop_0.25,34,1156,14,10,hipc_g34_d85_bernoulli_drop_0_25,reruns\grid_density\scenarios\cv\known_visit_grid34_targets10_trials50.csv,10,0,0,0,1,0,0,0,0,0,0.0,0,0,1,1,0,278,51,119,331.5669,2.786276470588235,3.1711,4.9576,5.5625,253.7262,2.1321529411764706,2.4284,4.2366,4.8047,119,77.8407,0.6541235294117647,0.6436,0.7912,0.8966,completed,,,
39,known_visit,HIPC,bernoulli,drop_0.25,34,1156,14,10,hipc_g34_d85_bernoulli_drop_0_25,reruns\grid_density\scenarios\cv\known_visit_grid34_targets10_trials50.csv,11,0,0,0,1,0,0,0,0,0,0.0,0,0,1,1,0,288,41,119,401.4095,3.373189075630252,3.8924,5.7054,6.5568,321.8429,2.7045621848739496,3.2324,4.8786,5.7984,119,79.5666,0.6686268907563024,0.6442,0.808,0.895,completed,,,
39,known_visit,HIPC,bernoulli,drop_0.25,34,1156,14,10,hipc_g34_d85_bernoulli_drop_0_25,reruns\grid_density\scenarios\cv\known_visit_grid34_targets10_trials50.csv,12,0,0,0,1,0,0,0,0,0,0.0,0,0,1,1,0,280,49,118,373.5518,3.165693220338983,3.21075,4.9747,5.5767,291.934,2.4740169491525426,2.4557,4.1849,4.7826,118,81.6178,0.6916762711864407,0.68675,0.8286,0.963,completed,,,
39,known_visit,HIPC,bernoulli,drop_0.25,34,1156,14,10,hipc_g34_d85_bernoulli_drop_0_25,reruns\grid_density\scenarios\cv\known_visit_grid34_targets10_trials50.csv,13,0,0,0,1,0,0,0,0,0,0.0,0,0,1,1,0,280,50,119,402.9951,3.386513445378151,3.3038,5.3686,6.0131,320.2826,2.691450420168067,2.5968,4.5918,5.2369,119,82.7125,0.6950630252100841,0.7082,0.8171,0.9251,completed,,,
40,known_visit,HIPC,bernoulli,drop_0.25,34,1156,14,10,hipc_g34_d85_bernoulli_drop_0_25,reruns\grid_density\scenarios\cv\known_visit_grid34_targets10_trials50.csv,00,0,0,0,1,0,0,0,0,0,0.0,0,0,1,1,0,280,41,133,348.5134,2.6204015037593984,2.5492,5.1267,6.2031,261.9225,1.969342105263158,1.8325,4.4138,5.4363,133,86.5909,0.6510593984962406,0.6393,0.7693,0.8892,completed,,,
40,known_visit,HIPC,bernoulli,drop_0.25,34,1156,14,10,hipc_g34_d85_bernoulli_drop_0_25,reruns\grid_density\scenarios\cv\known_visit_grid34_targets10_trials50.csv,01,0,0,0,1,0,0,0,0,0,0.0,0,0,1,1,0,268,53,134,335.9133,2.506815671641791,2.29085,4.7414,5.6327,247.4164,1.8463910447761194,1.56615,3.9172,4.7963,134,88.4969,0.6604246268656716,0.6403,0.7777,0.8364,completed,,,
40,known_visit,HIPC,bernoulli,drop_0.25,34,1156,14,10,hipc_g34_d85_bernoulli_drop_0_25,reruns\grid_density\scenarios\cv\known_visit_grid34_targets10_trials50.csv,02,1,0,0,2,0,0,0,0,0,0.0,0,0,7,4,3,267,48,131,377.9067,2.8847839694656487,2.7125,5.0633,6.1143,292.8133,2.2352160305343514,2.0003,4.3401,5.3499,131,85.0934,0.6495679389312977,0.6382,0.7682,0.9064,completed,,,
40,known_visit,HIPC,bernoulli,drop_0.25,34,1156,14,10,hipc_g34_d85_bernoulli_drop_0_25,reruns\grid_density\scenarios\cv\known_visit_grid34_targets10_trials50.csv,03,0,0,0,1,0,0,0,0,0,0.0,0,0,1,1,0,276,45,133,397.0264,2.985160902255639,3.1387,4.7647,5.6606,307.9499,2.3154127819548873,2.3875,3.9915,4.8917,133,89.0765,0.6697481203007518,0.6486,0.7982,0.934,completed,,,
40,known_visit,HIPC,bernoulli,drop_0.25,34,1156,14,10,hipc_g34_d85_bernoulli_drop_0_25,reruns\grid_density\scenarios\cv\known_visit_grid34_targets10_trials50.csv,04,37,2,0,35,3,1,0,0,0,0.0,0,0,83,76,7,207,33,13,33.1335,2.5487307692307692,2.1575,6.5406,6.5406,24.642,1.8955384615384614,1.436,5.7812,5.7812,13,8.4915,0.6531923076923077,0.6347,0.7594,0.7594,completed,,,
40,known_visit,HIPC,bernoulli,drop_0.25,34,1156,14,10,hipc_g34_d85_bernoulli_drop_0_25,reruns\grid_density\scenarios\cv\known_visit_grid34_targets10_trials50.csv,05,6,0,0,7,0,0,0,0,0,0.0,0,0,16,14,2,256,50,114,307.6756,2.6989087719298244,2.53515,5.4641,6.3358,233.9615,2.0522938596491227,1.8134000000000001,4.8639,5.5794,114,73.7141,0.6466149122807018,0.6379,0.7857,0.8259,completed,,,
40,known_visit,HIPC,bernoulli,drop_0.25,34,1156,14,10,hipc_g34_d85_bernoulli_drop_0_25,reruns\grid_density\scenarios\cv\known_visit_grid34_targets10_trials50.csv,06,39,3,0,40,0,1,0,0,0,0.0,0,0,87,79,8,201,35,7,17.0074,2.4296285714285717,2.5772,4.0113,4.0113,12.585700000000001,1.797957142857143,1.7818,3.3593,3.3593,7,4.4217,0.6316714285714287,0.6298,0.8536,0.8536,completed,,,
40,known_visit,HIPC,bernoulli,drop_0.25,34,1156,14,10,hipc_g34_d85_bernoulli_drop_0_25,reruns\grid_density\scenarios\cv\known_visit_grid34_targets10_trials50.csv,07,0,0,0,1,0,0,0,0,0,0.0,0,0,1,1,0,278,43,133,358.4919,2.695427819548872,2.548,5.1386,5.6173,272.0776,2.045696240601504,1.8261,4.3931,4.9215,133,86.4143,0.6497315789473684,0.6338,0.8064,0.9248,completed,,,
40,known_visit,HIPC,bernoulli,drop_0.25,34,1156,14,10,hipc_g34_d85_bernoulli_drop_0_25,reruns\grid_density\scenarios\cv\known_visit_grid34_targets10_trials50.csv,08,0,0,0,1,0,0,0,0,0,0.0,0,0,1,1,0,281,40,133,357.1682,2.685475187969925,2.8663,4.1187,5.0238,268.9127,2.0218999999999996,2.1514,3.3865,4.2641,133,88.2555,0.6635751879699248,0.6448,0.77,0.7864,completed,,,
40,known_visit,HIPC,bernoulli,drop_0.25,34,1156,14,10,hipc_g34_d85_bernoulli_drop_0_25,reruns\grid_density\scenarios\cv\known_visit_grid34_targets10_trials50.csv,09,7,2,0,8,0,0,0,0,0,0.0,0,0,21,16,5,250,52,111,179.6634,1.6185891891891893,1.6501,2.6851,3.816,108.7369,0.9796117117117118,0.9495,1.9117,3.0502,111,70.9265,0.6389774774774775,0.6176,0.7752,0.8136,completed,,,
40,known_visit,HIPC,bernoulli,drop_0.25,34,1156,14,10,hipc_g34_d85_bernoulli_drop_0_25,reruns\grid_density\scenarios\cv\known_visit_grid34_targets10_trials50.csv,10,1,0,0,2,0,0,0,0,0,0.0,0,0,7,4,3,276,39,131,343.782,2.624290076335878,2.5789,4.6665,5.3438,258.4303,1.9727503816793892,1.8499,4.0064,4.5419,131,85.3517,0.6515396946564885,0.6316,0.781,0.8797,completed,,,
40,known_visit,HIPC,bernoulli,drop_0.25,34,1156,14,10,hipc_g34_d85_bernoulli_drop_0_25,reruns\grid_density\scenarios\cv\known_visit_grid34_targets10_trials50.csv,11,0,0,0,1,0,0,0,0,0,0.0,0,0,1,1,0,277,44,133,377.3104,2.83692030075188,2.5684,5.8186,6.3333,291.3215,2.190387218045113,1.844,5.1921,5.5895,133,85.9889,0.6465330827067669,0.6229,0.7698,0.8434,completed,,,
40,known_visit,HIPC,bernoulli,drop_0.25,34,1156,14,10,hipc_g34_d85_bernoulli_drop_0_25,reruns\grid_density\scenarios\cv\known_visit_grid34_targets10_trials50.csv,12,7,1,0,8,0,0,0,0,0,0.0,0,0,21,16,5,252,49,111,252.5543,2.275263963963964,2.6001,3.4452,4.9479,180.6349,1.6273414414414413,1.9322,2.6854,4.2176,111,71.9194,0.6479225225225225,0.6247,0.7635,0.863,completed,,,
40,known_visit,HIPC,bernoulli,drop_0.25,34,1156,14,10,hipc_g34_d85_bernoulli_drop_0_25,reruns\grid_density\scenarios\cv\known_visit_grid34_targets10_trials50.csv,13,33,2,0,34,0,2,0,0,0,0.0,0,0,75,68,7,215,32,26,33.1429,1.274726923076923,0.92315,3.527,3.9866,17.5011,0.6731192307692309,0.30710000000000004,3.091,3.5015,26,15.6418,0.6016076923076923,0.6113999999999999,0.6508,0.6603,completed,,,
41,known_visit,HIPC,bernoulli,drop_0.25,34,1156,14,10,hipc_g34_d85_bernoulli_drop_0_25,reruns\grid_density\scenarios\cv\known_visit_grid34_targets10_trials50.csv,00,36,3,0,37,0,0,0,0,0,0.0,0,0,80,74,6,280,51,31,46.057,1.485709677419355,0.8893,5.8614,6.2946,26.6724,0.8603999999999999,0.2933,5.0511,5.5841,31,19.3846,0.6253096774193548,0.5938,0.8103,0.8249,completed,,,
41,known_visit,HIPC,bernoulli,drop_0.25,34,1156,14,10,hipc_g34_d85_bernoulli_drop_0_25,reruns\grid_density\scenarios\cv\known_visit_grid34_targets10_trials50.csv,01,9,0,1,8,2,2,0,0,0,0.0,0,0,28,21,7,327,57,119,242.5314,2.0380789915966386,1.3561,4.5628,4.7058,165.2658,1.3887882352941177,0.71,3.7579,3.9233,119,77.2656,0.6492907563025211,0.6334,0.7784,0.8104,completed,,,
41,known_visit,HIPC,bernoulli,drop_0.25,34,1156,14,10,hipc_g34_d85_bernoulli_drop_0_25,reruns\grid_density\scenarios\cv\known_visit_grid34_targets10_trials50.csv,02,0,0,0,1,0,0,0,0,0,0.0,0,0,1,1,0,359,51,148,360.0158,2.4325391891891894,2.01755,5.1152,5.3462,262.54,1.773918918918919,1.3712499999999999,4.34,4.5839,148,97.4758,0.6586202702702704,0.6325000000000001,0.7763,0.9009,completed,,,
41,known_visit,HIPC,bernoulli,drop_0.25,34,1156,14,10,hipc_g34_d85_bernoulli_drop_0_25,reruns\grid_density\scenarios\cv\known_visit_grid34_targets10_trials50.csv,03,0,0,0,1,0,0,0,0,0,0.0,0,0,1,1,0,354,57,148,331.3242,2.2386770270270273,1.8284,4.7588,4.9902,234.3237,1.5832682432432432,1.2826499999999998,3.9978,4.1967,148,97.0005,0.6554087837837838,0.62925,0.778,0.8607,completed,,,
41,known_visit,HIPC,bernoulli,drop_0.25,34,1156,14,10,hipc_g34_d85_bernoulli_drop_0_25,reruns\grid_density\scenarios\cv\known_visit_grid34_targets10_trials50.csv,04,0,0,0,1,0,0,0,0,0,0.0,0,0,1,1,0,351,59,148,493.5862,3.335041891891892,2.8696,5.4152,6.0283,391.2062,2.643285135135135,2.23705,4.5358,5.292,148,102.38,0.6917567567567567,0.6938500000000001,0.7821,0.9163,completed,,,
41,known_visit,HIPC,bernoulli,drop_0.25,34,1156,14,10,hipc_g34_d85_bernoulli_drop_0_25,reruns\grid_density\scenarios\cv\known_visit_grid34_targets10_trials50.csv,05,0,0,0,1,0,0,0,0,0,0.0,0,0,1,1,0,340,70,148,419.109,2.8318175675675676,2.6382000000000003,5.0981,5.9163,318.0779,2.149175,1.9868000000000001,4.3293,5.2278,148,101.0311,0.6826425675675676,0.68335,0.7768,0.9734,completed,,,
41,known_visit,HIPC,bernoulli,drop_0.25,34,1156,14,10,hipc_g34_d85_bernoulli_drop_0_25,reruns\grid_density\scenarios\cv\known_visit_grid34_targets10_trials50.csv,06,1,0,0,2,0,0,0,0,0,0.0,0,0,7,4,3,346,58,145,270.5718,1.8660124137931033,1.113,4.4233,5.0097,177.4163,1.2235606896551725,0.4512,3.6598,4.2381,145,93.1555,0.6424517241379311,0.6186,0.7702,0.8279,completed,,,
41,known_visit,HIPC,bernoulli,drop_0.25,34,1156,14,10,hipc_g34_d85_bernoulli_drop_0_25,reruns\grid_density\scenarios\cv\known_visit_grid34_targets10_trials50.csv,07,43,2,0,44,0,1,0,0,0,0.0,0,0,97,87,10,256,59,7,17.9457,2.5636714285714284,2.5904,5.3233,5.3233,13.6778,1.9539714285714285,1.8627,4.5892,4.5892,7,4.2679,0.6097,0.6201,0.7341,0.7341,completed,,,
41,known_visit,HIPC,bernoulli,drop_0.25,34,1156,14,10,hipc_g34_d85_bernoulli_drop_0_25,reruns\grid_density\scenarios\cv\known_visit_grid34_targets10_trials50.csv,08,0,0,0,1,0,0,0,0,0,0.0,0,0,1,1,0,339,71,148,419.1385,2.832016891891892,2.3792999999999997,5.2908,6.022,318.4847,2.1519236486486486,1.7355,4.5004,5.289,148,100.6538,0.6800932432432433,0.6826,0.7768,0.9402,completed,,,
41,known_visit,HIPC,bernoulli,drop_0.25,34,1156,14,10,hipc_g34_d85_bernoulli_drop_0_25,reruns\grid_density\scenarios\cv\known_visit_grid34_targets10_trials50.csv,09,21,0,1,14,8,3,0,0,0,0.0,0,0,56,46,10,293,62,79,142.2054,1.8000683544303797,1.8315,3.7308,5.1698,88.7456,1.1233620253164556,1.1355,3.0249,4.389,79,53.4598,0.676706329113924,0.691,0.7778,0.842,completed,,,
41,known_visit,HIPC,bernoulli,drop_0.25,34,1156,14,10,hipc_g34_d85_bernoulli_drop_0_25,reruns\grid_density\scenarios\cv\known_visit_grid34_targets10_trials50.csv,10,23,2,0,24,0,3,1,1,0,0.0,0,0,63,49,14,301,47,76,108.9648,1.4337473684210527,1.3078,3.9796,5.0346,60.7682,0.7995815789473685,0.68565,3.3103,4.3371,76,48.196600000000004,0.6341657894736843,0.62485,0.7483,0.7885,completed,,,
41,known_visit,HIPC,bernoulli,drop_0.25,34,1156,14,10,hipc_g34_d85_bernoulli_drop_0_25,reruns\grid_density\scenarios\cv\known_visit_grid34_targets10_trials50.csv,11,10,2,0,11,0,0,0,0,0,0.0,0,0,32,22,10,320,60,116,247.3688,2.1324896551724137,1.843,3.8078,5.1214,169.9248,1.4648689655172413,1.1480000000000001,3.0856,4.3679,116,77.444,0.6676206896551724,0.6698999999999999,0.7581,0.8499,completed,,,
41,known_visit,HIPC,bernoulli,drop_0.25,34,1156,14,10,hipc_g34_d85_bernoulli_drop_0_25,reruns\grid_density\scenarios\cv\known_visit_grid34_targets10_trials50.csv,12,0,0,0,1,0,0,0,0,0,0.0,0,0,1,1,0,363,47,148,395.0929,2.6695466216216217,1.72445,5.6767,6.3528,297.5865,2.010719594594595,1.08895,4.9027,5.6156,148,97.5064,0.658827027027027,0.64445,0.774,0.9499,completed,,,
41,known_visit,HIPC,bernoulli,drop_0.25,34,1156,14,10,hipc_g34_d85_bernoulli_drop_0_25,reruns\grid_density\scenarios\cv\known_visit_grid34_targets10_trials50.csv,13,14,1,0,15,0,1,0,0,0,0.0,0,0,43,31,12,325,43,106,158.7073,1.497238679245283,1.15265,3.4441,6.4049,93.029,0.8776320754716981,0.5353,2.7143,5.6938,106,65.67830000000001,0.619606603773585,0.60545,0.73,0.8338,completed,,,
42,known_visit,HIPC,bernoulli,drop_0.25,34,1156,14,10,hipc_g34_d85_bernoulli_drop_0_25,reruns\grid_density\scenarios\cv\known_visit_grid34_targets10_trials50.csv,00,0,0,0,1,0,0,0,0,0,0.0,0,0,1,1,0,282,52,116,295.0967,2.5439370689655174,2.0202,5.6174,5.9882,219.9478,1.896101724137931,1.3222,4.834,5.2364,116,75.1489,0.6478353448275862,0.65425,0.7843,0.8415,completed,,,
42,known_visit,HIPC,bernoulli,drop_0.25,34,1156,14,10,hipc_g34_d85_bernoulli_drop_0_25,reruns\grid_density\scenarios\cv\known_visit_grid34_targets10_trials50.csv,01,0,0,0,1,0,0,0,0,0,0.0,0,0,1,1,0,290,44,116,325.1435,2.8029612068965517,2.6708499999999997,5.6736,6.3583,249.1412,2.1477689655172414,1.95335,4.8289,5.6128,116,76.0023,0.6551922413793104,0.6676,0.7811,0.9122,completed,,,
42,known_visit,HIPC,bernoulli,drop_0.25,34,1156,14,10,hipc_g34_d85_bernoulli_drop_0_25,reruns\grid_density\scenarios\cv\known_visit_grid34_targets10_trials50.csv,02,18,1,0,19,0,0,0,0,0,0.0,0,0,42,38,4,255,38,61,78.2527,1.2828311475409837,0.9775,3.1614,5.7412,42.5636,0.6977639344262295,0.4479,2.4261,5.0321,61,35.6891,0.5850672131147542,0.6212,0.7393,0.7721,completed,,,
42,known_visit,HIPC,bernoulli,drop_0.25,34,1156,14,10,hipc_g34_d85_bernoulli_drop_0_25,reruns\grid_density\scenarios\cv\known_visit_grid34_targets10_trials50.csv,03,9,1,0,10,0,0,0,0,0,0.0,0,0,23,20,3,263,49,88,130.0366,1.4776886363636363,1.14785,3.6559,4.5456,75.8187,0.8615761363636364,0.50775,2.9504,3.7836,88,54.2179,0.6161125,0.637,0.7518,0.802,completed,,,
42,known_visit,HIPC,bernoulli,drop_0.25,34,1156,14,10,hipc_g34_d85_bernoulli_drop_0_25,reruns\grid_density\scenarios\cv\known_visit_grid34_targets10_trials50.csv,04,0,0,0,1,0,0,0,0,0,0.0,0,0,1,1,0,287,47,116,347.1296,2.992496551724138,2.9328000000000003,6.1675,6.6243,271.7952,2.3430620689655175,2.21665,5.3506,5.8569,116,75.3344,0.6494344827586207,0.65225,0.7645,0.8536,completed,,,
42,known_visit,HIPC,bernoulli,drop_0.25,34,1156,14,10,hipc_g34_d85_bernoulli_drop_0_25,reruns\grid_density\scenarios\cv\known_visit_grid34_targets10_trials50.csv,05,35,3,0,36,0,1,0,0,0,0.0,0,0,80,71,9,220,36,8,23.9214,2.990175,2.61205,5.364,5.364,18.4115,2.3014375,1.9670999999999998,4.6568,4.6568,8,5.5099,0.6887375,0.7043,0.7819,0.7819,completed,,,
42,known_visit,HIPC,bernoulli,drop_0.25,34,1156,14,10,hipc_g34_d85_bernoulli_drop_0_25,reruns\grid_density\scenarios\cv\known_visit_grid34_targets10_trials50.csv,06,19,1,1,19,1,3,0,0,0,0.0,0,0,53,41,12,240,42,60,87.3399,1.455665,0.7878499999999999,3.1043,5.1596,50.5897,0.8431616666666667,0.25345,2.396,4.4238,60,36.7502,0.6125033333333333,0.61305,0.7709,0.8122,completed,,,
42,known_visit,HIPC,bernoulli,drop_0.25,34,1156,14,10,hipc_g34_d85_bernoulli_drop_0_25,reruns\grid_density\scenarios\cv\known_visit_grid34_targets10_trials50.csv,07,1,0,0,2,0,0,0,0,0,0.0,0,0,7,4,3,276,52,114,260.1468,2.2819894736842103,1.8505,4.7255,5.0793,187.17510000000001,1.6418868421052633,1.1635,3.9459,4.351,114,72.9717,0.6401026315789473,0.64815,0.7736,0.8283,completed,,,
42,known_visit,HIPC,bernoulli,drop_0.25,34,1156,14,10,hipc_g34_d85_bernoulli_drop_0_25,reruns\grid_density\scenarios\cv\known_visit_grid34_targets10_trials50.csv,08,0,0,0,1,0,0,0,0,0,0.0,0,0,1,1,0,294,40,116,269.5056,2.3233241379310345,1.91915,5.1089,5.3193,194.6945,1.6784008620689657,1.2239,4.3558,4.5318,116,74.8111,0.6449232758620689,0.65345,0.7875,0.8484,completed,,,
42,known_visit,HIPC,bernoulli,drop_0.25,34,1156,14,10,hipc_g34_d85_bernoulli_drop_0_25,reruns\grid_density\scenarios\cv\known_visit_grid34_targets10_trials50.csv,09,22,3,0,23,0,0,0,0,0,0.0,0,0,53,46,7,234,49,47,65.4912,1.3934297872340426,1.1561,3.5762,5.2856,37.2594,0.7927531914893617,0.5457,2.8135,4.5416,47,28.2318,0.6006765957446808,0.6437,0.744,0.7627,completed,,,
42,known_visit,HIPC,bernoulli,drop_0.25,34,1156,14,10,hipc_g34_d85_bernoulli_drop_0_25,reruns\grid_density\scenarios\cv\known_visit_grid34_targets10_trials50.csv,10,1,0,0,2,0,0,0,0,0,0.0,0,0,8,4,4,281,46,114,282.3376,2.4766456140350877,1.9304999999999999,5.0156,5.5023,208.0633,1.8251166666666667,1.2385000000000002,4.2375,4.6441,114,74.2743,0.651528947368421,0.66605,0.7801,0.8582,completed,,,
42,known_visit,HIPC,bernoulli,drop_0.25,34,1156,14,10,hipc_g34_d85_bernoulli_drop_0_25,reruns\grid_density\scenarios\cv\known_visit_grid34_targets10_trials50.csv,11,0,0,0,1,0,0,0,0,0,0.0,0,0,1,1,0,282,52,116,302.8047,2.6103853448275864,2.5552,5.1154,6.0583,226.6439,1.953826724137931,1.8434,4.3185,5.31,116,76.1608,0.6565586206896551,0.663,0.7912,0.8955,completed,,,
42,known_visit,HIPC,bernoulli,drop_0.25,34,1156,14,10,hipc_g34_d85_bernoulli_drop_0_25,reruns\grid_density\scenarios\cv\known_visit_grid34_targets10_trials50.csv,12,10,0,0,11,0,0,0,0,0,0.0,0,0,33,22,11,260,42,86,257.4369,2.993452325581395,3.0353000000000003,4.3359,4.6325,198.8663,2.3123988372093023,2.2803500000000003,3.6063,3.9445,86,58.5706,0.681053488372093,0.7369,0.7737,0.866,completed,,,
42,known_visit,HIPC,bernoulli,drop_0.25,34,1156,14,10,hipc_g34_d85_bernoulli_drop_0_25,reruns\grid_density\scenarios\cv\known_visit_grid34_targets10_trials50.csv,13,12,1,0,13,0,0,0,0,0,0.0,0,0,32,26,6,263,41,79,168.5489,2.1335303797468357,1.8876,3.6513,6.2996,116.6691,1.4768240506329113,1.1904,2.8001,5.4096,79,51.8798,0.6567063291139241,0.674,0.8268,0.89,completed,,,
43,known_visit,HIPC,bernoulli,drop_0.25,34,1156,14,10,hipc_g34_d85_bernoulli_drop_0_25,reruns\grid_density\scenarios\cv\known_visit_grid34_targets10_trials50.csv,00,19,1,0,19,1,2,0,0,0,0.0,0,1,56,40,16,459,87,252,201.60739999999998,0.8000293650793651,0.73575,0.8724,6.3347,60.1298,0.23861031746031747,0.158,0.1909,5.4789,252,141.4776,0.5614190476190476,0.57455,0.6815,0.8558,completed,,,
43,known_visit,HIPC,bernoulli,drop_0.25,34,1156,14,10,hipc_g34_d85_bernoulli_drop_0_25,reruns\grid_density\scenarios\cv\known_visit_grid34_targets10_trials50.csv,01,35,3,0,36,0,0,0,0,0,0.0,0,0,86,72,14,447,69,195,160.8761,0.8250056410256411,0.7079,1.1259,6.3288,53.6703,0.27523230769230767,0.1535,0.5196,5.5541,195,107.2058,0.5497733333333333,0.5555,0.6693,0.7837,completed,,,
43,known_visit,HIPC,bernoulli,drop_0.25,34,1156,14,10,hipc_g34_d85_bernoulli_drop_0_25,reruns\grid_density\scenarios\cv\known_visit_grid34_targets10_trials50.csv,02,20,1,1,20,1,1,0,0,0,0.0,0,0,48,42,6,459,95,240,408.401,1.7016708333333335,1.71055,2.1285,3.5896,248.6146,1.0358941666666666,0.99505,1.4079,2.832,240,159.78640000000001,0.6657766666666667,0.68625,0.7555,0.8234,completed,,,
43,known_visit,HIPC,bernoulli,drop_0.25,34,1156,14,10,hipc_g34_d85_bernoulli_drop_0_25,reruns\grid_density\scenarios\cv\known_visit_grid34_targets10_trials50.csv,03,12,1,1,12,1,0,0,0,0,0.0,0,0,32,27,5,494,76,267,317.6844,1.189829213483146,0.8927,3.4605,5.2972,163.3507,0.6118003745318351,0.2906,2.7144,4.5322,267,154.3337,0.5780288389513109,0.5992,0.7293,0.8343,completed,,,
43,known_visit,HIPC,bernoulli,drop_0.25,34,1156,14,10,hipc_g34_d85_bernoulli_drop_0_25,reruns\grid_density\scenarios\cv\known_visit_grid34_targets10_trials50.csv,04,20,0,0,21,0,1,0,0,0,0.0,0,1,45,41,4,487,70,243,511.9024,2.106594238683128,1.3078,5.6598,7.2522,360.2208,1.4823901234567902,0.6163,4.8504,6.4784,243,151.6816,0.6242041152263375,0.6245,0.7738,0.8731,completed,,,
43,known_visit,HIPC,bernoulli,drop_0.25,34,1156,14,10,hipc_g34_d85_bernoulli_drop_0_25,reruns\grid_density\scenarios\cv\known_visit_grid34_targets10_trials50.csv,05,20,1,1,13,8,1,0,0,0,0.0,0,1,47,42,5,482,74,244,291.1143,1.193091393442623,0.9189,3.273,4.2349,147.7295,0.6054487704918032,0.3061,2.6503,3.464,244,143.3848,0.5876426229508197,0.6012,0.7196,0.8765,completed,,,
43,known_visit,HIPC,bernoulli,drop_0.25,34,1156,14,10,hipc_g34_d85_bernoulli_drop_0_25,reruns\grid_density\scenarios\cv\known_visit_grid34_targets10_trials50.csv,06,19,0,2,11,9,0,0,0,0,0.0,0,1,44,39,5,462,96,244,411.5088,1.686511475409836,1.1258499999999998,5.5293,6.3056,259.5914,1.063899180327869,0.4816,4.8378,5.5546,244,151.9174,0.6226122950819671,0.63695,0.7644,0.8893,completed,,,
43,known_visit,HIPC,bernoulli,drop_0.25,34,1156,14,10,hipc_g34_d85_bernoulli_drop_0_25,reruns\grid_density\scenarios\cv\known_visit_grid34_targets10_trials50.csv,07,10,0,0,10,1,0,6,1,2,20.0,2,1,30,22,8,495,78,274,413.8394,1.5103627737226277,1.10655,3.6372,6.0955,248.5841,0.9072412408759124,0.48675,2.924,5.2948,274,165.2553,0.6031215328467153,0.61715,0.7516,0.8368,completed,,,
43,known_visit,HIPC,bernoulli,drop_0.25,34,1156,14,10,hipc_g34_d85_bernoulli_drop_0_25,reruns\grid_density\scenarios\cv\known_visit_grid34_targets10_trials50.csv,08,9,0,1,7,3,0,0,0,0,0.0,0,0,26,21,5,471,105,277,365.3407,1.3189194945848377,0.8565,4.4604,5.6225,203.3577,0.734143321299639,0.2639,3.6906,4.8604,277,161.983,0.5847761732851986,0.6019,0.7621,0.8686,completed,,,
43,known_visit,HIPC,bernoulli,drop_0.25,34,1156,14,10,hipc_g34_d85_bernoulli_drop_0_25,reruns\grid_density\scenarios\cv\known_visit_grid34_targets10_trials50.csv,09,19,2,0,20,0,0,0,0,0,0.0,0,1,50,40,10,470,82,247,230.8013,0.9344182186234817,0.9088,1.1577,4.5279,87.4979,0.3542425101214575,0.2914,0.5049,3.805,247,143.3034,0.5801757085020244,0.6054,0.69,0.77,completed,,,
43,known_visit,HIPC,bernoulli,drop_0.25,34,1156,14,10,hipc_g34_d85_bernoulli_drop_0_25,reruns\grid_density\scenarios\cv\known_visit_grid34_targets10_trials50.csv,10,13,0,0,14,0,4,0,0,0,0.0,0,1,38,28,10,479,85,268,450.7893,1.6820496268656717,1.1663999999999999,4.7804,6.3509,286.5163,1.069090671641791,0.5272,4.0984,5.5907,268,164.273,0.6129589552238806,0.61985,0.7507,0.8347,completed,,,
43,known_visit,HIPC,bernoulli,drop_0.25,34,1156,14,10,hipc_g34_d85_bernoulli_drop_0_25,reruns\grid_density\scenarios\cv\known_visit_grid34_targets10_trials50.csv,11,5,0,0,6,0,1,0,0,0,0.0,0,1,17,12,5,518,68,292,410.4901,1.40578801369863,0.9010499999999999,4.2873,7.1543,238.1461,0.8155688356164383,0.2974,3.5322,6.3398,292,172.344,0.5902191780821917,0.6002,0.7533,0.8145,completed,,,
43,known_visit,HIPC,bernoulli,drop_0.25,34,1156,14,10,hipc_g34_d85_bernoulli_drop_0_25,reruns\grid_density\scenarios\cv\known_visit_grid34_targets10_trials50.csv,12,19,1,0,20,0,1,0,0,0,0.0,0,1,46,41,5,480,76,247,234.201,0.9481821862348178,0.8725,1.5361,4.1373,91.9954,0.372451012145749,0.2868,0.957,3.3303,247,142.2056,0.5757311740890688,0.5936,0.6753,0.8188,completed,,,
43,known_visit,HIPC,bernoulli,drop_0.25,34,1156,14,10,hipc_g34_d85_bernoulli_drop_0_25,reruns\grid_density\scenarios\cv\known_visit_grid34_targets10_trials50.csv,13,13,0,0,13,1,0,1,1,0,0.0,0,1,38,29,9,479,86,264,343.8329,1.3023973484848486,1.06895,3.8051,4.352,186.3657,0.7059306818181819,0.438,3.0581,3.572,264,157.4672,0.5964666666666666,0.61595,0.7403,0.7886,completed,,,
44,,HIPC,bernoulli,drop_0.25,34,1156,14,,hipc_g34_d85_bernoulli_drop_0_25,reruns\grid_density\scenarios\cv\known_visit_grid34_targets10_trials50.csv,00,,,,,,,,,,,,,,,,,,,,,,,,,,,,,,,,,,,failed,RuntimeError,"Stagnation detected in trial 44 after 2000 events without movement or target completion; diagnostics={""clock_s"": 106.15397830399641, ""completed_targets"": 9, ""event_reasons"": {""blocked_goal_backoff"": 1, ""intent_sync"": 109, ""moved"": 99, ""no_goal"": 2605, ""target_visited"": 9, ""turn"": 9}, ""events_processed"": 2832, ""robots"": {""00"": {""active_tasks"": 5, ""decision"": {""alg"": ""HIPC"", ""hipc_bad_prediction_count"": {""10"": 2, ""12"": 0}, ""hipc_bundle"": [], ""hipc_bundle_size"": 2, ""hipc_candidate_count"": 5, ""hipc_candidate_count_after_filter"": 5, ""hipc_candidate_count_before_filter"": 5, ""hipc_claims_known"": 1, ""hipc_dropped_peers"": [], ""hipc_max_candidate_cells"": null, ""hipc_path"": [], ""hipc_pending_snapshot"": false, ""hipc_team_size"": 12, ""hipc_trigger"": null, ""mode"": ""known_visit""}, ""goal"": null, ""last_event"": ""no_goal"", ""no_goal_since"": 34.626215087468545, ""pos"": [19, 1], ""stall_recovery_count"": 0, ""temporary_invalid_until"": {}}, ""01"": {""active_tasks"": 2, ""decision"": {""alg"": ""HIPC"", ""hipc_bad_prediction_count"": {""00"": 0, ""09"": 1, ""10"": 0, ""12"": 0}, ""hipc_bundle"": [], ""hipc_bundle_size"": 2, ""hipc_candidate_count"": 2, ""hipc_candidate_count_after_filter"": 2, ""hipc_candidate_count_before_filter"": 2, ""hipc_claims_known"": 0, ""hipc_dropped_peers"": [], ""hipc_max_candidate_cells"": null, ""hipc_path"": [], ""hipc_pending_snapshot"": false, ""hipc_team_size"": 13, ""hipc_trigger"": null, ""mode"": ""known_visit""}, ""goal"": null, ""last_event"": ""no_goal"", ""no_goal_since"": 7.282638545971276, ""pos"": [3, 4], ""stall_recovery_count"": 0, ""temporary_invalid_until"": {}}, ""02"": {""active_tasks"": 4, ""decision"": {""alg"": ""HIPC"", ""hipc_bad_prediction_count"": {""04"": 0, ""12"": 0}, ""hipc_bundle"": [], ""hipc_bundle_size"": 2, ""hipc_candidate_count"": 4, ""hipc_candidate_count_after_filter"": 4, ""hipc_candidate_count_before_filter"": 4, ""hipc_claims_known"": 0, ""hipc_dropped_peers"": [], ""hipc_max_candidate_cells"": null, ""hipc_path"": [], ""hipc_pending_snapshot"": false, ""hipc_team_size"": 13, ""hipc_trigger"": null, ""mode"": ""known_visit""}, ""goal"": null, ""last_event"": ""no_goal"", ""no_goal_since"": 1.7989695979144456, ""pos"": [1, 5], ""stall_recovery_count"": 0, ""temporary_invalid_until"": {}}, ""03"": {""active_tasks"": 5, ""decision"": {""alg"": ""HIPC"", ""hipc_bad_prediction_count"": {""00"": 0, ""01"": 0, ""04"": 0, ""09"": 1, ""10"": 0, ""12"": 0}, ""hipc_bundle"": [], ""hipc_bundle_size"": 2, ""hipc_candidate_count"": 5, ""hipc_candidate_count_after_filter"": 5, ""hipc_candidate_count_before_filter"": 5, ""hipc_claims_known"": 1, ""hipc_dropped_peers"": [], ""hipc_max_candidate_cells"": null, ""hipc_path"": [], ""hipc_pending_snapshot"": false, ""hipc_team_size"": 13, ""hipc_trigger"": null, ""mode"": ""known_visit""}, ""goal"": null, ""last_event"": ""no_goal"", ""no_goal_since"": 0.08699423108555816, ""pos"": [0, 8], ""stall_recovery_count"": 0, ""temporary_invalid_until"": {}}, ""04"": {""active_tasks"": 1, ""decision"": {""alg"": ""HIPC"", ""hipc_bad_prediction_count"": {""00"": 0, ""01"": 0, ""08"": 0, ""10"": 0, ""12"": 0}, ""hipc_bundle"": [], ""hipc_bundle_size"": 2, ""hipc_candidate_count"": 1, ""hipc_candidate_count_after_filter"": 1, ""hipc_candidate_count_before_filter"": 1, ""hipc_claims_known"": 0, ""hipc_dropped_peers"": [], ""hipc_max_candidate_cells"": null, ""hipc_path"": [], ""hipc_pending_snapshot"": false, ""hipc_team_size"": 13, ""hipc_trigger"": null, ""mode"": ""known_visit""}, ""goal"": null, ""last_event"": ""no_goal"", ""no_goal_since"": 31.34832699997679, ""pos"": [10, 3], ""stall_recovery_count"": 0, ""temporary_invalid_until"": {}}, ""05"": {""active_tasks"": 2, ""decision"": {""alg"": ""HIPC"", ""hipc_bad_prediction_count"": {""01"": 0, ""10"": 0, ""12"": 0}, ""hipc_bundle"": [], ""hipc_bundle_size"": 2, ""hipc_candidate_count"": 2, ""hipc_candidate_count_after_filter"": 2, ""hipc_candidate_count_before_filter"": 2, ""hipc_claims_known"": 0, ""hipc_dropped_peers"": [], ""hipc_max_candidate_cells"": null, ""hipc_path"": [], ""hipc_pending_snapshot"": false, ""hipc_team_size"": 14, ""hipc_trigger"": null, ""mode"": ""known_visit""}, ""goal"": null, ""last_event"": ""no_goal"", ""no_goal_since"": 0.08637378603767969, ""pos"": [0, 13], ""stall_recovery_count"": 0, ""temporary_invalid_until"": {}}, ""06"": {""active_tasks"": 2, ""decision"": {""alg"": ""HIPC"", ""hipc_bad_prediction_count"": {""00"": 0, ""09"": 0, ""12"": 0}, ""hipc_bundle"": [], ""hipc_bundle_size"": 2, ""hipc_candidate_count"": 2, ""hipc_candidate_count_after_filter"": 2, ""hipc_candidate_count_before_filter"": 2, ""hipc_claims_known"": 0, ""hipc_dropped_peers"": [], ""hipc_max_candidate_cells"": null, ""hipc_path"": [], ""hipc_pending_snapshot"": false, ""hipc_team_size"": 10, ""hipc_trigger"": null, ""mode"": ""known_visit""}, ""goal"": null, ""last_event"": ""no_goal"", ""no_goal_since"": 30.050797742742095, ""pos"": [16, 16], ""stall_recovery_count"": 0, ""temporary_invalid_until"": {}}, ""07"": {""active_tasks"": 3, ""decision"": {""alg"": ""HIPC"", ""hipc_bad_prediction_count"": {""00"": 0, ""10"": 1, ""12"": 0}, ""hipc_bundle"": [], ""hipc_bundle_size"": 2, ""hipc_candidate_count"": 3, ""hipc_candidate_count_after_filter"": 3, ""hipc_candidate_count_before_filter"": 3, ""hipc_claims_known"": 0, ""hipc_dropped_peers"": [], ""hipc_max_candidate_cells"": null, ""hipc_path"": [], ""hipc_pending_snapshot"": false, ""hipc_team_size"": 14, ""hipc_trigger"": null, ""mode"": ""known_visit""}, ""goal"": null, ""last_event"": ""no_goal"", ""no_goal_since"": 0.11323501328713857, ""pos"": [0, 18], ""stall_recovery_count"": 0, ""temporary_invalid_until"": {}}, ""08"": {""active_tasks"": 4, ""decision"": {""alg"": ""HIPC"", ""hipc_bad_prediction_count"": {""00"": 1, ""01"": 0, ""04"": 1, ""10"": 0, ""12"": 0}, ""hipc_bundle"": [], ""hipc_bundle_size"": 2, ""hipc_candidate_count"": 4, ""hipc_candidate_count_after_filter"": 4, ""hipc_candidate_count_before_filter"": 4, ""hipc_claims_known"": 0, ""hipc_dropped_peers"": [], ""hipc_max_candidate_cells"": null, ""hipc_path"": [], ""hipc_pending_snapshot"": false, ""hipc_team_size"": 13, ""hipc_trigger"": null, ""mode"": ""known_visit""}, ""goal"": null, ""last_event"": ""no_goal"", ""no_goal_since"": 1.8159563165941517, ""pos"": [1, 20], ""stall_recovery_count"": 0, ""temporary_invalid_until"": {}}, ""09"": {""active_tasks"": 5, ""decision"": {""alg"": ""HIPC"", ""hipc_bad_prediction_count"": {""00"": 0, ""10"": 0, ""12"": 0}, ""hipc_bundle"": [], ""hipc_bundle_size"": 2, ""hipc_candidate_count"": 5, ""hipc_candidate_count_after_filter"": 5, ""hipc_candidate_count_before_filter"": 5, ""hipc_claims_known"": 1, ""hipc_dropped_peers"": [], ""hipc_max_candidate_cells"": null, ""hipc_path"": [], ""hipc_pending_snapshot"": false, ""hipc_team_size"": 13, ""hipc_trigger"": null, ""mode"": ""known_visit""}, ""goal"": null, ""last_event"": ""no_goal"", ""no_goal_since"": 21.153978303996407, ""pos"": [12, 23], ""stall_recovery_count"": 0, ""temporary_invalid_until"": {}}, ""10"": {""active_tasks"": 6, ""decision"": {""alg"": ""HIPC"", ""hipc_bad_prediction_count"": {""04"": 1, ""12"": 0}, ""hipc_bundle"": [], ""hipc_bundle_size"": 2, ""hipc_candidate_count"": 6, ""hipc_candidate_count_after_filter"": 6, ""hipc_candidate_count_before_filter"": 6, ""hipc_claims_known"": 1, ""hipc_dropped_peers"": [], ""hipc_max_candidate_cells"": null, ""hipc_path"": [], ""hipc_pending_snapshot"": true, ""hipc_team_size"": 14, ""hipc_trigger"": null, ""mode"": ""known_visit""}, ""goal"": null, ""last_event"": ""no_goal"", ""no_goal_since"": 36.18386498025282, ""pos"": [20, 24], ""stall_recovery_count"": 0, ""temporary_invalid_until"": {}}, ""11"": {""active_tasks"": 4, ""decision"": {""alg"": ""HIPC"", ""hipc_bad_prediction_count"": {""00"": 0, ""10"": 0, ""12"": 0}, ""hipc_bundle"": [], ""hipc_bundle_size"": 2, ""hipc_candidate_count"": 4, ""hipc_candidate_count_after_filter"": 4, ""hipc_candidate_count_before_filter"": 4, ""hipc_claims_known"": 0, ""hipc_dropped_peers"": [], ""hipc_max_candidate_cells"": null, ""hipc_path"": [], ""hipc_pending_snapshot"": false, ""hipc_team_size"": 11, ""hipc_trigger"": null, ""mode"": ""known_visit""}, ""goal"": null, ""last_event"": ""no_goal"", ""no_goal_since"": 0.11961225337773668, ""pos"": [0, 28], ""stall_recovery_count"": 0, ""temporary_invalid_until"": {}}, ""12"": {""active_tasks"": 4, ""decision"": {""alg"": ""HIPC"", ""hipc_bad_prediction_count"": {""00"": 0, ""04"": 1, ""10"": 0}, ""hipc_bundle"": [], ""hipc_bundle_size"": 2, ""hipc_candidate_count"": 4, ""hipc_candidate_count_after_filter"": 4, ""hipc_candidate_count_before_filter"": 4, ""hipc_claims_known"": 0, ""hipc_dropped_peers"": [], ""hipc_max_candidate_cells"": null, ""hipc_path"": [], ""hipc_pending_snapshot"": false, ""hipc_team_size"": 12, ""hipc_trigger"": null, ""mode"": ""known_visit""}, ""goal"": null, ""last_event"": ""no_goal"", ""no_goal_since"": 25.666187191961907, ""pos"": [14, 31], ""stall_recovery_count"": 0, ""temporary_invalid_until"": {}}, ""13"": {""active_tasks"": 4, ""decision"": {""alg"": ""HIPC"", ""hipc_bad_prediction_count"": {""00"": 0, ""02"": 0, ""04"": 0, ""09"": 1, ""10"": 0, ""12"": 0}, ""hipc_bundle"": [], ""hipc_bundle_size"": 2, ""hipc_candidate_count"": 4, ""hipc_candidate_count_after_filter"": 4, ""hipc_candidate_count_before_filter"": 4, ""hipc_claims_known"": 0, ""hipc_dropped_peers"": [], ""hipc_max_candidate_cells"": null, ""hipc_path"": [], ""hipc_pending_snapshot"": false, ""hipc_team_size"": 14, ""hipc_trigger"": null, ""mode"": ""known_visit""}, ""goal"": null, ""last_event"": ""no_goal"", ""no_goal_since"": 0.04335239962551211, ""pos"": [0, 33], ""stall_recovery_count"": 0, ""temporary_invalid_until"": {}}}, ""total_targets"": 10}",
44,,HIPC,bernoulli,drop_0.25,34,1156,14,,hipc_g34_d85_bernoulli_drop_0_25,reruns\grid_density\scenarios\cv\known_visit_grid34_targets10_trials50.csv,01,,,,,,,,,,,,,,,,,,,,,,,,,,,,,,,,,,,failed,RuntimeError,"Stagnation detected in trial 44 after 2000 events without movement or target completion; diagnostics={""clock_s"": 106.15397830399641, ""completed_targets"": 9, ""event_reasons"": {""blocked_goal_backoff"": 1, ""intent_sync"": 109, ""moved"": 99, ""no_goal"": 2605, ""target_visited"": 9, ""turn"": 9}, ""events_processed"": 2832, ""robots"": {""00"": {""active_tasks"": 5, ""decision"": {""alg"": ""HIPC"", ""hipc_bad_prediction_count"": {""10"": 2, ""12"": 0}, ""hipc_bundle"": [], ""hipc_bundle_size"": 2, ""hipc_candidate_count"": 5, ""hipc_candidate_count_after_filter"": 5, ""hipc_candidate_count_before_filter"": 5, ""hipc_claims_known"": 1, ""hipc_dropped_peers"": [], ""hipc_max_candidate_cells"": null, ""hipc_path"": [], ""hipc_pending_snapshot"": false, ""hipc_team_size"": 12, ""hipc_trigger"": null, ""mode"": ""known_visit""}, ""goal"": null, ""last_event"": ""no_goal"", ""no_goal_since"": 34.626215087468545, ""pos"": [19, 1], ""stall_recovery_count"": 0, ""temporary_invalid_until"": {}}, ""01"": {""active_tasks"": 2, ""decision"": {""alg"": ""HIPC"", ""hipc_bad_prediction_count"": {""00"": 0, ""09"": 1, ""10"": 0, ""12"": 0}, ""hipc_bundle"": [], ""hipc_bundle_size"": 2, ""hipc_candidate_count"": 2, ""hipc_candidate_count_after_filter"": 2, ""hipc_candidate_count_before_filter"": 2, ""hipc_claims_known"": 0, ""hipc_dropped_peers"": [], ""hipc_max_candidate_cells"": null, ""hipc_path"": [], ""hipc_pending_snapshot"": false, ""hipc_team_size"": 13, ""hipc_trigger"": null, ""mode"": ""known_visit""}, ""goal"": null, ""last_event"": ""no_goal"", ""no_goal_since"": 7.282638545971276, ""pos"": [3, 4], ""stall_recovery_count"": 0, ""temporary_invalid_until"": {}}, ""02"": {""active_tasks"": 4, ""decision"": {""alg"": ""HIPC"", ""hipc_bad_prediction_count"": {""04"": 0, ""12"": 0}, ""hipc_bundle"": [], ""hipc_bundle_size"": 2, ""hipc_candidate_count"": 4, ""hipc_candidate_count_after_filter"": 4, ""hipc_candidate_count_before_filter"": 4, ""hipc_claims_known"": 0, ""hipc_dropped_peers"": [], ""hipc_max_candidate_cells"": null, ""hipc_path"": [], ""hipc_pending_snapshot"": false, ""hipc_team_size"": 13, ""hipc_trigger"": null, ""mode"": ""known_visit""}, ""goal"": null, ""last_event"": ""no_goal"", ""no_goal_since"": 1.7989695979144456, ""pos"": [1, 5], ""stall_recovery_count"": 0, ""temporary_invalid_until"": {}}, ""03"": {""active_tasks"": 5, ""decision"": {""alg"": ""HIPC"", ""hipc_bad_prediction_count"": {""00"": 0, ""01"": 0, ""04"": 0, ""09"": 1, ""10"": 0, ""12"": 0}, ""hipc_bundle"": [], ""hipc_bundle_size"": 2, ""hipc_candidate_count"": 5, ""hipc_candidate_count_after_filter"": 5, ""hipc_candidate_count_before_filter"": 5, ""hipc_claims_known"": 1, ""hipc_dropped_peers"": [], ""hipc_max_candidate_cells"": null, ""hipc_path"": [], ""hipc_pending_snapshot"": false, ""hipc_team_size"": 13, ""hipc_trigger"": null, ""mode"": ""known_visit""}, ""goal"": null, ""last_event"": ""no_goal"", ""no_goal_since"": 0.08699423108555816, ""pos"": [0, 8], ""stall_recovery_count"": 0, ""temporary_invalid_until"": {}}, ""04"": {""active_tasks"": 1, ""decision"": {""alg"": ""HIPC"", ""hipc_bad_prediction_count"": {""00"": 0, ""01"": 0, ""08"": 0, ""10"": 0, ""12"": 0}, ""hipc_bundle"": [], ""hipc_bundle_size"": 2, ""hipc_candidate_count"": 1, ""hipc_candidate_count_after_filter"": 1, ""hipc_candidate_count_before_filter"": 1, ""hipc_claims_known"": 0, ""hipc_dropped_peers"": [], ""hipc_max_candidate_cells"": null, ""hipc_path"": [], ""hipc_pending_snapshot"": false, ""hipc_team_size"": 13, ""hipc_trigger"": null, ""mode"": ""known_visit""}, ""goal"": null, ""last_event"": ""no_goal"", ""no_goal_since"": 31.34832699997679, ""pos"": [10, 3], ""stall_recovery_count"": 0, ""temporary_invalid_until"": {}}, ""05"": {""active_tasks"": 2, ""decision"": {""alg"": ""HIPC"", ""hipc_bad_prediction_count"": {""01"": 0, ""10"": 0, ""12"": 0}, ""hipc_bundle"": [], ""hipc_bundle_size"": 2, ""hipc_candidate_count"": 2, ""hipc_candidate_count_after_filter"": 2, ""hipc_candidate_count_before_filter"": 2, ""hipc_claims_known"": 0, ""hipc_dropped_peers"": [], ""hipc_max_candidate_cells"": null, ""hipc_path"": [], ""hipc_pending_snapshot"": false, ""hipc_team_size"": 14, ""hipc_trigger"": null, ""mode"": ""known_visit""}, ""goal"": null, ""last_event"": ""no_goal"", ""no_goal_since"": 0.08637378603767969, ""pos"": [0, 13], ""stall_recovery_count"": 0, ""temporary_invalid_until"": {}}, ""06"": {""active_tasks"": 2, ""decision"": {""alg"": ""HIPC"", ""hipc_bad_prediction_count"": {""00"": 0, ""09"": 0, ""12"": 0}, ""hipc_bundle"": [], ""hipc_bundle_size"": 2, ""hipc_candidate_count"": 2, ""hipc_candidate_count_after_filter"": 2, ""hipc_candidate_count_before_filter"": 2, ""hipc_claims_known"": 0, ""hipc_dropped_peers"": [], ""hipc_max_candidate_cells"": null, ""hipc_path"": [], ""hipc_pending_snapshot"": false, ""hipc_team_size"": 10, ""hipc_trigger"": null, ""mode"": ""known_visit""}, ""goal"": null, ""last_event"": ""no_goal"", ""no_goal_since"": 30.050797742742095, ""pos"": [16, 16], ""stall_recovery_count"": 0, ""temporary_invalid_until"": {}}, ""07"": {""active_tasks"": 3, ""decision"": {""alg"": ""HIPC"", ""hipc_bad_prediction_count"": {""00"": 0, ""10"": 1, ""12"": 0}, ""hipc_bundle"": [], ""hipc_bundle_size"": 2, ""hipc_candidate_count"": 3, ""hipc_candidate_count_after_filter"": 3, ""hipc_candidate_count_before_filter"": 3, ""hipc_claims_known"": 0, ""hipc_dropped_peers"": [], ""hipc_max_candidate_cells"": null, ""hipc_path"": [], ""hipc_pending_snapshot"": false, ""hipc_team_size"": 14, ""hipc_trigger"": null, ""mode"": ""known_visit""}, ""goal"": null, ""last_event"": ""no_goal"", ""no_goal_since"": 0.11323501328713857, ""pos"": [0, 18], ""stall_recovery_count"": 0, ""temporary_invalid_until"": {}}, ""08"": {""active_tasks"": 4, ""decision"": {""alg"": ""HIPC"", ""hipc_bad_prediction_count"": {""00"": 1, ""01"": 0, ""04"": 1, ""10"": 0, ""12"": 0}, ""hipc_bundle"": [], ""hipc_bundle_size"": 2, ""hipc_candidate_count"": 4, ""hipc_candidate_count_after_filter"": 4, ""hipc_candidate_count_before_filter"": 4, ""hipc_claims_known"": 0, ""hipc_dropped_peers"": [], ""hipc_max_candidate_cells"": null, ""hipc_path"": [], ""hipc_pending_snapshot"": false, ""hipc_team_size"": 13, ""hipc_trigger"": null, ""mode"": ""known_visit""}, ""goal"": null, ""last_event"": ""no_goal"", ""no_goal_since"": 1.8159563165941517, ""pos"": [1, 20], ""stall_recovery_count"": 0, ""temporary_invalid_until"": {}}, ""09"": {""active_tasks"": 5, ""decision"": {""alg"": ""HIPC"", ""hipc_bad_prediction_count"": {""00"": 0, ""10"": 0, ""12"": 0}, ""hipc_bundle"": [], ""hipc_bundle_size"": 2, ""hipc_candidate_count"": 5, ""hipc_candidate_count_after_filter"": 5, ""hipc_candidate_count_before_filter"": 5, ""hipc_claims_known"": 1, ""hipc_dropped_peers"": [], ""hipc_max_candidate_cells"": null, ""hipc_path"": [], ""hipc_pending_snapshot"": false, ""hipc_team_size"": 13, ""hipc_trigger"": null, ""mode"": ""known_visit""}, ""goal"": null, ""last_event"": ""no_goal"", ""no_goal_since"": 21.153978303996407, ""pos"": [12, 23], ""stall_recovery_count"": 0, ""temporary_invalid_until"": {}}, ""10"": {""active_tasks"": 6, ""decision"": {""alg"": ""HIPC"", ""hipc_bad_prediction_count"": {""04"": 1, ""12"": 0}, ""hipc_bundle"": [], ""hipc_bundle_size"": 2, ""hipc_candidate_count"": 6, ""hipc_candidate_count_after_filter"": 6, ""hipc_candidate_count_before_filter"": 6, ""hipc_claims_known"": 1, ""hipc_dropped_peers"": [], ""hipc_max_candidate_cells"": null, ""hipc_path"": [], ""hipc_pending_snapshot"": true, ""hipc_team_size"": 14, ""hipc_trigger"": null, ""mode"": ""known_visit""}, ""goal"": null, ""last_event"": ""no_goal"", ""no_goal_since"": 36.18386498025282, ""pos"": [20, 24], ""stall_recovery_count"": 0, ""temporary_invalid_until"": {}}, ""11"": {""active_tasks"": 4, ""decision"": {""alg"": ""HIPC"", ""hipc_bad_prediction_count"": {""00"": 0, ""10"": 0, ""12"": 0}, ""hipc_bundle"": [], ""hipc_bundle_size"": 2, ""hipc_candidate_count"": 4, ""hipc_candidate_count_after_filter"": 4, ""hipc_candidate_count_before_filter"": 4, ""hipc_claims_known"": 0, ""hipc_dropped_peers"": [], ""hipc_max_candidate_cells"": null, ""hipc_path"": [], ""hipc_pending_snapshot"": false, ""hipc_team_size"": 11, ""hipc_trigger"": null, ""mode"": ""known_visit""}, ""goal"": null, ""last_event"": ""no_goal"", ""no_goal_since"": 0.11961225337773668, ""pos"": [0, 28], ""stall_recovery_count"": 0, ""temporary_invalid_until"": {}}, ""12"": {""active_tasks"": 4, ""decision"": {""alg"": ""HIPC"", ""hipc_bad_prediction_count"": {""00"": 0, ""04"": 1, ""10"": 0}, ""hipc_bundle"": [], ""hipc_bundle_size"": 2, ""hipc_candidate_count"": 4, ""hipc_candidate_count_after_filter"": 4, ""hipc_candidate_count_before_filter"": 4, ""hipc_claims_known"": 0, ""hipc_dropped_peers"": [], ""hipc_max_candidate_cells"": null, ""hipc_path"": [], ""hipc_pending_snapshot"": false, ""hipc_team_size"": 12, ""hipc_trigger"": null, ""mode"": ""known_visit""}, ""goal"": null, ""last_event"": ""no_goal"", ""no_goal_since"": 25.666187191961907, ""pos"": [14, 31], ""stall_recovery_count"": 0, ""temporary_invalid_until"": {}}, ""13"": {""active_tasks"": 4, ""decision"": {""alg"": ""HIPC"", ""hipc_bad_prediction_count"": {""00"": 0, ""02"": 0, ""04"": 0, ""09"": 1, ""10"": 0, ""12"": 0}, ""hipc_bundle"": [], ""hipc_bundle_size"": 2, ""hipc_candidate_count"": 4, ""hipc_candidate_count_after_filter"": 4, ""hipc_candidate_count_before_filter"": 4, ""hipc_claims_known"": 0, ""hipc_dropped_peers"": [], ""hipc_max_candidate_cells"": null, ""hipc_path"": [], ""hipc_pending_snapshot"": false, ""hipc_team_size"": 14, ""hipc_trigger"": null, ""mode"": ""known_visit""}, ""goal"": null, ""last_event"": ""no_goal"", ""no_goal_since"": 0.04335239962551211, ""pos"": [0, 33], ""stall_recovery_count"": 0, ""temporary_invalid_until"": {}}}, ""total_targets"": 10}",
44,,HIPC,bernoulli,drop_0.25,34,1156,14,,hipc_g34_d85_bernoulli_drop_0_25,reruns\grid_density\scenarios\cv\known_visit_grid34_targets10_trials50.csv,02,,,,,,,,,,,,,,,,,,,,,,,,,,,,,,,,,,,failed,RuntimeError,"Stagnation detected in trial 44 after 2000 events without movement or target completion; diagnostics={""clock_s"": 106.15397830399641, ""completed_targets"": 9, ""event_reasons"": {""blocked_goal_backoff"": 1, ""intent_sync"": 109, ""moved"": 99, ""no_goal"": 2605, ""target_visited"": 9, ""turn"": 9}, ""events_processed"": 2832, ""robots"": {""00"": {""active_tasks"": 5, ""decision"": {""alg"": ""HIPC"", ""hipc_bad_prediction_count"": {""10"": 2, ""12"": 0}, ""hipc_bundle"": [], ""hipc_bundle_size"": 2, ""hipc_candidate_count"": 5, ""hipc_candidate_count_after_filter"": 5, ""hipc_candidate_count_before_filter"": 5, ""hipc_claims_known"": 1, ""hipc_dropped_peers"": [], ""hipc_max_candidate_cells"": null, ""hipc_path"": [], ""hipc_pending_snapshot"": false, ""hipc_team_size"": 12, ""hipc_trigger"": null, ""mode"": ""known_visit""}, ""goal"": null, ""last_event"": ""no_goal"", ""no_goal_since"": 34.626215087468545, ""pos"": [19, 1], ""stall_recovery_count"": 0, ""temporary_invalid_until"": {}}, ""01"": {""active_tasks"": 2, ""decision"": {""alg"": ""HIPC"", ""hipc_bad_prediction_count"": {""00"": 0, ""09"": 1, ""10"": 0, ""12"": 0}, ""hipc_bundle"": [], ""hipc_bundle_size"": 2, ""hipc_candidate_count"": 2, ""hipc_candidate_count_after_filter"": 2, ""hipc_candidate_count_before_filter"": 2, ""hipc_claims_known"": 0, ""hipc_dropped_peers"": [], ""hipc_max_candidate_cells"": null, ""hipc_path"": [], ""hipc_pending_snapshot"": false, ""hipc_team_size"": 13, ""hipc_trigger"": null, ""mode"": ""known_visit""}, ""goal"": null, ""last_event"": ""no_goal"", ""no_goal_since"": 7.282638545971276, ""pos"": [3, 4], ""stall_recovery_count"": 0, ""temporary_invalid_until"": {}}, ""02"": {""active_tasks"": 4, ""decision"": {""alg"": ""HIPC"", ""hipc_bad_prediction_count"": {""04"": 0, ""12"": 0}, ""hipc_bundle"": [], ""hipc_bundle_size"": 2, ""hipc_candidate_count"": 4, ""hipc_candidate_count_after_filter"": 4, ""hipc_candidate_count_before_filter"": 4, ""hipc_claims_known"": 0, ""hipc_dropped_peers"": [], ""hipc_max_candidate_cells"": null, ""hipc_path"": [], ""hipc_pending_snapshot"": false, ""hipc_team_size"": 13, ""hipc_trigger"": null, ""mode"": ""known_visit""}, ""goal"": null, ""last_event"": ""no_goal"", ""no_goal_since"": 1.7989695979144456, ""pos"": [1, 5], ""stall_recovery_count"": 0, ""temporary_invalid_until"": {}}, ""03"": {""active_tasks"": 5, ""decision"": {""alg"": ""HIPC"", ""hipc_bad_prediction_count"": {""00"": 0, ""01"": 0, ""04"": 0, ""09"": 1, ""10"": 0, ""12"": 0}, ""hipc_bundle"": [], ""hipc_bundle_size"": 2, ""hipc_candidate_count"": 5, ""hipc_candidate_count_after_filter"": 5, ""hipc_candidate_count_before_filter"": 5, ""hipc_claims_known"": 1, ""hipc_dropped_peers"": [], ""hipc_max_candidate_cells"": null, ""hipc_path"": [], ""hipc_pending_snapshot"": false, ""hipc_team_size"": 13, ""hipc_trigger"": null, ""mode"": ""known_visit""}, ""goal"": null, ""last_event"": ""no_goal"", ""no_goal_since"": 0.08699423108555816, ""pos"": [0, 8], ""stall_recovery_count"": 0, ""temporary_invalid_until"": {}}, ""04"": {""active_tasks"": 1, ""decision"": {""alg"": ""HIPC"", ""hipc_bad_prediction_count"": {""00"": 0, ""01"": 0, ""08"": 0, ""10"": 0, ""12"": 0}, ""hipc_bundle"": [], ""hipc_bundle_size"": 2, ""hipc_candidate_count"": 1, ""hipc_candidate_count_after_filter"": 1, ""hipc_candidate_count_before_filter"": 1, ""hipc_claims_known"": 0, ""hipc_dropped_peers"": [], ""hipc_max_candidate_cells"": null, ""hipc_path"": [], ""hipc_pending_snapshot"": false, ""hipc_team_size"": 13, ""hipc_trigger"": null, ""mode"": ""known_visit""}, ""goal"": null, ""last_event"": ""no_goal"", ""no_goal_since"": 31.34832699997679, ""pos"": [10, 3], ""stall_recovery_count"": 0, ""temporary_invalid_until"": {}}, ""05"": {""active_tasks"": 2, ""decision"": {""alg"": ""HIPC"", ""hipc_bad_prediction_count"": {""01"": 0, ""10"": 0, ""12"": 0}, ""hipc_bundle"": [], ""hipc_bundle_size"": 2, ""hipc_candidate_count"": 2, ""hipc_candidate_count_after_filter"": 2, ""hipc_candidate_count_before_filter"": 2, ""hipc_claims_known"": 0, ""hipc_dropped_peers"": [], ""hipc_max_candidate_cells"": null, ""hipc_path"": [], ""hipc_pending_snapshot"": false, ""hipc_team_size"": 14, ""hipc_trigger"": null, ""mode"": ""known_visit""}, ""goal"": null, ""last_event"": ""no_goal"", ""no_goal_since"": 0.08637378603767969, ""pos"": [0, 13], ""stall_recovery_count"": 0, ""temporary_invalid_until"": {}}, ""06"": {""active_tasks"": 2, ""decision"": {""alg"": ""HIPC"", ""hipc_bad_prediction_count"": {""00"": 0, ""09"": 0, ""12"": 0}, ""hipc_bundle"": [], ""hipc_bundle_size"": 2, ""hipc_candidate_count"": 2, ""hipc_candidate_count_after_filter"": 2, ""hipc_candidate_count_before_filter"": 2, ""hipc_claims_known"": 0, ""hipc_dropped_peers"": [], ""hipc_max_candidate_cells"": null, ""hipc_path"": [], ""hipc_pending_snapshot"": false, ""hipc_team_size"": 10, ""hipc_trigger"": null, ""mode"": ""known_visit""}, ""goal"": null, ""last_event"": ""no_goal"", ""no_goal_since"": 30.050797742742095, ""pos"": [16, 16], ""stall_recovery_count"": 0, ""temporary_invalid_until"": {}}, ""07"": {""active_tasks"": 3, ""decision"": {""alg"": ""HIPC"", ""hipc_bad_prediction_count"": {""00"": 0, ""10"": 1, ""12"": 0}, ""hipc_bundle"": [], ""hipc_bundle_size"": 2, ""hipc_candidate_count"": 3, ""hipc_candidate_count_after_filter"": 3, ""hipc_candidate_count_before_filter"": 3, ""hipc_claims_known"": 0, ""hipc_dropped_peers"": [], ""hipc_max_candidate_cells"": null, ""hipc_path"": [], ""hipc_pending_snapshot"": false, ""hipc_team_size"": 14, ""hipc_trigger"": null, ""mode"": ""known_visit""}, ""goal"": null, ""last_event"": ""no_goal"", ""no_goal_since"": 0.11323501328713857, ""pos"": [0, 18], ""stall_recovery_count"": 0, ""temporary_invalid_until"": {}}, ""08"": {""active_tasks"": 4, ""decision"": {""alg"": ""HIPC"", ""hipc_bad_prediction_count"": {""00"": 1, ""01"": 0, ""04"": 1, ""10"": 0, ""12"": 0}, ""hipc_bundle"": [], ""hipc_bundle_size"": 2, ""hipc_candidate_count"": 4, ""hipc_candidate_count_after_filter"": 4, ""hipc_candidate_count_before_filter"": 4, ""hipc_claims_known"": 0, ""hipc_dropped_peers"": [], ""hipc_max_candidate_cells"": null, ""hipc_path"": [], ""hipc_pending_snapshot"": false, ""hipc_team_size"": 13, ""hipc_trigger"": null, ""mode"": ""known_visit""}, ""goal"": null, ""last_event"": ""no_goal"", ""no_goal_since"": 1.8159563165941517, ""pos"": [1, 20], ""stall_recovery_count"": 0, ""temporary_invalid_until"": {}}, ""09"": {""active_tasks"": 5, ""decision"": {""alg"": ""HIPC"", ""hipc_bad_prediction_count"": {""00"": 0, ""10"": 0, ""12"": 0}, ""hipc_bundle"": [], ""hipc_bundle_size"": 2, ""hipc_candidate_count"": 5, ""hipc_candidate_count_after_filter"": 5, ""hipc_candidate_count_before_filter"": 5, ""hipc_claims_known"": 1, ""hipc_dropped_peers"": [], ""hipc_max_candidate_cells"": null, ""hipc_path"": [], ""hipc_pending_snapshot"": false, ""hipc_team_size"": 13, ""hipc_trigger"": null, ""mode"": ""known_visit""}, ""goal"": null, ""last_event"": ""no_goal"", ""no_goal_since"": 21.153978303996407, ""pos"": [12, 23], ""stall_recovery_count"": 0, ""temporary_invalid_until"": {}}, ""10"": {""active_tasks"": 6, ""decision"": {""alg"": ""HIPC"", ""hipc_bad_prediction_count"": {""04"": 1, ""12"": 0}, ""hipc_bundle"": [], ""hipc_bundle_size"": 2, ""hipc_candidate_count"": 6, ""hipc_candidate_count_after_filter"": 6, ""hipc_candidate_count_before_filter"": 6, ""hipc_claims_known"": 1, ""hipc_dropped_peers"": [], ""hipc_max_candidate_cells"": null, ""hipc_path"": [], ""hipc_pending_snapshot"": true, ""hipc_team_size"": 14, ""hipc_trigger"": null, ""mode"": ""known_visit""}, ""goal"": null, ""last_event"": ""no_goal"", ""no_goal_since"": 36.18386498025282, ""pos"": [20, 24], ""stall_recovery_count"": 0, ""temporary_invalid_until"": {}}, ""11"": {""active_tasks"": 4, ""decision"": {""alg"": ""HIPC"", ""hipc_bad_prediction_count"": {""00"": 0, ""10"": 0, ""12"": 0}, ""hipc_bundle"": [], ""hipc_bundle_size"": 2, ""hipc_candidate_count"": 4, ""hipc_candidate_count_after_filter"": 4, ""hipc_candidate_count_before_filter"": 4, ""hipc_claims_known"": 0, ""hipc_dropped_peers"": [], ""hipc_max_candidate_cells"": null, ""hipc_path"": [], ""hipc_pending_snapshot"": false, ""hipc_team_size"": 11, ""hipc_trigger"": null, ""mode"": ""known_visit""}, ""goal"": null, ""last_event"": ""no_goal"", ""no_goal_since"": 0.11961225337773668, ""pos"": [0, 28], ""stall_recovery_count"": 0, ""temporary_invalid_until"": {}}, ""12"": {""active_tasks"": 4, ""decision"": {""alg"": ""HIPC"", ""hipc_bad_prediction_count"": {""00"": 0, ""04"": 1, ""10"": 0}, ""hipc_bundle"": [], ""hipc_bundle_size"": 2, ""hipc_candidate_count"": 4, ""hipc_candidate_count_after_filter"": 4, ""hipc_candidate_count_before_filter"": 4, ""hipc_claims_known"": 0, ""hipc_dropped_peers"": [], ""hipc_max_candidate_cells"": null, ""hipc_path"": [], ""hipc_pending_snapshot"": false, ""hipc_team_size"": 12, ""hipc_trigger"": null, ""mode"": ""known_visit""}, ""goal"": null, ""last_event"": ""no_goal"", ""no_goal_since"": 25.666187191961907, ""pos"": [14, 31], ""stall_recovery_count"": 0, ""temporary_invalid_until"": {}}, ""13"": {""active_tasks"": 4, ""decision"": {""alg"": ""HIPC"", ""hipc_bad_prediction_count"": {""00"": 0, ""02"": 0, ""04"": 0, ""09"": 1, ""10"": 0, ""12"": 0}, ""hipc_bundle"": [], ""hipc_bundle_size"": 2, ""hipc_candidate_count"": 4, ""hipc_candidate_count_after_filter"": 4, ""hipc_candidate_count_before_filter"": 4, ""hipc_claims_known"": 0, ""hipc_dropped_peers"": [], ""hipc_max_candidate_cells"": null, ""hipc_path"": [], ""hipc_pending_snapshot"": false, ""hipc_team_size"": 14, ""hipc_trigger"": null, ""mode"": ""known_visit""}, ""goal"": null, ""last_event"": ""no_goal"", ""no_goal_since"": 0.04335239962551211, ""pos"": [0, 33], ""stall_recovery_count"": 0, ""temporary_invalid_until"": {}}}, ""total_targets"": 10}",
44,,HIPC,bernoulli,drop_0.25,34,1156,14,,hipc_g34_d85_bernoulli_drop_0_25,reruns\grid_density\scenarios\cv\known_visit_grid34_targets10_trials50.csv,03,,,,,,,,,,,,,,,,,,,,,,,,,,,,,,,,,,,failed,RuntimeError,"Stagnation detected in trial 44 after 2000 events without movement or target completion; diagnostics={""clock_s"": 106.15397830399641, ""completed_targets"": 9, ""event_reasons"": {""blocked_goal_backoff"": 1, ""intent_sync"": 109, ""moved"": 99, ""no_goal"": 2605, ""target_visited"": 9, ""turn"": 9}, ""events_processed"": 2832, ""robots"": {""00"": {""active_tasks"": 5, ""decision"": {""alg"": ""HIPC"", ""hipc_bad_prediction_count"": {""10"": 2, ""12"": 0}, ""hipc_bundle"": [], ""hipc_bundle_size"": 2, ""hipc_candidate_count"": 5, ""hipc_candidate_count_after_filter"": 5, ""hipc_candidate_count_before_filter"": 5, ""hipc_claims_known"": 1, ""hipc_dropped_peers"": [], ""hipc_max_candidate_cells"": null, ""hipc_path"": [], ""hipc_pending_snapshot"": false, ""hipc_team_size"": 12, ""hipc_trigger"": null, ""mode"": ""known_visit""}, ""goal"": null, ""last_event"": ""no_goal"", ""no_goal_since"": 34.626215087468545, ""pos"": [19, 1], ""stall_recovery_count"": 0, ""temporary_invalid_until"": {}}, ""01"": {""active_tasks"": 2, ""decision"": {""alg"": ""HIPC"", ""hipc_bad_prediction_count"": {""00"": 0, ""09"": 1, ""10"": 0, ""12"": 0}, ""hipc_bundle"": [], ""hipc_bundle_size"": 2, ""hipc_candidate_count"": 2, ""hipc_candidate_count_after_filter"": 2, ""hipc_candidate_count_before_filter"": 2, ""hipc_claims_known"": 0, ""hipc_dropped_peers"": [], ""hipc_max_candidate_cells"": null, ""hipc_path"": [], ""hipc_pending_snapshot"": false, ""hipc_team_size"": 13, ""hipc_trigger"": null, ""mode"": ""known_visit""}, ""goal"": null, ""last_event"": ""no_goal"", ""no_goal_since"": 7.282638545971276, ""pos"": [3, 4], ""stall_recovery_count"": 0, ""temporary_invalid_until"": {}}, ""02"": {""active_tasks"": 4, ""decision"": {""alg"": ""HIPC"", ""hipc_bad_prediction_count"": {""04"": 0, ""12"": 0}, ""hipc_bundle"": [], ""hipc_bundle_size"": 2, ""hipc_candidate_count"": 4, ""hipc_candidate_count_after_filter"": 4, ""hipc_candidate_count_before_filter"": 4, ""hipc_claims_known"": 0, ""hipc_dropped_peers"": [], ""hipc_max_candidate_cells"": null, ""hipc_path"": [], ""hipc_pending_snapshot"": false, ""hipc_team_size"": 13, ""hipc_trigger"": null, ""mode"": ""known_visit""}, ""goal"": null, ""last_event"": ""no_goal"", ""no_goal_since"": 1.7989695979144456, ""pos"": [1, 5], ""stall_recovery_count"": 0, ""temporary_invalid_until"": {}}, ""03"": {""active_tasks"": 5, ""decision"": {""alg"": ""HIPC"", ""hipc_bad_prediction_count"": {""00"": 0, ""01"": 0, ""04"": 0, ""09"": 1, ""10"": 0, ""12"": 0}, ""hipc_bundle"": [], ""hipc_bundle_size"": 2, ""hipc_candidate_count"": 5, ""hipc_candidate_count_after_filter"": 5, ""hipc_candidate_count_before_filter"": 5, ""hipc_claims_known"": 1, ""hipc_dropped_peers"": [], ""hipc_max_candidate_cells"": null, ""hipc_path"": [], ""hipc_pending_snapshot"": false, ""hipc_team_size"": 13, ""hipc_trigger"": null, ""mode"": ""known_visit""}, ""goal"": null, ""last_event"": ""no_goal"", ""no_goal_since"": 0.08699423108555816, ""pos"": [0, 8], ""stall_recovery_count"": 0, ""temporary_invalid_until"": {}}, ""04"": {""active_tasks"": 1, ""decision"": {""alg"": ""HIPC"", ""hipc_bad_prediction_count"": {""00"": 0, ""01"": 0, ""08"": 0, ""10"": 0, ""12"": 0}, ""hipc_bundle"": [], ""hipc_bundle_size"": 2, ""hipc_candidate_count"": 1, ""hipc_candidate_count_after_filter"": 1, ""hipc_candidate_count_before_filter"": 1, ""hipc_claims_known"": 0, ""hipc_dropped_peers"": [], ""hipc_max_candidate_cells"": null, ""hipc_path"": [], ""hipc_pending_snapshot"": false, ""hipc_team_size"": 13, ""hipc_trigger"": null, ""mode"": ""known_visit""}, ""goal"": null, ""last_event"": ""no_goal"", ""no_goal_since"": 31.34832699997679, ""pos"": [10, 3], ""stall_recovery_count"": 0, ""temporary_invalid_until"": {}}, ""05"": {""active_tasks"": 2, ""decision"": {""alg"": ""HIPC"", ""hipc_bad_prediction_count"": {""01"": 0, ""10"": 0, ""12"": 0}, ""hipc_bundle"": [], ""hipc_bundle_size"": 2, ""hipc_candidate_count"": 2, ""hipc_candidate_count_after_filter"": 2, ""hipc_candidate_count_before_filter"": 2, ""hipc_claims_known"": 0, ""hipc_dropped_peers"": [], ""hipc_max_candidate_cells"": null, ""hipc_path"": [], ""hipc_pending_snapshot"": false, ""hipc_team_size"": 14, ""hipc_trigger"": null, ""mode"": ""known_visit""}, ""goal"": null, ""last_event"": ""no_goal"", ""no_goal_since"": 0.08637378603767969, ""pos"": [0, 13], ""stall_recovery_count"": 0, ""temporary_invalid_until"": {}}, ""06"": {""active_tasks"": 2, ""decision"": {""alg"": ""HIPC"", ""hipc_bad_prediction_count"": {""00"": 0, ""09"": 0, ""12"": 0}, ""hipc_bundle"": [], ""hipc_bundle_size"": 2, ""hipc_candidate_count"": 2, ""hipc_candidate_count_after_filter"": 2, ""hipc_candidate_count_before_filter"": 2, ""hipc_claims_known"": 0, ""hipc_dropped_peers"": [], ""hipc_max_candidate_cells"": null, ""hipc_path"": [], ""hipc_pending_snapshot"": false, ""hipc_team_size"": 10, ""hipc_trigger"": null, ""mode"": ""known_visit""}, ""goal"": null, ""last_event"": ""no_goal"", ""no_goal_since"": 30.050797742742095, ""pos"": [16, 16], ""stall_recovery_count"": 0, ""temporary_invalid_until"": {}}, ""07"": {""active_tasks"": 3, ""decision"": {""alg"": ""HIPC"", ""hipc_bad_prediction_count"": {""00"": 0, ""10"": 1, ""12"": 0}, ""hipc_bundle"": [], ""hipc_bundle_size"": 2, ""hipc_candidate_count"": 3, ""hipc_candidate_count_after_filter"": 3, ""hipc_candidate_count_before_filter"": 3, ""hipc_claims_known"": 0, ""hipc_dropped_peers"": [], ""hipc_max_candidate_cells"": null, ""hipc_path"": [], ""hipc_pending_snapshot"": false, ""hipc_team_size"": 14, ""hipc_trigger"": null, ""mode"": ""known_visit""}, ""goal"": null, ""last_event"": ""no_goal"", ""no_goal_since"": 0.11323501328713857, ""pos"": [0, 18], ""stall_recovery_count"": 0, ""temporary_invalid_until"": {}}, ""08"": {""active_tasks"": 4, ""decision"": {""alg"": ""HIPC"", ""hipc_bad_prediction_count"": {""00"": 1, ""01"": 0, ""04"": 1, ""10"": 0, ""12"": 0}, ""hipc_bundle"": [], ""hipc_bundle_size"": 2, ""hipc_candidate_count"": 4, ""hipc_candidate_count_after_filter"": 4, ""hipc_candidate_count_before_filter"": 4, ""hipc_claims_known"": 0, ""hipc_dropped_peers"": [], ""hipc_max_candidate_cells"": null, ""hipc_path"": [], ""hipc_pending_snapshot"": false, ""hipc_team_size"": 13, ""hipc_trigger"": null, ""mode"": ""known_visit""}, ""goal"": null, ""last_event"": ""no_goal"", ""no_goal_since"": 1.8159563165941517, ""pos"": [1, 20], ""stall_recovery_count"": 0, ""temporary_invalid_until"": {}}, ""09"": {""active_tasks"": 5, ""decision"": {""alg"": ""HIPC"", ""hipc_bad_prediction_count"": {""00"": 0, ""10"": 0, ""12"": 0}, ""hipc_bundle"": [], ""hipc_bundle_size"": 2, ""hipc_candidate_count"": 5, ""hipc_candidate_count_after_filter"": 5, ""hipc_candidate_count_before_filter"": 5, ""hipc_claims_known"": 1, ""hipc_dropped_peers"": [], ""hipc_max_candidate_cells"": null, ""hipc_path"": [], ""hipc_pending_snapshot"": false, ""hipc_team_size"": 13, ""hipc_trigger"": null, ""mode"": ""known_visit""}, ""goal"": null, ""last_event"": ""no_goal"", ""no_goal_since"": 21.153978303996407, ""pos"": [12, 23], ""stall_recovery_count"": 0, ""temporary_invalid_until"": {}}, ""10"": {""active_tasks"": 6, ""decision"": {""alg"": ""HIPC"", ""hipc_bad_prediction_count"": {""04"": 1, ""12"": 0}, ""hipc_bundle"": [], ""hipc_bundle_size"": 2, ""hipc_candidate_count"": 6, ""hipc_candidate_count_after_filter"": 6, ""hipc_candidate_count_before_filter"": 6, ""hipc_claims_known"": 1, ""hipc_dropped_peers"": [], ""hipc_max_candidate_cells"": null, ""hipc_path"": [], ""hipc_pending_snapshot"": true, ""hipc_team_size"": 14, ""hipc_trigger"": null, ""mode"": ""known_visit""}, ""goal"": null, ""last_event"": ""no_goal"", ""no_goal_since"": 36.18386498025282, ""pos"": [20, 24], ""stall_recovery_count"": 0, ""temporary_invalid_until"": {}}, ""11"": {""active_tasks"": 4, ""decision"": {""alg"": ""HIPC"", ""hipc_bad_prediction_count"": {""00"": 0, ""10"": 0, ""12"": 0}, ""hipc_bundle"": [], ""hipc_bundle_size"": 2, ""hipc_candidate_count"": 4, ""hipc_candidate_count_after_filter"": 4, ""hipc_candidate_count_before_filter"": 4, ""hipc_claims_known"": 0, ""hipc_dropped_peers"": [], ""hipc_max_candidate_cells"": null, ""hipc_path"": [], ""hipc_pending_snapshot"": false, ""hipc_team_size"": 11, ""hipc_trigger"": null, ""mode"": ""known_visit""}, ""goal"": null, ""last_event"": ""no_goal"", ""no_goal_since"": 0.11961225337773668, ""pos"": [0, 28], ""stall_recovery_count"": 0, ""temporary_invalid_until"": {}}, ""12"": {""active_tasks"": 4, ""decision"": {""alg"": ""HIPC"", ""hipc_bad_prediction_count"": {""00"": 0, ""04"": 1, ""10"": 0}, ""hipc_bundle"": [], ""hipc_bundle_size"": 2, ""hipc_candidate_count"": 4, ""hipc_candidate_count_after_filter"": 4, ""hipc_candidate_count_before_filter"": 4, ""hipc_claims_known"": 0, ""hipc_dropped_peers"": [], ""hipc_max_candidate_cells"": null, ""hipc_path"": [], ""hipc_pending_snapshot"": false, ""hipc_team_size"": 12, ""hipc_trigger"": null, ""mode"": ""known_visit""}, ""goal"": null, ""last_event"": ""no_goal"", ""no_goal_since"": 25.666187191961907, ""pos"": [14, 31], ""stall_recovery_count"": 0, ""temporary_invalid_until"": {}}, ""13"": {""active_tasks"": 4, ""decision"": {""alg"": ""HIPC"", ""hipc_bad_prediction_count"": {""00"": 0, ""02"": 0, ""04"": 0, ""09"": 1, ""10"": 0, ""12"": 0}, ""hipc_bundle"": [], ""hipc_bundle_size"": 2, ""hipc_candidate_count"": 4, ""hipc_candidate_count_after_filter"": 4, ""hipc_candidate_count_before_filter"": 4, ""hipc_claims_known"": 0, ""hipc_dropped_peers"": [], ""hipc_max_candidate_cells"": null, ""hipc_path"": [], ""hipc_pending_snapshot"": false, ""hipc_team_size"": 14, ""hipc_trigger"": null, ""mode"": ""known_visit""}, ""goal"": null, ""last_event"": ""no_goal"", ""no_goal_since"": 0.04335239962551211, ""pos"": [0, 33], ""stall_recovery_count"": 0, ""temporary_invalid_until"": {}}}, ""total_targets"": 10}",
44,,HIPC,bernoulli,drop_0.25,34,1156,14,,hipc_g34_d85_bernoulli_drop_0_25,reruns\grid_density\scenarios\cv\known_visit_grid34_targets10_trials50.csv,04,,,,,,,,,,,,,,,,,,,,,,,,,,,,,,,,,,,failed,RuntimeError,"Stagnation detected in trial 44 after 2000 events without movement or target completion; diagnostics={""clock_s"": 106.15397830399641, ""completed_targets"": 9, ""event_reasons"": {""blocked_goal_backoff"": 1, ""intent_sync"": 109, ""moved"": 99, ""no_goal"": 2605, ""target_visited"": 9, ""turn"": 9}, ""events_processed"": 2832, ""robots"": {""00"": {""active_tasks"": 5, ""decision"": {""alg"": ""HIPC"", ""hipc_bad_prediction_count"": {""10"": 2, ""12"": 0}, ""hipc_bundle"": [], ""hipc_bundle_size"": 2, ""hipc_candidate_count"": 5, ""hipc_candidate_count_after_filter"": 5, ""hipc_candidate_count_before_filter"": 5, ""hipc_claims_known"": 1, ""hipc_dropped_peers"": [], ""hipc_max_candidate_cells"": null, ""hipc_path"": [], ""hipc_pending_snapshot"": false, ""hipc_team_size"": 12, ""hipc_trigger"": null, ""mode"": ""known_visit""}, ""goal"": null, ""last_event"": ""no_goal"", ""no_goal_since"": 34.626215087468545, ""pos"": [19, 1], ""stall_recovery_count"": 0, ""temporary_invalid_until"": {}}, ""01"": {""active_tasks"": 2, ""decision"": {""alg"": ""HIPC"", ""hipc_bad_prediction_count"": {""00"": 0, ""09"": 1, ""10"": 0, ""12"": 0}, ""hipc_bundle"": [], ""hipc_bundle_size"": 2, ""hipc_candidate_count"": 2, ""hipc_candidate_count_after_filter"": 2, ""hipc_candidate_count_before_filter"": 2, ""hipc_claims_known"": 0, ""hipc_dropped_peers"": [], ""hipc_max_candidate_cells"": null, ""hipc_path"": [], ""hipc_pending_snapshot"": false, ""hipc_team_size"": 13, ""hipc_trigger"": null, ""mode"": ""known_visit""}, ""goal"": null, ""last_event"": ""no_goal"", ""no_goal_since"": 7.282638545971276, ""pos"": [3, 4], ""stall_recovery_count"": 0, ""temporary_invalid_until"": {}}, ""02"": {""active_tasks"": 4, ""decision"": {""alg"": ""HIPC"", ""hipc_bad_prediction_count"": {""04"": 0, ""12"": 0}, ""hipc_bundle"": [], ""hipc_bundle_size"": 2, ""hipc_candidate_count"": 4, ""hipc_candidate_count_after_filter"": 4, ""hipc_candidate_count_before_filter"": 4, ""hipc_claims_known"": 0, ""hipc_dropped_peers"": [], ""hipc_max_candidate_cells"": null, ""hipc_path"": [], ""hipc_pending_snapshot"": false, ""hipc_team_size"": 13, ""hipc_trigger"": null, ""mode"": ""known_visit""}, ""goal"": null, ""last_event"": ""no_goal"", ""no_goal_since"": 1.7989695979144456, ""pos"": [1, 5], ""stall_recovery_count"": 0, ""temporary_invalid_until"": {}}, ""03"": {""active_tasks"": 5, ""decision"": {""alg"": ""HIPC"", ""hipc_bad_prediction_count"": {""00"": 0, ""01"": 0, ""04"": 0, ""09"": 1, ""10"": 0, ""12"": 0}, ""hipc_bundle"": [], ""hipc_bundle_size"": 2, ""hipc_candidate_count"": 5, ""hipc_candidate_count_after_filter"": 5, ""hipc_candidate_count_before_filter"": 5, ""hipc_claims_known"": 1, ""hipc_dropped_peers"": [], ""hipc_max_candidate_cells"": null, ""hipc_path"": [], ""hipc_pending_snapshot"": false, ""hipc_team_size"": 13, ""hipc_trigger"": null, ""mode"": ""known_visit""}, ""goal"": null, ""last_event"": ""no_goal"", ""no_goal_since"": 0.08699423108555816, ""pos"": [0, 8], ""stall_recovery_count"": 0, ""temporary_invalid_until"": {}}, ""04"": {""active_tasks"": 1, ""decision"": {""alg"": ""HIPC"", ""hipc_bad_prediction_count"": {""00"": 0, ""01"": 0, ""08"": 0, ""10"": 0, ""12"": 0}, ""hipc_bundle"": [], ""hipc_bundle_size"": 2, ""hipc_candidate_count"": 1, ""hipc_candidate_count_after_filter"": 1, ""hipc_candidate_count_before_filter"": 1, ""hipc_claims_known"": 0, ""hipc_dropped_peers"": [], ""hipc_max_candidate_cells"": null, ""hipc_path"": [], ""hipc_pending_snapshot"": false, ""hipc_team_size"": 13, ""hipc_trigger"": null, ""mode"": ""known_visit""}, ""goal"": null, ""last_event"": ""no_goal"", ""no_goal_since"": 31.34832699997679, ""pos"": [10, 3], ""stall_recovery_count"": 0, ""temporary_invalid_until"": {}}, ""05"": {""active_tasks"": 2, ""decision"": {""alg"": ""HIPC"", ""hipc_bad_prediction_count"": {""01"": 0, ""10"": 0, ""12"": 0}, ""hipc_bundle"": [], ""hipc_bundle_size"": 2, ""hipc_candidate_count"": 2, ""hipc_candidate_count_after_filter"": 2, ""hipc_candidate_count_before_filter"": 2, ""hipc_claims_known"": 0, ""hipc_dropped_peers"": [], ""hipc_max_candidate_cells"": null, ""hipc_path"": [], ""hipc_pending_snapshot"": false, ""hipc_team_size"": 14, ""hipc_trigger"": null, ""mode"": ""known_visit""}, ""goal"": null, ""last_event"": ""no_goal"", ""no_goal_since"": 0.08637378603767969, ""pos"": [0, 13], ""stall_recovery_count"": 0, ""temporary_invalid_until"": {}}, ""06"": {""active_tasks"": 2, ""decision"": {""alg"": ""HIPC"", ""hipc_bad_prediction_count"": {""00"": 0, ""09"": 0, ""12"": 0}, ""hipc_bundle"": [], ""hipc_bundle_size"": 2, ""hipc_candidate_count"": 2, ""hipc_candidate_count_after_filter"": 2, ""hipc_candidate_count_before_filter"": 2, ""hipc_claims_known"": 0, ""hipc_dropped_peers"": [], ""hipc_max_candidate_cells"": null, ""hipc_path"": [], ""hipc_pending_snapshot"": false, ""hipc_team_size"": 10, ""hipc_trigger"": null, ""mode"": ""known_visit""}, ""goal"": null, ""last_event"": ""no_goal"", ""no_goal_since"": 30.050797742742095, ""pos"": [16, 16], ""stall_recovery_count"": 0, ""temporary_invalid_until"": {}}, ""07"": {""active_tasks"": 3, ""decision"": {""alg"": ""HIPC"", ""hipc_bad_prediction_count"": {""00"": 0, ""10"": 1, ""12"": 0}, ""hipc_bundle"": [], ""hipc_bundle_size"": 2, ""hipc_candidate_count"": 3, ""hipc_candidate_count_after_filter"": 3, ""hipc_candidate_count_before_filter"": 3, ""hipc_claims_known"": 0, ""hipc_dropped_peers"": [], ""hipc_max_candidate_cells"": null, ""hipc_path"": [], ""hipc_pending_snapshot"": false, ""hipc_team_size"": 14, ""hipc_trigger"": null, ""mode"": ""known_visit""}, ""goal"": null, ""last_event"": ""no_goal"", ""no_goal_since"": 0.11323501328713857, ""pos"": [0, 18], ""stall_recovery_count"": 0, ""temporary_invalid_until"": {}}, ""08"": {""active_tasks"": 4, ""decision"": {""alg"": ""HIPC"", ""hipc_bad_prediction_count"": {""00"": 1, ""01"": 0, ""04"": 1, ""10"": 0, ""12"": 0}, ""hipc_bundle"": [], ""hipc_bundle_size"": 2, ""hipc_candidate_count"": 4, ""hipc_candidate_count_after_filter"": 4, ""hipc_candidate_count_before_filter"": 4, ""hipc_claims_known"": 0, ""hipc_dropped_peers"": [], ""hipc_max_candidate_cells"": null, ""hipc_path"": [], ""hipc_pending_snapshot"": false, ""hipc_team_size"": 13, ""hipc_trigger"": null, ""mode"": ""known_visit""}, ""goal"": null, ""last_event"": ""no_goal"", ""no_goal_since"": 1.8159563165941517, ""pos"": [1, 20], ""stall_recovery_count"": 0, ""temporary_invalid_until"": {}}, ""09"": {""active_tasks"": 5, ""decision"": {""alg"": ""HIPC"", ""hipc_bad_prediction_count"": {""00"": 0, ""10"": 0, ""12"": 0}, ""hipc_bundle"": [], ""hipc_bundle_size"": 2, ""hipc_candidate_count"": 5, ""hipc_candidate_count_after_filter"": 5, ""hipc_candidate_count_before_filter"": 5, ""hipc_claims_known"": 1, ""hipc_dropped_peers"": [], ""hipc_max_candidate_cells"": null, ""hipc_path"": [], ""hipc_pending_snapshot"": false, ""hipc_team_size"": 13, ""hipc_trigger"": null, ""mode"": ""known_visit""}, ""goal"": null, ""last_event"": ""no_goal"", ""no_goal_since"": 21.153978303996407, ""pos"": [12, 23], ""stall_recovery_count"": 0, ""temporary_invalid_until"": {}}, ""10"": {""active_tasks"": 6, ""decision"": {""alg"": ""HIPC"", ""hipc_bad_prediction_count"": {""04"": 1, ""12"": 0}, ""hipc_bundle"": [], ""hipc_bundle_size"": 2, ""hipc_candidate_count"": 6, ""hipc_candidate_count_after_filter"": 6, ""hipc_candidate_count_before_filter"": 6, ""hipc_claims_known"": 1, ""hipc_dropped_peers"": [], ""hipc_max_candidate_cells"": null, ""hipc_path"": [], ""hipc_pending_snapshot"": true, ""hipc_team_size"": 14, ""hipc_trigger"": null, ""mode"": ""known_visit""}, ""goal"": null, ""last_event"": ""no_goal"", ""no_goal_since"": 36.18386498025282, ""pos"": [20, 24], ""stall_recovery_count"": 0, ""temporary_invalid_until"": {}}, ""11"": {""active_tasks"": 4, ""decision"": {""alg"": ""HIPC"", ""hipc_bad_prediction_count"": {""00"": 0, ""10"": 0, ""12"": 0}, ""hipc_bundle"": [], ""hipc_bundle_size"": 2, ""hipc_candidate_count"": 4, ""hipc_candidate_count_after_filter"": 4, ""hipc_candidate_count_before_filter"": 4, ""hipc_claims_known"": 0, ""hipc_dropped_peers"": [], ""hipc_max_candidate_cells"": null, ""hipc_path"": [], ""hipc_pending_snapshot"": false, ""hipc_team_size"": 11, ""hipc_trigger"": null, ""mode"": ""known_visit""}, ""goal"": null, ""last_event"": ""no_goal"", ""no_goal_since"": 0.11961225337773668, ""pos"": [0, 28], ""stall_recovery_count"": 0, ""temporary_invalid_until"": {}}, ""12"": {""active_tasks"": 4, ""decision"": {""alg"": ""HIPC"", ""hipc_bad_prediction_count"": {""00"": 0, ""04"": 1, ""10"": 0}, ""hipc_bundle"": [], ""hipc_bundle_size"": 2, ""hipc_candidate_count"": 4, ""hipc_candidate_count_after_filter"": 4, ""hipc_candidate_count_before_filter"": 4, ""hipc_claims_known"": 0, ""hipc_dropped_peers"": [], ""hipc_max_candidate_cells"": null, ""hipc_path"": [], ""hipc_pending_snapshot"": false, ""hipc_team_size"": 12, ""hipc_trigger"": null, ""mode"": ""known_visit""}, ""goal"": null, ""last_event"": ""no_goal"", ""no_goal_since"": 25.666187191961907, ""pos"": [14, 31], ""stall_recovery_count"": 0, ""temporary_invalid_until"": {}}, ""13"": {""active_tasks"": 4, ""decision"": {""alg"": ""HIPC"", ""hipc_bad_prediction_count"": {""00"": 0, ""02"": 0, ""04"": 0, ""09"": 1, ""10"": 0, ""12"": 0}, ""hipc_bundle"": [], ""hipc_bundle_size"": 2, ""hipc_candidate_count"": 4, ""hipc_candidate_count_after_filter"": 4, ""hipc_candidate_count_before_filter"": 4, ""hipc_claims_known"": 0, ""hipc_dropped_peers"": [], ""hipc_max_candidate_cells"": null, ""hipc_path"": [], ""hipc_pending_snapshot"": false, ""hipc_team_size"": 14, ""hipc_trigger"": null, ""mode"": ""known_visit""}, ""goal"": null, ""last_event"": ""no_goal"", ""no_goal_since"": 0.04335239962551211, ""pos"": [0, 33], ""stall_recovery_count"": 0, ""temporary_invalid_until"": {}}}, ""total_targets"": 10}",
44,,HIPC,bernoulli,drop_0.25,34,1156,14,,hipc_g34_d85_bernoulli_drop_0_25,reruns\grid_density\scenarios\cv\known_visit_grid34_targets10_trials50.csv,05,,,,,,,,,,,,,,,,,,,,,,,,,,,,,,,,,,,failed,RuntimeError,"Stagnation detected in trial 44 after 2000 events without movement or target completion; diagnostics={""clock_s"": 106.15397830399641, ""completed_targets"": 9, ""event_reasons"": {""blocked_goal_backoff"": 1, ""intent_sync"": 109, ""moved"": 99, ""no_goal"": 2605, ""target_visited"": 9, ""turn"": 9}, ""events_processed"": 2832, ""robots"": {""00"": {""active_tasks"": 5, ""decision"": {""alg"": ""HIPC"", ""hipc_bad_prediction_count"": {""10"": 2, ""12"": 0}, ""hipc_bundle"": [], ""hipc_bundle_size"": 2, ""hipc_candidate_count"": 5, ""hipc_candidate_count_after_filter"": 5, ""hipc_candidate_count_before_filter"": 5, ""hipc_claims_known"": 1, ""hipc_dropped_peers"": [], ""hipc_max_candidate_cells"": null, ""hipc_path"": [], ""hipc_pending_snapshot"": false, ""hipc_team_size"": 12, ""hipc_trigger"": null, ""mode"": ""known_visit""}, ""goal"": null, ""last_event"": ""no_goal"", ""no_goal_since"": 34.626215087468545, ""pos"": [19, 1], ""stall_recovery_count"": 0, ""temporary_invalid_until"": {}}, ""01"": {""active_tasks"": 2, ""decision"": {""alg"": ""HIPC"", ""hipc_bad_prediction_count"": {""00"": 0, ""09"": 1, ""10"": 0, ""12"": 0}, ""hipc_bundle"": [], ""hipc_bundle_size"": 2, ""hipc_candidate_count"": 2, ""hipc_candidate_count_after_filter"": 2, ""hipc_candidate_count_before_filter"": 2, ""hipc_claims_known"": 0, ""hipc_dropped_peers"": [], ""hipc_max_candidate_cells"": null, ""hipc_path"": [], ""hipc_pending_snapshot"": false, ""hipc_team_size"": 13, ""hipc_trigger"": null, ""mode"": ""known_visit""}, ""goal"": null, ""last_event"": ""no_goal"", ""no_goal_since"": 7.282638545971276, ""pos"": [3, 4], ""stall_recovery_count"": 0, ""temporary_invalid_until"": {}}, ""02"": {""active_tasks"": 4, ""decision"": {""alg"": ""HIPC"", ""hipc_bad_prediction_count"": {""04"": 0, ""12"": 0}, ""hipc_bundle"": [], ""hipc_bundle_size"": 2, ""hipc_candidate_count"": 4, ""hipc_candidate_count_after_filter"": 4, ""hipc_candidate_count_before_filter"": 4, ""hipc_claims_known"": 0, ""hipc_dropped_peers"": [], ""hipc_max_candidate_cells"": null, ""hipc_path"": [], ""hipc_pending_snapshot"": false, ""hipc_team_size"": 13, ""hipc_trigger"": null, ""mode"": ""known_visit""}, ""goal"": null, ""last_event"": ""no_goal"", ""no_goal_since"": 1.7989695979144456, ""pos"": [1, 5], ""stall_recovery_count"": 0, ""temporary_invalid_until"": {}}, ""03"": {""active_tasks"": 5, ""decision"": {""alg"": ""HIPC"", ""hipc_bad_prediction_count"": {""00"": 0, ""01"": 0, ""04"": 0, ""09"": 1, ""10"": 0, ""12"": 0}, ""hipc_bundle"": [], ""hipc_bundle_size"": 2, ""hipc_candidate_count"": 5, ""hipc_candidate_count_after_filter"": 5, ""hipc_candidate_count_before_filter"": 5, ""hipc_claims_known"": 1, ""hipc_dropped_peers"": [], ""hipc_max_candidate_cells"": null, ""hipc_path"": [], ""hipc_pending_snapshot"": false, ""hipc_team_size"": 13, ""hipc_trigger"": null, ""mode"": ""known_visit""}, ""goal"": null, ""last_event"": ""no_goal"", ""no_goal_since"": 0.08699423108555816, ""pos"": [0, 8], ""stall_recovery_count"": 0, ""temporary_invalid_until"": {}}, ""04"": {""active_tasks"": 1, ""decision"": {""alg"": ""HIPC"", ""hipc_bad_prediction_count"": {""00"": 0, ""01"": 0, ""08"": 0, ""10"": 0, ""12"": 0}, ""hipc_bundle"": [], ""hipc_bundle_size"": 2, ""hipc_candidate_count"": 1, ""hipc_candidate_count_after_filter"": 1, ""hipc_candidate_count_before_filter"": 1, ""hipc_claims_known"": 0, ""hipc_dropped_peers"": [], ""hipc_max_candidate_cells"": null, ""hipc_path"": [], ""hipc_pending_snapshot"": false, ""hipc_team_size"": 13, ""hipc_trigger"": null, ""mode"": ""known_visit""}, ""goal"": null, ""last_event"": ""no_goal"", ""no_goal_since"": 31.34832699997679, ""pos"": [10, 3], ""stall_recovery_count"": 0, ""temporary_invalid_until"": {}}, ""05"": {""active_tasks"": 2, ""decision"": {""alg"": ""HIPC"", ""hipc_bad_prediction_count"": {""01"": 0, ""10"": 0, ""12"": 0}, ""hipc_bundle"": [], ""hipc_bundle_size"": 2, ""hipc_candidate_count"": 2, ""hipc_candidate_count_after_filter"": 2, ""hipc_candidate_count_before_filter"": 2, ""hipc_claims_known"": 0, ""hipc_dropped_peers"": [], ""hipc_max_candidate_cells"": null, ""hipc_path"": [], ""hipc_pending_snapshot"": false, ""hipc_team_size"": 14, ""hipc_trigger"": null, ""mode"": ""known_visit""}, ""goal"": null, ""last_event"": ""no_goal"", ""no_goal_since"": 0.08637378603767969, ""pos"": [0, 13], ""stall_recovery_count"": 0, ""temporary_invalid_until"": {}}, ""06"": {""active_tasks"": 2, ""decision"": {""alg"": ""HIPC"", ""hipc_bad_prediction_count"": {""00"": 0, ""09"": 0, ""12"": 0}, ""hipc_bundle"": [], ""hipc_bundle_size"": 2, ""hipc_candidate_count"": 2, ""hipc_candidate_count_after_filter"": 2, ""hipc_candidate_count_before_filter"": 2, ""hipc_claims_known"": 0, ""hipc_dropped_peers"": [], ""hipc_max_candidate_cells"": null, ""hipc_path"": [], ""hipc_pending_snapshot"": false, ""hipc_team_size"": 10, ""hipc_trigger"": null, ""mode"": ""known_visit""}, ""goal"": null, ""last_event"": ""no_goal"", ""no_goal_since"": 30.050797742742095, ""pos"": [16, 16], ""stall_recovery_count"": 0, ""temporary_invalid_until"": {}}, ""07"": {""active_tasks"": 3, ""decision"": {""alg"": ""HIPC"", ""hipc_bad_prediction_count"": {""00"": 0, ""10"": 1, ""12"": 0}, ""hipc_bundle"": [], ""hipc_bundle_size"": 2, ""hipc_candidate_count"": 3, ""hipc_candidate_count_after_filter"": 3, ""hipc_candidate_count_before_filter"": 3, ""hipc_claims_known"": 0, ""hipc_dropped_peers"": [], ""hipc_max_candidate_cells"": null, ""hipc_path"": [], ""hipc_pending_snapshot"": false, ""hipc_team_size"": 14, ""hipc_trigger"": null, ""mode"": ""known_visit""}, ""goal"": null, ""last_event"": ""no_goal"", ""no_goal_since"": 0.11323501328713857, ""pos"": [0, 18], ""stall_recovery_count"": 0, ""temporary_invalid_until"": {}}, ""08"": {""active_tasks"": 4, ""decision"": {""alg"": ""HIPC"", ""hipc_bad_prediction_count"": {""00"": 1, ""01"": 0, ""04"": 1, ""10"": 0, ""12"": 0}, ""hipc_bundle"": [], ""hipc_bundle_size"": 2, ""hipc_candidate_count"": 4, ""hipc_candidate_count_after_filter"": 4, ""hipc_candidate_count_before_filter"": 4, ""hipc_claims_known"": 0, ""hipc_dropped_peers"": [], ""hipc_max_candidate_cells"": null, ""hipc_path"": [], ""hipc_pending_snapshot"": false, ""hipc_team_size"": 13, ""hipc_trigger"": null, ""mode"": ""known_visit""}, ""goal"": null, ""last_event"": ""no_goal"", ""no_goal_since"": 1.8159563165941517, ""pos"": [1, 20], ""stall_recovery_count"": 0, ""temporary_invalid_until"": {}}, ""09"": {""active_tasks"": 5, ""decision"": {""alg"": ""HIPC"", ""hipc_bad_prediction_count"": {""00"": 0, ""10"": 0, ""12"": 0}, ""hipc_bundle"": [], ""hipc_bundle_size"": 2, ""hipc_candidate_count"": 5, ""hipc_candidate_count_after_filter"": 5, ""hipc_candidate_count_before_filter"": 5, ""hipc_claims_known"": 1, ""hipc_dropped_peers"": [], ""hipc_max_candidate_cells"": null, ""hipc_path"": [], ""hipc_pending_snapshot"": false, ""hipc_team_size"": 13, ""hipc_trigger"": null, ""mode"": ""known_visit""}, ""goal"": null, ""last_event"": ""no_goal"", ""no_goal_since"": 21.153978303996407, ""pos"": [12, 23], ""stall_recovery_count"": 0, ""temporary_invalid_until"": {}}, ""10"": {""active_tasks"": 6, ""decision"": {""alg"": ""HIPC"", ""hipc_bad_prediction_count"": {""04"": 1, ""12"": 0}, ""hipc_bundle"": [], ""hipc_bundle_size"": 2, ""hipc_candidate_count"": 6, ""hipc_candidate_count_after_filter"": 6, ""hipc_candidate_count_before_filter"": 6, ""hipc_claims_known"": 1, ""hipc_dropped_peers"": [], ""hipc_max_candidate_cells"": null, ""hipc_path"": [], ""hipc_pending_snapshot"": true, ""hipc_team_size"": 14, ""hipc_trigger"": null, ""mode"": ""known_visit""}, ""goal"": null, ""last_event"": ""no_goal"", ""no_goal_since"": 36.18386498025282, ""pos"": [20, 24], ""stall_recovery_count"": 0, ""temporary_invalid_until"": {}}, ""11"": {""active_tasks"": 4, ""decision"": {""alg"": ""HIPC"", ""hipc_bad_prediction_count"": {""00"": 0, ""10"": 0, ""12"": 0}, ""hipc_bundle"": [], ""hipc_bundle_size"": 2, ""hipc_candidate_count"": 4, ""hipc_candidate_count_after_filter"": 4, ""hipc_candidate_count_before_filter"": 4, ""hipc_claims_known"": 0, ""hipc_dropped_peers"": [], ""hipc_max_candidate_cells"": null, ""hipc_path"": [], ""hipc_pending_snapshot"": false, ""hipc_team_size"": 11, ""hipc_trigger"": null, ""mode"": ""known_visit""}, ""goal"": null, ""last_event"": ""no_goal"", ""no_goal_since"": 0.11961225337773668, ""pos"": [0, 28], ""stall_recovery_count"": 0, ""temporary_invalid_until"": {}}, ""12"": {""active_tasks"": 4, ""decision"": {""alg"": ""HIPC"", ""hipc_bad_prediction_count"": {""00"": 0, ""04"": 1, ""10"": 0}, ""hipc_bundle"": [], ""hipc_bundle_size"": 2, ""hipc_candidate_count"": 4, ""hipc_candidate_count_after_filter"": 4, ""hipc_candidate_count_before_filter"": 4, ""hipc_claims_known"": 0, ""hipc_dropped_peers"": [], ""hipc_max_candidate_cells"": null, ""hipc_path"": [], ""hipc_pending_snapshot"": false, ""hipc_team_size"": 12, ""hipc_trigger"": null, ""mode"": ""known_visit""}, ""goal"": null, ""last_event"": ""no_goal"", ""no_goal_since"": 25.666187191961907, ""pos"": [14, 31], ""stall_recovery_count"": 0, ""temporary_invalid_until"": {}}, ""13"": {""active_tasks"": 4, ""decision"": {""alg"": ""HIPC"", ""hipc_bad_prediction_count"": {""00"": 0, ""02"": 0, ""04"": 0, ""09"": 1, ""10"": 0, ""12"": 0}, ""hipc_bundle"": [], ""hipc_bundle_size"": 2, ""hipc_candidate_count"": 4, ""hipc_candidate_count_after_filter"": 4, ""hipc_candidate_count_before_filter"": 4, ""hipc_claims_known"": 0, ""hipc_dropped_peers"": [], ""hipc_max_candidate_cells"": null, ""hipc_path"": [], ""hipc_pending_snapshot"": false, ""hipc_team_size"": 14, ""hipc_trigger"": null, ""mode"": ""known_visit""}, ""goal"": null, ""last_event"": ""no_goal"", ""no_goal_since"": 0.04335239962551211, ""pos"": [0, 33], ""stall_recovery_count"": 0, ""temporary_invalid_until"": {}}}, ""total_targets"": 10}",
44,,HIPC,bernoulli,drop_0.25,34,1156,14,,hipc_g34_d85_bernoulli_drop_0_25,reruns\grid_density\scenarios\cv\known_visit_grid34_targets10_trials50.csv,06,,,,,,,,,,,,,,,,,,,,,,,,,,,,,,,,,,,failed,RuntimeError,"Stagnation detected in trial 44 after 2000 events without movement or target completion; diagnostics={""clock_s"": 106.15397830399641, ""completed_targets"": 9, ""event_reasons"": {""blocked_goal_backoff"": 1, ""intent_sync"": 109, ""moved"": 99, ""no_goal"": 2605, ""target_visited"": 9, ""turn"": 9}, ""events_processed"": 2832, ""robots"": {""00"": {""active_tasks"": 5, ""decision"": {""alg"": ""HIPC"", ""hipc_bad_prediction_count"": {""10"": 2, ""12"": 0}, ""hipc_bundle"": [], ""hipc_bundle_size"": 2, ""hipc_candidate_count"": 5, ""hipc_candidate_count_after_filter"": 5, ""hipc_candidate_count_before_filter"": 5, ""hipc_claims_known"": 1, ""hipc_dropped_peers"": [], ""hipc_max_candidate_cells"": null, ""hipc_path"": [], ""hipc_pending_snapshot"": false, ""hipc_team_size"": 12, ""hipc_trigger"": null, ""mode"": ""known_visit""}, ""goal"": null, ""last_event"": ""no_goal"", ""no_goal_since"": 34.626215087468545, ""pos"": [19, 1], ""stall_recovery_count"": 0, ""temporary_invalid_until"": {}}, ""01"": {""active_tasks"": 2, ""decision"": {""alg"": ""HIPC"", ""hipc_bad_prediction_count"": {""00"": 0, ""09"": 1, ""10"": 0, ""12"": 0}, ""hipc_bundle"": [], ""hipc_bundle_size"": 2, ""hipc_candidate_count"": 2, ""hipc_candidate_count_after_filter"": 2, ""hipc_candidate_count_before_filter"": 2, ""hipc_claims_known"": 0, ""hipc_dropped_peers"": [], ""hipc_max_candidate_cells"": null, ""hipc_path"": [], ""hipc_pending_snapshot"": false, ""hipc_team_size"": 13, ""hipc_trigger"": null, ""mode"": ""known_visit""}, ""goal"": null, ""last_event"": ""no_goal"", ""no_goal_since"": 7.282638545971276, ""pos"": [3, 4], ""stall_recovery_count"": 0, ""temporary_invalid_until"": {}}, ""02"": {""active_tasks"": 4, ""decision"": {""alg"": ""HIPC"", ""hipc_bad_prediction_count"": {""04"": 0, ""12"": 0}, ""hipc_bundle"": [], ""hipc_bundle_size"": 2, ""hipc_candidate_count"": 4, ""hipc_candidate_count_after_filter"": 4, ""hipc_candidate_count_before_filter"": 4, ""hipc_claims_known"": 0, ""hipc_dropped_peers"": [], ""hipc_max_candidate_cells"": null, ""hipc_path"": [], ""hipc_pending_snapshot"": false, ""hipc_team_size"": 13, ""hipc_trigger"": null, ""mode"": ""known_visit""}, ""goal"": null, ""last_event"": ""no_goal"", ""no_goal_since"": 1.7989695979144456, ""pos"": [1, 5], ""stall_recovery_count"": 0, ""temporary_invalid_until"": {}}, ""03"": {""active_tasks"": 5, ""decision"": {""alg"": ""HIPC"", ""hipc_bad_prediction_count"": {""00"": 0, ""01"": 0, ""04"": 0, ""09"": 1, ""10"": 0, ""12"": 0}, ""hipc_bundle"": [], ""hipc_bundle_size"": 2, ""hipc_candidate_count"": 5, ""hipc_candidate_count_after_filter"": 5, ""hipc_candidate_count_before_filter"": 5, ""hipc_claims_known"": 1, ""hipc_dropped_peers"": [], ""hipc_max_candidate_cells"": null, ""hipc_path"": [], ""hipc_pending_snapshot"": false, ""hipc_team_size"": 13, ""hipc_trigger"": null, ""mode"": ""known_visit""}, ""goal"": null, ""last_event"": ""no_goal"", ""no_goal_since"": 0.08699423108555816, ""pos"": [0, 8], ""stall_recovery_count"": 0, ""temporary_invalid_until"": {}}, ""04"": {""active_tasks"": 1, ""decision"": {""alg"": ""HIPC"", ""hipc_bad_prediction_count"": {""00"": 0, ""01"": 0, ""08"": 0, ""10"": 0, ""12"": 0}, ""hipc_bundle"": [], ""hipc_bundle_size"": 2, ""hipc_candidate_count"": 1, ""hipc_candidate_count_after_filter"": 1, ""hipc_candidate_count_before_filter"": 1, ""hipc_claims_known"": 0, ""hipc_dropped_peers"": [], ""hipc_max_candidate_cells"": null, ""hipc_path"": [], ""hipc_pending_snapshot"": false, ""hipc_team_size"": 13, ""hipc_trigger"": null, ""mode"": ""known_visit""}, ""goal"": null, ""last_event"": ""no_goal"", ""no_goal_since"": 31.34832699997679, ""pos"": [10, 3], ""stall_recovery_count"": 0, ""temporary_invalid_until"": {}}, ""05"": {""active_tasks"": 2, ""decision"": {""alg"": ""HIPC"", ""hipc_bad_prediction_count"": {""01"": 0, ""10"": 0, ""12"": 0}, ""hipc_bundle"": [], ""hipc_bundle_size"": 2, ""hipc_candidate_count"": 2, ""hipc_candidate_count_after_filter"": 2, ""hipc_candidate_count_before_filter"": 2, ""hipc_claims_known"": 0, ""hipc_dropped_peers"": [], ""hipc_max_candidate_cells"": null, ""hipc_path"": [], ""hipc_pending_snapshot"": false, ""hipc_team_size"": 14, ""hipc_trigger"": null, ""mode"": ""known_visit""}, ""goal"": null, ""last_event"": ""no_goal"", ""no_goal_since"": 0.08637378603767969, ""pos"": [0, 13], ""stall_recovery_count"": 0, ""temporary_invalid_until"": {}}, ""06"": {""active_tasks"": 2, ""decision"": {""alg"": ""HIPC"", ""hipc_bad_prediction_count"": {""00"": 0, ""09"": 0, ""12"": 0}, ""hipc_bundle"": [], ""hipc_bundle_size"": 2, ""hipc_candidate_count"": 2, ""hipc_candidate_count_after_filter"": 2, ""hipc_candidate_count_before_filter"": 2, ""hipc_claims_known"": 0, ""hipc_dropped_peers"": [], ""hipc_max_candidate_cells"": null, ""hipc_path"": [], ""hipc_pending_snapshot"": false, ""hipc_team_size"": 10, ""hipc_trigger"": null, ""mode"": ""known_visit""}, ""goal"": null, ""last_event"": ""no_goal"", ""no_goal_since"": 30.050797742742095, ""pos"": [16, 16], ""stall_recovery_count"": 0, ""temporary_invalid_until"": {}}, ""07"": {""active_tasks"": 3, ""decision"": {""alg"": ""HIPC"", ""hipc_bad_prediction_count"": {""00"": 0, ""10"": 1, ""12"": 0}, ""hipc_bundle"": [], ""hipc_bundle_size"": 2, ""hipc_candidate_count"": 3, ""hipc_candidate_count_after_filter"": 3, ""hipc_candidate_count_before_filter"": 3, ""hipc_claims_known"": 0, ""hipc_dropped_peers"": [], ""hipc_max_candidate_cells"": null, ""hipc_path"": [], ""hipc_pending_snapshot"": false, ""hipc_team_size"": 14, ""hipc_trigger"": null, ""mode"": ""known_visit""}, ""goal"": null, ""last_event"": ""no_goal"", ""no_goal_since"": 0.11323501328713857, ""pos"": [0, 18], ""stall_recovery_count"": 0, ""temporary_invalid_until"": {}}, ""08"": {""active_tasks"": 4, ""decision"": {""alg"": ""HIPC"", ""hipc_bad_prediction_count"": {""00"": 1, ""01"": 0, ""04"": 1, ""10"": 0, ""12"": 0}, ""hipc_bundle"": [], ""hipc_bundle_size"": 2, ""hipc_candidate_count"": 4, ""hipc_candidate_count_after_filter"": 4, ""hipc_candidate_count_before_filter"": 4, ""hipc_claims_known"": 0, ""hipc_dropped_peers"": [], ""hipc_max_candidate_cells"": null, ""hipc_path"": [], ""hipc_pending_snapshot"": false, ""hipc_team_size"": 13, ""hipc_trigger"": null, ""mode"": ""known_visit""}, ""goal"": null, ""last_event"": ""no_goal"", ""no_goal_since"": 1.8159563165941517, ""pos"": [1, 20], ""stall_recovery_count"": 0, ""temporary_invalid_until"": {}}, ""09"": {""active_tasks"": 5, ""decision"": {""alg"": ""HIPC"", ""hipc_bad_prediction_count"": {""00"": 0, ""10"": 0, ""12"": 0}, ""hipc_bundle"": [], ""hipc_bundle_size"": 2, ""hipc_candidate_count"": 5, ""hipc_candidate_count_after_filter"": 5, ""hipc_candidate_count_before_filter"": 5, ""hipc_claims_known"": 1, ""hipc_dropped_peers"": [], ""hipc_max_candidate_cells"": null, ""hipc_path"": [], ""hipc_pending_snapshot"": false, ""hipc_team_size"": 13, ""hipc_trigger"": null, ""mode"": ""known_visit""}, ""goal"": null, ""last_event"": ""no_goal"", ""no_goal_since"": 21.153978303996407, ""pos"": [12, 23], ""stall_recovery_count"": 0, ""temporary_invalid_until"": {}}, ""10"": {""active_tasks"": 6, ""decision"": {""alg"": ""HIPC"", ""hipc_bad_prediction_count"": {""04"": 1, ""12"": 0}, ""hipc_bundle"": [], ""hipc_bundle_size"": 2, ""hipc_candidate_count"": 6, ""hipc_candidate_count_after_filter"": 6, ""hipc_candidate_count_before_filter"": 6, ""hipc_claims_known"": 1, ""hipc_dropped_peers"": [], ""hipc_max_candidate_cells"": null, ""hipc_path"": [], ""hipc_pending_snapshot"": true, ""hipc_team_size"": 14, ""hipc_trigger"": null, ""mode"": ""known_visit""}, ""goal"": null, ""last_event"": ""no_goal"", ""no_goal_since"": 36.18386498025282, ""pos"": [20, 24], ""stall_recovery_count"": 0, ""temporary_invalid_until"": {}}, ""11"": {""active_tasks"": 4, ""decision"": {""alg"": ""HIPC"", ""hipc_bad_prediction_count"": {""00"": 0, ""10"": 0, ""12"": 0}, ""hipc_bundle"": [], ""hipc_bundle_size"": 2, ""hipc_candidate_count"": 4, ""hipc_candidate_count_after_filter"": 4, ""hipc_candidate_count_before_filter"": 4, ""hipc_claims_known"": 0, ""hipc_dropped_peers"": [], ""hipc_max_candidate_cells"": null, ""hipc_path"": [], ""hipc_pending_snapshot"": false, ""hipc_team_size"": 11, ""hipc_trigger"": null, ""mode"": ""known_visit""}, ""goal"": null, ""last_event"": ""no_goal"", ""no_goal_since"": 0.11961225337773668, ""pos"": [0, 28], ""stall_recovery_count"": 0, ""temporary_invalid_until"": {}}, ""12"": {""active_tasks"": 4, ""decision"": {""alg"": ""HIPC"", ""hipc_bad_prediction_count"": {""00"": 0, ""04"": 1, ""10"": 0}, ""hipc_bundle"": [], ""hipc_bundle_size"": 2, ""hipc_candidate_count"": 4, ""hipc_candidate_count_after_filter"": 4, ""hipc_candidate_count_before_filter"": 4, ""hipc_claims_known"": 0, ""hipc_dropped_peers"": [], ""hipc_max_candidate_cells"": null, ""hipc_path"": [], ""hipc_pending_snapshot"": false, ""hipc_team_size"": 12, ""hipc_trigger"": null, ""mode"": ""known_visit""}, ""goal"": null, ""last_event"": ""no_goal"", ""no_goal_since"": 25.666187191961907, ""pos"": [14, 31], ""stall_recovery_count"": 0, ""temporary_invalid_until"": {}}, ""13"": {""active_tasks"": 4, ""decision"": {""alg"": ""HIPC"", ""hipc_bad_prediction_count"": {""00"": 0, ""02"": 0, ""04"": 0, ""09"": 1, ""10"": 0, ""12"": 0}, ""hipc_bundle"": [], ""hipc_bundle_size"": 2, ""hipc_candidate_count"": 4, ""hipc_candidate_count_after_filter"": 4, ""hipc_candidate_count_before_filter"": 4, ""hipc_claims_known"": 0, ""hipc_dropped_peers"": [], ""hipc_max_candidate_cells"": null, ""hipc_path"": [], ""hipc_pending_snapshot"": false, ""hipc_team_size"": 14, ""hipc_trigger"": null, ""mode"": ""known_visit""}, ""goal"": null, ""last_event"": ""no_goal"", ""no_goal_since"": 0.04335239962551211, ""pos"": [0, 33], ""stall_recovery_count"": 0, ""temporary_invalid_until"": {}}}, ""total_targets"": 10}",
44,,HIPC,bernoulli,drop_0.25,34,1156,14,,hipc_g34_d85_bernoulli_drop_0_25,reruns\grid_density\scenarios\cv\known_visit_grid34_targets10_trials50.csv,07,,,,,,,,,,,,,,,,,,,,,,,,,,,,,,,,,,,failed,RuntimeError,"Stagnation detected in trial 44 after 2000 events without movement or target completion; diagnostics={""clock_s"": 106.15397830399641, ""completed_targets"": 9, ""event_reasons"": {""blocked_goal_backoff"": 1, ""intent_sync"": 109, ""moved"": 99, ""no_goal"": 2605, ""target_visited"": 9, ""turn"": 9}, ""events_processed"": 2832, ""robots"": {""00"": {""active_tasks"": 5, ""decision"": {""alg"": ""HIPC"", ""hipc_bad_prediction_count"": {""10"": 2, ""12"": 0}, ""hipc_bundle"": [], ""hipc_bundle_size"": 2, ""hipc_candidate_count"": 5, ""hipc_candidate_count_after_filter"": 5, ""hipc_candidate_count_before_filter"": 5, ""hipc_claims_known"": 1, ""hipc_dropped_peers"": [], ""hipc_max_candidate_cells"": null, ""hipc_path"": [], ""hipc_pending_snapshot"": false, ""hipc_team_size"": 12, ""hipc_trigger"": null, ""mode"": ""known_visit""}, ""goal"": null, ""last_event"": ""no_goal"", ""no_goal_since"": 34.626215087468545, ""pos"": [19, 1], ""stall_recovery_count"": 0, ""temporary_invalid_until"": {}}, ""01"": {""active_tasks"": 2, ""decision"": {""alg"": ""HIPC"", ""hipc_bad_prediction_count"": {""00"": 0, ""09"": 1, ""10"": 0, ""12"": 0}, ""hipc_bundle"": [], ""hipc_bundle_size"": 2, ""hipc_candidate_count"": 2, ""hipc_candidate_count_after_filter"": 2, ""hipc_candidate_count_before_filter"": 2, ""hipc_claims_known"": 0, ""hipc_dropped_peers"": [], ""hipc_max_candidate_cells"": null, ""hipc_path"": [], ""hipc_pending_snapshot"": false, ""hipc_team_size"": 13, ""hipc_trigger"": null, ""mode"": ""known_visit""}, ""goal"": null, ""last_event"": ""no_goal"", ""no_goal_since"": 7.282638545971276, ""pos"": [3, 4], ""stall_recovery_count"": 0, ""temporary_invalid_until"": {}}, ""02"": {""active_tasks"": 4, ""decision"": {""alg"": ""HIPC"", ""hipc_bad_prediction_count"": {""04"": 0, ""12"": 0}, ""hipc_bundle"": [], ""hipc_bundle_size"": 2, ""hipc_candidate_count"": 4, ""hipc_candidate_count_after_filter"": 4, ""hipc_candidate_count_before_filter"": 4, ""hipc_claims_known"": 0, ""hipc_dropped_peers"": [], ""hipc_max_candidate_cells"": null, ""hipc_path"": [], ""hipc_pending_snapshot"": false, ""hipc_team_size"": 13, ""hipc_trigger"": null, ""mode"": ""known_visit""}, ""goal"": null, ""last_event"": ""no_goal"", ""no_goal_since"": 1.7989695979144456, ""pos"": [1, 5], ""stall_recovery_count"": 0, ""temporary_invalid_until"": {}}, ""03"": {""active_tasks"": 5, ""decision"": {""alg"": ""HIPC"", ""hipc_bad_prediction_count"": {""00"": 0, ""01"": 0, ""04"": 0, ""09"": 1, ""10"": 0, ""12"": 0}, ""hipc_bundle"": [], ""hipc_bundle_size"": 2, ""hipc_candidate_count"": 5, ""hipc_candidate_count_after_filter"": 5, ""hipc_candidate_count_before_filter"": 5, ""hipc_claims_known"": 1, ""hipc_dropped_peers"": [], ""hipc_max_candidate_cells"": null, ""hipc_path"": [], ""hipc_pending_snapshot"": false, ""hipc_team_size"": 13, ""hipc_trigger"": null, ""mode"": ""known_visit""}, ""goal"": null, ""last_event"": ""no_goal"", ""no_goal_since"": 0.08699423108555816, ""pos"": [0, 8], ""stall_recovery_count"": 0, ""temporary_invalid_until"": {}}, ""04"": {""active_tasks"": 1, ""decision"": {""alg"": ""HIPC"", ""hipc_bad_prediction_count"": {""00"": 0, ""01"": 0, ""08"": 0, ""10"": 0, ""12"": 0}, ""hipc_bundle"": [], ""hipc_bundle_size"": 2, ""hipc_candidate_count"": 1, ""hipc_candidate_count_after_filter"": 1, ""hipc_candidate_count_before_filter"": 1, ""hipc_claims_known"": 0, ""hipc_dropped_peers"": [], ""hipc_max_candidate_cells"": null, ""hipc_path"": [], ""hipc_pending_snapshot"": false, ""hipc_team_size"": 13, ""hipc_trigger"": null, ""mode"": ""known_visit""}, ""goal"": null, ""last_event"": ""no_goal"", ""no_goal_since"": 31.34832699997679, ""pos"": [10, 3], ""stall_recovery_count"": 0, ""temporary_invalid_until"": {}}, ""05"": {""active_tasks"": 2, ""decision"": {""alg"": ""HIPC"", ""hipc_bad_prediction_count"": {""01"": 0, ""10"": 0, ""12"": 0}, ""hipc_bundle"": [], ""hipc_bundle_size"": 2, ""hipc_candidate_count"": 2, ""hipc_candidate_count_after_filter"": 2, ""hipc_candidate_count_before_filter"": 2, ""hipc_claims_known"": 0, ""hipc_dropped_peers"": [], ""hipc_max_candidate_cells"": null, ""hipc_path"": [], ""hipc_pending_snapshot"": false, ""hipc_team_size"": 14, ""hipc_trigger"": null, ""mode"": ""known_visit""}, ""goal"": null, ""last_event"": ""no_goal"", ""no_goal_since"": 0.08637378603767969, ""pos"": [0, 13], ""stall_recovery_count"": 0, ""temporary_invalid_until"": {}}, ""06"": {""active_tasks"": 2, ""decision"": {""alg"": ""HIPC"", ""hipc_bad_prediction_count"": {""00"": 0, ""09"": 0, ""12"": 0}, ""hipc_bundle"": [], ""hipc_bundle_size"": 2, ""hipc_candidate_count"": 2, ""hipc_candidate_count_after_filter"": 2, ""hipc_candidate_count_before_filter"": 2, ""hipc_claims_known"": 0, ""hipc_dropped_peers"": [], ""hipc_max_candidate_cells"": null, ""hipc_path"": [], ""hipc_pending_snapshot"": false, ""hipc_team_size"": 10, ""hipc_trigger"": null, ""mode"": ""known_visit""}, ""goal"": null, ""last_event"": ""no_goal"", ""no_goal_since"": 30.050797742742095, ""pos"": [16, 16], ""stall_recovery_count"": 0, ""temporary_invalid_until"": {}}, ""07"": {""active_tasks"": 3, ""decision"": {""alg"": ""HIPC"", ""hipc_bad_prediction_count"": {""00"": 0, ""10"": 1, ""12"": 0}, ""hipc_bundle"": [], ""hipc_bundle_size"": 2, ""hipc_candidate_count"": 3, ""hipc_candidate_count_after_filter"": 3, ""hipc_candidate_count_before_filter"": 3, ""hipc_claims_known"": 0, ""hipc_dropped_peers"": [], ""hipc_max_candidate_cells"": null, ""hipc_path"": [], ""hipc_pending_snapshot"": false, ""hipc_team_size"": 14, ""hipc_trigger"": null, ""mode"": ""known_visit""}, ""goal"": null, ""last_event"": ""no_goal"", ""no_goal_since"": 0.11323501328713857, ""pos"": [0, 18], ""stall_recovery_count"": 0, ""temporary_invalid_until"": {}}, ""08"": {""active_tasks"": 4, ""decision"": {""alg"": ""HIPC"", ""hipc_bad_prediction_count"": {""00"": 1, ""01"": 0, ""04"": 1, ""10"": 0, ""12"": 0}, ""hipc_bundle"": [], ""hipc_bundle_size"": 2, ""hipc_candidate_count"": 4, ""hipc_candidate_count_after_filter"": 4, ""hipc_candidate_count_before_filter"": 4, ""hipc_claims_known"": 0, ""hipc_dropped_peers"": [], ""hipc_max_candidate_cells"": null, ""hipc_path"": [], ""hipc_pending_snapshot"": false, ""hipc_team_size"": 13, ""hipc_trigger"": null, ""mode"": ""known_visit""}, ""goal"": null, ""last_event"": ""no_goal"", ""no_goal_since"": 1.8159563165941517, ""pos"": [1, 20], ""stall_recovery_count"": 0, ""temporary_invalid_until"": {}}, ""09"": {""active_tasks"": 5, ""decision"": {""alg"": ""HIPC"", ""hipc_bad_prediction_count"": {""00"": 0, ""10"": 0, ""12"": 0}, ""hipc_bundle"": [], ""hipc_bundle_size"": 2, ""hipc_candidate_count"": 5, ""hipc_candidate_count_after_filter"": 5, ""hipc_candidate_count_before_filter"": 5, ""hipc_claims_known"": 1, ""hipc_dropped_peers"": [], ""hipc_max_candidate_cells"": null, ""hipc_path"": [], ""hipc_pending_snapshot"": false, ""hipc_team_size"": 13, ""hipc_trigger"": null, ""mode"": ""known_visit""}, ""goal"": null, ""last_event"": ""no_goal"", ""no_goal_since"": 21.153978303996407, ""pos"": [12, 23], ""stall_recovery_count"": 0, ""temporary_invalid_until"": {}}, ""10"": {""active_tasks"": 6, ""decision"": {""alg"": ""HIPC"", ""hipc_bad_prediction_count"": {""04"": 1, ""12"": 0}, ""hipc_bundle"": [], ""hipc_bundle_size"": 2, ""hipc_candidate_count"": 6, ""hipc_candidate_count_after_filter"": 6, ""hipc_candidate_count_before_filter"": 6, ""hipc_claims_known"": 1, ""hipc_dropped_peers"": [], ""hipc_max_candidate_cells"": null, ""hipc_path"": [], ""hipc_pending_snapshot"": true, ""hipc_team_size"": 14, ""hipc_trigger"": null, ""mode"": ""known_visit""}, ""goal"": null, ""last_event"": ""no_goal"", ""no_goal_since"": 36.18386498025282, ""pos"": [20, 24], ""stall_recovery_count"": 0, ""temporary_invalid_until"": {}}, ""11"": {""active_tasks"": 4, ""decision"": {""alg"": ""HIPC"", ""hipc_bad_prediction_count"": {""00"": 0, ""10"": 0, ""12"": 0}, ""hipc_bundle"": [], ""hipc_bundle_size"": 2, ""hipc_candidate_count"": 4, ""hipc_candidate_count_after_filter"": 4, ""hipc_candidate_count_before_filter"": 4, ""hipc_claims_known"": 0, ""hipc_dropped_peers"": [], ""hipc_max_candidate_cells"": null, ""hipc_path"": [], ""hipc_pending_snapshot"": false, ""hipc_team_size"": 11, ""hipc_trigger"": null, ""mode"": ""known_visit""}, ""goal"": null, ""last_event"": ""no_goal"", ""no_goal_since"": 0.11961225337773668, ""pos"": [0, 28], ""stall_recovery_count"": 0, ""temporary_invalid_until"": {}}, ""12"": {""active_tasks"": 4, ""decision"": {""alg"": ""HIPC"", ""hipc_bad_prediction_count"": {""00"": 0, ""04"": 1, ""10"": 0}, ""hipc_bundle"": [], ""hipc_bundle_size"": 2, ""hipc_candidate_count"": 4, ""hipc_candidate_count_after_filter"": 4, ""hipc_candidate_count_before_filter"": 4, ""hipc_claims_known"": 0, ""hipc_dropped_peers"": [], ""hipc_max_candidate_cells"": null, ""hipc_path"": [], ""hipc_pending_snapshot"": false, ""hipc_team_size"": 12, ""hipc_trigger"": null, ""mode"": ""known_visit""}, ""goal"": null, ""last_event"": ""no_goal"", ""no_goal_since"": 25.666187191961907, ""pos"": [14, 31], ""stall_recovery_count"": 0, ""temporary_invalid_until"": {}}, ""13"": {""active_tasks"": 4, ""decision"": {""alg"": ""HIPC"", ""hipc_bad_prediction_count"": {""00"": 0, ""02"": 0, ""04"": 0, ""09"": 1, ""10"": 0, ""12"": 0}, ""hipc_bundle"": [], ""hipc_bundle_size"": 2, ""hipc_candidate_count"": 4, ""hipc_candidate_count_after_filter"": 4, ""hipc_candidate_count_before_filter"": 4, ""hipc_claims_known"": 0, ""hipc_dropped_peers"": [], ""hipc_max_candidate_cells"": null, ""hipc_path"": [], ""hipc_pending_snapshot"": false, ""hipc_team_size"": 14, ""hipc_trigger"": null, ""mode"": ""known_visit""}, ""goal"": null, ""last_event"": ""no_goal"", ""no_goal_since"": 0.04335239962551211, ""pos"": [0, 33], ""stall_recovery_count"": 0, ""temporary_invalid_until"": {}}}, ""total_targets"": 10}",
44,,HIPC,bernoulli,drop_0.25,34,1156,14,,hipc_g34_d85_bernoulli_drop_0_25,reruns\grid_density\scenarios\cv\known_visit_grid34_targets10_trials50.csv,08,,,,,,,,,,,,,,,,,,,,,,,,,,,,,,,,,,,failed,RuntimeError,"Stagnation detected in trial 44 after 2000 events without movement or target completion; diagnostics={""clock_s"": 106.15397830399641, ""completed_targets"": 9, ""event_reasons"": {""blocked_goal_backoff"": 1, ""intent_sync"": 109, ""moved"": 99, ""no_goal"": 2605, ""target_visited"": 9, ""turn"": 9}, ""events_processed"": 2832, ""robots"": {""00"": {""active_tasks"": 5, ""decision"": {""alg"": ""HIPC"", ""hipc_bad_prediction_count"": {""10"": 2, ""12"": 0}, ""hipc_bundle"": [], ""hipc_bundle_size"": 2, ""hipc_candidate_count"": 5, ""hipc_candidate_count_after_filter"": 5, ""hipc_candidate_count_before_filter"": 5, ""hipc_claims_known"": 1, ""hipc_dropped_peers"": [], ""hipc_max_candidate_cells"": null, ""hipc_path"": [], ""hipc_pending_snapshot"": false, ""hipc_team_size"": 12, ""hipc_trigger"": null, ""mode"": ""known_visit""}, ""goal"": null, ""last_event"": ""no_goal"", ""no_goal_since"": 34.626215087468545, ""pos"": [19, 1], ""stall_recovery_count"": 0, ""temporary_invalid_until"": {}}, ""01"": {""active_tasks"": 2, ""decision"": {""alg"": ""HIPC"", ""hipc_bad_prediction_count"": {""00"": 0, ""09"": 1, ""10"": 0, ""12"": 0}, ""hipc_bundle"": [], ""hipc_bundle_size"": 2, ""hipc_candidate_count"": 2, ""hipc_candidate_count_after_filter"": 2, ""hipc_candidate_count_before_filter"": 2, ""hipc_claims_known"": 0, ""hipc_dropped_peers"": [], ""hipc_max_candidate_cells"": null, ""hipc_path"": [], ""hipc_pending_snapshot"": false, ""hipc_team_size"": 13, ""hipc_trigger"": null, ""mode"": ""known_visit""}, ""goal"": null, ""last_event"": ""no_goal"", ""no_goal_since"": 7.282638545971276, ""pos"": [3, 4], ""stall_recovery_count"": 0, ""temporary_invalid_until"": {}}, ""02"": {""active_tasks"": 4, ""decision"": {""alg"": ""HIPC"", ""hipc_bad_prediction_count"": {""04"": 0, ""12"": 0}, ""hipc_bundle"": [], ""hipc_bundle_size"": 2, ""hipc_candidate_count"": 4, ""hipc_candidate_count_after_filter"": 4, ""hipc_candidate_count_before_filter"": 4, ""hipc_claims_known"": 0, ""hipc_dropped_peers"": [], ""hipc_max_candidate_cells"": null, ""hipc_path"": [], ""hipc_pending_snapshot"": false, ""hipc_team_size"": 13, ""hipc_trigger"": null, ""mode"": ""known_visit""}, ""goal"": null, ""last_event"": ""no_goal"", ""no_goal_since"": 1.7989695979144456, ""pos"": [1, 5], ""stall_recovery_count"": 0, ""temporary_invalid_until"": {}}, ""03"": {""active_tasks"": 5, ""decision"": {""alg"": ""HIPC"", ""hipc_bad_prediction_count"": {""00"": 0, ""01"": 0, ""04"": 0, ""09"": 1, ""10"": 0, ""12"": 0}, ""hipc_bundle"": [], ""hipc_bundle_size"": 2, ""hipc_candidate_count"": 5, ""hipc_candidate_count_after_filter"": 5, ""hipc_candidate_count_before_filter"": 5, ""hipc_claims_known"": 1, ""hipc_dropped_peers"": [], ""hipc_max_candidate_cells"": null, ""hipc_path"": [], ""hipc_pending_snapshot"": false, ""hipc_team_size"": 13, ""hipc_trigger"": null, ""mode"": ""known_visit""}, ""goal"": null, ""last_event"": ""no_goal"", ""no_goal_since"": 0.08699423108555816, ""pos"": [0, 8], ""stall_recovery_count"": 0, ""temporary_invalid_until"": {}}, ""04"": {""active_tasks"": 1, ""decision"": {""alg"": ""HIPC"", ""hipc_bad_prediction_count"": {""00"": 0, ""01"": 0, ""08"": 0, ""10"": 0, ""12"": 0}, ""hipc_bundle"": [], ""hipc_bundle_size"": 2, ""hipc_candidate_count"": 1, ""hipc_candidate_count_after_filter"": 1, ""hipc_candidate_count_before_filter"": 1, ""hipc_claims_known"": 0, ""hipc_dropped_peers"": [], ""hipc_max_candidate_cells"": null, ""hipc_path"": [], ""hipc_pending_snapshot"": false, ""hipc_team_size"": 13, ""hipc_trigger"": null, ""mode"": ""known_visit""}, ""goal"": null, ""last_event"": ""no_goal"", ""no_goal_since"": 31.34832699997679, ""pos"": [10, 3], ""stall_recovery_count"": 0, ""temporary_invalid_until"": {}}, ""05"": {""active_tasks"": 2, ""decision"": {""alg"": ""HIPC"", ""hipc_bad_prediction_count"": {""01"": 0, ""10"": 0, ""12"": 0}, ""hipc_bundle"": [], ""hipc_bundle_size"": 2, ""hipc_candidate_count"": 2, ""hipc_candidate_count_after_filter"": 2, ""hipc_candidate_count_before_filter"": 2, ""hipc_claims_known"": 0, ""hipc_dropped_peers"": [], ""hipc_max_candidate_cells"": null, ""hipc_path"": [], ""hipc_pending_snapshot"": false, ""hipc_team_size"": 14, ""hipc_trigger"": null, ""mode"": ""known_visit""}, ""goal"": null, ""last_event"": ""no_goal"", ""no_goal_since"": 0.08637378603767969, ""pos"": [0, 13], ""stall_recovery_count"": 0, ""temporary_invalid_until"": {}}, ""06"": {""active_tasks"": 2, ""decision"": {""alg"": ""HIPC"", ""hipc_bad_prediction_count"": {""00"": 0, ""09"": 0, ""12"": 0}, ""hipc_bundle"": [], ""hipc_bundle_size"": 2, ""hipc_candidate_count"": 2, ""hipc_candidate_count_after_filter"": 2, ""hipc_candidate_count_before_filter"": 2, ""hipc_claims_known"": 0, ""hipc_dropped_peers"": [], ""hipc_max_candidate_cells"": null, ""hipc_path"": [], ""hipc_pending_snapshot"": false, ""hipc_team_size"": 10, ""hipc_trigger"": null, ""mode"": ""known_visit""}, ""goal"": null, ""last_event"": ""no_goal"", ""no_goal_since"": 30.050797742742095, ""pos"": [16, 16], ""stall_recovery_count"": 0, ""temporary_invalid_until"": {}}, ""07"": {""active_tasks"": 3, ""decision"": {""alg"": ""HIPC"", ""hipc_bad_prediction_count"": {""00"": 0, ""10"": 1, ""12"": 0}, ""hipc_bundle"": [], ""hipc_bundle_size"": 2, ""hipc_candidate_count"": 3, ""hipc_candidate_count_after_filter"": 3, ""hipc_candidate_count_before_filter"": 3, ""hipc_claims_known"": 0, ""hipc_dropped_peers"": [], ""hipc_max_candidate_cells"": null, ""hipc_path"": [], ""hipc_pending_snapshot"": false, ""hipc_team_size"": 14, ""hipc_trigger"": null, ""mode"": ""known_visit""}, ""goal"": null, ""last_event"": ""no_goal"", ""no_goal_since"": 0.11323501328713857, ""pos"": [0, 18], ""stall_recovery_count"": 0, ""temporary_invalid_until"": {}}, ""08"": {""active_tasks"": 4, ""decision"": {""alg"": ""HIPC"", ""hipc_bad_prediction_count"": {""00"": 1, ""01"": 0, ""04"": 1, ""10"": 0, ""12"": 0}, ""hipc_bundle"": [], ""hipc_bundle_size"": 2, ""hipc_candidate_count"": 4, ""hipc_candidate_count_after_filter"": 4, ""hipc_candidate_count_before_filter"": 4, ""hipc_claims_known"": 0, ""hipc_dropped_peers"": [], ""hipc_max_candidate_cells"": null, ""hipc_path"": [], ""hipc_pending_snapshot"": false, ""hipc_team_size"": 13, ""hipc_trigger"": null, ""mode"": ""known_visit""}, ""goal"": null, ""last_event"": ""no_goal"", ""no_goal_since"": 1.8159563165941517, ""pos"": [1, 20], ""stall_recovery_count"": 0, ""temporary_invalid_until"": {}}, ""09"": {""active_tasks"": 5, ""decision"": {""alg"": ""HIPC"", ""hipc_bad_prediction_count"": {""00"": 0, ""10"": 0, ""12"": 0}, ""hipc_bundle"": [], ""hipc_bundle_size"": 2, ""hipc_candidate_count"": 5, ""hipc_candidate_count_after_filter"": 5, ""hipc_candidate_count_before_filter"": 5, ""hipc_claims_known"": 1, ""hipc_dropped_peers"": [], ""hipc_max_candidate_cells"": null, ""hipc_path"": [], ""hipc_pending_snapshot"": false, ""hipc_team_size"": 13, ""hipc_trigger"": null, ""mode"": ""known_visit""}, ""goal"": null, ""last_event"": ""no_goal"", ""no_goal_since"": 21.153978303996407, ""pos"": [12, 23], ""stall_recovery_count"": 0, ""temporary_invalid_until"": {}}, ""10"": {""active_tasks"": 6, ""decision"": {""alg"": ""HIPC"", ""hipc_bad_prediction_count"": {""04"": 1, ""12"": 0}, ""hipc_bundle"": [], ""hipc_bundle_size"": 2, ""hipc_candidate_count"": 6, ""hipc_candidate_count_after_filter"": 6, ""hipc_candidate_count_before_filter"": 6, ""hipc_claims_known"": 1, ""hipc_dropped_peers"": [], ""hipc_max_candidate_cells"": null, ""hipc_path"": [], ""hipc_pending_snapshot"": true, ""hipc_team_size"": 14, ""hipc_trigger"": null, ""mode"": ""known_visit""}, ""goal"": null, ""last_event"": ""no_goal"", ""no_goal_since"": 36.18386498025282, ""pos"": [20, 24], ""stall_recovery_count"": 0, ""temporary_invalid_until"": {}}, ""11"": {""active_tasks"": 4, ""decision"": {""alg"": ""HIPC"", ""hipc_bad_prediction_count"": {""00"": 0, ""10"": 0, ""12"": 0}, ""hipc_bundle"": [], ""hipc_bundle_size"": 2, ""hipc_candidate_count"": 4, ""hipc_candidate_count_after_filter"": 4, ""hipc_candidate_count_before_filter"": 4, ""hipc_claims_known"": 0, ""hipc_dropped_peers"": [], ""hipc_max_candidate_cells"": null, ""hipc_path"": [], ""hipc_pending_snapshot"": false, ""hipc_team_size"": 11, ""hipc_trigger"": null, ""mode"": ""known_visit""}, ""goal"": null, ""last_event"": ""no_goal"", ""no_goal_since"": 0.11961225337773668, ""pos"": [0, 28], ""stall_recovery_count"": 0, ""temporary_invalid_until"": {}}, ""12"": {""active_tasks"": 4, ""decision"": {""alg"": ""HIPC"", ""hipc_bad_prediction_count"": {""00"": 0, ""04"": 1, ""10"": 0}, ""hipc_bundle"": [], ""hipc_bundle_size"": 2, ""hipc_candidate_count"": 4, ""hipc_candidate_count_after_filter"": 4, ""hipc_candidate_count_before_filter"": 4, ""hipc_claims_known"": 0, ""hipc_dropped_peers"": [], ""hipc_max_candidate_cells"": null, ""hipc_path"": [], ""hipc_pending_snapshot"": false, ""hipc_team_size"": 12, ""hipc_trigger"": null, ""mode"": ""known_visit""}, ""goal"": null, ""last_event"": ""no_goal"", ""no_goal_since"": 25.666187191961907, ""pos"": [14, 31], ""stall_recovery_count"": 0, ""temporary_invalid_until"": {}}, ""13"": {""active_tasks"": 4, ""decision"": {""alg"": ""HIPC"", ""hipc_bad_prediction_count"": {""00"": 0, ""02"": 0, ""04"": 0, ""09"": 1, ""10"": 0, ""12"": 0}, ""hipc_bundle"": [], ""hipc_bundle_size"": 2, ""hipc_candidate_count"": 4, ""hipc_candidate_count_after_filter"": 4, ""hipc_candidate_count_before_filter"": 4, ""hipc_claims_known"": 0, ""hipc_dropped_peers"": [], ""hipc_max_candidate_cells"": null, ""hipc_path"": [], ""hipc_pending_snapshot"": false, ""hipc_team_size"": 14, ""hipc_trigger"": null, ""mode"": ""known_visit""}, ""goal"": null, ""last_event"": ""no_goal"", ""no_goal_since"": 0.04335239962551211, ""pos"": [0, 33], ""stall_recovery_count"": 0, ""temporary_invalid_until"": {}}}, ""total_targets"": 10}",
44,,HIPC,bernoulli,drop_0.25,34,1156,14,,hipc_g34_d85_bernoulli_drop_0_25,reruns\grid_density\scenarios\cv\known_visit_grid34_targets10_trials50.csv,09,,,,,,,,,,,,,,,,,,,,,,,,,,,,,,,,,,,failed,RuntimeError,"Stagnation detected in trial 44 after 2000 events without movement or target completion; diagnostics={""clock_s"": 106.15397830399641, ""completed_targets"": 9, ""event_reasons"": {""blocked_goal_backoff"": 1, ""intent_sync"": 109, ""moved"": 99, ""no_goal"": 2605, ""target_visited"": 9, ""turn"": 9}, ""events_processed"": 2832, ""robots"": {""00"": {""active_tasks"": 5, ""decision"": {""alg"": ""HIPC"", ""hipc_bad_prediction_count"": {""10"": 2, ""12"": 0}, ""hipc_bundle"": [], ""hipc_bundle_size"": 2, ""hipc_candidate_count"": 5, ""hipc_candidate_count_after_filter"": 5, ""hipc_candidate_count_before_filter"": 5, ""hipc_claims_known"": 1, ""hipc_dropped_peers"": [], ""hipc_max_candidate_cells"": null, ""hipc_path"": [], ""hipc_pending_snapshot"": false, ""hipc_team_size"": 12, ""hipc_trigger"": null, ""mode"": ""known_visit""}, ""goal"": null, ""last_event"": ""no_goal"", ""no_goal_since"": 34.626215087468545, ""pos"": [19, 1], ""stall_recovery_count"": 0, ""temporary_invalid_until"": {}}, ""01"": {""active_tasks"": 2, ""decision"": {""alg"": ""HIPC"", ""hipc_bad_prediction_count"": {""00"": 0, ""09"": 1, ""10"": 0, ""12"": 0}, ""hipc_bundle"": [], ""hipc_bundle_size"": 2, ""hipc_candidate_count"": 2, ""hipc_candidate_count_after_filter"": 2, ""hipc_candidate_count_before_filter"": 2, ""hipc_claims_known"": 0, ""hipc_dropped_peers"": [], ""hipc_max_candidate_cells"": null, ""hipc_path"": [], ""hipc_pending_snapshot"": false, ""hipc_team_size"": 13, ""hipc_trigger"": null, ""mode"": ""known_visit""}, ""goal"": null, ""last_event"": ""no_goal"", ""no_goal_since"": 7.282638545971276, ""pos"": [3, 4], ""stall_recovery_count"": 0, ""temporary_invalid_until"": {}}, ""02"": {""active_tasks"": 4, ""decision"": {""alg"": ""HIPC"", ""hipc_bad_prediction_count"": {""04"": 0, ""12"": 0}, ""hipc_bundle"": [], ""hipc_bundle_size"": 2, ""hipc_candidate_count"": 4, ""hipc_candidate_count_after_filter"": 4, ""hipc_candidate_count_before_filter"": 4, ""hipc_claims_known"": 0, ""hipc_dropped_peers"": [], ""hipc_max_candidate_cells"": null, ""hipc_path"": [], ""hipc_pending_snapshot"": false, ""hipc_team_size"": 13, ""hipc_trigger"": null, ""mode"": ""known_visit""}, ""goal"": null, ""last_event"": ""no_goal"", ""no_goal_since"": 1.7989695979144456, ""pos"": [1, 5], ""stall_recovery_count"": 0, ""temporary_invalid_until"": {}}, ""03"": {""active_tasks"": 5, ""decision"": {""alg"": ""HIPC"", ""hipc_bad_prediction_count"": {""00"": 0, ""01"": 0, ""04"": 0, ""09"": 1, ""10"": 0, ""12"": 0}, ""hipc_bundle"": [], ""hipc_bundle_size"": 2, ""hipc_candidate_count"": 5, ""hipc_candidate_count_after_filter"": 5, ""hipc_candidate_count_before_filter"": 5, ""hipc_claims_known"": 1, ""hipc_dropped_peers"": [], ""hipc_max_candidate_cells"": null, ""hipc_path"": [], ""hipc_pending_snapshot"": false, ""hipc_team_size"": 13, ""hipc_trigger"": null, ""mode"": ""known_visit""}, ""goal"": null, ""last_event"": ""no_goal"", ""no_goal_since"": 0.08699423108555816, ""pos"": [0, 8], ""stall_recovery_count"": 0, ""temporary_invalid_until"": {}}, ""04"": {""active_tasks"": 1, ""decision"": {""alg"": ""HIPC"", ""hipc_bad_prediction_count"": {""00"": 0, ""01"": 0, ""08"": 0, ""10"": 0, ""12"": 0}, ""hipc_bundle"": [], ""hipc_bundle_size"": 2, ""hipc_candidate_count"": 1, ""hipc_candidate_count_after_filter"": 1, ""hipc_candidate_count_before_filter"": 1, ""hipc_claims_known"": 0, ""hipc_dropped_peers"": [], ""hipc_max_candidate_cells"": null, ""hipc_path"": [], ""hipc_pending_snapshot"": false, ""hipc_team_size"": 13, ""hipc_trigger"": null, ""mode"": ""known_visit""}, ""goal"": null, ""last_event"": ""no_goal"", ""no_goal_since"": 31.34832699997679, ""pos"": [10, 3], ""stall_recovery_count"": 0, ""temporary_invalid_until"": {}}, ""05"": {""active_tasks"": 2, ""decision"": {""alg"": ""HIPC"", ""hipc_bad_prediction_count"": {""01"": 0, ""10"": 0, ""12"": 0}, ""hipc_bundle"": [], ""hipc_bundle_size"": 2, ""hipc_candidate_count"": 2, ""hipc_candidate_count_after_filter"": 2, ""hipc_candidate_count_before_filter"": 2, ""hipc_claims_known"": 0, ""hipc_dropped_peers"": [], ""hipc_max_candidate_cells"": null, ""hipc_path"": [], ""hipc_pending_snapshot"": false, ""hipc_team_size"": 14, ""hipc_trigger"": null, ""mode"": ""known_visit""}, ""goal"": null, ""last_event"": ""no_goal"", ""no_goal_since"": 0.08637378603767969, ""pos"": [0, 13], ""stall_recovery_count"": 0, ""temporary_invalid_until"": {}}, ""06"": {""active_tasks"": 2, ""decision"": {""alg"": ""HIPC"", ""hipc_bad_prediction_count"": {""00"": 0, ""09"": 0, ""12"": 0}, ""hipc_bundle"": [], ""hipc_bundle_size"": 2, ""hipc_candidate_count"": 2, ""hipc_candidate_count_after_filter"": 2, ""hipc_candidate_count_before_filter"": 2, ""hipc_claims_known"": 0, ""hipc_dropped_peers"": [], ""hipc_max_candidate_cells"": null, ""hipc_path"": [], ""hipc_pending_snapshot"": false, ""hipc_team_size"": 10, ""hipc_trigger"": null, ""mode"": ""known_visit""}, ""goal"": null, ""last_event"": ""no_goal"", ""no_goal_since"": 30.050797742742095, ""pos"": [16, 16], ""stall_recovery_count"": 0, ""temporary_invalid_until"": {}}, ""07"": {""active_tasks"": 3, ""decision"": {""alg"": ""HIPC"", ""hipc_bad_prediction_count"": {""00"": 0, ""10"": 1, ""12"": 0}, ""hipc_bundle"": [], ""hipc_bundle_size"": 2, ""hipc_candidate_count"": 3, ""hipc_candidate_count_after_filter"": 3, ""hipc_candidate_count_before_filter"": 3, ""hipc_claims_known"": 0, ""hipc_dropped_peers"": [], ""hipc_max_candidate_cells"": null, ""hipc_path"": [], ""hipc_pending_snapshot"": false, ""hipc_team_size"": 14, ""hipc_trigger"": null, ""mode"": ""known_visit""}, ""goal"": null, ""last_event"": ""no_goal"", ""no_goal_since"": 0.11323501328713857, ""pos"": [0, 18], ""stall_recovery_count"": 0, ""temporary_invalid_until"": {}}, ""08"": {""active_tasks"": 4, ""decision"": {""alg"": ""HIPC"", ""hipc_bad_prediction_count"": {""00"": 1, ""01"": 0, ""04"": 1, ""10"": 0, ""12"": 0}, ""hipc_bundle"": [], ""hipc_bundle_size"": 2, ""hipc_candidate_count"": 4, ""hipc_candidate_count_after_filter"": 4, ""hipc_candidate_count_before_filter"": 4, ""hipc_claims_known"": 0, ""hipc_dropped_peers"": [], ""hipc_max_candidate_cells"": null, ""hipc_path"": [], ""hipc_pending_snapshot"": false, ""hipc_team_size"": 13, ""hipc_trigger"": null, ""mode"": ""known_visit""}, ""goal"": null, ""last_event"": ""no_goal"", ""no_goal_since"": 1.8159563165941517, ""pos"": [1, 20], ""stall_recovery_count"": 0, ""temporary_invalid_until"": {}}, ""09"": {""active_tasks"": 5, ""decision"": {""alg"": ""HIPC"", ""hipc_bad_prediction_count"": {""00"": 0, ""10"": 0, ""12"": 0}, ""hipc_bundle"": [], ""hipc_bundle_size"": 2, ""hipc_candidate_count"": 5, ""hipc_candidate_count_after_filter"": 5, ""hipc_candidate_count_before_filter"": 5, ""hipc_claims_known"": 1, ""hipc_dropped_peers"": [], ""hipc_max_candidate_cells"": null, ""hipc_path"": [], ""hipc_pending_snapshot"": false, ""hipc_team_size"": 13, ""hipc_trigger"": null, ""mode"": ""known_visit""}, ""goal"": null, ""last_event"": ""no_goal"", ""no_goal_since"": 21.153978303996407, ""pos"": [12, 23], ""stall_recovery_count"": 0, ""temporary_invalid_until"": {}}, ""10"": {""active_tasks"": 6, ""decision"": {""alg"": ""HIPC"", ""hipc_bad_prediction_count"": {""04"": 1, ""12"": 0}, ""hipc_bundle"": [], ""hipc_bundle_size"": 2, ""hipc_candidate_count"": 6, ""hipc_candidate_count_after_filter"": 6, ""hipc_candidate_count_before_filter"": 6, ""hipc_claims_known"": 1, ""hipc_dropped_peers"": [], ""hipc_max_candidate_cells"": null, ""hipc_path"": [], ""hipc_pending_snapshot"": true, ""hipc_team_size"": 14, ""hipc_trigger"": null, ""mode"": ""known_visit""}, ""goal"": null, ""last_event"": ""no_goal"", ""no_goal_since"": 36.18386498025282, ""pos"": [20, 24], ""stall_recovery_count"": 0, ""temporary_invalid_until"": {}}, ""11"": {""active_tasks"": 4, ""decision"": {""alg"": ""HIPC"", ""hipc_bad_prediction_count"": {""00"": 0, ""10"": 0, ""12"": 0}, ""hipc_bundle"": [], ""hipc_bundle_size"": 2, ""hipc_candidate_count"": 4, ""hipc_candidate_count_after_filter"": 4, ""hipc_candidate_count_before_filter"": 4, ""hipc_claims_known"": 0, ""hipc_dropped_peers"": [], ""hipc_max_candidate_cells"": null, ""hipc_path"": [], ""hipc_pending_snapshot"": false, ""hipc_team_size"": 11, ""hipc_trigger"": null, ""mode"": ""known_visit""}, ""goal"": null, ""last_event"": ""no_goal"", ""no_goal_since"": 0.11961225337773668, ""pos"": [0, 28], ""stall_recovery_count"": 0, ""temporary_invalid_until"": {}}, ""12"": {""active_tasks"": 4, ""decision"": {""alg"": ""HIPC"", ""hipc_bad_prediction_count"": {""00"": 0, ""04"": 1, ""10"": 0}, ""hipc_bundle"": [], ""hipc_bundle_size"": 2, ""hipc_candidate_count"": 4, ""hipc_candidate_count_after_filter"": 4, ""hipc_candidate_count_before_filter"": 4, ""hipc_claims_known"": 0, ""hipc_dropped_peers"": [], ""hipc_max_candidate_cells"": null, ""hipc_path"": [], ""hipc_pending_snapshot"": false, ""hipc_team_size"": 12, ""hipc_trigger"": null, ""mode"": ""known_visit""}, ""goal"": null, ""last_event"": ""no_goal"", ""no_goal_since"": 25.666187191961907, ""pos"": [14, 31], ""stall_recovery_count"": 0, ""temporary_invalid_until"": {}}, ""13"": {""active_tasks"": 4, ""decision"": {""alg"": ""HIPC"", ""hipc_bad_prediction_count"": {""00"": 0, ""02"": 0, ""04"": 0, ""09"": 1, ""10"": 0, ""12"": 0}, ""hipc_bundle"": [], ""hipc_bundle_size"": 2, ""hipc_candidate_count"": 4, ""hipc_candidate_count_after_filter"": 4, ""hipc_candidate_count_before_filter"": 4, ""hipc_claims_known"": 0, ""hipc_dropped_peers"": [], ""hipc_max_candidate_cells"": null, ""hipc_path"": [], ""hipc_pending_snapshot"": false, ""hipc_team_size"": 14, ""hipc_trigger"": null, ""mode"": ""known_visit""}, ""goal"": null, ""last_event"": ""no_goal"", ""no_goal_since"": 0.04335239962551211, ""pos"": [0, 33], ""stall_recovery_count"": 0, ""temporary_invalid_until"": {}}}, ""total_targets"": 10}",
44,,HIPC,bernoulli,drop_0.25,34,1156,14,,hipc_g34_d85_bernoulli_drop_0_25,reruns\grid_density\scenarios\cv\known_visit_grid34_targets10_trials50.csv,10,,,,,,,,,,,,,,,,,,,,,,,,,,,,,,,,,,,failed,RuntimeError,"Stagnation detected in trial 44 after 2000 events without movement or target completion; diagnostics={""clock_s"": 106.15397830399641, ""completed_targets"": 9, ""event_reasons"": {""blocked_goal_backoff"": 1, ""intent_sync"": 109, ""moved"": 99, ""no_goal"": 2605, ""target_visited"": 9, ""turn"": 9}, ""events_processed"": 2832, ""robots"": {""00"": {""active_tasks"": 5, ""decision"": {""alg"": ""HIPC"", ""hipc_bad_prediction_count"": {""10"": 2, ""12"": 0}, ""hipc_bundle"": [], ""hipc_bundle_size"": 2, ""hipc_candidate_count"": 5, ""hipc_candidate_count_after_filter"": 5, ""hipc_candidate_count_before_filter"": 5, ""hipc_claims_known"": 1, ""hipc_dropped_peers"": [], ""hipc_max_candidate_cells"": null, ""hipc_path"": [], ""hipc_pending_snapshot"": false, ""hipc_team_size"": 12, ""hipc_trigger"": null, ""mode"": ""known_visit""}, ""goal"": null, ""last_event"": ""no_goal"", ""no_goal_since"": 34.626215087468545, ""pos"": [19, 1], ""stall_recovery_count"": 0, ""temporary_invalid_until"": {}}, ""01"": {""active_tasks"": 2, ""decision"": {""alg"": ""HIPC"", ""hipc_bad_prediction_count"": {""00"": 0, ""09"": 1, ""10"": 0, ""12"": 0}, ""hipc_bundle"": [], ""hipc_bundle_size"": 2, ""hipc_candidate_count"": 2, ""hipc_candidate_count_after_filter"": 2, ""hipc_candidate_count_before_filter"": 2, ""hipc_claims_known"": 0, ""hipc_dropped_peers"": [], ""hipc_max_candidate_cells"": null, ""hipc_path"": [], ""hipc_pending_snapshot"": false, ""hipc_team_size"": 13, ""hipc_trigger"": null, ""mode"": ""known_visit""}, ""goal"": null, ""last_event"": ""no_goal"", ""no_goal_since"": 7.282638545971276, ""pos"": [3, 4], ""stall_recovery_count"": 0, ""temporary_invalid_until"": {}}, ""02"": {""active_tasks"": 4, ""decision"": {""alg"": ""HIPC"", ""hipc_bad_prediction_count"": {""04"": 0, ""12"": 0}, ""hipc_bundle"": [], ""hipc_bundle_size"": 2, ""hipc_candidate_count"": 4, ""hipc_candidate_count_after_filter"": 4, ""hipc_candidate_count_before_filter"": 4, ""hipc_claims_known"": 0, ""hipc_dropped_peers"": [], ""hipc_max_candidate_cells"": null, ""hipc_path"": [], ""hipc_pending_snapshot"": false, ""hipc_team_size"": 13, ""hipc_trigger"": null, ""mode"": ""known_visit""}, ""goal"": null, ""last_event"": ""no_goal"", ""no_goal_since"": 1.7989695979144456, ""pos"": [1, 5], ""stall_recovery_count"": 0, ""temporary_invalid_until"": {}}, ""03"": {""active_tasks"": 5, ""decision"": {""alg"": ""HIPC"", ""hipc_bad_prediction_count"": {""00"": 0, ""01"": 0, ""04"": 0, ""09"": 1, ""10"": 0, ""12"": 0}, ""hipc_bundle"": [], ""hipc_bundle_size"": 2, ""hipc_candidate_count"": 5, ""hipc_candidate_count_after_filter"": 5, ""hipc_candidate_count_before_filter"": 5, ""hipc_claims_known"": 1, ""hipc_dropped_peers"": [], ""hipc_max_candidate_cells"": null, ""hipc_path"": [], ""hipc_pending_snapshot"": false, ""hipc_team_size"": 13, ""hipc_trigger"": null, ""mode"": ""known_visit""}, ""goal"": null, ""last_event"": ""no_goal"", ""no_goal_since"": 0.08699423108555816, ""pos"": [0, 8], ""stall_recovery_count"": 0, ""temporary_invalid_until"": {}}, ""04"": {""active_tasks"": 1, ""decision"": {""alg"": ""HIPC"", ""hipc_bad_prediction_count"": {""00"": 0, ""01"": 0, ""08"": 0, ""10"": 0, ""12"": 0}, ""hipc_bundle"": [], ""hipc_bundle_size"": 2, ""hipc_candidate_count"": 1, ""hipc_candidate_count_after_filter"": 1, ""hipc_candidate_count_before_filter"": 1, ""hipc_claims_known"": 0, ""hipc_dropped_peers"": [], ""hipc_max_candidate_cells"": null, ""hipc_path"": [], ""hipc_pending_snapshot"": false, ""hipc_team_size"": 13, ""hipc_trigger"": null, ""mode"": ""known_visit""}, ""goal"": null, ""last_event"": ""no_goal"", ""no_goal_since"": 31.34832699997679, ""pos"": [10, 3], ""stall_recovery_count"": 0, ""temporary_invalid_until"": {}}, ""05"": {""active_tasks"": 2, ""decision"": {""alg"": ""HIPC"", ""hipc_bad_prediction_count"": {""01"": 0, ""10"": 0, ""12"": 0}, ""hipc_bundle"": [], ""hipc_bundle_size"": 2, ""hipc_candidate_count"": 2, ""hipc_candidate_count_after_filter"": 2, ""hipc_candidate_count_before_filter"": 2, ""hipc_claims_known"": 0, ""hipc_dropped_peers"": [], ""hipc_max_candidate_cells"": null, ""hipc_path"": [], ""hipc_pending_snapshot"": false, ""hipc_team_size"": 14, ""hipc_trigger"": null, ""mode"": ""known_visit""}, ""goal"": null, ""last_event"": ""no_goal"", ""no_goal_since"": 0.08637378603767969, ""pos"": [0, 13], ""stall_recovery_count"": 0, ""temporary_invalid_until"": {}}, ""06"": {""active_tasks"": 2, ""decision"": {""alg"": ""HIPC"", ""hipc_bad_prediction_count"": {""00"": 0, ""09"": 0, ""12"": 0}, ""hipc_bundle"": [], ""hipc_bundle_size"": 2, ""hipc_candidate_count"": 2, ""hipc_candidate_count_after_filter"": 2, ""hipc_candidate_count_before_filter"": 2, ""hipc_claims_known"": 0, ""hipc_dropped_peers"": [], ""hipc_max_candidate_cells"": null, ""hipc_path"": [], ""hipc_pending_snapshot"": false, ""hipc_team_size"": 10, ""hipc_trigger"": null, ""mode"": ""known_visit""}, ""goal"": null, ""last_event"": ""no_goal"", ""no_goal_since"": 30.050797742742095, ""pos"": [16, 16], ""stall_recovery_count"": 0, ""temporary_invalid_until"": {}}, ""07"": {""active_tasks"": 3, ""decision"": {""alg"": ""HIPC"", ""hipc_bad_prediction_count"": {""00"": 0, ""10"": 1, ""12"": 0}, ""hipc_bundle"": [], ""hipc_bundle_size"": 2, ""hipc_candidate_count"": 3, ""hipc_candidate_count_after_filter"": 3, ""hipc_candidate_count_before_filter"": 3, ""hipc_claims_known"": 0, ""hipc_dropped_peers"": [], ""hipc_max_candidate_cells"": null, ""hipc_path"": [], ""hipc_pending_snapshot"": false, ""hipc_team_size"": 14, ""hipc_trigger"": null, ""mode"": ""known_visit""}, ""goal"": null, ""last_event"": ""no_goal"", ""no_goal_since"": 0.11323501328713857, ""pos"": [0, 18], ""stall_recovery_count"": 0, ""temporary_invalid_until"": {}}, ""08"": {""active_tasks"": 4, ""decision"": {""alg"": ""HIPC"", ""hipc_bad_prediction_count"": {""00"": 1, ""01"": 0, ""04"": 1, ""10"": 0, ""12"": 0}, ""hipc_bundle"": [], ""hipc_bundle_size"": 2, ""hipc_candidate_count"": 4, ""hipc_candidate_count_after_filter"": 4, ""hipc_candidate_count_before_filter"": 4, ""hipc_claims_known"": 0, ""hipc_dropped_peers"": [], ""hipc_max_candidate_cells"": null, ""hipc_path"": [], ""hipc_pending_snapshot"": false, ""hipc_team_size"": 13, ""hipc_trigger"": null, ""mode"": ""known_visit""}, ""goal"": null, ""last_event"": ""no_goal"", ""no_goal_since"": 1.8159563165941517, ""pos"": [1, 20], ""stall_recovery_count"": 0, ""temporary_invalid_until"": {}}, ""09"": {""active_tasks"": 5, ""decision"": {""alg"": ""HIPC"", ""hipc_bad_prediction_count"": {""00"": 0, ""10"": 0, ""12"": 0}, ""hipc_bundle"": [], ""hipc_bundle_size"": 2, ""hipc_candidate_count"": 5, ""hipc_candidate_count_after_filter"": 5, ""hipc_candidate_count_before_filter"": 5, ""hipc_claims_known"": 1, ""hipc_dropped_peers"": [], ""hipc_max_candidate_cells"": null, ""hipc_path"": [], ""hipc_pending_snapshot"": false, ""hipc_team_size"": 13, ""hipc_trigger"": null, ""mode"": ""known_visit""}, ""goal"": null, ""last_event"": ""no_goal"", ""no_goal_since"": 21.153978303996407, ""pos"": [12, 23], ""stall_recovery_count"": 0, ""temporary_invalid_until"": {}}, ""10"": {""active_tasks"": 6, ""decision"": {""alg"": ""HIPC"", ""hipc_bad_prediction_count"": {""04"": 1, ""12"": 0}, ""hipc_bundle"": [], ""hipc_bundle_size"": 2, ""hipc_candidate_count"": 6, ""hipc_candidate_count_after_filter"": 6, ""hipc_candidate_count_before_filter"": 6, ""hipc_claims_known"": 1, ""hipc_dropped_peers"": [], ""hipc_max_candidate_cells"": null, ""hipc_path"": [], ""hipc_pending_snapshot"": true, ""hipc_team_size"": 14, ""hipc_trigger"": null, ""mode"": ""known_visit""}, ""goal"": null, ""last_event"": ""no_goal"", ""no_goal_since"": 36.18386498025282, ""pos"": [20, 24], ""stall_recovery_count"": 0, ""temporary_invalid_until"": {}}, ""11"": {""active_tasks"": 4, ""decision"": {""alg"": ""HIPC"", ""hipc_bad_prediction_count"": {""00"": 0, ""10"": 0, ""12"": 0}, ""hipc_bundle"": [], ""hipc_bundle_size"": 2, ""hipc_candidate_count"": 4, ""hipc_candidate_count_after_filter"": 4, ""hipc_candidate_count_before_filter"": 4, ""hipc_claims_known"": 0, ""hipc_dropped_peers"": [], ""hipc_max_candidate_cells"": null, ""hipc_path"": [], ""hipc_pending_snapshot"": false, ""hipc_team_size"": 11, ""hipc_trigger"": null, ""mode"": ""known_visit""}, ""goal"": null, ""last_event"": ""no_goal"", ""no_goal_since"": 0.11961225337773668, ""pos"": [0, 28], ""stall_recovery_count"": 0, ""temporary_invalid_until"": {}}, ""12"": {""active_tasks"": 4, ""decision"": {""alg"": ""HIPC"", ""hipc_bad_prediction_count"": {""00"": 0, ""04"": 1, ""10"": 0}, ""hipc_bundle"": [], ""hipc_bundle_size"": 2, ""hipc_candidate_count"": 4, ""hipc_candidate_count_after_filter"": 4, ""hipc_candidate_count_before_filter"": 4, ""hipc_claims_known"": 0, ""hipc_dropped_peers"": [], ""hipc_max_candidate_cells"": null, ""hipc_path"": [], ""hipc_pending_snapshot"": false, ""hipc_team_size"": 12, ""hipc_trigger"": null, ""mode"": ""known_visit""}, ""goal"": null, ""last_event"": ""no_goal"", ""no_goal_since"": 25.666187191961907, ""pos"": [14, 31], ""stall_recovery_count"": 0, ""temporary_invalid_until"": {}}, ""13"": {""active_tasks"": 4, ""decision"": {""alg"": ""HIPC"", ""hipc_bad_prediction_count"": {""00"": 0, ""02"": 0, ""04"": 0, ""09"": 1, ""10"": 0, ""12"": 0}, ""hipc_bundle"": [], ""hipc_bundle_size"": 2, ""hipc_candidate_count"": 4, ""hipc_candidate_count_after_filter"": 4, ""hipc_candidate_count_before_filter"": 4, ""hipc_claims_known"": 0, ""hipc_dropped_peers"": [], ""hipc_max_candidate_cells"": null, ""hipc_path"": [], ""hipc_pending_snapshot"": false, ""hipc_team_size"": 14, ""hipc_trigger"": null, ""mode"": ""known_visit""}, ""goal"": null, ""last_event"": ""no_goal"", ""no_goal_since"": 0.04335239962551211, ""pos"": [0, 33], ""stall_recovery_count"": 0, ""temporary_invalid_until"": {}}}, ""total_targets"": 10}",
44,,HIPC,bernoulli,drop_0.25,34,1156,14,,hipc_g34_d85_bernoulli_drop_0_25,reruns\grid_density\scenarios\cv\known_visit_grid34_targets10_trials50.csv,11,,,,,,,,,,,,,,,,,,,,,,,,,,,,,,,,,,,failed,RuntimeError,"Stagnation detected in trial 44 after 2000 events without movement or target completion; diagnostics={""clock_s"": 106.15397830399641, ""completed_targets"": 9, ""event_reasons"": {""blocked_goal_backoff"": 1, ""intent_sync"": 109, ""moved"": 99, ""no_goal"": 2605, ""target_visited"": 9, ""turn"": 9}, ""events_processed"": 2832, ""robots"": {""00"": {""active_tasks"": 5, ""decision"": {""alg"": ""HIPC"", ""hipc_bad_prediction_count"": {""10"": 2, ""12"": 0}, ""hipc_bundle"": [], ""hipc_bundle_size"": 2, ""hipc_candidate_count"": 5, ""hipc_candidate_count_after_filter"": 5, ""hipc_candidate_count_before_filter"": 5, ""hipc_claims_known"": 1, ""hipc_dropped_peers"": [], ""hipc_max_candidate_cells"": null, ""hipc_path"": [], ""hipc_pending_snapshot"": false, ""hipc_team_size"": 12, ""hipc_trigger"": null, ""mode"": ""known_visit""}, ""goal"": null, ""last_event"": ""no_goal"", ""no_goal_since"": 34.626215087468545, ""pos"": [19, 1], ""stall_recovery_count"": 0, ""temporary_invalid_until"": {}}, ""01"": {""active_tasks"": 2, ""decision"": {""alg"": ""HIPC"", ""hipc_bad_prediction_count"": {""00"": 0, ""09"": 1, ""10"": 0, ""12"": 0}, ""hipc_bundle"": [], ""hipc_bundle_size"": 2, ""hipc_candidate_count"": 2, ""hipc_candidate_count_after_filter"": 2, ""hipc_candidate_count_before_filter"": 2, ""hipc_claims_known"": 0, ""hipc_dropped_peers"": [], ""hipc_max_candidate_cells"": null, ""hipc_path"": [], ""hipc_pending_snapshot"": false, ""hipc_team_size"": 13, ""hipc_trigger"": null, ""mode"": ""known_visit""}, ""goal"": null, ""last_event"": ""no_goal"", ""no_goal_since"": 7.282638545971276, ""pos"": [3, 4], ""stall_recovery_count"": 0, ""temporary_invalid_until"": {}}, ""02"": {""active_tasks"": 4, ""decision"": {""alg"": ""HIPC"", ""hipc_bad_prediction_count"": {""04"": 0, ""12"": 0}, ""hipc_bundle"": [], ""hipc_bundle_size"": 2, ""hipc_candidate_count"": 4, ""hipc_candidate_count_after_filter"": 4, ""hipc_candidate_count_before_filter"": 4, ""hipc_claims_known"": 0, ""hipc_dropped_peers"": [], ""hipc_max_candidate_cells"": null, ""hipc_path"": [], ""hipc_pending_snapshot"": false, ""hipc_team_size"": 13, ""hipc_trigger"": null, ""mode"": ""known_visit""}, ""goal"": null, ""last_event"": ""no_goal"", ""no_goal_since"": 1.7989695979144456, ""pos"": [1, 5], ""stall_recovery_count"": 0, ""temporary_invalid_until"": {}}, ""03"": {""active_tasks"": 5, ""decision"": {""alg"": ""HIPC"", ""hipc_bad_prediction_count"": {""00"": 0, ""01"": 0, ""04"": 0, ""09"": 1, ""10"": 0, ""12"": 0}, ""hipc_bundle"": [], ""hipc_bundle_size"": 2, ""hipc_candidate_count"": 5, ""hipc_candidate_count_after_filter"": 5, ""hipc_candidate_count_before_filter"": 5, ""hipc_claims_known"": 1, ""hipc_dropped_peers"": [], ""hipc_max_candidate_cells"": null, ""hipc_path"": [], ""hipc_pending_snapshot"": false, ""hipc_team_size"": 13, ""hipc_trigger"": null, ""mode"": ""known_visit""}, ""goal"": null, ""last_event"": ""no_goal"", ""no_goal_since"": 0.08699423108555816, ""pos"": [0, 8], ""stall_recovery_count"": 0, ""temporary_invalid_until"": {}}, ""04"": {""active_tasks"": 1, ""decision"": {""alg"": ""HIPC"", ""hipc_bad_prediction_count"": {""00"": 0, ""01"": 0, ""08"": 0, ""10"": 0, ""12"": 0}, ""hipc_bundle"": [], ""hipc_bundle_size"": 2, ""hipc_candidate_count"": 1, ""hipc_candidate_count_after_filter"": 1, ""hipc_candidate_count_before_filter"": 1, ""hipc_claims_known"": 0, ""hipc_dropped_peers"": [], ""hipc_max_candidate_cells"": null, ""hipc_path"": [], ""hipc_pending_snapshot"": false, ""hipc_team_size"": 13, ""hipc_trigger"": null, ""mode"": ""known_visit""}, ""goal"": null, ""last_event"": ""no_goal"", ""no_goal_since"": 31.34832699997679, ""pos"": [10, 3], ""stall_recovery_count"": 0, ""temporary_invalid_until"": {}}, ""05"": {""active_tasks"": 2, ""decision"": {""alg"": ""HIPC"", ""hipc_bad_prediction_count"": {""01"": 0, ""10"": 0, ""12"": 0}, ""hipc_bundle"": [], ""hipc_bundle_size"": 2, ""hipc_candidate_count"": 2, ""hipc_candidate_count_after_filter"": 2, ""hipc_candidate_count_before_filter"": 2, ""hipc_claims_known"": 0, ""hipc_dropped_peers"": [], ""hipc_max_candidate_cells"": null, ""hipc_path"": [], ""hipc_pending_snapshot"": false, ""hipc_team_size"": 14, ""hipc_trigger"": null, ""mode"": ""known_visit""}, ""goal"": null, ""last_event"": ""no_goal"", ""no_goal_since"": 0.08637378603767969, ""pos"": [0, 13], ""stall_recovery_count"": 0, ""temporary_invalid_until"": {}}, ""06"": {""active_tasks"": 2, ""decision"": {""alg"": ""HIPC"", ""hipc_bad_prediction_count"": {""00"": 0, ""09"": 0, ""12"": 0}, ""hipc_bundle"": [], ""hipc_bundle_size"": 2, ""hipc_candidate_count"": 2, ""hipc_candidate_count_after_filter"": 2, ""hipc_candidate_count_before_filter"": 2, ""hipc_claims_known"": 0, ""hipc_dropped_peers"": [], ""hipc_max_candidate_cells"": null, ""hipc_path"": [], ""hipc_pending_snapshot"": false, ""hipc_team_size"": 10, ""hipc_trigger"": null, ""mode"": ""known_visit""}, ""goal"": null, ""last_event"": ""no_goal"", ""no_goal_since"": 30.050797742742095, ""pos"": [16, 16], ""stall_recovery_count"": 0, ""temporary_invalid_until"": {}}, ""07"": {""active_tasks"": 3, ""decision"": {""alg"": ""HIPC"", ""hipc_bad_prediction_count"": {""00"": 0, ""10"": 1, ""12"": 0}, ""hipc_bundle"": [], ""hipc_bundle_size"": 2, ""hipc_candidate_count"": 3, ""hipc_candidate_count_after_filter"": 3, ""hipc_candidate_count_before_filter"": 3, ""hipc_claims_known"": 0, ""hipc_dropped_peers"": [], ""hipc_max_candidate_cells"": null, ""hipc_path"": [], ""hipc_pending_snapshot"": false, ""hipc_team_size"": 14, ""hipc_trigger"": null, ""mode"": ""known_visit""}, ""goal"": null, ""last_event"": ""no_goal"", ""no_goal_since"": 0.11323501328713857, ""pos"": [0, 18], ""stall_recovery_count"": 0, ""temporary_invalid_until"": {}}, ""08"": {""active_tasks"": 4, ""decision"": {""alg"": ""HIPC"", ""hipc_bad_prediction_count"": {""00"": 1, ""01"": 0, ""04"": 1, ""10"": 0, ""12"": 0}, ""hipc_bundle"": [], ""hipc_bundle_size"": 2, ""hipc_candidate_count"": 4, ""hipc_candidate_count_after_filter"": 4, ""hipc_candidate_count_before_filter"": 4, ""hipc_claims_known"": 0, ""hipc_dropped_peers"": [], ""hipc_max_candidate_cells"": null, ""hipc_path"": [], ""hipc_pending_snapshot"": false, ""hipc_team_size"": 13, ""hipc_trigger"": null, ""mode"": ""known_visit""}, ""goal"": null, ""last_event"": ""no_goal"", ""no_goal_since"": 1.8159563165941517, ""pos"": [1, 20], ""stall_recovery_count"": 0, ""temporary_invalid_until"": {}}, ""09"": {""active_tasks"": 5, ""decision"": {""alg"": ""HIPC"", ""hipc_bad_prediction_count"": {""00"": 0, ""10"": 0, ""12"": 0}, ""hipc_bundle"": [], ""hipc_bundle_size"": 2, ""hipc_candidate_count"": 5, ""hipc_candidate_count_after_filter"": 5, ""hipc_candidate_count_before_filter"": 5, ""hipc_claims_known"": 1, ""hipc_dropped_peers"": [], ""hipc_max_candidate_cells"": null, ""hipc_path"": [], ""hipc_pending_snapshot"": false, ""hipc_team_size"": 13, ""hipc_trigger"": null, ""mode"": ""known_visit""}, ""goal"": null, ""last_event"": ""no_goal"", ""no_goal_since"": 21.153978303996407, ""pos"": [12, 23], ""stall_recovery_count"": 0, ""temporary_invalid_until"": {}}, ""10"": {""active_tasks"": 6, ""decision"": {""alg"": ""HIPC"", ""hipc_bad_prediction_count"": {""04"": 1, ""12"": 0}, ""hipc_bundle"": [], ""hipc_bundle_size"": 2, ""hipc_candidate_count"": 6, ""hipc_candidate_count_after_filter"": 6, ""hipc_candidate_count_before_filter"": 6, ""hipc_claims_known"": 1, ""hipc_dropped_peers"": [], ""hipc_max_candidate_cells"": null, ""hipc_path"": [], ""hipc_pending_snapshot"": true, ""hipc_team_size"": 14, ""hipc_trigger"": null, ""mode"": ""known_visit""}, ""goal"": null, ""last_event"": ""no_goal"", ""no_goal_since"": 36.18386498025282, ""pos"": [20, 24], ""stall_recovery_count"": 0, ""temporary_invalid_until"": {}}, ""11"": {""active_tasks"": 4, ""decision"": {""alg"": ""HIPC"", ""hipc_bad_prediction_count"": {""00"": 0, ""10"": 0, ""12"": 0}, ""hipc_bundle"": [], ""hipc_bundle_size"": 2, ""hipc_candidate_count"": 4, ""hipc_candidate_count_after_filter"": 4, ""hipc_candidate_count_before_filter"": 4, ""hipc_claims_known"": 0, ""hipc_dropped_peers"": [], ""hipc_max_candidate_cells"": null, ""hipc_path"": [], ""hipc_pending_snapshot"": false, ""hipc_team_size"": 11, ""hipc_trigger"": null, ""mode"": ""known_visit""}, ""goal"": null, ""last_event"": ""no_goal"", ""no_goal_since"": 0.11961225337773668, ""pos"": [0, 28], ""stall_recovery_count"": 0, ""temporary_invalid_until"": {}}, ""12"": {""active_tasks"": 4, ""decision"": {""alg"": ""HIPC"", ""hipc_bad_prediction_count"": {""00"": 0, ""04"": 1, ""10"": 0}, ""hipc_bundle"": [], ""hipc_bundle_size"": 2, ""hipc_candidate_count"": 4, ""hipc_candidate_count_after_filter"": 4, ""hipc_candidate_count_before_filter"": 4, ""hipc_claims_known"": 0, ""hipc_dropped_peers"": [], ""hipc_max_candidate_cells"": null, ""hipc_path"": [], ""hipc_pending_snapshot"": false, ""hipc_team_size"": 12, ""hipc_trigger"": null, ""mode"": ""known_visit""}, ""goal"": null, ""last_event"": ""no_goal"", ""no_goal_since"": 25.666187191961907, ""pos"": [14, 31], ""stall_recovery_count"": 0, ""temporary_invalid_until"": {}}, ""13"": {""active_tasks"": 4, ""decision"": {""alg"": ""HIPC"", ""hipc_bad_prediction_count"": {""00"": 0, ""02"": 0, ""04"": 0, ""09"": 1, ""10"": 0, ""12"": 0}, ""hipc_bundle"": [], ""hipc_bundle_size"": 2, ""hipc_candidate_count"": 4, ""hipc_candidate_count_after_filter"": 4, ""hipc_candidate_count_before_filter"": 4, ""hipc_claims_known"": 0, ""hipc_dropped_peers"": [], ""hipc_max_candidate_cells"": null, ""hipc_path"": [], ""hipc_pending_snapshot"": false, ""hipc_team_size"": 14, ""hipc_trigger"": null, ""mode"": ""known_visit""}, ""goal"": null, ""last_event"": ""no_goal"", ""no_goal_since"": 0.04335239962551211, ""pos"": [0, 33], ""stall_recovery_count"": 0, ""temporary_invalid_until"": {}}}, ""total_targets"": 10}",
44,,HIPC,bernoulli,drop_0.25,34,1156,14,,hipc_g34_d85_bernoulli_drop_0_25,reruns\grid_density\scenarios\cv\known_visit_grid34_targets10_trials50.csv,12,,,,,,,,,,,,,,,,,,,,,,,,,,,,,,,,,,,failed,RuntimeError,"Stagnation detected in trial 44 after 2000 events without movement or target completion; diagnostics={""clock_s"": 106.15397830399641, ""completed_targets"": 9, ""event_reasons"": {""blocked_goal_backoff"": 1, ""intent_sync"": 109, ""moved"": 99, ""no_goal"": 2605, ""target_visited"": 9, ""turn"": 9}, ""events_processed"": 2832, ""robots"": {""00"": {""active_tasks"": 5, ""decision"": {""alg"": ""HIPC"", ""hipc_bad_prediction_count"": {""10"": 2, ""12"": 0}, ""hipc_bundle"": [], ""hipc_bundle_size"": 2, ""hipc_candidate_count"": 5, ""hipc_candidate_count_after_filter"": 5, ""hipc_candidate_count_before_filter"": 5, ""hipc_claims_known"": 1, ""hipc_dropped_peers"": [], ""hipc_max_candidate_cells"": null, ""hipc_path"": [], ""hipc_pending_snapshot"": false, ""hipc_team_size"": 12, ""hipc_trigger"": null, ""mode"": ""known_visit""}, ""goal"": null, ""last_event"": ""no_goal"", ""no_goal_since"": 34.626215087468545, ""pos"": [19, 1], ""stall_recovery_count"": 0, ""temporary_invalid_until"": {}}, ""01"": {""active_tasks"": 2, ""decision"": {""alg"": ""HIPC"", ""hipc_bad_prediction_count"": {""00"": 0, ""09"": 1, ""10"": 0, ""12"": 0}, ""hipc_bundle"": [], ""hipc_bundle_size"": 2, ""hipc_candidate_count"": 2, ""hipc_candidate_count_after_filter"": 2, ""hipc_candidate_count_before_filter"": 2, ""hipc_claims_known"": 0, ""hipc_dropped_peers"": [], ""hipc_max_candidate_cells"": null, ""hipc_path"": [], ""hipc_pending_snapshot"": false, ""hipc_team_size"": 13, ""hipc_trigger"": null, ""mode"": ""known_visit""}, ""goal"": null, ""last_event"": ""no_goal"", ""no_goal_since"": 7.282638545971276, ""pos"": [3, 4], ""stall_recovery_count"": 0, ""temporary_invalid_until"": {}}, ""02"": {""active_tasks"": 4, ""decision"": {""alg"": ""HIPC"", ""hipc_bad_prediction_count"": {""04"": 0, ""12"": 0}, ""hipc_bundle"": [], ""hipc_bundle_size"": 2, ""hipc_candidate_count"": 4, ""hipc_candidate_count_after_filter"": 4, ""hipc_candidate_count_before_filter"": 4, ""hipc_claims_known"": 0, ""hipc_dropped_peers"": [], ""hipc_max_candidate_cells"": null, ""hipc_path"": [], ""hipc_pending_snapshot"": false, ""hipc_team_size"": 13, ""hipc_trigger"": null, ""mode"": ""known_visit""}, ""goal"": null, ""last_event"": ""no_goal"", ""no_goal_since"": 1.7989695979144456, ""pos"": [1, 5], ""stall_recovery_count"": 0, ""temporary_invalid_until"": {}}, ""03"": {""active_tasks"": 5, ""decision"": {""alg"": ""HIPC"", ""hipc_bad_prediction_count"": {""00"": 0, ""01"": 0, ""04"": 0, ""09"": 1, ""10"": 0, ""12"": 0}, ""hipc_bundle"": [], ""hipc_bundle_size"": 2, ""hipc_candidate_count"": 5, ""hipc_candidate_count_after_filter"": 5, ""hipc_candidate_count_before_filter"": 5, ""hipc_claims_known"": 1, ""hipc_dropped_peers"": [], ""hipc_max_candidate_cells"": null, ""hipc_path"": [], ""hipc_pending_snapshot"": false, ""hipc_team_size"": 13, ""hipc_trigger"": null, ""mode"": ""known_visit""}, ""goal"": null, ""last_event"": ""no_goal"", ""no_goal_since"": 0.08699423108555816, ""pos"": [0, 8], ""stall_recovery_count"": 0, ""temporary_invalid_until"": {}}, ""04"": {""active_tasks"": 1, ""decision"": {""alg"": ""HIPC"", ""hipc_bad_prediction_count"": {""00"": 0, ""01"": 0, ""08"": 0, ""10"": 0, ""12"": 0}, ""hipc_bundle"": [], ""hipc_bundle_size"": 2, ""hipc_candidate_count"": 1, ""hipc_candidate_count_after_filter"": 1, ""hipc_candidate_count_before_filter"": 1, ""hipc_claims_known"": 0, ""hipc_dropped_peers"": [], ""hipc_max_candidate_cells"": null, ""hipc_path"": [], ""hipc_pending_snapshot"": false, ""hipc_team_size"": 13, ""hipc_trigger"": null, ""mode"": ""known_visit""}, ""goal"": null, ""last_event"": ""no_goal"", ""no_goal_since"": 31.34832699997679, ""pos"": [10, 3], ""stall_recovery_count"": 0, ""temporary_invalid_until"": {}}, ""05"": {""active_tasks"": 2, ""decision"": {""alg"": ""HIPC"", ""hipc_bad_prediction_count"": {""01"": 0, ""10"": 0, ""12"": 0}, ""hipc_bundle"": [], ""hipc_bundle_size"": 2, ""hipc_candidate_count"": 2, ""hipc_candidate_count_after_filter"": 2, ""hipc_candidate_count_before_filter"": 2, ""hipc_claims_known"": 0, ""hipc_dropped_peers"": [], ""hipc_max_candidate_cells"": null, ""hipc_path"": [], ""hipc_pending_snapshot"": false, ""hipc_team_size"": 14, ""hipc_trigger"": null, ""mode"": ""known_visit""}, ""goal"": null, ""last_event"": ""no_goal"", ""no_goal_since"": 0.08637378603767969, ""pos"": [0, 13], ""stall_recovery_count"": 0, ""temporary_invalid_until"": {}}, ""06"": {""active_tasks"": 2, ""decision"": {""alg"": ""HIPC"", ""hipc_bad_prediction_count"": {""00"": 0, ""09"": 0, ""12"": 0}, ""hipc_bundle"": [], ""hipc_bundle_size"": 2, ""hipc_candidate_count"": 2, ""hipc_candidate_count_after_filter"": 2, ""hipc_candidate_count_before_filter"": 2, ""hipc_claims_known"": 0, ""hipc_dropped_peers"": [], ""hipc_max_candidate_cells"": null, ""hipc_path"": [], ""hipc_pending_snapshot"": false, ""hipc_team_size"": 10, ""hipc_trigger"": null, ""mode"": ""known_visit""}, ""goal"": null, ""last_event"": ""no_goal"", ""no_goal_since"": 30.050797742742095, ""pos"": [16, 16], ""stall_recovery_count"": 0, ""temporary_invalid_until"": {}}, ""07"": {""active_tasks"": 3, ""decision"": {""alg"": ""HIPC"", ""hipc_bad_prediction_count"": {""00"": 0, ""10"": 1, ""12"": 0}, ""hipc_bundle"": [], ""hipc_bundle_size"": 2, ""hipc_candidate_count"": 3, ""hipc_candidate_count_after_filter"": 3, ""hipc_candidate_count_before_filter"": 3, ""hipc_claims_known"": 0, ""hipc_dropped_peers"": [], ""hipc_max_candidate_cells"": null, ""hipc_path"": [], ""hipc_pending_snapshot"": false, ""hipc_team_size"": 14, ""hipc_trigger"": null, ""mode"": ""known_visit""}, ""goal"": null, ""last_event"": ""no_goal"", ""no_goal_since"": 0.11323501328713857, ""pos"": [0, 18], ""stall_recovery_count"": 0, ""temporary_invalid_until"": {}}, ""08"": {""active_tasks"": 4, ""decision"": {""alg"": ""HIPC"", ""hipc_bad_prediction_count"": {""00"": 1, ""01"": 0, ""04"": 1, ""10"": 0, ""12"": 0}, ""hipc_bundle"": [], ""hipc_bundle_size"": 2, ""hipc_candidate_count"": 4, ""hipc_candidate_count_after_filter"": 4, ""hipc_candidate_count_before_filter"": 4, ""hipc_claims_known"": 0, ""hipc_dropped_peers"": [], ""hipc_max_candidate_cells"": null, ""hipc_path"": [], ""hipc_pending_snapshot"": false, ""hipc_team_size"": 13, ""hipc_trigger"": null, ""mode"": ""known_visit""}, ""goal"": null, ""last_event"": ""no_goal"", ""no_goal_since"": 1.8159563165941517, ""pos"": [1, 20], ""stall_recovery_count"": 0, ""temporary_invalid_until"": {}}, ""09"": {""active_tasks"": 5, ""decision"": {""alg"": ""HIPC"", ""hipc_bad_prediction_count"": {""00"": 0, ""10"": 0, ""12"": 0}, ""hipc_bundle"": [], ""hipc_bundle_size"": 2, ""hipc_candidate_count"": 5, ""hipc_candidate_count_after_filter"": 5, ""hipc_candidate_count_before_filter"": 5, ""hipc_claims_known"": 1, ""hipc_dropped_peers"": [], ""hipc_max_candidate_cells"": null, ""hipc_path"": [], ""hipc_pending_snapshot"": false, ""hipc_team_size"": 13, ""hipc_trigger"": null, ""mode"": ""known_visit""}, ""goal"": null, ""last_event"": ""no_goal"", ""no_goal_since"": 21.153978303996407, ""pos"": [12, 23], ""stall_recovery_count"": 0, ""temporary_invalid_until"": {}}, ""10"": {""active_tasks"": 6, ""decision"": {""alg"": ""HIPC"", ""hipc_bad_prediction_count"": {""04"": 1, ""12"": 0}, ""hipc_bundle"": [], ""hipc_bundle_size"": 2, ""hipc_candidate_count"": 6, ""hipc_candidate_count_after_filter"": 6, ""hipc_candidate_count_before_filter"": 6, ""hipc_claims_known"": 1, ""hipc_dropped_peers"": [], ""hipc_max_candidate_cells"": null, ""hipc_path"": [], ""hipc_pending_snapshot"": true, ""hipc_team_size"": 14, ""hipc_trigger"": null, ""mode"": ""known_visit""}, ""goal"": null, ""last_event"": ""no_goal"", ""no_goal_since"": 36.18386498025282, ""pos"": [20, 24], ""stall_recovery_count"": 0, ""temporary_invalid_until"": {}}, ""11"": {""active_tasks"": 4, ""decision"": {""alg"": ""HIPC"", ""hipc_bad_prediction_count"": {""00"": 0, ""10"": 0, ""12"": 0}, ""hipc_bundle"": [], ""hipc_bundle_size"": 2, ""hipc_candidate_count"": 4, ""hipc_candidate_count_after_filter"": 4, ""hipc_candidate_count_before_filter"": 4, ""hipc_claims_known"": 0, ""hipc_dropped_peers"": [], ""hipc_max_candidate_cells"": null, ""hipc_path"": [], ""hipc_pending_snapshot"": false, ""hipc_team_size"": 11, ""hipc_trigger"": null, ""mode"": ""known_visit""}, ""goal"": null, ""last_event"": ""no_goal"", ""no_goal_since"": 0.11961225337773668, ""pos"": [0, 28], ""stall_recovery_count"": 0, ""temporary_invalid_until"": {}}, ""12"": {""active_tasks"": 4, ""decision"": {""alg"": ""HIPC"", ""hipc_bad_prediction_count"": {""00"": 0, ""04"": 1, ""10"": 0}, ""hipc_bundle"": [], ""hipc_bundle_size"": 2, ""hipc_candidate_count"": 4, ""hipc_candidate_count_after_filter"": 4, ""hipc_candidate_count_before_filter"": 4, ""hipc_claims_known"": 0, ""hipc_dropped_peers"": [], ""hipc_max_candidate_cells"": null, ""hipc_path"": [], ""hipc_pending_snapshot"": false, ""hipc_team_size"": 12, ""hipc_trigger"": null, ""mode"": ""known_visit""}, ""goal"": null, ""last_event"": ""no_goal"", ""no_goal_since"": 25.666187191961907, ""pos"": [14, 31], ""stall_recovery_count"": 0, ""temporary_invalid_until"": {}}, ""13"": {""active_tasks"": 4, ""decision"": {""alg"": ""HIPC"", ""hipc_bad_prediction_count"": {""00"": 0, ""02"": 0, ""04"": 0, ""09"": 1, ""10"": 0, ""12"": 0}, ""hipc_bundle"": [], ""hipc_bundle_size"": 2, ""hipc_candidate_count"": 4, ""hipc_candidate_count_after_filter"": 4, ""hipc_candidate_count_before_filter"": 4, ""hipc_claims_known"": 0, ""hipc_dropped_peers"": [], ""hipc_max_candidate_cells"": null, ""hipc_path"": [], ""hipc_pending_snapshot"": false, ""hipc_team_size"": 14, ""hipc_trigger"": null, ""mode"": ""known_visit""}, ""goal"": null, ""last_event"": ""no_goal"", ""no_goal_since"": 0.04335239962551211, ""pos"": [0, 33], ""stall_recovery_count"": 0, ""temporary_invalid_until"": {}}}, ""total_targets"": 10}",
44,,HIPC,bernoulli,drop_0.25,34,1156,14,,hipc_g34_d85_bernoulli_drop_0_25,reruns\grid_density\scenarios\cv\known_visit_grid34_targets10_trials50.csv,13,,,,,,,,,,,,,,,,,,,,,,,,,,,,,,,,,,,failed,RuntimeError,"Stagnation detected in trial 44 after 2000 events without movement or target completion; diagnostics={""clock_s"": 106.15397830399641, ""completed_targets"": 9, ""event_reasons"": {""blocked_goal_backoff"": 1, ""intent_sync"": 109, ""moved"": 99, ""no_goal"": 2605, ""target_visited"": 9, ""turn"": 9}, ""events_processed"": 2832, ""robots"": {""00"": {""active_tasks"": 5, ""decision"": {""alg"": ""HIPC"", ""hipc_bad_prediction_count"": {""10"": 2, ""12"": 0}, ""hipc_bundle"": [], ""hipc_bundle_size"": 2, ""hipc_candidate_count"": 5, ""hipc_candidate_count_after_filter"": 5, ""hipc_candidate_count_before_filter"": 5, ""hipc_claims_known"": 1, ""hipc_dropped_peers"": [], ""hipc_max_candidate_cells"": null, ""hipc_path"": [], ""hipc_pending_snapshot"": false, ""hipc_team_size"": 12, ""hipc_trigger"": null, ""mode"": ""known_visit""}, ""goal"": null, ""last_event"": ""no_goal"", ""no_goal_since"": 34.626215087468545, ""pos"": [19, 1], ""stall_recovery_count"": 0, ""temporary_invalid_until"": {}}, ""01"": {""active_tasks"": 2, ""decision"": {""alg"": ""HIPC"", ""hipc_bad_prediction_count"": {""00"": 0, ""09"": 1, ""10"": 0, ""12"": 0}, ""hipc_bundle"": [], ""hipc_bundle_size"": 2, ""hipc_candidate_count"": 2, ""hipc_candidate_count_after_filter"": 2, ""hipc_candidate_count_before_filter"": 2, ""hipc_claims_known"": 0, ""hipc_dropped_peers"": [], ""hipc_max_candidate_cells"": null, ""hipc_path"": [], ""hipc_pending_snapshot"": false, ""hipc_team_size"": 13, ""hipc_trigger"": null, ""mode"": ""known_visit""}, ""goal"": null, ""last_event"": ""no_goal"", ""no_goal_since"": 7.282638545971276, ""pos"": [3, 4], ""stall_recovery_count"": 0, ""temporary_invalid_until"": {}}, ""02"": {""active_tasks"": 4, ""decision"": {""alg"": ""HIPC"", ""hipc_bad_prediction_count"": {""04"": 0, ""12"": 0}, ""hipc_bundle"": [], ""hipc_bundle_size"": 2, ""hipc_candidate_count"": 4, ""hipc_candidate_count_after_filter"": 4, ""hipc_candidate_count_before_filter"": 4, ""hipc_claims_known"": 0, ""hipc_dropped_peers"": [], ""hipc_max_candidate_cells"": null, ""hipc_path"": [], ""hipc_pending_snapshot"": false, ""hipc_team_size"": 13, ""hipc_trigger"": null, ""mode"": ""known_visit""}, ""goal"": null, ""last_event"": ""no_goal"", ""no_goal_since"": 1.7989695979144456, ""pos"": [1, 5], ""stall_recovery_count"": 0, ""temporary_invalid_until"": {}}, ""03"": {""active_tasks"": 5, ""decision"": {""alg"": ""HIPC"", ""hipc_bad_prediction_count"": {""00"": 0, ""01"": 0, ""04"": 0, ""09"": 1, ""10"": 0, ""12"": 0}, ""hipc_bundle"": [], ""hipc_bundle_size"": 2, ""hipc_candidate_count"": 5, ""hipc_candidate_count_after_filter"": 5, ""hipc_candidate_count_before_filter"": 5, ""hipc_claims_known"": 1, ""hipc_dropped_peers"": [], ""hipc_max_candidate_cells"": null, ""hipc_path"": [], ""hipc_pending_snapshot"": false, ""hipc_team_size"": 13, ""hipc_trigger"": null, ""mode"": ""known_visit""}, ""goal"": null, ""last_event"": ""no_goal"", ""no_goal_since"": 0.08699423108555816, ""pos"": [0, 8], ""stall_recovery_count"": 0, ""temporary_invalid_until"": {}}, ""04"": {""active_tasks"": 1, ""decision"": {""alg"": ""HIPC"", ""hipc_bad_prediction_count"": {""00"": 0, ""01"": 0, ""08"": 0, ""10"": 0, ""12"": 0}, ""hipc_bundle"": [], ""hipc_bundle_size"": 2, ""hipc_candidate_count"": 1, ""hipc_candidate_count_after_filter"": 1, ""hipc_candidate_count_before_filter"": 1, ""hipc_claims_known"": 0, ""hipc_dropped_peers"": [], ""hipc_max_candidate_cells"": null, ""hipc_path"": [], ""hipc_pending_snapshot"": false, ""hipc_team_size"": 13, ""hipc_trigger"": null, ""mode"": ""known_visit""}, ""goal"": null, ""last_event"": ""no_goal"", ""no_goal_since"": 31.34832699997679, ""pos"": [10, 3], ""stall_recovery_count"": 0, ""temporary_invalid_until"": {}}, ""05"": {""active_tasks"": 2, ""decision"": {""alg"": ""HIPC"", ""hipc_bad_prediction_count"": {""01"": 0, ""10"": 0, ""12"": 0}, ""hipc_bundle"": [], ""hipc_bundle_size"": 2, ""hipc_candidate_count"": 2, ""hipc_candidate_count_after_filter"": 2, ""hipc_candidate_count_before_filter"": 2, ""hipc_claims_known"": 0, ""hipc_dropped_peers"": [], ""hipc_max_candidate_cells"": null, ""hipc_path"": [], ""hipc_pending_snapshot"": false, ""hipc_team_size"": 14, ""hipc_trigger"": null, ""mode"": ""known_visit""}, ""goal"": null, ""last_event"": ""no_goal"", ""no_goal_since"": 0.08637378603767969, ""pos"": [0, 13], ""stall_recovery_count"": 0, ""temporary_invalid_until"": {}}, ""06"": {""active_tasks"": 2, ""decision"": {""alg"": ""HIPC"", ""hipc_bad_prediction_count"": {""00"": 0, ""09"": 0, ""12"": 0}, ""hipc_bundle"": [], ""hipc_bundle_size"": 2, ""hipc_candidate_count"": 2, ""hipc_candidate_count_after_filter"": 2, ""hipc_candidate_count_before_filter"": 2, ""hipc_claims_known"": 0, ""hipc_dropped_peers"": [], ""hipc_max_candidate_cells"": null, ""hipc_path"": [], ""hipc_pending_snapshot"": false, ""hipc_team_size"": 10, ""hipc_trigger"": null, ""mode"": ""known_visit""}, ""goal"": null, ""last_event"": ""no_goal"", ""no_goal_since"": 30.050797742742095, ""pos"": [16, 16], ""stall_recovery_count"": 0, ""temporary_invalid_until"": {}}, ""07"": {""active_tasks"": 3, ""decision"": {""alg"": ""HIPC"", ""hipc_bad_prediction_count"": {""00"": 0, ""10"": 1, ""12"": 0}, ""hipc_bundle"": [], ""hipc_bundle_size"": 2, ""hipc_candidate_count"": 3, ""hipc_candidate_count_after_filter"": 3, ""hipc_candidate_count_before_filter"": 3, ""hipc_claims_known"": 0, ""hipc_dropped_peers"": [], ""hipc_max_candidate_cells"": null, ""hipc_path"": [], ""hipc_pending_snapshot"": false, ""hipc_team_size"": 14, ""hipc_trigger"": null, ""mode"": ""known_visit""}, ""goal"": null, ""last_event"": ""no_goal"", ""no_goal_since"": 0.11323501328713857, ""pos"": [0, 18], ""stall_recovery_count"": 0, ""temporary_invalid_until"": {}}, ""08"": {""active_tasks"": 4, ""decision"": {""alg"": ""HIPC"", ""hipc_bad_prediction_count"": {""00"": 1, ""01"": 0, ""04"": 1, ""10"": 0, ""12"": 0}, ""hipc_bundle"": [], ""hipc_bundle_size"": 2, ""hipc_candidate_count"": 4, ""hipc_candidate_count_after_filter"": 4, ""hipc_candidate_count_before_filter"": 4, ""hipc_claims_known"": 0, ""hipc_dropped_peers"": [], ""hipc_max_candidate_cells"": null, ""hipc_path"": [], ""hipc_pending_snapshot"": false, ""hipc_team_size"": 13, ""hipc_trigger"": null, ""mode"": ""known_visit""}, ""goal"": null, ""last_event"": ""no_goal"", ""no_goal_since"": 1.8159563165941517, ""pos"": [1, 20], ""stall_recovery_count"": 0, ""temporary_invalid_until"": {}}, ""09"": {""active_tasks"": 5, ""decision"": {""alg"": ""HIPC"", ""hipc_bad_prediction_count"": {""00"": 0, ""10"": 0, ""12"": 0}, ""hipc_bundle"": [], ""hipc_bundle_size"": 2, ""hipc_candidate_count"": 5, ""hipc_candidate_count_after_filter"": 5, ""hipc_candidate_count_before_filter"": 5, ""hipc_claims_known"": 1, ""hipc_dropped_peers"": [], ""hipc_max_candidate_cells"": null, ""hipc_path"": [], ""hipc_pending_snapshot"": false, ""hipc_team_size"": 13, ""hipc_trigger"": null, ""mode"": ""known_visit""}, ""goal"": null, ""last_event"": ""no_goal"", ""no_goal_since"": 21.153978303996407, ""pos"": [12, 23], ""stall_recovery_count"": 0, ""temporary_invalid_until"": {}}, ""10"": {""active_tasks"": 6, ""decision"": {""alg"": ""HIPC"", ""hipc_bad_prediction_count"": {""04"": 1, ""12"": 0}, ""hipc_bundle"": [], ""hipc_bundle_size"": 2, ""hipc_candidate_count"": 6, ""hipc_candidate_count_after_filter"": 6, ""hipc_candidate_count_before_filter"": 6, ""hipc_claims_known"": 1, ""hipc_dropped_peers"": [], ""hipc_max_candidate_cells"": null, ""hipc_path"": [], ""hipc_pending_snapshot"": true, ""hipc_team_size"": 14, ""hipc_trigger"": null, ""mode"": ""known_visit""}, ""goal"": null, ""last_event"": ""no_goal"", ""no_goal_since"": 36.18386498025282, ""pos"": [20, 24], ""stall_recovery_count"": 0, ""temporary_invalid_until"": {}}, ""11"": {""active_tasks"": 4, ""decision"": {""alg"": ""HIPC"", ""hipc_bad_prediction_count"": {""00"": 0, ""10"": 0, ""12"": 0}, ""hipc_bundle"": [], ""hipc_bundle_size"": 2, ""hipc_candidate_count"": 4, ""hipc_candidate_count_after_filter"": 4, ""hipc_candidate_count_before_filter"": 4, ""hipc_claims_known"": 0, ""hipc_dropped_peers"": [], ""hipc_max_candidate_cells"": null, ""hipc_path"": [], ""hipc_pending_snapshot"": false, ""hipc_team_size"": 11, ""hipc_trigger"": null, ""mode"": ""known_visit""}, ""goal"": null, ""last_event"": ""no_goal"", ""no_goal_since"": 0.11961225337773668, ""pos"": [0, 28], ""stall_recovery_count"": 0, ""temporary_invalid_until"": {}}, ""12"": {""active_tasks"": 4, ""decision"": {""alg"": ""HIPC"", ""hipc_bad_prediction_count"": {""00"": 0, ""04"": 1, ""10"": 0}, ""hipc_bundle"": [], ""hipc_bundle_size"": 2, ""hipc_candidate_count"": 4, ""hipc_candidate_count_after_filter"": 4, ""hipc_candidate_count_before_filter"": 4, ""hipc_claims_known"": 0, ""hipc_dropped_peers"": [], ""hipc_max_candidate_cells"": null, ""hipc_path"": [], ""hipc_pending_snapshot"": false, ""hipc_team_size"": 12, ""hipc_trigger"": null, ""mode"": ""known_visit""}, ""goal"": null, ""last_event"": ""no_goal"", ""no_goal_since"": 25.666187191961907, ""pos"": [14, 31], ""stall_recovery_count"": 0, ""temporary_invalid_until"": {}}, ""13"": {""active_tasks"": 4, ""decision"": {""alg"": ""HIPC"", ""hipc_bad_prediction_count"": {""00"": 0, ""02"": 0, ""04"": 0, ""09"": 1, ""10"": 0, ""12"": 0}, ""hipc_bundle"": [], ""hipc_bundle_size"": 2, ""hipc_candidate_count"": 4, ""hipc_candidate_count_after_filter"": 4, ""hipc_candidate_count_before_filter"": 4, ""hipc_claims_known"": 0, ""hipc_dropped_peers"": [], ""hipc_max_candidate_cells"": null, ""hipc_path"": [], ""hipc_pending_snapshot"": false, ""hipc_team_size"": 14, ""hipc_trigger"": null, ""mode"": ""known_visit""}, ""goal"": null, ""last_event"": ""no_goal"", ""no_goal_since"": 0.04335239962551211, ""pos"": [0, 33], ""stall_recovery_count"": 0, ""temporary_invalid_until"": {}}}, ""total_targets"": 10}",
45,known_visit,HIPC,bernoulli,drop_0.25,34,1156,14,10,hipc_g34_d85_bernoulli_drop_0_25,reruns\grid_density\scenarios\cv\known_visit_grid34_targets10_trials50.csv,00,14,0,1,14,1,1,0,0,0,0.0,0,0,40,32,8,260,37,73,121.9064,1.669950684931507,0.978,4.9827,6.1632,78.1618,1.0707095890410958,0.4507,4.2453,5.4291,73,43.7446,0.599241095890411,0.5968,0.7436,0.7701,completed,,,
45,known_visit,HIPC,bernoulli,drop_0.25,34,1156,14,10,hipc_g34_d85_bernoulli_drop_0_25,reruns\grid_density\scenarios\cv\known_visit_grid34_targets10_trials50.csv,01,23,2,0,24,0,1,5,2,2,10.0,1,0,68,52,16,229,41,45,69.8355,1.5518999999999998,1.1688,3.7921,5.418,42.7258,0.9494622222222222,0.5312,3.1203,4.6678,45,27.1097,0.6024377777777777,0.614,0.7164,0.7502,completed,,,
45,known_visit,HIPC,bernoulli,drop_0.25,34,1156,14,10,hipc_g34_d85_bernoulli_drop_0_25,reruns\grid_density\scenarios\cv\known_visit_grid34_targets10_trials50.csv,02,27,3,0,27,1,2,0,0,0,0.0,0,0,68,56,12,224,46,35,72.5965,2.0741857142857145,1.7964,3.4213,5.0757,49.7564,1.4216114285714285,1.1032,2.7091,4.3068,35,22.8401,0.6525742857142857,0.6141,0.7689,0.7982,completed,,,
45,known_visit,HIPC,bernoulli,drop_0.25,34,1156,14,10,hipc_g34_d85_bernoulli_drop_0_25,reruns\grid_density\scenarios\cv\known_visit_grid34_targets10_trials50.csv,03,0,0,0,1,0,0,0,0,0,0.0,0,0,1,1,0,288,48,118,223.5862,1.8947983050847457,1.1485,6.0778,6.3632,150.924,1.2790169491525425,0.5131,5.3661,5.6364,118,72.6622,0.6157813559322034,0.61155,0.752,0.8398,completed,,,
45,known_visit,HIPC,bernoulli,drop_0.25,34,1156,14,10,hipc_g34_d85_bernoulli_drop_0_25,reruns\grid_density\scenarios\cv\known_visit_grid34_targets10_trials50.csv,04,1,0,0,2,0,0,0,0,0,0.0,0,0,7,4,3,279,51,115,248.4696,2.1606052173913044,1.4557,6.1666,6.7926,178.0271,1.5480617391304348,0.8612,5.2613,6.0577,115,70.4425,0.6125434782608695,0.6115,0.7768,0.9053,completed,,,
45,known_visit,HIPC,bernoulli,drop_0.25,34,1156,14,10,hipc_g34_d85_bernoulli_drop_0_25,reruns\grid_density\scenarios\cv\known_visit_grid34_targets10_trials50.csv,05,0,0,0,1,0,0,0,0,0,0.0,0,0,1,1,0,284,52,118,507.6971,4.302517796610169,3.74715,6.4648,7.0776,427.4973,3.622858474576271,3.11515,5.6774,6.2489,118,80.1998,0.6796593220338982,0.712,0.8238,0.8983,completed,,,
45,known_visit,HIPC,bernoulli,drop_0.25,34,1156,14,10,hipc_g34_d85_bernoulli_drop_0_25,reruns\grid_density\scenarios\cv\known_visit_grid34_targets10_trials50.csv,06,3,0,0,4,0,1,0,0,0,0.0,0,0,14,9,5,279,44,109,249.6334,2.2902146788990825,2.0851,4.2649,5.7383,179.9338,1.6507688073394495,1.4952,3.4891,5.0281,109,69.6996,0.6394458715596331,0.6329,0.7884,0.8355,completed,,,
45,known_visit,HIPC,bernoulli,drop_0.25,34,1156,14,10,hipc_g34_d85_bernoulli_drop_0_25,reruns\grid_density\scenarios\cv\known_visit_grid34_targets10_trials50.csv,07,4,1,0,5,0,0,0,0,0,0.0,0,0,12,10,2,273,52,105,255.8261,2.4364390476190474,1.9274,4.4657,5.1753,188.9349,1.79938,1.3174,3.7102,4.411,105,66.8912,0.6370590476190476,0.6233,0.7789,0.9257,completed,,,
45,known_visit,HIPC,bernoulli,drop_0.25,34,1156,14,10,hipc_g34_d85_bernoulli_drop_0_25,reruns\grid_density\scenarios\cv\known_visit_grid34_targets10_trials50.csv,08,3,0,0,4,0,1,0,0,0,0.0,0,0,14,8,6,275,48,109,250.2801,2.2961477064220186,2.1067,4.2317,4.9982,180.2336,1.6535192660550457,1.5188,3.4613,4.2495,109,70.0465,0.6426284403669724,0.6391,0.7671,0.7975,completed,,,
45,known_visit,HIPC,bernoulli,drop_0.25,34,1156,14,10,hipc_g34_d85_bernoulli_drop_0_25,reruns\grid_density\scenarios\cv\known_visit_grid34_targets10_trials50.csv,09,11,1,0,12,0,1,0,0,0,0.0,0,0,30,24,6,259,48,82,112.476,1.3716585365853657,1.15285,2.4248,3.6377,61.6068,0.7513024390243902,0.5221,1.8114,2.882,82,50.8692,0.6203560975609757,0.6158,0.7313,0.9323,completed,,,
45,known_visit,HIPC,bernoulli,drop_0.25,34,1156,14,10,hipc_g34_d85_bernoulli_drop_0_25,reruns\grid_density\scenarios\cv\known_visit_grid34_targets10_trials50.csv,10,0,0,0,1,0,0,0,0,0,0.0,0,0,1,1,0,284,52,118,235.1158,1.992506779661017,1.3783500000000002,5.7084,5.8578,162.2176,1.3747254237288136,0.75525,4.9885,5.123,118,72.8982,0.6177813559322034,0.60955,0.7553,0.7817,completed,,,
45,known_visit,HIPC,bernoulli,drop_0.25,34,1156,14,10,hipc_g34_d85_bernoulli_drop_0_25,reruns\grid_density\scenarios\cv\known_visit_grid34_targets10_trials50.csv,11,27,3,0,28,0,1,0,0,0,0.0,0,0,66,57,9,217,54,32,46.1201,1.441253125,0.91965,4.9048,5.8601,26.6405,0.832515625,0.28635,4.1352,5.0763,32,19.4796,0.6087375,0.6111500000000001,0.7696,0.7838,completed,,,
45,known_visit,HIPC,bernoulli,drop_0.25,34,1156,14,10,hipc_g34_d85_bernoulli_drop_0_25,reruns\grid_density\scenarios\cv\known_visit_grid34_targets10_trials50.csv,12,2,0,0,3,0,0,0,0,0,0.0,0,0,9,6,3,278,50,112,183.3814,1.6373339285714288,1.2612,3.7378,5.7921,114.7512,1.0245642857142856,0.71285,3.0098,5.0586,112,68.6302,0.6127696428571429,0.61215,0.752,1.3988,completed,,,
45,known_visit,HIPC,bernoulli,drop_0.25,34,1156,14,10,hipc_g34_d85_bernoulli_drop_0_25,reruns\grid_density\scenarios\cv\known_visit_grid34_targets10_trials50.csv,13,1,0,0,2,0,0,0,0,0,0.0,0,0,7,4,3,276,55,115,241.1132,2.0966365217391303,1.4696,5.1838,7.075,169.2994,1.4721686956521738,0.8117,4.4269,6.2686,115,71.8138,0.6244678260869565,0.6189,0.7665,0.8313,completed,,,
46,known_visit,HIPC,bernoulli,drop_0.25,34,1156,14,10,hipc_g34_d85_bernoulli_drop_0_25,reruns\grid_density\scenarios\cv\known_visit_grid34_targets10_trials50.csv,00,25,0,0,26,0,1,0,0,0,0.0,0,1,59,52,7,549,94,244,571.5781,2.342533196721311,1.4928,5.1914,6.6039,419.1232,1.7177180327868853,0.8328500000000001,4.4059,5.8412,244,152.4549,0.6248151639344263,0.6273,0.7717,0.8461,completed,,,
46,known_visit,HIPC,bernoulli,drop_0.25,34,1156,14,10,hipc_g34_d85_bernoulli_drop_0_25,reruns\grid_density\scenarios\cv\known_visit_grid34_targets10_trials50.csv,01,34,3,0,35,0,1,0,0,0,0.0,0,0,78,70,8,536,89,213,242.9935,1.1408145539906105,1.1062,1.2877,4.381,119.0457,0.5589,0.496,0.5893,3.7496,213,123.9478,0.5819145539906103,0.6053,0.6822,0.7591,completed,,,
46,known_visit,HIPC,bernoulli,drop_0.25,34,1156,14,10,hipc_g34_d85_bernoulli_drop_0_25,reruns\grid_density\scenarios\cv\known_visit_grid34_targets10_trials50.csv,02,24,0,0,23,2,1,0,0,0,0.0,0,1,59,50,9,552,90,244,586.1189,2.4021266393442624,1.21115,6.0799,7.1082,436.389,1.7884795081967213,0.567,5.3753,6.2924,244,149.7299,0.6136471311475409,0.6158,0.7544,0.9084,completed,,,
46,known_visit,HIPC,bernoulli,drop_0.25,34,1156,14,10,hipc_g34_d85_bernoulli_drop_0_25,reruns\grid_density\scenarios\cv\known_visit_grid34_targets10_trials50.csv,03,43,1,2,34,10,3,0,0,0,0.0,0,0,97,88,9,525,80,184,152.8425,0.8306657608695652,0.7334499999999999,0.8584,6.5062,50.5103,0.2745125,0.16160000000000002,0.1891,5.7481,184,102.3322,0.5561532608695652,0.5709,0.6527,0.7611,completed,,,
46,known_visit,HIPC,bernoulli,drop_0.25,34,1156,14,10,hipc_g34_d85_bernoulli_drop_0_25,reruns\grid_density\scenarios\cv\known_visit_grid34_targets10_trials50.csv,04,25,0,1,22,4,1,0,0,0,0.0,0,1,61,52,9,547,93,245,822.1176,3.355582040816327,2.5744,5.6782,6.0082,660.0879,2.6942363265306124,1.8352,4.9563,5.2133,245,162.0297,0.6613457142857142,0.6706,0.7845,0.8867,completed,,,
46,known_visit,HIPC,bernoulli,drop_0.25,34,1156,14,10,hipc_g34_d85_bernoulli_drop_0_25,reruns\grid_density\scenarios\cv\known_visit_grid34_targets10_trials50.csv,05,30,2,0,31,0,0,0,0,0,0.0,0,0,66,62,4,548,87,224,238.5107,1.0647799107142857,1.03545,1.5211,3.888,108.5675,0.48467633928571424,0.4283,0.9283,3.245,224,129.9432,0.5801035714285714,0.6003000000000001,0.669,0.8663,completed,,,
46,known_visit,HIPC,bernoulli,drop_0.25,34,1156,14,10,hipc_g34_d85_bernoulli_drop_0_25,reruns\grid_density\scenarios\cv\known_visit_grid34_targets10_trials50.csv,06,25,0,0,24,2,1,0,0,0,0.0,0,1,58,52,6,560,84,244,481.8231,1.9746848360655738,1.4629500000000002,4.6699,6.3945,334.2179,1.3697454918032785,0.84045,3.9997,5.6298,244,147.6052,0.6049393442622951,0.6153,0.7471,0.8088,completed,,,
46,known_visit,HIPC,bernoulli,drop_0.25,34,1156,14,10,hipc_g34_d85_bernoulli_drop_0_25,reruns\grid_density\scenarios\cv\known_visit_grid34_targets10_trials50.csv,07,25,0,0,25,1,0,0,0,0,0.0,0,1,53,51,2,575,75,242,511.4439,2.1134045454545456,0.9259,5.1712,6.3532,364.86469999999997,1.5077053719008264,0.30979999999999996,4.4955,5.6236,242,146.57920000000001,0.605699173553719,0.60155,0.7674,0.9113,completed,,,
46,known_visit,HIPC,bernoulli,drop_0.25,34,1156,14,10,hipc_g34_d85_bernoulli_drop_0_25,reruns\grid_density\scenarios\cv\known_visit_grid34_targets10_trials50.csv,08,1,0,0,2,0,0,0,0,0,0.0,0,1,6,4,2,602,94,322,490.0717,1.521961801242236,0.7328,5.05,6.5049,306.053,0.9504751552795031,0.1583,4.2845,5.674,322,184.0187,0.5714866459627329,0.5757,0.7608,0.8856,completed,,,
46,known_visit,HIPC,bernoulli,drop_0.25,34,1156,14,10,hipc_g34_d85_bernoulli_drop_0_25,reruns\grid_density\scenarios\cv\known_visit_grid34_targets10_trials50.csv,09,24,2,0,25,0,0,0,0,0,0.0,0,1,57,50,7,553,91,245,299.6076,1.2228881632653061,0.887,2.8122,5.1588,157.4078,0.6424808163265306,0.2874,2.1905,4.399,245,142.1998,0.5804073469387756,0.592,0.7072,0.8261,completed,,,
46,known_visit,HIPC,bernoulli,drop_0.25,34,1156,14,10,hipc_g34_d85_bernoulli_drop_0_25,reruns\grid_density\scenarios\cv\known_visit_grid34_targets10_trials50.csv,10,1,0,0,2,0,0,0,0,0,0.0,0,1,6,4,2,587,108,322,479.4888,1.4890956521739132,0.72915,4.9614,6.0176,294.18,0.9136024844720497,0.1492,4.1553,5.3015,322,185.3088,0.5754931677018633,0.57685,0.7623,0.8797,completed,,,
46,known_visit,HIPC,bernoulli,drop_0.25,34,1156,14,10,hipc_g34_d85_bernoulli_drop_0_25,reruns\grid_density\scenarios\cv\known_visit_grid34_targets10_trials50.csv,11,2,0,0,3,0,0,0,0,0,0.0,0,1,12,7,5,601,88,319,471.8916,1.4792840125391848,0.7291,5.1559,6.5587,289.8025,0.9084717868338559,0.1556,4.4111,5.7286,319,182.0891,0.5708122257053292,0.5752,0.7562,0.855,completed,,,
46,known_visit,HIPC,bernoulli,drop_0.25,34,1156,14,10,hipc_g34_d85_bernoulli_drop_0_25,reruns\grid_density\scenarios\cv\known_visit_grid34_targets10_trials50.csv,12,13,0,1,13,1,0,0,0,0,0.0,0,1,32,28,4,582,88,280,621.4356,2.2194128571428573,1.4205999999999999,5.8674,6.666,449.3686,1.604887857142857,0.78525,5.1609,5.909,280,172.067,0.614525,0.61745,0.757,1.0132,completed,,,
46,known_visit,HIPC,bernoulli,drop_0.25,34,1156,14,10,hipc_g34_d85_bernoulli_drop_0_25,reruns\grid_density\scenarios\cv\known_visit_grid34_targets10_trials50.csv,13,25,2,0,26,0,0,0,0,0,0.0,0,1,59,52,7,550,93,244,352.7452,1.445677049180328,0.9158999999999999,4.1749,4.7157,211.2857,0.865925,0.314,3.5536,3.97,244,141.4595,0.5797520491803279,0.5909,0.7196,0.842,completed,,,
47,known_visit,HIPC,bernoulli,drop_0.25,34,1156,14,10,hipc_g34_d85_bernoulli_drop_0_25,reruns\grid_density\scenarios\cv\known_visit_grid34_targets10_trials50.csv,00,5,0,2,3,3,0,3,1,1,5.0,1,1,20,13,7,334,61,262,497.013,1.8969961832061069,1.371,4.3334,5.3216,332.7974,1.2702190839694656,0.71065,3.5765,4.5706,262,164.2156,0.6267770992366412,0.64815,0.7552,0.8739,completed,,,
47,known_visit,HIPC,bernoulli,drop_0.25,34,1156,14,10,hipc_g34_d85_bernoulli_drop_0_25,reruns\grid_density\scenarios\cv\known_visit_grid34_targets10_trials50.csv,01,9,2,0,9,1,0,0,0,0,0.0,0,1,29,21,8,340,46,249,272.1109,1.0928148594377511,0.8797,2.1956,4.36,127.5173,0.512117670682731,0.2756,1.4936,3.5939,249,144.5936,0.5806971887550201,0.6018,0.7229,0.85,completed,,,
47,known_visit,HIPC,bernoulli,drop_0.25,34,1156,14,10,hipc_g34_d85_bernoulli_drop_0_25,reruns\grid_density\scenarios\cv\known_visit_grid34_targets10_trials50.csv,02,1,0,0,2,0,0,0,0,0,0.0,0,1,7,4,3,347,61,275,537.6766,1.9551876363636365,1.7593,4.1341,5.1784,360.507,1.3109345454545456,1.0588,3.3978,4.397,275,177.1696,0.6442530909090909,0.6807,0.7814,0.891,completed,,,
47,known_visit,HIPC,bernoulli,drop_0.25,34,1156,14,10,hipc_g34_d85_bernoulli_drop_0_25,reruns\grid_density\scenarios\cv\known_visit_grid34_targets10_trials50.csv,03,11,0,0,12,0,0,0,0,0,0.0,0,1,25,23,2,326,64,242,393.5397,1.6261971074380164,1.37825,3.2808,5.1124,241.4165,0.9975888429752067,0.7268,2.6403,4.3826,242,152.1232,0.6286082644628099,0.6478,0.7498,0.8735,completed,,,
47,known_visit,HIPC,bernoulli,drop_0.25,34,1156,14,10,hipc_g34_d85_bernoulli_drop_0_25,reruns\grid_density\scenarios\cv\known_visit_grid34_targets10_trials50.csv,04,11,0,1,10,2,0,0,0,0,0.0,0,1,26,23,3,335,54,243,396.782,1.6328477366255143,1.2289,3.5653,5.6488,248.6045,1.0230637860082306,0.5375,2.9466,4.9085,243,148.1775,0.609783950617284,0.6311,0.7462,0.9287,completed,,,
47,known_visit,HIPC,bernoulli,drop_0.25,34,1156,14,10,hipc_g34_d85_bernoulli_drop_0_25,reruns\grid_density\scenarios\cv\known_visit_grid34_targets10_trials50.csv,05,15,1,0,16,0,0,2,1,1,5.0,1,0,42,33,9,312,61,231,222.8675,0.9647943722943724,0.881,1.3884,3.7199,92.4233,0.4001008658008658,0.2841,0.7495,2.9825,231,130.4442,0.5646935064935065,0.5964,0.694,0.7479,completed,,,
47,known_visit,HIPC,bernoulli,drop_0.25,34,1156,14,10,hipc_g34_d85_bernoulli_drop_0_25,reruns\grid_density\scenarios\cv\known_visit_grid34_targets10_trials50.csv,06,27,3,0,28,0,1,0,0,0,0.0,0,0,67,56,11,297,52,195,307.8269,1.5785994871794873,1.4065,2.6049,5.1095,187.6703,0.9624117948717948,0.7602,1.8387,4.3574,195,120.1566,0.6161876923076923,0.643,0.7429,0.8888,completed,,,
47,known_visit,HIPC,bernoulli,drop_0.25,34,1156,14,10,hipc_g34_d85_bernoulli_drop_0_25,reruns\grid_density\scenarios\cv\known_visit_grid34_targets10_trials50.csv,07,11,0,0,12,0,1,0,0,0,0.0,0,1,27,23,4,340,48,244,522.7405,2.1423790983606557,1.7021,4.6181,5.3104,367.9154,1.50785,0.9747,3.8794,4.5851,244,154.8251,0.6345290983606557,0.6515,0.7541,0.9248,completed,,,
47,known_visit,HIPC,bernoulli,drop_0.25,34,1156,14,10,hipc_g34_d85_bernoulli_drop_0_25,reruns\grid_density\scenarios\cv\known_visit_grid34_targets10_trials50.csv,08,14,1,0,15,0,0,0,0,0,0.0,0,0,35,30,5,310,71,231,182.7766,0.7912406926406926,0.7312,1.0976,4.5623,56.7698,0.24575670995670995,0.1515,0.4388,3.8257,231,126.0068,0.5454839826839827,0.5738,0.6808,0.815,completed,,,
47,known_visit,HIPC,bernoulli,drop_0.25,34,1156,14,10,hipc_g34_d85_bernoulli_drop_0_25,reruns\grid_density\scenarios\cv\known_visit_grid34_targets10_trials50.csv,09,1,0,0,2,0,0,0,0,0,0.0,0,1,7,4,3,352,57,275,388.4836,1.4126676363636363,0.931,3.6631,5.2966,226.5461,0.823804,0.3192,2.8815,4.5494,275,161.9375,0.5888636363636364,0.6031,0.7332,0.818,completed,,,
47,known_visit,HIPC,bernoulli,drop_0.25,34,1156,14,10,hipc_g34_d85_bernoulli_drop_0_25,reruns\grid_density\scenarios\cv\known_visit_grid34_targets10_trials50.csv,10,34,3,0,35,0,1,0,0,0,0.0,0,0,80,70,10,293,42,165,184.778,1.1198666666666666,1.0345,1.3501,6.0628,91.2332,0.5529284848484848,0.4712,0.6051,5.25,165,93.5448,0.5669381818181818,0.5808,0.712,0.8128,completed,,,
47,known_visit,HIPC,bernoulli,drop_0.25,34,1156,14,10,hipc_g34_d85_bernoulli_drop_0_25,reruns\grid_density\scenarios\cv\known_visit_grid34_targets10_trials50.csv,11,5,0,0,6,0,0,0,0,0,0.0,0,1,19,13,6,348,48,263,291.6718,1.1090182509505704,0.7567,2.7485,4.9822,141.2965,0.5372490494296578,0.1657,2.1189,4.1513,263,150.3753,0.5717692015209126,0.5827,0.7284,0.8309,completed,,,
47,known_visit,HIPC,bernoulli,drop_0.25,34,1156,14,10,hipc_g34_d85_bernoulli_drop_0_25,reruns\grid_density\scenarios\cv\known_visit_grid34_targets10_trials50.csv,12,1,0,0,2,0,0,0,0,0,0.0,0,1,7,4,3,345,63,275,358.7829,1.3046650909090909,0.9169,3.4014,5.8773,198.2069,0.7207523636363636,0.3076,2.9757,5.1334,275,160.576,0.5839127272727272,0.6017,0.7403,0.8408,completed,,,
47,known_visit,HIPC,bernoulli,drop_0.25,34,1156,14,10,hipc_g34_d85_bernoulli_drop_0_25,reruns\grid_density\scenarios\cv\known_visit_grid34_targets10_trials50.csv,13,11,0,0,11,1,0,0,0,0,0.0,0,1,25,23,2,335,55,243,550.4801,2.2653502057613166,1.6553,5.0447,6.673,396.3281,1.6309798353909466,0.9655,4.3094,5.8296,243,154.152,0.6343703703703704,0.6555,0.7527,0.8884,completed,,,
48,known_visit,HIPC,bernoulli,drop_0.25,34,1156,14,10,hipc_g34_d85_bernoulli_drop_0_25,reruns\grid_density\scenarios\cv\known_visit_grid34_targets10_trials50.csv,00,0,0,0,1,0,0,0,0,0,0.0,0,0,1,1,0,276,40,164,281.0945,1.7139908536585364,1.0819999999999999,4.5082,5.312,185.1572,1.1290073170731707,0.45345,3.9388,4.5941,164,95.9373,0.5849835365853658,0.5834999999999999,0.7547,0.8703,completed,,,
48,known_visit,HIPC,bernoulli,drop_0.25,34,1156,14,10,hipc_g34_d85_bernoulli_drop_0_25,reruns\grid_density\scenarios\cv\known_visit_grid34_targets10_trials50.csv,01,27,3,0,28,0,1,0,0,0,0.0,0,0,64,56,8,219,33,77,83.6088,1.0858285714285714,0.8554,2.2902,5.659,41.6406,0.5407870129870129,0.2955,1.9053,5.0636,77,41.9682,0.5450415584415584,0.5227,0.6912,0.755,completed,,,
48,known_visit,HIPC,bernoulli,drop_0.25,34,1156,14,10,hipc_g34_d85_bernoulli_drop_0_25,reruns\grid_density\scenarios\cv\known_visit_grid34_targets10_trials50.csv,02,17,1,0,18,0,1,0,0,0,0.0,0,0,42,36,6,231,43,111,214.032,1.9282162162162164,1.8656,2.3485,5.2539,143.6942,1.2945423423423423,1.2491,1.5427,4.5027,111,70.3378,0.6336738738738739,0.6208,0.7602,0.896,completed,,,
48,known_visit,HIPC,bernoulli,drop_0.25,34,1156,14,10,hipc_g34_d85_bernoulli_drop_0_25,reruns\grid_density\scenarios\cv\known_visit_grid34_targets10_trials50.csv,03,0,0,0,1,0,0,0,0,0,0.0,0,0,1,1,0,284,31,164,394.409,2.404932926829268,1.95135,5.4716,6.1789,293.1925,1.7877591463414635,1.2649,4.823,5.4527,164,101.2165,0.6171737804878048,0.6053,0.7951,0.8734,completed,,,
48,known_visit,HIPC,bernoulli,drop_0.25,34,1156,14,10,hipc_g34_d85_bernoulli_drop_0_25,reruns\grid_density\scenarios\cv\known_visit_grid34_targets10_trials50.csv,04,0,0,0,1,0,0,0,0,0,0.0,0,0,1,1,0,266,50,164,382.3941,2.3316713414634145,1.4993,5.8395,6.1811,282.41949999999997,1.7220701219512193,0.84265,5.1269,5.4639,164,99.9746,0.6096012195121951,0.6072,0.7622,0.807,completed,,,
48,known_visit,HIPC,bernoulli,drop_0.25,34,1156,14,10,hipc_g34_d85_bernoulli_drop_0_25,reruns\grid_density\scenarios\cv\known_visit_grid34_targets10_trials50.csv,05,45,2,0,46,0,2,0,0,0,0.0,0,0,100,92,8,187,30,21,41.8227,1.9915571428571428,1.8252,4.3069,4.4923,29.546,1.406952380952381,1.2619,3.5527,3.8983,21,12.2767,0.5846047619047618,0.5744,0.731,0.7542,completed,,,
48,known_visit,HIPC,bernoulli,drop_0.25,34,1156,14,10,hipc_g34_d85_bernoulli_drop_0_25,reruns\grid_density\scenarios\cv\known_visit_grid34_targets10_trials50.csv,06,18,2,0,19,0,0,0,0,0,0.0,0,0,48,38,10,223,46,109,101.1459,0.9279440366972477,0.7365,1.5167,4.4387,41.2188,0.378154128440367,0.2248,0.9555,3.6846,109,59.9271,0.5497899082568808,0.5377,0.6907,0.7943,completed,,,
48,known_visit,HIPC,bernoulli,drop_0.25,34,1156,14,10,hipc_g34_d85_bernoulli_drop_0_25,reruns\grid_density\scenarios\cv\known_visit_grid34_targets10_trials50.csv,07,0,0,0,1,0,0,0,0,0,0.0,0,0,1,1,0,262,54,164,395.4984,2.4115756097560976,1.9679,5.6494,6.5361,295.2284,1.8001731707317075,1.3381500000000002,5.049,5.8182,164,100.27,0.6114024390243902,0.60415,0.7561,0.8684,completed,,,
48,known_visit,HIPC,bernoulli,drop_0.25,34,1156,14,10,hipc_g34_d85_bernoulli_drop_0_25,reruns\grid_density\scenarios\cv\known_visit_grid34_targets10_trials50.csv,08,0,0,0,1,0,0,0,0,0,0.0,0,0,1,1,0,271,44,164,487.5913,2.973117682926829,2.6225,4.84,5.773,379.8015,2.3158628048780487,2.0305,4.2529,5.0268,164,107.7898,0.6572548780487805,0.66965,0.7909,0.8999,completed,,,
48,known_visit,HIPC,bernoulli,drop_0.25,34,1156,14,10,hipc_g34_d85_bernoulli_drop_0_25,reruns\grid_density\scenarios\cv\known_visit_grid34_targets10_trials50.csv,09,9,1,0,10,0,0,0,0,0,0.0,0,0,24,20,4,261,31,136,209.6587,1.5416080882352943,1.14455,3.2883,5.7026,129.3759,0.9512933823529411,0.54655,2.5427,4.8569,136,80.2828,0.5903147058823529,0.5845,0.7661,0.8855,completed,,,
48,known_visit,HIPC,bernoulli,drop_0.25,34,1156,14,10,hipc_g34_d85_bernoulli_drop_0_25,reruns\grid_density\scenarios\cv\known_visit_grid34_targets10_trials50.csv,10,7,0,0,8,0,0,0,0,0,0.0,0,0,18,16,2,254,45,143,471.3047,3.2958370629370632,3.0408,4.9411,5.4487,376.1652,2.6305258741258744,2.3472,4.1737,4.5905,143,95.1395,0.6653111888111888,0.6679,0.7969,0.8582,completed,,,
48,known_visit,HIPC,bernoulli,drop_0.25,34,1156,14,10,hipc_g34_d85_bernoulli_drop_0_25,reruns\grid_density\scenarios\cv\known_visit_grid34_targets10_trials50.csv,11,0,0,0,1,0,0,0,0,0,0.0,0,0,1,1,0,276,40,164,334.1893,2.0377396341463414,1.47445,5.2254,6.1153,236.3351,1.4410676829268294,0.8239000000000001,4.6183,5.3859,164,97.8542,0.5966719512195122,0.5851999999999999,0.7595,0.8781,completed,,,
48,known_visit,HIPC,bernoulli,drop_0.25,34,1156,14,10,hipc_g34_d85_bernoulli_drop_0_25,reruns\grid_density\scenarios\cv\known_visit_grid34_targets10_trials50.csv,12,5,1,0,6,0,0,0,0,0,0.0,0,0,14,12,2,266,36,148,266.9698,1.8038500000000002,1.21545,4.224,5.227,177.9043,1.2020560810810812,0.6972,3.4746,4.6359,148,89.0655,0.6017939189189189,0.5925,0.7574,0.8893,completed,,,
48,known_visit,HIPC,bernoulli,drop_0.25,34,1156,14,10,hipc_g34_d85_bernoulli_drop_0_25,reruns\grid_density\scenarios\cv\known_visit_grid34_targets10_trials50.csv,13,0,0,0,1,0,0,0,0,0,0.0,0,0,1,1,0,283,32,164,386.0222,2.3537939024390244,1.8063500000000001,5.3177,6.3316,284.8839,1.737096951219512,1.15185,4.7188,5.5983,164,101.1383,0.6166969512195122,0.6084,0.7622,0.804,completed,,,
49,known_visit,HIPC,bernoulli,drop_0.25,34,1156,14,10,hipc_g34_d85_bernoulli_drop_0_25,reruns\grid_density\scenarios\cv\known_visit_grid34_targets10_trials50.csv,00,0,0,0,1,0,0,0,0,0,0.0,0,0,1,1,0,231,41,115,280.6327,2.440284347826087,2.3442,5.5737,6.6525,204.8881,1.7816356521739132,1.6686,4.832,5.677,115,75.7446,0.658648695652174,0.6838,0.8158,0.9755,completed,,,
49,known_visit,HIPC,bernoulli,drop_0.25,34,1156,14,10,hipc_g34_d85_bernoulli_drop_0_25,reruns\grid_density\scenarios\cv\known_visit_grid34_targets10_trials50.csv,01,11,1,1,11,1,0,0,0,0,0.0,0,0,31,25,6,217,25,80,180.8674,2.2608425,1.3895,4.2342,4.7092,128.9437,1.61179625,0.766,3.4274,3.708,80,51.9237,0.6490462499999999,0.64495,0.8066,1.0012,completed,,,
49,known_visit,HIPC,bernoulli,drop_0.25,34,1156,14,10,hipc_g34_d85_bernoulli_drop_0_25,reruns\grid_density\scenarios\cv\known_visit_grid34_targets10_trials50.csv,02,15,2,0,16,0,0,0,0,0,0.0,0,0,36,32,4,202,35,68,129.6906,1.9072147058823528,1.4934500000000002,3.201,4.8831,87.2624,1.2832705882352942,0.82515,2.5056,4.1729,68,42.4282,0.6239441176470588,0.6594,0.7183,0.8529,completed,,,
49,known_visit,HIPC,bernoulli,drop_0.25,34,1156,14,10,hipc_g34_d85_bernoulli_drop_0_25,reruns\grid_density\scenarios\cv\known_visit_grid34_targets10_trials50.csv,03,20,2,0,21,0,1,0,0,0,0.0,0,0,49,42,7,187,37,52,98.5863,1.8958903846153845,1.7403,4.0429,5.1321,65.3516,1.2567615384615385,1.0703,3.2361,4.417,52,33.2347,0.6391288461538461,0.63855,0.7482,0.8068,completed,,,
49,known_visit,HIPC,bernoulli,drop_0.25,34,1156,14,10,hipc_g34_d85_bernoulli_drop_0_25,reruns\grid_density\scenarios\cv\known_visit_grid34_targets10_trials50.csv,04,2,0,0,3,0,0,0,0,0,0.0,0,0,10,6,4,229,34,110,323.15999999999997,2.9378181818181814,2.6068499999999997,5.7063,6.8182,249.5959,2.2690536363636364,1.9238,4.8778,6.0489,110,73.5641,0.6687645454545454,0.6799,0.8143,0.8671,completed,,,
49,known_visit,HIPC,bernoulli,drop_0.25,34,1156,14,10,hipc_g34_d85_bernoulli_drop_0_25,reruns\grid_density\scenarios\cv\known_visit_grid34_targets10_trials50.csv,05,0,0,0,1,0,0,0,0,0,0.0,0,0,1,1,0,226,46,115,303.5275,2.639369565217391,1.8208,5.5529,6.1248,226.0161,1.9653573913043478,1.1308,4.831,5.3241,115,77.5114,0.6740121739130435,0.6861,0.7914,0.8526,completed,,,
49,known_visit,HIPC,bernoulli,drop_0.25,34,1156,14,10,hipc_g34_d85_bernoulli_drop_0_25,reruns\grid_density\scenarios\cv\known_visit_grid34_targets10_trials50.csv,06,0,0,0,1,0,0,0,0,0,0.0,0,0,1,1,0,237,35,116,279.0945,2.405987068965517,1.8959,6.0385,6.4672,202.5968,1.7465241379310346,1.21015,5.3043,5.5605,116,76.4977,0.6594629310344827,0.68125,0.7647,0.9148,completed,,,
49,known_visit,HIPC,bernoulli,drop_0.25,34,1156,14,10,hipc_g34_d85_bernoulli_drop_0_25,reruns\grid_density\scenarios\cv\known_visit_grid34_targets10_trials50.csv,07,0,0,0,1,0,0,0,0,0,0.0,0,0,1,1,0,235,38,115,272.0689,2.3658165217391303,1.8619,4.7869,6.5926,197.062,1.7135826086956523,1.1875,4.0831,5.7576,115,75.0069,0.6522339130434783,0.677,0.8119,0.9315,completed,,,
49,known_visit,HIPC,bernoulli,drop_0.25,34,1156,14,10,hipc_g34_d85_bernoulli_drop_0_25,reruns\grid_density\scenarios\cv\known_visit_grid34_targets10_trials50.csv,08,3,1,0,4,0,0,0,0,0,0.0,0,0,10,8,2,221,42,106,212.2152,2.0020301886792455,1.6654499999999999,4.3308,4.575,143.4095,1.3529198113207548,1.0021,3.5654,3.772,106,68.8057,0.6491103773584905,0.65825,0.7803,0.8928,completed,,,
49,known_visit,HIPC,bernoulli,drop_0.25,34,1156,14,10,hipc_g34_d85_bernoulli_drop_0_25,reruns\grid_density\scenarios\cv\known_visit_grid34_targets10_trials50.csv,09,0,0,0,1,0,0,0,0,0,0.0,0,0,1,1,0,227,46,116,391.1092,3.3716310344827587,3.7314,5.6062,5.8866,310.2313,2.6744077586206894,3.0164999999999997,4.8744,5.1404,116,80.8779,0.6972232758620689,0.7163999999999999,0.786,0.8606,completed,,,
49,known_visit,HIPC,bernoulli,drop_0.25,34,1156,14,10,hipc_g34_d85_bernoulli_drop_0_25,reruns\grid_density\scenarios\cv\known_visit_grid34_targets10_trials50.csv,10,0,0,0,1,0,0,0,0,0,0.0,0,0,1,1,0,220,52,115,279.8239,2.433251304347826,2.3377,5.6373,5.9912,203.953,1.773504347826087,1.6539,4.9135,5.2652,115,75.8709,0.6597469565217392,0.6835,0.7673,0.9355,completed,,,
49,known_visit,HIPC,bernoulli,drop_0.25,34,1156,14,10,hipc_g34_d85_bernoulli_drop_0_25,reruns\grid_density\scenarios\cv\known_visit_grid34_targets10_trials50.csv,11,22,2,0,23,0,0,0,0,0,0.0,0,0,52,46,6,193,28,46,46.2923,1.0063543478260868,0.6618999999999999,3.5429,4.9371,20.7623,0.45135434782608697,0.15475,2.7173,4.1932,46,25.53,0.555,0.50265,0.7439,0.862,completed,,,
49,known_visit,HIPC,bernoulli,drop_0.25,34,1156,14,10,hipc_g34_d85_bernoulli_drop_0_25,reruns\grid_density\scenarios\cv\known_visit_grid34_targets10_trials50.csv,12,35,2,0,36,0,3,0,0,0,0.0,0,0,79,71,8,171,24,8,20.734199999999998,2.5917749999999997,2.34905,4.2951,4.2951,15.2555,1.9069375,1.66835,3.5546,3.5546,8,5.4787,0.6848375,0.69295,0.7405,0.7405,completed,,,
49,known_visit,HIPC,bernoulli,drop_0.25,34,1156,14,10,hipc_g34_d85_bernoulli_drop_0_25,reruns\grid_density\scenarios\cv\known_visit_grid34_targets10_trials50.csv,13,0,0,0,1,0,0,0,0,0,0.0,0,0,1,1,0,233,39,115,383.0364,3.3307513043478263,3.2487,5.9663,6.5179,304.9159,2.6514426086956524,2.4887,5.2255,5.739,115,78.1205,0.679308695652174,0.703,0.7826,0.8832,completed,,,
