trial_id,trial_mode,algorithm,comm_model,comm_level,grid_size,grid_cells,robot_count,target_count,condition_id,scenario_file,target_index,target_x,target_y,first_completion_time_s,first_completion_sim_time_s,first_found_by_robot,first_finder_robot_id,total_visits,duplicate_visits,completed,trial_status
0,known_visit,PI,ideal,1.0,19,361,4,20,targets_20_pi_h3_ideal,objective_tuning_target_load_pilot_25\scenarios\known_visit_g19_t20_n25.csv,1,11,7,19.67730697822591,19.67730697822591,01,01,1,0,True,completed
0,known_visit,PI,ideal,1.0,19,361,4,20,targets_20_pi_h3_ideal,objective_tuning_target_load_pilot_25\scenarios\known_visit_g19_t20_n25.csv,2,17,15,44.02399800657837,44.02399800657837,03,03,1,0,True,completed
0,known_visit,PI,ideal,1.0,19,361,4,20,targets_20_pi_h3_ideal,objective_tuning_target_load_pilot_25\scenarios\known_visit_g19_t20_n25.csv,3,14,5,29.047595968673004,29.047595968673004,01,01,1,0,True,completed
0,known_visit,PI,ideal,1.0,19,361,4,20,targets_20_pi_h3_ideal,objective_tuning_target_load_pilot_25\scenarios\known_visit_g19_t20_n25.csv,4,8,0,66.85067968514622,66.85067968514622,01,01,1,0,True,completed
0,known_visit,PI,ideal,1.0,19,361,4,20,targets_20_pi_h3_ideal,objective_tuning_target_load_pilot_25\scenarios\known_visit_g19_t20_n25.csv,5,14,15,27.706645214150036,27.706645214150036,03,03,1,0,True,completed
0,known_visit,PI,ideal,1.0,19,361,4,20,targets_20_pi_h3_ideal,objective_tuning_target_load_pilot_25\scenarios\known_visit_g19_t20_n25.csv,6,7,5,52.438188567654116,52.438188567654116,01,01,1,0,True,completed
0,known_visit,PI,ideal,1.0,19,361,4,20,targets_20_pi_h3_ideal,objective_tuning_target_load_pilot_25\scenarios\known_visit_g19_t20_n25.csv,7,2,6,1.9894207172931924,1.9894207172931924,01,01,1,0,True,completed
0,known_visit,PI,ideal,1.0,19,361,4,20,targets_20_pi_h3_ideal,objective_tuning_target_load_pilot_25\scenarios\known_visit_g19_t20_n25.csv,8,3,8,17.424156743565174,17.424156743565174,00,00,1,0,True,completed
0,known_visit,PI,ideal,1.0,19,361,4,20,targets_20_pi_h3_ideal,objective_tuning_target_load_pilot_25\scenarios\known_visit_g19_t20_n25.csv,9,12,12,26.706544545231296,26.706544545231296,02,02,1,0,True,completed
0,known_visit,PI,ideal,1.0,19,361,4,20,targets_20_pi_h3_ideal,objective_tuning_target_load_pilot_25\scenarios\known_visit_g19_t20_n25.csv,10,16,5,32.48311451534061,32.48311451534061,01,01,1,0,True,completed
0,known_visit,PI,ideal,1.0,19,361,4,20,targets_20_pi_h3_ideal,objective_tuning_target_load_pilot_25\scenarios\known_visit_g19_t20_n25.csv,11,10,14,19.38608495859198,19.38608495859198,02,02,1,0,True,completed
0,known_visit,PI,ideal,1.0,19,361,4,20,targets_20_pi_h3_ideal,objective_tuning_target_load_pilot_25\scenarios\known_visit_g19_t20_n25.csv,12,3,18,3.5757262606385676,3.5757262606385676,03,03,1,0,True,completed
0,known_visit,PI,ideal,1.0,19,361,4,20,targets_20_pi_h3_ideal,objective_tuning_target_load_pilot_25\scenarios\known_visit_g19_t20_n25.csv,13,10,12,23.07662415454818,23.07662415454818,02,02,1,0,True,completed
0,known_visit,PI,ideal,1.0,19,361,4,20,targets_20_pi_h3_ideal,objective_tuning_target_load_pilot_25\scenarios\known_visit_g19_t20_n25.csv,14,5,18,7.03759560472193,7.03759560472193,03,03,1,0,True,completed
0,known_visit,PI,ideal,1.0,19,361,4,20,targets_20_pi_h3_ideal,objective_tuning_target_load_pilot_25\scenarios\known_visit_g19_t20_n25.csv,15,13,14,31.320120243289498,31.320120243289498,03,03,1,0,True,completed
0,known_visit,PI,ideal,1.0,19,361,4,20,targets_20_pi_h3_ideal,objective_tuning_target_load_pilot_25\scenarios\known_visit_g19_t20_n25.csv,16,4,11,24.451894840477806,24.451894840477806,00,00,1,0,True,completed
0,known_visit,PI,ideal,1.0,19,361,4,20,targets_20_pi_h3_ideal,objective_tuning_target_load_pilot_25\scenarios\known_visit_g19_t20_n25.csv,17,12,18,18.849753052508024,18.849753052508024,03,03,1,0,True,completed
0,known_visit,PI,ideal,1.0,19,361,4,20,targets_20_pi_h3_ideal,objective_tuning_target_load_pilot_25\scenarios\known_visit_g19_t20_n25.csv,18,1,14,3.883411141551103,3.883411141551103,02,02,1,0,True,completed
0,known_visit,PI,ideal,1.0,19,361,4,20,targets_20_pi_h3_ideal,objective_tuning_target_load_pilot_25\scenarios\known_visit_g19_t20_n25.csv,19,15,10,46.90890559714752,46.90890559714752,02,02,1,0,True,completed
0,known_visit,PI,ideal,1.0,19,361,4,20,targets_20_pi_h3_ideal,objective_tuning_target_load_pilot_25\scenarios\known_visit_g19_t20_n25.csv,20,11,10,35.72055885647892,35.72055885647892,02,02,1,0,True,completed
1,known_visit,PI,ideal,1.0,19,361,4,20,targets_20_pi_h3_ideal,objective_tuning_target_load_pilot_25\scenarios\known_visit_g19_t20_n25.csv,1,10,3,21.205323536700718,21.205323536700718,00,00,2,1,True,completed
1,known_visit,PI,ideal,1.0,19,361,4,20,targets_20_pi_h3_ideal,objective_tuning_target_load_pilot_25\scenarios\known_visit_g19_t20_n25.csv,2,7,11,20.257265221415174,20.257265221415174,02,02,1,0,True,completed
1,known_visit,PI,ideal,1.0,19,361,4,20,targets_20_pi_h3_ideal,objective_tuning_target_load_pilot_25\scenarios\known_visit_g19_t20_n25.csv,3,0,1,0.4933977747892714,0.4933977747892714,00,00,1,0,True,completed
1,known_visit,PI,ideal,1.0,19,361,4,20,targets_20_pi_h3_ideal,objective_tuning_target_load_pilot_25\scenarios\known_visit_g19_t20_n25.csv,4,9,4,25.263407328640803,25.263407328640803,00,00,1,0,True,completed
1,known_visit,PI,ideal,1.0,19,361,4,20,targets_20_pi_h3_ideal,objective_tuning_target_load_pilot_25\scenarios\known_visit_g19_t20_n25.csv,5,0,3,3.8622744925359966,3.8622744925359966,00,00,1,0,True,completed
1,known_visit,PI,ideal,1.0,19,361,4,20,targets_20_pi_h3_ideal,objective_tuning_target_load_pilot_25\scenarios\known_visit_g19_t20_n25.csv,6,3,5,5.781344640468193,5.781344640468193,01,01,1,0,True,completed
1,known_visit,PI,ideal,1.0,19,361,4,20,targets_20_pi_h3_ideal,objective_tuning_target_load_pilot_25\scenarios\known_visit_g19_t20_n25.csv,7,1,17,2.1645250133308456,2.1645250133308456,03,03,1,0,True,completed
1,known_visit,PI,ideal,1.0,19,361,4,20,targets_20_pi_h3_ideal,objective_tuning_target_load_pilot_25\scenarios\known_visit_g19_t20_n25.csv,8,3,17,5.995971424444581,5.995971424444581,03,03,1,0,True,completed
1,known_visit,PI,ideal,1.0,19,361,4,20,targets_20_pi_h3_ideal,objective_tuning_target_load_pilot_25\scenarios\known_visit_g19_t20_n25.csv,9,12,8,48.83140062866637,48.83140062866637,03,03,1,0,True,completed
1,known_visit,PI,ideal,1.0,19,361,4,20,targets_20_pi_h3_ideal,objective_tuning_target_load_pilot_25\scenarios\known_visit_g19_t20_n25.csv,10,15,13,63.00101030669533,63.00101030669533,03,03,1,0,True,completed
1,known_visit,PI,ideal,1.0,19,361,4,20,targets_20_pi_h3_ideal,objective_tuning_target_load_pilot_25\scenarios\known_visit_g19_t20_n25.csv,11,5,5,9.28278879380362,9.28278879380362,01,01,1,0,True,completed
1,known_visit,PI,ideal,1.0,19,361,4,20,targets_20_pi_h3_ideal,objective_tuning_target_load_pilot_25\scenarios\known_visit_g19_t20_n25.csv,12,18,7,53.50594172868875,53.50594172868875,01,01,1,0,True,completed
1,known_visit,PI,ideal,1.0,19,361,4,20,targets_20_pi_h3_ideal,objective_tuning_target_load_pilot_25\scenarios\known_visit_g19_t20_n25.csv,13,2,12,1.8064002370584529,1.8064002370584529,02,02,1,0,True,completed
1,known_visit,PI,ideal,1.0,19,361,4,20,targets_20_pi_h3_ideal,objective_tuning_target_load_pilot_25\scenarios\known_visit_g19_t20_n25.csv,14,1,3,5.785368598943111,5.785368598943111,00,00,1,0,True,completed
1,known_visit,PI,ideal,1.0,19,361,4,20,targets_20_pi_h3_ideal,objective_tuning_target_load_pilot_25\scenarios\known_visit_g19_t20_n25.csv,15,8,10,16.103634892034403,16.103634892034403,02,02,1,0,True,completed
1,known_visit,PI,ideal,1.0,19,361,4,20,targets_20_pi_h3_ideal,objective_tuning_target_load_pilot_25\scenarios\known_visit_g19_t20_n25.csv,16,4,1,18.811881113190267,18.811881113190267,01,01,1,0,True,completed
1,known_visit,PI,ideal,1.0,19,361,4,20,targets_20_pi_h3_ideal,objective_tuning_target_load_pilot_25\scenarios\known_visit_g19_t20_n25.csv,17,4,10,9.0639217253719,9.0639217253719,02,02,1,0,True,completed
1,known_visit,PI,ideal,1.0,19,361,4,20,targets_20_pi_h3_ideal,objective_tuning_target_load_pilot_25\scenarios\known_visit_g19_t20_n25.csv,18,16,15,68.40244899454622,68.40244899454622,03,03,1,0,True,completed
1,known_visit,PI,ideal,1.0,19,361,4,20,targets_20_pi_h3_ideal,objective_tuning_target_load_pilot_25\scenarios\known_visit_g19_t20_n25.csv,19,2,7,26.1296553965221,26.1296553965221,03,03,1,0,True,completed
1,known_visit,PI,ideal,1.0,19,361,4,20,targets_20_pi_h3_ideal,objective_tuning_target_load_pilot_25\scenarios\known_visit_g19_t20_n25.csv,20,10,2,31.23985445064316,31.23985445064316,01,01,1,0,True,completed
2,known_visit,PI,ideal,1.0,19,361,4,20,targets_20_pi_h3_ideal,objective_tuning_target_load_pilot_25\scenarios\known_visit_g19_t20_n25.csv,1,8,17,21.81121880764906,21.81121880764906,02,02,1,0,True,completed
2,known_visit,PI,ideal,1.0,19,361,4,20,targets_20_pi_h3_ideal,objective_tuning_target_load_pilot_25\scenarios\known_visit_g19_t20_n25.csv,2,9,7,19.848782898229782,19.848782898229782,01,01,1,0,True,completed
2,known_visit,PI,ideal,1.0,19,361,4,20,targets_20_pi_h3_ideal,objective_tuning_target_load_pilot_25\scenarios\known_visit_g19_t20_n25.csv,3,13,2,35.812999958178935,35.812999958178935,01,01,1,0,True,completed
2,known_visit,PI,ideal,1.0,19,361,4,20,targets_20_pi_h3_ideal,objective_tuning_target_load_pilot_25\scenarios\known_visit_g19_t20_n25.csv,4,17,3,44.941489384257856,44.941489384257856,01,01,1,0,True,completed
2,known_visit,PI,ideal,1.0,19,361,4,20,targets_20_pi_h3_ideal,objective_tuning_target_load_pilot_25\scenarios\known_visit_g19_t20_n25.csv,5,16,16,41.32793586816435,41.32793586816435,02,02,1,0,True,completed
2,known_visit,PI,ideal,1.0,19,361,4,20,targets_20_pi_h3_ideal,objective_tuning_target_load_pilot_25\scenarios\known_visit_g19_t20_n25.csv,6,10,9,32.56268456346454,32.56268456346454,03,03,1,0,True,completed
2,known_visit,PI,ideal,1.0,19,361,4,20,targets_20_pi_h3_ideal,objective_tuning_target_load_pilot_25\scenarios\known_visit_g19_t20_n25.csv,7,9,6,18.069943800610236,18.069943800610236,01,01,1,0,True,completed
2,known_visit,PI,ideal,1.0,19,361,4,20,targets_20_pi_h3_ideal,objective_tuning_target_load_pilot_25\scenarios\known_visit_g19_t20_n25.csv,8,17,15,45.128258463545855,45.128258463545855,02,02,1,0,True,completed
2,known_visit,PI,ideal,1.0,19,361,4,20,targets_20_pi_h3_ideal,objective_tuning_target_load_pilot_25\scenarios\known_visit_g19_t20_n25.csv,9,6,12,20.04382254136104,20.04382254136104,03,03,1,0,True,completed
2,known_visit,PI,ideal,1.0,19,361,4,20,targets_20_pi_h3_ideal,objective_tuning_target_load_pilot_25\scenarios\known_visit_g19_t20_n25.csv,10,17,0,54.374818883296214,54.374818883296214,01,01,1,0,True,completed
2,known_visit,PI,ideal,1.0,19,361,4,20,targets_20_pi_h3_ideal,objective_tuning_target_load_pilot_25\scenarios\known_visit_g19_t20_n25.csv,11,1,17,2.2828957527748304,2.2828957527748304,03,03,1,0,True,completed
2,known_visit,PI,ideal,1.0,19,361,4,20,targets_20_pi_h3_ideal,objective_tuning_target_load_pilot_25\scenarios\known_visit_g19_t20_n25.csv,12,7,10,25.48110314421756,25.48110314421756,03,03,1,0,True,completed
2,known_visit,PI,ideal,1.0,19,361,4,20,targets_20_pi_h3_ideal,objective_tuning_target_load_pilot_25\scenarios\known_visit_g19_t20_n25.csv,13,13,18,32.06496298878675,32.06496298878675,02,02,1,0,True,completed
2,known_visit,PI,ideal,1.0,19,361,4,20,targets_20_pi_h3_ideal,objective_tuning_target_load_pilot_25\scenarios\known_visit_g19_t20_n25.csv,14,11,15,67.8448808408986,67.8448808408986,00,00,1,0,True,completed
2,known_visit,PI,ideal,1.0,19,361,4,20,targets_20_pi_h3_ideal,objective_tuning_target_load_pilot_25\scenarios\known_visit_g19_t20_n25.csv,15,0,1,0.502230212216684,0.502230212216684,00,00,1,0,True,completed
2,known_visit,PI,ideal,1.0,19,361,4,20,targets_20_pi_h3_ideal,objective_tuning_target_load_pilot_25\scenarios\known_visit_g19_t20_n25.csv,16,3,17,5.959851559358254,5.959851559358254,03,03,1,0,True,completed
2,known_visit,PI,ideal,1.0,19,361,4,20,targets_20_pi_h3_ideal,objective_tuning_target_load_pilot_25\scenarios\known_visit_g19_t20_n25.csv,17,3,0,11.213745201032012,11.213745201032012,00,00,1,0,True,completed
2,known_visit,PI,ideal,1.0,19,361,4,20,targets_20_pi_h3_ideal,objective_tuning_target_load_pilot_25\scenarios\known_visit_g19_t20_n25.csv,18,13,13,60.48656628242113,60.48656628242113,00,00,1,0,True,completed
2,known_visit,PI,ideal,1.0,19,361,4,20,targets_20_pi_h3_ideal,objective_tuning_target_load_pilot_25\scenarios\known_visit_g19_t20_n25.csv,19,15,18,35.953133083982046,35.953133083982046,02,02,1,0,True,completed
2,known_visit,PI,ideal,1.0,19,361,4,20,targets_20_pi_h3_ideal,objective_tuning_target_load_pilot_25\scenarios\known_visit_g19_t20_n25.csv,20,0,2,2.105780705169328,2.105780705169328,00,00,1,0,True,completed
3,known_visit,PI,ideal,1.0,19,361,4,20,targets_20_pi_h3_ideal,objective_tuning_target_load_pilot_25\scenarios\known_visit_g19_t20_n25.csv,1,12,12,38.08724169914997,38.08724169914997,03,03,1,0,True,completed
3,known_visit,PI,ideal,1.0,19,361,4,20,targets_20_pi_h3_ideal,objective_tuning_target_load_pilot_25\scenarios\known_visit_g19_t20_n25.csv,2,17,11,54.24129567504799,54.24129567504799,00,00,1,0,True,completed
3,known_visit,PI,ideal,1.0,19,361,4,20,targets_20_pi_h3_ideal,objective_tuning_target_load_pilot_25\scenarios\known_visit_g19_t20_n25.csv,3,2,6,1.9342654911432384,1.9342654911432384,01,01,1,0,True,completed
3,known_visit,PI,ideal,1.0,19,361,4,20,targets_20_pi_h3_ideal,objective_tuning_target_load_pilot_25\scenarios\known_visit_g19_t20_n25.csv,4,9,13,30.98095534210383,30.98095534210383,03,03,1,0,True,completed
3,known_visit,PI,ideal,1.0,19,361,4,20,targets_20_pi_h3_ideal,objective_tuning_target_load_pilot_25\scenarios\known_visit_g19_t20_n25.csv,5,2,17,4.024658915696719,4.024658915696719,03,03,1,0,True,completed
3,known_visit,PI,ideal,1.0,19,361,4,20,targets_20_pi_h3_ideal,objective_tuning_target_load_pilot_25\scenarios\known_visit_g19_t20_n25.csv,6,6,11,10.605913550333012,10.605913550333012,02,02,1,0,True,completed
3,known_visit,PI,ideal,1.0,19,361,4,20,targets_20_pi_h3_ideal,objective_tuning_target_load_pilot_25\scenarios\known_visit_g19_t20_n25.csv,7,17,3,43.7386690945207,43.7386690945207,02,02,1,0,True,completed
3,known_visit,PI,ideal,1.0,19,361,4,20,targets_20_pi_h3_ideal,objective_tuning_target_load_pilot_25\scenarios\known_visit_g19_t20_n25.csv,8,5,8,21.07469362096957,21.07469362096957,00,00,1,0,True,completed
3,known_visit,PI,ideal,1.0,19,361,4,20,targets_20_pi_h3_ideal,objective_tuning_target_load_pilot_25\scenarios\known_visit_g19_t20_n25.csv,9,14,10,26.20591908941605,26.20591908941605,02,02,1,0,True,completed
3,known_visit,PI,ideal,1.0,19,361,4,20,targets_20_pi_h3_ideal,objective_tuning_target_load_pilot_25\scenarios\known_visit_g19_t20_n25.csv,10,16,4,39.90292701833571,39.90292701833571,02,02,1,0,True,completed
3,known_visit,PI,ideal,1.0,19,361,4,20,targets_20_pi_h3_ideal,objective_tuning_target_load_pilot_25\scenarios\known_visit_g19_t20_n25.csv,11,8,15,25.208233346936677,25.208233346936677,03,03,1,0,True,completed
3,known_visit,PI,ideal,1.0,19,361,4,20,targets_20_pi_h3_ideal,objective_tuning_target_load_pilot_25\scenarios\known_visit_g19_t20_n25.csv,12,18,8,46.87155314693496,46.87155314693496,00,00,1,0,True,completed
3,known_visit,PI,ideal,1.0,19,361,4,20,targets_20_pi_h3_ideal,objective_tuning_target_load_pilot_25\scenarios\known_visit_g19_t20_n25.csv,13,9,8,17.573376480222972,17.573376480222972,01,01,1,0,True,completed
3,known_visit,PI,ideal,1.0,19,361,4,20,targets_20_pi_h3_ideal,objective_tuning_target_load_pilot_25\scenarios\known_visit_g19_t20_n25.csv,14,6,10,12.31012730698253,12.31012730698253,02,02,1,0,True,completed
3,known_visit,PI,ideal,1.0,19,361,4,20,targets_20_pi_h3_ideal,objective_tuning_target_load_pilot_25\scenarios\known_visit_g19_t20_n25.csv,15,10,16,19.55223734019964,19.55223734019964,03,03,1,0,True,completed
3,known_visit,PI,ideal,1.0,19,361,4,20,targets_20_pi_h3_ideal,objective_tuning_target_load_pilot_25\scenarios\known_visit_g19_t20_n25.csv,16,10,8,19.742250064325532,19.742250064325532,01,01,1,0,True,completed
3,known_visit,PI,ideal,1.0,19,361,4,20,targets_20_pi_h3_ideal,objective_tuning_target_load_pilot_25\scenarios\known_visit_g19_t20_n25.csv,17,12,0,37.02793448748893,37.02793448748893,01,01,1,0,True,completed
3,known_visit,PI,ideal,1.0,19,361,4,20,targets_20_pi_h3_ideal,objective_tuning_target_load_pilot_25\scenarios\known_visit_g19_t20_n25.csv,18,6,6,8.68045040822063,8.68045040822063,01,01,1,0,True,completed
3,known_visit,PI,ideal,1.0,19,361,4,20,targets_20_pi_h3_ideal,objective_tuning_target_load_pilot_25\scenarios\known_visit_g19_t20_n25.csv,19,1,18,0.22142777643624778,0.22142777643624778,03,03,1,0,True,completed
3,known_visit,PI,ideal,1.0,19,361,4,20,targets_20_pi_h3_ideal,objective_tuning_target_load_pilot_25\scenarios\known_visit_g19_t20_n25.csv,20,3,12,3.4861875860648883,3.4861875860648883,02,02,1,0,True,completed
4,known_visit,PI,ideal,1.0,19,361,4,20,targets_20_pi_h3_ideal,objective_tuning_target_load_pilot_25\scenarios\known_visit_g19_t20_n25.csv,1,10,14,19.414038248160566,19.414038248160566,02,02,1,0,True,completed
4,known_visit,PI,ideal,1.0,19,361,4,20,targets_20_pi_h3_ideal,objective_tuning_target_load_pilot_25\scenarios\known_visit_g19_t20_n25.csv,2,3,1,5.641605303508875,5.641605303508875,00,00,1,0,True,completed
4,known_visit,PI,ideal,1.0,19,361,4,20,targets_20_pi_h3_ideal,objective_tuning_target_load_pilot_25\scenarios\known_visit_g19_t20_n25.csv,3,12,5,39.868515540519766,39.868515540519766,00,00,1,0,True,completed
4,known_visit,PI,ideal,1.0,19,361,4,20,targets_20_pi_h3_ideal,objective_tuning_target_load_pilot_25\scenarios\known_visit_g19_t20_n25.csv,4,12,17,28.90081851219409,28.90081851219409,03,03,1,0,True,completed
4,known_visit,PI,ideal,1.0,19,361,4,20,targets_20_pi_h3_ideal,objective_tuning_target_load_pilot_25\scenarios\known_visit_g19_t20_n25.csv,5,17,8,46.17664781322815,46.17664781322815,02,02,1,0,True,completed
4,known_visit,PI,ideal,1.0,19,361,4,20,targets_20_pi_h3_ideal,objective_tuning_target_load_pilot_25\scenarios\known_visit_g19_t20_n25.csv,6,8,7,21.63555681995994,21.63555681995994,01,01,1,0,True,completed
4,known_visit,PI,ideal,1.0,19,361,4,20,targets_20_pi_h3_ideal,objective_tuning_target_load_pilot_25\scenarios\known_visit_g19_t20_n25.csv,7,17,13,58.82879648033316,58.82879648033316,02,02,1,0,True,completed
4,known_visit,PI,ideal,1.0,19,361,4,20,targets_20_pi_h3_ideal,objective_tuning_target_load_pilot_25\scenarios\known_visit_g19_t20_n25.csv,8,4,6,5.359886625045623,5.359886625045623,01,01,1,0,True,completed
4,known_visit,PI,ideal,1.0,19,361,4,20,targets_20_pi_h3_ideal,objective_tuning_target_load_pilot_25\scenarios\known_visit_g19_t20_n25.csv,9,5,18,7.034089971284542,7.034089971284542,03,03,1,0,True,completed
4,known_visit,PI,ideal,1.0,19,361,4,20,targets_20_pi_h3_ideal,objective_tuning_target_load_pilot_25\scenarios\known_visit_g19_t20_n25.csv,10,10,10,29.838512784745127,29.838512784745127,02,02,1,0,True,completed
4,known_visit,PI,ideal,1.0,19,361,4,20,targets_20_pi_h3_ideal,objective_tuning_target_load_pilot_25\scenarios\known_visit_g19_t20_n25.csv,11,2,2,9.357014175429489,9.357014175429489,00,00,1,0,True,completed
4,known_visit,PI,ideal,1.0,19,361,4,20,targets_20_pi_h3_ideal,objective_tuning_target_load_pilot_25\scenarios\known_visit_g19_t20_n25.csv,12,8,1,25.57430480294959,25.57430480294959,00,00,1,0,True,completed
4,known_visit,PI,ideal,1.0,19,361,4,20,targets_20_pi_h3_ideal,objective_tuning_target_load_pilot_25\scenarios\known_visit_g19_t20_n25.csv,13,2,13,3.800501026864487,3.800501026864487,02,02,1,0,True,completed
4,known_visit,PI,ideal,1.0,19,361,4,20,targets_20_pi_h3_ideal,objective_tuning_target_load_pilot_25\scenarios\known_visit_g19_t20_n25.csv,14,7,8,25.34989728825507,25.34989728825507,01,01,1,0,True,completed
4,known_visit,PI,ideal,1.0,19,361,4,20,targets_20_pi_h3_ideal,objective_tuning_target_load_pilot_25\scenarios\known_visit_g19_t20_n25.csv,15,4,17,10.99551943252345,10.99551943252345,03,03,1,0,True,completed
4,known_visit,PI,ideal,1.0,19,361,4,20,targets_20_pi_h3_ideal,objective_tuning_target_load_pilot_25\scenarios\known_visit_g19_t20_n25.csv,16,2,12,1.787676697737826,1.787676697737826,02,02,1,0,True,completed
4,known_visit,PI,ideal,1.0,19,361,4,20,targets_20_pi_h3_ideal,objective_tuning_target_load_pilot_25\scenarios\known_visit_g19_t20_n25.csv,17,5,4,10.644909689174314,10.644909689174314,01,01,1,0,True,completed
4,known_visit,PI,ideal,1.0,19,361,4,20,targets_20_pi_h3_ideal,objective_tuning_target_load_pilot_25\scenarios\known_visit_g19_t20_n25.csv,18,11,12,24.65689582854631,24.65689582854631,02,02,1,0,True,completed
4,known_visit,PI,ideal,1.0,19,361,4,20,targets_20_pi_h3_ideal,objective_tuning_target_load_pilot_25\scenarios\known_visit_g19_t20_n25.csv,19,11,2,32.90078789276682,32.90078789276682,00,00,1,0,True,completed
4,known_visit,PI,ideal,1.0,19,361,4,20,targets_20_pi_h3_ideal,objective_tuning_target_load_pilot_25\scenarios\known_visit_g19_t20_n25.csv,20,13,9,37.2944097679942,37.2944097679942,02,02,1,0,True,completed
5,known_visit,PI,ideal,1.0,19,361,4,20,targets_20_pi_h3_ideal,objective_tuning_target_load_pilot_25\scenarios\known_visit_g19_t20_n25.csv,1,11,10,20.92744785944769,20.92744785944769,02,02,1,0,True,completed
5,known_visit,PI,ideal,1.0,19,361,4,20,targets_20_pi_h3_ideal,objective_tuning_target_load_pilot_25\scenarios\known_visit_g19_t20_n25.csv,2,3,13,12.461840951305488,12.461840951305488,03,03,1,0,True,completed
5,known_visit,PI,ideal,1.0,19,361,4,20,targets_20_pi_h3_ideal,objective_tuning_target_load_pilot_25\scenarios\known_visit_g19_t20_n25.csv,3,17,2,40.0896109621701,40.0896109621701,00,00,1,0,True,completed
5,known_visit,PI,ideal,1.0,19,361,4,20,targets_20_pi_h3_ideal,objective_tuning_target_load_pilot_25\scenarios\known_visit_g19_t20_n25.csv,4,10,12,15.601483868354931,15.601483868354931,02,02,1,0,True,completed
5,known_visit,PI,ideal,1.0,19,361,4,20,targets_20_pi_h3_ideal,objective_tuning_target_load_pilot_25\scenarios\known_visit_g19_t20_n25.csv,5,7,0,14.765209572814944,14.765209572814944,00,00,1,0,True,completed
5,known_visit,PI,ideal,1.0,19,361,4,20,targets_20_pi_h3_ideal,objective_tuning_target_load_pilot_25\scenarios\known_visit_g19_t20_n25.csv,6,1,9,23.519966022660068,23.519966022660068,01,01,1,0,True,completed
5,known_visit,PI,ideal,1.0,19,361,4,20,targets_20_pi_h3_ideal,objective_tuning_target_load_pilot_25\scenarios\known_visit_g19_t20_n25.csv,7,9,9,26.189705334303774,26.189705334303774,02,02,1,0,True,completed
5,known_visit,PI,ideal,1.0,19,361,4,20,targets_20_pi_h3_ideal,objective_tuning_target_load_pilot_25\scenarios\known_visit_g19_t20_n25.csv,8,5,1,8.82560709372964,8.82560709372964,00,00,1,0,True,completed
5,known_visit,PI,ideal,1.0,19,361,4,20,targets_20_pi_h3_ideal,objective_tuning_target_load_pilot_25\scenarios\known_visit_g19_t20_n25.csv,9,12,13,27.819449420251104,27.819449420251104,03,03,1,0,True,completed
5,known_visit,PI,ideal,1.0,19,361,4,20,targets_20_pi_h3_ideal,objective_tuning_target_load_pilot_25\scenarios\known_visit_g19_t20_n25.csv,10,16,10,39.90336839456572,39.90336839456572,03,03,1,0,True,completed
5,known_visit,PI,ideal,1.0,19,361,4,20,targets_20_pi_h3_ideal,objective_tuning_target_load_pilot_25\scenarios\known_visit_g19_t20_n25.csv,11,17,5,54.601659494777415,54.601659494777415,03,03,1,0,True,completed
5,known_visit,PI,ideal,1.0,19,361,4,20,targets_20_pi_h3_ideal,objective_tuning_target_load_pilot_25\scenarios\known_visit_g19_t20_n25.csv,12,18,6,50.61820910264449,50.61820910264449,03,03,1,0,True,completed
5,known_visit,PI,ideal,1.0,19,361,4,20,targets_20_pi_h3_ideal,objective_tuning_target_load_pilot_25\scenarios\known_visit_g19_t20_n25.csv,13,11,11,19.242323587124105,19.242323587124105,02,02,1,0,True,completed
5,known_visit,PI,ideal,1.0,19,361,4,20,targets_20_pi_h3_ideal,objective_tuning_target_load_pilot_25\scenarios\known_visit_g19_t20_n25.csv,14,8,9,29.386942699875643,29.386942699875643,02,02,1,0,True,completed
5,known_visit,PI,ideal,1.0,19,361,4,20,targets_20_pi_h3_ideal,objective_tuning_target_load_pilot_25\scenarios\known_visit_g19_t20_n25.csv,15,12,2,31.421704176807282,31.421704176807282,00,00,1,0,True,completed
5,known_visit,PI,ideal,1.0,19,361,4,20,targets_20_pi_h3_ideal,objective_tuning_target_load_pilot_25\scenarios\known_visit_g19_t20_n25.csv,16,8,3,22.34549327013089,22.34549327013089,00,00,1,0,True,completed
5,known_visit,PI,ideal,1.0,19,361,4,20,targets_20_pi_h3_ideal,objective_tuning_target_load_pilot_25\scenarios\known_visit_g19_t20_n25.csv,17,13,16,54.11195827386682,54.11195827386682,02,02,1,0,True,completed
5,known_visit,PI,ideal,1.0,19,361,4,20,targets_20_pi_h3_ideal,objective_tuning_target_load_pilot_25\scenarios\known_visit_g19_t20_n25.csv,18,1,12,0.1323600403700354,0.1323600403700354,02,02,1,0,True,completed
5,known_visit,PI,ideal,1.0,19,361,4,20,targets_20_pi_h3_ideal,objective_tuning_target_load_pilot_25\scenarios\known_visit_g19_t20_n25.csv,19,8,12,12.219278162265036,12.219278162265036,02,02,1,0,True,completed
5,known_visit,PI,ideal,1.0,19,361,4,20,targets_20_pi_h3_ideal,objective_tuning_target_load_pilot_25\scenarios\known_visit_g19_t20_n25.csv,20,4,5,7.387245039258946,7.387245039258946,01,01,1,0,True,completed
6,known_visit,PI,ideal,1.0,19,361,4,20,targets_20_pi_h3_ideal,objective_tuning_target_load_pilot_25\scenarios\known_visit_g19_t20_n25.csv,1,2,9,7.287810227796715,7.287810227796715,02,02,1,0,True,completed
6,known_visit,PI,ideal,1.0,19,361,4,20,targets_20_pi_h3_ideal,objective_tuning_target_load_pilot_25\scenarios\known_visit_g19_t20_n25.csv,2,9,11,22.70846195200115,22.70846195200115,01,01,1,0,True,completed
6,known_visit,PI,ideal,1.0,19,361,4,20,targets_20_pi_h3_ideal,objective_tuning_target_load_pilot_25\scenarios\known_visit_g19_t20_n25.csv,3,17,12,52.9652596888212,52.9652596888212,02,02,1,0,True,completed
6,known_visit,PI,ideal,1.0,19,361,4,20,targets_20_pi_h3_ideal,objective_tuning_target_load_pilot_25\scenarios\known_visit_g19_t20_n25.csv,4,16,3,31.49203330449184,31.49203330449184,00,00,1,0,True,completed
6,known_visit,PI,ideal,1.0,19,361,4,20,targets_20_pi_h3_ideal,objective_tuning_target_load_pilot_25\scenarios\known_visit_g19_t20_n25.csv,5,18,4,36.692772078167195,36.692772078167195,00,00,1,0,True,completed
6,known_visit,PI,ideal,1.0,19,361,4,20,targets_20_pi_h3_ideal,objective_tuning_target_load_pilot_25\scenarios\known_visit_g19_t20_n25.csv,6,12,18,19.241304066499573,19.241304066499573,03,03,1,0,True,completed
6,known_visit,PI,ideal,1.0,19,361,4,20,targets_20_pi_h3_ideal,objective_tuning_target_load_pilot_25\scenarios\known_visit_g19_t20_n25.csv,7,11,8,31.31294428073264,31.31294428073264,01,01,1,0,True,completed
6,known_visit,PI,ideal,1.0,19,361,4,20,targets_20_pi_h3_ideal,objective_tuning_target_load_pilot_25\scenarios\known_visit_g19_t20_n25.csv,8,14,6,33.35478779010348,33.35478779010348,02,02,1,0,True,completed
6,known_visit,PI,ideal,1.0,19,361,4,20,targets_20_pi_h3_ideal,objective_tuning_target_load_pilot_25\scenarios\known_visit_g19_t20_n25.csv,9,13,10,42.655286414400294,42.655286414400294,02,02,1,0,True,completed
6,known_visit,PI,ideal,1.0,19,361,4,20,targets_20_pi_h3_ideal,objective_tuning_target_load_pilot_25\scenarios\known_visit_g19_t20_n25.csv,10,4,8,8.755114611400115,8.755114611400115,01,01,1,0,True,completed
6,known_visit,PI,ideal,1.0,19,361,4,20,targets_20_pi_h3_ideal,objective_tuning_target_load_pilot_25\scenarios\known_visit_g19_t20_n25.csv,11,10,16,26.487327576266377,26.487327576266377,03,03,1,0,True,completed
6,known_visit,PI,ideal,1.0,19,361,4,20,targets_20_pi_h3_ideal,objective_tuning_target_load_pilot_25\scenarios\known_visit_g19_t20_n25.csv,12,10,18,15.766398076467162,15.766398076467162,03,03,1,0,True,completed
6,known_visit,PI,ideal,1.0,19,361,4,20,targets_20_pi_h3_ideal,objective_tuning_target_load_pilot_25\scenarios\known_visit_g19_t20_n25.csv,13,12,3,24.438037959362234,24.438037959362234,00,00,1,0,True,completed
6,known_visit,PI,ideal,1.0,19,361,4,20,targets_20_pi_h3_ideal,objective_tuning_target_load_pilot_25\scenarios\known_visit_g19_t20_n25.csv,14,6,11,17.434033312067836,17.434033312067836,01,01,1,0,True,completed
6,known_visit,PI,ideal,1.0,19,361,4,20,targets_20_pi_h3_ideal,objective_tuning_target_load_pilot_25\scenarios\known_visit_g19_t20_n25.csv,15,5,0,7.000394145799448,7.000394145799448,00,00,1,0,True,completed
6,known_visit,PI,ideal,1.0,19,361,4,20,targets_20_pi_h3_ideal,objective_tuning_target_load_pilot_25\scenarios\known_visit_g19_t20_n25.csv,16,2,6,1.9215859121850258,1.9215859121850258,01,01,2,1,True,completed
6,known_visit,PI,ideal,1.0,19,361,4,20,targets_20_pi_h3_ideal,objective_tuning_target_load_pilot_25\scenarios\known_visit_g19_t20_n25.csv,17,15,1,47.47468888724756,47.47468888724756,00,00,1,0,True,completed
6,known_visit,PI,ideal,1.0,19,361,4,20,targets_20_pi_h3_ideal,objective_tuning_target_load_pilot_25\scenarios\known_visit_g19_t20_n25.csv,18,13,3,26.46041532211758,26.46041532211758,00,00,1,0,True,completed
6,known_visit,PI,ideal,1.0,19,361,4,20,targets_20_pi_h3_ideal,objective_tuning_target_load_pilot_25\scenarios\known_visit_g19_t20_n25.csv,19,13,7,37.38749341912968,37.38749341912968,02,02,1,0,True,completed
6,known_visit,PI,ideal,1.0,19,361,4,20,targets_20_pi_h3_ideal,objective_tuning_target_load_pilot_25\scenarios\known_visit_g19_t20_n25.csv,20,11,6,28.043056813670425,28.043056813670425,02,02,1,0,True,completed
7,known_visit,PI,ideal,1.0,19,361,4,20,targets_20_pi_h3_ideal,objective_tuning_target_load_pilot_25\scenarios\known_visit_g19_t20_n25.csv,1,4,7,7.4791628287715595,7.4791628287715595,01,01,1,0,True,completed
7,known_visit,PI,ideal,1.0,19,361,4,20,targets_20_pi_h3_ideal,objective_tuning_target_load_pilot_25\scenarios\known_visit_g19_t20_n25.csv,2,11,12,17.18413994711913,17.18413994711913,02,02,1,0,True,completed
7,known_visit,PI,ideal,1.0,19,361,4,20,targets_20_pi_h3_ideal,objective_tuning_target_load_pilot_25\scenarios\known_visit_g19_t20_n25.csv,3,14,18,33.4273370174641,33.4273370174641,03,03,1,0,True,completed
7,known_visit,PI,ideal,1.0,19,361,4,20,targets_20_pi_h3_ideal,objective_tuning_target_load_pilot_25\scenarios\known_visit_g19_t20_n25.csv,4,4,5,21.70989308257445,21.70989308257445,00,00,1,0,True,completed
7,known_visit,PI,ideal,1.0,19,361,4,20,targets_20_pi_h3_ideal,objective_tuning_target_load_pilot_25\scenarios\known_visit_g19_t20_n25.csv,5,9,6,32.45225858645505,32.45225858645505,00,00,1,0,True,completed
7,known_visit,PI,ideal,1.0,19,361,4,20,targets_20_pi_h3_ideal,objective_tuning_target_load_pilot_25\scenarios\known_visit_g19_t20_n25.csv,6,16,18,47.53682442748288,47.53682442748288,02,02,1,0,True,completed
7,known_visit,PI,ideal,1.0,19,361,4,20,targets_20_pi_h3_ideal,objective_tuning_target_load_pilot_25\scenarios\known_visit_g19_t20_n25.csv,7,4,17,14.603781993960995,14.603781993960995,03,03,1,0,True,completed
7,known_visit,PI,ideal,1.0,19,361,4,20,targets_20_pi_h3_ideal,objective_tuning_target_load_pilot_25\scenarios\known_visit_g19_t20_n25.csv,8,5,1,9.068154486923746,9.068154486923746,00,00,1,0,True,completed
7,known_visit,PI,ideal,1.0,19,361,4,20,targets_20_pi_h3_ideal,objective_tuning_target_load_pilot_25\scenarios\known_visit_g19_t20_n25.csv,9,17,17,51.641591286229676,51.641591286229676,02,02,1,0,True,completed
7,known_visit,PI,ideal,1.0,19,361,4,20,targets_20_pi_h3_ideal,objective_tuning_target_load_pilot_25\scenarios\known_visit_g19_t20_n25.csv,10,17,3,51.477225252192554,51.477225252192554,00,00,1,0,True,completed
7,known_visit,PI,ideal,1.0,19,361,4,20,targets_20_pi_h3_ideal,objective_tuning_target_load_pilot_25\scenarios\known_visit_g19_t20_n25.csv,11,11,9,23.328641529900274,23.328641529900274,01,01,1,0,True,completed
7,known_visit,PI,ideal,1.0,19,361,4,20,targets_20_pi_h3_ideal,objective_tuning_target_load_pilot_25\scenarios\known_visit_g19_t20_n25.csv,12,6,2,12.779026277663931,12.779026277663931,00,00,1,0,True,completed
7,known_visit,PI,ideal,1.0,19,361,4,20,targets_20_pi_h3_ideal,objective_tuning_target_load_pilot_25\scenarios\known_visit_g19_t20_n25.csv,13,3,12,3.778168668020451,3.778168668020451,02,02,1,0,True,completed
7,known_visit,PI,ideal,1.0,19,361,4,20,targets_20_pi_h3_ideal,objective_tuning_target_load_pilot_25\scenarios\known_visit_g19_t20_n25.csv,14,13,18,31.718924941771455,31.718924941771455,03,03,1,0,True,completed
7,known_visit,PI,ideal,1.0,19,361,4,20,targets_20_pi_h3_ideal,objective_tuning_target_load_pilot_25\scenarios\known_visit_g19_t20_n25.csv,15,9,16,31.933290649565805,31.933290649565805,02,02,1,0,True,completed
7,known_visit,PI,ideal,1.0,19,361,4,20,targets_20_pi_h3_ideal,objective_tuning_target_load_pilot_25\scenarios\known_visit_g19_t20_n25.csv,16,14,3,46.05504756363706,46.05504756363706,00,00,1,0,True,completed
7,known_visit,PI,ideal,1.0,19,361,4,20,targets_20_pi_h3_ideal,objective_tuning_target_load_pilot_25\scenarios\known_visit_g19_t20_n25.csv,17,0,15,3.7520368979820478,3.7520368979820478,03,03,1,0,True,completed
7,known_visit,PI,ideal,1.0,19,361,4,20,targets_20_pi_h3_ideal,objective_tuning_target_load_pilot_25\scenarios\known_visit_g19_t20_n25.csv,18,8,14,26.33110728440169,26.33110728440169,02,02,1,0,True,completed
7,known_visit,PI,ideal,1.0,19,361,4,20,targets_20_pi_h3_ideal,objective_tuning_target_load_pilot_25\scenarios\known_visit_g19_t20_n25.csv,19,18,5,56.74492512501898,56.74492512501898,00,00,1,0,True,completed
7,known_visit,PI,ideal,1.0,19,361,4,20,targets_20_pi_h3_ideal,objective_tuning_target_load_pilot_25\scenarios\known_visit_g19_t20_n25.csv,20,13,11,30.53278548512044,30.53278548512044,01,01,1,0,True,completed
8,known_visit,PI,ideal,1.0,19,361,4,20,targets_20_pi_h3_ideal,objective_tuning_target_load_pilot_25\scenarios\known_visit_g19_t20_n25.csv,1,16,2,44.415690649285786,44.415690649285786,02,02,1,0,True,completed
8,known_visit,PI,ideal,1.0,19,361,4,20,targets_20_pi_h3_ideal,objective_tuning_target_load_pilot_25\scenarios\known_visit_g19_t20_n25.csv,2,8,3,28.29138652361544,28.29138652361544,02,02,1,0,True,completed
8,known_visit,PI,ideal,1.0,19,361,4,20,targets_20_pi_h3_ideal,objective_tuning_target_load_pilot_25\scenarios\known_visit_g19_t20_n25.csv,3,18,12,44.1353113051206,44.1353113051206,03,03,1,0,True,completed
8,known_visit,PI,ideal,1.0,19,361,4,20,targets_20_pi_h3_ideal,objective_tuning_target_load_pilot_25\scenarios\known_visit_g19_t20_n25.csv,4,6,1,21.980788059857687,21.980788059857687,00,00,1,0,True,completed
8,known_visit,PI,ideal,1.0,19,361,4,20,targets_20_pi_h3_ideal,objective_tuning_target_load_pilot_25\scenarios\known_visit_g19_t20_n25.csv,5,17,14,38.41497648674409,38.41497648674409,03,03,1,0,True,completed
8,known_visit,PI,ideal,1.0,19,361,4,20,targets_20_pi_h3_ideal,objective_tuning_target_load_pilot_25\scenarios\known_visit_g19_t20_n25.csv,6,4,18,5.39854266487955,5.39854266487955,03,03,1,0,True,completed
8,known_visit,PI,ideal,1.0,19,361,4,20,targets_20_pi_h3_ideal,objective_tuning_target_load_pilot_25\scenarios\known_visit_g19_t20_n25.csv,7,10,17,17.393297467812793,17.393297467812793,03,03,1,0,True,completed
8,known_visit,PI,ideal,1.0,19,361,4,20,targets_20_pi_h3_ideal,objective_tuning_target_load_pilot_25\scenarios\known_visit_g19_t20_n25.csv,8,4,6,5.078340860018293,5.078340860018293,01,01,1,0,True,completed
8,known_visit,PI,ideal,1.0,19,361,4,20,targets_20_pi_h3_ideal,objective_tuning_target_load_pilot_25\scenarios\known_visit_g19_t20_n25.csv,9,7,18,10.39512927173101,10.39512927173101,03,03,1,0,True,completed
8,known_visit,PI,ideal,1.0,19,361,4,20,targets_20_pi_h3_ideal,objective_tuning_target_load_pilot_25\scenarios\known_visit_g19_t20_n25.csv,10,15,9,37.947032131798046,37.947032131798046,01,01,1,0,True,completed
8,known_visit,PI,ideal,1.0,19,361,4,20,targets_20_pi_h3_ideal,objective_tuning_target_load_pilot_25\scenarios\known_visit_g19_t20_n25.csv,11,4,1,18.262328883215037,18.262328883215037,00,00,1,0,True,completed
8,known_visit,PI,ideal,1.0,19,361,4,20,targets_20_pi_h3_ideal,objective_tuning_target_load_pilot_25\scenarios\known_visit_g19_t20_n25.csv,12,5,18,7.022209396581515,7.022209396581515,03,03,1,0,True,completed
8,known_visit,PI,ideal,1.0,19,361,4,20,targets_20_pi_h3_ideal,objective_tuning_target_load_pilot_25\scenarios\known_visit_g19_t20_n25.csv,13,12,13,27.879552985308393,27.879552985308393,03,03,1,0,True,completed
8,known_visit,PI,ideal,1.0,19,361,4,20,targets_20_pi_h3_ideal,objective_tuning_target_load_pilot_25\scenarios\known_visit_g19_t20_n25.csv,14,0,9,3.6875380936891493,3.6875380936891493,02,02,1,0,True,completed
8,known_visit,PI,ideal,1.0,19,361,4,20,targets_20_pi_h3_ideal,objective_tuning_target_load_pilot_25\scenarios\known_visit_g19_t20_n25.csv,15,2,7,10.863797516197728,10.863797516197728,02,02,1,0,True,completed
8,known_visit,PI,ideal,1.0,19,361,4,20,targets_20_pi_h3_ideal,objective_tuning_target_load_pilot_25\scenarios\known_visit_g19_t20_n25.csv,16,0,4,5.701466578400648,5.701466578400648,00,00,1,0,True,completed
8,known_visit,PI,ideal,1.0,19,361,4,20,targets_20_pi_h3_ideal,objective_tuning_target_load_pilot_25\scenarios\known_visit_g19_t20_n25.csv,17,4,5,7.042981288615141,7.042981288615141,01,01,1,0,True,completed
8,known_visit,PI,ideal,1.0,19,361,4,20,targets_20_pi_h3_ideal,objective_tuning_target_load_pilot_25\scenarios\known_visit_g19_t20_n25.csv,18,15,3,40.66254854962149,40.66254854962149,02,02,1,0,True,completed
8,known_visit,PI,ideal,1.0,19,361,4,20,targets_20_pi_h3_ideal,objective_tuning_target_load_pilot_25\scenarios\known_visit_g19_t20_n25.csv,19,6,6,12.728382673079148,12.728382673079148,01,01,1,0,True,completed
8,known_visit,PI,ideal,1.0,19,361,4,20,targets_20_pi_h3_ideal,objective_tuning_target_load_pilot_25\scenarios\known_visit_g19_t20_n25.csv,20,9,5,20.420594009657574,20.420594009657574,01,01,1,0,True,completed
9,known_visit,PI,ideal,1.0,19,361,4,20,targets_20_pi_h3_ideal,objective_tuning_target_load_pilot_25\scenarios\known_visit_g19_t20_n25.csv,1,0,3,10.705607379929168,10.705607379929168,00,00,1,0,True,completed
9,known_visit,PI,ideal,1.0,19,361,4,20,targets_20_pi_h3_ideal,objective_tuning_target_load_pilot_25\scenarios\known_visit_g19_t20_n25.csv,2,12,1,38.90680431128501,38.90680431128501,00,00,1,0,True,completed
9,known_visit,PI,ideal,1.0,19,361,4,20,targets_20_pi_h3_ideal,objective_tuning_target_load_pilot_25\scenarios\known_visit_g19_t20_n25.csv,3,6,13,18.128441354860342,18.128441354860342,02,02,1,0,True,completed
9,known_visit,PI,ideal,1.0,19,361,4,20,targets_20_pi_h3_ideal,objective_tuning_target_load_pilot_25\scenarios\known_visit_g19_t20_n25.csv,4,4,16,9.529560825825,9.529560825825,03,03,1,0,True,completed
9,known_visit,PI,ideal,1.0,19,361,4,20,targets_20_pi_h3_ideal,objective_tuning_target_load_pilot_25\scenarios\known_visit_g19_t20_n25.csv,5,5,4,21.48751173557986,21.48751173557986,00,00,1,0,True,completed
9,known_visit,PI,ideal,1.0,19,361,4,20,targets_20_pi_h3_ideal,objective_tuning_target_load_pilot_25\scenarios\known_visit_g19_t20_n25.csv,6,10,1,35.183887772845644,35.183887772845644,00,00,1,0,True,completed
9,known_visit,PI,ideal,1.0,19,361,4,20,targets_20_pi_h3_ideal,objective_tuning_target_load_pilot_25\scenarios\known_visit_g19_t20_n25.csv,7,2,0,1.7899371718064576,1.7899371718064576,00,00,1,0,True,completed
9,known_visit,PI,ideal,1.0,19,361,4,20,targets_20_pi_h3_ideal,objective_tuning_target_load_pilot_25\scenarios\known_visit_g19_t20_n25.csv,8,14,17,39.910823419628294,39.910823419628294,02,02,1,0,True,completed
9,known_visit,PI,ideal,1.0,19,361,4,20,targets_20_pi_h3_ideal,objective_tuning_target_load_pilot_25\scenarios\known_visit_g19_t20_n25.csv,9,12,14,30.975841443200448,30.975841443200448,02,02,1,0,True,completed
9,known_visit,PI,ideal,1.0,19,361,4,20,targets_20_pi_h3_ideal,objective_tuning_target_load_pilot_25\scenarios\known_visit_g19_t20_n25.csv,10,17,2,48.90924077866506,48.90924077866506,01,01,1,0,True,completed
9,known_visit,PI,ideal,1.0,19,361,4,20,targets_20_pi_h3_ideal,objective_tuning_target_load_pilot_25\scenarios\known_visit_g19_t20_n25.csv,11,9,15,19.866132332368476,19.866132332368476,03,03,1,0,True,completed
9,known_visit,PI,ideal,1.0,19,361,4,20,targets_20_pi_h3_ideal,objective_tuning_target_load_pilot_25\scenarios\known_visit_g19_t20_n25.csv,12,8,10,19.360212010550175,19.360212010550175,01,01,1,0,True,completed
9,known_visit,PI,ideal,1.0,19,361,4,20,targets_20_pi_h3_ideal,objective_tuning_target_load_pilot_25\scenarios\known_visit_g19_t20_n25.csv,13,2,16,5.798664580509315,5.798664580509315,03,03,1,0,True,completed
9,known_visit,PI,ideal,1.0,19,361,4,20,targets_20_pi_h3_ideal,objective_tuning_target_load_pilot_25\scenarios\known_visit_g19_t20_n25.csv,14,12,12,30.19367279770873,30.19367279770873,03,03,1,0,True,completed
9,known_visit,PI,ideal,1.0,19,361,4,20,targets_20_pi_h3_ideal,objective_tuning_target_load_pilot_25\scenarios\known_visit_g19_t20_n25.csv,15,7,10,17.73938407391165,17.73938407391165,01,01,1,0,True,completed
9,known_visit,PI,ideal,1.0,19,361,4,20,targets_20_pi_h3_ideal,objective_tuning_target_load_pilot_25\scenarios\known_visit_g19_t20_n25.csv,16,16,12,36.99730529373837,36.99730529373837,03,03,1,0,True,completed
9,known_visit,PI,ideal,1.0,19,361,4,20,targets_20_pi_h3_ideal,objective_tuning_target_load_pilot_25\scenarios\known_visit_g19_t20_n25.csv,17,14,2,43.59708499549655,43.59708499549655,01,01,1,0,True,completed
9,known_visit,PI,ideal,1.0,19,361,4,20,targets_20_pi_h3_ideal,objective_tuning_target_load_pilot_25\scenarios\known_visit_g19_t20_n25.csv,18,4,9,10.73509725455735,10.73509725455735,01,01,1,0,True,completed
9,known_visit,PI,ideal,1.0,19,361,4,20,targets_20_pi_h3_ideal,objective_tuning_target_load_pilot_25\scenarios\known_visit_g19_t20_n25.csv,19,9,12,24.88356140484604,24.88356140484604,03,03,1,0,True,completed
9,known_visit,PI,ideal,1.0,19,361,4,20,targets_20_pi_h3_ideal,objective_tuning_target_load_pilot_25\scenarios\known_visit_g19_t20_n25.csv,20,14,7,34.97092356111118,34.97092356111118,01,01,1,0,True,completed
10,known_visit,PI,ideal,1.0,19,361,4,20,targets_20_pi_h3_ideal,objective_tuning_target_load_pilot_25\scenarios\known_visit_g19_t20_n25.csv,1,4,8,9.300572198463186,9.300572198463186,01,01,1,0,True,completed
10,known_visit,PI,ideal,1.0,19,361,4,20,targets_20_pi_h3_ideal,objective_tuning_target_load_pilot_25\scenarios\known_visit_g19_t20_n25.csv,2,2,6,1.782019220370125,1.782019220370125,01,01,1,0,True,completed
10,known_visit,PI,ideal,1.0,19,361,4,20,targets_20_pi_h3_ideal,objective_tuning_target_load_pilot_25\scenarios\known_visit_g19_t20_n25.csv,3,12,8,22.83639713857865,22.83639713857865,01,01,1,0,True,completed
10,known_visit,PI,ideal,1.0,19,361,4,20,targets_20_pi_h3_ideal,objective_tuning_target_load_pilot_25\scenarios\known_visit_g19_t20_n25.csv,4,14,13,39.23921066581746,39.23921066581746,01,01,1,0,True,completed
10,known_visit,PI,ideal,1.0,19,361,4,20,targets_20_pi_h3_ideal,objective_tuning_target_load_pilot_25\scenarios\known_visit_g19_t20_n25.csv,5,16,9,42.397525564713256,42.397525564713256,02,02,1,0,True,completed
10,known_visit,PI,ideal,1.0,19,361,4,20,targets_20_pi_h3_ideal,objective_tuning_target_load_pilot_25\scenarios\known_visit_g19_t20_n25.csv,6,18,9,46.080427568096724,46.080427568096724,02,02,1,0,True,completed
10,known_visit,PI,ideal,1.0,19,361,4,20,targets_20_pi_h3_ideal,objective_tuning_target_load_pilot_25\scenarios\known_visit_g19_t20_n25.csv,7,10,0,15.399562106155674,15.399562106155674,00,00,1,0,True,completed
10,known_visit,PI,ideal,1.0,19,361,4,20,targets_20_pi_h3_ideal,objective_tuning_target_load_pilot_25\scenarios\known_visit_g19_t20_n25.csv,8,8,13,21.637119835450928,21.637119835450928,03,03,1,0,True,completed
10,known_visit,PI,ideal,1.0,19,361,4,20,targets_20_pi_h3_ideal,objective_tuning_target_load_pilot_25\scenarios\known_visit_g19_t20_n25.csv,9,2,7,3.8587776049117046,3.8587776049117046,01,01,1,0,True,completed
10,known_visit,PI,ideal,1.0,19,361,4,20,targets_20_pi_h3_ideal,objective_tuning_target_load_pilot_25\scenarios\known_visit_g19_t20_n25.csv,10,18,4,36.61564192639762,36.61564192639762,00,00,1,0,True,completed
10,known_visit,PI,ideal,1.0,19,361,4,20,targets_20_pi_h3_ideal,objective_tuning_target_load_pilot_25\scenarios\known_visit_g19_t20_n25.csv,11,1,9,5.502340363319247,5.502340363319247,02,02,1,0,True,completed
10,known_visit,PI,ideal,1.0,19,361,4,20,targets_20_pi_h3_ideal,objective_tuning_target_load_pilot_25\scenarios\known_visit_g19_t20_n25.csv,12,10,13,24.937583109043214,24.937583109043214,03,03,1,0,True,completed
10,known_visit,PI,ideal,1.0,19,361,4,20,targets_20_pi_h3_ideal,objective_tuning_target_load_pilot_25\scenarios\known_visit_g19_t20_n25.csv,13,1,6,0.15208792751119068,0.15208792751119068,01,01,1,0,True,completed
10,known_visit,PI,ideal,1.0,19,361,4,20,targets_20_pi_h3_ideal,objective_tuning_target_load_pilot_25\scenarios\known_visit_g19_t20_n25.csv,14,12,12,33.757605105561204,33.757605105561204,01,01,1,0,True,completed
10,known_visit,PI,ideal,1.0,19,361,4,20,targets_20_pi_h3_ideal,objective_tuning_target_load_pilot_25\scenarios\known_visit_g19_t20_n25.csv,15,6,17,11.008283809923933,11.008283809923933,03,03,1,0,True,completed
10,known_visit,PI,ideal,1.0,19,361,4,20,targets_20_pi_h3_ideal,objective_tuning_target_load_pilot_25\scenarios\known_visit_g19_t20_n25.csv,16,5,6,18.031991736637163,18.031991736637163,02,02,1,0,True,completed
10,known_visit,PI,ideal,1.0,19,361,4,20,targets_20_pi_h3_ideal,objective_tuning_target_load_pilot_25\scenarios\known_visit_g19_t20_n25.csv,17,13,11,30.07079589369396,30.07079589369396,01,01,1,0,True,completed
10,known_visit,PI,ideal,1.0,19,361,4,20,targets_20_pi_h3_ideal,objective_tuning_target_load_pilot_25\scenarios\known_visit_g19_t20_n25.csv,18,18,5,38.57923194547588,38.57923194547588,00,00,1,0,True,completed
10,known_visit,PI,ideal,1.0,19,361,4,20,targets_20_pi_h3_ideal,objective_tuning_target_load_pilot_25\scenarios\known_visit_g19_t20_n25.csv,19,5,0,7.01241450513532,7.01241450513532,00,00,1,0,True,completed
10,known_visit,PI,ideal,1.0,19,361,4,20,targets_20_pi_h3_ideal,objective_tuning_target_load_pilot_25\scenarios\known_visit_g19_t20_n25.csv,20,10,14,26.88416681988938,26.88416681988938,03,03,1,0,True,completed
11,known_visit,PI,ideal,1.0,19,361,4,20,targets_20_pi_h3_ideal,objective_tuning_target_load_pilot_25\scenarios\known_visit_g19_t20_n25.csv,1,16,16,40.93559443050372,40.93559443050372,03,03,1,0,True,completed
11,known_visit,PI,ideal,1.0,19,361,4,20,targets_20_pi_h3_ideal,objective_tuning_target_load_pilot_25\scenarios\known_visit_g19_t20_n25.csv,2,4,17,7.155048244412063,7.155048244412063,03,03,1,0,True,completed
11,known_visit,PI,ideal,1.0,19,361,4,20,targets_20_pi_h3_ideal,objective_tuning_target_load_pilot_25\scenarios\known_visit_g19_t20_n25.csv,3,8,8,19.18798081278065,19.18798081278065,02,02,1,0,True,completed
11,known_visit,PI,ideal,1.0,19,361,4,20,targets_20_pi_h3_ideal,objective_tuning_target_load_pilot_25\scenarios\known_visit_g19_t20_n25.csv,4,13,1,47.66080866800392,47.66080866800392,01,01,1,0,True,completed
11,known_visit,PI,ideal,1.0,19,361,4,20,targets_20_pi_h3_ideal,objective_tuning_target_load_pilot_25\scenarios\known_visit_g19_t20_n25.csv,5,7,6,10.592787972278686,10.592787972278686,01,01,2,1,True,completed
11,known_visit,PI,ideal,1.0,19,361,4,20,targets_20_pi_h3_ideal,objective_tuning_target_load_pilot_25\scenarios\known_visit_g19_t20_n25.csv,6,13,5,40.90202655229559,40.90202655229559,01,01,1,0,True,completed
11,known_visit,PI,ideal,1.0,19,361,4,20,targets_20_pi_h3_ideal,objective_tuning_target_load_pilot_25\scenarios\known_visit_g19_t20_n25.csv,7,12,18,23.12068660106357,23.12068660106357,03,03,1,0,True,completed
11,known_visit,PI,ideal,1.0,19,361,4,20,targets_20_pi_h3_ideal,objective_tuning_target_load_pilot_25\scenarios\known_visit_g19_t20_n25.csv,8,10,6,15.791904410159589,15.791904410159589,01,01,1,0,True,completed
11,known_visit,PI,ideal,1.0,19,361,4,20,targets_20_pi_h3_ideal,objective_tuning_target_load_pilot_25\scenarios\known_visit_g19_t20_n25.csv,9,15,7,26.278420121286246,26.278420121286246,01,01,1,0,True,completed
11,known_visit,PI,ideal,1.0,19,361,4,20,targets_20_pi_h3_ideal,objective_tuning_target_load_pilot_25\scenarios\known_visit_g19_t20_n25.csv,10,11,12,31.167519542072043,31.167519542072043,02,02,1,0,True,completed
11,known_visit,PI,ideal,1.0,19,361,4,20,targets_20_pi_h3_ideal,objective_tuning_target_load_pilot_25\scenarios\known_visit_g19_t20_n25.csv,11,6,7,24.723443581584302,24.723443581584302,00,00,1,0,True,completed
11,known_visit,PI,ideal,1.0,19,361,4,20,targets_20_pi_h3_ideal,objective_tuning_target_load_pilot_25\scenarios\known_visit_g19_t20_n25.csv,12,18,18,33.546075079310924,33.546075079310924,03,03,1,0,True,completed
11,known_visit,PI,ideal,1.0,19,361,4,20,targets_20_pi_h3_ideal,objective_tuning_target_load_pilot_25\scenarios\known_visit_g19_t20_n25.csv,13,6,11,31.77455760018371,31.77455760018371,00,00,1,0,True,completed
11,known_visit,PI,ideal,1.0,19,361,4,20,targets_20_pi_h3_ideal,objective_tuning_target_load_pilot_25\scenarios\known_visit_g19_t20_n25.csv,14,15,8,27.90857781115606,27.90857781115606,01,01,1,0,True,completed
11,known_visit,PI,ideal,1.0,19,361,4,20,targets_20_pi_h3_ideal,objective_tuning_target_load_pilot_25\scenarios\known_visit_g19_t20_n25.csv,15,15,14,46.41305687877705,46.41305687877705,03,03,1,0,True,completed
11,known_visit,PI,ideal,1.0,19,361,4,20,targets_20_pi_h3_ideal,objective_tuning_target_load_pilot_25\scenarios\known_visit_g19_t20_n25.csv,16,3,10,6.956005095536448,6.956005095536448,02,02,1,0,True,completed
11,known_visit,PI,ideal,1.0,19,361,4,20,targets_20_pi_h3_ideal,objective_tuning_target_load_pilot_25\scenarios\known_visit_g19_t20_n25.csv,17,1,12,0.12289163533072878,0.12289163533072878,02,02,1,0,True,completed
11,known_visit,PI,ideal,1.0,19,361,4,20,targets_20_pi_h3_ideal,objective_tuning_target_load_pilot_25\scenarios\known_visit_g19_t20_n25.csv,18,3,12,3.402899625163153,3.402899625163153,02,02,1,0,True,completed
11,known_visit,PI,ideal,1.0,19,361,4,20,targets_20_pi_h3_ideal,objective_tuning_target_load_pilot_25\scenarios\known_visit_g19_t20_n25.csv,19,3,8,10.358711129418399,10.358711129418399,02,02,1,0,True,completed
11,known_visit,PI,ideal,1.0,19,361,4,20,targets_20_pi_h3_ideal,objective_tuning_target_load_pilot_25\scenarios\known_visit_g19_t20_n25.csv,20,7,16,42.025662872145986,42.025662872145986,00,00,1,0,True,completed
12,known_visit,PI,ideal,1.0,19,361,4,20,targets_20_pi_h3_ideal,objective_tuning_target_load_pilot_25\scenarios\known_visit_g19_t20_n25.csv,1,16,8,47.662569709910315,47.662569709910315,02,02,1,0,True,completed
12,known_visit,PI,ideal,1.0,19,361,4,20,targets_20_pi_h3_ideal,objective_tuning_target_load_pilot_25\scenarios\known_visit_g19_t20_n25.csv,2,15,17,65.17549180200038,65.17549180200038,02,02,1,0,True,completed
12,known_visit,PI,ideal,1.0,19,361,4,20,targets_20_pi_h3_ideal,objective_tuning_target_load_pilot_25\scenarios\known_visit_g19_t20_n25.csv,3,10,10,34.077473695703105,34.077473695703105,01,01,1,0,True,completed
12,known_visit,PI,ideal,1.0,19,361,4,20,targets_20_pi_h3_ideal,objective_tuning_target_load_pilot_25\scenarios\known_visit_g19_t20_n25.csv,4,18,13,42.32710752958438,42.32710752958438,03,03,1,0,True,completed
12,known_visit,PI,ideal,1.0,19,361,4,20,targets_20_pi_h3_ideal,objective_tuning_target_load_pilot_25\scenarios\known_visit_g19_t20_n25.csv,5,4,16,12.915812676245526,12.915812676245526,03,03,1,0,True,completed
12,known_visit,PI,ideal,1.0,19,361,4,20,targets_20_pi_h3_ideal,objective_tuning_target_load_pilot_25\scenarios\known_visit_g19_t20_n25.csv,6,5,7,16.337747982406484,16.337747982406484,02,02,1,0,True,completed
12,known_visit,PI,ideal,1.0,19,361,4,20,targets_20_pi_h3_ideal,objective_tuning_target_load_pilot_25\scenarios\known_visit_g19_t20_n25.csv,7,13,3,26.32380624827425,26.32380624827425,00,00,1,0,True,completed
12,known_visit,PI,ideal,1.0,19,361,4,20,targets_20_pi_h3_ideal,objective_tuning_target_load_pilot_25\scenarios\known_visit_g19_t20_n25.csv,8,9,3,19.392138254423326,19.392138254423326,00,00,1,0,True,completed
12,known_visit,PI,ideal,1.0,19,361,4,20,targets_20_pi_h3_ideal,objective_tuning_target_load_pilot_25\scenarios\known_visit_g19_t20_n25.csv,9,3,6,3.711509082793969,3.711509082793969,01,01,1,0,True,completed
12,known_visit,PI,ideal,1.0,19,361,4,20,targets_20_pi_h3_ideal,objective_tuning_target_load_pilot_25\scenarios\known_visit_g19_t20_n25.csv,10,4,9,10.716466147659771,10.716466147659771,02,02,1,0,True,completed
12,known_visit,PI,ideal,1.0,19,361,4,20,targets_20_pi_h3_ideal,objective_tuning_target_load_pilot_25\scenarios\known_visit_g19_t20_n25.csv,11,16,15,59.84921485195134,59.84921485195134,02,02,1,0,True,completed
12,known_visit,PI,ideal,1.0,19,361,4,20,targets_20_pi_h3_ideal,objective_tuning_target_load_pilot_25\scenarios\known_visit_g19_t20_n25.csv,12,1,8,14.662395900779462,14.662395900779462,01,01,1,0,True,completed
12,known_visit,PI,ideal,1.0,19,361,4,20,targets_20_pi_h3_ideal,objective_tuning_target_load_pilot_25\scenarios\known_visit_g19_t20_n25.csv,13,9,13,27.15329573526168,27.15329573526168,03,03,1,0,True,completed
12,known_visit,PI,ideal,1.0,19,361,4,20,targets_20_pi_h3_ideal,objective_tuning_target_load_pilot_25\scenarios\known_visit_g19_t20_n25.csv,14,11,3,22.949227095115802,22.949227095115802,00,00,1,0,True,completed
12,known_visit,PI,ideal,1.0,19,361,4,20,targets_20_pi_h3_ideal,objective_tuning_target_load_pilot_25\scenarios\known_visit_g19_t20_n25.csv,15,1,12,0.2412559939154062,0.2412559939154062,02,02,1,0,True,completed
12,known_visit,PI,ideal,1.0,19,361,4,20,targets_20_pi_h3_ideal,objective_tuning_target_load_pilot_25\scenarios\known_visit_g19_t20_n25.csv,16,5,18,7.054026587733754,7.054026587733754,03,03,1,0,True,completed
12,known_visit,PI,ideal,1.0,19,361,4,20,targets_20_pi_h3_ideal,objective_tuning_target_load_pilot_25\scenarios\known_visit_g19_t20_n25.csv,17,15,2,31.66511045836002,31.66511045836002,00,00,1,0,True,completed
12,known_visit,PI,ideal,1.0,19,361,4,20,targets_20_pi_h3_ideal,objective_tuning_target_load_pilot_25\scenarios\known_visit_g19_t20_n25.csv,18,17,4,39.02465891630337,39.02465891630337,00,00,1,0,True,completed
12,known_visit,PI,ideal,1.0,19,361,4,20,targets_20_pi_h3_ideal,objective_tuning_target_load_pilot_25\scenarios\known_visit_g19_t20_n25.csv,19,14,18,68.8357805286839,68.8357805286839,02,02,1,0,True,completed
12,known_visit,PI,ideal,1.0,19,361,4,20,targets_20_pi_h3_ideal,objective_tuning_target_load_pilot_25\scenarios\known_visit_g19_t20_n25.csv,20,8,1,14.107521711869088,14.107521711869088,00,00,1,0,True,completed
13,known_visit,PI,ideal,1.0,19,361,4,20,targets_20_pi_h3_ideal,objective_tuning_target_load_pilot_25\scenarios\known_visit_g19_t20_n25.csv,1,3,18,3.6327579058168484,3.6327579058168484,03,03,1,0,True,completed
13,known_visit,PI,ideal,1.0,19,361,4,20,targets_20_pi_h3_ideal,objective_tuning_target_load_pilot_25\scenarios\known_visit_g19_t20_n25.csv,2,3,5,5.517058545542914,5.517058545542914,01,01,1,0,True,completed
13,known_visit,PI,ideal,1.0,19,361,4,20,targets_20_pi_h3_ideal,objective_tuning_target_load_pilot_25\scenarios\known_visit_g19_t20_n25.csv,3,9,11,24.4683124275569,24.4683124275569,02,02,1,0,True,completed
13,known_visit,PI,ideal,1.0,19,361,4,20,targets_20_pi_h3_ideal,objective_tuning_target_load_pilot_25\scenarios\known_visit_g19_t20_n25.csv,4,1,0,0.17931396386578716,0.17931396386578716,00,00,1,0,True,completed
13,known_visit,PI,ideal,1.0,19,361,4,20,targets_20_pi_h3_ideal,objective_tuning_target_load_pilot_25\scenarios\known_visit_g19_t20_n25.csv,5,12,14,26.278383251996644,26.278383251996644,03,03,1,0,True,completed
13,known_visit,PI,ideal,1.0,19,361,4,20,targets_20_pi_h3_ideal,objective_tuning_target_load_pilot_25\scenarios\known_visit_g19_t20_n25.csv,6,9,18,13.783180858365256,13.783180858365256,03,03,1,0,True,completed
13,known_visit,PI,ideal,1.0,19,361,4,20,targets_20_pi_h3_ideal,objective_tuning_target_load_pilot_25\scenarios\known_visit_g19_t20_n25.csv,7,16,9,49.728297664065515,49.728297664065515,01,01,1,0,True,completed
13,known_visit,PI,ideal,1.0,19,361,4,20,targets_20_pi_h3_ideal,objective_tuning_target_load_pilot_25\scenarios\known_visit_g19_t20_n25.csv,8,0,13,0.5342048234851909,0.5342048234851909,02,02,1,0,True,completed
13,known_visit,PI,ideal,1.0,19,361,4,20,targets_20_pi_h3_ideal,objective_tuning_target_load_pilot_25\scenarios\known_visit_g19_t20_n25.csv,9,11,14,24.298363730980213,24.298363730980213,03,03,1,0,True,completed
13,known_visit,PI,ideal,1.0,19,361,4,20,targets_20_pi_h3_ideal,objective_tuning_target_load_pilot_25\scenarios\known_visit_g19_t20_n25.csv,10,13,0,20.74921279483537,20.74921279483537,00,00,1,0,True,completed
13,known_visit,PI,ideal,1.0,19,361,4,20,targets_20_pi_h3_ideal,objective_tuning_target_load_pilot_25\scenarios\known_visit_g19_t20_n25.csv,11,15,0,24.159027474966432,24.159027474966432,00,00,1,0,True,completed
13,known_visit,PI,ideal,1.0,19,361,4,20,targets_20_pi_h3_ideal,objective_tuning_target_load_pilot_25\scenarios\known_visit_g19_t20_n25.csv,12,12,6,37.47224199844854,37.47224199844854,01,01,1,0,True,completed
13,known_visit,PI,ideal,1.0,19,361,4,20,targets_20_pi_h3_ideal,objective_tuning_target_load_pilot_25\scenarios\known_visit_g19_t20_n25.csv,13,10,1,25.106097042584775,25.106097042584775,01,01,1,0,True,completed
13,known_visit,PI,ideal,1.0,19,361,4,20,targets_20_pi_h3_ideal,objective_tuning_target_load_pilot_25\scenarios\known_visit_g19_t20_n25.csv,14,17,1,29.54694897014211,29.54694897014211,00,00,1,0,True,completed
13,known_visit,PI,ideal,1.0,19,361,4,20,targets_20_pi_h3_ideal,objective_tuning_target_load_pilot_25\scenarios\known_visit_g19_t20_n25.csv,15,14,17,34.906264013191006,34.906264013191006,03,03,1,0,True,completed
13,known_visit,PI,ideal,1.0,19,361,4,20,targets_20_pi_h3_ideal,objective_tuning_target_load_pilot_25\scenarios\known_visit_g19_t20_n25.csv,16,11,16,20.910278231344765,20.910278231344765,03,03,1,0,True,completed
13,known_visit,PI,ideal,1.0,19,361,4,20,targets_20_pi_h3_ideal,objective_tuning_target_load_pilot_25\scenarios\known_visit_g19_t20_n25.csv,17,18,14,61.978385277762136,61.978385277762136,01,01,1,0,True,completed
13,known_visit,PI,ideal,1.0,19,361,4,20,targets_20_pi_h3_ideal,objective_tuning_target_load_pilot_25\scenarios\known_visit_g19_t20_n25.csv,18,10,11,26.510107985039575,26.510107985039575,02,02,1,0,True,completed
13,known_visit,PI,ideal,1.0,19,361,4,20,targets_20_pi_h3_ideal,objective_tuning_target_load_pilot_25\scenarios\known_visit_g19_t20_n25.csv,19,6,2,16.224141945139223,16.224141945139223,01,01,1,0,True,completed
13,known_visit,PI,ideal,1.0,19,361,4,20,targets_20_pi_h3_ideal,objective_tuning_target_load_pilot_25\scenarios\known_visit_g19_t20_n25.csv,20,7,10,18.543430552993712,18.543430552993712,02,02,1,0,True,completed
14,known_visit,PI,ideal,1.0,19,361,4,20,targets_20_pi_h3_ideal,objective_tuning_target_load_pilot_25\scenarios\known_visit_g19_t20_n25.csv,1,11,12,38.73251898726232,38.73251898726232,03,03,1,0,True,completed
14,known_visit,PI,ideal,1.0,19,361,4,20,targets_20_pi_h3_ideal,objective_tuning_target_load_pilot_25\scenarios\known_visit_g19_t20_n25.csv,2,18,14,61.50516003937777,61.50516003937777,02,02,1,0,True,completed
14,known_visit,PI,ideal,1.0,19,361,4,20,targets_20_pi_h3_ideal,objective_tuning_target_load_pilot_25\scenarios\known_visit_g19_t20_n25.csv,3,14,10,47.683204441842605,47.683204441842605,02,02,1,0,True,completed
14,known_visit,PI,ideal,1.0,19,361,4,20,targets_20_pi_h3_ideal,objective_tuning_target_load_pilot_25\scenarios\known_visit_g19_t20_n25.csv,4,11,4,24.785263260262425,24.785263260262425,00,00,2,1,True,completed
14,known_visit,PI,ideal,1.0,19,361,4,20,targets_20_pi_h3_ideal,objective_tuning_target_load_pilot_25\scenarios\known_visit_g19_t20_n25.csv,5,5,3,12.542072523406512,12.542072523406512,00,00,1,0,True,completed
14,known_visit,PI,ideal,1.0,19,361,4,20,targets_20_pi_h3_ideal,objective_tuning_target_load_pilot_25\scenarios\known_visit_g19_t20_n25.csv,6,11,5,26.405946943178623,26.405946943178623,00,00,1,0,True,completed
14,known_visit,PI,ideal,1.0,19,361,4,20,targets_20_pi_h3_ideal,objective_tuning_target_load_pilot_25\scenarios\known_visit_g19_t20_n25.csv,7,5,9,23.063798915884423,23.063798915884423,03,03,1,0,True,completed
14,known_visit,PI,ideal,1.0,19,361,4,20,targets_20_pi_h3_ideal,objective_tuning_target_load_pilot_25\scenarios\known_visit_g19_t20_n25.csv,8,11,18,53.16222029440574,53.16222029440574,03,03,1,0,True,completed
14,known_visit,PI,ideal,1.0,19,361,4,20,targets_20_pi_h3_ideal,objective_tuning_target_load_pilot_25\scenarios\known_visit_g19_t20_n25.csv,9,12,10,30.957912730084132,30.957912730084132,01,01,1,0,True,completed
14,known_visit,PI,ideal,1.0,19,361,4,20,targets_20_pi_h3_ideal,objective_tuning_target_load_pilot_25\scenarios\known_visit_g19_t20_n25.csv,10,2,9,7.443520770015461,7.443520770015461,02,02,2,1,True,completed
14,known_visit,PI,ideal,1.0,19,361,4,20,targets_20_pi_h3_ideal,objective_tuning_target_load_pilot_25\scenarios\known_visit_g19_t20_n25.csv,11,18,6,40.181499695527044,40.181499695527044,00,00,1,0,True,completed
14,known_visit,PI,ideal,1.0,19,361,4,20,targets_20_pi_h3_ideal,objective_tuning_target_load_pilot_25\scenarios\known_visit_g19_t20_n25.csv,12,18,0,50.56967446746297,50.56967446746297,00,00,1,0,True,completed
14,known_visit,PI,ideal,1.0,19,361,4,20,targets_20_pi_h3_ideal,objective_tuning_target_load_pilot_25\scenarios\known_visit_g19_t20_n25.csv,13,13,6,31.83172149186233,31.83172149186233,00,00,1,0,True,completed
14,known_visit,PI,ideal,1.0,19,361,4,20,targets_20_pi_h3_ideal,objective_tuning_target_load_pilot_25\scenarios\known_visit_g19_t20_n25.csv,14,7,8,18.39308855360239,18.39308855360239,01,01,1,0,True,completed
14,known_visit,PI,ideal,1.0,19,361,4,20,targets_20_pi_h3_ideal,objective_tuning_target_load_pilot_25\scenarios\known_visit_g19_t20_n25.csv,15,12,6,30.13815215239949,30.13815215239949,00,00,1,0,True,completed
14,known_visit,PI,ideal,1.0,19,361,4,20,targets_20_pi_h3_ideal,objective_tuning_target_load_pilot_25\scenarios\known_visit_g19_t20_n25.csv,16,0,13,7.265168074516697,7.265168074516697,03,03,1,0,True,completed
14,known_visit,PI,ideal,1.0,19,361,4,20,targets_20_pi_h3_ideal,objective_tuning_target_load_pilot_25\scenarios\known_visit_g19_t20_n25.csv,17,10,9,25.594415681713684,25.594415681713684,01,01,2,1,True,completed
14,known_visit,PI,ideal,1.0,19,361,4,20,targets_20_pi_h3_ideal,objective_tuning_target_load_pilot_25\scenarios\known_visit_g19_t20_n25.csv,18,14,17,74.52941520832468,74.52941520832468,02,02,1,0,True,completed
14,known_visit,PI,ideal,1.0,19,361,4,20,targets_20_pi_h3_ideal,objective_tuning_target_load_pilot_25\scenarios\known_visit_g19_t20_n25.csv,19,16,15,67.27427560482694,67.27427560482694,02,02,1,0,True,completed
14,known_visit,PI,ideal,1.0,19,361,4,20,targets_20_pi_h3_ideal,objective_tuning_target_load_pilot_25\scenarios\known_visit_g19_t20_n25.csv,20,3,4,18.129043206645335,18.129043206645335,02,02,1,0,True,completed
15,known_visit,PI,ideal,1.0,19,361,4,20,targets_20_pi_h3_ideal,objective_tuning_target_load_pilot_25\scenarios\known_visit_g19_t20_n25.csv,1,16,11,46.91742239791721,46.91742239791721,03,03,1,0,True,completed
15,known_visit,PI,ideal,1.0,19,361,4,20,targets_20_pi_h3_ideal,objective_tuning_target_load_pilot_25\scenarios\known_visit_g19_t20_n25.csv,2,7,16,14.455860831093961,14.455860831093961,03,03,1,0,True,completed
15,known_visit,PI,ideal,1.0,19,361,4,20,targets_20_pi_h3_ideal,objective_tuning_target_load_pilot_25\scenarios\known_visit_g19_t20_n25.csv,3,7,0,10.341985200932537,10.341985200932537,00,00,1,0,True,completed
15,known_visit,PI,ideal,1.0,19,361,4,20,targets_20_pi_h3_ideal,objective_tuning_target_load_pilot_25\scenarios\known_visit_g19_t20_n25.csv,4,17,18,47.14285079754735,47.14285079754735,02,02,1,0,True,completed
15,known_visit,PI,ideal,1.0,19,361,4,20,targets_20_pi_h3_ideal,objective_tuning_target_load_pilot_25\scenarios\known_visit_g19_t20_n25.csv,5,14,14,34.26546242754095,34.26546242754095,02,02,1,0,True,completed
15,known_visit,PI,ideal,1.0,19,361,4,20,targets_20_pi_h3_ideal,objective_tuning_target_load_pilot_25\scenarios\known_visit_g19_t20_n25.csv,6,16,15,39.73763526297559,39.73763526297559,02,02,1,0,True,completed
15,known_visit,PI,ideal,1.0,19,361,4,20,targets_20_pi_h3_ideal,objective_tuning_target_load_pilot_25\scenarios\known_visit_g19_t20_n25.csv,7,6,7,10.642024146985483,10.642024146985483,01,01,1,0,True,completed
15,known_visit,PI,ideal,1.0,19,361,4,20,targets_20_pi_h3_ideal,objective_tuning_target_load_pilot_25\scenarios\known_visit_g19_t20_n25.csv,8,10,3,24.585531280046826,24.585531280046826,00,00,1,0,True,completed
15,known_visit,PI,ideal,1.0,19,361,4,20,targets_20_pi_h3_ideal,objective_tuning_target_load_pilot_25\scenarios\known_visit_g19_t20_n25.csv,9,6,3,21.696735397689,21.696735397689,01,01,1,0,True,completed
15,known_visit,PI,ideal,1.0,19,361,4,20,targets_20_pi_h3_ideal,objective_tuning_target_load_pilot_25\scenarios\known_visit_g19_t20_n25.csv,10,6,11,25.392516564839664,25.392516564839664,03,03,1,0,True,completed
15,known_visit,PI,ideal,1.0,19,361,4,20,targets_20_pi_h3_ideal,objective_tuning_target_load_pilot_25\scenarios\known_visit_g19_t20_n25.csv,11,15,1,40.764157108315494,40.764157108315494,01,01,1,0,True,completed
15,known_visit,PI,ideal,1.0,19,361,4,20,targets_20_pi_h3_ideal,objective_tuning_target_load_pilot_25\scenarios\known_visit_g19_t20_n25.csv,12,17,1,44.16992966973527,44.16992966973527,01,01,1,0,True,completed
15,known_visit,PI,ideal,1.0,19,361,4,20,targets_20_pi_h3_ideal,objective_tuning_target_load_pilot_25\scenarios\known_visit_g19_t20_n25.csv,13,11,0,17.14704373357641,17.14704373357641,00,00,1,0,True,completed
15,known_visit,PI,ideal,1.0,19,361,4,20,targets_20_pi_h3_ideal,objective_tuning_target_load_pilot_25\scenarios\known_visit_g19_t20_n25.csv,14,1,14,3.9815591355096847,3.9815591355096847,02,02,1,0,True,completed
15,known_visit,PI,ideal,1.0,19,361,4,20,targets_20_pi_h3_ideal,objective_tuning_target_load_pilot_25\scenarios\known_visit_g19_t20_n25.csv,15,17,16,43.30623194774264,43.30623194774264,02,02,1,0,True,completed
15,known_visit,PI,ideal,1.0,19,361,4,20,targets_20_pi_h3_ideal,objective_tuning_target_load_pilot_25\scenarios\known_visit_g19_t20_n25.csv,16,10,16,23.019982610457788,23.019982610457788,02,02,1,0,True,completed
15,known_visit,PI,ideal,1.0,19,361,4,20,targets_20_pi_h3_ideal,objective_tuning_target_load_pilot_25\scenarios\known_visit_g19_t20_n25.csv,17,18,2,47.867971465108184,47.867971465108184,01,01,1,0,True,completed
15,known_visit,PI,ideal,1.0,19,361,4,20,targets_20_pi_h3_ideal,objective_tuning_target_load_pilot_25\scenarios\known_visit_g19_t20_n25.csv,18,10,8,33.42576368510441,33.42576368510441,00,00,1,0,True,completed
15,known_visit,PI,ideal,1.0,19,361,4,20,targets_20_pi_h3_ideal,objective_tuning_target_load_pilot_25\scenarios\known_visit_g19_t20_n25.csv,19,11,14,28.754111818368674,28.754111818368674,02,02,1,0,True,completed
15,known_visit,PI,ideal,1.0,19,361,4,20,targets_20_pi_h3_ideal,objective_tuning_target_load_pilot_25\scenarios\known_visit_g19_t20_n25.csv,20,18,11,50.47472798144153,50.47472798144153,03,03,1,0,True,completed
16,known_visit,PI,ideal,1.0,19,361,4,20,targets_20_pi_h3_ideal,objective_tuning_target_load_pilot_25\scenarios\known_visit_g19_t20_n25.csv,1,1,10,3.9944626302057546,3.9944626302057546,02,02,1,0,True,completed
16,known_visit,PI,ideal,1.0,19,361,4,20,targets_20_pi_h3_ideal,objective_tuning_target_load_pilot_25\scenarios\known_visit_g19_t20_n25.csv,2,4,18,5.220558428421021,5.220558428421021,03,03,1,0,True,completed
16,known_visit,PI,ideal,1.0,19,361,4,20,targets_20_pi_h3_ideal,objective_tuning_target_load_pilot_25\scenarios\known_visit_g19_t20_n25.csv,3,13,14,55.39341721703401,55.39341721703401,03,03,1,0,True,completed
16,known_visit,PI,ideal,1.0,19,361,4,20,targets_20_pi_h3_ideal,objective_tuning_target_load_pilot_25\scenarios\known_visit_g19_t20_n25.csv,4,8,2,19.815354060631694,19.815354060631694,01,01,1,0,True,completed
16,known_visit,PI,ideal,1.0,19,361,4,20,targets_20_pi_h3_ideal,objective_tuning_target_load_pilot_25\scenarios\known_visit_g19_t20_n25.csv,5,3,4,7.713147703782405,7.713147703782405,01,01,1,0,True,completed
16,known_visit,PI,ideal,1.0,19,361,4,20,targets_20_pi_h3_ideal,objective_tuning_target_load_pilot_25\scenarios\known_visit_g19_t20_n25.csv,6,15,3,42.232276906298395,42.232276906298395,00,00,1,0,True,completed
16,known_visit,PI,ideal,1.0,19,361,4,20,targets_20_pi_h3_ideal,objective_tuning_target_load_pilot_25\scenarios\known_visit_g19_t20_n25.csv,7,14,8,53.014868925086425,53.014868925086425,00,00,1,0,True,completed
16,known_visit,PI,ideal,1.0,19,361,4,20,targets_20_pi_h3_ideal,objective_tuning_target_load_pilot_25\scenarios\known_visit_g19_t20_n25.csv,8,6,0,20.066320070815962,20.066320070815962,00,00,1,0,True,completed
16,known_visit,PI,ideal,1.0,19,361,4,20,targets_20_pi_h3_ideal,objective_tuning_target_load_pilot_25\scenarios\known_visit_g19_t20_n25.csv,9,7,7,34.870822007952796,34.870822007952796,02,02,1,0,True,completed
16,known_visit,PI,ideal,1.0,19,361,4,20,targets_20_pi_h3_ideal,objective_tuning_target_load_pilot_25\scenarios\known_visit_g19_t20_n25.csv,10,14,3,40.244210401731145,40.244210401731145,00,00,1,0,True,completed
16,known_visit,PI,ideal,1.0,19,361,4,20,targets_20_pi_h3_ideal,objective_tuning_target_load_pilot_25\scenarios\known_visit_g19_t20_n25.csv,11,14,14,57.30287981461498,57.30287981461498,03,03,1,0,True,completed
16,known_visit,PI,ideal,1.0,19,361,4,20,targets_20_pi_h3_ideal,objective_tuning_target_load_pilot_25\scenarios\known_visit_g19_t20_n25.csv,12,14,13,59.38339846728205,59.38339846728205,03,03,1,0,True,completed
16,known_visit,PI,ideal,1.0,19,361,4,20,targets_20_pi_h3_ideal,objective_tuning_target_load_pilot_25\scenarios\known_visit_g19_t20_n25.csv,13,3,9,25.71122480171888,25.71122480171888,03,03,1,0,True,completed
16,known_visit,PI,ideal,1.0,19,361,4,20,targets_20_pi_h3_ideal,objective_tuning_target_load_pilot_25\scenarios\known_visit_g19_t20_n25.csv,14,5,15,12.149051892244422,12.149051892244422,03,03,1,0,True,completed
16,known_visit,PI,ideal,1.0,19,361,4,20,targets_20_pi_h3_ideal,objective_tuning_target_load_pilot_25\scenarios\known_visit_g19_t20_n25.csv,15,17,1,37.1248805357619,37.1248805357619,01,01,1,0,True,completed
16,known_visit,PI,ideal,1.0,19,361,4,20,targets_20_pi_h3_ideal,objective_tuning_target_load_pilot_25\scenarios\known_visit_g19_t20_n25.csv,16,9,11,20.225251239020743,20.225251239020743,02,02,1,0,True,completed
16,known_visit,PI,ideal,1.0,19,361,4,20,targets_20_pi_h3_ideal,objective_tuning_target_load_pilot_25\scenarios\known_visit_g19_t20_n25.csv,17,12,1,28.40447345759376,28.40447345759376,01,01,1,0,True,completed
16,known_visit,PI,ideal,1.0,19,361,4,20,targets_20_pi_h3_ideal,objective_tuning_target_load_pilot_25\scenarios\known_visit_g19_t20_n25.csv,18,14,2,38.15116414235264,38.15116414235264,00,00,1,0,True,completed
16,known_visit,PI,ideal,1.0,19,361,4,20,targets_20_pi_h3_ideal,objective_tuning_target_load_pilot_25\scenarios\known_visit_g19_t20_n25.csv,19,2,5,3.832131981351464,3.832131981351464,01,01,1,0,True,completed
16,known_visit,PI,ideal,1.0,19,361,4,20,targets_20_pi_h3_ideal,objective_tuning_target_load_pilot_25\scenarios\known_visit_g19_t20_n25.csv,20,2,4,5.630593787244312,5.630593787244312,01,01,1,0,True,completed
17,known_visit,PI,ideal,1.0,19,361,4,20,targets_20_pi_h3_ideal,objective_tuning_target_load_pilot_25\scenarios\known_visit_g19_t20_n25.csv,1,17,8,59.594725567964275,59.594725567964275,00,00,1,0,True,completed
17,known_visit,PI,ideal,1.0,19,361,4,20,targets_20_pi_h3_ideal,objective_tuning_target_load_pilot_25\scenarios\known_visit_g19_t20_n25.csv,2,3,17,5.646047970349701,5.646047970349701,03,03,1,0,True,completed
17,known_visit,PI,ideal,1.0,19,361,4,20,targets_20_pi_h3_ideal,objective_tuning_target_load_pilot_25\scenarios\known_visit_g19_t20_n25.csv,3,13,4,36.88849372311029,36.88849372311029,00,00,1,0,True,completed
17,known_visit,PI,ideal,1.0,19,361,4,20,targets_20_pi_h3_ideal,objective_tuning_target_load_pilot_25\scenarios\known_visit_g19_t20_n25.csv,4,15,14,32.180434897316545,32.180434897316545,03,03,1,0,True,completed
17,known_visit,PI,ideal,1.0,19,361,4,20,targets_20_pi_h3_ideal,objective_tuning_target_load_pilot_25\scenarios\known_visit_g19_t20_n25.csv,5,2,14,5.5054377570751525,5.5054377570751525,02,02,1,0,True,completed
17,known_visit,PI,ideal,1.0,19,361,4,20,targets_20_pi_h3_ideal,objective_tuning_target_load_pilot_25\scenarios\known_visit_g19_t20_n25.csv,6,13,3,34.98143544933401,34.98143544933401,00,00,1,0,True,completed
17,known_visit,PI,ideal,1.0,19,361,4,20,targets_20_pi_h3_ideal,objective_tuning_target_load_pilot_25\scenarios\known_visit_g19_t20_n25.csv,7,17,6,51.65585948454338,51.65585948454338,00,00,1,0,True,completed
17,known_visit,PI,ideal,1.0,19,361,4,20,targets_20_pi_h3_ideal,objective_tuning_target_load_pilot_25\scenarios\known_visit_g19_t20_n25.csv,8,13,14,28.778626100136922,28.778626100136922,03,03,1,0,True,completed
17,known_visit,PI,ideal,1.0,19,361,4,20,targets_20_pi_h3_ideal,objective_tuning_target_load_pilot_25\scenarios\known_visit_g19_t20_n25.csv,9,7,10,21.696045813741723,21.696045813741723,01,01,1,0,True,completed
17,known_visit,PI,ideal,1.0,19,361,4,20,targets_20_pi_h3_ideal,objective_tuning_target_load_pilot_25\scenarios\known_visit_g19_t20_n25.csv,10,18,0,78.87371127909137,78.87371127909137,00,00,1,0,True,completed
17,known_visit,PI,ideal,1.0,19,361,4,20,targets_20_pi_h3_ideal,objective_tuning_target_load_pilot_25\scenarios\known_visit_g19_t20_n25.csv,11,14,6,41.08875678509684,41.08875678509684,01,01,1,0,True,completed
17,known_visit,PI,ideal,1.0,19,361,4,20,targets_20_pi_h3_ideal,objective_tuning_target_load_pilot_25\scenarios\known_visit_g19_t20_n25.csv,12,6,1,11.29565958808621,11.29565958808621,00,00,1,0,True,completed
17,known_visit,PI,ideal,1.0,19,361,4,20,targets_20_pi_h3_ideal,objective_tuning_target_load_pilot_25\scenarios\known_visit_g19_t20_n25.csv,13,5,0,15.17193134748546,15.17193134748546,00,00,1,0,True,completed
17,known_visit,PI,ideal,1.0,19,361,4,20,targets_20_pi_h3_ideal,objective_tuning_target_load_pilot_25\scenarios\known_visit_g19_t20_n25.csv,14,9,16,18.40010116675145,18.40010116675145,03,03,1,0,True,completed
17,known_visit,PI,ideal,1.0,19,361,4,20,targets_20_pi_h3_ideal,objective_tuning_target_load_pilot_25\scenarios\known_visit_g19_t20_n25.csv,15,6,17,11.084021242937114,11.084021242937114,03,03,1,0,True,completed
17,known_visit,PI,ideal,1.0,19,361,4,20,targets_20_pi_h3_ideal,objective_tuning_target_load_pilot_25\scenarios\known_visit_g19_t20_n25.csv,16,1,5,2.23026336917413,2.23026336917413,01,01,1,0,True,completed
17,known_visit,PI,ideal,1.0,19,361,4,20,targets_20_pi_h3_ideal,objective_tuning_target_load_pilot_25\scenarios\known_visit_g19_t20_n25.csv,17,16,13,35.79402994155467,35.79402994155467,03,03,1,0,True,completed
17,known_visit,PI,ideal,1.0,19,361,4,20,targets_20_pi_h3_ideal,objective_tuning_target_load_pilot_25\scenarios\known_visit_g19_t20_n25.csv,18,13,18,31.977315555586145,31.977315555586145,02,02,1,0,True,completed
17,known_visit,PI,ideal,1.0,19,361,4,20,targets_20_pi_h3_ideal,objective_tuning_target_load_pilot_25\scenarios\known_visit_g19_t20_n25.csv,19,2,1,3.9502432362590674,3.9502432362590674,00,00,1,0,True,completed
17,known_visit,PI,ideal,1.0,19,361,4,20,targets_20_pi_h3_ideal,objective_tuning_target_load_pilot_25\scenarios\known_visit_g19_t20_n25.csv,20,12,1,29.612316479743967,29.612316479743967,00,00,1,0,True,completed
18,known_visit,PI,ideal,1.0,19,361,4,20,targets_20_pi_h3_ideal,objective_tuning_target_load_pilot_25\scenarios\known_visit_g19_t20_n25.csv,1,12,13,37.188259381777016,37.188259381777016,02,02,1,0,True,completed
18,known_visit,PI,ideal,1.0,19,361,4,20,targets_20_pi_h3_ideal,objective_tuning_target_load_pilot_25\scenarios\known_visit_g19_t20_n25.csv,2,4,12,5.449583168386837,5.449583168386837,02,02,1,0,True,completed
18,known_visit,PI,ideal,1.0,19,361,4,20,targets_20_pi_h3_ideal,objective_tuning_target_load_pilot_25\scenarios\known_visit_g19_t20_n25.csv,3,3,14,11.019342356900651,11.019342356900651,02,02,1,0,True,completed
18,known_visit,PI,ideal,1.0,19,361,4,20,targets_20_pi_h3_ideal,objective_tuning_target_load_pilot_25\scenarios\known_visit_g19_t20_n25.csv,4,18,2,47.706637797814615,47.706637797814615,00,00,1,0,True,completed
18,known_visit,PI,ideal,1.0,19,361,4,20,targets_20_pi_h3_ideal,objective_tuning_target_load_pilot_25\scenarios\known_visit_g19_t20_n25.csv,5,3,12,3.6879003573182056,3.6879003573182056,02,02,1,0,True,completed
18,known_visit,PI,ideal,1.0,19,361,4,20,targets_20_pi_h3_ideal,objective_tuning_target_load_pilot_25\scenarios\known_visit_g19_t20_n25.csv,6,3,0,3.539033899651963,3.539033899651963,00,00,1,0,True,completed
18,known_visit,PI,ideal,1.0,19,361,4,20,targets_20_pi_h3_ideal,objective_tuning_target_load_pilot_25\scenarios\known_visit_g19_t20_n25.csv,7,9,15,22.994647476426685,22.994647476426685,03,03,1,0,True,completed
18,known_visit,PI,ideal,1.0,19,361,4,20,targets_20_pi_h3_ideal,objective_tuning_target_load_pilot_25\scenarios\known_visit_g19_t20_n25.csv,8,10,18,15.68173152639992,15.68173152639992,03,03,1,0,True,completed
18,known_visit,PI,ideal,1.0,19,361,4,20,targets_20_pi_h3_ideal,objective_tuning_target_load_pilot_25\scenarios\known_visit_g19_t20_n25.csv,9,4,7,11.327866666589548,11.327866666589548,01,01,1,0,True,completed
18,known_visit,PI,ideal,1.0,19,361,4,20,targets_20_pi_h3_ideal,objective_tuning_target_load_pilot_25\scenarios\known_visit_g19_t20_n25.csv,10,12,5,27.809192499330948,27.809192499330948,00,00,1,0,True,completed
18,known_visit,PI,ideal,1.0,19,361,4,20,targets_20_pi_h3_ideal,objective_tuning_target_load_pilot_25\scenarios\known_visit_g19_t20_n25.csv,11,16,16,50.03298197091747,50.03298197091747,02,02,1,0,True,completed
18,known_visit,PI,ideal,1.0,19,361,4,20,targets_20_pi_h3_ideal,objective_tuning_target_load_pilot_25\scenarios\known_visit_g19_t20_n25.csv,12,0,5,0.46013711253073974,0.46013711253073974,01,01,1,0,True,completed
18,known_visit,PI,ideal,1.0,19,361,4,20,targets_20_pi_h3_ideal,objective_tuning_target_load_pilot_25\scenarios\known_visit_g19_t20_n25.csv,13,13,10,32.59755762503965,32.59755762503965,01,01,1,0,True,completed
18,known_visit,PI,ideal,1.0,19,361,4,20,targets_20_pi_h3_ideal,objective_tuning_target_load_pilot_25\scenarios\known_visit_g19_t20_n25.csv,14,7,5,19.094305449936925,19.094305449936925,00,00,1,0,True,completed
18,known_visit,PI,ideal,1.0,19,361,4,20,targets_20_pi_h3_ideal,objective_tuning_target_load_pilot_25\scenarios\known_visit_g19_t20_n25.csv,15,15,13,42.652610640999804,42.652610640999804,02,02,1,0,True,completed
18,known_visit,PI,ideal,1.0,19,361,4,20,targets_20_pi_h3_ideal,objective_tuning_target_load_pilot_25\scenarios\known_visit_g19_t20_n25.csv,16,16,6,36.819640286127495,36.819640286127495,00,00,1,0,True,completed
18,known_visit,PI,ideal,1.0,19,361,4,20,targets_20_pi_h3_ideal,objective_tuning_target_load_pilot_25\scenarios\known_visit_g19_t20_n25.csv,17,9,9,23.81520513059552,23.81520513059552,01,01,1,0,True,completed
18,known_visit,PI,ideal,1.0,19,361,4,20,targets_20_pi_h3_ideal,objective_tuning_target_load_pilot_25\scenarios\known_visit_g19_t20_n25.csv,18,11,13,30.474362490012496,30.474362490012496,03,03,1,0,True,completed
18,known_visit,PI,ideal,1.0,19,361,4,20,targets_20_pi_h3_ideal,objective_tuning_target_load_pilot_25\scenarios\known_visit_g19_t20_n25.csv,19,5,9,16.7584962069206,16.7584962069206,01,01,1,0,True,completed
18,known_visit,PI,ideal,1.0,19,361,4,20,targets_20_pi_h3_ideal,objective_tuning_target_load_pilot_25\scenarios\known_visit_g19_t20_n25.csv,20,2,7,7.670356627990127,7.670356627990127,01,01,1,0,True,completed
19,known_visit,PI,ideal,1.0,19,361,4,20,targets_20_pi_h3_ideal,objective_tuning_target_load_pilot_25\scenarios\known_visit_g19_t20_n25.csv,1,6,15,14.830053776804782,14.830053776804782,02,02,1,0,True,completed
19,known_visit,PI,ideal,1.0,19,361,4,20,targets_20_pi_h3_ideal,objective_tuning_target_load_pilot_25\scenarios\known_visit_g19_t20_n25.csv,2,9,9,30.88906136169311,30.88906136169311,02,02,1,0,True,completed
19,known_visit,PI,ideal,1.0,19,361,4,20,targets_20_pi_h3_ideal,objective_tuning_target_load_pilot_25\scenarios\known_visit_g19_t20_n25.csv,3,16,2,55.53392367973219,55.53392367973219,02,02,1,0,True,completed
19,known_visit,PI,ideal,1.0,19,361,4,20,targets_20_pi_h3_ideal,objective_tuning_target_load_pilot_25\scenarios\known_visit_g19_t20_n25.csv,4,9,4,25.203389523597032,25.203389523597032,00,00,1,0,True,completed
19,known_visit,PI,ideal,1.0,19,361,4,20,targets_20_pi_h3_ideal,objective_tuning_target_load_pilot_25\scenarios\known_visit_g19_t20_n25.csv,5,4,13,7.58207502766586,7.58207502766586,02,02,1,0,True,completed
19,known_visit,PI,ideal,1.0,19,361,4,20,targets_20_pi_h3_ideal,objective_tuning_target_load_pilot_25\scenarios\known_visit_g19_t20_n25.csv,6,8,13,21.85038230027509,21.85038230027509,03,03,1,0,True,completed
19,known_visit,PI,ideal,1.0,19,361,4,20,targets_20_pi_h3_ideal,objective_tuning_target_load_pilot_25\scenarios\known_visit_g19_t20_n25.csv,7,4,17,7.584162136659573,7.584162136659573,03,03,1,0,True,completed
19,known_visit,PI,ideal,1.0,19,361,4,20,targets_20_pi_h3_ideal,objective_tuning_target_load_pilot_25\scenarios\known_visit_g19_t20_n25.csv,8,10,1,17.959951757070435,17.959951757070435,00,00,1,0,True,completed
19,known_visit,PI,ideal,1.0,19,361,4,20,targets_20_pi_h3_ideal,objective_tuning_target_load_pilot_25\scenarios\known_visit_g19_t20_n25.csv,9,4,16,9.586511445983774,9.586511445983774,03,03,1,0,True,completed
19,known_visit,PI,ideal,1.0,19,361,4,20,targets_20_pi_h3_ideal,objective_tuning_target_load_pilot_25\scenarios\known_visit_g19_t20_n25.csv,10,5,7,22.63371343099046,22.63371343099046,01,01,1,0,True,completed
19,known_visit,PI,ideal,1.0,19,361,4,20,targets_20_pi_h3_ideal,objective_tuning_target_load_pilot_25\scenarios\known_visit_g19_t20_n25.csv,11,0,9,3.648651728291448,3.648651728291448,01,01,1,0,True,completed
19,known_visit,PI,ideal,1.0,19,361,4,20,targets_20_pi_h3_ideal,objective_tuning_target_load_pilot_25\scenarios\known_visit_g19_t20_n25.csv,12,1,11,9.009358738504325,9.009358738504325,01,01,1,0,True,completed
19,known_visit,PI,ideal,1.0,19,361,4,20,targets_20_pi_h3_ideal,objective_tuning_target_load_pilot_25\scenarios\known_visit_g19_t20_n25.csv,13,0,13,0.4422107229785983,0.4422107229785983,02,02,1,0,True,completed
19,known_visit,PI,ideal,1.0,19,361,4,20,targets_20_pi_h3_ideal,objective_tuning_target_load_pilot_25\scenarios\known_visit_g19_t20_n25.csv,14,17,13,37.30226328966233,37.30226328966233,03,03,1,0,True,completed
19,known_visit,PI,ideal,1.0,19,361,4,20,targets_20_pi_h3_ideal,objective_tuning_target_load_pilot_25\scenarios\known_visit_g19_t20_n25.csv,15,5,16,11.597198550674372,11.597198550674372,03,03,1,0,True,completed
19,known_visit,PI,ideal,1.0,19,361,4,20,targets_20_pi_h3_ideal,objective_tuning_target_load_pilot_25\scenarios\known_visit_g19_t20_n25.csv,16,12,13,29.036876090113918,29.036876090113918,03,03,1,0,True,completed
19,known_visit,PI,ideal,1.0,19,361,4,20,targets_20_pi_h3_ideal,objective_tuning_target_load_pilot_25\scenarios\known_visit_g19_t20_n25.csv,17,12,8,37.935258587496286,37.935258587496286,02,02,1,0,True,completed
19,known_visit,PI,ideal,1.0,19,361,4,20,targets_20_pi_h3_ideal,objective_tuning_target_load_pilot_25\scenarios\known_visit_g19_t20_n25.csv,18,9,1,16.35982937404958,16.35982937404958,00,00,1,0,True,completed
19,known_visit,PI,ideal,1.0,19,361,4,20,targets_20_pi_h3_ideal,objective_tuning_target_load_pilot_25\scenarios\known_visit_g19_t20_n25.csv,19,10,2,19.881643879175417,19.881643879175417,00,00,1,0,True,completed
19,known_visit,PI,ideal,1.0,19,361,4,20,targets_20_pi_h3_ideal,objective_tuning_target_load_pilot_25\scenarios\known_visit_g19_t20_n25.csv,20,16,3,53.632597133473986,53.632597133473986,02,02,1,0,True,completed
20,known_visit,PI,ideal,1.0,19,361,4,20,targets_20_pi_h3_ideal,objective_tuning_target_load_pilot_25\scenarios\known_visit_g19_t20_n25.csv,1,1,18,0.12465004190899699,0.12465004190899699,03,03,1,0,True,completed
20,known_visit,PI,ideal,1.0,19,361,4,20,targets_20_pi_h3_ideal,objective_tuning_target_load_pilot_25\scenarios\known_visit_g19_t20_n25.csv,2,13,1,41.27306624781983,41.27306624781983,00,00,1,0,True,completed
20,known_visit,PI,ideal,1.0,19,361,4,20,targets_20_pi_h3_ideal,objective_tuning_target_load_pilot_25\scenarios\known_visit_g19_t20_n25.csv,3,6,8,19.595194336963193,19.595194336963193,02,02,1,0,True,completed
20,known_visit,PI,ideal,1.0,19,361,4,20,targets_20_pi_h3_ideal,objective_tuning_target_load_pilot_25\scenarios\known_visit_g19_t20_n25.csv,4,14,3,35.66134256018278,35.66134256018278,00,00,1,0,True,completed
20,known_visit,PI,ideal,1.0,19,361,4,20,targets_20_pi_h3_ideal,objective_tuning_target_load_pilot_25\scenarios\known_visit_g19_t20_n25.csv,5,3,15,42.42904188716101,42.42904188716101,01,01,1,0,True,completed
20,known_visit,PI,ideal,1.0,19,361,4,20,targets_20_pi_h3_ideal,objective_tuning_target_load_pilot_25\scenarios\known_visit_g19_t20_n25.csv,6,1,7,8.96956900228321,8.96956900228321,02,02,1,0,True,completed
20,known_visit,PI,ideal,1.0,19,361,4,20,targets_20_pi_h3_ideal,objective_tuning_target_load_pilot_25\scenarios\known_visit_g19_t20_n25.csv,7,1,4,3.899535147147772,3.899535147147772,01,01,1,0,True,completed
20,known_visit,PI,ideal,1.0,19,361,4,20,targets_20_pi_h3_ideal,objective_tuning_target_load_pilot_25\scenarios\known_visit_g19_t20_n25.csv,8,15,13,37.33717388814162,37.33717388814162,03,03,1,0,True,completed
20,known_visit,PI,ideal,1.0,19,361,4,20,targets_20_pi_h3_ideal,objective_tuning_target_load_pilot_25\scenarios\known_visit_g19_t20_n25.csv,9,7,5,19.848244650979286,19.848244650979286,00,00,1,0,True,completed
20,known_visit,PI,ideal,1.0,19,361,4,20,targets_20_pi_h3_ideal,objective_tuning_target_load_pilot_25\scenarios\known_visit_g19_t20_n25.csv,10,17,2,54.162319652298706,54.162319652298706,00,00,1,0,True,completed
20,known_visit,PI,ideal,1.0,19,361,4,20,targets_20_pi_h3_ideal,objective_tuning_target_load_pilot_25\scenarios\known_visit_g19_t20_n25.csv,11,13,9,33.405011810515056,33.405011810515056,02,02,1,0,True,completed
20,known_visit,PI,ideal,1.0,19,361,4,20,targets_20_pi_h3_ideal,objective_tuning_target_load_pilot_25\scenarios\known_visit_g19_t20_n25.csv,12,12,8,29.802709728563894,29.802709728563894,02,02,1,0,True,completed
20,known_visit,PI,ideal,1.0,19,361,4,20,targets_20_pi_h3_ideal,objective_tuning_target_load_pilot_25\scenarios\known_visit_g19_t20_n25.csv,13,4,17,7.130442906697287,7.130442906697287,03,03,1,0,True,completed
20,known_visit,PI,ideal,1.0,19,361,4,20,targets_20_pi_h3_ideal,objective_tuning_target_load_pilot_25\scenarios\known_visit_g19_t20_n25.csv,14,11,16,25.08129519239076,25.08129519239076,03,03,1,0,True,completed
20,known_visit,PI,ideal,1.0,19,361,4,20,targets_20_pi_h3_ideal,objective_tuning_target_load_pilot_25\scenarios\known_visit_g19_t20_n25.csv,15,4,15,10.463058697097432,10.463058697097432,03,03,1,0,True,completed
20,known_visit,PI,ideal,1.0,19,361,4,20,targets_20_pi_h3_ideal,objective_tuning_target_load_pilot_25\scenarios\known_visit_g19_t20_n25.csv,16,1,5,2.228599917184375,2.228599917184375,01,01,1,0,True,completed
20,known_visit,PI,ideal,1.0,19,361,4,20,targets_20_pi_h3_ideal,objective_tuning_target_load_pilot_25\scenarios\known_visit_g19_t20_n25.csv,17,13,12,38.593629842900825,38.593629842900825,02,02,1,0,True,completed
20,known_visit,PI,ideal,1.0,19,361,4,20,targets_20_pi_h3_ideal,objective_tuning_target_load_pilot_25\scenarios\known_visit_g19_t20_n25.csv,18,9,16,21.502357651142333,21.502357651142333,03,03,1,0,True,completed
20,known_visit,PI,ideal,1.0,19,361,4,20,targets_20_pi_h3_ideal,objective_tuning_target_load_pilot_25\scenarios\known_visit_g19_t20_n25.csv,19,3,4,7.575555272511045,7.575555272511045,01,01,1,0,True,completed
20,known_visit,PI,ideal,1.0,19,361,4,20,targets_20_pi_h3_ideal,objective_tuning_target_load_pilot_25\scenarios\known_visit_g19_t20_n25.csv,20,14,14,33.780250296882755,33.780250296882755,03,03,1,0,True,completed
21,known_visit,PI,ideal,1.0,19,361,4,20,targets_20_pi_h3_ideal,objective_tuning_target_load_pilot_25\scenarios\known_visit_g19_t20_n25.csv,1,0,1,4.13700544925755,4.13700544925755,00,00,1,0,True,completed
21,known_visit,PI,ideal,1.0,19,361,4,20,targets_20_pi_h3_ideal,objective_tuning_target_load_pilot_25\scenarios\known_visit_g19_t20_n25.csv,2,0,11,0.6599752343182073,0.6599752343182073,02,02,2,1,True,completed
21,known_visit,PI,ideal,1.0,19,361,4,20,targets_20_pi_h3_ideal,objective_tuning_target_load_pilot_25\scenarios\known_visit_g19_t20_n25.csv,3,2,4,26.17480172419684,26.17480172419684,03,03,1,0,True,completed
21,known_visit,PI,ideal,1.0,19,361,4,20,targets_20_pi_h3_ideal,objective_tuning_target_load_pilot_25\scenarios\known_visit_g19_t20_n25.csv,4,18,8,48.88898931545961,48.88898931545961,01,01,1,0,True,completed
21,known_visit,PI,ideal,1.0,19,361,4,20,targets_20_pi_h3_ideal,objective_tuning_target_load_pilot_25\scenarios\known_visit_g19_t20_n25.csv,5,11,3,26.854060016242393,26.854060016242393,00,00,1,0,True,completed
21,known_visit,PI,ideal,1.0,19,361,4,20,targets_20_pi_h3_ideal,objective_tuning_target_load_pilot_25\scenarios\known_visit_g19_t20_n25.csv,6,5,9,16.750278243734485,16.750278243734485,02,02,1,0,True,completed
21,known_visit,PI,ideal,1.0,19,361,4,20,targets_20_pi_h3_ideal,objective_tuning_target_load_pilot_25\scenarios\known_visit_g19_t20_n25.csv,7,0,10,12.026161533624078,12.026161533624078,03,03,1,0,True,completed
21,known_visit,PI,ideal,1.0,19,361,4,20,targets_20_pi_h3_ideal,objective_tuning_target_load_pilot_25\scenarios\known_visit_g19_t20_n25.csv,8,10,8,27.716565254029955,27.716565254029955,02,02,1,0,True,completed
21,known_visit,PI,ideal,1.0,19,361,4,20,targets_20_pi_h3_ideal,objective_tuning_target_load_pilot_25\scenarios\known_visit_g19_t20_n25.csv,9,0,17,0.4656507492388966,0.4656507492388966,03,03,1,0,True,completed
21,known_visit,PI,ideal,1.0,19,361,4,20,targets_20_pi_h3_ideal,objective_tuning_target_load_pilot_25\scenarios\known_visit_g19_t20_n25.csv,10,14,4,34.063110827235484,34.063110827235484,00,00,1,0,True,completed
21,known_visit,PI,ideal,1.0,19,361,4,20,targets_20_pi_h3_ideal,objective_tuning_target_load_pilot_25\scenarios\known_visit_g19_t20_n25.csv,11,5,8,18.70574034943397,18.70574034943397,02,02,1,0,True,completed
21,known_visit,PI,ideal,1.0,19,361,4,20,targets_20_pi_h3_ideal,objective_tuning_target_load_pilot_25\scenarios\known_visit_g19_t20_n25.csv,12,0,7,4.287435065819687,4.287435065819687,01,01,2,1,True,completed
21,known_visit,PI,ideal,1.0,19,361,4,20,targets_20_pi_h3_ideal,objective_tuning_target_load_pilot_25\scenarios\known_visit_g19_t20_n25.csv,13,0,3,7.982094672653767,7.982094672653767,00,00,1,0,True,completed
21,known_visit,PI,ideal,1.0,19,361,4,20,targets_20_pi_h3_ideal,objective_tuning_target_load_pilot_25\scenarios\known_visit_g19_t20_n25.csv,14,17,7,44.86882424437063,44.86882424437063,01,01,1,0,True,completed
21,known_visit,PI,ideal,1.0,19,361,4,20,targets_20_pi_h3_ideal,objective_tuning_target_load_pilot_25\scenarios\known_visit_g19_t20_n25.csv,15,1,0,0.12507864954731135,0.12507864954731135,00,00,1,0,True,completed
21,known_visit,PI,ideal,1.0,19,361,4,20,targets_20_pi_h3_ideal,objective_tuning_target_load_pilot_25\scenarios\known_visit_g19_t20_n25.csv,16,12,0,48.57155572711419,48.57155572711419,00,00,1,0,True,completed
21,known_visit,PI,ideal,1.0,19,361,4,20,targets_20_pi_h3_ideal,objective_tuning_target_load_pilot_25\scenarios\known_visit_g19_t20_n25.csv,17,12,18,48.22017486687271,48.22017486687271,02,02,1,0,True,completed
21,known_visit,PI,ideal,1.0,19,361,4,20,targets_20_pi_h3_ideal,objective_tuning_target_load_pilot_25\scenarios\known_visit_g19_t20_n25.csv,18,6,11,11.090506400163301,11.090506400163301,02,02,1,0,True,completed
21,known_visit,PI,ideal,1.0,19,361,4,20,targets_20_pi_h3_ideal,objective_tuning_target_load_pilot_25\scenarios\known_visit_g19_t20_n25.csv,19,18,7,46.9497307607557,46.9497307607557,01,01,1,0,True,completed
21,known_visit,PI,ideal,1.0,19,361,4,20,targets_20_pi_h3_ideal,objective_tuning_target_load_pilot_25\scenarios\known_visit_g19_t20_n25.csv,20,1,6,0.2898307493450194,0.2898307493450194,01,01,1,0,True,completed
22,known_visit,PI,ideal,1.0,19,361,4,20,targets_20_pi_h3_ideal,objective_tuning_target_load_pilot_25\scenarios\known_visit_g19_t20_n25.csv,1,13,4,35.96468627882431,35.96468627882431,00,00,1,0,True,completed
22,known_visit,PI,ideal,1.0,19,361,4,20,targets_20_pi_h3_ideal,objective_tuning_target_load_pilot_25\scenarios\known_visit_g19_t20_n25.csv,2,7,6,22.02614700796284,22.02614700796284,01,01,1,0,True,completed
22,known_visit,PI,ideal,1.0,19,361,4,20,targets_20_pi_h3_ideal,objective_tuning_target_load_pilot_25\scenarios\known_visit_g19_t20_n25.csv,3,5,18,14.909881871822096,14.909881871822096,03,03,1,0,True,completed
22,known_visit,PI,ideal,1.0,19,361,4,20,targets_20_pi_h3_ideal,objective_tuning_target_load_pilot_25\scenarios\known_visit_g19_t20_n25.csv,4,15,7,33.00540662610262,33.00540662610262,02,02,1,0,True,completed
22,known_visit,PI,ideal,1.0,19,361,4,20,targets_20_pi_h3_ideal,objective_tuning_target_load_pilot_25\scenarios\known_visit_g19_t20_n25.csv,5,11,4,32.61858120246736,32.61858120246736,00,00,1,0,True,completed
22,known_visit,PI,ideal,1.0,19,361,4,20,targets_20_pi_h3_ideal,objective_tuning_target_load_pilot_25\scenarios\known_visit_g19_t20_n25.csv,6,5,9,12.552292717771412,12.552292717771412,02,02,1,0,True,completed
22,known_visit,PI,ideal,1.0,19,361,4,20,targets_20_pi_h3_ideal,objective_tuning_target_load_pilot_25\scenarios\known_visit_g19_t20_n25.csv,7,12,7,27.906039531774578,27.906039531774578,02,02,1,0,True,completed
22,known_visit,PI,ideal,1.0,19,361,4,20,targets_20_pi_h3_ideal,objective_tuning_target_load_pilot_25\scenarios\known_visit_g19_t20_n25.csv,8,2,12,1.856027501335224,1.856027501335224,02,02,1,0,True,completed
22,known_visit,PI,ideal,1.0,19,361,4,20,targets_20_pi_h3_ideal,objective_tuning_target_load_pilot_25\scenarios\known_visit_g19_t20_n25.csv,9,14,13,39.77151806457724,39.77151806457724,03,03,1,0,True,completed
22,known_visit,PI,ideal,1.0,19,361,4,20,targets_20_pi_h3_ideal,objective_tuning_target_load_pilot_25\scenarios\known_visit_g19_t20_n25.csv,10,2,2,5.580717343884795,5.580717343884795,00,00,1,0,True,completed
22,known_visit,PI,ideal,1.0,19,361,4,20,targets_20_pi_h3_ideal,objective_tuning_target_load_pilot_25\scenarios\known_visit_g19_t20_n25.csv,11,2,16,5.54505203682348,5.54505203682348,03,03,1,0,True,completed
22,known_visit,PI,ideal,1.0,19,361,4,20,targets_20_pi_h3_ideal,objective_tuning_target_load_pilot_25\scenarios\known_visit_g19_t20_n25.csv,12,8,10,30.698355364800054,30.698355364800054,01,01,1,0,True,completed
22,known_visit,PI,ideal,1.0,19,361,4,20,targets_20_pi_h3_ideal,objective_tuning_target_load_pilot_25\scenarios\known_visit_g19_t20_n25.csv,13,16,12,45.51960108507691,45.51960108507691,03,03,1,0,True,completed
22,known_visit,PI,ideal,1.0,19,361,4,20,targets_20_pi_h3_ideal,objective_tuning_target_load_pilot_25\scenarios\known_visit_g19_t20_n25.csv,14,4,12,5.37939574811103,5.37939574811103,02,02,1,0,True,completed
22,known_visit,PI,ideal,1.0,19,361,4,20,targets_20_pi_h3_ideal,objective_tuning_target_load_pilot_25\scenarios\known_visit_g19_t20_n25.csv,15,5,1,12.916095201660083,12.916095201660083,00,00,1,0,True,completed
22,known_visit,PI,ideal,1.0,19,361,4,20,targets_20_pi_h3_ideal,objective_tuning_target_load_pilot_25\scenarios\known_visit_g19_t20_n25.csv,16,8,6,23.706820130298468,23.706820130298468,01,01,1,0,True,completed
22,known_visit,PI,ideal,1.0,19,361,4,20,targets_20_pi_h3_ideal,objective_tuning_target_load_pilot_25\scenarios\known_visit_g19_t20_n25.csv,17,9,2,25.456637081412268,25.456637081412268,00,00,1,0,True,completed
22,known_visit,PI,ideal,1.0,19,361,4,20,targets_20_pi_h3_ideal,objective_tuning_target_load_pilot_25\scenarios\known_visit_g19_t20_n25.csv,18,9,0,21.801711816964712,21.801711816964712,00,00,1,0,True,completed
22,known_visit,PI,ideal,1.0,19,361,4,20,targets_20_pi_h3_ideal,objective_tuning_target_load_pilot_25\scenarios\known_visit_g19_t20_n25.csv,19,0,9,3.8435322209016856,3.8435322209016856,01,01,1,0,True,completed
22,known_visit,PI,ideal,1.0,19,361,4,20,targets_20_pi_h3_ideal,objective_tuning_target_load_pilot_25\scenarios\known_visit_g19_t20_n25.csv,20,14,12,41.81389073626657,41.81389073626657,03,03,1,0,True,completed
23,known_visit,PI,ideal,1.0,19,361,4,20,targets_20_pi_h3_ideal,objective_tuning_target_load_pilot_25\scenarios\known_visit_g19_t20_n25.csv,1,14,4,40.880704144220076,40.880704144220076,00,00,1,0,True,completed
23,known_visit,PI,ideal,1.0,19,361,4,20,targets_20_pi_h3_ideal,objective_tuning_target_load_pilot_25\scenarios\known_visit_g19_t20_n25.csv,2,4,17,7.34678172249973,7.34678172249973,03,03,1,0,True,completed
23,known_visit,PI,ideal,1.0,19,361,4,20,targets_20_pi_h3_ideal,objective_tuning_target_load_pilot_25\scenarios\known_visit_g19_t20_n25.csv,3,17,5,52.1954824734215,52.1954824734215,03,03,1,0,True,completed
23,known_visit,PI,ideal,1.0,19,361,4,20,targets_20_pi_h3_ideal,objective_tuning_target_load_pilot_25\scenarios\known_visit_g19_t20_n25.csv,4,8,9,21.498785331523457,21.498785331523457,01,01,1,0,True,completed
23,known_visit,PI,ideal,1.0,19,361,4,20,targets_20_pi_h3_ideal,objective_tuning_target_load_pilot_25\scenarios\known_visit_g19_t20_n25.csv,5,7,11,23.572390059236568,23.572390059236568,03,03,1,0,True,completed
23,known_visit,PI,ideal,1.0,19,361,4,20,targets_20_pi_h3_ideal,objective_tuning_target_load_pilot_25\scenarios\known_visit_g19_t20_n25.csv,6,14,12,30.019464216071846,30.019464216071846,02,02,1,0,True,completed
23,known_visit,PI,ideal,1.0,19,361,4,20,targets_20_pi_h3_ideal,objective_tuning_target_load_pilot_25\scenarios\known_visit_g19_t20_n25.csv,7,1,1,2.2617277862037386,2.2617277862037386,00,00,1,0,True,completed
23,known_visit,PI,ideal,1.0,19,361,4,20,targets_20_pi_h3_ideal,objective_tuning_target_load_pilot_25\scenarios\known_visit_g19_t20_n25.csv,8,5,12,14.433271834030103,14.433271834030103,02,02,1,0,True,completed
23,known_visit,PI,ideal,1.0,19,361,4,20,targets_20_pi_h3_ideal,objective_tuning_target_load_pilot_25\scenarios\known_visit_g19_t20_n25.csv,9,14,2,44.465606669547356,44.465606669547356,00,00,1,0,True,completed
23,known_visit,PI,ideal,1.0,19,361,4,20,targets_20_pi_h3_ideal,objective_tuning_target_load_pilot_25\scenarios\known_visit_g19_t20_n25.csv,10,14,16,37.08335479790315,37.08335479790315,02,02,1,0,True,completed
23,known_visit,PI,ideal,1.0,19,361,4,20,targets_20_pi_h3_ideal,objective_tuning_target_load_pilot_25\scenarios\known_visit_g19_t20_n25.csv,11,9,4,31.961002919089328,31.961002919089328,00,00,1,0,True,completed
23,known_visit,PI,ideal,1.0,19,361,4,20,targets_20_pi_h3_ideal,objective_tuning_target_load_pilot_25\scenarios\known_visit_g19_t20_n25.csv,12,10,9,25.16569036856635,25.16569036856635,01,01,1,0,True,completed
23,known_visit,PI,ideal,1.0,19,361,4,20,targets_20_pi_h3_ideal,objective_tuning_target_load_pilot_25\scenarios\known_visit_g19_t20_n25.csv,13,0,5,0.5095021945275511,0.5095021945275511,01,01,1,0,True,completed
23,known_visit,PI,ideal,1.0,19,361,4,20,targets_20_pi_h3_ideal,objective_tuning_target_load_pilot_25\scenarios\known_visit_g19_t20_n25.csv,14,18,16,44.053995917747706,44.053995917747706,02,02,1,0,True,completed
23,known_visit,PI,ideal,1.0,19,361,4,20,targets_20_pi_h3_ideal,objective_tuning_target_load_pilot_25\scenarios\known_visit_g19_t20_n25.csv,15,6,5,11.019282262117159,11.019282262117159,01,01,1,0,True,completed
23,known_visit,PI,ideal,1.0,19,361,4,20,targets_20_pi_h3_ideal,objective_tuning_target_load_pilot_25\scenarios\known_visit_g19_t20_n25.csv,16,2,7,14.417477143827295,14.417477143827295,00,00,1,0,True,completed
23,known_visit,PI,ideal,1.0,19,361,4,20,targets_20_pi_h3_ideal,objective_tuning_target_load_pilot_25\scenarios\known_visit_g19_t20_n25.csv,17,16,0,51.39868048287896,51.39868048287896,00,00,1,0,True,completed
23,known_visit,PI,ideal,1.0,19,361,4,20,targets_20_pi_h3_ideal,objective_tuning_target_load_pilot_25\scenarios\known_visit_g19_t20_n25.csv,18,1,14,3.8013307627300352,3.8013307627300352,02,02,1,0,True,completed
23,known_visit,PI,ideal,1.0,19,361,4,20,targets_20_pi_h3_ideal,objective_tuning_target_load_pilot_25\scenarios\known_visit_g19_t20_n25.csv,19,17,6,50.131855367463125,50.131855367463125,03,03,1,0,True,completed
23,known_visit,PI,ideal,1.0,19,361,4,20,targets_20_pi_h3_ideal,objective_tuning_target_load_pilot_25\scenarios\known_visit_g19_t20_n25.csv,20,13,8,32.41921245171859,32.41921245171859,01,01,1,0,True,completed
24,known_visit,PI,ideal,1.0,19,361,4,20,targets_20_pi_h3_ideal,objective_tuning_target_load_pilot_25\scenarios\known_visit_g19_t20_n25.csv,1,18,2,48.005966820923064,48.005966820923064,00,00,1,0,True,completed
24,known_visit,PI,ideal,1.0,19,361,4,20,targets_20_pi_h3_ideal,objective_tuning_target_load_pilot_25\scenarios\known_visit_g19_t20_n25.csv,2,8,7,14.513022166195375,14.513022166195375,01,01,2,1,True,completed
24,known_visit,PI,ideal,1.0,19,361,4,20,targets_20_pi_h3_ideal,objective_tuning_target_load_pilot_25\scenarios\known_visit_g19_t20_n25.csv,3,4,9,10.673755836408636,10.673755836408636,02,02,1,0,True,completed
24,known_visit,PI,ideal,1.0,19,361,4,20,targets_20_pi_h3_ideal,objective_tuning_target_load_pilot_25\scenarios\known_visit_g19_t20_n25.csv,4,5,16,10.8573913265417,10.8573913265417,03,03,1,0,True,completed
24,known_visit,PI,ideal,1.0,19,361,4,20,targets_20_pi_h3_ideal,objective_tuning_target_load_pilot_25\scenarios\known_visit_g19_t20_n25.csv,5,4,12,5.323622146565039,5.323622146565039,02,02,1,0,True,completed
24,known_visit,PI,ideal,1.0,19,361,4,20,targets_20_pi_h3_ideal,objective_tuning_target_load_pilot_25\scenarios\known_visit_g19_t20_n25.csv,6,7,7,12.478479795601022,12.478479795601022,01,01,2,1,True,completed
24,known_visit,PI,ideal,1.0,19,361,4,20,targets_20_pi_h3_ideal,objective_tuning_target_load_pilot_25\scenarios\known_visit_g19_t20_n25.csv,7,7,18,29.22349208479585,29.22349208479585,03,03,1,0,True,completed
24,known_visit,PI,ideal,1.0,19,361,4,20,targets_20_pi_h3_ideal,objective_tuning_target_load_pilot_25\scenarios\known_visit_g19_t20_n25.csv,8,16,17,56.367482215056995,56.367482215056995,02,02,1,0,True,completed
24,known_visit,PI,ideal,1.0,19,361,4,20,targets_20_pi_h3_ideal,objective_tuning_target_load_pilot_25\scenarios\known_visit_g19_t20_n25.csv,9,1,17,2.098401935254786,2.098401935254786,03,03,1,0,True,completed
24,known_visit,PI,ideal,1.0,19,361,4,20,targets_20_pi_h3_ideal,objective_tuning_target_load_pilot_25\scenarios\known_visit_g19_t20_n25.csv,10,3,8,14.347678786866341,14.347678786866341,02,02,1,0,True,completed
24,known_visit,PI,ideal,1.0,19,361,4,20,targets_20_pi_h3_ideal,objective_tuning_target_load_pilot_25\scenarios\known_visit_g19_t20_n25.csv,11,10,14,40.73413140103033,40.73413140103033,02,02,1,0,True,completed
24,known_visit,PI,ideal,1.0,19,361,4,20,targets_20_pi_h3_ideal,objective_tuning_target_load_pilot_25\scenarios\known_visit_g19_t20_n25.csv,12,14,10,30.38937880356127,30.38937880356127,01,01,1,0,True,completed
24,known_visit,PI,ideal,1.0,19,361,4,20,targets_20_pi_h3_ideal,objective_tuning_target_load_pilot_25\scenarios\known_visit_g19_t20_n25.csv,13,13,9,26.700990066017173,26.700990066017173,01,01,1,0,True,completed
24,known_visit,PI,ideal,1.0,19,361,4,20,targets_20_pi_h3_ideal,objective_tuning_target_load_pilot_25\scenarios\known_visit_g19_t20_n25.csv,14,5,4,14.533047214397842,14.533047214397842,00,00,1,0,True,completed
24,known_visit,PI,ideal,1.0,19,361,4,20,targets_20_pi_h3_ideal,objective_tuning_target_load_pilot_25\scenarios\known_visit_g19_t20_n25.csv,15,18,7,42.80563161214639,42.80563161214639,01,01,1,0,True,completed
24,known_visit,PI,ideal,1.0,19,361,4,20,targets_20_pi_h3_ideal,objective_tuning_target_load_pilot_25\scenarios\known_visit_g19_t20_n25.csv,16,13,0,35.707584446959444,35.707584446959444,00,00,1,0,True,completed
24,known_visit,PI,ideal,1.0,19,361,4,20,targets_20_pi_h3_ideal,objective_tuning_target_load_pilot_25\scenarios\known_visit_g19_t20_n25.csv,17,14,1,39.28696946760194,39.28696946760194,00,00,1,0,True,completed
24,known_visit,PI,ideal,1.0,19,361,4,20,targets_20_pi_h3_ideal,objective_tuning_target_load_pilot_25\scenarios\known_visit_g19_t20_n25.csv,18,2,1,3.890921889977348,3.890921889977348,00,00,1,0,True,completed
24,known_visit,PI,ideal,1.0,19,361,4,20,targets_20_pi_h3_ideal,objective_tuning_target_load_pilot_25\scenarios\known_visit_g19_t20_n25.csv,19,12,3,28.53617238900115,28.53617238900115,00,00,1,0,True,completed
24,known_visit,PI,ideal,1.0,19,361,4,20,targets_20_pi_h3_ideal,objective_tuning_target_load_pilot_25\scenarios\known_visit_g19_t20_n25.csv,20,8,15,18.279221165199264,18.279221165199264,03,03,1,0,True,completed
