trial_id,trial_mode,algorithm,comm_model,comm_level,grid_size,grid_cells,robot_count,target_count,condition_id,scenario_file,target_index,target_x,target_y,first_completion_time_s,first_completion_sim_time_s,first_found_by_robot,first_finder_robot_id,total_visits,duplicate_visits,completed,trial_status
0,known_visit,DGA_iter_25,bernoulli,drop_0.25,19,361,4,20,targets_20_dga_h2_bernoulli_025,objective_tuning_target_load_pilot_25\scenarios\known_visit_g19_t20_n25.csv,1,11,7,34.55459615315918,34.55459615315918,00,00,1,0,True,completed
0,known_visit,DGA_iter_25,bernoulli,drop_0.25,19,361,4,20,targets_20_dga_h2_bernoulli_025,objective_tuning_target_load_pilot_25\scenarios\known_visit_g19_t20_n25.csv,2,17,15,42.22968947920259,42.22968947920259,02,02,1,0,True,completed
0,known_visit,DGA_iter_25,bernoulli,drop_0.25,19,361,4,20,targets_20_dga_h2_bernoulli_025,objective_tuning_target_load_pilot_25\scenarios\known_visit_g19_t20_n25.csv,3,14,5,55.83470433448334,55.83470433448334,03,03,1,0,True,completed
0,known_visit,DGA_iter_25,bernoulli,drop_0.25,19,361,4,20,targets_20_dga_h2_bernoulli_025,objective_tuning_target_load_pilot_25\scenarios\known_visit_g19_t20_n25.csv,4,8,0,12.44017870996091,12.44017870996091,00,00,1,0,True,completed
0,known_visit,DGA_iter_25,bernoulli,drop_0.25,19,361,4,20,targets_20_dga_h2_bernoulli_025,objective_tuning_target_load_pilot_25\scenarios\known_visit_g19_t20_n25.csv,5,14,15,37.02727159389911,37.02727159389911,02,02,1,0,True,completed
0,known_visit,DGA_iter_25,bernoulli,drop_0.25,19,361,4,20,targets_20_dga_h2_bernoulli_025,objective_tuning_target_load_pilot_25\scenarios\known_visit_g19_t20_n25.csv,6,7,5,23.280586949432138,23.280586949432138,00,00,2,1,True,completed
0,known_visit,DGA_iter_25,bernoulli,drop_0.25,19,361,4,20,targets_20_dga_h2_bernoulli_025,objective_tuning_target_load_pilot_25\scenarios\known_visit_g19_t20_n25.csv,7,2,6,1.7989957909463883,1.7989957909463883,01,01,1,0,True,completed
0,known_visit,DGA_iter_25,bernoulli,drop_0.25,19,361,4,20,targets_20_dga_h2_bernoulli_025,objective_tuning_target_load_pilot_25\scenarios\known_visit_g19_t20_n25.csv,8,3,8,7.2654532234098905,7.2654532234098905,01,01,1,0,True,completed
0,known_visit,DGA_iter_25,bernoulli,drop_0.25,19,361,4,20,targets_20_dga_h2_bernoulli_025,objective_tuning_target_load_pilot_25\scenarios\known_visit_g19_t20_n25.csv,9,12,12,29.4391193099215,29.4391193099215,03,03,1,0,True,completed
0,known_visit,DGA_iter_25,bernoulli,drop_0.25,19,361,4,20,targets_20_dga_h2_bernoulli_025,objective_tuning_target_load_pilot_25\scenarios\known_visit_g19_t20_n25.csv,10,16,5,52.41464996184542,52.41464996184542,03,03,1,0,True,completed
0,known_visit,DGA_iter_25,bernoulli,drop_0.25,19,361,4,20,targets_20_dga_h2_bernoulli_025,objective_tuning_target_load_pilot_25\scenarios\known_visit_g19_t20_n25.csv,11,10,14,27.84512363560994,27.84512363560994,02,02,1,0,True,completed
0,known_visit,DGA_iter_25,bernoulli,drop_0.25,19,361,4,20,targets_20_dga_h2_bernoulli_025,objective_tuning_target_load_pilot_25\scenarios\known_visit_g19_t20_n25.csv,12,3,18,3.639650326221774,3.639650326221774,03,03,1,0,True,completed
0,known_visit,DGA_iter_25,bernoulli,drop_0.25,19,361,4,20,targets_20_dga_h2_bernoulli_025,objective_tuning_target_load_pilot_25\scenarios\known_visit_g19_t20_n25.csv,13,10,12,24.171423116722483,24.171423116722483,02,02,1,0,True,completed
0,known_visit,DGA_iter_25,bernoulli,drop_0.25,19,361,4,20,targets_20_dga_h2_bernoulli_025,objective_tuning_target_load_pilot_25\scenarios\known_visit_g19_t20_n25.csv,14,5,18,7.072466090832389,7.072466090832389,03,03,1,0,True,completed
0,known_visit,DGA_iter_25,bernoulli,drop_0.25,19,361,4,20,targets_20_dga_h2_bernoulli_025,objective_tuning_target_load_pilot_25\scenarios\known_visit_g19_t20_n25.csv,15,13,14,33.20168998989881,33.20168998989881,02,02,2,1,True,completed
0,known_visit,DGA_iter_25,bernoulli,drop_0.25,19,361,4,20,targets_20_dga_h2_bernoulli_025,objective_tuning_target_load_pilot_25\scenarios\known_visit_g19_t20_n25.csv,16,4,11,14.46181095488709,14.46181095488709,01,01,1,0,True,completed
0,known_visit,DGA_iter_25,bernoulli,drop_0.25,19,361,4,20,targets_20_dga_h2_bernoulli_025,objective_tuning_target_load_pilot_25\scenarios\known_visit_g19_t20_n25.csv,17,12,18,19.027905121641652,19.027905121641652,03,03,1,0,True,completed
0,known_visit,DGA_iter_25,bernoulli,drop_0.25,19,361,4,20,targets_20_dga_h2_bernoulli_025,objective_tuning_target_load_pilot_25\scenarios\known_visit_g19_t20_n25.csv,18,1,14,3.957508349528273,3.957508349528273,02,02,1,0,True,completed
0,known_visit,DGA_iter_25,bernoulli,drop_0.25,19,361,4,20,targets_20_dga_h2_bernoulli_025,objective_tuning_target_load_pilot_25\scenarios\known_visit_g19_t20_n25.csv,19,15,10,38.055797245360566,38.055797245360566,03,03,1,0,True,completed
0,known_visit,DGA_iter_25,bernoulli,drop_0.25,19,361,4,20,targets_20_dga_h2_bernoulli_025,objective_tuning_target_load_pilot_25\scenarios\known_visit_g19_t20_n25.csv,20,11,10,39.78075841178173,39.78075841178173,00,00,1,0,True,completed
1,known_visit,DGA_iter_25,bernoulli,drop_0.25,19,361,4,20,targets_20_dga_h2_bernoulli_025,objective_tuning_target_load_pilot_25\scenarios\known_visit_g19_t20_n25.csv,1,10,3,21.70598252876788,21.70598252876788,00,00,1,0,True,completed
1,known_visit,DGA_iter_25,bernoulli,drop_0.25,19,361,4,20,targets_20_dga_h2_bernoulli_025,objective_tuning_target_load_pilot_25\scenarios\known_visit_g19_t20_n25.csv,2,7,11,16.64587805307064,16.64587805307064,02,02,2,1,True,completed
1,known_visit,DGA_iter_25,bernoulli,drop_0.25,19,361,4,20,targets_20_dga_h2_bernoulli_025,objective_tuning_target_load_pilot_25\scenarios\known_visit_g19_t20_n25.csv,3,0,1,0.4214987836657712,0.4214987836657712,00,00,2,1,True,completed
1,known_visit,DGA_iter_25,bernoulli,drop_0.25,19,361,4,20,targets_20_dga_h2_bernoulli_025,objective_tuning_target_load_pilot_25\scenarios\known_visit_g19_t20_n25.csv,4,9,4,25.52791030210168,25.52791030210168,00,00,1,0,True,completed
1,known_visit,DGA_iter_25,bernoulli,drop_0.25,19,361,4,20,targets_20_dga_h2_bernoulli_025,objective_tuning_target_load_pilot_25\scenarios\known_visit_g19_t20_n25.csv,5,0,3,39.5643464166034,39.5643464166034,03,03,1,0,True,completed
1,known_visit,DGA_iter_25,bernoulli,drop_0.25,19,361,4,20,targets_20_dga_h2_bernoulli_025,objective_tuning_target_load_pilot_25\scenarios\known_visit_g19_t20_n25.csv,6,3,5,30.58764075688688,30.58764075688688,03,03,2,1,True,completed
1,known_visit,DGA_iter_25,bernoulli,drop_0.25,19,361,4,20,targets_20_dga_h2_bernoulli_025,objective_tuning_target_load_pilot_25\scenarios\known_visit_g19_t20_n25.csv,7,1,17,2.1331343179807285,2.1331343179807285,03,03,1,0,True,completed
1,known_visit,DGA_iter_25,bernoulli,drop_0.25,19,361,4,20,targets_20_dga_h2_bernoulli_025,objective_tuning_target_load_pilot_25\scenarios\known_visit_g19_t20_n25.csv,8,3,17,5.933501673540483,5.933501673540483,03,03,1,0,True,completed
1,known_visit,DGA_iter_25,bernoulli,drop_0.25,19,361,4,20,targets_20_dga_h2_bernoulli_025,objective_tuning_target_load_pilot_25\scenarios\known_visit_g19_t20_n25.csv,9,12,8,38.21351827704675,38.21351827704675,01,01,1,0,True,completed
1,known_visit,DGA_iter_25,bernoulli,drop_0.25,19,361,4,20,targets_20_dga_h2_bernoulli_025,objective_tuning_target_load_pilot_25\scenarios\known_visit_g19_t20_n25.csv,10,15,13,38.22561296233088,38.22561296233088,02,02,1,0,True,completed
1,known_visit,DGA_iter_25,bernoulli,drop_0.25,19,361,4,20,targets_20_dga_h2_bernoulli_025,objective_tuning_target_load_pilot_25\scenarios\known_visit_g19_t20_n25.csv,11,5,5,34.221018940548696,34.221018940548696,00,00,1,0,True,completed
1,known_visit,DGA_iter_25,bernoulli,drop_0.25,19,361,4,20,targets_20_dga_h2_bernoulli_025,objective_tuning_target_load_pilot_25\scenarios\known_visit_g19_t20_n25.csv,12,18,7,50.69418707148671,50.69418707148671,01,01,1,0,True,completed
1,known_visit,DGA_iter_25,bernoulli,drop_0.25,19,361,4,20,targets_20_dga_h2_bernoulli_025,objective_tuning_target_load_pilot_25\scenarios\known_visit_g19_t20_n25.csv,13,2,12,1.8904001585107697,1.8904001585107697,02,02,1,0,True,completed
1,known_visit,DGA_iter_25,bernoulli,drop_0.25,19,361,4,20,targets_20_dga_h2_bernoulli_025,objective_tuning_target_load_pilot_25\scenarios\known_visit_g19_t20_n25.csv,14,1,3,37.95397971319084,37.95397971319084,03,03,1,0,True,completed
1,known_visit,DGA_iter_25,bernoulli,drop_0.25,19,361,4,20,targets_20_dga_h2_bernoulli_025,objective_tuning_target_load_pilot_25\scenarios\known_visit_g19_t20_n25.csv,15,8,10,20.681333708520885,20.681333708520885,02,02,2,1,True,completed
1,known_visit,DGA_iter_25,bernoulli,drop_0.25,19,361,4,20,targets_20_dga_h2_bernoulli_025,objective_tuning_target_load_pilot_25\scenarios\known_visit_g19_t20_n25.csv,16,4,1,50.492505102090426,50.492505102090426,03,03,1,0,True,completed
1,known_visit,DGA_iter_25,bernoulli,drop_0.25,19,361,4,20,targets_20_dga_h2_bernoulli_025,objective_tuning_target_load_pilot_25\scenarios\known_visit_g19_t20_n25.csv,17,4,10,12.365738662046207,12.365738662046207,01,01,1,0,True,completed
1,known_visit,DGA_iter_25,bernoulli,drop_0.25,19,361,4,20,targets_20_dga_h2_bernoulli_025,objective_tuning_target_load_pilot_25\scenarios\known_visit_g19_t20_n25.csv,18,16,15,43.683506926069576,43.683506926069576,02,02,1,0,True,completed
1,known_visit,DGA_iter_25,bernoulli,drop_0.25,19,361,4,20,targets_20_dga_h2_bernoulli_025,objective_tuning_target_load_pilot_25\scenarios\known_visit_g19_t20_n25.csv,19,2,7,24.997034264342595,24.997034264342595,03,03,1,0,True,completed
1,known_visit,DGA_iter_25,bernoulli,drop_0.25,19,361,4,20,targets_20_dga_h2_bernoulli_025,objective_tuning_target_load_pilot_25\scenarios\known_visit_g19_t20_n25.csv,20,10,2,19.688545041952036,19.688545041952036,00,00,1,0,True,completed
2,known_visit,DGA_iter_25,bernoulli,drop_0.25,19,361,4,20,targets_20_dga_h2_bernoulli_025,objective_tuning_target_load_pilot_25\scenarios\known_visit_g19_t20_n25.csv,1,8,17,14.368237608649375,14.368237608649375,03,03,1,0,True,completed
2,known_visit,DGA_iter_25,bernoulli,drop_0.25,19,361,4,20,targets_20_dga_h2_bernoulli_025,objective_tuning_target_load_pilot_25\scenarios\known_visit_g19_t20_n25.csv,2,9,7,15.828189828572746,15.828189828572746,01,01,2,1,True,completed
2,known_visit,DGA_iter_25,bernoulli,drop_0.25,19,361,4,20,targets_20_dga_h2_bernoulli_025,objective_tuning_target_load_pilot_25\scenarios\known_visit_g19_t20_n25.csv,3,13,2,50.32551609322117,50.32551609322117,00,00,1,0,True,completed
2,known_visit,DGA_iter_25,bernoulli,drop_0.25,19,361,4,20,targets_20_dga_h2_bernoulli_025,objective_tuning_target_load_pilot_25\scenarios\known_visit_g19_t20_n25.csv,4,17,3,56.671683571556436,56.671683571556436,02,02,1,0,True,completed
2,known_visit,DGA_iter_25,bernoulli,drop_0.25,19,361,4,20,targets_20_dga_h2_bernoulli_025,objective_tuning_target_load_pilot_25\scenarios\known_visit_g19_t20_n25.csv,5,16,16,41.621110504347044,41.621110504347044,03,03,1,0,True,completed
2,known_visit,DGA_iter_25,bernoulli,drop_0.25,19,361,4,20,targets_20_dga_h2_bernoulli_025,objective_tuning_target_load_pilot_25\scenarios\known_visit_g19_t20_n25.csv,6,10,9,21.61254288669159,21.61254288669159,02,02,1,0,True,completed
2,known_visit,DGA_iter_25,bernoulli,drop_0.25,19,361,4,20,targets_20_dga_h2_bernoulli_025,objective_tuning_target_load_pilot_25\scenarios\known_visit_g19_t20_n25.csv,7,9,6,13.874595625388887,13.874595625388887,01,01,2,1,True,completed
2,known_visit,DGA_iter_25,bernoulli,drop_0.25,19,361,4,20,targets_20_dga_h2_bernoulli_025,objective_tuning_target_load_pilot_25\scenarios\known_visit_g19_t20_n25.csv,8,17,15,45.36912094656748,45.36912094656748,03,03,1,0,True,completed
2,known_visit,DGA_iter_25,bernoulli,drop_0.25,19,361,4,20,targets_20_dga_h2_bernoulli_025,objective_tuning_target_load_pilot_25\scenarios\known_visit_g19_t20_n25.csv,9,6,12,8.866039025316839,8.866039025316839,02,02,1,0,True,completed
2,known_visit,DGA_iter_25,bernoulli,drop_0.25,19,361,4,20,targets_20_dga_h2_bernoulli_025,objective_tuning_target_load_pilot_25\scenarios\known_visit_g19_t20_n25.csv,10,17,0,61.23196066379028,61.23196066379028,00,00,1,0,True,completed
2,known_visit,DGA_iter_25,bernoulli,drop_0.25,19,361,4,20,targets_20_dga_h2_bernoulli_025,objective_tuning_target_load_pilot_25\scenarios\known_visit_g19_t20_n25.csv,11,1,17,2.2476801306804552,2.2476801306804552,03,03,1,0,True,completed
2,known_visit,DGA_iter_25,bernoulli,drop_0.25,19,361,4,20,targets_20_dga_h2_bernoulli_025,objective_tuning_target_load_pilot_25\scenarios\known_visit_g19_t20_n25.csv,12,7,10,14.408564965153303,14.408564965153303,02,02,1,0,True,completed
2,known_visit,DGA_iter_25,bernoulli,drop_0.25,19,361,4,20,targets_20_dga_h2_bernoulli_025,objective_tuning_target_load_pilot_25\scenarios\known_visit_g19_t20_n25.csv,13,13,18,32.519412838307055,32.519412838307055,03,03,2,1,True,completed
2,known_visit,DGA_iter_25,bernoulli,drop_0.25,19,361,4,20,targets_20_dga_h2_bernoulli_025,objective_tuning_target_load_pilot_25\scenarios\known_visit_g19_t20_n25.csv,14,11,15,23.417476883158617,23.417476883158617,03,03,1,0,True,completed
2,known_visit,DGA_iter_25,bernoulli,drop_0.25,19,361,4,20,targets_20_dga_h2_bernoulli_025,objective_tuning_target_load_pilot_25\scenarios\known_visit_g19_t20_n25.csv,15,0,1,0.45405461622514587,0.45405461622514587,00,00,1,0,True,completed
2,known_visit,DGA_iter_25,bernoulli,drop_0.25,19,361,4,20,targets_20_dga_h2_bernoulli_025,objective_tuning_target_load_pilot_25\scenarios\known_visit_g19_t20_n25.csv,16,3,17,5.8099814810288075,5.8099814810288075,03,03,1,0,True,completed
2,known_visit,DGA_iter_25,bernoulli,drop_0.25,19,361,4,20,targets_20_dga_h2_bernoulli_025,objective_tuning_target_load_pilot_25\scenarios\known_visit_g19_t20_n25.csv,17,3,0,11.408787067591444,11.408787067591444,00,00,1,0,True,completed
2,known_visit,DGA_iter_25,bernoulli,drop_0.25,19,361,4,20,targets_20_dga_h2_bernoulli_025,objective_tuning_target_load_pilot_25\scenarios\known_visit_g19_t20_n25.csv,18,13,13,34.02182134796511,34.02182134796511,01,01,1,0,True,completed
2,known_visit,DGA_iter_25,bernoulli,drop_0.25,19,361,4,20,targets_20_dga_h2_bernoulli_025,objective_tuning_target_load_pilot_25\scenarios\known_visit_g19_t20_n25.csv,19,15,18,36.21744254638862,36.21744254638862,03,03,2,1,True,completed
2,known_visit,DGA_iter_25,bernoulli,drop_0.25,19,361,4,20,targets_20_dga_h2_bernoulli_025,objective_tuning_target_load_pilot_25\scenarios\known_visit_g19_t20_n25.csv,20,0,2,2.1122844228116717,2.1122844228116717,00,00,1,0,True,completed
3,known_visit,DGA_iter_25,bernoulli,drop_0.25,19,361,4,20,targets_20_dga_h2_bernoulli_025,objective_tuning_target_load_pilot_25\scenarios\known_visit_g19_t20_n25.csv,1,12,12,30.795141379705477,30.795141379705477,02,02,2,1,True,completed
3,known_visit,DGA_iter_25,bernoulli,drop_0.25,19,361,4,20,targets_20_dga_h2_bernoulli_025,objective_tuning_target_load_pilot_25\scenarios\known_visit_g19_t20_n25.csv,2,17,11,48.51522037702978,48.51522037702978,03,03,1,0,True,completed
3,known_visit,DGA_iter_25,bernoulli,drop_0.25,19,361,4,20,targets_20_dga_h2_bernoulli_025,objective_tuning_target_load_pilot_25\scenarios\known_visit_g19_t20_n25.csv,3,2,6,1.744262361081656,1.744262361081656,01,01,1,0,True,completed
3,known_visit,DGA_iter_25,bernoulli,drop_0.25,19,361,4,20,targets_20_dga_h2_bernoulli_025,objective_tuning_target_load_pilot_25\scenarios\known_visit_g19_t20_n25.csv,4,9,13,19.85104682119982,19.85104682119982,02,02,1,0,True,completed
3,known_visit,DGA_iter_25,bernoulli,drop_0.25,19,361,4,20,targets_20_dga_h2_bernoulli_025,objective_tuning_target_load_pilot_25\scenarios\known_visit_g19_t20_n25.csv,5,2,17,3.9856676136947793,3.9856676136947793,03,03,1,0,True,completed
3,known_visit,DGA_iter_25,bernoulli,drop_0.25,19,361,4,20,targets_20_dga_h2_bernoulli_025,objective_tuning_target_load_pilot_25\scenarios\known_visit_g19_t20_n25.csv,6,6,11,10.712375424470872,10.712375424470872,02,02,1,0,True,completed
3,known_visit,DGA_iter_25,bernoulli,drop_0.25,19,361,4,20,targets_20_dga_h2_bernoulli_025,objective_tuning_target_load_pilot_25\scenarios\known_visit_g19_t20_n25.csv,7,17,3,37.017330339806165,37.017330339806165,00,00,1,0,True,completed
3,known_visit,DGA_iter_25,bernoulli,drop_0.25,19,361,4,20,targets_20_dga_h2_bernoulli_025,objective_tuning_target_load_pilot_25\scenarios\known_visit_g19_t20_n25.csv,8,5,8,14.360688126597973,14.360688126597973,01,01,1,0,True,completed
3,known_visit,DGA_iter_25,bernoulli,drop_0.25,19,361,4,20,targets_20_dga_h2_bernoulli_025,objective_tuning_target_load_pilot_25\scenarios\known_visit_g19_t20_n25.csv,9,14,10,41.14412456604107,41.14412456604107,03,03,1,0,True,completed
3,known_visit,DGA_iter_25,bernoulli,drop_0.25,19,361,4,20,targets_20_dga_h2_bernoulli_025,objective_tuning_target_load_pilot_25\scenarios\known_visit_g19_t20_n25.csv,10,16,4,32.97332758095694,32.97332758095694,00,00,1,0,True,completed
3,known_visit,DGA_iter_25,bernoulli,drop_0.25,19,361,4,20,targets_20_dga_h2_bernoulli_025,objective_tuning_target_load_pilot_25\scenarios\known_visit_g19_t20_n25.csv,11,8,15,17.853619474266832,17.853619474266832,03,03,1,0,True,completed
3,known_visit,DGA_iter_25,bernoulli,drop_0.25,19,361,4,20,targets_20_dga_h2_bernoulli_025,objective_tuning_target_load_pilot_25\scenarios\known_visit_g19_t20_n25.csv,12,18,8,47.86872906296378,47.86872906296378,00,00,1,0,True,completed
3,known_visit,DGA_iter_25,bernoulli,drop_0.25,19,361,4,20,targets_20_dga_h2_bernoulli_025,objective_tuning_target_load_pilot_25\scenarios\known_visit_g19_t20_n25.csv,13,9,8,28.579638695185903,28.579638695185903,01,01,2,1,True,completed
3,known_visit,DGA_iter_25,bernoulli,drop_0.25,19,361,4,20,targets_20_dga_h2_bernoulli_025,objective_tuning_target_load_pilot_25\scenarios\known_visit_g19_t20_n25.csv,14,6,10,20.057133487898454,20.057133487898454,01,01,1,0,True,completed
3,known_visit,DGA_iter_25,bernoulli,drop_0.25,19,361,4,20,targets_20_dga_h2_bernoulli_025,objective_tuning_target_load_pilot_25\scenarios\known_visit_g19_t20_n25.csv,15,10,16,23.186264564226885,23.186264564226885,03,03,1,0,True,completed
3,known_visit,DGA_iter_25,bernoulli,drop_0.25,19,361,4,20,targets_20_dga_h2_bernoulli_025,objective_tuning_target_load_pilot_25\scenarios\known_visit_g19_t20_n25.csv,16,10,8,30.523779902081955,30.523779902081955,01,01,2,1,True,completed
3,known_visit,DGA_iter_25,bernoulli,drop_0.25,19,361,4,20,targets_20_dga_h2_bernoulli_025,objective_tuning_target_load_pilot_25\scenarios\known_visit_g19_t20_n25.csv,17,12,0,18.773566609092203,18.773566609092203,00,00,1,0,True,completed
3,known_visit,DGA_iter_25,bernoulli,drop_0.25,19,361,4,20,targets_20_dga_h2_bernoulli_025,objective_tuning_target_load_pilot_25\scenarios\known_visit_g19_t20_n25.csv,18,6,6,8.679425745736356,8.679425745736356,01,01,1,0,True,completed
3,known_visit,DGA_iter_25,bernoulli,drop_0.25,19,361,4,20,targets_20_dga_h2_bernoulli_025,objective_tuning_target_load_pilot_25\scenarios\known_visit_g19_t20_n25.csv,19,1,18,0.20323283381718227,0.20323283381718227,03,03,1,0,True,completed
3,known_visit,DGA_iter_25,bernoulli,drop_0.25,19,361,4,20,targets_20_dga_h2_bernoulli_025,objective_tuning_target_load_pilot_25\scenarios\known_visit_g19_t20_n25.csv,20,3,12,3.551086868169628,3.551086868169628,02,02,1,0,True,completed
4,known_visit,DGA_iter_25,bernoulli,drop_0.25,19,361,4,20,targets_20_dga_h2_bernoulli_025,objective_tuning_target_load_pilot_25\scenarios\known_visit_g19_t20_n25.csv,1,10,14,30.264057305490706,30.264057305490706,03,03,1,0,True,completed
4,known_visit,DGA_iter_25,bernoulli,drop_0.25,19,361,4,20,targets_20_dga_h2_bernoulli_025,objective_tuning_target_load_pilot_25\scenarios\known_visit_g19_t20_n25.csv,2,3,1,5.583115972773311,5.583115972773311,00,00,1,0,True,completed
4,known_visit,DGA_iter_25,bernoulli,drop_0.25,19,361,4,20,targets_20_dga_h2_bernoulli_025,objective_tuning_target_load_pilot_25\scenarios\known_visit_g19_t20_n25.csv,3,12,5,51.59011632050733,51.59011632050733,00,00,1,0,True,completed
4,known_visit,DGA_iter_25,bernoulli,drop_0.25,19,361,4,20,targets_20_dga_h2_bernoulli_025,objective_tuning_target_load_pilot_25\scenarios\known_visit_g19_t20_n25.csv,4,12,17,21.248114492386186,21.248114492386186,03,03,1,0,True,completed
4,known_visit,DGA_iter_25,bernoulli,drop_0.25,19,361,4,20,targets_20_dga_h2_bernoulli_025,objective_tuning_target_load_pilot_25\scenarios\known_visit_g19_t20_n25.csv,5,17,8,56.73907998613831,56.73907998613831,01,01,1,0,True,completed
4,known_visit,DGA_iter_25,bernoulli,drop_0.25,19,361,4,20,targets_20_dga_h2_bernoulli_025,objective_tuning_target_load_pilot_25\scenarios\known_visit_g19_t20_n25.csv,6,8,7,14.147234315675371,14.147234315675371,01,01,1,0,True,completed
4,known_visit,DGA_iter_25,bernoulli,drop_0.25,19,361,4,20,targets_20_dga_h2_bernoulli_025,objective_tuning_target_load_pilot_25\scenarios\known_visit_g19_t20_n25.csv,7,17,13,48.41708816561977,48.41708816561977,02,02,1,0,True,completed
4,known_visit,DGA_iter_25,bernoulli,drop_0.25,19,361,4,20,targets_20_dga_h2_bernoulli_025,objective_tuning_target_load_pilot_25\scenarios\known_visit_g19_t20_n25.csv,8,4,6,5.40177499683473,5.40177499683473,01,01,1,0,True,completed
4,known_visit,DGA_iter_25,bernoulli,drop_0.25,19,361,4,20,targets_20_dga_h2_bernoulli_025,objective_tuning_target_load_pilot_25\scenarios\known_visit_g19_t20_n25.csv,9,5,18,7.070770299932506,7.070770299932506,03,03,1,0,True,completed
4,known_visit,DGA_iter_25,bernoulli,drop_0.25,19,361,4,20,targets_20_dga_h2_bernoulli_025,objective_tuning_target_load_pilot_25\scenarios\known_visit_g19_t20_n25.csv,10,10,10,30.68909694793013,30.68909694793013,01,01,2,1,True,completed
4,known_visit,DGA_iter_25,bernoulli,drop_0.25,19,361,4,20,targets_20_dga_h2_bernoulli_025,objective_tuning_target_load_pilot_25\scenarios\known_visit_g19_t20_n25.csv,11,2,2,16.56824771688651,16.56824771688651,00,00,1,0,True,completed
4,known_visit,DGA_iter_25,bernoulli,drop_0.25,19,361,4,20,targets_20_dga_h2_bernoulli_025,objective_tuning_target_load_pilot_25\scenarios\known_visit_g19_t20_n25.csv,12,8,1,36.91408874777368,36.91408874777368,00,00,1,0,True,completed
4,known_visit,DGA_iter_25,bernoulli,drop_0.25,19,361,4,20,targets_20_dga_h2_bernoulli_025,objective_tuning_target_load_pilot_25\scenarios\known_visit_g19_t20_n25.csv,13,2,13,7.734680360497847,7.734680360497847,02,02,1,0,True,completed
4,known_visit,DGA_iter_25,bernoulli,drop_0.25,19,361,4,20,targets_20_dga_h2_bernoulli_025,objective_tuning_target_load_pilot_25\scenarios\known_visit_g19_t20_n25.csv,14,7,8,39.515190624533645,39.515190624533645,01,01,1,0,True,completed
4,known_visit,DGA_iter_25,bernoulli,drop_0.25,19,361,4,20,targets_20_dga_h2_bernoulli_025,objective_tuning_target_load_pilot_25\scenarios\known_visit_g19_t20_n25.csv,15,4,17,18.40302215653099,18.40302215653099,02,02,1,0,True,completed
4,known_visit,DGA_iter_25,bernoulli,drop_0.25,19,361,4,20,targets_20_dga_h2_bernoulli_025,objective_tuning_target_load_pilot_25\scenarios\known_visit_g19_t20_n25.csv,16,2,12,1.8933181217009503,1.8933181217009503,02,02,1,0,True,completed
4,known_visit,DGA_iter_25,bernoulli,drop_0.25,19,361,4,20,targets_20_dga_h2_bernoulli_025,objective_tuning_target_load_pilot_25\scenarios\known_visit_g19_t20_n25.csv,17,5,4,26.07373941346115,26.07373941346115,00,00,1,0,True,completed
4,known_visit,DGA_iter_25,bernoulli,drop_0.25,19,361,4,20,targets_20_dga_h2_bernoulli_025,objective_tuning_target_load_pilot_25\scenarios\known_visit_g19_t20_n25.csv,18,11,12,36.1115744548999,36.1115744548999,03,03,1,0,True,completed
4,known_visit,DGA_iter_25,bernoulli,drop_0.25,19,361,4,20,targets_20_dga_h2_bernoulli_025,objective_tuning_target_load_pilot_25\scenarios\known_visit_g19_t20_n25.csv,19,11,2,44.36458547727459,44.36458547727459,00,00,1,0,True,completed
4,known_visit,DGA_iter_25,bernoulli,drop_0.25,19,361,4,20,targets_20_dga_h2_bernoulli_025,objective_tuning_target_load_pilot_25\scenarios\known_visit_g19_t20_n25.csv,20,13,9,49.16429353024212,49.16429353024212,03,03,1,0,True,completed
5,known_visit,DGA_iter_25,bernoulli,drop_0.25,19,361,4,20,targets_20_dga_h2_bernoulli_025,objective_tuning_target_load_pilot_25\scenarios\known_visit_g19_t20_n25.csv,1,11,10,24.45036788088643,24.45036788088643,02,02,1,0,True,completed
5,known_visit,DGA_iter_25,bernoulli,drop_0.25,19,361,4,20,targets_20_dga_h2_bernoulli_025,objective_tuning_target_load_pilot_25\scenarios\known_visit_g19_t20_n25.csv,2,3,13,48.88396690388633,48.88396690388633,02,02,1,0,True,completed
5,known_visit,DGA_iter_25,bernoulli,drop_0.25,19,361,4,20,targets_20_dga_h2_bernoulli_025,objective_tuning_target_load_pilot_25\scenarios\known_visit_g19_t20_n25.csv,3,17,2,34.771891751695755,34.771891751695755,00,00,1,0,True,completed
5,known_visit,DGA_iter_25,bernoulli,drop_0.25,19,361,4,20,targets_20_dga_h2_bernoulli_025,objective_tuning_target_load_pilot_25\scenarios\known_visit_g19_t20_n25.csv,4,10,12,34.593152619156086,34.593152619156086,02,02,2,1,True,completed
5,known_visit,DGA_iter_25,bernoulli,drop_0.25,19,361,4,20,targets_20_dga_h2_bernoulli_025,objective_tuning_target_load_pilot_25\scenarios\known_visit_g19_t20_n25.csv,5,7,0,10.168985668526675,10.168985668526675,00,00,2,1,True,completed
5,known_visit,DGA_iter_25,bernoulli,drop_0.25,19,361,4,20,targets_20_dga_h2_bernoulli_025,objective_tuning_target_load_pilot_25\scenarios\known_visit_g19_t20_n25.csv,6,1,9,5.429741764639991,5.429741764639991,02,02,1,0,True,completed
5,known_visit,DGA_iter_25,bernoulli,drop_0.25,19,361,4,20,targets_20_dga_h2_bernoulli_025,objective_tuning_target_load_pilot_25\scenarios\known_visit_g19_t20_n25.csv,7,9,9,19.13363948548152,19.13363948548152,02,02,2,1,True,completed
5,known_visit,DGA_iter_25,bernoulli,drop_0.25,19,361,4,20,targets_20_dga_h2_bernoulli_025,objective_tuning_target_load_pilot_25\scenarios\known_visit_g19_t20_n25.csv,8,5,1,23.704518088395567,23.704518088395567,01,01,1,0,True,completed
5,known_visit,DGA_iter_25,bernoulli,drop_0.25,19,361,4,20,targets_20_dga_h2_bernoulli_025,objective_tuning_target_load_pilot_25\scenarios\known_visit_g19_t20_n25.csv,9,12,13,31.765577373082984,31.765577373082984,03,03,1,0,True,completed
5,known_visit,DGA_iter_25,bernoulli,drop_0.25,19,361,4,20,targets_20_dga_h2_bernoulli_025,objective_tuning_target_load_pilot_25\scenarios\known_visit_g19_t20_n25.csv,10,16,10,54.76791080961183,54.76791080961183,00,00,1,0,True,completed
5,known_visit,DGA_iter_25,bernoulli,drop_0.25,19,361,4,20,targets_20_dga_h2_bernoulli_025,objective_tuning_target_load_pilot_25\scenarios\known_visit_g19_t20_n25.csv,11,17,5,40.16424591089795,40.16424591089795,00,00,1,0,True,completed
5,known_visit,DGA_iter_25,bernoulli,drop_0.25,19,361,4,20,targets_20_dga_h2_bernoulli_025,objective_tuning_target_load_pilot_25\scenarios\known_visit_g19_t20_n25.csv,12,18,6,43.94519521315496,43.94519521315496,00,00,1,0,True,completed
5,known_visit,DGA_iter_25,bernoulli,drop_0.25,19,361,4,20,targets_20_dga_h2_bernoulli_025,objective_tuning_target_load_pilot_25\scenarios\known_visit_g19_t20_n25.csv,13,11,11,26.1160997172903,26.1160997172903,02,02,1,0,True,completed
5,known_visit,DGA_iter_25,bernoulli,drop_0.25,19,361,4,20,targets_20_dga_h2_bernoulli_025,objective_tuning_target_load_pilot_25\scenarios\known_visit_g19_t20_n25.csv,14,8,9,17.4303876915273,17.4303876915273,02,02,1,0,True,completed
5,known_visit,DGA_iter_25,bernoulli,drop_0.25,19,361,4,20,targets_20_dga_h2_bernoulli_025,objective_tuning_target_load_pilot_25\scenarios\known_visit_g19_t20_n25.csv,15,12,2,26.251072876276265,26.251072876276265,00,00,2,1,True,completed
5,known_visit,DGA_iter_25,bernoulli,drop_0.25,19,361,4,20,targets_20_dga_h2_bernoulli_025,objective_tuning_target_load_pilot_25\scenarios\known_visit_g19_t20_n25.csv,16,8,3,17.216469806312713,17.216469806312713,00,00,1,0,True,completed
5,known_visit,DGA_iter_25,bernoulli,drop_0.25,19,361,4,20,targets_20_dga_h2_bernoulli_025,objective_tuning_target_load_pilot_25\scenarios\known_visit_g19_t20_n25.csv,17,13,16,24.46210260393444,24.46210260393444,03,03,1,0,True,completed
5,known_visit,DGA_iter_25,bernoulli,drop_0.25,19,361,4,20,targets_20_dga_h2_bernoulli_025,objective_tuning_target_load_pilot_25\scenarios\known_visit_g19_t20_n25.csv,18,1,12,0.1481866822820218,0.1481866822820218,02,02,1,0,True,completed
5,known_visit,DGA_iter_25,bernoulli,drop_0.25,19,361,4,20,targets_20_dga_h2_bernoulli_025,objective_tuning_target_load_pilot_25\scenarios\known_visit_g19_t20_n25.csv,19,8,12,38.30256165326084,38.30256165326084,02,02,1,0,True,completed
5,known_visit,DGA_iter_25,bernoulli,drop_0.25,19,361,4,20,targets_20_dga_h2_bernoulli_025,objective_tuning_target_load_pilot_25\scenarios\known_visit_g19_t20_n25.csv,20,4,5,7.524873329495743,7.524873329495743,01,01,1,0,True,completed
6,known_visit,DGA_iter_25,bernoulli,drop_0.25,19,361,4,20,targets_20_dga_h2_bernoulli_025,objective_tuning_target_load_pilot_25\scenarios\known_visit_g19_t20_n25.csv,1,2,9,32.45919455187397,32.45919455187397,02,02,1,0,True,completed
6,known_visit,DGA_iter_25,bernoulli,drop_0.25,19,361,4,20,targets_20_dga_h2_bernoulli_025,objective_tuning_target_load_pilot_25\scenarios\known_visit_g19_t20_n25.csv,2,9,11,16.035701773384332,16.035701773384332,02,02,1,0,True,completed
6,known_visit,DGA_iter_25,bernoulli,drop_0.25,19,361,4,20,targets_20_dga_h2_bernoulli_025,objective_tuning_target_load_pilot_25\scenarios\known_visit_g19_t20_n25.csv,3,17,12,53.38406649583463,53.38406649583463,03,03,1,0,True,completed
6,known_visit,DGA_iter_25,bernoulli,drop_0.25,19,361,4,20,targets_20_dga_h2_bernoulli_025,objective_tuning_target_load_pilot_25\scenarios\known_visit_g19_t20_n25.csv,4,16,3,43.43103124023845,43.43103124023845,00,00,1,0,True,completed
6,known_visit,DGA_iter_25,bernoulli,drop_0.25,19,361,4,20,targets_20_dga_h2_bernoulli_025,objective_tuning_target_load_pilot_25\scenarios\known_visit_g19_t20_n25.csv,5,18,4,48.80601809685259,48.80601809685259,00,00,1,0,True,completed
6,known_visit,DGA_iter_25,bernoulli,drop_0.25,19,361,4,20,targets_20_dga_h2_bernoulli_025,objective_tuning_target_load_pilot_25\scenarios\known_visit_g19_t20_n25.csv,6,12,18,26.957940402924603,26.957940402924603,03,03,1,0,True,completed
6,known_visit,DGA_iter_25,bernoulli,drop_0.25,19,361,4,20,targets_20_dga_h2_bernoulli_025,objective_tuning_target_load_pilot_25\scenarios\known_visit_g19_t20_n25.csv,7,11,8,21.13371222386705,21.13371222386705,01,01,1,0,True,completed
6,known_visit,DGA_iter_25,bernoulli,drop_0.25,19,361,4,20,targets_20_dga_h2_bernoulli_025,objective_tuning_target_load_pilot_25\scenarios\known_visit_g19_t20_n25.csv,8,14,6,30.426377886580408,30.426377886580408,01,01,1,0,True,completed
6,known_visit,DGA_iter_25,bernoulli,drop_0.25,19,361,4,20,targets_20_dga_h2_bernoulli_025,objective_tuning_target_load_pilot_25\scenarios\known_visit_g19_t20_n25.csv,9,13,10,42.692870311506034,42.692870311506034,03,03,1,0,True,completed
6,known_visit,DGA_iter_25,bernoulli,drop_0.25,19,361,4,20,targets_20_dga_h2_bernoulli_025,objective_tuning_target_load_pilot_25\scenarios\known_visit_g19_t20_n25.csv,10,4,8,38.080552732315375,38.080552732315375,02,02,1,0,True,completed
6,known_visit,DGA_iter_25,bernoulli,drop_0.25,19,361,4,20,targets_20_dga_h2_bernoulli_025,objective_tuning_target_load_pilot_25\scenarios\known_visit_g19_t20_n25.csv,11,10,16,19.303691808691713,19.303691808691713,03,03,1,0,True,completed
6,known_visit,DGA_iter_25,bernoulli,drop_0.25,19,361,4,20,targets_20_dga_h2_bernoulli_025,objective_tuning_target_load_pilot_25\scenarios\known_visit_g19_t20_n25.csv,12,10,18,15.485788359692807,15.485788359692807,03,03,1,0,True,completed
6,known_visit,DGA_iter_25,bernoulli,drop_0.25,19,361,4,20,targets_20_dga_h2_bernoulli_025,objective_tuning_target_load_pilot_25\scenarios\known_visit_g19_t20_n25.csv,13,12,3,24.714385350880686,24.714385350880686,00,00,1,0,True,completed
6,known_visit,DGA_iter_25,bernoulli,drop_0.25,19,361,4,20,targets_20_dga_h2_bernoulli_025,objective_tuning_target_load_pilot_25\scenarios\known_visit_g19_t20_n25.csv,14,6,11,10.700943397852964,10.700943397852964,02,02,1,0,True,completed
6,known_visit,DGA_iter_25,bernoulli,drop_0.25,19,361,4,20,targets_20_dga_h2_bernoulli_025,objective_tuning_target_load_pilot_25\scenarios\known_visit_g19_t20_n25.csv,15,5,0,7.072389053900484,7.072389053900484,00,00,1,0,True,completed
6,known_visit,DGA_iter_25,bernoulli,drop_0.25,19,361,4,20,targets_20_dga_h2_bernoulli_025,objective_tuning_target_load_pilot_25\scenarios\known_visit_g19_t20_n25.csv,16,2,6,1.7641448070665608,1.7641448070665608,01,01,1,0,True,completed
6,known_visit,DGA_iter_25,bernoulli,drop_0.25,19,361,4,20,targets_20_dga_h2_bernoulli_025,objective_tuning_target_load_pilot_25\scenarios\known_visit_g19_t20_n25.csv,17,15,1,37.76748920625415,37.76748920625415,00,00,1,0,True,completed
6,known_visit,DGA_iter_25,bernoulli,drop_0.25,19,361,4,20,targets_20_dga_h2_bernoulli_025,objective_tuning_target_load_pilot_25\scenarios\known_visit_g19_t20_n25.csv,18,13,3,26.650829874272194,26.650829874272194,00,00,1,0,True,completed
6,known_visit,DGA_iter_25,bernoulli,drop_0.25,19,361,4,20,targets_20_dga_h2_bernoulli_025,objective_tuning_target_load_pilot_25\scenarios\known_visit_g19_t20_n25.csv,19,13,7,26.770157402543415,26.770157402543415,01,01,1,0,True,completed
6,known_visit,DGA_iter_25,bernoulli,drop_0.25,19,361,4,20,targets_20_dga_h2_bernoulli_025,objective_tuning_target_load_pilot_25\scenarios\known_visit_g19_t20_n25.csv,20,11,6,17.448921083309685,17.448921083309685,01,01,1,0,True,completed
7,known_visit,DGA_iter_25,bernoulli,drop_0.25,19,361,4,20,targets_20_dga_h2_bernoulli_025,objective_tuning_target_load_pilot_25\scenarios\known_visit_g19_t20_n25.csv,1,4,7,15.043040298392416,15.043040298392416,01,01,1,0,True,completed
7,known_visit,DGA_iter_25,bernoulli,drop_0.25,19,361,4,20,targets_20_dga_h2_bernoulli_025,objective_tuning_target_load_pilot_25\scenarios\known_visit_g19_t20_n25.csv,2,11,12,29.6681702646884,29.6681702646884,02,02,1,0,True,completed
7,known_visit,DGA_iter_25,bernoulli,drop_0.25,19,361,4,20,targets_20_dga_h2_bernoulli_025,objective_tuning_target_load_pilot_25\scenarios\known_visit_g19_t20_n25.csv,3,14,18,49.451137936200844,49.451137936200844,02,02,1,0,True,completed
7,known_visit,DGA_iter_25,bernoulli,drop_0.25,19,361,4,20,targets_20_dga_h2_bernoulli_025,objective_tuning_target_load_pilot_25\scenarios\known_visit_g19_t20_n25.csv,4,4,5,7.191095319886944,7.191095319886944,01,01,1,0,True,completed
7,known_visit,DGA_iter_25,bernoulli,drop_0.25,19,361,4,20,targets_20_dga_h2_bernoulli_025,objective_tuning_target_load_pilot_25\scenarios\known_visit_g19_t20_n25.csv,5,9,6,25.47998309440907,25.47998309440907,00,00,1,0,True,completed
7,known_visit,DGA_iter_25,bernoulli,drop_0.25,19,361,4,20,targets_20_dga_h2_bernoulli_025,objective_tuning_target_load_pilot_25\scenarios\known_visit_g19_t20_n25.csv,6,16,18,52.88918132863278,52.88918132863278,02,02,1,0,True,completed
7,known_visit,DGA_iter_25,bernoulli,drop_0.25,19,361,4,20,targets_20_dga_h2_bernoulli_025,objective_tuning_target_load_pilot_25\scenarios\known_visit_g19_t20_n25.csv,7,4,17,7.30209664822535,7.30209664822535,03,03,1,0,True,completed
7,known_visit,DGA_iter_25,bernoulli,drop_0.25,19,361,4,20,targets_20_dga_h2_bernoulli_025,objective_tuning_target_load_pilot_25\scenarios\known_visit_g19_t20_n25.csv,8,5,1,9.195418199432563,9.195418199432563,00,00,1,0,True,completed
7,known_visit,DGA_iter_25,bernoulli,drop_0.25,19,361,4,20,targets_20_dga_h2_bernoulli_025,objective_tuning_target_load_pilot_25\scenarios\known_visit_g19_t20_n25.csv,9,17,17,56.556015673171714,56.556015673171714,02,02,1,0,True,completed
7,known_visit,DGA_iter_25,bernoulli,drop_0.25,19,361,4,20,targets_20_dga_h2_bernoulli_025,objective_tuning_target_load_pilot_25\scenarios\known_visit_g19_t20_n25.csv,10,17,3,44.486232376354415,44.486232376354415,00,00,1,0,True,completed
7,known_visit,DGA_iter_25,bernoulli,drop_0.25,19,361,4,20,targets_20_dga_h2_bernoulli_025,objective_tuning_target_load_pilot_25\scenarios\known_visit_g19_t20_n25.csv,11,11,9,31.20070085579183,31.20070085579183,01,01,1,0,True,completed
7,known_visit,DGA_iter_25,bernoulli,drop_0.25,19,361,4,20,targets_20_dga_h2_bernoulli_025,objective_tuning_target_load_pilot_25\scenarios\known_visit_g19_t20_n25.csv,12,6,2,12.79919137610761,12.79919137610761,00,00,1,0,True,completed
7,known_visit,DGA_iter_25,bernoulli,drop_0.25,19,361,4,20,targets_20_dga_h2_bernoulli_025,objective_tuning_target_load_pilot_25\scenarios\known_visit_g19_t20_n25.csv,13,3,12,7.89916094016667,7.89916094016667,02,02,1,0,True,completed
7,known_visit,DGA_iter_25,bernoulli,drop_0.25,19,361,4,20,targets_20_dga_h2_bernoulli_025,objective_tuning_target_load_pilot_25\scenarios\known_visit_g19_t20_n25.csv,14,13,18,47.40377910222506,47.40377910222506,02,02,1,0,True,completed
7,known_visit,DGA_iter_25,bernoulli,drop_0.25,19,361,4,20,targets_20_dga_h2_bernoulli_025,objective_tuning_target_load_pilot_25\scenarios\known_visit_g19_t20_n25.csv,15,9,16,17.55532027934977,17.55532027934977,03,03,1,0,True,completed
7,known_visit,DGA_iter_25,bernoulli,drop_0.25,19,361,4,20,targets_20_dga_h2_bernoulli_025,objective_tuning_target_load_pilot_25\scenarios\known_visit_g19_t20_n25.csv,16,14,3,39.251815883004724,39.251815883004724,00,00,1,0,True,completed
7,known_visit,DGA_iter_25,bernoulli,drop_0.25,19,361,4,20,targets_20_dga_h2_bernoulli_025,objective_tuning_target_load_pilot_25\scenarios\known_visit_g19_t20_n25.csv,17,0,15,35.26183177125468,35.26183177125468,03,03,1,0,True,completed
7,known_visit,DGA_iter_25,bernoulli,drop_0.25,19,361,4,20,targets_20_dga_h2_bernoulli_025,objective_tuning_target_load_pilot_25\scenarios\known_visit_g19_t20_n25.csv,18,8,14,20.826753795189962,20.826753795189962,02,02,1,0,True,completed
7,known_visit,DGA_iter_25,bernoulli,drop_0.25,19,361,4,20,targets_20_dga_h2_bernoulli_025,objective_tuning_target_load_pilot_25\scenarios\known_visit_g19_t20_n25.csv,19,18,5,49.94057191331151,49.94057191331151,00,00,1,0,True,completed
7,known_visit,DGA_iter_25,bernoulli,drop_0.25,19,361,4,20,targets_20_dga_h2_bernoulli_025,objective_tuning_target_load_pilot_25\scenarios\known_visit_g19_t20_n25.csv,20,13,11,35.01516581291377,35.01516581291377,02,02,2,1,True,completed
8,known_visit,DGA_iter_25,bernoulli,drop_0.25,19,361,4,20,targets_20_dga_h2_bernoulli_025,objective_tuning_target_load_pilot_25\scenarios\known_visit_g19_t20_n25.csv,1,16,2,55.439999775227285,55.439999775227285,02,02,1,0,True,completed
8,known_visit,DGA_iter_25,bernoulli,drop_0.25,19,361,4,20,targets_20_dga_h2_bernoulli_025,objective_tuning_target_load_pilot_25\scenarios\known_visit_g19_t20_n25.csv,2,8,3,39.56829659306883,39.56829659306883,02,02,1,0,True,completed
8,known_visit,DGA_iter_25,bernoulli,drop_0.25,19,361,4,20,targets_20_dga_h2_bernoulli_025,objective_tuning_target_load_pilot_25\scenarios\known_visit_g19_t20_n25.csv,3,18,12,44.35418215644828,44.35418215644828,03,03,1,0,True,completed
8,known_visit,DGA_iter_25,bernoulli,drop_0.25,19,361,4,20,targets_20_dga_h2_bernoulli_025,objective_tuning_target_load_pilot_25\scenarios\known_visit_g19_t20_n25.csv,4,6,1,11.350919394602943,11.350919394602943,00,00,1,0,True,completed
8,known_visit,DGA_iter_25,bernoulli,drop_0.25,19,361,4,20,targets_20_dga_h2_bernoulli_025,objective_tuning_target_load_pilot_25\scenarios\known_visit_g19_t20_n25.csv,5,17,14,38.634551431805114,38.634551431805114,03,03,1,0,True,completed
8,known_visit,DGA_iter_25,bernoulli,drop_0.25,19,361,4,20,targets_20_dga_h2_bernoulli_025,objective_tuning_target_load_pilot_25\scenarios\known_visit_g19_t20_n25.csv,6,4,18,5.253234920083045,5.253234920083045,03,03,1,0,True,completed
8,known_visit,DGA_iter_25,bernoulli,drop_0.25,19,361,4,20,targets_20_dga_h2_bernoulli_025,objective_tuning_target_load_pilot_25\scenarios\known_visit_g19_t20_n25.csv,7,10,17,17.540488943567677,17.540488943567677,03,03,1,0,True,completed
8,known_visit,DGA_iter_25,bernoulli,drop_0.25,19,361,4,20,targets_20_dga_h2_bernoulli_025,objective_tuning_target_load_pilot_25\scenarios\known_visit_g19_t20_n25.csv,8,4,6,5.2294622804751185,5.2294622804751185,01,01,2,1,True,completed
8,known_visit,DGA_iter_25,bernoulli,drop_0.25,19,361,4,20,targets_20_dga_h2_bernoulli_025,objective_tuning_target_load_pilot_25\scenarios\known_visit_g19_t20_n25.csv,9,7,18,10.436501485190183,10.436501485190183,03,03,1,0,True,completed
8,known_visit,DGA_iter_25,bernoulli,drop_0.25,19,361,4,20,targets_20_dga_h2_bernoulli_025,objective_tuning_target_load_pilot_25\scenarios\known_visit_g19_t20_n25.csv,10,15,9,40.740167732023295,40.740167732023295,00,00,2,1,True,completed
8,known_visit,DGA_iter_25,bernoulli,drop_0.25,19,361,4,20,targets_20_dga_h2_bernoulli_025,objective_tuning_target_load_pilot_25\scenarios\known_visit_g19_t20_n25.csv,11,4,1,7.540675503010647,7.540675503010647,00,00,1,0,True,completed
8,known_visit,DGA_iter_25,bernoulli,drop_0.25,19,361,4,20,targets_20_dga_h2_bernoulli_025,objective_tuning_target_load_pilot_25\scenarios\known_visit_g19_t20_n25.csv,12,5,18,6.904581113272539,6.904581113272539,03,03,1,0,True,completed
8,known_visit,DGA_iter_25,bernoulli,drop_0.25,19,361,4,20,targets_20_dga_h2_bernoulli_025,objective_tuning_target_load_pilot_25\scenarios\known_visit_g19_t20_n25.csv,13,12,13,28.13648692668356,28.13648692668356,03,03,1,0,True,completed
8,known_visit,DGA_iter_25,bernoulli,drop_0.25,19,361,4,20,targets_20_dga_h2_bernoulli_025,objective_tuning_target_load_pilot_25\scenarios\known_visit_g19_t20_n25.csv,14,0,9,3.847389974715012,3.847389974715012,02,02,1,0,True,completed
8,known_visit,DGA_iter_25,bernoulli,drop_0.25,19,361,4,20,targets_20_dga_h2_bernoulli_025,objective_tuning_target_load_pilot_25\scenarios\known_visit_g19_t20_n25.csv,15,2,7,18.54962154000883,18.54962154000883,01,01,1,0,True,completed
8,known_visit,DGA_iter_25,bernoulli,drop_0.25,19,361,4,20,targets_20_dga_h2_bernoulli_025,objective_tuning_target_load_pilot_25\scenarios\known_visit_g19_t20_n25.csv,16,0,4,12.228237811585394,12.228237811585394,02,02,2,1,True,completed
8,known_visit,DGA_iter_25,bernoulli,drop_0.25,19,361,4,20,targets_20_dga_h2_bernoulli_025,objective_tuning_target_load_pilot_25\scenarios\known_visit_g19_t20_n25.csv,17,4,5,7.31009520159293,7.31009520159293,01,01,2,1,True,completed
8,known_visit,DGA_iter_25,bernoulli,drop_0.25,19,361,4,20,targets_20_dga_h2_bernoulli_025,objective_tuning_target_load_pilot_25\scenarios\known_visit_g19_t20_n25.csv,18,15,3,58.2791067515782,58.2791067515782,00,00,1,0,True,completed
8,known_visit,DGA_iter_25,bernoulli,drop_0.25,19,361,4,20,targets_20_dga_h2_bernoulli_025,objective_tuning_target_load_pilot_25\scenarios\known_visit_g19_t20_n25.csv,19,6,6,20.15722546437447,20.15722546437447,00,00,2,1,True,completed
8,known_visit,DGA_iter_25,bernoulli,drop_0.25,19,361,4,20,targets_20_dga_h2_bernoulli_025,objective_tuning_target_load_pilot_25\scenarios\known_visit_g19_t20_n25.csv,20,9,5,34.14786841466479,34.14786841466479,02,02,2,1,True,completed
9,known_visit,DGA_iter_25,bernoulli,drop_0.25,19,361,4,20,targets_20_dga_h2_bernoulli_025,objective_tuning_target_load_pilot_25\scenarios\known_visit_g19_t20_n25.csv,1,0,3,14.4290839644254,14.4290839644254,00,00,2,1,True,completed
9,known_visit,DGA_iter_25,bernoulli,drop_0.25,19,361,4,20,targets_20_dga_h2_bernoulli_025,objective_tuning_target_load_pilot_25\scenarios\known_visit_g19_t20_n25.csv,2,12,1,73.77493033279345,73.77493033279345,01,01,1,0,True,completed
9,known_visit,DGA_iter_25,bernoulli,drop_0.25,19,361,4,20,targets_20_dga_h2_bernoulli_025,objective_tuning_target_load_pilot_25\scenarios\known_visit_g19_t20_n25.csv,3,6,13,21.816578795683984,21.816578795683984,01,01,1,0,True,completed
9,known_visit,DGA_iter_25,bernoulli,drop_0.25,19,361,4,20,targets_20_dga_h2_bernoulli_025,objective_tuning_target_load_pilot_25\scenarios\known_visit_g19_t20_n25.csv,4,4,16,9.189686029030755,9.189686029030755,03,03,2,1,True,completed
9,known_visit,DGA_iter_25,bernoulli,drop_0.25,19,361,4,20,targets_20_dga_h2_bernoulli_025,objective_tuning_target_load_pilot_25\scenarios\known_visit_g19_t20_n25.csv,5,5,4,25.42046114077197,25.42046114077197,00,00,1,0,True,completed
9,known_visit,DGA_iter_25,bernoulli,drop_0.25,19,361,4,20,targets_20_dga_h2_bernoulli_025,objective_tuning_target_load_pilot_25\scenarios\known_visit_g19_t20_n25.csv,6,10,1,70.3894711196929,70.3894711196929,01,01,1,0,True,completed
9,known_visit,DGA_iter_25,bernoulli,drop_0.25,19,361,4,20,targets_20_dga_h2_bernoulli_025,objective_tuning_target_load_pilot_25\scenarios\known_visit_g19_t20_n25.csv,7,2,0,1.8968959454533385,1.8968959454533385,00,00,1,0,True,completed
9,known_visit,DGA_iter_25,bernoulli,drop_0.25,19,361,4,20,targets_20_dga_h2_bernoulli_025,objective_tuning_target_load_pilot_25\scenarios\known_visit_g19_t20_n25.csv,8,14,17,35.4456490919651,35.4456490919651,03,03,1,0,True,completed
9,known_visit,DGA_iter_25,bernoulli,drop_0.25,19,361,4,20,targets_20_dga_h2_bernoulli_025,objective_tuning_target_load_pilot_25\scenarios\known_visit_g19_t20_n25.csv,9,12,14,26.505239570194767,26.505239570194767,03,03,2,1,True,completed
9,known_visit,DGA_iter_25,bernoulli,drop_0.25,19,361,4,20,targets_20_dga_h2_bernoulli_025,objective_tuning_target_load_pilot_25\scenarios\known_visit_g19_t20_n25.csv,10,17,2,70.93710742482122,70.93710742482122,03,03,1,0,True,completed
9,known_visit,DGA_iter_25,bernoulli,drop_0.25,19,361,4,20,targets_20_dga_h2_bernoulli_025,objective_tuning_target_load_pilot_25\scenarios\known_visit_g19_t20_n25.csv,11,9,15,19.437863711347692,19.437863711347692,03,03,2,1,True,completed
9,known_visit,DGA_iter_25,bernoulli,drop_0.25,19,361,4,20,targets_20_dga_h2_bernoulli_025,objective_tuning_target_load_pilot_25\scenarios\known_visit_g19_t20_n25.csv,12,8,10,16.2458479043814,16.2458479043814,02,02,1,0,True,completed
9,known_visit,DGA_iter_25,bernoulli,drop_0.25,19,361,4,20,targets_20_dga_h2_bernoulli_025,objective_tuning_target_load_pilot_25\scenarios\known_visit_g19_t20_n25.csv,13,2,16,5.654883939659228,5.654883939659228,03,03,1,0,True,completed
9,known_visit,DGA_iter_25,bernoulli,drop_0.25,19,361,4,20,targets_20_dga_h2_bernoulli_025,objective_tuning_target_load_pilot_25\scenarios\known_visit_g19_t20_n25.csv,14,12,12,26.829360282623213,26.829360282623213,02,02,1,0,True,completed
9,known_visit,DGA_iter_25,bernoulli,drop_0.25,19,361,4,20,targets_20_dga_h2_bernoulli_025,objective_tuning_target_load_pilot_25\scenarios\known_visit_g19_t20_n25.csv,15,7,10,14.19655197436594,14.19655197436594,02,02,1,0,True,completed
9,known_visit,DGA_iter_25,bernoulli,drop_0.25,19,361,4,20,targets_20_dga_h2_bernoulli_025,objective_tuning_target_load_pilot_25\scenarios\known_visit_g19_t20_n25.csv,16,16,12,59.19911401396422,59.19911401396422,02,02,1,0,True,completed
9,known_visit,DGA_iter_25,bernoulli,drop_0.25,19,361,4,20,targets_20_dga_h2_bernoulli_025,objective_tuning_target_load_pilot_25\scenarios\known_visit_g19_t20_n25.csv,17,14,2,65.50957145937457,65.50957145937457,03,03,1,0,True,completed
9,known_visit,DGA_iter_25,bernoulli,drop_0.25,19,361,4,20,targets_20_dga_h2_bernoulli_025,objective_tuning_target_load_pilot_25\scenarios\known_visit_g19_t20_n25.csv,18,4,9,11.15568018588932,11.15568018588932,01,01,2,1,True,completed
9,known_visit,DGA_iter_25,bernoulli,drop_0.25,19,361,4,20,targets_20_dga_h2_bernoulli_025,objective_tuning_target_load_pilot_25\scenarios\known_visit_g19_t20_n25.csv,19,9,12,21.431592509065798,21.431592509065798,02,02,1,0,True,completed
9,known_visit,DGA_iter_25,bernoulli,drop_0.25,19,361,4,20,targets_20_dga_h2_bernoulli_025,objective_tuning_target_load_pilot_25\scenarios\known_visit_g19_t20_n25.csv,20,14,7,56.83740334680452,56.83740334680452,03,03,1,0,True,completed
10,known_visit,DGA_iter_25,bernoulli,drop_0.25,19,361,4,20,targets_20_dga_h2_bernoulli_025,objective_tuning_target_load_pilot_25\scenarios\known_visit_g19_t20_n25.csv,1,4,8,9.208461681162317,9.208461681162317,01,01,1,0,True,completed
10,known_visit,DGA_iter_25,bernoulli,drop_0.25,19,361,4,20,targets_20_dga_h2_bernoulli_025,objective_tuning_target_load_pilot_25\scenarios\known_visit_g19_t20_n25.csv,2,2,6,1.8948305822821903,1.8948305822821903,01,01,1,0,True,completed
10,known_visit,DGA_iter_25,bernoulli,drop_0.25,19,361,4,20,targets_20_dga_h2_bernoulli_025,objective_tuning_target_load_pilot_25\scenarios\known_visit_g19_t20_n25.csv,3,12,8,22.745355922602474,22.745355922602474,01,01,1,0,True,completed
10,known_visit,DGA_iter_25,bernoulli,drop_0.25,19,361,4,20,targets_20_dga_h2_bernoulli_025,objective_tuning_target_load_pilot_25\scenarios\known_visit_g19_t20_n25.csv,4,14,13,42.8943374011398,42.8943374011398,03,03,1,0,True,completed
10,known_visit,DGA_iter_25,bernoulli,drop_0.25,19,361,4,20,targets_20_dga_h2_bernoulli_025,objective_tuning_target_load_pilot_25\scenarios\known_visit_g19_t20_n25.csv,5,16,9,31.378279133785338,31.378279133785338,01,01,1,0,True,completed
10,known_visit,DGA_iter_25,bernoulli,drop_0.25,19,361,4,20,targets_20_dga_h2_bernoulli_025,objective_tuning_target_load_pilot_25\scenarios\known_visit_g19_t20_n25.csv,6,18,9,35.09551621313605,35.09551621313605,01,01,1,0,True,completed
10,known_visit,DGA_iter_25,bernoulli,drop_0.25,19,361,4,20,targets_20_dga_h2_bernoulli_025,objective_tuning_target_load_pilot_25\scenarios\known_visit_g19_t20_n25.csv,7,10,0,15.50992752828471,15.50992752828471,00,00,1,0,True,completed
10,known_visit,DGA_iter_25,bernoulli,drop_0.25,19,361,4,20,targets_20_dga_h2_bernoulli_025,objective_tuning_target_load_pilot_25\scenarios\known_visit_g19_t20_n25.csv,8,8,13,20.83762696407698,20.83762696407698,03,03,1,0,True,completed
10,known_visit,DGA_iter_25,bernoulli,drop_0.25,19,361,4,20,targets_20_dga_h2_bernoulli_025,objective_tuning_target_load_pilot_25\scenarios\known_visit_g19_t20_n25.csv,9,2,7,3.920997203789075,3.920997203789075,01,01,2,1,True,completed
10,known_visit,DGA_iter_25,bernoulli,drop_0.25,19,361,4,20,targets_20_dga_h2_bernoulli_025,objective_tuning_target_load_pilot_25\scenarios\known_visit_g19_t20_n25.csv,10,18,4,36.851013409401325,36.851013409401325,00,00,1,0,True,completed
10,known_visit,DGA_iter_25,bernoulli,drop_0.25,19,361,4,20,targets_20_dga_h2_bernoulli_025,objective_tuning_target_load_pilot_25\scenarios\known_visit_g19_t20_n25.csv,11,1,9,5.636360307994164,5.636360307994164,02,02,1,0,True,completed
10,known_visit,DGA_iter_25,bernoulli,drop_0.25,19,361,4,20,targets_20_dga_h2_bernoulli_025,objective_tuning_target_load_pilot_25\scenarios\known_visit_g19_t20_n25.csv,12,10,13,24.261483535317232,24.261483535317232,03,03,1,0,True,completed
10,known_visit,DGA_iter_25,bernoulli,drop_0.25,19,361,4,20,targets_20_dga_h2_bernoulli_025,objective_tuning_target_load_pilot_25\scenarios\known_visit_g19_t20_n25.csv,13,1,6,0.14588379894144315,0.14588379894144315,01,01,1,0,True,completed
10,known_visit,DGA_iter_25,bernoulli,drop_0.25,19,361,4,20,targets_20_dga_h2_bernoulli_025,objective_tuning_target_load_pilot_25\scenarios\known_visit_g19_t20_n25.csv,14,12,12,33.73283155625131,33.73283155625131,03,03,1,0,True,completed
10,known_visit,DGA_iter_25,bernoulli,drop_0.25,19,361,4,20,targets_20_dga_h2_bernoulli_025,objective_tuning_target_load_pilot_25\scenarios\known_visit_g19_t20_n25.csv,15,6,17,10.439600945218675,10.439600945218675,03,03,1,0,True,completed
10,known_visit,DGA_iter_25,bernoulli,drop_0.25,19,361,4,20,targets_20_dga_h2_bernoulli_025,objective_tuning_target_load_pilot_25\scenarios\known_visit_g19_t20_n25.csv,16,5,6,36.18725101954905,36.18725101954905,02,02,1,0,True,completed
10,known_visit,DGA_iter_25,bernoulli,drop_0.25,19,361,4,20,targets_20_dga_h2_bernoulli_025,objective_tuning_target_load_pilot_25\scenarios\known_visit_g19_t20_n25.csv,17,13,11,37.36923947469685,37.36923947469685,03,03,1,0,True,completed
10,known_visit,DGA_iter_25,bernoulli,drop_0.25,19,361,4,20,targets_20_dga_h2_bernoulli_025,objective_tuning_target_load_pilot_25\scenarios\known_visit_g19_t20_n25.csv,18,18,5,38.946362278444525,38.946362278444525,00,00,1,0,True,completed
10,known_visit,DGA_iter_25,bernoulli,drop_0.25,19,361,4,20,targets_20_dga_h2_bernoulli_025,objective_tuning_target_load_pilot_25\scenarios\known_visit_g19_t20_n25.csv,19,5,0,7.250221497607325,7.250221497607325,00,00,1,0,True,completed
10,known_visit,DGA_iter_25,bernoulli,drop_0.25,19,361,4,20,targets_20_dga_h2_bernoulli_025,objective_tuning_target_load_pilot_25\scenarios\known_visit_g19_t20_n25.csv,20,10,14,26.33134077085782,26.33134077085782,03,03,1,0,True,completed
11,known_visit,DGA_iter_25,bernoulli,drop_0.25,19,361,4,20,targets_20_dga_h2_bernoulli_025,objective_tuning_target_load_pilot_25\scenarios\known_visit_g19_t20_n25.csv,1,16,16,44.22663366352191,44.22663366352191,03,03,1,0,True,completed
11,known_visit,DGA_iter_25,bernoulli,drop_0.25,19,361,4,20,targets_20_dga_h2_bernoulli_025,objective_tuning_target_load_pilot_25\scenarios\known_visit_g19_t20_n25.csv,2,4,17,7.366851042312406,7.366851042312406,03,03,1,0,True,completed
11,known_visit,DGA_iter_25,bernoulli,drop_0.25,19,361,4,20,targets_20_dga_h2_bernoulli_025,objective_tuning_target_load_pilot_25\scenarios\known_visit_g19_t20_n25.csv,3,8,8,30.381314938236052,30.381314938236052,01,01,1,0,True,completed
11,known_visit,DGA_iter_25,bernoulli,drop_0.25,19,361,4,20,targets_20_dga_h2_bernoulli_025,objective_tuning_target_load_pilot_25\scenarios\known_visit_g19_t20_n25.csv,4,13,1,22.418331949068676,22.418331949068676,00,00,1,0,True,completed
11,known_visit,DGA_iter_25,bernoulli,drop_0.25,19,361,4,20,targets_20_dga_h2_bernoulli_025,objective_tuning_target_load_pilot_25\scenarios\known_visit_g19_t20_n25.csv,5,7,6,25.15354813491215,25.15354813491215,01,01,2,1,True,completed
11,known_visit,DGA_iter_25,bernoulli,drop_0.25,19,361,4,20,targets_20_dga_h2_bernoulli_025,objective_tuning_target_load_pilot_25\scenarios\known_visit_g19_t20_n25.csv,6,13,5,29.231122484263857,29.231122484263857,00,00,2,1,True,completed
11,known_visit,DGA_iter_25,bernoulli,drop_0.25,19,361,4,20,targets_20_dga_h2_bernoulli_025,objective_tuning_target_load_pilot_25\scenarios\known_visit_g19_t20_n25.csv,7,12,18,26.479877938259904,26.479877938259904,03,03,1,0,True,completed
11,known_visit,DGA_iter_25,bernoulli,drop_0.25,19,361,4,20,targets_20_dga_h2_bernoulli_025,objective_tuning_target_load_pilot_25\scenarios\known_visit_g19_t20_n25.csv,8,10,6,36.1264283637129,36.1264283637129,00,00,2,1,True,completed
11,known_visit,DGA_iter_25,bernoulli,drop_0.25,19,361,4,20,targets_20_dga_h2_bernoulli_025,objective_tuning_target_load_pilot_25\scenarios\known_visit_g19_t20_n25.csv,9,15,7,51.749170917805586,51.749170917805586,01,01,1,0,True,completed
11,known_visit,DGA_iter_25,bernoulli,drop_0.25,19,361,4,20,targets_20_dga_h2_bernoulli_025,objective_tuning_target_load_pilot_25\scenarios\known_visit_g19_t20_n25.csv,10,11,12,21.632010721367006,21.632010721367006,02,02,1,0,True,completed
11,known_visit,DGA_iter_25,bernoulli,drop_0.25,19,361,4,20,targets_20_dga_h2_bernoulli_025,objective_tuning_target_load_pilot_25\scenarios\known_visit_g19_t20_n25.csv,11,6,7,21.34172360458294,21.34172360458294,01,01,1,0,True,completed
11,known_visit,DGA_iter_25,bernoulli,drop_0.25,19,361,4,20,targets_20_dga_h2_bernoulli_025,objective_tuning_target_load_pilot_25\scenarios\known_visit_g19_t20_n25.csv,12,18,18,36.769536180854665,36.769536180854665,03,03,1,0,True,completed
11,known_visit,DGA_iter_25,bernoulli,drop_0.25,19,361,4,20,targets_20_dga_h2_bernoulli_025,objective_tuning_target_load_pilot_25\scenarios\known_visit_g19_t20_n25.csv,13,6,11,10.820399177294645,10.820399177294645,02,02,1,0,True,completed
11,known_visit,DGA_iter_25,bernoulli,drop_0.25,19,361,4,20,targets_20_dga_h2_bernoulli_025,objective_tuning_target_load_pilot_25\scenarios\known_visit_g19_t20_n25.csv,14,15,8,53.38662288624833,53.38662288624833,01,01,1,0,True,completed
11,known_visit,DGA_iter_25,bernoulli,drop_0.25,19,361,4,20,targets_20_dga_h2_bernoulli_025,objective_tuning_target_load_pilot_25\scenarios\known_visit_g19_t20_n25.csv,15,15,14,49.816646969470845,49.816646969470845,03,03,1,0,True,completed
11,known_visit,DGA_iter_25,bernoulli,drop_0.25,19,361,4,20,targets_20_dga_h2_bernoulli_025,objective_tuning_target_load_pilot_25\scenarios\known_visit_g19_t20_n25.csv,16,3,10,10.483160413946676,10.483160413946676,01,01,2,1,True,completed
11,known_visit,DGA_iter_25,bernoulli,drop_0.25,19,361,4,20,targets_20_dga_h2_bernoulli_025,objective_tuning_target_load_pilot_25\scenarios\known_visit_g19_t20_n25.csv,17,1,12,0.19849437986085347,0.19849437986085347,02,02,1,0,True,completed
11,known_visit,DGA_iter_25,bernoulli,drop_0.25,19,361,4,20,targets_20_dga_h2_bernoulli_025,objective_tuning_target_load_pilot_25\scenarios\known_visit_g19_t20_n25.csv,18,3,12,3.5810537196889762,3.5810537196889762,02,02,2,1,True,completed
11,known_visit,DGA_iter_25,bernoulli,drop_0.25,19,361,4,20,targets_20_dga_h2_bernoulli_025,objective_tuning_target_load_pilot_25\scenarios\known_visit_g19_t20_n25.csv,19,3,8,7.159949021239745,7.159949021239745,01,01,2,1,True,completed
11,known_visit,DGA_iter_25,bernoulli,drop_0.25,19,361,4,20,targets_20_dga_h2_bernoulli_025,objective_tuning_target_load_pilot_25\scenarios\known_visit_g19_t20_n25.csv,20,7,16,14.30164126522142,14.30164126522142,03,03,1,0,True,completed
12,known_visit,DGA_iter_25,bernoulli,drop_0.25,19,361,4,20,targets_20_dga_h2_bernoulli_025,objective_tuning_target_load_pilot_25\scenarios\known_visit_g19_t20_n25.csv,1,16,8,58.93924849371365,58.93924849371365,03,03,1,0,True,completed
12,known_visit,DGA_iter_25,bernoulli,drop_0.25,19,361,4,20,targets_20_dga_h2_bernoulli_025,objective_tuning_target_load_pilot_25\scenarios\known_visit_g19_t20_n25.csv,2,15,17,33.94135903648158,33.94135903648158,03,03,1,0,True,completed
12,known_visit,DGA_iter_25,bernoulli,drop_0.25,19,361,4,20,targets_20_dga_h2_bernoulli_025,objective_tuning_target_load_pilot_25\scenarios\known_visit_g19_t20_n25.csv,3,10,10,23.182669144229,23.182669144229,02,02,1,0,True,completed
12,known_visit,DGA_iter_25,bernoulli,drop_0.25,19,361,4,20,targets_20_dga_h2_bernoulli_025,objective_tuning_target_load_pilot_25\scenarios\known_visit_g19_t20_n25.csv,4,18,13,46.52522792468421,46.52522792468421,03,03,1,0,True,completed
12,known_visit,DGA_iter_25,bernoulli,drop_0.25,19,361,4,20,targets_20_dga_h2_bernoulli_025,objective_tuning_target_load_pilot_25\scenarios\known_visit_g19_t20_n25.csv,5,4,16,9.140286796686821,9.140286796686821,03,03,1,0,True,completed
12,known_visit,DGA_iter_25,bernoulli,drop_0.25,19,361,4,20,targets_20_dga_h2_bernoulli_025,objective_tuning_target_load_pilot_25\scenarios\known_visit_g19_t20_n25.csv,6,5,7,50.07246068165777,50.07246068165777,00,00,2,1,True,completed
12,known_visit,DGA_iter_25,bernoulli,drop_0.25,19,361,4,20,targets_20_dga_h2_bernoulli_025,objective_tuning_target_load_pilot_25\scenarios\known_visit_g19_t20_n25.csv,7,13,3,25.988005705236635,25.988005705236635,00,00,2,1,True,completed
12,known_visit,DGA_iter_25,bernoulli,drop_0.25,19,361,4,20,targets_20_dga_h2_bernoulli_025,objective_tuning_target_load_pilot_25\scenarios\known_visit_g19_t20_n25.csv,8,9,3,19.371880860521696,19.371880860521696,00,00,1,0,True,completed
12,known_visit,DGA_iter_25,bernoulli,drop_0.25,19,361,4,20,targets_20_dga_h2_bernoulli_025,objective_tuning_target_load_pilot_25\scenarios\known_visit_g19_t20_n25.csv,9,3,6,3.8004477498306946,3.8004477498306946,01,01,1,0,True,completed
12,known_visit,DGA_iter_25,bernoulli,drop_0.25,19,361,4,20,targets_20_dga_h2_bernoulli_025,objective_tuning_target_load_pilot_25\scenarios\known_visit_g19_t20_n25.csv,10,4,9,35.73271535223823,35.73271535223823,02,02,1,0,True,completed
12,known_visit,DGA_iter_25,bernoulli,drop_0.25,19,361,4,20,targets_20_dga_h2_bernoulli_025,objective_tuning_target_load_pilot_25\scenarios\known_visit_g19_t20_n25.csv,11,16,15,39.19613924972759,39.19613924972759,03,03,1,0,True,completed
12,known_visit,DGA_iter_25,bernoulli,drop_0.25,19,361,4,20,targets_20_dga_h2_bernoulli_025,objective_tuning_target_load_pilot_25\scenarios\known_visit_g19_t20_n25.csv,12,1,8,42.84205085301845,42.84205085301845,02,02,1,0,True,completed
12,known_visit,DGA_iter_25,bernoulli,drop_0.25,19,361,4,20,targets_20_dga_h2_bernoulli_025,objective_tuning_target_load_pilot_25\scenarios\known_visit_g19_t20_n25.csv,13,9,13,15.847569024053827,15.847569024053827,02,02,1,0,True,completed
12,known_visit,DGA_iter_25,bernoulli,drop_0.25,19,361,4,20,targets_20_dga_h2_bernoulli_025,objective_tuning_target_load_pilot_25\scenarios\known_visit_g19_t20_n25.csv,14,11,3,22.694738330013216,22.694738330013216,00,00,1,0,True,completed
12,known_visit,DGA_iter_25,bernoulli,drop_0.25,19,361,4,20,targets_20_dga_h2_bernoulli_025,objective_tuning_target_load_pilot_25\scenarios\known_visit_g19_t20_n25.csv,15,1,12,0.14402887969106848,0.14402887969106848,02,02,1,0,True,completed
12,known_visit,DGA_iter_25,bernoulli,drop_0.25,19,361,4,20,targets_20_dga_h2_bernoulli_025,objective_tuning_target_load_pilot_25\scenarios\known_visit_g19_t20_n25.csv,16,5,18,14.743196571928046,14.743196571928046,03,03,1,0,True,completed
12,known_visit,DGA_iter_25,bernoulli,drop_0.25,19,361,4,20,targets_20_dga_h2_bernoulli_025,objective_tuning_target_load_pilot_25\scenarios\known_visit_g19_t20_n25.csv,17,15,2,47.709815814654,47.709815814654,01,01,1,0,True,completed
12,known_visit,DGA_iter_25,bernoulli,drop_0.25,19,361,4,20,targets_20_dga_h2_bernoulli_025,objective_tuning_target_load_pilot_25\scenarios\known_visit_g19_t20_n25.csv,18,17,4,54.947598712932724,54.947598712932724,01,01,1,0,True,completed
12,known_visit,DGA_iter_25,bernoulli,drop_0.25,19,361,4,20,targets_20_dga_h2_bernoulli_025,objective_tuning_target_load_pilot_25\scenarios\known_visit_g19_t20_n25.csv,19,14,18,30.256982531454927,30.256982531454927,03,03,1,0,True,completed
12,known_visit,DGA_iter_25,bernoulli,drop_0.25,19,361,4,20,targets_20_dga_h2_bernoulli_025,objective_tuning_target_load_pilot_25\scenarios\known_visit_g19_t20_n25.csv,20,8,1,13.945726064631438,13.945726064631438,00,00,1,0,True,completed
13,known_visit,DGA_iter_25,bernoulli,drop_0.25,19,361,4,20,targets_20_dga_h2_bernoulli_025,objective_tuning_target_load_pilot_25\scenarios\known_visit_g19_t20_n25.csv,1,3,18,3.5471683215543277,3.5471683215543277,03,03,1,0,True,completed
13,known_visit,DGA_iter_25,bernoulli,drop_0.25,19,361,4,20,targets_20_dga_h2_bernoulli_025,objective_tuning_target_load_pilot_25\scenarios\known_visit_g19_t20_n25.csv,2,3,5,5.740138330741339,5.740138330741339,01,01,1,0,True,completed
13,known_visit,DGA_iter_25,bernoulli,drop_0.25,19,361,4,20,targets_20_dga_h2_bernoulli_025,objective_tuning_target_load_pilot_25\scenarios\known_visit_g19_t20_n25.csv,3,9,11,23.895396412624716,23.895396412624716,02,02,1,0,True,completed
13,known_visit,DGA_iter_25,bernoulli,drop_0.25,19,361,4,20,targets_20_dga_h2_bernoulli_025,objective_tuning_target_load_pilot_25\scenarios\known_visit_g19_t20_n25.csv,4,1,0,0.227098044828382,0.227098044828382,00,00,1,0,True,completed
13,known_visit,DGA_iter_25,bernoulli,drop_0.25,19,361,4,20,targets_20_dga_h2_bernoulli_025,objective_tuning_target_load_pilot_25\scenarios\known_visit_g19_t20_n25.csv,5,12,14,26.132017028298076,26.132017028298076,03,03,1,0,True,completed
13,known_visit,DGA_iter_25,bernoulli,drop_0.25,19,361,4,20,targets_20_dga_h2_bernoulli_025,objective_tuning_target_load_pilot_25\scenarios\known_visit_g19_t20_n25.csv,6,9,18,13.652517329584983,13.652517329584983,03,03,1,0,True,completed
13,known_visit,DGA_iter_25,bernoulli,drop_0.25,19,361,4,20,targets_20_dga_h2_bernoulli_025,objective_tuning_target_load_pilot_25\scenarios\known_visit_g19_t20_n25.csv,7,16,9,49.580436474954205,49.580436474954205,01,01,1,0,True,completed
13,known_visit,DGA_iter_25,bernoulli,drop_0.25,19,361,4,20,targets_20_dga_h2_bernoulli_025,objective_tuning_target_load_pilot_25\scenarios\known_visit_g19_t20_n25.csv,8,0,13,0.5091919700065118,0.5091919700065118,02,02,1,0,True,completed
13,known_visit,DGA_iter_25,bernoulli,drop_0.25,19,361,4,20,targets_20_dga_h2_bernoulli_025,objective_tuning_target_load_pilot_25\scenarios\known_visit_g19_t20_n25.csv,9,11,14,24.11961942312198,24.11961942312198,03,03,1,0,True,completed
13,known_visit,DGA_iter_25,bernoulli,drop_0.25,19,361,4,20,targets_20_dga_h2_bernoulli_025,objective_tuning_target_load_pilot_25\scenarios\known_visit_g19_t20_n25.csv,10,13,0,28.715336609331725,28.715336609331725,00,00,1,0,True,completed
13,known_visit,DGA_iter_25,bernoulli,drop_0.25,19,361,4,20,targets_20_dga_h2_bernoulli_025,objective_tuning_target_load_pilot_25\scenarios\known_visit_g19_t20_n25.csv,11,15,0,32.025540171916596,32.025540171916596,00,00,1,0,True,completed
13,known_visit,DGA_iter_25,bernoulli,drop_0.25,19,361,4,20,targets_20_dga_h2_bernoulli_025,objective_tuning_target_load_pilot_25\scenarios\known_visit_g19_t20_n25.csv,12,12,6,38.1219721149144,38.1219721149144,02,02,1,0,True,completed
13,known_visit,DGA_iter_25,bernoulli,drop_0.25,19,361,4,20,targets_20_dga_h2_bernoulli_025,objective_tuning_target_load_pilot_25\scenarios\known_visit_g19_t20_n25.csv,13,10,1,21.641194683079323,21.641194683079323,00,00,2,1,True,completed
13,known_visit,DGA_iter_25,bernoulli,drop_0.25,19,361,4,20,targets_20_dga_h2_bernoulli_025,objective_tuning_target_load_pilot_25\scenarios\known_visit_g19_t20_n25.csv,14,17,1,37.45627292761545,37.45627292761545,00,00,1,0,True,completed
13,known_visit,DGA_iter_25,bernoulli,drop_0.25,19,361,4,20,targets_20_dga_h2_bernoulli_025,objective_tuning_target_load_pilot_25\scenarios\known_visit_g19_t20_n25.csv,15,14,17,35.065963386369255,35.065963386369255,03,03,1,0,True,completed
13,known_visit,DGA_iter_25,bernoulli,drop_0.25,19,361,4,20,targets_20_dga_h2_bernoulli_025,objective_tuning_target_load_pilot_25\scenarios\known_visit_g19_t20_n25.csv,16,11,16,20.642305740200438,20.642305740200438,03,03,1,0,True,completed
13,known_visit,DGA_iter_25,bernoulli,drop_0.25,19,361,4,20,targets_20_dga_h2_bernoulli_025,objective_tuning_target_load_pilot_25\scenarios\known_visit_g19_t20_n25.csv,17,18,14,47.650465758794525,47.650465758794525,03,03,1,0,True,completed
13,known_visit,DGA_iter_25,bernoulli,drop_0.25,19,361,4,20,targets_20_dga_h2_bernoulli_025,objective_tuning_target_load_pilot_25\scenarios\known_visit_g19_t20_n25.csv,18,10,11,25.94171812312908,25.94171812312908,02,02,1,0,True,completed
13,known_visit,DGA_iter_25,bernoulli,drop_0.25,19,361,4,20,targets_20_dga_h2_bernoulli_025,objective_tuning_target_load_pilot_25\scenarios\known_visit_g19_t20_n25.csv,19,6,2,12.81817175872755,12.81817175872755,00,00,2,1,True,completed
13,known_visit,DGA_iter_25,bernoulli,drop_0.25,19,361,4,20,targets_20_dga_h2_bernoulli_025,objective_tuning_target_load_pilot_25\scenarios\known_visit_g19_t20_n25.csv,20,7,10,18.08033439789367,18.08033439789367,02,02,1,0,True,completed
14,known_visit,DGA_iter_25,bernoulli,drop_0.25,19,361,4,20,targets_20_dga_h2_bernoulli_025,objective_tuning_target_load_pilot_25\scenarios\known_visit_g19_t20_n25.csv,1,11,12,31.294657437261343,31.294657437261343,03,03,2,1,True,completed
14,known_visit,DGA_iter_25,bernoulli,drop_0.25,19,361,4,20,targets_20_dga_h2_bernoulli_025,objective_tuning_target_load_pilot_25\scenarios\known_visit_g19_t20_n25.csv,2,18,14,79.3930475994399,79.3930475994399,00,00,1,0,True,completed
14,known_visit,DGA_iter_25,bernoulli,drop_0.25,19,361,4,20,targets_20_dga_h2_bernoulli_025,objective_tuning_target_load_pilot_25\scenarios\known_visit_g19_t20_n25.csv,3,14,10,60.19360153256933,60.19360153256933,01,01,1,0,True,completed
14,known_visit,DGA_iter_25,bernoulli,drop_0.25,19,361,4,20,targets_20_dga_h2_bernoulli_025,objective_tuning_target_load_pilot_25\scenarios\known_visit_g19_t20_n25.csv,4,11,4,24.52420568069858,24.52420568069858,00,00,2,1,True,completed
14,known_visit,DGA_iter_25,bernoulli,drop_0.25,19,361,4,20,targets_20_dga_h2_bernoulli_025,objective_tuning_target_load_pilot_25\scenarios\known_visit_g19_t20_n25.csv,5,5,3,12.432710638321932,12.432710638321932,00,00,1,0,True,completed
14,known_visit,DGA_iter_25,bernoulli,drop_0.25,19,361,4,20,targets_20_dga_h2_bernoulli_025,objective_tuning_target_load_pilot_25\scenarios\known_visit_g19_t20_n25.csv,6,11,5,26.50950707966024,26.50950707966024,00,00,2,1,True,completed
14,known_visit,DGA_iter_25,bernoulli,drop_0.25,19,361,4,20,targets_20_dga_h2_bernoulli_025,objective_tuning_target_load_pilot_25\scenarios\known_visit_g19_t20_n25.csv,7,5,9,12.79342410644647,12.79342410644647,02,02,1,0,True,completed
14,known_visit,DGA_iter_25,bernoulli,drop_0.25,19,361,4,20,targets_20_dga_h2_bernoulli_025,objective_tuning_target_load_pilot_25\scenarios\known_visit_g19_t20_n25.csv,8,11,18,17.183502861499626,17.183502861499626,03,03,1,0,True,completed
14,known_visit,DGA_iter_25,bernoulli,drop_0.25,19,361,4,20,targets_20_dga_h2_bernoulli_025,objective_tuning_target_load_pilot_25\scenarios\known_visit_g19_t20_n25.csv,9,12,10,38.33918670680179,38.33918670680179,01,01,2,1,True,completed
14,known_visit,DGA_iter_25,bernoulli,drop_0.25,19,361,4,20,targets_20_dga_h2_bernoulli_025,objective_tuning_target_load_pilot_25\scenarios\known_visit_g19_t20_n25.csv,10,2,9,7.390997309569817,7.390997309569817,02,02,1,0,True,completed
14,known_visit,DGA_iter_25,bernoulli,drop_0.25,19,361,4,20,targets_20_dga_h2_bernoulli_025,objective_tuning_target_load_pilot_25\scenarios\known_visit_g19_t20_n25.csv,11,18,6,40.59366650336368,40.59366650336368,00,00,2,1,True,completed
14,known_visit,DGA_iter_25,bernoulli,drop_0.25,19,361,4,20,targets_20_dga_h2_bernoulli_025,objective_tuning_target_load_pilot_25\scenarios\known_visit_g19_t20_n25.csv,12,18,0,51.42887931826431,51.42887931826431,00,00,2,1,True,completed
14,known_visit,DGA_iter_25,bernoulli,drop_0.25,19,361,4,20,targets_20_dga_h2_bernoulli_025,objective_tuning_target_load_pilot_25\scenarios\known_visit_g19_t20_n25.csv,13,13,6,28.778410310782903,28.778410310782903,01,01,1,0,True,completed
14,known_visit,DGA_iter_25,bernoulli,drop_0.25,19,361,4,20,targets_20_dga_h2_bernoulli_025,objective_tuning_target_load_pilot_25\scenarios\known_visit_g19_t20_n25.csv,14,7,8,13.80744454629202,13.80744454629202,01,01,1,0,True,completed
14,known_visit,DGA_iter_25,bernoulli,drop_0.25,19,361,4,20,targets_20_dga_h2_bernoulli_025,objective_tuning_target_load_pilot_25\scenarios\known_visit_g19_t20_n25.csv,15,12,6,27.099665109682746,27.099665109682746,01,01,1,0,True,completed
14,known_visit,DGA_iter_25,bernoulli,drop_0.25,19,361,4,20,targets_20_dga_h2_bernoulli_025,objective_tuning_target_load_pilot_25\scenarios\known_visit_g19_t20_n25.csv,16,0,13,45.80343616419691,45.80343616419691,02,02,1,0,True,completed
14,known_visit,DGA_iter_25,bernoulli,drop_0.25,19,361,4,20,targets_20_dga_h2_bernoulli_025,objective_tuning_target_load_pilot_25\scenarios\known_visit_g19_t20_n25.csv,17,10,9,50.7859562003062,50.7859562003062,01,01,1,0,True,completed
14,known_visit,DGA_iter_25,bernoulli,drop_0.25,19,361,4,20,targets_20_dga_h2_bernoulli_025,objective_tuning_target_load_pilot_25\scenarios\known_visit_g19_t20_n25.csv,18,14,17,72.41079443971732,72.41079443971732,01,01,1,0,True,completed
14,known_visit,DGA_iter_25,bernoulli,drop_0.25,19,361,4,20,targets_20_dga_h2_bernoulli_025,objective_tuning_target_load_pilot_25\scenarios\known_visit_g19_t20_n25.csv,19,16,15,79.86695095153321,79.86695095153321,01,01,1,0,True,completed
14,known_visit,DGA_iter_25,bernoulli,drop_0.25,19,361,4,20,targets_20_dga_h2_bernoulli_025,objective_tuning_target_load_pilot_25\scenarios\known_visit_g19_t20_n25.csv,20,3,4,25.096071921165183,25.096071921165183,02,02,1,0,True,completed
15,known_visit,DGA_iter_25,bernoulli,drop_0.25,19,361,4,20,targets_20_dga_h2_bernoulli_025,objective_tuning_target_load_pilot_25\scenarios\known_visit_g19_t20_n25.csv,1,16,11,67.07316665350285,67.07316665350285,00,00,1,0,True,completed
15,known_visit,DGA_iter_25,bernoulli,drop_0.25,19,361,4,20,targets_20_dga_h2_bernoulli_025,objective_tuning_target_load_pilot_25\scenarios\known_visit_g19_t20_n25.csv,2,7,16,14.228107935186042,14.228107935186042,03,03,1,0,True,completed
15,known_visit,DGA_iter_25,bernoulli,drop_0.25,19,361,4,20,targets_20_dga_h2_bernoulli_025,objective_tuning_target_load_pilot_25\scenarios\known_visit_g19_t20_n25.csv,3,7,0,10.326382005943891,10.326382005943891,00,00,2,1,True,completed
15,known_visit,DGA_iter_25,bernoulli,drop_0.25,19,361,4,20,targets_20_dga_h2_bernoulli_025,objective_tuning_target_load_pilot_25\scenarios\known_visit_g19_t20_n25.csv,4,17,18,39.207348638056224,39.207348638056224,03,03,1,0,True,completed
15,known_visit,DGA_iter_25,bernoulli,drop_0.25,19,361,4,20,targets_20_dga_h2_bernoulli_025,objective_tuning_target_load_pilot_25\scenarios\known_visit_g19_t20_n25.csv,5,14,14,55.52162867443681,55.52162867443681,03,03,1,0,True,completed
15,known_visit,DGA_iter_25,bernoulli,drop_0.25,19,361,4,20,targets_20_dga_h2_bernoulli_025,objective_tuning_target_load_pilot_25\scenarios\known_visit_g19_t20_n25.csv,6,16,15,31.827742256475194,31.827742256475194,03,03,1,0,True,completed
15,known_visit,DGA_iter_25,bernoulli,drop_0.25,19,361,4,20,targets_20_dga_h2_bernoulli_025,objective_tuning_target_load_pilot_25\scenarios\known_visit_g19_t20_n25.csv,7,6,7,24.417258976450643,24.417258976450643,02,02,1,0,True,completed
15,known_visit,DGA_iter_25,bernoulli,drop_0.25,19,361,4,20,targets_20_dga_h2_bernoulli_025,objective_tuning_target_load_pilot_25\scenarios\known_visit_g19_t20_n25.csv,8,10,3,24.60869754832804,24.60869754832804,00,00,2,1,True,completed
15,known_visit,DGA_iter_25,bernoulli,drop_0.25,19,361,4,20,targets_20_dga_h2_bernoulli_025,objective_tuning_target_load_pilot_25\scenarios\known_visit_g19_t20_n25.csv,9,6,3,14.108481028099957,14.108481028099957,01,01,2,1,True,completed
15,known_visit,DGA_iter_25,bernoulli,drop_0.25,19,361,4,20,targets_20_dga_h2_bernoulli_025,objective_tuning_target_load_pilot_25\scenarios\known_visit_g19_t20_n25.csv,10,6,11,17.89350166928655,17.89350166928655,02,02,1,0,True,completed
15,known_visit,DGA_iter_25,bernoulli,drop_0.25,19,361,4,20,targets_20_dga_h2_bernoulli_025,objective_tuning_target_load_pilot_25\scenarios\known_visit_g19_t20_n25.csv,11,15,1,40.7034980055587,40.7034980055587,00,00,2,1,True,completed
15,known_visit,DGA_iter_25,bernoulli,drop_0.25,19,361,4,20,targets_20_dga_h2_bernoulli_025,objective_tuning_target_load_pilot_25\scenarios\known_visit_g19_t20_n25.csv,12,17,1,44.418304392395875,44.418304392395875,00,00,2,1,True,completed
15,known_visit,DGA_iter_25,bernoulli,drop_0.25,19,361,4,20,targets_20_dga_h2_bernoulli_025,objective_tuning_target_load_pilot_25\scenarios\known_visit_g19_t20_n25.csv,13,11,0,17.16418476289291,17.16418476289291,00,00,1,0,True,completed
15,known_visit,DGA_iter_25,bernoulli,drop_0.25,19,361,4,20,targets_20_dga_h2_bernoulli_025,objective_tuning_target_load_pilot_25\scenarios\known_visit_g19_t20_n25.csv,14,1,14,3.8056115012293197,3.8056115012293197,02,02,1,0,True,completed
15,known_visit,DGA_iter_25,bernoulli,drop_0.25,19,361,4,20,targets_20_dga_h2_bernoulli_025,objective_tuning_target_load_pilot_25\scenarios\known_visit_g19_t20_n25.csv,15,17,16,35.71947863856878,35.71947863856878,03,03,1,0,True,completed
15,known_visit,DGA_iter_25,bernoulli,drop_0.25,19,361,4,20,targets_20_dga_h2_bernoulli_025,objective_tuning_target_load_pilot_25\scenarios\known_visit_g19_t20_n25.csv,16,10,16,19.29690971924248,19.29690971924248,03,03,1,0,True,completed
15,known_visit,DGA_iter_25,bernoulli,drop_0.25,19,361,4,20,targets_20_dga_h2_bernoulli_025,objective_tuning_target_load_pilot_25\scenarios\known_visit_g19_t20_n25.csv,17,18,2,48.177928244415575,48.177928244415575,00,00,2,1,True,completed
15,known_visit,DGA_iter_25,bernoulli,drop_0.25,19,361,4,20,targets_20_dga_h2_bernoulli_025,objective_tuning_target_load_pilot_25\scenarios\known_visit_g19_t20_n25.csv,18,10,8,30.486966533639123,30.486966533639123,01,01,1,0,True,completed
15,known_visit,DGA_iter_25,bernoulli,drop_0.25,19,361,4,20,targets_20_dga_h2_bernoulli_025,objective_tuning_target_load_pilot_25\scenarios\known_visit_g19_t20_n25.csv,19,11,14,60.36491638700613,60.36491638700613,03,03,1,0,True,completed
15,known_visit,DGA_iter_25,bernoulli,drop_0.25,19,361,4,20,targets_20_dga_h2_bernoulli_025,objective_tuning_target_load_pilot_25\scenarios\known_visit_g19_t20_n25.csv,20,18,11,63.39763919429484,63.39763919429484,00,00,1,0,True,completed
16,known_visit,DGA_iter_25,bernoulli,drop_0.25,19,361,4,20,targets_20_dga_h2_bernoulli_025,objective_tuning_target_load_pilot_25\scenarios\known_visit_g19_t20_n25.csv,1,1,10,3.9256043156284623,3.9256043156284623,02,02,1,0,True,completed
16,known_visit,DGA_iter_25,bernoulli,drop_0.25,19,361,4,20,targets_20_dga_h2_bernoulli_025,objective_tuning_target_load_pilot_25\scenarios\known_visit_g19_t20_n25.csv,2,4,18,5.342050962827548,5.342050962827548,03,03,1,0,True,completed
16,known_visit,DGA_iter_25,bernoulli,drop_0.25,19,361,4,20,targets_20_dga_h2_bernoulli_025,objective_tuning_target_load_pilot_25\scenarios\known_visit_g19_t20_n25.csv,3,13,14,38.916594959654226,38.916594959654226,03,03,2,1,True,completed
16,known_visit,DGA_iter_25,bernoulli,drop_0.25,19,361,4,20,targets_20_dga_h2_bernoulli_025,objective_tuning_target_load_pilot_25\scenarios\known_visit_g19_t20_n25.csv,4,8,2,19.810243775803638,19.810243775803638,00,00,1,0,True,completed
16,known_visit,DGA_iter_25,bernoulli,drop_0.25,19,361,4,20,targets_20_dga_h2_bernoulli_025,objective_tuning_target_load_pilot_25\scenarios\known_visit_g19_t20_n25.csv,5,3,4,7.597518237384476,7.597518237384476,01,01,1,0,True,completed
16,known_visit,DGA_iter_25,bernoulli,drop_0.25,19,361,4,20,targets_20_dga_h2_bernoulli_025,objective_tuning_target_load_pilot_25\scenarios\known_visit_g19_t20_n25.csv,6,15,3,36.20165426746783,36.20165426746783,01,01,1,0,True,completed
16,known_visit,DGA_iter_25,bernoulli,drop_0.25,19,361,4,20,targets_20_dga_h2_bernoulli_025,objective_tuning_target_load_pilot_25\scenarios\known_visit_g19_t20_n25.csv,7,14,8,34.40063429486059,34.40063429486059,02,02,1,0,True,completed
16,known_visit,DGA_iter_25,bernoulli,drop_0.25,19,361,4,20,targets_20_dga_h2_bernoulli_025,objective_tuning_target_load_pilot_25\scenarios\known_visit_g19_t20_n25.csv,8,6,0,26.735771714782828,26.735771714782828,00,00,1,0,True,completed
16,known_visit,DGA_iter_25,bernoulli,drop_0.25,19,361,4,20,targets_20_dga_h2_bernoulli_025,objective_tuning_target_load_pilot_25\scenarios\known_visit_g19_t20_n25.csv,9,7,7,19.655553333201876,19.655553333201876,02,02,1,0,True,completed
16,known_visit,DGA_iter_25,bernoulli,drop_0.25,19,361,4,20,targets_20_dga_h2_bernoulli_025,objective_tuning_target_load_pilot_25\scenarios\known_visit_g19_t20_n25.csv,10,14,3,38.263825737810215,38.263825737810215,01,01,1,0,True,completed
16,known_visit,DGA_iter_25,bernoulli,drop_0.25,19,361,4,20,targets_20_dga_h2_bernoulli_025,objective_tuning_target_load_pilot_25\scenarios\known_visit_g19_t20_n25.csv,11,14,14,40.876491317092366,40.876491317092366,03,03,2,1,True,completed
16,known_visit,DGA_iter_25,bernoulli,drop_0.25,19,361,4,20,targets_20_dga_h2_bernoulli_025,objective_tuning_target_load_pilot_25\scenarios\known_visit_g19_t20_n25.csv,12,14,13,42.948929631790996,42.948929631790996,03,03,1,0,True,completed
16,known_visit,DGA_iter_25,bernoulli,drop_0.25,19,361,4,20,targets_20_dga_h2_bernoulli_025,objective_tuning_target_load_pilot_25\scenarios\known_visit_g19_t20_n25.csv,13,3,9,9.336922973444326,9.336922973444326,02,02,1,0,True,completed
16,known_visit,DGA_iter_25,bernoulli,drop_0.25,19,361,4,20,targets_20_dga_h2_bernoulli_025,objective_tuning_target_load_pilot_25\scenarios\known_visit_g19_t20_n25.csv,14,5,15,12.467893785346176,12.467893785346176,03,03,1,0,True,completed
16,known_visit,DGA_iter_25,bernoulli,drop_0.25,19,361,4,20,targets_20_dga_h2_bernoulli_025,objective_tuning_target_load_pilot_25\scenarios\known_visit_g19_t20_n25.csv,15,17,1,58.79604942014897,58.79604942014897,01,01,1,0,True,completed
16,known_visit,DGA_iter_25,bernoulli,drop_0.25,19,361,4,20,targets_20_dga_h2_bernoulli_025,objective_tuning_target_load_pilot_25\scenarios\known_visit_g19_t20_n25.csv,16,9,11,26.46531839291673,26.46531839291673,03,03,1,0,True,completed
16,known_visit,DGA_iter_25,bernoulli,drop_0.25,19,361,4,20,targets_20_dga_h2_bernoulli_025,objective_tuning_target_load_pilot_25\scenarios\known_visit_g19_t20_n25.csv,17,12,1,45.899154051356106,45.899154051356106,01,01,1,0,True,completed
16,known_visit,DGA_iter_25,bernoulli,drop_0.25,19,361,4,20,targets_20_dga_h2_bernoulli_025,objective_tuning_target_load_pilot_25\scenarios\known_visit_g19_t20_n25.csv,18,14,2,40.34167591007667,40.34167591007667,01,01,1,0,True,completed
16,known_visit,DGA_iter_25,bernoulli,drop_0.25,19,361,4,20,targets_20_dga_h2_bernoulli_025,objective_tuning_target_load_pilot_25\scenarios\known_visit_g19_t20_n25.csv,19,2,5,3.917816026721717,3.917816026721717,01,01,1,0,True,completed
16,known_visit,DGA_iter_25,bernoulli,drop_0.25,19,361,4,20,targets_20_dga_h2_bernoulli_025,objective_tuning_target_load_pilot_25\scenarios\known_visit_g19_t20_n25.csv,20,2,4,5.690969861881,5.690969861881,01,01,1,0,True,completed
17,known_visit,DGA_iter_25,bernoulli,drop_0.25,19,361,4,20,targets_20_dga_h2_bernoulli_025,objective_tuning_target_load_pilot_25\scenarios\known_visit_g19_t20_n25.csv,1,17,8,49.32859001019336,49.32859001019336,02,02,1,0,True,completed
17,known_visit,DGA_iter_25,bernoulli,drop_0.25,19,361,4,20,targets_20_dga_h2_bernoulli_025,objective_tuning_target_load_pilot_25\scenarios\known_visit_g19_t20_n25.csv,2,3,17,5.61564941002591,5.61564941002591,03,03,1,0,True,completed
17,known_visit,DGA_iter_25,bernoulli,drop_0.25,19,361,4,20,targets_20_dga_h2_bernoulli_025,objective_tuning_target_load_pilot_25\scenarios\known_visit_g19_t20_n25.csv,3,13,4,28.179906089456033,28.179906089456033,00,00,1,0,True,completed
17,known_visit,DGA_iter_25,bernoulli,drop_0.25,19,361,4,20,targets_20_dga_h2_bernoulli_025,objective_tuning_target_load_pilot_25\scenarios\known_visit_g19_t20_n25.csv,4,15,14,32.52716036282574,32.52716036282574,03,03,1,0,True,completed
17,known_visit,DGA_iter_25,bernoulli,drop_0.25,19,361,4,20,targets_20_dga_h2_bernoulli_025,objective_tuning_target_load_pilot_25\scenarios\known_visit_g19_t20_n25.csv,5,2,14,79.49985038089176,79.49985038089176,00,00,1,0,True,completed
17,known_visit,DGA_iter_25,bernoulli,drop_0.25,19,361,4,20,targets_20_dga_h2_bernoulli_025,objective_tuning_target_load_pilot_25\scenarios\known_visit_g19_t20_n25.csv,6,13,3,26.44186662499893,26.44186662499893,00,00,1,0,True,completed
17,known_visit,DGA_iter_25,bernoulli,drop_0.25,19,361,4,20,targets_20_dga_h2_bernoulli_025,objective_tuning_target_load_pilot_25\scenarios\known_visit_g19_t20_n25.csv,7,17,6,46.09428613913088,46.09428613913088,02,02,1,0,True,completed
17,known_visit,DGA_iter_25,bernoulli,drop_0.25,19,361,4,20,targets_20_dga_h2_bernoulli_025,objective_tuning_target_load_pilot_25\scenarios\known_visit_g19_t20_n25.csv,8,13,14,28.97904630216023,28.97904630216023,03,03,2,1,True,completed
17,known_visit,DGA_iter_25,bernoulli,drop_0.25,19,361,4,20,targets_20_dga_h2_bernoulli_025,objective_tuning_target_load_pilot_25\scenarios\known_visit_g19_t20_n25.csv,9,7,10,18.229723804625415,18.229723804625415,02,02,1,0,True,completed
17,known_visit,DGA_iter_25,bernoulli,drop_0.25,19,361,4,20,targets_20_dga_h2_bernoulli_025,objective_tuning_target_load_pilot_25\scenarios\known_visit_g19_t20_n25.csv,10,18,0,54.24316846475647,54.24316846475647,01,01,1,0,True,completed
17,known_visit,DGA_iter_25,bernoulli,drop_0.25,19,361,4,20,targets_20_dga_h2_bernoulli_025,objective_tuning_target_load_pilot_25\scenarios\known_visit_g19_t20_n25.csv,11,14,6,33.663716979423754,33.663716979423754,00,00,1,0,True,completed
17,known_visit,DGA_iter_25,bernoulli,drop_0.25,19,361,4,20,targets_20_dga_h2_bernoulli_025,objective_tuning_target_load_pilot_25\scenarios\known_visit_g19_t20_n25.csv,12,6,1,10.908109895836777,10.908109895836777,00,00,2,1,True,completed
17,known_visit,DGA_iter_25,bernoulli,drop_0.25,19,361,4,20,targets_20_dga_h2_bernoulli_025,objective_tuning_target_load_pilot_25\scenarios\known_visit_g19_t20_n25.csv,13,5,0,32.143148347354675,32.143148347354675,01,01,1,0,True,completed
17,known_visit,DGA_iter_25,bernoulli,drop_0.25,19,361,4,20,targets_20_dga_h2_bernoulli_025,objective_tuning_target_load_pilot_25\scenarios\known_visit_g19_t20_n25.csv,14,9,16,18.176885319680814,18.176885319680814,03,03,2,1,True,completed
17,known_visit,DGA_iter_25,bernoulli,drop_0.25,19,361,4,20,targets_20_dga_h2_bernoulli_025,objective_tuning_target_load_pilot_25\scenarios\known_visit_g19_t20_n25.csv,15,6,17,10.860604853255069,10.860604853255069,03,03,1,0,True,completed
17,known_visit,DGA_iter_25,bernoulli,drop_0.25,19,361,4,20,targets_20_dga_h2_bernoulli_025,objective_tuning_target_load_pilot_25\scenarios\known_visit_g19_t20_n25.csv,16,1,5,2.232658105331077,2.232658105331077,01,01,1,0,True,completed
17,known_visit,DGA_iter_25,bernoulli,drop_0.25,19,361,4,20,targets_20_dga_h2_bernoulli_025,objective_tuning_target_load_pilot_25\scenarios\known_visit_g19_t20_n25.csv,17,16,13,36.28719805796866,36.28719805796866,03,03,1,0,True,completed
17,known_visit,DGA_iter_25,bernoulli,drop_0.25,19,361,4,20,targets_20_dga_h2_bernoulli_025,objective_tuning_target_load_pilot_25\scenarios\known_visit_g19_t20_n25.csv,18,13,18,54.78174343118276,54.78174343118276,03,03,1,0,True,completed
17,known_visit,DGA_iter_25,bernoulli,drop_0.25,19,361,4,20,targets_20_dga_h2_bernoulli_025,objective_tuning_target_load_pilot_25\scenarios\known_visit_g19_t20_n25.csv,19,2,1,3.7314577018129795,3.7314577018129795,00,00,1,0,True,completed
17,known_visit,DGA_iter_25,bernoulli,drop_0.25,19,361,4,20,targets_20_dga_h2_bernoulli_025,objective_tuning_target_load_pilot_25\scenarios\known_visit_g19_t20_n25.csv,20,12,1,21.0676518549986,21.0676518549986,00,00,2,1,True,completed
18,known_visit,DGA_iter_25,bernoulli,drop_0.25,19,361,4,20,targets_20_dga_h2_bernoulli_025,objective_tuning_target_load_pilot_25\scenarios\known_visit_g19_t20_n25.csv,1,12,13,67.32921880475367,67.32921880475367,03,03,1,0,True,completed
18,known_visit,DGA_iter_25,bernoulli,drop_0.25,19,361,4,20,targets_20_dga_h2_bernoulli_025,objective_tuning_target_load_pilot_25\scenarios\known_visit_g19_t20_n25.csv,2,4,12,13.210463689025044,13.210463689025044,02,02,1,0,True,completed
18,known_visit,DGA_iter_25,bernoulli,drop_0.25,19,361,4,20,targets_20_dga_h2_bernoulli_025,objective_tuning_target_load_pilot_25\scenarios\known_visit_g19_t20_n25.csv,3,3,14,7.395623306480702,7.395623306480702,02,02,2,1,True,completed
18,known_visit,DGA_iter_25,bernoulli,drop_0.25,19,361,4,20,targets_20_dga_h2_bernoulli_025,objective_tuning_target_load_pilot_25\scenarios\known_visit_g19_t20_n25.csv,4,18,2,78.22243581208453,78.22243581208453,02,02,1,0,True,completed
18,known_visit,DGA_iter_25,bernoulli,drop_0.25,19,361,4,20,targets_20_dga_h2_bernoulli_025,objective_tuning_target_load_pilot_25\scenarios\known_visit_g19_t20_n25.csv,5,3,12,3.5999040035261483,3.5999040035261483,02,02,1,0,True,completed
18,known_visit,DGA_iter_25,bernoulli,drop_0.25,19,361,4,20,targets_20_dga_h2_bernoulli_025,objective_tuning_target_load_pilot_25\scenarios\known_visit_g19_t20_n25.csv,6,3,0,18.425994026233145,18.425994026233145,00,00,1,0,True,completed
18,known_visit,DGA_iter_25,bernoulli,drop_0.25,19,361,4,20,targets_20_dga_h2_bernoulli_025,objective_tuning_target_load_pilot_25\scenarios\known_visit_g19_t20_n25.csv,7,9,15,23.03084457202546,23.03084457202546,03,03,2,1,True,completed
18,known_visit,DGA_iter_25,bernoulli,drop_0.25,19,361,4,20,targets_20_dga_h2_bernoulli_025,objective_tuning_target_load_pilot_25\scenarios\known_visit_g19_t20_n25.csv,8,10,18,15.533694626817272,15.533694626817272,03,03,1,0,True,completed
18,known_visit,DGA_iter_25,bernoulli,drop_0.25,19,361,4,20,targets_20_dga_h2_bernoulli_025,objective_tuning_target_load_pilot_25\scenarios\known_visit_g19_t20_n25.csv,9,4,7,26.16852483357544,26.16852483357544,02,02,1,0,True,completed
18,known_visit,DGA_iter_25,bernoulli,drop_0.25,19,361,4,20,targets_20_dga_h2_bernoulli_025,objective_tuning_target_load_pilot_25\scenarios\known_visit_g19_t20_n25.csv,10,12,5,32.656709011751346,32.656709011751346,01,01,2,1,True,completed
18,known_visit,DGA_iter_25,bernoulli,drop_0.25,19,361,4,20,targets_20_dga_h2_bernoulli_025,objective_tuning_target_load_pilot_25\scenarios\known_visit_g19_t20_n25.csv,11,16,16,87.42338296298117,87.42338296298117,03,03,1,0,True,completed
18,known_visit,DGA_iter_25,bernoulli,drop_0.25,19,361,4,20,targets_20_dga_h2_bernoulli_025,objective_tuning_target_load_pilot_25\scenarios\known_visit_g19_t20_n25.csv,12,0,5,0.400227712207776,0.400227712207776,01,01,2,1,True,completed
18,known_visit,DGA_iter_25,bernoulli,drop_0.25,19,361,4,20,targets_20_dga_h2_bernoulli_025,objective_tuning_target_load_pilot_25\scenarios\known_visit_g19_t20_n25.csv,13,13,10,43.21967336908726,43.21967336908726,01,01,1,0,True,completed
18,known_visit,DGA_iter_25,bernoulli,drop_0.25,19,361,4,20,targets_20_dga_h2_bernoulli_025,objective_tuning_target_load_pilot_25\scenarios\known_visit_g19_t20_n25.csv,14,7,5,49.56164235724122,49.56164235724122,02,02,2,1,True,completed
18,known_visit,DGA_iter_25,bernoulli,drop_0.25,19,361,4,20,targets_20_dga_h2_bernoulli_025,objective_tuning_target_load_pilot_25\scenarios\known_visit_g19_t20_n25.csv,15,15,13,80.2418688855551,80.2418688855551,03,03,1,0,True,completed
18,known_visit,DGA_iter_25,bernoulli,drop_0.25,19,361,4,20,targets_20_dga_h2_bernoulli_025,objective_tuning_target_load_pilot_25\scenarios\known_visit_g19_t20_n25.csv,16,16,6,67.296048690891,67.296048690891,02,02,1,0,True,completed
18,known_visit,DGA_iter_25,bernoulli,drop_0.25,19,361,4,20,targets_20_dga_h2_bernoulli_025,objective_tuning_target_load_pilot_25\scenarios\known_visit_g19_t20_n25.csv,17,9,9,54.98331419584563,54.98331419584563,03,03,2,1,True,completed
18,known_visit,DGA_iter_25,bernoulli,drop_0.25,19,361,4,20,targets_20_dga_h2_bernoulli_025,objective_tuning_target_load_pilot_25\scenarios\known_visit_g19_t20_n25.csv,18,11,13,69.29558763739524,69.29558763739524,03,03,1,0,True,completed
18,known_visit,DGA_iter_25,bernoulli,drop_0.25,19,361,4,20,targets_20_dga_h2_bernoulli_025,objective_tuning_target_load_pilot_25\scenarios\known_visit_g19_t20_n25.csv,19,5,9,20.322433921881363,20.322433921881363,02,02,1,0,True,completed
18,known_visit,DGA_iter_25,bernoulli,drop_0.25,19,361,4,20,targets_20_dga_h2_bernoulli_025,objective_tuning_target_load_pilot_25\scenarios\known_visit_g19_t20_n25.csv,20,2,7,29.721110884971434,29.721110884971434,02,02,2,1,True,completed
19,known_visit,DGA_iter_25,bernoulli,drop_0.25,19,361,4,20,targets_20_dga_h2_bernoulli_025,objective_tuning_target_load_pilot_25\scenarios\known_visit_g19_t20_n25.csv,1,6,15,14.733080921425929,14.733080921425929,03,03,2,1,True,completed
19,known_visit,DGA_iter_25,bernoulli,drop_0.25,19,361,4,20,targets_20_dga_h2_bernoulli_025,objective_tuning_target_load_pilot_25\scenarios\known_visit_g19_t20_n25.csv,2,9,9,51.723256397269566,51.723256397269566,03,03,2,1,True,completed
19,known_visit,DGA_iter_25,bernoulli,drop_0.25,19,361,4,20,targets_20_dga_h2_bernoulli_025,objective_tuning_target_load_pilot_25\scenarios\known_visit_g19_t20_n25.csv,3,16,2,30.187038123178453,30.187038123178453,00,00,1,0,True,completed
19,known_visit,DGA_iter_25,bernoulli,drop_0.25,19,361,4,20,targets_20_dga_h2_bernoulli_025,objective_tuning_target_load_pilot_25\scenarios\known_visit_g19_t20_n25.csv,4,9,4,46.13312289621995,46.13312289621995,00,00,1,0,True,completed
19,known_visit,DGA_iter_25,bernoulli,drop_0.25,19,361,4,20,targets_20_dga_h2_bernoulli_025,objective_tuning_target_load_pilot_25\scenarios\known_visit_g19_t20_n25.csv,5,4,13,22.038062626386957,22.038062626386957,03,03,2,1,True,completed
19,known_visit,DGA_iter_25,bernoulli,drop_0.25,19,361,4,20,targets_20_dga_h2_bernoulli_025,objective_tuning_target_load_pilot_25\scenarios\known_visit_g19_t20_n25.csv,6,8,13,31.934572773129318,31.934572773129318,02,02,1,0,True,completed
19,known_visit,DGA_iter_25,bernoulli,drop_0.25,19,361,4,20,targets_20_dga_h2_bernoulli_025,objective_tuning_target_load_pilot_25\scenarios\known_visit_g19_t20_n25.csv,7,4,17,7.302516744559678,7.302516744559678,03,03,2,1,True,completed
19,known_visit,DGA_iter_25,bernoulli,drop_0.25,19,361,4,20,targets_20_dga_h2_bernoulli_025,objective_tuning_target_load_pilot_25\scenarios\known_visit_g19_t20_n25.csv,8,10,1,17.699079129157322,17.699079129157322,00,00,2,1,True,completed
19,known_visit,DGA_iter_25,bernoulli,drop_0.25,19,361,4,20,targets_20_dga_h2_bernoulli_025,objective_tuning_target_load_pilot_25\scenarios\known_visit_g19_t20_n25.csv,9,4,16,8.954109935175376,8.954109935175376,03,03,2,1,True,completed
19,known_visit,DGA_iter_25,bernoulli,drop_0.25,19,361,4,20,targets_20_dga_h2_bernoulli_025,objective_tuning_target_load_pilot_25\scenarios\known_visit_g19_t20_n25.csv,10,5,7,16.18635810912302,16.18635810912302,02,02,1,0,True,completed
19,known_visit,DGA_iter_25,bernoulli,drop_0.25,19,361,4,20,targets_20_dga_h2_bernoulli_025,objective_tuning_target_load_pilot_25\scenarios\known_visit_g19_t20_n25.csv,11,0,9,3.9018916622409647,3.9018916622409647,01,01,2,1,True,completed
19,known_visit,DGA_iter_25,bernoulli,drop_0.25,19,361,4,20,targets_20_dga_h2_bernoulli_025,objective_tuning_target_load_pilot_25\scenarios\known_visit_g19_t20_n25.csv,12,1,11,2.256165252563056,2.256165252563056,02,02,1,0,True,completed
19,known_visit,DGA_iter_25,bernoulli,drop_0.25,19,361,4,20,targets_20_dga_h2_bernoulli_025,objective_tuning_target_load_pilot_25\scenarios\known_visit_g19_t20_n25.csv,13,0,13,28.820161712426664,28.820161712426664,03,03,1,0,True,completed
19,known_visit,DGA_iter_25,bernoulli,drop_0.25,19,361,4,20,targets_20_dga_h2_bernoulli_025,objective_tuning_target_load_pilot_25\scenarios\known_visit_g19_t20_n25.csv,14,17,13,79.60823561202157,79.60823561202157,02,02,1,0,True,completed
19,known_visit,DGA_iter_25,bernoulli,drop_0.25,19,361,4,20,targets_20_dga_h2_bernoulli_025,objective_tuning_target_load_pilot_25\scenarios\known_visit_g19_t20_n25.csv,15,5,16,10.991125227657463,10.991125227657463,03,03,2,1,True,completed
19,known_visit,DGA_iter_25,bernoulli,drop_0.25,19,361,4,20,targets_20_dga_h2_bernoulli_025,objective_tuning_target_load_pilot_25\scenarios\known_visit_g19_t20_n25.csv,16,12,13,70.60901392111167,70.60901392111167,02,02,1,0,True,completed
19,known_visit,DGA_iter_25,bernoulli,drop_0.25,19,361,4,20,targets_20_dga_h2_bernoulli_025,objective_tuning_target_load_pilot_25\scenarios\known_visit_g19_t20_n25.csv,17,12,8,59.15665163502833,59.15665163502833,03,03,1,0,True,completed
19,known_visit,DGA_iter_25,bernoulli,drop_0.25,19,361,4,20,targets_20_dga_h2_bernoulli_025,objective_tuning_target_load_pilot_25\scenarios\known_visit_g19_t20_n25.csv,18,9,1,15.611766492633523,15.611766492633523,00,00,2,1,True,completed
19,known_visit,DGA_iter_25,bernoulli,drop_0.25,19,361,4,20,targets_20_dga_h2_bernoulli_025,objective_tuning_target_load_pilot_25\scenarios\known_visit_g19_t20_n25.csv,19,10,2,19.753460529280208,19.753460529280208,00,00,1,0,True,completed
19,known_visit,DGA_iter_25,bernoulli,drop_0.25,19,361,4,20,targets_20_dga_h2_bernoulli_025,objective_tuning_target_load_pilot_25\scenarios\known_visit_g19_t20_n25.csv,20,16,3,32.16239480759166,32.16239480759166,00,00,1,0,True,completed
20,known_visit,DGA_iter_25,bernoulli,drop_0.25,19,361,4,20,targets_20_dga_h2_bernoulli_025,objective_tuning_target_load_pilot_25\scenarios\known_visit_g19_t20_n25.csv,1,1,18,0.13041957191322587,0.13041957191322587,03,03,1,0,True,completed
20,known_visit,DGA_iter_25,bernoulli,drop_0.25,19,361,4,20,targets_20_dga_h2_bernoulli_025,objective_tuning_target_load_pilot_25\scenarios\known_visit_g19_t20_n25.csv,2,13,1,41.3943101197132,41.3943101197132,01,01,1,0,True,completed
20,known_visit,DGA_iter_25,bernoulli,drop_0.25,19,361,4,20,targets_20_dga_h2_bernoulli_025,objective_tuning_target_load_pilot_25\scenarios\known_visit_g19_t20_n25.csv,3,6,8,16.262606633024372,16.262606633024372,02,02,2,1,True,completed
20,known_visit,DGA_iter_25,bernoulli,drop_0.25,19,361,4,20,targets_20_dga_h2_bernoulli_025,objective_tuning_target_load_pilot_25\scenarios\known_visit_g19_t20_n25.csv,4,14,3,36.12354248982912,36.12354248982912,01,01,1,0,True,completed
20,known_visit,DGA_iter_25,bernoulli,drop_0.25,19,361,4,20,targets_20_dga_h2_bernoulli_025,objective_tuning_target_load_pilot_25\scenarios\known_visit_g19_t20_n25.csv,5,3,15,12.590168846438381,12.590168846438381,03,03,1,0,True,completed
20,known_visit,DGA_iter_25,bernoulli,drop_0.25,19,361,4,20,targets_20_dga_h2_bernoulli_025,objective_tuning_target_load_pilot_25\scenarios\known_visit_g19_t20_n25.csv,6,1,7,20.111467020024804,20.111467020024804,00,00,1,0,True,completed
20,known_visit,DGA_iter_25,bernoulli,drop_0.25,19,361,4,20,targets_20_dga_h2_bernoulli_025,objective_tuning_target_load_pilot_25\scenarios\known_visit_g19_t20_n25.csv,7,1,4,14.583153342629261,14.583153342629261,00,00,1,0,True,completed
20,known_visit,DGA_iter_25,bernoulli,drop_0.25,19,361,4,20,targets_20_dga_h2_bernoulli_025,objective_tuning_target_load_pilot_25\scenarios\known_visit_g19_t20_n25.csv,8,15,13,44.14333479560044,44.14333479560044,02,02,1,0,True,completed
20,known_visit,DGA_iter_25,bernoulli,drop_0.25,19,361,4,20,targets_20_dga_h2_bernoulli_025,objective_tuning_target_load_pilot_25\scenarios\known_visit_g19_t20_n25.csv,9,7,5,12.813050606938111,12.813050606938111,01,01,2,1,True,completed
20,known_visit,DGA_iter_25,bernoulli,drop_0.25,19,361,4,20,targets_20_dga_h2_bernoulli_025,objective_tuning_target_load_pilot_25\scenarios\known_visit_g19_t20_n25.csv,10,17,2,54.072489147929915,54.072489147929915,01,01,1,0,True,completed
20,known_visit,DGA_iter_25,bernoulli,drop_0.25,19,361,4,20,targets_20_dga_h2_bernoulli_025,objective_tuning_target_load_pilot_25\scenarios\known_visit_g19_t20_n25.csv,11,13,9,30.082294675000366,30.082294675000366,02,02,1,0,True,completed
20,known_visit,DGA_iter_25,bernoulli,drop_0.25,19,361,4,20,targets_20_dga_h2_bernoulli_025,objective_tuning_target_load_pilot_25\scenarios\known_visit_g19_t20_n25.csv,12,12,8,26.326516512655452,26.326516512655452,02,02,1,0,True,completed
20,known_visit,DGA_iter_25,bernoulli,drop_0.25,19,361,4,20,targets_20_dga_h2_bernoulli_025,objective_tuning_target_load_pilot_25\scenarios\known_visit_g19_t20_n25.csv,13,4,17,7.248564469116476,7.248564469116476,03,03,1,0,True,completed
20,known_visit,DGA_iter_25,bernoulli,drop_0.25,19,361,4,20,targets_20_dga_h2_bernoulli_025,objective_tuning_target_load_pilot_25\scenarios\known_visit_g19_t20_n25.csv,14,11,16,32.40834669497424,32.40834669497424,03,03,1,0,True,completed
20,known_visit,DGA_iter_25,bernoulli,drop_0.25,19,361,4,20,targets_20_dga_h2_bernoulli_025,objective_tuning_target_load_pilot_25\scenarios\known_visit_g19_t20_n25.csv,15,4,15,10.6638110719979,10.6638110719979,03,03,1,0,True,completed
20,known_visit,DGA_iter_25,bernoulli,drop_0.25,19,361,4,20,targets_20_dga_h2_bernoulli_025,objective_tuning_target_load_pilot_25\scenarios\known_visit_g19_t20_n25.csv,16,1,5,2.237199934928636,2.237199934928636,01,01,2,1,True,completed
20,known_visit,DGA_iter_25,bernoulli,drop_0.25,19,361,4,20,targets_20_dga_h2_bernoulli_025,objective_tuning_target_load_pilot_25\scenarios\known_visit_g19_t20_n25.csv,17,13,12,35.08193622950474,35.08193622950474,02,02,1,0,True,completed
20,known_visit,DGA_iter_25,bernoulli,drop_0.25,19,361,4,20,targets_20_dga_h2_bernoulli_025,objective_tuning_target_load_pilot_25\scenarios\known_visit_g19_t20_n25.csv,18,9,16,28.715529904702056,28.715529904702056,03,03,1,0,True,completed
20,known_visit,DGA_iter_25,bernoulli,drop_0.25,19,361,4,20,targets_20_dga_h2_bernoulli_025,objective_tuning_target_load_pilot_25\scenarios\known_visit_g19_t20_n25.csv,19,3,4,10.832922919962558,10.832922919962558,00,00,1,0,True,completed
20,known_visit,DGA_iter_25,bernoulli,drop_0.25,19,361,4,20,targets_20_dga_h2_bernoulli_025,objective_tuning_target_load_pilot_25\scenarios\known_visit_g19_t20_n25.csv,20,14,14,40.341900067317,40.341900067317,02,02,1,0,True,completed
21,known_visit,DGA_iter_25,bernoulli,drop_0.25,19,361,4,20,targets_20_dga_h2_bernoulli_025,objective_tuning_target_load_pilot_25\scenarios\known_visit_g19_t20_n25.csv,1,0,1,51.178287953494625,51.178287953494625,02,02,1,0,True,completed
21,known_visit,DGA_iter_25,bernoulli,drop_0.25,19,361,4,20,targets_20_dga_h2_bernoulli_025,objective_tuning_target_load_pilot_25\scenarios\known_visit_g19_t20_n25.csv,2,0,11,59.82805620244018,59.82805620244018,03,03,1,0,True,completed
21,known_visit,DGA_iter_25,bernoulli,drop_0.25,19,361,4,20,targets_20_dga_h2_bernoulli_025,objective_tuning_target_load_pilot_25\scenarios\known_visit_g19_t20_n25.csv,3,2,4,5.522615025802336,5.522615025802336,01,01,2,1,True,completed
21,known_visit,DGA_iter_25,bernoulli,drop_0.25,19,361,4,20,targets_20_dga_h2_bernoulli_025,objective_tuning_target_load_pilot_25\scenarios\known_visit_g19_t20_n25.csv,4,18,8,60.078466190653586,60.078466190653586,01,01,1,0,True,completed
21,known_visit,DGA_iter_25,bernoulli,drop_0.25,19,361,4,20,targets_20_dga_h2_bernoulli_025,objective_tuning_target_load_pilot_25\scenarios\known_visit_g19_t20_n25.csv,5,11,3,41.2165751840451,41.2165751840451,00,00,1,0,True,completed
21,known_visit,DGA_iter_25,bernoulli,drop_0.25,19,361,4,20,targets_20_dga_h2_bernoulli_025,objective_tuning_target_load_pilot_25\scenarios\known_visit_g19_t20_n25.csv,6,5,9,20.259337291341108,20.259337291341108,02,02,1,0,True,completed
21,known_visit,DGA_iter_25,bernoulli,drop_0.25,19,361,4,20,targets_20_dga_h2_bernoulli_025,objective_tuning_target_load_pilot_25\scenarios\known_visit_g19_t20_n25.csv,7,0,10,61.88927803937447,61.88927803937447,03,03,1,0,True,completed
21,known_visit,DGA_iter_25,bernoulli,drop_0.25,19,361,4,20,targets_20_dga_h2_bernoulli_025,objective_tuning_target_load_pilot_25\scenarios\known_visit_g19_t20_n25.csv,8,10,8,30.23344916147384,30.23344916147384,01,01,2,1,True,completed
21,known_visit,DGA_iter_25,bernoulli,drop_0.25,19,361,4,20,targets_20_dga_h2_bernoulli_025,objective_tuning_target_load_pilot_25\scenarios\known_visit_g19_t20_n25.csv,9,0,17,0.44962860451207876,0.44962860451207876,03,03,1,0,True,completed
21,known_visit,DGA_iter_25,bernoulli,drop_0.25,19,361,4,20,targets_20_dga_h2_bernoulli_025,objective_tuning_target_load_pilot_25\scenarios\known_visit_g19_t20_n25.csv,10,14,4,30.004162113241872,30.004162113241872,00,00,2,1,True,completed
21,known_visit,DGA_iter_25,bernoulli,drop_0.25,19,361,4,20,targets_20_dga_h2_bernoulli_025,objective_tuning_target_load_pilot_25\scenarios\known_visit_g19_t20_n25.csv,11,5,8,22.330557481302705,22.330557481302705,02,02,2,1,True,completed
21,known_visit,DGA_iter_25,bernoulli,drop_0.25,19,361,4,20,targets_20_dga_h2_bernoulli_025,objective_tuning_target_load_pilot_25\scenarios\known_visit_g19_t20_n25.csv,12,0,7,32.72617957930529,32.72617957930529,02,02,1,0,True,completed
21,known_visit,DGA_iter_25,bernoulli,drop_0.25,19,361,4,20,targets_20_dga_h2_bernoulli_025,objective_tuning_target_load_pilot_25\scenarios\known_visit_g19_t20_n25.csv,13,0,3,47.51493071563153,47.51493071563153,02,02,1,0,True,completed
21,known_visit,DGA_iter_25,bernoulli,drop_0.25,19,361,4,20,targets_20_dga_h2_bernoulli_025,objective_tuning_target_load_pilot_25\scenarios\known_visit_g19_t20_n25.csv,14,17,7,55.95141698525263,55.95141698525263,01,01,1,0,True,completed
21,known_visit,DGA_iter_25,bernoulli,drop_0.25,19,361,4,20,targets_20_dga_h2_bernoulli_025,objective_tuning_target_load_pilot_25\scenarios\known_visit_g19_t20_n25.csv,15,1,0,0.7978148684324722,0.7978148684324722,00,00,2,1,True,completed
21,known_visit,DGA_iter_25,bernoulli,drop_0.25,19,361,4,20,targets_20_dga_h2_bernoulli_025,objective_tuning_target_load_pilot_25\scenarios\known_visit_g19_t20_n25.csv,16,12,0,19.12590007177004,19.12590007177004,00,00,1,0,True,completed
21,known_visit,DGA_iter_25,bernoulli,drop_0.25,19,361,4,20,targets_20_dga_h2_bernoulli_025,objective_tuning_target_load_pilot_25\scenarios\known_visit_g19_t20_n25.csv,17,12,18,23.133758175929092,23.133758175929092,03,03,1,0,True,completed
21,known_visit,DGA_iter_25,bernoulli,drop_0.25,19,361,4,20,targets_20_dga_h2_bernoulli_025,objective_tuning_target_load_pilot_25\scenarios\known_visit_g19_t20_n25.csv,18,6,11,14.744773890936644,14.744773890936644,02,02,2,1,True,completed
21,known_visit,DGA_iter_25,bernoulli,drop_0.25,19,361,4,20,targets_20_dga_h2_bernoulli_025,objective_tuning_target_load_pilot_25\scenarios\known_visit_g19_t20_n25.csv,19,18,7,58.00236597836538,58.00236597836538,01,01,1,0,True,completed
21,known_visit,DGA_iter_25,bernoulli,drop_0.25,19,361,4,20,targets_20_dga_h2_bernoulli_025,objective_tuning_target_load_pilot_25\scenarios\known_visit_g19_t20_n25.csv,20,1,6,0.23396231451275418,0.23396231451275418,01,01,2,1,True,completed
22,known_visit,DGA_iter_25,bernoulli,drop_0.25,19,361,4,20,targets_20_dga_h2_bernoulli_025,objective_tuning_target_load_pilot_25\scenarios\known_visit_g19_t20_n25.csv,1,13,4,53.624223287780595,53.624223287780595,01,01,1,0,True,completed
22,known_visit,DGA_iter_25,bernoulli,drop_0.25,19,361,4,20,targets_20_dga_h2_bernoulli_025,objective_tuning_target_load_pilot_25\scenarios\known_visit_g19_t20_n25.csv,2,7,6,24.69066885776363,24.69066885776363,01,01,1,0,True,completed
22,known_visit,DGA_iter_25,bernoulli,drop_0.25,19,361,4,20,targets_20_dga_h2_bernoulli_025,objective_tuning_target_load_pilot_25\scenarios\known_visit_g19_t20_n25.csv,3,5,18,14.90522902931758,14.90522902931758,03,03,2,1,True,completed
22,known_visit,DGA_iter_25,bernoulli,drop_0.25,19,361,4,20,targets_20_dga_h2_bernoulli_025,objective_tuning_target_load_pilot_25\scenarios\known_visit_g19_t20_n25.csv,4,15,7,62.57859667427444,62.57859667427444,01,01,1,0,True,completed
22,known_visit,DGA_iter_25,bernoulli,drop_0.25,19,361,4,20,targets_20_dga_h2_bernoulli_025,objective_tuning_target_load_pilot_25\scenarios\known_visit_g19_t20_n25.csv,5,11,4,25.20793699011427,25.20793699011427,00,00,2,1,True,completed
22,known_visit,DGA_iter_25,bernoulli,drop_0.25,19,361,4,20,targets_20_dga_h2_bernoulli_025,objective_tuning_target_load_pilot_25\scenarios\known_visit_g19_t20_n25.csv,6,5,9,63.74386635086083,63.74386635086083,02,02,1,0,True,completed
22,known_visit,DGA_iter_25,bernoulli,drop_0.25,19,361,4,20,targets_20_dga_h2_bernoulli_025,objective_tuning_target_load_pilot_25\scenarios\known_visit_g19_t20_n25.csv,7,12,7,32.25601605835411,32.25601605835411,00,00,1,0,True,completed
22,known_visit,DGA_iter_25,bernoulli,drop_0.25,19,361,4,20,targets_20_dga_h2_bernoulli_025,objective_tuning_target_load_pilot_25\scenarios\known_visit_g19_t20_n25.csv,8,2,12,6.142714896942683,6.142714896942683,02,02,2,1,True,completed
22,known_visit,DGA_iter_25,bernoulli,drop_0.25,19,361,4,20,targets_20_dga_h2_bernoulli_025,objective_tuning_target_load_pilot_25\scenarios\known_visit_g19_t20_n25.csv,9,14,13,39.33093290449462,39.33093290449462,03,03,1,0,True,completed
22,known_visit,DGA_iter_25,bernoulli,drop_0.25,19,361,4,20,targets_20_dga_h2_bernoulli_025,objective_tuning_target_load_pilot_25\scenarios\known_visit_g19_t20_n25.csv,10,2,2,9.279946581922383,9.279946581922383,01,01,1,0,True,completed
22,known_visit,DGA_iter_25,bernoulli,drop_0.25,19,361,4,20,targets_20_dga_h2_bernoulli_025,objective_tuning_target_load_pilot_25\scenarios\known_visit_g19_t20_n25.csv,11,2,16,5.668810789352944,5.668810789352944,03,03,2,1,True,completed
22,known_visit,DGA_iter_25,bernoulli,drop_0.25,19,361,4,20,targets_20_dga_h2_bernoulli_025,objective_tuning_target_load_pilot_25\scenarios\known_visit_g19_t20_n25.csv,12,8,10,61.89453727131773,61.89453727131773,03,03,1,0,True,completed
22,known_visit,DGA_iter_25,bernoulli,drop_0.25,19,361,4,20,targets_20_dga_h2_bernoulli_025,objective_tuning_target_load_pilot_25\scenarios\known_visit_g19_t20_n25.csv,13,16,12,44.678457593993855,44.678457593993855,03,03,1,0,True,completed
22,known_visit,DGA_iter_25,bernoulli,drop_0.25,19,361,4,20,targets_20_dga_h2_bernoulli_025,objective_tuning_target_load_pilot_25\scenarios\known_visit_g19_t20_n25.csv,14,4,12,9.736053280473065,9.736053280473065,02,02,2,1,True,completed
22,known_visit,DGA_iter_25,bernoulli,drop_0.25,19,361,4,20,targets_20_dga_h2_bernoulli_025,objective_tuning_target_load_pilot_25\scenarios\known_visit_g19_t20_n25.csv,15,5,1,9.122849444080304,9.122849444080304,00,00,1,0,True,completed
22,known_visit,DGA_iter_25,bernoulli,drop_0.25,19,361,4,20,targets_20_dga_h2_bernoulli_025,objective_tuning_target_load_pilot_25\scenarios\known_visit_g19_t20_n25.csv,16,8,6,26.726512664380614,26.726512664380614,01,01,1,0,True,completed
22,known_visit,DGA_iter_25,bernoulli,drop_0.25,19,361,4,20,targets_20_dga_h2_bernoulli_025,objective_tuning_target_load_pilot_25\scenarios\known_visit_g19_t20_n25.csv,17,9,2,18.08825194985815,18.08825194985815,00,00,2,1,True,completed
22,known_visit,DGA_iter_25,bernoulli,drop_0.25,19,361,4,20,targets_20_dga_h2_bernoulli_025,objective_tuning_target_load_pilot_25\scenarios\known_visit_g19_t20_n25.csv,18,9,0,38.951330732499244,38.951330732499244,01,01,1,0,True,completed
22,known_visit,DGA_iter_25,bernoulli,drop_0.25,19,361,4,20,targets_20_dga_h2_bernoulli_025,objective_tuning_target_load_pilot_25\scenarios\known_visit_g19_t20_n25.csv,19,0,9,50.73035129207369,50.73035129207369,02,02,1,0,True,completed
22,known_visit,DGA_iter_25,bernoulli,drop_0.25,19,361,4,20,targets_20_dga_h2_bernoulli_025,objective_tuning_target_load_pilot_25\scenarios\known_visit_g19_t20_n25.csv,20,14,12,41.10932856512392,41.10932856512392,03,03,1,0,True,completed
23,known_visit,DGA_iter_25,bernoulli,drop_0.25,19,361,4,20,targets_20_dga_h2_bernoulli_025,objective_tuning_target_load_pilot_25\scenarios\known_visit_g19_t20_n25.csv,1,14,4,26.722708043378667,26.722708043378667,01,01,2,1,True,completed
23,known_visit,DGA_iter_25,bernoulli,drop_0.25,19,361,4,20,targets_20_dga_h2_bernoulli_025,objective_tuning_target_load_pilot_25\scenarios\known_visit_g19_t20_n25.csv,2,4,17,7.189250227262701,7.189250227262701,03,03,1,0,True,completed
23,known_visit,DGA_iter_25,bernoulli,drop_0.25,19,361,4,20,targets_20_dga_h2_bernoulli_025,objective_tuning_target_load_pilot_25\scenarios\known_visit_g19_t20_n25.csv,3,17,5,47.96648147422146,47.96648147422146,01,01,1,0,True,completed
23,known_visit,DGA_iter_25,bernoulli,drop_0.25,19,361,4,20,targets_20_dga_h2_bernoulli_025,objective_tuning_target_load_pilot_25\scenarios\known_visit_g19_t20_n25.csv,4,8,9,17.333263826556678,17.333263826556678,02,02,2,1,True,completed
23,known_visit,DGA_iter_25,bernoulli,drop_0.25,19,361,4,20,targets_20_dga_h2_bernoulli_025,objective_tuning_target_load_pilot_25\scenarios\known_visit_g19_t20_n25.csv,5,7,11,12.094962915823546,12.094962915823546,02,02,1,0,True,completed
23,known_visit,DGA_iter_25,bernoulli,drop_0.25,19,361,4,20,targets_20_dga_h2_bernoulli_025,objective_tuning_target_load_pilot_25\scenarios\known_visit_g19_t20_n25.csv,6,14,12,33.08733769784142,33.08733769784142,02,02,2,1,True,completed
23,known_visit,DGA_iter_25,bernoulli,drop_0.25,19,361,4,20,targets_20_dga_h2_bernoulli_025,objective_tuning_target_load_pilot_25\scenarios\known_visit_g19_t20_n25.csv,7,1,1,2.143419061137935,2.143419061137935,00,00,1,0,True,completed
23,known_visit,DGA_iter_25,bernoulli,drop_0.25,19,361,4,20,targets_20_dga_h2_bernoulli_025,objective_tuning_target_load_pilot_25\scenarios\known_visit_g19_t20_n25.csv,8,5,12,6.965766471677663,6.965766471677663,02,02,1,0,True,completed
23,known_visit,DGA_iter_25,bernoulli,drop_0.25,19,361,4,20,targets_20_dga_h2_bernoulli_025,objective_tuning_target_load_pilot_25\scenarios\known_visit_g19_t20_n25.csv,9,14,2,30.441303968774033,30.441303968774033,01,01,1,0,True,completed
23,known_visit,DGA_iter_25,bernoulli,drop_0.25,19,361,4,20,targets_20_dga_h2_bernoulli_025,objective_tuning_target_load_pilot_25\scenarios\known_visit_g19_t20_n25.csv,10,14,16,25.943039346635405,25.943039346635405,03,03,2,1,True,completed
23,known_visit,DGA_iter_25,bernoulli,drop_0.25,19,361,4,20,targets_20_dga_h2_bernoulli_025,objective_tuning_target_load_pilot_25\scenarios\known_visit_g19_t20_n25.csv,11,9,4,18.144538605637212,18.144538605637212,01,01,1,0,True,completed
23,known_visit,DGA_iter_25,bernoulli,drop_0.25,19,361,4,20,targets_20_dga_h2_bernoulli_025,objective_tuning_target_load_pilot_25\scenarios\known_visit_g19_t20_n25.csv,12,10,9,20.900106947442467,20.900106947442467,02,02,2,1,True,completed
23,known_visit,DGA_iter_25,bernoulli,drop_0.25,19,361,4,20,targets_20_dga_h2_bernoulli_025,objective_tuning_target_load_pilot_25\scenarios\known_visit_g19_t20_n25.csv,13,0,5,0.5405221156953889,0.5405221156953889,01,01,1,0,True,completed
23,known_visit,DGA_iter_25,bernoulli,drop_0.25,19,361,4,20,targets_20_dga_h2_bernoulli_025,objective_tuning_target_load_pilot_25\scenarios\known_visit_g19_t20_n25.csv,14,18,16,32.674653027713696,32.674653027713696,03,03,1,0,True,completed
23,known_visit,DGA_iter_25,bernoulli,drop_0.25,19,361,4,20,targets_20_dga_h2_bernoulli_025,objective_tuning_target_load_pilot_25\scenarios\known_visit_g19_t20_n25.csv,15,6,5,11.029208717875683,11.029208717875683,01,01,1,0,True,completed
23,known_visit,DGA_iter_25,bernoulli,drop_0.25,19,361,4,20,targets_20_dga_h2_bernoulli_025,objective_tuning_target_load_pilot_25\scenarios\known_visit_g19_t20_n25.csv,16,2,7,14.36259906648388,14.36259906648388,00,00,1,0,True,completed
23,known_visit,DGA_iter_25,bernoulli,drop_0.25,19,361,4,20,targets_20_dga_h2_bernoulli_025,objective_tuning_target_load_pilot_25\scenarios\known_visit_g19_t20_n25.csv,17,16,0,37.66254687136641,37.66254687136641,01,01,1,0,True,completed
23,known_visit,DGA_iter_25,bernoulli,drop_0.25,19,361,4,20,targets_20_dga_h2_bernoulli_025,objective_tuning_target_load_pilot_25\scenarios\known_visit_g19_t20_n25.csv,18,1,14,80.66422731291598,80.66422731291598,02,02,1,0,True,completed
23,known_visit,DGA_iter_25,bernoulli,drop_0.25,19,361,4,20,targets_20_dga_h2_bernoulli_025,objective_tuning_target_load_pilot_25\scenarios\known_visit_g19_t20_n25.csv,19,17,6,49.682933362949285,49.682933362949285,01,01,1,0,True,completed
23,known_visit,DGA_iter_25,bernoulli,drop_0.25,19,361,4,20,targets_20_dga_h2_bernoulli_025,objective_tuning_target_load_pilot_25\scenarios\known_visit_g19_t20_n25.csv,20,13,8,38.822525487602014,38.822525487602014,00,00,3,2,True,completed
24,known_visit,DGA_iter_25,bernoulli,drop_0.25,19,361,4,20,targets_20_dga_h2_bernoulli_025,objective_tuning_target_load_pilot_25\scenarios\known_visit_g19_t20_n25.csv,1,18,2,44.40669708153292,44.40669708153292,00,00,1,0,True,completed
24,known_visit,DGA_iter_25,bernoulli,drop_0.25,19,361,4,20,targets_20_dga_h2_bernoulli_025,objective_tuning_target_load_pilot_25\scenarios\known_visit_g19_t20_n25.csv,2,8,7,22.011438338894397,22.011438338894397,01,01,1,0,True,completed
24,known_visit,DGA_iter_25,bernoulli,drop_0.25,19,361,4,20,targets_20_dga_h2_bernoulli_025,objective_tuning_target_load_pilot_25\scenarios\known_visit_g19_t20_n25.csv,3,4,9,36.646648221214406,36.646648221214406,01,01,1,0,True,completed
24,known_visit,DGA_iter_25,bernoulli,drop_0.25,19,361,4,20,targets_20_dga_h2_bernoulli_025,objective_tuning_target_load_pilot_25\scenarios\known_visit_g19_t20_n25.csv,4,5,16,11.406756036378782,11.406756036378782,03,03,1,0,True,completed
24,known_visit,DGA_iter_25,bernoulli,drop_0.25,19,361,4,20,targets_20_dga_h2_bernoulli_025,objective_tuning_target_load_pilot_25\scenarios\known_visit_g19_t20_n25.csv,5,4,12,42.19369376856125,42.19369376856125,01,01,1,0,True,completed
24,known_visit,DGA_iter_25,bernoulli,drop_0.25,19,361,4,20,targets_20_dga_h2_bernoulli_025,objective_tuning_target_load_pilot_25\scenarios\known_visit_g19_t20_n25.csv,6,7,7,20.00755100647951,20.00755100647951,01,01,1,0,True,completed
24,known_visit,DGA_iter_25,bernoulli,drop_0.25,19,361,4,20,targets_20_dga_h2_bernoulli_025,objective_tuning_target_load_pilot_25\scenarios\known_visit_g19_t20_n25.csv,7,7,18,29.160145184702465,29.160145184702465,03,03,2,1,True,completed
24,known_visit,DGA_iter_25,bernoulli,drop_0.25,19,361,4,20,targets_20_dga_h2_bernoulli_025,objective_tuning_target_load_pilot_25\scenarios\known_visit_g19_t20_n25.csv,8,16,17,49.85406814916283,49.85406814916283,02,02,2,1,True,completed
24,known_visit,DGA_iter_25,bernoulli,drop_0.25,19,361,4,20,targets_20_dga_h2_bernoulli_025,objective_tuning_target_load_pilot_25\scenarios\known_visit_g19_t20_n25.csv,9,1,17,2.291567034396233,2.291567034396233,03,03,2,1,True,completed
24,known_visit,DGA_iter_25,bernoulli,drop_0.25,19,361,4,20,targets_20_dga_h2_bernoulli_025,objective_tuning_target_load_pilot_25\scenarios\known_visit_g19_t20_n25.csv,10,3,8,32.714552786690035,32.714552786690035,01,01,1,0,True,completed
24,known_visit,DGA_iter_25,bernoulli,drop_0.25,19,361,4,20,targets_20_dga_h2_bernoulli_025,objective_tuning_target_load_pilot_25\scenarios\known_visit_g19_t20_n25.csv,11,10,14,42.04182278921173,42.04182278921173,03,03,1,0,True,completed
24,known_visit,DGA_iter_25,bernoulli,drop_0.25,19,361,4,20,targets_20_dga_h2_bernoulli_025,objective_tuning_target_load_pilot_25\scenarios\known_visit_g19_t20_n25.csv,12,14,10,65.892153718156,65.892153718156,02,02,1,0,True,completed
24,known_visit,DGA_iter_25,bernoulli,drop_0.25,19,361,4,20,targets_20_dga_h2_bernoulli_025,objective_tuning_target_load_pilot_25\scenarios\known_visit_g19_t20_n25.csv,13,13,9,69.46747567365531,69.46747567365531,02,02,1,0,True,completed
24,known_visit,DGA_iter_25,bernoulli,drop_0.25,19,361,4,20,targets_20_dga_h2_bernoulli_025,objective_tuning_target_load_pilot_25\scenarios\known_visit_g19_t20_n25.csv,14,5,4,11.237564227555405,11.237564227555405,01,01,1,0,True,completed
24,known_visit,DGA_iter_25,bernoulli,drop_0.25,19,361,4,20,targets_20_dga_h2_bernoulli_025,objective_tuning_target_load_pilot_25\scenarios\known_visit_g19_t20_n25.csv,15,18,7,53.182396685554615,53.182396685554615,00,00,1,0,True,completed
24,known_visit,DGA_iter_25,bernoulli,drop_0.25,19,361,4,20,targets_20_dga_h2_bernoulli_025,objective_tuning_target_load_pilot_25\scenarios\known_visit_g19_t20_n25.csv,16,13,0,31.81217407416307,31.81217407416307,00,00,1,0,True,completed
24,known_visit,DGA_iter_25,bernoulli,drop_0.25,19,361,4,20,targets_20_dga_h2_bernoulli_025,objective_tuning_target_load_pilot_25\scenarios\known_visit_g19_t20_n25.csv,17,14,1,35.72081313778271,35.72081313778271,00,00,1,0,True,completed
24,known_visit,DGA_iter_25,bernoulli,drop_0.25,19,361,4,20,targets_20_dga_h2_bernoulli_025,objective_tuning_target_load_pilot_25\scenarios\known_visit_g19_t20_n25.csv,18,2,1,3.9867346198464295,3.9867346198464295,00,00,1,0,True,completed
24,known_visit,DGA_iter_25,bernoulli,drop_0.25,19,361,4,20,targets_20_dga_h2_bernoulli_025,objective_tuning_target_load_pilot_25\scenarios\known_visit_g19_t20_n25.csv,19,12,3,24.558912858922906,24.558912858922906,00,00,1,0,True,completed
24,known_visit,DGA_iter_25,bernoulli,drop_0.25,19,361,4,20,targets_20_dga_h2_bernoulli_025,objective_tuning_target_load_pilot_25\scenarios\known_visit_g19_t20_n25.csv,20,8,15,22.047664294345385,22.047664294345385,03,03,2,1,True,completed
