trial_id,trial_mode,algorithm,comm_model,comm_level,grid_size,grid_cells,robot_count,target_count,condition_id,scenario_file,robot_id,steps_total,targets_found,task_cell_revisits,unique_cells_contributed,system_revisits_by_robot,task_cell_replans,path_replans,collision_prevention_events,blocked_task_quarantines,blocked_task_quarantine_time_s,maximum_quarantine_level,stall_recoveries,messages_sent,core_messages_sent,allocation_messages_sent,messages_delivered_to_robot,messages_dropped_to_robot,allocator_calls,allocator_time_ms_total,allocator_time_ms_mean,allocator_time_ms_median,allocator_time_ms_p95,allocator_time_ms_max,allocator_solve_time_ms_total,allocator_solve_time_ms_mean,allocator_solve_time_ms_median,allocator_solve_time_ms_p95,allocator_solve_time_ms_max,candidate_filter_calls,candidate_filter_time_ms_total,candidate_filter_time_ms_mean,candidate_filter_time_ms_median,candidate_filter_time_ms_p95,candidate_filter_time_ms_max,trial_status
0,known_visit,ACBBA,bernoulli,drop_0.25,34,1156,14,10,acbba_g34_d85_bernoulli_drop_0_25,reruns\grid_density\scenarios\cv\known_visit_grid34_targets10_trials50.csv,00,25,0,1,25,1,3,0,0,0,0.0,0,0,133,53,80,1493,354,76,38.4105,0.5054013157894737,0.4677,0.7779,0.8993,7.8715,0.10357236842105264,0.0854,0.2928,0.3871,76,30.539,0.40182894736842106,0.3801,0.5395,0.6963,completed
0,known_visit,ACBBA,bernoulli,drop_0.25,34,1156,14,10,acbba_g34_d85_bernoulli_drop_0_25,reruns\grid_density\scenarios\cv\known_visit_grid34_targets10_trials50.csv,01,34,1,1,30,5,3,0,0,0,0.0,0,0,147,70,77,1507,326,49,25.8588,0.5277306122448979,0.4327,0.9341,1.0897,5.9195,0.12080612244897959,0.0665,0.3619,0.4525,49,19.9393,0.40692448979591833,0.3678,0.6028,0.7009,completed
0,known_visit,ACBBA,bernoulli,drop_0.25,34,1156,14,10,acbba_g34_d85_bernoulli_drop_0_25,reruns\grid_density\scenarios\cv\known_visit_grid34_targets10_trials50.csv,02,45,3,0,46,0,3,0,0,0,0.0,0,0,167,91,76,1445,368,9,6.9430000000000005,0.7714444444444445,0.7574,0.9977,0.9977,2.1385,0.2376111111111111,0.2597,0.3552,0.3552,9,4.8045,0.5338333333333334,0.5211,0.7251,0.7251,completed
0,known_visit,ACBBA,bernoulli,drop_0.25,34,1156,14,10,acbba_g34_d85_bernoulli_drop_0_25,reruns\grid_density\scenarios\cv\known_visit_grid34_targets10_trials50.csv,03,36,0,1,28,9,6,0,0,0,0.0,0,0,169,76,93,1408,404,46,30.9121,0.6720021739130434,0.6218,1.1174,1.2674,7.8125,0.16983695652173914,0.13835,0.3287,0.6029,46,23.0996,0.5021652173913044,0.46785,0.8016,0.8178,completed
0,known_visit,ACBBA,bernoulli,drop_0.25,34,1156,14,10,acbba_g34_d85_bernoulli_drop_0_25,reruns\grid_density\scenarios\cv\known_visit_grid34_targets10_trials50.csv,04,24,0,0,23,2,6,0,0,0,0.0,0,0,147,52,95,1469,364,84,60.116,0.7156666666666667,0.63965,1.0089,1.3701,14.7068,0.17508095238095236,0.14134999999999998,0.4165,0.609,84,45.4092,0.5405857142857142,0.4758,0.7749,0.8404,completed
0,known_visit,ACBBA,bernoulli,drop_0.25,34,1156,14,10,acbba_g34_d85_bernoulli_drop_0_25,reruns\grid_density\scenarios\cv\known_visit_grid34_targets10_trials50.csv,05,33,1,0,34,0,1,0,0,0,0.0,0,0,149,70,79,1444,387,51,27.4908,0.5390352941176471,0.4333,0.8691,1.1082,5.9186,0.11605098039215686,0.0676,0.3344,0.4697,51,21.5722,0.42298431372549017,0.3648,0.6385,0.8178,completed
0,known_visit,ACBBA,bernoulli,drop_0.25,34,1156,14,10,acbba_g34_d85_bernoulli_drop_0_25,reruns\grid_density\scenarios\cv\known_visit_grid34_targets10_trials50.csv,06,25,1,0,26,0,3,0,0,0,0.0,0,0,131,56,75,1490,359,79,43.8141,0.5546088607594937,0.4811,0.9925,1.1386,9.8757,0.12500886075949366,0.0941,0.3774,0.4874,79,33.9384,0.42960000000000004,0.3823,0.6536,0.7867,completed
0,known_visit,ACBBA,bernoulli,drop_0.25,34,1156,14,10,acbba_g34_d85_bernoulli_drop_0_25,reruns\grid_density\scenarios\cv\known_visit_grid34_targets10_trials50.csv,07,17,0,0,18,0,5,0,0,0,0.0,0,0,127,38,89,1494,359,106,65.0729,0.613895283018868,0.5631999999999999,0.9064,1.081,13.6036,0.12833584905660378,0.1125,0.2895,0.373,106,51.4693,0.48555943396226414,0.44804999999999995,0.7272,0.8123,completed
0,known_visit,ACBBA,bernoulli,drop_0.25,34,1156,14,10,acbba_g34_d85_bernoulli_drop_0_25,reruns\grid_density\scenarios\cv\known_visit_grid34_targets10_trials50.csv,08,23,0,0,22,2,8,3,3,0,0.0,0,0,138,53,85,1476,366,86,58.5554,0.6808767441860465,0.6166499999999999,0.921,1.0116,13.8833,0.16143372093023256,0.1381,0.3161,0.4734,86,44.6721,0.5194430232558139,0.46640000000000004,0.7312,0.8168,completed
0,known_visit,ACBBA,bernoulli,drop_0.25,34,1156,14,10,acbba_g34_d85_bernoulli_drop_0_25,reruns\grid_density\scenarios\cv\known_visit_grid34_targets10_trials50.csv,09,25,1,0,26,0,3,0,0,0,0.0,0,0,134,54,80,1493,353,78,42.4716,0.5445076923076924,0.46775,0.9089,1.041,8.9418,0.11463846153846155,0.0843,0.2883,0.3305,78,33.5298,0.4298692307692308,0.38355,0.7128,0.7655,completed
0,known_visit,ACBBA,bernoulli,drop_0.25,34,1156,14,10,acbba_g34_d85_bernoulli_drop_0_25,reruns\grid_density\scenarios\cv\known_visit_grid34_targets10_trials50.csv,10,15,1,0,16,0,3,0,0,0,0.0,0,0,114,33,81,1515,352,111,64.2604,0.5789225225225225,0.5215,0.9182,1.1089,13.055,0.1176126126126126,0.1025,0.1924,0.536,111,51.2054,0.4613099099099099,0.4218,0.7341,0.7665,completed
0,known_visit,ACBBA,bernoulli,drop_0.25,34,1156,14,10,acbba_g34_d85_bernoulli_drop_0_25,reruns\grid_density\scenarios\cv\known_visit_grid34_targets10_trials50.csv,11,24,1,0,25,0,4,0,0,0,0.0,0,0,138,52,86,1467,376,85,55.2141,0.6495776470588236,0.5642,0.9651,1.2316,12.5071,0.14714235294117647,0.1189,0.2834,0.401,85,42.707,0.5024352941176471,0.4451,0.748,0.8306,completed
0,known_visit,ACBBA,bernoulli,drop_0.25,34,1156,14,10,acbba_g34_d85_bernoulli_drop_0_25,reruns\grid_density\scenarios\cv\known_visit_grid34_targets10_trials50.csv,12,23,1,0,24,0,3,0,0,0,0.0,0,0,130,50,80,1508,343,85,46.0977,0.5423258823529412,0.4991,0.8065,1.174,9.2525,0.10885294117647058,0.0919,0.2861,0.4843,85,36.8452,0.43347294117647056,0.4077,0.6252,0.8286,completed
0,known_visit,ACBBA,bernoulli,drop_0.25,34,1156,14,10,acbba_g34_d85_bernoulli_drop_0_25,reruns\grid_density\scenarios\cv\known_visit_grid34_targets10_trials50.csv,13,28,0,0,29,0,6,4,1,1,5.0,1,0,157,64,93,1445,378,71,50.0819,0.7053788732394366,0.6261,1.0162,1.2841,11.9876,0.1688394366197183,0.1531,0.3004,0.4924,71,38.0943,0.5365394366197183,0.471,0.7917,0.8357,completed
1,known_visit,ACBBA,bernoulli,drop_0.25,34,1156,14,10,acbba_g34_d85_bernoulli_drop_0_25,reruns\grid_density\scenarios\cv\known_visit_grid34_targets10_trials50.csv,00,26,0,1,24,3,0,3,3,0,0.0,0,0,139,56,83,1524,381,36,20.3651,0.5656972222222223,0.49460000000000004,0.8806,0.8839,4.2698,0.11860555555555556,0.09695,0.2701,0.3365,36,16.0953,0.4470916666666667,0.39035,0.7205,0.7223,completed
1,known_visit,ACBBA,bernoulli,drop_0.25,34,1156,14,10,acbba_g34_d85_bernoulli_drop_0_25,reruns\grid_density\scenarios\cv\known_visit_grid34_targets10_trials50.csv,01,31,1,0,30,2,1,0,0,0,0.0,0,0,155,65,90,1493,397,29,16.1572,0.5571448275862069,0.5471,0.8094,0.8455,4.0813,0.1407344827586207,0.1269,0.3515,0.3746,29,12.0759,0.4164103448275862,0.3928,0.5564,0.5699,completed
1,known_visit,ACBBA,bernoulli,drop_0.25,34,1156,14,10,acbba_g34_d85_bernoulli_drop_0_25,reruns\grid_density\scenarios\cv\known_visit_grid34_targets10_trials50.csv,02,21,1,0,21,1,2,0,0,0,0.0,0,0,131,46,85,1531,382,60,33.265,0.5544166666666667,0.4901,0.803,0.9649,6.8783,0.11463833333333334,0.09720000000000001,0.2851,0.3419,60,26.3867,0.4397783333333333,0.38825,0.6462,0.7034,completed
1,known_visit,ACBBA,bernoulli,drop_0.25,34,1156,14,10,acbba_g34_d85_bernoulli_drop_0_25,reruns\grid_density\scenarios\cv\known_visit_grid34_targets10_trials50.csv,03,17,0,0,16,2,4,0,0,0,0.0,0,0,132,38,94,1538,374,77,46.1638,0.5995298701298701,0.5966,0.876,1.2761,10.9209,0.1418298701298701,0.1339,0.2865,0.5265,77,35.2429,0.4577,0.4469,0.6576,0.7496,completed
1,known_visit,ACBBA,bernoulli,drop_0.25,34,1156,14,10,acbba_g34_d85_bernoulli_drop_0_25,reruns\grid_density\scenarios\cv\known_visit_grid34_targets10_trials50.csv,04,15,0,0,16,0,4,0,0,0,0.0,0,0,122,33,89,1521,401,78,44.869,0.5752435897435897,0.49255,0.9031,1.1663,9.6921,0.1242576923076923,0.1015,0.3424,0.5075,78,35.1769,0.45098589743589745,0.3907,0.6819,0.709,completed
1,known_visit,ACBBA,bernoulli,drop_0.25,34,1156,14,10,acbba_g34_d85_bernoulli_drop_0_25,reruns\grid_density\scenarios\cv\known_visit_grid34_targets10_trials50.csv,05,36,0,0,27,10,3,1,1,0,0.0,0,0,176,74,102,1466,402,12,7.7287,0.6440583333333333,0.6516,0.905,0.905,2.6355,0.219625,0.23295,0.3875,0.3875,12,5.0932,0.4244333333333334,0.43395,0.5175,0.5175,completed
1,known_visit,ACBBA,bernoulli,drop_0.25,34,1156,14,10,acbba_g34_d85_bernoulli_drop_0_25,reruns\grid_density\scenarios\cv\known_visit_grid34_targets10_trials50.csv,06,36,4,0,37,0,4,0,0,0,0.0,0,0,170,74,96,1513,362,15,10.0593,0.67062,0.5937,1.1664,1.1664,3.2035,0.21356666666666665,0.1904,0.454,0.454,15,6.8558,0.45705333333333337,0.4411,0.7124,0.7124,completed
1,known_visit,ACBBA,bernoulli,drop_0.25,34,1156,14,10,acbba_g34_d85_bernoulli_drop_0_25,reruns\grid_density\scenarios\cv\known_visit_grid34_targets10_trials50.csv,07,23,0,1,21,3,6,0,0,0,0.0,0,0,136,52,84,1508,400,57,35.3044,0.6193754385964912,0.525,1.0085,1.1012,8.3645,0.1467456140350877,0.117,0.4076,0.4768,57,26.9399,0.4726298245614035,0.4105,0.6827,0.7058,completed
1,known_visit,ACBBA,bernoulli,drop_0.25,34,1156,14,10,acbba_g34_d85_bernoulli_drop_0_25,reruns\grid_density\scenarios\cv\known_visit_grid34_targets10_trials50.csv,08,31,0,1,31,1,4,1,1,0,0.0,0,0,159,66,93,1494,391,28,17.9171,0.6398964285714286,0.5565,0.9644,1.2213,4.9103,0.17536785714285716,0.13019999999999998,0.3797,0.4731,28,13.0068,0.46452857142857146,0.4275,0.7492,0.7644,completed
1,known_visit,ACBBA,bernoulli,drop_0.25,34,1156,14,10,acbba_g34_d85_bernoulli_drop_0_25,reruns\grid_density\scenarios\cv\known_visit_grid34_targets10_trials50.csv,09,15,0,0,16,0,8,0,0,0,0.0,0,0,139,35,104,1532,373,85,50.3338,0.5921623529411765,0.5056,0.9153,1.2056,12.1173,0.14255647058823528,0.0955,0.3692,0.5247,85,38.216499999999996,0.44960588235294113,0.4056,0.6816,0.7059,completed
1,known_visit,ACBBA,bernoulli,drop_0.25,34,1156,14,10,acbba_g34_d85_bernoulli_drop_0_25,reruns\grid_density\scenarios\cv\known_visit_grid34_targets10_trials50.csv,10,21,0,1,18,4,9,0,0,0,0.0,0,0,159,49,110,1506,379,70,46.0665,0.6580928571428571,0.6045499999999999,0.9566,1.2595,12.0037,0.17148142857142856,0.1441,0.3521,0.6373,70,34.0628,0.48661142857142864,0.4407,0.7416,0.8269,completed
1,known_visit,ACBBA,bernoulli,drop_0.25,34,1156,14,10,acbba_g34_d85_bernoulli_drop_0_25,reruns\grid_density\scenarios\cv\known_visit_grid34_targets10_trials50.csv,11,13,0,1,11,3,2,0,0,0,0.0,0,0,124,30,94,1495,424,83,50.9991,0.6144469879518072,0.5216,0.8942,1.1326,11.1493,0.1343289156626506,0.1095,0.3326,0.4882,83,39.8498,0.48011807228915665,0.4104,0.6899,0.7325,completed
1,known_visit,ACBBA,bernoulli,drop_0.25,34,1156,14,10,acbba_g34_d85_bernoulli_drop_0_25,reruns\grid_density\scenarios\cv\known_visit_grid34_targets10_trials50.csv,12,12,1,0,13,0,6,0,0,0,0.0,0,0,137,30,107,1524,382,95,57.4996,0.605258947368421,0.5594,0.9488,1.2539,14.072,0.1481263157894737,0.1235,0.3776,0.5379,95,43.4276,0.45713263157894735,0.4294,0.6786,0.7592,completed
1,known_visit,ACBBA,bernoulli,drop_0.25,34,1156,14,10,acbba_g34_d85_bernoulli_drop_0_25,reruns\grid_density\scenarios\cv\known_visit_grid34_targets10_trials50.csv,13,35,3,0,36,0,4,0,0,0,0.0,0,0,166,72,94,1461,418,12,8.2627,0.6885583333333334,0.6944,0.8358,0.8358,2.9764999999999997,0.24804166666666663,0.2581,0.37,0.37,12,5.2862,0.44051666666666667,0.4475,0.496,0.496,completed
2,known_visit,ACBBA,bernoulli,drop_0.25,34,1156,14,10,acbba_g34_d85_bernoulli_drop_0_25,reruns\grid_density\scenarios\cv\known_visit_grid34_targets10_trials50.csv,00,33,1,1,27,7,3,0,0,0,0.0,0,0,187,71,116,1801,473,32,20.5139,0.641059375,0.5644,0.98,1.2525,5.8072,0.181475,0.1179,0.3853,0.444,32,14.7067,0.459584375,0.42995,0.6331,0.8085,completed
2,known_visit,ACBBA,bernoulli,drop_0.25,34,1156,14,10,acbba_g34_d85_bernoulli_drop_0_25,reruns\grid_density\scenarios\cv\known_visit_grid34_targets10_trials50.csv,01,36,2,0,37,0,9,0,0,0,0.0,0,0,195,74,121,1804,462,25,18.8047,0.752188,0.7027,0.9917,1.1503,5.6368,0.225472,0.2172,0.3863,0.4908,25,13.1679,0.526716,0.4955,0.6679,0.7103,completed
2,known_visit,ACBBA,bernoulli,drop_0.25,34,1156,14,10,acbba_g34_d85_bernoulli_drop_0_25,reruns\grid_density\scenarios\cv\known_visit_grid34_targets10_trials50.csv,02,31,1,0,31,1,6,0,0,0,0.0,0,0,181,68,113,1806,474,39,25.8566,0.6629897435897436,0.6406,0.8931,1.1381,7.3953,0.18962307692307692,0.1559,0.4372,0.5015,39,18.4613,0.4733666666666667,0.4597,0.5725,0.6366,completed
2,known_visit,ACBBA,bernoulli,drop_0.25,34,1156,14,10,acbba_g34_d85_bernoulli_drop_0_25,reruns\grid_density\scenarios\cv\known_visit_grid34_targets10_trials50.csv,03,23,1,0,16,8,1,0,0,0,0.0,0,0,160,50,110,1802,499,57,33.0136,0.5791859649122807,0.5436,0.7891,0.8265,7.016,0.12308771929824562,0.1109,0.2963,0.3486,57,25.9976,0.45609824561403506,0.4232,0.6056,0.6292,completed
2,known_visit,ACBBA,bernoulli,drop_0.25,34,1156,14,10,acbba_g34_d85_bernoulli_drop_0_25,reruns\grid_density\scenarios\cv\known_visit_grid34_targets10_trials50.csv,04,37,0,2,33,5,6,1,1,0,0.0,0,0,199,77,122,1788,475,23,17.6843,0.7688826086956522,0.7488,0.9906,1.2136,6.5244,0.2836695652173913,0.279,0.5301,0.6814,23,11.1599,0.4852130434782609,0.4665,0.5896,0.6342,completed
2,known_visit,ACBBA,bernoulli,drop_0.25,34,1156,14,10,acbba_g34_d85_bernoulli_drop_0_25,reruns\grid_density\scenarios\cv\known_visit_grid34_targets10_trials50.csv,05,30,0,1,29,2,6,0,0,0,0.0,0,0,181,64,117,1779,501,43,29.8078,0.6932046511627907,0.7046,1.0725,1.1794,8.3995,0.19533720930232557,0.1401,0.4568,0.5592,43,21.4083,0.4978674418604651,0.4713,0.6677,0.7803,completed
2,known_visit,ACBBA,bernoulli,drop_0.25,34,1156,14,10,acbba_g34_d85_bernoulli_drop_0_25,reruns\grid_density\scenarios\cv\known_visit_grid34_targets10_trials50.csv,06,20,0,0,21,0,11,1,1,0,0.0,0,0,179,46,133,1814,468,81,54.3654,0.6711777777777778,0.6388,1.0433,1.263,14.1984,0.17528888888888888,0.1422,0.4656,0.518,81,40.167,0.49588888888888893,0.4726,0.6671,0.8789,completed
2,known_visit,ACBBA,bernoulli,drop_0.25,34,1156,14,10,acbba_g34_d85_bernoulli_drop_0_25,reruns\grid_density\scenarios\cv\known_visit_grid34_targets10_trials50.csv,07,36,2,0,37,0,4,0,0,0,0.0,0,0,183,74,109,1833,446,17,12.0037,0.7061000000000001,0.6808,0.9802,0.9802,3.5918,0.21128235294117648,0.1851,0.5423,0.5423,17,8.411900000000001,0.4948176470588236,0.464,0.6099,0.6099,completed
2,known_visit,ACBBA,bernoulli,drop_0.25,34,1156,14,10,acbba_g34_d85_bernoulli_drop_0_25,reruns\grid_density\scenarios\cv\known_visit_grid34_targets10_trials50.csv,08,37,1,1,31,7,2,0,0,0,0.0,0,0,177,76,101,1794,492,14,8.9496,0.6392571428571429,0.64755,0.7971,0.7971,2.5618,0.18298571428571428,0.13705,0.3236,0.3236,14,6.3878,0.4562714285714286,0.45155,0.6104,0.6104,completed
2,known_visit,ACBBA,bernoulli,drop_0.25,34,1156,14,10,acbba_g34_d85_bernoulli_drop_0_25,reruns\grid_density\scenarios\cv\known_visit_grid34_targets10_trials50.csv,09,24,1,0,25,0,3,0,0,0,0.0,0,0,159,50,109,1802,501,58,36.4724,0.6288344827586207,0.5858,0.891,1.1584,8.3709,0.14432586206896553,0.11315,0.3537,0.539,58,28.1015,0.4845086206896552,0.44415,0.6515,0.6932,completed
2,known_visit,ACBBA,bernoulli,drop_0.25,34,1156,14,10,acbba_g34_d85_bernoulli_drop_0_25,reruns\grid_density\scenarios\cv\known_visit_grid34_targets10_trials50.csv,10,21,0,0,22,0,9,0,0,0,0.0,0,0,176,51,125,1836,450,76,48.5286,0.6385342105263158,0.61805,0.8762,1.1344,12.0863,0.15903026315789473,0.13445000000000001,0.3617,0.5198,76,36.4423,0.4795039473684211,0.45045,0.641,0.7341,completed
2,known_visit,ACBBA,bernoulli,drop_0.25,34,1156,14,10,acbba_g34_d85_bernoulli_drop_0_25,reruns\grid_density\scenarios\cv\known_visit_grid34_targets10_trials50.csv,11,12,0,0,13,0,7,0,0,0,0.0,0,0,154,34,120,1864,443,100,66.2046,0.662046,0.62,0.8729,0.966,16.2051,0.16205100000000003,0.14350000000000002,0.3344,0.4023,100,49.9995,0.49999499999999997,0.4752,0.6961,0.7783,completed
2,known_visit,ACBBA,bernoulli,drop_0.25,34,1156,14,10,acbba_g34_d85_bernoulli_drop_0_25,reruns\grid_density\scenarios\cv\known_visit_grid34_targets10_trials50.csv,12,14,0,0,15,0,5,1,1,0,0.0,0,0,146,34,112,1816,500,90,56.7107,0.6301188888888889,0.62175,0.8265,0.9419,13.203,0.1467,0.133,0.3045,0.3956,90,43.5077,0.4834188888888889,0.4569,0.6221,0.7961,completed
2,known_visit,ACBBA,bernoulli,drop_0.25,34,1156,14,10,acbba_g34_d85_bernoulli_drop_0_25,reruns\grid_density\scenarios\cv\known_visit_grid34_targets10_trials50.csv,13,35,1,0,31,5,4,1,1,0,0.0,0,0,186,73,113,1830,446,21,15.9123,0.7577285714285714,0.7418,1.0085,1.2012,4.7259,0.22504285714285716,0.1776,0.3619,0.4777,21,11.1864,0.5326857142857143,0.4931,0.7235,0.7878,completed
3,known_visit,ACBBA,bernoulli,drop_0.25,34,1156,14,10,acbba_g34_d85_bernoulli_drop_0_25,reruns\grid_density\scenarios\cv\known_visit_grid34_targets10_trials50.csv,00,15,0,1,13,3,5,0,0,0,0.0,0,0,126,35,91,1464,374,75,63.0489,0.8406520000000001,0.744,1.1675,1.4937,12.5315,0.16708666666666666,0.1319,0.356,0.6481,75,50.5174,0.6735653333333333,0.6097,0.8456,0.8877,completed
3,known_visit,ACBBA,bernoulli,drop_0.25,34,1156,14,10,acbba_g34_d85_bernoulli_drop_0_25,reruns\grid_density\scenarios\cv\known_visit_grid34_targets10_trials50.csv,01,11,2,0,12,0,0,0,0,0,0.0,0,0,114,25,89,1468,380,84,70.3986,0.8380785714285715,0.7481,1.129,1.3219,13.6444,0.16243333333333332,0.13045,0.304,0.5334,84,56.7542,0.675645238095238,0.6281,0.8827,0.9685,completed
3,known_visit,ACBBA,bernoulli,drop_0.25,34,1156,14,10,acbba_g34_d85_bernoulli_drop_0_25,reruns\grid_density\scenarios\cv\known_visit_grid34_targets10_trials50.csv,02,21,0,1,21,1,4,0,0,0,0.0,0,0,140,47,93,1468,355,58,56.908500000000004,0.9811810344827587,1.0082499999999999,1.2725,1.4358,12.8843,0.22214310344827587,0.19445,0.5128,0.5244,58,44.0242,0.7590379310344828,0.7899,0.855,0.923,completed
3,known_visit,ACBBA,bernoulli,drop_0.25,34,1156,14,10,acbba_g34_d85_bernoulli_drop_0_25,reruns\grid_density\scenarios\cv\known_visit_grid34_targets10_trials50.csv,03,34,1,1,33,2,4,0,0,0,0.0,0,0,164,71,93,1438,363,17,17.6767,1.0398058823529412,0.9977,1.5307,1.5307,4.95,0.2911764705882353,0.2883,0.5971,0.5971,17,12.726700000000001,0.748629411764706,0.7698,0.938,0.938,completed
3,known_visit,ACBBA,bernoulli,drop_0.25,34,1156,14,10,acbba_g34_d85_bernoulli_drop_0_25,reruns\grid_density\scenarios\cv\known_visit_grid34_targets10_trials50.csv,04,26,1,0,26,1,7,0,0,0,0.0,0,0,147,54,93,1419,397,42,42.7971,1.0189785714285715,0.9964999999999999,1.2413,1.5118,9.9249,0.23630714285714283,0.19269999999999998,0.4653,0.6007,42,32.8722,0.7826714285714286,0.8016000000000001,0.9111,0.963,completed
3,known_visit,ACBBA,bernoulli,drop_0.25,34,1156,14,10,acbba_g34_d85_bernoulli_drop_0_25,reruns\grid_density\scenarios\cv\known_visit_grid34_targets10_trials50.csv,05,10,0,0,11,0,5,0,0,0,0.0,0,0,127,26,101,1474,362,93,80.96039999999999,0.8705419354838709,0.8839,1.2305,1.2927,16.5502,0.17795913978494624,0.1604,0.4112,0.5258,93,64.4102,0.6925827956989248,0.7235,0.8272,0.8984,completed
3,known_visit,ACBBA,bernoulli,drop_0.25,34,1156,14,10,acbba_g34_d85_bernoulli_drop_0_25,reruns\grid_density\scenarios\cv\known_visit_grid34_targets10_trials50.csv,06,22,0,1,14,9,7,0,0,0,0.0,0,0,146,48,98,1421,396,53,47.6463,0.8989867924528301,0.7487,1.3068,1.4571,11.5813,0.21851509433962266,0.1388,0.5102,0.556,53,36.065,0.6804716981132075,0.6261,0.8329,0.9417,completed
3,known_visit,ACBBA,bernoulli,drop_0.25,34,1156,14,10,acbba_g34_d85_bernoulli_drop_0_25,reruns\grid_density\scenarios\cv\known_visit_grid34_targets10_trials50.csv,07,35,1,0,36,0,2,1,1,0,0.0,0,0,158,71,87,1420,385,14,14.539200000000001,1.0385142857142857,1.1143,1.4051,1.4051,4.515,0.32249999999999995,0.2942,0.5488,0.5488,14,10.0242,0.7160142857142857,0.7518499999999999,0.8563,0.8563,completed
3,known_visit,ACBBA,bernoulli,drop_0.25,34,1156,14,10,acbba_g34_d85_bernoulli_drop_0_25,reruns\grid_density\scenarios\cv\known_visit_grid34_targets10_trials50.csv,08,13,0,0,14,0,8,0,0,0,0.0,0,0,130,33,97,1434,399,87,75.7764,0.8709931034482759,0.8721,1.2588,1.3839,15.7962,0.18156551724137932,0.1631,0.4541,0.5689,87,59.980199999999996,0.6894275862068965,0.6709,0.8862,0.9295,completed
3,known_visit,ACBBA,bernoulli,drop_0.25,34,1156,14,10,acbba_g34_d85_bernoulli_drop_0_25,reruns\grid_density\scenarios\cv\known_visit_grid34_targets10_trials50.csv,09,32,2,1,29,4,6,0,0,0,0.0,0,0,162,67,95,1455,345,22,23.2277,1.0558045454545455,1.08255,1.2811,1.2882,6.7118,0.3050818181818182,0.2784,0.4951,0.5266,22,16.5159,0.7507227272727272,0.7763,0.8427,0.8732,completed
3,known_visit,ACBBA,bernoulli,drop_0.25,34,1156,14,10,acbba_g34_d85_bernoulli_drop_0_25,reruns\grid_density\scenarios\cv\known_visit_grid34_targets10_trials50.csv,10,15,0,0,13,3,7,0,0,0,0.0,0,0,127,36,91,1435,401,76,67.6945,0.890717105263158,0.8205,1.2575,1.3597,14.5486,0.19142894736842106,0.17835,0.4933,0.5194,76,53.1459,0.6992881578947369,0.6547499999999999,0.8589,0.9062,completed
3,known_visit,ACBBA,bernoulli,drop_0.25,34,1156,14,10,acbba_g34_d85_bernoulli_drop_0_25,reruns\grid_density\scenarios\cv\known_visit_grid34_targets10_trials50.csv,11,13,0,0,14,0,4,0,0,0,0.0,0,0,130,33,97,1466,366,86,73.4775,0.854389534883721,0.79525,1.235,1.3632,14.871,0.1729186046511628,0.1563,0.4941,0.5486,86,58.6065,0.6814709302325581,0.6674,0.8541,0.9364,completed
3,known_visit,ACBBA,bernoulli,drop_0.25,34,1156,14,10,acbba_g34_d85_bernoulli_drop_0_25,reruns\grid_density\scenarios\cv\known_visit_grid34_targets10_trials50.csv,12,20,1,0,21,0,5,0,0,0,0.0,0,0,133,44,89,1427,403,62,55.7098,0.8985451612903226,0.94375,1.2848,1.4435,11.748,0.1894838709677419,0.16655,0.5194,0.5385,62,43.9618,0.7090612903225806,0.7683,0.8366,0.9226,completed
3,known_visit,ACBBA,bernoulli,drop_0.25,34,1156,14,10,acbba_g34_d85_bernoulli_drop_0_25,reruns\grid_density\scenarios\cv\known_visit_grid34_targets10_trials50.csv,13,33,2,0,30,4,3,0,0,0,0.0,0,0,161,68,93,1436,365,15,15.5249,1.0349933333333334,1.0514,1.4117,1.4117,4.593,0.30619999999999997,0.2575,0.5155,0.5155,15,10.9319,0.7287933333333334,0.7579,0.9152,0.9152,completed
4,known_visit,ACBBA,bernoulli,drop_0.25,34,1156,14,10,acbba_g34_d85_bernoulli_drop_0_25,reruns\grid_density\scenarios\cv\known_visit_grid34_targets10_trials50.csv,00,34,3,0,35,0,0,0,0,0,0.0,0,0,134,69,65,1147,277,9,9.3675,1.0408333333333333,1.083,1.3038,1.3038,3.0209,0.3356555555555556,0.2545,0.5554,0.5554,9,6.3466,0.7051777777777777,0.7089,0.8452,0.8452,completed
4,known_visit,ACBBA,bernoulli,drop_0.25,34,1156,14,10,acbba_g34_d85_bernoulli_drop_0_25,reruns\grid_density\scenarios\cv\known_visit_grid34_targets10_trials50.csv,01,14,0,0,15,0,2,0,0,0,0.0,0,0,95,32,63,1185,278,72,61.9425,0.8603125,0.8675,1.1641,1.2911,13.3814,0.18585277777777776,0.1646,0.4987,0.5457,72,48.5611,0.6744597222222223,0.6958,0.7949,0.8874,completed
4,known_visit,ACBBA,bernoulli,drop_0.25,34,1156,14,10,acbba_g34_d85_bernoulli_drop_0_25,reruns\grid_density\scenarios\cv\known_visit_grid34_targets10_trials50.csv,02,28,1,1,26,3,2,0,0,0,0.0,0,0,129,59,70,1129,299,31,27.7393,0.894816129032258,0.8618,1.272,1.3226,6.9487,0.2241516129032258,0.1606,0.5548,0.5809,31,20.7906,0.6706645161290323,0.6788,0.7783,0.7989,completed
4,known_visit,ACBBA,bernoulli,drop_0.25,34,1156,14,10,acbba_g34_d85_bernoulli_drop_0_25,reruns\grid_density\scenarios\cv\known_visit_grid34_targets10_trials50.csv,03,15,0,1,12,4,3,0,0,0,0.0,0,0,100,34,66,1160,298,69,60.1315,0.8714710144927537,0.8588,1.1498,1.3072,13.6348,0.19760579710144927,0.1682,0.4974,0.5451,69,46.4967,0.6738652173913043,0.6854,0.805,0.855,completed
4,known_visit,ACBBA,bernoulli,drop_0.25,34,1156,14,10,acbba_g34_d85_bernoulli_drop_0_25,reruns\grid_density\scenarios\cv\known_visit_grid34_targets10_trials50.csv,04,18,0,2,12,7,1,2,2,0,0.0,0,0,103,40,63,1173,282,55,54.7887,0.9961581818181818,0.9788,1.2482,1.3022,14.1165,0.25666363636363637,0.2375,0.512,0.5813,55,40.6722,0.7394945454545454,0.7414,0.8226,0.8427,completed
4,known_visit,ACBBA,bernoulli,drop_0.25,34,1156,14,10,acbba_g34_d85_bernoulli_drop_0_25,reruns\grid_density\scenarios\cv\known_visit_grid34_targets10_trials50.csv,05,26,2,0,27,0,2,0,0,0,0.0,0,0,125,55,70,1137,295,32,30.866,0.9645625,0.9544,1.2736,1.3555,8.2481,0.257753125,0.23865,0.5414,0.5598,32,22.6179,0.706809375,0.7161500000000001,0.8185,0.9428,completed
4,known_visit,ACBBA,bernoulli,drop_0.25,34,1156,14,10,acbba_g34_d85_bernoulli_drop_0_25,reruns\grid_density\scenarios\cv\known_visit_grid34_targets10_trials50.csv,06,9,0,0,9,1,2,0,0,0,0.0,0,0,84,21,63,1183,290,88,78.3243,0.8900488636363636,0.87685,1.1198,1.305,17.1406,0.19477954545454546,0.16799999999999998,0.293,0.5513,88,61.1837,0.6952693181818183,0.70465,0.8142,0.8566,completed
4,known_visit,ACBBA,bernoulli,drop_0.25,34,1156,14,10,acbba_g34_d85_bernoulli_drop_0_25,reruns\grid_density\scenarios\cv\known_visit_grid34_targets10_trials50.csv,07,24,0,0,24,1,2,0,0,0,0.0,0,0,113,51,62,1191,253,43,41.8221,0.9726069767441861,0.9621,1.2413,1.2618,10.1263,0.23549534883720932,0.2085,0.4517,0.5404,43,31.6958,0.7371116279069767,0.7366,0.8218,0.9107,completed
4,known_visit,ACBBA,bernoulli,drop_0.25,34,1156,14,10,acbba_g34_d85_bernoulli_drop_0_25,reruns\grid_density\scenarios\cv\known_visit_grid34_targets10_trials50.csv,08,30,0,0,30,1,1,0,0,0,0.0,0,0,114,62,52,1148,295,21,20.5517,0.9786523809523809,0.9631,1.208,1.2911,5.4459,0.2593285714285714,0.2329,0.4692,0.5641,21,15.1058,0.7193238095238096,0.7227,0.8297,0.9336,completed
4,known_visit,ACBBA,bernoulli,drop_0.25,34,1156,14,10,acbba_g34_d85_bernoulli_drop_0_25,reruns\grid_density\scenarios\cv\known_visit_grid34_targets10_trials50.csv,09,22,0,1,19,4,4,0,0,0,0.0,0,0,111,49,62,1192,255,50,49.4713,0.989426,0.9946999999999999,1.2706,1.3372,12.2845,0.24569,0.21439999999999998,0.5115,0.5415,50,37.1868,0.743736,0.7728999999999999,0.8209,0.8692,completed
4,known_visit,ACBBA,bernoulli,drop_0.25,34,1156,14,10,acbba_g34_d85_bernoulli_drop_0_25,reruns\grid_density\scenarios\cv\known_visit_grid34_targets10_trials50.csv,10,33,3,0,34,0,2,0,0,0,0.0,0,0,127,67,60,1139,291,8,8.6622,1.082775,1.1048,1.3293,1.3293,2.6293,0.3286625,0.31735,0.5956,0.5956,8,6.0329,0.7541125,0.73045,0.9184,0.9184,completed
4,known_visit,ACBBA,bernoulli,drop_0.25,34,1156,14,10,acbba_g34_d85_bernoulli_drop_0_25,reruns\grid_density\scenarios\cv\known_visit_grid34_targets10_trials50.csv,11,16,0,0,17,0,6,7,2,2,20.0,2,0,109,37,72,1157,292,69,63.3967,0.9187927536231885,0.8954,1.2285,1.2776,15.13,0.2192753623188406,0.188,0.5141,0.5574,69,48.2667,0.6995173913043479,0.7063,0.8303,0.891,completed
4,known_visit,ACBBA,bernoulli,drop_0.25,34,1156,14,10,acbba_g34_d85_bernoulli_drop_0_25,reruns\grid_density\scenarios\cv\known_visit_grid34_targets10_trials50.csv,12,14,1,0,15,0,2,0,0,0,0.0,0,0,93,31,62,1181,283,71,61.3277,0.8637704225352113,0.8714,1.0755,1.3253,13.0785,0.18420422535211267,0.1644,0.3329,0.5983,71,48.2492,0.6795661971830986,0.7019,0.8036,0.8262,completed
4,known_visit,ACBBA,bernoulli,drop_0.25,34,1156,14,10,acbba_g34_d85_bernoulli_drop_0_25,reruns\grid_density\scenarios\cv\known_visit_grid34_targets10_trials50.csv,13,25,0,0,16,10,4,0,0,0,0.0,0,0,121,53,68,1140,296,38,39.1289,1.029707894736842,1.0164499999999999,1.2552,1.26,10.248,0.26968421052631575,0.23445,0.5255,0.5399,38,28.8809,0.7600236842105264,0.7684500000000001,0.826,0.8745,completed
5,known_visit,ACBBA,bernoulli,drop_0.25,34,1156,14,10,acbba_g34_d85_bernoulli_drop_0_25,reruns\grid_density\scenarios\cv\known_visit_grid34_targets10_trials50.csv,00,12,1,1,10,3,1,3,1,1,5.0,1,0,85,28,57,1538,341,237,176.0709,0.7429151898734176,0.7217,1.0599,1.4709,28.5132,0.12030886075949368,0.1032,0.2031,0.5991,237,147.5577,0.6226063291139241,0.6186,0.8287,0.9841,completed
5,known_visit,ACBBA,bernoulli,drop_0.25,34,1156,14,10,acbba_g34_d85_bernoulli_drop_0_25,reruns\grid_density\scenarios\cv\known_visit_grid34_targets10_trials50.csv,01,56,2,0,56,1,2,0,0,0,0.0,0,0,180,115,65,1442,342,95,87.632,0.922442105263158,0.9191,1.1985,1.4354,17.6098,0.18536631578947368,0.1688,0.4058,0.6173,95,70.0222,0.7370757894736842,0.7409,0.914,0.9899,completed
5,known_visit,ACBBA,bernoulli,drop_0.25,34,1156,14,10,acbba_g34_d85_bernoulli_drop_0_25,reruns\grid_density\scenarios\cv\known_visit_grid34_targets10_trials50.csv,02,38,0,0,34,5,4,3,1,1,5.0,1,0,152,82,70,1485,326,160,138.357,0.86473125,0.80465,1.1226,1.4227,26.5078,0.16567375,0.1374,0.2412,0.6019,160,111.8492,0.6990575,0.6617999999999999,0.8529,0.9892,completed
5,known_visit,ACBBA,bernoulli,drop_0.25,34,1156,14,10,acbba_g34_d85_bernoulli_drop_0_25,reruns\grid_density\scenarios\cv\known_visit_grid34_targets10_trials50.csv,03,53,2,1,43,11,1,14,3,4,70.0,3,0,190,110,80,1436,338,107,77.2636,0.7220897196261682,0.6714,1.0251,1.4365,13.6008,0.12711028037383176,0.0993,0.3068,0.6254,107,63.6628,0.5949794392523364,0.569,0.8076,0.8638,completed
5,known_visit,ACBBA,bernoulli,drop_0.25,34,1156,14,10,acbba_g34_d85_bernoulli_drop_0_25,reruns\grid_density\scenarios\cv\known_visit_grid34_targets10_trials50.csv,04,39,1,1,39,1,2,0,0,0,0.0,0,0,158,80,78,1454,351,155,110.3131,0.7116974193548388,0.6766,1.0141,1.4452,18.5952,0.1199690322580645,0.1009,0.2578,0.64,155,91.7179,0.5917283870967742,0.5657,0.749,0.873,completed
5,known_visit,ACBBA,bernoulli,drop_0.25,34,1156,14,10,acbba_g34_d85_bernoulli_drop_0_25,reruns\grid_density\scenarios\cv\known_visit_grid34_targets10_trials50.csv,05,62,0,2,54,9,6,10,2,3,25.0,2,0,210,131,79,1396,357,74,73.4581,0.9926770270270271,1.0016500000000002,1.1707,1.4646,17.0212,0.2300162162162162,0.21965,0.4482,0.5506,74,56.4369,0.7626608108108108,0.7958000000000001,0.9116,0.928,completed
5,known_visit,ACBBA,bernoulli,drop_0.25,34,1156,14,10,acbba_g34_d85_bernoulli_drop_0_25,reruns\grid_density\scenarios\cv\known_visit_grid34_targets10_trials50.csv,06,53,0,2,35,19,2,10,2,3,65.0,3,0,190,109,81,1431,342,107,79.9062,0.7467869158878504,0.6682,1.1819,1.4334,15.3251,0.1432252336448598,0.1002,0.4491,0.627,107,64.5811,0.6035616822429907,0.5649,0.847,0.9475,completed
5,known_visit,ACBBA,bernoulli,drop_0.25,34,1156,14,10,acbba_g34_d85_bernoulli_drop_0_25,reruns\grid_density\scenarios\cv\known_visit_grid34_targets10_trials50.csv,07,11,1,0,12,0,0,0,0,0,0.0,0,0,81,25,56,1547,335,249,189.7444,0.762025702811245,0.727,1.0542,1.438,31.5938,0.1268827309236948,0.1042,0.211,0.5938,249,158.1506,0.6351429718875502,0.6232,0.8324,0.9923,completed
5,known_visit,ACBBA,bernoulli,drop_0.25,34,1156,14,10,acbba_g34_d85_bernoulli_drop_0_25,reruns\grid_density\scenarios\cv\known_visit_grid34_targets10_trials50.csv,08,37,1,2,32,6,0,1,1,0,0.0,0,0,146,79,67,1489,328,156,115.8665,0.7427339743589744,0.7022999999999999,1.0248,1.5231,19.4271,0.1245326923076923,0.10065,0.2038,0.4918,156,96.4394,0.6182012820512821,0.5745,0.8296,1.0747,completed
5,known_visit,ACBBA,bernoulli,drop_0.25,34,1156,14,10,acbba_g34_d85_bernoulli_drop_0_25,reruns\grid_density\scenarios\cv\known_visit_grid34_targets10_trials50.csv,09,19,1,0,20,0,1,0,0,0,0.0,0,0,92,40,52,1516,355,221,163.227,0.7385837104072398,0.7209,0.9179,1.4391,27.0852,0.12255746606334841,0.1143,0.1669,0.6196,221,136.1418,0.6160262443438913,0.614,0.7542,0.8776,completed
5,known_visit,ACBBA,bernoulli,drop_0.25,34,1156,14,10,acbba_g34_d85_bernoulli_drop_0_25,reruns\grid_density\scenarios\cv\known_visit_grid34_targets10_trials50.csv,10,36,0,1,32,5,3,0,0,0,0.0,0,0,154,75,79,1498,311,163,133.2315,0.8173711656441719,0.7281,1.1344,1.4385,24.576,0.15077300613496933,0.1016,0.2461,0.6108,163,108.6555,0.6665981595092024,0.6255,0.891,0.9861,completed
5,known_visit,ACBBA,bernoulli,drop_0.25,34,1156,14,10,acbba_g34_d85_bernoulli_drop_0_25,reruns\grid_density\scenarios\cv\known_visit_grid34_targets10_trials50.csv,11,17,0,0,18,0,2,12,1,4,185.0,4,0,111,37,74,1479,373,231,185.0679,0.8011597402597403,0.7737,1.1048,1.4122,33.185,0.14365800865800868,0.1227,0.2375,0.5999,231,151.8829,0.6575017316017316,0.6484,0.8597,0.9486,completed
5,known_visit,ACBBA,bernoulli,drop_0.25,34,1156,14,10,acbba_g34_d85_bernoulli_drop_0_25,reruns\grid_density\scenarios\cv\known_visit_grid34_targets10_trials50.csv,12,6,0,0,7,0,3,0,0,0,0.0,0,0,86,16,70,1519,358,264,211.135,0.7997537878787878,0.7728999999999999,1.0659,1.423,37.7775,0.1430965909090909,0.1306,0.2352,0.6058,264,173.3575,0.6566571969696969,0.64655,0.8389,0.9601,completed
5,known_visit,ACBBA,bernoulli,drop_0.25,34,1156,14,10,acbba_g34_d85_bernoulli_drop_0_25,reruns\grid_density\scenarios\cv\known_visit_grid34_targets10_trials50.csv,13,34,1,0,35,0,4,0,0,0,0.0,0,0,129,70,59,1470,364,176,124.6639,0.7083176136363636,0.71685,0.8887,1.4211,19.6807,0.1118221590909091,0.09945000000000001,0.1309,0.6076,176,104.9832,0.5964954545454545,0.6126,0.7478,0.8554,completed
6,known_visit,ACBBA,bernoulli,drop_0.25,34,1156,14,10,acbba_g34_d85_bernoulli_drop_0_25,reruns\grid_density\scenarios\cv\known_visit_grid34_targets10_trials50.csv,00,44,1,1,35,10,1,0,0,0,0.0,0,0,166,91,75,1453,339,59,48.292,0.8185084745762712,0.7804,1.107,1.2218,9.1891,0.15574745762711864,0.1139,0.4062,0.5012,59,39.1029,0.6627610169491525,0.6142,0.8156,0.8672,completed
6,known_visit,ACBBA,bernoulli,drop_0.25,34,1156,14,10,acbba_g34_d85_bernoulli_drop_0_25,reruns\grid_density\scenarios\cv\known_visit_grid34_targets10_trials50.csv,01,40,1,1,35,6,2,0,0,0,0.0,0,0,153,83,70,1465,341,73,66.2552,0.9076054794520548,0.934,1.1385,1.2172,13.4761,0.1846041095890411,0.179,0.3616,0.4991,73,52.7791,0.7230013698630137,0.7448,0.9039,0.9411,completed
6,known_visit,ACBBA,bernoulli,drop_0.25,34,1156,14,10,acbba_g34_d85_bernoulli_drop_0_25,reruns\grid_density\scenarios\cv\known_visit_grid34_targets10_trials50.csv,02,15,1,0,15,1,0,2,2,0,0.0,0,0,100,35,65,1502,356,152,123.236,0.8107631578947369,0.80925,1.0384,1.1729,21.7054,0.14279868421052633,0.1305,0.2005,0.513,152,101.53059999999999,0.6679644736842105,0.6756,0.8246,0.9244,completed
6,known_visit,ACBBA,bernoulli,drop_0.25,34,1156,14,10,acbba_g34_d85_bernoulli_drop_0_25,reruns\grid_density\scenarios\cv\known_visit_grid34_targets10_trials50.csv,03,55,2,1,53,3,2,1,1,0,0.0,0,0,191,113,78,1436,332,27,25.7113,0.9522703703703704,0.9239,1.1821,1.2841,7.1289,0.26403333333333334,0.2311,0.4728,0.4889,27,18.5824,0.688237037037037,0.6794,0.8146,0.8246,completed
6,known_visit,ACBBA,bernoulli,drop_0.25,34,1156,14,10,acbba_g34_d85_bernoulli_drop_0_25,reruns\grid_density\scenarios\cv\known_visit_grid34_targets10_trials50.csv,04,30,0,1,28,3,5,0,0,0,0.0,0,0,149,68,81,1469,341,110,92.4685,0.8406227272727274,0.84425,1.1125,1.2809,18.425,0.1675,0.14115,0.3163,0.5063,110,74.0435,0.6731227272727273,0.69355,0.8195,0.8802,completed
6,known_visit,ACBBA,bernoulli,drop_0.25,34,1156,14,10,acbba_g34_d85_bernoulli_drop_0_25,reruns\grid_density\scenarios\cv\known_visit_grid34_targets10_trials50.csv,05,25,1,0,26,0,6,0,0,0,0.0,0,0,138,54,84,1492,328,131,105.735,0.8071374045801527,0.8027,1.1159,1.2565,20.6716,0.15779847328244276,0.1289,0.4399,0.4972,131,85.0634,0.6493389312977099,0.6591,0.7628,0.7969,completed
6,known_visit,ACBBA,bernoulli,drop_0.25,34,1156,14,10,acbba_g34_d85_bernoulli_drop_0_25,reruns\grid_density\scenarios\cv\known_visit_grid34_targets10_trials50.csv,06,9,0,0,10,0,3,0,0,0,0.0,0,0,91,22,69,1501,366,180,150.4146,0.8356366666666667,0.84155,1.0758,1.3893,28.383,0.15768333333333334,0.1445,0.229,0.5661,180,122.0316,0.6779533333333333,0.68265,0.8243,0.9787,completed
6,known_visit,ACBBA,bernoulli,drop_0.25,34,1156,14,10,acbba_g34_d85_bernoulli_drop_0_25,reruns\grid_density\scenarios\cv\known_visit_grid34_targets10_trials50.csv,07,34,2,1,30,5,2,0,0,0,0.0,0,0,140,74,66,1454,364,96,75.9712,0.7913666666666667,0.8047,1.1075,1.3684,14.3932,0.14992916666666667,0.12345,0.4203,0.6946,96,61.578,0.6414375,0.6449499999999999,0.7267,0.8226,completed
6,known_visit,ACBBA,bernoulli,drop_0.25,34,1156,14,10,acbba_g34_d85_bernoulli_drop_0_25,reruns\grid_density\scenarios\cv\known_visit_grid34_targets10_trials50.csv,08,34,0,1,23,12,2,0,0,0,0.0,0,0,165,74,91,1459,334,103,95.6546,0.9286854368932039,0.8896,1.1894,1.4042,22.1805,0.21534466019417475,0.1747,0.4692,0.558,103,73.4741,0.7133407766990292,0.7185,0.8387,0.8918,completed
6,known_visit,ACBBA,bernoulli,drop_0.25,34,1156,14,10,acbba_g34_d85_bernoulli_drop_0_25,reruns\grid_density\scenarios\cv\known_visit_grid34_targets10_trials50.csv,09,33,1,1,33,1,2,1,1,0,0.0,0,0,154,72,82,1473,331,97,81.3716,0.8388824742268042,0.839,1.1194,1.3321,16.8334,0.173540206185567,0.139,0.4103,0.5155,97,64.5382,0.6653422680412372,0.6745,0.7316,0.8629,completed
6,known_visit,ACBBA,bernoulli,drop_0.25,34,1156,14,10,acbba_g34_d85_bernoulli_drop_0_25,reruns\grid_density\scenarios\cv\known_visit_grid34_targets10_trials50.csv,10,15,0,0,15,1,4,0,0,0,0.0,0,0,106,35,71,1491,361,159,131.4938,0.8270050314465408,0.8083,1.0919,1.3576,24.5308,0.1542817610062893,0.1342,0.2339,0.5572,159,106.963,0.6727232704402515,0.6775,0.869,0.9271,completed
6,known_visit,ACBBA,bernoulli,drop_0.25,34,1156,14,10,acbba_g34_d85_bernoulli_drop_0_25,reruns\grid_density\scenarios\cv\known_visit_grid34_targets10_trials50.csv,11,37,1,1,30,8,3,0,0,0,0.0,0,0,149,77,72,1442,367,86,68.688,0.7986976744186047,0.7994,1.101,1.1941,12.5633,0.14608488372093023,0.1225,0.3046,0.4832,86,56.1247,0.6526127906976744,0.64545,0.8629,0.9418,completed
6,known_visit,ACBBA,bernoulli,drop_0.25,34,1156,14,10,acbba_g34_d85_bernoulli_drop_0_25,reruns\grid_density\scenarios\cv\known_visit_grid34_targets10_trials50.csv,12,19,0,1,16,4,3,0,0,0,0.0,0,0,126,45,81,1481,351,152,124.6581,0.8201190789473685,0.80545,1.1284,1.2002,24.8115,0.16323355263157893,0.12564999999999998,0.3643,0.5581,152,99.8466,0.6568855263157894,0.6691,0.8015,0.8397,completed
6,known_visit,ACBBA,bernoulli,drop_0.25,34,1156,14,10,acbba_g34_d85_bernoulli_drop_0_25,reruns\grid_density\scenarios\cv\known_visit_grid34_targets10_trials50.csv,13,20,0,1,16,5,4,0,0,0,0.0,0,0,131,46,85,1501,327,143,122.5293,0.8568482517482517,0.8758,1.0848,1.2134,25.1508,0.1758797202797203,0.1538,0.3282,0.5258,143,97.3785,0.6809685314685315,0.6879,0.7893,0.9017,completed
7,known_visit,ACBBA,bernoulli,drop_0.25,34,1156,14,10,acbba_g34_d85_bernoulli_drop_0_25,reruns\grid_density\scenarios\cv\known_visit_grid34_targets10_trials50.csv,00,32,2,0,33,0,2,0,0,0,0.0,0,0,139,65,74,1196,297,8,9.1531,1.1441375,1.19,1.3883,1.3883,2.963,0.370375,0.40055,0.5694,0.5694,8,6.1901,0.7737625,0.77055,0.8852,0.8852,completed
7,known_visit,ACBBA,bernoulli,drop_0.25,34,1156,14,10,acbba_g34_d85_bernoulli_drop_0_25,reruns\grid_density\scenarios\cv\known_visit_grid34_targets10_trials50.csv,01,29,0,3,22,8,4,3,1,1,5.0,1,0,142,61,81,1162,327,18,18.034,1.0018888888888888,1.0594000000000001,1.302,1.302,5.1173,0.28429444444444446,0.28795,0.5494,0.5494,18,12.9167,0.7175944444444444,0.7334,0.791,0.791,completed
7,known_visit,ACBBA,bernoulli,drop_0.25,34,1156,14,10,acbba_g34_d85_bernoulli_drop_0_25,reruns\grid_density\scenarios\cv\known_visit_grid34_targets10_trials50.csv,02,17,1,0,18,0,4,0,0,0,0.0,0,0,109,37,72,1207,315,61,55.461800000000004,0.9092098360655738,0.8787,1.24,1.3275,11.8528,0.19430819672131147,0.1623,0.5091,0.556,61,43.609,0.7149016393442623,0.7213,0.8245,1.0708,completed
7,known_visit,ACBBA,bernoulli,drop_0.25,34,1156,14,10,acbba_g34_d85_bernoulli_drop_0_25,reruns\grid_density\scenarios\cv\known_visit_grid34_targets10_trials50.csv,03,9,1,0,10,0,4,0,0,0,0.0,0,0,88,20,68,1246,297,85,76.1552,0.8959435294117646,0.9063,1.2282,1.3656,15.1712,0.17848470588235296,0.1685,0.46,0.5309,85,60.984,0.7174588235294118,0.7293,0.7976,1.1114,completed
7,known_visit,ACBBA,bernoulli,drop_0.25,34,1156,14,10,acbba_g34_d85_bernoulli_drop_0_25,reruns\grid_density\scenarios\cv\known_visit_grid34_targets10_trials50.csv,04,32,1,0,31,2,1,1,1,0,0.0,0,0,138,66,72,1187,306,9,10.128,1.1253333333333333,1.1269,1.2929,1.2929,3.3114,0.36793333333333333,0.3234,0.5243,0.5243,9,6.8166,0.7574000000000001,0.7573,0.8035,0.8035,completed
7,known_visit,ACBBA,bernoulli,drop_0.25,34,1156,14,10,acbba_g34_d85_bernoulli_drop_0_25,reruns\grid_density\scenarios\cv\known_visit_grid34_targets10_trials50.csv,05,10,1,0,11,0,0,0,0,0,0.0,0,0,86,22,64,1233,312,79,67.4628,0.8539594936708861,0.8571,1.1081,1.2611,12.5219,0.15850506329113925,0.1515,0.2931,0.4945,79,54.9409,0.6954544303797469,0.7052,0.7808,1.0121,completed
7,known_visit,ACBBA,bernoulli,drop_0.25,34,1156,14,10,acbba_g34_d85_bernoulli_drop_0_25,reruns\grid_density\scenarios\cv\known_visit_grid34_targets10_trials50.csv,06,31,1,1,28,4,3,0,0,0,0.0,0,0,131,64,67,1180,321,14,14.3498,1.0249857142857144,0.9837,1.3359,1.3359,4.301,0.3072142857142857,0.26565,0.5429,0.5429,14,10.0488,0.7177714285714286,0.7258,0.793,0.793,completed
7,known_visit,ACBBA,bernoulli,drop_0.25,34,1156,14,10,acbba_g34_d85_bernoulli_drop_0_25,reruns\grid_density\scenarios\cv\known_visit_grid34_targets10_trials50.csv,07,10,0,0,11,0,5,0,0,0,0.0,0,0,100,26,74,1237,294,86,77.0949,0.8964523255813953,0.8657,1.238,1.3046,16.2876,0.18939069767441863,0.158,0.4711,0.5541,86,60.8073,0.7070616279069767,0.7094,0.7884,1.0392,completed
7,known_visit,ACBBA,bernoulli,drop_0.25,34,1156,14,10,acbba_g34_d85_bernoulli_drop_0_25,reruns\grid_density\scenarios\cv\known_visit_grid34_targets10_trials50.csv,08,33,1,0,34,0,6,0,0,0,0.0,0,0,132,67,65,1192,308,15,16.1744,1.0782933333333333,1.1402,1.3394,1.3394,5.2223,0.3481533333333333,0.3439,0.5703,0.5703,15,10.9521,0.73014,0.7429,0.8211,0.8211,completed
7,known_visit,ACBBA,bernoulli,drop_0.25,34,1156,14,10,acbba_g34_d85_bernoulli_drop_0_25,reruns\grid_density\scenarios\cv\known_visit_grid34_targets10_trials50.csv,09,15,0,0,16,0,5,0,0,0,0.0,0,0,108,34,74,1251,272,68,62.8955,0.9249338235294118,0.8886499999999999,1.2635,1.3291,13.9695,0.20543382352941175,0.1675,0.473,0.5414,68,48.926,0.7195,0.7206,0.7962,0.9696,completed
7,known_visit,ACBBA,bernoulli,drop_0.25,34,1156,14,10,acbba_g34_d85_bernoulli_drop_0_25,reruns\grid_density\scenarios\cv\known_visit_grid34_targets10_trials50.csv,10,24,1,0,19,6,6,0,0,0,0.0,0,0,131,54,77,1198,302,37,38.1241,1.030381081081081,0.987,1.2724,1.2725,9.8877,0.26723513513513514,0.2156,0.5089,0.5145,37,28.2364,0.763145945945946,0.758,0.8633,0.8992,completed
7,known_visit,ACBBA,bernoulli,drop_0.25,34,1156,14,10,acbba_g34_d85_bernoulli_drop_0_25,reruns\grid_density\scenarios\cv\known_visit_grid34_targets10_trials50.csv,11,13,0,0,14,0,3,1,1,0,0.0,0,0,107,33,74,1223,301,73,67.5503,0.9253465753424657,0.928,1.2686,1.3483,14.5547,0.19937945205479451,0.1695,0.4725,0.5273,73,52.9956,0.7259671232876713,0.7394,0.7963,1.093,completed
7,known_visit,ACBBA,bernoulli,drop_0.25,34,1156,14,10,acbba_g34_d85_bernoulli_drop_0_25,reruns\grid_density\scenarios\cv\known_visit_grid34_targets10_trials50.csv,12,25,1,0,26,0,4,0,0,0,0.0,0,0,123,54,69,1212,296,37,33.6972,0.9107351351351352,0.8048,1.2613,1.3181,8.2465,0.22287837837837837,0.1407,0.5138,0.5646,37,25.4507,0.6878567567567568,0.67,0.7733,0.7818,completed
7,known_visit,ACBBA,bernoulli,drop_0.25,34,1156,14,10,acbba_g34_d85_bernoulli_drop_0_25,reruns\grid_density\scenarios\cv\known_visit_grid34_targets10_trials50.csv,13,10,0,0,11,0,3,0,0,0,0.0,0,0,98,23,75,1217,316,82,74.7347,0.9113987804878049,0.8947499999999999,1.2156,1.4271,15.4243,0.18810121951219513,0.17645,0.3312,0.5339,82,59.3104,0.7232975609756098,0.71845,0.8472,1.1316,completed
8,known_visit,ACBBA,bernoulli,drop_0.25,34,1156,14,10,acbba_g34_d85_bernoulli_drop_0_25,reruns\grid_density\scenarios\cv\known_visit_grid34_targets10_trials50.csv,00,28,1,0,29,0,0,0,0,0,0.0,0,0,116,59,57,1114,272,42,38.6763,0.9208642857142857,0.8779,1.2038,1.411,8.8742,0.2112904761904762,0.2278,0.2858,0.5194,42,29.8021,0.7095738095238096,0.6717,0.8916,1.0293,completed
8,known_visit,ACBBA,bernoulli,drop_0.25,34,1156,14,10,acbba_g34_d85_bernoulli_drop_0_25,reruns\grid_density\scenarios\cv\known_visit_grid34_targets10_trials50.csv,01,29,1,0,28,2,2,0,0,0,0.0,0,0,118,60,58,1127,258,43,42.711800000000004,0.9932976744186047,0.9453,1.18,1.211,9.6693,0.22486744186046512,0.2001,0.3697,0.5155,43,33.0425,0.7684302325581395,0.7415,0.9118,0.9333,completed
8,known_visit,ACBBA,bernoulli,drop_0.25,34,1156,14,10,acbba_g34_d85_bernoulli_drop_0_25,reruns\grid_density\scenarios\cv\known_visit_grid34_targets10_trials50.csv,02,26,0,0,26,1,2,0,0,0,0.0,0,0,120,56,64,1102,279,50,48.8759,0.977518,0.9532,1.275,1.5054,11.6104,0.232208,0.21605000000000002,0.4948,0.5583,50,37.2655,0.74531,0.7597499999999999,0.9357,0.9707,completed
8,known_visit,ACBBA,bernoulli,drop_0.25,34,1156,14,10,acbba_g34_d85_bernoulli_drop_0_25,reruns\grid_density\scenarios\cv\known_visit_grid34_targets10_trials50.csv,03,38,3,0,39,0,2,0,0,0,0.0,0,0,144,78,66,1091,266,13,14.5465,1.1189615384615386,1.0487,1.4946,1.4946,4.3537,0.3349,0.2679,0.5714,0.5714,13,10.1928,0.7840615384615385,0.7866,0.9232,0.9232,completed
8,known_visit,ACBBA,bernoulli,drop_0.25,34,1156,14,10,acbba_g34_d85_bernoulli_drop_0_25,reruns\grid_density\scenarios\cv\known_visit_grid34_targets10_trials50.csv,04,22,0,1,20,3,2,0,0,0,0.0,0,0,109,48,61,1134,259,66,61.9084,0.9380060606060606,0.86635,1.1823,1.4958,14.072,0.2132121212121212,0.21495,0.4093,0.571,66,47.8364,0.7247939393939393,0.7019500000000001,0.9122,0.9306,completed
8,known_visit,ACBBA,bernoulli,drop_0.25,34,1156,14,10,acbba_g34_d85_bernoulli_drop_0_25,reruns\grid_density\scenarios\cv\known_visit_grid34_targets10_trials50.csv,05,4,0,0,5,0,2,0,0,0,0.0,0,0,62,11,51,1175,264,123,112.0794,0.9112146341463415,0.9104,1.1623,1.4863,23.1453,0.1881731707317073,0.1725,0.2523,0.6241,123,88.9341,0.7230414634146342,0.7254,0.8994,0.9609,completed
8,known_visit,ACBBA,bernoulli,drop_0.25,34,1156,14,10,acbba_g34_d85_bernoulli_drop_0_25,reruns\grid_density\scenarios\cv\known_visit_grid34_targets10_trials50.csv,06,29,0,0,30,0,4,9,9,0,0.0,0,0,124,63,61,1118,259,36,35.3564,0.9821222222222222,0.9486,1.308,1.3839,8.0019,0.22227499999999997,0.17515,0.5152,0.5539,36,27.3545,0.7598472222222222,0.7599,0.9238,0.9239,completed
8,known_visit,ACBBA,bernoulli,drop_0.25,34,1156,14,10,acbba_g34_d85_bernoulli_drop_0_25,reruns\grid_density\scenarios\cv\known_visit_grid34_targets10_trials50.csv,07,28,0,1,18,11,1,0,0,0,0.0,0,0,123,59,64,1122,257,42,41.3868,0.9854,0.99745,1.2111,1.3595,10.3089,0.24545,0.21694999999999998,0.4461,0.5659,42,31.0779,0.73995,0.7827500000000001,0.7997,0.8458,completed
8,known_visit,ACBBA,bernoulli,drop_0.25,34,1156,14,10,acbba_g34_d85_bernoulli_drop_0_25,reruns\grid_density\scenarios\cv\known_visit_grid34_targets10_trials50.csv,08,31,0,0,30,2,5,0,0,0,0.0,0,0,129,65,64,1113,260,36,34.8617,0.9683805555555556,0.92465,1.2776,1.5098,9.0478,0.2513277777777778,0.2255,0.4734,0.5949,36,25.8139,0.7170527777777778,0.72995,0.8595,0.9149,completed
8,known_visit,ACBBA,bernoulli,drop_0.25,34,1156,14,10,acbba_g34_d85_bernoulli_drop_0_25,reruns\grid_density\scenarios\cv\known_visit_grid34_targets10_trials50.csv,09,25,2,0,24,2,3,6,1,2,20.0,2,0,108,53,55,1132,261,56,53.5706,0.9566178571428571,0.9338,1.3227,1.515,12.0983,0.21604107142857143,0.19365,0.5152,0.5646,56,41.4723,0.7405767857142856,0.73735,0.8418,0.9504,completed
8,known_visit,ACBBA,bernoulli,drop_0.25,34,1156,14,10,acbba_g34_d85_bernoulli_drop_0_25,reruns\grid_density\scenarios\cv\known_visit_grid34_targets10_trials50.csv,10,7,0,0,8,0,0,0,0,0,0.0,0,0,68,18,50,1176,257,112,100.043,0.8932410714285715,0.89,1.0524,1.2767,20.4488,0.18257857142857142,0.1702,0.2641,0.5305,112,79.5942,0.7106625,0.7100500000000001,0.7995,0.9327,completed
8,known_visit,ACBBA,bernoulli,drop_0.25,34,1156,14,10,acbba_g34_d85_bernoulli_drop_0_25,reruns\grid_density\scenarios\cv\known_visit_grid34_targets10_trials50.csv,11,25,0,1,25,1,2,0,0,0,0.0,0,0,100,52,48,1116,285,55,53.0065,0.9637545454545455,0.9296,1.1335,1.4765,11.1656,0.20301090909090908,0.175,0.4824,0.5652,55,41.8409,0.7607436363636363,0.7551,0.9027,0.9368,completed
8,known_visit,ACBBA,bernoulli,drop_0.25,34,1156,14,10,acbba_g34_d85_bernoulli_drop_0_25,reruns\grid_density\scenarios\cv\known_visit_grid34_targets10_trials50.csv,12,26,2,0,27,0,0,0,0,0,0.0,0,0,103,55,48,1149,249,49,43.9956,0.897869387755102,0.8769,1.1124,1.167,8.8977,0.1815857142857143,0.1619,0.3436,0.5134,49,35.0979,0.7162836734693878,0.7148,0.8229,0.8576,completed
8,known_visit,ACBBA,bernoulli,drop_0.25,34,1156,14,10,acbba_g34_d85_bernoulli_drop_0_25,reruns\grid_density\scenarios\cv\known_visit_grid34_targets10_trials50.csv,13,13,1,0,14,0,0,0,0,0,0.0,0,0,79,30,49,1182,240,91,81.1982,0.8922879120879121,0.8766,1.047,1.298,16.9725,0.186510989010989,0.1664,0.2534,0.509,91,64.2257,0.7057769230769231,0.7061,0.7999,0.8151,completed
9,known_visit,ACBBA,bernoulli,drop_0.25,34,1156,14,10,acbba_g34_d85_bernoulli_drop_0_25,reruns\grid_density\scenarios\cv\known_visit_grid34_targets10_trials50.csv,00,21,2,0,20,2,0,0,0,0,0.0,0,0,109,45,64,1290,339,78,67.6234,0.8669666666666667,0.8450500000000001,1.072,1.3872,13.8407,0.17744487179487178,0.16535,0.2494,0.5687,78,53.7827,0.6895217948717949,0.66425,0.8151,0.8228,completed
9,known_visit,ACBBA,bernoulli,drop_0.25,34,1156,14,10,acbba_g34_d85_bernoulli_drop_0_25,reruns\grid_density\scenarios\cv\known_visit_grid34_targets10_trials50.csv,01,23,1,0,24,0,4,1,1,0,0.0,0,0,113,50,63,1306,320,73,59.0715,0.8091986301369863,0.7604,1.2421,1.53,11.4791,0.15724794520547947,0.1187,0.4829,0.606,73,47.5924,0.6519506849315069,0.6425,0.801,0.924,completed
9,known_visit,ACBBA,bernoulli,drop_0.25,34,1156,14,10,acbba_g34_d85_bernoulli_drop_0_25,reruns\grid_density\scenarios\cv\known_visit_grid34_targets10_trials50.csv,02,42,0,0,39,4,3,4,4,0,0.0,0,0,154,85,69,1246,338,10,10.8935,1.08935,1.13855,1.3624,1.3624,3.6012,0.36012,0.38,0.5724,0.5724,10,7.2923,0.72923,0.72515,0.8171,0.8171,completed
9,known_visit,ACBBA,bernoulli,drop_0.25,34,1156,14,10,acbba_g34_d85_bernoulli_drop_0_25,reruns\grid_density\scenarios\cv\known_visit_grid34_targets10_trials50.csv,03,10,1,0,11,0,2,0,0,0,0.0,0,0,97,26,71,1334,308,117,98.6674,0.8433111111111111,0.8125,1.0851,1.4085,19.7339,0.16866581196581196,0.1472,0.3167,0.6267,117,78.9335,0.6746452991452991,0.6591,0.8114,0.8521,completed
9,known_visit,ACBBA,bernoulli,drop_0.25,34,1156,14,10,acbba_g34_d85_bernoulli_drop_0_25,reruns\grid_density\scenarios\cv\known_visit_grid34_targets10_trials50.csv,04,31,0,0,31,1,8,3,1,1,5.0,1,0,140,67,73,1264,334,47,45.1328,0.960272340425532,0.9126,1.3124,1.3652,10.6942,0.22753617021276595,0.1811,0.5558,0.5691,47,34.4386,0.7327361702127659,0.7156,0.8226,0.8977,completed
9,known_visit,ACBBA,bernoulli,drop_0.25,34,1156,14,10,acbba_g34_d85_bernoulli_drop_0_25,reruns\grid_density\scenarios\cv\known_visit_grid34_targets10_trials50.csv,05,24,0,1,24,1,3,0,0,0,0.0,0,0,127,53,74,1306,305,73,69.0497,0.9458863013698631,0.949,1.2726,1.3877,16.088,0.22038356164383563,0.2112,0.4149,0.5679,73,52.9617,0.7255027397260274,0.7382,0.8503,0.945,completed
9,known_visit,ACBBA,bernoulli,drop_0.25,34,1156,14,10,acbba_g34_d85_bernoulli_drop_0_25,reruns\grid_density\scenarios\cv\known_visit_grid34_targets10_trials50.csv,06,23,0,1,14,10,1,3,1,1,5.0,1,0,119,51,68,1296,323,69,59.4597,0.8617347826086956,0.8468,1.0382,1.3597,12.7374,0.1846,0.1688,0.3315,0.5725,69,46.7223,0.6771347826086956,0.6688,0.791,0.8177,completed
9,known_visit,ACBBA,bernoulli,drop_0.25,34,1156,14,10,acbba_g34_d85_bernoulli_drop_0_25,reruns\grid_density\scenarios\cv\known_visit_grid34_targets10_trials50.csv,07,38,2,0,39,0,4,0,0,0,0.0,0,0,151,78,73,1307,281,27,27.1463,1.0054185185185185,0.9465,1.3533,1.3858,7.3368,0.2717333333333333,0.2031,0.565,0.5684,27,19.8095,0.7336851851851852,0.7308,0.8095,0.8208,completed
9,known_visit,ACBBA,bernoulli,drop_0.25,34,1156,14,10,acbba_g34_d85_bernoulli_drop_0_25,reruns\grid_density\scenarios\cv\known_visit_grid34_targets10_trials50.csv,08,22,0,0,23,0,5,0,0,0,0.0,0,0,122,50,72,1304,312,78,66.6614,0.8546333333333334,0.8123,1.3057,1.3747,14.0225,0.17977564102564103,0.14415,0.4977,0.5499,78,52.6389,0.6748576923076923,0.6657,0.8215,0.8503,completed
9,known_visit,ACBBA,bernoulli,drop_0.25,34,1156,14,10,acbba_g34_d85_bernoulli_drop_0_25,reruns\grid_density\scenarios\cv\known_visit_grid34_targets10_trials50.csv,09,27,1,1,24,4,5,4,1,1,5.0,1,0,126,58,68,1305,307,58,48.0232,0.8279862068965518,0.7767,1.2553,1.3674,9.3819,0.16175689655172415,0.1274,0.4757,0.5637,58,38.6413,0.6662293103448276,0.6486000000000001,0.8037,0.8166,completed
9,known_visit,ACBBA,bernoulli,drop_0.25,34,1156,14,10,acbba_g34_d85_bernoulli_drop_0_25,reruns\grid_density\scenarios\cv\known_visit_grid34_targets10_trials50.csv,10,24,2,0,25,0,1,0,0,0,0.0,0,0,119,51,68,1293,327,70,58.4592,0.8351314285714286,0.8193,1.1236,1.3722,11.4569,0.16366999999999998,0.13874999999999998,0.3361,0.5578,70,47.0023,0.6714614285714285,0.6741999999999999,0.7848,0.8144,completed
9,known_visit,ACBBA,bernoulli,drop_0.25,34,1156,14,10,acbba_g34_d85_bernoulli_drop_0_25,reruns\grid_density\scenarios\cv\known_visit_grid34_targets10_trials50.csv,11,34,1,0,35,0,3,0,0,0,0.0,0,0,139,70,69,1283,316,42,34.3593,0.8180785714285713,0.74615,1.2623,1.3615,7.0171,0.1670738095238095,0.11860000000000001,0.4827,0.5723,42,27.3422,0.6510047619047619,0.62685,0.7796,0.8127,completed
9,known_visit,ACBBA,bernoulli,drop_0.25,34,1156,14,10,acbba_g34_d85_bernoulli_drop_0_25,reruns\grid_density\scenarios\cv\known_visit_grid34_targets10_trials50.csv,12,8,0,0,9,0,5,0,0,0,0.0,0,0,98,22,76,1309,331,125,109.8133,0.8785064,0.8479,1.0996,1.3627,23.364,0.186912,0.1618,0.2758,0.5621,125,86.4493,0.6915943999999999,0.6763,0.817,0.8444,completed
9,known_visit,ACBBA,bernoulli,drop_0.25,34,1156,14,10,acbba_g34_d85_bernoulli_drop_0_25,reruns\grid_density\scenarios\cv\known_visit_grid34_targets10_trials50.csv,13,27,0,2,25,3,2,0,0,0,0.0,0,0,125,57,68,1314,300,62,56.3035,0.9081209677419355,0.88225,1.1369,1.3362,12.3921,0.19987258064516128,0.20135,0.3576,0.55,62,43.9114,0.7082483870967742,0.71825,0.8075,0.8214,completed
10,known_visit,ACBBA,bernoulli,drop_0.25,34,1156,14,10,acbba_g34_d85_bernoulli_drop_0_25,reruns\grid_density\scenarios\cv\known_visit_grid34_targets10_trials50.csv,00,33,0,1,24,10,0,6,4,1,5.0,1,0,131,73,58,1302,345,47,41.5315,0.8836489361702128,0.8418,1.2803,1.4971,9.5114,0.20237021276595746,0.1934,0.4637,0.6134,47,32.0201,0.6812787234042553,0.6622,0.814,0.911,completed
10,known_visit,ACBBA,bernoulli,drop_0.25,34,1156,14,10,acbba_g34_d85_bernoulli_drop_0_25,reruns\grid_density\scenarios\cv\known_visit_grid34_targets10_trials50.csv,01,46,2,0,47,0,5,0,0,0,0.0,0,0,161,93,68,1314,305,12,11.5271,0.9605916666666667,0.8556,1.3667,1.3667,3.3429,0.278575,0.23925000000000002,0.5929,0.5929,12,8.1842,0.6820166666666667,0.6779999999999999,0.8125,0.8125,completed
10,known_visit,ACBBA,bernoulli,drop_0.25,34,1156,14,10,acbba_g34_d85_bernoulli_drop_0_25,reruns\grid_density\scenarios\cv\known_visit_grid34_targets10_trials50.csv,02,38,2,2,35,4,2,0,0,0,0.0,0,0,144,80,64,1309,326,33,27.8406,0.8436545454545454,0.766,1.3545,1.4074,5.9357999999999995,0.17987272727272727,0.123,0.5566,0.623,33,21.9048,0.6637818181818183,0.6445,0.7981,0.8033,completed
10,known_visit,ACBBA,bernoulli,drop_0.25,34,1156,14,10,acbba_g34_d85_bernoulli_drop_0_25,reruns\grid_density\scenarios\cv\known_visit_grid34_targets10_trials50.csv,03,31,0,1,24,8,6,1,1,0,0.0,0,0,140,65,75,1333,307,60,55.2677,0.9211283333333333,0.8808,1.3161,1.6075,15.1421,0.2523683333333333,0.22975,0.5222,0.8012,60,40.1256,0.66876,0.651,0.7939,0.8082,completed
10,known_visit,ACBBA,bernoulli,drop_0.25,34,1156,14,10,acbba_g34_d85_bernoulli_drop_0_25,reruns\grid_density\scenarios\cv\known_visit_grid34_targets10_trials50.csv,04,25,0,2,17,9,4,0,0,0,0.0,0,0,126,54,72,1357,296,79,69.324,0.8775189873417721,0.8839,1.1483,1.4215,16.057,0.20325316455696202,0.2095,0.4697,0.5996,79,53.267,0.6742658227848102,0.6726,0.7748,0.855,completed
10,known_visit,ACBBA,bernoulli,drop_0.25,34,1156,14,10,acbba_g34_d85_bernoulli_drop_0_25,reruns\grid_density\scenarios\cv\known_visit_grid34_targets10_trials50.csv,05,2,0,0,3,0,1,0,0,0,0.0,0,0,67,6,61,1417,294,152,125.8137,0.8277217105263158,0.8316,1.0326,1.5104,25.1733,0.16561381578947368,0.14775,0.2436,0.7283,152,100.6404,0.6621078947368421,0.66545,0.7889,0.8635,completed
10,known_visit,ACBBA,bernoulli,drop_0.25,34,1156,14,10,acbba_g34_d85_bernoulli_drop_0_25,reruns\grid_density\scenarios\cv\known_visit_grid34_targets10_trials50.csv,06,32,0,1,31,2,3,0,0,0,0.0,0,0,138,67,71,1307,334,56,48.884,0.8729285714285714,0.84925,1.3753,1.3977,11.2556,0.20099285714285714,0.18714999999999998,0.5447,0.5904,56,37.6284,0.6719357142857143,0.6647,0.8126,0.908,completed
10,known_visit,ACBBA,bernoulli,drop_0.25,34,1156,14,10,acbba_g34_d85_bernoulli_drop_0_25,reruns\grid_density\scenarios\cv\known_visit_grid34_targets10_trials50.csv,07,25,0,1,20,6,4,0,0,0,0.0,0,0,127,54,73,1339,314,84,76.6862,0.9129309523809523,0.8891,1.1127,1.4791,18.5952,0.22137142857142855,0.21034999999999998,0.2606,0.6377,84,58.091,0.6915595238095238,0.6803,0.7965,0.9119,completed
10,known_visit,ACBBA,bernoulli,drop_0.25,34,1156,14,10,acbba_g34_d85_bernoulli_drop_0_25,reruns\grid_density\scenarios\cv\known_visit_grid34_targets10_trials50.csv,08,36,0,1,28,9,3,7,1,2,20.0,2,0,151,75,76,1320,308,44,42.7523,0.9716431818181818,0.9063,1.3202,1.3582,11.7365,0.26673863636363637,0.22010000000000002,0.5464,0.5715,44,31.0158,0.7049045454545454,0.68635,0.8133,0.848,completed
10,known_visit,ACBBA,bernoulli,drop_0.25,34,1156,14,10,acbba_g34_d85_bernoulli_drop_0_25,reruns\grid_density\scenarios\cv\known_visit_grid34_targets10_trials50.csv,09,37,2,1,35,3,3,0,0,0,0.0,0,0,152,76,76,1317,309,40,34.1522,0.853805,0.7763,1.3679,1.4374,7.305,0.18262499999999998,0.1221,0.5772,0.6671,40,26.8472,0.67118,0.6549499999999999,0.8024,0.8119,completed
10,known_visit,ACBBA,bernoulli,drop_0.25,34,1156,14,10,acbba_g34_d85_bernoulli_drop_0_25,reruns\grid_density\scenarios\cv\known_visit_grid34_targets10_trials50.csv,10,30,2,0,31,0,2,0,0,0,0.0,0,0,121,64,57,1358,300,65,51.1428,0.7868123076923077,0.7533,1.1693,1.3594,8.7772,0.13503384615384617,0.1129,0.3641,0.5649,65,42.3656,0.6517784615384615,0.637,0.8043,0.9859,completed
10,known_visit,ACBBA,bernoulli,drop_0.25,34,1156,14,10,acbba_g34_d85_bernoulli_drop_0_25,reruns\grid_density\scenarios\cv\known_visit_grid34_targets10_trials50.csv,11,13,0,0,14,0,5,2,1,1,5.0,1,0,105,33,72,1347,326,122,106.6627,0.8742844262295082,0.8666,1.1167,1.5019,23.468,0.19236065573770492,0.17685,0.2771,0.7106,122,83.1947,0.6819237704918033,0.66995,0.8279,0.904,completed
10,known_visit,ACBBA,bernoulli,drop_0.25,34,1156,14,10,acbba_g34_d85_bernoulli_drop_0_25,reruns\grid_density\scenarios\cv\known_visit_grid34_targets10_trials50.csv,12,9,1,0,4,6,3,0,0,0,0.0,0,0,83,23,60,1353,342,132,111.7283,0.8464265151515152,0.8526,0.9879,1.31,23.3382,0.17680454545454546,0.1906,0.2328,0.5346,132,88.3901,0.6696219696969697,0.66645,0.7719,0.8748,completed
10,known_visit,ACBBA,bernoulli,drop_0.25,34,1156,14,10,acbba_g34_d85_bernoulli_drop_0_25,reruns\grid_density\scenarios\cv\known_visit_grid34_targets10_trials50.csv,13,27,1,0,28,0,4,0,0,0,0.0,0,0,134,57,77,1315,329,74,60.6997,0.8202662162162162,0.7722,1.2533,1.5217,12.0476,0.1628054054054054,0.1242,0.5059,0.6318,74,48.6521,0.6574608108108108,0.6449499999999999,0.7853,0.8899,completed
11,known_visit,ACBBA,bernoulli,drop_0.25,34,1156,14,10,acbba_g34_d85_bernoulli_drop_0_25,reruns\grid_density\scenarios\cv\known_visit_grid34_targets10_trials50.csv,00,29,0,1,24,6,1,0,0,0,0.0,0,0,121,61,60,1274,309,54,45.7777,0.8477351851851852,0.74595,1.1776,1.3917,9.9916,0.18502962962962963,0.16515,0.415,0.4748,54,35.7861,0.6627055555555555,0.6161,0.9043,0.9642,completed
11,known_visit,ACBBA,bernoulli,drop_0.25,34,1156,14,10,acbba_g34_d85_bernoulli_drop_0_25,reruns\grid_density\scenarios\cv\known_visit_grid34_targets10_trials50.csv,01,42,2,0,43,0,1,0,0,0,0.0,0,0,142,86,56,1260,302,12,10.909600000000001,0.9091333333333335,0.8633,1.1857,1.1857,3.0015,0.250125,0.23249999999999998,0.5191,0.5191,12,7.9081,0.6590083333333333,0.653,0.8532,0.8532,completed
11,known_visit,ACBBA,bernoulli,drop_0.25,34,1156,14,10,acbba_g34_d85_bernoulli_drop_0_25,reruns\grid_density\scenarios\cv\known_visit_grid34_targets10_trials50.csv,02,40,2,1,30,11,0,0,0,0,0.0,0,0,143,83,60,1301,260,14,13.3056,0.9504,0.91865,1.1547,1.1547,3.7212,0.2658,0.23665,0.4932,0.4932,14,9.5844,0.6846,0.6738999999999999,0.8555,0.8555,completed
11,known_visit,ACBBA,bernoulli,drop_0.25,34,1156,14,10,acbba_g34_d85_bernoulli_drop_0_25,reruns\grid_density\scenarios\cv\known_visit_grid34_targets10_trials50.csv,03,19,0,0,18,2,3,0,0,0,0.0,0,0,111,43,68,1313,280,87,76.7069,0.8816885057471265,0.8457,1.1338,1.239,16.3015,0.18737356321839083,0.1645,0.2617,0.5777,87,60.4054,0.6943149425287356,0.6613,0.8915,0.9193,completed
11,known_visit,ACBBA,bernoulli,drop_0.25,34,1156,14,10,acbba_g34_d85_bernoulli_drop_0_25,reruns\grid_density\scenarios\cv\known_visit_grid34_targets10_trials50.csv,04,30,0,1,25,6,2,0,0,0,0.0,0,0,136,66,70,1223,344,52,48.0567,0.9241673076923077,0.8838,1.1628,1.3594,10.7425,0.20658653846153846,0.19685,0.4102,0.5205,52,37.3142,0.7175807692307692,0.68935,0.8978,0.9697,completed
11,known_visit,ACBBA,bernoulli,drop_0.25,34,1156,14,10,acbba_g34_d85_bernoulli_drop_0_25,reruns\grid_density\scenarios\cv\known_visit_grid34_targets10_trials50.csv,05,33,1,1,26,8,1,0,0,0,0.0,0,0,134,69,65,1278,291,39,29.419999999999998,0.7543589743589744,0.6847,1.1382,1.176,6.1912,0.15874871794871795,0.1142,0.4704,0.5209,39,23.2288,0.5956102564102564,0.5824,0.8515,0.8548,completed
11,known_visit,ACBBA,bernoulli,drop_0.25,34,1156,14,10,acbba_g34_d85_bernoulli_drop_0_25,reruns\grid_density\scenarios\cv\known_visit_grid34_targets10_trials50.csv,06,22,0,1,14,9,4,2,2,0,0.0,0,0,124,53,71,1307,272,78,63.9514,0.8198897435897435,0.8373,1.1254,1.2555,14.3441,0.18389871794871793,0.1738,0.4238,0.466,78,49.6073,0.6359910256410257,0.64505,0.8351,0.8973,completed
11,known_visit,ACBBA,bernoulli,drop_0.25,34,1156,14,10,acbba_g34_d85_bernoulli_drop_0_25,reruns\grid_density\scenarios\cv\known_visit_grid34_targets10_trials50.csv,07,23,1,0,24,0,2,0,0,0,0.0,0,0,115,50,65,1284,304,75,58.617,0.7815599999999999,0.758,1.0992,1.2524,12.3757,0.16500933333333334,0.1399,0.4242,0.5078,75,46.2413,0.6165506666666667,0.6153,0.7433,0.9268,completed
11,known_visit,ACBBA,bernoulli,drop_0.25,34,1156,14,10,acbba_g34_d85_bernoulli_drop_0_25,reruns\grid_density\scenarios\cv\known_visit_grid34_targets10_trials50.csv,08,9,0,0,10,0,0,0,0,0,0.0,0,0,96,24,72,1295,313,123,102.9381,0.8368951219512195,0.8136,1.1151,1.161,21.7362,0.1767170731707317,0.1678,0.2358,0.4939,123,81.2019,0.6601780487804878,0.6376,0.8822,0.9017,completed
11,known_visit,ACBBA,bernoulli,drop_0.25,34,1156,14,10,acbba_g34_d85_bernoulli_drop_0_25,reruns\grid_density\scenarios\cv\known_visit_grid34_targets10_trials50.csv,09,30,1,0,31,0,3,0,0,0,0.0,0,0,124,63,61,1285,295,55,42.825,0.7786363636363637,0.8118,1.1094,1.1467,9.7584,0.17742545454545455,0.1794,0.4367,0.4749,55,33.0666,0.6012109090909091,0.626,0.6963,0.8454,completed
11,known_visit,ACBBA,bernoulli,drop_0.25,34,1156,14,10,acbba_g34_d85_bernoulli_drop_0_25,reruns\grid_density\scenarios\cv\known_visit_grid34_targets10_trials50.csv,10,30,3,0,30,1,0,1,1,0,0.0,0,0,130,65,65,1291,282,50,38.228,0.76456,0.7320500000000001,1.1414,1.3446,7.9795,0.15959,0.12409999999999999,0.4679,0.5159,50,30.2485,0.60497,0.60465,0.6969,0.8972,completed
11,known_visit,ACBBA,bernoulli,drop_0.25,34,1156,14,10,acbba_g34_d85_bernoulli_drop_0_25,reruns\grid_density\scenarios\cv\known_visit_grid34_targets10_trials50.csv,11,20,0,2,19,2,5,0,0,0,0.0,0,0,106,46,60,1282,315,85,73.1287,0.8603376470588234,0.8363,1.1603,1.443,15.8165,0.1860764705882353,0.1661,0.4241,0.4977,85,57.3122,0.6742611764705883,0.6438,0.8971,1.291,completed
11,known_visit,ACBBA,bernoulli,drop_0.25,34,1156,14,10,acbba_g34_d85_bernoulli_drop_0_25,reruns\grid_density\scenarios\cv\known_visit_grid34_targets10_trials50.csv,12,23,0,2,4,20,3,2,2,0,0.0,0,0,129,55,74,1283,291,72,65.8413,0.9144625000000001,0.8746499999999999,1.1667,1.2673,15.2721,0.2121125,0.18705,0.4369,0.5323,72,50.5692,0.70235,0.66475,0.886,0.9276,completed
11,known_visit,ACBBA,bernoulli,drop_0.25,34,1156,14,10,acbba_g34_d85_bernoulli_drop_0_25,reruns\grid_density\scenarios\cv\known_visit_grid34_targets10_trials50.csv,13,11,0,0,8,4,0,1,1,0,0.0,0,0,93,28,65,1314,297,111,91.9897,0.8287360360360361,0.8098,1.1344,1.2981,18.7709,0.1691072072072072,0.1581,0.2468,0.5166,111,73.2188,0.6596288288288289,0.6445,0.884,0.9315,completed
12,known_visit,ACBBA,bernoulli,drop_0.25,34,1156,14,10,acbba_g34_d85_bernoulli_drop_0_25,reruns\grid_density\scenarios\cv\known_visit_grid34_targets10_trials50.csv,00,21,2,0,22,0,1,0,0,0,0.0,0,0,119,44,75,1415,349,72,50.8866,0.7067583333333334,0.6678999999999999,1.1121,1.2657,9.5319,0.1323875,0.0988,0.3469,0.5246,72,41.3547,0.5743708333333334,0.5642,0.7614,0.8328,completed
12,known_visit,ACBBA,bernoulli,drop_0.25,34,1156,14,10,acbba_g34_d85_bernoulli_drop_0_25,reruns\grid_density\scenarios\cv\known_visit_grid34_targets10_trials50.csv,01,30,0,0,24,7,6,0,0,0,0.0,0,0,154,64,90,1398,331,53,50.3786,0.9505396226415094,0.9549,1.3037,1.4212,13.4115,0.25304716981132075,0.2208,0.5146,0.5426,53,36.9671,0.6974924528301887,0.7205,0.7827,0.9146,completed
12,known_visit,ACBBA,bernoulli,drop_0.25,34,1156,14,10,acbba_g34_d85_bernoulli_drop_0_25,reruns\grid_density\scenarios\cv\known_visit_grid34_targets10_trials50.csv,02,31,1,1,30,2,2,0,0,0,0.0,0,0,149,68,81,1391,343,46,37.2121,0.8089586956521739,0.7858499999999999,1.2069,1.2627,8.3684,0.18192173913043477,0.1245,0.4196,0.5191,46,28.8437,0.6270369565217391,0.6193,0.8076,0.892,completed
12,known_visit,ACBBA,bernoulli,drop_0.25,34,1156,14,10,acbba_g34_d85_bernoulli_drop_0_25,reruns\grid_density\scenarios\cv\known_visit_grid34_targets10_trials50.csv,03,31,0,2,24,8,2,0,0,0,0.0,0,0,140,66,74,1384,359,39,35.1567,0.9014538461538462,0.9496,1.2483,1.3092,8.7217,0.22363333333333335,0.2309,0.4689,0.511,39,26.435,0.6778205128205128,0.721,0.8503,0.8943,completed
12,known_visit,ACBBA,bernoulli,drop_0.25,34,1156,14,10,acbba_g34_d85_bernoulli_drop_0_25,reruns\grid_density\scenarios\cv\known_visit_grid34_targets10_trials50.csv,04,20,0,0,17,4,7,3,2,1,5.0,1,0,131,48,83,1402,350,80,70.2484,0.878105,0.94285,1.1099,1.3297,16.0993,0.20124124999999998,0.21885,0.3308,0.5112,80,54.1491,0.67686375,0.7190000000000001,0.8443,0.8936,completed
12,known_visit,ACBBA,bernoulli,drop_0.25,34,1156,14,10,acbba_g34_d85_bernoulli_drop_0_25,reruns\grid_density\scenarios\cv\known_visit_grid34_targets10_trials50.csv,05,28,3,0,29,0,1,0,0,0,0.0,0,0,134,59,75,1401,348,49,35.4278,0.7230163265306122,0.6638,1.2291,1.3871,6.8368,0.1395265306122449,0.1007,0.3148,0.5693,49,28.591,0.5834897959183674,0.5577,0.8178,0.9852,completed
12,known_visit,ACBBA,bernoulli,drop_0.25,34,1156,14,10,acbba_g34_d85_bernoulli_drop_0_25,reruns\grid_density\scenarios\cv\known_visit_grid34_targets10_trials50.csv,06,19,0,0,20,0,4,0,0,0,0.0,0,0,111,41,70,1425,347,84,60.9628,0.7257476190476191,0.6788,1.1224,1.2923,11.7827,0.1402702380952381,0.10400000000000001,0.3279,0.5314,84,49.1801,0.585477380952381,0.5598000000000001,0.7656,0.9035,completed
12,known_visit,ACBBA,bernoulli,drop_0.25,34,1156,14,10,acbba_g34_d85_bernoulli_drop_0_25,reruns\grid_density\scenarios\cv\known_visit_grid34_targets10_trials50.csv,07,32,0,2,28,5,4,0,0,0,0.0,0,0,149,66,83,1395,339,38,28.8686,0.7597,0.68735,1.1737,1.3526,6.4128,0.1687578947368421,0.11375,0.4673,0.5351,38,22.4558,0.5909421052631579,0.56515,0.8175,0.9089,completed
12,known_visit,ACBBA,bernoulli,drop_0.25,34,1156,14,10,acbba_g34_d85_bernoulli_drop_0_25,reruns\grid_density\scenarios\cv\known_visit_grid34_targets10_trials50.csv,08,41,3,0,42,0,1,0,0,0,0.0,0,0,152,83,69,1399,333,11,10.6121,0.9647363636363636,0.9811,1.3195,1.3195,2.8282,0.2571090909090909,0.2276,0.5035,0.5035,11,7.7839,0.7076272727272728,0.7203,0.9211,0.9211,completed
12,known_visit,ACBBA,bernoulli,drop_0.25,34,1156,14,10,acbba_g34_d85_bernoulli_drop_0_25,reruns\grid_density\scenarios\cv\known_visit_grid34_targets10_trials50.csv,09,20,0,0,21,0,3,0,0,0,0.0,0,0,118,43,75,1429,336,82,66.9409,0.8163524390243903,0.7117,1.2939,1.4836,14.9418,0.1822170731707317,0.1196,0.4938,0.5844,82,51.9991,0.6341353658536585,0.58645,0.8087,0.8992,completed
12,known_visit,ACBBA,bernoulli,drop_0.25,34,1156,14,10,acbba_g34_d85_bernoulli_drop_0_25,reruns\grid_density\scenarios\cv\known_visit_grid34_targets10_trials50.csv,10,28,0,0,26,3,4,0,0,0,0.0,0,0,135,62,73,1394,354,52,44.3955,0.8537596153846153,0.7302500000000001,1.2439,1.4038,10.2994,0.19806538461538462,0.14245,0.5041,0.5487,52,34.0961,0.6556942307692307,0.5903499999999999,0.8471,0.9432,completed
12,known_visit,ACBBA,bernoulli,drop_0.25,34,1156,14,10,acbba_g34_d85_bernoulli_drop_0_25,reruns\grid_density\scenarios\cv\known_visit_grid34_targets10_trials50.csv,11,31,1,1,21,11,6,0,0,0,0.0,0,0,148,68,80,1397,338,43,40.5315,0.942593023255814,0.9219,1.2859,1.5486,10.4726,0.24354883720930232,0.1912,0.5097,0.5471,43,30.0589,0.6990441860465116,0.6916,0.8869,1.0158,completed
12,known_visit,ACBBA,bernoulli,drop_0.25,34,1156,14,10,acbba_g34_d85_bernoulli_drop_0_25,reruns\grid_density\scenarios\cv\known_visit_grid34_targets10_trials50.csv,12,14,0,0,15,0,6,0,0,0,0.0,0,0,105,32,73,1450,328,98,75.8316,0.7737918367346939,0.69065,1.2812,1.3571,14.9495,0.15254591836734693,0.1178,0.4889,0.5367,98,60.8821,0.621245918367347,0.5754,0.8121,0.8951,completed
12,known_visit,ACBBA,bernoulli,drop_0.25,34,1156,14,10,acbba_g34_d85_bernoulli_drop_0_25,reruns\grid_density\scenarios\cv\known_visit_grid34_targets10_trials50.csv,13,25,0,2,16,10,4,0,0,0,0.0,0,0,139,56,83,1417,328,64,56.013,0.875203125,0.94565,1.2698,1.355,13.5663,0.2119734375,0.2223,0.4737,0.5712,64,42.4467,0.6632296875,0.7145999999999999,0.8362,0.9072,completed
13,known_visit,ACBBA,bernoulli,drop_0.25,34,1156,14,10,acbba_g34_d85_bernoulli_drop_0_25,reruns\grid_density\scenarios\cv\known_visit_grid34_targets10_trials50.csv,00,14,0,1,14,1,2,0,0,0,0.0,0,0,106,32,74,1373,333,93,76.6352,0.8240344086021505,0.7823,1.1326,1.39,16.4759,0.17716021505376342,0.1543,0.2732,0.5507,93,60.1593,0.6468741935483872,0.6317,0.8439,0.879,completed
13,known_visit,ACBBA,bernoulli,drop_0.25,34,1156,14,10,acbba_g34_d85_bernoulli_drop_0_25,reruns\grid_density\scenarios\cv\known_visit_grid34_targets10_trials50.csv,01,28,2,0,29,0,1,0,0,0,0.0,0,0,133,60,73,1358,322,49,40.0836,0.8180326530612244,0.7529,1.2771,1.3105,9.0077,0.18383061224489797,0.1347,0.4892,0.5505,49,31.0759,0.6342020408163266,0.6233,0.7858,0.8319,completed
13,known_visit,ACBBA,bernoulli,drop_0.25,34,1156,14,10,acbba_g34_d85_bernoulli_drop_0_25,reruns\grid_density\scenarios\cv\known_visit_grid34_targets10_trials50.csv,02,24,0,0,25,0,3,0,0,0,0.0,0,0,129,53,76,1360,323,66,57.8235,0.8761136363636364,0.8356,1.1611,1.2936,14.2241,0.21551666666666666,0.18735000000000002,0.4865,0.5176,66,43.5994,0.6605969696969698,0.6476999999999999,0.8392,0.8627,completed
13,known_visit,ACBBA,bernoulli,drop_0.25,34,1156,14,10,acbba_g34_d85_bernoulli_drop_0_25,reruns\grid_density\scenarios\cv\known_visit_grid34_targets10_trials50.csv,03,26,1,0,27,0,5,0,0,0,0.0,0,0,127,55,72,1367,318,54,44.2541,0.8195203703703704,0.78735,1.2315,1.3355,11.1745,0.2069351851851852,0.15855000000000002,0.4995,0.5493,54,33.0796,0.6125851851851851,0.62605,0.7813,0.7988,completed
13,known_visit,ACBBA,bernoulli,drop_0.25,34,1156,14,10,acbba_g34_d85_bernoulli_drop_0_25,reruns\grid_density\scenarios\cv\known_visit_grid34_targets10_trials50.csv,04,29,1,0,30,0,0,0,0,0,0.0,0,0,138,62,76,1340,334,45,36.8947,0.8198822222222222,0.7473,1.2276,1.2674,8.7813,0.19514,0.1501,0.4662,0.5378,45,28.1134,0.6247422222222222,0.6012,0.7995,0.882,completed
13,known_visit,ACBBA,bernoulli,drop_0.25,34,1156,14,10,acbba_g34_d85_bernoulli_drop_0_25,reruns\grid_density\scenarios\cv\known_visit_grid34_targets10_trials50.csv,05,35,1,2,25,11,2,0,0,0,0.0,0,0,157,76,81,1336,320,25,24.5094,0.980376,0.9524,1.2842,1.3396,7.4687,0.298748,0.2325,0.5284,0.544,25,17.0407,0.681628,0.7057,0.7733,0.7956,completed
13,known_visit,ACBBA,bernoulli,drop_0.25,34,1156,14,10,acbba_g34_d85_bernoulli_drop_0_25,reruns\grid_density\scenarios\cv\known_visit_grid34_targets10_trials50.csv,06,39,1,0,39,1,2,0,0,0,0.0,0,0,150,80,70,1344,318,14,14.3914,1.027957142857143,1.0511499999999998,1.3241,1.3241,4.7682,0.3405857142857143,0.3277,0.5423,0.5423,14,9.6232,0.6873714285714286,0.69225,0.7881,0.7881,completed
13,known_visit,ACBBA,bernoulli,drop_0.25,34,1156,14,10,acbba_g34_d85_bernoulli_drop_0_25,reruns\grid_density\scenarios\cv\known_visit_grid34_targets10_trials50.csv,07,27,1,0,28,0,1,0,0,0,0.0,0,0,125,56,69,1367,321,48,35.9807,0.7495979166666666,0.7117,1.1507,1.326,7.0396,0.14665833333333333,0.11795,0.3606,0.5678,48,28.9411,0.6029395833333333,0.60175,0.783,0.7962,completed
13,known_visit,ACBBA,bernoulli,drop_0.25,34,1156,14,10,acbba_g34_d85_bernoulli_drop_0_25,reruns\grid_density\scenarios\cv\known_visit_grid34_targets10_trials50.csv,08,40,2,0,41,0,1,0,0,0,0.0,0,0,159,81,78,1330,326,11,10.8165,0.9833181818181818,0.8886,1.3124,1.3124,3.4076,0.30978181818181816,0.2514,0.5509,0.5509,11,7.4089,0.6735363636363636,0.6517,0.7824,0.7824,completed
13,known_visit,ACBBA,bernoulli,drop_0.25,34,1156,14,10,acbba_g34_d85_bernoulli_drop_0_25,reruns\grid_density\scenarios\cv\known_visit_grid34_targets10_trials50.csv,09,9,0,0,10,0,6,0,0,0,0.0,0,0,105,25,80,1374,334,114,96.4441,0.8460008771929826,0.8019499999999999,1.181,1.3519,21.6659,0.19005175438596492,0.16825,0.4328,0.554,114,74.7782,0.6559491228070176,0.6404000000000001,0.8432,0.9931,completed
13,known_visit,ACBBA,bernoulli,drop_0.25,34,1156,14,10,acbba_g34_d85_bernoulli_drop_0_25,reruns\grid_density\scenarios\cv\known_visit_grid34_targets10_trials50.csv,10,10,0,0,11,0,4,0,0,0,0.0,0,0,93,26,67,1388,333,109,93.4624,0.8574532110091744,0.8277,1.1474,1.3033,20.3982,0.1871394495412844,0.1675,0.2974,0.5205,109,73.0642,0.6703137614678899,0.6576,0.843,1.0059,completed
13,known_visit,ACBBA,bernoulli,drop_0.25,34,1156,14,10,acbba_g34_d85_bernoulli_drop_0_25,reruns\grid_density\scenarios\cv\known_visit_grid34_targets10_trials50.csv,11,10,0,0,11,0,6,0,0,0,0.0,0,0,107,26,81,1369,337,111,92.4404,0.8327963963963964,0.7737,1.1807,1.3159,20.4977,0.18466396396396395,0.1465,0.5016,0.5284,111,71.9427,0.6481324324324325,0.6306,0.824,0.8992,completed
13,known_visit,ACBBA,bernoulli,drop_0.25,34,1156,14,10,acbba_g34_d85_bernoulli_drop_0_25,reruns\grid_density\scenarios\cv\known_visit_grid34_targets10_trials50.csv,12,24,0,1,23,2,7,0,0,0,0.0,0,0,134,55,79,1332,347,66,59.8292,0.9065030303030303,0.8977,1.2368,1.3533,14.8074,0.22435454545454545,0.199,0.4863,0.5777,66,45.0218,0.6821484848484848,0.70345,0.8658,0.8954,completed
13,known_visit,ACBBA,bernoulli,drop_0.25,34,1156,14,10,acbba_g34_d85_bernoulli_drop_0_25,reruns\grid_density\scenarios\cv\known_visit_grid34_targets10_trials50.csv,13,40,1,0,39,2,2,0,0,0,0.0,0,0,152,81,71,1332,329,10,9.1213,0.91213,0.9050499999999999,1.255,1.255,2.8491999999999997,0.28491999999999995,0.24864999999999998,0.5142,0.5142,10,6.2721,0.62721,0.63605,0.7408,0.7408,completed
14,known_visit,ACBBA,bernoulli,drop_0.25,34,1156,14,10,acbba_g34_d85_bernoulli_drop_0_25,reruns\grid_density\scenarios\cv\known_visit_grid34_targets10_trials50.csv,00,34,1,0,32,3,1,0,0,0,0.0,0,0,151,70,81,1590,373,47,37.082,0.7889787234042553,0.7234,1.2474,1.4982,7.6229,0.16218936170212764,0.1158,0.4701,0.6285,47,29.4591,0.6267893617021276,0.6117,0.7785,0.8697,completed
14,known_visit,ACBBA,bernoulli,drop_0.25,34,1156,14,10,acbba_g34_d85_bernoulli_drop_0_25,reruns\grid_density\scenarios\cv\known_visit_grid34_targets10_trials50.csv,01,44,1,0,45,0,3,0,0,0,0.0,0,0,188,90,98,1535,391,14,14.6583,1.0470214285714285,1.04845,1.3157,1.3157,4.4948,0.3210571428571428,0.298,0.5346,0.5346,14,10.1635,0.7259642857142857,0.7404999999999999,0.8033,0.8033,completed
14,known_visit,ACBBA,bernoulli,drop_0.25,34,1156,14,10,acbba_g34_d85_bernoulli_drop_0_25,reruns\grid_density\scenarios\cv\known_visit_grid34_targets10_trials50.csv,02,12,0,0,13,0,4,0,0,0,0.0,0,0,122,30,92,1616,375,125,110.6995,0.885596,0.8579,1.2158,1.4664,23.7545,0.190036,0.1884,0.3699,0.6359,125,86.945,0.69556,0.7025,0.8689,1.0925,completed
14,known_visit,ACBBA,bernoulli,drop_0.25,34,1156,14,10,acbba_g34_d85_bernoulli_drop_0_25,reruns\grid_density\scenarios\cv\known_visit_grid34_targets10_trials50.csv,03,38,0,1,36,3,4,0,0,0,0.0,0,0,173,80,93,1553,388,38,34.5878,0.9102052631578947,0.86825,1.327,1.4346,8.6967,0.22886052631578946,0.17564999999999997,0.5548,0.5615,38,25.8911,0.6813447368421053,0.6568499999999999,0.8798,0.9384,completed
14,known_visit,ACBBA,bernoulli,drop_0.25,34,1156,14,10,acbba_g34_d85_bernoulli_drop_0_25,reruns\grid_density\scenarios\cv\known_visit_grid34_targets10_trials50.csv,04,38,0,0,39,0,6,0,0,0,0.0,0,0,172,80,92,1542,400,40,37.4827,0.9370675,0.8513999999999999,1.5352,1.7799,10.201,0.255025,0.15675,0.5801,1.042,40,27.2817,0.6820425,0.6673,0.876,0.9551,completed
14,known_visit,ACBBA,bernoulli,drop_0.25,34,1156,14,10,acbba_g34_d85_bernoulli_drop_0_25,reruns\grid_density\scenarios\cv\known_visit_grid34_targets10_trials50.csv,05,22,0,1,21,2,6,6,1,2,20.0,2,0,144,48,96,1580,390,92,83.8582,0.9115021739130434,0.8654999999999999,1.2535,1.5961,19.3142,0.20993695652173913,0.17385,0.4928,0.6824,92,64.544,0.7015652173913043,0.68145,0.884,0.9137,completed
14,known_visit,ACBBA,bernoulli,drop_0.25,34,1156,14,10,acbba_g34_d85_bernoulli_drop_0_25,reruns\grid_density\scenarios\cv\known_visit_grid34_targets10_trials50.csv,06,44,3,0,45,0,4,0,0,0,0.0,0,0,192,90,102,1539,382,15,16.3537,1.0902466666666666,1.1185,1.4028,1.4028,5.5681,0.3712066666666667,0.3675,0.6006,0.6006,15,10.7856,0.71904,0.7321,0.8643,0.8643,completed
14,known_visit,ACBBA,bernoulli,drop_0.25,34,1156,14,10,acbba_g34_d85_bernoulli_drop_0_25,reruns\grid_density\scenarios\cv\known_visit_grid34_targets10_trials50.csv,07,10,1,0,10,1,2,0,0,0,0.0,0,0,116,26,90,1627,372,130,113.4211,0.87247,0.85065,1.1382,1.6357,24.2341,0.18641615384615387,0.18330000000000002,0.3275,0.651,130,89.187,0.6860538461538461,0.67205,0.827,0.9847,completed
14,known_visit,ACBBA,bernoulli,drop_0.25,34,1156,14,10,acbba_g34_d85_bernoulli_drop_0_25,reruns\grid_density\scenarios\cv\known_visit_grid34_targets10_trials50.csv,08,27,2,0,28,0,5,0,0,0,0.0,0,0,146,58,88,1566,403,77,71.7291,0.9315467532467533,0.946,1.139,1.3156,16.4046,0.21304675324675323,0.1954,0.3868,0.5344,77,55.3245,0.7185,0.7439,0.8129,0.9053,completed
14,known_visit,ACBBA,bernoulli,drop_0.25,34,1156,14,10,acbba_g34_d85_bernoulli_drop_0_25,reruns\grid_density\scenarios\cv\known_visit_grid34_targets10_trials50.csv,09,29,0,2,10,20,4,4,1,1,5.0,1,0,165,62,103,1567,381,68,67.7002,0.9955911764705881,0.9673499999999999,1.237,1.9252,17.3968,0.25583529411764705,0.20484999999999998,0.519,1.0976,68,50.303399999999996,0.7397558823529411,0.761,0.8943,0.9262,completed
14,known_visit,ACBBA,bernoulli,drop_0.25,34,1156,14,10,acbba_g34_d85_bernoulli_drop_0_25,reruns\grid_density\scenarios\cv\known_visit_grid34_targets10_trials50.csv,10,8,0,0,9,0,4,0,0,0,0.0,0,0,115,23,92,1632,367,136,119.59909999999999,0.8794051470588234,0.8632500000000001,1.1336,1.5343,25.3404,0.1863264705882353,0.187,0.339,0.6065,136,94.2587,0.6930786764705883,0.68295,0.8886,0.9983,completed
14,known_visit,ACBBA,bernoulli,drop_0.25,34,1156,14,10,acbba_g34_d85_bernoulli_drop_0_25,reruns\grid_density\scenarios\cv\known_visit_grid34_targets10_trials50.csv,11,8,0,0,9,0,2,0,0,0,0.0,0,0,113,20,93,1606,394,136,121.16029999999999,0.8908845588235293,0.8782000000000001,1.1395,1.408,26.0531,0.1915669117647059,0.18365,0.3803,0.5592,136,95.1072,0.6993176470588236,0.6859500000000001,0.8849,0.9429,completed
14,known_visit,ACBBA,bernoulli,drop_0.25,34,1156,14,10,acbba_g34_d85_bernoulli_drop_0_25,reruns\grid_density\scenarios\cv\known_visit_grid34_targets10_trials50.csv,12,32,1,0,33,0,4,0,0,0,0.0,0,0,158,69,89,1561,395,58,48.8347,0.8419775862068966,0.7719,1.2684,1.4147,10.5684,0.1822137931034483,0.1411,0.482,0.5897,58,38.2663,0.6597637931034483,0.63845,0.8612,0.8771,completed
14,known_visit,ACBBA,bernoulli,drop_0.25,34,1156,14,10,acbba_g34_d85_bernoulli_drop_0_25,reruns\grid_density\scenarios\cv\known_visit_grid34_targets10_trials50.csv,13,33,1,0,33,1,1,0,0,0,0.0,0,0,160,71,89,1525,429,53,45.6634,0.8615735849056604,0.8467,1.1175,1.1862,10.5152,0.1984,0.1623,0.3857,0.4879,53,35.1482,0.6631735849056605,0.6573,0.7961,0.8484,completed
15,known_visit,ACBBA,bernoulli,drop_0.25,34,1156,14,10,acbba_g34_d85_bernoulli_drop_0_25,reruns\grid_density\scenarios\cv\known_visit_grid34_targets10_trials50.csv,00,32,0,1,22,11,1,0,0,0,0.0,0,0,144,66,78,1865,445,199,145.9658,0.7334964824120603,0.7231,0.8901,1.3849,22.3829,0.11247688442211055,0.1006,0.1615,0.5916,199,123.5829,0.6210195979899498,0.6238,0.7419,0.7956,completed
15,known_visit,ACBBA,bernoulli,drop_0.25,34,1156,14,10,acbba_g34_d85_bernoulli_drop_0_25,reruns\grid_density\scenarios\cv\known_visit_grid34_targets10_trials50.csv,01,63,2,3,56,8,1,0,0,0,0.0,0,0,224,128,96,1830,400,97,71.8777,0.7410072164948454,0.7152,1.1764,1.2884,12.6057,0.12995567010309278,0.0994,0.4098,0.5151,97,59.272,0.6110515463917525,0.6053,0.7683,0.8366,completed
15,known_visit,ACBBA,bernoulli,drop_0.25,34,1156,14,10,acbba_g34_d85_bernoulli_drop_0_25,reruns\grid_density\scenarios\cv\known_visit_grid34_targets10_trials50.csv,02,65,1,1,53,13,3,2,2,0,0.0,0,0,233,134,99,1785,436,88,71.0568,0.8074636363636363,0.7616,1.1216,1.2795,13.5077,0.1534965909090909,0.11835000000000001,0.4336,0.5991,88,57.5491,0.6539670454545455,0.64085,0.7707,0.7896,completed
15,known_visit,ACBBA,bernoulli,drop_0.25,34,1156,14,10,acbba_g34_d85_bernoulli_drop_0_25,reruns\grid_density\scenarios\cv\known_visit_grid34_targets10_trials50.csv,03,45,1,0,38,8,2,10,2,3,65.0,3,0,193,98,95,1857,404,162,133.2236,0.8223679012345679,0.79515,1.0678,1.2642,25.1939,0.1555179012345679,0.1275,0.2905,0.5181,162,108.0297,0.66685,0.6588499999999999,0.8173,0.9026,completed
15,known_visit,ACBBA,bernoulli,drop_0.25,34,1156,14,10,acbba_g34_d85_bernoulli_drop_0_25,reruns\grid_density\scenarios\cv\known_visit_grid34_targets10_trials50.csv,04,40,1,0,41,0,5,0,0,0,0.0,0,0,179,84,95,1860,415,176,130.3881,0.7408414772727273,0.7237,1.0078,1.3756,21.2363,0.12066079545454546,0.10075,0.2456,0.586,176,109.1518,0.6201806818181818,0.62195,0.7853,0.9074,completed
15,known_visit,ACBBA,bernoulli,drop_0.25,34,1156,14,10,acbba_g34_d85_bernoulli_drop_0_25,reruns\grid_density\scenarios\cv\known_visit_grid34_targets10_trials50.csv,05,33,0,0,29,5,8,0,0,0,0.0,0,0,158,70,88,1865,431,199,153.973,0.7737336683417086,0.7576,0.9928,1.4726,26.4637,0.13298341708542713,0.1166,0.2502,0.5693,199,127.5093,0.6407502512562814,0.6398,0.782,0.9231,completed
15,known_visit,ACBBA,bernoulli,drop_0.25,34,1156,14,10,acbba_g34_d85_bernoulli_drop_0_25,reruns\grid_density\scenarios\cv\known_visit_grid34_targets10_trials50.csv,06,75,1,2,61,15,6,2,2,0,0.0,0,0,250,155,95,1793,412,55,51.1889,0.9307072727272727,0.916,1.3865,1.5452,12.0411,0.2189290909090909,0.167,0.6033,0.6457,55,39.147800000000004,0.7117781818181819,0.7219,0.8283,0.8995,completed
15,known_visit,ACBBA,bernoulli,drop_0.25,34,1156,14,10,acbba_g34_d85_bernoulli_drop_0_25,reruns\grid_density\scenarios\cv\known_visit_grid34_targets10_trials50.csv,07,13,0,0,14,0,6,0,0,0,0.0,0,0,128,33,95,1902,424,271,218.5912,0.8066095940959409,0.7706,1.056,1.4577,39.4884,0.14571365313653137,0.1201,0.2311,0.6063,271,179.1028,0.6608959409594096,0.6509,0.806,0.9172,completed
15,known_visit,ACBBA,bernoulli,drop_0.25,34,1156,14,10,acbba_g34_d85_bernoulli_drop_0_25,reruns\grid_density\scenarios\cv\known_visit_grid34_targets10_trials50.csv,08,51,0,1,46,6,9,2,2,0,0.0,0,0,206,110,96,1815,433,139,123.7871,0.8905546762589928,0.8863,1.1159,1.4355,25.5707,0.1839618705035971,0.1599,0.3474,0.5851,139,98.21640000000001,0.7065928057553957,0.707,0.8434,0.926,completed
15,known_visit,ACBBA,bernoulli,drop_0.25,34,1156,14,10,acbba_g34_d85_bernoulli_drop_0_25,reruns\grid_density\scenarios\cv\known_visit_grid34_targets10_trials50.csv,09,10,0,0,11,0,7,0,0,0,0.0,0,0,116,25,91,1911,427,278,218.5644,0.7862028776978417,0.7519,1.0458,1.4708,38.1,0.13705035971223023,0.10785,0.2399,0.602,278,180.4644,0.6491525179856116,0.6372,0.7948,0.9221,completed
15,known_visit,ACBBA,bernoulli,drop_0.25,34,1156,14,10,acbba_g34_d85_bernoulli_drop_0_25,reruns\grid_density\scenarios\cv\known_visit_grid34_targets10_trials50.csv,10,15,1,0,16,0,7,0,0,0,0.0,0,0,124,35,89,1902,428,262,209.2798,0.7987778625954198,0.7636000000000001,1.0172,1.2496,36.588,0.13964885496183208,0.11804999999999999,0.2282,0.5474,262,172.6918,0.6591290076335878,0.64255,0.796,0.9039,completed
15,known_visit,ACBBA,bernoulli,drop_0.25,34,1156,14,10,acbba_g34_d85_bernoulli_drop_0_25,reruns\grid_density\scenarios\cv\known_visit_grid34_targets10_trials50.csv,11,33,1,0,34,0,6,0,0,0,0.0,0,0,159,69,90,1874,421,201,148.2714,0.7376686567164179,0.7233,0.8864,1.4729,23.8427,0.11862039800995025,0.1005,0.2046,0.6328,201,124.4287,0.6190482587064677,0.6224,0.7251,0.8909,completed
15,known_visit,ACBBA,bernoulli,drop_0.25,34,1156,14,10,acbba_g34_d85_bernoulli_drop_0_25,reruns\grid_density\scenarios\cv\known_visit_grid34_targets10_trials50.csv,12,52,0,2,25,28,7,0,0,0,0.0,0,0,210,108,102,1805,439,139,113.3375,0.8153776978417266,0.783,1.2496,1.4214,22.4814,0.16173669064748203,0.1295,0.5028,0.5719,139,90.8561,0.6536410071942446,0.6523,0.8005,0.8495,completed
15,known_visit,ACBBA,bernoulli,drop_0.25,34,1156,14,10,acbba_g34_d85_bernoulli_drop_0_25,reruns\grid_density\scenarios\cv\known_visit_grid34_targets10_trials50.csv,13,23,2,0,24,0,1,0,0,0,0.0,0,0,131,49,82,1901,423,231,178.9174,0.7745341991341991,0.7613,0.9064,1.3883,30.0594,0.13012727272727273,0.1173,0.1886,0.6031,231,148.858,0.6444069264069264,0.6433,0.7498,0.9031,completed
16,known_visit,ACBBA,bernoulli,drop_0.25,34,1156,14,10,acbba_g34_d85_bernoulli_drop_0_25,reruns\grid_density\scenarios\cv\known_visit_grid34_targets10_trials50.csv,00,13,0,0,14,0,2,0,0,0,0.0,0,0,123,28,95,1754,409,119,96.0628,0.8072504201680671,0.7533,1.1488,1.2159,17.8639,0.1501168067226891,0.1244,0.2887,0.5127,119,78.1989,0.6571336134453781,0.6227,0.8546,0.9412,completed
16,known_visit,ACBBA,bernoulli,drop_0.25,34,1156,14,10,acbba_g34_d85_bernoulli_drop_0_25,reruns\grid_density\scenarios\cv\known_visit_grid34_targets10_trials50.csv,01,24,1,0,25,0,1,0,0,0,0.0,0,0,143,51,92,1744,399,85,65.5594,0.7712870588235293,0.7112,1.1659,1.374,12.3283,0.14503882352941178,0.1038,0.5026,0.5935,85,53.2311,0.6262482352941177,0.6127,0.807,0.8569,completed
16,known_visit,ACBBA,bernoulli,drop_0.25,34,1156,14,10,acbba_g34_d85_bernoulli_drop_0_25,reruns\grid_density\scenarios\cv\known_visit_grid34_targets10_trials50.csv,02,44,0,0,40,5,2,2,2,0,0.0,0,0,183,92,91,1704,399,18,17.6726,0.9818111111111111,1.0034,1.2166,1.2166,4.8329,0.2684944444444445,0.223,0.5445,0.5445,18,12.8397,0.7133166666666667,0.6901999999999999,0.8972,0.8972,completed
16,known_visit,ACBBA,bernoulli,drop_0.25,34,1156,14,10,acbba_g34_d85_bernoulli_drop_0_25,reruns\grid_density\scenarios\cv\known_visit_grid34_targets10_trials50.csv,03,45,2,1,44,2,6,1,1,0,0.0,0,0,192,92,100,1664,431,19,21.088,1.1098947368421053,1.083,1.3806,1.3806,7.0554,0.37133684210526313,0.3372,0.5608,0.5608,19,14.0326,0.7385578947368421,0.7695,0.9382,0.9382,completed
16,known_visit,ACBBA,bernoulli,drop_0.25,34,1156,14,10,acbba_g34_d85_bernoulli_drop_0_25,reruns\grid_density\scenarios\cv\known_visit_grid34_targets10_trials50.csv,04,44,2,0,44,1,8,2,2,0,0.0,0,0,211,95,116,1669,406,24,25.4119,1.0588291666666667,1.0608,1.359,1.472,8.239,0.3432916666666667,0.2892,0.5516,0.5905,24,17.1729,0.7155374999999999,0.6932,0.8647,0.8815,completed
16,known_visit,ACBBA,bernoulli,drop_0.25,34,1156,14,10,acbba_g34_d85_bernoulli_drop_0_25,reruns\grid_density\scenarios\cv\known_visit_grid34_targets10_trials50.csv,05,36,2,1,36,1,7,0,0,0,0.0,0,0,179,74,105,1662,445,52,44.4781,0.8553480769230769,0.7563500000000001,1.3516,1.5534,11.3858,0.2189576923076923,0.12004999999999999,0.6136,0.6732,52,33.0923,0.6363903846153847,0.6267,0.852,0.9301,completed
16,known_visit,ACBBA,bernoulli,drop_0.25,34,1156,14,10,acbba_g34_d85_bernoulli_drop_0_25,reruns\grid_density\scenarios\cv\known_visit_grid34_targets10_trials50.csv,06,30,0,1,25,6,10,3,3,0,0.0,0,0,179,66,113,1654,453,69,63.6042,0.9218,0.9273,1.1753,1.2687,14.9088,0.2160695652173913,0.1871,0.4835,0.5238,69,48.6954,0.7057304347826087,0.7087,0.875,0.9055,completed
16,known_visit,ACBBA,bernoulli,drop_0.25,34,1156,14,10,acbba_g34_d85_bernoulli_drop_0_25,reruns\grid_density\scenarios\cv\known_visit_grid34_targets10_trials50.csv,07,23,0,1,19,5,7,0,0,0,0.0,0,0,157,52,105,1737,393,90,72.3313,0.8036811111111111,0.7453000000000001,1.1748,1.3691,14.6475,0.16275,0.11954999999999999,0.5068,0.5432,90,57.6838,0.6409311111111111,0.63035,0.8169,0.8988,completed
16,known_visit,ACBBA,bernoulli,drop_0.25,34,1156,14,10,acbba_g34_d85_bernoulli_drop_0_25,reruns\grid_density\scenarios\cv\known_visit_grid34_targets10_trials50.csv,08,14,0,1,13,2,7,0,0,0,0.0,0,0,140,32,108,1724,423,119,101.2624,0.850944537815126,0.7869,1.2286,1.5394,20.8397,0.1751235294117647,0.1377,0.4801,0.6685,119,80.4227,0.6758210084033613,0.6492,0.8529,0.9156,completed
16,known_visit,ACBBA,bernoulli,drop_0.25,34,1156,14,10,acbba_g34_d85_bernoulli_drop_0_25,reruns\grid_density\scenarios\cv\known_visit_grid34_targets10_trials50.csv,09,16,1,0,15,2,5,0,0,0,0.0,0,0,137,38,99,1687,463,114,97.9234,0.8589771929824561,0.82475,1.148,1.3449,20.4245,0.17916228070175438,0.1487,0.4053,0.5997,114,77.4989,0.6798149122807018,0.6611,0.8374,0.9266,completed
16,known_visit,ACBBA,bernoulli,drop_0.25,34,1156,14,10,acbba_g34_d85_bernoulli_drop_0_25,reruns\grid_density\scenarios\cv\known_visit_grid34_targets10_trials50.csv,10,13,1,0,12,2,4,0,0,0,0.0,0,0,138,34,104,1671,477,122,99.7424,0.817560655737705,0.7663,1.1207,1.3755,19.8368,0.1625967213114754,0.13155,0.3994,0.5385,122,79.9056,0.6549639344262296,0.6254500000000001,0.8451,0.8872,completed
16,known_visit,ACBBA,bernoulli,drop_0.25,34,1156,14,10,acbba_g34_d85_bernoulli_drop_0_25,reruns\grid_density\scenarios\cv\known_visit_grid34_targets10_trials50.csv,11,11,0,1,8,4,6,0,0,0,0.0,0,0,138,27,111,1704,444,130,110.5797,0.850613076923077,0.79735,1.1379,1.5362,22.4962,0.17304769230769232,0.15365,0.475,0.6438,130,88.0835,0.6775653846153846,0.6497999999999999,0.8729,0.9444,completed
16,known_visit,ACBBA,bernoulli,drop_0.25,34,1156,14,10,acbba_g34_d85_bernoulli_drop_0_25,reruns\grid_density\scenarios\cv\known_visit_grid34_targets10_trials50.csv,12,37,0,1,28,10,6,0,0,0,0.0,0,0,194,81,113,1666,426,45,41.8544,0.9300977777777777,0.9762,1.2786,1.4654,10.8826,0.24183555555555555,0.2076,0.5192,0.5819,45,30.9718,0.6882622222222222,0.6803,0.9244,0.9598,completed
16,known_visit,ACBBA,bernoulli,drop_0.25,34,1156,14,10,acbba_g34_d85_bernoulli_drop_0_25,reruns\grid_density\scenarios\cv\known_visit_grid34_targets10_trials50.csv,13,33,1,0,34,0,5,0,0,0,0.0,0,0,173,71,102,1647,466,57,46.3561,0.8132649122807017,0.7662,1.1662,1.3428,9.8667,0.1731,0.1188,0.499,0.5311,57,36.4894,0.6401649122807018,0.6421,0.8084,0.8397,completed
17,known_visit,ACBBA,bernoulli,drop_0.25,34,1156,14,10,acbba_g34_d85_bernoulli_drop_0_25,reruns\grid_density\scenarios\cv\known_visit_grid34_targets10_trials50.csv,00,42,1,0,40,3,5,1,1,0,0.0,0,0,180,88,92,1590,401,21,21.6187,1.0294619047619047,0.9724,1.3773,1.4625,6.0588,0.2885142857142857,0.2144,0.5584,0.6351,21,15.559899999999999,0.740947619047619,0.7341,0.8274,0.8562,completed
17,known_visit,ACBBA,bernoulli,drop_0.25,34,1156,14,10,acbba_g34_d85_bernoulli_drop_0_25,reruns\grid_density\scenarios\cv\known_visit_grid34_targets10_trials50.csv,01,36,3,0,37,0,1,0,0,0,0.0,0,0,168,76,92,1598,405,35,33.0517,0.9443342857142856,0.899,1.3294,1.353,7.6096,0.21741714285714286,0.1859,0.5098,0.5572,35,25.4421,0.7269171428571428,0.7142,0.832,0.8573,completed
17,known_visit,ACBBA,bernoulli,drop_0.25,34,1156,14,10,acbba_g34_d85_bernoulli_drop_0_25,reruns\grid_density\scenarios\cv\known_visit_grid34_targets10_trials50.csv,02,19,0,0,19,1,1,3,1,1,5.0,1,0,133,44,89,1635,403,96,82.1554,0.8557854166666666,0.8446499999999999,1.0973,1.3889,17.8231,0.18565729166666667,0.1604,0.258,0.5605,96,64.3323,0.6701281250000001,0.68035,0.8378,0.8518,completed
17,known_visit,ACBBA,bernoulli,drop_0.25,34,1156,14,10,acbba_g34_d85_bernoulli_drop_0_25,reruns\grid_density\scenarios\cv\known_visit_grid34_targets10_trials50.csv,03,32,0,0,31,2,5,3,1,1,5.0,1,0,166,70,96,1603,403,52,49.4596,0.9511461538461539,0.94235,1.2455,1.3817,11.7302,0.22558076923076922,0.2075,0.4028,0.5649,52,37.7294,0.7255653846153846,0.71825,0.8168,0.8427,completed
17,known_visit,ACBBA,bernoulli,drop_0.25,34,1156,14,10,acbba_g34_d85_bernoulli_drop_0_25,reruns\grid_density\scenarios\cv\known_visit_grid34_targets10_trials50.csv,04,29,1,0,27,3,3,0,0,0,0.0,0,0,149,61,88,1630,391,64,53.2746,0.832415625,0.8109500000000001,1.1824,1.3908,11.2776,0.1762125,0.1308,0.4589,0.5545,64,41.997,0.656203125,0.67435,0.7627,0.8559,completed
17,known_visit,ACBBA,bernoulli,drop_0.25,34,1156,14,10,acbba_g34_d85_bernoulli_drop_0_25,reruns\grid_density\scenarios\cv\known_visit_grid34_targets10_trials50.csv,05,23,0,0,22,2,3,1,1,0,0.0,0,0,133,50,83,1614,423,84,71.1648,0.8472,0.81775,1.1739,1.3888,15.655100000000001,0.18637023809523812,0.14365,0.4535,0.5637,84,55.5097,0.660829761904762,0.6803,0.8,0.8439,completed
17,known_visit,ACBBA,bernoulli,drop_0.25,34,1156,14,10,acbba_g34_d85_bernoulli_drop_0_25,reruns\grid_density\scenarios\cv\known_visit_grid34_targets10_trials50.csv,06,16,1,0,17,0,5,1,1,0,0.0,0,0,135,40,95,1642,394,108,95.8319,0.8873324074074075,0.906,1.128,1.3871,21.0611,0.19501018518518518,0.20245000000000002,0.3592,0.5671,108,74.7708,0.6923222222222222,0.7029,0.8122,0.8781,completed
17,known_visit,ACBBA,bernoulli,drop_0.25,34,1156,14,10,acbba_g34_d85_bernoulli_drop_0_25,reruns\grid_density\scenarios\cv\known_visit_grid34_targets10_trials50.csv,07,29,1,1,27,3,2,0,0,0,0.0,0,0,155,63,92,1629,386,64,52.8858,0.826340625,0.7968500000000001,1.3279,1.4032,11.9149,0.1861703125,0.13735,0.5192,0.5751,64,40.9709,0.6401703125,0.6611,0.7944,0.8402,completed
17,known_visit,ACBBA,bernoulli,drop_0.25,34,1156,14,10,acbba_g34_d85_bernoulli_drop_0_25,reruns\grid_density\scenarios\cv\known_visit_grid34_targets10_trials50.csv,08,31,1,0,32,0,2,0,0,0,0.0,0,0,146,65,81,1635,389,57,45.4153,0.7967596491228071,0.76,1.3497,1.4095,9.3977,0.16487192982456142,0.1205,0.5459,0.5606,57,36.0176,0.6318877192982456,0.6533,0.798,0.8636,completed
17,known_visit,ACBBA,bernoulli,drop_0.25,34,1156,14,10,acbba_g34_d85_bernoulli_drop_0_25,reruns\grid_density\scenarios\cv\known_visit_grid34_targets10_trials50.csv,09,39,1,2,36,4,6,4,4,0,0.0,0,0,181,82,99,1588,401,32,33.564099999999996,1.0488781249999999,0.9559,1.3932,1.4013,9.7906,0.30595625,0.22065,0.5696,0.5999,32,23.773500000000002,0.7429218750000001,0.7353000000000001,0.8514,0.8615,completed
17,known_visit,ACBBA,bernoulli,drop_0.25,34,1156,14,10,acbba_g34_d85_bernoulli_drop_0_25,reruns\grid_density\scenarios\cv\known_visit_grid34_targets10_trials50.csv,10,14,0,0,13,2,4,0,0,0,0.0,0,0,133,34,99,1645,392,119,107.0811,0.8998411764705883,0.8994,1.1077,1.4732,24.0753,0.20231344537815124,0.1965,0.3928,0.5505,119,83.0058,0.6975277310924369,0.7083,0.8303,0.9582,completed
17,known_visit,ACBBA,bernoulli,drop_0.25,34,1156,14,10,acbba_g34_d85_bernoulli_drop_0_25,reruns\grid_density\scenarios\cv\known_visit_grid34_targets10_trials50.csv,11,37,1,0,36,2,4,2,2,0,0.0,0,0,172,77,95,1603,395,37,36.6573,0.9907378378378379,0.9383,1.3821,1.3881,9.7917,0.26464054054054054,0.2213,0.5364,0.5753,37,26.8656,0.7260972972972973,0.7198,0.8499,0.8766,completed
17,known_visit,ACBBA,bernoulli,drop_0.25,34,1156,14,10,acbba_g34_d85_bernoulli_drop_0_25,reruns\grid_density\scenarios\cv\known_visit_grid34_targets10_trials50.csv,12,36,0,1,25,12,5,0,0,0,0.0,0,0,173,76,97,1616,381,48,46.8692,0.9764416666666667,0.9259999999999999,1.3511,1.3582,12.5829,0.26214375,0.22215000000000001,0.5371,0.5524,48,34.2863,0.7142979166666666,0.71445,0.8247,0.8346,completed
17,known_visit,ACBBA,bernoulli,drop_0.25,34,1156,14,10,acbba_g34_d85_bernoulli_drop_0_25,reruns\grid_density\scenarios\cv\known_visit_grid34_targets10_trials50.csv,13,22,0,0,22,1,6,7,1,2,20.0,2,0,148,52,96,1612,410,93,87.645,0.9424193548387096,0.9325,1.2845,1.4314,21.0656,0.22651182795698924,0.2101,0.4353,0.6082,93,66.5794,0.7159075268817205,0.7196,0.8468,1.0428,completed
18,known_visit,ACBBA,bernoulli,drop_0.25,34,1156,14,10,acbba_g34_d85_bernoulli_drop_0_25,reruns\grid_density\scenarios\cv\known_visit_grid34_targets10_trials50.csv,00,29,1,0,30,0,1,0,0,0,0.0,0,0,122,60,62,1388,328,89,69.1002,0.7764067415730337,0.7531,1.0204,1.1327,11.3091,0.1270685393258427,0.1046,0.3401,0.4601,89,57.7911,0.649338202247191,0.6478,0.7432,0.8031,completed
18,known_visit,ACBBA,bernoulli,drop_0.25,34,1156,14,10,acbba_g34_d85_bernoulli_drop_0_25,reruns\grid_density\scenarios\cv\known_visit_grid34_targets10_trials50.csv,01,40,1,2,31,10,1,0,0,0,0.0,0,0,153,85,68,1334,351,53,52.7081,0.9944924528301887,1.0049,1.182,1.314,12.9791,0.24488867924528304,0.2262,0.4763,0.5209,53,39.729,0.7496037735849056,0.7574,0.8377,0.8708,completed
18,known_visit,ACBBA,bernoulli,drop_0.25,34,1156,14,10,acbba_g34_d85_bernoulli_drop_0_25,reruns\grid_density\scenarios\cv\known_visit_grid34_targets10_trials50.csv,02,42,2,0,43,0,1,6,1,2,20.0,2,0,161,86,75,1366,311,42,35.1128,0.8360190476190477,0.80155,1.0993,1.2113,7.1168,0.16944761904761904,0.1347,0.3241,0.4911,42,27.996,0.6665714285714286,0.6624,0.7705,0.7894,completed
18,known_visit,ACBBA,bernoulli,drop_0.25,34,1156,14,10,acbba_g34_d85_bernoulli_drop_0_25,reruns\grid_density\scenarios\cv\known_visit_grid34_targets10_trials50.csv,03,10,0,0,11,0,2,0,0,0,0.0,0,0,106,25,81,1415,316,154,135.6715,0.8809837662337663,0.8613500000000001,1.1598,1.3458,27.4339,0.1781422077922078,0.18755,0.2829,0.5113,154,108.2376,0.7028415584415585,0.68555,0.8161,1.0629,completed
18,known_visit,ACBBA,bernoulli,drop_0.25,34,1156,14,10,acbba_g34_d85_bernoulli_drop_0_25,reruns\grid_density\scenarios\cv\known_visit_grid34_targets10_trials50.csv,04,38,0,2,30,9,6,0,0,0,0.0,0,0,152,79,73,1322,364,62,58.3038,0.940383870967742,0.96645,1.1555,1.2433,13.317400000000001,0.2147967741935484,0.22085,0.4109,0.4989,62,44.9864,0.7255870967741936,0.7156,0.8318,0.9002,completed
18,known_visit,ACBBA,bernoulli,drop_0.25,34,1156,14,10,acbba_g34_d85_bernoulli_drop_0_25,reruns\grid_density\scenarios\cv\known_visit_grid34_targets10_trials50.csv,05,32,3,0,33,0,3,0,0,0,0.0,0,0,132,66,66,1370,338,83,64.9039,0.7819746987951807,0.7504,1.0917,1.2049,11.3986,0.13733253012048194,0.1062,0.3396,0.53,83,53.5053,0.6446421686746988,0.643,0.7527,0.7772,completed
18,known_visit,ACBBA,bernoulli,drop_0.25,34,1156,14,10,acbba_g34_d85_bernoulli_drop_0_25,reruns\grid_density\scenarios\cv\known_visit_grid34_targets10_trials50.csv,06,41,0,1,36,6,7,4,4,0,0.0,0,0,163,87,76,1346,330,47,46.9765,0.9995,1.0113,1.1249,1.1917,11.8143,0.251368085106383,0.249,0.3563,0.4818,47,35.1622,0.748131914893617,0.7555,0.8455,0.8922,completed
18,known_visit,ACBBA,bernoulli,drop_0.25,34,1156,14,10,acbba_g34_d85_bernoulli_drop_0_25,reruns\grid_density\scenarios\cv\known_visit_grid34_targets10_trials50.csv,07,38,0,2,32,7,5,1,1,0,0.0,0,0,160,82,78,1353,325,60,49.9073,0.8317883333333334,0.7903,1.1981,1.3973,10.219,0.17031666666666664,0.1174,0.4656,0.5295,60,39.6883,0.6614716666666667,0.66565,0.7991,0.9317,completed
18,known_visit,ACBBA,bernoulli,drop_0.25,34,1156,14,10,acbba_g34_d85_bernoulli_drop_0_25,reruns\grid_density\scenarios\cv\known_visit_grid34_targets10_trials50.csv,08,17,0,1,14,4,0,0,0,0,0.0,0,0,101,38,63,1437,301,125,104.3987,0.8351896000000001,0.7933,1.056,1.1896,19.7807,0.1582456,0.1174,0.2725,0.4586,125,84.618,0.676944,0.6683,0.7974,0.9004,completed
18,known_visit,ACBBA,bernoulli,drop_0.25,34,1156,14,10,acbba_g34_d85_bernoulli_drop_0_25,reruns\grid_density\scenarios\cv\known_visit_grid34_targets10_trials50.csv,09,16,0,0,17,0,1,0,0,0,0.0,0,0,102,37,65,1408,327,129,111.9242,0.867629457364341,0.8439,1.0703,1.1868,22.0683,0.17107209302325582,0.1407,0.2575,0.5167,129,89.8559,0.6965573643410853,0.6776,0.8132,0.8584,completed
18,known_visit,ACBBA,bernoulli,drop_0.25,34,1156,14,10,acbba_g34_d85_bernoulli_drop_0_25,reruns\grid_density\scenarios\cv\known_visit_grid34_targets10_trials50.csv,10,41,3,0,42,0,2,0,0,0,0.0,0,0,153,85,68,1369,317,51,43.7888,0.8586039215686275,0.8256,1.1317,1.1816,8.8921,0.1743549019607843,0.138,0.4785,0.5097,51,34.8967,0.6842490196078432,0.6857,0.7631,0.7659,completed
18,known_visit,ACBBA,bernoulli,drop_0.25,34,1156,14,10,acbba_g34_d85_bernoulli_drop_0_25,reruns\grid_density\scenarios\cv\known_visit_grid34_targets10_trials50.csv,11,28,0,0,29,0,1,0,0,0,0.0,0,0,119,58,61,1394,324,88,85.5795,0.9724943181818181,0.9796499999999999,1.138,1.1982,20.3076,0.23076818181818182,0.21284999999999998,0.3145,0.5338,88,65.2719,0.7417261363636364,0.756,0.8367,0.8897,completed
18,known_visit,ACBBA,bernoulli,drop_0.25,34,1156,14,10,acbba_g34_d85_bernoulli_drop_0_25,reruns\grid_density\scenarios\cv\known_visit_grid34_targets10_trials50.csv,12,8,0,0,9,0,1,0,0,0,0.0,0,0,102,24,78,1405,331,160,140.3483,0.877176875,0.85625,1.0699,1.3267,28.5947,0.178716875,0.1807,0.2883,0.4615,160,111.7536,0.6984600000000001,0.68285,0.8074,0.9637,completed
18,known_visit,ACBBA,bernoulli,drop_0.25,34,1156,14,10,acbba_g34_d85_bernoulli_drop_0_25,reruns\grid_density\scenarios\cv\known_visit_grid34_targets10_trials50.csv,13,18,0,0,19,0,3,0,0,0,0.0,0,0,114,41,73,1398,326,128,116.1567,0.90747421875,0.9428,1.1138,1.1986,24.9542,0.1949546875,0.20595,0.284,0.48,128,91.2025,0.71251953125,0.72925,0.8324,0.9224,completed
19,known_visit,ACBBA,bernoulli,drop_0.25,34,1156,14,10,acbba_g34_d85_bernoulli_drop_0_25,reruns\grid_density\scenarios\cv\known_visit_grid34_targets10_trials50.csv,00,32,2,0,33,0,0,0,0,0,0.0,0,0,112,66,46,1106,229,84,61.79,0.7355952380952381,0.6985,0.9935,1.3487,10.7587,0.1280797619047619,0.1081,0.2506,0.5272,84,51.0313,0.6075154761904762,0.5893999999999999,0.725,0.8215,completed
19,known_visit,ACBBA,bernoulli,drop_0.25,34,1156,14,10,acbba_g34_d85_bernoulli_drop_0_25,reruns\grid_density\scenarios\cv\known_visit_grid34_targets10_trials50.csv,01,38,0,2,31,8,2,0,0,0,0.0,0,0,128,78,50,1081,238,64,48.1446,0.752259375,0.6960999999999999,1.1513,1.4341,9.0791,0.1418609375,0.1061,0.3854,0.6014,64,39.0655,0.6103984375,0.58865,0.8173,0.8889,completed
19,known_visit,ACBBA,bernoulli,drop_0.25,34,1156,14,10,acbba_g34_d85_bernoulli_drop_0_25,reruns\grid_density\scenarios\cv\known_visit_grid34_targets10_trials50.csv,02,31,1,1,27,5,0,0,0,0,0.0,0,0,107,65,42,1107,234,87,63.8448,0.7338482758620689,0.6813,0.9439,1.4227,11.2038,0.1287793103448276,0.0987,0.2224,0.5963,87,52.641,0.6050689655172413,0.5727,0.7535,0.8264,completed
19,known_visit,ACBBA,bernoulli,drop_0.25,34,1156,14,10,acbba_g34_d85_bernoulli_drop_0_25,reruns\grid_density\scenarios\cv\known_visit_grid34_targets10_trials50.csv,03,20,0,0,20,1,4,0,0,0,0.0,0,0,92,44,48,1130,225,127,100.8385,0.794003937007874,0.7168,1.0519,1.4178,19.8216,0.15607559055118111,0.1195,0.2417,0.6099,127,81.0169,0.6379283464566929,0.6066,0.8012,0.8568,completed
19,known_visit,ACBBA,bernoulli,drop_0.25,34,1156,14,10,acbba_g34_d85_bernoulli_drop_0_25,reruns\grid_density\scenarios\cv\known_visit_grid34_targets10_trials50.csv,04,11,0,0,12,0,2,0,0,0,0.0,0,0,82,28,54,1124,241,156,125.9397,0.8073057692307692,0.7673,1.0254,1.1781,25.2041,0.1615647435897436,0.1406,0.2531,0.5419,156,100.7356,0.6457410256410256,0.6253,0.7919,0.9154,completed
19,known_visit,ACBBA,bernoulli,drop_0.25,34,1156,14,10,acbba_g34_d85_bernoulli_drop_0_25,reruns\grid_density\scenarios\cv\known_visit_grid34_targets10_trials50.csv,05,4,0,0,5,0,1,0,0,0,0.0,0,0,55,12,43,1170,222,176,142.3081,0.80856875,0.7687,1.0848,1.4702,27.344,0.15536363636363637,0.1494,0.2527,0.5757,176,114.9641,0.6532051136363637,0.63215,0.8221,0.895,completed
19,known_visit,ACBBA,bernoulli,drop_0.25,34,1156,14,10,acbba_g34_d85_bernoulli_drop_0_25,reruns\grid_density\scenarios\cv\known_visit_grid34_targets10_trials50.csv,06,40,0,1,35,6,2,3,1,1,5.0,1,0,145,85,60,1060,243,58,55.31,0.9536206896551724,0.9338500000000001,1.3032,1.4082,13.8167,0.2382189655172414,0.2099,0.4884,0.5965,58,41.4933,0.715401724137931,0.7189,0.8376,0.8593,completed
19,known_visit,ACBBA,bernoulli,drop_0.25,34,1156,14,10,acbba_g34_d85_bernoulli_drop_0_25,reruns\grid_density\scenarios\cv\known_visit_grid34_targets10_trials50.csv,07,2,0,0,3,0,0,0,0,0,0.0,0,0,46,6,40,1162,239,182,145.0897,0.7971961538461538,0.7336,1.0616,1.4535,27.6561,0.1519565934065934,0.13695,0.2357,0.5909,182,117.4336,0.6452395604395604,0.61565,0.8259,0.9131,completed
19,known_visit,ACBBA,bernoulli,drop_0.25,34,1156,14,10,acbba_g34_d85_bernoulli_drop_0_25,reruns\grid_density\scenarios\cv\known_visit_grid34_targets10_trials50.csv,08,41,3,0,42,0,1,0,0,0,0.0,0,0,127,85,42,1085,236,56,45.7772,0.81745,0.7401,1.2325,1.4433,9.8901,0.17660892857142857,0.1397,0.4927,0.6208,56,35.8871,0.6408410714285714,0.6153,0.8217,0.8424,completed
19,known_visit,ACBBA,bernoulli,drop_0.25,34,1156,14,10,acbba_g34_d85_bernoulli_drop_0_25,reruns\grid_density\scenarios\cv\known_visit_grid34_targets10_trials50.csv,09,16,1,0,17,0,0,1,1,0,0.0,0,0,91,36,55,1112,244,139,113.0327,0.8131848920863309,0.7687,1.1209,1.4656,21.8943,0.15751294964028778,0.1394,0.2868,0.6331,139,91.1384,0.6556719424460432,0.6291,0.8663,0.9077,completed
19,known_visit,ACBBA,bernoulli,drop_0.25,34,1156,14,10,acbba_g34_d85_bernoulli_drop_0_25,reruns\grid_density\scenarios\cv\known_visit_grid34_targets10_trials50.csv,10,34,1,0,35,0,2,0,0,0,0.0,0,0,120,71,49,1095,232,81,59.7972,0.738237037037037,0.6686,1.0678,1.4716,10.4995,0.12962345679012344,0.0929,0.2597,0.6221,81,49.2977,0.6086135802469136,0.5754,0.7738,0.8495,completed
19,known_visit,ACBBA,bernoulli,drop_0.25,34,1156,14,10,acbba_g34_d85_bernoulli_drop_0_25,reruns\grid_density\scenarios\cv\known_visit_grid34_targets10_trials50.csv,11,36,0,1,33,4,1,0,0,0,0.0,0,0,121,75,46,1091,235,68,58.3147,0.8575691176470589,0.8472,1.1199,1.4141,12.7032,0.18681176470588237,0.16915,0.2914,0.5821,68,45.6115,0.6707573529411764,0.6587000000000001,0.8488,0.8699,completed
19,known_visit,ACBBA,bernoulli,drop_0.25,34,1156,14,10,acbba_g34_d85_bernoulli_drop_0_25,reruns\grid_density\scenarios\cv\known_visit_grid34_targets10_trials50.csv,12,22,0,0,19,4,0,0,0,0,0.0,0,0,83,46,37,1117,247,114,99.1766,0.8699701754385964,0.8756999999999999,1.0845,1.4871,21.0062,0.18426491228070174,0.1764,0.2699,0.6186,114,78.1704,0.6857052631578947,0.6891499999999999,0.8185,0.9513,completed
19,known_visit,ACBBA,bernoulli,drop_0.25,34,1156,14,10,acbba_g34_d85_bernoulli_drop_0_25,reruns\grid_density\scenarios\cv\known_visit_grid34_targets10_trials50.csv,13,47,2,0,46,2,0,0,0,0,0.0,0,0,139,97,42,1054,254,35,28.634,0.8181142857142857,0.756,1.2019,1.3687,5.9573,0.17020857142857143,0.1201,0.4757,0.5495,35,22.6767,0.6479057142857143,0.6307,0.8192,0.8397,completed
20,known_visit,ACBBA,bernoulli,drop_0.25,34,1156,14,10,acbba_g34_d85_bernoulli_drop_0_25,reruns\grid_density\scenarios\cv\known_visit_grid34_targets10_trials50.csv,00,24,1,0,25,0,1,0,0,0,0.0,0,0,114,50,64,1252,324,36,28.266000000000002,0.7851666666666667,0.759,1.1409,1.1451,5.9735,0.16593055555555555,0.11355,0.4371,0.445,36,22.2925,0.6192361111111111,0.63365,0.7733,0.7996,completed
20,known_visit,ACBBA,bernoulli,drop_0.25,34,1156,14,10,acbba_g34_d85_bernoulli_drop_0_25,reruns\grid_density\scenarios\cv\known_visit_grid34_targets10_trials50.csv,01,22,1,1,17,6,0,0,0,0,0.0,0,0,113,46,67,1283,294,38,30.8143,0.8109026315789474,0.8111999999999999,1.1276,1.3344,6.3939,0.16826052631578947,0.1338,0.4552,0.4913,38,24.4204,0.6426421052631579,0.6655500000000001,0.744,0.8431,completed
20,known_visit,ACBBA,bernoulli,drop_0.25,34,1156,14,10,acbba_g34_d85_bernoulli_drop_0_25,reruns\grid_density\scenarios\cv\known_visit_grid34_targets10_trials50.csv,02,18,0,0,11,8,3,0,0,0,0.0,0,0,113,40,73,1263,314,57,50.3922,0.8840736842105263,0.8751,1.1341,1.5965,12.267,0.21521052631578946,0.1901,0.4505,0.546,57,38.1252,0.6688631578947368,0.6772,0.8091,1.0505,completed
20,known_visit,ACBBA,bernoulli,drop_0.25,34,1156,14,10,acbba_g34_d85_bernoulli_drop_0_25,reruns\grid_density\scenarios\cv\known_visit_grid34_targets10_trials50.csv,03,22,1,0,22,1,2,0,0,0,0.0,0,0,107,47,60,1274,309,42,33.2438,0.7915190476190477,0.80125,1.1107,1.1485,6.9311,0.16502619047619047,0.13,0.4545,0.4716,42,26.3127,0.6264928571428572,0.65715,0.6974,0.7661,completed
20,known_visit,ACBBA,bernoulli,drop_0.25,34,1156,14,10,acbba_g34_d85_bernoulli_drop_0_25,reruns\grid_density\scenarios\cv\known_visit_grid34_targets10_trials50.csv,04,26,0,1,20,7,1,0,0,0,0.0,0,0,125,55,70,1277,288,26,21.9653,0.8448192307692307,0.81545,1.1217,1.1252,4.9174,0.1891307692307692,0.13295,0.4379,0.4531,26,17.0479,0.6556884615384615,0.66805,0.7169,0.7398,completed
20,known_visit,ACBBA,bernoulli,drop_0.25,34,1156,14,10,acbba_g34_d85_bernoulli_drop_0_25,reruns\grid_density\scenarios\cv\known_visit_grid34_targets10_trials50.csv,05,29,1,0,30,0,2,0,0,0,0.0,0,0,136,61,75,1256,298,19,17.7393,0.9336473684210527,0.9153,1.3854,1.3854,4.9397,0.2599842105263158,0.2242,0.4801,0.4801,19,12.7996,0.6736631578947369,0.6639,0.9778,0.9778,completed
20,known_visit,ACBBA,bernoulli,drop_0.25,34,1156,14,10,acbba_g34_d85_bernoulli_drop_0_25,reruns\grid_density\scenarios\cv\known_visit_grid34_targets10_trials50.csv,06,22,1,1,18,5,7,0,0,0,0.0,0,0,119,49,70,1279,292,43,35.7402,0.8311674418604652,0.8152,1.1245,1.2536,8.4704,0.1969860465116279,0.1317,0.4508,0.5168,43,27.2698,0.6341813953488372,0.6737,0.7368,0.7875,completed
20,known_visit,ACBBA,bernoulli,drop_0.25,34,1156,14,10,acbba_g34_d85_bernoulli_drop_0_25,reruns\grid_density\scenarios\cv\known_visit_grid34_targets10_trials50.csv,07,32,2,0,33,0,1,0,0,0,0.0,0,0,141,65,76,1254,296,11,9.9853,0.9077545454545455,0.8539,1.1158,1.1158,2.6255,0.2386818181818182,0.221,0.4478,0.4478,11,7.3598,0.6690727272727273,0.6832,0.7332,0.7332,completed
20,known_visit,ACBBA,bernoulli,drop_0.25,34,1156,14,10,acbba_g34_d85_bernoulli_drop_0_25,reruns\grid_density\scenarios\cv\known_visit_grid34_targets10_trials50.csv,08,26,1,0,25,2,3,6,2,2,10.0,1,0,136,56,80,1252,302,27,24.0073,0.8891592592592593,0.8574,1.0926,1.1008,6.2548,0.23165925925925926,0.1741,0.4108,0.432,27,17.7525,0.6575000000000001,0.6604,0.7256,0.7468,completed
20,known_visit,ACBBA,bernoulli,drop_0.25,34,1156,14,10,acbba_g34_d85_bernoulli_drop_0_25,reruns\grid_density\scenarios\cv\known_visit_grid34_targets10_trials50.csv,09,12,1,0,13,0,1,0,0,0,0.0,0,0,93,29,64,1297,300,74,60.0558,0.8115648648648648,0.8097000000000001,1.0534,1.1345,12.5404,0.16946486486486487,0.14615,0.332,0.458,74,47.5154,0.6421,0.65245,0.7604,0.8463,completed
20,known_visit,ACBBA,bernoulli,drop_0.25,34,1156,14,10,acbba_g34_d85_bernoulli_drop_0_25,reruns\grid_density\scenarios\cv\known_visit_grid34_targets10_trials50.csv,10,19,0,0,12,8,6,0,0,0,0.0,0,0,113,42,71,1248,330,52,46.283,0.8900576923076924,0.8988499999999999,1.1327,1.2063,11.2382,0.21611923076923079,0.1838,0.4577,0.5124,52,35.0448,0.6739384615384616,0.6759,0.7895,0.8018,completed
20,known_visit,ACBBA,bernoulli,drop_0.25,34,1156,14,10,acbba_g34_d85_bernoulli_drop_0_25,reruns\grid_density\scenarios\cv\known_visit_grid34_targets10_trials50.csv,11,30,1,0,30,1,4,0,0,0,0.0,0,0,135,62,73,1252,304,13,12.7675,0.9821153846153846,0.9601,1.6305,1.6305,4.0774,0.31364615384615385,0.2802,0.6101,0.6101,13,8.6901,0.6684692307692307,0.6617,1.0204,1.0204,completed
20,known_visit,ACBBA,bernoulli,drop_0.25,34,1156,14,10,acbba_g34_d85_bernoulli_drop_0_25,reruns\grid_density\scenarios\cv\known_visit_grid34_targets10_trials50.csv,12,15,0,0,13,3,4,0,0,0,0.0,0,0,113,37,76,1267,311,63,53.7345,0.8529285714285714,0.8683,1.097,1.2801,12.5923,0.19987777777777777,0.1791,0.4122,0.5243,63,41.1422,0.6530507936507937,0.6697,0.781,0.8002,completed
20,known_visit,ACBBA,bernoulli,drop_0.25,34,1156,14,10,acbba_g34_d85_bernoulli_drop_0_25,reruns\grid_density\scenarios\cv\known_visit_grid34_targets10_trials50.csv,13,18,0,0,18,1,5,0,0,0,0.0,0,0,133,42,91,1267,290,58,53.5833,0.9238500000000001,0.89345,1.187,1.8172,13.9801,0.24103620689655172,0.19979999999999998,0.4431,0.7553,58,39.6032,0.6828137931034483,0.6789499999999999,0.7803,1.0619,completed
21,known_visit,ACBBA,bernoulli,drop_0.25,34,1156,14,10,acbba_g34_d85_bernoulli_drop_0_25,reruns\grid_density\scenarios\cv\known_visit_grid34_targets10_trials50.csv,00,23,1,1,18,6,0,0,0,0,0.0,0,0,116,48,68,1127,295,16,16.588,1.03675,1.0058500000000001,1.4184,1.4184,4.452,0.27825,0.23104999999999998,0.5978,0.5978,16,12.136,0.7585,0.75865,0.8912,0.8912,completed
21,known_visit,ACBBA,bernoulli,drop_0.25,34,1156,14,10,acbba_g34_d85_bernoulli_drop_0_25,reruns\grid_density\scenarios\cv\known_visit_grid34_targets10_trials50.csv,01,16,1,0,17,0,2,0,0,0,0.0,0,0,105,36,69,1130,303,38,35.6079,0.93705,0.9318,1.4284,1.462,8.3559,0.2198921052631579,0.19295,0.5919,0.6286,38,27.252,0.7171578947368421,0.7383,0.8848,0.8916,completed
21,known_visit,ACBBA,bernoulli,drop_0.25,34,1156,14,10,acbba_g34_d85_bernoulli_drop_0_25,reruns\grid_density\scenarios\cv\known_visit_grid34_targets10_trials50.csv,02,24,2,0,25,0,4,0,0,0,0.0,0,0,123,50,73,1123,293,15,15.3196,1.0213066666666666,0.9847,1.3902,1.3902,4.6963,0.3130866666666667,0.2943,0.5931,0.5931,15,10.6233,0.7082200000000001,0.7264,0.7971,0.7971,completed
21,known_visit,ACBBA,bernoulli,drop_0.25,34,1156,14,10,acbba_g34_d85_bernoulli_drop_0_25,reruns\grid_density\scenarios\cv\known_visit_grid34_targets10_trials50.csv,03,13,0,0,12,2,2,1,1,0,0.0,0,0,106,30,76,1159,273,46,36.595,0.7955434782608696,0.74455,1.2199,1.3707,7.7125,0.1676630434782609,0.1291,0.4614,0.5769,46,28.8825,0.6278804347826087,0.6227,0.7878,0.8202,completed
21,known_visit,ACBBA,bernoulli,drop_0.25,34,1156,14,10,acbba_g34_d85_bernoulli_drop_0_25,reruns\grid_density\scenarios\cv\known_visit_grid34_targets10_trials50.csv,04,18,0,1,15,4,2,0,0,0,0.0,0,0,106,39,67,1142,292,31,24.8883,0.8028483870967742,0.7569,1.2843,1.3815,5.3303,0.17194516129032258,0.1323,0.5,0.5846,31,19.558,0.6309032258064516,0.6207,0.7843,0.7969,completed
21,known_visit,ACBBA,bernoulli,drop_0.25,34,1156,14,10,acbba_g34_d85_bernoulli_drop_0_25,reruns\grid_density\scenarios\cv\known_visit_grid34_targets10_trials50.csv,05,20,0,2,17,4,1,0,0,0,0.0,0,0,116,44,72,1109,314,29,28.6383,0.9875275862068966,0.9859,1.3048,1.3876,7.164,0.24703448275862067,0.2415,0.4918,0.6004,29,21.4743,0.7404931034482758,0.7457,0.8418,0.8873,completed
21,known_visit,ACBBA,bernoulli,drop_0.25,34,1156,14,10,acbba_g34_d85_bernoulli_drop_0_25,reruns\grid_density\scenarios\cv\known_visit_grid34_targets10_trials50.csv,06,7,0,0,7,1,2,1,1,0,0.0,0,0,95,20,75,1136,307,67,61.522,0.9182388059701493,0.9476,1.2301,1.4258,13.6271,0.20338955223880598,0.1961,0.3857,0.5895,67,47.8949,0.7148492537313432,0.7454,0.8923,0.9257,completed
21,known_visit,ACBBA,bernoulli,drop_0.25,34,1156,14,10,acbba_g34_d85_bernoulli_drop_0_25,reruns\grid_density\scenarios\cv\known_visit_grid34_targets10_trials50.csv,07,25,2,0,26,0,4,0,0,0,0.0,0,0,124,51,73,1134,280,11,12.3531,1.1230090909090908,1.0994,1.4841,1.4841,4.0733,0.37029999999999996,0.3039,0.5956,0.5956,11,8.2798,0.7527090909090909,0.7644,0.8928,0.8928,completed
21,known_visit,ACBBA,bernoulli,drop_0.25,34,1156,14,10,acbba_g34_d85_bernoulli_drop_0_25,reruns\grid_density\scenarios\cv\known_visit_grid34_targets10_trials50.csv,08,8,0,0,9,0,2,0,0,0,0.0,0,0,94,21,73,1126,319,64,53.7988,0.84060625,0.7985,1.0672,1.3818,10.9512,0.1711125,0.1441,0.3328,0.5784,64,42.8476,0.66949375,0.6525000000000001,0.7953,0.8288,completed
21,known_visit,ACBBA,bernoulli,drop_0.25,34,1156,14,10,acbba_g34_d85_bernoulli_drop_0_25,reruns\grid_density\scenarios\cv\known_visit_grid34_targets10_trials50.csv,09,24,2,0,25,0,2,0,0,0,0.0,0,0,118,51,67,1133,287,17,16.6987,0.9822764705882352,0.9535,1.4133,1.4133,4.7452,0.27912941176470585,0.2167,0.5778,0.5778,17,11.9535,0.7031470588235295,0.7441,0.8355,0.8355,completed
21,known_visit,ACBBA,bernoulli,drop_0.25,34,1156,14,10,acbba_g34_d85_bernoulli_drop_0_25,reruns\grid_density\scenarios\cv\known_visit_grid34_targets10_trials50.csv,10,8,0,1,8,1,4,0,0,0,0.0,0,0,93,20,73,1144,302,66,57.402,0.8697272727272728,0.78795,1.212,1.3714,12.6114,0.19108181818181819,0.136,0.4547,0.5459,66,44.7906,0.6786454545454546,0.6570499999999999,0.8255,0.8945,completed
21,known_visit,ACBBA,bernoulli,drop_0.25,34,1156,14,10,acbba_g34_d85_bernoulli_drop_0_25,reruns\grid_density\scenarios\cv\known_visit_grid34_targets10_trials50.csv,11,26,1,0,27,0,5,0,0,0,0.0,0,0,126,53,73,1099,315,13,14.4772,1.1136307692307692,1.1585,1.4436,1.4436,5.0324,0.3871076923076923,0.3917,0.5853,0.5853,13,9.444799999999999,0.7265230769230768,0.7532,0.8583,0.8583,completed
21,known_visit,ACBBA,bernoulli,drop_0.25,34,1156,14,10,acbba_g34_d85_bernoulli_drop_0_25,reruns\grid_density\scenarios\cv\known_visit_grid34_targets10_trials50.csv,12,10,0,0,11,0,5,3,1,1,5.0,1,0,107,27,80,1171,261,61,55.5498,0.9106524590163934,0.9279,1.2688,1.3746,12.6342,0.20711803278688523,0.1909,0.4886,0.5722,61,42.9156,0.7035344262295081,0.7388,0.8024,0.932,completed
21,known_visit,ACBBA,bernoulli,drop_0.25,34,1156,14,10,acbba_g34_d85_bernoulli_drop_0_25,reruns\grid_density\scenarios\cv\known_visit_grid34_targets10_trials50.csv,13,8,1,0,8,1,4,0,0,0,0.0,0,0,111,23,88,1126,302,65,60.1287,0.9250569230769231,0.9344,1.2844,1.3569,13.574,0.20883076923076924,0.1899,0.5082,0.5407,65,46.5547,0.7162261538461538,0.7453,0.8524,1.0161,completed
22,known_visit,ACBBA,bernoulli,drop_0.25,34,1156,14,10,acbba_g34_d85_bernoulli_drop_0_25,reruns\grid_density\scenarios\cv\known_visit_grid34_targets10_trials50.csv,00,15,0,2,11,5,0,0,0,0,0.0,0,0,101,32,69,1407,367,88,69.4719,0.7894534090909091,0.78315,1.0561,1.2278,13.4752,0.15312727272727272,0.1384,0.3771,0.5021,88,55.9967,0.6363261363636363,0.6339999999999999,0.7494,0.8735,completed
22,known_visit,ACBBA,bernoulli,drop_0.25,34,1156,14,10,acbba_g34_d85_bernoulli_drop_0_25,reruns\grid_density\scenarios\cv\known_visit_grid34_targets10_trials50.csv,01,25,1,1,19,7,0,0,0,0,0.0,0,0,133,55,78,1399,343,52,44.6595,0.8588365384615385,0.83875,1.1278,1.2562,9.4709,0.1821326923076923,0.16585,0.4331,0.508,52,35.1886,0.6767038461538462,0.6533500000000001,0.8299,0.9183,completed
22,known_visit,ACBBA,bernoulli,drop_0.25,34,1156,14,10,acbba_g34_d85_bernoulli_drop_0_25,reruns\grid_density\scenarios\cv\known_visit_grid34_targets10_trials50.csv,02,38,4,0,39,0,3,0,0,0,0.0,0,0,156,78,78,1372,347,14,13.2128,0.9437714285714286,0.9337,1.2679,1.2679,4.049,0.28921428571428576,0.2629,0.4826,0.4826,14,9.1638,0.6545571428571428,0.65845,0.7853,0.7853,completed
22,known_visit,ACBBA,bernoulli,drop_0.25,34,1156,14,10,acbba_g34_d85_bernoulli_drop_0_25,reruns\grid_density\scenarios\cv\known_visit_grid34_targets10_trials50.csv,03,24,0,0,21,4,2,1,1,0,0.0,0,0,130,51,79,1407,338,59,48.334,0.8192203389830509,0.8223,1.2386,1.2779,10.4133,0.17649661016949153,0.1423,0.4445,0.5121,59,37.9207,0.6427237288135592,0.6376,0.7887,0.8064,completed
22,known_visit,ACBBA,bernoulli,drop_0.25,34,1156,14,10,acbba_g34_d85_bernoulli_drop_0_25,reruns\grid_density\scenarios\cv\known_visit_grid34_targets10_trials50.csv,04,31,0,1,23,9,4,0,0,0,0.0,0,0,147,65,82,1389,339,36,29.2784,0.813288888888889,0.7121500000000001,1.239,1.2986,6.8441,0.1901138888888889,0.12614999999999998,0.4701,0.5087,36,22.4343,0.623175,0.5967,0.774,0.7899,completed
22,known_visit,ACBBA,bernoulli,drop_0.25,34,1156,14,10,acbba_g34_d85_bernoulli_drop_0_25,reruns\grid_density\scenarios\cv\known_visit_grid34_targets10_trials50.csv,05,24,1,0,20,5,4,1,1,0,0.0,0,0,136,52,84,1425,315,62,53.1922,0.8579387096774194,0.8149500000000001,1.1649,1.3141,12.0577,0.19447903225806454,0.1574,0.4312,0.5056,62,41.1345,0.6634596774193549,0.6472,0.7831,0.8194,completed
22,known_visit,ACBBA,bernoulli,drop_0.25,34,1156,14,10,acbba_g34_d85_bernoulli_drop_0_25,reruns\grid_density\scenarios\cv\known_visit_grid34_targets10_trials50.csv,06,35,1,0,29,7,8,3,3,0,0.0,0,0,170,75,95,1359,347,30,28.8986,0.9632866666666666,0.88575,1.3034,1.3396,8.6916,0.28972,0.21505,0.5205,0.525,30,20.207,0.6735666666666666,0.6468,0.7905,0.8146,completed
22,known_visit,ACBBA,bernoulli,drop_0.25,34,1156,14,10,acbba_g34_d85_bernoulli_drop_0_25,reruns\grid_density\scenarios\cv\known_visit_grid34_targets10_trials50.csv,07,25,0,0,21,5,6,3,1,1,5.0,1,0,142,56,86,1390,343,57,47.9102,0.8405298245614036,0.8145,1.09,1.1627,10.9947,0.19288947368421053,0.1661,0.3878,0.45,57,36.9155,0.647640350877193,0.6377,0.7455,0.798,completed
22,known_visit,ACBBA,bernoulli,drop_0.25,34,1156,14,10,acbba_g34_d85_bernoulli_drop_0_25,reruns\grid_density\scenarios\cv\known_visit_grid34_targets10_trials50.csv,08,26,0,1,23,4,4,0,0,0,0.0,0,0,142,59,83,1414,319,55,46.0446,0.8371745454545455,0.8102,1.297,1.5291,10.9422,0.1989490909090909,0.1703,0.5027,0.6176,55,35.1024,0.6382254545454547,0.6356,0.8881,0.9115,completed
22,known_visit,ACBBA,bernoulli,drop_0.25,34,1156,14,10,acbba_g34_d85_bernoulli_drop_0_25,reruns\grid_density\scenarios\cv\known_visit_grid34_targets10_trials50.csv,09,24,1,0,25,0,2,0,0,0,0.0,0,0,126,51,75,1417,332,58,45.2093,0.7794706896551724,0.754,1.0916,1.329,9.1999,0.15861896551724136,0.13565,0.4342,0.564,58,36.0094,0.620851724137931,0.61965,0.765,0.7782,completed
22,known_visit,ACBBA,bernoulli,drop_0.25,34,1156,14,10,acbba_g34_d85_bernoulli_drop_0_25,reruns\grid_density\scenarios\cv\known_visit_grid34_targets10_trials50.csv,10,20,0,0,21,0,10,0,0,0,0.0,0,0,138,48,90,1366,372,78,69.4582,0.8904897435897436,0.8611,1.1391,1.298,15.8638,0.20338205128205128,0.17154999999999998,0.4519,0.5232,78,53.5944,0.6871076923076923,0.6727,0.8142,0.8992,completed
22,known_visit,ACBBA,bernoulli,drop_0.25,34,1156,14,10,acbba_g34_d85_bernoulli_drop_0_25,reruns\grid_density\scenarios\cv\known_visit_grid34_targets10_trials50.csv,11,11,0,0,12,0,2,1,1,0,0.0,0,0,110,25,85,1439,326,102,82.1309,0.8052049019607843,0.81085,1.0183,1.3103,17.0371,0.16703039215686274,0.14700000000000002,0.3294,0.533,102,65.0938,0.6381745098039215,0.6357,0.7466,0.8006,completed
22,known_visit,ACBBA,bernoulli,drop_0.25,34,1156,14,10,acbba_g34_d85_bernoulli_drop_0_25,reruns\grid_density\scenarios\cv\known_visit_grid34_targets10_trials50.csv,12,17,0,1,16,2,2,2,2,0,0.0,0,0,124,39,85,1391,360,82,65.56,0.7995121951219513,0.8027,1.1044,1.2589,14.1066,0.17203170731707318,0.1411,0.3475,0.4973,82,51.4534,0.6274804878048781,0.63035,0.7639,0.8449,completed
22,known_visit,ACBBA,bernoulli,drop_0.25,34,1156,14,10,acbba_g34_d85_bernoulli_drop_0_25,reruns\grid_density\scenarios\cv\known_visit_grid34_targets10_trials50.csv,13,17,2,0,17,1,1,1,1,0,0.0,0,0,121,39,82,1386,368,87,72.599,0.8344712643678162,0.8122,1.0269,1.2308,15.2528,0.17531954022988505,0.1569,0.2717,0.5395,87,57.3462,0.6591517241379311,0.6481,0.76,0.8494,completed
23,known_visit,ACBBA,bernoulli,drop_0.25,34,1156,14,10,acbba_g34_d85_bernoulli_drop_0_25,reruns\grid_density\scenarios\cv\known_visit_grid34_targets10_trials50.csv,00,31,1,0,27,5,1,0,0,0,0.0,0,0,138,66,72,1471,345,62,47.4157,0.7647693548387097,0.73665,1.1509,1.2672,8.6259,0.13912741935483872,0.10545,0.3906,0.467,62,38.7898,0.6256419354838709,0.6271500000000001,0.8002,0.9105,completed
23,known_visit,ACBBA,bernoulli,drop_0.25,34,1156,14,10,acbba_g34_d85_bernoulli_drop_0_25,reruns\grid_density\scenarios\cv\known_visit_grid34_targets10_trials50.csv,01,31,1,0,31,1,3,0,0,0,0.0,0,0,138,66,72,1457,358,64,48.5206,0.758134375,0.7664,1.067,1.1247,8.957,0.139953125,0.1187,0.3406,0.4703,64,39.5636,0.61818125,0.638,0.7623,0.9114,completed
23,known_visit,ACBBA,bernoulli,drop_0.25,34,1156,14,10,acbba_g34_d85_bernoulli_drop_0_25,reruns\grid_density\scenarios\cv\known_visit_grid34_targets10_trials50.csv,02,28,1,0,27,2,2,0,0,0,0.0,0,0,137,61,76,1480,336,70,57.4452,0.8206457142857143,0.7978000000000001,1.0772,1.2355,11.3867,0.16266714285714284,0.13605,0.3533,0.4715,70,46.0585,0.6579785714285714,0.6630499999999999,0.8162,0.8328,completed
23,known_visit,ACBBA,bernoulli,drop_0.25,34,1156,14,10,acbba_g34_d85_bernoulli_drop_0_25,reruns\grid_density\scenarios\cv\known_visit_grid34_targets10_trials50.csv,03,32,0,1,29,4,7,3,1,1,5.0,1,0,163,70,93,1420,372,62,59.7507,0.9637209677419355,0.98065,1.2621,1.3373,13.8872,0.22398709677419354,0.2059,0.4354,0.5914,62,45.8635,0.739733870967742,0.7537,0.8845,0.99,completed
23,known_visit,ACBBA,bernoulli,drop_0.25,34,1156,14,10,acbba_g34_d85_bernoulli_drop_0_25,reruns\grid_density\scenarios\cv\known_visit_grid34_targets10_trials50.csv,04,28,1,1,22,7,2,3,1,1,5.0,1,0,131,60,71,1484,339,72,66.4584,0.9230333333333333,0.9350499999999999,1.1278,1.3467,14.2584,0.19803333333333334,0.2054,0.3736,0.4696,72,52.2,0.7250000000000001,0.7118,0.8441,0.9645,completed
23,known_visit,ACBBA,bernoulli,drop_0.25,34,1156,14,10,acbba_g34_d85_bernoulli_drop_0_25,reruns\grid_density\scenarios\cv\known_visit_grid34_targets10_trials50.csv,05,34,1,0,35,0,2,6,1,2,20.0,2,0,147,71,76,1488,319,50,39.3016,0.7860320000000001,0.7645500000000001,1.1117,1.2863,7.4164,0.14832800000000002,0.11085,0.3446,0.5575,50,31.8852,0.637704,0.6475,0.7428,0.8003,completed
23,known_visit,ACBBA,bernoulli,drop_0.25,34,1156,14,10,acbba_g34_d85_bernoulli_drop_0_25,reruns\grid_density\scenarios\cv\known_visit_grid34_targets10_trials50.csv,06,31,1,0,32,0,5,0,0,0,0.0,0,0,151,67,84,1469,335,67,62.5107,0.9329955223880597,0.9812,1.1821,1.2636,14.2273,0.21234776119402984,0.206,0.4244,0.4863,67,48.2834,0.7206477611940298,0.7298,0.8561,0.9914,completed
23,known_visit,ACBBA,bernoulli,drop_0.25,34,1156,14,10,acbba_g34_d85_bernoulli_drop_0_25,reruns\grid_density\scenarios\cv\known_visit_grid34_targets10_trials50.csv,07,7,0,0,6,2,2,0,0,0,0.0,0,0,100,18,82,1509,344,139,120.2149,0.8648553956834533,0.8425,1.1249,1.2765,24.2972,0.1748,0.1801,0.248,0.4785,139,95.9177,0.6900553956834532,0.6772,0.8683,0.9405,completed
23,known_visit,ACBBA,bernoulli,drop_0.25,34,1156,14,10,acbba_g34_d85_bernoulli_drop_0_25,reruns\grid_density\scenarios\cv\known_visit_grid34_targets10_trials50.csv,08,43,1,0,44,0,3,0,0,0,0.0,0,0,165,88,77,1443,346,22,20.6584,0.9390181818181819,0.83765,1.237,1.2516,5.4517,0.24780454545454544,0.16575,0.4819,0.5547,22,15.2067,0.6912136363636363,0.6751,0.8203,0.8459,completed
23,known_visit,ACBBA,bernoulli,drop_0.25,34,1156,14,10,acbba_g34_d85_bernoulli_drop_0_25,reruns\grid_density\scenarios\cv\known_visit_grid34_targets10_trials50.csv,09,15,0,1,7,9,3,0,0,0,0.0,0,0,112,34,78,1436,405,111,92.6471,0.8346585585585585,0.7532,1.1145,1.2843,18.8813,0.1701018018018018,0.127,0.276,0.5181,111,73.7658,0.6645567567567567,0.6438,0.8576,1.0083,completed
23,known_visit,ACBBA,bernoulli,drop_0.25,34,1156,14,10,acbba_g34_d85_bernoulli_drop_0_25,reruns\grid_density\scenarios\cv\known_visit_grid34_targets10_trials50.csv,10,28,1,0,29,0,8,0,0,0,0.0,0,0,145,60,85,1428,381,75,68.2952,0.9106026666666666,0.9257,1.1948,1.4119,15.2025,0.20270000000000002,0.1936,0.4697,0.579,75,53.0927,0.7079026666666667,0.7191,0.8815,0.9278,completed
23,known_visit,ACBBA,bernoulli,drop_0.25,34,1156,14,10,acbba_g34_d85_bernoulli_drop_0_25,reruns\grid_density\scenarios\cv\known_visit_grid34_targets10_trials50.csv,11,37,1,2,27,11,5,0,0,0,0.0,0,0,152,77,75,1421,380,44,42.5242,0.9664590909090909,0.9562,1.2633,1.4109,10.8427,0.246425,0.21575,0.4913,0.5441,44,31.6815,0.7200340909090909,0.7451000000000001,0.8566,0.9557,completed
23,known_visit,ACBBA,bernoulli,drop_0.25,34,1156,14,10,acbba_g34_d85_bernoulli_drop_0_25,reruns\grid_density\scenarios\cv\known_visit_grid34_targets10_trials50.csv,12,9,0,1,9,1,1,0,0,0,0.0,0,0,115,27,88,1498,341,138,118.9769,0.8621514492753624,0.85405,1.1011,1.2151,24.4263,0.1770021739130435,0.1661,0.3115,0.4904,138,94.5506,0.6851492753623188,0.69205,0.8459,0.8821,completed
23,known_visit,ACBBA,bernoulli,drop_0.25,34,1156,14,10,acbba_g34_d85_bernoulli_drop_0_25,reruns\grid_density\scenarios\cv\known_visit_grid34_targets10_trials50.csv,13,34,1,1,29,6,1,0,0,0,0.0,0,0,161,72,89,1428,364,51,49.4416,0.9694431372549019,0.9933,1.2839,1.3869,11.1473,0.21857450980392157,0.207,0.4837,0.555,51,38.2943,0.7508686274509804,0.7646,0.8791,0.8958,completed
24,known_visit,ACBBA,bernoulli,drop_0.25,34,1156,14,10,acbba_g34_d85_bernoulli_drop_0_25,reruns\grid_density\scenarios\cv\known_visit_grid34_targets10_trials50.csv,00,37,0,1,25,13,3,0,0,0,0.0,0,0,167,78,89,1824,404,81,63.886,0.7887160493827161,0.7271,1.2034,1.4729,13.334999999999999,0.16462962962962963,0.1239,0.4634,0.5883,81,50.551,0.6240864197530864,0.6047,0.7472,0.8846,completed
24,known_visit,ACBBA,bernoulli,drop_0.25,34,1156,14,10,acbba_g34_d85_bernoulli_drop_0_25,reruns\grid_density\scenarios\cv\known_visit_grid34_targets10_trials50.csv,01,38,1,0,37,2,2,0,0,0,0.0,0,0,172,81,91,1796,427,80,62.9039,0.78629875,0.7309000000000001,1.1363,1.4934,12.93,0.161625,0.1268,0.4157,0.6135,80,49.9739,0.62467375,0.60225,0.7726,0.8799,completed
24,known_visit,ACBBA,bernoulli,drop_0.25,34,1156,14,10,acbba_g34_d85_bernoulli_drop_0_25,reruns\grid_density\scenarios\cv\known_visit_grid34_targets10_trials50.csv,02,49,1,0,46,4,1,0,0,0,0.0,0,0,193,100,93,1781,421,37,33.2353,0.8982513513513514,0.829,1.3321,1.4043,8.0128,0.21656216216216218,0.1661,0.5035,0.5631,37,25.2225,0.6816891891891892,0.6629,0.8286,0.8412,completed
24,known_visit,ACBBA,bernoulli,drop_0.25,34,1156,14,10,acbba_g34_d85_bernoulli_drop_0_25,reruns\grid_density\scenarios\cv\known_visit_grid34_targets10_trials50.csv,03,44,0,1,39,6,2,0,0,0,0.0,0,0,184,94,90,1795,416,56,46.7083,0.8340767857142858,0.8046,1.2291,1.4051,10.2986,0.18390357142857144,0.1538,0.4786,0.6013,56,36.4097,0.6501732142857143,0.653,0.7657,0.8496,completed
24,known_visit,ACBBA,bernoulli,drop_0.25,34,1156,14,10,acbba_g34_d85_bernoulli_drop_0_25,reruns\grid_density\scenarios\cv\known_visit_grid34_targets10_trials50.csv,04,50,1,1,45,6,2,3,1,1,5.0,1,0,201,104,97,1753,441,31,29.5581,0.9534870967741935,0.933,1.2112,1.2531,7.4833,0.24139677419354838,0.2131,0.4736,0.4983,31,22.0748,0.7120903225806452,0.7254,0.8685,0.9955,completed
24,known_visit,ACBBA,bernoulli,drop_0.25,34,1156,14,10,acbba_g34_d85_bernoulli_drop_0_25,reruns\grid_density\scenarios\cv\known_visit_grid34_targets10_trials50.csv,05,21,0,0,22,0,7,0,0,0,0.0,0,0,148,50,98,1829,418,134,108.0872,0.806620895522388,0.7565500000000001,1.0997,1.4185,21.6387,0.1614828358208955,0.12935,0.362,0.5786,134,86.4485,0.6451380597014925,0.6242000000000001,0.8271,0.942,completed
24,known_visit,ACBBA,bernoulli,drop_0.25,34,1156,14,10,acbba_g34_d85_bernoulli_drop_0_25,reruns\grid_density\scenarios\cv\known_visit_grid34_targets10_trials50.csv,06,36,1,0,35,2,4,0,0,0,0.0,0,0,167,78,89,1801,428,86,66.6578,0.7750906976744185,0.7258,1.1586,1.5208,12.9887,0.1510313953488372,0.12079999999999999,0.4254,0.6344,86,53.6691,0.6240593023255814,0.6024499999999999,0.763,0.8864,completed
24,known_visit,ACBBA,bernoulli,drop_0.25,34,1156,14,10,acbba_g34_d85_bernoulli_drop_0_25,reruns\grid_density\scenarios\cv\known_visit_grid34_targets10_trials50.csv,07,44,2,0,39,6,4,0,0,0,0.0,0,0,188,95,93,1778,429,55,49.0082,0.8910581818181819,0.8593,1.2183,1.268,11.3253,0.20591454545454546,0.1747,0.4489,0.4843,55,37.682900000000004,0.6851436363636364,0.6841,0.7837,0.8054,completed
24,known_visit,ACBBA,bernoulli,drop_0.25,34,1156,14,10,acbba_g34_d85_bernoulli_drop_0_25,reruns\grid_density\scenarios\cv\known_visit_grid34_targets10_trials50.csv,08,22,0,0,23,0,9,0,0,0,0.0,0,0,157,55,102,1828,411,138,116.2704,0.8425391304347826,0.8106,1.1083,1.443,24.4374,0.17708260869565218,0.1491,0.3827,0.6054,138,91.833,0.6654565217391304,0.6526,0.8094,0.8723,completed
24,known_visit,ACBBA,bernoulli,drop_0.25,34,1156,14,10,acbba_g34_d85_bernoulli_drop_0_25,reruns\grid_density\scenarios\cv\known_visit_grid34_targets10_trials50.csv,09,45,0,2,32,14,3,0,0,0,0.0,0,0,185,94,91,1766,446,53,51.8933,0.9791188679245284,0.9883,1.2608,1.4688,12.4798,0.23546792452830187,0.2116,0.4997,0.6864,53,39.4135,0.7436509433962264,0.7444,0.8763,0.9205,completed
24,known_visit,ACBBA,bernoulli,drop_0.25,34,1156,14,10,acbba_g34_d85_bernoulli_drop_0_25,reruns\grid_density\scenarios\cv\known_visit_grid34_targets10_trials50.csv,10,43,1,0,43,1,6,0,0,0,0.0,0,0,183,90,93,1799,413,60,48.4182,0.80697,0.732,1.1348,1.5614,10.9557,0.182595,0.11845,0.4064,0.5775,60,37.4625,0.624375,0.6135999999999999,0.7584,0.9839,completed
24,known_visit,ACBBA,bernoulli,drop_0.25,34,1156,14,10,acbba_g34_d85_bernoulli_drop_0_25,reruns\grid_density\scenarios\cv\known_visit_grid34_targets10_trials50.csv,11,10,0,0,11,0,4,0,0,0,0.0,0,0,129,28,101,1801,465,171,145.7655,0.8524298245614035,0.8333,1.0477,1.5124,29.4484,0.172212865497076,0.1565,0.2425,0.6106,171,116.3171,0.6802169590643274,0.6813,0.8052,1.036,completed
24,known_visit,ACBBA,bernoulli,drop_0.25,34,1156,14,10,acbba_g34_d85_bernoulli_drop_0_25,reruns\grid_density\scenarios\cv\known_visit_grid34_targets10_trials50.csv,12,26,1,1,25,2,4,0,0,0,0.0,0,0,155,56,99,1806,434,115,100.1851,0.8711747826086957,0.8951,1.1485,1.4418,21.6691,0.18842695652173913,0.1871,0.3463,0.5904,115,78.516,0.6827478260869566,0.7042,0.8218,0.9405,completed
24,known_visit,ACBBA,bernoulli,drop_0.25,34,1156,14,10,acbba_g34_d85_bernoulli_drop_0_25,reruns\grid_density\scenarios\cv\known_visit_grid34_targets10_trials50.csv,13,31,2,0,32,0,6,0,0,0,0.0,0,0,168,69,99,1784,443,100,79.2767,0.792767,0.74665,1.0292,1.4836,16.4694,0.164694,0.13265,0.316,0.5894,100,62.8073,0.628073,0.60975,0.7467,0.8942,completed
25,known_visit,ACBBA,bernoulli,drop_0.25,34,1156,14,10,acbba_g34_d85_bernoulli_drop_0_25,reruns\grid_density\scenarios\cv\known_visit_grid34_targets10_trials50.csv,00,49,3,0,44,6,3,0,0,0,0.0,0,0,188,101,87,1679,395,18,17.6724,0.9818,0.98055,1.4038,1.4038,5.1439,0.28577222222222226,0.24625,0.5423,0.5423,18,12.528500000000001,0.6960277777777778,0.7421,0.9003,0.9003,completed
25,known_visit,ACBBA,bernoulli,drop_0.25,34,1156,14,10,acbba_g34_d85_bernoulli_drop_0_25,reruns\grid_density\scenarios\cv\known_visit_grid34_targets10_trials50.csv,01,17,0,0,17,1,3,0,0,0,0.0,0,0,127,37,90,1714,420,124,110.3583,0.8899862903225807,0.86875,1.1168,1.376,24.1945,0.195116935483871,0.187,0.2759,0.5447,124,86.1638,0.6948693548387096,0.69195,0.8782,1.1662,completed
25,known_visit,ACBBA,bernoulli,drop_0.25,34,1156,14,10,acbba_g34_d85_bernoulli_drop_0_25,reruns\grid_density\scenarios\cv\known_visit_grid34_targets10_trials50.csv,02,49,1,1,45,5,5,0,0,0,0.0,0,0,192,101,91,1649,420,20,20.8023,1.040115,1.04615,1.3547,1.6041,6.6766,0.33382999999999996,0.26105,0.5493,0.6387,20,14.1257,0.706285,0.7469,0.8102,0.9654,completed
25,known_visit,ACBBA,bernoulli,drop_0.25,34,1156,14,10,acbba_g34_d85_bernoulli_drop_0_25,reruns\grid_density\scenarios\cv\known_visit_grid34_targets10_trials50.csv,03,31,0,1,30,2,9,0,0,0,0.0,0,0,171,69,102,1665,425,87,77.8639,0.8949873563218391,0.8845,1.2361,1.4507,18.2788,0.21010114942528735,0.168,0.4986,0.5525,87,59.5851,0.6848862068965517,0.7125,0.8245,0.8982,completed
25,known_visit,ACBBA,bernoulli,drop_0.25,34,1156,14,10,acbba_g34_d85_bernoulli_drop_0_25,reruns\grid_density\scenarios\cv\known_visit_grid34_targets10_trials50.csv,04,33,1,1,21,13,0,0,0,0,0.0,0,0,162,71,91,1628,471,69,66.0251,0.9568855072463768,0.9141,1.2301,1.3394,15.3922,0.2230753623188406,0.1855,0.4775,0.5333,69,50.6329,0.7338101449275363,0.7314,0.8501,0.931,completed
25,known_visit,ACBBA,bernoulli,drop_0.25,34,1156,14,10,acbba_g34_d85_bernoulli_drop_0_25,reruns\grid_density\scenarios\cv\known_visit_grid34_targets10_trials50.csv,05,31,0,0,32,0,7,0,0,0,0.0,0,0,164,66,98,1677,420,83,73.9668,0.891166265060241,0.9032,1.1702,1.2572,16.6008,0.20000963855421686,0.1722,0.4543,0.5286,83,57.366,0.691156626506024,0.7135,0.8121,0.9558,completed
25,known_visit,ACBBA,bernoulli,drop_0.25,34,1156,14,10,acbba_g34_d85_bernoulli_drop_0_25,reruns\grid_density\scenarios\cv\known_visit_grid34_targets10_trials50.csv,06,9,0,0,8,2,4,0,0,0,0.0,0,0,123,24,99,1727,411,152,128.6556,0.8464184210526315,0.8532500000000001,1.1313,1.3236,29.1211,0.1915861842105263,0.18259999999999998,0.4399,0.5506,152,99.5345,0.6548322368421052,0.67025,0.8105,0.8902,completed
25,known_visit,ACBBA,bernoulli,drop_0.25,34,1156,14,10,acbba_g34_d85_bernoulli_drop_0_25,reruns\grid_density\scenarios\cv\known_visit_grid34_targets10_trials50.csv,07,15,0,1,15,1,4,0,0,0,0.0,0,0,129,37,92,1723,409,134,113.3853,0.8461589552238806,0.8564,1.1152,1.3343,25.7749,0.19235,0.183,0.3376,0.5584,134,87.6104,0.6538089552238806,0.6666000000000001,0.8077,0.8764,completed
25,known_visit,ACBBA,bernoulli,drop_0.25,34,1156,14,10,acbba_g34_d85_bernoulli_drop_0_25,reruns\grid_density\scenarios\cv\known_visit_grid34_targets10_trials50.csv,08,12,0,0,13,0,7,0,0,0,0.0,0,0,138,33,105,1677,446,147,127.9194,0.8702,0.87,1.1555,1.4581,29.9084,0.20345850340136054,0.1977,0.3806,0.5711,147,98.011,0.6667414965986395,0.6904,0.815,0.9274,completed
25,known_visit,ACBBA,bernoulli,drop_0.25,34,1156,14,10,acbba_g34_d85_bernoulli_drop_0_25,reruns\grid_density\scenarios\cv\known_visit_grid34_targets10_trials50.csv,09,40,3,0,40,1,3,0,0,0,0.0,0,0,171,84,87,1691,400,48,40.1529,0.8365187500000001,0.9226,1.2411,1.3622,9.8626,0.20547083333333335,0.20425,0.5057,0.565,48,30.2903,0.6310479166666666,0.6894,0.8283,0.8783,completed
25,known_visit,ACBBA,bernoulli,drop_0.25,34,1156,14,10,acbba_g34_d85_bernoulli_drop_0_25,reruns\grid_density\scenarios\cv\known_visit_grid34_targets10_trials50.csv,10,30,0,2,21,10,6,3,1,1,5.0,1,0,177,69,108,1688,396,84,69.4826,0.8271738095238096,0.8491500000000001,1.262,1.384,17.6432,0.21003809523809525,0.21610000000000001,0.4986,0.5952,84,51.8394,0.6171357142857142,0.6316999999999999,0.8082,0.9625,completed
25,known_visit,ACBBA,bernoulli,drop_0.25,34,1156,14,10,acbba_g34_d85_bernoulli_drop_0_25,reruns\grid_density\scenarios\cv\known_visit_grid34_targets10_trials50.csv,11,27,0,1,26,2,6,0,0,0,0.0,0,0,157,58,99,1658,446,94,77.6385,0.8259414893617021,0.862,1.2674,1.4248,17.6112,0.1873531914893617,0.15905000000000002,0.4951,0.6414,94,60.0273,0.6385882978723404,0.6809,0.812,0.877,completed
25,known_visit,ACBBA,bernoulli,drop_0.25,34,1156,14,10,acbba_g34_d85_bernoulli_drop_0_25,reruns\grid_density\scenarios\cv\known_visit_grid34_targets10_trials50.csv,12,51,1,0,50,2,4,0,0,0,0.0,0,0,199,104,95,1672,390,15,16.7916,1.11944,1.1839,1.3949,1.3949,6.1171,0.40780666666666665,0.489,0.6051,0.6051,15,10.6745,0.7116333333333333,0.7566,0.8105,0.8105,completed
25,known_visit,ACBBA,bernoulli,drop_0.25,34,1156,14,10,acbba_g34_d85_bernoulli_drop_0_25,reruns\grid_density\scenarios\cv\known_visit_grid34_targets10_trials50.csv,13,33,1,0,34,0,3,0,0,0,0.0,0,0,164,72,92,1715,382,76,63.332300000000004,0.8333197368421054,0.8479,1.2285,1.3261,16.4999,0.21710394736842106,0.2238,0.5051,0.535,76,46.8324,0.6162157894736842,0.6253500000000001,0.8221,0.8674,completed
26,known_visit,ACBBA,bernoulli,drop_0.25,34,1156,14,10,acbba_g34_d85_bernoulli_drop_0_25,reruns\grid_density\scenarios\cv\known_visit_grid34_targets10_trials50.csv,00,23,1,0,7,17,1,1,1,0,0.0,0,0,130,52,78,1445,405,108,98.1766,0.9090425925925926,0.9097999999999999,1.0365,1.2783,19.5454,0.18097592592592593,0.16435,0.245,0.548,108,78.63119999999999,0.7280666666666666,0.7279,0.8036,0.8674,completed
26,known_visit,ACBBA,bernoulli,drop_0.25,34,1156,14,10,acbba_g34_d85_bernoulli_drop_0_25,reruns\grid_density\scenarios\cv\known_visit_grid34_targets10_trials50.csv,01,37,0,0,32,6,4,1,1,0,0.0,0,0,159,81,78,1464,357,62,61.516,0.9921935483870967,0.97575,1.2571,1.2835,14.2478,0.2298032258064516,0.20950000000000002,0.3968,0.5494,62,47.2682,0.7623903225806452,0.76185,0.81,0.9463,completed
26,known_visit,ACBBA,bernoulli,drop_0.25,34,1156,14,10,acbba_g34_d85_bernoulli_drop_0_25,reruns\grid_density\scenarios\cv\known_visit_grid34_targets10_trials50.csv,02,39,3,1,38,2,5,0,0,0,0.0,0,0,170,82,88,1471,340,61,58.5337,0.9595688524590165,0.9569,1.2131,1.3469,13.5228,0.22168524590163935,0.1998,0.473,0.5748,61,45.0109,0.7378836065573771,0.7586,0.8055,0.9137,completed
26,known_visit,ACBBA,bernoulli,drop_0.25,34,1156,14,10,acbba_g34_d85_bernoulli_drop_0_25,reruns\grid_density\scenarios\cv\known_visit_grid34_targets10_trials50.csv,03,16,0,1,11,6,1,0,0,0,0.0,0,0,118,38,80,1504,358,135,119.0307,0.8817088888888889,0.8322,1.0441,1.3714,23.4377,0.1736125925925926,0.1456,0.2361,0.5862,135,95.593,0.7080962962962963,0.6856,0.7996,0.8251,completed
26,known_visit,ACBBA,bernoulli,drop_0.25,34,1156,14,10,acbba_g34_d85_bernoulli_drop_0_25,reruns\grid_density\scenarios\cv\known_visit_grid34_targets10_trials50.csv,04,20,1,0,20,1,2,0,0,0,0.0,0,0,124,44,80,1524,332,124,101.1371,0.8156217741935484,0.81475,1.0522,1.2801,17.6951,0.1427024193548387,0.13655,0.2992,0.5321,124,83.442,0.6729193548387096,0.6748,0.7736,0.9078,completed
26,known_visit,ACBBA,bernoulli,drop_0.25,34,1156,14,10,acbba_g34_d85_bernoulli_drop_0_25,reruns\grid_density\scenarios\cv\known_visit_grid34_targets10_trials50.csv,05,44,0,2,36,9,5,3,1,1,5.0,1,0,182,92,90,1456,343,44,41.151,0.93525,0.8458,1.2968,1.3226,9.8212,0.22320909090909088,0.15175,0.5162,0.5734,44,31.3298,0.7120409090909091,0.6944,0.8064,0.8181,completed
26,known_visit,ACBBA,bernoulli,drop_0.25,34,1156,14,10,acbba_g34_d85_bernoulli_drop_0_25,reruns\grid_density\scenarios\cv\known_visit_grid34_targets10_trials50.csv,06,48,1,1,33,16,7,9,2,3,25.0,2,0,195,99,96,1459,326,28,28.763,1.02725,0.95065,1.2903,1.3008,7.6774000000000004,0.2741928571428572,0.1903,0.5106,0.5311,28,21.0856,0.7530571428571429,0.76015,0.8072,0.8138,completed
26,known_visit,ACBBA,bernoulli,drop_0.25,34,1156,14,10,acbba_g34_d85_bernoulli_drop_0_25,reruns\grid_density\scenarios\cv\known_visit_grid34_targets10_trials50.csv,07,32,2,0,32,1,0,0,0,0,0.0,0,0,140,68,72,1498,342,80,63.1751,0.78968875,0.7335499999999999,0.9867,1.1573,10.603,0.1325375,0.10525000000000001,0.2072,0.4672,80,52.5721,0.65715125,0.6308,0.7725,0.7946,completed
26,known_visit,ACBBA,bernoulli,drop_0.25,34,1156,14,10,acbba_g34_d85_bernoulli_drop_0_25,reruns\grid_density\scenarios\cv\known_visit_grid34_targets10_trials50.csv,08,27,0,1,27,1,3,0,0,0,0.0,0,0,145,58,87,1488,348,102,82.8089,0.8118519607843137,0.8087,1.0432,1.3051,14.5652,0.14279607843137257,0.13515,0.2857,0.5654,102,68.2437,0.6690558823529412,0.6712,0.7577,0.8546,completed
26,known_visit,ACBBA,bernoulli,drop_0.25,34,1156,14,10,acbba_g34_d85_bernoulli_drop_0_25,reruns\grid_density\scenarios\cv\known_visit_grid34_targets10_trials50.csv,09,37,2,0,38,0,3,0,0,0,0.0,0,0,161,78,83,1473,347,66,54.2861,0.8225166666666667,0.765,1.1805,1.2434,10.2405,0.1551590909090909,0.1187,0.4337,0.5413,66,44.0456,0.6673575757575758,0.64475,0.7759,0.8239,completed
26,known_visit,ACBBA,bernoulli,drop_0.25,34,1156,14,10,acbba_g34_d85_bernoulli_drop_0_25,reruns\grid_density\scenarios\cv\known_visit_grid34_targets10_trials50.csv,10,17,0,1,17,1,2,0,0,0,0.0,0,0,117,39,78,1517,347,134,115.1481,0.8593141791044776,0.82325,1.06,1.3182,21.8868,0.16333432835820896,0.14179999999999998,0.2599,0.5516,134,93.2613,0.6959798507462687,0.67795,0.8066,0.8975,completed
26,known_visit,ACBBA,bernoulli,drop_0.25,34,1156,14,10,acbba_g34_d85_bernoulli_drop_0_25,reruns\grid_density\scenarios\cv\known_visit_grid34_targets10_trials50.csv,11,9,0,0,10,0,5,0,0,0,0.0,0,0,103,24,79,1498,380,160,135.9682,0.84980125,0.81725,1.108,1.3018,25.5501,0.15968812500000001,0.14125,0.2424,0.5367,160,110.4181,0.690113125,0.67635,0.7993,0.8945,completed
26,known_visit,ACBBA,bernoulli,drop_0.25,34,1156,14,10,acbba_g34_d85_bernoulli_drop_0_25,reruns\grid_density\scenarios\cv\known_visit_grid34_targets10_trials50.csv,12,8,0,0,8,1,5,0,0,0,0.0,0,0,104,23,81,1519,358,165,140.6941,0.8526915151515151,0.8199,1.0513,1.2656,26.2791,0.15926727272727273,0.1426,0.2369,0.5143,165,114.415,0.6934242424242425,0.6781,0.8026,0.9032,completed
26,known_visit,ACBBA,bernoulli,drop_0.25,34,1156,14,10,acbba_g34_d85_bernoulli_drop_0_25,reruns\grid_density\scenarios\cv\known_visit_grid34_targets10_trials50.csv,13,25,0,1,21,5,5,1,1,0,0.0,0,0,133,56,77,1492,355,108,96.6363,0.8947805555555556,0.8514999999999999,1.2081,1.2959,19.7585,0.1829490740740741,0.14535,0.405,0.5196,108,76.8778,0.7118314814814815,0.69435,0.8255,0.9363,completed
27,known_visit,ACBBA,bernoulli,drop_0.25,34,1156,14,10,acbba_g34_d85_bernoulli_drop_0_25,reruns\grid_density\scenarios\cv\known_visit_grid34_targets10_trials50.csv,00,32,0,1,22,11,1,1,1,0,0.0,0,0,156,67,89,1615,384,73,58.6359,0.8032315068493151,0.778,1.1407,1.4464,10.5291,0.14423424657534245,0.1152,0.3294,0.601,73,48.1068,0.6589972602739727,0.6593,0.7919,0.8454,completed
27,known_visit,ACBBA,bernoulli,drop_0.25,34,1156,14,10,acbba_g34_d85_bernoulli_drop_0_25,reruns\grid_density\scenarios\cv\known_visit_grid34_targets10_trials50.csv,01,10,0,0,11,0,3,0,0,0,0.0,0,0,120,26,94,1643,392,149,128.9525,0.8654530201342281,0.8545,1.0649,1.4389,23.517,0.15783221476510068,0.1452,0.2215,0.5571,149,105.4355,0.7076208053691275,0.7005,0.8253,0.8818,completed
27,known_visit,ACBBA,bernoulli,drop_0.25,34,1156,14,10,acbba_g34_d85_bernoulli_drop_0_25,reruns\grid_density\scenarios\cv\known_visit_grid34_targets10_trials50.csv,02,48,1,1,42,7,3,0,0,0,0.0,0,0,193,100,93,1542,419,24,22.7008,0.9458666666666667,0.868,1.4161,1.4391,5.756,0.23983333333333334,0.19505,0.5424,0.5855,24,16.9448,0.7060333333333334,0.70915,0.8306,0.8967,completed
27,known_visit,ACBBA,bernoulli,drop_0.25,34,1156,14,10,acbba_g34_d85_bernoulli_drop_0_25,reruns\grid_density\scenarios\cv\known_visit_grid34_targets10_trials50.csv,03,13,0,1,7,7,4,0,0,0,0.0,0,0,122,34,88,1611,422,137,118.7567,0.8668372262773723,0.9051,1.0503,1.2833,21.3082,0.15553430656934306,0.1526,0.2982,0.5249,137,97.4485,0.7113029197080292,0.7157,0.8384,0.9155,completed
27,known_visit,ACBBA,bernoulli,drop_0.25,34,1156,14,10,acbba_g34_d85_bernoulli_drop_0_25,reruns\grid_density\scenarios\cv\known_visit_grid34_targets10_trials50.csv,04,14,0,0,15,0,5,0,0,0,0.0,0,0,144,34,110,1605,405,139,120.7054,0.8683841726618705,0.9021,1.112,1.3235,22.1568,0.15940143884892086,0.1506,0.4133,0.5357,139,98.54860000000001,0.7089827338129497,0.7149,0.8132,0.8604,completed
27,known_visit,ACBBA,bernoulli,drop_0.25,34,1156,14,10,acbba_g34_d85_bernoulli_drop_0_25,reruns\grid_density\scenarios\cv\known_visit_grid34_targets10_trials50.csv,05,14,2,0,14,1,8,0,0,0,0.0,0,0,135,35,100,1615,404,138,122.3922,0.8869,0.9054500000000001,1.1324,1.4837,23.0802,0.16724782608695654,0.15694999999999998,0.3631,0.6,138,99.312,0.7196521739130435,0.7274499999999999,0.8484,0.8963,completed
27,known_visit,ACBBA,bernoulli,drop_0.25,34,1156,14,10,acbba_g34_d85_bernoulli_drop_0_25,reruns\grid_density\scenarios\cv\known_visit_grid34_targets10_trials50.csv,06,15,0,1,10,6,5,0,0,0,0.0,0,0,144,38,106,1613,397,134,117.6176,0.8777432835820895,0.9031,1.0917,1.474,22.3239,0.1665962686567164,0.15165,0.423,0.5999,134,95.2937,0.7111470149253731,0.70615,0.84,0.8741,completed
27,known_visit,ACBBA,bernoulli,drop_0.25,34,1156,14,10,acbba_g34_d85_bernoulli_drop_0_25,reruns\grid_density\scenarios\cv\known_visit_grid34_targets10_trials50.csv,07,15,1,0,10,6,7,0,0,0,0.0,0,0,143,40,103,1628,384,137,123.8891,0.9043,0.9101,1.1354,1.3978,24.223,0.17681021897810217,0.1622,0.3329,0.5459,137,99.6661,0.7274897810218978,0.7451,0.8483,0.9969,completed
27,known_visit,ACBBA,bernoulli,drop_0.25,34,1156,14,10,acbba_g34_d85_bernoulli_drop_0_25,reruns\grid_density\scenarios\cv\known_visit_grid34_targets10_trials50.csv,08,24,0,0,9,16,5,0,0,0,0.0,0,0,153,54,99,1596,405,106,95.3373,0.8994084905660378,0.9142,1.1271,1.2659,18.3906,0.17349622641509432,0.16010000000000002,0.372,0.5004,106,76.94669999999999,0.7259122641509433,0.753,0.8393,0.9354,completed
27,known_visit,ACBBA,bernoulli,drop_0.25,34,1156,14,10,acbba_g34_d85_bernoulli_drop_0_25,reruns\grid_density\scenarios\cv\known_visit_grid34_targets10_trials50.csv,09,30,0,2,24,7,4,0,0,0,0.0,0,0,157,63,94,1579,418,79,66.1975,0.8379430379746836,0.7847,1.276,1.48,12.596,0.15944303797468354,0.1185,0.5126,0.5904,79,53.6015,0.6785,0.6616,0.7972,0.8896,completed
27,known_visit,ACBBA,bernoulli,drop_0.25,34,1156,14,10,acbba_g34_d85_bernoulli_drop_0_25,reruns\grid_density\scenarios\cv\known_visit_grid34_targets10_trials50.csv,10,51,3,0,52,0,7,0,0,0,0.0,0,0,195,104,91,1560,400,17,18.0691,1.0628882352941176,1.0103,1.4764,1.4764,5.6679,0.3334058823529412,0.28,0.5817,0.5817,17,12.4012,0.7294823529411765,0.7118,0.8947,0.8947,completed
27,known_visit,ACBBA,bernoulli,drop_0.25,34,1156,14,10,acbba_g34_d85_bernoulli_drop_0_25,reruns\grid_density\scenarios\cv\known_visit_grid34_targets10_trials50.csv,11,16,1,0,17,0,7,0,0,0,0.0,0,0,135,39,96,1618,401,136,118.3932,0.8705382352941176,0.90025,1.1663,1.4443,22.4332,0.16494999999999999,0.15405,0.3994,0.5965,136,95.96,0.7055882352941176,0.70495,0.8478,0.8874,completed
27,known_visit,ACBBA,bernoulli,drop_0.25,34,1156,14,10,acbba_g34_d85_bernoulli_drop_0_25,reruns\grid_density\scenarios\cv\known_visit_grid34_targets10_trials50.csv,12,26,1,0,27,0,5,0,0,0,0.0,0,0,161,57,104,1605,388,98,88.0283,0.8982479591836735,0.9170499999999999,1.1547,1.4702,17.37,0.1772448979591837,0.16255,0.4611,0.5833,98,70.6583,0.7210030612244898,0.75015,0.8637,0.9073,completed
27,known_visit,ACBBA,bernoulli,drop_0.25,34,1156,14,10,acbba_g34_d85_bernoulli_drop_0_25,reruns\grid_density\scenarios\cv\known_visit_grid34_targets10_trials50.csv,13,47,1,1,40,8,5,0,0,0,0.0,0,0,197,98,99,1585,372,26,25.9777,0.9991423076923076,0.9307,1.281,1.5265,6.3035,0.24244230769230768,0.1831,0.4856,0.6343,26,19.6742,0.7566999999999999,0.7578,0.8315,0.8922,completed
28,known_visit,ACBBA,bernoulli,drop_0.25,34,1156,14,10,acbba_g34_d85_bernoulli_drop_0_25,reruns\grid_density\scenarios\cv\known_visit_grid34_targets10_trials50.csv,00,31,1,1,29,3,2,0,0,0,0.0,0,0,163,67,96,1769,381,90,67.8653,0.754058888888889,0.7105,1.0358,1.2367,12.8001,0.14222333333333334,0.11515,0.2963,0.4932,90,55.0652,0.6118355555555556,0.5978,0.7358,0.797,completed
28,known_visit,ACBBA,bernoulli,drop_0.25,34,1156,14,10,acbba_g34_d85_bernoulli_drop_0_25,reruns\grid_density\scenarios\cv\known_visit_grid34_targets10_trials50.csv,01,49,0,2,36,14,4,2,2,0,0.0,0,0,189,100,89,1736,388,25,22.8611,0.914444,0.8313,1.396,1.453,6.874,0.27496,0.2429,0.5085,0.6364,25,15.9871,0.6394839999999999,0.6011,0.8166,0.8875,completed
28,known_visit,ACBBA,bernoulli,drop_0.25,34,1156,14,10,acbba_g34_d85_bernoulli_drop_0_25,reruns\grid_density\scenarios\cv\known_visit_grid34_targets10_trials50.csv,02,34,3,0,35,0,3,0,0,0,0.0,0,0,147,70,77,1772,394,75,55.862,0.7448266666666666,0.7056,1.09,1.1383,10.3691,0.13825466666666666,0.111,0.3304,0.4965,75,45.4929,0.606572,0.5909,0.7493,0.84,completed
28,known_visit,ACBBA,bernoulli,drop_0.25,34,1156,14,10,acbba_g34_d85_bernoulli_drop_0_25,reruns\grid_density\scenarios\cv\known_visit_grid34_targets10_trials50.csv,03,43,0,1,38,6,4,0,0,0,0.0,0,0,191,91,100,1728,394,47,47.7899,1.0168063829787235,0.984,1.219,1.2941,11.9168,0.2535489361702128,0.2139,0.4623,0.4893,47,35.8731,0.7632574468085107,0.7762,0.898,0.9098,completed
28,known_visit,ACBBA,bernoulli,drop_0.25,34,1156,14,10,acbba_g34_d85_bernoulli_drop_0_25,reruns\grid_density\scenarios\cv\known_visit_grid34_targets10_trials50.csv,04,34,0,1,33,2,6,0,0,0,0.0,0,0,164,74,90,1724,425,78,60.8919,0.7806653846153846,0.6972499999999999,1.1249,1.3716,12.644,0.1621025641025641,0.11185,0.4933,0.6134,78,48.2479,0.6185628205128205,0.5863,0.8094,0.827,completed
28,known_visit,ACBBA,bernoulli,drop_0.25,34,1156,14,10,acbba_g34_d85_bernoulli_drop_0_25,reruns\grid_density\scenarios\cv\known_visit_grid34_targets10_trials50.csv,05,32,1,1,28,5,2,0,0,0,0.0,0,0,152,66,86,1731,430,83,61.6303,0.742533734939759,0.685,1.1492,1.455,11.3682,0.13696626506024095,0.1006,0.4024,0.6312,83,50.2621,0.605567469879518,0.5858,0.7619,0.8698,completed
28,known_visit,ACBBA,bernoulli,drop_0.25,34,1156,14,10,acbba_g34_d85_bernoulli_drop_0_25,reruns\grid_density\scenarios\cv\known_visit_grid34_targets10_trials50.csv,06,12,0,0,12,1,5,0,0,0,0.0,0,0,129,32,97,1793,391,153,130.5921,0.8535431372549018,0.7912,1.1324,1.4241,26.4733,0.17302810457516338,0.1457,0.345,0.6198,153,104.11880000000001,0.6805150326797386,0.6427,0.8464,0.9354,completed
28,known_visit,ACBBA,bernoulli,drop_0.25,34,1156,14,10,acbba_g34_d85_bernoulli_drop_0_25,reruns\grid_density\scenarios\cv\known_visit_grid34_targets10_trials50.csv,07,52,1,2,39,14,7,0,0,0,0.0,0,0,217,106,111,1697,400,21,21.874,1.0416190476190477,1.0623,1.1773,1.2881,6.6435,0.3163571428571429,0.34,0.4951,0.5242,21,15.2305,0.7252619047619048,0.7717,0.8282,0.8329,completed
28,known_visit,ACBBA,bernoulli,drop_0.25,34,1156,14,10,acbba_g34_d85_bernoulli_drop_0_25,reruns\grid_density\scenarios\cv\known_visit_grid34_targets10_trials50.csv,08,53,2,0,49,5,5,0,0,0,0.0,0,0,205,108,97,1669,439,14,14.1114,1.0079571428571428,1.06005,1.3101,1.3101,4.4962,0.32115714285714286,0.32455,0.5469,0.5469,14,9.6152,0.6868,0.6563,0.9175,0.9175,completed
28,known_visit,ACBBA,bernoulli,drop_0.25,34,1156,14,10,acbba_g34_d85_bernoulli_drop_0_25,reruns\grid_density\scenarios\cv\known_visit_grid34_targets10_trials50.csv,09,12,0,0,12,1,4,0,0,0,0.0,0,0,132,32,100,1744,437,153,127.972,0.8364183006535947,0.7976,1.1128,1.3067,25.5866,0.1672326797385621,0.1462,0.3366,0.5324,153,102.3854,0.6691856209150328,0.6412,0.8117,0.8972,completed
28,known_visit,ACBBA,bernoulli,drop_0.25,34,1156,14,10,acbba_g34_d85_bernoulli_drop_0_25,reruns\grid_density\scenarios\cv\known_visit_grid34_targets10_trials50.csv,10,17,0,0,16,2,2,0,0,0,0.0,0,0,126,42,84,1749,438,134,114.9709,0.8579917910447761,0.86675,1.1155,1.2067,23.3535,0.17427985074626867,0.16625,0.3405,0.5151,134,91.6174,0.6837119402985075,0.65335,0.8462,0.9153,completed
28,known_visit,ACBBA,bernoulli,drop_0.25,34,1156,14,10,acbba_g34_d85_bernoulli_drop_0_25,reruns\grid_density\scenarios\cv\known_visit_grid34_targets10_trials50.csv,11,36,0,0,35,2,3,0,0,0,0.0,0,0,170,77,93,1730,413,71,68.8471,0.9696774647887324,0.9861,1.2409,1.3795,16.3524,0.23031549295774648,0.2157,0.4562,0.5798,71,52.4947,0.739361971830986,0.771,0.8652,0.9369,completed
28,known_visit,ACBBA,bernoulli,drop_0.25,34,1156,14,10,acbba_g34_d85_bernoulli_drop_0_25,reruns\grid_density\scenarios\cv\known_visit_grid34_targets10_trials50.csv,12,41,0,0,37,5,8,0,0,0,0.0,0,0,204,88,116,1694,415,61,59.0273,0.9676606557377049,0.9793,1.2292,1.3233,14.8484,0.24341639344262295,0.2103,0.4678,0.562,61,44.1789,0.724244262295082,0.7324,0.862,1.0149,completed
28,known_visit,ACBBA,bernoulli,drop_0.25,34,1156,14,10,acbba_g34_d85_bernoulli_drop_0_25,reruns\grid_density\scenarios\cv\known_visit_grid34_targets10_trials50.csv,13,21,2,0,22,0,0,0,0,0,0.0,0,0,125,48,77,1753,435,120,92.4427,0.7703558333333334,0.7017,1.0952,1.3521,17.3484,0.14457,0.10835,0.3393,0.629,120,75.0943,0.6257858333333334,0.5897,0.7958,0.8674,completed
29,known_visit,ACBBA,bernoulli,drop_0.25,34,1156,14,10,acbba_g34_d85_bernoulli_drop_0_25,reruns\grid_density\scenarios\cv\known_visit_grid34_targets10_trials50.csv,00,39,3,0,34,6,0,1,1,0,0.0,0,0,137,80,57,1303,312,20,17.2455,0.862275,0.8276,1.0903,1.1425,4.0948,0.20474,0.16299999999999998,0.4511,0.4704,20,13.1507,0.657535,0.65725,0.6721,0.846,completed
29,known_visit,ACBBA,bernoulli,drop_0.25,34,1156,14,10,acbba_g34_d85_bernoulli_drop_0_25,reruns\grid_density\scenarios\cv\known_visit_grid34_targets10_trials50.csv,01,24,0,1,18,7,1,3,1,1,5.0,1,0,117,53,64,1313,321,73,57.7565,0.7911849315068493,0.7554,1.0862,1.5118,11.9863,0.16419589041095892,0.1396,0.4152,0.691,73,45.7702,0.6269890410958905,0.6132,0.7311,0.8208,completed
29,known_visit,ACBBA,bernoulli,drop_0.25,34,1156,14,10,acbba_g34_d85_bernoulli_drop_0_25,reruns\grid_density\scenarios\cv\known_visit_grid34_targets10_trials50.csv,02,29,0,1,19,11,3,0,0,0,0.0,0,0,140,63,77,1304,308,57,43.8676,0.7696070175438597,0.7146,1.1007,1.156,8.746,0.15343859649122807,0.1151,0.4688,0.5157,57,35.1216,0.6161684210526316,0.6015,0.6779,0.7487,completed
29,known_visit,ACBBA,bernoulli,drop_0.25,34,1156,14,10,acbba_g34_d85_bernoulli_drop_0_25,reruns\grid_density\scenarios\cv\known_visit_grid34_targets10_trials50.csv,03,38,1,1,37,2,3,0,0,0,0.0,0,0,158,78,80,1296,297,27,23.621100000000002,0.8748555555555556,0.8428,1.0478,1.3097,5.6438,0.20902962962962962,0.1723,0.3589,0.5549,27,17.9773,0.6658259259259259,0.6663,0.738,0.7548,completed
29,known_visit,ACBBA,bernoulli,drop_0.25,34,1156,14,10,acbba_g34_d85_bernoulli_drop_0_25,reruns\grid_density\scenarios\cv\known_visit_grid34_targets10_trials50.csv,04,31,1,1,29,3,6,0,0,0,0.0,0,0,140,67,73,1304,308,55,45.2853,0.8233690909090909,0.7541,1.1293,1.2746,10.1495,0.18453636363636364,0.145,0.5045,0.5799,55,35.1358,0.6388327272727273,0.6319,0.7207,0.7322,completed
29,known_visit,ACBBA,bernoulli,drop_0.25,34,1156,14,10,acbba_g34_d85_bernoulli_drop_0_25,reruns\grid_density\scenarios\cv\known_visit_grid34_targets10_trials50.csv,05,17,0,1,13,5,2,0,0,0,0.0,0,0,101,39,62,1331,319,96,73.4498,0.7651020833333333,0.72405,1.1003,1.2127,14.6449,0.15255104166666666,0.11595,0.4389,0.4819,96,58.8049,0.6125510416666667,0.6105499999999999,0.7047,0.7364,completed
29,known_visit,ACBBA,bernoulli,drop_0.25,34,1156,14,10,acbba_g34_d85_bernoulli_drop_0_25,reruns\grid_density\scenarios\cv\known_visit_grid34_targets10_trials50.csv,06,11,0,0,12,0,3,0,0,0,0.0,0,0,98,28,70,1329,324,119,90.4868,0.7603932773109244,0.712,1.0188,1.3752,16.7697,0.14092184873949581,0.1217,0.2956,0.538,119,73.7171,0.6194714285714286,0.5996,0.7358,0.8407,completed
29,known_visit,ACBBA,bernoulli,drop_0.25,34,1156,14,10,acbba_g34_d85_bernoulli_drop_0_25,reruns\grid_density\scenarios\cv\known_visit_grid34_targets10_trials50.csv,07,37,0,2,32,6,4,0,0,0,0.0,0,0,158,76,82,1280,314,34,29.3951,0.8645617647058823,0.73555,1.2048,1.2121,7.9099,0.23264411764705883,0.1066,0.5571,0.5624,34,21.4852,0.6319176470588235,0.6148,0.7005,0.7532,completed
29,known_visit,ACBBA,bernoulli,drop_0.25,34,1156,14,10,acbba_g34_d85_bernoulli_drop_0_25,reruns\grid_density\scenarios\cv\known_visit_grid34_targets10_trials50.csv,08,19,1,0,20,0,1,0,0,0,0.0,0,0,99,40,59,1360,292,95,68.7191,0.723358947368421,0.6872,1.09,1.3467,12.2041,0.1284642105263158,0.0975,0.4129,0.5201,95,56.515,0.5948947368421053,0.5906,0.7079,0.8266,completed
29,known_visit,ACBBA,bernoulli,drop_0.25,34,1156,14,10,acbba_g34_d85_bernoulli_drop_0_25,reruns\grid_density\scenarios\cv\known_visit_grid34_targets10_trials50.csv,09,15,0,0,12,4,1,0,0,0,0.0,0,0,103,32,71,1347,301,103,76.8567,0.7461815533980583,0.7077,0.9261,1.3973,14.138,0.1372621359223301,0.1162,0.2153,0.64,103,62.7187,0.6089194174757281,0.5962,0.7012,0.7947,completed
29,known_visit,ACBBA,bernoulli,drop_0.25,34,1156,14,10,acbba_g34_d85_bernoulli_drop_0_25,reruns\grid_density\scenarios\cv\known_visit_grid34_targets10_trials50.csv,10,30,0,1,23,8,3,0,0,0,0.0,0,0,143,64,79,1277,331,58,46.9642,0.8097275862068966,0.74785,1.1001,1.1717,10.1097,0.17430517241379312,0.12265000000000001,0.4757,0.4817,58,36.8545,0.6354224137931035,0.6113500000000001,0.7254,0.7562,completed
29,known_visit,ACBBA,bernoulli,drop_0.25,34,1156,14,10,acbba_g34_d85_bernoulli_drop_0_25,reruns\grid_density\scenarios\cv\known_visit_grid34_targets10_trials50.csv,11,15,0,1,11,5,3,0,0,0,0.0,0,0,101,36,65,1329,321,106,81.9211,0.7728405660377358,0.7079,1.0236,1.4324,15.5002,0.14622830188679245,0.10045000000000001,0.3173,0.6441,106,66.4209,0.6266122641509434,0.60945,0.7349,0.8183,completed
29,known_visit,ACBBA,bernoulli,drop_0.25,34,1156,14,10,acbba_g34_d85_bernoulli_drop_0_25,reruns\grid_density\scenarios\cv\known_visit_grid34_targets10_trials50.csv,12,18,2,0,19,0,4,3,1,1,5.0,1,0,113,40,73,1307,331,94,71.1738,0.757168085106383,0.7032,1.0974,1.3427,13.4949,0.1435627659574468,0.106,0.4128,0.6244,94,57.6789,0.6136053191489361,0.5961,0.7208,0.8182,completed
29,known_visit,ACBBA,bernoulli,drop_0.25,34,1156,14,10,acbba_g34_d85_bernoulli_drop_0_25,reruns\grid_density\scenarios\cv\known_visit_grid34_targets10_trials50.csv,13,35,2,1,30,6,0,4,2,1,5.0,1,0,144,74,70,1262,346,36,29.406,0.8168333333333333,0.7960499999999999,1.1504,1.3433,6.3109,0.17530277777777778,0.1646,0.4765,0.5554,36,23.0951,0.6415305555555555,0.6265000000000001,0.6864,0.7879,completed
30,known_visit,ACBBA,bernoulli,drop_0.25,34,1156,14,10,acbba_g34_d85_bernoulli_drop_0_25,reruns\grid_density\scenarios\cv\known_visit_grid34_targets10_trials50.csv,00,40,1,0,38,3,3,0,0,0,0.0,0,0,172,82,90,1561,415,11,11.6876,1.0625090909090908,1.0673,1.3634,1.3634,3.7308,0.33916363636363633,0.362,0.5583,0.5583,11,7.9568,0.7233454545454546,0.7218,0.8051,0.8051,completed
30,known_visit,ACBBA,bernoulli,drop_0.25,34,1156,14,10,acbba_g34_d85_bernoulli_drop_0_25,reruns\grid_density\scenarios\cv\known_visit_grid34_targets10_trials50.csv,01,24,0,1,23,2,5,0,0,0,0.0,0,0,149,54,95,1603,396,64,63.0202,0.984690625,0.93875,1.2215,1.3186,15.1497,0.2367140625,0.20295000000000002,0.5054,0.558,64,47.8705,0.7479765625,0.74305,0.8339,0.9113,completed
30,known_visit,ACBBA,bernoulli,drop_0.25,34,1156,14,10,acbba_g34_d85_bernoulli_drop_0_25,reruns\grid_density\scenarios\cv\known_visit_grid34_targets10_trials50.csv,02,30,2,0,30,1,4,0,0,0,0.0,0,0,160,65,95,1603,384,45,45.4955,1.011011111111111,0.9635,1.3415,1.4149,12.024,0.2672,0.2327,0.5515,0.589,45,33.4715,0.7438111111111111,0.7269,0.8485,0.9682,completed
30,known_visit,ACBBA,bernoulli,drop_0.25,34,1156,14,10,acbba_g34_d85_bernoulli_drop_0_25,reruns\grid_density\scenarios\cv\known_visit_grid34_targets10_trials50.csv,03,24,0,0,25,0,3,0,0,0,0.0,0,0,137,51,86,1626,384,64,55.8326,0.872384375,0.8263499999999999,1.2198,1.3943,11.887,0.185734375,0.14565,0.5224,0.582,64,43.9456,0.68665,0.6802999999999999,0.764,0.8123,completed
30,known_visit,ACBBA,bernoulli,drop_0.25,34,1156,14,10,acbba_g34_d85_bernoulli_drop_0_25,reruns\grid_density\scenarios\cv\known_visit_grid34_targets10_trials50.csv,04,18,0,0,19,0,1,0,0,0,0.0,0,0,123,38,85,1628,396,79,70.3554,0.8905746835443038,0.8508,1.1029,1.3623,14.3161,0.18121645569620254,0.1515,0.2346,0.5458,79,56.0393,0.7093582278481012,0.6925,0.8381,0.872,completed
30,known_visit,ACBBA,bernoulli,drop_0.25,34,1156,14,10,acbba_g34_d85_bernoulli_drop_0_25,reruns\grid_density\scenarios\cv\known_visit_grid34_targets10_trials50.csv,05,33,1,0,27,7,1,1,1,0,0.0,0,0,157,69,88,1622,368,31,31.4264,1.0137548387096775,0.9714,1.263,1.3616,8.3924,0.2707225806451613,0.2377,0.5146,0.5506,31,23.034,0.7430322580645161,0.7279,0.8586,0.8634,completed
30,known_visit,ACBBA,bernoulli,drop_0.25,34,1156,14,10,acbba_g34_d85_bernoulli_drop_0_25,reruns\grid_density\scenarios\cv\known_visit_grid34_targets10_trials50.csv,06,25,2,0,26,0,1,0,0,0,0.0,0,0,139,54,85,1614,394,60,53.2862,0.8881033333333334,0.84855,1.1632,1.2986,11.262,0.1877,0.15115,0.4418,0.5746,60,42.0242,0.7004033333333334,0.6953,0.7594,0.8533,completed
30,known_visit,ACBBA,bernoulli,drop_0.25,34,1156,14,10,acbba_g34_d85_bernoulli_drop_0_25,reruns\grid_density\scenarios\cv\known_visit_grid34_targets10_trials50.csv,07,35,2,0,33,3,5,0,0,0,0.0,0,0,170,72,98,1575,402,28,29.3949,1.0498178571428571,1.00895,1.2787,1.3027,7.8271,0.2795392857142857,0.2173,0.5356,0.5593,28,21.5678,0.7702785714285714,0.7464999999999999,0.8769,0.9213,completed
30,known_visit,ACBBA,bernoulli,drop_0.25,34,1156,14,10,acbba_g34_d85_bernoulli_drop_0_25,reruns\grid_density\scenarios\cv\known_visit_grid34_targets10_trials50.csv,08,25,0,0,24,2,7,0,0,0,0.0,0,0,160,56,104,1581,406,71,70.6303,0.9947929577464789,0.9473,1.2722,1.521,18.0035,0.2535704225352112,0.2125,0.5458,0.6673,71,52.6268,0.7412225352112677,0.7249,0.8537,0.9028,completed
30,known_visit,ACBBA,bernoulli,drop_0.25,34,1156,14,10,acbba_g34_d85_bernoulli_drop_0_25,reruns\grid_density\scenarios\cv\known_visit_grid34_targets10_trials50.csv,09,39,0,1,17,23,4,0,0,0,0.0,0,0,166,81,85,1601,381,18,19.6969,1.094272222222222,0.9974000000000001,1.5251,1.5251,6.493,0.3607222222222222,0.27190000000000003,0.6526,0.6526,18,13.2039,0.73355,0.7168,0.8725,0.8725,completed
30,known_visit,ACBBA,bernoulli,drop_0.25,34,1156,14,10,acbba_g34_d85_bernoulli_drop_0_25,reruns\grid_density\scenarios\cv\known_visit_grid34_targets10_trials50.csv,10,16,0,1,15,2,3,0,0,0,0.0,0,0,123,37,86,1641,384,91,82.7804,0.9096747252747253,0.8633,1.2406,1.3567,18.1602,0.19956263736263735,0.1557,0.5129,0.5484,91,64.6202,0.7101120879120879,0.7007,0.8446,0.8625,completed
30,known_visit,ACBBA,bernoulli,drop_0.25,34,1156,14,10,acbba_g34_d85_bernoulli_drop_0_25,reruns\grid_density\scenarios\cv\known_visit_grid34_targets10_trials50.csv,11,37,1,0,38,0,6,0,0,0,0.0,0,0,163,78,85,1607,377,23,22.7818,0.9905130434782609,0.9575,1.2544,1.3767,6.608,0.28730434782608694,0.2428,0.5373,0.5414,23,16.1738,0.7032086956521739,0.7093,0.8172,0.8635,completed
30,known_visit,ACBBA,bernoulli,drop_0.25,34,1156,14,10,acbba_g34_d85_bernoulli_drop_0_25,reruns\grid_density\scenarios\cv\known_visit_grid34_targets10_trials50.csv,12,25,0,1,23,3,7,0,0,0,0.0,0,0,157,55,102,1580,410,66,66.7262,1.0110030303030304,0.9662,1.2563,1.3373,16.8135,0.25475000000000003,0.22294999999999998,0.5266,0.5814,66,49.9127,0.7562530303030304,0.7576499999999999,0.82,0.8724,completed
30,known_visit,ACBBA,bernoulli,drop_0.25,34,1156,14,10,acbba_g34_d85_bernoulli_drop_0_25,reruns\grid_density\scenarios\cv\known_visit_grid34_targets10_trials50.csv,13,39,1,0,40,0,6,0,0,0,0.0,0,0,172,81,91,1568,408,21,21.967,1.046047619047619,1.008,1.2639,1.4144,6.4445,0.30688095238095237,0.2322,0.5116,0.5375,21,15.5225,0.7391666666666667,0.7259,0.8292,0.8769,completed
31,known_visit,ACBBA,bernoulli,drop_0.25,34,1156,14,10,acbba_g34_d85_bernoulli_drop_0_25,reruns\grid_density\scenarios\cv\known_visit_grid34_targets10_trials50.csv,00,27,1,0,22,6,2,0,0,0,0.0,0,0,139,57,82,1723,419,87,69.7769,0.8020333333333333,0.7852,1.0467,1.3504,13.1266,0.15088045977011494,0.1336,0.2734,0.5741,87,56.6503,0.6511528735632184,0.6584,0.7909,0.9387,completed
31,known_visit,ACBBA,bernoulli,drop_0.25,34,1156,14,10,acbba_g34_d85_bernoulli_drop_0_25,reruns\grid_density\scenarios\cv\known_visit_grid34_targets10_trials50.csv,01,27,2,0,28,0,2,0,0,0,0.0,0,0,157,60,97,1675,449,93,73.7046,0.7925225806451612,0.794,1.016,1.449,14.1719,0.15238602150537636,0.1355,0.2971,0.5756,93,59.5327,0.640136559139785,0.6575,0.785,0.8734,completed
31,known_visit,ACBBA,bernoulli,drop_0.25,34,1156,14,10,acbba_g34_d85_bernoulli_drop_0_25,reruns\grid_density\scenarios\cv\known_visit_grid34_targets10_trials50.csv,02,40,1,1,38,3,6,0,0,0,0.0,0,0,186,83,103,1674,422,48,42.7883,0.8914229166666666,0.8444,1.2547,1.3089,9.4676,0.19724166666666665,0.1573,0.506,0.5303,48,33.3207,0.6941812500000001,0.68895,0.7905,0.8208,completed
31,known_visit,ACBBA,bernoulli,drop_0.25,34,1156,14,10,acbba_g34_d85_bernoulli_drop_0_25,reruns\grid_density\scenarios\cv\known_visit_grid34_targets10_trials50.csv,03,40,1,1,25,16,8,0,0,0,0.0,0,0,179,83,96,1677,425,51,46.6799,0.9152921568627451,0.8912,1.2703,1.3587,10.4574,0.20504705882352942,0.164,0.4995,0.5359,51,36.2225,0.7102450980392156,0.7256,0.8402,0.8694,completed
31,known_visit,ACBBA,bernoulli,drop_0.25,34,1156,14,10,acbba_g34_d85_bernoulli_drop_0_25,reruns\grid_density\scenarios\cv\known_visit_grid34_targets10_trials50.csv,04,35,0,2,29,7,7,0,0,0,0.0,0,0,183,77,106,1697,401,65,64.7146,0.9956092307692308,0.9821,1.2692,1.4324,16.7303,0.25738923076923076,0.2314,0.5111,0.5717,65,47.9843,0.73822,0.7412,0.8632,0.9362,completed
31,known_visit,ACBBA,bernoulli,drop_0.25,34,1156,14,10,acbba_g34_d85_bernoulli_drop_0_25,reruns\grid_density\scenarios\cv\known_visit_grid34_targets10_trials50.csv,05,47,2,0,48,0,10,0,0,0,0.0,0,0,192,97,95,1664,425,28,26.1708,0.9346714285714286,0.86035,1.3603,1.539,7.199,0.25710714285714287,0.18395,0.5609,0.6877,28,18.971799999999998,0.6775642857142856,0.6815,0.847,0.8513,completed
31,known_visit,ACBBA,bernoulli,drop_0.25,34,1156,14,10,acbba_g34_d85_bernoulli_drop_0_25,reruns\grid_density\scenarios\cv\known_visit_grid34_targets10_trials50.csv,06,11,0,0,12,0,7,0,0,0,0.0,0,0,130,28,102,1718,433,147,128.9233,0.8770292517006804,0.917,1.127,1.3832,28.1008,0.19116190476190476,0.1769,0.3743,0.5632,147,100.8225,0.6858673469387755,0.7207,0.8145,0.9356,completed
31,known_visit,ACBBA,bernoulli,drop_0.25,34,1156,14,10,acbba_g34_d85_bernoulli_drop_0_25,reruns\grid_density\scenarios\cv\known_visit_grid34_targets10_trials50.csv,07,36,3,0,37,0,4,0,0,0,0.0,0,0,161,75,86,1698,423,65,51.3716,0.7903323076923077,0.7207,1.2736,1.4621,10.8017,0.16618,0.1066,0.5207,0.5851,65,40.5699,0.6241523076923077,0.6233,0.7893,0.877,completed
31,known_visit,ACBBA,bernoulli,drop_0.25,34,1156,14,10,acbba_g34_d85_bernoulli_drop_0_25,reruns\grid_density\scenarios\cv\known_visit_grid34_targets10_trials50.csv,08,19,0,0,16,4,6,0,0,0,0.0,0,0,154,43,111,1731,397,122,108.9497,0.8930303278688525,0.9257,1.1289,1.4008,24.4837,0.20068606557377047,0.17935,0.3264,0.5954,122,84.466,0.692344262295082,0.71765,0.7905,0.8791,completed
31,known_visit,ACBBA,bernoulli,drop_0.25,34,1156,14,10,acbba_g34_d85_bernoulli_drop_0_25,reruns\grid_density\scenarios\cv\known_visit_grid34_targets10_trials50.csv,09,24,0,0,21,4,6,0,0,0,0.0,0,0,163,53,110,1698,420,101,91.236,0.9033267326732674,0.9442,1.1275,1.4346,21.0149,0.20806831683168317,0.2173,0.3794,0.5786,101,70.2211,0.6952584158415842,0.7227,0.7843,0.9102,completed
31,known_visit,ACBBA,bernoulli,drop_0.25,34,1156,14,10,acbba_g34_d85_bernoulli_drop_0_25,reruns\grid_density\scenarios\cv\known_visit_grid34_targets10_trials50.csv,10,27,0,2,15,13,1,1,1,0,0.0,0,0,156,57,99,1712,413,94,83.113,0.8841808510638298,0.93955,1.1633,1.4673,19.1859,0.20410531914893618,0.21625,0.3996,0.5815,94,63.9271,0.6800755319148937,0.7213,0.7775,0.8858,completed
31,known_visit,ACBBA,bernoulli,drop_0.25,34,1156,14,10,acbba_g34_d85_bernoulli_drop_0_25,reruns\grid_density\scenarios\cv\known_visit_grid34_targets10_trials50.csv,11,24,0,0,24,1,8,3,1,1,5.0,1,0,160,55,105,1691,430,101,85.1036,0.842609900990099,0.8086,1.1739,1.3124,17.8521,0.17675346534653466,0.158,0.4579,0.5465,101,67.2515,0.6658564356435643,0.6646,0.7901,0.9088,completed
31,known_visit,ACBBA,bernoulli,drop_0.25,34,1156,14,10,acbba_g34_d85_bernoulli_drop_0_25,reruns\grid_density\scenarios\cv\known_visit_grid34_targets10_trials50.csv,12,49,0,3,37,13,5,0,0,0,0.0,0,0,204,101,103,1655,423,16,16.1813,1.01133125,0.95265,1.3227,1.3227,4.6842,0.2927625,0.23249999999999998,0.5404,0.5404,16,11.4971,0.71856875,0.74775,0.7969,0.7969,completed
31,known_visit,ACBBA,bernoulli,drop_0.25,34,1156,14,10,acbba_g34_d85_bernoulli_drop_0_25,reruns\grid_density\scenarios\cv\known_visit_grid34_targets10_trials50.csv,13,9,0,0,10,0,4,0,0,0,0.0,0,0,118,22,96,1737,427,151,126.8611,0.8401397350993377,0.8344,1.1185,1.3155,25.9236,0.1716794701986755,0.1487,0.2657,0.5404,151,100.9375,0.6684602649006622,0.6807,0.783,1.0373,completed
32,known_visit,ACBBA,bernoulli,drop_0.25,34,1156,14,10,acbba_g34_d85_bernoulli_drop_0_25,reruns\grid_density\scenarios\cv\known_visit_grid34_targets10_trials50.csv,00,36,1,0,37,0,1,0,0,0,0.0,0,0,154,74,80,1395,358,13,13.5812,1.0447076923076923,0.9959,1.4965,1.4965,3.8596,0.2968923076923077,0.2438,0.5772,0.5772,13,9.7216,0.7478153846153847,0.7448,0.9193,0.9193,completed
32,known_visit,ACBBA,bernoulli,drop_0.25,34,1156,14,10,acbba_g34_d85_bernoulli_drop_0_25,reruns\grid_density\scenarios\cv\known_visit_grid34_targets10_trials50.csv,01,37,0,0,27,11,2,0,0,0,0.0,0,0,151,75,76,1415,340,10,10.4352,1.04352,1.03785,1.3498,1.3498,3.3066,0.33066,0.28215,0.5858,0.5858,10,7.1286,0.7128599999999999,0.73895,0.7796,0.7796,completed
32,known_visit,ACBBA,bernoulli,drop_0.25,34,1156,14,10,acbba_g34_d85_bernoulli_drop_0_25,reruns\grid_density\scenarios\cv\known_visit_grid34_targets10_trials50.csv,02,23,0,0,24,0,4,0,0,0,0.0,0,0,118,49,69,1444,345,56,49.4719,0.8834267857142857,0.84065,1.1316,1.223,10.1073,0.1804875,0.16155,0.4504,0.459,56,39.3646,0.7029392857142858,0.6856,0.8242,0.8705,completed
32,known_visit,ACBBA,bernoulli,drop_0.25,34,1156,14,10,acbba_g34_d85_bernoulli_drop_0_25,reruns\grid_density\scenarios\cv\known_visit_grid34_targets10_trials50.csv,03,27,0,1,24,4,2,0,0,0,0.0,0,0,136,57,79,1431,339,45,40.624900000000004,0.9027755555555557,0.9155,1.1897,1.4103,8.5712,0.1904711111111111,0.1848,0.4031,0.582,45,32.0537,0.7123044444444444,0.7325,0.8283,0.8836,completed
32,known_visit,ACBBA,bernoulli,drop_0.25,34,1156,14,10,acbba_g34_d85_bernoulli_drop_0_25,reruns\grid_density\scenarios\cv\known_visit_grid34_targets10_trials50.csv,04,27,1,0,28,0,1,0,0,0,0.0,0,0,126,56,70,1432,348,43,35.4152,0.8236093023255814,0.7628,1.1315,1.4438,6.6679,0.15506744186046512,0.1162,0.4581,0.6161,43,28.7473,0.6685418604651162,0.644,0.8032,0.8769,completed
32,known_visit,ACBBA,bernoulli,drop_0.25,34,1156,14,10,acbba_g34_d85_bernoulli_drop_0_25,reruns\grid_density\scenarios\cv\known_visit_grid34_targets10_trials50.csv,05,23,1,0,22,2,5,0,0,0,0.0,0,0,132,52,80,1421,354,64,64.1089,1.0017015625,0.9863500000000001,1.1951,1.4293,16.1146,0.251790625,0.2193,0.4882,0.6389,64,47.9943,0.7499109375,0.76015,0.8414,0.8721,completed
32,known_visit,ACBBA,bernoulli,drop_0.25,34,1156,14,10,acbba_g34_d85_bernoulli_drop_0_25,reruns\grid_density\scenarios\cv\known_visit_grid34_targets10_trials50.csv,06,26,0,1,24,3,5,0,0,0,0.0,0,0,138,57,81,1385,384,52,47.0658,0.9051115384615385,0.81875,1.3531,1.4648,11.1928,0.21524615384615384,0.1372,0.5434,0.6609,52,35.873,0.6898653846153846,0.67005,0.8477,0.954,completed
32,known_visit,ACBBA,bernoulli,drop_0.25,34,1156,14,10,acbba_g34_d85_bernoulli_drop_0_25,reruns\grid_density\scenarios\cv\known_visit_grid34_targets10_trials50.csv,07,28,0,0,29,0,4,0,0,0,0.0,0,0,140,58,82,1402,364,41,34.905,0.8513414634146341,0.8009,1.1569,1.4119,7.3787,0.17996829268292683,0.1212,0.482,0.6192,41,27.5263,0.6713731707317073,0.6552,0.7927,0.7981,completed
32,known_visit,ACBBA,bernoulli,drop_0.25,34,1156,14,10,acbba_g34_d85_bernoulli_drop_0_25,reruns\grid_density\scenarios\cv\known_visit_grid34_targets10_trials50.csv,08,28,2,0,29,0,4,0,0,0,0.0,0,0,143,60,83,1421,342,43,36.2713,0.8435186046511627,0.7672,1.2351,1.3594,7.9675,0.1852906976744186,0.1177,0.4982,0.5613,43,28.3038,0.6582279069767442,0.6389,0.7397,0.8042,completed
32,known_visit,ACBBA,bernoulli,drop_0.25,34,1156,14,10,acbba_g34_d85_bernoulli_drop_0_25,reruns\grid_density\scenarios\cv\known_visit_grid34_targets10_trials50.csv,09,29,0,1,24,6,7,0,0,0,0.0,0,0,153,63,90,1422,331,46,45.8493,0.9967239130434783,0.97585,1.3229,1.3884,12.6628,0.27527826086956525,0.2363,0.5013,0.5799,46,33.1865,0.7214456521739131,0.7368,0.8177,0.8525,completed
32,known_visit,ACBBA,bernoulli,drop_0.25,34,1156,14,10,acbba_g34_d85_bernoulli_drop_0_25,reruns\grid_density\scenarios\cv\known_visit_grid34_targets10_trials50.csv,10,26,2,0,27,0,5,0,0,0,0.0,0,0,140,55,85,1412,355,49,41.6164,0.8493142857142857,0.8009,1.1527,1.4572,9.0409,0.18450816326530614,0.1226,0.4866,0.7492,49,32.5755,0.6648061224489795,0.6557,0.7774,0.8304,completed
32,known_visit,ACBBA,bernoulli,drop_0.25,34,1156,14,10,acbba_g34_d85_bernoulli_drop_0_25,reruns\grid_density\scenarios\cv\known_visit_grid34_targets10_trials50.csv,11,21,2,0,22,0,1,0,0,0,0.0,0,0,117,46,71,1440,349,61,50.7877,0.8325852459016394,0.8014,1.13,1.2965,9.6885,0.158827868852459,0.1336,0.3215,0.559,61,41.0992,0.6737573770491804,0.6582,0.8002,0.8833,completed
32,known_visit,ACBBA,bernoulli,drop_0.25,34,1156,14,10,acbba_g34_d85_bernoulli_drop_0_25,reruns\grid_density\scenarios\cv\known_visit_grid34_targets10_trials50.csv,12,23,0,0,24,0,4,0,0,0,0.0,0,0,127,50,77,1413,366,57,47.6163,0.8353736842105264,0.7869,1.1225,1.2832,9.4733,0.1661982456140351,0.1241,0.4435,0.5515,57,38.143,0.6691754385964912,0.6547,0.8358,0.8714,completed
32,known_visit,ACBBA,bernoulli,drop_0.25,34,1156,14,10,acbba_g34_d85_bernoulli_drop_0_25,reruns\grid_density\scenarios\cv\known_visit_grid34_targets10_trials50.csv,13,24,1,0,25,0,1,0,0,0,0.0,0,0,132,52,80,1433,341,53,46.5297,0.8779188679245282,0.8724,1.1154,1.1663,9.4492,0.1782867924528302,0.1552,0.4513,0.5207,53,37.0805,0.6996320754716981,0.6994,0.8322,0.9065,completed
33,known_visit,ACBBA,bernoulli,drop_0.25,34,1156,14,10,acbba_g34_d85_bernoulli_drop_0_25,reruns\grid_density\scenarios\cv\known_visit_grid34_targets10_trials50.csv,00,56,1,0,42,15,2,1,1,0,0.0,0,0,195,116,79,1640,429,26,21.4262,0.8240846153846154,0.8181499999999999,1.0948,1.3098,5.4103,0.20808846153846156,0.184,0.3754,0.5492,26,16.0159,0.6159961538461538,0.6292,0.7606,0.7678,completed
33,known_visit,ACBBA,bernoulli,drop_0.25,34,1156,14,10,acbba_g34_d85_bernoulli_drop_0_25,reruns\grid_density\scenarios\cv\known_visit_grid34_targets10_trials50.csv,01,44,0,1,35,10,4,3,3,0,0.0,0,0,191,93,98,1662,410,68,50.5793,0.7438132352941177,0.7118,1.1401,1.4072,11.4792,0.16881176470588236,0.1416,0.385,0.615,68,39.1001,0.5750014705882353,0.57575,0.769,0.8076,completed
33,known_visit,ACBBA,bernoulli,drop_0.25,34,1156,14,10,acbba_g34_d85_bernoulli_drop_0_25,reruns\grid_density\scenarios\cv\known_visit_grid34_targets10_trials50.csv,02,45,0,1,36,10,4,0,0,0,0.0,0,0,180,97,83,1669,414,65,52.3437,0.8052876923076923,0.7477,1.1107,1.2578,11.3194,0.17414461538461537,0.1544,0.3275,0.5316,65,41.0243,0.6311430769230769,0.6088,0.832,0.9142,completed
33,known_visit,ACBBA,bernoulli,drop_0.25,34,1156,14,10,acbba_g34_d85_bernoulli_drop_0_25,reruns\grid_density\scenarios\cv\known_visit_grid34_targets10_trials50.csv,03,34,2,0,35,0,3,0,0,0,0.0,0,0,154,71,83,1666,444,106,72.5223,0.684172641509434,0.6546000000000001,0.99,1.3187,13.2476,0.12497735849056604,0.09179999999999999,0.3051,0.5638,106,59.2747,0.559195283018868,0.5522,0.6982,0.7962,completed
33,known_visit,ACBBA,bernoulli,drop_0.25,34,1156,14,10,acbba_g34_d85_bernoulli_drop_0_25,reruns\grid_density\scenarios\cv\known_visit_grid34_targets10_trials50.csv,04,34,0,1,17,18,4,0,0,0,0.0,0,0,159,74,85,1700,404,105,77.1595,0.7348523809523809,0.6857,0.9738,1.4425,14.8514,0.14144190476190477,0.1105,0.3058,0.563,105,62.3081,0.5934104761904763,0.5691,0.734,0.9588,completed
33,known_visit,ACBBA,bernoulli,drop_0.25,34,1156,14,10,acbba_g34_d85_bernoulli_drop_0_25,reruns\grid_density\scenarios\cv\known_visit_grid34_targets10_trials50.csv,05,41,1,1,35,7,4,0,0,0,0.0,0,0,166,87,79,1711,386,83,63.2404,0.7619325301204819,0.7278,1.0611,1.362,13.1106,0.15795903614457832,0.1519,0.3145,0.5338,83,50.1298,0.6039734939759036,0.5986,0.7903,0.8282,completed
33,known_visit,ACBBA,bernoulli,drop_0.25,34,1156,14,10,acbba_g34_d85_bernoulli_drop_0_25,reruns\grid_density\scenarios\cv\known_visit_grid34_targets10_trials50.csv,06,61,1,1,59,3,5,3,1,1,5.0,1,0,217,125,92,1674,373,17,17.1123,1.0066058823529414,1.0663,1.3271,1.3271,5.2767,0.3103941176470588,0.2982,0.5075,0.5075,17,11.8356,0.6962117647058823,0.7818,0.8399,0.8399,completed
33,known_visit,ACBBA,bernoulli,drop_0.25,34,1156,14,10,acbba_g34_d85_bernoulli_drop_0_25,reruns\grid_density\scenarios\cv\known_visit_grid34_targets10_trials50.csv,07,59,1,2,52,8,5,0,0,0,0.0,0,0,192,120,72,1675,397,21,16.9423,0.8067761904761904,0.7126,1.2191,1.3775,4.203,0.20014285714285715,0.1581,0.4189,0.5555,21,12.7393,0.6066333333333334,0.5818,0.8002,0.822,completed
33,known_visit,ACBBA,bernoulli,drop_0.25,34,1156,14,10,acbba_g34_d85_bernoulli_drop_0_25,reruns\grid_density\scenarios\cv\known_visit_grid34_targets10_trials50.csv,08,17,0,0,18,0,7,8,1,2,20.0,2,0,135,41,94,1746,382,167,127.1039,0.7611011976047904,0.7421,0.9805,1.4131,26.0996,0.15628502994011975,0.1502,0.2301,0.6246,167,101.0043,0.6048161676646706,0.6058,0.7359,0.8135,completed
33,known_visit,ACBBA,bernoulli,drop_0.25,34,1156,14,10,acbba_g34_d85_bernoulli_drop_0_25,reruns\grid_density\scenarios\cv\known_visit_grid34_targets10_trials50.csv,09,34,0,1,30,5,3,0,0,0,0.0,0,0,162,72,90,1702,399,106,76.5328,0.7220075471698113,0.6938500000000001,0.9634,1.2691,14.9373,0.1409179245283019,0.11925,0.3336,0.4941,106,61.5955,0.5810896226415094,0.57865,0.7008,0.7891,completed
33,known_visit,ACBBA,bernoulli,drop_0.25,34,1156,14,10,acbba_g34_d85_bernoulli_drop_0_25,reruns\grid_density\scenarios\cv\known_visit_grid34_targets10_trials50.csv,10,13,2,0,14,0,4,0,0,0,0.0,0,0,116,34,82,1725,423,176,128.2383,0.7286267045454546,0.68265,0.9573,1.3869,24.789,0.1408465909090909,0.10744999999999999,0.2276,0.5749,176,103.4493,0.5877801136363636,0.5812999999999999,0.7443,0.8268,completed
33,known_visit,ACBBA,bernoulli,drop_0.25,34,1156,14,10,acbba_g34_d85_bernoulli_drop_0_25,reruns\grid_density\scenarios\cv\known_visit_grid34_targets10_trials50.csv,11,53,1,1,39,15,2,0,0,0,0.0,0,0,194,108,86,1701,369,34,27.6096,0.8120470588235295,0.7872,1.1152,1.3059,6.6834,0.1965705882352941,0.16849999999999998,0.4312,0.5589,34,20.9262,0.6154764705882353,0.6196999999999999,0.747,0.7972,completed
33,known_visit,ACBBA,bernoulli,drop_0.25,34,1156,14,10,acbba_g34_d85_bernoulli_drop_0_25,reruns\grid_density\scenarios\cv\known_visit_grid34_targets10_trials50.csv,12,7,1,0,6,2,3,0,0,0,0.0,0,0,97,21,76,1779,388,194,146.0151,0.7526551546391752,0.7383500000000001,0.955,1.3262,29.1488,0.1502515463917526,0.14035,0.218,0.4958,194,116.8663,0.6024036082474227,0.6026,0.7507,0.8378,completed
33,known_visit,ACBBA,bernoulli,drop_0.25,34,1156,14,10,acbba_g34_d85_bernoulli_drop_0_25,reruns\grid_density\scenarios\cv\known_visit_grid34_targets10_trials50.csv,13,10,0,1,8,3,4,4,2,1,5.0,1,0,106,27,79,1762,395,186,137.458,0.739021505376344,0.71975,0.9289,1.3841,27.2984,0.14676559139784948,0.11979999999999999,0.3076,0.5993,186,110.1596,0.5922559139784946,0.5862499999999999,0.7149,0.8261,completed
34,known_visit,ACBBA,bernoulli,drop_0.25,34,1156,14,10,acbba_g34_d85_bernoulli_drop_0_25,reruns\grid_density\scenarios\cv\known_visit_grid34_targets10_trials50.csv,00,20,0,1,19,2,0,0,0,0,0.0,0,0,101,44,57,1233,294,66,49.4356,0.7490242424242425,0.76005,1.0091,1.2214,9.7056,0.14705454545454547,0.139,0.2965,0.4636,66,39.73,0.6019696969696969,0.62775,0.7794,0.8299,completed
34,known_visit,ACBBA,bernoulli,drop_0.25,34,1156,14,10,acbba_g34_d85_bernoulli_drop_0_25,reruns\grid_density\scenarios\cv\known_visit_grid34_targets10_trials50.csv,01,38,3,0,39,0,2,0,0,0,0.0,0,0,137,77,60,1201,291,9,9.2358,1.0262,1.0111,1.4333,1.4333,2.8162,0.3129111111111111,0.2779,0.5152,0.5152,9,6.4196,0.7132888888888889,0.6968,0.9609,0.9609,completed
34,known_visit,ACBBA,bernoulli,drop_0.25,34,1156,14,10,acbba_g34_d85_bernoulli_drop_0_25,reruns\grid_density\scenarios\cv\known_visit_grid34_targets10_trials50.csv,02,21,2,0,22,0,1,0,0,0,0.0,0,0,100,44,56,1231,297,65,46.7434,0.7191292307692307,0.719,1.0435,1.1854,9.2271,0.14195538461538462,0.1275,0.3252,0.4873,65,37.5163,0.5771738461538461,0.6104,0.7228,0.7523,completed
34,known_visit,ACBBA,bernoulli,drop_0.25,34,1156,14,10,acbba_g34_d85_bernoulli_drop_0_25,reruns\grid_density\scenarios\cv\known_visit_grid34_targets10_trials50.csv,03,32,0,1,25,8,6,3,1,1,5.0,1,0,144,70,74,1203,281,27,26.4445,0.979425925925926,0.9481,1.3118,1.3848,7.7785,0.2880925925925926,0.2126,0.543,0.5889,27,18.666,0.6913333333333334,0.7049,0.819,0.8245,completed
34,known_visit,ACBBA,bernoulli,drop_0.25,34,1156,14,10,acbba_g34_d85_bernoulli_drop_0_25,reruns\grid_density\scenarios\cv\known_visit_grid34_targets10_trials50.csv,04,15,1,0,12,4,0,0,0,0,0.0,0,0,96,34,62,1227,305,84,68.8663,0.8198369047619047,0.837,1.052,1.1791,14.1629,0.16860595238095238,0.15905,0.2227,0.4419,84,54.7034,0.6512309523809524,0.65405,0.8039,0.8514,completed
34,known_visit,ACBBA,bernoulli,drop_0.25,34,1156,14,10,acbba_g34_d85_bernoulli_drop_0_25,reruns\grid_density\scenarios\cv\known_visit_grid34_targets10_trials50.csv,05,22,0,0,22,1,2,0,0,0,0.0,0,0,114,47,67,1194,320,62,58.7553,0.947666129032258,0.93885,1.1493,1.2864,13.9491,0.22498548387096773,0.2062,0.457,0.554,62,44.806200000000004,0.7226806451612904,0.7261500000000001,0.8082,0.8616,completed
34,known_visit,ACBBA,bernoulli,drop_0.25,34,1156,14,10,acbba_g34_d85_bernoulli_drop_0_25,reruns\grid_density\scenarios\cv\known_visit_grid34_targets10_trials50.csv,06,21,0,0,20,2,3,0,0,0,0.0,0,0,104,44,60,1253,271,64,48.3016,0.7547125,0.7443500000000001,1.1952,1.3141,10.0707,0.1573546875,0.1367,0.4741,0.5583,64,38.2309,0.5973578125,0.6231,0.7854,0.8773,completed
34,known_visit,ACBBA,bernoulli,drop_0.25,34,1156,14,10,acbba_g34_d85_bernoulli_drop_0_25,reruns\grid_density\scenarios\cv\known_visit_grid34_targets10_trials50.csv,07,29,1,0,27,3,2,0,0,0,0.0,0,0,124,61,63,1206,298,40,33.4185,0.8354625,0.7822,1.111,1.2216,7.6073,0.1901825,0.15525,0.4123,0.5183,40,25.8112,0.64528,0.62565,0.7817,0.832,completed
34,known_visit,ACBBA,bernoulli,drop_0.25,34,1156,14,10,acbba_g34_d85_bernoulli_drop_0_25,reruns\grid_density\scenarios\cv\known_visit_grid34_targets10_trials50.csv,08,25,0,0,23,3,5,0,0,0,0.0,0,0,125,54,71,1224,280,56,53.2001,0.9500017857142857,0.9385,1.155,1.323,13.0352,0.23277142857142857,0.2086,0.4387,0.5646,56,40.1649,0.7172303571428572,0.7272000000000001,0.8025,0.8134,completed
34,known_visit,ACBBA,bernoulli,drop_0.25,34,1156,14,10,acbba_g34_d85_bernoulli_drop_0_25,reruns\grid_density\scenarios\cv\known_visit_grid34_targets10_trials50.csv,09,30,1,0,31,0,1,0,0,0,0.0,0,0,123,63,60,1212,294,41,35.8967,0.875529268292683,0.8898,1.1803,1.2159,8.6889,0.21192439024390244,0.2099,0.4773,0.5106,41,27.2078,0.6636048780487804,0.6811,0.765,0.791,completed
34,known_visit,ACBBA,bernoulli,drop_0.25,34,1156,14,10,acbba_g34_d85_bernoulli_drop_0_25,reruns\grid_density\scenarios\cv\known_visit_grid34_targets10_trials50.csv,10,10,0,0,10,1,5,0,0,0,0.0,0,0,95,25,70,1210,323,103,88.5507,0.8597155339805825,0.8826,1.1336,1.3139,20.5499,0.1995135922330097,0.1804,0.4425,0.5535,103,68.0008,0.6602019417475729,0.681,0.7907,0.8319,completed
34,known_visit,ACBBA,bernoulli,drop_0.25,34,1156,14,10,acbba_g34_d85_bernoulli_drop_0_25,reruns\grid_density\scenarios\cv\known_visit_grid34_targets10_trials50.csv,11,29,0,1,21,9,3,2,2,0,0.0,0,0,127,63,64,1210,291,40,39.3891,0.9847275,0.9440500000000001,1.181,1.2188,10.4869,0.26217250000000003,0.23025,0.4704,0.4943,40,28.9022,0.7225550000000001,0.7161,0.8603,0.8899,completed
34,known_visit,ACBBA,bernoulli,drop_0.25,34,1156,14,10,acbba_g34_d85_bernoulli_drop_0_25,reruns\grid_density\scenarios\cv\known_visit_grid34_targets10_trials50.csv,12,28,2,0,29,0,2,0,0,0,0.0,0,0,124,58,66,1217,287,42,31.3516,0.7464666666666667,0.7805,1.1328,1.1805,6.6113,0.15741190476190475,0.12945,0.443,0.4944,42,24.7403,0.5890547619047619,0.65045,0.7648,0.7743,completed
34,known_visit,ACBBA,bernoulli,drop_0.25,34,1156,14,10,acbba_g34_d85_bernoulli_drop_0_25,reruns\grid_density\scenarios\cv\known_visit_grid34_targets10_trials50.csv,13,19,0,1,18,2,3,0,0,0,0.0,0,0,115,44,71,1213,300,71,57.118900000000004,0.8044915492957747,0.8529,1.0567,1.2936,12.39,0.17450704225352112,0.1782,0.3866,0.5639,71,44.7289,0.6299845070422536,0.6758,0.7995,0.8234,completed
35,known_visit,ACBBA,bernoulli,drop_0.25,34,1156,14,10,acbba_g34_d85_bernoulli_drop_0_25,reruns\grid_density\scenarios\cv\known_visit_grid34_targets10_trials50.csv,00,30,0,0,22,9,0,0,0,0,0.0,0,0,168,63,105,2384,551,150,114.2507,0.7616713333333333,0.7565999999999999,0.9136,1.783,19.3685,0.12912333333333334,0.117,0.1727,0.5272,150,94.8822,0.632548,0.638,0.7409,1.652,completed
35,known_visit,ACBBA,bernoulli,drop_0.25,34,1156,14,10,acbba_g34_d85_bernoulli_drop_0_25,reruns\grid_density\scenarios\cv\known_visit_grid34_targets10_trials50.csv,01,67,3,0,67,1,8,3,1,1,5.0,1,0,278,139,139,2264,562,36,35.9373,0.9982583333333334,0.9906999999999999,1.2948,1.3215,9.8835,0.2745416666666667,0.22805,0.5115,0.5171,36,26.0538,0.7237166666666667,0.7625,0.8381,0.882,completed
35,known_visit,ACBBA,bernoulli,drop_0.25,34,1156,14,10,acbba_g34_d85_bernoulli_drop_0_25,reruns\grid_density\scenarios\cv\known_visit_grid34_targets10_trials50.csv,02,33,1,0,34,0,6,0,0,0,0.0,0,0,188,69,119,2354,560,150,118.3077,0.788718,0.75995,1.0494,1.3961,21.4917,0.14327800000000002,0.11645,0.4237,0.6033,150,96.816,0.64544,0.64285,0.7851,0.9153,completed
35,known_visit,ACBBA,bernoulli,drop_0.25,34,1156,14,10,acbba_g34_d85_bernoulli_drop_0_25,reruns\grid_density\scenarios\cv\known_visit_grid34_targets10_trials50.csv,03,47,2,0,46,2,5,0,0,0,0.0,0,0,229,100,129,2298,575,102,84.6191,0.8295990196078432,0.76435,1.1383,1.3736,17.4122,0.1707078431372549,0.12755,0.4054,0.5834,102,67.2069,0.6588911764705883,0.64185,0.7897,0.8784,completed
35,known_visit,ACBBA,bernoulli,drop_0.25,34,1156,14,10,acbba_g34_d85_bernoulli_drop_0_25,reruns\grid_density\scenarios\cv\known_visit_grid34_targets10_trials50.csv,04,40,1,0,36,5,6,9,1,3,65.0,3,0,230,86,144,2324,548,125,103.8728,0.8309824,0.7956,1.1367,1.3778,20.4386,0.1635088,0.1396,0.3189,0.5962,125,83.4342,0.6674736,0.6602,0.8011,0.9379,completed
35,known_visit,ACBBA,bernoulli,drop_0.25,34,1156,14,10,acbba_g34_d85_bernoulli_drop_0_25,reruns\grid_density\scenarios\cv\known_visit_grid34_targets10_trials50.csv,05,27,0,0,28,0,8,1,1,0,0.0,0,0,202,60,142,2371,530,168,131.5687,0.7831470238095238,0.76005,1.1215,1.315,24.8951,0.14818511904761905,0.11854999999999999,0.3453,0.5317,168,106.6736,0.6349619047619047,0.6401,0.7882,0.8693,completed
35,known_visit,ACBBA,bernoulli,drop_0.25,34,1156,14,10,acbba_g34_d85_bernoulli_drop_0_25,reruns\grid_density\scenarios\cv\known_visit_grid34_targets10_trials50.csv,06,61,0,4,36,26,8,0,0,0,0.0,0,0,270,128,142,2283,549,50,47.5706,0.9514119999999999,0.9716,1.2929,1.3957,12.1835,0.24367,0.21550000000000002,0.4879,0.603,50,35.387100000000004,0.7077420000000001,0.7411000000000001,0.8102,0.9347,completed
35,known_visit,ACBBA,bernoulli,drop_0.25,34,1156,14,10,acbba_g34_d85_bernoulli_drop_0_25,reruns\grid_density\scenarios\cv\known_visit_grid34_targets10_trials50.csv,07,30,1,0,31,0,6,3,3,0,0.0,0,0,192,66,126,2317,593,160,126.71039999999999,0.79194,0.75755,1.1367,1.4607,23.4472,0.14654499999999998,0.11725,0.3536,0.634,160,103.2632,0.6453949999999999,0.64015,0.78,0.8579,completed
35,known_visit,ACBBA,bernoulli,drop_0.25,34,1156,14,10,acbba_g34_d85_bernoulli_drop_0_25,reruns\grid_density\scenarios\cv\known_visit_grid34_targets10_trials50.csv,08,34,0,3,19,16,5,0,0,0,0.0,0,0,206,74,132,2296,600,143,117.2139,0.8196776223776223,0.7611,1.1322,5.0567,21.813,0.15253846153846154,0.1178,0.4203,0.6223,143,95.4009,0.6671391608391608,0.6415,0.7643,4.8353,completed
35,known_visit,ACBBA,bernoulli,drop_0.25,34,1156,14,10,acbba_g34_d85_bernoulli_drop_0_25,reruns\grid_density\scenarios\cv\known_visit_grid34_targets10_trials50.csv,09,20,0,0,20,1,10,0,0,0,0.0,0,0,184,50,134,2341,577,195,159.7176,0.8190646153846154,0.7617,1.1854,1.3766,31.4041,0.16104666666666667,0.1212,0.4268,0.592,195,128.3135,0.6580179487179487,0.6432,0.8032,0.8902,completed
35,known_visit,ACBBA,bernoulli,drop_0.25,34,1156,14,10,acbba_g34_d85_bernoulli_drop_0_25,reruns\grid_density\scenarios\cv\known_visit_grid34_targets10_trials50.csv,10,30,0,1,29,2,7,0,0,0,0.0,0,0,196,67,129,2326,580,159,126.7797,0.797356603773585,0.7597,1.1219,1.3481,23.806,0.14972327044025158,0.1184,0.4057,0.5353,159,102.9737,0.6476333333333333,0.64,0.7779,1.0744,completed
35,known_visit,ACBBA,bernoulli,drop_0.25,34,1156,14,10,acbba_g34_d85_bernoulli_drop_0_25,reruns\grid_density\scenarios\cv\known_visit_grid34_targets10_trials50.csv,11,62,1,1,39,24,15,2,1,1,5.0,1,0,281,130,151,2262,560,55,53.3953,0.9708236363636363,0.8515,1.4422,1.4635,15.2881,0.27796545454545457,0.1755,0.5956,0.6402,55,38.1072,0.6928581818181818,0.678,0.8477,0.9258,completed
35,known_visit,ACBBA,bernoulli,drop_0.25,34,1156,14,10,acbba_g34_d85_bernoulli_drop_0_25,reruns\grid_density\scenarios\cv\known_visit_grid34_targets10_trials50.csv,12,34,0,0,31,4,8,0,0,0,0.0,0,0,221,78,143,2305,576,147,129.9972,0.8843346938775509,0.8407,1.1592,1.5285,28.6364,0.19480544217687074,0.1552,0.4536,0.6644,147,101.3608,0.6895292517006802,0.6871,0.7982,0.8905,completed
35,known_visit,ACBBA,bernoulli,drop_0.25,34,1156,14,10,acbba_g34_d85_bernoulli_drop_0_25,reruns\grid_density\scenarios\cv\known_visit_grid34_targets10_trials50.csv,13,63,1,1,48,16,3,0,0,0,0.0,0,0,259,131,128,2313,531,42,39.1977,0.9332785714285714,0.8816999999999999,1.2536,1.3749,9.7002,0.23095714285714286,0.2188,0.4876,0.5785,42,29.4975,0.7023214285714285,0.6624,0.8654,0.8994,completed
36,known_visit,ACBBA,bernoulli,drop_0.25,34,1156,14,10,acbba_g34_d85_bernoulli_drop_0_25,reruns\grid_density\scenarios\cv\known_visit_grid34_targets10_trials50.csv,00,23,1,1,22,2,1,1,1,0,0.0,0,0,121,48,73,1215,292,82,76.6837,0.9351670731707318,0.9215,1.1803,1.9079,18.2358,0.2223878048780488,0.1985,0.3915,1.0745,82,58.4479,0.7127792682926829,0.7249000000000001,0.8271,0.9181,completed
36,known_visit,ACBBA,bernoulli,drop_0.25,34,1156,14,10,acbba_g34_d85_bernoulli_drop_0_25,reruns\grid_density\scenarios\cv\known_visit_grid34_targets10_trials50.csv,01,20,1,0,20,1,2,1,1,0,0.0,0,0,102,44,58,1246,280,90,81.9359,0.910398888888889,0.92395,1.1164,1.3483,18.5142,0.20571333333333333,0.19605,0.3067,0.518,90,63.4217,0.7046855555555556,0.7255499999999999,0.8389,0.8937,completed
36,known_visit,ACBBA,bernoulli,drop_0.25,34,1156,14,10,acbba_g34_d85_bernoulli_drop_0_25,reruns\grid_density\scenarios\cv\known_visit_grid34_targets10_trials50.csv,02,20,2,0,15,6,0,1,1,0,0.0,0,0,106,44,62,1240,282,89,81.0754,0.9109595505617978,0.9207,1.1929,1.3821,18.1561,0.2040011235955056,0.1932,0.3606,0.5588,89,62.9193,0.7069584269662922,0.7252,0.8337,0.9943,completed
36,known_visit,ACBBA,bernoulli,drop_0.25,34,1156,14,10,acbba_g34_d85_bernoulli_drop_0_25,reruns\grid_density\scenarios\cv\known_visit_grid34_targets10_trials50.csv,03,32,1,0,28,5,4,0,0,0,0.0,0,0,129,67,62,1198,301,48,40.6552,0.8469833333333333,0.80705,1.3315,1.5763,9.6168,0.20035,0.16225,0.5315,0.6032,48,31.0384,0.6466333333333333,0.6469,0.8,0.9731,completed
36,known_visit,ACBBA,bernoulli,drop_0.25,34,1156,14,10,acbba_g34_d85_bernoulli_drop_0_25,reruns\grid_density\scenarios\cv\known_visit_grid34_targets10_trials50.csv,04,11,0,1,8,4,2,0,0,0,0.0,0,0,90,24,66,1245,293,116,97.4383,0.8399853448275862,0.79845,1.1147,1.3936,19.9557,0.17203189655172413,0.15485,0.2361,0.6058,116,77.4826,0.6679534482758621,0.661,0.8351,0.9036,completed
36,known_visit,ACBBA,bernoulli,drop_0.25,34,1156,14,10,acbba_g34_d85_bernoulli_drop_0_25,reruns\grid_density\scenarios\cv\known_visit_grid34_targets10_trials50.csv,05,35,2,0,33,3,2,3,3,0,0.0,0,0,138,74,64,1227,264,38,31.6496,0.8328842105263158,0.754,1.3183,1.3191,7.4829,0.19691842105263158,0.14650000000000002,0.5169,0.5756,38,24.1667,0.6359657894736842,0.6087,0.8022,0.9453,completed
36,known_visit,ACBBA,bernoulli,drop_0.25,34,1156,14,10,acbba_g34_d85_bernoulli_drop_0_25,reruns\grid_density\scenarios\cv\known_visit_grid34_targets10_trials50.csv,06,38,1,0,39,0,4,1,1,0,0.0,0,0,139,78,61,1186,303,29,25.5121,0.8797275862068965,0.789,1.4661,1.5614,6.1645,0.2125689655172414,0.1289,0.5867,0.6194,29,19.3476,0.6671586206896551,0.6573,0.8794,0.942,completed
36,known_visit,ACBBA,bernoulli,drop_0.25,34,1156,14,10,acbba_g34_d85_bernoulli_drop_0_25,reruns\grid_density\scenarios\cv\known_visit_grid34_targets10_trials50.csv,07,32,2,0,33,0,2,0,0,0,0.0,0,0,125,66,59,1207,296,49,38.0548,0.7766285714285714,0.7528,1.1568,1.3391,7.3212,0.14941224489795918,0.1205,0.4409,0.5239,49,30.7336,0.6272163265306122,0.6353,0.7835,0.8152,completed
36,known_visit,ACBBA,bernoulli,drop_0.25,34,1156,14,10,acbba_g34_d85_bernoulli_drop_0_25,reruns\grid_density\scenarios\cv\known_visit_grid34_targets10_trials50.csv,08,23,0,1,14,10,8,4,1,1,5.0,1,0,123,51,72,1234,271,83,69.8149,0.8411433734939758,0.7917,1.3159,1.585,16.1087,0.19408072289156625,0.1499,0.5179,0.6685,83,53.7062,0.6470626506024096,0.6367,0.814,0.9165,completed
36,known_visit,ACBBA,bernoulli,drop_0.25,34,1156,14,10,acbba_g34_d85_bernoulli_drop_0_25,reruns\grid_density\scenarios\cv\known_visit_grid34_targets10_trials50.csv,09,5,0,0,5,1,4,0,0,0,0.0,0,0,81,14,67,1263,285,139,118.0509,0.8492870503597122,0.8121,1.1009,1.4103,24.6281,0.17718057553956834,0.1666,0.267,0.5829,139,93.4228,0.6721064748201439,0.6533,0.8241,0.9501,completed
36,known_visit,ACBBA,bernoulli,drop_0.25,34,1156,14,10,acbba_g34_d85_bernoulli_drop_0_25,reruns\grid_density\scenarios\cv\known_visit_grid34_targets10_trials50.csv,10,42,0,1,36,7,6,7,5,1,5.0,1,0,161,87,74,1151,316,13,14.3831,1.1063923076923077,1.1042,1.5715,1.5715,5.1834999999999996,0.3987307692307692,0.4226,0.6593,0.6593,13,9.1996,0.7076615384615385,0.6922,0.9122,0.9122,completed
36,known_visit,ACBBA,bernoulli,drop_0.25,34,1156,14,10,acbba_g34_d85_bernoulli_drop_0_25,reruns\grid_density\scenarios\cv\known_visit_grid34_targets10_trials50.csv,11,15,0,0,16,0,4,0,0,0,0.0,0,0,102,33,69,1236,291,108,95.4663,0.8839472222222222,0.9008499999999999,1.1456,1.4731,20.8996,0.1935148148148148,0.18615,0.4555,0.6012,108,74.5667,0.6904324074074074,0.69985,0.8352,0.8719,completed
36,known_visit,ACBBA,bernoulli,drop_0.25,34,1156,14,10,acbba_g34_d85_bernoulli_drop_0_25,reruns\grid_density\scenarios\cv\known_visit_grid34_targets10_trials50.csv,12,37,0,1,21,17,3,0,0,0,0.0,0,0,138,77,61,1192,299,30,24.373,0.8124333333333333,0.7739499999999999,1.1875,1.3749,5.1355,0.17118333333333335,0.121,0.5106,0.5677,30,19.2375,0.64125,0.6544,0.8099,0.8209,completed
36,known_visit,ACBBA,bernoulli,drop_0.25,34,1156,14,10,acbba_g34_d85_bernoulli_drop_0_25,reruns\grid_density\scenarios\cv\known_visit_grid34_targets10_trials50.csv,13,3,0,0,4,0,2,0,0,0,0.0,0,0,74,9,65,1248,306,143,122.3422,0.8555398601398602,0.8273,1.0818,1.3046,25.049,0.17516783216783216,0.1724,0.2452,0.4684,143,97.2932,0.680372027972028,0.662,0.826,1.076,completed
37,known_visit,ACBBA,bernoulli,drop_0.25,34,1156,14,10,acbba_g34_d85_bernoulli_drop_0_25,reruns\grid_density\scenarios\cv\known_visit_grid34_targets10_trials50.csv,00,26,0,2,20,7,4,0,0,0,0.0,0,0,147,57,90,1247,328,53,46.6757,0.8806735849056604,0.8243,1.3216,1.3884,10.9765,0.20710377358490564,0.1688,0.5329,0.594,53,35.6992,0.6735698113207547,0.6786,0.8136,0.851,completed
37,known_visit,ACBBA,bernoulli,drop_0.25,34,1156,14,10,acbba_g34_d85_bernoulli_drop_0_25,reruns\grid_density\scenarios\cv\known_visit_grid34_targets10_trials50.csv,01,8,1,0,9,0,0,0,0,0,0.0,0,0,86,20,66,1331,306,109,87.7151,0.8047256880733945,0.771,1.0377,1.3606,17.5677,0.1611715596330275,0.1461,0.2166,0.5761,109,70.1474,0.643554128440367,0.6405,0.7945,0.8742,completed
37,known_visit,ACBBA,bernoulli,drop_0.25,34,1156,14,10,acbba_g34_d85_bernoulli_drop_0_25,reruns\grid_density\scenarios\cv\known_visit_grid34_targets10_trials50.csv,02,9,0,0,10,0,3,0,0,0,0.0,0,0,97,22,75,1303,322,110,91.0259,0.8275081818181818,0.796,1.1059,1.3605,18.7626,0.1705690909090909,0.1487,0.4042,0.5458,110,72.2633,0.656939090909091,0.6506000000000001,0.8263,0.897,completed
37,known_visit,ACBBA,bernoulli,drop_0.25,34,1156,14,10,acbba_g34_d85_bernoulli_drop_0_25,reruns\grid_density\scenarios\cv\known_visit_grid34_targets10_trials50.csv,03,32,1,0,23,10,2,0,0,0,0.0,0,0,144,66,78,1280,299,35,31.8809,0.9108828571428571,0.832,1.3703,1.3946,8.5221,0.24348857142857142,0.1871,0.5722,0.5775,35,23.3588,0.6673942857142857,0.6451,0.8224,0.8316,completed
37,known_visit,ACBBA,bernoulli,drop_0.25,34,1156,14,10,acbba_g34_d85_bernoulli_drop_0_25,reruns\grid_density\scenarios\cv\known_visit_grid34_targets10_trials50.csv,04,19,1,0,16,4,3,0,0,0,0.0,0,0,117,42,75,1304,301,78,65.389,0.8383205128205128,0.8237,1.0678,1.4214,13.8457,0.17750897435897436,0.15810000000000002,0.2963,0.6193,78,51.5433,0.6608115384615385,0.66215,0.8046,0.9755,completed
37,known_visit,ACBBA,bernoulli,drop_0.25,34,1156,14,10,acbba_g34_d85_bernoulli_drop_0_25,reruns\grid_density\scenarios\cv\known_visit_grid34_targets10_trials50.csv,05,38,1,0,37,2,2,0,0,0,0.0,0,0,155,80,75,1263,304,16,16.9842,1.0615125,0.9946,1.5228,1.5228,5.393,0.3370625,0.24735000000000001,0.5912,0.5912,16,11.5912,0.72445,0.73605,0.9333,0.9333,completed
37,known_visit,ACBBA,bernoulli,drop_0.25,34,1156,14,10,acbba_g34_d85_bernoulli_drop_0_25,reruns\grid_density\scenarios\cv\known_visit_grid34_targets10_trials50.csv,06,17,1,0,16,2,2,0,0,0,0.0,0,0,100,37,63,1296,326,81,64.1666,0.7921802469135802,0.7862,0.9812,1.3779,12.6501,0.15617407407407408,0.1412,0.2453,0.5976,81,51.5165,0.6360061728395062,0.6447,0.7818,0.8844,completed
37,known_visit,ACBBA,bernoulli,drop_0.25,34,1156,14,10,acbba_g34_d85_bernoulli_drop_0_25,reruns\grid_density\scenarios\cv\known_visit_grid34_targets10_trials50.csv,07,39,0,0,40,0,3,3,3,0,0.0,0,0,145,79,66,1245,333,9,9.3948,1.0438666666666667,0.995,1.375,1.375,3.0116,0.3346222222222222,0.2667,0.5928,0.5928,9,6.3831999999999995,0.7092444444444443,0.7283,0.8448,0.8448,completed
37,known_visit,ACBBA,bernoulli,drop_0.25,34,1156,14,10,acbba_g34_d85_bernoulli_drop_0_25,reruns\grid_density\scenarios\cv\known_visit_grid34_targets10_trials50.csv,08,17,0,0,17,1,9,4,2,1,5.0,1,0,130,40,90,1285,307,87,75.7757,0.8709850574712644,0.8271,1.3025,1.3623,17.0934,0.1964758620689655,0.1635,0.4349,0.544,87,58.6823,0.6745091954022988,0.6784,0.8167,0.901,completed
37,known_visit,ACBBA,bernoulli,drop_0.25,34,1156,14,10,acbba_g34_d85_bernoulli_drop_0_25,reruns\grid_density\scenarios\cv\known_visit_grid34_targets10_trials50.csv,09,30,1,0,31,0,5,0,0,0,0.0,0,0,144,64,80,1258,321,40,34.5958,0.864895,0.7603500000000001,1.3657,1.4269,8.3393,0.2084825,0.11515,0.5478,0.6227,40,26.2565,0.6564125,0.65205,0.8205,0.8713,completed
37,known_visit,ACBBA,bernoulli,drop_0.25,34,1156,14,10,acbba_g34_d85_bernoulli_drop_0_25,reruns\grid_density\scenarios\cv\known_visit_grid34_targets10_trials50.csv,10,21,0,1,16,6,7,0,0,0,0.0,0,0,121,47,74,1294,307,68,58.3857,0.8586132352941176,0.8322,1.2414,1.3835,13.0495,0.19190441176470588,0.15175,0.507,0.6044,68,45.3362,0.6667088235294117,0.68295,0.7791,0.9132,completed
37,known_visit,ACBBA,bernoulli,drop_0.25,34,1156,14,10,acbba_g34_d85_bernoulli_drop_0_25,reruns\grid_density\scenarios\cv\known_visit_grid34_targets10_trials50.csv,11,30,3,0,31,0,4,0,0,0,0.0,0,0,133,62,71,1271,319,43,38.9366,0.9055023255813953,0.8734,1.3408,1.3652,9.3072,0.21644651162790698,0.1616,0.5227,0.5875,43,29.6294,0.6890558139534884,0.6962,0.7936,0.8351,completed
37,known_visit,ACBBA,bernoulli,drop_0.25,34,1156,14,10,acbba_g34_d85_bernoulli_drop_0_25,reruns\grid_density\scenarios\cv\known_visit_grid34_targets10_trials50.csv,12,16,1,0,17,0,0,0,0,0,0.0,0,0,101,34,67,1304,317,83,65.4594,0.7886674698795181,0.7563,1.0859,1.3857,12.4934,0.15052289156626505,0.1368,0.2104,0.592,83,52.966,0.638144578313253,0.6353,0.7937,1.0272,completed
37,known_visit,ACBBA,bernoulli,drop_0.25,34,1156,14,10,acbba_g34_d85_bernoulli_drop_0_25,reruns\grid_density\scenarios\cv\known_visit_grid34_targets10_trials50.csv,13,17,0,1,12,6,2,0,0,0,0.0,0,0,103,37,66,1277,342,82,68.5977,0.8365573170731708,0.80615,1.1872,1.3835,14.8032,0.1805268292682927,0.1518,0.2799,0.5943,82,53.7945,0.656030487804878,0.64755,0.8005,0.9614,completed
38,known_visit,ACBBA,bernoulli,drop_0.25,34,1156,14,10,acbba_g34_d85_bernoulli_drop_0_25,reruns\grid_density\scenarios\cv\known_visit_grid34_targets10_trials50.csv,00,38,1,0,38,1,0,1,1,0,0.0,0,0,184,80,104,1747,464,35,27.3973,0.78278,0.7426,1.3596,1.364,6.4049000000000005,0.18299714285714286,0.1302,0.5534,0.5685,35,20.9924,0.5997828571428572,0.6092,0.7955,0.8062,completed
38,known_visit,ACBBA,bernoulli,drop_0.25,34,1156,14,10,acbba_g34_d85_bernoulli_drop_0_25,reruns\grid_density\scenarios\cv\known_visit_grid34_targets10_trials50.csv,01,18,1,0,19,0,7,0,0,0,0.0,0,0,155,39,116,1800,440,104,80.9556,0.7784192307692308,0.7561,1.2566,1.365,16.9986,0.16344807692307692,0.13374999999999998,0.4808,0.5811,104,63.957,0.6149711538461539,0.61615,0.8133,0.9555,completed
38,known_visit,ACBBA,bernoulli,drop_0.25,34,1156,14,10,acbba_g34_d85_bernoulli_drop_0_25,reruns\grid_density\scenarios\cv\known_visit_grid34_targets10_trials50.csv,02,22,0,1,21,2,6,0,0,0,0.0,0,0,155,46,109,1763,477,92,70.455,0.7658152173913043,0.7279,1.26,1.4206,15.0142,0.16319782608695652,0.12795,0.5179,0.5556,92,55.4408,0.6026173913043479,0.60025,0.7593,0.9001,completed
38,known_visit,ACBBA,bernoulli,drop_0.25,34,1156,14,10,acbba_g34_d85_bernoulli_drop_0_25,reruns\grid_density\scenarios\cv\known_visit_grid34_targets10_trials50.csv,03,37,3,0,38,0,4,6,1,2,20.0,2,0,206,79,127,1724,465,44,37.1645,0.8446477272727272,0.76045,1.3114,1.435,10.2328,0.23256363636363633,0.1758,0.5446,0.6552,44,26.9317,0.6120840909090909,0.6135999999999999,0.8017,0.8932,completed
38,known_visit,ACBBA,bernoulli,drop_0.25,34,1156,14,10,acbba_g34_d85_bernoulli_drop_0_25,reruns\grid_density\scenarios\cv\known_visit_grid34_targets10_trials50.csv,04,19,0,0,20,0,8,0,0,0,0.0,0,0,154,43,111,1798,443,106,85.7858,0.8092999999999999,0.7923,1.0898,1.4332,18.8153,0.17750283018867924,0.14565,0.3972,0.6174,106,66.9705,0.6317971698113207,0.6364000000000001,0.7822,0.8158,completed
38,known_visit,ACBBA,bernoulli,drop_0.25,34,1156,14,10,acbba_g34_d85_bernoulli_drop_0_25,reruns\grid_density\scenarios\cv\known_visit_grid34_targets10_trials50.csv,05,15,0,1,12,4,3,0,0,0,0.0,0,0,147,34,113,1788,460,111,85.1578,0.7671873873873873,0.755,1.0265,1.3533,17.1846,0.15481621621621622,0.1356,0.3511,0.5681,111,67.9732,0.6123711711711712,0.6173,0.755,0.8183,completed
38,known_visit,ACBBA,bernoulli,drop_0.25,34,1156,14,10,acbba_g34_d85_bernoulli_drop_0_25,reruns\grid_density\scenarios\cv\known_visit_grid34_targets10_trials50.csv,06,18,0,1,17,2,4,0,0,0,0.0,0,0,158,39,119,1786,451,105,80.5913,0.7675361904761905,0.7458,1.2089,1.3676,16.3982,0.15617333333333333,0.1315,0.4896,0.5849,105,64.1931,0.6113628571428572,0.6055,0.7491,0.8139,completed
38,known_visit,ACBBA,bernoulli,drop_0.25,34,1156,14,10,acbba_g34_d85_bernoulli_drop_0_25,reruns\grid_density\scenarios\cv\known_visit_grid34_targets10_trials50.csv,07,32,1,0,33,0,9,0,0,0,0.0,0,0,183,67,116,1704,508,62,49.233200000000004,0.794083870967742,0.7022999999999999,1.3265,1.423,11.8541,0.1911951612903226,0.1136,0.5709,0.5753,62,37.3791,0.6028887096774194,0.5855,0.7927,0.851,completed
38,known_visit,ACBBA,bernoulli,drop_0.25,34,1156,14,10,acbba_g34_d85_bernoulli_drop_0_25,reruns\grid_density\scenarios\cv\known_visit_grid34_targets10_trials50.csv,08,29,1,0,29,1,2,0,0,0,0.0,0,0,163,62,101,1759,473,66,57.3484,0.8689151515151515,0.855,1.0885,1.4643,12.8378,0.19451212121212122,0.1683,0.3906,0.5908,66,44.5106,0.6744030303030303,0.69455,0.7865,0.8735,completed
38,known_visit,ACBBA,bernoulli,drop_0.25,34,1156,14,10,acbba_g34_d85_bernoulli_drop_0_25,reruns\grid_density\scenarios\cv\known_visit_grid34_targets10_trials50.csv,09,44,2,0,45,0,4,0,0,0,0.0,0,0,221,93,128,1680,495,22,23.506,1.0684545454545455,1.0169000000000001,1.3592,1.3871,7.1759,0.32617727272727276,0.2501,0.5409,0.5815,22,16.3301,0.7422772727272728,0.7624,0.8336,0.8396,completed
38,known_visit,ACBBA,bernoulli,drop_0.25,34,1156,14,10,acbba_g34_d85_bernoulli_drop_0_25,reruns\grid_density\scenarios\cv\known_visit_grid34_targets10_trials50.csv,10,12,0,0,11,2,8,0,0,0,0.0,0,0,149,30,119,1788,458,125,99.1141,0.7929128,0.7739,1.1554,1.5689,20.7258,0.1658064,0.1417,0.4085,0.676,125,78.3883,0.6271064,0.6318,0.7981,0.9092,completed
38,known_visit,ACBBA,bernoulli,drop_0.25,34,1156,14,10,acbba_g34_d85_bernoulli_drop_0_25,reruns\grid_density\scenarios\cv\known_visit_grid34_targets10_trials50.csv,11,16,1,0,17,0,5,0,0,0,0.0,0,0,145,36,109,1781,469,112,86.3245,0.7707544642857143,0.7581500000000001,1.0726,1.3756,17.5658,0.1568375,0.14300000000000002,0.3371,0.5803,112,68.7587,0.6139169642857143,0.6164499999999999,0.7513,0.8146,completed
38,known_visit,ACBBA,bernoulli,drop_0.25,34,1156,14,10,acbba_g34_d85_bernoulli_drop_0_25,reruns\grid_density\scenarios\cv\known_visit_grid34_targets10_trials50.csv,12,30,0,0,30,1,9,0,0,0,0.0,0,0,187,67,120,1724,485,71,64.9324,0.9145408450704225,0.8995,1.3718,1.4496,15.4435,0.21751408450704227,0.1675,0.5759,0.5992,71,49.4889,0.6970267605633803,0.7285,0.833,0.9463,completed
38,known_visit,ACBBA,bernoulli,drop_0.25,34,1156,14,10,acbba_g34_d85_bernoulli_drop_0_25,reruns\grid_density\scenarios\cv\known_visit_grid34_targets10_trials50.csv,13,35,0,2,19,17,3,0,0,0,0.0,0,0,189,74,115,1725,481,46,37.295,0.8107608695652174,0.69465,1.3046,1.3576,9.2518,0.20112608695652173,0.12855,0.526,0.546,46,28.0432,0.6096347826086956,0.5628500000000001,0.7968,0.819,completed
39,known_visit,ACBBA,bernoulli,drop_0.25,34,1156,14,10,acbba_g34_d85_bernoulli_drop_0_25,reruns\grid_density\scenarios\cv\known_visit_grid34_targets10_trials50.csv,00,33,0,0,32,2,0,1,1,0,0.0,0,0,154,70,84,1668,368,57,40.6273,0.712759649122807,0.7567,0.9558,1.2146,8.0877,0.14188947368421054,0.1218,0.3403,0.49,57,32.5396,0.5708701754385965,0.608,0.6863,0.7246,completed
39,known_visit,ACBBA,bernoulli,drop_0.25,34,1156,14,10,acbba_g34_d85_bernoulli_drop_0_25,reruns\grid_density\scenarios\cv\known_visit_grid34_targets10_trials50.csv,01,39,3,1,35,5,4,0,0,0,0.0,0,0,171,81,90,1600,419,40,31.5507,0.7887675,0.79295,1.2223,1.2784,6.7632,0.16908,0.12304999999999999,0.4636,0.5267,40,24.7875,0.6196875000000001,0.6648499999999999,0.747,0.762,completed
39,known_visit,ACBBA,bernoulli,drop_0.25,34,1156,14,10,acbba_g34_d85_bernoulli_drop_0_25,reruns\grid_density\scenarios\cv\known_visit_grid34_targets10_trials50.csv,02,28,0,1,19,10,3,4,3,1,5.0,1,0,158,64,94,1634,399,78,65.01,0.8334615384615385,0.81345,1.1998,1.3177,15.2903,0.19602948717948718,0.19075,0.4384,0.5574,78,49.7197,0.6374320512820513,0.6606000000000001,0.7631,0.7955,completed
39,known_visit,ACBBA,bernoulli,drop_0.25,34,1156,14,10,acbba_g34_d85_bernoulli_drop_0_25,reruns\grid_density\scenarios\cv\known_visit_grid34_targets10_trials50.csv,03,28,0,2,7,22,1,0,0,0,0.0,0,0,154,61,93,1633,403,76,62.9315,0.8280460526315789,0.82595,1.0431,1.2814,14.3691,0.1890671052631579,0.1805,0.4205,0.5535,76,48.5624,0.638978947368421,0.6594,0.7374,0.8231,completed
39,known_visit,ACBBA,bernoulli,drop_0.25,34,1156,14,10,acbba_g34_d85_bernoulli_drop_0_25,reruns\grid_density\scenarios\cv\known_visit_grid34_targets10_trials50.csv,04,17,0,0,18,0,5,0,0,0,0.0,0,0,141,42,99,1643,406,117,91.1137,0.7787495726495726,0.7697,1.0305,1.3006,18.8084,0.16075555555555554,0.1341,0.338,0.5438,117,72.3053,0.6179940170940171,0.6296,0.7359,0.787,completed
39,known_visit,ACBBA,bernoulli,drop_0.25,34,1156,14,10,acbba_g34_d85_bernoulli_drop_0_25,reruns\grid_density\scenarios\cv\known_visit_grid34_targets10_trials50.csv,05,39,3,0,37,3,5,0,0,0,0.0,0,0,178,81,97,1625,388,50,42.5455,0.8509099999999999,0.7827500000000001,1.277,1.3588,10.4764,0.209528,0.13295,0.5194,0.573,50,32.0691,0.641382,0.64225,0.7457,0.8343,completed
39,known_visit,ACBBA,bernoulli,drop_0.25,34,1156,14,10,acbba_g34_d85_bernoulli_drop_0_25,reruns\grid_density\scenarios\cv\known_visit_grid34_targets10_trials50.csv,06,42,1,0,43,0,7,1,1,0,0.0,0,0,183,87,96,1617,391,33,26.1857,0.7935060606060607,0.8036,1.2665,1.3091,6.326,0.1916969696969697,0.1322,0.5017,0.5313,33,19.8597,0.601809090909091,0.6432,0.7648,0.7778,completed
39,known_visit,ACBBA,bernoulli,drop_0.25,34,1156,14,10,acbba_g34_d85_bernoulli_drop_0_25,reruns\grid_density\scenarios\cv\known_visit_grid34_targets10_trials50.csv,07,38,3,0,39,0,1,0,0,0,0.0,0,0,156,79,77,1639,395,42,30.8564,0.7346761904761905,0.7545999999999999,1.1085,1.2825,6.003,0.14292857142857143,0.1078,0.4195,0.5221,42,24.8534,0.5917476190476191,0.63255,0.689,0.7604,completed
39,known_visit,ACBBA,bernoulli,drop_0.25,34,1156,14,10,acbba_g34_d85_bernoulli_drop_0_25,reruns\grid_density\scenarios\cv\known_visit_grid34_targets10_trials50.csv,08,44,0,1,36,9,5,0,0,0,0.0,0,0,187,92,95,1619,385,29,28.3778,0.9785448275862069,0.9336,1.2972,1.2985,8.3605,0.28829310344827586,0.2132,0.522,0.5351,29,20.0173,0.690251724137931,0.7015,0.7634,0.7752,completed
39,known_visit,ACBBA,bernoulli,drop_0.25,34,1156,14,10,acbba_g34_d85_bernoulli_drop_0_25,reruns\grid_density\scenarios\cv\known_visit_grid34_targets10_trials50.csv,09,22,0,1,20,3,6,0,0,0,0.0,0,0,153,49,104,1639,398,104,88.8254,0.8540903846153847,0.83675,1.1405,1.3157,21.2459,0.20428749999999998,0.17154999999999998,0.4788,0.5823,104,67.5795,0.6498028846153846,0.6678,0.7512,0.8548,completed
39,known_visit,ACBBA,bernoulli,drop_0.25,34,1156,14,10,acbba_g34_d85_bernoulli_drop_0_25,reruns\grid_density\scenarios\cv\known_visit_grid34_targets10_trials50.csv,10,21,0,1,19,3,3,0,0,0,0.0,0,0,132,47,85,1660,399,108,89.3206,0.8270425925925926,0.78,1.1857,2.8692,21.0433,0.19484537037037036,0.1596,0.4574,2.1663,108,68.2773,0.6321972222222222,0.6336999999999999,0.7472,0.8188,completed
39,known_visit,ACBBA,bernoulli,drop_0.25,34,1156,14,10,acbba_g34_d85_bernoulli_drop_0_25,reruns\grid_density\scenarios\cv\known_visit_grid34_targets10_trials50.csv,11,14,0,0,15,0,3,0,0,0,0.0,0,0,123,33,90,1681,387,129,102.3352,0.7932961240310078,0.7782,1.1686,1.4349,21.7786,0.1688263565891473,0.1265,0.4341,0.6521,129,80.5566,0.6244697674418604,0.6296,0.7577,0.8952,completed
39,known_visit,ACBBA,bernoulli,drop_0.25,34,1156,14,10,acbba_g34_d85_bernoulli_drop_0_25,reruns\grid_density\scenarios\cv\known_visit_grid34_targets10_trials50.csv,12,25,0,1,24,2,5,0,0,0,0.0,0,0,156,61,95,1635,399,90,77.1272,0.8569688888888889,0.85055,1.1471,1.1937,18.2627,0.20291888888888887,0.19615,0.4336,0.5032,90,58.8645,0.65405,0.6516500000000001,0.7513,0.8493,completed
39,known_visit,ACBBA,bernoulli,drop_0.25,34,1156,14,10,acbba_g34_d85_bernoulli_drop_0_25,reruns\grid_density\scenarios\cv\known_visit_grid34_targets10_trials50.csv,13,25,0,0,26,0,6,0,0,0,0.0,0,0,146,56,90,1620,425,94,77.4186,0.8236021276595744,0.7915,1.1782,1.2933,17.1972,0.18294893617021274,0.16585,0.4271,0.5148,94,60.2214,0.6406531914893617,0.64455,0.7545,0.8375,completed
40,known_visit,ACBBA,bernoulli,drop_0.25,34,1156,14,10,acbba_g34_d85_bernoulli_drop_0_25,reruns\grid_density\scenarios\cv\known_visit_grid34_targets10_trials50.csv,00,23,0,0,23,1,1,0,0,0,0.0,0,0,138,49,89,1800,442,95,67.5431,0.71098,0.6856,1.0656,1.4018,11.9079,0.1253463157894737,0.1048,0.2945,0.5731,95,55.6352,0.5856336842105263,0.5813,0.7711,0.8287,completed
40,known_visit,ACBBA,bernoulli,drop_0.25,34,1156,14,10,acbba_g34_d85_bernoulli_drop_0_25,reruns\grid_density\scenarios\cv\known_visit_grid34_targets10_trials50.csv,01,26,0,0,27,0,4,1,1,0,0.0,0,0,171,60,111,1777,432,91,70.0405,0.7696758241758241,0.7145,1.1979,1.3736,14.0929,0.15486703296703297,0.1205,0.3962,0.5493,91,55.9476,0.6148087912087912,0.5889,0.805,0.9774,completed
40,known_visit,ACBBA,bernoulli,drop_0.25,34,1156,14,10,acbba_g34_d85_bernoulli_drop_0_25,reruns\grid_density\scenarios\cv\known_visit_grid34_targets10_trials50.csv,02,26,0,2,20,7,5,0,0,0,0.0,0,0,155,56,99,1798,426,87,68.167,0.783528735632184,0.7364,1.2187,1.3316,13.2318,0.1520896551724138,0.1177,0.3638,0.4985,87,54.9352,0.6314390804597702,0.6038,0.8335,0.9658,completed
40,known_visit,ACBBA,bernoulli,drop_0.25,34,1156,14,10,acbba_g34_d85_bernoulli_drop_0_25,reruns\grid_density\scenarios\cv\known_visit_grid34_targets10_trials50.csv,03,33,0,1,26,8,2,1,1,0,0.0,0,0,169,71,98,1778,432,61,46.9846,0.7702393442622951,0.6863,1.2248,1.3373,9.0974,0.1491377049180328,0.1024,0.4247,0.5369,61,37.8872,0.6211016393442623,0.5849,0.8011,0.8199,completed
40,known_visit,ACBBA,bernoulli,drop_0.25,34,1156,14,10,acbba_g34_d85_bernoulli_drop_0_25,reruns\grid_density\scenarios\cv\known_visit_grid34_targets10_trials50.csv,04,45,3,0,46,0,12,0,0,0,0.0,0,0,202,95,107,1749,429,31,31.6787,1.0218935483870968,0.9764,1.4113,1.4582,9.1375,0.294758064516129,0.2459,0.5584,0.5587,31,22.5412,0.7271354838709677,0.7807,0.896,0.9397,completed
40,known_visit,ACBBA,bernoulli,drop_0.25,34,1156,14,10,acbba_g34_d85_bernoulli_drop_0_25,reruns\grid_density\scenarios\cv\known_visit_grid34_targets10_trials50.csv,05,48,1,2,27,22,4,1,1,0,0.0,0,0,199,98,101,1751,430,13,13.4006,1.0308153846153847,0.9561,1.4267,1.4267,3.999,0.3076153846153846,0.2175,0.5782,0.5782,13,9.4016,0.7232000000000001,0.7649,0.8485,0.8485,completed
40,known_visit,ACBBA,bernoulli,drop_0.25,34,1156,14,10,acbba_g34_d85_bernoulli_drop_0_25,reruns\grid_density\scenarios\cv\known_visit_grid34_targets10_trials50.csv,06,34,0,1,18,17,5,1,1,0,0.0,0,0,198,74,124,1774,407,64,55.9688,0.8745125,0.7639,1.3076,1.5425,12.8436,0.20068125,0.1868,0.5377,0.5541,64,43.1252,0.67383125,0.61145,0.8604,1.0318,completed
40,known_visit,ACBBA,bernoulli,drop_0.25,34,1156,14,10,acbba_g34_d85_bernoulli_drop_0_25,reruns\grid_density\scenarios\cv\known_visit_grid34_targets10_trials50.csv,07,11,0,0,10,2,3,0,0,0,0.0,0,0,136,30,106,1790,453,139,115.7957,0.8330625899280575,0.7517,1.1844,1.3908,22.8464,0.16436258992805755,0.1267,0.345,0.5602,139,92.9493,0.6687,0.6343,0.8549,0.9392,completed
40,known_visit,ACBBA,bernoulli,drop_0.25,34,1156,14,10,acbba_g34_d85_bernoulli_drop_0_25,reruns\grid_density\scenarios\cv\known_visit_grid34_targets10_trials50.csv,08,23,1,0,19,5,5,0,0,0,0.0,0,0,158,54,104,1759,462,97,76.3224,0.7868288659793815,0.7098,1.2841,1.53,15.3381,0.15812474226804124,0.1116,0.4527,0.5858,97,60.9843,0.6287041237113402,0.5892,0.8451,1.0261,completed
40,known_visit,ACBBA,bernoulli,drop_0.25,34,1156,14,10,acbba_g34_d85_bernoulli_drop_0_25,reruns\grid_density\scenarios\cv\known_visit_grid34_targets10_trials50.csv,09,23,1,0,24,0,7,0,0,0,0.0,0,0,170,54,116,1748,461,102,89.54,0.877843137254902,0.93215,1.1693,1.3759,18.5288,0.18165490196078432,0.174,0.3985,0.5375,102,71.0112,0.6961882352941177,0.7582,0.8575,0.9556,completed
40,known_visit,ACBBA,bernoulli,drop_0.25,34,1156,14,10,acbba_g34_d85_bernoulli_drop_0_25,reruns\grid_density\scenarios\cv\known_visit_grid34_targets10_trials50.csv,10,33,2,0,34,0,3,0,0,0,0.0,0,0,170,71,99,1750,459,67,50.8039,0.7582671641791044,0.7046,1.32,1.4229,10.4546,0.15603880597014924,0.1148,0.4675,0.5811,67,40.3493,0.6022283582089553,0.5921,0.8377,1.0348,completed
40,known_visit,ACBBA,bernoulli,drop_0.25,34,1156,14,10,acbba_g34_d85_bernoulli_drop_0_25,reruns\grid_density\scenarios\cv\known_visit_grid34_targets10_trials50.csv,11,16,0,1,15,2,4,0,0,0,0.0,0,0,141,38,103,1799,440,120,99.0386,0.8253216666666667,0.73135,1.1689,1.3855,19.6779,0.1639825,0.1176,0.4019,0.5468,120,79.3607,0.6613391666666666,0.6072500000000001,0.8456,0.9199,completed
40,known_visit,ACBBA,bernoulli,drop_0.25,34,1156,14,10,acbba_g34_d85_bernoulli_drop_0_25,reruns\grid_density\scenarios\cv\known_visit_grid34_targets10_trials50.csv,12,41,0,3,20,22,5,1,1,0,0.0,0,0,201,86,115,1742,436,37,37.2612,1.0070594594594595,0.9796,1.456,1.5339,9.5924,0.25925405405405405,0.1943,0.6142,0.6198,37,27.6688,0.7478054054054054,0.7829,0.9197,0.9373,completed
40,known_visit,ACBBA,bernoulli,drop_0.25,34,1156,14,10,acbba_g34_d85_bernoulli_drop_0_25,reruns\grid_density\scenarios\cv\known_visit_grid34_targets10_trials50.csv,13,33,2,0,34,0,3,0,0,0,0.0,0,0,172,69,103,1736,472,65,48.998,0.7538153846153846,0.6836,1.3053,1.4468,9.5629,0.14712153846153847,0.1024,0.463,0.5934,65,39.4351,0.6066938461538461,0.5736,0.8218,0.8534,completed
41,known_visit,ACBBA,bernoulli,drop_0.25,34,1156,14,10,acbba_g34_d85_bernoulli_drop_0_25,reruns\grid_density\scenarios\cv\known_visit_grid34_targets10_trials50.csv,00,34,1,0,31,4,2,1,1,0,0.0,0,0,135,71,64,1233,337,66,58.2685,0.8828560606060607,0.8482000000000001,1.1191,1.2737,12.6037,0.1909651515151515,0.17704999999999999,0.3806,0.5193,66,45.6648,0.6918909090909091,0.688,0.7865,0.8318,completed
41,known_visit,ACBBA,bernoulli,drop_0.25,34,1156,14,10,acbba_g34_d85_bernoulli_drop_0_25,reruns\grid_density\scenarios\cv\known_visit_grid34_targets10_trials50.csv,01,50,2,0,51,0,1,0,0,0,0.0,0,0,166,101,65,1252,287,10,9.2465,0.92465,0.8846,1.1872,1.1872,2.4503,0.24503,0.19485,0.4922,0.4922,10,6.7962,0.67962,0.6933,0.7623,0.7623,completed
41,known_visit,ACBBA,bernoulli,drop_0.25,34,1156,14,10,acbba_g34_d85_bernoulli_drop_0_25,reruns\grid_density\scenarios\cv\known_visit_grid34_targets10_trials50.csv,02,39,0,2,30,10,7,6,1,2,20.0,2,0,157,82,75,1287,262,49,46.6287,0.9516061224489797,0.9457,1.2698,1.3237,12.0555,0.24603061224489797,0.2001,0.4921,0.5044,49,34.5732,0.7055755102040816,0.7024,0.8169,0.8244,completed
41,known_visit,ACBBA,bernoulli,drop_0.25,34,1156,14,10,acbba_g34_d85_bernoulli_drop_0_25,reruns\grid_density\scenarios\cv\known_visit_grid34_targets10_trials50.csv,03,7,0,0,8,0,4,0,0,0,0.0,0,0,88,19,69,1312,305,156,128.5214,0.8238551282051282,0.7999,0.9898,1.3276,25.2757,0.16202371794871795,0.13955,0.2409,0.5386,156,103.2457,0.6618314102564102,0.66605,0.7647,0.8263,completed
41,known_visit,ACBBA,bernoulli,drop_0.25,34,1156,14,10,acbba_g34_d85_bernoulli_drop_0_25,reruns\grid_density\scenarios\cv\known_visit_grid34_targets10_trials50.csv,04,22,0,0,16,7,4,0,0,0,0.0,0,0,112,47,65,1280,313,105,95.794,0.9123238095238095,0.87,1.1682,5.3558,19.2522,0.1833542857142857,0.1774,0.2511,0.5418,105,76.5418,0.7289695238095237,0.6886,0.8101,5.1793,completed
41,known_visit,ACBBA,bernoulli,drop_0.25,34,1156,14,10,acbba_g34_d85_bernoulli_drop_0_25,reruns\grid_density\scenarios\cv\known_visit_grid34_targets10_trials50.csv,05,34,1,1,29,6,7,0,0,0,0.0,0,0,147,73,74,1241,318,69,60.1762,0.8721188405797101,0.7871,1.1671,1.5744,12.5732,0.18222028985507246,0.1505,0.4531,0.4903,69,47.603,0.6898985507246377,0.6587,0.8568,1.3169,completed
41,known_visit,ACBBA,bernoulli,drop_0.25,34,1156,14,10,acbba_g34_d85_bernoulli_drop_0_25,reruns\grid_density\scenarios\cv\known_visit_grid34_targets10_trials50.csv,06,4,0,0,5,0,2,0,0,0,0.0,0,0,71,11,60,1329,305,163,134.4503,0.8248484662576687,0.8089,0.9898,1.2643,26.1878,0.16066134969325152,0.1578,0.2397,0.4676,163,108.2625,0.6641871165644172,0.6665,0.7601,0.866,completed
41,known_visit,ACBBA,bernoulli,drop_0.25,34,1156,14,10,acbba_g34_d85_bernoulli_drop_0_25,reruns\grid_density\scenarios\cv\known_visit_grid34_targets10_trials50.csv,07,24,1,0,24,1,2,0,0,0,0.0,0,0,116,50,66,1301,289,97,78.8232,0.8126103092783505,0.7556,1.1527,4.6331,13.2178,0.1362659793814433,0.1081,0.277,0.5383,97,65.6054,0.6763443298969073,0.6439,0.8034,4.4713,completed
41,known_visit,ACBBA,bernoulli,drop_0.25,34,1156,14,10,acbba_g34_d85_bernoulli_drop_0_25,reruns\grid_density\scenarios\cv\known_visit_grid34_targets10_trials50.csv,08,46,1,0,47,0,2,0,0,0,0.0,0,0,167,94,73,1258,280,26,22.4401,0.8630807692307693,0.7777499999999999,1.1862,1.3618,5.8084,0.2234,0.1495,0.5007,0.7022,26,16.6317,0.6396807692307692,0.64225,0.7363,0.7759,completed
41,known_visit,ACBBA,bernoulli,drop_0.25,34,1156,14,10,acbba_g34_d85_bernoulli_drop_0_25,reruns\grid_density\scenarios\cv\known_visit_grid34_targets10_trials50.csv,09,25,0,1,25,1,2,0,0,0,0.0,0,0,119,52,67,1267,319,95,73.83,0.777157894736842,0.7531,1.0316,2.0081,12.6614,0.13327789473684212,0.1073,0.2706,0.5471,95,61.1686,0.64388,0.6449,0.7571,1.8649,completed
41,known_visit,ACBBA,bernoulli,drop_0.25,34,1156,14,10,acbba_g34_d85_bernoulli_drop_0_25,reruns\grid_density\scenarios\cv\known_visit_grid34_targets10_trials50.csv,10,20,1,1,19,2,1,1,1,0,0.0,0,0,112,43,69,1271,322,108,82.9426,0.7679870370370371,0.74985,1.0221,1.2296,14.931000000000001,0.13825,0.10869999999999999,0.3652,0.4937,108,68.0116,0.6297370370370371,0.6381,0.752,0.8484,completed
41,known_visit,ACBBA,bernoulli,drop_0.25,34,1156,14,10,acbba_g34_d85_bernoulli_drop_0_25,reruns\grid_density\scenarios\cv\known_visit_grid34_targets10_trials50.csv,11,33,2,1,30,4,3,1,1,0,0.0,0,0,133,69,64,1250,323,71,60.0124,0.8452450704225352,0.8331,1.1492,1.3187,13.3283,0.1877225352112676,0.1665,0.4491,0.5251,71,46.6841,0.6575225352112676,0.6719,0.7638,0.8228,completed
41,known_visit,ACBBA,bernoulli,drop_0.25,34,1156,14,10,acbba_g34_d85_bernoulli_drop_0_25,reruns\grid_density\scenarios\cv\known_visit_grid34_targets10_trials50.csv,12,18,1,0,19,0,1,0,0,0,0.0,0,0,101,40,61,1304,300,115,90.073,0.7832434782608695,0.7574,1.025,1.1904,16.236,0.1411826086956522,0.1168,0.2632,0.4727,115,73.837,0.6420608695652175,0.6434,0.7602,0.832,completed
41,known_visit,ACBBA,bernoulli,drop_0.25,34,1156,14,10,acbba_g34_d85_bernoulli_drop_0_25,reruns\grid_density\scenarios\cv\known_visit_grid34_targets10_trials50.csv,13,8,0,0,6,3,2,0,0,0,0.0,0,0,82,19,63,1307,316,152,125.39,0.8249342105263158,0.79375,1.0679,1.2003,24.1293,0.1587453947368421,0.14950000000000002,0.2414,0.501,152,101.2607,0.6661888157894736,0.6575,0.7754,0.8607,completed
42,known_visit,ACBBA,bernoulli,drop_0.25,34,1156,14,10,acbba_g34_d85_bernoulli_drop_0_25,reruns\grid_density\scenarios\cv\known_visit_grid34_targets10_trials50.csv,00,25,1,0,18,8,0,0,0,0,0.0,0,0,117,53,64,1213,309,21,19.9006,0.9476476190476191,0.9342,1.2833,1.3523,4.7587,0.22660476190476192,0.1809,0.4688,0.5387,21,15.1419,0.7210428571428571,0.7569,0.8767,1.0034,completed
42,known_visit,ACBBA,bernoulli,drop_0.25,34,1156,14,10,acbba_g34_d85_bernoulli_drop_0_25,reruns\grid_density\scenarios\cv\known_visit_grid34_targets10_trials50.csv,01,15,0,0,16,0,5,0,0,0,0.0,0,0,114,35,79,1247,278,61,53.2714,0.8733016393442623,0.8202,1.1957,1.3014,12.1366,0.1989606557377049,0.1765,0.4805,0.5349,61,41.1348,0.6743409836065574,0.6323,0.8616,0.9101,completed
42,known_visit,ACBBA,bernoulli,drop_0.25,34,1156,14,10,acbba_g34_d85_bernoulli_drop_0_25,reruns\grid_density\scenarios\cv\known_visit_grid34_targets10_trials50.csv,02,8,0,0,9,0,3,0,0,0,0.0,0,0,89,19,70,1230,320,82,69.6688,0.849619512195122,0.84285,1.1059,1.4026,14.7338,0.17968048780487805,0.1759,0.4029,0.5731,82,54.935,0.6699390243902439,0.64825,0.8745,0.914,completed
42,known_visit,ACBBA,bernoulli,drop_0.25,34,1156,14,10,acbba_g34_d85_bernoulli_drop_0_25,reruns\grid_density\scenarios\cv\known_visit_grid34_targets10_trials50.csv,03,17,1,0,18,0,3,0,0,0,0.0,0,0,106,36,70,1231,302,55,46.4455,0.8444636363636364,0.8496,1.1483,1.3095,9.9802,0.18145818181818182,0.1497,0.4662,0.5198,55,36.4653,0.6630054545454546,0.6546,0.8941,0.9197,completed
42,known_visit,ACBBA,bernoulli,drop_0.25,34,1156,14,10,acbba_g34_d85_bernoulli_drop_0_25,reruns\grid_density\scenarios\cv\known_visit_grid34_targets10_trials50.csv,04,31,2,0,32,0,3,0,0,0,0.0,0,0,140,63,77,1179,321,10,9.5314,0.95314,0.9702999999999999,1.2258,1.2258,3.0888999999999998,0.30889,0.31320000000000003,0.5112,0.5112,10,6.4425,0.64425,0.64775,0.7975,0.7975,completed
42,known_visit,ACBBA,bernoulli,drop_0.25,34,1156,14,10,acbba_g34_d85_bernoulli_drop_0_25,reruns\grid_density\scenarios\cv\known_visit_grid34_targets10_trials50.csv,05,14,0,1,13,2,5,0,0,0,0.0,0,0,109,33,76,1227,303,61,56.4504,0.9254163934426229,0.9104,1.2586,1.4031,13.455,0.22057377049180327,0.1889,0.4938,0.617,61,42.9954,0.7048426229508196,0.6909,0.8676,0.9865,completed
42,known_visit,ACBBA,bernoulli,drop_0.25,34,1156,14,10,acbba_g34_d85_bernoulli_drop_0_25,reruns\grid_density\scenarios\cv\known_visit_grid34_targets10_trials50.csv,06,24,1,0,25,0,3,0,0,0,0.0,0,0,125,50,75,1193,321,32,25.6241,0.800753125,0.6809000000000001,1.1992,1.2617,5.958,0.1861875,0.11410000000000001,0.4794,0.4969,32,19.6661,0.614565625,0.5706,0.7764,0.7796,completed
42,known_visit,ACBBA,bernoulli,drop_0.25,34,1156,14,10,acbba_g34_d85_bernoulli_drop_0_25,reruns\grid_density\scenarios\cv\known_visit_grid34_targets10_trials50.csv,07,21,0,0,21,1,6,0,0,0,0.0,0,0,118,46,72,1210,311,46,43.7789,0.9517152173913044,0.9278,1.2277,1.3854,11.5158,0.25034347826086956,0.20065,0.5672,0.5826,46,32.2631,0.7013717391304348,0.6729,0.8192,0.9133,completed
42,known_visit,ACBBA,bernoulli,drop_0.25,34,1156,14,10,acbba_g34_d85_bernoulli_drop_0_25,reruns\grid_density\scenarios\cv\known_visit_grid34_targets10_trials50.csv,08,7,0,1,6,2,1,0,0,0,0.0,0,0,85,16,69,1273,282,83,69.7013,0.8397746987951807,0.8493,1.0695,1.3317,14.261,0.17181927710843373,0.1709,0.2205,0.5822,83,55.4403,0.667955421686747,0.6589,0.8146,0.882,completed
42,known_visit,ACBBA,bernoulli,drop_0.25,34,1156,14,10,acbba_g34_d85_bernoulli_drop_0_25,reruns\grid_density\scenarios\cv\known_visit_grid34_targets10_trials50.csv,09,16,2,0,16,1,0,0,0,0,0.0,0,0,119,37,82,1222,300,57,49.7641,0.8730543859649122,0.8681,1.1536,1.2432,10.8409,0.19019122807017544,0.1686,0.4693,0.5017,57,38.9232,0.6828631578947368,0.691,0.867,0.9231,completed
42,known_visit,ACBBA,bernoulli,drop_0.25,34,1156,14,10,acbba_g34_d85_bernoulli_drop_0_25,reruns\grid_density\scenarios\cv\known_visit_grid34_targets10_trials50.csv,10,31,2,0,32,0,2,0,0,0,0.0,0,0,142,63,79,1204,295,14,14.3531,1.0252214285714285,0.9096500000000001,1.3925,1.3925,4.561,0.3257857142857143,0.3032,0.6009,0.6009,14,9.7921,0.6994357142857143,0.72845,0.8154,0.8154,completed
42,known_visit,ACBBA,bernoulli,drop_0.25,34,1156,14,10,acbba_g34_d85_bernoulli_drop_0_25,reruns\grid_density\scenarios\cv\known_visit_grid34_targets10_trials50.csv,11,25,0,1,21,5,6,1,1,0,0.0,0,0,141,54,87,1153,345,31,30.5833,0.986558064516129,0.8851,1.3717,1.3855,8.8801,0.2864548387096774,0.2179,0.5428,0.5537,31,21.7032,0.7001032258064516,0.666,0.8318,0.8331,completed
42,known_visit,ACBBA,bernoulli,drop_0.25,34,1156,14,10,acbba_g34_d85_bernoulli_drop_0_25,reruns\grid_density\scenarios\cv\known_visit_grid34_targets10_trials50.csv,12,20,0,1,19,2,4,1,1,0,0.0,0,0,130,46,84,1208,301,45,42.0777,0.93506,0.9027,1.2936,1.3619,10.8469,0.2410422222222222,0.2049,0.5262,0.5767,45,31.2308,0.6940177777777777,0.6761,0.8194,0.9182,completed
42,known_visit,ACBBA,bernoulli,drop_0.25,34,1156,14,10,acbba_g34_d85_bernoulli_drop_0_25,reruns\grid_density\scenarios\cv\known_visit_grid34_targets10_trials50.csv,13,16,1,0,16,1,2,0,0,0,0.0,0,0,106,36,70,1213,321,57,51.2342,0.8988456140350878,0.8673,1.2152,1.4931,11.8973,0.20872456140350876,0.1876,0.4395,0.6299,57,39.3369,0.690121052631579,0.6687,0.8896,0.9337,completed
43,known_visit,ACBBA,bernoulli,drop_0.25,34,1156,14,10,acbba_g34_d85_bernoulli_drop_0_25,reruns\grid_density\scenarios\cv\known_visit_grid34_targets10_trials50.csv,00,36,2,0,37,0,4,0,0,0,0.0,0,0,145,73,72,1267,274,11,10.6813,0.9710272727272727,0.9437,1.2481,1.2481,3.2047,0.2913363636363636,0.2723,0.5784,0.5784,11,7.4766,0.6796909090909091,0.6598,0.8099,0.8099,completed
43,known_visit,ACBBA,bernoulli,drop_0.25,34,1156,14,10,acbba_g34_d85_bernoulli_drop_0_25,reruns\grid_density\scenarios\cv\known_visit_grid34_targets10_trials50.csv,01,24,1,1,20,5,2,0,0,0,0.0,0,0,119,51,68,1220,346,47,38.9365,0.828436170212766,0.841,1.1204,1.4122,8.0037,0.17029148936170213,0.1396,0.4783,0.6019,47,30.9328,0.6581446808510638,0.6936,0.8024,0.8103,completed
43,known_visit,ACBBA,bernoulli,drop_0.25,34,1156,14,10,acbba_g34_d85_bernoulli_drop_0_25,reruns\grid_density\scenarios\cv\known_visit_grid34_targets10_trials50.csv,02,31,1,1,27,5,5,0,0,0,0.0,0,0,151,65,86,1211,324,27,25.0967,0.9295074074074073,0.8652,1.3761,1.3824,7.2985,0.2703148148148148,0.1987,0.5798,0.5983,27,17.7982,0.6591925925925927,0.6504,0.7963,0.8012,completed
43,known_visit,ACBBA,bernoulli,drop_0.25,34,1156,14,10,acbba_g34_d85_bernoulli_drop_0_25,reruns\grid_density\scenarios\cv\known_visit_grid34_targets10_trials50.csv,03,15,0,1,14,2,3,0,0,0,0.0,0,0,102,34,68,1278,306,78,64.877,0.8317564102564102,0.84195,1.1053,1.2949,12.8874,0.16522307692307692,0.1427,0.4335,0.5037,78,51.9896,0.6665333333333334,0.68035,0.8266,0.9957,completed
43,known_visit,ACBBA,bernoulli,drop_0.25,34,1156,14,10,acbba_g34_d85_bernoulli_drop_0_25,reruns\grid_density\scenarios\cv\known_visit_grid34_targets10_trials50.csv,04,15,2,0,13,3,1,0,0,0,0.0,0,0,102,33,69,1274,309,76,61.8942,0.8143973684210526,0.83785,0.9723,1.1099,11.9875,0.15773026315789473,0.14429999999999998,0.2976,0.5052,76,49.9067,0.6566671052631579,0.6809000000000001,0.7425,0.7958,completed
43,known_visit,ACBBA,bernoulli,drop_0.25,34,1156,14,10,acbba_g34_d85_bernoulli_drop_0_25,reruns\grid_density\scenarios\cv\known_visit_grid34_targets10_trials50.csv,05,20,0,1,18,3,3,0,0,0,0.0,0,0,112,44,68,1248,324,63,53.1178,0.8431396825396826,0.8585,1.0018,1.3369,11.0102,0.17476507936507935,0.1536,0.2956,0.5815,63,42.1076,0.6683746031746032,0.7012,0.76,0.7922,completed
43,known_visit,ACBBA,bernoulli,drop_0.25,34,1156,14,10,acbba_g34_d85_bernoulli_drop_0_25,reruns\grid_density\scenarios\cv\known_visit_grid34_targets10_trials50.csv,06,24,1,1,8,17,5,0,0,0,0.0,0,0,133,51,82,1258,294,46,42.6327,0.9267978260869565,0.8827499999999999,1.2114,1.4591,11.154,0.24247826086956523,0.22275,0.4954,0.5988,46,31.4787,0.6843195652173913,0.6561999999999999,0.8603,1.053,completed
43,known_visit,ACBBA,bernoulli,drop_0.25,34,1156,14,10,acbba_g34_d85_bernoulli_drop_0_25,reruns\grid_density\scenarios\cv\known_visit_grid34_targets10_trials50.csv,07,26,1,0,26,1,4,3,1,1,5.0,1,0,123,58,65,1257,304,39,34.8311,0.8931051282051282,0.8673,1.1476,1.1948,8.0278,0.20584102564102563,0.1681,0.4472,0.5047,39,26.8033,0.6872641025641025,0.6824,0.9076,0.9079,completed
43,known_visit,ACBBA,bernoulli,drop_0.25,34,1156,14,10,acbba_g34_d85_bernoulli_drop_0_25,reruns\grid_density\scenarios\cv\known_visit_grid34_targets10_trials50.csv,08,5,0,0,6,0,1,0,0,0,0.0,0,0,89,14,75,1262,334,111,92.7147,0.8352675675675675,0.8388,1.1054,1.3466,19.3708,0.1745117117117117,0.1458,0.277,0.5552,111,73.3439,0.660755855855856,0.6665,0.7914,0.9195,completed
43,known_visit,ACBBA,bernoulli,drop_0.25,34,1156,14,10,acbba_g34_d85_bernoulli_drop_0_25,reruns\grid_density\scenarios\cv\known_visit_grid34_targets10_trials50.csv,09,17,1,0,17,1,3,1,1,0,0.0,0,0,116,38,78,1267,301,75,67.0051,0.8934013333333333,0.886,1.176,1.4325,14.8645,0.19819333333333333,0.1735,0.4866,0.603,75,52.1406,0.6952079999999999,0.7003,0.8295,0.9666,completed
43,known_visit,ACBBA,bernoulli,drop_0.25,34,1156,14,10,acbba_g34_d85_bernoulli_drop_0_25,reruns\grid_density\scenarios\cv\known_visit_grid34_targets10_trials50.csv,10,29,0,2,24,6,3,0,0,0,0.0,0,0,131,62,69,1241,313,31,28.7687,0.9280225806451613,0.8469,1.3004,1.4649,7.1594999999999995,0.2309516129032258,0.1622,0.539,0.6032,31,21.6092,0.6970709677419356,0.671,0.8477,0.8617,completed
43,known_visit,ACBBA,bernoulli,drop_0.25,34,1156,14,10,acbba_g34_d85_bernoulli_drop_0_25,reruns\grid_density\scenarios\cv\known_visit_grid34_targets10_trials50.csv,11,32,0,0,33,0,7,2,1,1,5.0,1,0,159,70,89,1234,292,25,24.828500000000002,0.99314,1.0334,1.228,1.2315,7.1869,0.287476,0.2603,0.4786,0.4788,25,17.6416,0.7056640000000001,0.686,0.9589,0.9712,completed
43,known_visit,ACBBA,bernoulli,drop_0.25,34,1156,14,10,acbba_g34_d85_bernoulli_drop_0_25,reruns\grid_density\scenarios\cv\known_visit_grid34_targets10_trials50.csv,12,13,1,0,14,0,0,0,0,0,0.0,0,0,98,29,69,1261,325,82,67.76219999999999,0.8263682926829268,0.8358,1.0342,1.4854,13.6974,0.16704146341463413,0.14275,0.2541,0.6151,82,54.0648,0.6593268292682927,0.67665,0.7785,0.8727,completed
43,known_visit,ACBBA,bernoulli,drop_0.25,34,1156,14,10,acbba_g34_d85_bernoulli_drop_0_25,reruns\grid_density\scenarios\cv\known_visit_grid34_targets10_trials50.csv,13,19,0,0,17,3,2,0,0,0,0.0,0,0,106,42,64,1258,321,64,56.8071,0.8876109375,0.84985,1.1411,1.2145,13.1584,0.2056,0.19665,0.3278,0.5121,64,43.6487,0.6820109375,0.66055,0.8243,0.9177,completed
44,known_visit,ACBBA,bernoulli,drop_0.25,34,1156,14,10,acbba_g34_d85_bernoulli_drop_0_25,reruns\grid_density\scenarios\cv\known_visit_grid34_targets10_trials50.csv,00,20,2,0,21,0,3,0,0,0,0.0,0,0,115,42,73,1283,311,58,48.8564,0.842351724137931,0.77965,1.2756,1.3836,10.068,0.17358620689655171,0.13190000000000002,0.5178,0.595,58,38.7884,0.6687655172413793,0.643,0.7914,0.834,completed
44,known_visit,ACBBA,bernoulli,drop_0.25,34,1156,14,10,acbba_g34_d85_bernoulli_drop_0_25,reruns\grid_density\scenarios\cv\known_visit_grid34_targets10_trials50.csv,01,27,1,0,28,0,1,0,0,0,0.0,0,0,127,57,70,1251,331,34,32.4156,0.9533999999999999,0.96345,1.1773,1.2312,7.2276,0.21257647058823528,0.1814,0.4821,0.4827,34,25.188,0.7408235294117647,0.77585,0.8746,0.8875,completed
44,known_visit,ACBBA,bernoulli,drop_0.25,34,1156,14,10,acbba_g34_d85_bernoulli_drop_0_25,reruns\grid_density\scenarios\cv\known_visit_grid34_targets10_trials50.csv,02,20,1,0,19,2,0,0,0,0,0.0,0,0,115,43,72,1269,325,56,51.2413,0.9150232142857143,0.89305,1.1017,1.2677,11.3504,0.2026857142857143,0.18885000000000002,0.4748,0.5054,56,39.8909,0.7123375000000001,0.7186,0.8004,0.8625,completed
44,known_visit,ACBBA,bernoulli,drop_0.25,34,1156,14,10,acbba_g34_d85_bernoulli_drop_0_25,reruns\grid_density\scenarios\cv\known_visit_grid34_targets10_trials50.csv,03,6,0,0,7,0,1,0,0,0,0.0,0,0,86,16,70,1258,365,103,88.563,0.8598349514563107,0.8418,1.1006,1.3701,17.7812,0.17263300970873785,0.1415,0.2609,0.5849,103,70.7818,0.6872019417475729,0.6634,0.8298,0.9384,completed
44,known_visit,ACBBA,bernoulli,drop_0.25,34,1156,14,10,acbba_g34_d85_bernoulli_drop_0_25,reruns\grid_density\scenarios\cv\known_visit_grid34_targets10_trials50.csv,04,24,1,2,23,2,1,0,0,0,0.0,0,0,138,51,87,1250,322,46,40.201,0.8739347826086956,0.7847999999999999,1.3232,1.4227,9.3371,0.2029804347826087,0.1331,0.5807,0.639,46,30.8639,0.670954347826087,0.6471,0.8044,0.8346,completed
44,known_visit,ACBBA,bernoulli,drop_0.25,34,1156,14,10,acbba_g34_d85_bernoulli_drop_0_25,reruns\grid_density\scenarios\cv\known_visit_grid34_targets10_trials50.csv,05,14,0,1,13,2,2,0,0,0,0.0,0,0,112,31,81,1268,329,75,61.9169,0.8255586666666667,0.7732,1.1055,1.4744,12.3903,0.165204,0.1289,0.448,0.5447,75,49.5266,0.6603546666666666,0.6408,0.7927,0.9477,completed
44,known_visit,ACBBA,bernoulli,drop_0.25,34,1156,14,10,acbba_g34_d85_bernoulli_drop_0_25,reruns\grid_density\scenarios\cv\known_visit_grid34_targets10_trials50.csv,06,12,0,0,13,0,2,0,0,0,0.0,0,0,95,26,69,1302,312,84,70.1319,0.8349035714285714,0.8148,1.0532,1.3127,13.1555,0.15661309523809525,0.131,0.2991,0.5451,84,56.9764,0.6782904761904762,0.67015,0.8001,0.8816,completed
44,known_visit,ACBBA,bernoulli,drop_0.25,34,1156,14,10,acbba_g34_d85_bernoulli_drop_0_25,reruns\grid_density\scenarios\cv\known_visit_grid34_targets10_trials50.csv,07,33,0,2,18,16,4,0,0,0,0.0,0,0,155,69,86,1222,333,14,15.5518,1.1108428571428572,1.09925,1.4145,1.4145,5.3402,0.38144285714285714,0.34355,0.6446,0.6446,14,10.2116,0.7294,0.7529,0.9391,0.9391,completed
44,known_visit,ACBBA,bernoulli,drop_0.25,34,1156,14,10,acbba_g34_d85_bernoulli_drop_0_25,reruns\grid_density\scenarios\cv\known_visit_grid34_targets10_trials50.csv,08,9,0,0,10,0,4,0,0,0,0.0,0,0,99,22,77,1306,305,97,81.9307,0.8446463917525774,0.8367,1.1389,1.2302,16.6261,0.17140309278350516,0.1372,0.3785,0.5287,97,65.3046,0.6732432989690721,0.6537,0.8115,0.8972,completed
44,known_visit,ACBBA,bernoulli,drop_0.25,34,1156,14,10,acbba_g34_d85_bernoulli_drop_0_25,reruns\grid_density\scenarios\cv\known_visit_grid34_targets10_trials50.csv,09,35,3,0,36,0,4,0,0,0,0.0,0,0,153,71,82,1220,337,14,14.6006,1.0429,1.09845,1.4719,1.4719,4.403,0.31449999999999995,0.2705,0.5882,0.5882,14,10.1976,0.7283999999999999,0.69975,0.9465,0.9465,completed
44,known_visit,ACBBA,bernoulli,drop_0.25,34,1156,14,10,acbba_g34_d85_bernoulli_drop_0_25,reruns\grid_density\scenarios\cv\known_visit_grid34_targets10_trials50.csv,10,9,0,0,10,0,3,0,0,0,0.0,0,0,91,22,69,1277,341,94,78.5625,0.8357712765957447,0.8084,1.0744,1.2228,15.2887,0.16264574468085108,0.1331,0.4193,0.4933,94,63.2738,0.6731255319148937,0.6729,0.7962,0.8575,completed
44,known_visit,ACBBA,bernoulli,drop_0.25,34,1156,14,10,acbba_g34_d85_bernoulli_drop_0_25,reruns\grid_density\scenarios\cv\known_visit_grid34_targets10_trials50.csv,11,23,0,0,20,4,7,1,1,0,0.0,0,0,134,48,86,1273,302,49,49.495400000000004,1.0101102040816328,1.0077,1.2534,1.4615,12.7287,0.25976938775510205,0.2115,0.5425,0.6112,49,36.7667,0.7503408163265306,0.7719,0.923,0.9313,completed
44,known_visit,ACBBA,bernoulli,drop_0.25,34,1156,14,10,acbba_g34_d85_bernoulli_drop_0_25,reruns\grid_density\scenarios\cv\known_visit_grid34_targets10_trials50.csv,12,32,1,0,32,1,2,0,0,0,0.0,0,0,147,68,79,1251,312,21,21.4259,1.0202809523809524,1.0175,1.3026,1.4034,6.1997,0.2952238095238095,0.2165,0.5276,0.5842,21,15.2262,0.7250571428571428,0.7292,0.8192,0.835,completed
44,known_visit,ACBBA,bernoulli,drop_0.25,34,1156,14,10,acbba_g34_d85_bernoulli_drop_0_25,reruns\grid_density\scenarios\cv\known_visit_grid34_targets10_trials50.csv,13,28,1,0,27,2,4,1,1,0,0.0,0,0,144,60,84,1241,324,35,34.5317,0.98662,0.9722,1.2287,1.4184,9.2559,0.26445428571428575,0.1846,0.5388,0.6186,35,25.2758,0.7221657142857143,0.75,0.8161,0.8287,completed
45,known_visit,ACBBA,bernoulli,drop_0.25,34,1156,14,10,acbba_g34_d85_bernoulli_drop_0_25,reruns\grid_density\scenarios\cv\known_visit_grid34_targets10_trials50.csv,00,12,0,1,9,4,0,0,0,0,0.0,0,0,90,27,63,1232,298,60,50.3167,0.8386116666666666,0.8505,0.9778,1.266,9.4523,0.1575383333333333,0.1459,0.2678,0.5021,60,40.864399999999996,0.6810733333333333,0.6984999999999999,0.7829,0.8037,completed
45,known_visit,ACBBA,bernoulli,drop_0.25,34,1156,14,10,acbba_g34_d85_bernoulli_drop_0_25,reruns\grid_density\scenarios\cv\known_visit_grid34_targets10_trials50.csv,01,17,1,0,16,2,1,0,0,0,0.0,0,0,108,39,69,1193,319,47,44.6479,0.9499553191489362,0.9272,1.3031,1.4123,9.7757,0.2079936170212766,0.1689,0.4608,0.5758,47,34.8722,0.7419617021276596,0.7562,0.8416,0.8838,completed
45,known_visit,ACBBA,bernoulli,drop_0.25,34,1156,14,10,acbba_g34_d85_bernoulli_drop_0_25,reruns\grid_density\scenarios\cv\known_visit_grid34_targets10_trials50.csv,02,27,3,0,28,0,5,0,0,0,0.0,0,0,129,56,73,1192,299,17,16.3543,0.9620176470588234,0.8495,1.4315,1.4315,4.2713,0.25125294117647057,0.1432,0.5882,0.5882,17,12.083,0.710764705882353,0.6808,0.904,0.904,completed
45,known_visit,ACBBA,bernoulli,drop_0.25,34,1156,14,10,acbba_g34_d85_bernoulli_drop_0_25,reruns\grid_density\scenarios\cv\known_visit_grid34_targets10_trials50.csv,03,16,0,1,16,1,7,0,0,0,0.0,0,0,113,36,77,1184,323,55,52.9258,0.9622872727272728,0.9712,1.2885,1.3167,11.8894,0.2161709090909091,0.1924,0.4985,0.5677,55,41.0364,0.7461163636363637,0.7729,0.8751,0.9195,completed
45,known_visit,ACBBA,bernoulli,drop_0.25,34,1156,14,10,acbba_g34_d85_bernoulli_drop_0_25,reruns\grid_density\scenarios\cv\known_visit_grid34_targets10_trials50.csv,04,20,1,0,21,0,4,0,0,0,0.0,0,0,115,44,71,1204,301,44,40.7483,0.9260977272727273,0.8888,1.2918,1.3859,9.3005,0.21137499999999998,0.14485,0.5039,0.5271,44,31.4478,0.7147227272727273,0.7347,0.8566,0.8596,completed
45,known_visit,ACBBA,bernoulli,drop_0.25,34,1156,14,10,acbba_g34_d85_bernoulli_drop_0_25,reruns\grid_density\scenarios\cv\known_visit_grid34_targets10_trials50.csv,05,16,0,0,17,0,6,0,0,0,0.0,0,0,114,38,76,1206,301,55,54.0822,0.9833127272727272,0.963,1.2797,1.3235,12.4954,0.22718909090909092,0.2007,0.5253,0.5513,55,41.586800000000004,0.7561236363636364,0.7658,0.8524,0.9008,completed
45,known_visit,ACBBA,bernoulli,drop_0.25,34,1156,14,10,acbba_g34_d85_bernoulli_drop_0_25,reruns\grid_density\scenarios\cv\known_visit_grid34_targets10_trials50.csv,06,20,0,0,17,4,3,4,2,1,5.0,1,0,125,44,81,1177,319,38,40.0798,1.0547315789473684,1.0395500000000002,1.2891,1.638,10.0006,0.26317368421052634,0.22365000000000002,0.5316,0.5453,38,30.0792,0.7915578947368421,0.77945,0.9513,1.0927,completed
45,known_visit,ACBBA,bernoulli,drop_0.25,34,1156,14,10,acbba_g34_d85_bernoulli_drop_0_25,reruns\grid_density\scenarios\cv\known_visit_grid34_targets10_trials50.csv,07,7,1,0,6,2,2,0,0,0,0.0,0,0,98,21,77,1201,321,82,73.7691,0.8996231707317073,0.87845,1.1693,1.4327,15.0991,0.18413536585365853,0.14875,0.4247,0.5989,82,58.67,0.7154878048780487,0.7143,0.861,0.9108,completed
45,known_visit,ACBBA,bernoulli,drop_0.25,34,1156,14,10,acbba_g34_d85_bernoulli_drop_0_25,reruns\grid_density\scenarios\cv\known_visit_grid34_targets10_trials50.csv,08,28,1,1,27,2,1,3,3,0,0.0,0,0,127,59,68,1166,327,10,10.6812,1.06812,1.0417,1.3571,1.3571,3.3352,0.33352,0.27165,0.5801,0.5801,10,7.346,0.7346,0.74115,0.8033,0.8033,completed
45,known_visit,ACBBA,bernoulli,drop_0.25,34,1156,14,10,acbba_g34_d85_bernoulli_drop_0_25,reruns\grid_density\scenarios\cv\known_visit_grid34_targets10_trials50.csv,09,27,0,0,19,9,4,3,3,0,0.0,0,0,122,58,64,1186,312,14,14.4613,1.03295,1.0276,1.3169,1.3169,4.4751,0.31965000000000005,0.2844,0.5489,0.5489,14,9.9862,0.7133,0.68955,0.8454,0.8454,completed
45,known_visit,ACBBA,bernoulli,drop_0.25,34,1156,14,10,acbba_g34_d85_bernoulli_drop_0_25,reruns\grid_density\scenarios\cv\known_visit_grid34_targets10_trials50.csv,10,21,0,1,16,6,3,4,4,0,0.0,0,0,121,44,77,1207,293,37,32.4963,0.8782783783783783,0.7872,1.3066,1.3178,7.6389000000000005,0.20645675675675676,0.1184,0.5381,0.5548,37,24.8574,0.6718216216216216,0.6592,0.7922,0.7993,completed
45,known_visit,ACBBA,bernoulli,drop_0.25,34,1156,14,10,acbba_g34_d85_bernoulli_drop_0_25,reruns\grid_density\scenarios\cv\known_visit_grid34_targets10_trials50.csv,11,10,1,1,6,5,3,0,0,0,0.0,0,0,104,24,80,1204,312,73,64.7321,0.886741095890411,0.8329,1.2011,1.3924,13.383799999999999,0.18333972602739726,0.1422,0.4183,0.6164,73,51.3483,0.7034013698630137,0.6838,0.8638,0.9584,completed
45,known_visit,ACBBA,bernoulli,drop_0.25,34,1156,14,10,acbba_g34_d85_bernoulli_drop_0_25,reruns\grid_density\scenarios\cv\known_visit_grid34_targets10_trials50.csv,12,29,2,0,30,0,1,0,0,0,0.0,0,0,137,59,78,1164,320,12,13.3109,1.1092416666666667,1.0968,1.4264,1.4264,4.2121,0.35100833333333337,0.31675,0.5997,0.5997,12,9.0988,0.7582333333333334,0.7618499999999999,0.8267,0.8267,completed
45,known_visit,ACBBA,bernoulli,drop_0.25,34,1156,14,10,acbba_g34_d85_bernoulli_drop_0_25,reruns\grid_density\scenarios\cv\known_visit_grid34_targets10_trials50.csv,13,17,0,0,18,0,5,0,0,0,0.0,0,0,118,40,78,1192,310,49,46.6432,0.9519020408163266,0.9597,1.1833,1.4683,10.6794,0.2179469387755102,0.1874,0.5016,0.67,49,35.9638,0.7339551020408163,0.71,0.864,0.8762,completed
46,known_visit,ACBBA,bernoulli,drop_0.25,34,1156,14,10,acbba_g34_d85_bernoulli_drop_0_25,reruns\grid_density\scenarios\cv\known_visit_grid34_targets10_trials50.csv,00,35,2,0,36,0,1,0,0,0,0.0,0,0,143,72,71,1434,383,33,25.2328,0.7646303030303031,0.6828,1.2424,1.2819,5.0599,0.15333030303030304,0.0944,0.5191,0.5399,33,20.1729,0.6113,0.586,0.742,0.7959,completed
46,known_visit,ACBBA,bernoulli,drop_0.25,34,1156,14,10,acbba_g34_d85_bernoulli_drop_0_25,reruns\grid_density\scenarios\cv\known_visit_grid34_targets10_trials50.csv,01,14,0,0,15,0,4,0,0,0,0.0,0,0,112,31,81,1469,379,104,90.0611,0.8659721153846154,0.86415,1.1781,1.4524,19.7039,0.18946057692307694,0.1649,0.4992,0.609,104,70.3572,0.6765115384615386,0.68935,0.8046,0.8717,completed
46,known_visit,ACBBA,bernoulli,drop_0.25,34,1156,14,10,acbba_g34_d85_bernoulli_drop_0_25,reruns\grid_density\scenarios\cv\known_visit_grid34_targets10_trials50.csv,02,32,0,1,22,11,2,0,0,0,0.0,0,0,143,67,76,1442,374,43,35.082,0.8158604651162791,0.7842,1.1891,1.423,7.4126,0.17238604651162792,0.1255,0.4568,0.6358,43,27.6694,0.6434744186046512,0.639,0.7584,0.7872,completed
46,known_visit,ACBBA,bernoulli,drop_0.25,34,1156,14,10,acbba_g34_d85_bernoulli_drop_0_25,reruns\grid_density\scenarios\cv\known_visit_grid34_targets10_trials50.csv,03,42,2,0,43,0,4,0,0,0,0.0,0,0,170,85,85,1465,324,11,11.5986,1.0544181818181817,1.0147,1.4623,1.4623,3.7215,0.3383181818181818,0.308,0.61,0.61,11,7.8770999999999995,0.7161,0.7281,0.888,0.888,completed
46,known_visit,ACBBA,bernoulli,drop_0.25,34,1156,14,10,acbba_g34_d85_bernoulli_drop_0_25,reruns\grid_density\scenarios\cv\known_visit_grid34_targets10_trials50.csv,04,41,1,0,39,3,5,0,0,0,0.0,0,0,173,84,89,1425,362,16,16.9502,1.0593875,1.03225,1.2759,1.2759,5.4044,0.337775,0.30435,0.5412,0.5412,16,11.5458,0.7216125,0.721,0.7898,0.7898,completed
46,known_visit,ACBBA,bernoulli,drop_0.25,34,1156,14,10,acbba_g34_d85_bernoulli_drop_0_25,reruns\grid_density\scenarios\cv\known_visit_grid34_targets10_trials50.csv,05,31,1,0,26,6,7,0,0,0,0.0,0,0,151,65,86,1444,364,46,41.8321,0.9093934782608695,0.90315,1.2187,1.4064,10.044,0.21834782608695652,0.179,0.4963,0.5694,46,31.7881,0.691045652173913,0.7132499999999999,0.81,0.837,completed
46,known_visit,ACBBA,bernoulli,drop_0.25,34,1156,14,10,acbba_g34_d85_bernoulli_drop_0_25,reruns\grid_density\scenarios\cv\known_visit_grid34_targets10_trials50.csv,06,41,1,1,36,6,1,0,0,0,0.0,0,0,155,83,72,1489,315,10,9.544,0.9544,1.0080500000000001,1.2762,1.2762,2.8879,0.28879,0.2647,0.5324,0.5324,10,6.6561,0.66561,0.68965,0.7952,0.7952,completed
46,known_visit,ACBBA,bernoulli,drop_0.25,34,1156,14,10,acbba_g34_d85_bernoulli_drop_0_25,reruns\grid_density\scenarios\cv\known_visit_grid34_targets10_trials50.csv,07,25,0,0,22,4,5,1,1,0,0.0,0,0,133,55,78,1446,380,71,66.864,0.9417464788732395,0.948,1.1823,1.3069,15.7077,0.22123521126760565,0.213,0.4772,0.4859,71,51.1563,0.7205112676056338,0.7299,0.8325,0.8613,completed
46,known_visit,ACBBA,bernoulli,drop_0.25,34,1156,14,10,acbba_g34_d85_bernoulli_drop_0_25,reruns\grid_density\scenarios\cv\known_visit_grid34_targets10_trials50.csv,08,14,0,0,14,1,7,0,0,0,0.0,0,0,120,34,86,1488,351,107,95.664,0.8940560747663552,0.9217,1.2022,1.4541,21.9351,0.20500093457943924,0.2035,0.4932,0.653,107,73.7289,0.6890551401869158,0.7065,0.8092,0.8554,completed
46,known_visit,ACBBA,bernoulli,drop_0.25,34,1156,14,10,acbba_g34_d85_bernoulli_drop_0_25,reruns\grid_density\scenarios\cv\known_visit_grid34_targets10_trials50.csv,09,21,1,1,18,4,6,0,0,0,0.0,0,0,131,48,83,1478,350,85,75.5926,0.889324705882353,0.9331,1.1959,1.3033,17.5361,0.20630705882352943,0.2094,0.4962,0.5419,85,58.0565,0.6830176470588235,0.7133,0.8131,0.853,completed
46,known_visit,ACBBA,bernoulli,drop_0.25,34,1156,14,10,acbba_g34_d85_bernoulli_drop_0_25,reruns\grid_density\scenarios\cv\known_visit_grid34_targets10_trials50.csv,10,6,0,0,7,0,3,0,0,0,0.0,0,0,101,17,84,1491,367,130,111.364,0.8566461538461538,0.9032,1.0965,1.3104,23.3023,0.17924846153846152,0.1839,0.2723,0.5325,130,88.0617,0.6773976923076923,0.7011499999999999,0.7995,0.857,completed
46,known_visit,ACBBA,bernoulli,drop_0.25,34,1156,14,10,acbba_g34_d85_bernoulli_drop_0_25,reruns\grid_density\scenarios\cv\known_visit_grid34_targets10_trials50.csv,11,30,1,1,25,6,3,0,0,0,0.0,0,0,148,63,85,1471,341,54,50.5226,0.9356037037037036,0.9135500000000001,1.2331,1.3965,12.322799999999999,0.2282,0.19395,0.5004,0.575,54,38.1998,0.7074037037037038,0.71835,0.8215,0.8478,completed
46,known_visit,ACBBA,bernoulli,drop_0.25,34,1156,14,10,acbba_g34_d85_bernoulli_drop_0_25,reruns\grid_density\scenarios\cv\known_visit_grid34_targets10_trials50.csv,12,25,0,0,26,0,4,0,0,0,0.0,0,0,143,54,89,1461,355,67,56.1721,0.838389552238806,0.8135,1.2186,1.2296,12.1091,0.18073283582089553,0.146,0.4816,0.5162,67,44.063,0.6576567164179105,0.6702,0.7555,0.7897,completed
46,known_visit,ACBBA,bernoulli,drop_0.25,34,1156,14,10,acbba_g34_d85_bernoulli_drop_0_25,reruns\grid_density\scenarios\cv\known_visit_grid34_targets10_trials50.csv,13,23,1,0,23,1,2,0,0,0,0.0,0,0,137,51,86,1460,362,79,74.0193,0.9369531645569621,0.9326,1.2215,1.3328,17.0164,0.21539746835443038,0.1967,0.4652,0.5137,79,57.0029,0.7215556962025316,0.7281,0.8191,0.8687,completed
47,known_visit,ACBBA,bernoulli,drop_0.25,34,1156,14,10,acbba_g34_d85_bernoulli_drop_0_25,reruns\grid_density\scenarios\cv\known_visit_grid34_targets10_trials50.csv,00,26,1,1,17,10,0,0,0,0,0.0,0,0,114,55,59,1180,298,24,21.8408,0.9100333333333334,0.9353,1.1057,1.1476,4.9956,0.20814999999999997,0.20835,0.4366,0.4498,24,16.8452,0.7018833333333333,0.6995,0.7823,0.7865,completed
47,known_visit,ACBBA,bernoulli,drop_0.25,34,1156,14,10,acbba_g34_d85_bernoulli_drop_0_25,reruns\grid_density\scenarios\cv\known_visit_grid34_targets10_trials50.csv,01,21,1,0,17,5,2,2,2,0,0.0,0,0,111,45,66,1184,297,37,30.9607,0.8367756756756757,0.8005,1.1288,1.1522,6.4825,0.1752027027027027,0.1329,0.4558,0.484,37,24.4782,0.661572972972973,0.657,0.7208,0.7584,completed
47,known_visit,ACBBA,bernoulli,drop_0.25,34,1156,14,10,acbba_g34_d85_bernoulli_drop_0_25,reruns\grid_density\scenarios\cv\known_visit_grid34_targets10_trials50.csv,02,25,0,1,22,4,1,1,1,0,0.0,0,0,119,52,67,1150,324,27,22.7117,0.8411740740740741,0.7738,1.1077,1.2872,5.0417000000000005,0.18672962962962966,0.1203,0.4806,0.4837,27,17.67,0.6544444444444445,0.6478,0.7805,0.8035,completed
47,known_visit,ACBBA,bernoulli,drop_0.25,34,1156,14,10,acbba_g34_d85_bernoulli_drop_0_25,reruns\grid_density\scenarios\cv\known_visit_grid34_targets10_trials50.csv,03,13,0,1,10,4,2,0,0,0,0.0,0,0,116,31,85,1202,274,64,57.4248,0.8972625,0.86935,1.1063,1.2826,12.4037,0.1938078125,0.1633,0.4465,0.4813,64,45.0211,0.7034546875,0.69885,0.8191,0.8562,completed
47,known_visit,ACBBA,bernoulli,drop_0.25,34,1156,14,10,acbba_g34_d85_bernoulli_drop_0_25,reruns\grid_density\scenarios\cv\known_visit_grid34_targets10_trials50.csv,04,30,4,0,31,0,3,0,0,0,0.0,0,0,130,62,68,1156,307,12,11.6392,0.9699333333333334,0.92615,1.4313,1.4313,3.5479,0.2956583333333333,0.2934,0.5404,0.5404,12,8.0913,0.6742750000000001,0.6582,0.8909,0.8909,completed
47,known_visit,ACBBA,bernoulli,drop_0.25,34,1156,14,10,acbba_g34_d85_bernoulli_drop_0_25,reruns\grid_density\scenarios\cv\known_visit_grid34_targets10_trials50.csv,05,13,0,1,12,2,5,1,1,0,0.0,0,0,108,34,74,1174,310,66,58.1962,0.881760606060606,0.88575,1.0607,1.2036,12.5438,0.19005757575757576,0.1763,0.4019,0.4597,66,45.6524,0.6917030303030303,0.6807,0.7952,0.8452,completed
47,known_visit,ACBBA,bernoulli,drop_0.25,34,1156,14,10,acbba_g34_d85_bernoulli_drop_0_25,reruns\grid_density\scenarios\cv\known_visit_grid34_targets10_trials50.csv,06,18,0,1,11,8,2,0,0,0,0.0,0,0,121,42,79,1182,290,51,43.4949,0.8528411764705882,0.8063,1.0641,1.2874,9.2132,0.18065098039215688,0.1371,0.4714,0.5568,51,34.2817,0.6721901960784313,0.6612,0.7584,0.8235,completed
47,known_visit,ACBBA,bernoulli,drop_0.25,34,1156,14,10,acbba_g34_d85_bernoulli_drop_0_25,reruns\grid_density\scenarios\cv\known_visit_grid34_targets10_trials50.csv,07,9,0,0,10,0,4,0,0,0,0.0,0,0,91,23,68,1186,315,81,68.7235,0.8484382716049383,0.8185,1.0352,1.3032,14.2075,0.17540123456790124,0.1603,0.3945,0.4907,81,54.516,0.673037037037037,0.671,0.7478,0.8125,completed
47,known_visit,ACBBA,bernoulli,drop_0.25,34,1156,14,10,acbba_g34_d85_bernoulli_drop_0_25,reruns\grid_density\scenarios\cv\known_visit_grid34_targets10_trials50.csv,08,9,1,0,10,0,0,0,0,0,0.0,0,0,88,21,67,1183,321,80,65.6404,0.820505,0.7983,0.9363,1.1373,12.8478,0.1605975,0.15760000000000002,0.2372,0.433,80,52.7926,0.6599075,0.65035,0.7304,0.7889,completed
47,known_visit,ACBBA,bernoulli,drop_0.25,34,1156,14,10,acbba_g34_d85_bernoulli_drop_0_25,reruns\grid_density\scenarios\cv\known_visit_grid34_targets10_trials50.csv,09,17,1,0,18,0,2,0,0,0,0.0,0,0,108,39,69,1184,301,56,46.7698,0.8351749999999999,0.7884,1.0743,1.1381,9.4195,0.16820535714285714,0.12735000000000002,0.4181,0.5126,56,37.3503,0.6669696428571428,0.6546,0.7424,0.7592,completed
47,known_visit,ACBBA,bernoulli,drop_0.25,34,1156,14,10,acbba_g34_d85_bernoulli_drop_0_25,reruns\grid_density\scenarios\cv\known_visit_grid34_targets10_trials50.csv,10,23,1,0,24,0,2,0,0,0,0.0,0,0,126,48,78,1164,302,33,29.2529,0.8864515151515152,0.8432,1.1838,1.2238,6.6638,0.20193333333333333,0.1459,0.4443,0.472,33,22.589100000000002,0.6845181818181819,0.6881,0.7819,0.911,completed
47,known_visit,ACBBA,bernoulli,drop_0.25,34,1156,14,10,acbba_g34_d85_bernoulli_drop_0_25,reruns\grid_density\scenarios\cv\known_visit_grid34_targets10_trials50.csv,11,28,1,0,29,0,3,0,0,0,0.0,0,0,129,59,70,1180,283,18,17.3544,0.9641333333333333,0.9603,1.2741,1.2741,4.6062,0.2559,0.21395,0.4647,0.4647,18,12.7482,0.7082333333333334,0.7278,0.8094,0.8094,completed
47,known_visit,ACBBA,bernoulli,drop_0.25,34,1156,14,10,acbba_g34_d85_bernoulli_drop_0_25,reruns\grid_density\scenarios\cv\known_visit_grid34_targets10_trials50.csv,12,21,0,1,19,3,4,0,0,0,0.0,0,0,122,47,75,1171,299,42,36.2906,0.8640619047619047,0.8223499999999999,1.071,1.1236,8.4375,0.20089285714285715,0.1888,0.3544,0.4682,42,27.8531,0.6631690476190476,0.6384,0.7579,0.8785,completed
47,known_visit,ACBBA,bernoulli,drop_0.25,34,1156,14,10,acbba_g34_d85_bernoulli_drop_0_25,reruns\grid_density\scenarios\cv\known_visit_grid34_targets10_trials50.csv,13,16,0,0,17,0,5,0,0,0,0.0,0,0,110,37,73,1203,279,57,50.2667,0.8818719298245614,0.8715,1.1034,1.2843,11.6735,0.2047982456140351,0.181,0.462,0.5037,57,38.5932,0.6770736842105264,0.6879,0.7768,0.8256,completed
48,known_visit,ACBBA,bernoulli,drop_0.25,34,1156,14,10,acbba_g34_d85_bernoulli_drop_0_25,reruns\grid_density\scenarios\cv\known_visit_grid34_targets10_trials50.csv,00,26,1,0,21,6,3,0,0,0,0.0,0,0,158,57,101,1707,421,87,68.38119999999999,0.7859908045977011,0.7449,1.1174,1.4042,13.3082,0.152967816091954,0.1212,0.3326,0.5847,87,55.073,0.6330229885057471,0.6248,0.792,0.8279,completed
48,known_visit,ACBBA,bernoulli,drop_0.25,34,1156,14,10,acbba_g34_d85_bernoulli_drop_0_25,reruns\grid_density\scenarios\cv\known_visit_grid34_targets10_trials50.csv,01,27,3,0,28,0,4,1,1,0,0.0,0,0,157,58,99,1717,411,87,66.0213,0.7588655172413793,0.7213,1.1109,1.4023,12.6729,0.1456655172413793,0.118,0.362,0.6219,87,53.3484,0.6132,0.6064,0.7804,0.8581,completed
48,known_visit,ACBBA,bernoulli,drop_0.25,34,1156,14,10,acbba_g34_d85_bernoulli_drop_0_25,reruns\grid_density\scenarios\cv\known_visit_grid34_targets10_trials50.csv,02,40,1,0,39,2,2,0,0,0,0.0,0,0,166,84,82,1715,404,41,34.6061,0.8440512195121951,0.8267,1.2922,1.2972,7.6438,0.1864341463414634,0.1374,0.4935,0.5547,41,26.9623,0.6576170731707317,0.6756,0.8466,0.9047,completed
48,known_visit,ACBBA,bernoulli,drop_0.25,34,1156,14,10,acbba_g34_d85_bernoulli_drop_0_25,reruns\grid_density\scenarios\cv\known_visit_grid34_targets10_trials50.csv,03,25,0,1,24,2,2,0,0,0,0.0,0,0,146,54,92,1730,409,94,78.5115,0.8352287234042552,0.7729999999999999,1.1745,1.3134,15.8337,0.1684436170212766,0.12104999999999999,0.3315,0.5216,94,62.6778,0.6667851063829787,0.64975,0.8698,0.9437,completed
48,known_visit,ACBBA,bernoulli,drop_0.25,34,1156,14,10,acbba_g34_d85_bernoulli_drop_0_25,reruns\grid_density\scenarios\cv\known_visit_grid34_targets10_trials50.csv,04,47,0,1,41,7,7,3,1,1,5.0,1,0,213,97,116,1674,398,16,17.158,1.072375,1.0465499999999999,1.407,1.407,5.5804,0.348775,0.35865,0.5779,0.5779,16,11.5776,0.7236,0.7534000000000001,0.9321,0.9321,completed
48,known_visit,ACBBA,bernoulli,drop_0.25,34,1156,14,10,acbba_g34_d85_bernoulli_drop_0_25,reruns\grid_density\scenarios\cv\known_visit_grid34_targets10_trials50.csv,05,22,1,0,22,1,10,0,0,0,0.0,0,0,155,52,103,1713,417,107,87.4888,0.8176523364485981,0.7589,1.179,1.4731,18.4751,0.17266448598130843,0.1276,0.4018,0.6394,107,69.0137,0.6449878504672897,0.6217,0.821,0.8862,completed
48,known_visit,ACBBA,bernoulli,drop_0.25,34,1156,14,10,acbba_g34_d85_bernoulli_drop_0_25,reruns\grid_density\scenarios\cv\known_visit_grid34_targets10_trials50.csv,06,29,0,1,20,10,6,0,0,0,0.0,0,0,168,64,104,1718,399,83,73.31099999999999,0.8832650602409637,0.8296,1.2617,1.5019,16.7911,0.20230240963855423,0.1525,0.4646,0.621,83,56.5199,0.6809626506024097,0.6879,0.8404,0.9261,completed
48,known_visit,ACBBA,bernoulli,drop_0.25,34,1156,14,10,acbba_g34_d85_bernoulli_drop_0_25,reruns\grid_density\scenarios\cv\known_visit_grid34_targets10_trials50.csv,07,27,1,0,28,0,4,0,0,0,0.0,0,0,148,58,90,1716,421,88,67.1556,0.7631318181818183,0.72795,1.1722,1.4642,13.0733,0.14856022727272727,0.11879999999999999,0.3715,0.6088,88,54.0823,0.6145715909090909,0.6046,0.7706,0.898,completed
48,known_visit,ACBBA,bernoulli,drop_0.25,34,1156,14,10,acbba_g34_d85_bernoulli_drop_0_25,reruns\grid_density\scenarios\cv\known_visit_grid34_targets10_trials50.csv,08,28,0,2,22,7,5,1,1,0,0.0,0,0,172,62,110,1698,415,85,77.8067,0.9153729411764706,0.974,1.1901,1.3612,17.8725,0.21026470588235294,0.2123,0.4204,0.5542,85,59.9342,0.7051082352941176,0.7507,0.8563,0.9059,completed
48,known_visit,ACBBA,bernoulli,drop_0.25,34,1156,14,10,acbba_g34_d85_bernoulli_drop_0_25,reruns\grid_density\scenarios\cv\known_visit_grid34_targets10_trials50.csv,09,27,1,1,19,9,5,7,2,2,20.0,2,0,165,60,105,1724,397,90,71.6679,0.7963100000000001,0.7441,1.273,1.3905,14.7345,0.16371666666666668,0.1192,0.4763,0.5568,90,56.9334,0.6325933333333333,0.6206,0.81,0.8793,completed
48,known_visit,ACBBA,bernoulli,drop_0.25,34,1156,14,10,acbba_g34_d85_bernoulli_drop_0_25,reruns\grid_density\scenarios\cv\known_visit_grid34_targets10_trials50.csv,10,38,0,2,24,15,4,0,0,0,0.0,0,0,186,83,103,1696,403,54,50.1156,0.9280666666666667,0.9329,1.343,1.4101,12.7556,0.2362148148148148,0.1994,0.5588,0.5946,54,37.36,0.6918518518518518,0.73735,0.8404,0.8609,completed
48,known_visit,ACBBA,bernoulli,drop_0.25,34,1156,14,10,acbba_g34_d85_bernoulli_drop_0_25,reruns\grid_density\scenarios\cv\known_visit_grid34_targets10_trials50.csv,11,32,1,0,30,3,2,0,0,0,0.0,0,0,158,68,90,1714,414,70,66.9053,0.9557899999999999,0.95775,1.3678,1.4153,15.1642,0.21663142857142856,0.2007,0.5378,0.5794,70,51.7411,0.7391585714285714,0.75315,0.894,1.0075,completed
48,known_visit,ACBBA,bernoulli,drop_0.25,34,1156,14,10,acbba_g34_d85_bernoulli_drop_0_25,reruns\grid_density\scenarios\cv\known_visit_grid34_targets10_trials50.csv,12,14,0,1,13,2,2,3,1,1,5.0,1,0,143,36,107,1741,402,129,112.1564,0.8694294573643411,0.8211,1.1604,1.5395,24.485,0.1898062015503876,0.1447,0.3836,0.6207,129,87.6714,0.6796232558139536,0.6809,0.8364,0.9188,completed
48,known_visit,ACBBA,bernoulli,drop_0.25,34,1156,14,10,acbba_g34_d85_bernoulli_drop_0_25,reruns\grid_density\scenarios\cv\known_visit_grid34_targets10_trials50.csv,13,20,1,0,20,1,1,0,0,0,0.0,0,0,151,45,106,1719,415,110,91.5193,0.8319936363636363,0.7927500000000001,1.1425,1.3147,18.2717,0.16610636363636364,0.13315,0.2818,0.5389,110,73.2476,0.6658872727272728,0.67115,0.835,0.9147,completed
49,known_visit,ACBBA,bernoulli,drop_0.25,34,1156,14,10,acbba_g34_d85_bernoulli_drop_0_25,reruns\grid_density\scenarios\cv\known_visit_grid34_targets10_trials50.csv,00,6,1,0,6,1,0,0,0,0,0.0,0,0,73,16,57,1250,291,123,102.066,0.8298048780487806,0.7718,1.0759,1.4913,18.9188,0.15381138211382114,0.1248,0.2519,0.5821,123,83.1472,0.6759934959349594,0.6478,0.8197,0.9325,completed
49,known_visit,ACBBA,bernoulli,drop_0.25,34,1156,14,10,acbba_g34_d85_bernoulli_drop_0_25,reruns\grid_density\scenarios\cv\known_visit_grid34_targets10_trials50.csv,01,34,1,0,26,9,1,0,0,0,0.0,0,0,132,70,62,1179,303,31,24.9959,0.8063193548387096,0.7825,1.1361,1.285,5.0042,0.1614258064516129,0.133,0.3487,0.4905,31,19.9917,0.6448935483870968,0.6382,0.7945,0.817,completed
49,known_visit,ACBBA,bernoulli,drop_0.25,34,1156,14,10,acbba_g34_d85_bernoulli_drop_0_25,reruns\grid_density\scenarios\cv\known_visit_grid34_targets10_trials50.csv,02,40,2,2,34,7,0,0,0,0,0.0,0,0,151,83,68,1178,286,11,11.199300000000001,1.018118181818182,0.9529,1.3207,1.3207,3.3325,0.3029545454545455,0.2822,0.5289,0.5289,11,7.8668000000000005,0.7151636363636364,0.7224,0.7918,0.7918,completed
49,known_visit,ACBBA,bernoulli,drop_0.25,34,1156,14,10,acbba_g34_d85_bernoulli_drop_0_25,reruns\grid_density\scenarios\cv\known_visit_grid34_targets10_trials50.csv,03,8,0,0,6,3,5,1,1,0,0.0,0,0,88,21,67,1219,308,122,107.909,0.8845000000000001,0.8975,1.1233,1.5805,22.2885,0.18269262295081967,0.1837,0.3207,0.6569,122,85.62049999999999,0.7018073770491803,0.71685,0.8525,0.9236,completed
49,known_visit,ACBBA,bernoulli,drop_0.25,34,1156,14,10,acbba_g34_d85_bernoulli_drop_0_25,reruns\grid_density\scenarios\cv\known_visit_grid34_targets10_trials50.csv,04,19,1,0,19,1,1,0,0,0,0.0,0,0,103,42,61,1224,287,83,66.0209,0.7954325301204819,0.7657,0.9528,1.3409,12.1996,0.1469831325301205,0.129,0.213,0.5499,83,53.8213,0.6484493975903615,0.6382,0.7472,0.8224,completed
49,known_visit,ACBBA,bernoulli,drop_0.25,34,1156,14,10,acbba_g34_d85_bernoulli_drop_0_25,reruns\grid_density\scenarios\cv\known_visit_grid34_targets10_trials50.csv,05,39,1,1,37,3,2,1,1,0,0.0,0,0,143,80,63,1174,297,15,14.706,0.9803999999999999,0.9381,1.5077,1.5077,3.8052,0.25368,0.1923,0.58,0.58,15,10.9008,0.72672,0.7105,0.9277,0.9277,completed
49,known_visit,ACBBA,bernoulli,drop_0.25,34,1156,14,10,acbba_g34_d85_bernoulli_drop_0_25,reruns\grid_density\scenarios\cv\known_visit_grid34_targets10_trials50.csv,06,22,0,1,15,8,4,0,0,0,0.0,0,0,125,48,77,1207,282,75,64.0711,0.8542813333333333,0.7905,1.2121,1.3953,13.2911,0.17721466666666666,0.135,0.3805,0.5289,75,50.78,0.6770666666666667,0.6627,0.8127,0.9316,completed
49,known_visit,ACBBA,bernoulli,drop_0.25,34,1156,14,10,acbba_g34_d85_bernoulli_drop_0_25,reruns\grid_density\scenarios\cv\known_visit_grid34_targets10_trials50.csv,07,30,1,1,26,5,2,0,0,0,0.0,0,0,127,63,64,1158,329,48,39.4662,0.8222125,0.72955,1.3354,1.6131,8.1569,0.16993541666666667,0.1041,0.5446,0.7686,48,31.3093,0.6522770833333333,0.6225499999999999,0.8364,0.8759,completed
49,known_visit,ACBBA,bernoulli,drop_0.25,34,1156,14,10,acbba_g34_d85_bernoulli_drop_0_25,reruns\grid_density\scenarios\cv\known_visit_grid34_targets10_trials50.csv,08,34,0,1,16,19,2,1,1,0,0.0,0,0,147,72,75,1171,296,31,31.2813,1.0090741935483871,1.0034,1.3357,1.3683,8.0891,0.26093870967741933,0.2449,0.552,0.5559,31,23.1922,0.7481354838709677,0.7455,0.8424,0.8491,completed
49,known_visit,ACBBA,bernoulli,drop_0.25,34,1156,14,10,acbba_g34_d85_bernoulli_drop_0_25,reruns\grid_density\scenarios\cv\known_visit_grid34_targets10_trials50.csv,09,42,3,0,43,0,1,0,0,0,0.0,0,0,147,85,62,1192,276,12,13.2838,1.1069833333333332,1.0782500000000002,1.459,1.459,4.4052,0.3671,0.33604999999999996,0.6071,0.6071,12,8.8786,0.7398833333333333,0.7847500000000001,0.8757,0.8757,completed
49,known_visit,ACBBA,bernoulli,drop_0.25,34,1156,14,10,acbba_g34_d85_bernoulli_drop_0_25,reruns\grid_density\scenarios\cv\known_visit_grid34_targets10_trials50.csv,10,16,0,0,13,4,4,2,1,0,0.0,0,0,101,37,64,1207,306,95,84.3719,0.8881252631578948,0.8281,1.3239,1.5297,18.1013,0.19054,0.1542,0.4937,0.6441,95,66.2706,0.6975852631578947,0.6726,0.86,0.9223,completed
49,known_visit,ACBBA,bernoulli,drop_0.25,34,1156,14,10,acbba_g34_d85_bernoulli_drop_0_25,reruns\grid_density\scenarios\cv\known_visit_grid34_targets10_trials50.csv,11,23,0,0,20,4,5,1,1,0,0.0,0,0,117,52,65,1229,268,72,70.0304,0.9726444444444444,0.9412,1.1744,1.4659,16.1449,0.2242347222222222,0.20285,0.4452,0.5756,72,53.8855,0.7484097222222222,0.739,0.8677,0.9107,completed
49,known_visit,ACBBA,bernoulli,drop_0.25,34,1156,14,10,acbba_g34_d85_bernoulli_drop_0_25,reruns\grid_density\scenarios\cv\known_visit_grid34_targets10_trials50.csv,12,9,0,0,10,0,4,0,0,0,0.0,0,0,83,21,62,1266,266,117,98.5664,0.8424478632478632,0.7626,1.221,1.4523,19.5077,0.16673247863247864,0.1214,0.3623,0.5912,117,79.0587,0.6757153846153846,0.64,0.8531,0.926,completed
49,known_visit,ACBBA,bernoulli,drop_0.25,34,1156,14,10,acbba_g34_d85_bernoulli_drop_0_25,reruns\grid_density\scenarios\cv\known_visit_grid34_targets10_trials50.csv,13,8,0,0,9,0,2,0,0,0,0.0,0,0,79,21,58,1230,305,121,100.7848,0.8329322314049588,0.7603,1.1194,1.325,19.1368,0.15815537190082646,0.126,0.2533,0.531,121,81.648,0.6747768595041322,0.6374,0.842,0.9049,completed
