trial_id,trial_mode,algorithm,comm_model,comm_level,grid_size,grid_cells,robot_count,target_count,condition_id,scenario_file,robot_id,steps_total,targets_found,task_cell_revisits,unique_cells_contributed,system_revisits_by_robot,task_cell_replans,path_replans,collision_prevention_events,blocked_task_quarantines,blocked_task_quarantine_time_s,maximum_quarantine_level,stall_recoveries,messages_sent,core_messages_sent,allocation_messages_sent,messages_delivered_to_robot,messages_dropped_to_robot,allocator_calls,allocator_time_ms_total,allocator_time_ms_mean,allocator_time_ms_median,allocator_time_ms_p95,allocator_time_ms_max,allocator_solve_time_ms_total,allocator_solve_time_ms_mean,allocator_solve_time_ms_median,allocator_solve_time_ms_p95,allocator_solve_time_ms_max,candidate_filter_calls,candidate_filter_time_ms_total,candidate_filter_time_ms_mean,candidate_filter_time_ms_median,candidate_filter_time_ms_p95,candidate_filter_time_ms_max,trial_status
0,known_visit,HIPC,bernoulli,drop_0.25,19,361,8,10,hipc_g19_d50_bernoulli_drop_0_25,reruns\grid_density\scenarios\cv\known_visit_grid19_targets10_trials50.csv,00,26,3,0,27,0,1,0,0,0,0.0,0,0,60,53,7,123,23,7,10.5719,1.5102714285714285,1.5877,2.2154,2.2154,9.0669,1.2952714285714286,1.4162,1.9556,1.9556,7,1.505,0.215,0.229,0.2598,0.2598,completed
0,known_visit,HIPC,bernoulli,drop_0.25,19,361,8,10,hipc_g19_d50_bernoulli_drop_0_25,reruns\grid_density\scenarios\cv\known_visit_grid19_targets10_trials50.csv,01,10,2,0,11,0,1,0,0,0,0.0,0,0,30,22,8,150,26,60,42.7461,0.7124349999999999,0.6018,1.7688,2.4438,31.3518,0.52253,0.37839999999999996,1.5175,2.1716,60,11.3943,0.189905,0.207,0.2685,0.2996,completed
0,known_visit,HIPC,bernoulli,drop_0.25,19,361,8,10,hipc_g19_d50_bernoulli_drop_0_25,reruns\grid_density\scenarios\cv\known_visit_grid19_targets10_trials50.csv,02,7,1,0,8,0,0,0,0,0,0.0,0,0,21,16,5,163,21,65,68.2236,1.0495938461538463,0.8872,2.3864,2.9531,55.2783,0.8504353846153846,0.6604,2.1266,2.6789,65,12.9453,0.19915846153846153,0.2129,0.2712,0.3074,completed
0,known_visit,HIPC,bernoulli,drop_0.25,19,361,8,10,hipc_g19_d50_bernoulli_drop_0_25,reruns\grid_density\scenarios\cv\known_visit_grid19_targets10_trials50.csv,03,3,0,1,3,1,0,0,0,0,0.0,0,0,14,9,5,159,32,80,115.3714,1.4421424999999999,1.2422,2.8203,3.6646,98.5418,1.2317725,1.03605,2.5476,3.3926,80,16.8296,0.21037,0.22475,0.2698,0.2977,completed
0,known_visit,HIPC,bernoulli,drop_0.25,19,361,8,10,hipc_g19_d50_bernoulli_drop_0_25,reruns\grid_density\scenarios\cv\known_visit_grid19_targets10_trials50.csv,04,1,0,0,2,0,0,0,0,0,0.0,0,0,7,4,3,167,32,86,116.6333,1.3562011627906978,1.0355,2.807,2.8721,98.9502,1.1505837209302325,0.8647499999999999,2.5519,2.5845,86,17.6831,0.2056174418604651,0.2021,0.2757,0.3162,completed
0,known_visit,HIPC,bernoulli,drop_0.25,19,361,8,10,hipc_g19_d50_bernoulli_drop_0_25,reruns\grid_density\scenarios\cv\known_visit_grid19_targets10_trials50.csv,05,17,3,0,18,0,0,0,0,0,0.0,0,0,43,36,7,141,21,35,25.7547,0.7358485714285714,0.5956,2.2688,2.8032,19.0379,0.54394,0.3788,2.0249,2.5529,35,6.7168,0.19190857142857143,0.1957,0.2544,0.4349,completed
0,known_visit,HIPC,bernoulli,drop_0.25,19,361,8,10,hipc_g19_d50_bernoulli_drop_0_25,reruns\grid_density\scenarios\cv\known_visit_grid19_targets10_trials50.csv,06,2,0,0,3,0,2,0,0,0,0.0,0,0,13,6,7,170,22,84,72.8775,0.8675892857142857,0.5335,2.1571,2.7894,57.187,0.680797619047619,0.35215,1.9079,2.5266,84,15.6905,0.18679166666666666,0.181,0.247,0.2628,completed
0,known_visit,HIPC,bernoulli,drop_0.25,19,361,8,10,hipc_g19_d50_bernoulli_drop_0_25,reruns\grid_density\scenarios\cv\known_visit_grid19_targets10_trials50.csv,07,6,1,0,7,0,0,0,0,0,0.0,0,0,18,14,4,161,27,69,47.1981,0.6840304347826086,0.6003,1.4191,1.4659,34.4842,0.49977101449275363,0.4503,1.1744,1.2382,69,12.7139,0.1842594202898551,0.1882,0.2455,0.2774,completed
1,known_visit,HIPC,bernoulli,drop_0.25,19,361,8,10,hipc_g19_d50_bernoulli_drop_0_25,reruns\grid_density\scenarios\cv\known_visit_grid19_targets10_trials50.csv,00,8,2,0,9,0,0,0,0,0,0.0,0,0,24,18,6,130,22,38,41.2796,1.0863052631578949,0.8641,2.4729,2.8382,28.9118,0.7608368421052631,0.55465,2.0387,2.4535,38,12.3678,0.3254684210526316,0.33830000000000005,0.4342,0.4392,completed
1,known_visit,HIPC,bernoulli,drop_0.25,19,361,8,10,hipc_g19_d50_bernoulli_drop_0_25,reruns\grid_density\scenarios\cv\known_visit_grid19_targets10_trials50.csv,01,15,2,0,16,0,2,0,0,0,0.0,0,0,40,32,8,110,26,18,18.6184,1.0343555555555557,0.7302,2.906,2.906,13.4458,0.7469888888888889,0.4063,2.5071,2.5071,18,5.1726,0.28736666666666666,0.3097,0.3989,0.3989,completed
1,known_visit,HIPC,bernoulli,drop_0.25,19,361,8,10,hipc_g19_d50_bernoulli_drop_0_25,reruns\grid_density\scenarios\cv\known_visit_grid19_targets10_trials50.csv,02,1,0,0,2,0,0,0,0,0,0.0,0,0,7,4,3,148,22,61,81.2534,1.3320229508196721,1.4092,2.7542,3.0636,62.8401,1.0301655737704918,1.1934,2.4021,2.7034,61,18.4133,0.3018573770491803,0.3293,0.4075,0.4617,completed
1,known_visit,HIPC,bernoulli,drop_0.25,19,361,8,10,hipc_g19_d50_bernoulli_drop_0_25,reruns\grid_density\scenarios\cv\known_visit_grid19_targets10_trials50.csv,03,0,0,0,1,0,0,0,0,0,0.0,0,0,1,1,0,153,22,63,116.1427,1.8435349206349207,2.0285,3.5086,4.0301,96.1648,1.526425396825397,1.6937,3.1638,3.634,63,19.977899999999998,0.3171095238095238,0.332,0.4294,0.4685,completed
1,known_visit,HIPC,bernoulli,drop_0.25,19,361,8,10,hipc_g19_d50_bernoulli_drop_0_25,reruns\grid_density\scenarios\cv\known_visit_grid19_targets10_trials50.csv,04,15,2,0,16,0,0,0,0,0,0.0,0,0,37,32,5,111,28,17,18.2532,1.0737176470588234,0.7695,2.7308,2.7308,12.1401,0.7141235294117647,0.3918,2.2169,2.2169,17,6.1131,0.35959411764705884,0.3542,0.5282,0.5282,completed
1,known_visit,HIPC,bernoulli,drop_0.25,19,361,8,10,hipc_g19_d50_bernoulli_drop_0_25,reruns\grid_density\scenarios\cv\known_visit_grid19_targets10_trials50.csv,05,6,0,0,7,0,0,0,0,0,0.0,0,0,16,14,2,135,26,45,53.7646,1.194768888888889,0.8898,2.2704,3.0357,38.1257,0.8472377777777779,0.5168,1.6401,2.673,45,15.6389,0.3475311111111111,0.351,0.4214,0.6303,completed
1,known_visit,HIPC,bernoulli,drop_0.25,19,361,8,10,hipc_g19_d50_bernoulli_drop_0_25,reruns\grid_density\scenarios\cv\known_visit_grid19_targets10_trials50.csv,06,19,3,0,20,0,0,0,0,0,0.0,0,0,44,39,5,115,18,8,13.573400000000001,1.6966750000000002,1.6161,3.4986,3.4986,10.8705,1.3588125,1.33705,3.0463,3.0463,8,2.7029,0.3378625,0.33545,0.4523,0.4523,completed
1,known_visit,HIPC,bernoulli,drop_0.25,19,361,8,10,hipc_g19_d50_bernoulli_drop_0_25,reruns\grid_density\scenarios\cv\known_visit_grid19_targets10_trials50.csv,07,1,1,0,2,0,0,0,0,0,0.0,0,0,8,4,4,148,20,60,81.5677,1.3594616666666668,1.4384,2.8006,2.961,63.7613,1.0626883333333332,1.2349999999999999,2.4256,2.5616,60,17.8064,0.29677333333333333,0.32794999999999996,0.3887,0.4314,completed
2,known_visit,HIPC,bernoulli,drop_0.25,19,361,8,10,hipc_g19_d50_bernoulli_drop_0_25,reruns\grid_density\scenarios\cv\known_visit_grid19_targets10_trials50.csv,00,17,2,0,18,0,1,0,0,0,0.0,0,0,43,36,7,157,33,19,22.4136,1.1796631578947367,1.2159,2.8929,2.8929,17.0325,0.8964473684210525,0.9146,2.4877,2.4877,19,5.3811,0.2832157894736842,0.282,0.4544,0.4544,completed
2,known_visit,HIPC,bernoulli,drop_0.25,19,361,8,10,hipc_g19_d50_bernoulli_drop_0_25,reruns\grid_density\scenarios\cv\known_visit_grid19_targets10_trials50.csv,01,5,1,0,6,0,0,0,0,0,0.0,0,0,15,12,3,191,28,56,51.678,0.9228214285714286,0.87505,1.679,2.1145,39.056400000000004,0.6974357142857144,0.61965,1.3884,1.7912,56,12.621599999999999,0.22538571428571427,0.239,0.3082,0.3256,completed
2,known_visit,HIPC,bernoulli,drop_0.25,19,361,8,10,hipc_g19_d50_bernoulli_drop_0_25,reruns\grid_density\scenarios\cv\known_visit_grid19_targets10_trials50.csv,02,21,2,0,22,0,4,0,0,0,0.0,0,0,54,43,11,157,23,8,10.3554,1.294425,1.35885,2.1727,2.1727,8.5131,1.0641375,1.1961,1.875,1.875,8,1.8423,0.2302875,0.23745,0.3009,0.3009,completed
2,known_visit,HIPC,bernoulli,drop_0.25,19,361,8,10,hipc_g19_d50_bernoulli_drop_0_25,reruns\grid_density\scenarios\cv\known_visit_grid19_targets10_trials50.csv,03,12,0,1,12,1,4,2,1,1,5.0,1,0,41,28,13,168,24,36,32.0187,0.8894083333333334,0.76715,2.1553,2.235,23.2738,0.6464944444444445,0.48665,1.8661,1.9265,36,8.7449,0.24291388888888887,0.24230000000000002,0.3379,0.4003,completed
2,known_visit,HIPC,bernoulli,drop_0.25,19,361,8,10,hipc_g19_d50_bernoulli_drop_0_25,reruns\grid_density\scenarios\cv\known_visit_grid19_targets10_trials50.csv,04,0,0,0,1,0,0,0,0,0,0.0,0,0,1,1,0,188,44,71,127.3512,1.7936788732394366,1.3749,3.5783,3.9527,109.1166,1.5368535211267607,1.1904,3.254,3.7321,71,18.2346,0.25682535211267604,0.269,0.3425,0.3892,completed
2,known_visit,HIPC,bernoulli,drop_0.25,19,361,8,10,hipc_g19_d50_bernoulli_drop_0_25,reruns\grid_density\scenarios\cv\known_visit_grid19_targets10_trials50.csv,05,19,3,0,20,0,2,0,0,0,0.0,0,0,52,40,12,164,17,10,14.0597,1.40597,1.0062,3.7275,3.7275,11.4175,1.14175,0.6855,3.4385,3.4385,10,2.6422,0.26422,0.27945,0.3763,0.3763,completed
2,known_visit,HIPC,bernoulli,drop_0.25,19,361,8,10,hipc_g19_d50_bernoulli_drop_0_25,reruns\grid_density\scenarios\cv\known_visit_grid19_targets10_trials50.csv,06,8,2,1,8,1,1,0,0,0,0.0,0,0,27,19,8,173,33,47,48.7305,1.0368191489361702,0.9987,1.8146,2.1348,37.2675,0.7929255319148936,0.7388,1.5212,1.8439,47,11.463,0.24389361702127657,0.2478,0.309,0.3695,completed
2,known_visit,HIPC,bernoulli,drop_0.25,19,361,8,10,hipc_g19_d50_bernoulli_drop_0_25,reruns\grid_density\scenarios\cv\known_visit_grid19_targets10_trials50.csv,07,0,0,0,1,0,0,0,0,0,0.0,0,0,1,1,0,198,34,71,89.9535,1.2669507042253523,1.0724,2.7545,2.9279,72.8972,1.0267211267605634,0.7889,2.4506,2.5899,71,17.0563,0.24022957746478873,0.2498,0.3243,0.3713,completed
3,known_visit,HIPC,bernoulli,drop_0.25,19,361,8,10,hipc_g19_d50_bernoulli_drop_0_25,reruns\grid_density\scenarios\cv\known_visit_grid19_targets10_trials50.csv,00,11,1,0,12,0,0,0,0,0,0.0,0,0,27,24,3,163,32,46,34.1198,0.7417347826086956,0.54455,1.455,2.2359,24.1898,0.5258652173913044,0.3408,1.2111,1.9441,46,9.93,0.21586956521739128,0.19025,0.3244,0.4325,completed
3,known_visit,HIPC,bernoulli,drop_0.25,19,361,8,10,hipc_g19_d50_bernoulli_drop_0_25,reruns\grid_density\scenarios\cv\known_visit_grid19_targets10_trials50.csv,01,0,0,0,1,0,0,0,0,0,0.0,0,0,1,1,0,197,24,80,100.3245,1.25405625,1.2673,2.4827,2.7925,83.2443,1.04055375,1.02325,2.2399,2.613,80,17.0802,0.2135025,0.1976,0.2631,0.4159,completed
3,known_visit,HIPC,bernoulli,drop_0.25,19,361,8,10,hipc_g19_d50_bernoulli_drop_0_25,reruns\grid_density\scenarios\cv\known_visit_grid19_targets10_trials50.csv,02,23,3,0,24,0,2,0,0,0,0.0,0,0,57,47,10,142,23,6,8.9012,1.4835333333333331,1.4439,2.3045,2.3045,7.4671,1.2445166666666667,1.18465,2.0418,2.0418,6,1.4341,0.23901666666666666,0.25215,0.2645,0.2645,completed
3,known_visit,HIPC,bernoulli,drop_0.25,19,361,8,10,hipc_g19_d50_bernoulli_drop_0_25,reruns\grid_density\scenarios\cv\known_visit_grid19_targets10_trials50.csv,03,7,0,0,8,0,0,0,0,0,0.0,0,0,22,16,6,168,32,59,67.8327,1.149706779661017,0.9445,2.2338,2.4453,54.8077,0.9289440677966101,0.7291,1.9911,2.2042,59,13.025,0.2207627118644068,0.2177,0.252,0.3882,completed
3,known_visit,HIPC,bernoulli,drop_0.25,19,361,8,10,hipc_g19_d50_bernoulli_drop_0_25,reruns\grid_density\scenarios\cv\known_visit_grid19_targets10_trials50.csv,04,16,1,1,16,1,3,0,0,0,0.0,0,0,46,36,10,143,33,33,20.3859,0.6177545454545454,0.3184,1.898,2.1675,13.4608,0.4079030303030303,0.0914,1.5645,1.9213,33,6.9251000000000005,0.20985151515151518,0.2032,0.2524,0.3335,completed
3,known_visit,HIPC,bernoulli,drop_0.25,19,361,8,10,hipc_g19_d50_bernoulli_drop_0_25,reruns\grid_density\scenarios\cv\known_visit_grid19_targets10_trials50.csv,05,1,1,0,2,0,0,0,0,0,0.0,0,0,6,4,2,189,27,78,117.85379999999999,1.5109461538461537,1.52125,2.9501,3.1136,100.9871,1.2947064102564103,1.3308499999999999,2.656,2.8766,78,16.8667,0.2162397435897436,0.2094,0.2696,0.3731,completed
3,known_visit,HIPC,bernoulli,drop_0.25,19,361,8,10,hipc_g19_d50_bernoulli_drop_0_25,reruns\grid_density\scenarios\cv\known_visit_grid19_targets10_trials50.csv,06,24,4,0,25,0,0,0,0,0,0.0,0,0,58,49,9,144,21,7,12.3895,1.7699285714285715,1.8477,3.0614,3.0614,10.8086,1.5440857142857143,1.6095,2.8178,2.8178,7,1.5809,0.22584285714285715,0.2345,0.2436,0.2436,completed
3,known_visit,HIPC,bernoulli,drop_0.25,19,361,8,10,hipc_g19_d50_bernoulli_drop_0_25,reruns\grid_density\scenarios\cv\known_visit_grid19_targets10_trials50.csv,07,1,0,0,2,0,0,0,0,0,0.0,0,0,6,4,2,186,30,78,111.2383,1.4261320512820512,0.9114500000000001,3.0972,3.7064,94.6037,1.2128679487179488,0.68735,2.853,3.4738,78,16.6346,0.21326410256410255,0.20195000000000002,0.2823,0.4688,completed
4,known_visit,HIPC,bernoulli,drop_0.25,19,361,8,10,hipc_g19_d50_bernoulli_drop_0_25,reruns\grid_density\scenarios\cv\known_visit_grid19_targets10_trials50.csv,00,17,3,0,18,0,1,0,0,0,0.0,0,0,42,35,7,82,21,8,11.3916,1.42395,1.3182999999999998,2.2771,2.2771,9.6612,1.20765,1.1191499999999999,2.022,2.022,8,1.7304,0.2163,0.2353,0.2662,0.2662,completed
4,known_visit,HIPC,bernoulli,drop_0.25,19,361,8,10,hipc_g19_d50_bernoulli_drop_0_25,reruns\grid_density\scenarios\cv\known_visit_grid19_targets10_trials50.csv,01,6,1,0,7,0,0,0,0,0,0.0,0,0,18,14,4,107,20,38,32.1551,0.8461868421052631,0.6752,2.774,2.8366,25.8917,0.6813605263157895,0.52165,2.5249,2.5913,38,6.2634,0.16482631578947368,0.15835,0.2491,0.2668,completed
4,known_visit,HIPC,bernoulli,drop_0.25,19,361,8,10,hipc_g19_d50_bernoulli_drop_0_25,reruns\grid_density\scenarios\cv\known_visit_grid19_targets10_trials50.csv,02,0,0,0,1,0,0,0,0,0,0.0,0,0,1,1,0,120,23,57,62.7452,1.1007929824561402,0.7348,2.7828,3.6461,52.2312,0.9163368421052632,0.5297,2.5194,3.3582,57,10.514,0.18445614035087718,0.1629,0.272,0.3826,completed
4,known_visit,HIPC,bernoulli,drop_0.25,19,361,8,10,hipc_g19_d50_bernoulli_drop_0_25,reruns\grid_density\scenarios\cv\known_visit_grid19_targets10_trials50.csv,03,13,2,0,14,0,0,0,0,0,0.0,0,0,33,28,5,94,17,19,14.4252,0.7592210526315789,0.3969,2.705,2.705,11.262599999999999,0.5927684210526315,0.2517,2.4629,2.4629,19,3.1626,0.16645263157894735,0.1412,0.2429,0.2429,completed
4,known_visit,HIPC,bernoulli,drop_0.25,19,361,8,10,hipc_g19_d50_bernoulli_drop_0_25,reruns\grid_density\scenarios\cv\known_visit_grid19_targets10_trials50.csv,04,0,0,0,1,0,0,0,0,0,0.0,0,0,1,1,0,124,19,57,67.3716,1.181957894736842,0.9005,2.9476,3.048,56.7192,0.9950736842105263,0.7233,2.6925,2.7867,57,10.6524,0.1868842105263158,0.163,0.2914,0.328,completed
4,known_visit,HIPC,bernoulli,drop_0.25,19,361,8,10,hipc_g19_d50_bernoulli_drop_0_25,reruns\grid_density\scenarios\cv\known_visit_grid19_targets10_trials50.csv,05,3,1,0,4,0,0,0,0,0,0.0,0,0,10,8,2,118,16,48,38.4265,0.8005520833333333,0.6207,2.0903,2.9072,30.0541,0.6261270833333333,0.3825,1.8526,2.6541,48,8.3724,0.17442500000000002,0.1548,0.2531,0.2825,completed
4,known_visit,HIPC,bernoulli,drop_0.25,19,361,8,10,hipc_g19_d50_bernoulli_drop_0_25,reruns\grid_density\scenarios\cv\known_visit_grid19_targets10_trials50.csv,06,2,1,0,3,0,0,0,0,0,0.0,0,0,10,6,4,115,20,51,53.001,1.039235294117647,0.7417,2.1392,2.5909,43.344,0.8498823529411765,0.5744,1.8729,2.3208,51,9.657,0.18935294117647058,0.1663,0.258,0.2701,completed
4,known_visit,HIPC,bernoulli,drop_0.25,19,361,8,10,hipc_g19_d50_bernoulli_drop_0_25,reruns\grid_density\scenarios\cv\known_visit_grid19_targets10_trials50.csv,07,10,2,0,11,0,2,0,0,0,0.0,0,0,30,22,8,95,19,28,24.6703,0.8810821428571429,0.65715,2.2164,2.4903,19.5231,0.6972535714285714,0.4729,1.9424,2.2515,28,5.1472,0.18382857142857142,0.16,0.2602,0.274,completed
5,known_visit,HIPC,bernoulli,drop_0.25,19,361,8,10,hipc_g19_d50_bernoulli_drop_0_25,reruns\grid_density\scenarios\cv\known_visit_grid19_targets10_trials50.csv,00,16,2,0,17,0,2,0,0,0,0.0,0,0,43,34,9,160,20,28,13.7551,0.49125357142857146,0.29364999999999997,1.4677,1.6669,8.837200000000001,0.31561428571428574,0.12129999999999999,1.2968,1.4307,28,4.9179,0.17563928571428572,0.16825,0.2362,0.2604,completed
5,known_visit,HIPC,bernoulli,drop_0.25,19,361,8,10,hipc_g19_d50_bernoulli_drop_0_25,reruns\grid_density\scenarios\cv\known_visit_grid19_targets10_trials50.csv,01,14,2,0,15,0,0,0,0,0,0.0,0,0,34,30,4,163,26,33,16.0757,0.48714242424242427,0.2876,2.1723,2.1965,10.8405,0.3285,0.124,1.9476,2.0007,33,5.2352,0.15864242424242425,0.1669,0.2297,0.2489,completed
5,known_visit,HIPC,bernoulli,drop_0.25,19,361,8,10,hipc_g19_d50_bernoulli_drop_0_25,reruns\grid_density\scenarios\cv\known_visit_grid19_targets10_trials50.csv,02,2,0,0,3,0,0,0,0,0,0.0,0,0,9,6,3,185,29,70,70.8921,1.0127442857142857,0.94815,2.1957,2.6008,57.4143,0.8202042857142857,0.733,2.0214,2.3543,70,13.4778,0.19254000000000002,0.18195,0.2433,0.2653,completed
5,known_visit,HIPC,bernoulli,drop_0.25,19,361,8,10,hipc_g19_d50_bernoulli_drop_0_25,reruns\grid_density\scenarios\cv\known_visit_grid19_targets10_trials50.csv,03,3,0,0,4,0,0,0,0,0,0.0,0,0,12,8,4,175,35,67,79.8994,1.1925283582089552,0.9244,2.7446,2.8027,66.2615,0.9889776119402984,0.7044,2.4911,2.5515,67,13.6379,0.2035507462686567,0.2049,0.2535,0.2622,completed
5,known_visit,HIPC,bernoulli,drop_0.25,19,361,8,10,hipc_g19_d50_bernoulli_drop_0_25,reruns\grid_density\scenarios\cv\known_visit_grid19_targets10_trials50.csv,04,13,1,1,13,1,0,0,0,0,0.0,0,0,34,29,5,164,24,35,45.724199999999996,1.3064057142857142,1.4727,1.8494,2.0097,38.3018,1.094337142857143,1.2365,1.623,1.7844,35,7.4224,0.2120685714285714,0.2253,0.2504,0.2539,completed
5,known_visit,HIPC,bernoulli,drop_0.25,19,361,8,10,hipc_g19_d50_bernoulli_drop_0_25,reruns\grid_density\scenarios\cv\known_visit_grid19_targets10_trials50.csv,05,22,4,0,23,0,1,0,0,0,0.0,0,0,54,45,9,143,26,7,7.8668,1.1238285714285714,1.107,1.9098,1.9098,6.561,0.9372857142857143,0.9325,1.7248,1.7248,7,1.3058,0.18654285714285715,0.1771,0.2259,0.2259,completed
5,known_visit,HIPC,bernoulli,drop_0.25,19,361,8,10,hipc_g19_d50_bernoulli_drop_0_25,reruns\grid_density\scenarios\cv\known_visit_grid19_targets10_trials50.csv,06,4,0,1,4,1,0,0,0,0,0.0,0,0,12,10,2,181,30,63,83.1836,1.320374603174603,0.9694,2.7356,2.9263,70.76389999999999,1.1232365079365079,0.7521,2.4839,2.6612,63,12.4197,0.19713809523809525,0.191,0.2527,0.3376,completed
5,known_visit,HIPC,bernoulli,drop_0.25,19,361,8,10,hipc_g19_d50_bernoulli_drop_0_25,reruns\grid_density\scenarios\cv\known_visit_grid19_targets10_trials50.csv,07,8,1,0,9,0,0,0,0,0,0.0,0,0,25,19,6,164,34,50,53.6446,1.072892,0.5189,2.773,2.8703,44.1499,0.8829980000000001,0.34645000000000004,2.4575,2.6268,50,9.4947,0.189894,0.1842,0.2457,0.3613,completed
6,known_visit,HIPC,bernoulli,drop_0.25,19,361,8,10,hipc_g19_d50_bernoulli_drop_0_25,reruns\grid_density\scenarios\cv\known_visit_grid19_targets10_trials50.csv,00,17,1,0,18,0,0,0,0,0,0.0,0,0,43,36,7,164,35,22,12.962,0.5891818181818181,0.3716,1.7395,1.9544,8.4343,0.38337727272727273,0.17325000000000002,1.4943,1.7082,22,4.5277,0.20580454545454546,0.195,0.2657,0.2956,completed
6,known_visit,HIPC,bernoulli,drop_0.25,19,361,8,10,hipc_g19_d50_bernoulli_drop_0_25,reruns\grid_density\scenarios\cv\known_visit_grid19_targets10_trials50.csv,01,2,1,0,3,0,0,0,0,0,0.0,0,0,10,6,4,198,34,68,108.4362,1.59465,1.5373999999999999,3.0279,3.0814,92.7069,1.3633367647058825,1.3444,2.7541,2.7965,68,15.7293,0.23131323529411765,0.22594999999999998,0.2895,0.3573,completed
6,known_visit,HIPC,bernoulli,drop_0.25,19,361,8,10,hipc_g19_d50_bernoulli_drop_0_25,reruns\grid_density\scenarios\cv\known_visit_grid19_targets10_trials50.csv,02,0,0,0,1,0,0,0,0,0,0.0,0,0,1,1,0,205,36,73,148.2658,2.031038356164384,2.2432,3.1375,3.1761,130.2692,1.784509589041096,1.9715,2.8686,2.9341,73,17.9966,0.2465287671232877,0.2473,0.2866,0.3569,completed
6,known_visit,HIPC,bernoulli,drop_0.25,19,361,8,10,hipc_g19_d50_bernoulli_drop_0_25,reruns\grid_density\scenarios\cv\known_visit_grid19_targets10_trials50.csv,03,14,3,0,15,0,0,0,0,0,0.0,0,0,38,30,8,177,28,28,20.479,0.7313928571428571,0.5497000000000001,2.2313,2.37,14.3643,0.5130107142857143,0.34685,1.9323,2.1265,28,6.1147,0.21838214285714286,0.21745,0.291,0.299,completed
6,known_visit,HIPC,bernoulli,drop_0.25,19,361,8,10,hipc_g19_d50_bernoulli_drop_0_25,reruns\grid_density\scenarios\cv\known_visit_grid19_targets10_trials50.csv,04,19,1,0,20,0,1,0,0,0,0.0,0,0,46,40,6,167,29,17,17.7607,1.0447470588235295,0.4999,3.2446,3.2446,14.1838,0.8343411764705883,0.3533,2.8845,2.8845,17,3.5769,0.2104058823529412,0.2026,0.3601,0.3601,completed
6,known_visit,HIPC,bernoulli,drop_0.25,19,361,8,10,hipc_g19_d50_bernoulli_drop_0_25,reruns\grid_density\scenarios\cv\known_visit_grid19_targets10_trials50.csv,05,22,2,0,23,0,3,0,0,0,0.0,0,0,54,45,9,162,27,10,14.3234,1.43234,0.94225,3.4667,3.4667,11.9595,1.19595,0.67215,3.2272,3.2272,10,2.3639,0.23639000000000002,0.23345,0.3321,0.3321,completed
6,known_visit,HIPC,bernoulli,drop_0.25,19,361,8,10,hipc_g19_d50_bernoulli_drop_0_25,reruns\grid_density\scenarios\cv\known_visit_grid19_targets10_trials50.csv,06,12,2,0,13,0,0,0,0,0,0.0,0,0,35,26,9,184,23,36,26.1669,0.7268583333333333,0.5746500000000001,1.9425,2.2717,18.3843,0.510675,0.3574,1.5918,2.0139,36,7.7826,0.21618333333333334,0.21225,0.2578,0.4267,completed
6,known_visit,HIPC,bernoulli,drop_0.25,19,361,8,10,hipc_g19_d50_bernoulli_drop_0_25,reruns\grid_density\scenarios\cv\known_visit_grid19_targets10_trials50.csv,07,6,0,1,5,2,0,0,0,0,0.0,0,0,16,14,2,189,37,55,136.6351,2.484274545454545,3.2228,3.7201,3.9317,122.97279999999999,2.2358690909090906,2.9701,3.4641,3.6441,55,13.6623,0.24840545454545454,0.2509,0.3022,0.3271,completed
7,known_visit,HIPC,bernoulli,drop_0.25,19,361,8,10,hipc_g19_d50_bernoulli_drop_0_25,reruns\grid_density\scenarios\cv\known_visit_grid19_targets10_trials50.csv,00,10,3,0,11,0,0,0,0,0,0.0,0,0,28,22,6,146,32,21,28.8077,1.371795238095238,1.1257,2.9719,3.0543,23.564,1.122095238095238,0.8685,2.7135,2.7921,21,5.2437000000000005,0.24970000000000003,0.252,0.3128,0.3467,completed
7,known_visit,HIPC,bernoulli,drop_0.25,19,361,8,10,hipc_g19_d50_bernoulli_drop_0_25,reruns\grid_density\scenarios\cv\known_visit_grid19_targets10_trials50.csv,01,14,1,0,15,0,2,0,0,0,0.0,0,0,38,31,7,141,27,11,19.825400000000002,1.802309090909091,1.9226,3.2627,3.2627,16.9271,1.5388272727272727,1.6473,2.9534,2.9534,11,2.8983,0.26348181818181815,0.2753,0.3143,0.3143,completed
7,known_visit,HIPC,bernoulli,drop_0.25,19,361,8,10,hipc_g19_d50_bernoulli_drop_0_25,reruns\grid_density\scenarios\cv\known_visit_grid19_targets10_trials50.csv,02,10,1,0,11,0,1,0,0,0,0.0,0,0,30,23,7,148,28,21,25.7612,1.2267238095238095,1.1282,2.6095,3.3687,20.5767,0.9798428571428571,0.8694,2.3112,3.0448,21,5.1845,0.24688095238095237,0.244,0.2983,0.3239,completed
7,known_visit,HIPC,bernoulli,drop_0.25,19,361,8,10,hipc_g19_d50_bernoulli_drop_0_25,reruns\grid_density\scenarios\cv\known_visit_grid19_targets10_trials50.csv,03,0,0,0,1,0,0,0,0,0,0.0,0,0,1,1,0,172,33,53,88.1575,1.6633490566037736,1.7109,3.2903,3.3861,74.3916,1.4036150943396226,1.4129,2.977,3.0657,53,13.7659,0.25973396226415096,0.2709,0.3204,0.3944,completed
7,known_visit,HIPC,bernoulli,drop_0.25,19,361,8,10,hipc_g19_d50_bernoulli_drop_0_25,reruns\grid_density\scenarios\cv\known_visit_grid19_targets10_trials50.csv,04,3,0,0,4,0,0,8,1,2,20.0,2,0,20,8,12,150,37,48,80.2446,1.6717625,1.6279,2.685,3.4858,67.8497,1.4135354166666667,1.40215,2.3923,3.1622,48,12.3949,0.25822708333333333,0.27485000000000004,0.3214,0.3317,completed
7,known_visit,HIPC,bernoulli,drop_0.25,19,361,8,10,hipc_g19_d50_bernoulli_drop_0_25,reruns\grid_density\scenarios\cv\known_visit_grid19_targets10_trials50.csv,05,3,1,0,4,0,0,0,0,0,0.0,0,0,12,8,4,159,35,46,81.1078,1.763213043478261,1.7889,2.631,2.7503,68.9072,1.4979826086956523,1.51745,2.3464,2.4571,46,12.2006,0.2652304347826087,0.2817,0.3158,0.3264,completed
7,known_visit,HIPC,bernoulli,drop_0.25,19,361,8,10,hipc_g19_d50_bernoulli_drop_0_25,reruns\grid_density\scenarios\cv\known_visit_grid19_targets10_trials50.csv,06,16,3,0,17,0,0,0,0,0,0.0,0,0,40,33,7,135,32,8,15.2056,1.9007,1.83215,3.7376,3.7376,13.1095,1.6386875,1.5506,3.471,3.471,8,2.0961,0.2620125,0.26775,0.2956,0.2956,completed
7,known_visit,HIPC,bernoulli,drop_0.25,19,361,8,10,hipc_g19_d50_bernoulli_drop_0_25,reruns\grid_density\scenarios\cv\known_visit_grid19_targets10_trials50.csv,07,13,1,0,14,0,2,0,0,0,0.0,0,0,38,28,10,140,28,18,19.6695,1.0927499999999999,0.6162000000000001,2.7955,2.7955,15.3691,0.8538388888888888,0.38639999999999997,2.4768,2.4768,18,4.3004,0.2389111111111111,0.22499999999999998,0.3187,0.3187,completed
8,known_visit,HIPC,bernoulli,drop_0.25,19,361,8,10,hipc_g19_d50_bernoulli_drop_0_25,reruns\grid_density\scenarios\cv\known_visit_grid19_targets10_trials50.csv,00,17,3,0,18,0,0,0,0,0,0.0,0,0,40,35,5,144,28,4,5.2911,1.322775,1.3157,1.6642,1.6642,4.3964,1.0991,1.11205,1.4112,1.4112,4,0.8947,0.223675,0.23204999999999998,0.253,0.253,completed
8,known_visit,HIPC,bernoulli,drop_0.25,19,361,8,10,hipc_g19_d50_bernoulli_drop_0_25,reruns\grid_density\scenarios\cv\known_visit_grid19_targets10_trials50.csv,01,11,1,0,9,3,2,4,2,2,10.0,1,0,35,28,7,148,29,21,33.0248,1.5726095238095237,1.3539,2.8982,3.1375,28.011599999999998,1.3338857142857141,1.115,2.6063,2.8566,21,5.0132,0.23872380952380953,0.2353,0.2833,0.2919,completed
8,known_visit,HIPC,bernoulli,drop_0.25,19,361,8,10,hipc_g19_d50_bernoulli_drop_0_25,reruns\grid_density\scenarios\cv\known_visit_grid19_targets10_trials50.csv,02,13,2,0,14,0,0,1,1,0,0.0,0,0,40,31,9,143,29,13,17.1545,1.319576923076923,1.3512,2.4474,2.4474,14.1227,1.0863615384615384,1.1187,2.2044,2.2044,13,3.0318,0.23321538461538463,0.2343,0.2912,0.2912,completed
8,known_visit,HIPC,bernoulli,drop_0.25,19,361,8,10,hipc_g19_d50_bernoulli_drop_0_25,reruns\grid_density\scenarios\cv\known_visit_grid19_targets10_trials50.csv,03,12,2,0,13,0,1,0,0,0,0.0,0,0,33,26,7,156,22,17,20.7309,1.219464705882353,0.6863,3.5096,3.5096,17.0833,1.0049000000000001,0.4833,3.2383,3.2383,17,3.6475999999999997,0.21456470588235294,0.1988,0.2789,0.2789,completed
8,known_visit,HIPC,bernoulli,drop_0.25,19,361,8,10,hipc_g19_d50_bernoulli_drop_0_25,reruns\grid_density\scenarios\cv\known_visit_grid19_targets10_trials50.csv,04,0,0,0,1,0,0,0,0,0,0.0,0,0,1,1,0,177,33,55,88.0718,1.6013054545454544,0.9719,3.2645,3.5006,74.6093,1.3565327272727274,0.7429,2.9551,3.1627,55,13.4625,0.24477272727272728,0.229,0.3151,0.3379,completed
8,known_visit,HIPC,bernoulli,drop_0.25,19,361,8,10,hipc_g19_d50_bernoulli_drop_0_25,reruns\grid_density\scenarios\cv\known_visit_grid19_targets10_trials50.csv,05,7,1,0,8,0,0,0,0,0,0.0,0,0,20,16,4,171,20,34,28.6434,0.8424529411764706,0.9203,2.2267,2.9079,21.4682,0.6314176470588235,0.70425,1.9759,2.6377,34,7.1752,0.21103529411764707,0.2117,0.2508,0.2702,completed
8,known_visit,HIPC,bernoulli,drop_0.25,19,361,8,10,hipc_g19_d50_bernoulli_drop_0_25,reruns\grid_density\scenarios\cv\known_visit_grid19_targets10_trials50.csv,06,1,0,0,2,0,0,0,0,0,0.0,0,0,7,4,3,172,33,53,75.5779,1.4259981132075472,0.7181,3.5242,4.0391,63.3159,1.1946396226415095,0.5049,3.2363,3.7155,53,12.262,0.23135849056603774,0.2132,0.3042,0.3236,completed
8,known_visit,HIPC,bernoulli,drop_0.25,19,361,8,10,hipc_g19_d50_bernoulli_drop_0_25,reruns\grid_density\scenarios\cv\known_visit_grid19_targets10_trials50.csv,07,15,1,0,16,0,0,0,0,0,0.0,0,0,36,32,4,154,21,11,9.4823,0.8620272727272728,0.4915,2.4477,2.4477,7.1733,0.6521181818181818,0.3043,2.1438,2.1438,11,2.309,0.20990909090909093,0.1872,0.3039,0.3039,completed
9,known_visit,HIPC,bernoulli,drop_0.25,19,361,8,10,hipc_g19_d50_bernoulli_drop_0_25,reruns\grid_density\scenarios\cv\known_visit_grid19_targets10_trials50.csv,00,20,4,0,21,0,0,1,1,0,0.0,0,0,55,42,13,133,23,9,12.1233,1.3470333333333333,1.31,2.8043,2.8043,10.0424,1.1158222222222223,1.0916,2.5334,2.5334,9,2.0808999999999997,0.2312111111111111,0.2297,0.2709,0.2709,completed
9,known_visit,HIPC,bernoulli,drop_0.25,19,361,8,10,hipc_g19_d50_bernoulli_drop_0_25,reruns\grid_density\scenarios\cv\known_visit_grid19_targets10_trials50.csv,01,14,1,0,15,0,3,3,1,1,5.0,1,0,43,31,12,140,27,26,30.4932,1.1728153846153846,0.70825,2.9095,2.9105,24.1851,0.9301961538461538,0.46299999999999997,2.6672,2.668,26,6.3081,0.24261923076923075,0.2351,0.2867,0.3099,completed
9,known_visit,HIPC,bernoulli,drop_0.25,19,361,8,10,hipc_g19_d50_bernoulli_drop_0_25,reruns\grid_density\scenarios\cv\known_visit_grid19_targets10_trials50.csv,02,8,1,0,9,0,1,0,0,0,0.0,0,0,23,18,5,159,29,43,55.782000000000004,1.2972558139534884,1.223,2.1918,2.8302,45.7609,1.064206976744186,0.9951,1.9354,2.5637,43,10.0211,0.23304883720930233,0.2341,0.262,0.2665,completed
9,known_visit,HIPC,bernoulli,drop_0.25,19,361,8,10,hipc_g19_d50_bernoulli_drop_0_25,reruns\grid_density\scenarios\cv\known_visit_grid19_targets10_trials50.csv,03,1,0,0,2,0,0,0,0,0,0.0,0,0,8,4,4,175,27,67,94.2472,1.4066746268656718,1.3035,3.0315,3.102,78.713,1.174820895522388,1.059,2.7393,2.8616,67,15.5342,0.23185373134328358,0.2343,0.2709,0.2922,completed
9,known_visit,HIPC,bernoulli,drop_0.25,19,361,8,10,hipc_g19_d50_bernoulli_drop_0_25,reruns\grid_density\scenarios\cv\known_visit_grid19_targets10_trials50.csv,04,10,1,0,11,0,0,0,0,0,0.0,0,0,28,23,5,155,27,38,33.9207,0.8926499999999999,0.66995,1.8161,2.5824,25.628,0.6744210526315789,0.4656,1.5638,2.3218,38,8.2927,0.21822894736842105,0.21805000000000002,0.2617,0.2621,completed
9,known_visit,HIPC,bernoulli,drop_0.25,19,361,8,10,hipc_g19_d50_bernoulli_drop_0_25,reruns\grid_density\scenarios\cv\known_visit_grid19_targets10_trials50.csv,05,1,0,0,2,0,0,0,0,0,0.0,0,0,7,4,3,170,34,66,88.4278,1.3398151515151515,1.4353500000000001,2.5301,3.0534,72.585,1.0997727272727271,1.194,2.216,2.7543,66,15.8428,0.24004242424242425,0.2424,0.291,0.3141,completed
9,known_visit,HIPC,bernoulli,drop_0.25,19,361,8,10,hipc_g19_d50_bernoulli_drop_0_25,reruns\grid_density\scenarios\cv\known_visit_grid19_targets10_trials50.csv,06,19,3,0,20,0,0,0,0,0,0.0,0,0,46,40,6,130,34,10,15.0823,1.50823,1.17645,3.2845,3.2845,12.7858,1.27858,0.94825,3.0279,3.0279,10,2.2965,0.22965,0.23299999999999998,0.2566,0.2566,completed
9,known_visit,HIPC,bernoulli,drop_0.25,19,361,8,10,hipc_g19_d50_bernoulli_drop_0_25,reruns\grid_density\scenarios\cv\known_visit_grid19_targets10_trials50.csv,07,0,0,0,1,0,0,0,0,0,0.0,0,0,1,1,0,174,36,69,120.6075,1.7479347826086957,1.9965,3.1127,3.1828,104.3719,1.5126362318840578,1.7059,2.8761,2.9321,69,16.2356,0.2352985507246377,0.2381,0.2668,0.2997,completed
10,known_visit,HIPC,bernoulli,drop_0.25,19,361,8,10,hipc_g19_d50_bernoulli_drop_0_25,reruns\grid_density\scenarios\cv\known_visit_grid19_targets10_trials50.csv,00,19,2,0,20,0,1,0,0,0,0.0,0,0,47,40,7,143,27,12,12.358,1.0298333333333334,0.6778,2.2531,2.2531,9.7189,0.8099083333333333,0.46985,2.0091,2.0091,12,2.6391,0.219925,0.2219,0.2612,0.2612,completed
10,known_visit,HIPC,bernoulli,drop_0.25,19,361,8,10,hipc_g19_d50_bernoulli_drop_0_25,reruns\grid_density\scenarios\cv\known_visit_grid19_targets10_trials50.csv,01,1,0,0,2,0,0,0,0,0,0.0,0,0,7,4,3,177,33,68,132.6528,1.9507764705882356,1.7591999999999999,3.4261,3.7467,116.2715,1.709875,1.525,3.1638,3.4467,68,16.3813,0.2409014705882353,0.2414,0.2727,0.3619,completed
10,known_visit,HIPC,bernoulli,drop_0.25,19,361,8,10,hipc_g19_d50_bernoulli_drop_0_25,reruns\grid_density\scenarios\cv\known_visit_grid19_targets10_trials50.csv,02,20,1,0,21,0,0,0,0,0,0.0,0,0,42,41,1,147,29,12,19.3814,1.6151166666666665,1.77775,2.6167,2.6167,16.4031,1.366925,1.51325,2.315,2.315,12,2.9783,0.24819166666666667,0.2447,0.3017,0.3017,completed
10,known_visit,HIPC,bernoulli,drop_0.25,19,361,8,10,hipc_g19_d50_bernoulli_drop_0_25,reruns\grid_density\scenarios\cv\known_visit_grid19_targets10_trials50.csv,03,15,2,0,16,0,0,0,0,0,0.0,0,0,38,32,6,156,24,24,23.3851,0.9743791666666667,0.6516500000000001,2.7012,3.1432,18.2127,0.7588625000000001,0.44720000000000004,2.4521,2.8738,24,5.1724,0.21551666666666666,0.2051,0.2622,0.2694,completed
10,known_visit,HIPC,bernoulli,drop_0.25,19,361,8,10,hipc_g19_d50_bernoulli_drop_0_25,reruns\grid_density\scenarios\cv\known_visit_grid19_targets10_trials50.csv,04,1,0,0,2,0,0,0,0,0,0.0,0,0,7,4,3,172,38,68,89.7698,1.320144117647059,1.30055,2.2453,2.3127,73.898,1.086735294117647,1.06345,1.9796,2.0481,68,15.8718,0.23340882352941178,0.23575000000000002,0.2709,0.2896,completed
10,known_visit,HIPC,bernoulli,drop_0.25,19,361,8,10,hipc_g19_d50_bernoulli_drop_0_25,reruns\grid_density\scenarios\cv\known_visit_grid19_targets10_trials50.csv,05,7,2,0,8,0,1,0,0,0,0.0,0,0,27,17,10,156,34,49,45.9734,0.9382326530612245,0.6943,2.2579,2.6595,35.4957,0.7244020408163265,0.4888,1.9945,2.4115,49,10.4777,0.21383061224489797,0.2059,0.2598,0.2759,completed
10,known_visit,HIPC,bernoulli,drop_0.25,19,361,8,10,hipc_g19_d50_bernoulli_drop_0_25,reruns\grid_density\scenarios\cv\known_visit_grid19_targets10_trials50.csv,06,12,2,0,13,0,4,1,1,0,0.0,0,0,39,27,12,148,30,32,35.3743,1.105446875,0.72285,3.2495,3.314,28.4674,0.88960625,0.51025,3.0092,3.0461,32,6.9069,0.215840625,0.20915,0.2679,0.276,completed
10,known_visit,HIPC,bernoulli,drop_0.25,19,361,8,10,hipc_g19_d50_bernoulli_drop_0_25,reruns\grid_density\scenarios\cv\known_visit_grid19_targets10_trials50.csv,07,2,1,0,3,0,0,0,0,0,0.0,0,0,11,6,5,172,34,65,100.71000000000001,1.5493846153846156,1.6585,2.2473,2.2928,85.1127,1.3094261538461538,1.4151,1.9872,2.0195,65,15.5973,0.23995846153846154,0.2416,0.268,0.2733,completed
11,known_visit,HIPC,bernoulli,drop_0.25,19,361,8,10,hipc_g19_d50_bernoulli_drop_0_25,reruns\grid_density\scenarios\cv\known_visit_grid19_targets10_trials50.csv,00,0,0,0,1,0,0,0,0,0,0.0,0,0,1,1,0,183,28,70,122.4753,1.749647142857143,1.5987,3.3605,3.5357,105.9897,1.5141385714285713,1.3665,3.0959,3.2696,70,16.4856,0.23550857142857146,0.24045,0.2668,0.293,completed
11,known_visit,HIPC,bernoulli,drop_0.25,19,361,8,10,hipc_g19_d50_bernoulli_drop_0_25,reruns\grid_density\scenarios\cv\known_visit_grid19_targets10_trials50.csv,01,20,3,0,21,0,0,0,0,0,0.0,0,0,58,41,17,125,29,9,23.0382,2.5598,2.9168,3.4863,3.4863,20.7492,2.3054666666666663,2.6586,3.2077,3.2077,9,2.289,0.25433333333333336,0.256,0.2786,0.2786,completed
11,known_visit,HIPC,bernoulli,drop_0.25,19,361,8,10,hipc_g19_d50_bernoulli_drop_0_25,reruns\grid_density\scenarios\cv\known_visit_grid19_targets10_trials50.csv,02,12,1,0,13,0,0,2,1,1,5.0,1,0,37,27,10,152,23,36,34.5987,0.961075,0.83965,1.9667,2.7108,26.7362,0.7426722222222222,0.62205,1.7166,2.4446,36,7.8625,0.21840277777777778,0.21755000000000002,0.2662,0.2741,completed
11,known_visit,HIPC,bernoulli,drop_0.25,19,361,8,10,hipc_g19_d50_bernoulli_drop_0_25,reruns\grid_density\scenarios\cv\known_visit_grid19_targets10_trials50.csv,03,11,2,0,12,0,1,0,0,0,0.0,0,0,31,24,7,148,34,34,30.5122,0.8974176470588235,0.85685,1.9589,2.3448,23.0766,0.6787235294117647,0.6409,1.7101,2.058,34,7.4356,0.21869411764705882,0.2183,0.2488,0.2868,completed
11,known_visit,HIPC,bernoulli,drop_0.25,19,361,8,10,hipc_g19_d50_bernoulli_drop_0_25,reruns\grid_density\scenarios\cv\known_visit_grid19_targets10_trials50.csv,04,1,0,0,2,0,0,0,0,0,0.0,0,0,7,4,3,175,30,68,132.1688,1.9436588235294119,1.8996499999999998,3.3824,3.4952,115.6853,1.701254411764706,1.6562999999999999,3.1278,3.1912,68,16.4835,0.24240441176470587,0.24409999999999998,0.2795,0.3086,completed
11,known_visit,HIPC,bernoulli,drop_0.25,19,361,8,10,hipc_g19_d50_bernoulli_drop_0_25,reruns\grid_density\scenarios\cv\known_visit_grid19_targets10_trials50.csv,05,21,3,0,22,0,2,0,0,0,0.0,0,0,52,43,9,140,21,8,12.2961,1.5370125,1.5744,2.76,2.76,10.4282,1.303525,1.32395,2.5123,2.5123,8,1.8679000000000001,0.23348750000000001,0.24065,0.26,0.26,completed
11,known_visit,HIPC,bernoulli,drop_0.25,19,361,8,10,hipc_g19_d50_bernoulli_drop_0_25,reruns\grid_density\scenarios\cv\known_visit_grid19_targets10_trials50.csv,06,0,0,0,1,0,0,0,0,0,0.0,0,0,1,1,0,171,40,70,136.1372,1.944817142857143,2.0289,3.4281,3.5715,119.1622,1.7023171428571429,1.7592500000000002,3.1725,3.2935,70,16.975,0.24250000000000002,0.24630000000000002,0.2843,0.3365,completed
11,known_visit,HIPC,bernoulli,drop_0.25,19,361,8,10,hipc_g19_d50_bernoulli_drop_0_25,reruns\grid_density\scenarios\cv\known_visit_grid19_targets10_trials50.csv,07,10,1,0,11,0,0,0,0,0,0.0,0,0,26,22,4,151,36,38,35.5315,0.9350394736842106,0.94465,2.1746,2.7446,27.3052,0.7185578947368421,0.7191000000000001,1.9246,2.4642,38,8.2263,0.2164815789473684,0.222,0.2626,0.2804,completed
12,known_visit,HIPC,bernoulli,drop_0.25,19,361,8,10,hipc_g19_d50_bernoulli_drop_0_25,reruns\grid_density\scenarios\cv\known_visit_grid19_targets10_trials50.csv,00,9,1,0,10,0,0,0,0,0,0.0,0,0,23,20,3,245,50,42,66.6086,1.5859190476190475,1.35715,2.2607,2.7344,56.4197,1.3433261904761904,1.10855,2.0017,2.4602,42,10.1889,0.24259285714285714,0.24545,0.2691,0.2742,completed
12,known_visit,HIPC,bernoulli,drop_0.25,19,361,8,10,hipc_g19_d50_bernoulli_drop_0_25,reruns\grid_density\scenarios\cv\known_visit_grid19_targets10_trials50.csv,01,19,2,0,20,0,1,0,0,0,0.0,0,0,47,40,7,232,39,11,10.0731,0.9157363636363637,0.4434,2.1657,2.1657,7.7035,0.7003181818181818,0.2406,1.9251,1.9251,11,2.3696,0.21541818181818184,0.2044,0.2769,0.2769,completed
12,known_visit,HIPC,bernoulli,drop_0.25,19,361,8,10,hipc_g19_d50_bernoulli_drop_0_25,reruns\grid_density\scenarios\cv\known_visit_grid19_targets10_trials50.csv,02,15,1,0,16,0,1,1,1,0,0.0,0,0,42,32,10,225,52,26,21.2811,0.8185038461538461,0.5155,2.5872,3.1454,15.9219,0.6123807692307692,0.31825000000000003,2.3308,2.8744,26,5.3592,0.20612307692307694,0.19874999999999998,0.2564,0.271,completed
12,known_visit,HIPC,bernoulli,drop_0.25,19,361,8,10,hipc_g19_d50_bernoulli_drop_0_25,reruns\grid_density\scenarios\cv\known_visit_grid19_targets10_trials50.csv,03,13,1,0,14,0,0,0,0,0,0.0,0,0,36,28,8,244,38,31,30.2334,0.9752709677419354,0.5469,2.6437,2.9401,23.562,0.7600645161290323,0.3441,2.3864,2.6143,31,6.6714,0.21520645161290322,0.2064,0.2728,0.3258,completed
12,known_visit,HIPC,bernoulli,drop_0.25,19,361,8,10,hipc_g19_d50_bernoulli_drop_0_25,reruns\grid_density\scenarios\cv\known_visit_grid19_targets10_trials50.csv,04,17,1,0,18,0,0,0,0,0,0.0,0,0,52,36,16,225,42,22,24.9634,1.1347,0.5347,3.2737,3.3026,20.241600000000002,0.9200727272727274,0.3302,3.0128,3.0471,22,4.7218,0.21462727272727272,0.20795,0.2578,0.2609,completed
12,known_visit,HIPC,bernoulli,drop_0.25,19,361,8,10,hipc_g19_d50_bernoulli_drop_0_25,reruns\grid_density\scenarios\cv\known_visit_grid19_targets10_trials50.csv,05,8,1,0,9,0,1,0,0,0,0.0,0,0,31,19,12,242,45,49,89.9472,1.8356571428571427,2.2093,3.1863,3.2589,78.1546,1.594991836734694,1.9669,2.9344,3.0054,49,11.7926,0.240665306122449,0.2492,0.2703,0.2756,completed
12,known_visit,HIPC,bernoulli,drop_0.25,19,361,8,10,hipc_g19_d50_bernoulli_drop_0_25,reruns\grid_density\scenarios\cv\known_visit_grid19_targets10_trials50.csv,06,21,2,0,22,0,3,0,0,0,0.0,0,0,54,43,11,225,40,10,20.6465,2.06465,2.25495,3.2379,3.2379,18.2743,1.82743,2.01595,2.9866,2.9866,10,2.3722,0.23722,0.23859999999999998,0.2696,0.2696,completed
12,known_visit,HIPC,bernoulli,drop_0.25,19,361,8,10,hipc_g19_d50_bernoulli_drop_0_25,reruns\grid_density\scenarios\cv\known_visit_grid19_targets10_trials50.csv,07,12,1,0,13,0,0,0,0,0,0.0,0,0,34,26,8,240,44,35,34.2437,0.9783914285714285,0.4047,3.1993,3.2943,26.9334,0.7695257142857143,0.2086,2.9489,3.0329,35,7.3103,0.2088657142857143,0.1964,0.2614,0.2631,completed
13,known_visit,HIPC,bernoulli,drop_0.25,19,361,8,10,hipc_g19_d50_bernoulli_drop_0_25,reruns\grid_density\scenarios\cv\known_visit_grid19_targets10_trials50.csv,00,0,0,0,1,0,0,0,0,0,0.0,0,0,1,1,0,154,30,79,76.7899,0.9720240506329114,0.56,2.1842,2.3313,59.593,0.7543417721518988,0.3493,1.9295,2.0517,79,17.1969,0.21768227848101265,0.2133,0.2794,0.4248,completed
13,known_visit,HIPC,bernoulli,drop_0.25,19,361,8,10,hipc_g19_d50_bernoulli_drop_0_25,reruns\grid_density\scenarios\cv\known_visit_grid19_targets10_trials50.csv,01,15,2,0,16,0,0,0,0,0,0.0,0,0,36,32,4,123,25,34,22.6352,0.6657411764705883,0.45425000000000004,1.9425,2.4996,15.7235,0.46245588235294116,0.23245,1.6889,2.2498,34,6.9117,0.20328529411764706,0.19635,0.254,0.2582,completed
13,known_visit,HIPC,bernoulli,drop_0.25,19,361,8,10,hipc_g19_d50_bernoulli_drop_0_25,reruns\grid_density\scenarios\cv\known_visit_grid19_targets10_trials50.csv,02,6,0,0,7,0,0,0,0,0,0.0,0,0,19,15,4,136,29,62,63.7014,1.0274419354838709,0.6873499999999999,2.2153,2.6252,50.482,0.8142258064516129,0.4799,1.9598,2.3695,62,13.2194,0.21321612903225806,0.21285,0.2555,0.264,completed
13,known_visit,HIPC,bernoulli,drop_0.25,19,361,8,10,hipc_g19_d50_bernoulli_drop_0_25,reruns\grid_density\scenarios\cv\known_visit_grid19_targets10_trials50.csv,03,23,3,0,24,0,1,0,0,0,0.0,0,0,60,47,13,105,20,8,8.4684,1.05855,1.10295,1.6474,1.6474,6.599,0.824875,0.8741,1.3992,1.3992,8,1.8694,0.233675,0.23775000000000002,0.2627,0.2627,completed
13,known_visit,HIPC,bernoulli,drop_0.25,19,361,8,10,hipc_g19_d50_bernoulli_drop_0_25,reruns\grid_density\scenarios\cv\known_visit_grid19_targets10_trials50.csv,04,2,1,0,3,0,0,0,0,0,0.0,0,0,11,6,5,144,29,74,86.0951,1.1634472972972973,1.1614499999999999,1.8586,2.0611,68.6817,0.9281310810810812,0.92355,1.6107,1.8006,74,17.4134,0.2353162162162162,0.23395,0.2605,0.2828,completed
13,known_visit,HIPC,bernoulli,drop_0.25,19,361,8,10,hipc_g19_d50_bernoulli_drop_0_25,reruns\grid_density\scenarios\cv\known_visit_grid19_targets10_trials50.csv,05,8,3,0,9,0,2,0,0,0,0.0,0,0,28,18,10,135,21,55,37.4102,0.6801854545454546,0.4178,2.5402,2.8234,26.3375,0.4788636363636363,0.2157,2.2947,2.586,55,11.0727,0.20132181818181816,0.1965,0.2455,0.262,completed
13,known_visit,HIPC,bernoulli,drop_0.25,19,361,8,10,hipc_g19_d50_bernoulli_drop_0_25,reruns\grid_density\scenarios\cv\known_visit_grid19_targets10_trials50.csv,06,8,1,0,9,0,2,0,0,0,0.0,0,0,24,18,6,136,25,54,41.7682,0.7734851851851852,0.5505,1.918,2.7717,30.3584,0.5621925925925926,0.34104999999999996,1.6835,2.5061,54,11.4098,0.21129259259259262,0.20635,0.2482,0.2778,completed
13,known_visit,HIPC,bernoulli,drop_0.25,19,361,8,10,hipc_g19_d50_bernoulli_drop_0_25,reruns\grid_density\scenarios\cv\known_visit_grid19_targets10_trials50.csv,07,1,0,0,2,0,0,0,0,0,0.0,0,0,6,4,2,153,25,76,90.6235,1.1924144736842106,0.76995,2.6097,2.915,73.7891,0.9709092105263158,0.54705,2.3581,2.5839,76,16.8344,0.22150526315789473,0.2225,0.2703,0.3311,completed
14,known_visit,HIPC,bernoulli,drop_0.25,19,361,8,10,hipc_g19_d50_bernoulli_drop_0_25,reruns\grid_density\scenarios\cv\known_visit_grid19_targets10_trials50.csv,00,11,2,0,12,0,0,0,0,0,0.0,0,0,28,24,4,202,23,28,36.6937,1.3104892857142858,1.1999,2.3024,2.9087,29.898600000000002,1.067807142857143,0.9382,2.0432,2.6297,28,6.7951,0.24268214285714285,0.2571,0.2786,0.279,completed
14,known_visit,HIPC,bernoulli,drop_0.25,19,361,8,10,hipc_g19_d50_bernoulli_drop_0_25,reruns\grid_density\scenarios\cv\known_visit_grid19_targets10_trials50.csv,01,6,0,1,6,1,0,0,0,0,0.0,0,0,20,15,5,195,38,48,94.3617,1.96586875,2.13125,3.5809,3.8017,82.1308,1.7110583333333331,1.9655,3.27,3.495,48,12.2309,0.25481041666666665,0.26665,0.2961,0.3109,completed
14,known_visit,HIPC,bernoulli,drop_0.25,19,361,8,10,hipc_g19_d50_bernoulli_drop_0_25,reruns\grid_density\scenarios\cv\known_visit_grid19_targets10_trials50.csv,02,20,1,0,21,0,2,0,0,0,0.0,0,0,47,41,6,174,33,8,11.2348,1.40435,1.1874,2.615,2.615,9.4276,1.17845,0.9157500000000001,2.425,2.425,8,1.8072,0.2259,0.2393,0.2789,0.2789,completed
14,known_visit,HIPC,bernoulli,drop_0.25,19,361,8,10,hipc_g19_d50_bernoulli_drop_0_25,reruns\grid_density\scenarios\cv\known_visit_grid19_targets10_trials50.csv,03,4,0,0,5,0,0,0,0,0,0.0,0,0,13,10,3,197,43,52,81.9629,1.5762096153846155,1.4471,2.4193,2.6825,68.9432,1.3258307692307694,1.1872,2.1332,2.3803,52,13.0197,0.25037884615384615,0.25245,0.2933,0.3224,completed
14,known_visit,HIPC,bernoulli,drop_0.25,19,361,8,10,hipc_g19_d50_bernoulli_drop_0_25,reruns\grid_density\scenarios\cv\known_visit_grid19_targets10_trials50.csv,04,18,3,0,19,0,2,0,0,0,0.0,0,0,48,38,10,173,33,9,12.3922,1.3769111111111112,1.4044,2.2887,2.2887,10.263,1.1403333333333334,1.1476,2.0288,2.0288,9,2.1292,0.23657777777777778,0.2476,0.2599,0.2599,completed
14,known_visit,HIPC,bernoulli,drop_0.25,19,361,8,10,hipc_g19_d50_bernoulli_drop_0_25,reruns\grid_density\scenarios\cv\known_visit_grid19_targets10_trials50.csv,05,1,0,0,2,0,0,0,0,0,0.0,0,0,7,4,3,196,50,63,107.8029,1.7111571428571428,1.7548,3.1702,3.7708,92.0613,1.4612904761904761,1.5277,2.9165,3.4798,63,15.7416,0.24986666666666665,0.2533,0.2891,0.312,completed
14,known_visit,HIPC,bernoulli,drop_0.25,19,361,8,10,hipc_g19_d50_bernoulli_drop_0_25,reruns\grid_density\scenarios\cv\known_visit_grid19_targets10_trials50.csv,06,19,4,0,20,0,0,0,0,0,0.0,0,0,52,40,12,172,29,8,8.4326,1.054075,0.92735,2.0632,2.0632,6.6287,0.8285875,0.6937,1.859,1.859,8,1.8039,0.2254875,0.2208,0.256,0.256,completed
14,known_visit,HIPC,bernoulli,drop_0.25,19,361,8,10,hipc_g19_d50_bernoulli_drop_0_25,reruns\grid_density\scenarios\cv\known_visit_grid19_targets10_trials50.csv,07,14,0,1,14,1,1,0,0,0,0.0,0,0,39,31,8,184,31,21,27.5969,1.3141380952380952,1.3976,2.1014,2.1499,22.577,1.075095238095238,1.1424,1.9315,1.9842,21,5.0199,0.23904285714285714,0.2487,0.2734,0.2764,completed
15,known_visit,HIPC,bernoulli,drop_0.25,19,361,8,10,hipc_g19_d50_bernoulli_drop_0_25,reruns\grid_density\scenarios\cv\known_visit_grid19_targets10_trials50.csv,00,7,0,0,8,0,1,0,0,0,0.0,0,0,20,16,4,183,37,64,51.1653,0.7994578125,0.7463,1.601,3.2454,36.8201,0.5753140625,0.4972,1.2279,2.9371,64,14.3452,0.22414375,0.2393,0.308,0.4551,completed
15,known_visit,HIPC,bernoulli,drop_0.25,19,361,8,10,hipc_g19_d50_bernoulli_drop_0_25,reruns\grid_density\scenarios\cv\known_visit_grid19_targets10_trials50.csv,01,6,2,0,7,0,0,2,1,1,5.0,1,0,28,16,12,181,31,68,48.92,0.7194117647058824,0.5124,2.1814,3.4673,35.5977,0.5234955882352942,0.32395,1.8435,3.1921,68,13.3223,0.19591617647058823,0.1923,0.3122,0.3413,completed
15,known_visit,HIPC,bernoulli,drop_0.25,19,361,8,10,hipc_g19_d50_bernoulli_drop_0_25,reruns\grid_density\scenarios\cv\known_visit_grid19_targets10_trials50.csv,02,18,2,1,17,2,5,6,3,1,5.0,1,0,63,40,23,150,28,27,25.810299999999998,0.9559370370370369,0.5481,3.3912,3.7606,19.7602,0.7318592592592593,0.3307,3.0925,3.483,27,6.0501,0.22407777777777776,0.219,0.2987,0.2991,completed
15,known_visit,HIPC,bernoulli,drop_0.25,19,361,8,10,hipc_g19_d50_bernoulli_drop_0_25,reruns\grid_density\scenarios\cv\known_visit_grid19_targets10_trials50.csv,03,23,3,0,24,0,0,0,0,0,0.0,0,0,57,48,9,155,29,15,19.2397,1.2826466666666667,1.1768,3.2363,3.2363,15.2234,1.0148933333333334,0.8716,2.9317,2.9317,15,4.0163,0.26775333333333334,0.285,0.3187,0.3187,completed
15,known_visit,HIPC,bernoulli,drop_0.25,19,361,8,10,hipc_g19_d50_bernoulli_drop_0_25,reruns\grid_density\scenarios\cv\known_visit_grid19_targets10_trials50.csv,04,1,0,0,2,0,0,0,0,0,0.0,0,0,7,4,3,196,37,81,84.7645,1.0464753086419754,0.6945,2.4205,2.7566,67.8572,0.8377432098765433,0.4898,2.1639,2.4267,81,16.9073,0.20873209876543208,0.2053,0.3002,0.3309,completed
15,known_visit,HIPC,bernoulli,drop_0.25,19,361,8,10,hipc_g19_d50_bernoulli_drop_0_25,reruns\grid_density\scenarios\cv\known_visit_grid19_targets10_trials50.csv,05,22,2,0,23,0,1,0,0,0,0.0,0,0,54,47,7,157,29,14,15.984399999999999,1.1417428571428572,0.82635,2.6623,2.6623,12.2929,0.8780642857142856,0.56545,2.3704,2.3704,14,3.6915,0.26367857142857143,0.27990000000000004,0.3175,0.3175,completed
15,known_visit,HIPC,bernoulli,drop_0.25,19,361,8,10,hipc_g19_d50_bernoulli_drop_0_25,reruns\grid_density\scenarios\cv\known_visit_grid19_targets10_trials50.csv,06,3,1,0,4,0,0,0,0,0,0.0,0,0,11,8,3,193,36,75,68.2179,0.909572,0.6005,2.2255,2.6314,52.7337,0.703116,0.4161,1.9441,2.344,75,15.4842,0.206456,0.2082,0.2959,0.3142,completed
15,known_visit,HIPC,bernoulli,drop_0.25,19,361,8,10,hipc_g19_d50_bernoulli_drop_0_25,reruns\grid_density\scenarios\cv\known_visit_grid19_targets10_trials50.csv,07,0,0,0,1,0,0,0,0,0,0.0,0,0,1,1,0,198,42,84,89.037,1.0599642857142857,0.7584,2.9839,3.5901,70.0751,0.834227380952381,0.49934999999999996,2.6871,3.2884,84,18.9619,0.22573690476190475,0.24280000000000002,0.3114,0.3279,completed
16,known_visit,HIPC,bernoulli,drop_0.25,19,361,8,10,hipc_g19_d50_bernoulli_drop_0_25,reruns\grid_density\scenarios\cv\known_visit_grid19_targets10_trials50.csv,00,16,2,0,17,0,0,0,0,0,0.0,0,0,43,34,9,108,23,28,20.1002,0.7178642857142857,0.5501,1.7061,2.1841,13.891,0.49610714285714286,0.33075,1.4476,1.9537,28,6.2092,0.22175714285714285,0.21695,0.2585,0.3117,completed
16,known_visit,HIPC,bernoulli,drop_0.25,19,361,8,10,hipc_g19_d50_bernoulli_drop_0_25,reruns\grid_density\scenarios\cv\known_visit_grid19_targets10_trials50.csv,01,1,0,0,2,0,0,0,0,0,0.0,0,0,7,4,3,140,27,76,96.8838,1.274786842105263,1.11775,2.0098,2.4281,77.3095,1.0172302631578947,0.8593999999999999,1.7244,2.1504,76,19.5743,0.25755657894736844,0.2578,0.3076,0.3142,completed
16,known_visit,HIPC,bernoulli,drop_0.25,19,361,8,10,hipc_g19_d50_bernoulli_drop_0_25,reruns\grid_density\scenarios\cv\known_visit_grid19_targets10_trials50.csv,02,1,1,0,2,0,0,0,0,0,0.0,0,0,6,4,2,145,22,75,67.8873,0.905164,0.7501,1.4926,2.0973,49.9365,0.6658200000000001,0.5097,1.1919,1.8166,75,17.9508,0.239344,0.2365,0.2993,0.3016,completed
16,known_visit,HIPC,bernoulli,drop_0.25,19,361,8,10,hipc_g19_d50_bernoulli_drop_0_25,reruns\grid_density\scenarios\cv\known_visit_grid19_targets10_trials50.csv,03,2,1,0,3,0,0,0,0,0,0.0,0,0,12,6,6,129,32,73,127.6403,1.7484972602739726,1.833,2.1175,2.2004,107.7738,1.4763534246575343,1.5548,1.8179,1.879,73,19.8665,0.27214383561643835,0.2721,0.3089,0.3214,completed
16,known_visit,HIPC,bernoulli,drop_0.25,19,361,8,10,hipc_g19_d50_bernoulli_drop_0_25,reruns\grid_density\scenarios\cv\known_visit_grid19_targets10_trials50.csv,04,18,2,0,19,0,0,0,0,0,0.0,0,0,44,38,6,109,20,20,18.0043,0.900215,0.59175,1.8846,2.4385,13.4231,0.671155,0.36295,1.6241,2.1582,20,4.5812,0.22905999999999999,0.21845,0.2605,0.2803,completed
16,known_visit,HIPC,bernoulli,drop_0.25,19,361,8,10,hipc_g19_d50_bernoulli_drop_0_25,reruns\grid_density\scenarios\cv\known_visit_grid19_targets10_trials50.csv,05,23,3,0,24,0,0,0,0,0,0.0,0,0,52,47,5,99,23,7,10.5047,1.5006714285714284,1.541,2.4235,2.4235,8.7437,1.2491,1.2336,2.146,2.146,7,1.7610000000000001,0.2515714285714286,0.2685,0.3074,0.3074,completed
16,known_visit,HIPC,bernoulli,drop_0.25,19,361,8,10,hipc_g19_d50_bernoulli_drop_0_25,reruns\grid_density\scenarios\cv\known_visit_grid19_targets10_trials50.csv,06,0,0,0,1,0,0,0,0,0,0.0,0,0,1,1,0,148,25,78,67.615,0.8668589743589743,0.62375,1.7076,2.4191,49.5347,0.6350602564102564,0.386,1.4177,2.161,78,18.0803,0.23179871794871795,0.22525,0.2964,0.3058,completed
16,known_visit,HIPC,bernoulli,drop_0.25,19,361,8,10,hipc_g19_d50_bernoulli_drop_0_25,reruns\grid_density\scenarios\cv\known_visit_grid19_targets10_trials50.csv,07,1,1,0,2,0,0,0,0,0,0.0,0,0,9,5,4,138,26,75,133.8835,1.7851133333333333,1.6236,2.5955,3.193,114.1653,1.5222040000000001,1.3665,2.3091,2.9123,75,19.7182,0.26290933333333333,0.2621,0.3022,0.318,completed
17,known_visit,HIPC,bernoulli,drop_0.25,19,361,8,10,hipc_g19_d50_bernoulli_drop_0_25,reruns\grid_density\scenarios\cv\known_visit_grid19_targets10_trials50.csv,00,9,2,0,10,0,0,0,0,0,0.0,0,0,26,20,6,157,34,38,43.6198,1.1478894736842105,1.0611,2.497,2.8424,34.5457,0.9090973684210525,0.8178,2.2187,2.566,38,9.0741,0.2387921052631579,0.24285,0.2764,0.2783,completed
17,known_visit,HIPC,bernoulli,drop_0.25,19,361,8,10,hipc_g19_d50_bernoulli_drop_0_25,reruns\grid_density\scenarios\cv\known_visit_grid19_targets10_trials50.csv,01,17,3,0,18,0,1,0,0,0,0.0,0,0,52,37,15,141,25,16,21.8747,1.36716875,1.39275,3.1772,3.1772,17.9548,1.122175,1.11615,2.9,2.9,16,3.9199,0.24499375,0.25975000000000004,0.2943,0.2943,completed
17,known_visit,HIPC,bernoulli,drop_0.25,19,361,8,10,hipc_g19_d50_bernoulli_drop_0_25,reruns\grid_density\scenarios\cv\known_visit_grid19_targets10_trials50.csv,02,4,0,0,5,0,2,0,0,0,0.0,0,0,21,11,10,166,31,56,49.2052,0.8786642857142857,0.6985,2.1869,2.5404,36.2435,0.6472053571428571,0.47265,1.8835,2.2704,56,12.9617,0.23145892857142858,0.22344999999999998,0.2776,0.3034,completed
17,known_visit,HIPC,bernoulli,drop_0.25,19,361,8,10,hipc_g19_d50_bernoulli_drop_0_25,reruns\grid_density\scenarios\cv\known_visit_grid19_targets10_trials50.csv,03,17,3,0,18,0,0,0,0,0,0.0,0,0,50,36,14,145,22,15,14.330400000000001,0.9553600000000001,0.4313,3.0701,3.0701,10.941799999999999,0.7294533333333333,0.2284,2.7781,2.7781,15,3.3886,0.22590666666666664,0.2029,0.292,0.292,completed
17,known_visit,HIPC,bernoulli,drop_0.25,19,361,8,10,hipc_g19_d50_bernoulli_drop_0_25,reruns\grid_density\scenarios\cv\known_visit_grid19_targets10_trials50.csv,04,6,0,1,6,1,2,0,0,0,0.0,0,0,23,17,6,168,26,48,48.3692,1.0076916666666667,0.9138,2.0056,2.5745,36.8648,0.7680166666666667,0.6805,1.7426,2.3021,48,11.5044,0.239675,0.23735,0.2886,0.2928,completed
17,known_visit,HIPC,bernoulli,drop_0.25,19,361,8,10,hipc_g19_d50_bernoulli_drop_0_25,reruns\grid_density\scenarios\cv\known_visit_grid19_targets10_trials50.csv,05,0,0,0,1,0,0,0,0,0,0.0,0,0,1,1,0,181,36,66,99.8269,1.5125287878787879,1.0833,3.63,3.8812,83.3247,1.2624954545454548,0.83675,3.3353,3.5867,66,16.5022,0.25003333333333333,0.25015,0.2993,0.3233,completed
17,known_visit,HIPC,bernoulli,drop_0.25,19,361,8,10,hipc_g19_d50_bernoulli_drop_0_25,reruns\grid_density\scenarios\cv\known_visit_grid19_targets10_trials50.csv,06,20,2,0,21,0,0,0,0,0,0.0,0,0,44,41,3,155,19,9,10.3948,1.1549777777777779,1.1316,2.4806,2.4806,8.2242,0.9138,0.8534,2.2074,2.2074,9,2.1706,0.24117777777777777,0.2544,0.2856,0.2856,completed
17,known_visit,HIPC,bernoulli,drop_0.25,19,361,8,10,hipc_g19_d50_bernoulli_drop_0_25,reruns\grid_density\scenarios\cv\known_visit_grid19_targets10_trials50.csv,07,0,0,0,1,0,0,0,0,0,0.0,0,0,1,1,0,185,31,66,138.7473,2.102231818181818,1.9187,3.6103,3.9124,121.19330000000001,1.8362621212121213,1.64835,3.3343,3.6206,66,17.554,0.26596969696969697,0.26849999999999996,0.2986,0.308,completed
18,known_visit,HIPC,bernoulli,drop_0.25,19,361,8,10,hipc_g19_d50_bernoulli_drop_0_25,reruns\grid_density\scenarios\cv\known_visit_grid19_targets10_trials50.csv,00,4,0,0,5,0,0,0,0,0,0.0,0,0,12,10,2,163,24,53,73.2732,1.3825132075471698,1.1705,2.7227,2.9259,60.0352,1.1327396226415094,0.9045,2.4214,2.611,53,13.238,0.24977358490566037,0.2582,0.3013,0.3232,completed
18,known_visit,HIPC,bernoulli,drop_0.25,19,361,8,10,hipc_g19_d50_bernoulli_drop_0_25,reruns\grid_density\scenarios\cv\known_visit_grid19_targets10_trials50.csv,01,17,2,0,18,0,0,0,0,0,0.0,0,0,40,36,4,135,24,12,16.0172,1.3347666666666667,0.9722999999999999,3.4035,3.4035,13.0252,1.0854333333333333,0.73445,3.0953,3.0953,12,2.992,0.24933333333333332,0.23445,0.3082,0.3082,completed
18,known_visit,HIPC,bernoulli,drop_0.25,19,361,8,10,hipc_g19_d50_bernoulli_drop_0_25,reruns\grid_density\scenarios\cv\known_visit_grid19_targets10_trials50.csv,02,1,0,0,2,0,0,0,0,0,0.0,0,0,7,4,3,166,26,63,90.0459,1.4293,1.1398,2.71,3.379,73.9017,1.1730428571428573,0.8671,2.4303,3.1198,63,16.1442,0.2562571428571429,0.2592,0.3087,0.4076,completed
18,known_visit,HIPC,bernoulli,drop_0.25,19,361,8,10,hipc_g19_d50_bernoulli_drop_0_25,reruns\grid_density\scenarios\cv\known_visit_grid19_targets10_trials50.csv,03,20,2,0,21,0,0,0,0,0,0.0,0,0,46,41,5,128,26,10,13.638,1.3638,1.3468,3.0485,3.0485,11.1624,1.11624,1.07695,2.778,2.778,10,2.4756,0.24756,0.25775,0.2989,0.2989,completed
18,known_visit,HIPC,bernoulli,drop_0.25,19,361,8,10,hipc_g19_d50_bernoulli_drop_0_25,reruns\grid_density\scenarios\cv\known_visit_grid19_targets10_trials50.csv,04,1,0,0,2,0,0,0,0,0,0.0,0,0,7,4,3,159,33,63,107.8561,1.7120015873015872,1.9284,2.6883,2.9163,91.264,1.4486349206349205,1.6554,2.4192,2.6336,63,16.5921,0.26336666666666664,0.267,0.304,0.4123,completed
18,known_visit,HIPC,bernoulli,drop_0.25,19,361,8,10,hipc_g19_d50_bernoulli_drop_0_25,reruns\grid_density\scenarios\cv\known_visit_grid19_targets10_trials50.csv,05,9,2,0,10,0,0,0,0,0,0.0,0,0,31,20,11,143,25,40,34.3569,0.8589225,0.6321,1.999,2.836,25.1494,0.628735,0.4762,1.7103,2.5584,40,9.2075,0.2301875,0.22915000000000002,0.2795,0.2887,completed
18,known_visit,HIPC,bernoulli,drop_0.25,19,361,8,10,hipc_g19_d50_bernoulli_drop_0_25,reruns\grid_density\scenarios\cv\known_visit_grid19_targets10_trials50.csv,06,3,1,0,4,0,0,0,0,0,0.0,0,0,13,9,4,160,26,56,81.3844,1.4532928571428572,1.51905,2.2213,3.3963,67.2153,1.2002732142857142,1.25295,1.9279,3.1216,56,14.1691,0.25301964285714285,0.2629,0.3058,0.3195,completed
18,known_visit,HIPC,bernoulli,drop_0.25,19,361,8,10,hipc_g19_d50_bernoulli_drop_0_25,reruns\grid_density\scenarios\cv\known_visit_grid19_targets10_trials50.csv,07,16,3,0,17,0,1,0,0,0,0.0,0,0,44,34,10,127,28,17,23.307299999999998,1.3710176470588233,0.7853,2.8366,2.8366,19.1229,1.1248764705882355,0.5547,2.5653,2.5653,17,4.1844,0.24614117647058825,0.2306,0.3079,0.3079,completed
19,known_visit,HIPC,bernoulli,drop_0.25,19,361,8,10,hipc_g19_d50_bernoulli_drop_0_25,reruns\grid_density\scenarios\cv\known_visit_grid19_targets10_trials50.csv,00,18,2,1,18,1,0,0,0,0,0.0,0,0,47,38,9,168,35,28,18.4857,0.6602035714285714,0.39075000000000004,2.1156,2.1765,12.5778,0.44920714285714286,0.18845,1.8255,1.9188,28,5.9079,0.21099642857142856,0.2052,0.2579,0.2901,completed
19,known_visit,HIPC,bernoulli,drop_0.25,19,361,8,10,hipc_g19_d50_bernoulli_drop_0_25,reruns\grid_density\scenarios\cv\known_visit_grid19_targets10_trials50.csv,01,1,0,0,2,0,0,0,0,0,0.0,0,0,8,5,3,209,33,80,95.1949,1.1899362500000001,1.00435,2.1877,3.1488,76.861,0.9607625000000001,0.7726,1.9337,2.8387,80,18.3339,0.22917375,0.2385,0.2682,0.3101,completed
19,known_visit,HIPC,bernoulli,drop_0.25,19,361,8,10,hipc_g19_d50_bernoulli_drop_0_25,reruns\grid_density\scenarios\cv\known_visit_grid19_targets10_trials50.csv,02,17,2,0,18,0,5,0,0,0,0.0,0,0,50,36,14,163,37,31,33.8741,1.0927129032258065,0.7305,2.5852,2.9476,26.5707,0.8571193548387096,0.492,2.3064,2.676,31,7.3034,0.23559354838709676,0.232,0.2733,0.2788,completed
19,known_visit,HIPC,bernoulli,drop_0.25,19,361,8,10,hipc_g19_d50_bernoulli_drop_0_25,reruns\grid_density\scenarios\cv\known_visit_grid19_targets10_trials50.csv,03,11,2,0,12,0,1,0,0,0,0.0,0,0,35,26,9,191,24,49,33.8508,0.6908326530612244,0.553,1.6227,2.2776,23.3196,0.4759102040816327,0.3398,1.3452,2.0137,49,10.5312,0.21492244897959184,0.2085,0.2639,0.2775,completed
19,known_visit,HIPC,bernoulli,drop_0.25,19,361,8,10,hipc_g19_d50_bernoulli_drop_0_25,reruns\grid_density\scenarios\cv\known_visit_grid19_targets10_trials50.csv,04,1,0,0,2,0,0,0,0,0,0.0,0,0,7,4,3,208,36,80,94.9234,1.1865425,0.9785,2.219,2.9774,76.4857,0.9560712499999999,0.74875,1.9362,2.7257,80,18.4377,0.23047125,0.2399,0.2681,0.2999,completed
19,known_visit,HIPC,bernoulli,drop_0.25,19,361,8,10,hipc_g19_d50_bernoulli_drop_0_25,reruns\grid_density\scenarios\cv\known_visit_grid19_targets10_trials50.csv,05,24,3,0,25,0,3,0,0,0,0.0,0,0,61,50,11,169,21,9,14.18,1.5755555555555556,1.4472,3.3974,3.3974,12.093,1.3436666666666666,1.2133,3.1155,3.1155,9,2.0869999999999997,0.23188888888888887,0.2392,0.2825,0.2825,completed
19,known_visit,HIPC,bernoulli,drop_0.25,19,361,8,10,hipc_g19_d50_bernoulli_drop_0_25,reruns\grid_density\scenarios\cv\known_visit_grid19_targets10_trials50.csv,06,9,1,0,10,0,0,0,0,0,0.0,0,0,26,21,5,192,33,54,56.5568,1.0473481481481481,0.89515,2.6895,2.8831,43.2584,0.8010814814814815,0.657,2.4315,2.607,54,13.2984,0.2462666666666667,0.24375000000000002,0.3197,0.4713,completed
19,known_visit,HIPC,bernoulli,drop_0.25,19,361,8,10,hipc_g19_d50_bernoulli_drop_0_25,reruns\grid_density\scenarios\cv\known_visit_grid19_targets10_trials50.csv,07,5,0,1,5,1,1,0,0,0,0.0,0,0,17,13,4,204,29,67,81.8835,1.222141791044776,0.8398,2.7649,2.8788,66.5551,0.9933597014925373,0.598,2.5009,2.6042,67,15.3284,0.2287820895522388,0.2332,0.2746,0.2914,completed
20,known_visit,HIPC,bernoulli,drop_0.25,19,361,8,10,hipc_g19_d50_bernoulli_drop_0_25,reruns\grid_density\scenarios\cv\known_visit_grid19_targets10_trials50.csv,00,10,1,0,11,0,0,0,0,0,0.0,0,0,26,22,4,210,40,41,51.4559,1.2550219512195122,1.198,1.6883,2.1094,41.4895,1.011939024390244,0.9695,1.487,1.851,41,9.9664,0.2430829268292683,0.2352,0.2802,0.287,completed
20,known_visit,HIPC,bernoulli,drop_0.25,19,361,8,10,hipc_g19_d50_bernoulli_drop_0_25,reruns\grid_density\scenarios\cv\known_visit_grid19_targets10_trials50.csv,01,0,0,0,1,0,0,0,0,0,0.0,0,0,1,1,0,242,33,73,137.1871,1.8792753424657533,1.8454,3.6626,3.8303,120.8154,1.6550054794520548,1.6197,3.3822,3.5469,73,16.3717,0.22426986301369864,0.2258,0.2864,0.3007,completed
20,known_visit,HIPC,bernoulli,drop_0.25,19,361,8,10,hipc_g19_d50_bernoulli_drop_0_25,reruns\grid_density\scenarios\cv\known_visit_grid19_targets10_trials50.csv,02,22,4,0,23,0,0,0,0,0,0.0,0,0,52,45,7,186,39,7,8.8422,1.2631714285714286,1.3186,2.5572,2.5572,7.469,1.067,1.1009,2.2772,2.2772,7,1.3732,0.19617142857142858,0.181,0.28,0.28,completed
20,known_visit,HIPC,bernoulli,drop_0.25,19,361,8,10,hipc_g19_d50_bernoulli_drop_0_25,reruns\grid_density\scenarios\cv\known_visit_grid19_targets10_trials50.csv,03,11,0,1,11,1,2,2,1,1,5.0,1,0,35,27,8,204,38,39,75.5741,1.937797435897436,1.813,3.128,3.1789,65.9843,1.6919051282051283,1.5544,2.8204,2.8778,39,9.5898,0.2458923076923077,0.2426,0.3098,0.3512,completed
20,known_visit,HIPC,bernoulli,drop_0.25,19,361,8,10,hipc_g19_d50_bernoulli_drop_0_25,reruns\grid_density\scenarios\cv\known_visit_grid19_targets10_trials50.csv,04,6,1,0,7,0,2,1,1,0,0.0,0,0,25,16,9,209,42,55,82.2244,1.494989090909091,1.2339,3.2227,3.4815,69.38419999999999,1.261530909090909,0.9822,2.9328,3.1912,55,12.8402,0.23345818181818181,0.2317,0.296,0.3135,completed
20,known_visit,HIPC,bernoulli,drop_0.25,19,361,8,10,hipc_g19_d50_bernoulli_drop_0_25,reruns\grid_density\scenarios\cv\known_visit_grid19_targets10_trials50.csv,05,14,1,1,14,1,1,0,0,0,0.0,0,0,40,31,9,183,54,29,42.7454,1.4739793103448275,2.0738,2.2073,2.3064,36.3884,1.2547724137931033,1.8453,1.9569,2.0618,29,6.357,0.21920689655172415,0.2298,0.2586,0.2689,completed
20,known_visit,HIPC,bernoulli,drop_0.25,19,361,8,10,hipc_g19_d50_bernoulli_drop_0_25,reruns\grid_density\scenarios\cv\known_visit_grid19_targets10_trials50.csv,06,17,2,0,18,0,0,0,0,0,0.0,0,0,48,36,12,193,35,20,13.0576,0.65288,0.39335,1.5256,2.1154,8.8114,0.44057,0.19065,1.2833,1.8383,20,4.2462,0.21231,0.198,0.2771,0.3572,completed
20,known_visit,HIPC,bernoulli,drop_0.25,19,361,8,10,hipc_g19_d50_bernoulli_drop_0_25,reruns\grid_density\scenarios\cv\known_visit_grid19_targets10_trials50.csv,07,18,1,0,19,0,4,0,0,0,0.0,0,0,50,38,12,194,32,20,24.2593,1.212965,0.9459,2.2019,2.2433,19.8294,0.99147,0.70545,1.9898,2.0674,20,4.4299,0.221495,0.20729999999999998,0.2777,0.3996,completed
21,known_visit,HIPC,bernoulli,drop_0.25,19,361,8,10,hipc_g19_d50_bernoulli_drop_0_25,reruns\grid_density\scenarios\cv\known_visit_grid19_targets10_trials50.csv,00,18,3,0,19,0,2,0,0,0,0.0,0,0,49,38,11,130,34,12,14.3917,1.1993083333333334,1.0333999999999999,2.1445,2.1445,11.5995,0.9666250000000001,0.7425,1.863,1.863,12,2.7922,0.23268333333333333,0.22505,0.328,0.328,completed
21,known_visit,HIPC,bernoulli,drop_0.25,19,361,8,10,hipc_g19_d50_bernoulli_drop_0_25,reruns\grid_density\scenarios\cv\known_visit_grid19_targets10_trials50.csv,01,21,3,0,22,0,0,0,0,0,0.0,0,0,49,43,6,135,30,7,8.7787,1.2541,1.1053,2.5095,2.5095,7.2722999999999995,1.0389,0.843,2.2448,2.2448,7,1.5064,0.2152,0.2368,0.2706,0.2706,completed
21,known_visit,HIPC,bernoulli,drop_0.25,19,361,8,10,hipc_g19_d50_bernoulli_drop_0_25,reruns\grid_density\scenarios\cv\known_visit_grid19_targets10_trials50.csv,02,7,0,2,5,3,2,0,0,0,0.0,0,0,24,17,7,156,33,48,45.6992,0.9520666666666666,0.7955,1.8072,3.7234,36.0388,0.7508083333333334,0.57455,1.6358,3.455,48,9.660400000000001,0.20125833333333334,0.20705,0.2793,0.3051,completed
21,known_visit,HIPC,bernoulli,drop_0.25,19,361,8,10,hipc_g19_d50_bernoulli_drop_0_25,reruns\grid_density\scenarios\cv\known_visit_grid19_targets10_trials50.csv,03,8,1,0,9,0,0,0,0,0,0.0,0,0,24,19,5,162,27,46,58.2863,1.2670934782608696,1.3871,1.5732,2.4072,47.0628,1.023104347826087,1.1437499999999998,1.3129,2.1177,46,11.2235,0.2439891304347826,0.25605,0.2895,0.3059,completed
21,known_visit,HIPC,bernoulli,drop_0.25,19,361,8,10,hipc_g19_d50_bernoulli_drop_0_25,reruns\grid_density\scenarios\cv\known_visit_grid19_targets10_trials50.csv,04,1,0,0,2,0,0,0,0,0,0.0,0,0,7,4,3,182,24,67,65.6934,0.9804985074626865,1.0567,1.5454,3.0938,51.1789,0.7638641791044776,0.8123,1.2743,2.8032,67,14.5145,0.21663432835820895,0.2248,0.2848,0.3318,completed
21,known_visit,HIPC,bernoulli,drop_0.25,19,361,8,10,hipc_g19_d50_bernoulli_drop_0_25,reruns\grid_density\scenarios\cv\known_visit_grid19_targets10_trials50.csv,05,2,0,0,3,0,0,0,0,0,0.0,0,0,10,6,4,174,29,63,51.5719,0.8186015873015873,0.7847,1.0499,1.3023,37.9447,0.6022968253968254,0.6318,0.8681,1.0801,63,13.6272,0.21630476190476192,0.2356,0.2651,0.3547,completed
21,known_visit,HIPC,bernoulli,drop_0.25,19,361,8,10,hipc_g19_d50_bernoulli_drop_0_25,reruns\grid_density\scenarios\cv\known_visit_grid19_targets10_trials50.csv,06,3,1,0,4,0,0,0,0,0,0.0,0,0,11,8,3,175,27,60,61.8102,1.03017,1.0408,1.9399,2.8894,48.7983,0.813305,0.8041,1.6614,2.5881,60,13.0119,0.216865,0.2261,0.2785,0.3013,completed
21,known_visit,HIPC,bernoulli,drop_0.25,19,361,8,10,hipc_g19_d50_bernoulli_drop_0_25,reruns\grid_density\scenarios\cv\known_visit_grid19_targets10_trials50.csv,07,14,2,0,15,0,2,0,0,0,0.0,0,0,40,30,10,144,29,26,21.2089,0.8157269230769231,0.8238,1.4292,2.1106,15.4079,0.5926115384615385,0.5872999999999999,1.2622,1.7951,26,5.801,0.22311538461538463,0.23305,0.3069,0.3155,completed
22,known_visit,HIPC,bernoulli,drop_0.25,19,361,8,10,hipc_g19_d50_bernoulli_drop_0_25,reruns\grid_density\scenarios\cv\known_visit_grid19_targets10_trials50.csv,00,17,3,0,18,0,0,0,0,0,0.0,0,0,42,36,6,124,19,9,12.6266,1.4029555555555555,1.0896,2.5995,2.5995,10.2168,1.1352,0.8227,2.3195,2.3195,9,2.4098,0.2677555555555556,0.2754,0.2901,0.2901,completed
22,known_visit,HIPC,bernoulli,drop_0.25,19,361,8,10,hipc_g19_d50_bernoulli_drop_0_25,reruns\grid_density\scenarios\cv\known_visit_grid19_targets10_trials50.csv,01,12,0,0,13,0,0,0,0,0,0.0,0,0,30,26,4,131,25,28,21.5621,0.7700750000000001,0.4434,2.224,2.9106,15.2519,0.5447107142857143,0.22349999999999998,1.9584,2.6347,28,6.3102,0.2253642857142857,0.2127,0.2776,0.2807,completed
22,known_visit,HIPC,bernoulli,drop_0.25,19,361,8,10,hipc_g19_d50_bernoulli_drop_0_25,reruns\grid_density\scenarios\cv\known_visit_grid19_targets10_trials50.csv,02,1,0,0,2,0,0,0,0,0,0.0,0,0,7,4,3,144,34,63,98.7946,1.568168253968254,2.0021,2.5051,2.6457,82.7731,1.3138587301587301,1.7375,2.2252,2.3648,63,16.0215,0.2543095238095238,0.266,0.2905,0.302,completed
22,known_visit,HIPC,bernoulli,drop_0.25,19,361,8,10,hipc_g19_d50_bernoulli_drop_0_25,reruns\grid_density\scenarios\cv\known_visit_grid19_targets10_trials50.csv,03,1,0,0,2,0,0,0,0,0,0.0,0,0,6,4,2,152,28,63,101.8914,1.6173238095238096,1.7532,2.8512,2.9346,85.3536,1.3548190476190476,1.4936,2.5692,2.6468,63,16.5378,0.2625047619047619,0.2638,0.3146,0.3371,completed
22,known_visit,HIPC,bernoulli,drop_0.25,19,361,8,10,hipc_g19_d50_bernoulli_drop_0_25,reruns\grid_density\scenarios\cv\known_visit_grid19_targets10_trials50.csv,04,15,2,0,16,0,0,0,0,0,0.0,0,0,36,32,4,128,21,21,17.6924,0.8424952380952381,0.547,2.2415,2.4577,12.9279,0.6156142857142857,0.3383,1.957,2.1789,21,4.7645,0.22688095238095238,0.2211,0.2845,0.2897,completed
22,known_visit,HIPC,bernoulli,drop_0.25,19,361,8,10,hipc_g19_d50_bernoulli_drop_0_25,reruns\grid_density\scenarios\cv\known_visit_grid19_targets10_trials50.csv,05,1,0,0,2,0,0,0,0,0,0.0,0,0,7,4,3,153,25,63,99.0947,1.572931746031746,1.713,2.9215,2.9586,82.8797,1.3155507936507937,1.4563,2.6412,2.6777,63,16.215,0.2573809523809524,0.2629,0.2891,0.317,completed
22,known_visit,HIPC,bernoulli,drop_0.25,19,361,8,10,hipc_g19_d50_bernoulli_drop_0_25,reruns\grid_density\scenarios\cv\known_visit_grid19_targets10_trials50.csv,06,19,3,0,20,0,0,0,0,0,0.0,0,0,44,39,5,125,17,9,11.8781,1.319788888888889,1.4092,2.2561,2.2561,9.5099,1.0566555555555555,1.1578,1.987,1.987,9,2.3682,0.26313333333333333,0.2526,0.393,0.393,completed
22,known_visit,HIPC,bernoulli,drop_0.25,19,361,8,10,hipc_g19_d50_bernoulli_drop_0_25,reruns\grid_density\scenarios\cv\known_visit_grid19_targets10_trials50.csv,07,4,2,0,5,0,0,0,0,0,0.0,0,0,14,10,4,146,26,52,74.5128,1.4329384615384615,1.5022,2.078,3.4994,61.370200000000004,1.1801961538461538,1.2835,1.7482,3.1899,52,13.1426,0.2527423076923077,0.25880000000000003,0.3151,0.3298,completed
23,known_visit,HIPC,bernoulli,drop_0.25,19,361,8,10,hipc_g19_d50_bernoulli_drop_0_25,reruns\grid_density\scenarios\cv\known_visit_grid19_targets10_trials50.csv,00,14,3,0,15,0,1,0,0,0,0.0,0,0,40,31,9,176,26,16,14.8857,0.93035625,0.47765,3.2084,3.2084,11.0218,0.6888625,0.2572,2.8948,2.8948,16,3.8639,0.24149375,0.23049999999999998,0.3136,0.3136,completed
23,known_visit,HIPC,bernoulli,drop_0.25,19,361,8,10,hipc_g19_d50_bernoulli_drop_0_25,reruns\grid_density\scenarios\cv\known_visit_grid19_targets10_trials50.csv,01,17,1,0,16,2,2,0,0,0,0.0,0,0,47,35,12,172,23,7,11.517900000000001,1.645414285714286,1.5986,2.9579,2.9579,9.5846,1.3692285714285715,1.2997,2.6703,2.6703,7,1.9333,0.2761857142857143,0.2865,0.2989,0.2989,completed
23,known_visit,HIPC,bernoulli,drop_0.25,19,361,8,10,hipc_g19_d50_bernoulli_drop_0_25,reruns\grid_density\scenarios\cv\known_visit_grid19_targets10_trials50.csv,02,7,0,1,5,3,0,0,0,0,0.0,0,0,22,17,5,185,35,38,92.9299,2.4455236842105266,3.3185000000000002,3.9123,4.3504,82.3646,2.1674894736842103,3.0424499999999997,3.5739,3.9923,38,10.5653,0.27803421052631583,0.27735,0.3581,0.3693,completed
23,known_visit,HIPC,bernoulli,drop_0.25,19,361,8,10,hipc_g19_d50_bernoulli_drop_0_25,reruns\grid_density\scenarios\cv\known_visit_grid19_targets10_trials50.csv,03,18,2,0,19,0,2,0,0,0,0.0,0,0,43,37,6,169,31,8,14.7584,1.8448,1.472,3.8187,3.8187,12.632200000000001,1.5790250000000001,1.2055500000000001,3.5198,3.5198,8,2.1262,0.265775,0.26644999999999996,0.3458,0.3458,completed
23,known_visit,HIPC,bernoulli,drop_0.25,19,361,8,10,hipc_g19_d50_bernoulli_drop_0_25,reruns\grid_density\scenarios\cv\known_visit_grid19_targets10_trials50.csv,04,2,0,0,3,0,1,0,0,0,0.0,0,0,11,6,5,186,45,54,95.2381,1.7636685185185186,2.10065,2.3477,2.6951,80.5106,1.490937037037037,1.81615,2.0279,2.3953,54,14.727500000000001,0.2727314814814815,0.2791,0.3099,0.3198,completed
23,known_visit,HIPC,bernoulli,drop_0.25,19,361,8,10,hipc_g19_d50_bernoulli_drop_0_25,reruns\grid_density\scenarios\cv\known_visit_grid19_targets10_trials50.csv,05,14,1,1,14,1,1,0,0,0,0.0,0,0,36,30,6,173,33,15,26.8985,1.7932333333333332,1.8998,2.3043,2.3043,22.8574,1.5238266666666667,1.6012,2.0164,2.0164,15,4.0411,0.2694066666666667,0.277,0.303,0.303,completed
23,known_visit,HIPC,bernoulli,drop_0.25,19,361,8,10,hipc_g19_d50_bernoulli_drop_0_25,reruns\grid_density\scenarios\cv\known_visit_grid19_targets10_trials50.csv,06,0,0,0,1,0,0,0,0,0,0.0,0,0,1,1,0,205,36,59,121.99849999999999,2.067771186440678,2.4019,3.5486,3.9789,105.98,1.796271186440678,2.1225,3.2345,3.6614,59,16.0185,0.2715,0.2805,0.3157,0.3196,completed
23,known_visit,HIPC,bernoulli,drop_0.25,19,361,8,10,hipc_g19_d50_bernoulli_drop_0_25,reruns\grid_density\scenarios\cv\known_visit_grid19_targets10_trials50.csv,07,16,3,0,17,0,1,0,0,0,0.0,0,0,43,34,9,166,33,11,13.1924,1.1993090909090909,0.5987,3.4511,3.4511,10.588099999999999,0.9625545454545453,0.369,3.2653,3.2653,11,2.6043,0.23675454545454544,0.2297,0.305,0.305,completed
24,known_visit,HIPC,bernoulli,drop_0.25,19,361,8,10,hipc_g19_d50_bernoulli_drop_0_25,reruns\grid_density\scenarios\cv\known_visit_grid19_targets10_trials50.csv,00,13,2,0,12,2,0,1,1,0,0.0,0,1,38,29,9,238,35,245,136.0489,0.5553016326530612,0.4064,1.5705,3.3594,85.5895,0.34934489795918366,0.2094,1.2914,3.0989,245,50.4594,0.20595673469387757,0.1964,0.2789,0.518,completed
24,known_visit,HIPC,bernoulli,drop_0.25,19,361,8,10,hipc_g19_d50_bernoulli_drop_0_25,reruns\grid_density\scenarios\cv\known_visit_grid19_targets10_trials50.csv,01,20,2,0,21,0,0,0,0,0,0.0,0,0,46,42,4,219,45,222,161.0857,0.7256112612612613,0.67395,0.8158,2.8863,112.9879,0.5089545045045045,0.4621,0.5642,2.612,222,48.0978,0.21665675675675675,0.2131,0.2476,0.3248,completed
24,known_visit,HIPC,bernoulli,drop_0.25,19,361,8,10,hipc_g19_d50_bernoulli_drop_0_25,reruns\grid_density\scenarios\cv\known_visit_grid19_targets10_trials50.csv,02,12,0,1,10,3,1,0,0,0,0.0,0,1,30,25,5,242,38,243,203.4762,0.8373506172839507,0.5452,2.0782,3.975,150.5106,0.6193851851851853,0.3393,1.8153,3.671,243,52.9656,0.21796543209876543,0.2041,0.2854,0.3257,completed
24,known_visit,HIPC,bernoulli,drop_0.25,19,361,8,10,hipc_g19_d50_bernoulli_drop_0_25,reruns\grid_density\scenarios\cv\known_visit_grid19_targets10_trials50.csv,03,13,3,0,14,0,0,0,0,0,0.0,0,1,39,29,10,240,32,248,114.4413,0.4614568548387097,0.40215,0.7066,2.8749,64.9932,0.2620693548387097,0.2074,0.4981,2.6024,248,49.4481,0.1993875,0.1947,0.2329,0.3159,completed
24,known_visit,HIPC,bernoulli,drop_0.25,19,361,8,10,hipc_g19_d50_bernoulli_drop_0_25,reruns\grid_density\scenarios\cv\known_visit_grid19_targets10_trials50.csv,04,13,1,0,14,0,2,0,0,0,0.0,0,1,39,28,11,227,45,247,285.1566,1.15448016194332,1.0062,2.0318,3.1179,226.7078,0.9178453441295547,0.776,1.7655,2.8241,247,58.4488,0.23663481781376516,0.2309,0.2843,0.3198,completed
24,known_visit,HIPC,bernoulli,drop_0.25,19,361,8,10,hipc_g19_d50_bernoulli_drop_0_25,reruns\grid_density\scenarios\cv\known_visit_grid19_targets10_trials50.csv,05,18,2,0,19,0,3,0,0,0,0.0,0,0,47,38,9,221,42,229,171.8764,0.7505519650655021,0.7195,0.8305,2.4194,122.4974,0.5349231441048035,0.5086,0.5921,2.1558,229,49.379,0.21562882096069869,0.2114,0.2476,0.3113,completed
24,known_visit,HIPC,bernoulli,drop_0.25,19,361,8,10,hipc_g19_d50_bernoulli_drop_0_25,reruns\grid_density\scenarios\cv\known_visit_grid19_targets10_trials50.csv,06,13,0,0,12,2,1,0,0,0,0.0,0,1,35,28,7,234,41,244,193.7169,0.7939217213114754,0.53435,2.0197,2.6396,140.9484,0.5776573770491803,0.3315,1.7491,2.3441,244,52.7685,0.2162643442622951,0.20385,0.287,0.3278,completed
24,known_visit,HIPC,bernoulli,drop_0.25,19,361,8,10,hipc_g19_d50_bernoulli_drop_0_25,reruns\grid_density\scenarios\cv\known_visit_grid19_targets10_trials50.csv,07,13,0,1,7,7,0,0,0,0,0.0,0,1,37,29,8,234,39,244,241.0083,0.9877389344262295,0.7305,2.5984,3.3773,186.6118,0.7648024590163934,0.51985,2.3418,3.0492,244,54.3965,0.22293647540983608,0.21345,0.2835,0.3281,completed
25,known_visit,HIPC,bernoulli,drop_0.25,19,361,8,10,hipc_g19_d50_bernoulli_drop_0_25,reruns\grid_density\scenarios\cv\known_visit_grid19_targets10_trials50.csv,00,13,2,0,14,0,0,0,0,0,0.0,0,0,32,28,4,115,19,22,21.8531,0.9933227272727273,0.7487,1.6178,2.3158,16.3961,0.7452772727272727,0.5164,1.3794,2.059,22,5.457,0.24804545454545454,0.2334,0.2969,0.3043,completed
25,known_visit,HIPC,bernoulli,drop_0.25,19,361,8,10,hipc_g19_d50_bernoulli_drop_0_25,reruns\grid_density\scenarios\cv\known_visit_grid19_targets10_trials50.csv,01,2,1,0,3,0,0,0,0,0,0.0,0,0,10,6,4,127,28,58,62.1345,1.0712844827586208,1.0189,1.7751,4.6981,48.1772,0.8306413793103448,0.7665,1.5108,4.3932,58,13.9573,0.24064310344827586,0.24815,0.2947,0.3102,completed
25,known_visit,HIPC,bernoulli,drop_0.25,19,361,8,10,hipc_g19_d50_bernoulli_drop_0_25,reruns\grid_density\scenarios\cv\known_visit_grid19_targets10_trials50.csv,02,0,0,0,1,0,0,0,0,0,0.0,0,0,1,1,0,145,20,63,84.6852,1.3442095238095237,1.3036,2.2851,2.8445,69.1968,1.0983619047619047,1.0315,1.9807,2.6059,63,15.4884,0.24584761904761906,0.2502,0.3044,0.3271,completed
25,known_visit,HIPC,bernoulli,drop_0.25,19,361,8,10,hipc_g19_d50_bernoulli_drop_0_25,reruns\grid_density\scenarios\cv\known_visit_grid19_targets10_trials50.csv,03,2,1,0,3,0,0,0,0,0,0.0,0,0,10,6,4,121,34,57,57.806,1.014140350877193,0.9803,1.6481,2.1573,44.0728,0.7732070175438597,0.723,1.3856,1.9185,57,13.7332,0.24093333333333333,0.2494,0.2865,0.2951,completed
25,known_visit,HIPC,bernoulli,drop_0.25,19,361,8,10,hipc_g19_d50_bernoulli_drop_0_25,reruns\grid_density\scenarios\cv\known_visit_grid19_targets10_trials50.csv,04,15,1,0,16,0,0,0,0,0,0.0,0,0,43,32,11,102,20,19,18.1668,0.9561473684210525,0.4697,3.2282,3.2282,13.7736,0.7249263157894736,0.2488,2.996,2.996,19,4.3932,0.23122105263157897,0.2243,0.273,0.273,completed
25,known_visit,HIPC,bernoulli,drop_0.25,19,361,8,10,hipc_g19_d50_bernoulli_drop_0_25,reruns\grid_density\scenarios\cv\known_visit_grid19_targets10_trials50.csv,05,0,0,0,1,0,0,0,0,0,0.0,0,0,1,1,0,141,24,63,62.5544,0.9929269841269841,0.7443,2.0801,3.1937,48.1909,0.7649349206349206,0.5209,1.8491,2.958,63,14.3635,0.2279920634920635,0.2288,0.2806,0.3286,completed
25,known_visit,HIPC,bernoulli,drop_0.25,19,361,8,10,hipc_g19_d50_bernoulli_drop_0_25,reruns\grid_density\scenarios\cv\known_visit_grid19_targets10_trials50.csv,06,5,2,0,6,0,0,0,0,0,0.0,0,0,17,12,5,129,19,48,45.936099999999996,0.9570020833333333,0.8478,2.3449,3.1483,34.6815,0.72253125,0.59675,2.0744,2.9104,48,11.2546,0.23447083333333332,0.2374,0.2864,0.5066,completed
25,known_visit,HIPC,bernoulli,drop_0.25,19,361,8,10,hipc_g19_d50_bernoulli_drop_0_25,reruns\grid_density\scenarios\cv\known_visit_grid19_targets10_trials50.csv,07,19,3,0,20,0,3,0,0,0,0.0,0,0,52,39,13,98,16,7,12.5528,1.7932571428571429,1.5736,3.2585,3.2585,10.7236,1.531942857142857,1.2802,3.0255,3.0255,7,1.8292,0.2613142857142857,0.2681,0.2934,0.2934,completed
26,known_visit,HIPC,bernoulli,drop_0.25,19,361,8,10,hipc_g19_d50_bernoulli_drop_0_25,reruns\grid_density\scenarios\cv\known_visit_grid19_targets10_trials50.csv,00,2,0,0,3,0,0,0,0,0,0.0,0,0,9,6,3,216,31,85,98.91460000000001,1.1637011764705882,0.935,2.6482,3.8843,81.2285,0.9556294117647058,0.7134,2.3826,3.6519,85,17.6861,0.20807176470588234,0.206,0.2666,0.2895,completed
26,known_visit,HIPC,bernoulli,drop_0.25,19,361,8,10,hipc_g19_d50_bernoulli_drop_0_25,reruns\grid_density\scenarios\cv\known_visit_grid19_targets10_trials50.csv,01,12,1,0,13,0,2,0,0,0,0.0,0,0,35,26,9,191,31,54,31.9212,0.5911333333333333,0.4356,1.7818,2.646,21.1223,0.39115370370370367,0.24235,1.5462,2.3984,54,10.7989,0.19997962962962962,0.19505,0.2557,0.2759,completed
26,known_visit,HIPC,bernoulli,drop_0.25,19,361,8,10,hipc_g19_d50_bernoulli_drop_0_25,reruns\grid_density\scenarios\cv\known_visit_grid19_targets10_trials50.csv,02,26,2,0,27,0,2,1,1,0,0.0,0,0,72,53,19,158,27,12,18.2312,1.5192666666666668,1.33345,2.8105,2.8105,15.5687,1.2973916666666667,1.1303,2.5819,2.5819,12,2.6625,0.22187500000000002,0.21660000000000001,0.3121,0.3121,completed
26,known_visit,HIPC,bernoulli,drop_0.25,19,361,8,10,hipc_g19_d50_bernoulli_drop_0_25,reruns\grid_density\scenarios\cv\known_visit_grid19_targets10_trials50.csv,03,9,2,0,10,0,0,0,0,0,0.0,0,0,29,20,9,192,35,62,49.6032,0.8000516129032258,0.69145,1.6195,2.6796,36.4808,0.5884,0.48175,1.3574,2.399,62,13.1224,0.21165161290322582,0.20645,0.2621,0.2806,completed
26,known_visit,HIPC,bernoulli,drop_0.25,19,361,8,10,hipc_g19_d50_bernoulli_drop_0_25,reruns\grid_density\scenarios\cv\known_visit_grid19_targets10_trials50.csv,04,24,3,0,25,0,2,0,0,0,0.0,0,0,58,50,8,174,25,18,15.957600000000001,0.8865333333333334,0.53765,2.6618,2.6618,12.3002,0.6833444444444444,0.3302,2.4241,2.4241,18,3.6574,0.2031888888888889,0.1995,0.2472,0.2472,completed
26,known_visit,HIPC,bernoulli,drop_0.25,19,361,8,10,hipc_g19_d50_bernoulli_drop_0_25,reruns\grid_density\scenarios\cv\known_visit_grid19_targets10_trials50.csv,05,12,2,0,13,0,0,0,0,0,0.0,0,0,33,27,6,184,39,54,47.585,0.8812037037037037,0.7471,2.1603,3.0288,35.8991,0.6647981481481481,0.53015,1.9204,2.7916,54,11.6859,0.21640555555555555,0.21289999999999998,0.2467,0.3251,completed
26,known_visit,HIPC,bernoulli,drop_0.25,19,361,8,10,hipc_g19_d50_bernoulli_drop_0_25,reruns\grid_density\scenarios\cv\known_visit_grid19_targets10_trials50.csv,06,0,0,0,1,0,0,0,0,0,0.0,0,0,1,1,0,228,28,91,126.5392,1.3905406593406593,0.987,3.7431,4.2161,107.3582,1.1797604395604395,0.7597,3.5079,3.9483,91,19.181,0.2107802197802198,0.2106,0.2678,0.3004,completed
26,known_visit,HIPC,bernoulli,drop_0.25,19,361,8,10,hipc_g19_d50_bernoulli_drop_0_25,reruns\grid_density\scenarios\cv\known_visit_grid19_targets10_trials50.csv,07,7,0,0,8,0,1,0,0,0,0.0,0,0,20,16,4,205,31,69,38.2693,0.5546275362318841,0.3878,1.4987,2.7182,24.0003,0.34783043478260867,0.186,1.2263,2.4826,69,14.269,0.20679710144927538,0.2034,0.2564,0.308,completed
27,known_visit,HIPC,bernoulli,drop_0.25,19,361,8,10,hipc_g19_d50_bernoulli_drop_0_25,reruns\grid_density\scenarios\cv\known_visit_grid19_targets10_trials50.csv,00,14,1,0,15,0,2,0,0,0,0.0,0,0,40,30,10,156,27,31,27.4688,0.8860903225806452,0.6918,2.4176,2.5396,20.667,0.6666774193548387,0.4912,2.1666,2.253,31,6.8018,0.21941290322580645,0.2214,0.2921,0.4215,completed
27,known_visit,HIPC,bernoulli,drop_0.25,19,361,8,10,hipc_g19_d50_bernoulli_drop_0_25,reruns\grid_density\scenarios\cv\known_visit_grid19_targets10_trials50.csv,01,19,2,0,20,0,4,0,0,0,0.0,0,0,52,40,12,145,26,16,13.780000000000001,0.8612500000000001,0.7172499999999999,1.9777,1.9777,10.193200000000001,0.6370750000000001,0.52,1.7299,1.7299,16,3.5868,0.224175,0.2097,0.2775,0.2775,completed
27,known_visit,HIPC,bernoulli,drop_0.25,19,361,8,10,hipc_g19_d50_bernoulli_drop_0_25,reruns\grid_density\scenarios\cv\known_visit_grid19_targets10_trials50.csv,02,21,3,0,22,0,0,0,0,0,0.0,0,0,52,44,8,149,23,8,14.0231,1.7528875,1.85215,3.3405,3.3405,12.0156,1.50195,1.5305,3.0897,3.0897,8,2.0075000000000003,0.25093750000000004,0.27075,0.3688,0.3688,completed
27,known_visit,HIPC,bernoulli,drop_0.25,19,361,8,10,hipc_g19_d50_bernoulli_drop_0_25,reruns\grid_density\scenarios\cv\known_visit_grid19_targets10_trials50.csv,03,0,0,0,1,0,0,0,0,0,0.0,0,0,1,1,0,179,43,73,142.2496,1.9486246575342463,2.1379,2.8549,3.0203,123.4637,1.6912835616438358,1.8623,2.5513,2.7505,73,18.7859,0.257341095890411,0.2647,0.305,0.3177,completed
27,known_visit,HIPC,bernoulli,drop_0.25,19,361,8,10,hipc_g19_d50_bernoulli_drop_0_25,reruns\grid_density\scenarios\cv\known_visit_grid19_targets10_trials50.csv,04,7,1,0,8,0,0,0,0,0,0.0,0,0,19,16,3,176,28,50,68.9038,1.378076,1.10865,2.6152,3.3156,56.8189,1.1363779999999999,0.83745,2.3072,3.0686,50,12.0849,0.241698,0.2473,0.2984,0.3189,completed
27,known_visit,HIPC,bernoulli,drop_0.25,19,361,8,10,hipc_g19_d50_bernoulli_drop_0_25,reruns\grid_density\scenarios\cv\known_visit_grid19_targets10_trials50.csv,05,6,0,0,7,0,1,0,0,0,0.0,0,0,19,15,4,173,32,53,67.0808,1.2656754716981131,1.2796,2.2197,2.5418,54.4274,1.0269320754716982,1.0359,1.9352,2.2726,53,12.6534,0.23874339622641508,0.243,0.2853,0.3888,completed
27,known_visit,HIPC,bernoulli,drop_0.25,19,361,8,10,hipc_g19_d50_bernoulli_drop_0_25,reruns\grid_density\scenarios\cv\known_visit_grid19_targets10_trials50.csv,06,15,3,0,16,0,1,0,0,0,0.0,0,0,40,32,8,159,24,26,14.2433,0.5478192307692308,0.35350000000000004,1.8914,2.0452,9.3047,0.35787307692307696,0.16849999999999998,1.6167,1.7753,26,4.9386,0.18994615384615385,0.19340000000000002,0.2699,0.2747,completed
27,known_visit,HIPC,bernoulli,drop_0.25,19,361,8,10,hipc_g19_d50_bernoulli_drop_0_25,reruns\grid_density\scenarios\cv\known_visit_grid19_targets10_trials50.csv,07,0,0,0,1,0,0,0,0,0,0.0,0,0,1,1,0,194,28,73,134.3401,1.8402753424657534,1.7072,3.2623,3.4656,116.081,1.5901506849315068,1.471,2.9415,3.1845,73,18.2591,0.25012465753424656,0.2622,0.302,0.3208,completed
28,known_visit,HIPC,bernoulli,drop_0.25,19,361,8,10,hipc_g19_d50_bernoulli_drop_0_25,reruns\grid_density\scenarios\cv\known_visit_grid19_targets10_trials50.csv,00,6,1,0,7,0,0,0,0,0,0.0,0,0,18,14,4,148,36,48,34.836,0.72575,0.66105,1.2988,1.7147,24.3484,0.5072583333333334,0.4508,1.0221,1.4448,48,10.4876,0.21849166666666667,0.2158,0.2699,0.2767,completed
28,known_visit,HIPC,bernoulli,drop_0.25,19,361,8,10,hipc_g19_d50_bernoulli_drop_0_25,reruns\grid_density\scenarios\cv\known_visit_grid19_targets10_trials50.csv,01,8,0,2,7,2,0,0,0,0,0.0,0,0,27,20,7,147,28,42,45.1937,1.0760404761904763,0.3638,3.599,4.1935,35.6867,0.8496833333333333,0.14855000000000002,3.324,3.8971,42,9.507,0.22635714285714284,0.2139,0.2857,0.2991,completed
28,known_visit,HIPC,bernoulli,drop_0.25,19,361,8,10,hipc_g19_d50_bernoulli_drop_0_25,reruns\grid_density\scenarios\cv\known_visit_grid19_targets10_trials50.csv,02,15,2,0,16,0,2,0,0,0,0.0,0,0,48,34,14,133,21,20,17.2736,0.8636799999999999,0.43805,2.1379,2.1895,12.9812,0.64906,0.23070000000000002,1.865,1.9501,20,4.2924,0.21461999999999998,0.20584999999999998,0.2617,0.294,completed
28,known_visit,HIPC,bernoulli,drop_0.25,19,361,8,10,hipc_g19_d50_bernoulli_drop_0_25,reruns\grid_density\scenarios\cv\known_visit_grid19_targets10_trials50.csv,03,14,4,0,15,0,1,0,0,0,0.0,0,0,41,30,11,136,25,23,16.1005,0.7000217391304348,0.397,2.1793,2.4601,11.3276,0.492504347826087,0.1946,1.9244,2.2455,23,4.7729,0.20751739130434782,0.2038,0.2549,0.3083,completed
28,known_visit,HIPC,bernoulli,drop_0.25,19,361,8,10,hipc_g19_d50_bernoulli_drop_0_25,reruns\grid_density\scenarios\cv\known_visit_grid19_targets10_trials50.csv,04,20,2,0,21,0,0,0,0,0,0.0,0,0,52,41,11,129,22,8,9.7775,1.2221875,0.9699,2.6082,2.6082,7.9919,0.9989875,0.7382500000000001,2.3542,2.3542,8,1.7856,0.2232,0.22085,0.2999,0.2999,completed
28,known_visit,HIPC,bernoulli,drop_0.25,19,361,8,10,hipc_g19_d50_bernoulli_drop_0_25,reruns\grid_density\scenarios\cv\known_visit_grid19_targets10_trials50.csv,05,0,0,0,1,0,0,0,0,0,0.0,0,0,1,1,0,175,27,66,89.6438,1.358239393939394,0.9655,2.6723,2.781,73.4693,1.1131712121212123,0.71835,2.3907,2.4895,66,16.1745,0.2450681818181818,0.24075,0.2898,0.3091,completed
28,known_visit,HIPC,bernoulli,drop_0.25,19,361,8,10,hipc_g19_d50_bernoulli_drop_0_25,reruns\grid_density\scenarios\cv\known_visit_grid19_targets10_trials50.csv,06,5,1,0,6,0,0,0,0,0,0.0,0,0,15,12,3,167,21,50,27.019099999999998,0.5403819999999999,0.38845,1.0957,2.7426,16.1359,0.322718,0.1881,0.8468,2.4406,50,10.8832,0.217664,0.2062,0.2545,0.4974,completed
28,known_visit,HIPC,bernoulli,drop_0.25,19,361,8,10,hipc_g19_d50_bernoulli_drop_0_25,reruns\grid_density\scenarios\cv\known_visit_grid19_targets10_trials50.csv,07,0,0,0,1,0,0,0,0,0,0.0,0,0,1,1,0,168,33,66,73.9871,1.1210166666666666,0.6810499999999999,2.6838,2.7678,58.6694,0.8889303030303031,0.46955,2.3952,2.4714,66,15.3177,0.23208636363636365,0.22010000000000002,0.3005,0.3167,completed
29,known_visit,HIPC,bernoulli,drop_0.25,19,361,8,10,hipc_g19_d50_bernoulli_drop_0_25,reruns\grid_density\scenarios\cv\known_visit_grid19_targets10_trials50.csv,00,27,3,0,28,0,0,0,0,0,0.0,0,0,63,55,8,172,33,9,11.2728,1.2525333333333333,1.4103,1.8598,1.8598,9.0763,1.0084777777777778,1.1576,1.5662,1.5662,9,2.1965,0.24405555555555555,0.243,0.2995,0.2995,completed
29,known_visit,HIPC,bernoulli,drop_0.25,19,361,8,10,hipc_g19_d50_bernoulli_drop_0_25,reruns\grid_density\scenarios\cv\known_visit_grid19_targets10_trials50.csv,01,13,1,0,14,0,1,0,0,0,0.0,0,0,32,28,4,190,45,49,52.8922,1.0794326530612246,1.0218,2.4509,2.9908,41.3731,0.8443489795918367,0.7852,2.1839,2.6933,49,11.5191,0.23508367346938774,0.2356,0.267,0.3065,completed
29,known_visit,HIPC,bernoulli,drop_0.25,19,361,8,10,hipc_g19_d50_bernoulli_drop_0_25,reruns\grid_density\scenarios\cv\known_visit_grid19_targets10_trials50.csv,02,1,0,0,2,0,0,0,0,0,0.0,0,0,7,4,3,226,34,88,136.7032,1.5534454545454546,1.0112,3.2097,3.7362,115.8378,1.3163386363636365,0.77525,2.9059,3.4638,88,20.8654,0.2371068181818182,0.2269,0.3038,0.3101,completed
29,known_visit,HIPC,bernoulli,drop_0.25,19,361,8,10,hipc_g19_d50_bernoulli_drop_0_25,reruns\grid_density\scenarios\cv\known_visit_grid19_targets10_trials50.csv,03,10,1,0,11,0,0,0,0,0,0.0,0,0,32,22,10,193,42,59,57.2724,0.9707186440677966,0.7474,2.4421,3.478,44.1937,0.7490457627118644,0.5297,2.247,3.1137,59,13.0787,0.2216728813559322,0.2145,0.2657,0.3643,completed
29,known_visit,HIPC,bernoulli,drop_0.25,19,361,8,10,hipc_g19_d50_bernoulli_drop_0_25,reruns\grid_density\scenarios\cv\known_visit_grid19_targets10_trials50.csv,04,13,1,0,14,0,1,2,1,1,5.0,1,0,38,30,8,190,39,49,43.8888,0.8956897959183674,0.7383,2.4606,3.2147,32.8573,0.6705571428571429,0.5197,2.2036,2.9277,49,11.0315,0.22513265306122449,0.2181,0.287,0.3316,completed
29,known_visit,HIPC,bernoulli,drop_0.25,19,361,8,10,hipc_g19_d50_bernoulli_drop_0_25,reruns\grid_density\scenarios\cv\known_visit_grid19_targets10_trials50.csv,05,5,0,0,6,0,0,0,0,0,0.0,0,0,14,12,2,221,32,74,81.5827,1.102468918918919,0.5536,3.0053,3.1692,64.7585,0.8751148648648648,0.3432,2.7163,2.8792,74,16.8242,0.22735405405405407,0.21125,0.29,0.3298,completed
29,known_visit,HIPC,bernoulli,drop_0.25,19,361,8,10,hipc_g19_d50_bernoulli_drop_0_25,reruns\grid_density\scenarios\cv\known_visit_grid19_targets10_trials50.csv,06,22,3,0,23,0,2,0,0,0,0.0,0,0,63,46,17,175,29,23,26.2628,1.1418608695652173,0.761,2.4028,3.1123,21.2102,0.9221826086956522,0.5432,2.1373,2.8251,23,5.0526,0.2196782608695652,0.2151,0.2716,0.2872,completed
29,known_visit,HIPC,bernoulli,drop_0.25,19,361,8,10,hipc_g19_d50_bernoulli_drop_0_25,reruns\grid_density\scenarios\cv\known_visit_grid19_targets10_trials50.csv,07,5,1,0,6,0,0,0,0,0,0.0,0,0,19,12,7,207,42,75,81.9653,1.0928706666666665,0.5487,2.4458,3.1436,65.0008,0.8666773333333333,0.3434,2.1563,2.8512,75,16.9645,0.22619333333333336,0.2095,0.2895,0.3026,completed
30,known_visit,HIPC,bernoulli,drop_0.25,19,361,8,10,hipc_g19_d50_bernoulli_drop_0_25,reruns\grid_density\scenarios\cv\known_visit_grid19_targets10_trials50.csv,00,20,2,0,21,0,1,0,0,0,0.0,0,0,49,42,7,154,31,12,14.8728,1.2394,0.8432,2.7722,2.7722,11.7855,0.982125,0.5809500000000001,2.5012,2.5012,12,3.0873,0.257275,0.25545,0.3445,0.3445,completed
30,known_visit,HIPC,bernoulli,drop_0.25,19,361,8,10,hipc_g19_d50_bernoulli_drop_0_25,reruns\grid_density\scenarios\cv\known_visit_grid19_targets10_trials50.csv,01,4,1,0,5,0,1,0,0,0,0.0,0,0,16,10,6,187,30,61,93.2227,1.5282409836065574,1.6327,2.1433,2.4456,76.7906,1.2588622950819672,1.351,1.8848,2.1342,61,16.4321,0.2693786885245901,0.2765,0.3318,0.338,completed
30,known_visit,HIPC,bernoulli,drop_0.25,19,361,8,10,hipc_g19_d50_bernoulli_drop_0_25,reruns\grid_density\scenarios\cv\known_visit_grid19_targets10_trials50.csv,02,3,1,0,4,0,0,1,1,0,0.0,0,0,15,9,6,182,36,64,80.472,1.257375,1.3679999999999999,2.1412,2.6316,64.5764,1.00900625,1.11415,1.8537,2.2807,64,15.8956,0.24836875,0.25485,0.3013,0.3509,completed
30,known_visit,HIPC,bernoulli,drop_0.25,19,361,8,10,hipc_g19_d50_bernoulli_drop_0_25,reruns\grid_density\scenarios\cv\known_visit_grid19_targets10_trials50.csv,03,21,2,0,22,0,0,0,0,0,0.0,0,0,50,44,6,158,26,11,18.8047,1.709518181818182,1.2043,3.2791,3.2791,16.2395,1.4763181818181819,1.0148,3.0085,3.0085,11,2.5652,0.2332,0.2603,0.3238,0.3238,completed
30,known_visit,HIPC,bernoulli,drop_0.25,19,361,8,10,hipc_g19_d50_bernoulli_drop_0_25,reruns\grid_density\scenarios\cv\known_visit_grid19_targets10_trials50.csv,04,0,0,0,1,0,0,0,0,0,0.0,0,0,1,1,0,203,30,72,88.3312,1.2268222222222223,0.8507,2.7471,3.6909,71.2739,0.9899152777777778,0.6318,2.5291,3.4141,72,17.0573,0.23690694444444446,0.24145,0.2885,0.369,completed
30,known_visit,HIPC,bernoulli,drop_0.25,19,361,8,10,hipc_g19_d50_bernoulli_drop_0_25,reruns\grid_density\scenarios\cv\known_visit_grid19_targets10_trials50.csv,05,15,0,2,10,6,1,0,0,0,0.0,0,0,38,32,6,167,28,25,51.8154,2.072616,2.0698,3.698,3.8558,45.3029,1.812116,1.7842,3.4124,3.5664,25,6.5125,0.2605,0.2623,0.2894,0.3164,completed
30,known_visit,HIPC,bernoulli,drop_0.25,19,361,8,10,hipc_g19_d50_bernoulli_drop_0_25,reruns\grid_density\scenarios\cv\known_visit_grid19_targets10_trials50.csv,06,15,3,0,16,0,1,0,0,0,0.0,0,0,40,32,8,166,27,27,21.3744,0.7916444444444445,0.4781,2.2676,2.8116,15.3582,0.5688222222222222,0.2486,1.9823,2.5452,27,6.0162,0.22282222222222223,0.2283,0.275,0.2853,completed
30,known_visit,HIPC,bernoulli,drop_0.25,19,361,8,10,hipc_g19_d50_bernoulli_drop_0_25,reruns\grid_density\scenarios\cv\known_visit_grid19_targets10_trials50.csv,07,7,1,0,8,0,1,0,0,0,0.0,0,0,25,16,9,184,24,53,44.3229,0.8362811320754716,0.6636,1.8062,2.4561,32.0287,0.6043150943396226,0.5042,1.5344,2.1911,53,12.2942,0.23196603773584906,0.2379,0.2862,0.2964,completed
31,known_visit,HIPC,bernoulli,drop_0.25,19,361,8,10,hipc_g19_d50_bernoulli_drop_0_25,reruns\grid_density\scenarios\cv\known_visit_grid19_targets10_trials50.csv,00,1,0,0,2,0,0,0,0,0,0.0,0,0,7,4,3,164,26,67,86.9408,1.2976238805970148,1.0477,3.0873,3.2783,72.0695,1.0756641791044776,0.8051,2.799,2.9778,67,14.8713,0.2219597014925373,0.2158,0.3028,0.3263,completed
31,known_visit,HIPC,bernoulli,drop_0.25,19,361,8,10,hipc_g19_d50_bernoulli_drop_0_25,reruns\grid_density\scenarios\cv\known_visit_grid19_targets10_trials50.csv,01,9,1,0,10,0,2,0,0,0,0.0,0,0,29,21,8,147,22,44,35.8631,0.8150704545454546,0.31945,2.7494,2.8668,27.205099999999998,0.6182977272727272,0.1247,2.4525,2.5382,44,8.658,0.19677272727272727,0.19540000000000002,0.3038,0.3367,completed
31,known_visit,HIPC,bernoulli,drop_0.25,19,361,8,10,hipc_g19_d50_bernoulli_drop_0_25,reruns\grid_density\scenarios\cv\known_visit_grid19_targets10_trials50.csv,02,20,5,0,21,0,0,0,0,0,0.0,0,0,57,42,15,121,20,11,10.7811,0.9801000000000001,1.0404,2.0018,2.0018,8.4388,0.7671636363636364,0.7133,1.7132,1.7132,11,2.3423,0.21293636363636362,0.1965,0.3271,0.3271,completed
31,known_visit,HIPC,bernoulli,drop_0.25,19,361,8,10,hipc_g19_d50_bernoulli_drop_0_25,reruns\grid_density\scenarios\cv\known_visit_grid19_targets10_trials50.csv,03,17,1,1,17,1,0,0,0,0,0.0,0,0,49,37,12,129,19,18,13.231300000000001,0.7350722222222222,0.3654,2.4352,2.4352,9.1735,0.509638888888889,0.1382,2.1306,2.1306,18,4.0578,0.22543333333333335,0.2104,0.4055,0.4055,completed
31,known_visit,HIPC,bernoulli,drop_0.25,19,361,8,10,hipc_g19_d50_bernoulli_drop_0_25,reruns\grid_density\scenarios\cv\known_visit_grid19_targets10_trials50.csv,04,4,0,0,5,0,1,0,0,0,0.0,0,0,15,10,5,158,24,58,74.3895,1.2825775862068964,0.6174999999999999,2.7338,3.1304,61.4873,1.0601258620689655,0.4037,2.4566,2.8111,58,12.9022,0.22245172413793105,0.21910000000000002,0.3306,0.4332,completed
31,known_visit,HIPC,bernoulli,drop_0.25,19,361,8,10,hipc_g19_d50_bernoulli_drop_0_25,reruns\grid_density\scenarios\cv\known_visit_grid19_targets10_trials50.csv,05,4,1,0,5,0,0,0,0,0,0.0,0,0,13,10,3,152,32,58,49.2659,0.8494120689655172,0.4313,1.746,1.8198,37.278999999999996,0.6427413793103448,0.22265,1.4668,1.5148,58,11.9869,0.2066706896551724,0.2062,0.3113,0.316,completed
31,known_visit,HIPC,bernoulli,drop_0.25,19,361,8,10,hipc_g19_d50_bernoulli_drop_0_25,reruns\grid_density\scenarios\cv\known_visit_grid19_targets10_trials50.csv,06,0,0,0,1,0,0,0,0,0,0.0,0,0,1,1,0,177,20,70,113.4775,1.6211071428571429,1.4039000000000001,3.8808,4.2098,97.7266,1.3960942857142857,1.1486,3.5906,3.9104,70,15.7509,0.22501285714285713,0.2245,0.303,0.3476,completed
31,known_visit,HIPC,bernoulli,drop_0.25,19,361,8,10,hipc_g19_d50_bernoulli_drop_0_25,reruns\grid_density\scenarios\cv\known_visit_grid19_targets10_trials50.csv,07,11,2,0,12,0,0,0,0,0,0.0,0,0,27,24,3,144,26,35,31.0453,0.8870085714285715,0.7109,2.8319,3.8265,23.9814,0.6851828571428572,0.4891,2.5291,3.5121,35,7.0639,0.2018257142857143,0.2208,0.3144,0.3393,completed
32,known_visit,HIPC,bernoulli,drop_0.25,19,361,8,10,hipc_g19_d50_bernoulli_drop_0_25,reruns\grid_density\scenarios\cv\known_visit_grid19_targets10_trials50.csv,00,11,2,0,12,0,0,0,0,0,0.0,0,0,29,24,5,160,41,49,42.9279,0.8760795918367347,0.7796,1.6362,2.6731,31.7905,0.6487857142857143,0.5426,1.3057,2.4434,49,11.1374,0.2272938775510204,0.2328,0.2935,0.3305,completed
32,known_visit,HIPC,bernoulli,drop_0.25,19,361,8,10,hipc_g19_d50_bernoulli_drop_0_25,reruns\grid_density\scenarios\cv\known_visit_grid19_targets10_trials50.csv,01,3,0,0,4,0,0,0,0,0,0.0,0,0,11,8,3,183,35,77,90.4422,1.174574025974026,0.9455,2.5428,2.8537,73.4524,0.9539272727272727,0.737,2.2874,2.5968,77,16.9898,0.22064675324675323,0.2256,0.282,0.3384,completed
32,known_visit,HIPC,bernoulli,drop_0.25,19,361,8,10,hipc_g19_d50_bernoulli_drop_0_25,reruns\grid_density\scenarios\cv\known_visit_grid19_targets10_trials50.csv,02,3,1,0,4,0,0,0,0,0,0.0,0,0,12,8,4,190,27,78,72.6572,0.9315025641025642,0.71225,2.0704,2.7451,56.184,0.7203076923076923,0.5048,1.7599,2.5082,78,16.4732,0.21119487179487179,0.21415,0.263,0.4236,completed
32,known_visit,HIPC,bernoulli,drop_0.25,19,361,8,10,hipc_g19_d50_bernoulli_drop_0_25,reruns\grid_density\scenarios\cv\known_visit_grid19_targets10_trials50.csv,03,26,2,0,27,0,1,0,0,0,0.0,0,0,63,53,10,146,21,9,10.6409,1.1823222222222223,1.2789,1.9982,1.9982,8.7846,0.9760666666666666,1.0348,1.7687,1.7687,9,1.8563,0.20625555555555555,0.2191,0.263,0.263,completed
32,known_visit,HIPC,bernoulli,drop_0.25,19,361,8,10,hipc_g19_d50_bernoulli_drop_0_25,reruns\grid_density\scenarios\cv\known_visit_grid19_targets10_trials50.csv,04,0,0,0,1,0,0,0,0,0,0.0,0,0,1,1,0,202,27,86,85.7117,0.9966476744186046,0.7948500000000001,2.0455,2.6607,68.1218,0.792113953488372,0.55945,1.7878,2.4235,86,17.5899,0.20453372093023256,0.21150000000000002,0.2589,0.2672,completed
32,known_visit,HIPC,bernoulli,drop_0.25,19,361,8,10,hipc_g19_d50_bernoulli_drop_0_25,reruns\grid_density\scenarios\cv\known_visit_grid19_targets10_trials50.csv,05,2,0,0,3,0,0,0,0,0,0.0,0,0,9,6,3,189,32,80,80.697,1.0087125000000001,0.7193499999999999,2.0032,2.0938,63.6408,0.7955099999999999,0.5303,1.7656,1.8429,80,17.0562,0.21320250000000002,0.217,0.2509,0.3116,completed
32,known_visit,HIPC,bernoulli,drop_0.25,19,361,8,10,hipc_g19_d50_bernoulli_drop_0_25,reruns\grid_density\scenarios\cv\known_visit_grid19_targets10_trials50.csv,06,17,2,1,16,2,1,0,0,0,0.0,0,0,47,37,10,156,27,35,17.7132,0.5060914285714286,0.371,1.4954,2.3694,11.0399,0.31542571428571425,0.1679,1.249,2.1289,35,6.6733,0.1906657142857143,0.2019,0.2478,0.2483,completed
32,known_visit,HIPC,bernoulli,drop_0.25,19,361,8,10,hipc_g19_d50_bernoulli_drop_0_25,reruns\grid_density\scenarios\cv\known_visit_grid19_targets10_trials50.csv,07,21,3,0,22,0,4,0,0,0,0.0,0,0,58,44,14,147,24,21,14.6199,0.6961857142857143,0.4565,1.4454,1.7871,10.7759,0.5131380952380953,0.2212,1.2228,1.5542,21,3.844,0.18304761904761904,0.1935,0.2478,0.2505,completed
33,known_visit,HIPC,bernoulli,drop_0.25,19,361,8,10,hipc_g19_d50_bernoulli_drop_0_25,reruns\grid_density\scenarios\cv\known_visit_grid19_targets10_trials50.csv,00,13,1,0,14,0,0,0,0,0,0.0,0,0,34,28,6,121,30,68,34.2383,0.503504411764706,0.38665,1.6005,2.557,21.1033,0.31034264705882353,0.192,1.3735,2.266,68,13.135,0.19316176470588234,0.19319999999999998,0.2366,0.291,completed
33,known_visit,HIPC,bernoulli,drop_0.25,19,361,8,10,hipc_g19_d50_bernoulli_drop_0_25,reruns\grid_density\scenarios\cv\known_visit_grid19_targets10_trials50.csv,01,4,2,0,5,0,0,0,0,0,0.0,0,0,14,10,4,151,19,98,70.2968,0.7173142857142858,0.5957,1.0728,2.5647,50.5202,0.5155122448979592,0.37715,0.8237,2.3233,98,19.7766,0.20180204081632652,0.20725,0.2476,0.2722,completed
33,known_visit,HIPC,bernoulli,drop_0.25,19,361,8,10,hipc_g19_d50_bernoulli_drop_0_25,reruns\grid_density\scenarios\cv\known_visit_grid19_targets10_trials50.csv,02,6,2,0,7,0,0,0,0,0,0.0,0,0,19,14,5,142,23,91,61.9895,0.6812032967032967,0.5453,1.1138,2.4025,42.7867,0.47018351648351653,0.3256,0.8108,2.1067,91,19.2028,0.2110197802197802,0.2143,0.2672,0.3372,completed
33,known_visit,HIPC,bernoulli,drop_0.25,19,361,8,10,hipc_g19_d50_bernoulli_drop_0_25,reruns\grid_density\scenarios\cv\known_visit_grid19_targets10_trials50.csv,03,2,0,0,3,0,1,0,0,0,0.0,0,0,11,6,5,144,30,104,72.5792,0.6978769230769231,0.5794,1.5385,1.9308,51.7075,0.4971875,0.36214999999999997,1.306,1.6885,104,20.8717,0.20068942307692308,0.20795,0.2452,0.319,completed
33,known_visit,HIPC,bernoulli,drop_0.25,19,361,8,10,hipc_g19_d50_bernoulli_drop_0_25,reruns\grid_density\scenarios\cv\known_visit_grid19_targets10_trials50.csv,04,32,3,0,33,0,2,0,0,0,0.0,0,0,77,65,12,97,11,9,13.8839,1.5426555555555557,1.4228,3.4597,3.4597,12.0082,1.3342444444444446,1.1687,3.2102,3.2102,9,1.8757,0.2084111111111111,0.2287,0.2541,0.2541,completed
33,known_visit,HIPC,bernoulli,drop_0.25,19,361,8,10,hipc_g19_d50_bernoulli_drop_0_25,reruns\grid_density\scenarios\cv\known_visit_grid19_targets10_trials50.csv,05,2,1,0,3,0,0,0,0,0,0.0,0,0,8,6,2,152,25,102,71.2328,0.6983607843137255,0.5647500000000001,1.2466,2.8441,50.2625,0.4927696078431373,0.41675,1.0011,2.5459,102,20.9703,0.20559117647058825,0.2101,0.2514,0.3592,completed
33,known_visit,HIPC,bernoulli,drop_0.25,19,361,8,10,hipc_g19_d50_bernoulli_drop_0_25,reruns\grid_density\scenarios\cv\known_visit_grid19_targets10_trials50.csv,06,0,0,0,1,0,0,0,0,0,0.0,0,0,1,1,0,161,22,108,123.5247,1.1437472222222222,0.8147,3.1329,3.4103,100.2638,0.9283685185185185,0.57885,2.898,3.164,108,23.2609,0.2153787037037037,0.22275,0.276,0.366,completed
33,known_visit,HIPC,bernoulli,drop_0.25,19,361,8,10,hipc_g19_d50_bernoulli_drop_0_25,reruns\grid_density\scenarios\cv\known_visit_grid19_targets10_trials50.csv,07,5,1,0,6,0,0,0,0,0,0.0,0,0,21,14,7,135,28,95,71.5806,0.75348,0.6961,1.0562,2.3018,51.7355,0.5445842105263158,0.4729,0.7963,2.0349,95,19.8451,0.2088957894736842,0.2132,0.2599,0.29,completed
34,known_visit,HIPC,bernoulli,drop_0.25,19,361,8,10,hipc_g19_d50_bernoulli_drop_0_25,reruns\grid_density\scenarios\cv\known_visit_grid19_targets10_trials50.csv,00,12,3,0,13,0,0,0,0,0,0.0,0,0,34,27,7,155,28,35,26.2257,0.7493057142857142,0.7843,1.6236,2.0679,18.0023,0.5143514285714286,0.5302,1.3455,1.8022,35,8.2234,0.2349542857142857,0.2518,0.2766,0.2781,completed
34,known_visit,HIPC,bernoulli,drop_0.25,19,361,8,10,hipc_g19_d50_bernoulli_drop_0_25,reruns\grid_density\scenarios\cv\known_visit_grid19_targets10_trials50.csv,01,13,2,0,14,0,1,0,0,0,0.0,0,0,34,28,6,156,26,34,30.9492,0.9102705882352942,0.7331000000000001,1.8389,2.0656,22.93,0.6744117647058824,0.50685,1.5808,1.794,34,8.0192,0.23585882352941176,0.2289,0.2716,0.2815,completed
34,known_visit,HIPC,bernoulli,drop_0.25,19,361,8,10,hipc_g19_d50_bernoulli_drop_0_25,reruns\grid_density\scenarios\cv\known_visit_grid19_targets10_trials50.csv,02,5,0,0,6,0,4,0,0,0,0.0,0,0,22,12,10,165,29,62,64.6961,1.0434854838709677,0.5694,1.9188,2.9345,50.4479,0.8136758064516129,0.3559,1.6552,2.6569,62,14.2482,0.22980967741935485,0.2173,0.2728,0.2822,completed
34,known_visit,HIPC,bernoulli,drop_0.25,19,361,8,10,hipc_g19_d50_bernoulli_drop_0_25,reruns\grid_density\scenarios\cv\known_visit_grid19_targets10_trials50.csv,03,17,2,0,18,0,2,0,0,0,0.0,0,0,48,36,12,141,28,21,19.8275,0.9441666666666667,0.5423,2.9859,3.0634,15.006599999999999,0.7145999999999999,0.3253,2.7055,2.7792,21,4.8209,0.22956666666666667,0.2165,0.2804,0.2842,completed
34,known_visit,HIPC,bernoulli,drop_0.25,19,361,8,10,hipc_g19_d50_bernoulli_drop_0_25,reruns\grid_density\scenarios\cv\known_visit_grid19_targets10_trials50.csv,04,5,0,1,5,1,0,0,0,0,0.0,0,0,14,12,2,170,32,59,102.113,1.730728813559322,1.8378,3.0196,3.0536,87.3236,1.4800610169491526,1.6351,2.7495,2.7842,59,14.7894,0.2506677966101695,0.2559,0.287,0.2931,completed
34,known_visit,HIPC,bernoulli,drop_0.25,19,361,8,10,hipc_g19_d50_bernoulli_drop_0_25,reruns\grid_density\scenarios\cv\known_visit_grid19_targets10_trials50.csv,05,22,3,0,23,0,0,0,0,0,0.0,0,0,52,45,7,140,25,9,11.682599999999999,1.2980666666666665,1.03,2.9425,2.9425,9.4972,1.0552444444444444,0.7934,2.664,2.664,9,2.1854,0.24282222222222222,0.2528,0.2822,0.2822,completed
34,known_visit,HIPC,bernoulli,drop_0.25,19,361,8,10,hipc_g19_d50_bernoulli_drop_0_25,reruns\grid_density\scenarios\cv\known_visit_grid19_targets10_trials50.csv,06,0,0,0,1,0,0,0,0,0,0.0,0,0,1,1,0,180,35,74,144.7011,1.9554202702702703,2.1578,2.9497,3.4457,125.4597,1.6954013513513513,1.89275,2.6639,3.1491,74,19.2414,0.26001891891891893,0.26335,0.2858,0.3228,completed
34,known_visit,HIPC,bernoulli,drop_0.25,19,361,8,10,hipc_g19_d50_bernoulli_drop_0_25,reruns\grid_density\scenarios\cv\known_visit_grid19_targets10_trials50.csv,07,2,0,0,3,0,1,0,0,0,0.0,0,0,12,6,6,172,33,69,83.8848,1.2157217391304347,1.1016,2.5181,2.5683,67.225,0.9742753623188405,0.9391,2.243,2.2961,69,16.6598,0.2414463768115942,0.2534,0.2812,0.3087,completed
35,known_visit,HIPC,bernoulli,drop_0.25,19,361,8,10,hipc_g19_d50_bernoulli_drop_0_25,reruns\grid_density\scenarios\cv\known_visit_grid19_targets10_trials50.csv,00,16,2,1,16,1,1,0,0,0,0.0,0,0,43,34,9,152,32,43,25.1273,0.5843558139534885,0.4737,1.8733,2.3216,16.1361,0.3752581395348837,0.2645,1.6052,2.041,43,8.9912,0.20909767441860463,0.2086,0.2586,0.2806,completed
35,known_visit,HIPC,bernoulli,drop_0.25,19,361,8,10,hipc_g19_d50_bernoulli_drop_0_25,reruns\grid_density\scenarios\cv\known_visit_grid19_targets10_trials50.csv,01,27,4,0,28,0,2,0,0,0,0.0,0,0,66,55,11,132,29,6,10.2423,1.70705,1.6917,2.6318,2.6318,8.7134,1.4522333333333333,1.4379,2.3597,2.3597,6,1.5289,0.25481666666666664,0.255,0.2721,0.2721,completed
35,known_visit,HIPC,bernoulli,drop_0.25,19,361,8,10,hipc_g19_d50_bernoulli_drop_0_25,reruns\grid_density\scenarios\cv\known_visit_grid19_targets10_trials50.csv,02,11,0,1,10,2,2,0,0,0,0.0,0,0,37,27,10,162,27,60,94.2681,1.5711350000000002,0.7179,3.6823,3.9142,79.9941,1.333235,0.49019999999999997,3.4086,3.6158,60,14.274,0.23789999999999997,0.23575000000000002,0.2975,0.3412,completed
35,known_visit,HIPC,bernoulli,drop_0.25,19,361,8,10,hipc_g19_d50_bernoulli_drop_0_25,reruns\grid_density\scenarios\cv\known_visit_grid19_targets10_trials50.csv,03,2,1,0,3,0,0,0,0,0,0.0,0,0,9,6,3,191,26,87,106.6888,1.2263080459770115,0.7506,2.7953,3.0412,86.4129,0.993251724137931,0.5182,2.518,2.763,87,20.2759,0.23305632183908045,0.2294,0.2811,0.2908,completed
35,known_visit,HIPC,bernoulli,drop_0.25,19,361,8,10,hipc_g19_d50_bernoulli_drop_0_25,reruns\grid_density\scenarios\cv\known_visit_grid19_targets10_trials50.csv,04,2,0,0,3,0,0,0,0,0,0.0,0,0,9,6,3,182,36,87,102.9808,1.183687356321839,0.9078,2.4599,2.5683,82.2974,0.9459471264367816,0.6774,2.1804,2.2909,87,20.6834,0.23774022988505747,0.2361,0.2798,0.2975,completed
35,known_visit,HIPC,bernoulli,drop_0.25,19,361,8,10,hipc_g19_d50_bernoulli_drop_0_25,reruns\grid_density\scenarios\cv\known_visit_grid19_targets10_trials50.csv,05,12,2,0,13,0,0,0,0,0,0.0,0,0,32,26,6,173,22,56,28.7493,0.5133803571428571,0.4159,1.7897,2.6272,17.5525,0.3134375,0.20679999999999998,1.5334,2.3762,56,11.1968,0.19994285714285714,0.202,0.251,0.2605,completed
35,known_visit,HIPC,bernoulli,drop_0.25,19,361,8,10,hipc_g19_d50_bernoulli_drop_0_25,reruns\grid_density\scenarios\cv\known_visit_grid19_targets10_trials50.csv,06,10,1,0,11,0,1,0,0,0,0.0,0,0,30,23,7,166,31,62,48.9554,0.7896032258064516,0.5756,1.819,2.8961,35.3731,0.570533870967742,0.3589,1.5526,2.6217,62,13.5823,0.21906935483870968,0.21855000000000002,0.2744,0.2903,completed
35,known_visit,HIPC,bernoulli,drop_0.25,19,361,8,10,hipc_g19_d50_bernoulli_drop_0_25,reruns\grid_density\scenarios\cv\known_visit_grid19_targets10_trials50.csv,07,0,0,0,1,0,0,0,0,0,0.0,0,0,1,1,0,196,29,93,117.2628,1.2608903225806452,0.7312,2.9433,3.5023,95.7213,1.0292612903225806,0.5141,2.6562,3.2242,93,21.5415,0.2316290322580645,0.2202,0.2854,0.3037,completed
36,known_visit,HIPC,bernoulli,drop_0.25,19,361,8,10,hipc_g19_d50_bernoulli_drop_0_25,reruns\grid_density\scenarios\cv\known_visit_grid19_targets10_trials50.csv,00,8,0,0,9,0,0,6,1,2,20.0,2,0,31,18,13,170,35,38,39.9036,1.0500947368421052,0.67405,2.7769,3.3135,30.4451,0.8011868421052631,0.44055,2.5235,3.0483,38,9.4585,0.24890789473684213,0.24695,0.3091,0.3217,completed
36,known_visit,HIPC,bernoulli,drop_0.25,19,361,8,10,hipc_g19_d50_bernoulli_drop_0_25,reruns\grid_density\scenarios\cv\known_visit_grid19_targets10_trials50.csv,01,8,1,0,9,0,1,0,0,0,0.0,0,0,27,18,9,175,33,38,40.693,1.0708684210526316,0.8231999999999999,2.78,3.2921,31.3976,0.8262526315789473,0.5821000000000001,2.5283,2.9907,38,9.2954,0.24461578947368423,0.24464999999999998,0.3014,0.323,completed
36,known_visit,HIPC,bernoulli,drop_0.25,19,361,8,10,hipc_g19_d50_bernoulli_drop_0_25,reruns\grid_density\scenarios\cv\known_visit_grid19_targets10_trials50.csv,02,0,0,0,1,0,0,0,0,0,0.0,0,0,1,1,0,194,41,61,120.8622,1.9813475409836065,2.053,3.6942,3.7733,105.02420000000001,1.7217081967213117,1.7911,3.3821,3.4723,61,15.838000000000001,0.2596393442622951,0.2547,0.3022,0.339,completed
36,known_visit,HIPC,bernoulli,drop_0.25,19,361,8,10,hipc_g19_d50_bernoulli_drop_0_25,reruns\grid_density\scenarios\cv\known_visit_grid19_targets10_trials50.csv,03,3,1,0,4,0,0,0,0,0,0.0,0,0,14,8,6,186,36,52,67.9351,1.3064442307692308,1.1346500000000002,2.3152,3.2024,55.4081,1.0655403846153846,0.86505,2.0725,2.9194,52,12.527,0.24090384615384614,0.23895,0.2938,0.3323,completed
36,known_visit,HIPC,bernoulli,drop_0.25,19,361,8,10,hipc_g19_d50_bernoulli_drop_0_25,reruns\grid_density\scenarios\cv\known_visit_grid19_targets10_trials50.csv,04,9,1,0,10,0,3,0,0,0,0.0,0,0,30,21,9,179,26,35,39.9033,1.1400942857142857,0.8049,3.152,3.3054,31.4128,0.8975085714285714,0.5454,2.8646,3.039,35,8.4905,0.24258571428571432,0.245,0.3028,0.3055,completed
36,known_visit,HIPC,bernoulli,drop_0.25,19,361,8,10,hipc_g19_d50_bernoulli_drop_0_25,reruns\grid_density\scenarios\cv\known_visit_grid19_targets10_trials50.csv,05,18,3,0,19,0,0,0,0,0,0.0,0,0,48,37,11,149,39,7,12.210700000000001,1.7443857142857144,1.7998,2.6455,2.6455,10.4431,1.4918714285714285,1.5691,2.4,2.4,7,1.7675999999999998,0.2525142857142857,0.2455,0.2961,0.2961,completed
36,known_visit,HIPC,bernoulli,drop_0.25,19,361,8,10,hipc_g19_d50_bernoulli_drop_0_25,reruns\grid_density\scenarios\cv\known_visit_grid19_targets10_trials50.csv,06,12,2,0,13,0,1,0,0,0,0.0,0,0,39,27,12,174,22,24,24.673,1.0280416666666665,0.79325,2.658,2.8377,18.6891,0.7787125,0.55515,2.3994,2.5339,24,5.9839,0.24932916666666669,0.2471,0.3296,0.3373,completed
36,known_visit,HIPC,bernoulli,drop_0.25,19,361,8,10,hipc_g19_d50_bernoulli_drop_0_25,reruns\grid_density\scenarios\cv\known_visit_grid19_targets10_trials50.csv,07,16,2,0,17,0,3,0,0,0,0.0,0,0,46,34,12,155,34,12,16.285600000000002,1.3571333333333335,1.0396,2.8399,2.8399,12.967699999999999,1.0806416666666665,0.76205,2.5399,2.5399,12,3.3179,0.27649166666666664,0.25185,0.5052,0.5052,completed
37,known_visit,HIPC,bernoulli,drop_0.25,19,361,8,10,hipc_g19_d50_bernoulli_drop_0_25,reruns\grid_density\scenarios\cv\known_visit_grid19_targets10_trials50.csv,00,7,1,0,8,0,2,0,0,0,0.0,0,0,23,16,7,140,18,50,26.0692,0.521384,0.33099999999999996,2.0841,2.3085,15.8751,0.317502,0.13505,1.7908,2.051,50,10.1941,0.203882,0.1943,0.2724,0.3005,completed
37,known_visit,HIPC,bernoulli,drop_0.25,19,361,8,10,hipc_g19_d50_bernoulli_drop_0_25,reruns\grid_density\scenarios\cv\known_visit_grid19_targets10_trials50.csv,01,10,2,0,11,0,0,0,0,0,0.0,0,0,27,22,5,129,25,41,22.9722,0.5602975609756098,0.411,1.5869,2.0011,14.5303,0.35439756097560976,0.213,1.3204,1.709,41,8.4419,0.2059,0.1987,0.2665,0.2921,completed
37,known_visit,HIPC,bernoulli,drop_0.25,19,361,8,10,hipc_g19_d50_bernoulli_drop_0_25,reruns\grid_density\scenarios\cv\known_visit_grid19_targets10_trials50.csv,02,12,1,1,9,4,2,0,0,0,0.0,0,0,34,26,8,128,19,37,21.7014,0.5865243243243243,0.3158,2.144,2.7354,14.2478,0.3850756756756757,0.1232,1.8644,2.4303,37,7.4536,0.20144864864864864,0.1875,0.2796,0.3051,completed
37,known_visit,HIPC,bernoulli,drop_0.25,19,361,8,10,hipc_g19_d50_bernoulli_drop_0_25,reruns\grid_density\scenarios\cv\known_visit_grid19_targets10_trials50.csv,03,9,2,1,9,1,2,0,0,0,0.0,0,0,34,22,12,121,26,45,34.6345,0.7696555555555556,0.5254,1.9013,2.2982,24.6728,0.5482844444444445,0.3143,1.6094,2.0002,45,9.9617,0.22137111111111113,0.2104,0.2919,0.298,completed
37,known_visit,HIPC,bernoulli,drop_0.25,19,361,8,10,hipc_g19_d50_bernoulli_drop_0_25,reruns\grid_density\scenarios\cv\known_visit_grid19_targets10_trials50.csv,04,21,3,0,22,0,0,0,0,0,0.0,0,0,50,43,7,111,21,5,10.8965,2.1793,2.6414,3.3878,3.3878,9.5243,1.90486,2.3619,3.0772,3.0772,5,1.3722,0.27444,0.2795,0.3315,0.3315,completed
37,known_visit,HIPC,bernoulli,drop_0.25,19,361,8,10,hipc_g19_d50_bernoulli_drop_0_25,reruns\grid_density\scenarios\cv\known_visit_grid19_targets10_trials50.csv,05,1,0,0,2,0,0,0,0,0,0.0,0,0,7,4,3,149,25,67,67.6317,1.0094283582089552,0.9148,1.7319,1.9477,51.8464,0.7738268656716418,0.6803,1.4511,1.6938,67,15.7853,0.2356014925373134,0.2345,0.2924,0.3337,completed
37,known_visit,HIPC,bernoulli,drop_0.25,19,361,8,10,hipc_g19_d50_bernoulli_drop_0_25,reruns\grid_density\scenarios\cv\known_visit_grid19_targets10_trials50.csv,06,0,0,0,1,0,0,0,0,0,0.0,0,0,1,1,0,156,24,69,90.1895,1.3070942028985506,0.805,3.3828,3.7281,74.0874,1.0737304347826087,0.574,3.1279,3.4801,69,16.1021,0.23336376811594203,0.2311,0.2885,0.3009,completed
37,known_visit,HIPC,bernoulli,drop_0.25,19,361,8,10,hipc_g19_d50_bernoulli_drop_0_25,reruns\grid_density\scenarios\cv\known_visit_grid19_targets10_trials50.csv,07,1,1,0,2,0,0,0,0,0,0.0,0,0,6,4,2,149,26,66,89.9892,1.3634727272727272,1.2759,2.8467,3.0657,73.82469999999999,1.1185560606060605,1.0258,2.5783,2.7714,66,16.1645,0.24491666666666667,0.24355,0.2943,0.3642,completed
38,known_visit,HIPC,bernoulli,drop_0.25,19,361,8,10,hipc_g19_d50_bernoulli_drop_0_25,reruns\grid_density\scenarios\cv\known_visit_grid19_targets10_trials50.csv,00,4,0,0,5,0,1,0,0,0,0.0,0,0,19,12,7,170,23,51,87.3201,1.7121588235294116,1.6105,3.204,3.3266,75.2231,1.4749627450980392,1.3786,2.947,3.0749,51,12.097,0.23719607843137255,0.2326,0.2721,0.3571,completed
38,known_visit,HIPC,bernoulli,drop_0.25,19,361,8,10,hipc_g19_d50_bernoulli_drop_0_25,reruns\grid_density\scenarios\cv\known_visit_grid19_targets10_trials50.csv,01,17,3,0,18,0,0,0,0,0,0.0,0,0,43,36,7,145,24,10,13.365,1.3365,1.24355,2.6541,2.6541,11.1395,1.11395,1.0078,2.4021,2.4021,10,2.2255,0.22254999999999997,0.2196,0.2636,0.2636,completed
38,known_visit,HIPC,bernoulli,drop_0.25,19,361,8,10,hipc_g19_d50_bernoulli_drop_0_25,reruns\grid_density\scenarios\cv\known_visit_grid19_targets10_trials50.csv,02,12,1,0,13,0,1,0,0,0,0.0,0,0,32,26,6,157,23,24,22.8978,0.954075,0.8182,2.7488,3.16,17.6248,0.7343666666666667,0.5809,2.4968,2.9143,24,5.273,0.2197083333333333,0.21355000000000002,0.252,0.3084,completed
38,known_visit,HIPC,bernoulli,drop_0.25,19,361,8,10,hipc_g19_d50_bernoulli_drop_0_25,reruns\grid_density\scenarios\cv\known_visit_grid19_targets10_trials50.csv,03,18,2,0,19,0,3,0,0,0,0.0,0,0,49,37,12,144,20,7,14.4362,2.0623142857142858,2.0799,3.0801,3.0801,12.7001,1.8143,1.8434,2.8166,2.8166,7,1.7361,0.24801428571428571,0.2365,0.3314,0.3314,completed
38,known_visit,HIPC,bernoulli,drop_0.25,19,361,8,10,hipc_g19_d50_bernoulli_drop_0_25,reruns\grid_density\scenarios\cv\known_visit_grid19_targets10_trials50.csv,04,0,0,0,1,0,0,0,0,0,0.0,0,0,1,1,0,176,36,61,132.1579,2.1665229508196724,2.0765,3.294,3.3957,117.2884,1.9227606557377048,1.8354,3.041,3.1309,61,14.8695,0.24376229508196723,0.2431,0.2815,0.3084,completed
38,known_visit,HIPC,bernoulli,drop_0.25,19,361,8,10,hipc_g19_d50_bernoulli_drop_0_25,reruns\grid_density\scenarios\cv\known_visit_grid19_targets10_trials50.csv,05,8,2,0,9,0,0,0,0,0,0.0,0,0,22,18,4,171,20,36,44.8641,1.246225,1.27325,1.6565,2.0165,36.6533,1.0181472222222223,1.03925,1.4197,1.7784,36,8.2108,0.2280777777777778,0.22920000000000001,0.2706,0.2739,completed
38,known_visit,HIPC,bernoulli,drop_0.25,19,361,8,10,hipc_g19_d50_bernoulli_drop_0_25,reruns\grid_density\scenarios\cv\known_visit_grid19_targets10_trials50.csv,06,1,0,0,2,0,0,0,0,0,0.0,0,0,7,4,3,178,27,59,115.3046,1.9543152542372881,1.6352,3.3099,3.4336,100.9801,1.7115271186440677,1.3996,3.0639,3.2094,59,14.3245,0.24278813559322035,0.2402,0.2882,0.3066,completed
38,known_visit,HIPC,bernoulli,drop_0.25,19,361,8,10,hipc_g19_d50_bernoulli_drop_0_25,reruns\grid_density\scenarios\cv\known_visit_grid19_targets10_trials50.csv,07,17,2,0,18,0,0,0,0,0,0.0,0,0,40,36,4,142,30,10,13.4158,1.34158,1.2025000000000001,3.018,3.018,11.1822,1.11822,0.9563999999999999,2.7751,2.7751,10,2.2336,0.22336,0.22985,0.2692,0.2692,completed
39,known_visit,HIPC,bernoulli,drop_0.25,19,361,8,10,hipc_g19_d50_bernoulli_drop_0_25,reruns\grid_density\scenarios\cv\known_visit_grid19_targets10_trials50.csv,00,6,1,0,7,0,1,3,1,1,5.0,1,0,36,15,21,141,23,59,34.8737,0.5910796610169492,0.4726,1.8539,2.3908,23.2461,0.3940016949152542,0.274,1.5894,2.1334,59,11.6276,0.1970779661016949,0.2083,0.2501,0.2645,completed
39,known_visit,HIPC,bernoulli,drop_0.25,19,361,8,10,hipc_g19_d50_bernoulli_drop_0_25,reruns\grid_density\scenarios\cv\known_visit_grid19_targets10_trials50.csv,01,12,2,0,13,0,1,0,0,0,0.0,0,0,45,27,18,139,16,41,32.5383,0.7936170731707317,0.5122,2.7396,2.9232,24.7088,0.6026536585365854,0.3224,2.4631,2.6863,41,7.8295,0.19096341463414634,0.1953,0.2621,0.2834,completed
39,known_visit,HIPC,bernoulli,drop_0.25,19,361,8,10,hipc_g19_d50_bernoulli_drop_0_25,reruns\grid_density\scenarios\cv\known_visit_grid19_targets10_trials50.csv,02,5,2,0,6,0,0,0,0,0,0.0,0,0,17,12,5,154,29,58,43.8393,0.75585,0.55865,1.5745,3.3305,32.2105,0.5553534482758621,0.3493,1.3585,2.7892,58,11.6288,0.20049655172413794,0.2069,0.2722,0.5413,completed
39,known_visit,HIPC,bernoulli,drop_0.25,19,361,8,10,hipc_g19_d50_bernoulli_drop_0_25,reruns\grid_density\scenarios\cv\known_visit_grid19_targets10_trials50.csv,03,22,4,0,23,0,0,0,0,0,0.0,0,0,54,45,9,128,19,6,8.2752,1.3792,1.27925,2.2199,2.2199,6.8088,1.1348,1.0497,1.9586,1.9586,6,1.4664,0.24439999999999998,0.23975000000000002,0.2904,0.2904,completed
39,known_visit,HIPC,bernoulli,drop_0.25,19,361,8,10,hipc_g19_d50_bernoulli_drop_0_25,reruns\grid_density\scenarios\cv\known_visit_grid19_targets10_trials50.csv,04,0,0,0,1,0,0,0,0,0,0.0,0,0,1,1,0,168,32,73,98.3318,1.3470109589041097,1.2269,3.0479,3.2107,82.4756,1.1298027397260273,0.9947,2.7994,2.9623,73,15.8562,0.2172082191780822,0.2221,0.2675,0.2738,completed
39,known_visit,HIPC,bernoulli,drop_0.25,19,361,8,10,hipc_g19_d50_bernoulli_drop_0_25,reruns\grid_density\scenarios\cv\known_visit_grid19_targets10_trials50.csv,05,0,0,0,1,0,0,0,0,0,0.0,0,0,1,1,0,165,35,73,133.4717,1.8283794520547945,2.074,3.0391,3.2288,116.7935,1.5999109589041096,1.8414,2.7864,2.9572,73,16.6782,0.22846849315068493,0.2344,0.2747,0.3257,completed
39,known_visit,HIPC,bernoulli,drop_0.25,19,361,8,10,hipc_g19_d50_bernoulli_drop_0_25,reruns\grid_density\scenarios\cv\known_visit_grid19_targets10_trials50.csv,06,0,0,0,1,0,0,0,0,0,0.0,0,0,1,1,0,163,37,73,99.9096,1.3686246575342464,1.268,3.0718,3.2914,84.1098,1.1521890410958906,1.0507,2.7988,3.038,73,15.7998,0.21643561643835615,0.2235,0.273,0.2804,completed
39,known_visit,HIPC,bernoulli,drop_0.25,19,361,8,10,hipc_g19_d50_bernoulli_drop_0_25,reruns\grid_density\scenarios\cv\known_visit_grid19_targets10_trials50.csv,07,17,1,0,18,0,0,0,0,0,0.0,0,0,46,36,10,123,31,19,15.446,0.8129473684210526,0.6908,2.5905,2.5905,11.8666,0.6245578947368421,0.468,2.3311,2.3311,19,3.5794,0.18838947368421052,0.2178,0.2594,0.2594,completed
40,known_visit,HIPC,bernoulli,drop_0.25,19,361,8,10,hipc_g19_d50_bernoulli_drop_0_25,reruns\grid_density\scenarios\cv\known_visit_grid19_targets10_trials50.csv,00,0,0,0,1,0,0,0,0,0,0.0,0,0,1,1,0,132,27,59,67.2228,1.1393694915254238,0.835,2.2808,2.8063,53.6705,0.9096694915254236,0.5982,2.1062,2.5096,59,13.5523,0.22970000000000002,0.2356,0.2848,0.3461,completed
40,known_visit,HIPC,bernoulli,drop_0.25,19,361,8,10,hipc_g19_d50_bernoulli_drop_0_25,reruns\grid_density\scenarios\cv\known_visit_grid19_targets10_trials50.csv,01,3,1,0,4,0,1,0,0,0,0.0,0,0,14,8,6,118,28,52,46.2885,0.8901634615384615,0.76705,1.3332,1.3646,34.1771,0.6572519230769232,0.5273,1.0505,1.1001,52,12.1114,0.23291153846153845,0.2358,0.2702,0.3574,completed
40,known_visit,HIPC,bernoulli,drop_0.25,19,361,8,10,hipc_g19_d50_bernoulli_drop_0_25,reruns\grid_density\scenarios\cv\known_visit_grid19_targets10_trials50.csv,02,8,3,0,9,0,1,0,0,0,0.0,0,0,26,18,8,108,26,34,25.5243,0.7507147058823529,0.7311000000000001,1.3704,2.294,17.7399,0.5217617647058823,0.50075,1.1193,2.0081,34,7.7844,0.22895294117647058,0.2301,0.2774,0.2859,completed
40,known_visit,HIPC,bernoulli,drop_0.25,19,361,8,10,hipc_g19_d50_bernoulli_drop_0_25,reruns\grid_density\scenarios\cv\known_visit_grid19_targets10_trials50.csv,03,2,1,0,3,0,0,0,0,0,0.0,0,0,10,6,4,128,22,54,33.2532,0.6158,0.45265,1.1451,2.2343,21.7798,0.40332962962962965,0.23304999999999998,0.975,1.9483,54,11.4734,0.21247037037037036,0.215,0.2532,0.3225,completed
40,known_visit,HIPC,bernoulli,drop_0.25,19,361,8,10,hipc_g19_d50_bernoulli_drop_0_25,reruns\grid_density\scenarios\cv\known_visit_grid19_targets10_trials50.csv,04,14,1,0,15,0,1,0,0,0,0.0,0,0,40,31,9,100,20,17,13.3153,0.7832529411764706,0.4942,2.8571,2.8571,9.6933,0.5701941176470589,0.2571,2.5691,2.5691,17,3.622,0.21305882352941174,0.2121,0.292,0.292,completed
40,known_visit,HIPC,bernoulli,drop_0.25,19,361,8,10,hipc_g19_d50_bernoulli_drop_0_25,reruns\grid_density\scenarios\cv\known_visit_grid19_targets10_trials50.csv,05,2,0,0,3,0,1,9,1,3,65.0,3,0,18,6,12,115,28,55,62.0879,1.128870909090909,1.0917,1.7777,1.8065,48.359700000000004,0.8792672727272728,0.8344,1.5104,1.5345,55,13.7282,0.24960363636363636,0.2556,0.287,0.3113,completed
40,known_visit,HIPC,bernoulli,drop_0.25,19,361,8,10,hipc_g19_d50_bernoulli_drop_0_25,reruns\grid_density\scenarios\cv\known_visit_grid19_targets10_trials50.csv,06,1,1,0,2,0,0,0,0,0,0.0,0,0,8,4,4,134,18,56,55.5549,0.9920517857142858,0.8358,1.5516,1.7789,42.8291,0.7648053571428571,0.5971,1.2977,1.6032,56,12.7258,0.22724642857142857,0.23270000000000002,0.2723,0.4522,completed
40,known_visit,HIPC,bernoulli,drop_0.25,19,361,8,10,hipc_g19_d50_bernoulli_drop_0_25,reruns\grid_density\scenarios\cv\known_visit_grid19_targets10_trials50.csv,07,18,3,0,19,0,0,0,0,0,0.0,0,0,44,37,7,92,25,7,5.2899,0.7557,0.6752,1.3918,1.3918,3.8229,0.5461285714285714,0.4413,1.153,1.153,7,1.467,0.20957142857142858,0.1975,0.3468,0.3468,completed
41,known_visit,HIPC,bernoulli,drop_0.25,19,361,8,10,hipc_g19_d50_bernoulli_drop_0_25,reruns\grid_density\scenarios\cv\known_visit_grid19_targets10_trials50.csv,00,4,1,0,5,0,0,0,0,0,0.0,0,0,14,10,4,128,29,37,45.677099999999996,1.2345162162162162,0.749,2.3314,2.8861,37.1087,1.0029378378378377,0.4879,2.0965,2.6267,37,8.5684,0.23157837837837839,0.2315,0.2812,0.3131,completed
41,known_visit,HIPC,bernoulli,drop_0.25,19,361,8,10,hipc_g19_d50_bernoulli_drop_0_25,reruns\grid_density\scenarios\cv\known_visit_grid19_targets10_trials50.csv,01,3,0,0,4,0,2,0,0,0,0.0,0,0,15,8,7,128,28,41,42.9579,1.0477536585365854,0.9132,1.7477,2.2347,34.0219,0.8298024390243903,0.6994,1.5116,1.9969,41,8.936,0.21795121951219512,0.2188,0.2504,0.2837,completed
41,known_visit,HIPC,bernoulli,drop_0.25,19,361,8,10,hipc_g19_d50_bernoulli_drop_0_25,reruns\grid_density\scenarios\cv\known_visit_grid19_targets10_trials50.csv,02,8,2,0,9,0,0,0,0,0,0.0,0,0,23,18,5,115,32,24,16.612000000000002,0.6921666666666667,0.5055000000000001,1.7692,2.5819,11.9627,0.4984458333333333,0.3204,1.5299,2.3258,24,4.6493,0.19372083333333334,0.1851,0.2393,0.2561,completed
41,known_visit,HIPC,bernoulli,drop_0.25,19,361,8,10,hipc_g19_d50_bernoulli_drop_0_25,reruns\grid_density\scenarios\cv\known_visit_grid19_targets10_trials50.csv,03,1,0,0,2,0,0,0,0,0,0.0,0,0,8,4,4,135,28,47,69.2986,1.4744382978723403,1.0307,3.3705,3.3735,58.6122,1.2470680851063831,0.741,3.1177,3.1272,47,10.6864,0.22737021276595745,0.2214,0.2528,0.739,completed
41,known_visit,HIPC,bernoulli,drop_0.25,19,361,8,10,hipc_g19_d50_bernoulli_drop_0_25,reruns\grid_density\scenarios\cv\known_visit_grid19_targets10_trials50.csv,04,8,1,0,9,0,0,0,0,0,0.0,0,0,21,18,3,119,30,25,23.406,0.93624,0.9224,1.7321,2.3761,18.23,0.7292000000000001,0.7092,1.4874,2.1464,25,5.176,0.20704,0.209,0.2415,0.2447,completed
41,known_visit,HIPC,bernoulli,drop_0.25,19,361,8,10,hipc_g19_d50_bernoulli_drop_0_25,reruns\grid_density\scenarios\cv\known_visit_grid19_targets10_trials50.csv,05,14,3,0,15,0,3,0,0,0,0.0,0,0,39,29,10,109,23,7,11.949,1.707,1.6463,3.0827,3.0827,10.3763,1.4823285714285714,1.4173,2.8352,2.8352,7,1.5727,0.22467142857142858,0.2304,0.2475,0.2475,completed
41,known_visit,HIPC,bernoulli,drop_0.25,19,361,8,10,hipc_g19_d50_bernoulli_drop_0_25,reruns\grid_density\scenarios\cv\known_visit_grid19_targets10_trials50.csv,06,2,0,0,3,0,1,0,0,0,0.0,0,0,13,8,5,133,24,44,51.6775,1.1744886363636364,0.93435,2.702,3.3988,42.4389,0.9645204545454544,0.7239,2.455,3.1606,44,9.2386,0.2099681818181818,0.21045,0.247,0.2504,completed
41,known_visit,HIPC,bernoulli,drop_0.25,19,361,8,10,hipc_g19_d50_bernoulli_drop_0_25,reruns\grid_density\scenarios\cv\known_visit_grid19_targets10_trials50.csv,07,15,3,0,16,0,0,0,0,0,0.0,0,0,38,31,7,110,23,7,12.4261,1.7751571428571429,1.6839,3.2892,3.2892,10.8359,1.5479857142857143,1.4625,3.0329,3.0329,7,1.5902,0.22717142857142858,0.2214,0.2563,0.2563,completed
42,known_visit,HIPC,bernoulli,drop_0.25,19,361,8,10,hipc_g19_d50_bernoulli_drop_0_25,reruns\grid_density\scenarios\cv\known_visit_grid19_targets10_trials50.csv,00,0,0,0,1,0,0,0,0,0,0.0,0,0,1,1,0,180,26,62,143.3899,2.3127403225806455,2.92965,3.3916,3.8036,127.9815,2.064217741935484,2.6965500000000002,3.1151,3.4986,62,15.4084,0.2485225806451613,0.24935000000000002,0.2823,0.305,completed
42,known_visit,HIPC,bernoulli,drop_0.25,19,361,8,10,hipc_g19_d50_bernoulli_drop_0_25,reruns\grid_density\scenarios\cv\known_visit_grid19_targets10_trials50.csv,01,19,3,0,20,0,0,0,0,0,0.0,0,0,44,39,5,147,17,4,8.4936,2.1234,2.25845,2.8169,2.8169,7.4953,1.873825,2.01185,2.5559,2.5559,4,0.9983,0.249575,0.25035,0.261,0.261,completed
42,known_visit,HIPC,bernoulli,drop_0.25,19,361,8,10,hipc_g19_d50_bernoulli_drop_0_25,reruns\grid_density\scenarios\cv\known_visit_grid19_targets10_trials50.csv,02,1,0,0,2,0,0,0,0,0,0.0,0,0,6,4,2,176,25,60,136.7128,2.2785466666666663,2.9427000000000003,3.4147,3.708,121.7988,2.02998,2.70395,3.1379,3.3388,60,14.914,0.24856666666666666,0.2521,0.2847,0.3692,completed
42,known_visit,HIPC,bernoulli,drop_0.25,19,361,8,10,hipc_g19_d50_bernoulli_drop_0_25,reruns\grid_density\scenarios\cv\known_visit_grid19_targets10_trials50.csv,03,15,3,0,16,0,0,0,0,0,0.0,0,0,39,32,7,148,21,15,11.0052,0.73368,0.3345,2.754,2.754,7.829,0.5219333333333334,0.133,2.5033,2.5033,15,3.1762,0.21174666666666667,0.2108,0.2638,0.2638,completed
42,known_visit,HIPC,bernoulli,drop_0.25,19,361,8,10,hipc_g19_d50_bernoulli_drop_0_25,reruns\grid_density\scenarios\cv\known_visit_grid19_targets10_trials50.csv,04,17,1,0,18,0,4,0,0,0,0.0,0,0,47,36,11,145,15,13,12.6535,0.9733461538461537,0.6041,2.7337,2.7337,9.7829,0.7525307692307692,0.3413,2.4831,2.4831,13,2.8706,0.2208153846153846,0.2211,0.2706,0.2706,completed
42,known_visit,HIPC,bernoulli,drop_0.25,19,361,8,10,hipc_g19_d50_bernoulli_drop_0_25,reruns\grid_density\scenarios\cv\known_visit_grid19_targets10_trials50.csv,05,0,0,0,1,0,0,0,0,0,0.0,0,0,1,1,0,173,33,62,135.7912,2.1901806451612904,2.5559,2.9597,3.6272,120.246,1.9394516129032258,2.3228,2.6965,3.3107,62,15.5452,0.25072903225806453,0.25425,0.2797,0.3165,completed
42,known_visit,HIPC,bernoulli,drop_0.25,19,361,8,10,hipc_g19_d50_bernoulli_drop_0_25,reruns\grid_density\scenarios\cv\known_visit_grid19_targets10_trials50.csv,06,11,1,0,12,0,0,0,0,0,0.0,0,0,28,24,4,150,30,26,35.6942,1.3728538461538462,1.18425,2.5055,2.8756,29.4752,1.1336615384615385,0.93695,2.2462,2.6361,26,6.219,0.2391923076923077,0.23885,0.2682,0.2776,completed
42,known_visit,HIPC,bernoulli,drop_0.25,19,361,8,10,hipc_g19_d50_bernoulli_drop_0_25,reruns\grid_density\scenarios\cv\known_visit_grid19_targets10_trials50.csv,07,17,2,0,18,0,1,0,0,0,0.0,0,0,42,36,6,141,25,10,14.9467,1.49467,1.1844000000000001,2.9976,2.9976,12.4916,1.24916,0.9353499999999999,2.7481,2.7481,10,2.4551,0.24550999999999998,0.24769999999999998,0.2843,0.2843,completed
43,known_visit,HIPC,bernoulli,drop_0.25,19,361,8,10,hipc_g19_d50_bernoulli_drop_0_25,reruns\grid_density\scenarios\cv\known_visit_grid19_targets10_trials50.csv,00,4,0,0,5,0,2,0,0,0,0.0,0,0,20,11,9,165,31,62,76.6455,1.2362177419354838,1.1596,2.4539,3.2913,61.135,0.9860483870967741,0.8936,2.1587,2.9738,62,15.5105,0.25016935483870967,0.25515,0.3175,0.3812,completed
43,known_visit,HIPC,bernoulli,drop_0.25,19,361,8,10,hipc_g19_d50_bernoulli_drop_0_25,reruns\grid_density\scenarios\cv\known_visit_grid19_targets10_trials50.csv,01,17,3,0,18,0,2,0,0,0,0.0,0,0,49,36,13,135,32,17,16.3485,0.9616764705882354,0.4523,3.742,3.742,12.3196,0.7246823529411764,0.2357,3.3749,3.3749,17,4.0289,0.23699411764705883,0.2198,0.3671,0.3671,completed
43,known_visit,HIPC,bernoulli,drop_0.25,19,361,8,10,hipc_g19_d50_bernoulli_drop_0_25,reruns\grid_density\scenarios\cv\known_visit_grid19_targets10_trials50.csv,02,7,2,0,8,0,1,0,0,0,0.0,0,0,25,16,9,163,28,51,49.7747,0.9759745098039216,0.8355,2.5084,3.2649,37.2034,0.7294784313725491,0.6066,2.251,2.9325,51,12.5713,0.24649607843137256,0.2467,0.3047,0.3324,completed
43,known_visit,HIPC,bernoulli,drop_0.25,19,361,8,10,hipc_g19_d50_bernoulli_drop_0_25,reruns\grid_density\scenarios\cv\known_visit_grid19_targets10_trials50.csv,03,21,2,0,22,0,0,0,0,0,0.0,0,0,51,44,7,145,21,8,10.4176,1.3022,1.0842999999999998,2.2541,2.2541,8.4113,1.0514125,0.8413999999999999,1.9429,1.9429,8,2.0063,0.2507875,0.2546,0.3376,0.3376,completed
43,known_visit,HIPC,bernoulli,drop_0.25,19,361,8,10,hipc_g19_d50_bernoulli_drop_0_25,reruns\grid_density\scenarios\cv\known_visit_grid19_targets10_trials50.csv,04,1,0,0,2,0,0,0,0,0,0.0,0,0,7,4,3,182,27,69,96.0691,1.3923057971014494,1.4002,3.2125,4.139,78.9871,1.1447405797101449,1.125,2.9498,3.8897,69,17.082,0.24756521739130435,0.2533,0.301,0.3362,completed
43,known_visit,HIPC,bernoulli,drop_0.25,19,361,8,10,hipc_g19_d50_bernoulli_drop_0_25,reruns\grid_density\scenarios\cv\known_visit_grid19_targets10_trials50.csv,05,18,2,0,19,0,0,0,0,0,0.0,0,0,44,38,6,142,30,16,15.969899999999999,0.9981187499999999,0.5546,3.2632,3.2632,12.0875,0.75546875,0.28800000000000003,2.9533,2.9533,16,3.8824,0.24265,0.24395,0.3099,0.3099,completed
43,known_visit,HIPC,bernoulli,drop_0.25,19,361,8,10,hipc_g19_d50_bernoulli_drop_0_25,reruns\grid_density\scenarios\cv\known_visit_grid19_targets10_trials50.csv,06,2,0,0,3,0,1,0,0,0,0.0,0,0,9,6,3,160,48,66,96.3172,1.459351515151515,1.4533,2.2933,2.4642,79.2357,1.200540909090909,1.2177,2.0111,2.171,66,17.0815,0.258810606060606,0.2675,0.3146,0.3327,completed
43,known_visit,HIPC,bernoulli,drop_0.25,19,361,8,10,hipc_g19_d50_bernoulli_drop_0_25,reruns\grid_density\scenarios\cv\known_visit_grid19_targets10_trials50.csv,07,3,1,0,4,0,0,0,0,0,0.0,0,0,12,8,4,170,34,61,65.1151,1.0674606557377049,0.8229,3.0032,3.1949,49.7744,0.8159737704918033,0.5607,2.6451,2.8996,61,15.3407,0.2514868852459016,0.2598,0.3055,0.3581,completed
44,known_visit,HIPC,bernoulli,drop_0.25,19,361,8,10,hipc_g19_d50_bernoulli_drop_0_25,reruns\grid_density\scenarios\cv\known_visit_grid19_targets10_trials50.csv,00,1,0,0,2,0,0,0,0,0,0.0,0,0,7,4,3,167,42,85,74.3996,0.875289411764706,0.7489,2.1802,2.4238,54.8866,0.645724705882353,0.5193,1.9016,2.1156,85,19.512999999999998,0.22956470588235292,0.2366,0.2875,0.3315,completed
44,known_visit,HIPC,bernoulli,drop_0.25,19,361,8,10,hipc_g19_d50_bernoulli_drop_0_25,reruns\grid_density\scenarios\cv\known_visit_grid19_targets10_trials50.csv,01,1,0,0,2,0,0,0,0,0,0.0,0,0,7,4,3,168,41,85,108.5911,1.2775423529411765,0.9592,3.4257,3.5722,88.1383,1.0369211764705883,0.7104,3.0927,3.3007,85,20.4528,0.24062117647058823,0.2487,0.3064,0.3343,completed
44,known_visit,HIPC,bernoulli,drop_0.25,19,361,8,10,hipc_g19_d50_bernoulli_drop_0_25,reruns\grid_density\scenarios\cv\known_visit_grid19_targets10_trials50.csv,02,0,0,0,1,0,0,0,0,0,0.0,0,0,1,1,0,181,34,87,97.3695,1.1191896551724139,0.6712,3.2051,3.5536,77.4833,0.890612643678161,0.4606,2.9525,3.2435,87,19.8862,0.22857701149425286,0.2305,0.3011,0.3237,completed
44,known_visit,HIPC,bernoulli,drop_0.25,19,361,8,10,hipc_g19_d50_bernoulli_drop_0_25,reruns\grid_density\scenarios\cv\known_visit_grid19_targets10_trials50.csv,03,15,2,0,16,0,0,0,0,0,0.0,0,0,38,32,6,151,28,41,22.0009,0.5366073170731708,0.3511,1.6305,2.4691,13.2587,0.3233829268292683,0.1388,1.3347,2.1866,41,8.7422,0.21322439024390244,0.212,0.2555,0.2958,completed
44,known_visit,HIPC,bernoulli,drop_0.25,19,361,8,10,hipc_g19_d50_bernoulli_drop_0_25,reruns\grid_density\scenarios\cv\known_visit_grid19_targets10_trials50.csv,04,12,1,1,11,2,2,0,0,0,0.0,0,0,38,28,10,152,26,53,31.9616,0.6030490566037736,0.4262,1.3692,2.4255,19.9726,0.3768415094339623,0.2088,1.0853,2.0964,53,11.989,0.22620754716981134,0.2174,0.2866,0.3291,completed
44,known_visit,HIPC,bernoulli,drop_0.25,19,361,8,10,hipc_g19_d50_bernoulli_drop_0_25,reruns\grid_density\scenarios\cv\known_visit_grid19_targets10_trials50.csv,05,8,2,1,7,2,0,0,0,0,0.0,0,0,29,19,10,155,32,63,55.0049,0.8730936507936508,0.5812,1.5765,2.8371,40.2637,0.6391063492063492,0.3437,1.3013,2.5406,63,14.7412,0.23398730158730158,0.2291,0.2965,0.309,completed
44,known_visit,HIPC,bernoulli,drop_0.25,19,361,8,10,hipc_g19_d50_bernoulli_drop_0_25,reruns\grid_density\scenarios\cv\known_visit_grid19_targets10_trials50.csv,06,9,2,0,10,0,4,0,0,0,0.0,0,0,34,20,14,153,29,64,52.800200000000004,0.8250031250000001,0.60415,3.1692,3.8107,38.735,0.605234375,0.3754,2.8699,3.5044,64,14.0652,0.21976875,0.2255,0.2993,0.3223,completed
44,known_visit,HIPC,bernoulli,drop_0.25,19,361,8,10,hipc_g19_d50_bernoulli_drop_0_25,reruns\grid_density\scenarios\cv\known_visit_grid19_targets10_trials50.csv,07,25,3,0,26,0,2,0,0,0,0.0,0,0,63,52,11,127,27,12,17.5625,1.4635416666666667,1.35935,2.8042,2.8042,14.5529,1.2127416666666666,1.14435,2.5169,2.5169,12,3.0096,0.25079999999999997,0.2592,0.3019,0.3019,completed
45,known_visit,HIPC,bernoulli,drop_0.25,19,361,8,10,hipc_g19_d50_bernoulli_drop_0_25,reruns\grid_density\scenarios\cv\known_visit_grid19_targets10_trials50.csv,00,0,0,0,1,0,0,0,0,0,0.0,0,0,1,1,0,194,41,75,176.8196,2.357594666666667,2.4788,3.7871,3.9765,157.2916,2.097221333333333,2.188,3.4924,3.6686,75,19.528,0.2603733333333333,0.2854,0.3392,0.3848,completed
45,known_visit,HIPC,bernoulli,drop_0.25,19,361,8,10,hipc_g19_d50_bernoulli_drop_0_25,reruns\grid_density\scenarios\cv\known_visit_grid19_targets10_trials50.csv,01,18,1,0,19,0,0,0,0,0,0.0,0,0,46,39,7,163,28,20,17.8775,0.8938750000000001,0.321,2.4441,2.6842,14.1885,0.709425,0.19419999999999998,2.2606,2.3925,20,3.689,0.18445,0.1326,0.2917,0.317,completed
45,known_visit,HIPC,bernoulli,drop_0.25,19,361,8,10,hipc_g19_d50_bernoulli_drop_0_25,reruns\grid_density\scenarios\cv\known_visit_grid19_targets10_trials50.csv,02,1,0,0,2,0,0,0,0,0,0.0,0,0,7,4,3,194,35,73,90.1263,1.2346068493150686,0.9381,2.6349,3.6848,73.2919,1.0039986301369863,0.6745,2.3315,3.3725,73,16.8344,0.23060821917808216,0.2597,0.3141,0.3193,completed
45,known_visit,HIPC,bernoulli,drop_0.25,19,361,8,10,hipc_g19_d50_bernoulli_drop_0_25,reruns\grid_density\scenarios\cv\known_visit_grid19_targets10_trials50.csv,03,22,3,1,22,1,0,0,0,0,0.0,0,0,52,45,7,151,34,7,10.1513,1.4501857142857144,1.2278,3.0055,3.0055,8.5137,1.2162428571428572,0.9464,2.7263,2.7263,7,1.6376,0.23394285714285715,0.2646,0.3023,0.3023,completed
45,known_visit,HIPC,bernoulli,drop_0.25,19,361,8,10,hipc_g19_d50_bernoulli_drop_0_25,reruns\grid_density\scenarios\cv\known_visit_grid19_targets10_trials50.csv,04,2,1,0,3,0,0,0,0,0,0.0,0,0,10,6,4,194,32,69,92.8309,1.3453753623188405,1.0948,2.8047,3.1518,76.7432,1.1122202898550726,0.8328,2.5135,2.8382,69,16.0877,0.23315507246376815,0.2568,0.3051,0.3136,completed
45,known_visit,HIPC,bernoulli,drop_0.25,19,361,8,10,hipc_g19_d50_bernoulli_drop_0_25,reruns\grid_density\scenarios\cv\known_visit_grid19_targets10_trials50.csv,05,8,1,0,8,1,3,0,0,0,0.0,0,0,26,19,7,184,26,53,54.0249,1.0193377358490567,0.7903,2.435,3.3177,42.8147,0.8078245283018868,0.5577,2.1648,3.0026,53,11.2102,0.21151320754716982,0.2288,0.2995,0.3151,completed
45,known_visit,HIPC,bernoulli,drop_0.25,19,361,8,10,hipc_g19_d50_bernoulli_drop_0_25,reruns\grid_density\scenarios\cv\known_visit_grid19_targets10_trials50.csv,06,18,2,0,19,0,0,0,0,0,0.0,0,0,50,38,12,165,21,21,18.0429,0.8591857142857142,0.2721,2.9809,3.0245,14.287899999999999,0.6803761904761905,0.15,2.6832,2.7026,21,3.755,0.1788095238095238,0.1249,0.3015,0.3219,completed
45,known_visit,HIPC,bernoulli,drop_0.25,19,361,8,10,hipc_g19_d50_bernoulli_drop_0_25,reruns\grid_density\scenarios\cv\known_visit_grid19_targets10_trials50.csv,07,16,2,1,16,1,0,0,0,0,0.0,0,0,45,34,11,162,30,26,19.4229,0.7470346153846154,0.2837,2.4276,2.9426,14.8515,0.5712115384615385,0.1377,2.1422,2.6499,26,4.5714,0.17582307692307692,0.14679999999999999,0.2854,0.2927,completed
46,known_visit,HIPC,bernoulli,drop_0.25,19,361,8,10,hipc_g19_d50_bernoulli_drop_0_25,reruns\grid_density\scenarios\cv\known_visit_grid19_targets10_trials50.csv,00,13,2,0,14,0,0,0,0,0,0.0,0,0,34,28,6,170,29,26,30.2153,1.1621269230769231,1.0842,1.8651,2.7445,23.9488,0.9211076923076923,0.84425,1.6092,2.4413,26,6.2665,0.24101923076923076,0.24245,0.279,0.3032,completed
46,known_visit,HIPC,bernoulli,drop_0.25,19,361,8,10,hipc_g19_d50_bernoulli_drop_0_25,reruns\grid_density\scenarios\cv\known_visit_grid19_targets10_trials50.csv,01,19,2,0,20,0,3,0,0,0,0.0,0,0,53,40,13,149,31,8,12.9685,1.6210625,1.41125,2.5558,2.5558,11.0692,1.38365,1.2073999999999998,2.309,2.309,8,1.8993,0.2374125,0.24195,0.3266,0.3266,completed
46,known_visit,HIPC,bernoulli,drop_0.25,19,361,8,10,hipc_g19_d50_bernoulli_drop_0_25,reruns\grid_density\scenarios\cv\known_visit_grid19_targets10_trials50.csv,02,0,0,0,1,0,0,0,0,0,0.0,0,0,1,1,0,192,40,66,204.0238,3.0912696969696967,3.1909,3.9872,4.2582,186.657,2.828136363636364,2.9391499999999997,3.6797,3.9482,66,17.3668,0.26313333333333333,0.2659,0.3149,0.4649,completed
46,known_visit,HIPC,bernoulli,drop_0.25,19,361,8,10,hipc_g19_d50_bernoulli_drop_0_25,reruns\grid_density\scenarios\cv\known_visit_grid19_targets10_trials50.csv,03,4,0,0,5,0,0,8,1,3,65.0,3,0,21,11,10,189,24,54,96.6742,1.790262962962963,1.57825,3.0252,3.1322,82.7106,1.5316777777777777,1.2965,2.7491,2.8505,54,13.9636,0.2585851851851852,0.25885,0.2828,0.2899,completed
46,known_visit,HIPC,bernoulli,drop_0.25,19,361,8,10,hipc_g19_d50_bernoulli_drop_0_25,reruns\grid_density\scenarios\cv\known_visit_grid19_targets10_trials50.csv,04,5,1,0,6,0,0,0,0,0,0.0,0,0,15,12,3,176,43,51,73.0452,1.4322588235294116,1.4489,2.0715,3.1007,60.4557,1.1854058823529412,1.1819,1.7857,2.806,51,12.5895,0.24685294117647058,0.2484,0.2858,0.2947,completed
46,known_visit,HIPC,bernoulli,drop_0.25,19,361,8,10,hipc_g19_d50_bernoulli_drop_0_25,reruns\grid_density\scenarios\cv\known_visit_grid19_targets10_trials50.csv,05,20,3,0,21,0,2,0,0,0,0.0,0,0,50,41,9,156,28,9,16.0892,1.787688888888889,1.7184,3.1804,3.1804,13.8889,1.543211111111111,1.4649,2.8761,2.8761,9,2.2003,0.24447777777777777,0.2535,0.3043,0.3043,completed
46,known_visit,HIPC,bernoulli,drop_0.25,19,361,8,10,hipc_g19_d50_bernoulli_drop_0_25,reruns\grid_density\scenarios\cv\known_visit_grid19_targets10_trials50.csv,06,17,2,0,18,0,0,0,0,0,0.0,0,0,44,36,8,157,32,13,17.1114,1.3162615384615384,1.0152,3.1315,3.1315,13.9411,1.0723923076923076,0.7856,2.8341,2.8341,13,3.1703,0.24386923076923078,0.2468,0.2974,0.2974,completed
46,known_visit,HIPC,bernoulli,drop_0.25,19,361,8,10,hipc_g19_d50_bernoulli_drop_0_25,reruns\grid_density\scenarios\cv\known_visit_grid19_targets10_trials50.csv,07,4,0,1,4,1,0,0,0,0,0.0,0,0,16,11,5,179,38,56,109.208,1.9501428571428572,1.74,3.8258,4.1241,95.2229,1.7004089285714286,1.51715,3.5146,3.8118,56,13.985100000000001,0.2497339285714286,0.25595,0.3123,0.3219,completed
47,known_visit,HIPC,bernoulli,drop_0.25,19,361,8,10,hipc_g19_d50_bernoulli_drop_0_25,reruns\grid_density\scenarios\cv\known_visit_grid19_targets10_trials50.csv,00,6,1,0,7,0,1,0,0,0,0.0,0,0,18,14,4,134,25,41,35.7577,0.8721390243902439,0.8918,1.1428,2.4766,26.8089,0.6538756097560976,0.6667,0.9082,2.2152,41,8.9488,0.21826341463414634,0.2346,0.2721,0.2832,completed
47,known_visit,HIPC,bernoulli,drop_0.25,19,361,8,10,hipc_g19_d50_bernoulli_drop_0_25,reruns\grid_density\scenarios\cv\known_visit_grid19_targets10_trials50.csv,01,0,0,0,1,0,0,0,0,0,0.0,0,0,1,1,0,145,31,59,110.4137,1.8714186440677967,1.8251,3.4079,3.6517,95.6941,1.6219338983050848,1.563,3.135,3.3345,59,14.7196,0.24948474576271187,0.2608,0.3119,0.3172,completed
47,known_visit,HIPC,bernoulli,drop_0.25,19,361,8,10,hipc_g19_d50_bernoulli_drop_0_25,reruns\grid_density\scenarios\cv\known_visit_grid19_targets10_trials50.csv,02,17,3,0,18,0,0,0,0,0,0.0,0,0,43,35,8,119,15,8,11.2548,1.40685,0.99005,2.9234,2.9234,9.2915,1.1614375,0.73475,2.6421,2.6421,8,1.9632999999999998,0.24541249999999998,0.25334999999999996,0.3092,0.3092,completed
47,known_visit,HIPC,bernoulli,drop_0.25,19,361,8,10,hipc_g19_d50_bernoulli_drop_0_25,reruns\grid_density\scenarios\cv\known_visit_grid19_targets10_trials50.csv,03,4,1,0,5,0,0,0,0,0,0.0,0,0,13,10,3,140,24,47,46.3435,0.986031914893617,0.9939,1.2745,2.9684,35.6158,0.7577829787234043,0.7411,1.029,2.6748,47,10.7277,0.22824893617021277,0.2421,0.2984,0.3126,completed
47,known_visit,HIPC,bernoulli,drop_0.25,19,361,8,10,hipc_g19_d50_bernoulli_drop_0_25,reruns\grid_density\scenarios\cv\known_visit_grid19_targets10_trials50.csv,04,12,2,0,13,0,0,2,1,1,5.0,1,0,37,28,9,122,18,22,16.0236,0.7283454545454545,0.4274,1.7976,2.889,11.7721,0.5350954545454546,0.29390000000000005,1.5073,2.5918,22,4.2515,0.19325,0.21365,0.2903,0.2972,completed
47,known_visit,HIPC,bernoulli,drop_0.25,19,361,8,10,hipc_g19_d50_bernoulli_drop_0_25,reruns\grid_density\scenarios\cv\known_visit_grid19_targets10_trials50.csv,05,4,0,0,5,0,0,0,0,0,0.0,0,0,13,10,3,138,27,46,51.6058,1.1218652173913044,1.22225,1.6156,2.0273,41.0692,0.8928086956521739,0.9843,1.3719,1.7486,46,10.5366,0.22905652173913044,0.24214999999999998,0.2787,0.3049,completed
47,known_visit,HIPC,bernoulli,drop_0.25,19,361,8,10,hipc_g19_d50_bernoulli_drop_0_25,reruns\grid_density\scenarios\cv\known_visit_grid19_targets10_trials50.csv,06,18,2,0,19,0,1,0,0,0,0.0,0,0,43,37,6,113,22,7,11.687100000000001,1.6695857142857145,1.7504,2.8885,2.8885,10.074,1.439142857142857,1.5069,2.6206,2.6206,7,1.6131,0.23044285714285714,0.2543,0.314,0.314,completed
47,known_visit,HIPC,bernoulli,drop_0.25,19,361,8,10,hipc_g19_d50_bernoulli_drop_0_25,reruns\grid_density\scenarios\cv\known_visit_grid19_targets10_trials50.csv,07,3,1,0,4,0,0,0,0,0,0.0,0,0,10,8,2,147,20,50,80.098,1.60196,1.7293500000000002,3.1073,3.6501,68.3186,1.3663720000000001,1.4841000000000002,2.8114,3.3582,50,11.7794,0.23558800000000002,0.24845,0.2919,0.2961,completed
48,known_visit,HIPC,bernoulli,drop_0.25,19,361,8,10,hipc_g19_d50_bernoulli_drop_0_25,reruns\grid_density\scenarios\cv\known_visit_grid19_targets10_trials50.csv,00,16,2,0,17,0,2,2,2,0,0.0,0,0,46,36,10,165,18,19,18.996199999999998,0.9997999999999999,0.4588,3.1109,3.1109,14.7588,0.7767789473684211,0.2387,2.8256,2.8256,19,4.2374,0.22302105263157895,0.2049,0.3391,0.3391,completed
48,known_visit,HIPC,bernoulli,drop_0.25,19,361,8,10,hipc_g19_d50_bernoulli_drop_0_25,reruns\grid_density\scenarios\cv\known_visit_grid19_targets10_trials50.csv,01,5,1,0,6,0,0,2,1,1,5.0,1,0,25,13,12,172,31,53,51.0056,0.9623698113207547,0.6369,2.9972,3.0813,39.5528,0.7462792452830188,0.4018,2.7043,2.776,53,11.4528,0.21609056603773585,0.2133,0.3053,0.3119,completed
48,known_visit,HIPC,bernoulli,drop_0.25,19,361,8,10,hipc_g19_d50_bernoulli_drop_0_25,reruns\grid_density\scenarios\cv\known_visit_grid19_targets10_trials50.csv,02,14,2,0,15,0,3,1,1,0,0.0,0,0,47,31,16,157,24,30,31.725,1.0575,0.4119,3.2015,3.2267,25.2098,0.8403266666666667,0.21255000000000002,2.9129,2.9199,30,6.5152,0.21717333333333333,0.19205,0.3014,0.3068,completed
48,known_visit,HIPC,bernoulli,drop_0.25,19,361,8,10,hipc_g19_d50_bernoulli_drop_0_25,reruns\grid_density\scenarios\cv\known_visit_grid19_targets10_trials50.csv,03,1,0,0,2,0,0,0,0,0,0.0,0,0,7,4,3,198,23,65,104.1083,1.6016661538461539,1.3351,3.0271,3.794,88.1178,1.3556584615384615,1.1098,2.7249,3.4764,65,15.9905,0.24600769230769232,0.2478,0.3176,0.3708,completed
48,known_visit,HIPC,bernoulli,drop_0.25,19,361,8,10,hipc_g19_d50_bernoulli_drop_0_25,reruns\grid_density\scenarios\cv\known_visit_grid19_targets10_trials50.csv,04,9,1,0,10,0,0,0,0,0,0.0,0,0,26,20,6,173,29,40,35.0498,0.8762449999999999,0.6228,1.7215,3.2323,26.6245,0.6656125,0.45520000000000005,1.4644,2.9374,40,8.4253,0.2106325,0.2079,0.2812,0.2949,completed
48,known_visit,HIPC,bernoulli,drop_0.25,19,361,8,10,hipc_g19_d50_bernoulli_drop_0_25,reruns\grid_density\scenarios\cv\known_visit_grid19_targets10_trials50.csv,05,19,2,0,20,0,3,0,0,0,0.0,0,0,49,40,9,147,33,13,30.7515,2.3655,2.4627,3.6527,3.6527,27.3643,2.104946153846154,2.1517,3.3672,3.3672,13,3.3872,0.26055384615384614,0.2638,0.311,0.311,completed
48,known_visit,HIPC,bernoulli,drop_0.25,19,361,8,10,hipc_g19_d50_bernoulli_drop_0_25,reruns\grid_density\scenarios\cv\known_visit_grid19_targets10_trials50.csv,06,1,0,0,2,0,0,0,0,0,0.0,0,0,6,4,2,188,34,65,106.1643,1.633296923076923,1.51,3.1366,3.7645,89.9418,1.38372,1.3425,2.8177,3.4681,65,16.2225,0.24957692307692309,0.2622,0.312,0.3269,completed
48,known_visit,HIPC,bernoulli,drop_0.25,19,361,8,10,hipc_g19_d50_bernoulli_drop_0_25,reruns\grid_density\scenarios\cv\known_visit_grid19_targets10_trials50.csv,07,8,2,0,9,0,0,0,0,0,0.0,0,0,23,18,5,182,23,44,42.9804,0.9768272727272728,0.6980999999999999,2.6322,3.1239,32.9697,0.7493113636363637,0.5257499999999999,2.3009,2.8482,44,10.0107,0.2275159090909091,0.22035,0.2868,0.3313,completed
49,known_visit,HIPC,bernoulli,drop_0.25,19,361,8,10,hipc_g19_d50_bernoulli_drop_0_25,reruns\grid_density\scenarios\cv\known_visit_grid19_targets10_trials50.csv,00,25,4,0,26,0,0,0,0,0,0.0,0,0,58,51,7,117,17,7,8.354800000000001,1.1935428571428572,1.1197,2.2168,2.2168,6.6506,0.9500857142857143,0.8765,1.9226,1.9226,7,1.7042,0.24345714285714284,0.2432,0.2942,0.2942,completed
49,known_visit,HIPC,bernoulli,drop_0.25,19,361,8,10,hipc_g19_d50_bernoulli_drop_0_25,reruns\grid_density\scenarios\cv\known_visit_grid19_targets10_trials50.csv,01,6,0,1,6,1,1,0,0,0,0.0,0,0,20,15,5,143,29,68,77.7547,1.1434514705882353,0.49460000000000004,3.4927,3.6835,62.3491,0.9168985294117648,0.25375000000000003,3.2216,3.4089,68,15.4056,0.2265529411764706,0.2177,0.2902,0.2979,completed
49,known_visit,HIPC,bernoulli,drop_0.25,19,361,8,10,hipc_g19_d50_bernoulli_drop_0_25,reruns\grid_density\scenarios\cv\known_visit_grid19_targets10_trials50.csv,02,1,0,0,2,0,0,0,0,0,0.0,0,0,6,4,2,166,19,82,109.5516,1.3359951219512194,0.8404,2.7036,3.4974,89.9369,1.096791463414634,0.6005499999999999,2.4423,3.2381,82,19.6147,0.23920365853658535,0.2371,0.2727,0.2916,completed
49,known_visit,HIPC,bernoulli,drop_0.25,19,361,8,10,hipc_g19_d50_bernoulli_drop_0_25,reruns\grid_density\scenarios\cv\known_visit_grid19_targets10_trials50.csv,03,11,1,0,12,0,0,0,0,0,0.0,0,0,34,24,10,127,30,51,36.0184,0.706243137254902,0.5369,1.6487,2.1453,24.7303,0.4849078431372549,0.3213,1.3966,1.896,51,11.2881,0.22133529411764705,0.216,0.2629,0.2793,completed
49,known_visit,HIPC,bernoulli,drop_0.25,19,361,8,10,hipc_g19_d50_bernoulli_drop_0_25,reruns\grid_density\scenarios\cv\known_visit_grid19_targets10_trials50.csv,04,8,1,0,9,0,3,0,0,0,0.0,0,0,25,18,7,141,26,62,47.105199999999996,0.7597612903225806,0.61685,1.4711,2.086,33.3932,0.5386,0.3877,1.2309,1.8292,62,13.712,0.22116129032258064,0.21745,0.2568,0.2716,completed
49,known_visit,HIPC,bernoulli,drop_0.25,19,361,8,10,hipc_g19_d50_bernoulli_drop_0_25,reruns\grid_density\scenarios\cv\known_visit_grid19_targets10_trials50.csv,05,2,1,0,3,0,0,0,0,0,0.0,0,0,8,6,2,150,33,78,130.4822,1.672848717948718,1.3178,2.7062,3.0148,110.6184,1.4181846153846154,1.0672000000000001,2.4466,2.7296,78,19.8638,0.2546641025641026,0.2521,0.2838,0.3225,completed
49,known_visit,HIPC,bernoulli,drop_0.25,19,361,8,10,hipc_g19_d50_bernoulli_drop_0_25,reruns\grid_density\scenarios\cv\known_visit_grid19_targets10_trials50.csv,06,11,2,0,12,0,1,0,0,0,0.0,0,0,31,24,7,123,37,51,31.0668,0.6091529411764706,0.4286,1.8256,2.8877,20.3462,0.3989450980392157,0.2189,1.5725,2.6187,51,10.7206,0.21020784313725488,0.2041,0.2531,0.269,completed
49,known_visit,HIPC,bernoulli,drop_0.25,19,361,8,10,hipc_g19_d50_bernoulli_drop_0_25,reruns\grid_density\scenarios\cv\known_visit_grid19_targets10_trials50.csv,07,3,1,0,4,0,0,0,0,0,0.0,0,0,10,8,2,147,34,77,63.771499999999996,0.8282012987012987,0.553,1.9266,3.069,46.8289,0.6081675324675324,0.3415,1.6497,2.7909,77,16.9426,0.22003376623376622,0.2124,0.2657,0.2781,completed
