trial_id,trial_mode,algorithm,comm_model,comm_level,grid_size,grid_cells,robot_count,target_count,condition_id,scenario_file,target_index,target_x,target_y,first_completion_time_s,first_completion_sim_time_s,first_found_by_robot,first_finder_robot_id,total_visits,duplicate_visits,completed,trial_status
0,known_visit,PI,bernoulli,drop_0.25,25,625,3,10,pi_g25_d220_bernoulli_drop_0_25,reruns\grid_density\scenarios\cv\known_visit_grid25_targets10_trials50.csv,1,18,2,36.76409918012803,36.76409918012803,00,00,1,0,True,completed
0,known_visit,PI,bernoulli,drop_0.25,25,625,3,10,pi_g25_d220_bernoulli_drop_0_25,reruns\grid_density\scenarios\cv\known_visit_grid25_targets10_trials50.csv,2,11,22,34.75652164018006,34.75652164018006,01,01,1,0,True,completed
0,known_visit,PI,bernoulli,drop_0.25,25,625,3,10,pi_g25_d220_bernoulli_drop_0_25,reruns\grid_density\scenarios\cv\known_visit_grid25_targets10_trials50.csv,3,9,9,61.02159832058337,61.02159832058337,01,01,1,0,True,completed
0,known_visit,PI,bernoulli,drop_0.25,25,625,3,10,pi_g25_d220_bernoulli_drop_0_25,reruns\grid_density\scenarios\cv\known_visit_grid25_targets10_trials50.csv,4,21,1,43.96045694433033,43.96045694433033,00,00,1,0,True,completed
0,known_visit,PI,bernoulli,drop_0.25,25,625,3,10,pi_g25_d220_bernoulli_drop_0_25,reruns\grid_density\scenarios\cv\known_visit_grid25_targets10_trials50.csv,5,14,2,29.980407200878485,29.980407200878485,00,00,1,0,True,completed
0,known_visit,PI,bernoulli,drop_0.25,25,625,3,10,pi_g25_d220_bernoulli_drop_0_25,reruns\grid_density\scenarios\cv\known_visit_grid25_targets10_trials50.csv,6,7,9,64.45018733602649,64.45018733602649,01,01,1,0,True,completed
0,known_visit,PI,bernoulli,drop_0.25,25,625,3,10,pi_g25_d220_bernoulli_drop_0_25,reruns\grid_density\scenarios\cv\known_visit_grid25_targets10_trials50.csv,7,21,24,33.86397479675136,33.86397479675136,02,02,1,0,True,completed
0,known_visit,PI,bernoulli,drop_0.25,25,625,3,10,pi_g25_d220_bernoulli_drop_0_25,reruns\grid_density\scenarios\cv\known_visit_grid25_targets10_trials50.csv,8,11,3,22.491335274218482,22.491335274218482,00,00,1,0,True,completed
0,known_visit,PI,bernoulli,drop_0.25,25,625,3,10,pi_g25_d220_bernoulli_drop_0_25,reruns\grid_density\scenarios\cv\known_visit_grid25_targets10_trials50.csv,9,3,18,13.998515373206203,13.998515373206203,01,01,1,0,True,completed
0,known_visit,PI,bernoulli,drop_0.25,25,625,3,10,pi_g25_d220_bernoulli_drop_0_25,reruns\grid_density\scenarios\cv\known_visit_grid25_targets10_trials50.csv,10,22,18,46.20499366020323,46.20499366020323,02,02,1,0,True,completed
1,known_visit,PI,bernoulli,drop_0.25,25,625,3,10,pi_g25_d220_bernoulli_drop_0_25,reruns\grid_density\scenarios\cv\known_visit_grid25_targets10_trials50.csv,1,2,0,1.7676095703231682,1.7676095703231682,00,00,2,1,True,completed
1,known_visit,PI,bernoulli,drop_0.25,25,625,3,10,pi_g25_d220_bernoulli_drop_0_25,reruns\grid_density\scenarios\cv\known_visit_grid25_targets10_trials50.csv,2,22,23,63.22111422762145,63.22111422762145,02,02,1,0,True,completed
1,known_visit,PI,bernoulli,drop_0.25,25,625,3,10,pi_g25_d220_bernoulli_drop_0_25,reruns\grid_density\scenarios\cv\known_visit_grid25_targets10_trials50.csv,3,6,15,14.082455839558458,14.082455839558458,01,01,1,0,True,completed
1,known_visit,PI,bernoulli,drop_0.25,25,625,3,10,pi_g25_d220_bernoulli_drop_0_25,reruns\grid_density\scenarios\cv\known_visit_grid25_targets10_trials50.csv,4,23,23,65.00087694248126,65.00087694248126,02,02,1,0,True,completed
1,known_visit,PI,bernoulli,drop_0.25,25,625,3,10,pi_g25_d220_bernoulli_drop_0_25,reruns\grid_density\scenarios\cv\known_visit_grid25_targets10_trials50.csv,5,7,4,17.251588556050418,17.251588556050418,00,00,1,0,True,completed
1,known_visit,PI,bernoulli,drop_0.25,25,625,3,10,pi_g25_d220_bernoulli_drop_0_25,reruns\grid_density\scenarios\cv\known_visit_grid25_targets10_trials50.csv,6,12,6,29.449518230265543,29.449518230265543,00,00,1,0,True,completed
1,known_visit,PI,bernoulli,drop_0.25,25,625,3,10,pi_g25_d220_bernoulli_drop_0_25,reruns\grid_density\scenarios\cv\known_visit_grid25_targets10_trials50.csv,7,14,19,42.238296138678876,42.238296138678876,02,02,1,0,True,completed
1,known_visit,PI,bernoulli,drop_0.25,25,625,3,10,pi_g25_d220_bernoulli_drop_0_25,reruns\grid_density\scenarios\cv\known_visit_grid25_targets10_trials50.csv,8,20,4,46.73650077686028,46.73650077686028,00,00,1,0,True,completed
1,known_visit,PI,bernoulli,drop_0.25,25,625,3,10,pi_g25_d220_bernoulli_drop_0_25,reruns\grid_density\scenarios\cv\known_visit_grid25_targets10_trials50.csv,9,3,15,8.677743587654422,8.677743587654422,01,01,1,0,True,completed
1,known_visit,PI,bernoulli,drop_0.25,25,625,3,10,pi_g25_d220_bernoulli_drop_0_25,reruns\grid_density\scenarios\cv\known_visit_grid25_targets10_trials50.csv,10,10,16,29.398922700818613,29.398922700818613,02,02,1,0,True,completed
2,known_visit,PI,bernoulli,drop_0.25,25,625,3,10,pi_g25_d220_bernoulli_drop_0_25,reruns\grid_density\scenarios\cv\known_visit_grid25_targets10_trials50.csv,1,17,10,53.36216959904112,53.36216959904112,01,01,1,0,True,completed
2,known_visit,PI,bernoulli,drop_0.25,25,625,3,10,pi_g25_d220_bernoulli_drop_0_25,reruns\grid_density\scenarios\cv\known_visit_grid25_targets10_trials50.csv,2,15,0,24.089306397845665,24.089306397845665,00,00,1,0,True,completed
2,known_visit,PI,bernoulli,drop_0.25,25,625,3,10,pi_g25_d220_bernoulli_drop_0_25,reruns\grid_density\scenarios\cv\known_visit_grid25_targets10_trials50.csv,3,16,1,27.85049895441147,27.85049895441147,00,00,1,0,True,completed
2,known_visit,PI,bernoulli,drop_0.25,25,625,3,10,pi_g25_d220_bernoulli_drop_0_25,reruns\grid_density\scenarios\cv\known_visit_grid25_targets10_trials50.csv,4,21,23,68.07956287907646,68.07956287907646,02,02,1,0,True,completed
2,known_visit,PI,bernoulli,drop_0.25,25,625,3,10,pi_g25_d220_bernoulli_drop_0_25,reruns\grid_density\scenarios\cv\known_visit_grid25_targets10_trials50.csv,5,11,7,37.520888303501735,37.520888303501735,01,01,1,0,True,completed
2,known_visit,PI,bernoulli,drop_0.25,25,625,3,10,pi_g25_d220_bernoulli_drop_0_25,reruns\grid_density\scenarios\cv\known_visit_grid25_targets10_trials50.csv,6,1,11,2.163985484860171,2.163985484860171,01,01,1,0,True,completed
2,known_visit,PI,bernoulli,drop_0.25,25,625,3,10,pi_g25_d220_bernoulli_drop_0_25,reruns\grid_density\scenarios\cv\known_visit_grid25_targets10_trials50.csv,7,6,14,16.223399309805394,16.223399309805394,01,01,2,1,True,completed
2,known_visit,PI,bernoulli,drop_0.25,25,625,3,10,pi_g25_d220_bernoulli_drop_0_25,reruns\grid_density\scenarios\cv\known_visit_grid25_targets10_trials50.csv,8,8,0,12.191333520899878,12.191333520899878,00,00,1,0,True,completed
2,known_visit,PI,bernoulli,drop_0.25,25,625,3,10,pi_g25_d220_bernoulli_drop_0_25,reruns\grid_density\scenarios\cv\known_visit_grid25_targets10_trials50.csv,9,15,22,55.580654700853394,55.580654700853394,02,02,1,0,True,completed
2,known_visit,PI,bernoulli,drop_0.25,25,625,3,10,pi_g25_d220_bernoulli_drop_0_25,reruns\grid_density\scenarios\cv\known_visit_grid25_targets10_trials50.csv,10,24,6,50.32952397038304,50.32952397038304,00,00,1,0,True,completed
3,known_visit,PI,bernoulli,drop_0.25,25,625,3,10,pi_g25_d220_bernoulli_drop_0_25,reruns\grid_density\scenarios\cv\known_visit_grid25_targets10_trials50.csv,1,14,2,57.976465415163645,57.976465415163645,00,00,1,0,True,completed
3,known_visit,PI,bernoulli,drop_0.25,25,625,3,10,pi_g25_d220_bernoulli_drop_0_25,reruns\grid_density\scenarios\cv\known_visit_grid25_targets10_trials50.csv,2,4,19,13.938472689358841,13.938472689358841,02,02,1,0,True,completed
3,known_visit,PI,bernoulli,drop_0.25,25,625,3,10,pi_g25_d220_bernoulli_drop_0_25,reruns\grid_density\scenarios\cv\known_visit_grid25_targets10_trials50.csv,3,6,15,14.082865259854927,14.082865259854927,01,01,2,1,True,completed
3,known_visit,PI,bernoulli,drop_0.25,25,625,3,10,pi_g25_d220_bernoulli_drop_0_25,reruns\grid_density\scenarios\cv\known_visit_grid25_targets10_trials50.csv,4,23,19,54.482957460672225,54.482957460672225,01,01,1,0,True,completed
3,known_visit,PI,bernoulli,drop_0.25,25,625,3,10,pi_g25_d220_bernoulli_drop_0_25,reruns\grid_density\scenarios\cv\known_visit_grid25_targets10_trials50.csv,5,22,10,72.14789773807688,72.14789773807688,01,01,1,0,True,completed
3,known_visit,PI,bernoulli,drop_0.25,25,625,3,10,pi_g25_d220_bernoulli_drop_0_25,reruns\grid_density\scenarios\cv\known_visit_grid25_targets10_trials50.csv,6,2,14,5.494717530474099,5.494717530474099,01,01,2,1,True,completed
3,known_visit,PI,bernoulli,drop_0.25,25,625,3,10,pi_g25_d220_bernoulli_drop_0_25,reruns\grid_density\scenarios\cv\known_visit_grid25_targets10_trials50.csv,7,17,16,38.91124612635287,38.91124612635287,01,01,1,0,True,completed
3,known_visit,PI,bernoulli,drop_0.25,25,625,3,10,pi_g25_d220_bernoulli_drop_0_25,reruns\grid_density\scenarios\cv\known_visit_grid25_targets10_trials50.csv,8,1,11,19.364623669406587,19.364623669406587,00,00,1,0,True,completed
3,known_visit,PI,bernoulli,drop_0.25,25,625,3,10,pi_g25_d220_bernoulli_drop_0_25,reruns\grid_density\scenarios\cv\known_visit_grid25_targets10_trials50.csv,9,9,14,21.254545129684416,21.254545129684416,01,01,1,0,True,completed
3,known_visit,PI,bernoulli,drop_0.25,25,625,3,10,pi_g25_d220_bernoulli_drop_0_25,reruns\grid_density\scenarios\cv\known_visit_grid25_targets10_trials50.csv,10,7,8,35.273560035566575,35.273560035566575,00,00,1,0,True,completed
4,known_visit,PI,bernoulli,drop_0.25,25,625,3,10,pi_g25_d220_bernoulli_drop_0_25,reruns\grid_density\scenarios\cv\known_visit_grid25_targets10_trials50.csv,1,2,13,3.8164863536392857,3.8164863536392857,01,01,1,0,True,completed
4,known_visit,PI,bernoulli,drop_0.25,25,625,3,10,pi_g25_d220_bernoulli_drop_0_25,reruns\grid_density\scenarios\cv\known_visit_grid25_targets10_trials50.csv,2,21,0,33.784022752276535,33.784022752276535,00,00,1,0,True,completed
4,known_visit,PI,bernoulli,drop_0.25,25,625,3,10,pi_g25_d220_bernoulli_drop_0_25,reruns\grid_density\scenarios\cv\known_visit_grid25_targets10_trials50.csv,3,16,9,53.58046634271779,53.58046634271779,01,01,1,0,True,completed
4,known_visit,PI,bernoulli,drop_0.25,25,625,3,10,pi_g25_d220_bernoulli_drop_0_25,reruns\grid_density\scenarios\cv\known_visit_grid25_targets10_trials50.csv,4,18,18,43.886713960781925,43.886713960781925,02,02,1,0,True,completed
4,known_visit,PI,bernoulli,drop_0.25,25,625,3,10,pi_g25_d220_bernoulli_drop_0_25,reruns\grid_density\scenarios\cv\known_visit_grid25_targets10_trials50.csv,5,20,1,37.76994832954295,37.76994832954295,00,00,1,0,True,completed
4,known_visit,PI,bernoulli,drop_0.25,25,625,3,10,pi_g25_d220_bernoulli_drop_0_25,reruns\grid_density\scenarios\cv\known_visit_grid25_targets10_trials50.csv,6,12,21,28.163676084058277,28.163676084058277,02,02,1,0,True,completed
4,known_visit,PI,bernoulli,drop_0.25,25,625,3,10,pi_g25_d220_bernoulli_drop_0_25,reruns\grid_density\scenarios\cv\known_visit_grid25_targets10_trials50.csv,7,8,20,19.13084449188483,19.13084449188483,02,02,1,0,True,completed
4,known_visit,PI,bernoulli,drop_0.25,25,625,3,10,pi_g25_d220_bernoulli_drop_0_25,reruns\grid_density\scenarios\cv\known_visit_grid25_targets10_trials50.csv,8,24,6,53.366527529533386,53.366527529533386,00,00,1,0,True,completed
4,known_visit,PI,bernoulli,drop_0.25,25,625,3,10,pi_g25_d220_bernoulli_drop_0_25,reruns\grid_density\scenarios\cv\known_visit_grid25_targets10_trials50.csv,9,20,12,57.482552951135666,57.482552951135666,02,02,1,0,True,completed
4,known_visit,PI,bernoulli,drop_0.25,25,625,3,10,pi_g25_d220_bernoulli_drop_0_25,reruns\grid_density\scenarios\cv\known_visit_grid25_targets10_trials50.csv,10,2,6,20.17273124891416,20.17273124891416,01,01,1,0,True,completed
5,known_visit,PI,bernoulli,drop_0.25,25,625,3,10,pi_g25_d220_bernoulli_drop_0_25,reruns\grid_density\scenarios\cv\known_visit_grid25_targets10_trials50.csv,1,12,1,64.2717359795827,64.2717359795827,01,01,1,0,True,completed
5,known_visit,PI,bernoulli,drop_0.25,25,625,3,10,pi_g25_d220_bernoulli_drop_0_25,reruns\grid_density\scenarios\cv\known_visit_grid25_targets10_trials50.csv,2,2,6,12.34521960851455,12.34521960851455,00,00,1,0,True,completed
5,known_visit,PI,bernoulli,drop_0.25,25,625,3,10,pi_g25_d220_bernoulli_drop_0_25,reruns\grid_density\scenarios\cv\known_visit_grid25_targets10_trials50.csv,3,5,21,12.526374562340335,12.526374562340335,02,02,1,0,True,completed
5,known_visit,PI,bernoulli,drop_0.25,25,625,3,10,pi_g25_d220_bernoulli_drop_0_25,reruns\grid_density\scenarios\cv\known_visit_grid25_targets10_trials50.csv,4,7,2,28.908156036536838,28.908156036536838,01,01,1,0,True,completed
5,known_visit,PI,bernoulli,drop_0.25,25,625,3,10,pi_g25_d220_bernoulli_drop_0_25,reruns\grid_density\scenarios\cv\known_visit_grid25_targets10_trials50.csv,5,1,8,7.361778201875891,7.361778201875891,01,01,1,0,True,completed
5,known_visit,PI,bernoulli,drop_0.25,25,625,3,10,pi_g25_d220_bernoulli_drop_0_25,reruns\grid_density\scenarios\cv\known_visit_grid25_targets10_trials50.csv,6,16,3,41.7870951955846,41.7870951955846,00,00,1,0,True,completed
5,known_visit,PI,bernoulli,drop_0.25,25,625,3,10,pi_g25_d220_bernoulli_drop_0_25,reruns\grid_density\scenarios\cv\known_visit_grid25_targets10_trials50.csv,7,21,4,52.82437961270477,52.82437961270477,00,00,1,0,True,completed
5,known_visit,PI,bernoulli,drop_0.25,25,625,3,10,pi_g25_d220_bernoulli_drop_0_25,reruns\grid_density\scenarios\cv\known_visit_grid25_targets10_trials50.csv,8,24,20,54.73743463958877,54.73743463958877,02,02,1,0,True,completed
5,known_visit,PI,bernoulli,drop_0.25,25,625,3,10,pi_g25_d220_bernoulli_drop_0_25,reruns\grid_density\scenarios\cv\known_visit_grid25_targets10_trials50.csv,9,13,23,30.22057806684839,30.22057806684839,02,02,1,0,True,completed
5,known_visit,PI,bernoulli,drop_0.25,25,625,3,10,pi_g25_d220_bernoulli_drop_0_25,reruns\grid_density\scenarios\cv\known_visit_grid25_targets10_trials50.csv,10,5,6,17.72787647351052,17.72787647351052,00,00,2,1,True,completed
6,known_visit,PI,bernoulli,drop_0.25,25,625,3,10,pi_g25_d220_bernoulli_drop_0_25,reruns\grid_density\scenarios\cv\known_visit_grid25_targets10_trials50.csv,1,5,9,16.27801919628539,16.27801919628539,01,01,1,0,True,completed
6,known_visit,PI,bernoulli,drop_0.25,25,625,3,10,pi_g25_d220_bernoulli_drop_0_25,reruns\grid_density\scenarios\cv\known_visit_grid25_targets10_trials50.csv,2,24,15,127.33414020974087,127.33414020974087,02,02,1,0,True,completed
6,known_visit,PI,bernoulli,drop_0.25,25,625,3,10,pi_g25_d220_bernoulli_drop_0_25,reruns\grid_density\scenarios\cv\known_visit_grid25_targets10_trials50.csv,3,3,8,10.416709317185662,10.416709317185662,01,01,2,1,True,completed
6,known_visit,PI,bernoulli,drop_0.25,25,625,3,10,pi_g25_d220_bernoulli_drop_0_25,reruns\grid_density\scenarios\cv\known_visit_grid25_targets10_trials50.csv,4,9,8,25.32732236899323,25.32732236899323,01,01,1,0,True,completed
6,known_visit,PI,bernoulli,drop_0.25,25,625,3,10,pi_g25_d220_bernoulli_drop_0_25,reruns\grid_density\scenarios\cv\known_visit_grid25_targets10_trials50.csv,5,8,0,12.369912280345151,12.369912280345151,00,00,2,1,True,completed
6,known_visit,PI,bernoulli,drop_0.25,25,625,3,10,pi_g25_d220_bernoulli_drop_0_25,reruns\grid_density\scenarios\cv\known_visit_grid25_targets10_trials50.csv,6,24,20,96.68067233812556,96.68067233812556,00,00,1,0,True,completed
6,known_visit,PI,bernoulli,drop_0.25,25,625,3,10,pi_g25_d220_bernoulli_drop_0_25,reruns\grid_density\scenarios\cv\known_visit_grid25_targets10_trials50.csv,7,10,3,21.213532793005406,21.213532793005406,00,00,2,1,True,completed
6,known_visit,PI,bernoulli,drop_0.25,25,625,3,10,pi_g25_d220_bernoulli_drop_0_25,reruns\grid_density\scenarios\cv\known_visit_grid25_targets10_trials50.csv,8,13,9,34.46126087784017,34.46126087784017,01,01,2,1,True,completed
6,known_visit,PI,bernoulli,drop_0.25,25,625,3,10,pi_g25_d220_bernoulli_drop_0_25,reruns\grid_density\scenarios\cv\known_visit_grid25_targets10_trials50.csv,9,12,24,18.639415752761114,18.639415752761114,02,02,2,1,True,completed
6,known_visit,PI,bernoulli,drop_0.25,25,625,3,10,pi_g25_d220_bernoulli_drop_0_25,reruns\grid_density\scenarios\cv\known_visit_grid25_targets10_trials50.csv,10,11,14,37.86848964376756,37.86848964376756,02,02,1,0,True,completed
7,known_visit,PI,bernoulli,drop_0.25,25,625,3,10,pi_g25_d220_bernoulli_drop_0_25,reruns\grid_density\scenarios\cv\known_visit_grid25_targets10_trials50.csv,1,4,17,51.91500383133895,51.91500383133895,01,01,1,0,True,completed
7,known_visit,PI,bernoulli,drop_0.25,25,625,3,10,pi_g25_d220_bernoulli_drop_0_25,reruns\grid_density\scenarios\cv\known_visit_grid25_targets10_trials50.csv,2,9,16,41.44973837549111,41.44973837549111,01,01,1,0,True,completed
7,known_visit,PI,bernoulli,drop_0.25,25,625,3,10,pi_g25_d220_bernoulli_drop_0_25,reruns\grid_density\scenarios\cv\known_visit_grid25_targets10_trials50.csv,3,9,18,25.04875363785678,25.04875363785678,02,02,2,1,True,completed
7,known_visit,PI,bernoulli,drop_0.25,25,625,3,10,pi_g25_d220_bernoulli_drop_0_25,reruns\grid_density\scenarios\cv\known_visit_grid25_targets10_trials50.csv,4,24,1,94.14855867260339,94.14855867260339,02,02,1,0,True,completed
7,known_visit,PI,bernoulli,drop_0.25,25,625,3,10,pi_g25_d220_bernoulli_drop_0_25,reruns\grid_density\scenarios\cv\known_visit_grid25_targets10_trials50.csv,5,21,18,60.23463671114732,60.23463671114732,02,02,1,0,True,completed
7,known_visit,PI,bernoulli,drop_0.25,25,625,3,10,pi_g25_d220_bernoulli_drop_0_25,reruns\grid_density\scenarios\cv\known_visit_grid25_targets10_trials50.csv,6,9,19,22.968887063290687,22.968887063290687,02,02,2,1,True,completed
7,known_visit,PI,bernoulli,drop_0.25,25,625,3,10,pi_g25_d220_bernoulli_drop_0_25,reruns\grid_density\scenarios\cv\known_visit_grid25_targets10_trials50.csv,7,2,19,10.497523036482766,10.497523036482766,02,02,2,1,True,completed
7,known_visit,PI,bernoulli,drop_0.25,25,625,3,10,pi_g25_d220_bernoulli_drop_0_25,reruns\grid_density\scenarios\cv\known_visit_grid25_targets10_trials50.csv,8,14,19,36.00919924880008,36.00919924880008,02,02,1,0,True,completed
7,known_visit,PI,bernoulli,drop_0.25,25,625,3,10,pi_g25_d220_bernoulli_drop_0_25,reruns\grid_density\scenarios\cv\known_visit_grid25_targets10_trials50.csv,9,14,22,41.13295755177847,41.13295755177847,02,02,1,0,True,completed
7,known_visit,PI,bernoulli,drop_0.25,25,625,3,10,pi_g25_d220_bernoulli_drop_0_25,reruns\grid_density\scenarios\cv\known_visit_grid25_targets10_trials50.csv,10,2,6,12.17606253008037,12.17606253008037,01,01,2,1,True,completed
8,known_visit,PI,bernoulli,drop_0.25,25,625,3,10,pi_g25_d220_bernoulli_drop_0_25,reruns\grid_density\scenarios\cv\known_visit_grid25_targets10_trials50.csv,1,8,11,24.657128479241738,24.657128479241738,01,01,1,0,True,completed
8,known_visit,PI,bernoulli,drop_0.25,25,625,3,10,pi_g25_d220_bernoulli_drop_0_25,reruns\grid_density\scenarios\cv\known_visit_grid25_targets10_trials50.csv,2,22,0,36.073763064053914,36.073763064053914,00,00,1,0,True,completed
8,known_visit,PI,bernoulli,drop_0.25,25,625,3,10,pi_g25_d220_bernoulli_drop_0_25,reruns\grid_density\scenarios\cv\known_visit_grid25_targets10_trials50.csv,3,10,0,15.534061771961992,15.534061771961992,00,00,1,0,True,completed
8,known_visit,PI,bernoulli,drop_0.25,25,625,3,10,pi_g25_d220_bernoulli_drop_0_25,reruns\grid_density\scenarios\cv\known_visit_grid25_targets10_trials50.csv,4,12,12,44.30885813017084,44.30885813017084,02,02,1,0,True,completed
8,known_visit,PI,bernoulli,drop_0.25,25,625,3,10,pi_g25_d220_bernoulli_drop_0_25,reruns\grid_density\scenarios\cv\known_visit_grid25_targets10_trials50.csv,5,22,15,55.57274484104607,55.57274484104607,01,01,1,0,True,completed
8,known_visit,PI,bernoulli,drop_0.25,25,625,3,10,pi_g25_d220_bernoulli_drop_0_25,reruns\grid_density\scenarios\cv\known_visit_grid25_targets10_trials50.csv,6,7,8,17.798824395254627,17.798824395254627,01,01,1,0,True,completed
8,known_visit,PI,bernoulli,drop_0.25,25,625,3,10,pi_g25_d220_bernoulli_drop_0_25,reruns\grid_density\scenarios\cv\known_visit_grid25_targets10_trials50.csv,7,12,17,31.505041142082387,31.505041142082387,02,02,1,0,True,completed
8,known_visit,PI,bernoulli,drop_0.25,25,625,3,10,pi_g25_d220_bernoulli_drop_0_25,reruns\grid_density\scenarios\cv\known_visit_grid25_targets10_trials50.csv,8,5,8,14.15161184734586,14.15161184734586,01,01,1,0,True,completed
8,known_visit,PI,bernoulli,drop_0.25,25,625,3,10,pi_g25_d220_bernoulli_drop_0_25,reruns\grid_density\scenarios\cv\known_visit_grid25_targets10_trials50.csv,9,20,13,48.73758006461697,48.73758006461697,01,01,1,0,True,completed
8,known_visit,PI,bernoulli,drop_0.25,25,625,3,10,pi_g25_d220_bernoulli_drop_0_25,reruns\grid_density\scenarios\cv\known_visit_grid25_targets10_trials50.csv,10,11,13,33.519363327155126,33.519363327155126,01,01,2,1,True,completed
9,known_visit,PI,bernoulli,drop_0.25,25,625,3,10,pi_g25_d220_bernoulli_drop_0_25,reruns\grid_density\scenarios\cv\known_visit_grid25_targets10_trials50.csv,1,12,13,28.342799677774007,28.342799677774007,01,01,1,0,True,completed
9,known_visit,PI,bernoulli,drop_0.25,25,625,3,10,pi_g25_d220_bernoulli_drop_0_25,reruns\grid_density\scenarios\cv\known_visit_grid25_targets10_trials50.csv,2,0,15,32.355148142584646,32.355148142584646,00,00,1,0,True,completed
9,known_visit,PI,bernoulli,drop_0.25,25,625,3,10,pi_g25_d220_bernoulli_drop_0_25,reruns\grid_density\scenarios\cv\known_visit_grid25_targets10_trials50.csv,3,8,21,21.617605111063476,21.617605111063476,02,02,1,0,True,completed
9,known_visit,PI,bernoulli,drop_0.25,25,625,3,10,pi_g25_d220_bernoulli_drop_0_25,reruns\grid_density\scenarios\cv\known_visit_grid25_targets10_trials50.csv,4,12,5,42.278627086985615,42.278627086985615,01,01,1,0,True,completed
9,known_visit,PI,bernoulli,drop_0.25,25,625,3,10,pi_g25_d220_bernoulli_drop_0_25,reruns\grid_density\scenarios\cv\known_visit_grid25_targets10_trials50.csv,5,6,20,15.977141025280458,15.977141025280458,02,02,2,1,True,completed
9,known_visit,PI,bernoulli,drop_0.25,25,625,3,10,pi_g25_d220_bernoulli_drop_0_25,reruns\grid_density\scenarios\cv\known_visit_grid25_targets10_trials50.csv,6,1,10,3.889475491786651,3.889475491786651,01,01,2,1,True,completed
9,known_visit,PI,bernoulli,drop_0.25,25,625,3,10,pi_g25_d220_bernoulli_drop_0_25,reruns\grid_density\scenarios\cv\known_visit_grid25_targets10_trials50.csv,7,15,19,37.40868596502733,37.40868596502733,02,02,1,0,True,completed
9,known_visit,PI,bernoulli,drop_0.25,25,625,3,10,pi_g25_d220_bernoulli_drop_0_25,reruns\grid_density\scenarios\cv\known_visit_grid25_targets10_trials50.csv,8,2,11,7.730077272917205,7.730077272917205,01,01,2,1,True,completed
9,known_visit,PI,bernoulli,drop_0.25,25,625,3,10,pi_g25_d220_bernoulli_drop_0_25,reruns\grid_density\scenarios\cv\known_visit_grid25_targets10_trials50.csv,9,24,1,83.89246558171,83.89246558171,02,02,1,0,True,completed
9,known_visit,PI,bernoulli,drop_0.25,25,625,3,10,pi_g25_d220_bernoulli_drop_0_25,reruns\grid_density\scenarios\cv\known_visit_grid25_targets10_trials50.csv,10,15,2,52.686573891841334,52.686573891841334,01,01,1,0,True,completed
10,known_visit,PI,bernoulli,drop_0.25,25,625,3,10,pi_g25_d220_bernoulli_drop_0_25,reruns\grid_density\scenarios\cv\known_visit_grid25_targets10_trials50.csv,1,7,19,19.209924847496566,19.209924847496566,02,02,1,0,True,completed
10,known_visit,PI,bernoulli,drop_0.25,25,625,3,10,pi_g25_d220_bernoulli_drop_0_25,reruns\grid_density\scenarios\cv\known_visit_grid25_targets10_trials50.csv,2,19,17,43.471203316049746,43.471203316049746,02,02,1,0,True,completed
10,known_visit,PI,bernoulli,drop_0.25,25,625,3,10,pi_g25_d220_bernoulli_drop_0_25,reruns\grid_density\scenarios\cv\known_visit_grid25_targets10_trials50.csv,3,5,6,17.690261954273385,17.690261954273385,00,00,1,0,True,completed
10,known_visit,PI,bernoulli,drop_0.25,25,625,3,10,pi_g25_d220_bernoulli_drop_0_25,reruns\grid_density\scenarios\cv\known_visit_grid25_targets10_trials50.csv,4,15,7,37.19717005165445,37.19717005165445,01,01,1,0,True,completed
10,known_visit,PI,bernoulli,drop_0.25,25,625,3,10,pi_g25_d220_bernoulli_drop_0_25,reruns\grid_density\scenarios\cv\known_visit_grid25_targets10_trials50.csv,5,18,8,44.5199462409687,44.5199462409687,01,01,1,0,True,completed
10,known_visit,PI,bernoulli,drop_0.25,25,625,3,10,pi_g25_d220_bernoulli_drop_0_25,reruns\grid_density\scenarios\cv\known_visit_grid25_targets10_trials50.csv,6,10,8,26.69468119773314,26.69468119773314,01,01,1,0,True,completed
10,known_visit,PI,bernoulli,drop_0.25,25,625,3,10,pi_g25_d220_bernoulli_drop_0_25,reruns\grid_density\scenarios\cv\known_visit_grid25_targets10_trials50.csv,7,22,4,50.823155114120866,50.823155114120866,00,00,1,0,True,completed
10,known_visit,PI,bernoulli,drop_0.25,25,625,3,10,pi_g25_d220_bernoulli_drop_0_25,reruns\grid_density\scenarios\cv\known_visit_grid25_targets10_trials50.csv,8,18,0,64.60707883354037,64.60707883354037,00,00,1,0,True,completed
10,known_visit,PI,bernoulli,drop_0.25,25,625,3,10,pi_g25_d220_bernoulli_drop_0_25,reruns\grid_density\scenarios\cv\known_visit_grid25_targets10_trials50.csv,9,16,19,34.884090282212895,34.884090282212895,02,02,1,0,True,completed
10,known_visit,PI,bernoulli,drop_0.25,25,625,3,10,pi_g25_d220_bernoulli_drop_0_25,reruns\grid_density\scenarios\cv\known_visit_grid25_targets10_trials50.csv,10,4,13,7.111922726664692,7.111922726664692,01,01,1,0,True,completed
11,known_visit,PI,bernoulli,drop_0.25,25,625,3,10,pi_g25_d220_bernoulli_drop_0_25,reruns\grid_density\scenarios\cv\known_visit_grid25_targets10_trials50.csv,1,20,11,63.544318426347964,63.544318426347964,00,00,1,0,True,completed
11,known_visit,PI,bernoulli,drop_0.25,25,625,3,10,pi_g25_d220_bernoulli_drop_0_25,reruns\grid_density\scenarios\cv\known_visit_grid25_targets10_trials50.csv,2,6,17,17.673713493054418,17.673713493054418,01,01,1,0,True,completed
11,known_visit,PI,bernoulli,drop_0.25,25,625,3,10,pi_g25_d220_bernoulli_drop_0_25,reruns\grid_density\scenarios\cv\known_visit_grid25_targets10_trials50.csv,3,9,3,19.184231055282947,19.184231055282947,00,00,1,0,True,completed
11,known_visit,PI,bernoulli,drop_0.25,25,625,3,10,pi_g25_d220_bernoulli_drop_0_25,reruns\grid_density\scenarios\cv\known_visit_grid25_targets10_trials50.csv,4,9,13,66.82535489374399,66.82535489374399,02,02,1,0,True,completed
11,known_visit,PI,bernoulli,drop_0.25,25,625,3,10,pi_g25_d220_bernoulli_drop_0_25,reruns\grid_density\scenarios\cv\known_visit_grid25_targets10_trials50.csv,5,12,20,33.350835115482894,33.350835115482894,01,01,1,0,True,completed
11,known_visit,PI,bernoulli,drop_0.25,25,625,3,10,pi_g25_d220_bernoulli_drop_0_25,reruns\grid_density\scenarios\cv\known_visit_grid25_targets10_trials50.csv,6,2,14,5.399344969550123,5.399344969550123,01,01,1,0,True,completed
11,known_visit,PI,bernoulli,drop_0.25,25,625,3,10,pi_g25_d220_bernoulli_drop_0_25,reruns\grid_density\scenarios\cv\known_visit_grid25_targets10_trials50.csv,7,16,16,47.731928609787595,47.731928609787595,01,01,1,0,True,completed
11,known_visit,PI,bernoulli,drop_0.25,25,625,3,10,pi_g25_d220_bernoulli_drop_0_25,reruns\grid_density\scenarios\cv\known_visit_grid25_targets10_trials50.csv,8,20,1,42.10936670086621,42.10936670086621,00,00,1,0,True,completed
11,known_visit,PI,bernoulli,drop_0.25,25,625,3,10,pi_g25_d220_bernoulli_drop_0_25,reruns\grid_density\scenarios\cv\known_visit_grid25_targets10_trials50.csv,9,20,16,54.898056342981874,54.898056342981874,01,01,1,0,True,completed
11,known_visit,PI,bernoulli,drop_0.25,25,625,3,10,pi_g25_d220_bernoulli_drop_0_25,reruns\grid_density\scenarios\cv\known_visit_grid25_targets10_trials50.csv,10,12,19,31.732175765325305,31.732175765325305,01,01,1,0,True,completed
12,known_visit,PI,bernoulli,drop_0.25,25,625,3,10,pi_g25_d220_bernoulli_drop_0_25,reruns\grid_density\scenarios\cv\known_visit_grid25_targets10_trials50.csv,1,1,15,5.394420600225856,5.394420600225856,01,01,2,1,True,completed
12,known_visit,PI,bernoulli,drop_0.25,25,625,3,10,pi_g25_d220_bernoulli_drop_0_25,reruns\grid_density\scenarios\cv\known_visit_grid25_targets10_trials50.csv,2,19,20,56.782095311911846,56.782095311911846,01,01,1,0,True,completed
12,known_visit,PI,bernoulli,drop_0.25,25,625,3,10,pi_g25_d220_bernoulli_drop_0_25,reruns\grid_density\scenarios\cv\known_visit_grid25_targets10_trials50.csv,3,4,24,5.518979707403609,5.518979707403609,02,02,1,0,True,completed
12,known_visit,PI,bernoulli,drop_0.25,25,625,3,10,pi_g25_d220_bernoulli_drop_0_25,reruns\grid_density\scenarios\cv\known_visit_grid25_targets10_trials50.csv,4,14,12,34.09693687047657,34.09693687047657,01,01,3,2,True,completed
12,known_visit,PI,bernoulli,drop_0.25,25,625,3,10,pi_g25_d220_bernoulli_drop_0_25,reruns\grid_density\scenarios\cv\known_visit_grid25_targets10_trials50.csv,5,9,13,23.512705145449058,23.512705145449058,01,01,2,1,True,completed
12,known_visit,PI,bernoulli,drop_0.25,25,625,3,10,pi_g25_d220_bernoulli_drop_0_25,reruns\grid_density\scenarios\cv\known_visit_grid25_targets10_trials50.csv,6,5,13,16.17024150310388,16.17024150310388,01,01,2,1,True,completed
12,known_visit,PI,bernoulli,drop_0.25,25,625,3,10,pi_g25_d220_bernoulli_drop_0_25,reruns\grid_density\scenarios\cv\known_visit_grid25_targets10_trials50.csv,7,14,13,32.07854982947434,32.07854982947434,01,01,3,2,True,completed
12,known_visit,PI,bernoulli,drop_0.25,25,625,3,10,pi_g25_d220_bernoulli_drop_0_25,reruns\grid_density\scenarios\cv\known_visit_grid25_targets10_trials50.csv,8,14,9,38.873464725866555,38.873464725866555,00,00,1,0,True,completed
12,known_visit,PI,bernoulli,drop_0.25,25,625,3,10,pi_g25_d220_bernoulli_drop_0_25,reruns\grid_density\scenarios\cv\known_visit_grid25_targets10_trials50.csv,9,13,3,26.426632872704293,26.426632872704293,00,00,1,0,True,completed
12,known_visit,PI,bernoulli,drop_0.25,25,625,3,10,pi_g25_d220_bernoulli_drop_0_25,reruns\grid_density\scenarios\cv\known_visit_grid25_targets10_trials50.csv,10,13,6,31.76789829899608,31.76789829899608,00,00,1,0,True,completed
13,known_visit,PI,bernoulli,drop_0.25,25,625,3,10,pi_g25_d220_bernoulli_drop_0_25,reruns\grid_density\scenarios\cv\known_visit_grid25_targets10_trials50.csv,1,22,9,52.26827758571251,52.26827758571251,00,00,1,0,True,completed
13,known_visit,PI,bernoulli,drop_0.25,25,625,3,10,pi_g25_d220_bernoulli_drop_0_25,reruns\grid_density\scenarios\cv\known_visit_grid25_targets10_trials50.csv,2,15,5,32.88553008086391,32.88553008086391,00,00,2,1,True,completed
13,known_visit,PI,bernoulli,drop_0.25,25,625,3,10,pi_g25_d220_bernoulli_drop_0_25,reruns\grid_density\scenarios\cv\known_visit_grid25_targets10_trials50.csv,3,2,20,8.980367487478473,8.980367487478473,02,02,1,0,True,completed
13,known_visit,PI,bernoulli,drop_0.25,25,625,3,10,pi_g25_d220_bernoulli_drop_0_25,reruns\grid_density\scenarios\cv\known_visit_grid25_targets10_trials50.csv,4,2,18,12.33499289022924,12.33499289022924,01,01,1,0,True,completed
13,known_visit,PI,bernoulli,drop_0.25,25,625,3,10,pi_g25_d220_bernoulli_drop_0_25,reruns\grid_density\scenarios\cv\known_visit_grid25_targets10_trials50.csv,5,23,0,80.61481999047416,80.61481999047416,00,00,1,0,True,completed
13,known_visit,PI,bernoulli,drop_0.25,25,625,3,10,pi_g25_d220_bernoulli_drop_0_25,reruns\grid_density\scenarios\cv\known_visit_grid25_targets10_trials50.csv,6,16,9,41.642864572142166,41.642864572142166,00,00,2,1,True,completed
13,known_visit,PI,bernoulli,drop_0.25,25,625,3,10,pi_g25_d220_bernoulli_drop_0_25,reruns\grid_density\scenarios\cv\known_visit_grid25_targets10_trials50.csv,7,13,16,35.22346172571975,35.22346172571975,01,01,1,0,True,completed
13,known_visit,PI,bernoulli,drop_0.25,25,625,3,10,pi_g25_d220_bernoulli_drop_0_25,reruns\grid_density\scenarios\cv\known_visit_grid25_targets10_trials50.csv,8,22,12,57.705470348326806,57.705470348326806,00,00,1,0,True,completed
13,known_visit,PI,bernoulli,drop_0.25,25,625,3,10,pi_g25_d220_bernoulli_drop_0_25,reruns\grid_density\scenarios\cv\known_visit_grid25_targets10_trials50.csv,9,2,3,7.211090017738355,7.211090017738355,00,00,1,0,True,completed
13,known_visit,PI,bernoulli,drop_0.25,25,625,3,10,pi_g25_d220_bernoulli_drop_0_25,reruns\grid_density\scenarios\cv\known_visit_grid25_targets10_trials50.csv,10,12,19,28.080652958463812,28.080652958463812,02,02,1,0,True,completed
14,known_visit,PI,bernoulli,drop_0.25,25,625,3,10,pi_g25_d220_bernoulli_drop_0_25,reruns\grid_density\scenarios\cv\known_visit_grid25_targets10_trials50.csv,1,15,19,36.74053786014295,36.74053786014295,01,01,2,1,True,completed
14,known_visit,PI,bernoulli,drop_0.25,25,625,3,10,pi_g25_d220_bernoulli_drop_0_25,reruns\grid_density\scenarios\cv\known_visit_grid25_targets10_trials50.csv,2,12,23,21.37111989345036,21.37111989345036,02,02,1,0,True,completed
14,known_visit,PI,bernoulli,drop_0.25,25,625,3,10,pi_g25_d220_bernoulli_drop_0_25,reruns\grid_density\scenarios\cv\known_visit_grid25_targets10_trials50.csv,3,23,21,43.81911940590599,43.81911940590599,02,02,1,0,True,completed
14,known_visit,PI,bernoulli,drop_0.25,25,625,3,10,pi_g25_d220_bernoulli_drop_0_25,reruns\grid_density\scenarios\cv\known_visit_grid25_targets10_trials50.csv,4,3,18,14.173594600896367,14.173594600896367,01,01,1,0,True,completed
14,known_visit,PI,bernoulli,drop_0.25,25,625,3,10,pi_g25_d220_bernoulli_drop_0_25,reruns\grid_density\scenarios\cv\known_visit_grid25_targets10_trials50.csv,5,1,5,8.677982087490697,8.677982087490697,00,00,1,0,True,completed
14,known_visit,PI,bernoulli,drop_0.25,25,625,3,10,pi_g25_d220_bernoulli_drop_0_25,reruns\grid_density\scenarios\cv\known_visit_grid25_targets10_trials50.csv,6,10,4,29.40713879437844,29.40713879437844,00,00,1,0,True,completed
14,known_visit,PI,bernoulli,drop_0.25,25,625,3,10,pi_g25_d220_bernoulli_drop_0_25,reruns\grid_density\scenarios\cv\known_visit_grid25_targets10_trials50.csv,7,12,2,36.530663091487966,36.530663091487966,00,00,1,0,True,completed
14,known_visit,PI,bernoulli,drop_0.25,25,625,3,10,pi_g25_d220_bernoulli_drop_0_25,reruns\grid_density\scenarios\cv\known_visit_grid25_targets10_trials50.csv,8,22,16,53.97627421354996,53.97627421354996,01,01,1,0,True,completed
14,known_visit,PI,bernoulli,drop_0.25,25,625,3,10,pi_g25_d220_bernoulli_drop_0_25,reruns\grid_density\scenarios\cv\known_visit_grid25_targets10_trials50.csv,9,22,11,62.60977752295759,62.60977752295759,01,01,1,0,True,completed
14,known_visit,PI,bernoulli,drop_0.25,25,625,3,10,pi_g25_d220_bernoulli_drop_0_25,reruns\grid_density\scenarios\cv\known_visit_grid25_targets10_trials50.csv,10,1,6,10.454476653024464,10.454476653024464,00,00,1,0,True,completed
15,known_visit,PI,bernoulli,drop_0.25,25,625,3,10,pi_g25_d220_bernoulli_drop_0_25,reruns\grid_density\scenarios\cv\known_visit_grid25_targets10_trials50.csv,1,5,0,7.174526476666296,7.174526476666296,00,00,1,0,True,completed
15,known_visit,PI,bernoulli,drop_0.25,25,625,3,10,pi_g25_d220_bernoulli_drop_0_25,reruns\grid_density\scenarios\cv\known_visit_grid25_targets10_trials50.csv,2,3,20,10.673539798386262,10.673539798386262,02,02,1,0,True,completed
15,known_visit,PI,bernoulli,drop_0.25,25,625,3,10,pi_g25_d220_bernoulli_drop_0_25,reruns\grid_density\scenarios\cv\known_visit_grid25_targets10_trials50.csv,3,11,15,26.588776546020803,26.588776546020803,01,01,1,0,True,completed
15,known_visit,PI,bernoulli,drop_0.25,25,625,3,10,pi_g25_d220_bernoulli_drop_0_25,reruns\grid_density\scenarios\cv\known_visit_grid25_targets10_trials50.csv,4,12,22,33.9229897625824,33.9229897625824,02,02,1,0,True,completed
15,known_visit,PI,bernoulli,drop_0.25,25,625,3,10,pi_g25_d220_bernoulli_drop_0_25,reruns\grid_density\scenarios\cv\known_visit_grid25_targets10_trials50.csv,5,12,12,19.08933431545371,19.08933431545371,01,01,2,1,True,completed
15,known_visit,PI,bernoulli,drop_0.25,25,625,3,10,pi_g25_d220_bernoulli_drop_0_25,reruns\grid_density\scenarios\cv\known_visit_grid25_targets10_trials50.csv,6,7,23,23.201036599597852,23.201036599597852,02,02,1,0,True,completed
15,known_visit,PI,bernoulli,drop_0.25,25,625,3,10,pi_g25_d220_bernoulli_drop_0_25,reruns\grid_density\scenarios\cv\known_visit_grid25_targets10_trials50.csv,7,15,0,24.598493416270422,24.598493416270422,00,00,1,0,True,completed
15,known_visit,PI,bernoulli,drop_0.25,25,625,3,10,pi_g25_d220_bernoulli_drop_0_25,reruns\grid_density\scenarios\cv\known_visit_grid25_targets10_trials50.csv,8,19,18,46.189489489725254,46.189489489725254,01,01,1,0,True,completed
15,known_visit,PI,bernoulli,drop_0.25,25,625,3,10,pi_g25_d220_bernoulli_drop_0_25,reruns\grid_density\scenarios\cv\known_visit_grid25_targets10_trials50.csv,9,23,16,56.83241760951204,56.83241760951204,01,01,1,0,True,completed
15,known_visit,PI,bernoulli,drop_0.25,25,625,3,10,pi_g25_d220_bernoulli_drop_0_25,reruns\grid_density\scenarios\cv\known_visit_grid25_targets10_trials50.csv,10,20,8,46.87732834249645,46.87732834249645,00,00,1,0,True,completed
16,known_visit,PI,bernoulli,drop_0.25,25,625,3,10,pi_g25_d220_bernoulli_drop_0_25,reruns\grid_density\scenarios\cv\known_visit_grid25_targets10_trials50.csv,1,19,8,38.64490585869514,38.64490585869514,01,01,1,0,True,completed
16,known_visit,PI,bernoulli,drop_0.25,25,625,3,10,pi_g25_d220_bernoulli_drop_0_25,reruns\grid_density\scenarios\cv\known_visit_grid25_targets10_trials50.csv,2,6,17,21.411736176474392,21.411736176474392,02,02,1,0,True,completed
16,known_visit,PI,bernoulli,drop_0.25,25,625,3,10,pi_g25_d220_bernoulli_drop_0_25,reruns\grid_density\scenarios\cv\known_visit_grid25_targets10_trials50.csv,3,5,12,6.970888691072025,6.970888691072025,01,01,1,0,True,completed
16,known_visit,PI,bernoulli,drop_0.25,25,625,3,10,pi_g25_d220_bernoulli_drop_0_25,reruns\grid_density\scenarios\cv\known_visit_grid25_targets10_trials50.csv,4,12,11,20.807313129472217,20.807313129472217,01,01,1,0,True,completed
16,known_visit,PI,bernoulli,drop_0.25,25,625,3,10,pi_g25_d220_bernoulli_drop_0_25,reruns\grid_density\scenarios\cv\known_visit_grid25_targets10_trials50.csv,5,18,17,59.902245261370425,59.902245261370425,01,01,1,0,True,completed
16,known_visit,PI,bernoulli,drop_0.25,25,625,3,10,pi_g25_d220_bernoulli_drop_0_25,reruns\grid_density\scenarios\cv\known_visit_grid25_targets10_trials50.csv,6,3,18,14.285269237755447,14.285269237755447,02,02,1,0,True,completed
16,known_visit,PI,bernoulli,drop_0.25,25,625,3,10,pi_g25_d220_bernoulli_drop_0_25,reruns\grid_density\scenarios\cv\known_visit_grid25_targets10_trials50.csv,7,16,16,40.31725261512042,40.31725261512042,02,02,2,1,True,completed
16,known_visit,PI,bernoulli,drop_0.25,25,625,3,10,pi_g25_d220_bernoulli_drop_0_25,reruns\grid_density\scenarios\cv\known_visit_grid25_targets10_trials50.csv,8,13,21,58.27305816670515,58.27305816670515,02,02,1,0,True,completed
16,known_visit,PI,bernoulli,drop_0.25,25,625,3,10,pi_g25_d220_bernoulli_drop_0_25,reruns\grid_density\scenarios\cv\known_visit_grid25_targets10_trials50.csv,9,11,3,22.37798303786935,22.37798303786935,00,00,1,0,True,completed
16,known_visit,PI,bernoulli,drop_0.25,25,625,3,10,pi_g25_d220_bernoulli_drop_0_25,reruns\grid_density\scenarios\cv\known_visit_grid25_targets10_trials50.csv,10,14,9,28.03931143338204,28.03931143338204,01,01,1,0,True,completed
17,known_visit,PI,bernoulli,drop_0.25,25,625,3,10,pi_g25_d220_bernoulli_drop_0_25,reruns\grid_density\scenarios\cv\known_visit_grid25_targets10_trials50.csv,1,1,11,19.05991397529383,19.05991397529383,00,00,2,1,True,completed
17,known_visit,PI,bernoulli,drop_0.25,25,625,3,10,pi_g25_d220_bernoulli_drop_0_25,reruns\grid_density\scenarios\cv\known_visit_grid25_targets10_trials50.csv,2,4,12,16.327289665969424,16.327289665969424,01,01,1,0,True,completed
17,known_visit,PI,bernoulli,drop_0.25,25,625,3,10,pi_g25_d220_bernoulli_drop_0_25,reruns\grid_density\scenarios\cv\known_visit_grid25_targets10_trials50.csv,3,1,15,5.632695913654677,5.632695913654677,01,01,2,1,True,completed
17,known_visit,PI,bernoulli,drop_0.25,25,625,3,10,pi_g25_d220_bernoulli_drop_0_25,reruns\grid_density\scenarios\cv\known_visit_grid25_targets10_trials50.csv,4,8,10,34.57424925569517,34.57424925569517,01,01,2,1,True,completed
17,known_visit,PI,bernoulli,drop_0.25,25,625,3,10,pi_g25_d220_bernoulli_drop_0_25,reruns\grid_density\scenarios\cv\known_visit_grid25_targets10_trials50.csv,5,1,13,2.3035920195410595,2.3035920195410595,01,01,2,1,True,completed
17,known_visit,PI,bernoulli,drop_0.25,25,625,3,10,pi_g25_d220_bernoulli_drop_0_25,reruns\grid_density\scenarios\cv\known_visit_grid25_targets10_trials50.csv,6,22,23,69.58587641564169,69.58587641564169,02,02,1,0,True,completed
17,known_visit,PI,bernoulli,drop_0.25,25,625,3,10,pi_g25_d220_bernoulli_drop_0_25,reruns\grid_density\scenarios\cv\known_visit_grid25_targets10_trials50.csv,7,10,12,27.109575377520283,27.109575377520283,01,01,1,0,True,completed
17,known_visit,PI,bernoulli,drop_0.25,25,625,3,10,pi_g25_d220_bernoulli_drop_0_25,reruns\grid_density\scenarios\cv\known_visit_grid25_targets10_trials50.csv,8,23,16,55.67063023375153,55.67063023375153,02,02,1,0,True,completed
17,known_visit,PI,bernoulli,drop_0.25,25,625,3,10,pi_g25_d220_bernoulli_drop_0_25,reruns\grid_density\scenarios\cv\known_visit_grid25_targets10_trials50.csv,9,17,15,43.35959965515001,43.35959965515001,02,02,1,0,True,completed
17,known_visit,PI,bernoulli,drop_0.25,25,625,3,10,pi_g25_d220_bernoulli_drop_0_25,reruns\grid_density\scenarios\cv\known_visit_grid25_targets10_trials50.csv,10,17,5,64.4289327677272,64.4289327677272,00,00,1,0,True,completed
18,known_visit,PI,bernoulli,drop_0.25,25,625,3,10,pi_g25_d220_bernoulli_drop_0_25,reruns\grid_density\scenarios\cv\known_visit_grid25_targets10_trials50.csv,1,10,17,28.45836022061581,28.45836022061581,01,01,1,0,True,completed
18,known_visit,PI,bernoulli,drop_0.25,25,625,3,10,pi_g25_d220_bernoulli_drop_0_25,reruns\grid_density\scenarios\cv\known_visit_grid25_targets10_trials50.csv,2,24,20,54.3506446888423,54.3506446888423,02,02,1,0,True,completed
18,known_visit,PI,bernoulli,drop_0.25,25,625,3,10,pi_g25_d220_bernoulli_drop_0_25,reruns\grid_density\scenarios\cv\known_visit_grid25_targets10_trials50.csv,3,14,15,38.9243040613511,38.9243040613511,01,01,2,1,True,completed
18,known_visit,PI,bernoulli,drop_0.25,25,625,3,10,pi_g25_d220_bernoulli_drop_0_25,reruns\grid_density\scenarios\cv\known_visit_grid25_targets10_trials50.csv,4,22,23,102.31302190019109,102.31302190019109,01,01,1,0,True,completed
18,known_visit,PI,bernoulli,drop_0.25,25,625,3,10,pi_g25_d220_bernoulli_drop_0_25,reruns\grid_density\scenarios\cv\known_visit_grid25_targets10_trials50.csv,5,3,21,8.959175100712148,8.959175100712148,02,02,1,0,True,completed
18,known_visit,PI,bernoulli,drop_0.25,25,625,3,10,pi_g25_d220_bernoulli_drop_0_25,reruns\grid_density\scenarios\cv\known_visit_grid25_targets10_trials50.csv,6,17,20,42.22497774600996,42.22497774600996,02,02,1,0,True,completed
18,known_visit,PI,bernoulli,drop_0.25,25,625,3,10,pi_g25_d220_bernoulli_drop_0_25,reruns\grid_density\scenarios\cv\known_visit_grid25_targets10_trials50.csv,7,20,6,69.45939141369956,69.45939141369956,01,01,1,0,True,completed
18,known_visit,PI,bernoulli,drop_0.25,25,625,3,10,pi_g25_d220_bernoulli_drop_0_25,reruns\grid_density\scenarios\cv\known_visit_grid25_targets10_trials50.csv,8,12,10,36.29075223590567,36.29075223590567,00,00,1,0,True,completed
18,known_visit,PI,bernoulli,drop_0.25,25,625,3,10,pi_g25_d220_bernoulli_drop_0_25,reruns\grid_density\scenarios\cv\known_visit_grid25_targets10_trials50.csv,9,2,20,12.68341787804937,12.68341787804937,02,02,1,0,True,completed
18,known_visit,PI,bernoulli,drop_0.25,25,625,3,10,pi_g25_d220_bernoulli_drop_0_25,reruns\grid_density\scenarios\cv\known_visit_grid25_targets10_trials50.csv,10,16,8,58.789029687481225,58.789029687481225,01,01,1,0,True,completed
19,known_visit,PI,bernoulli,drop_0.25,25,625,3,10,pi_g25_d220_bernoulli_drop_0_25,reruns\grid_density\scenarios\cv\known_visit_grid25_targets10_trials50.csv,1,18,6,39.88808098614604,39.88808098614604,01,01,1,0,True,completed
19,known_visit,PI,bernoulli,drop_0.25,25,625,3,10,pi_g25_d220_bernoulli_drop_0_25,reruns\grid_density\scenarios\cv\known_visit_grid25_targets10_trials50.csv,2,17,8,34.5449029539136,34.5449029539136,01,01,1,0,True,completed
19,known_visit,PI,bernoulli,drop_0.25,25,625,3,10,pi_g25_d220_bernoulli_drop_0_25,reruns\grid_density\scenarios\cv\known_visit_grid25_targets10_trials50.csv,3,17,17,39.61089092236875,39.61089092236875,02,02,1,0,True,completed
19,known_visit,PI,bernoulli,drop_0.25,25,625,3,10,pi_g25_d220_bernoulli_drop_0_25,reruns\grid_density\scenarios\cv\known_visit_grid25_targets10_trials50.csv,4,20,16,46.86594435751888,46.86594435751888,02,02,1,0,True,completed
19,known_visit,PI,bernoulli,drop_0.25,25,625,3,10,pi_g25_d220_bernoulli_drop_0_25,reruns\grid_density\scenarios\cv\known_visit_grid25_targets10_trials50.csv,5,21,13,53.761110735690714,53.761110735690714,02,02,1,0,True,completed
19,known_visit,PI,bernoulli,drop_0.25,25,625,3,10,pi_g25_d220_bernoulli_drop_0_25,reruns\grid_density\scenarios\cv\known_visit_grid25_targets10_trials50.csv,6,7,17,22.301312812011545,22.301312812011545,02,02,1,0,True,completed
19,known_visit,PI,bernoulli,drop_0.25,25,625,3,10,pi_g25_d220_bernoulli_drop_0_25,reruns\grid_density\scenarios\cv\known_visit_grid25_targets10_trials50.csv,7,2,5,10.818791606758452,10.818791606758452,00,00,1,0,True,completed
19,known_visit,PI,bernoulli,drop_0.25,25,625,3,10,pi_g25_d220_bernoulli_drop_0_25,reruns\grid_density\scenarios\cv\known_visit_grid25_targets10_trials50.csv,8,24,5,52.515783921358626,52.515783921358626,00,00,1,0,True,completed
19,known_visit,PI,bernoulli,drop_0.25,25,625,3,10,pi_g25_d220_bernoulli_drop_0_25,reruns\grid_density\scenarios\cv\known_visit_grid25_targets10_trials50.csv,9,20,4,43.537160199588584,43.537160199588584,00,00,1,0,True,completed
19,known_visit,PI,bernoulli,drop_0.25,25,625,3,10,pi_g25_d220_bernoulli_drop_0_25,reruns\grid_density\scenarios\cv\known_visit_grid25_targets10_trials50.csv,10,4,24,5.165119399177717,5.165119399177717,02,02,1,0,True,completed
20,known_visit,PI,bernoulli,drop_0.25,25,625,3,10,pi_g25_d220_bernoulli_drop_0_25,reruns\grid_density\scenarios\cv\known_visit_grid25_targets10_trials50.csv,1,24,7,52.203629747577594,52.203629747577594,00,00,1,0,True,completed
20,known_visit,PI,bernoulli,drop_0.25,25,625,3,10,pi_g25_d220_bernoulli_drop_0_25,reruns\grid_density\scenarios\cv\known_visit_grid25_targets10_trials50.csv,2,10,3,21.079980052514973,21.079980052514973,00,00,1,0,True,completed
20,known_visit,PI,bernoulli,drop_0.25,25,625,3,10,pi_g25_d220_bernoulli_drop_0_25,reruns\grid_density\scenarios\cv\known_visit_grid25_targets10_trials50.csv,3,21,19,46.6441330208647,46.6441330208647,01,01,1,0,True,completed
20,known_visit,PI,bernoulli,drop_0.25,25,625,3,10,pi_g25_d220_bernoulli_drop_0_25,reruns\grid_density\scenarios\cv\known_visit_grid25_targets10_trials50.csv,4,8,3,17.302234823143003,17.302234823143003,00,00,1,0,True,completed
20,known_visit,PI,bernoulli,drop_0.25,25,625,3,10,pi_g25_d220_bernoulli_drop_0_25,reruns\grid_density\scenarios\cv\known_visit_grid25_targets10_trials50.csv,5,12,12,19.025616392237236,19.025616392237236,01,01,1,0,True,completed
20,known_visit,PI,bernoulli,drop_0.25,25,625,3,10,pi_g25_d220_bernoulli_drop_0_25,reruns\grid_density\scenarios\cv\known_visit_grid25_targets10_trials50.csv,6,22,21,51.83833575177919,51.83833575177919,01,01,1,0,True,completed
20,known_visit,PI,bernoulli,drop_0.25,25,625,3,10,pi_g25_d220_bernoulli_drop_0_25,reruns\grid_density\scenarios\cv\known_visit_grid25_targets10_trials50.csv,7,22,4,43.315326396629324,43.315326396629324,00,00,1,0,True,completed
20,known_visit,PI,bernoulli,drop_0.25,25,625,3,10,pi_g25_d220_bernoulli_drop_0_25,reruns\grid_density\scenarios\cv\known_visit_grid25_targets10_trials50.csv,8,16,12,25.93334729434286,25.93334729434286,01,01,1,0,True,completed
20,known_visit,PI,bernoulli,drop_0.25,25,625,3,10,pi_g25_d220_bernoulli_drop_0_25,reruns\grid_density\scenarios\cv\known_visit_grid25_targets10_trials50.csv,9,19,12,31.118575377430993,31.118575377430993,01,01,1,0,True,completed
20,known_visit,PI,bernoulli,drop_0.25,25,625,3,10,pi_g25_d220_bernoulli_drop_0_25,reruns\grid_density\scenarios\cv\known_visit_grid25_targets10_trials50.csv,10,13,14,37.67987037311563,37.67987037311563,02,02,1,0,True,completed
21,known_visit,PI,bernoulli,drop_0.25,25,625,3,10,pi_g25_d220_bernoulli_drop_0_25,reruns\grid_density\scenarios\cv\known_visit_grid25_targets10_trials50.csv,1,1,6,10.811506654037647,10.811506654037647,01,01,1,0,True,completed
21,known_visit,PI,bernoulli,drop_0.25,25,625,3,10,pi_g25_d220_bernoulli_drop_0_25,reruns\grid_density\scenarios\cv\known_visit_grid25_targets10_trials50.csv,2,8,14,29.209877681939663,29.209877681939663,02,02,1,0,True,completed
21,known_visit,PI,bernoulli,drop_0.25,25,625,3,10,pi_g25_d220_bernoulli_drop_0_25,reruns\grid_density\scenarios\cv\known_visit_grid25_targets10_trials50.csv,3,14,12,62.665018489114445,62.665018489114445,00,00,1,0,True,completed
21,known_visit,PI,bernoulli,drop_0.25,25,625,3,10,pi_g25_d220_bernoulli_drop_0_25,reruns\grid_density\scenarios\cv\known_visit_grid25_targets10_trials50.csv,4,21,0,100.50416435362341,100.50416435362341,02,02,1,0,True,completed
21,known_visit,PI,bernoulli,drop_0.25,25,625,3,10,pi_g25_d220_bernoulli_drop_0_25,reruns\grid_density\scenarios\cv\known_visit_grid25_targets10_trials50.csv,5,2,0,1.8732997481423068,1.8732997481423068,00,00,1,0,True,completed
21,known_visit,PI,bernoulli,drop_0.25,25,625,3,10,pi_g25_d220_bernoulli_drop_0_25,reruns\grid_density\scenarios\cv\known_visit_grid25_targets10_trials50.csv,6,23,6,114.36839529274948,114.36839529274948,02,02,1,0,True,completed
21,known_visit,PI,bernoulli,drop_0.25,25,625,3,10,pi_g25_d220_bernoulli_drop_0_25,reruns\grid_density\scenarios\cv\known_visit_grid25_targets10_trials50.csv,7,6,20,15.67481841642833,15.67481841642833,02,02,2,1,True,completed
21,known_visit,PI,bernoulli,drop_0.25,25,625,3,10,pi_g25_d220_bernoulli_drop_0_25,reruns\grid_density\scenarios\cv\known_visit_grid25_targets10_trials50.csv,8,1,3,9.205400377744274,9.205400377744274,00,00,2,1,True,completed
21,known_visit,PI,bernoulli,drop_0.25,25,625,3,10,pi_g25_d220_bernoulli_drop_0_25,reruns\grid_density\scenarios\cv\known_visit_grid25_targets10_trials50.csv,9,6,1,66.17353326883449,66.17353326883449,01,01,1,0,True,completed
21,known_visit,PI,bernoulli,drop_0.25,25,625,3,10,pi_g25_d220_bernoulli_drop_0_25,reruns\grid_density\scenarios\cv\known_visit_grid25_targets10_trials50.csv,10,16,19,78.47059335088422,78.47059335088422,00,00,1,0,True,completed
22,known_visit,PI,bernoulli,drop_0.25,25,625,3,10,pi_g25_d220_bernoulli_drop_0_25,reruns\grid_density\scenarios\cv\known_visit_grid25_targets10_trials50.csv,1,5,24,7.044749555283953,7.044749555283953,02,02,1,0,True,completed
22,known_visit,PI,bernoulli,drop_0.25,25,625,3,10,pi_g25_d220_bernoulli_drop_0_25,reruns\grid_density\scenarios\cv\known_visit_grid25_targets10_trials50.csv,2,13,19,43.7197630857491,43.7197630857491,02,02,1,0,True,completed
22,known_visit,PI,bernoulli,drop_0.25,25,625,3,10,pi_g25_d220_bernoulli_drop_0_25,reruns\grid_density\scenarios\cv\known_visit_grid25_targets10_trials50.csv,3,22,5,52.31716092346289,52.31716092346289,01,01,1,0,True,completed
22,known_visit,PI,bernoulli,drop_0.25,25,625,3,10,pi_g25_d220_bernoulli_drop_0_25,reruns\grid_density\scenarios\cv\known_visit_grid25_targets10_trials50.csv,4,17,23,29.549370127540705,29.549370127540705,02,02,1,0,True,completed
22,known_visit,PI,bernoulli,drop_0.25,25,625,3,10,pi_g25_d220_bernoulli_drop_0_25,reruns\grid_density\scenarios\cv\known_visit_grid25_targets10_trials50.csv,5,18,16,58.01825404489826,58.01825404489826,02,02,1,0,True,completed
22,known_visit,PI,bernoulli,drop_0.25,25,625,3,10,pi_g25_d220_bernoulli_drop_0_25,reruns\grid_density\scenarios\cv\known_visit_grid25_targets10_trials50.csv,6,6,6,19.407537665785966,19.407537665785966,00,00,1,0,True,completed
22,known_visit,PI,bernoulli,drop_0.25,25,625,3,10,pi_g25_d220_bernoulli_drop_0_25,reruns\grid_density\scenarios\cv\known_visit_grid25_targets10_trials50.csv,7,23,8,44.90501326792445,44.90501326792445,01,01,1,0,True,completed
22,known_visit,PI,bernoulli,drop_0.25,25,625,3,10,pi_g25_d220_bernoulli_drop_0_25,reruns\grid_density\scenarios\cv\known_visit_grid25_targets10_trials50.csv,8,12,8,26.35535806941055,26.35535806941055,01,01,2,1,True,completed
22,known_visit,PI,bernoulli,drop_0.25,25,625,3,10,pi_g25_d220_bernoulli_drop_0_25,reruns\grid_density\scenarios\cv\known_visit_grid25_targets10_trials50.csv,9,11,11,19.248454727577943,19.248454727577943,01,01,2,1,True,completed
22,known_visit,PI,bernoulli,drop_0.25,25,625,3,10,pi_g25_d220_bernoulli_drop_0_25,reruns\grid_density\scenarios\cv\known_visit_grid25_targets10_trials50.csv,10,1,5,9.009332439288823,9.009332439288823,00,00,1,0,True,completed
23,known_visit,PI,bernoulli,drop_0.25,25,625,3,10,pi_g25_d220_bernoulli_drop_0_25,reruns\grid_density\scenarios\cv\known_visit_grid25_targets10_trials50.csv,1,7,9,26.20534104843796,26.20534104843796,00,00,1,0,True,completed
23,known_visit,PI,bernoulli,drop_0.25,25,625,3,10,pi_g25_d220_bernoulli_drop_0_25,reruns\grid_density\scenarios\cv\known_visit_grid25_targets10_trials50.csv,2,17,17,40.226913728111064,40.226913728111064,02,02,2,1,True,completed
23,known_visit,PI,bernoulli,drop_0.25,25,625,3,10,pi_g25_d220_bernoulli_drop_0_25,reruns\grid_density\scenarios\cv\known_visit_grid25_targets10_trials50.csv,3,21,11,72.16669999479524,72.16669999479524,02,02,1,0,True,completed
23,known_visit,PI,bernoulli,drop_0.25,25,625,3,10,pi_g25_d220_bernoulli_drop_0_25,reruns\grid_density\scenarios\cv\known_visit_grid25_targets10_trials50.csv,4,24,6,54.66022466850796,54.66022466850796,01,01,1,0,True,completed
23,known_visit,PI,bernoulli,drop_0.25,25,625,3,10,pi_g25_d220_bernoulli_drop_0_25,reruns\grid_density\scenarios\cv\known_visit_grid25_targets10_trials50.csv,5,7,15,36.866298727420116,36.866298727420116,00,00,1,0,True,completed
23,known_visit,PI,bernoulli,drop_0.25,25,625,3,10,pi_g25_d220_bernoulli_drop_0_25,reruns\grid_density\scenarios\cv\known_visit_grid25_targets10_trials50.csv,6,15,9,33.931682722239906,33.931682722239906,01,01,1,0,True,completed
23,known_visit,PI,bernoulli,drop_0.25,25,625,3,10,pi_g25_d220_bernoulli_drop_0_25,reruns\grid_density\scenarios\cv\known_visit_grid25_targets10_trials50.csv,7,18,0,75.81925260959346,75.81925260959346,01,01,1,0,True,completed
23,known_visit,PI,bernoulli,drop_0.25,25,625,3,10,pi_g25_d220_bernoulli_drop_0_25,reruns\grid_density\scenarios\cv\known_visit_grid25_targets10_trials50.csv,8,13,12,25.018556649784326,25.018556649784326,01,01,2,1,True,completed
23,known_visit,PI,bernoulli,drop_0.25,25,625,3,10,pi_g25_d220_bernoulli_drop_0_25,reruns\grid_density\scenarios\cv\known_visit_grid25_targets10_trials50.csv,9,12,23,21.303495984168784,21.303495984168784,02,02,1,0,True,completed
23,known_visit,PI,bernoulli,drop_0.25,25,625,3,10,pi_g25_d220_bernoulli_drop_0_25,reruns\grid_density\scenarios\cv\known_visit_grid25_targets10_trials50.csv,10,3,13,5.789195827384103,5.789195827384103,01,01,1,0,True,completed
24,known_visit,PI,bernoulli,drop_0.25,25,625,3,10,pi_g25_d220_bernoulli_drop_0_25,reruns\grid_density\scenarios\cv\known_visit_grid25_targets10_trials50.csv,1,19,14,49.22819427189526,49.22819427189526,02,02,2,1,True,completed
24,known_visit,PI,bernoulli,drop_0.25,25,625,3,10,pi_g25_d220_bernoulli_drop_0_25,reruns\grid_density\scenarios\cv\known_visit_grid25_targets10_trials50.csv,2,14,3,31.66056330546223,31.66056330546223,00,00,1,0,True,completed
24,known_visit,PI,bernoulli,drop_0.25,25,625,3,10,pi_g25_d220_bernoulli_drop_0_25,reruns\grid_density\scenarios\cv\known_visit_grid25_targets10_trials50.csv,3,19,23,69.07370805710511,69.07370805710511,02,02,1,0,True,completed
24,known_visit,PI,bernoulli,drop_0.25,25,625,3,10,pi_g25_d220_bernoulli_drop_0_25,reruns\grid_density\scenarios\cv\known_visit_grid25_targets10_trials50.csv,4,22,23,78.41793973887357,78.41793973887357,02,02,1,0,True,completed
24,known_visit,PI,bernoulli,drop_0.25,25,625,3,10,pi_g25_d220_bernoulli_drop_0_25,reruns\grid_density\scenarios\cv\known_visit_grid25_targets10_trials50.csv,5,6,15,24.767457549245382,24.767457549245382,02,02,1,0,True,completed
24,known_visit,PI,bernoulli,drop_0.25,25,625,3,10,pi_g25_d220_bernoulli_drop_0_25,reruns\grid_density\scenarios\cv\known_visit_grid25_targets10_trials50.csv,6,18,24,74.96462480161414,74.96462480161414,00,00,1,0,True,completed
24,known_visit,PI,bernoulli,drop_0.25,25,625,3,10,pi_g25_d220_bernoulli_drop_0_25,reruns\grid_density\scenarios\cv\known_visit_grid25_targets10_trials50.csv,7,20,16,39.650805593884094,39.650805593884094,01,01,2,1,True,completed
24,known_visit,PI,bernoulli,drop_0.25,25,625,3,10,pi_g25_d220_bernoulli_drop_0_25,reruns\grid_density\scenarios\cv\known_visit_grid25_targets10_trials50.csv,8,2,16,8.90512690583482,8.90512690583482,01,01,2,1,True,completed
24,known_visit,PI,bernoulli,drop_0.25,25,625,3,10,pi_g25_d220_bernoulli_drop_0_25,reruns\grid_density\scenarios\cv\known_visit_grid25_targets10_trials50.csv,9,9,4,20.882676356660816,20.882676356660816,00,00,1,0,True,completed
24,known_visit,PI,bernoulli,drop_0.25,25,625,3,10,pi_g25_d220_bernoulli_drop_0_25,reruns\grid_density\scenarios\cv\known_visit_grid25_targets10_trials50.csv,10,4,16,12.65486280620073,12.65486280620073,01,01,1,0,True,completed
25,known_visit,PI,bernoulli,drop_0.25,25,625,3,10,pi_g25_d220_bernoulli_drop_0_25,reruns\grid_density\scenarios\cv\known_visit_grid25_targets10_trials50.csv,1,12,11,25.025057464900648,25.025057464900648,01,01,1,0,True,completed
25,known_visit,PI,bernoulli,drop_0.25,25,625,3,10,pi_g25_d220_bernoulli_drop_0_25,reruns\grid_density\scenarios\cv\known_visit_grid25_targets10_trials50.csv,2,23,9,51.99803028149939,51.99803028149939,01,01,1,0,True,completed
25,known_visit,PI,bernoulli,drop_0.25,25,625,3,10,pi_g25_d220_bernoulli_drop_0_25,reruns\grid_density\scenarios\cv\known_visit_grid25_targets10_trials50.csv,3,9,19,22.776407378372596,22.776407378372596,02,02,2,1,True,completed
25,known_visit,PI,bernoulli,drop_0.25,25,625,3,10,pi_g25_d220_bernoulli_drop_0_25,reruns\grid_density\scenarios\cv\known_visit_grid25_targets10_trials50.csv,4,17,21,40.55630830050226,40.55630830050226,02,02,1,0,True,completed
25,known_visit,PI,bernoulli,drop_0.25,25,625,3,10,pi_g25_d220_bernoulli_drop_0_25,reruns\grid_density\scenarios\cv\known_visit_grid25_targets10_trials50.csv,5,21,8,46.479084056916,46.479084056916,01,01,1,0,True,completed
25,known_visit,PI,bernoulli,drop_0.25,25,625,3,10,pi_g25_d220_bernoulli_drop_0_25,reruns\grid_density\scenarios\cv\known_visit_grid25_targets10_trials50.csv,6,5,4,14.172282288413163,14.172282288413163,00,00,1,0,True,completed
25,known_visit,PI,bernoulli,drop_0.25,25,625,3,10,pi_g25_d220_bernoulli_drop_0_25,reruns\grid_density\scenarios\cv\known_visit_grid25_targets10_trials50.csv,7,21,11,59.20383493837994,59.20383493837994,01,01,1,0,True,completed
25,known_visit,PI,bernoulli,drop_0.25,25,625,3,10,pi_g25_d220_bernoulli_drop_0_25,reruns\grid_density\scenarios\cv\known_visit_grid25_targets10_trials50.csv,8,2,10,5.685518425400405,5.685518425400405,01,01,2,1,True,completed
25,known_visit,PI,bernoulli,drop_0.25,25,625,3,10,pi_g25_d220_bernoulli_drop_0_25,reruns\grid_density\scenarios\cv\known_visit_grid25_targets10_trials50.csv,9,18,22,44.18332244571467,44.18332244571467,02,02,1,0,True,completed
25,known_visit,PI,bernoulli,drop_0.25,25,625,3,10,pi_g25_d220_bernoulli_drop_0_25,reruns\grid_density\scenarios\cv\known_visit_grid25_targets10_trials50.csv,10,17,9,37.61024080171626,37.61024080171626,01,01,1,0,True,completed
26,known_visit,PI,bernoulli,drop_0.25,25,625,3,10,pi_g25_d220_bernoulli_drop_0_25,reruns\grid_density\scenarios\cv\known_visit_grid25_targets10_trials50.csv,1,22,7,59.55449407206825,59.55449407206825,01,01,1,0,True,completed
26,known_visit,PI,bernoulli,drop_0.25,25,625,3,10,pi_g25_d220_bernoulli_drop_0_25,reruns\grid_density\scenarios\cv\known_visit_grid25_targets10_trials50.csv,2,4,6,15.636105267575138,15.636105267575138,00,00,1,0,True,completed
26,known_visit,PI,bernoulli,drop_0.25,25,625,3,10,pi_g25_d220_bernoulli_drop_0_25,reruns\grid_density\scenarios\cv\known_visit_grid25_targets10_trials50.csv,3,1,13,19.250692210584628,19.250692210584628,02,02,1,0,True,completed
26,known_visit,PI,bernoulli,drop_0.25,25,625,3,10,pi_g25_d220_bernoulli_drop_0_25,reruns\grid_density\scenarios\cv\known_visit_grid25_targets10_trials50.csv,4,7,8,17.236219243740365,17.236219243740365,01,01,1,0,True,completed
26,known_visit,PI,bernoulli,drop_0.25,25,625,3,10,pi_g25_d220_bernoulli_drop_0_25,reruns\grid_density\scenarios\cv\known_visit_grid25_targets10_trials50.csv,5,20,21,65.63267624708128,65.63267624708128,02,02,1,0,True,completed
26,known_visit,PI,bernoulli,drop_0.25,25,625,3,10,pi_g25_d220_bernoulli_drop_0_25,reruns\grid_density\scenarios\cv\known_visit_grid25_targets10_trials50.csv,6,13,6,30.965223497447276,30.965223497447276,01,01,2,1,True,completed
26,known_visit,PI,bernoulli,drop_0.25,25,625,3,10,pi_g25_d220_bernoulli_drop_0_25,reruns\grid_density\scenarios\cv\known_visit_grid25_targets10_trials50.csv,7,17,3,43.658606940539194,43.658606940539194,01,01,2,1,True,completed
26,known_visit,PI,bernoulli,drop_0.25,25,625,3,10,pi_g25_d220_bernoulli_drop_0_25,reruns\grid_density\scenarios\cv\known_visit_grid25_targets10_trials50.csv,8,14,1,47.641586114714464,47.641586114714464,00,00,1,0,True,completed
26,known_visit,PI,bernoulli,drop_0.25,25,625,3,10,pi_g25_d220_bernoulli_drop_0_25,reruns\grid_density\scenarios\cv\known_visit_grid25_targets10_trials50.csv,9,14,5,34.705642932144386,34.705642932144386,01,01,2,1,True,completed
26,known_visit,PI,bernoulli,drop_0.25,25,625,3,10,pi_g25_d220_bernoulli_drop_0_25,reruns\grid_density\scenarios\cv\known_visit_grid25_targets10_trials50.csv,10,14,13,41.71454582058186,41.71454582058186,02,02,1,0,True,completed
27,known_visit,PI,bernoulli,drop_0.25,25,625,3,10,pi_g25_d220_bernoulli_drop_0_25,reruns\grid_density\scenarios\cv\known_visit_grid25_targets10_trials50.csv,1,3,4,10.713107893595472,10.713107893595472,00,00,1,0,True,completed
27,known_visit,PI,bernoulli,drop_0.25,25,625,3,10,pi_g25_d220_bernoulli_drop_0_25,reruns\grid_density\scenarios\cv\known_visit_grid25_targets10_trials50.csv,2,2,11,3.9310562680003467,3.9310562680003467,01,01,2,1,True,completed
27,known_visit,PI,bernoulli,drop_0.25,25,625,3,10,pi_g25_d220_bernoulli_drop_0_25,reruns\grid_density\scenarios\cv\known_visit_grid25_targets10_trials50.csv,3,21,7,92.86205349306701,92.86205349306701,00,00,1,0,True,completed
27,known_visit,PI,bernoulli,drop_0.25,25,625,3,10,pi_g25_d220_bernoulli_drop_0_25,reruns\grid_density\scenarios\cv\known_visit_grid25_targets10_trials50.csv,4,5,3,16.32304940045959,16.32304940045959,00,00,1,0,True,completed
27,known_visit,PI,bernoulli,drop_0.25,25,625,3,10,pi_g25_d220_bernoulli_drop_0_25,reruns\grid_density\scenarios\cv\known_visit_grid25_targets10_trials50.csv,5,3,19,12.350210979905905,12.350210979905905,02,02,2,1,True,completed
27,known_visit,PI,bernoulli,drop_0.25,25,625,3,10,pi_g25_d220_bernoulli_drop_0_25,reruns\grid_density\scenarios\cv\known_visit_grid25_targets10_trials50.csv,6,3,10,7.548147499477696,7.548147499477696,01,01,2,1,True,completed
27,known_visit,PI,bernoulli,drop_0.25,25,625,3,10,pi_g25_d220_bernoulli_drop_0_25,reruns\grid_density\scenarios\cv\known_visit_grid25_targets10_trials50.csv,7,20,8,89.17599413377118,89.17599413377118,00,00,1,0,True,completed
27,known_visit,PI,bernoulli,drop_0.25,25,625,3,10,pi_g25_d220_bernoulli_drop_0_25,reruns\grid_density\scenarios\cv\known_visit_grid25_targets10_trials50.csv,8,7,0,24.899593172980524,24.899593172980524,00,00,2,1,True,completed
27,known_visit,PI,bernoulli,drop_0.25,25,625,3,10,pi_g25_d220_bernoulli_drop_0_25,reruns\grid_density\scenarios\cv\known_visit_grid25_targets10_trials50.csv,9,4,19,14.443938378202727,14.443938378202727,02,02,2,1,True,completed
27,known_visit,PI,bernoulli,drop_0.25,25,625,3,10,pi_g25_d220_bernoulli_drop_0_25,reruns\grid_density\scenarios\cv\known_visit_grid25_targets10_trials50.csv,10,2,15,18.554496179205284,18.554496179205284,01,01,2,1,True,completed
28,known_visit,PI,bernoulli,drop_0.25,25,625,3,10,pi_g25_d220_bernoulli_drop_0_25,reruns\grid_density\scenarios\cv\known_visit_grid25_targets10_trials50.csv,1,5,21,12.267700715159894,12.267700715159894,02,02,1,0,True,completed
28,known_visit,PI,bernoulli,drop_0.25,25,625,3,10,pi_g25_d220_bernoulli_drop_0_25,reruns\grid_density\scenarios\cv\known_visit_grid25_targets10_trials50.csv,2,20,18,57.30251844963083,57.30251844963083,02,02,1,0,True,completed
28,known_visit,PI,bernoulli,drop_0.25,25,625,3,10,pi_g25_d220_bernoulli_drop_0_25,reruns\grid_density\scenarios\cv\known_visit_grid25_targets10_trials50.csv,3,20,23,76.832470567966,76.832470567966,00,00,1,0,True,completed
28,known_visit,PI,bernoulli,drop_0.25,25,625,3,10,pi_g25_d220_bernoulli_drop_0_25,reruns\grid_density\scenarios\cv\known_visit_grid25_targets10_trials50.csv,4,23,3,53.6266778521453,53.6266778521453,01,01,1,0,True,completed
28,known_visit,PI,bernoulli,drop_0.25,25,625,3,10,pi_g25_d220_bernoulli_drop_0_25,reruns\grid_density\scenarios\cv\known_visit_grid25_targets10_trials50.csv,5,12,14,36.487168959559476,36.487168959559476,02,02,1,0,True,completed
28,known_visit,PI,bernoulli,drop_0.25,25,625,3,10,pi_g25_d220_bernoulli_drop_0_25,reruns\grid_density\scenarios\cv\known_visit_grid25_targets10_trials50.csv,6,20,19,69.9268241327265,69.9268241327265,00,00,1,0,True,completed
28,known_visit,PI,bernoulli,drop_0.25,25,625,3,10,pi_g25_d220_bernoulli_drop_0_25,reruns\grid_density\scenarios\cv\known_visit_grid25_targets10_trials50.csv,7,0,9,3.9128077563937453,3.9128077563937453,01,01,1,0,True,completed
28,known_visit,PI,bernoulli,drop_0.25,25,625,3,10,pi_g25_d220_bernoulli_drop_0_25,reruns\grid_density\scenarios\cv\known_visit_grid25_targets10_trials50.csv,8,4,4,15.873862694431413,15.873862694431413,00,00,1,0,True,completed
28,known_visit,PI,bernoulli,drop_0.25,25,625,3,10,pi_g25_d220_bernoulli_drop_0_25,reruns\grid_density\scenarios\cv\known_visit_grid25_targets10_trials50.csv,9,5,3,12.203845792381196,12.203845792381196,00,00,1,0,True,completed
28,known_visit,PI,bernoulli,drop_0.25,25,625,3,10,pi_g25_d220_bernoulli_drop_0_25,reruns\grid_density\scenarios\cv\known_visit_grid25_targets10_trials50.csv,10,13,8,27.907602662666065,27.907602662666065,01,01,1,0,True,completed
29,known_visit,PI,bernoulli,drop_0.25,25,625,3,10,pi_g25_d220_bernoulli_drop_0_25,reruns\grid_density\scenarios\cv\known_visit_grid25_targets10_trials50.csv,1,20,20,66.18119229996385,66.18119229996385,02,02,1,0,True,completed
29,known_visit,PI,bernoulli,drop_0.25,25,625,3,10,pi_g25_d220_bernoulli_drop_0_25,reruns\grid_density\scenarios\cv\known_visit_grid25_targets10_trials50.csv,2,2,17,10.534976137717853,10.534976137717853,01,01,1,0,True,completed
29,known_visit,PI,bernoulli,drop_0.25,25,625,3,10,pi_g25_d220_bernoulli_drop_0_25,reruns\grid_density\scenarios\cv\known_visit_grid25_targets10_trials50.csv,3,23,18,73.07841269065118,73.07841269065118,00,00,1,0,True,completed
29,known_visit,PI,bernoulli,drop_0.25,25,625,3,10,pi_g25_d220_bernoulli_drop_0_25,reruns\grid_density\scenarios\cv\known_visit_grid25_targets10_trials50.csv,4,11,20,24.421222067181436,24.421222067181436,02,02,1,0,True,completed
29,known_visit,PI,bernoulli,drop_0.25,25,625,3,10,pi_g25_d220_bernoulli_drop_0_25,reruns\grid_density\scenarios\cv\known_visit_grid25_targets10_trials50.csv,5,1,21,5.5821387877138,5.5821387877138,02,02,2,1,True,completed
29,known_visit,PI,bernoulli,drop_0.25,25,625,3,10,pi_g25_d220_bernoulli_drop_0_25,reruns\grid_density\scenarios\cv\known_visit_grid25_targets10_trials50.csv,6,19,18,46.335153959095464,46.335153959095464,02,02,2,1,True,completed
29,known_visit,PI,bernoulli,drop_0.25,25,625,3,10,pi_g25_d220_bernoulli_drop_0_25,reruns\grid_density\scenarios\cv\known_visit_grid25_targets10_trials50.csv,7,10,19,28.4599700390827,28.4599700390827,02,02,1,0,True,completed
29,known_visit,PI,bernoulli,drop_0.25,25,625,3,10,pi_g25_d220_bernoulli_drop_0_25,reruns\grid_density\scenarios\cv\known_visit_grid25_targets10_trials50.csv,8,16,20,55.29536262610717,55.29536262610717,02,02,1,0,True,completed
29,known_visit,PI,bernoulli,drop_0.25,25,625,3,10,pi_g25_d220_bernoulli_drop_0_25,reruns\grid_density\scenarios\cv\known_visit_grid25_targets10_trials50.csv,9,8,16,43.675540719240075,43.675540719240075,01,01,1,0,True,completed
29,known_visit,PI,bernoulli,drop_0.25,25,625,3,10,pi_g25_d220_bernoulli_drop_0_25,reruns\grid_density\scenarios\cv\known_visit_grid25_targets10_trials50.csv,10,16,0,26.012721068445114,26.012721068445114,00,00,1,0,True,completed
30,known_visit,PI,bernoulli,drop_0.25,25,625,3,10,pi_g25_d220_bernoulli_drop_0_25,reruns\grid_density\scenarios\cv\known_visit_grid25_targets10_trials50.csv,1,7,1,12.356129842831344,12.356129842831344,00,00,1,0,True,completed
30,known_visit,PI,bernoulli,drop_0.25,25,625,3,10,pi_g25_d220_bernoulli_drop_0_25,reruns\grid_density\scenarios\cv\known_visit_grid25_targets10_trials50.csv,2,19,11,36.604221837632906,36.604221837632906,01,01,2,1,True,completed
30,known_visit,PI,bernoulli,drop_0.25,25,625,3,10,pi_g25_d220_bernoulli_drop_0_25,reruns\grid_density\scenarios\cv\known_visit_grid25_targets10_trials50.csv,3,2,0,1.8845248490944497,1.8845248490944497,00,00,1,0,True,completed
30,known_visit,PI,bernoulli,drop_0.25,25,625,3,10,pi_g25_d220_bernoulli_drop_0_25,reruns\grid_density\scenarios\cv\known_visit_grid25_targets10_trials50.csv,4,23,14,52.62679370794515,52.62679370794515,01,01,1,0,True,completed
30,known_visit,PI,bernoulli,drop_0.25,25,625,3,10,pi_g25_d220_bernoulli_drop_0_25,reruns\grid_density\scenarios\cv\known_visit_grid25_targets10_trials50.csv,5,23,17,57.954299396893205,57.954299396893205,01,01,1,0,True,completed
30,known_visit,PI,bernoulli,drop_0.25,25,625,3,10,pi_g25_d220_bernoulli_drop_0_25,reruns\grid_density\scenarios\cv\known_visit_grid25_targets10_trials50.csv,6,19,13,49.78564871504099,49.78564871504099,02,02,1,0,True,completed
30,known_visit,PI,bernoulli,drop_0.25,25,625,3,10,pi_g25_d220_bernoulli_drop_0_25,reruns\grid_density\scenarios\cv\known_visit_grid25_targets10_trials50.csv,7,9,1,16.18966456534001,16.18966456534001,00,00,1,0,True,completed
30,known_visit,PI,bernoulli,drop_0.25,25,625,3,10,pi_g25_d220_bernoulli_drop_0_25,reruns\grid_density\scenarios\cv\known_visit_grid25_targets10_trials50.csv,8,13,4,28.16085201283243,28.16085201283243,00,00,1,0,True,completed
30,known_visit,PI,bernoulli,drop_0.25,25,625,3,10,pi_g25_d220_bernoulli_drop_0_25,reruns\grid_density\scenarios\cv\known_visit_grid25_targets10_trials50.csv,9,8,1,14.45402218375809,14.45402218375809,00,00,1,0,True,completed
30,known_visit,PI,bernoulli,drop_0.25,25,625,3,10,pi_g25_d220_bernoulli_drop_0_25,reruns\grid_density\scenarios\cv\known_visit_grid25_targets10_trials50.csv,10,24,11,45.34634916758359,45.34634916758359,01,01,1,0,True,completed
31,known_visit,PI,bernoulli,drop_0.25,25,625,3,10,pi_g25_d220_bernoulli_drop_0_25,reruns\grid_density\scenarios\cv\known_visit_grid25_targets10_trials50.csv,1,1,1,2.178246087361322,2.178246087361322,00,00,1,0,True,completed
31,known_visit,PI,bernoulli,drop_0.25,25,625,3,10,pi_g25_d220_bernoulli_drop_0_25,reruns\grid_density\scenarios\cv\known_visit_grid25_targets10_trials50.csv,2,13,22,24.394209404209004,24.394209404209004,02,02,1,0,True,completed
31,known_visit,PI,bernoulli,drop_0.25,25,625,3,10,pi_g25_d220_bernoulli_drop_0_25,reruns\grid_density\scenarios\cv\known_visit_grid25_targets10_trials50.csv,3,10,8,29.667490365075228,29.667490365075228,00,00,1,0,True,completed
31,known_visit,PI,bernoulli,drop_0.25,25,625,3,10,pi_g25_d220_bernoulli_drop_0_25,reruns\grid_density\scenarios\cv\known_visit_grid25_targets10_trials50.csv,4,2,17,10.683385087045515,10.683385087045515,01,01,1,0,True,completed
31,known_visit,PI,bernoulli,drop_0.25,25,625,3,10,pi_g25_d220_bernoulli_drop_0_25,reruns\grid_density\scenarios\cv\known_visit_grid25_targets10_trials50.csv,5,3,23,5.622278632210292,5.622278632210292,02,02,1,0,True,completed
31,known_visit,PI,bernoulli,drop_0.25,25,625,3,10,pi_g25_d220_bernoulli_drop_0_25,reruns\grid_density\scenarios\cv\known_visit_grid25_targets10_trials50.csv,6,16,15,38.288932189568094,38.288932189568094,01,01,1,0,True,completed
31,known_visit,PI,bernoulli,drop_0.25,25,625,3,10,pi_g25_d220_bernoulli_drop_0_25,reruns\grid_density\scenarios\cv\known_visit_grid25_targets10_trials50.csv,7,19,20,38.25227955724981,38.25227955724981,02,02,1,0,True,completed
31,known_visit,PI,bernoulli,drop_0.25,25,625,3,10,pi_g25_d220_bernoulli_drop_0_25,reruns\grid_density\scenarios\cv\known_visit_grid25_targets10_trials50.csv,8,12,10,37.000678598760274,37.000678598760274,00,00,1,0,True,completed
31,known_visit,PI,bernoulli,drop_0.25,25,625,3,10,pi_g25_d220_bernoulli_drop_0_25,reruns\grid_density\scenarios\cv\known_visit_grid25_targets10_trials50.csv,9,2,3,7.585738407324521,7.585738407324521,00,00,1,0,True,completed
31,known_visit,PI,bernoulli,drop_0.25,25,625,3,10,pi_g25_d220_bernoulli_drop_0_25,reruns\grid_density\scenarios\cv\known_visit_grid25_targets10_trials50.csv,10,11,9,33.27357744105304,33.27357744105304,00,00,1,0,True,completed
32,known_visit,PI,bernoulli,drop_0.25,25,625,3,10,pi_g25_d220_bernoulli_drop_0_25,reruns\grid_density\scenarios\cv\known_visit_grid25_targets10_trials50.csv,1,8,20,30.20600575575745,30.20600575575745,02,02,1,0,True,completed
32,known_visit,PI,bernoulli,drop_0.25,25,625,3,10,pi_g25_d220_bernoulli_drop_0_25,reruns\grid_density\scenarios\cv\known_visit_grid25_targets10_trials50.csv,2,13,4,27.94370698093382,27.94370698093382,00,00,1,0,True,completed
32,known_visit,PI,bernoulli,drop_0.25,25,625,3,10,pi_g25_d220_bernoulli_drop_0_25,reruns\grid_density\scenarios\cv\known_visit_grid25_targets10_trials50.csv,3,19,14,63.52240506104551,63.52240506104551,01,01,1,0,True,completed
32,known_visit,PI,bernoulli,drop_0.25,25,625,3,10,pi_g25_d220_bernoulli_drop_0_25,reruns\grid_density\scenarios\cv\known_visit_grid25_targets10_trials50.csv,4,18,4,54.38055424030948,54.38055424030948,00,00,1,0,True,completed
32,known_visit,PI,bernoulli,drop_0.25,25,625,3,10,pi_g25_d220_bernoulli_drop_0_25,reruns\grid_density\scenarios\cv\known_visit_grid25_targets10_trials50.csv,5,11,24,17.658779580186213,17.658779580186213,02,02,1,0,True,completed
32,known_visit,PI,bernoulli,drop_0.25,25,625,3,10,pi_g25_d220_bernoulli_drop_0_25,reruns\grid_density\scenarios\cv\known_visit_grid25_targets10_trials50.csv,6,15,8,42.302924102318094,42.302924102318094,00,00,1,0,True,completed
32,known_visit,PI,bernoulli,drop_0.25,25,625,3,10,pi_g25_d220_bernoulli_drop_0_25,reruns\grid_density\scenarios\cv\known_visit_grid25_targets10_trials50.csv,7,10,10,40.69612092876468,40.69612092876468,01,01,1,0,True,completed
32,known_visit,PI,bernoulli,drop_0.25,25,625,3,10,pi_g25_d220_bernoulli_drop_0_25,reruns\grid_density\scenarios\cv\known_visit_grid25_targets10_trials50.csv,8,12,5,31.633546720523494,31.633546720523494,00,00,1,0,True,completed
32,known_visit,PI,bernoulli,drop_0.25,25,625,3,10,pi_g25_d220_bernoulli_drop_0_25,reruns\grid_density\scenarios\cv\known_visit_grid25_targets10_trials50.csv,9,2,18,12.420139716227807,12.420139716227807,01,01,1,0,True,completed
32,known_visit,PI,bernoulli,drop_0.25,25,625,3,10,pi_g25_d220_bernoulli_drop_0_25,reruns\grid_density\scenarios\cv\known_visit_grid25_targets10_trials50.csv,10,24,19,80.67684622088582,80.67684622088582,01,01,1,0,True,completed
33,known_visit,PI,bernoulli,drop_0.25,25,625,3,10,pi_g25_d220_bernoulli_drop_0_25,reruns\grid_density\scenarios\cv\known_visit_grid25_targets10_trials50.csv,1,4,3,10.669682407738174,10.669682407738174,00,00,1,0,True,completed
33,known_visit,PI,bernoulli,drop_0.25,25,625,3,10,pi_g25_d220_bernoulli_drop_0_25,reruns\grid_density\scenarios\cv\known_visit_grid25_targets10_trials50.csv,2,4,12,5.439958620585104,5.439958620585104,01,01,2,1,True,completed
33,known_visit,PI,bernoulli,drop_0.25,25,625,3,10,pi_g25_d220_bernoulli_drop_0_25,reruns\grid_density\scenarios\cv\known_visit_grid25_targets10_trials50.csv,3,23,0,62.684541894965136,62.684541894965136,00,00,1,0,True,completed
33,known_visit,PI,bernoulli,drop_0.25,25,625,3,10,pi_g25_d220_bernoulli_drop_0_25,reruns\grid_density\scenarios\cv\known_visit_grid25_targets10_trials50.csv,4,12,7,32.06016935742203,32.06016935742203,00,00,1,0,True,completed
33,known_visit,PI,bernoulli,drop_0.25,25,625,3,10,pi_g25_d220_bernoulli_drop_0_25,reruns\grid_density\scenarios\cv\known_visit_grid25_targets10_trials50.csv,5,3,14,11.156666533948288,11.156666533948288,01,01,1,0,True,completed
33,known_visit,PI,bernoulli,drop_0.25,25,625,3,10,pi_g25_d220_bernoulli_drop_0_25,reruns\grid_density\scenarios\cv\known_visit_grid25_targets10_trials50.csv,6,8,4,19.573352052831794,19.573352052831794,00,00,2,1,True,completed
33,known_visit,PI,bernoulli,drop_0.25,25,625,3,10,pi_g25_d220_bernoulli_drop_0_25,reruns\grid_density\scenarios\cv\known_visit_grid25_targets10_trials50.csv,7,20,8,87.23795615858208,87.23795615858208,01,01,1,0,True,completed
33,known_visit,PI,bernoulli,drop_0.25,25,625,3,10,pi_g25_d220_bernoulli_drop_0_25,reruns\grid_density\scenarios\cv\known_visit_grid25_targets10_trials50.csv,8,9,24,13.896128034191584,13.896128034191584,02,02,1,0,True,completed
33,known_visit,PI,bernoulli,drop_0.25,25,625,3,10,pi_g25_d220_bernoulli_drop_0_25,reruns\grid_density\scenarios\cv\known_visit_grid25_targets10_trials50.csv,9,23,6,52.70816415561322,52.70816415561322,00,00,1,0,True,completed
33,known_visit,PI,bernoulli,drop_0.25,25,625,3,10,pi_g25_d220_bernoulli_drop_0_25,reruns\grid_density\scenarios\cv\known_visit_grid25_targets10_trials50.csv,10,5,20,25.530290369261465,25.530290369261465,01,01,1,0,True,completed
34,known_visit,PI,bernoulli,drop_0.25,25,625,3,10,pi_g25_d220_bernoulli_drop_0_25,reruns\grid_density\scenarios\cv\known_visit_grid25_targets10_trials50.csv,1,9,4,20.964094628255044,20.964094628255044,00,00,1,0,True,completed
34,known_visit,PI,bernoulli,drop_0.25,25,625,3,10,pi_g25_d220_bernoulli_drop_0_25,reruns\grid_density\scenarios\cv\known_visit_grid25_targets10_trials50.csv,2,12,5,30.97973892686651,30.97973892686651,01,01,2,1,True,completed
34,known_visit,PI,bernoulli,drop_0.25,25,625,3,10,pi_g25_d220_bernoulli_drop_0_25,reruns\grid_density\scenarios\cv\known_visit_grid25_targets10_trials50.csv,3,19,3,67.96700651057812,67.96700651057812,01,01,1,0,True,completed
34,known_visit,PI,bernoulli,drop_0.25,25,625,3,10,pi_g25_d220_bernoulli_drop_0_25,reruns\grid_density\scenarios\cv\known_visit_grid25_targets10_trials50.csv,4,8,0,30.09876203174621,30.09876203174621,00,00,1,0,True,completed
34,known_visit,PI,bernoulli,drop_0.25,25,625,3,10,pi_g25_d220_bernoulli_drop_0_25,reruns\grid_density\scenarios\cv\known_visit_grid25_targets10_trials50.csv,5,14,6,36.45926191205577,36.45926191205577,01,01,2,1,True,completed
34,known_visit,PI,bernoulli,drop_0.25,25,625,3,10,pi_g25_d220_bernoulli_drop_0_25,reruns\grid_density\scenarios\cv\known_visit_grid25_targets10_trials50.csv,6,17,10,48.64423696296989,48.64423696296989,01,01,1,0,True,completed
34,known_visit,PI,bernoulli,drop_0.25,25,625,3,10,pi_g25_d220_bernoulli_drop_0_25,reruns\grid_density\scenarios\cv\known_visit_grid25_targets10_trials50.csv,7,10,8,22.146676062943907,22.146676062943907,01,01,1,0,True,completed
34,known_visit,PI,bernoulli,drop_0.25,25,625,3,10,pi_g25_d220_bernoulli_drop_0_25,reruns\grid_density\scenarios\cv\known_visit_grid25_targets10_trials50.csv,8,20,10,53.77483463347319,53.77483463347319,01,01,1,0,True,completed
34,known_visit,PI,bernoulli,drop_0.25,25,625,3,10,pi_g25_d220_bernoulli_drop_0_25,reruns\grid_density\scenarios\cv\known_visit_grid25_targets10_trials50.csv,9,11,24,17.286939783426604,17.286939783426604,02,02,1,0,True,completed
34,known_visit,PI,bernoulli,drop_0.25,25,625,3,10,pi_g25_d220_bernoulli_drop_0_25,reruns\grid_density\scenarios\cv\known_visit_grid25_targets10_trials50.csv,10,3,3,8.900434026025673,8.900434026025673,00,00,1,0,True,completed
35,known_visit,PI,bernoulli,drop_0.25,25,625,3,10,pi_g25_d220_bernoulli_drop_0_25,reruns\grid_density\scenarios\cv\known_visit_grid25_targets10_trials50.csv,1,8,20,22.785630537670848,22.785630537670848,02,02,1,0,True,completed
35,known_visit,PI,bernoulli,drop_0.25,25,625,3,10,pi_g25_d220_bernoulli_drop_0_25,reruns\grid_density\scenarios\cv\known_visit_grid25_targets10_trials50.csv,2,7,3,15.802400228373854,15.802400228373854,00,00,2,1,True,completed
35,known_visit,PI,bernoulli,drop_0.25,25,625,3,10,pi_g25_d220_bernoulli_drop_0_25,reruns\grid_density\scenarios\cv\known_visit_grid25_targets10_trials50.csv,3,14,16,40.617964546870766,40.617964546870766,02,02,1,0,True,completed
35,known_visit,PI,bernoulli,drop_0.25,25,625,3,10,pi_g25_d220_bernoulli_drop_0_25,reruns\grid_density\scenarios\cv\known_visit_grid25_targets10_trials50.csv,4,17,5,36.423431639061896,36.423431639061896,00,00,1,0,True,completed
35,known_visit,PI,bernoulli,drop_0.25,25,625,3,10,pi_g25_d220_bernoulli_drop_0_25,reruns\grid_density\scenarios\cv\known_visit_grid25_targets10_trials50.csv,5,9,24,13.817487246321244,13.817487246321244,02,02,1,0,True,completed
35,known_visit,PI,bernoulli,drop_0.25,25,625,3,10,pi_g25_d220_bernoulli_drop_0_25,reruns\grid_density\scenarios\cv\known_visit_grid25_targets10_trials50.csv,6,16,11,90.74006947966994,90.74006947966994,02,02,1,0,True,completed
35,known_visit,PI,bernoulli,drop_0.25,25,625,3,10,pi_g25_d220_bernoulli_drop_0_25,reruns\grid_density\scenarios\cv\known_visit_grid25_targets10_trials50.csv,7,14,8,29.611391532751938,29.611391532751938,01,01,1,0,True,completed
35,known_visit,PI,bernoulli,drop_0.25,25,625,3,10,pi_g25_d220_bernoulli_drop_0_25,reruns\grid_density\scenarios\cv\known_visit_grid25_targets10_trials50.csv,8,22,20,61.13271179259139,61.13271179259139,02,02,1,0,True,completed
35,known_visit,PI,bernoulli,drop_0.25,25,625,3,10,pi_g25_d220_bernoulli_drop_0_25,reruns\grid_density\scenarios\cv\known_visit_grid25_targets10_trials50.csv,9,17,7,36.88291626601884,36.88291626601884,01,01,1,0,True,completed
35,known_visit,PI,bernoulli,drop_0.25,25,625,3,10,pi_g25_d220_bernoulli_drop_0_25,reruns\grid_density\scenarios\cv\known_visit_grid25_targets10_trials50.csv,10,6,3,13.793056254516868,13.793056254516868,00,00,2,1,True,completed
36,known_visit,PI,bernoulli,drop_0.25,25,625,3,10,pi_g25_d220_bernoulli_drop_0_25,reruns\grid_density\scenarios\cv\known_visit_grid25_targets10_trials50.csv,1,6,11,10.494632214225984,10.494632214225984,01,01,2,1,True,completed
36,known_visit,PI,bernoulli,drop_0.25,25,625,3,10,pi_g25_d220_bernoulli_drop_0_25,reruns\grid_density\scenarios\cv\known_visit_grid25_targets10_trials50.csv,2,19,8,52.33569038129513,52.33569038129513,01,01,2,1,True,completed
36,known_visit,PI,bernoulli,drop_0.25,25,625,3,10,pi_g25_d220_bernoulli_drop_0_25,reruns\grid_density\scenarios\cv\known_visit_grid25_targets10_trials50.csv,3,15,15,33.14591930553407,33.14591930553407,01,01,1,0,True,completed
36,known_visit,PI,bernoulli,drop_0.25,25,625,3,10,pi_g25_d220_bernoulli_drop_0_25,reruns\grid_density\scenarios\cv\known_visit_grid25_targets10_trials50.csv,4,17,18,37.953301502262896,37.953301502262896,02,02,1,0,True,completed
36,known_visit,PI,bernoulli,drop_0.25,25,625,3,10,pi_g25_d220_bernoulli_drop_0_25,reruns\grid_density\scenarios\cv\known_visit_grid25_targets10_trials50.csv,5,18,8,50.410589690238744,50.410589690238744,01,01,2,1,True,completed
36,known_visit,PI,bernoulli,drop_0.25,25,625,3,10,pi_g25_d220_bernoulli_drop_0_25,reruns\grid_density\scenarios\cv\known_visit_grid25_targets10_trials50.csv,6,23,12,59.2039809626926,59.2039809626926,02,02,1,0,True,completed
36,known_visit,PI,bernoulli,drop_0.25,25,625,3,10,pi_g25_d220_bernoulli_drop_0_25,reruns\grid_density\scenarios\cv\known_visit_grid25_targets10_trials50.csv,7,18,18,39.938578419301066,39.938578419301066,02,02,1,0,True,completed
36,known_visit,PI,bernoulli,drop_0.25,25,625,3,10,pi_g25_d220_bernoulli_drop_0_25,reruns\grid_density\scenarios\cv\known_visit_grid25_targets10_trials50.csv,8,15,12,28.123674924205975,28.123674924205975,01,01,2,1,True,completed
36,known_visit,PI,bernoulli,drop_0.25,25,625,3,10,pi_g25_d220_bernoulli_drop_0_25,reruns\grid_density\scenarios\cv\known_visit_grid25_targets10_trials50.csv,9,15,13,29.814065391210008,29.814065391210008,01,01,1,0,True,completed
36,known_visit,PI,bernoulli,drop_0.25,25,625,3,10,pi_g25_d220_bernoulli_drop_0_25,reruns\grid_density\scenarios\cv\known_visit_grid25_targets10_trials50.csv,10,24,12,60.90591075885276,60.90591075885276,02,02,1,0,True,completed
37,known_visit,PI,bernoulli,drop_0.25,25,625,3,10,pi_g25_d220_bernoulli_drop_0_25,reruns\grid_density\scenarios\cv\known_visit_grid25_targets10_trials50.csv,1,8,4,19.488579047831184,19.488579047831184,00,00,1,0,True,completed
37,known_visit,PI,bernoulli,drop_0.25,25,625,3,10,pi_g25_d220_bernoulli_drop_0_25,reruns\grid_density\scenarios\cv\known_visit_grid25_targets10_trials50.csv,2,13,14,36.088387464405464,36.088387464405464,01,01,2,1,True,completed
37,known_visit,PI,bernoulli,drop_0.25,25,625,3,10,pi_g25_d220_bernoulli_drop_0_25,reruns\grid_density\scenarios\cv\known_visit_grid25_targets10_trials50.csv,3,23,2,67.14131881997127,67.14131881997127,00,00,1,0,True,completed
37,known_visit,PI,bernoulli,drop_0.25,25,625,3,10,pi_g25_d220_bernoulli_drop_0_25,reruns\grid_density\scenarios\cv\known_visit_grid25_targets10_trials50.csv,4,22,11,56.9659071659258,56.9659071659258,01,01,1,0,True,completed
37,known_visit,PI,bernoulli,drop_0.25,25,625,3,10,pi_g25_d220_bernoulli_drop_0_25,reruns\grid_density\scenarios\cv\known_visit_grid25_targets10_trials50.csv,5,13,5,30.056881443460984,30.056881443460984,00,00,1,0,True,completed
37,known_visit,PI,bernoulli,drop_0.25,25,625,3,10,pi_g25_d220_bernoulli_drop_0_25,reruns\grid_density\scenarios\cv\known_visit_grid25_targets10_trials50.csv,6,6,16,20.125982398406535,20.125982398406535,01,01,1,0,True,completed
37,known_visit,PI,bernoulli,drop_0.25,25,625,3,10,pi_g25_d220_bernoulli_drop_0_25,reruns\grid_density\scenarios\cv\known_visit_grid25_targets10_trials50.csv,7,5,11,9.152035961757308,9.152035961757308,01,01,1,0,True,completed
37,known_visit,PI,bernoulli,drop_0.25,25,625,3,10,pi_g25_d220_bernoulli_drop_0_25,reruns\grid_density\scenarios\cv\known_visit_grid25_targets10_trials50.csv,8,18,23,31.95782082788451,31.95782082788451,02,02,1,0,True,completed
37,known_visit,PI,bernoulli,drop_0.25,25,625,3,10,pi_g25_d220_bernoulli_drop_0_25,reruns\grid_density\scenarios\cv\known_visit_grid25_targets10_trials50.csv,9,19,8,45.939569397825395,45.939569397825395,00,00,1,0,True,completed
37,known_visit,PI,bernoulli,drop_0.25,25,625,3,10,pi_g25_d220_bernoulli_drop_0_25,reruns\grid_density\scenarios\cv\known_visit_grid25_targets10_trials50.csv,10,24,5,59.949418047973985,59.949418047973985,00,00,1,0,True,completed
38,known_visit,PI,bernoulli,drop_0.25,25,625,3,10,pi_g25_d220_bernoulli_drop_0_25,reruns\grid_density\scenarios\cv\known_visit_grid25_targets10_trials50.csv,1,7,18,28.490421324564853,28.490421324564853,01,01,2,1,True,completed
38,known_visit,PI,bernoulli,drop_0.25,25,625,3,10,pi_g25_d220_bernoulli_drop_0_25,reruns\grid_density\scenarios\cv\known_visit_grid25_targets10_trials50.csv,2,5,2,10.779063745894728,10.779063745894728,00,00,2,1,True,completed
38,known_visit,PI,bernoulli,drop_0.25,25,625,3,10,pi_g25_d220_bernoulli_drop_0_25,reruns\grid_density\scenarios\cv\known_visit_grid25_targets10_trials50.csv,3,14,18,54.43574580226956,54.43574580226956,02,02,2,1,True,completed
38,known_visit,PI,bernoulli,drop_0.25,25,625,3,10,pi_g25_d220_bernoulli_drop_0_25,reruns\grid_density\scenarios\cv\known_visit_grid25_targets10_trials50.csv,4,3,13,5.443453083115525,5.443453083115525,01,01,2,1,True,completed
38,known_visit,PI,bernoulli,drop_0.25,25,625,3,10,pi_g25_d220_bernoulli_drop_0_25,reruns\grid_density\scenarios\cv\known_visit_grid25_targets10_trials50.csv,5,21,11,78.71874835654216,78.71874835654216,02,02,1,0,True,completed
38,known_visit,PI,bernoulli,drop_0.25,25,625,3,10,pi_g25_d220_bernoulli_drop_0_25,reruns\grid_density\scenarios\cv\known_visit_grid25_targets10_trials50.csv,6,1,15,15.707228457972308,15.707228457972308,02,02,2,1,True,completed
38,known_visit,PI,bernoulli,drop_0.25,25,625,3,10,pi_g25_d220_bernoulli_drop_0_25,reruns\grid_density\scenarios\cv\known_visit_grid25_targets10_trials50.csv,7,24,10,85.91486972164903,85.91486972164903,02,02,1,0,True,completed
38,known_visit,PI,bernoulli,drop_0.25,25,625,3,10,pi_g25_d220_bernoulli_drop_0_25,reruns\grid_density\scenarios\cv\known_visit_grid25_targets10_trials50.csv,8,3,12,3.4698757465227366,3.4698757465227366,01,01,3,2,True,completed
38,known_visit,PI,bernoulli,drop_0.25,25,625,3,10,pi_g25_d220_bernoulli_drop_0_25,reruns\grid_density\scenarios\cv\known_visit_grid25_targets10_trials50.csv,9,9,15,19.525273422602226,19.525273422602226,01,01,2,1,True,completed
38,known_visit,PI,bernoulli,drop_0.25,25,625,3,10,pi_g25_d220_bernoulli_drop_0_25,reruns\grid_density\scenarios\cv\known_visit_grid25_targets10_trials50.csv,10,8,20,61.992961791697056,61.992961791697056,00,00,1,0,True,completed
39,known_visit,PI,bernoulli,drop_0.25,25,625,3,10,pi_g25_d220_bernoulli_drop_0_25,reruns\grid_density\scenarios\cv\known_visit_grid25_targets10_trials50.csv,1,23,8,58.69820091472021,58.69820091472021,00,00,1,0,True,completed
39,known_visit,PI,bernoulli,drop_0.25,25,625,3,10,pi_g25_d220_bernoulli_drop_0_25,reruns\grid_density\scenarios\cv\known_visit_grid25_targets10_trials50.csv,2,8,1,14.271557827056359,14.271557827056359,00,00,1,0,True,completed
39,known_visit,PI,bernoulli,drop_0.25,25,625,3,10,pi_g25_d220_bernoulli_drop_0_25,reruns\grid_density\scenarios\cv\known_visit_grid25_targets10_trials50.csv,3,3,22,7.335981499956914,7.335981499956914,02,02,1,0,True,completed
39,known_visit,PI,bernoulli,drop_0.25,25,625,3,10,pi_g25_d220_bernoulli_drop_0_25,reruns\grid_density\scenarios\cv\known_visit_grid25_targets10_trials50.csv,4,17,10,44.76537364964262,44.76537364964262,00,00,1,0,True,completed
39,known_visit,PI,bernoulli,drop_0.25,25,625,3,10,pi_g25_d220_bernoulli_drop_0_25,reruns\grid_density\scenarios\cv\known_visit_grid25_targets10_trials50.csv,5,19,19,43.56076530487872,43.56076530487872,02,02,1,0,True,completed
39,known_visit,PI,bernoulli,drop_0.25,25,625,3,10,pi_g25_d220_bernoulli_drop_0_25,reruns\grid_density\scenarios\cv\known_visit_grid25_targets10_trials50.csv,6,3,16,10.666548410445014,10.666548410445014,01,01,1,0,True,completed
39,known_visit,PI,bernoulli,drop_0.25,25,625,3,10,pi_g25_d220_bernoulli_drop_0_25,reruns\grid_density\scenarios\cv\known_visit_grid25_targets10_trials50.csv,7,10,17,24.602048506949046,24.602048506949046,01,01,1,0,True,completed
39,known_visit,PI,bernoulli,drop_0.25,25,625,3,10,pi_g25_d220_bernoulli_drop_0_25,reruns\grid_density\scenarios\cv\known_visit_grid25_targets10_trials50.csv,8,24,11,59.490751675459435,59.490751675459435,01,01,1,0,True,completed
39,known_visit,PI,bernoulli,drop_0.25,25,625,3,10,pi_g25_d220_bernoulli_drop_0_25,reruns\grid_density\scenarios\cv\known_visit_grid25_targets10_trials50.csv,9,13,18,31.511505309337807,31.511505309337807,02,02,1,0,True,completed
39,known_visit,PI,bernoulli,drop_0.25,25,625,3,10,pi_g25_d220_bernoulli_drop_0_25,reruns\grid_density\scenarios\cv\known_visit_grid25_targets10_trials50.csv,10,12,16,30.078040224950943,30.078040224950943,01,01,1,0,True,completed
40,known_visit,PI,bernoulli,drop_0.25,25,625,3,10,pi_g25_d220_bernoulli_drop_0_25,reruns\grid_density\scenarios\cv\known_visit_grid25_targets10_trials50.csv,1,10,10,23.76275718263209,23.76275718263209,01,01,2,1,True,completed
40,known_visit,PI,bernoulli,drop_0.25,25,625,3,10,pi_g25_d220_bernoulli_drop_0_25,reruns\grid_density\scenarios\cv\known_visit_grid25_targets10_trials50.csv,2,17,3,47.4447409559293,47.4447409559293,00,00,1,0,True,completed
40,known_visit,PI,bernoulli,drop_0.25,25,625,3,10,pi_g25_d220_bernoulli_drop_0_25,reruns\grid_density\scenarios\cv\known_visit_grid25_targets10_trials50.csv,3,11,0,31.32036981779109,31.32036981779109,00,00,1,0,True,completed
40,known_visit,PI,bernoulli,drop_0.25,25,625,3,10,pi_g25_d220_bernoulli_drop_0_25,reruns\grid_density\scenarios\cv\known_visit_grid25_targets10_trials50.csv,4,9,10,21.718656420794044,21.718656420794044,01,01,1,0,True,completed
40,known_visit,PI,bernoulli,drop_0.25,25,625,3,10,pi_g25_d220_bernoulli_drop_0_25,reruns\grid_density\scenarios\cv\known_visit_grid25_targets10_trials50.csv,5,13,12,41.80033142408292,41.80033142408292,02,02,2,1,True,completed
40,known_visit,PI,bernoulli,drop_0.25,25,625,3,10,pi_g25_d220_bernoulli_drop_0_25,reruns\grid_density\scenarios\cv\known_visit_grid25_targets10_trials50.csv,6,22,5,52.76331887495086,52.76331887495086,01,01,1,0,True,completed
40,known_visit,PI,bernoulli,drop_0.25,25,625,3,10,pi_g25_d220_bernoulli_drop_0_25,reruns\grid_density\scenarios\cv\known_visit_grid25_targets10_trials50.csv,7,5,4,13.820243873098649,13.820243873098649,00,00,1,0,True,completed
40,known_visit,PI,bernoulli,drop_0.25,25,625,3,10,pi_g25_d220_bernoulli_drop_0_25,reruns\grid_density\scenarios\cv\known_visit_grid25_targets10_trials50.csv,8,3,13,5.6724427724841995,5.6724427724841995,01,01,1,0,True,completed
40,known_visit,PI,bernoulli,drop_0.25,25,625,3,10,pi_g25_d220_bernoulli_drop_0_25,reruns\grid_density\scenarios\cv\known_visit_grid25_targets10_trials50.csv,9,12,21,24.45268993751796,24.45268993751796,02,02,1,0,True,completed
40,known_visit,PI,bernoulli,drop_0.25,25,625,3,10,pi_g25_d220_bernoulli_drop_0_25,reruns\grid_density\scenarios\cv\known_visit_grid25_targets10_trials50.csv,10,22,20,82.53316411901669,82.53316411901669,01,01,1,0,True,completed
41,known_visit,PI,bernoulli,drop_0.25,25,625,3,10,pi_g25_d220_bernoulli_drop_0_25,reruns\grid_density\scenarios\cv\known_visit_grid25_targets10_trials50.csv,1,7,24,14.820075353883079,14.820075353883079,02,02,2,1,True,completed
41,known_visit,PI,bernoulli,drop_0.25,25,625,3,10,pi_g25_d220_bernoulli_drop_0_25,reruns\grid_density\scenarios\cv\known_visit_grid25_targets10_trials50.csv,2,11,6,27.654722872299093,27.654722872299093,00,00,2,1,True,completed
41,known_visit,PI,bernoulli,drop_0.25,25,625,3,10,pi_g25_d220_bernoulli_drop_0_25,reruns\grid_density\scenarios\cv\known_visit_grid25_targets10_trials50.csv,3,8,12,12.056604837341649,12.056604837341649,01,01,2,1,True,completed
41,known_visit,PI,bernoulli,drop_0.25,25,625,3,10,pi_g25_d220_bernoulli_drop_0_25,reruns\grid_density\scenarios\cv\known_visit_grid25_targets10_trials50.csv,4,22,21,99.16659031549001,99.16659031549001,01,01,1,0,True,completed
41,known_visit,PI,bernoulli,drop_0.25,25,625,3,10,pi_g25_d220_bernoulli_drop_0_25,reruns\grid_density\scenarios\cv\known_visit_grid25_targets10_trials50.csv,5,11,22,25.643018990378803,25.643018990378803,02,02,2,1,True,completed
41,known_visit,PI,bernoulli,drop_0.25,25,625,3,10,pi_g25_d220_bernoulli_drop_0_25,reruns\grid_density\scenarios\cv\known_visit_grid25_targets10_trials50.csv,6,11,9,32.89023020656265,32.89023020656265,00,00,2,1,True,completed
41,known_visit,PI,bernoulli,drop_0.25,25,625,3,10,pi_g25_d220_bernoulli_drop_0_25,reruns\grid_density\scenarios\cv\known_visit_grid25_targets10_trials50.csv,7,12,17,36.287771300617266,36.287771300617266,02,02,1,0,True,completed
41,known_visit,PI,bernoulli,drop_0.25,25,625,3,10,pi_g25_d220_bernoulli_drop_0_25,reruns\grid_density\scenarios\cv\known_visit_grid25_targets10_trials50.csv,8,4,23,7.390418192880785,7.390418192880785,02,02,2,1,True,completed
41,known_visit,PI,bernoulli,drop_0.25,25,625,3,10,pi_g25_d220_bernoulli_drop_0_25,reruns\grid_density\scenarios\cv\known_visit_grid25_targets10_trials50.csv,9,12,12,34.082673349737206,34.082673349737206,01,01,1,0,True,completed
41,known_visit,PI,bernoulli,drop_0.25,25,625,3,10,pi_g25_d220_bernoulli_drop_0_25,reruns\grid_density\scenarios\cv\known_visit_grid25_targets10_trials50.csv,10,7,14,17.934974142136646,17.934974142136646,01,01,2,1,True,completed
42,known_visit,PI,bernoulli,drop_0.25,25,625,3,10,pi_g25_d220_bernoulli_drop_0_25,reruns\grid_density\scenarios\cv\known_visit_grid25_targets10_trials50.csv,1,22,22,57.021637747179895,57.021637747179895,01,01,1,0,True,completed
42,known_visit,PI,bernoulli,drop_0.25,25,625,3,10,pi_g25_d220_bernoulli_drop_0_25,reruns\grid_density\scenarios\cv\known_visit_grid25_targets10_trials50.csv,2,1,8,13.860480360006827,13.860480360006827,00,00,1,0,True,completed
42,known_visit,PI,bernoulli,drop_0.25,25,625,3,10,pi_g25_d220_bernoulli_drop_0_25,reruns\grid_density\scenarios\cv\known_visit_grid25_targets10_trials50.csv,3,3,12,3.494713733185657,3.494713733185657,01,01,1,0,True,completed
42,known_visit,PI,bernoulli,drop_0.25,25,625,3,10,pi_g25_d220_bernoulli_drop_0_25,reruns\grid_density\scenarios\cv\known_visit_grid25_targets10_trials50.csv,4,18,15,60.64681275113769,60.64681275113769,02,02,2,1,True,completed
42,known_visit,PI,bernoulli,drop_0.25,25,625,3,10,pi_g25_d220_bernoulli_drop_0_25,reruns\grid_density\scenarios\cv\known_visit_grid25_targets10_trials50.csv,5,4,21,14.283531309710801,14.283531309710801,02,02,1,0,True,completed
42,known_visit,PI,bernoulli,drop_0.25,25,625,3,10,pi_g25_d220_bernoulli_drop_0_25,reruns\grid_density\scenarios\cv\known_visit_grid25_targets10_trials50.csv,6,1,20,6.919317066769146,6.919317066769146,02,02,1,0,True,completed
42,known_visit,PI,bernoulli,drop_0.25,25,625,3,10,pi_g25_d220_bernoulli_drop_0_25,reruns\grid_density\scenarios\cv\known_visit_grid25_targets10_trials50.csv,7,18,3,51.52879469881362,51.52879469881362,00,00,2,1,True,completed
42,known_visit,PI,bernoulli,drop_0.25,25,625,3,10,pi_g25_d220_bernoulli_drop_0_25,reruns\grid_density\scenarios\cv\known_visit_grid25_targets10_trials50.csv,8,24,3,61.7606381200985,61.7606381200985,00,00,2,1,True,completed
42,known_visit,PI,bernoulli,drop_0.25,25,625,3,10,pi_g25_d220_bernoulli_drop_0_25,reruns\grid_density\scenarios\cv\known_visit_grid25_targets10_trials50.csv,9,8,20,23.62706815350357,23.62706815350357,02,02,1,0,True,completed
42,known_visit,PI,bernoulli,drop_0.25,25,625,3,10,pi_g25_d220_bernoulli_drop_0_25,reruns\grid_density\scenarios\cv\known_visit_grid25_targets10_trials50.csv,10,16,23,110.31179599425003,110.31179599425003,00,00,1,0,True,completed
43,known_visit,PI,bernoulli,drop_0.25,25,625,3,10,pi_g25_d220_bernoulli_drop_0_25,reruns\grid_density\scenarios\cv\known_visit_grid25_targets10_trials50.csv,1,5,8,21.345814133890848,21.345814133890848,00,00,1,0,True,completed
43,known_visit,PI,bernoulli,drop_0.25,25,625,3,10,pi_g25_d220_bernoulli_drop_0_25,reruns\grid_density\scenarios\cv\known_visit_grid25_targets10_trials50.csv,2,24,15,55.83881917985784,55.83881917985784,02,02,1,0,True,completed
43,known_visit,PI,bernoulli,drop_0.25,25,625,3,10,pi_g25_d220_bernoulli_drop_0_25,reruns\grid_density\scenarios\cv\known_visit_grid25_targets10_trials50.csv,3,12,20,26.067974323529867,26.067974323529867,02,02,2,1,True,completed
43,known_visit,PI,bernoulli,drop_0.25,25,625,3,10,pi_g25_d220_bernoulli_drop_0_25,reruns\grid_density\scenarios\cv\known_visit_grid25_targets10_trials50.csv,4,20,16,57.575677979559494,57.575677979559494,01,01,1,0,True,completed
43,known_visit,PI,bernoulli,drop_0.25,25,625,3,10,pi_g25_d220_bernoulli_drop_0_25,reruns\grid_density\scenarios\cv\known_visit_grid25_targets10_trials50.csv,5,15,8,38.68000364925857,38.68000364925857,00,00,1,0,True,completed
43,known_visit,PI,bernoulli,drop_0.25,25,625,3,10,pi_g25_d220_bernoulli_drop_0_25,reruns\grid_density\scenarios\cv\known_visit_grid25_targets10_trials50.csv,6,14,15,38.42606691287953,38.42606691287953,02,02,1,0,True,completed
43,known_visit,PI,bernoulli,drop_0.25,25,625,3,10,pi_g25_d220_bernoulli_drop_0_25,reruns\grid_density\scenarios\cv\known_visit_grid25_targets10_trials50.csv,7,8,19,28.04628111164929,28.04628111164929,01,01,1,0,True,completed
43,known_visit,PI,bernoulli,drop_0.25,25,625,3,10,pi_g25_d220_bernoulli_drop_0_25,reruns\grid_density\scenarios\cv\known_visit_grid25_targets10_trials50.csv,8,17,2,52.61922637758992,52.61922637758992,00,00,1,0,True,completed
43,known_visit,PI,bernoulli,drop_0.25,25,625,3,10,pi_g25_d220_bernoulli_drop_0_25,reruns\grid_density\scenarios\cv\known_visit_grid25_targets10_trials50.csv,9,8,20,18.998943415087812,18.998943415087812,02,02,2,1,True,completed
43,known_visit,PI,bernoulli,drop_0.25,25,625,3,10,pi_g25_d220_bernoulli_drop_0_25,reruns\grid_density\scenarios\cv\known_visit_grid25_targets10_trials50.csv,10,4,11,7.21811959122111,7.21811959122111,01,01,1,0,True,completed
44,known_visit,PI,bernoulli,drop_0.25,25,625,3,10,pi_g25_d220_bernoulli_drop_0_25,reruns\grid_density\scenarios\cv\known_visit_grid25_targets10_trials50.csv,1,22,11,52.057093156629406,52.057093156629406,01,01,1,0,True,completed
44,known_visit,PI,bernoulli,drop_0.25,25,625,3,10,pi_g25_d220_bernoulli_drop_0_25,reruns\grid_density\scenarios\cv\known_visit_grid25_targets10_trials50.csv,2,9,7,22.41741680549277,22.41741680549277,01,01,2,1,True,completed
44,known_visit,PI,bernoulli,drop_0.25,25,625,3,10,pi_g25_d220_bernoulli_drop_0_25,reruns\grid_density\scenarios\cv\known_visit_grid25_targets10_trials50.csv,3,22,21,41.46676169501298,41.46676169501298,02,02,1,0,True,completed
44,known_visit,PI,bernoulli,drop_0.25,25,625,3,10,pi_g25_d220_bernoulli_drop_0_25,reruns\grid_density\scenarios\cv\known_visit_grid25_targets10_trials50.csv,4,7,23,12.27985227218207,12.27985227218207,02,02,2,1,True,completed
44,known_visit,PI,bernoulli,drop_0.25,25,625,3,10,pi_g25_d220_bernoulli_drop_0_25,reruns\grid_density\scenarios\cv\known_visit_grid25_targets10_trials50.csv,5,11,21,22.6091288831173,22.6091288831173,02,02,1,0,True,completed
44,known_visit,PI,bernoulli,drop_0.25,25,625,3,10,pi_g25_d220_bernoulli_drop_0_25,reruns\grid_density\scenarios\cv\known_visit_grid25_targets10_trials50.csv,6,24,19,48.67187974365213,48.67187974365213,02,02,1,0,True,completed
44,known_visit,PI,bernoulli,drop_0.25,25,625,3,10,pi_g25_d220_bernoulli_drop_0_25,reruns\grid_density\scenarios\cv\known_visit_grid25_targets10_trials50.csv,7,16,14,50.08507316380103,50.08507316380103,00,00,1,0,True,completed
44,known_visit,PI,bernoulli,drop_0.25,25,625,3,10,pi_g25_d220_bernoulli_drop_0_25,reruns\grid_density\scenarios\cv\known_visit_grid25_targets10_trials50.csv,8,24,0,81.22549892597188,81.22549892597188,02,02,1,0,True,completed
44,known_visit,PI,bernoulli,drop_0.25,25,625,3,10,pi_g25_d220_bernoulli_drop_0_25,reruns\grid_density\scenarios\cv\known_visit_grid25_targets10_trials50.csv,9,21,0,77.03486673943111,77.03486673943111,01,01,1,0,True,completed
44,known_visit,PI,bernoulli,drop_0.25,25,625,3,10,pi_g25_d220_bernoulli_drop_0_25,reruns\grid_density\scenarios\cv\known_visit_grid25_targets10_trials50.csv,10,4,11,7.174191900651285,7.174191900651285,01,01,1,0,True,completed
45,known_visit,PI,bernoulli,drop_0.25,25,625,3,10,pi_g25_d220_bernoulli_drop_0_25,reruns\grid_density\scenarios\cv\known_visit_grid25_targets10_trials50.csv,1,2,5,10.854931970876915,10.854931970876915,00,00,1,0,True,completed
45,known_visit,PI,bernoulli,drop_0.25,25,625,3,10,pi_g25_d220_bernoulli_drop_0_25,reruns\grid_density\scenarios\cv\known_visit_grid25_targets10_trials50.csv,2,2,11,3.8187971946160544,3.8187971946160544,01,01,2,1,True,completed
45,known_visit,PI,bernoulli,drop_0.25,25,625,3,10,pi_g25_d220_bernoulli_drop_0_25,reruns\grid_density\scenarios\cv\known_visit_grid25_targets10_trials50.csv,3,10,7,24.550767344430643,24.550767344430643,01,01,1,0,True,completed
45,known_visit,PI,bernoulli,drop_0.25,25,625,3,10,pi_g25_d220_bernoulli_drop_0_25,reruns\grid_density\scenarios\cv\known_visit_grid25_targets10_trials50.csv,4,23,20,44.673475756643974,44.673475756643974,02,02,1,0,True,completed
45,known_visit,PI,bernoulli,drop_0.25,25,625,3,10,pi_g25_d220_bernoulli_drop_0_25,reruns\grid_density\scenarios\cv\known_visit_grid25_targets10_trials50.csv,5,2,9,7.256690438116888,7.256690438116888,01,01,2,1,True,completed
45,known_visit,PI,bernoulli,drop_0.25,25,625,3,10,pi_g25_d220_bernoulli_drop_0_25,reruns\grid_density\scenarios\cv\known_visit_grid25_targets10_trials50.csv,6,20,8,43.37208822997621,43.37208822997621,01,01,1,0,True,completed
45,known_visit,PI,bernoulli,drop_0.25,25,625,3,10,pi_g25_d220_bernoulli_drop_0_25,reruns\grid_density\scenarios\cv\known_visit_grid25_targets10_trials50.csv,7,19,12,51.982270745906966,51.982270745906966,00,00,1,0,True,completed
45,known_visit,PI,bernoulli,drop_0.25,25,625,3,10,pi_g25_d220_bernoulli_drop_0_25,reruns\grid_density\scenarios\cv\known_visit_grid25_targets10_trials50.csv,8,19,10,55.715258015615284,55.715258015615284,00,00,1,0,True,completed
45,known_visit,PI,bernoulli,drop_0.25,25,625,3,10,pi_g25_d220_bernoulli_drop_0_25,reruns\grid_density\scenarios\cv\known_visit_grid25_targets10_trials50.csv,9,2,22,5.55013443846294,5.55013443846294,02,02,1,0,True,completed
45,known_visit,PI,bernoulli,drop_0.25,25,625,3,10,pi_g25_d220_bernoulli_drop_0_25,reruns\grid_density\scenarios\cv\known_visit_grid25_targets10_trials50.csv,10,3,21,9.250569116924439,9.250569116924439,02,02,1,0,True,completed
46,known_visit,PI,bernoulli,drop_0.25,25,625,3,10,pi_g25_d220_bernoulli_drop_0_25,reruns\grid_density\scenarios\cv\known_visit_grid25_targets10_trials50.csv,1,9,6,24.60602787013339,24.60602787013339,00,00,1,0,True,completed
46,known_visit,PI,bernoulli,drop_0.25,25,625,3,10,pi_g25_d220_bernoulli_drop_0_25,reruns\grid_density\scenarios\cv\known_visit_grid25_targets10_trials50.csv,2,14,5,35.300672972998726,35.300672972998726,00,00,1,0,True,completed
46,known_visit,PI,bernoulli,drop_0.25,25,625,3,10,pi_g25_d220_bernoulli_drop_0_25,reruns\grid_density\scenarios\cv\known_visit_grid25_targets10_trials50.csv,3,17,10,56.16240456833441,56.16240456833441,01,01,1,0,True,completed
46,known_visit,PI,bernoulli,drop_0.25,25,625,3,10,pi_g25_d220_bernoulli_drop_0_25,reruns\grid_density\scenarios\cv\known_visit_grid25_targets10_trials50.csv,4,10,17,28.021611271088737,28.021611271088737,01,01,2,1,True,completed
46,known_visit,PI,bernoulli,drop_0.25,25,625,3,10,pi_g25_d220_bernoulli_drop_0_25,reruns\grid_density\scenarios\cv\known_visit_grid25_targets10_trials50.csv,5,19,6,56.701357579126544,56.701357579126544,00,00,1,0,True,completed
46,known_visit,PI,bernoulli,drop_0.25,25,625,3,10,pi_g25_d220_bernoulli_drop_0_25,reruns\grid_density\scenarios\cv\known_visit_grid25_targets10_trials50.csv,6,11,15,22.57685093466799,22.57685093466799,01,01,1,0,True,completed
46,known_visit,PI,bernoulli,drop_0.25,25,625,3,10,pi_g25_d220_bernoulli_drop_0_25,reruns\grid_density\scenarios\cv\known_visit_grid25_targets10_trials50.csv,7,15,5,47.879224477234075,47.879224477234075,00,00,1,0,True,completed
46,known_visit,PI,bernoulli,drop_0.25,25,625,3,10,pi_g25_d220_bernoulli_drop_0_25,reruns\grid_density\scenarios\cv\known_visit_grid25_targets10_trials50.csv,8,23,14,73.49409960237065,73.49409960237065,01,01,1,0,True,completed
46,known_visit,PI,bernoulli,drop_0.25,25,625,3,10,pi_g25_d220_bernoulli_drop_0_25,reruns\grid_density\scenarios\cv\known_visit_grid25_targets10_trials50.csv,9,14,2,40.33065879671498,40.33065879671498,00,00,1,0,True,completed
46,known_visit,PI,bernoulli,drop_0.25,25,625,3,10,pi_g25_d220_bernoulli_drop_0_25,reruns\grid_density\scenarios\cv\known_visit_grid25_targets10_trials50.csv,10,22,19,69.81140226585164,69.81140226585164,02,02,1,0,True,completed
47,known_visit,PI,bernoulli,drop_0.25,25,625,3,10,pi_g25_d220_bernoulli_drop_0_25,reruns\grid_density\scenarios\cv\known_visit_grid25_targets10_trials50.csv,1,24,21,70.09147948895672,70.09147948895672,02,02,1,0,True,completed
47,known_visit,PI,bernoulli,drop_0.25,25,625,3,10,pi_g25_d220_bernoulli_drop_0_25,reruns\grid_density\scenarios\cv\known_visit_grid25_targets10_trials50.csv,2,19,12,72.67532520229355,72.67532520229355,01,01,1,0,True,completed
47,known_visit,PI,bernoulli,drop_0.25,25,625,3,10,pi_g25_d220_bernoulli_drop_0_25,reruns\grid_density\scenarios\cv\known_visit_grid25_targets10_trials50.csv,3,8,23,14.144690175011537,14.144690175011537,02,02,1,0,True,completed
47,known_visit,PI,bernoulli,drop_0.25,25,625,3,10,pi_g25_d220_bernoulli_drop_0_25,reruns\grid_density\scenarios\cv\known_visit_grid25_targets10_trials50.csv,4,16,24,36.82043153894284,36.82043153894284,02,02,1,0,True,completed
47,known_visit,PI,bernoulli,drop_0.25,25,625,3,10,pi_g25_d220_bernoulli_drop_0_25,reruns\grid_density\scenarios\cv\known_visit_grid25_targets10_trials50.csv,5,15,4,31.11622144774748,31.11622144774748,00,00,1,0,True,completed
47,known_visit,PI,bernoulli,drop_0.25,25,625,3,10,pi_g25_d220_bernoulli_drop_0_25,reruns\grid_density\scenarios\cv\known_visit_grid25_targets10_trials50.csv,6,9,0,13.808975341953479,13.808975341953479,00,00,2,1,True,completed
47,known_visit,PI,bernoulli,drop_0.25,25,625,3,10,pi_g25_d220_bernoulli_drop_0_25,reruns\grid_density\scenarios\cv\known_visit_grid25_targets10_trials50.csv,7,13,4,27.294506740192617,27.294506740192617,00,00,1,0,True,completed
47,known_visit,PI,bernoulli,drop_0.25,25,625,3,10,pi_g25_d220_bernoulli_drop_0_25,reruns\grid_density\scenarios\cv\known_visit_grid25_targets10_trials50.csv,8,12,21,24.790257344626866,24.790257344626866,02,02,2,1,True,completed
47,known_visit,PI,bernoulli,drop_0.25,25,625,3,10,pi_g25_d220_bernoulli_drop_0_25,reruns\grid_density\scenarios\cv\known_visit_grid25_targets10_trials50.csv,9,14,15,51.90170014129858,51.90170014129858,00,00,1,0,True,completed
47,known_visit,PI,bernoulli,drop_0.25,25,625,3,10,pi_g25_d220_bernoulli_drop_0_25,reruns\grid_density\scenarios\cv\known_visit_grid25_targets10_trials50.csv,10,8,7,20.971623230180356,20.971623230180356,01,01,1,0,True,completed
48,known_visit,PI,bernoulli,drop_0.25,25,625,3,10,pi_g25_d220_bernoulli_drop_0_25,reruns\grid_density\scenarios\cv\known_visit_grid25_targets10_trials50.csv,1,15,1,68.00270652941855,68.00270652941855,00,00,1,0,True,completed
48,known_visit,PI,bernoulli,drop_0.25,25,625,3,10,pi_g25_d220_bernoulli_drop_0_25,reruns\grid_density\scenarios\cv\known_visit_grid25_targets10_trials50.csv,2,24,12,73.55991543914048,73.55991543914048,01,01,1,0,True,completed
48,known_visit,PI,bernoulli,drop_0.25,25,625,3,10,pi_g25_d220_bernoulli_drop_0_25,reruns\grid_density\scenarios\cv\known_visit_grid25_targets10_trials50.csv,3,22,14,53.85230762321863,53.85230762321863,02,02,1,0,True,completed
48,known_visit,PI,bernoulli,drop_0.25,25,625,3,10,pi_g25_d220_bernoulli_drop_0_25,reruns\grid_density\scenarios\cv\known_visit_grid25_targets10_trials50.csv,4,1,6,10.901984317565335,10.901984317565335,01,01,2,1,True,completed
48,known_visit,PI,bernoulli,drop_0.25,25,625,3,10,pi_g25_d220_bernoulli_drop_0_25,reruns\grid_density\scenarios\cv\known_visit_grid25_targets10_trials50.csv,5,23,6,69.37041146040137,69.37041146040137,02,02,1,0,True,completed
48,known_visit,PI,bernoulli,drop_0.25,25,625,3,10,pi_g25_d220_bernoulli_drop_0_25,reruns\grid_density\scenarios\cv\known_visit_grid25_targets10_trials50.csv,6,3,2,7.090165683018864,7.090165683018864,00,00,1,0,True,completed
48,known_visit,PI,bernoulli,drop_0.25,25,625,3,10,pi_g25_d220_bernoulli_drop_0_25,reruns\grid_density\scenarios\cv\known_visit_grid25_targets10_trials50.csv,7,19,21,36.34984599362911,36.34984599362911,02,02,1,0,True,completed
48,known_visit,PI,bernoulli,drop_0.25,25,625,3,10,pi_g25_d220_bernoulli_drop_0_25,reruns\grid_density\scenarios\cv\known_visit_grid25_targets10_trials50.csv,8,14,12,55.89154153041363,55.89154153041363,01,01,1,0,True,completed
48,known_visit,PI,bernoulli,drop_0.25,25,625,3,10,pi_g25_d220_bernoulli_drop_0_25,reruns\grid_density\scenarios\cv\known_visit_grid25_targets10_trials50.csv,9,9,9,41.6191596892147,41.6191596892147,01,01,1,0,True,completed
48,known_visit,PI,bernoulli,drop_0.25,25,625,3,10,pi_g25_d220_bernoulli_drop_0_25,reruns\grid_density\scenarios\cv\known_visit_grid25_targets10_trials50.csv,10,20,17,44.99150060122173,44.99150060122173,02,02,1,0,True,completed
49,known_visit,PI,bernoulli,drop_0.25,25,625,3,10,pi_g25_d220_bernoulli_drop_0_25,reruns\grid_density\scenarios\cv\known_visit_grid25_targets10_trials50.csv,1,3,12,3.473727369155044,3.473727369155044,01,01,1,0,True,completed
49,known_visit,PI,bernoulli,drop_0.25,25,625,3,10,pi_g25_d220_bernoulli_drop_0_25,reruns\grid_density\scenarios\cv\known_visit_grid25_targets10_trials50.csv,2,23,14,59.2429201205882,59.2429201205882,02,02,1,0,True,completed
49,known_visit,PI,bernoulli,drop_0.25,25,625,3,10,pi_g25_d220_bernoulli_drop_0_25,reruns\grid_density\scenarios\cv\known_visit_grid25_targets10_trials50.csv,3,12,1,20.780394747932714,20.780394747932714,00,00,1,0,True,completed
49,known_visit,PI,bernoulli,drop_0.25,25,625,3,10,pi_g25_d220_bernoulli_drop_0_25,reruns\grid_density\scenarios\cv\known_visit_grid25_targets10_trials50.csv,4,5,11,8.769793795243228,8.769793795243228,01,01,1,0,True,completed
49,known_visit,PI,bernoulli,drop_0.25,25,625,3,10,pi_g25_d220_bernoulli_drop_0_25,reruns\grid_density\scenarios\cv\known_visit_grid25_targets10_trials50.csv,5,20,3,38.610151665743366,38.610151665743366,00,00,2,1,True,completed
49,known_visit,PI,bernoulli,drop_0.25,25,625,3,10,pi_g25_d220_bernoulli_drop_0_25,reruns\grid_density\scenarios\cv\known_visit_grid25_targets10_trials50.csv,6,14,1,24.611311466840625,24.611311466840625,00,00,1,0,True,completed
49,known_visit,PI,bernoulli,drop_0.25,25,625,3,10,pi_g25_d220_bernoulli_drop_0_25,reruns\grid_density\scenarios\cv\known_visit_grid25_targets10_trials50.csv,7,22,13,59.43027541803438,59.43027541803438,00,00,1,0,True,completed
49,known_visit,PI,bernoulli,drop_0.25,25,625,3,10,pi_g25_d220_bernoulli_drop_0_25,reruns\grid_density\scenarios\cv\known_visit_grid25_targets10_trials50.csv,8,15,16,41.547298266508584,41.547298266508584,02,02,1,0,True,completed
49,known_visit,PI,bernoulli,drop_0.25,25,625,3,10,pi_g25_d220_bernoulli_drop_0_25,reruns\grid_density\scenarios\cv\known_visit_grid25_targets10_trials50.csv,9,16,22,29.27394075887205,29.27394075887205,02,02,1,0,True,completed
49,known_visit,PI,bernoulli,drop_0.25,25,625,3,10,pi_g25_d220_bernoulli_drop_0_25,reruns\grid_density\scenarios\cv\known_visit_grid25_targets10_trials50.csv,10,14,3,28.4312074488861,28.4312074488861,00,00,2,1,True,completed
